<?xml version="1.0" encoding="utf-8"?>
<COLLADA xmlns="http://www.collada.org/2005/11/COLLADASchema" version="1.4.1" xmlns:xsi="http://www.w3.org/2001/XMLSchema-instance">
  <asset>
    <contributor>
      <author>Blender User</author>
      <authoring_tool>Blender 4.2.22 LTS commit date:2026-06-22, commit time:11:10, hash:88937221abfc</authoring_tool>
    </contributor>
    <created>2026-08-07T15:00:10</created>
    <modified>2026-08-07T15:00:10</modified>
    <unit name="meter" meter="1"/>
    <up_axis>Z_UP</up_axis>
  </asset>
  <library_images/>
  <library_geometries>
    <geometry id="Leg_A_007-mesh" name="Leg_A.007">
      <mesh>
        <source id="Leg_A_007-mesh-positions">
          <float_array id="Leg_A_007-mesh-positions-array" count="16743">0.001048147 -0.007109224 0.002420723 0.001048147 -0.007109224 0.002420723 0.001048147 -0.007109224 0.002420723 0.001048147 -0.007109224 0.002420723 0.00155282 -0.002123713 0.002467453 0.00155282 -0.002123713 0.002467453 0.00155282 -0.002123713 0.002467453 0.001032829 -0.00677371 0.00242418 0.001032829 -0.00677371 0.00242418 0.001032829 -0.00677371 0.00242418 0.001032829 -0.00677371 0.00242418 6.39197e-4 0.002499341 0.002520799 6.39197e-4 0.002499341 0.002520799 6.39197e-4 0.002499341 0.002520799 3.84615e-4 0.005462169 0.002552628 3.84615e-4 0.005462169 0.002552628 3.84615e-4 0.005462169 0.002552628 1.91326e-4 0.002568781 0.002524733 1.91326e-4 0.002568781 0.002524733 1.91326e-4 0.002568781 0.002524733 1.91326e-4 0.002568781 0.002524733 0.002515017 6.99295e-4 0.00248903 0.002515017 6.99295e-4 0.00248903 0.002515017 6.99295e-4 0.00248903 0.005894541 5.1989e-4 0.002462804 0.005894541 5.1989e-4 0.002462804 0.005894541 5.1989e-4 0.002462804 0.005894541 5.1989e-4 0.002462804 0.006147325 7.41058e-4 0.002463221 0.006147325 7.41058e-4 0.002463221 0.006147325 7.41058e-4 0.002463221 7.83977e-4 -0.006154358 0.002432286 7.83977e-4 -0.006154358 0.002432286 7.83977e-4 -0.006154358 0.002432286 -1.55239e-4 -0.002619385 0.002474784 -1.55239e-4 -0.002619385 0.002474784 -1.55239e-4 -0.002619385 0.002474784 5.62806e-4 -0.005901575 0.002436399 5.62806e-4 -0.005901575 0.002436399 5.62806e-4 -0.005901575 0.002436399 2.90982e-4 -0.005704343 0.002440392 2.90982e-4 -0.005704343 0.002440392 2.90982e-4 -0.005704343 0.002440392 2.90982e-4 -0.005704343 0.002440392 -1.79658e-5 -0.005572557 0.002443969 -1.79658e-5 -0.005572557 0.002443969 -1.79658e-5 -0.005572557 0.002443969 -1.79658e-5 -0.005572557 0.002443969 -3.48486e-4 -0.005512773 0.002446949 -3.48486e-4 -0.005512773 0.002446949 -3.48486e-4 -0.005512773 0.002446949 -3.48486e-4 -0.005512773 0.002446949 -2.61741e-4 0.002559423 0.002527952 -2.61741e-4 0.002559423 0.002527952 -2.61741e-4 0.002559423 0.002527952 -0.005574345 0.001000046 0.002550542 -0.005574345 0.001000046 0.002550542 -0.005574345 0.001000046 0.002550542 -0.005484819 6.76399e-4 0.002546668 -0.005484819 6.76399e-4 0.002546668 -0.005484819 6.76399e-4 0.002546668 -0.002506554 5.95634e-4 0.002524316 -0.002506554 5.95634e-4 0.002524316 -0.002506554 5.95634e-4 0.002524316 -0.001556217 -0.005998194 0.002450764 -0.001556217 -0.005998194 0.002450764 -0.001556217 -0.005998194 0.002450764 -0.001303374 -0.005777001 0.002451181 -0.001303374 -0.005777001 0.002451181 -0.001303374 -0.005777001 0.002451181 -0.001007735 -0.005617678 0.002450644 -0.001007735 -0.005617678 0.002450644 -0.001007735 -0.005617678 0.002450644 -6.84038e-4 -0.005528092 0.002449214 -6.84038e-4 -0.005528092 0.002449214 -6.84038e-4 -0.005528092 0.002449214 -0.00706613 -0.001055836 0.002540588 -0.00706613 -0.001055836 0.002540588 -0.00706613 -0.001055836 0.002540588 -0.00706613 -0.001055836 0.002540588 -0.00168091 -0.007864415 0.002432823 -0.00168091 -0.007864415 0.002432823 -0.00168091 -0.007864415 0.002432823 -0.00168091 -0.007864415 0.002432823 -0.001840233 -0.007568717 0.002436935 -0.001840233 -0.007568717 0.002436935 -0.001840233 -0.007568717 0.002436935 -0.001929759 -0.007245063 0.002440869 -0.001929759 -0.007245063 0.002440869 -0.001929759 -0.007245063 0.002440869 -0.001945018 -0.006909489 0.002444386 -0.001945018 -0.006909489 0.002444386 -0.001945018 -0.006909489 0.002444386 -0.001782119 -0.001901209 0.002493798 -0.001782119 -0.001901209 0.002493798 -0.001782119 -0.001901209 0.002493798 -0.0020805 -0.001560151 0.002499401 -0.0020805 -0.001560151 0.002499401 -0.0020805 -0.001560151 0.002499401 -0.0020805 -0.001560151 0.002499401 -0.006730616 -0.001040518 0.002538263 -0.006730616 -0.001040518 0.002538263 -0.006730616 -0.001040518 0.002538263 0.007590413 0.01072752 0.002553761 0.007590413 0.01072752 0.002553761 0.007590413 0.01072752 0.002553761 5.84585e-4 0.008455395 0.002581417 5.84585e-4 0.008455395 0.002581417 5.84585e-4 0.008455395 0.002581417 5.84585e-4 0.008455395 0.002581417 9.15105e-4 0.008395671 0.002578437 9.15105e-4 0.008395671 0.002578437 9.15105e-4 0.008395671 0.002578437 0.001223981 0.008263826 0.002574861 0.001223981 0.008263826 0.002574861 0.001223981 0.008263826 0.002574861 0.001223981 0.008263826 0.002574861 0.001495897 0.008066654 0.002570927 0.001495897 0.008066654 0.002570927 0.001495897 0.008066654 0.002570927 0.001495897 0.008066654 0.002570927 0.001717031 0.00781387 0.002566754 0.001717031 0.00781387 0.002566754 0.001717031 0.00781387 0.002566754 0.001717031 0.00781387 0.002566754 0.007102251 0.001005232 0.002458989 0.007102251 0.001005232 0.002458989 0.007102251 0.001005232 0.002458989 0.008025109 0.01037335 0.002547025 0.008025109 0.01037335 0.002547025 0.008025109 0.01037335 0.002547025 0.008025109 0.01037335 0.002547025 -0.006056904 0.0116381 0.002661645 -0.006056904 0.0116381 0.002661645 -0.006056904 0.0116381 0.002661645 -0.006534814 0.01134485 0.002662122 -0.006534814 0.01134485 0.002662122 -0.006534814 0.01134485 0.002662122 -0.006866157 0.00193727 0.002569377 -0.006866157 0.00193727 0.002569377 -0.006866157 0.00193727 0.002569377 -0.006866157 0.00193727 0.002569377 -6.23156e-4 0.007969975 0.002585232 -6.23156e-4 0.007969975 0.002585232 -6.23156e-4 0.007969975 0.002585232 -3.70389e-4 0.008191168 0.002585649 -3.70389e-4 0.008191168 0.002585649 -3.70389e-4 0.008191168 0.002585649 -7.46817e-5 0.008350491 0.002585113 -7.46817e-5 0.008350491 0.002585113 -7.46817e-5 0.008350491 0.002585113 2.49032e-4 0.008440077 0.002583682 2.49032e-4 0.008440077 0.002583682 2.49032e-4 0.008440077 0.002583682 9.43318e-4 -0.006449997 0.002428114 9.43318e-4 -0.006449997 0.002428114 9.43318e-4 -0.006449997 0.002428114 0.001165032 -0.002358376 0.00246787 0.001165032 -0.002358376 0.00246787 0.001165032 -0.002358376 0.00246787 7.42482e-4 -0.00252211 0.002469301 7.42482e-4 -0.00252211 0.002469301 7.42482e-4 -0.00252211 0.002469301 7.42482e-4 -0.00252211 0.002469301 2.97911e-4 -0.002609968 0.002471625 2.97911e-4 -0.002609968 0.002471625 2.97911e-4 -0.002609968 0.002471625 0.01283633 -0.02192628 0.002185702 0.01283633 -0.02192628 0.002185702 0.01283633 -0.02192628 0.002185702 0.01283633 -0.02192628 0.002185702 0.008483648 -2.55623e-4 0.00243628 0.008483648 -2.55623e-4 0.00243628 0.008483648 -2.55623e-4 0.00243628 0.008498907 -5.91157e-4 0.002432763 0.008498907 -5.91157e-4 0.002432763 0.008498907 -5.91157e-4 0.002432763 0.008439183 -9.21677e-4 0.002429842 0.008439183 -9.21677e-4 0.002429842 0.008439183 -9.21677e-4 0.002429842 0.008307337 -0.001230597 0.002427697 0.008307337 -0.001230597 0.002427697 0.008307337 -0.001230597 0.002427697 0.008110105 -0.001502454 0.002426326 0.008110105 -0.001502454 0.002426326 0.008110105 -0.001502454 0.002426326 0.007857263 -0.001723647 0.002425968 0.007857263 -0.001723647 0.002425968 0.007857263 -0.001723647 0.002425968 0.007857263 -0.001723647 0.002425968 0.007561564 -0.00188297 0.002426445 0.007561564 -0.00188297 0.002426445 0.007561564 -0.00188297 0.002426445 0.007561564 -0.00188297 0.002426445 0.007237851 -0.001972556 0.002427875 0.007237851 -0.001972556 0.002427875 0.007237851 -0.001972556 0.002427875 0.006902337 -0.001987874 0.00243014 0.006902337 -0.001987874 0.00243014 0.006902337 -0.001987874 0.00243014 0.001893877 -0.001825332 0.002467989 0.001893877 -0.001825332 0.002467989 0.001893877 -0.001825332 0.002467989 0.001893877 -0.001825332 0.002467989 9.88402e-4 -0.007439732 0.002417802 9.88402e-4 -0.007439732 0.002417802 9.88402e-4 -0.007439732 0.002417802 8.56574e-4 -0.007748663 0.002415597 8.56574e-4 -0.007748663 0.002415597 8.56574e-4 -0.007748663 0.002415597 6.59326e-4 -0.008020579 0.002414286 6.59326e-4 -0.008020579 0.002414286 6.59326e-4 -0.008020579 0.002414286 4.06476e-4 -0.008241713 0.002413868 4.06476e-4 -0.008241713 0.002413868 4.06476e-4 -0.008241713 0.002413868 1.1081e-4 -0.008401095 0.002414405 1.1081e-4 -0.008401095 0.002414405 1.1081e-4 -0.008401095 0.002414405 -2.12904e-4 -0.008490681 0.002415835 -2.12904e-4 -0.008490681 0.002415835 -2.12904e-4 -0.008490681 0.002415835 -5.48415e-4 -0.008506 0.0024181 -5.48415e-4 -0.008506 0.0024181 -5.48415e-4 -0.008506 0.0024181 -8.78976e-4 -0.008446216 0.00242114 -8.78976e-4 -0.008446216 0.00242114 -8.78976e-4 -0.008446216 0.00242114 -0.00118792 -0.00831443 0.002424657 -0.00118792 -0.00831443 0.002424657 -0.00118792 -0.00831443 0.002424657 -0.001459717 -0.008117198 0.00242865 -0.001459717 -0.008117198 0.00242865 -0.001459717 -0.008117198 0.00242865 -0.01559942 -0.02002894 0.002410411 -0.01559942 -0.02002894 0.002410411 -0.01559942 -0.02002894 0.002410411 -0.01559942 -0.02002894 0.002410411 -0.01559942 -0.02002894 0.002410411 -0.01559942 -0.02002894 0.002410411 -0.01559942 -0.02002894 0.002410411 -0.01559942 -0.02002894 0.002410411 -0.007396638 -9.96125e-4 0.002543568 -0.007396638 -9.96125e-4 0.002543568 -0.007396638 -9.96125e-4 0.002543568 -0.007396638 -9.96125e-4 0.002543568 -0.007705569 -8.64335e-4 0.002547144 -0.007705569 -8.64335e-4 0.002547144 -0.007705569 -8.64335e-4 0.002547144 -0.007977485 -6.671e-4 0.002551078 -0.007977485 -6.671e-4 0.002551078 -0.007977485 -6.671e-4 0.002551078 -0.008198618 -4.14315e-4 0.002555251 -0.008198618 -4.14315e-4 0.002555251 -0.008198618 -4.14315e-4 0.002555251 -0.008357942 -1.1866e-4 0.002559363 -0.008357942 -1.1866e-4 0.002559363 -0.008357942 -1.1866e-4 0.002559363 -0.008447527 2.05047e-4 0.002563297 -0.008447527 2.05047e-4 0.002563297 -0.008447527 2.05047e-4 0.002563297 -0.008462786 5.40581e-4 0.002566814 -0.008462786 5.40581e-4 0.002566814 -0.008462786 5.40581e-4 0.002566814 -0.008462786 5.40581e-4 0.002566814 -0.008403003 8.71101e-4 0.002569735 -0.008403003 8.71101e-4 0.002569735 -0.008403003 8.71101e-4 0.002569735 -0.008403003 8.71101e-4 0.002569735 -0.001753509 -0.006270051 0.002449452 -0.001753509 -0.006270051 0.002449452 -0.001753509 -0.006270051 0.002449452 -6.03027e-4 -0.002549886 0.002478718 -6.03027e-4 -0.002549886 0.002478718 -6.03027e-4 -0.002549886 0.002478718 -6.03027e-4 -0.002549886 0.002478718 -0.001031994 -0.002403736 0.002483308 -0.001031994 -0.002403736 0.002483308 -0.001031994 -0.002403736 0.002483308 -0.001429021 -0.002185285 0.002488374 -0.001429021 -0.002185285 0.002488374 -0.001429021 -0.002185285 0.002488374 -0.001885294 -0.006578981 0.002447247 -0.001885294 -0.006578981 0.002447247 -0.001885294 -0.006578981 0.002447247 0.01450264 0.003016948 0.002425849 0.01450264 0.003016948 0.002425849 0.01450264 0.003016948 0.002425849 0.01450264 0.003016948 0.002425849 0.008417308 0.009972751 0.002540171 0.008417308 0.009972751 0.002540171 0.008417308 0.009972751 0.002540171 0.007432818 9.45549e-4 0.002456009 0.007432818 9.45549e-4 0.002456009 0.007432818 9.45549e-4 0.002456009 0.007741749 8.13759e-4 0.002452433 0.007741749 8.13759e-4 0.002452433 0.007741749 8.13759e-4 0.002452433 0.007741749 8.13759e-4 0.002452433 0.008013546 6.16524e-4 0.002448499 0.008013546 6.16524e-4 0.002448499 0.008013546 6.16524e-4 0.002448499 0.008234739 3.63746e-4 0.002444326 0.008234739 3.63746e-4 0.002444326 0.008234739 3.63746e-4 0.002444326 0.008394062 6.80768e-5 0.002440154 0.008394062 6.80768e-5 0.002440154 0.008394062 6.80768e-5 0.002440154 0.001876354 0.007518172 0.002562642 0.001876354 0.007518172 0.002562642 0.001876354 0.007518172 0.002562642 0.001876354 0.007518172 0.002562642 0.001965939 0.007194459 0.002558708 0.001965939 0.007194459 0.002558708 0.001965939 0.007194459 0.002558708 0.001965939 0.007194459 0.002558708 0.001981198 0.006858944 0.002555191 0.001981198 0.006858944 0.002555191 0.001981198 0.006858944 0.002555191 0.001921415 0.006528437 0.00255227 0.001921415 0.006528437 0.00255227 0.001921415 0.006528437 0.00255227 0.001789569 0.006219446 0.002550125 0.001789569 0.006219446 0.002550125 0.001789569 0.006219446 0.002550125 0.001592338 0.005947589 0.002548813 0.001592338 0.005947589 0.002548813 0.001592338 0.005947589 0.002548813 0.001592338 0.005947589 0.002548813 0.001339554 0.005726456 0.002548396 0.001339554 0.005726456 0.002548396 0.001339554 0.005726456 0.002548396 0.001339554 0.005726456 0.002548396 0.001043915 0.005567073 0.002548933 0.001043915 0.005567073 0.002548933 0.001043915 0.005567073 0.002548933 0.001043915 0.005567073 0.002548933 7.20167e-4 0.005477488 0.002550363 7.20167e-4 0.005477488 0.002550363 7.20167e-4 0.005477488 0.002550363 7.20167e-4 0.005477488 0.002550363 0.001068174 0.002353131 0.00251621 0.001068174 0.002353131 0.00251621 0.001068174 0.002353131 0.00251621 0.001465201 0.00213468 0.002511143 0.001465201 0.00213468 0.002511143 0.001465201 0.00213468 0.002511143 0.001818299 0.001850605 0.002505719 0.001818299 0.001850605 0.002505719 0.001818299 0.001850605 0.002505719 0.00211668 0.001509547 0.002500116 0.00211668 0.001509547 0.002500116 0.00211668 0.001509547 0.002500116 0.00711888 0.01103079 0.002560257 0.00711888 0.01103079 0.002560257 0.00711888 0.01103079 0.002560257 0.006616353 0.01127934 0.002566397 0.006616353 0.01127934 0.002566397 0.006616353 0.01127934 0.002566397 0.006089091 0.01147007 0.002572119 0.006089091 0.01147007 0.002572119 0.006089091 0.01147007 0.002572119 0.006089091 0.01147007 0.002572119 0.005543828 0.01160061 0.002577364 0.005543828 0.01160061 0.002577364 0.005543828 0.01160061 0.002577364 0.004987359 0.01166927 0.002582132 0.004987359 0.01166927 0.002582132 0.004987359 0.01166927 0.002582132 0.004987359 0.01166927 0.002582132 -0.003351688 0.01222568 0.002647995 -0.003351688 0.01222568 0.002647995 -0.003351688 0.01222568 0.002647995 -0.003912329 0.01223158 0.002652108 -0.003912329 0.01223158 0.002652108 -0.003912329 0.01223158 0.002652108 -0.004470109 0.01217466 0.002655565 -0.004470109 0.01217466 0.002655565 -0.004470109 0.01217466 0.002655565 -0.005017995 0.01205569 0.002658307 -0.005017995 0.01205569 0.002658307 -0.005017995 0.01205569 0.002658307 -0.005549192 0.01187604 0.002660334 -0.005549192 0.01187604 0.002660334 -0.005549192 0.01187604 0.002660334 -0.005549192 0.01187604 0.002660334 0.002351284 0.001121819 0.002494513 0.002351284 0.001121819 0.002494513 0.002351284 0.001121819 0.002494513 0.002351284 0.001121819 0.002494513 0.006443023 9.00413e-4 0.002462685 0.006443023 9.00413e-4 0.002462685 0.006443023 9.00413e-4 0.002462685 0.006766736 9.89998e-4 0.002461254 0.006766736 9.89998e-4 0.002461254 0.006766736 9.89998e-4 0.002461254 0.006766736 9.89998e-4 0.002461254 0.006571769 -0.00192815 0.00243318 0.006571769 -0.00192815 0.00243318 0.006571769 -0.00192815 0.00243318 0.006571769 -0.00192815 0.00243318 0.006262898 -0.001796305 0.002436757 0.006262898 -0.001796305 0.002436757 0.006262898 -0.001796305 0.002436757 0.006262898 -0.001796305 0.002436757 0.002178013 -0.001472234 0.002469539 0.002178013 -0.001472234 0.002469539 0.002178013 -0.001472234 0.002469539 -0.006535708 0.001877546 0.002566397 -0.006535708 0.001877546 0.002566397 -0.006535708 0.001877546 0.002566397 -0.006535708 0.001877546 0.002566397 -0.002141892 0.00142163 0.002530038 -0.002141892 0.00142163 0.002530038 -0.002141892 0.00142163 0.002530038 -0.001857757 0.001774728 0.002531528 -0.001857757 0.001774728 0.002531528 -0.001857757 0.001774728 0.002531528 -0.00151664 0.002073109 0.002532064 -0.00151664 0.002073109 0.002532064 -0.00151664 0.002073109 0.002532064 -0.001128911 0.002307772 0.002531647 -0.001128911 0.002307772 0.002531647 -0.001128911 0.002307772 0.002531647 -0.001128911 0.002307772 0.002531647 -7.06353e-4 0.002471566 0.002530276 -7.06353e-4 0.002471566 0.002530276 -7.06353e-4 0.002471566 0.002530276 5.41357e-5 0.005521953 0.002555608 5.41357e-5 0.005521953 0.002555608 5.41357e-5 0.005521953 0.002555608 5.41357e-5 0.005521953 0.002555608 -2.54812e-4 0.005653738 0.002559185 -2.54812e-4 0.005653738 0.002559185 -2.54812e-4 0.005653738 0.002559185 -5.26718e-4 0.00585097 0.002563118 -5.26718e-4 0.00585097 0.002563118 -5.26718e-4 0.00585097 0.002563118 -5.26718e-4 0.00585097 0.002563118 -7.47808e-4 0.006103754 0.002567291 -7.47808e-4 0.006103754 0.002567291 -7.47808e-4 0.006103754 0.002567291 -7.47808e-4 0.006103754 0.002567291 -9.0719e-4 0.006399393 0.002571403 -9.0719e-4 0.006399393 0.002571403 -9.0719e-4 0.006399393 0.002571403 -9.0719e-4 0.006399393 0.002571403 -9.96739e-4 0.006723165 0.002575337 -9.96739e-4 0.006723165 0.002575337 -9.96739e-4 0.006723165 0.002575337 -9.96739e-4 0.006723165 0.002575337 -0.001012027 0.00705868 0.002578854 -0.001012027 0.00705868 0.002578854 -0.001012027 0.00705868 0.002578854 -9.52232e-4 0.007389187 0.002581775 -9.52232e-4 0.007389187 0.002581775 -9.52232e-4 0.007389187 0.002581775 -8.20445e-4 0.007698118 0.00258392 -8.20445e-4 0.007698118 0.00258392 -8.20445e-4 0.007698118 0.00258392 -0.0139333 0.004914283 0.002650558 -0.0139333 0.004914283 0.002650558 -0.0139333 0.004914283 0.002650558 -0.0139333 0.004914283 0.002650558 -0.0139333 0.004914283 0.002650558 -0.0139333 0.004914283 0.002650558 -0.0139333 0.004914283 0.002650558 -0.008271217 0.001179993 0.00257188 -0.008271217 0.001179993 0.00257188 -0.008271217 0.001179993 0.00257188 -0.008073925 0.001451849 0.002573192 -0.008073925 0.001451849 0.002573192 -0.008073925 0.001451849 0.002573192 -0.008073925 0.001451849 0.002573192 -0.007821142 0.001673042 0.002573609 -0.007821142 0.001673042 0.002573609 -0.007821142 0.001673042 0.002573609 -0.007525503 0.001832425 0.002573072 -0.007525503 0.001832425 0.002573072 -0.007525503 0.001832425 0.002573072 -0.007201731 0.001922011 0.002571642 -0.007201731 0.001922011 0.002571642 -0.007201731 0.001922011 0.002571642 -0.007201731 0.001922011 0.002571642 -0.006976842 0.01099991 0.002661824 -0.006976842 0.01099991 0.002661824 -0.006976842 0.01099991 0.002661824 -0.006976842 0.01099991 0.002661824 0.00569725 2.48031e-4 0.002461493 0.00569725 2.48031e-4 0.002461493 0.00569725 2.48031e-4 0.002461493 0.00569725 2.48031e-4 0.002461493 0.002602875 2.54715e-4 0.002483904 0.002602875 2.54715e-4 0.002483904 0.002602875 2.54715e-4 0.002483904 0.005565404 -6.09135e-5 0.002459347 0.005565404 -6.09135e-5 0.002459347 0.005565404 -6.09135e-5 0.002459347 0.005505681 -3.91442e-4 0.002456426 0.005505681 -3.91442e-4 0.002456426 0.005505681 -3.91442e-4 0.002456426 0.002612233 -1.9838e-4 0.002479255 0.002612233 -1.9838e-4 0.002479255 0.002612233 -1.9838e-4 0.002479255 0.002612233 -1.9838e-4 0.002479255 0.005520939 -7.26967e-4 0.002452909 0.005520939 -7.26967e-4 0.002452909 0.005520939 -7.26967e-4 0.002452909 0.002542674 -6.4621e-4 0.002475261 0.002542674 -6.4621e-4 0.002475261 0.002542674 -6.4621e-4 0.002475261 0.005610525 -0.001050651 0.002448976 0.005610525 -0.001050651 0.002448976 0.005610525 -0.001050651 0.002448976 0.005610525 -0.001050651 0.002448976 0.002396523 -0.001075148 0.002471983 0.002396523 -0.001075148 0.002471983 0.002396523 -0.001075148 0.002471983 0.005769848 -0.00134629 0.002444863 0.005769848 -0.00134629 0.002444863 0.005769848 -0.00134629 0.002444863 0.005769848 -0.00134629 0.002444863 0.005990982 -0.001599073 0.00244069 0.005990982 -0.001599073 0.00244069 0.005990982 -0.001599073 0.00244069 -0.005954861 0.001548528 0.002558887 -0.005954861 0.001548528 0.002558887 -0.005954861 0.001548528 0.002558887 -0.002360343 0.001024544 0.002527594 -0.002360343 0.001024544 0.002527594 -0.002360343 0.001024544 0.002527594 -0.006226718 0.00174576 0.00256282 -0.006226718 0.00174576 0.00256282 -0.006226718 0.00174576 0.00256282 -0.005733728 0.001295745 0.002554714 -0.005733728 0.001295745 0.002554714 -0.005733728 0.001295745 0.002554714 -0.005733728 0.001295745 0.002554714 -0.002576053 1.47804e-4 0.002520263 -0.002576053 1.47804e-4 0.002520263 -0.002576053 1.47804e-4 0.002520263 -0.005469501 3.40873e-4 0.002543151 -0.005469501 3.40873e-4 0.002543151 -0.005469501 3.40873e-4 0.002543151 -0.002566754 -3.05291e-4 0.002515614 -0.002566754 -3.05291e-4 0.002515614 -0.002566754 -3.05291e-4 0.002515614 -0.005529344 1.03451e-5 0.00254023 -0.005529344 1.03451e-5 0.00254023 -0.005529344 1.03451e-5 0.00254023 -0.005529344 1.03451e-5 0.00254023 -0.002478897 -7.49871e-4 0.002510488 -0.002478897 -7.49871e-4 0.002510488 -0.002478897 -7.49871e-4 0.002510488 -0.005661129 -2.98592e-4 0.002538084 -0.005661129 -2.98592e-4 0.002538084 -0.005661129 -2.98592e-4 0.002538084 -0.005661129 -2.98592e-4 0.002538084 -0.005858421 -5.70458e-4 0.002536714 -0.005858421 -5.70458e-4 0.002536714 -0.005858421 -5.70458e-4 0.002536714 -0.005858421 -5.70458e-4 0.002536714 -0.002315104 -0.001172423 0.002505064 -0.002315104 -0.001172423 0.002505064 -0.002315104 -0.001172423 0.002505064 -0.002315104 -0.001172423 0.002505064 -0.006111145 -7.91634e-4 0.002536356 -0.006111145 -7.91634e-4 0.002536356 -0.006111145 -7.91634e-4 0.002536356 -0.006111145 -7.91634e-4 0.002536356 -0.006406903 -9.5099e-4 0.002536833 -0.006406903 -9.5099e-4 0.002536833 -0.006406903 -9.5099e-4 0.002536833 0.004542291 -0.03520405 -0.002888977 0.004542291 -0.03520405 -0.002888977 0.004542291 -0.03520405 -0.002888977 0.004410445 -0.03551298 -0.002891123 0.004410445 -0.03551298 -0.002891123 0.004410445 -0.03551298 -0.002891123 0.004410445 -0.03551298 -0.002891123 -5.84548e-4 -0.008455395 -0.002581417 -5.84548e-4 -0.008455395 -0.002581417 -5.84548e-4 -0.008455395 -0.002581417 0.004350721 -0.03584355 -0.002894043 0.004350721 -0.03584355 -0.002894043 0.004350721 -0.03584355 -0.002894043 -0.001965939 -0.007194519 -0.002558708 -0.001965939 -0.007194519 -0.002558708 -0.001965939 -0.007194519 -0.002558708 -0.007102251 -0.001005291 -0.002458989 -0.007102251 -0.001005291 -0.002458989 -0.007102251 -0.001005291 -0.002458989 -0.007102251 -0.001005291 -0.002458989 -0.001981198 -0.006858944 -0.002555191 -0.001981198 -0.006858944 -0.002555191 -0.001981198 -0.006858944 -0.002555191 1.55193e-4 0.002619326 -0.002474784 1.55193e-4 0.002619326 -0.002474784 1.55193e-4 0.002619326 -0.002474784 3.48481e-4 0.005512773 -0.002446949 3.48481e-4 0.005512773 -0.002446949 3.48481e-4 0.005512773 -0.002446949 3.48481e-4 0.005512773 -0.002446949 6.03064e-4 0.002549886 -0.002478718 6.03064e-4 0.002549886 -0.002478718 6.03064e-4 0.002549886 -0.002478718 6.03064e-4 0.002549886 -0.002478718 0.006111204 7.91595e-4 -0.002536356 0.006111204 7.91595e-4 -0.002536356 0.006111204 7.91595e-4 -0.002536356 0.006111204 7.91595e-4 -0.002536356 0.005858361 5.70442e-4 -0.002536714 0.005858361 5.70442e-4 -0.002536714 0.005858361 5.70442e-4 -0.002536714 0.005858361 5.70442e-4 -0.002536714 0.002478897 7.49855e-4 -0.002510488 0.002478897 7.49855e-4 -0.002510488 0.002478897 7.49855e-4 -0.002510488 0.002478897 7.49855e-4 -0.002510488 2.54848e-4 -0.005653738 -0.002559185 2.54848e-4 -0.005653738 -0.002559185 2.54848e-4 -0.005653738 -0.002559185 2.54848e-4 -0.005653738 -0.002559185 -1.91372e-4 -0.002568781 -0.002524733 -1.91372e-4 -0.002568781 -0.002524733 -1.91372e-4 -0.002568781 -0.002524733 5.26672e-4 -0.00585103 -0.002563118 5.26672e-4 -0.00585103 -0.002563118 5.26672e-4 -0.00585103 -0.002563118 5.26672e-4 -0.00585103 -0.002563118 -5.4099e-5 -0.005521953 -0.002555608 -5.4099e-5 -0.005521953 -0.002555608 -5.4099e-5 -0.005521953 -0.002555608 -5.4099e-5 -0.005521953 -0.002555608 -3.8466e-4 -0.005462229 -0.002552628 -3.8466e-4 -0.005462229 -0.002552628 -3.8466e-4 -0.005462229 -0.002552628 -2.97874e-4 0.002609968 -0.002471625 -2.97874e-4 0.002609968 -0.002471625 -2.97874e-4 0.002609968 -0.002471625 -0.002542674 6.46194e-4 -0.002475261 -0.002542674 6.46194e-4 -0.002475261 -0.002542674 6.46194e-4 -0.002475261 -0.005520939 7.26951e-4 -0.002452909 -0.005520939 7.26951e-4 -0.002452909 -0.005520939 7.26951e-4 -0.002452909 -0.005610525 0.001050651 -0.002448976 -0.005610525 0.001050651 -0.002448976 -0.005610525 0.001050651 -0.002448976 -0.005610525 0.001050651 -0.002448976 -0.001043856 -0.005567133 -0.002548933 -0.001043856 -0.005567133 -0.002548933 -0.001043856 -0.005567133 -0.002548933 -0.001339495 -0.005726456 -0.002548396 -0.001339495 -0.005726456 -0.002548396 -0.001339495 -0.005726456 -0.002548396 -7.20171e-4 -0.005477547 -0.002550363 -7.20171e-4 -0.005477547 -0.002550363 -7.20171e-4 -0.005477547 -0.002550363 0.007554292 0.01077806 -0.002445816 0.007554292 0.01077806 -0.002445816 0.007554292 0.01077806 -0.002445816 0.007988929 0.01042389 -0.002452492 0.007988929 0.01042389 -0.002452492 0.007988929 0.01042389 -0.002452492 0.007988929 0.01042389 -0.002452492 0.00706613 0.001055836 -0.002540588 0.00706613 0.001055836 -0.002540588 0.00706613 0.001055836 -0.002540588 0.00706613 0.001055836 -0.002540588 0.00168085 0.007864415 -0.002432823 0.00168085 0.007864415 -0.002432823 0.00168085 0.007864415 -0.002432823 0.00168085 0.007864415 -0.002432823 0.001459777 0.008117198 -0.00242865 0.001459777 0.008117198 -0.00242865 0.001459777 0.008117198 -0.00242865 0.001459777 0.008117198 -0.00242865 0.00118786 0.00831443 -0.002424657 0.00118786 0.00831443 -0.002424657 0.00118786 0.00831443 -0.002424657 8.7893e-4 0.008446216 -0.00242114 8.7893e-4 0.008446216 -0.00242114 8.7893e-4 0.008446216 -0.00242114 8.7893e-4 0.008446216 -0.00242114 5.48451e-4 0.00850594 -0.0024181 5.48451e-4 0.00850594 -0.0024181 5.48451e-4 0.00850594 -0.0024181 -2.49037e-4 -0.008440136 -0.002583682 -2.49037e-4 -0.008440136 -0.002583682 -2.49037e-4 -0.008440136 -0.002583682 7.46772e-5 -0.008350551 -0.002585113 7.46772e-5 -0.008350551 -0.002585113 7.46772e-5 -0.008350551 -0.002585113 3.70343e-4 -0.008191168 -0.002585649 3.70343e-4 -0.008191168 -0.002585649 3.70343e-4 -0.008191168 -0.002585649 6.23193e-4 -0.007970035 -0.002585232 6.23193e-4 -0.007970035 -0.002585232 6.23193e-4 -0.007970035 -0.002585232 8.20441e-4 -0.007698118 -0.00258392 8.20441e-4 -0.007698118 -0.00258392 8.20441e-4 -0.007698118 -0.00258392 9.52269e-4 -0.007389187 -0.002581775 9.52269e-4 -0.007389187 -0.002581775 9.52269e-4 -0.007389187 -0.002581775 9.52269e-4 -0.007389187 -0.002581775 0.001011967 -0.00705868 -0.002578854 0.001011967 -0.00705868 -0.002578854 0.001011967 -0.00705868 -0.002578854 0.001011967 -0.00705868 -0.002578854 0.001516699 -0.002073168 -0.002532064 0.001516699 -0.002073168 -0.002532064 0.001516699 -0.002073168 -0.002532064 0.001516699 -0.002073168 -0.002532064 0.001857757 -0.001774787 -0.002531528 0.001857757 -0.001774787 -0.002531528 0.001857757 -0.001774787 -0.002531528 0.006866216 -0.001937329 -0.002569377 0.006866216 -0.001937329 -0.002569377 0.006866216 -0.001937329 -0.002569377 0.004739522 -0.03493219 -0.002887606 0.004739522 -0.03493219 -0.002887606 0.004739522 -0.03493219 -0.002887606 -0.006093084 0.01168864 -0.002337932 -0.006093084 0.01168864 -0.002337932 -0.006093084 0.01168864 -0.002337932 2.12899e-4 0.008490622 -0.002415835 2.12899e-4 0.008490622 -0.002415835 2.12899e-4 0.008490622 -0.002415835 -1.10815e-4 0.008401036 -0.002414405 -1.10815e-4 0.008401036 -0.002414405 -1.10815e-4 0.008401036 -0.002414405 -4.06522e-4 0.008241713 -0.002413868 -4.06522e-4 0.008241713 -0.002413868 -4.06522e-4 0.008241713 -0.002413868 -6.59289e-4 0.00802052 -0.002414286 -6.59289e-4 0.00802052 -0.002414286 -6.59289e-4 0.00802052 -0.002414286 -0.006902277 0.001987814 -0.00243014 -0.006902277 0.001987814 -0.00243014 -0.006902277 0.001987814 -0.00243014 -0.006902277 0.001987814 -0.00243014 -0.006570935 0.01139539 -0.002337455 -0.006570935 0.01139539 -0.002337455 -0.006570935 0.01139539 -0.002337455 -0.006570935 0.01139539 -0.002337455 0.003772795 -0.0444954 -0.002977311 0.003772795 -0.0444954 -0.002977311 0.003772795 -0.0444954 -0.002977311 0.003772795 -0.0444954 -0.002977311 -0.0171799 -0.04309737 -0.002811729 -0.0171799 -0.04309737 -0.002811729 -0.0171799 -0.04309737 -0.002811729 -0.0171799 -0.04309737 -0.002811729 -0.001876354 -0.007518231 -0.002562642 -0.001876354 -0.007518231 -0.002562642 -0.001876354 -0.007518231 -0.002562642 -0.001876354 -0.007518231 -0.002562642 -0.001717031 -0.00781387 -0.002566754 -0.001717031 -0.00781387 -0.002566754 -0.001717031 -0.00781387 -0.002566754 -0.001495838 -0.008066654 -0.002570927 -0.001495838 -0.008066654 -0.002570927 -0.001495838 -0.008066654 -0.002570927 -0.00122404 -0.008263885 -0.002574861 -0.00122404 -0.008263885 -0.002574861 -0.00122404 -0.008263885 -0.002574861 -9.15109e-4 -0.008395671 -0.002578437 -9.15109e-4 -0.008395671 -0.002578437 -9.15109e-4 -0.008395671 -0.002578437 0.007738053 -0.03541731 -0.00291419 0.007738053 -0.03541731 -0.00291419 0.007738053 -0.03541731 -0.00291419 0.00757867 -0.03512161 -0.002910077 0.00757867 -0.03512161 -0.002910077 0.00757867 -0.03512161 -0.002910077 0.00757867 -0.03512161 -0.002910077 0.007357537 -0.03486883 -0.002905905 0.007357537 -0.03486883 -0.002905905 0.007357537 -0.03486883 -0.002905905 0.007085621 -0.0346716 -0.002901971 0.007085621 -0.0346716 -0.002901971 0.007085621 -0.0346716 -0.002901971 0.007085621 -0.0346716 -0.002901971 0.00677669 -0.03453981 -0.002898395 0.00677669 -0.03453981 -0.002898395 0.00677669 -0.03453981 -0.002898395 0.00677669 -0.03453981 -0.002898395 0.006446242 -0.03448009 -0.002895414 0.006446242 -0.03448009 -0.002895414 0.006446242 -0.03448009 -0.002895414 0.005947351 -0.03444677 -0.00289148 0.005947351 -0.03444677 -0.00289148 0.005947351 -0.03444677 -0.00289148 0.005611777 -0.03446209 -0.002889156 0.005611777 -0.03446209 -0.002889156 0.005611777 -0.03446209 -0.002889156 0.005288064 -0.03455168 -0.002887725 0.005288064 -0.03455168 -0.002887725 0.005288064 -0.03455168 -0.002887725 0.004992425 -0.034711 -0.002887248 0.004992425 -0.034711 -0.002887248 0.004992425 -0.034711 -0.002887248 0.007827579 -0.03574103 -0.002918124 0.007827579 -0.03574103 -0.002918124 0.007827579 -0.03574103 -0.002918124 0.007827579 -0.03574103 -0.002918124 0.007827579 -0.03574103 -0.002918124 0.007201731 -0.001922011 -0.002571642 0.007201731 -0.001922011 -0.002571642 0.007201731 -0.001922011 -0.002571642 0.007201731 -0.001922011 -0.002571642 0.007525444 -0.001832425 -0.002573072 0.007525444 -0.001832425 -0.002573072 0.007525444 -0.001832425 -0.002573072 0.007525444 -0.001832425 -0.002573072 0.007525444 -0.001832425 -0.002573072 0.007842898 -0.03607654 -0.00292164 0.007842898 -0.03607654 -0.00292164 0.007842898 -0.03607654 -0.00292164 0.007842898 -0.03607654 -0.00292164 0.007842898 -0.03607654 -0.00292164 0.007821142 -0.001673042 -0.002573609 0.007821142 -0.001673042 -0.002573609 0.007821142 -0.001673042 -0.002573609 0.008073925 -0.001451909 -0.002573192 0.008073925 -0.001451909 -0.002573192 0.008073925 -0.001451909 -0.002573192 0.008271217 -0.001180052 -0.00257188 0.008271217 -0.001180052 -0.00257188 0.008271217 -0.001180052 -0.00257188 0.008403003 -8.71125e-4 -0.002569735 0.008403003 -8.71125e-4 -0.002569735 0.008403003 -8.71125e-4 -0.002569735 0.008462786 -5.40604e-4 -0.002566814 0.008462786 -5.40604e-4 -0.002566814 0.008462786 -5.40604e-4 -0.002566814 0.01446646 0.003067493 -0.002573728 0.01446646 0.003067493 -0.002573728 0.01446646 0.003067493 -0.002573728 0.01446646 0.003067493 -0.002573728 0.01446646 0.003067493 -0.002573728 0.01446646 0.003067493 -0.002573728 0.01446646 0.003067493 -0.002573728 0.01446646 0.003067493 -0.002573728 0.01125591 -0.04499471 -0.003036499 0.01125591 -0.04499471 -0.003036499 0.01125591 -0.04499471 -0.003036499 0.007264912 -0.04472839 -0.003004908 0.007264912 -0.04472839 -0.003004908 0.007264912 -0.04472839 -0.003004908 0.007264912 -0.04472839 -0.003004908 0.008447468 -2.05079e-4 -0.002563297 0.008447468 -2.05079e-4 -0.002563297 0.008447468 -2.05079e-4 -0.002563297 0.008357942 1.18637e-4 -0.002559363 0.008357942 1.18637e-4 -0.002559363 0.008357942 1.18637e-4 -0.002559363 0.008198618 4.14299e-4 -0.002555251 0.008198618 4.14299e-4 -0.002555251 0.008198618 4.14299e-4 -0.002555251 0.007977426 6.67076e-4 -0.002551078 0.007977426 6.67076e-4 -0.002551078 0.007977426 6.67076e-4 -0.002551078 0.007977426 6.67076e-4 -0.002551078 0.007705628 8.64304e-4 -0.002547144 0.007705628 8.64304e-4 -0.002547144 0.007705628 8.64304e-4 -0.002547144 0.007396638 9.96101e-4 -0.002543568 0.007396638 9.96101e-4 -0.002543568 0.007396638 9.96101e-4 -0.002543568 0.008381187 0.01002329 -0.002459406 0.008381187 0.01002329 -0.002459406 0.008381187 0.01002329 -0.002459406 0.008381187 0.01002329 -0.002459406 0.002080559 0.001560091 -0.002499401 0.002080559 0.001560091 -0.002499401 0.002080559 0.001560091 -0.002499401 0.001782178 0.001901149 -0.002493798 0.001782178 0.001901149 -0.002493798 0.001782178 0.001901149 -0.002493798 0.00142908 0.002185225 -0.002488374 0.00142908 0.002185225 -0.002488374 0.00142908 0.002185225 -0.002488374 0.001031994 0.002403676 -0.002483308 0.001031994 0.002403676 -0.002483308 0.001031994 0.002403676 -0.002483308 6.84033e-4 0.005528032 -0.002449214 6.84033e-4 0.005528032 -0.002449214 6.84033e-4 0.005528032 -0.002449214 6.84033e-4 0.005528032 -0.002449214 0.001007735 0.005617618 -0.002450644 0.001007735 0.005617618 -0.002450644 0.001007735 0.005617618 -0.002450644 0.001007735 0.005617618 -0.002450644 0.001303434 0.005777001 -0.002451181 0.001303434 0.005777001 -0.002451181 0.001303434 0.005777001 -0.002451181 0.001303434 0.005777001 -0.002451181 0.001556217 0.005998134 -0.002450764 0.001556217 0.005998134 -0.002450764 0.001556217 0.005998134 -0.002450764 0.001753449 0.006270051 -0.002449452 0.001753449 0.006270051 -0.002449452 0.001753449 0.006270051 -0.002449452 0.001885294 0.006578981 -0.002447247 0.001885294 0.006578981 -0.002447247 0.001885294 0.006578981 -0.002447247 0.001945078 0.006909489 -0.002444386 0.001945078 0.006909489 -0.002444386 0.001945078 0.006909489 -0.002444386 0.001945078 0.006909489 -0.002444386 0.001929759 0.007245004 -0.002440869 0.001929759 0.007245004 -0.002440869 0.001929759 0.007245004 -0.002440869 0.001929759 0.007245004 -0.002440869 0.001840233 0.007568717 -0.002436935 0.001840233 0.007568717 -0.002436935 0.001840233 0.007568717 -0.002436935 0.001840233 0.007568717 -0.002436935 -0.005585312 0.01192659 -0.002339184 -0.005585312 0.01192659 -0.002339184 -0.005585312 0.01192659 -0.002339184 -0.005054175 0.01210623 -0.00234121 -0.005054175 0.01210623 -0.00234121 -0.005054175 0.01210623 -0.00234121 -0.005054175 0.01210623 -0.00234121 -0.00450623 0.01222521 -0.002343952 -0.00450623 0.01222521 -0.002343952 -0.00450623 0.01222521 -0.002343952 -0.00394845 0.01228213 -0.002347409 -0.00394845 0.01228213 -0.002347409 -0.00394845 0.01228213 -0.002347409 -0.003387808 0.01227623 -0.002351522 -0.003387808 0.01227623 -0.002351522 -0.003387808 0.01227623 -0.002351522 0.004951238 0.01171982 -0.002417445 0.004951238 0.01171982 -0.002417445 0.004951238 0.01171982 -0.002417445 0.005507647 0.01165115 -0.002422153 0.005507647 0.01165115 -0.002422153 0.005507647 0.01165115 -0.002422153 0.005507647 0.01165115 -0.002422153 0.00605297 0.01152068 -0.002427458 0.00605297 0.01152068 -0.002427458 0.00605297 0.01152068 -0.002427458 0.006580173 0.01132994 -0.00243318 0.006580173 0.01132994 -0.00243318 0.006580173 0.01132994 -0.00243318 0.006580173 0.01132994 -0.00243318 0.00708276 0.01108133 -0.00243932 0.00708276 0.01108133 -0.00243932 0.00708276 0.01108133 -0.00243932 0.002315163 0.001172363 -0.002505064 0.002315163 0.001172363 -0.002505064 0.002315163 0.001172363 -0.002505064 0.006730616 0.001040518 -0.002538263 0.006730616 0.001040518 -0.002538263 0.006730616 0.001040518 -0.002538263 0.006406843 9.50958e-4 -0.002536833 0.006406843 9.50958e-4 -0.002536833 0.006406843 9.50958e-4 -0.002536833 0.002141892 -0.00142163 -0.002530038 0.002141892 -0.00142163 -0.002530038 0.002141892 -0.00142163 -0.002530038 0.006226718 -0.00174576 -0.00256282 0.006226718 -0.00174576 -0.00256282 0.006226718 -0.00174576 -0.00256282 0.006226718 -0.00174576 -0.00256282 0.006535649 -0.001877546 -0.002566397 0.006535649 -0.001877546 -0.002566397 0.006535649 -0.001877546 -0.002566397 -8.56578e-4 0.007748663 -0.002415597 -8.56578e-4 0.007748663 -0.002415597 -8.56578e-4 0.007748663 -0.002415597 -9.88366e-4 0.007439732 -0.002417802 -9.88366e-4 0.007439732 -0.002417802 -9.88366e-4 0.007439732 -0.002417802 -0.001048147 0.007109224 -0.002420723 -0.001048147 0.007109224 -0.002420723 -0.001048147 0.007109224 -0.002420723 -0.001048147 0.007109224 -0.002420723 -0.001032888 0.00677371 -0.00242418 -0.001032888 0.00677371 -0.00242418 -0.001032888 0.00677371 -0.00242418 -0.001032888 0.00677371 -0.00242418 -9.43323e-4 0.006449997 -0.002428114 -9.43323e-4 0.006449997 -0.002428114 -9.43323e-4 0.006449997 -0.002428114 -9.43323e-4 0.006449997 -0.002428114 -7.83982e-4 0.006154298 -0.002432286 -7.83982e-4 0.006154298 -0.002432286 -7.83982e-4 0.006154298 -0.002432286 -7.83982e-4 0.006154298 -0.002432286 -5.62851e-4 0.005901515 -0.002436399 -5.62851e-4 0.005901515 -0.002436399 -5.62851e-4 0.005901515 -0.002436399 -2.90945e-4 0.005704283 -0.002440392 -2.90945e-4 0.005704283 -0.002440392 -2.90945e-4 0.005704283 -0.002440392 -2.90945e-4 0.005704283 -0.002440392 1.79612e-5 0.005572497 -0.002443969 1.79612e-5 0.005572497 -0.002443969 1.79612e-5 0.005572497 -0.002443969 -7.42487e-4 0.00252211 -0.002469301 -7.42487e-4 0.00252211 -0.002469301 -7.42487e-4 0.00252211 -0.002469301 -7.42487e-4 0.00252211 -0.002469301 -0.001165032 0.002358317 -0.00246787 -0.001165032 0.002358317 -0.00246787 -0.001165032 0.002358317 -0.00246787 -0.00155276 0.002123713 -0.002467453 -0.00155276 0.002123713 -0.002467453 -0.00155276 0.002123713 -0.002467453 -0.001893877 0.001825273 -0.002467989 -0.001893877 0.001825273 -0.002467989 -0.001893877 0.001825273 -0.002467989 -0.002178013 0.001472175 -0.002469539 -0.002178013 0.001472175 -0.002469539 -0.002178013 0.001472175 -0.002469539 -0.006571829 0.001928091 -0.00243318 -0.006571829 0.001928091 -0.00243318 -0.006571829 0.001928091 -0.00243318 -0.006571829 0.001928091 -0.00243318 -0.008498907 5.91148e-4 -0.002432763 -0.008498907 5.91148e-4 -0.002432763 -0.008498907 5.91148e-4 -0.002432763 -0.008483648 2.55607e-4 -0.00243628 -0.008483648 2.55607e-4 -0.00243628 -0.008483648 2.55607e-4 -0.00243628 -0.008394062 -6.8108e-5 -0.002440154 -0.008394062 -6.8108e-5 -0.002440154 -0.008394062 -6.8108e-5 -0.002440154 -0.008234739 -3.6377e-4 -0.002444326 -0.008234739 -3.6377e-4 -0.002444326 -0.008234739 -3.6377e-4 -0.002444326 -0.008013606 -6.16555e-4 -0.002448499 -0.008013606 -6.16555e-4 -0.002448499 -0.008013606 -6.16555e-4 -0.002448499 -0.007741749 -8.13782e-4 -0.002452433 -0.007741749 -8.13782e-4 -0.002452433 -0.007741749 -8.13782e-4 -0.002452433 -0.007741749 -8.13782e-4 -0.002452433 -0.007432818 -9.45573e-4 -0.002456009 -0.007432818 -9.45573e-4 -0.002456009 -0.007432818 -9.45573e-4 -0.002456009 -0.007432818 -9.45573e-4 -0.002456009 -0.01396942 0.004964828 -0.002348959 -0.01396942 0.004964828 -0.002348959 -0.01396942 0.004964828 -0.002348959 -0.007013022 0.0110504 -0.002337753 -0.007013022 0.0110504 -0.002337753 -0.007013022 0.0110504 -0.002337753 -0.007237851 0.001972556 -0.002427875 -0.007237851 0.001972556 -0.002427875 -0.007237851 0.001972556 -0.002427875 -0.007561624 0.00188297 -0.002426445 -0.007561624 0.00188297 -0.002426445 -0.007561624 0.00188297 -0.002426445 -0.007857263 0.001723587 -0.002425968 -0.007857263 0.001723587 -0.002425968 -0.007857263 0.001723587 -0.002425968 -0.007857263 0.001723587 -0.002425968 -0.008110046 0.001502454 -0.002426326 -0.008110046 0.001502454 -0.002426326 -0.008110046 0.001502454 -0.002426326 -0.008307337 0.001230597 -0.002427697 -0.008307337 0.001230597 -0.002427697 -0.008307337 0.001230597 -0.002427697 -0.008307337 0.001230597 -0.002427697 -0.008439183 9.21654e-4 -0.002429842 -0.008439183 9.21654e-4 -0.002429842 -0.008439183 9.21654e-4 -0.002429842 -0.008439183 9.21654e-4 -0.002429842 7.06349e-4 -0.002471566 -0.002530276 7.06349e-4 -0.002471566 -0.002530276 7.06349e-4 -0.002471566 -0.002530276 7.06349e-4 -0.002471566 -0.002530276 0.001128911 -0.002307832 -0.002531647 0.001128911 -0.002307832 -0.002531647 0.001128911 -0.002307832 -0.002531647 9.96735e-4 -0.006723165 -0.002575337 9.96735e-4 -0.006723165 -0.002575337 9.96735e-4 -0.006723165 -0.002575337 9.96735e-4 -0.006723165 -0.002575337 -0.001068115 -0.002353131 -0.00251621 -0.001068115 -0.002353131 -0.00251621 -0.001068115 -0.002353131 -0.00251621 -0.001068115 -0.002353131 -0.00251621 -0.001921474 -0.006528437 -0.00255227 -0.001921474 -0.006528437 -0.00255227 -0.001921474 -0.006528437 -0.00255227 -0.001465141 -0.00213468 -0.002511143 -0.001465141 -0.00213468 -0.002511143 -0.001465141 -0.00213468 -0.002511143 -0.001818239 -0.001850664 -0.002505719 -0.001818239 -0.001850664 -0.002505719 -0.001818239 -0.001850664 -0.002505719 -0.00211662 -0.001509547 -0.002500116 -0.00211662 -0.001509547 -0.002500116 -0.00211662 -0.001509547 -0.002500116 -0.00211662 -0.001509547 -0.002500116 0.005529284 -1.03687e-5 -0.00254023 0.005529284 -1.03687e-5 -0.00254023 0.005529284 -1.03687e-5 -0.00254023 0.002566754 3.05275e-4 -0.002515614 0.002566754 3.05275e-4 -0.002515614 0.002566754 3.05275e-4 -0.002515614 0.005661129 2.98576e-4 -0.002538084 0.005661129 2.98576e-4 -0.002538084 0.005661129 2.98576e-4 -0.002538084 0.005733728 -0.001295745 -0.002554714 0.005733728 -0.001295745 -0.002554714 0.005733728 -0.001295745 -0.002554714 0.002360343 -0.001024603 -0.002527594 0.002360343 -0.001024603 -0.002527594 0.002360343 -0.001024603 -0.002527594 0.005574345 -0.001000106 -0.002550542 0.005574345 -0.001000106 -0.002550542 0.005574345 -0.001000106 -0.002550542 0.005574345 -0.001000106 -0.002550542 0.002506554 -5.95658e-4 -0.002524316 0.002506554 -5.95658e-4 -0.002524316 0.002506554 -5.95658e-4 -0.002524316 0.002506554 -5.95658e-4 -0.002524316 0.005484819 -6.76415e-4 -0.002546668 0.005484819 -6.76415e-4 -0.002546668 0.005484819 -6.76415e-4 -0.002546668 0.005484819 -6.76415e-4 -0.002546668 0.002576053 -1.47828e-4 -0.002520263 0.002576053 -1.47828e-4 -0.002520263 0.002576053 -1.47828e-4 -0.002520263 0.00546956 -3.40889e-4 -0.002543151 0.00546956 -3.40889e-4 -0.002543151 0.00546956 -3.40889e-4 -0.002543151 0.005954861 -0.001548528 -0.002558887 0.005954861 -0.001548528 -0.002558887 0.005954861 -0.001548528 -0.002558887 0.005954861 -0.001548528 -0.002558887 7.47844e-4 -0.006103813 -0.002567291 7.47844e-4 -0.006103813 -0.002567291 7.47844e-4 -0.006103813 -0.002567291 2.61778e-4 -0.002559423 -0.002527952 2.61778e-4 -0.002559423 -0.002527952 2.61778e-4 -0.002559423 -0.002527952 2.61778e-4 -0.002559423 -0.002527952 9.07185e-4 -0.006399452 -0.002571403 9.07185e-4 -0.006399452 -0.002571403 9.07185e-4 -0.006399452 -0.002571403 9.07185e-4 -0.006399452 -0.002571403 -0.006262898 0.001796305 -0.002436757 -0.006262898 0.001796305 -0.002436757 -0.006262898 0.001796305 -0.002436757 -0.006262898 0.001796305 -0.002436757 -0.002396464 0.001075148 -0.002471983 -0.002396464 0.001075148 -0.002471983 -0.002396464 0.001075148 -0.002471983 -0.005991041 0.001599073 -0.00244069 -0.005991041 0.001599073 -0.00244069 -0.005991041 0.001599073 -0.00244069 -0.005769908 0.00134629 -0.002444863 -0.005769908 0.00134629 -0.002444863 -0.005769908 0.00134629 -0.002444863 -0.005894541 -5.19906e-4 -0.002462804 -0.005894541 -5.19906e-4 -0.002462804 -0.005894541 -5.19906e-4 -0.002462804 -0.005894541 -5.19906e-4 -0.002462804 -0.005697309 -2.4804e-4 -0.002461493 -0.005697309 -2.4804e-4 -0.002461493 -0.005697309 -2.4804e-4 -0.002461493 -0.005697309 -2.4804e-4 -0.002461493 -0.002515017 -6.99326e-4 -0.00248903 -0.002515017 -6.99326e-4 -0.00248903 -0.002515017 -6.99326e-4 -0.00248903 -0.002515017 -6.99326e-4 -0.00248903 -0.005565464 6.08975e-5 -0.002459287 -0.005565464 6.08975e-5 -0.002459287 -0.005565464 6.08975e-5 -0.002459287 -0.002602875 -2.54738e-4 -0.002483904 -0.002602875 -2.54738e-4 -0.002483904 -0.002602875 -2.54738e-4 -0.002483904 -0.005505621 3.91434e-4 -0.002456426 -0.005505621 3.91434e-4 -0.002456426 -0.005505621 3.91434e-4 -0.002456426 -0.002612173 1.98356e-4 -0.002479255 -0.002612173 1.98356e-4 -0.002479255 -0.002612173 1.98356e-4 -0.002479255 -0.006443023 -9.00437e-4 -0.002462685 -0.006443023 -9.00437e-4 -0.002462685 -0.006443023 -9.00437e-4 -0.002462685 -0.006443023 -9.00437e-4 -0.002462685 -0.006147325 -7.41067e-4 -0.002463221 -0.006147325 -7.41067e-4 -0.002463221 -0.006147325 -7.41067e-4 -0.002463221 -0.006147325 -7.41067e-4 -0.002463221 -0.002351284 -0.001121878 -0.002494513 -0.002351284 -0.001121878 -0.002494513 -0.002351284 -0.001121878 -0.002494513 -0.002351284 -0.001121878 -0.002494513 -0.006766736 -9.90021e-4 -0.002461254 -0.006766736 -9.90021e-4 -0.002461254 -0.006766736 -9.90021e-4 -0.002461254 -0.006766736 -9.90021e-4 -0.002461254 -0.001592397 -0.005947649 -0.002548813 -0.001592397 -0.005947649 -0.002548813 -0.001592397 -0.005947649 -0.002548813 -0.001789629 -0.006219506 -0.002550125 -0.001789629 -0.006219506 -0.002550125 -0.001789629 -0.006219506 -0.002550125 -6.39201e-4 -0.002499341 -0.002520799 -6.39201e-4 -0.002499341 -0.002520799 -6.39201e-4 -0.002499341 -0.002520799 0.006017804 -0.03454536 0.006857752 0.006017804 -0.03454536 0.006857752 0.006017804 -0.03454536 0.006857752 0.006516695 -0.03457868 0.006853818 0.006516695 -0.03457868 0.006853818 0.006516695 -0.03457868 0.006853818 0.006516695 -0.03457868 0.006853818 0.00358808 -0.04841375 0.006735086 0.00358808 -0.04841375 0.006735086 0.00358808 -0.04841375 0.006735086 0.00358808 -0.04841375 0.006735086 0.00358808 -0.04841375 0.006735086 0.00358808 -0.04841375 0.006735086 0.003545343 -0.04835385 8.13988e-4 0.003545343 -0.04835385 8.13988e-4 0.003545343 -0.04835385 8.13988e-4 0.003545045 -0.04831159 4.24206e-4 0.003545045 -0.04831159 4.24206e-4 0.003545045 -0.04831159 4.24206e-4 0.003545045 -0.04831159 4.24206e-4 0.003549933 -0.04819422 5.01413e-5 0.003549933 -0.04819422 5.01413e-5 0.003549933 -0.04819422 5.01413e-5 0.003549933 -0.04819422 5.01413e-5 0.003559708 -0.04800635 -2.93826e-4 0.003559708 -0.04800635 -2.93826e-4 0.003559708 -0.04800635 -2.93826e-4 0.003559708 -0.04800635 -2.93826e-4 0.003574132 -0.04775512 -5.94495e-4 0.003574132 -0.04775512 -5.94495e-4 0.003574132 -0.04775512 -5.94495e-4 0.003574132 -0.04775512 -5.94495e-4 0.003682792 -0.04591232 -0.002405166 0.003682792 -0.04591232 -0.002405166 0.003682792 -0.04591232 -0.002405166 0.00370115 -0.04560744 -0.002650976 0.00370115 -0.04560744 -0.002650976 0.00370115 -0.04560744 -0.002650976 0.00370115 -0.04560744 -0.002650976 0.003722846 -0.0452606 -0.002832472 0.003722846 -0.0452606 -0.002832472 0.003722846 -0.0452606 -0.002832472 0.003747045 -0.04488509 -0.002942681 0.003747045 -0.04488509 -0.002942681 0.003747045 -0.04488509 -0.002942681 0.003747045 -0.04488509 -0.002942681 0.004421174 -0.03594207 0.00685513 0.004421174 -0.03594207 0.00685513 0.004421174 -0.03594207 0.00685513 0.004421174 -0.03594207 0.00685513 -0.016065 -0.02755993 0.007088005 -0.016065 -0.02755993 0.007088005 -0.016065 -0.02755993 0.007088005 -0.016065 -0.02755993 0.007088005 -0.01736462 -0.04701566 0.006900668 -0.01736462 -0.04701566 0.006900668 -0.01736462 -0.04701566 0.006900668 -0.01736462 -0.04701566 0.006900668 -0.01736462 -0.04701566 0.006900668 -0.01736462 -0.04701566 0.006900668 0.004480957 -0.03561156 0.00685805 0.004480957 -0.03561156 0.00685805 0.004480957 -0.03561156 0.00685805 0.004612803 -0.03530263 0.006860256 0.004612803 -0.03530263 0.006860256 0.004612803 -0.03530263 0.006860256 0.004810035 -0.03503078 0.006861567 0.004810035 -0.03503078 0.006861567 0.004810035 -0.03503078 0.006861567 0.005062818 -0.03480958 0.006861984 0.005062818 -0.03480958 0.006861984 0.005062818 -0.03480958 0.006861984 0.005358517 -0.03465026 0.006861448 0.005358517 -0.03465026 0.006861448 0.005358517 -0.03465026 0.006861448 0.005682289 -0.03456068 0.006860017 0.005682289 -0.03456068 0.006860017 0.005682289 -0.03456068 0.006860017 0.01187199 -0.02942401 0.006867229 0.01187199 -0.02942401 0.006867229 0.01187199 -0.02942401 0.006867229 0.01187199 -0.02942401 0.006867229 0.01187199 -0.02942401 0.006867229 0.006847202 -0.0346384 0.006850779 0.006847202 -0.0346384 0.006850779 0.006847202 -0.0346384 0.006850779 0.006847202 -0.0346384 0.006850779 0.007156133 -0.03477019 0.006847262 0.007156133 -0.03477019 0.006847262 0.007156133 -0.03477019 0.006847262 0.00742799 -0.03496742 0.006843268 0.00742799 -0.03496742 0.006843268 0.00742799 -0.03496742 0.006843268 0.00742799 -0.03496742 0.006843268 0.007649123 -0.0352202 0.006839096 0.007649123 -0.0352202 0.006839096 0.007649123 -0.0352202 0.006839096 0.007808506 -0.03551584 0.006834983 0.007808506 -0.03551584 0.006834983 0.007808506 -0.03551584 0.006834983 0.007808506 -0.03551584 0.006834983 0.007898092 -0.03583961 0.006831049 0.007898092 -0.03583961 0.006831049 0.007898092 -0.03583961 0.006831049 0.007898092 -0.03583961 0.006831049 0.007913351 -0.03617513 0.006827533 0.007913351 -0.03617513 0.006827533 0.007913351 -0.03617513 0.006827533 0.007080197 -0.04864674 0.006707489 0.007080197 -0.04864674 0.006707489 0.007080197 -0.04864674 0.006707489 0.007080197 -0.04864674 0.006707489 0.007080197 -0.04864674 0.006707489 0.007080197 -0.04864674 0.006707489 0.01057231 -0.04887974 0.006679892 0.01057231 -0.04887974 0.006679892 0.01057231 -0.04887974 0.006679892 0.007239162 -0.04511809 -0.002970278 0.007239162 -0.04511809 -0.002970278 0.007239162 -0.04511809 -0.002970278 0.007239162 -0.04511809 -0.002970278 0.007215023 -0.0454936 -0.002860069 0.007215023 -0.0454936 -0.002860069 0.007215023 -0.0454936 -0.002860069 0.007215023 -0.0454936 -0.002860069 0.007193326 -0.04584044 -0.002678573 0.007193326 -0.04584044 -0.002678573 0.007193326 -0.04584044 -0.002678573 0.007174909 -0.04614537 -0.002432763 0.007174909 -0.04614537 -0.002432763 0.007174909 -0.04614537 -0.002432763 0.007174909 -0.04614537 -0.002432763 0.007174909 -0.04614537 -0.002432763 0.007066249 -0.04798811 -6.22092e-4 0.007066249 -0.04798811 -6.22092e-4 0.007066249 -0.04798811 -6.22092e-4 0.007066249 -0.04798811 -6.22092e-4 0.007066249 -0.04798811 -6.22092e-4 0.007051885 -0.04823935 -3.21426e-4 0.007051885 -0.04823935 -3.21426e-4 0.007051885 -0.04823935 -3.21426e-4 0.007051885 -0.04823935 -3.21426e-4 0.007051885 -0.04823935 -3.21426e-4 0.00704205 -0.04842728 2.25438e-5 0.00704205 -0.04842728 2.25438e-5 0.00704205 -0.04842728 2.25438e-5 0.00704205 -0.04842728 2.25438e-5 0.00704205 -0.04842728 2.25438e-5 0.007037162 -0.04854458 3.96608e-4 0.007037162 -0.04854458 3.96608e-4 0.007037162 -0.04854458 3.96608e-4 0.007037162 -0.04854458 3.96608e-4 0.007037401 -0.0485869 7.8639e-4 0.007037401 -0.0485869 7.8639e-4 0.007037401 -0.0485869 7.8639e-4 0.01102846 -0.04885315 7.5485e-4 0.01102846 -0.04885315 7.5485e-4 0.01102846 -0.04885315 7.5485e-4 0.01102846 -0.04885315 7.5485e-4 0.01102846 -0.04885315 7.5485e-4 0.01102817 -0.04881089 3.65068e-4 0.01102817 -0.04881089 3.65068e-4 0.01102817 -0.04881089 3.65068e-4 0.01102817 -0.04881089 3.65068e-4 0.01103305 -0.04869353 -8.99799e-6 0.01103305 -0.04869353 -8.99799e-6 0.01103305 -0.04869353 -8.99799e-6 0.01103305 -0.04869353 -8.99799e-6 0.01104289 -0.04850566 -3.52965e-4 0.01104289 -0.04850566 -3.52965e-4 0.01104289 -0.04850566 -3.52965e-4 0.01104289 -0.04850566 -3.52965e-4 0.01104289 -0.04850566 -3.52965e-4 0.01105725 -0.04825443 -6.53634e-4 0.01105725 -0.04825443 -6.53634e-4 0.01105725 -0.04825443 -6.53634e-4 0.01105725 -0.04825443 -6.53634e-4 0.01105725 -0.04825443 -6.53634e-4 -0.01740741 -0.04695582 9.79578e-4 -0.01740741 -0.04695582 9.79578e-4 -0.01740741 -0.04695582 9.79578e-4 -0.01740741 -0.04695582 9.79578e-4 -0.01740741 -0.04695582 9.79578e-4 -0.01740741 -0.04695582 9.79578e-4 -0.01740741 -0.04695582 9.79578e-4 -0.01740741 -0.04695582 9.79578e-4 -0.01740741 -0.04695582 9.79578e-4 -0.01740741 -0.04695582 9.79578e-4 -0.01740741 -0.04695582 9.79578e-4 -0.01740765 -0.04691356 5.89798e-4 -0.01740765 -0.04691356 5.89798e-4 -0.01740765 -0.04691356 5.89798e-4 -0.01740765 -0.04691356 5.89798e-4 -0.01740282 -0.0467962 2.15732e-4 -0.01740282 -0.0467962 2.15732e-4 -0.01740282 -0.0467962 2.15732e-4 -0.01740282 -0.0467962 2.15732e-4 -0.01739299 -0.04660832 -1.28236e-4 -0.01739299 -0.04660832 -1.28236e-4 -0.01739299 -0.04660832 -1.28236e-4 -0.01739299 -0.04660832 -1.28236e-4 -0.01737856 -0.04635709 -4.28905e-4 -0.01737856 -0.04635709 -4.28905e-4 -0.01737856 -0.04635709 -4.28905e-4 -0.01737856 -0.04635709 -4.28905e-4 -0.01726996 -0.04451429 -0.002239584 -0.01726996 -0.04451429 -0.002239584 -0.01726996 -0.04451429 -0.002239584 0.01116591 -0.04641163 -0.002464294 0.01116591 -0.04641163 -0.002464294 0.01116591 -0.04641163 -0.002464294 0.01116591 -0.04641163 -0.002464294 0.01118427 -0.04610675 -0.002710103 0.01118427 -0.04610675 -0.002710103 0.01118427 -0.04610675 -0.002710103 0.01118427 -0.04610675 -0.002710103 0.01118427 -0.04610675 -0.002710103 0.01120597 -0.04575985 -0.0028916 0.01120597 -0.04575985 -0.0028916 0.01120597 -0.04575985 -0.0028916 0.01120597 -0.04575985 -0.0028916 0.01123023 -0.0453844 -0.003001809 0.01123023 -0.0453844 -0.003001809 0.01123023 -0.0453844 -0.003001809 0.01123023 -0.0453844 -0.003001809 0.01123023 -0.0453844 -0.003001809 -0.01725155 -0.04420942 -0.002485394 -0.01725155 -0.04420942 -0.002485394 -0.01725155 -0.04420942 -0.002485394 -0.01725155 -0.04420942 -0.002485394 -0.01722979 -0.04386252 -0.00266689 -0.01722979 -0.04386252 -0.00266689 -0.01722979 -0.04386252 -0.00266689 -0.01722979 -0.04386252 -0.00266689 -0.01720565 -0.04348707 -0.002777099 -0.01720565 -0.04348707 -0.002777099 -0.01720565 -0.04348707 -0.002777099 -0.01720565 -0.04348707 -0.002777099 0.01138383 -0.04935032 0.04992258 0.01138383 -0.04935032 0.04992258 0.01138383 -0.04935032 0.04992258 0.01140677 -0.04938238 0.05309391 0.01140677 -0.04938238 0.05309391 0.01140677 -0.04938238 0.05309391 0.01140677 -0.04938238 0.05309391 -0.0170291 -0.04748505 0.05331861 -0.0170291 -0.04748505 0.05331861 -0.0170291 -0.04748505 0.05331861 -0.0170291 -0.04748505 0.05331861 -0.0170291 -0.04748505 0.05331861 -0.0170291 -0.04748505 0.05331861 -0.0170291 -0.04748505 0.05331861 -0.0170291 -0.04748505 0.05331861 -0.0170719 -0.04742521 0.04739755 -0.0170719 -0.04742521 0.04739755 -0.0170719 -0.04742521 0.04739755 -0.0170719 -0.04742521 0.04739755 -0.0170719 -0.04742521 0.04739755 -0.0170719 -0.04742521 0.04739755 -0.0170719 -0.04742521 0.04739755 -0.0170719 -0.04742521 0.04739755 -0.0170719 -0.04742521 0.04739755 -0.0170719 -0.04742521 0.04739755 0.01086509 -0.04928922 0.04717671 0.01086509 -0.04928922 0.04717671 0.01086509 -0.04928922 0.04717671 0.01086509 -0.04928922 0.04717671 0.0110557 -0.04930156 0.0471372 0.0110557 -0.04930156 0.0471372 0.0110557 -0.04930156 0.0471372 0.0110557 -0.04930156 0.0471372 0.0110557 -0.04930156 0.0471372 0.01633644 -0.0496326 0.04488354 0.01633644 -0.0496326 0.04488354 0.01633644 -0.0496326 0.04488354 0.01633644 -0.0496326 0.04488354 0.01633644 -0.0496326 0.04488354 0.01633644 -0.0496326 0.04488354 0.01633644 -0.0496326 0.04488354 0.01633644 -0.0496326 0.04488354 0.01121681 -0.04931128 0.04702752 0.01121681 -0.04931128 0.04702752 0.01121681 -0.04931128 0.04702752 0.01121681 -0.04931128 0.04702752 0.01121681 -0.04931128 0.04702752 0.01132375 -0.04931688 0.04686444 0.01132375 -0.04931688 0.04686444 0.01132375 -0.04931688 0.04686444 0.01132375 -0.04931688 0.04686444 0.01136034 -0.04931747 0.04667282 0.01136034 -0.04931747 0.04667282 0.01136034 -0.04931747 0.04667282 0.01136034 -0.04931747 0.04667282 0.01136034 -0.04931747 0.04667282 0.01136034 -0.04931747 0.04667282 0.01107484 -0.04891812 0.007175922 0.01107484 -0.04891812 0.007175922 0.01107484 -0.04891812 0.007175922 0.01107484 -0.04891812 0.007175922 0.01107484 -0.04891812 0.007175922 0.01107484 -0.04891812 0.007175922 0.01107484 -0.04891812 0.007175922 0.01107484 -0.04891812 0.007175922 0.01107484 -0.04891812 0.007175922 0.01107484 -0.04891812 0.007175922 0.01607626 -0.04926866 0.008886337 0.01607626 -0.04926866 0.008886337 0.01607626 -0.04926866 0.008886337 0.01607626 -0.04926866 0.008886337 0.01607626 -0.04926866 0.008886337 0.01607626 -0.04926866 0.008886337 0.01607626 -0.04926866 0.008886337 0.01607626 -0.04926866 0.008886337 0.01607626 -0.04926866 0.008886337 0.01105141 -0.04888522 0.003926157 0.01105141 -0.04888522 0.003926157 0.01105141 -0.04888522 0.003926157 0.01105141 -0.04888522 0.003926157 0.01105141 -0.04888522 0.003926157 0.01105141 -0.04888522 0.003926157 0.0110355 -0.04891359 0.006984889 0.0110355 -0.04891359 0.006984889 0.0110355 -0.04891359 0.006984889 0.0110355 -0.04891359 0.006984889 0.0110355 -0.04891359 0.006984889 0.01092618 -0.04890477 0.006823539 0.01092618 -0.04890477 0.006823539 0.01092618 -0.04890477 0.006823539 0.01092618 -0.04890477 0.006823539 0.01092618 -0.04890477 0.006823539 0.01076358 -0.04889285 0.00671643 0.01076358 -0.04889285 0.00671643 0.01076358 -0.04889285 0.00671643 0.01076358 -0.04889285 0.00671643 0.01076358 -0.04889285 0.00671643 -0.01577228 -0.02796941 0.04758483 -0.01577228 -0.02796941 0.04758483 -0.01577228 -0.02796941 0.04758483 -0.01577228 -0.02796941 0.04758483 -0.0160523 -0.03248703 0.05029141 -0.0160523 -0.03248703 0.05029141 -0.0160523 -0.03248703 0.05029141 -0.0160523 -0.03248703 0.05029141 -0.0160523 -0.03248703 0.05029141 -0.0160523 -0.03248703 0.05029141 -0.0160523 -0.03248703 0.05029141 -0.01575976 -0.02777814 0.04754865 -0.01575976 -0.02777814 0.04754865 -0.01575976 -0.02777814 0.04754865 -0.01575976 -0.02777814 0.04754865 -0.01631021 -0.0306518 0.00215727 -0.01631021 -0.0306518 0.00215727 -0.01631021 -0.0306518 0.00215727 -0.01631021 -0.0306518 0.00215727 -0.01630055 -0.03054434 0.00247538 -0.01630055 -0.03054434 0.00247538 -0.01630055 -0.03054434 0.00247538 -0.01630055 -0.03054434 0.00247538 -0.01629561 -0.03051018 0.002809524 -0.01629561 -0.03051018 0.002809524 -0.01629561 -0.03051018 0.002809524 -0.01629561 -0.03051018 0.002809524 -0.01629573 -0.03055107 0.003142893 -0.01629573 -0.03055107 0.003142893 -0.01629573 -0.03055107 0.003142893 -0.01629573 -0.03055107 0.003142893 -0.01630085 -0.03066498 0.003458857 -0.01630085 -0.03066498 0.003458857 -0.01630085 -0.03066498 0.003458857 -0.01630085 -0.03066498 0.003458857 -0.01630085 -0.03066498 0.003458857 -0.01631075 -0.03084611 0.003741502 -0.01631075 -0.03084611 0.003741502 -0.01631075 -0.03084611 0.003741502 -0.01631075 -0.03084611 0.003741502 -0.01632481 -0.03108555 0.003976702 -0.01632481 -0.03108555 0.003976702 -0.01632481 -0.03108555 0.003976702 -0.01632481 -0.03108555 0.003976702 -0.01634246 -0.03137111 0.004152715 -0.01634246 -0.03137111 0.004152715 -0.01634246 -0.03137111 0.004152715 -0.01634246 -0.03137111 0.004152715 -0.01636278 -0.03168851 0.004260599 -0.01636278 -0.03168851 0.004260599 -0.01636278 -0.03168851 0.004260599 -0.01636278 -0.03168851 0.004260599 -0.01636278 -0.03168851 0.004260599 -0.01571834 -0.02204459 0.004391014 -0.01571834 -0.02204459 0.004391014 -0.01571834 -0.02204459 0.004391014 -0.01571834 -0.02204459 0.004391014 -0.01571834 -0.02204459 0.004391014 -0.01571834 -0.02204459 0.004391014 -0.01638478 -0.03202193 0.004294991 -0.01638478 -0.03202193 0.004294991 -0.01638478 -0.03202193 0.004294991 -0.01638478 -0.03202193 0.004294991 -0.01638478 -0.03202193 0.004294991 -0.01638478 -0.03202193 0.004294991 -0.01605194 -0.02736943 0.007127881 -0.01605194 -0.02736943 0.007127881 -0.01605194 -0.02736943 0.007127881 -0.01605194 -0.02736943 0.007127881 -0.01605194 -0.02736943 0.007127881 -0.01604038 -0.02720868 0.007237851 -0.01604038 -0.02720868 0.007237851 -0.01604038 -0.02720868 0.007237851 -0.01604038 -0.02720868 0.007237851 -0.01603198 -0.02710217 0.007401049 -0.01603198 -0.02710217 0.007401049 -0.01603198 -0.02710217 0.007401049 -0.01603198 -0.02710217 0.007401049 -0.01603198 -0.02710217 0.007401049 -0.01602804 -0.02706617 0.007592737 -0.01602804 -0.02706617 0.007592737 -0.01602804 -0.02706617 0.007592737 -0.01574259 -0.02746552 0.04708969 -0.01574259 -0.02746552 0.04708969 -0.01574259 -0.02746552 0.04708969 -0.01707291 -0.04196894 0.001199126 -0.01707291 -0.04196894 0.001199126 -0.01707291 -0.04196894 0.001199126 -0.01707291 -0.04196894 0.001199126 -0.01707291 -0.04196894 0.001199126 -0.01707291 -0.04196894 0.001199126 -0.01705044 -0.04163622 0.001239955 -0.01705044 -0.04163622 0.001239955 -0.01705044 -0.04163622 0.001239955 -0.01705044 -0.04163622 0.001239955 -0.01705044 -0.04163622 0.001239955 -0.01642847 -0.03232496 0.0013296 -0.01642847 -0.03232496 0.0013296 -0.01642847 -0.03232496 0.0013296 -0.01642847 -0.03232496 0.0013296 -0.01642847 -0.03232496 0.0013296 -0.01640647 -0.0319916 0.001295208 -0.01640647 -0.0319916 0.001295208 -0.01640647 -0.0319916 0.001295208 -0.01640647 -0.0319916 0.001295208 -0.01640647 -0.0319916 0.001295208 -0.01711595 -0.04292905 0.003862679 -0.01711595 -0.04292905 0.003862679 -0.01711595 -0.04292905 0.003862679 -0.01711595 -0.04292905 0.003862679 -0.01711595 -0.04292905 0.003862679 -0.01711595 -0.04292905 0.003862679 -0.01713347 -0.04316359 0.003622889 -0.01713347 -0.04316359 0.003622889 -0.01713347 -0.04316359 0.003622889 -0.01713347 -0.04316359 0.003622889 -0.01714748 -0.04333907 0.003336846 -0.01714748 -0.04333907 0.003336846 -0.01714748 -0.04333907 0.003336846 -0.01714748 -0.04333907 0.003336846 -0.01715713 -0.04344654 0.003018736 -0.01715713 -0.04344654 0.003018736 -0.01715713 -0.04344654 0.003018736 -0.01715713 -0.04344654 0.003018736 -0.01715713 -0.04344654 0.003018736 -0.01716208 -0.04348069 0.002684593 -0.01716208 -0.04348069 0.002684593 -0.01716208 -0.04348069 0.002684593 -0.01716208 -0.04348069 0.002684593 -0.01716202 -0.04343974 0.002351224 -0.01716202 -0.04343974 0.002351224 -0.01716202 -0.04343974 0.002351224 -0.01716202 -0.04343974 0.002351224 -0.01715689 -0.0433259 0.00203526 -0.01715689 -0.0433259 0.00203526 -0.01715689 -0.0433259 0.00203526 -0.01715689 -0.0433259 0.00203526 -0.01715689 -0.0433259 0.00203526 -0.017147 -0.0431447 0.001752614 -0.017147 -0.0431447 0.001752614 -0.017147 -0.0431447 0.001752614 -0.017147 -0.0431447 0.001752614 -0.01713287 -0.04290533 0.001517355 -0.01713287 -0.04290533 0.001517355 -0.01713287 -0.04290533 0.001517355 -0.01713287 -0.04290533 0.001517355 -0.01713287 -0.04290533 0.001517355 -0.01711523 -0.04261976 0.001341402 -0.01711523 -0.04261976 0.001341402 -0.01711523 -0.04261976 0.001341402 -0.01711523 -0.04261976 0.001341402 -0.01709491 -0.04230231 0.001233518 -0.01709491 -0.04230231 0.001233518 -0.01709491 -0.04230231 0.001233518 -0.01709491 -0.04230231 0.001233518 -0.01705127 -0.04199922 0.004198908 -0.01705127 -0.04199922 0.004198908 -0.01705127 -0.04199922 0.004198908 -0.01705127 -0.04199922 0.004198908 -0.01705127 -0.04199922 0.004198908 -0.01707375 -0.04233187 0.004158079 -0.01707375 -0.04233187 0.004158079 -0.01707375 -0.04233187 0.004158079 -0.01707375 -0.04233187 0.004158079 -0.01709568 -0.04264706 0.004044115 -0.01709568 -0.04264706 0.004044115 -0.01709568 -0.04264706 0.004044115 -0.01709568 -0.04264706 0.004044115 -0.01357185 0.004408776 0.05264669 -0.01357185 0.004408776 0.05264669 -0.01357185 0.004408776 0.05264669 -0.01357185 0.004408776 0.05264669 -0.01357185 0.004408776 0.05264669 -0.01357185 0.004408776 0.05264669 -0.01357185 0.004408776 0.05264669 -0.01357185 0.004408776 0.05264669 -0.01357185 0.004408776 0.05264669 -0.01523804 -0.02053445 0.05240654 -0.01523804 -0.02053445 0.05240654 -0.01523804 -0.02053445 0.05240654 -0.01523804 -0.02053445 0.05240654 -0.01523804 -0.02053445 0.05240654 -0.01594668 -0.03116035 0.05245506 -0.01594668 -0.03116035 0.05245506 -0.01594668 -0.03116035 0.05245506 -0.01594668 -0.03116035 0.05245506 -0.01594668 -0.03116035 0.05245506 -0.01595652 -0.03134155 0.05273771 -0.01595652 -0.03134155 0.05273771 -0.01595652 -0.03134155 0.05273771 -0.01595652 -0.03134155 0.05273771 -0.0159707 -0.03158092 0.05297297 -0.0159707 -0.03158092 0.05297297 -0.0159707 -0.03158092 0.05297297 -0.0159707 -0.03158092 0.05297297 -0.01598834 -0.03186649 0.05314886 -0.01598834 -0.03186649 0.05314886 -0.01598834 -0.03186649 0.05314886 -0.01598834 -0.03186649 0.05314886 -0.01600861 -0.03218394 0.0532568 -0.01600861 -0.03218394 0.0532568 -0.01600861 -0.03218394 0.0532568 -0.01600861 -0.03218394 0.0532568 -0.01600861 -0.03218394 0.0532568 -0.0160306 -0.03251731 0.0532912 -0.0160306 -0.03251731 0.0532912 -0.0160306 -0.03251731 0.0532912 -0.0160306 -0.03251731 0.0532912 -0.0160306 -0.03251731 0.0532912 -0.0160306 -0.03251731 0.0532912 -0.01353573 0.004358232 0.05764633 -0.01353573 0.004358232 0.05764633 -0.01353573 0.004358232 0.05764633 -0.01353573 0.004358232 0.05764633 -0.01353573 0.004358232 0.05764633 -0.0153858 -0.02250969 0.0503875 -0.0153858 -0.02250969 0.0503875 -0.0153858 -0.02250969 0.0503875 -0.0153858 -0.02250969 0.0503875 -0.0153858 -0.02250969 0.0503875 -0.0153858 -0.02250969 0.0503875 -0.0153858 -0.02250969 0.0503875 -0.01574373 -0.02750539 0.04728066 -0.01574373 -0.02750539 0.04728066 -0.01574373 -0.02750539 0.04728066 -0.01574373 -0.02750539 0.04728066 -0.01574373 -0.02750539 0.04728066 -0.01574975 -0.02761518 0.04744184 -0.01574975 -0.02761518 0.04744184 -0.01574975 -0.02761518 0.04744184 -0.01574975 -0.02761518 0.04744184 -0.01602977 -0.03215438 0.05033224 -0.01602977 -0.03215438 0.05033224 -0.01602977 -0.03215438 0.05033224 -0.01602977 -0.03215438 0.05033224 -0.01600784 -0.03183913 0.05044621 -0.01600784 -0.03183913 0.05044621 -0.01600784 -0.03183913 0.05044621 -0.01600784 -0.03183913 0.05044621 -0.01600784 -0.03183913 0.05044621 -0.01598757 -0.0315572 0.05062764 -0.01598757 -0.0315572 0.05062764 -0.01598757 -0.0315572 0.05062764 -0.01598757 -0.0315572 0.05062764 -0.01598757 -0.0315572 0.05062764 -0.01597005 -0.03132265 0.05086737 -0.01597005 -0.03132265 0.05086737 -0.01597005 -0.03132265 0.05086737 -0.01597005 -0.03132265 0.05086737 -0.01597005 -0.03132265 0.05086737 -0.0159561 -0.03114724 0.05115348 -0.0159561 -0.03114724 0.05115348 -0.0159561 -0.03114724 0.05115348 -0.0159561 -0.03114724 0.05115348 -0.0159561 -0.03114724 0.05115348 -0.01594644 -0.03103977 0.05147159 -0.01594644 -0.03103977 0.05147159 -0.01594644 -0.03103977 0.05147159 -0.01594644 -0.03103977 0.05147159 -0.01594644 -0.03103977 0.05147159 -0.0159415 -0.03100556 0.05180567 -0.0159415 -0.03100556 0.05180567 -0.0159415 -0.03100556 0.05180567 -0.0159415 -0.03100556 0.05180567 -0.01594156 -0.0310465 0.0521391 -0.01594156 -0.0310465 0.0521391 -0.01594156 -0.0310465 0.0521391 -0.01594156 -0.0310465 0.0521391 -0.01638394 -0.03165894 0.001336038 -0.01638394 -0.03165894 0.001336038 -0.01638394 -0.03165894 0.001336038 -0.01638394 -0.03165894 0.001336038 -0.01636201 -0.03134375 0.001450002 -0.01636201 -0.03134375 0.001450002 -0.01636201 -0.03134375 0.001450002 -0.01636201 -0.03134375 0.001450002 -0.01636201 -0.03134375 0.001450002 -0.01634174 -0.03106182 0.001631438 -0.01634174 -0.03106182 0.001631438 -0.01634174 -0.03106182 0.001631438 -0.01634174 -0.03106182 0.001631438 -0.01634174 -0.03106182 0.001631438 -0.01632422 -0.03082722 0.001871168 -0.01632422 -0.03082722 0.001871168 -0.01632422 -0.03082722 0.001871168 -0.01632422 -0.03082722 0.001871168 -0.0166971 -0.04249465 0.05319511 -0.0166971 -0.04249465 0.05319511 -0.0166971 -0.04249465 0.05319511 -0.0166971 -0.04249465 0.05319511 -0.0166971 -0.04249465 0.05319511 -0.0166971 -0.04249465 0.05319511 -0.0166971 -0.04249465 0.05319511 -0.0166971 -0.04249465 0.05319511 -0.0166971 -0.04249465 0.05319511 -0.0166971 -0.04249465 0.05319511 -0.01671963 -0.0428273 0.05315428 -0.01671963 -0.0428273 0.05315428 -0.01671963 -0.0428273 0.05315428 -0.01671963 -0.0428273 0.05315428 -0.01702374 -0.04745066 0.05370914 -0.01702374 -0.04745066 0.05370914 -0.01702374 -0.04745066 0.05370914 -0.01702374 -0.04745066 0.05370914 -0.01701343 -0.04734086 0.05408543 -0.01701343 -0.04734086 0.05408543 -0.01701343 -0.04734086 0.05408543 -0.01701343 -0.04734086 0.05408543 -0.01699858 -0.04715996 0.05443292 -0.01699858 -0.04715996 0.05443292 -0.01699858 -0.04715996 0.05443292 -0.01699858 -0.04715996 0.05443292 -0.01699858 -0.04715996 0.05443292 -0.01697987 -0.04691487 0.0547384 -0.01697987 -0.04691487 0.0547384 -0.01697987 -0.04691487 0.0547384 -0.01697987 -0.04691487 0.0547384 -0.01697987 -0.04691487 0.0547384 -0.01684474 -0.04510909 0.05658423 -0.01684474 -0.04510909 0.05658423 -0.01684474 -0.04510909 0.05658423 -0.01684474 -0.04510909 0.05658423 -0.01682275 -0.04480922 0.05683583 -0.01682275 -0.04480922 0.05683583 -0.01682275 -0.04480922 0.05683583 -0.01682275 -0.04480922 0.05683583 -0.01682275 -0.04480922 0.05683583 -0.01679837 -0.04446607 0.05702394 -0.01679837 -0.04446607 0.05702394 -0.01679837 -0.04446607 0.05702394 -0.01679837 -0.04446607 0.05702394 -0.01677256 -0.04409289 0.05714136 -0.01677256 -0.04409289 0.05714136 -0.01677256 -0.04409289 0.05714136 -0.01677256 -0.04409289 0.05714136 -0.01674628 -0.04370403 0.05718356 -0.01674628 -0.04370403 0.05718356 -0.01674628 -0.04370403 0.05718356 -0.01674628 -0.04370403 0.05718356 -0.01605314 -0.03284996 0.05325037 -0.01605314 -0.03284996 0.05325037 -0.01605314 -0.03284996 0.05325037 -0.01605314 -0.03284996 0.05325037 -0.01605314 -0.03284996 0.05325037 -0.01667511 -0.04216122 0.05316072 -0.01667511 -0.04216122 0.05316072 -0.01667511 -0.04216122 0.05316072 -0.01667511 -0.04216122 0.05316072 -0.0167793 -0.04365903 0.05261909 -0.0167793 -0.04365903 0.05261909 -0.0167793 -0.04365903 0.05261909 -0.0167793 -0.04365903 0.05261909 -0.0167793 -0.04365903 0.05261909 -0.01679331 -0.04383444 0.05233299 -0.01679331 -0.04383444 0.05233299 -0.01679331 -0.04383444 0.05233299 -0.01679331 -0.04383444 0.05233299 -0.01679331 -0.04383444 0.05233299 -0.01680296 -0.04394191 0.05201494 -0.01680296 -0.04394191 0.05201494 -0.01680296 -0.04394191 0.05201494 -0.01680296 -0.04394191 0.05201494 -0.01680296 -0.04394191 0.05201494 -0.01680791 -0.04397606 0.0516808 -0.01680791 -0.04397606 0.0516808 -0.01680791 -0.04397606 0.0516808 -0.01680791 -0.04397606 0.0516808 -0.01680791 -0.04397606 0.0516808 -0.01680779 -0.04393517 0.05134743 -0.01680779 -0.04393517 0.05134743 -0.01680779 -0.04393517 0.05134743 -0.01680779 -0.04393517 0.05134743 -0.01680779 -0.04393517 0.05134743 -0.01680272 -0.04382127 0.05103147 -0.01680272 -0.04382127 0.05103147 -0.01680272 -0.04382127 0.05103147 -0.01680272 -0.04382127 0.05103147 -0.01680272 -0.04382127 0.05103147 -0.01679283 -0.04364013 0.05074882 -0.01679283 -0.04364013 0.05074882 -0.01679283 -0.04364013 0.05074882 -0.01679283 -0.04364013 0.05074882 -0.0167787 -0.04340076 0.05051356 -0.0167787 -0.04340076 0.05051356 -0.0167787 -0.04340076 0.05051356 -0.0167787 -0.04340076 0.05051356 -0.01676106 -0.04311519 0.05033761 -0.01676106 -0.04311519 0.05033761 -0.01676106 -0.04311519 0.05033761 -0.01676106 -0.04311519 0.05033761 -0.01674079 -0.04279768 0.05022972 -0.01674079 -0.04279768 0.05022972 -0.01674079 -0.04279768 0.05022972 -0.01674079 -0.04279768 0.05022972 -0.01671874 -0.04246431 0.05019533 -0.01671874 -0.04246431 0.05019533 -0.01671874 -0.04246431 0.05019533 -0.01671874 -0.04246431 0.05019533 -0.01671874 -0.04246431 0.05019533 -0.01671874 -0.04246431 0.05019533 -0.01674151 -0.04314249 0.05304032 -0.01674151 -0.04314249 0.05304032 -0.01674151 -0.04314249 0.05304032 -0.01674151 -0.04314249 0.05304032 -0.01676183 -0.04342442 0.05285888 -0.01676183 -0.04342442 0.05285888 -0.01676183 -0.04342442 0.05285888 -0.01676183 -0.04342442 0.05285888 -0.01676183 -0.04342442 0.05285888 -0.01702928 -0.04166579 0.004164516 -0.01702928 -0.04166579 0.004164516 -0.01702928 -0.04166579 0.004164516 -0.01702928 -0.04166579 0.004164516 -0.01702928 -0.04166579 0.004164516 -0.01640731 -0.03235459 0.004254162 -0.01640731 -0.03235459 0.004254162 -0.01640731 -0.03235459 0.004254162 -0.01640731 -0.03235459 0.004254162 -0.01640731 -0.03235459 0.004254162 -0.01700896 -0.04134839 0.004056632 -0.01700896 -0.04134839 0.004056632 -0.01700896 -0.04134839 0.004056632 -0.01700896 -0.04134839 0.004056632 -0.01700896 -0.04134839 0.004056632 -0.01642924 -0.03266978 0.004140198 -0.01642924 -0.03266978 0.004140198 -0.01642924 -0.03266978 0.004140198 -0.01642924 -0.03266978 0.004140198 -0.01642924 -0.03266978 0.004140198 -0.01699131 -0.04106283 0.003880679 -0.01699131 -0.04106283 0.003880679 -0.01699131 -0.04106283 0.003880679 -0.01699131 -0.04106283 0.003880679 -0.01699131 -0.04106283 0.003880679 -0.01644951 -0.03295171 0.003958761 -0.01644951 -0.03295171 0.003958761 -0.01644951 -0.03295171 0.003958761 -0.01644951 -0.03295171 0.003958761 -0.01644951 -0.03295171 0.003958761 -0.01644951 -0.03295171 0.003958761 -0.01697719 -0.04082345 0.00364542 -0.01697719 -0.04082345 0.00364542 -0.01697719 -0.04082345 0.00364542 -0.01697719 -0.04082345 0.00364542 -0.01697719 -0.04082345 0.00364542 -0.01646703 -0.03318631 0.003718972 -0.01646703 -0.03318631 0.003718972 -0.01646703 -0.03318631 0.003718972 -0.01646703 -0.03318631 0.003718972 -0.01646703 -0.03318631 0.003718972 -0.01696729 -0.04064226 0.003362774 -0.01696729 -0.04064226 0.003362774 -0.01696729 -0.04064226 0.003362774 -0.01696729 -0.04064226 0.003362774 -0.01648098 -0.03336173 0.003432869 -0.01648098 -0.03336173 0.003432869 -0.01648098 -0.03336173 0.003432869 -0.01648098 -0.03336173 0.003432869 -0.01696217 -0.04052835 0.00304681 -0.01696217 -0.04052835 0.00304681 -0.01696217 -0.04052835 0.00304681 -0.01696217 -0.04052835 0.00304681 -0.01696217 -0.04052835 0.00304681 -0.01649063 -0.0334692 0.003114819 -0.01649063 -0.0334692 0.003114819 -0.01649063 -0.0334692 0.003114819 -0.01649063 -0.0334692 0.003114819 -0.01649063 -0.0334692 0.003114819 -0.01696211 -0.04048746 0.002713441 -0.01696211 -0.04048746 0.002713441 -0.01696211 -0.04048746 0.002713441 -0.01696211 -0.04048746 0.002713441 -0.01649558 -0.03350335 0.002780675 -0.01649558 -0.03350335 0.002780675 -0.01649558 -0.03350335 0.002780675 -0.01649558 -0.03350335 0.002780675 -0.01696705 -0.04052162 0.002379298 -0.01696705 -0.04052162 0.002379298 -0.01696705 -0.04052162 0.002379298 -0.01696705 -0.04052162 0.002379298 -0.01696705 -0.04052162 0.002379298 -0.01696705 -0.04052162 0.002379298 -0.01649552 -0.03346246 0.002447307 -0.01649552 -0.03346246 0.002447307 -0.01649552 -0.03346246 0.002447307 -0.01649552 -0.03346246 0.002447307 -0.01649552 -0.03346246 0.002447307 -0.01697671 -0.04062908 0.002061247 -0.01697671 -0.04062908 0.002061247 -0.01697671 -0.04062908 0.002061247 -0.01697671 -0.04062908 0.002061247 -0.01649039 -0.03334856 0.002131342 -0.01649039 -0.03334856 0.002131342 -0.01649039 -0.03334856 0.002131342 -0.01649039 -0.03334856 0.002131342 -0.01699072 -0.0408045 0.001775145 -0.01699072 -0.0408045 0.001775145 -0.01699072 -0.0408045 0.001775145 -0.01699072 -0.0408045 0.001775145 -0.01648056 -0.03316742 0.001848638 -0.01648056 -0.03316742 0.001848638 -0.01648056 -0.03316742 0.001848638 -0.01648056 -0.03316742 0.001848638 -0.01700824 -0.0410391 0.001535356 -0.01700824 -0.0410391 0.001535356 -0.01700824 -0.0410391 0.001535356 -0.01700824 -0.0410391 0.001535356 -0.01700824 -0.0410391 0.001535356 -0.01646643 -0.03292804 0.001613438 -0.01646643 -0.03292804 0.001613438 -0.01646643 -0.03292804 0.001613438 -0.01646643 -0.03292804 0.001613438 -0.01646643 -0.03292804 0.001613438 -0.01702851 -0.04132103 0.001353919 -0.01702851 -0.04132103 0.001353919 -0.01702851 -0.04132103 0.001353919 -0.01702851 -0.04132103 0.001353919 -0.01702851 -0.04132103 0.001353919 -0.01644873 -0.03264242 0.001437485 -0.01644873 -0.03264242 0.001437485 -0.01644873 -0.03264242 0.001437485 -0.01644873 -0.03264242 0.001437485 -0.01644873 -0.03264242 0.001437485 -0.01665478 -0.04184377 0.05305284 -0.01665478 -0.04184377 0.05305284 -0.01665478 -0.04184377 0.05305284 -0.01665478 -0.04184377 0.05305284 -0.01665478 -0.04184377 0.05305284 -0.01607501 -0.03316521 0.0531364 -0.01607501 -0.03316521 0.0531364 -0.01607501 -0.03316521 0.0531364 -0.01607501 -0.03316521 0.0531364 -0.01607501 -0.03316521 0.0531364 -0.01607501 -0.03316521 0.0531364 -0.01663714 -0.0415582 0.05287688 -0.01663714 -0.0415582 0.05287688 -0.01663714 -0.0415582 0.05287688 -0.01663714 -0.0415582 0.05287688 -0.01663714 -0.0415582 0.05287688 -0.01663714 -0.0415582 0.05287688 -0.01609534 -0.03344714 0.05295497 -0.01609534 -0.03344714 0.05295497 -0.01609534 -0.03344714 0.05295497 -0.01609534 -0.03344714 0.05295497 -0.01609534 -0.03344714 0.05295497 -0.01609534 -0.03344714 0.05295497 -0.01662302 -0.04131883 0.05264168 -0.01662302 -0.04131883 0.05264168 -0.01662302 -0.04131883 0.05264168 -0.01662302 -0.04131883 0.05264168 -0.01611286 -0.03368175 0.05271518 -0.01611286 -0.03368175 0.05271518 -0.01611286 -0.03368175 0.05271518 -0.01611286 -0.03368175 0.05271518 -0.01611286 -0.03368175 0.05271518 -0.01611286 -0.03368175 0.05271518 -0.01661318 -0.04113769 0.05235898 -0.01661318 -0.04113769 0.05235898 -0.01661318 -0.04113769 0.05235898 -0.01661318 -0.04113769 0.05235898 -0.01661318 -0.04113769 0.05235898 -0.01612687 -0.0338571 0.05242908 -0.01612687 -0.0338571 0.05242908 -0.01612687 -0.0338571 0.05242908 -0.01612687 -0.0338571 0.05242908 -0.01612687 -0.0338571 0.05242908 -0.01660805 -0.04102379 0.05204302 -0.01660805 -0.04102379 0.05204302 -0.01660805 -0.04102379 0.05204302 -0.01660805 -0.04102379 0.05204302 -0.01613646 -0.03396463 0.05211102 -0.01613646 -0.03396463 0.05211102 -0.01613646 -0.03396463 0.05211102 -0.01613646 -0.03396463 0.05211102 -0.01613646 -0.03396463 0.05211102 -0.01613646 -0.03396463 0.05211102 -0.01660794 -0.0409829 0.05170965 -0.01660794 -0.0409829 0.05170965 -0.01660794 -0.0409829 0.05170965 -0.01660794 -0.0409829 0.05170965 -0.01660794 -0.0409829 0.05170965 -0.01614147 -0.03399878 0.05177688 -0.01614147 -0.03399878 0.05177688 -0.01614147 -0.03399878 0.05177688 -0.01614147 -0.03399878 0.05177688 -0.01614147 -0.03399878 0.05177688 -0.01614147 -0.03399878 0.05177688 -0.01661288 -0.04101699 0.0513755 -0.01661288 -0.04101699 0.0513755 -0.01661288 -0.04101699 0.0513755 -0.01661288 -0.04101699 0.0513755 -0.01661288 -0.04101699 0.0513755 -0.01661288 -0.04101699 0.0513755 -0.01614135 -0.03395783 0.05144351 -0.01614135 -0.03395783 0.05144351 -0.01614135 -0.03395783 0.05144351 -0.01614135 -0.03395783 0.05144351 -0.01614135 -0.03395783 0.05144351 -0.01662254 -0.04112452 0.05105745 -0.01662254 -0.04112452 0.05105745 -0.01662254 -0.04112452 0.05105745 -0.01662254 -0.04112452 0.05105745 -0.01613622 -0.03384399 0.05112755 -0.01613622 -0.03384399 0.05112755 -0.01613622 -0.03384399 0.05112755 -0.01613622 -0.03384399 0.05112755 -0.01613622 -0.03384399 0.05112755 -0.01663655 -0.04129993 0.05077135 -0.01663655 -0.04129993 0.05077135 -0.01663655 -0.04129993 0.05077135 -0.01663655 -0.04129993 0.05077135 -0.01663655 -0.04129993 0.05077135 -0.01612639 -0.03366279 0.05084484 -0.01612639 -0.03366279 0.05084484 -0.01612639 -0.03366279 0.05084484 -0.01612639 -0.03366279 0.05084484 -0.01612639 -0.03366279 0.05084484 -0.01612639 -0.03366279 0.05084484 -0.01665407 -0.04153454 0.05053156 -0.01665407 -0.04153454 0.05053156 -0.01665407 -0.04153454 0.05053156 -0.01665407 -0.04153454 0.05053156 -0.01665407 -0.04153454 0.05053156 -0.01665407 -0.04153454 0.05053156 -0.01611226 -0.03342342 0.05060964 -0.01611226 -0.03342342 0.05060964 -0.01611226 -0.03342342 0.05060964 -0.01611226 -0.03342342 0.05060964 -0.01611226 -0.03342342 0.05060964 -0.01667433 -0.04181647 0.05035012 -0.01667433 -0.04181647 0.05035012 -0.01667433 -0.04181647 0.05035012 -0.01667433 -0.04181647 0.05035012 -0.01667433 -0.04181647 0.05035012 -0.01609456 -0.03313785 0.05043369 -0.01609456 -0.03313785 0.05043369 -0.01609456 -0.03313785 0.05043369 -0.01609456 -0.03313785 0.05043369 -0.01609456 -0.03313785 0.05043369 -0.01669627 -0.04213166 0.05023616 -0.01669627 -0.04213166 0.05023616 -0.01669627 -0.04213166 0.05023616 -0.01669627 -0.04213166 0.05023616 -0.01669627 -0.04213166 0.05023616 -0.01669627 -0.04213166 0.05023616 -0.01607429 -0.0328204 0.05032581 -0.01607429 -0.0328204 0.05032581 -0.01607429 -0.0328204 0.05032581 -0.01607429 -0.0328204 0.05032581 -0.01607429 -0.0328204 0.05032581 0.01145601 -0.04881221 0.05451363 0.01145601 -0.04881221 0.05451363 0.01145601 -0.04881221 0.05451363 0.01159107 -0.04700642 0.05635946 0.01159107 -0.04700642 0.05635946 0.01159107 -0.04700642 0.05635946 0.01159107 -0.04700642 0.05635946 0.01159107 -0.04700642 0.05635946 0.01486396 0.002511441 0.05242198 0.01486396 0.002511441 0.05242198 0.01486396 0.002511441 0.05242198 0.01486396 0.002511441 0.05242198 0.01486396 0.002511441 0.05242198 0.01486396 0.002511441 0.05242198 0.01486396 0.002511441 0.05242198 0.01486396 0.002511441 0.05242198 0.01490014 0.002460837 0.05742156 0.01490014 0.002460837 0.05742156 0.01490014 0.002460837 0.05742156 0.01490014 0.002460837 0.05742156 0.0116896 -0.04560136 0.05695879 0.0116896 -0.04560136 0.05695879 0.0116896 -0.04560136 0.05695879 0.0116896 -0.04560136 0.05695879 0.0116896 -0.04560136 0.05695879 0.0116896 -0.04560136 0.05695879 0.01166331 -0.04599022 0.05691665 0.01166331 -0.04599022 0.05691665 0.01166331 -0.04599022 0.05691665 0.0116375 -0.04636341 0.05679923 0.0116375 -0.04636341 0.05679923 0.0116375 -0.04636341 0.05679923 0.0116375 -0.04636341 0.05679923 0.01161313 -0.04670655 0.05661112 0.01161313 -0.04670655 0.05661112 0.01161313 -0.04670655 0.05661112 0.01161313 -0.04670655 0.05661112 0.01143729 -0.04905736 0.05420821 0.01143729 -0.04905736 0.05420821 0.01143729 -0.04905736 0.05420821 0.01143729 -0.04905736 0.05420821 0.01142245 -0.0492382 0.05386066 0.01142245 -0.0492382 0.05386066 0.01142245 -0.0492382 0.05386066 0.01142245 -0.0492382 0.05386066 0.01142245 -0.0492382 0.05386066 0.01141214 -0.04934799 0.05348443 0.01141214 -0.04934799 0.05348443 0.01141214 -0.04934799 0.05348443 0.01141214 -0.04934799 0.05348443 0.01319777 -0.02243179 0.05218178 0.01319777 -0.02243179 0.05218178 0.01319777 -0.02243179 0.05218178 0.01319777 -0.02243179 0.05218178 0.01319777 -0.02243179 0.05218178 0.01319777 -0.02243179 0.05218178 0.01305001 -0.02440702 0.05016273 0.01305001 -0.02440702 0.05016273 0.01305001 -0.02440702 0.05016273 0.01305001 -0.02440702 0.05016273 0.01305001 -0.02440702 0.05016273 0.01305001 -0.02440702 0.05016273 0.009138464 -0.006424784 0.0573734 0.009138464 -0.006424784 0.0573734 0.009138464 -0.006424784 0.0573734 0.009138464 -0.006424784 0.0573734 0.008595883 -0.007162809 0.05736982 0.008595883 -0.007162809 0.05736982 0.008595883 -0.007162809 0.05736982 0.007991135 -0.007850766 0.05736726 0.007991135 -0.007850766 0.05736726 0.007991135 -0.007850766 0.05736726 0.007328689 -0.008483409 0.05736565 0.007328689 -0.008483409 0.05736565 0.007328689 -0.008483409 0.05736565 0.006613612 -0.009055852 0.057365 0.006613612 -0.009055852 0.057365 0.006613612 -0.009055852 0.057365 0.005851328 -0.009563863 0.05736541 0.005851328 -0.009563863 0.05736541 0.005851328 -0.009563863 0.05736541 0.005047738 -0.0100035 0.05736678 0.005047738 -0.0100035 0.05736678 0.005047738 -0.0100035 0.05736678 0.004208862 -0.01037138 0.05736911 0.004208862 -0.01037138 0.05736911 0.004208862 -0.01037138 0.05736911 0.003341078 -0.01066482 0.05737239 0.003341078 -0.01066482 0.05737239 0.003341078 -0.01066482 0.05737239 0.003341078 -0.01066482 0.05737239 0.002451121 -0.01088148 0.05737668 0.002451121 -0.01088148 0.05737668 0.002451121 -0.01088148 0.05737668 0.002451121 -0.01088148 0.05737668 0.001545608 -0.01101976 0.0573818 0.001545608 -0.01101976 0.0573818 0.001545608 -0.01101976 0.0573818 6.31525e-4 -0.01107859 0.05738782 6.31525e-4 -0.01107859 0.05738782 6.31525e-4 -0.01107859 0.05738782 -2.8418e-4 -0.01105749 0.05739468 -2.8418e-4 -0.01105749 0.05739468 -2.8418e-4 -0.01105749 0.05739468 -0.001194596 -0.0109567 0.05740225 -0.001194596 -0.0109567 0.05740225 -0.001194596 -0.0109567 0.05740225 -0.002092778 -0.01077693 0.05741053 -0.002092778 -0.01077693 0.05741053 -0.002092778 -0.01077693 0.05741053 -0.002971827 -0.01051962 0.05741953 -0.002971827 -0.01051962 0.05741953 -0.002971827 -0.01051962 0.05741953 -0.003825128 -0.01018661 0.05742907 -0.003825128 -0.01018661 0.05742907 -0.003825128 -0.01018661 0.05742907 -0.004646122 -0.009780526 0.05743908 -0.004646122 -0.009780526 0.05743908 -0.004646122 -0.009780526 0.05743908 -0.005428612 -0.009304463 0.05744957 -0.005428612 -0.009304463 0.05744957 -0.005428612 -0.009304463 0.05744957 -0.006166636 -0.008762001 0.05746036 -0.006166636 -0.008762001 0.05746036 -0.006166636 -0.008762001 0.05746036 -0.006854534 -0.008157253 0.05747145 -0.006854534 -0.008157253 0.05747145 -0.006854534 -0.008157253 0.05747145 -0.007487118 -0.007494807 0.05748271 -0.007487118 -0.007494807 0.05748271 -0.007487118 -0.007494807 0.05748271 -0.007487118 -0.007494807 0.05748271 -0.008059561 -0.006779789 0.0574941 -0.008059561 -0.006779789 0.0574941 -0.008059561 -0.006779789 0.0574941 -0.008059561 -0.006779789 0.0574941 -0.008567512 -0.006017625 0.05750548 -0.008567512 -0.006017625 0.05750548 -0.008567512 -0.006017625 0.05750548 -0.008567512 -0.006017625 0.05750548 -0.008567512 -0.006017625 0.05750548 -0.009007096 -0.005214035 0.05751681 -0.009007096 -0.005214035 0.05751681 -0.009007096 -0.005214035 0.05751681 -0.009007096 -0.005214035 0.05751681 -0.009007096 -0.005214035 0.05751681 0.008814871 0.009416639 0.05753588 0.008814871 0.009416639 0.05753588 0.008814871 0.009416639 0.05753588 0.008814871 0.009416639 0.05753588 0.008814871 0.009416639 0.05753588 0.008814871 0.009416639 0.05753588 0.008422613 0.009817302 0.0575428 0.008422613 0.009817302 0.0575428 0.008422613 0.009817302 0.0575428 0.008422613 0.009817302 0.0575428 0.007987976 0.01017141 0.05754947 0.007987976 0.01017141 0.05754947 0.007987976 0.01017141 0.05754947 0.007987976 0.01017141 0.05754947 0.007987976 0.01017141 0.05754947 0.007516443 0.01047474 0.05755597 0.007516443 0.01047474 0.05755597 0.007516443 0.01047474 0.05755597 0.007516443 0.01047474 0.05755597 0.007013857 0.01072329 0.05756211 0.007013857 0.01072329 0.05756211 0.007013857 0.01072329 0.05756211 0.007013857 0.01072329 0.05756211 0.006486654 0.01091402 0.05756789 0.006486654 0.01091402 0.05756789 0.006486654 0.01091402 0.05756789 0.006486654 0.01091402 0.05756789 0.006486654 0.01091402 0.05756789 0.005941331 0.01104456 0.05757313 0.005941331 0.01104456 0.05757313 0.005941331 0.01104456 0.05757313 0.005941331 0.01104456 0.05757313 0.005384862 0.01111316 0.05757784 0.005384862 0.01111316 0.05757784 0.005384862 0.01111316 0.05757784 0.005384862 0.01111316 0.05757784 -0.002954125 0.01166957 0.05764377 -0.002954125 0.01166957 0.05764377 -0.002954125 0.01166957 0.05764377 0.001115381 0.009894788 0.05759638 0.001115381 0.009894788 0.05759638 0.001115381 0.009894788 0.05759638 0.001115381 0.009894788 0.05759638 0.001115381 0.009894788 0.05759638 0.002025783 0.009793996 0.05758875 0.002025783 0.009793996 0.05758875 0.002025783 0.009793996 0.05758875 0.002923905 0.009614229 0.05758047 0.002923905 0.009614229 0.05758047 0.002923905 0.009614229 0.05758047 0.003803014 0.009356915 0.05757153 0.003803014 0.009356915 0.05757153 0.003803014 0.009356915 0.05757153 0.004656314 0.009023904 0.05756199 0.004656314 0.009023904 0.05756199 0.004656314 0.009023904 0.05756199 0.005477309 0.008617818 0.05755192 0.005477309 0.008617818 0.05755192 0.005477309 0.008617818 0.05755192 0.006259799 0.008141756 0.05754148 0.006259799 0.008141756 0.05754148 0.006259799 0.008141756 0.05754148 0.006997764 0.007599234 0.05753064 0.006997764 0.007599234 0.05753064 0.006997764 0.007599234 0.05753064 0.00768572 0.006994485 0.05751955 0.00768572 0.006994485 0.05751955 0.00768572 0.006994485 0.05751955 0.008318305 0.006332099 0.05750828 0.008318305 0.006332099 0.05750828 0.008318305 0.006332099 0.05750828 0.008890748 0.005617082 0.0574969 0.008890748 0.005617082 0.0574969 0.008890748 0.005617082 0.0574969 0.009398698 0.004854917 0.05748552 0.009398698 0.004854917 0.05748552 0.009398698 0.004854917 0.05748552 0.009838283 0.004051327 0.05747425 0.009838283 0.004051327 0.05747425 0.009838283 0.004051327 0.05747425 0.01020616 0.003212511 0.0574631 0.01020616 0.003212511 0.0574631 0.01020616 0.003212511 0.0574631 0.01049947 0.002344787 0.0574522 0.01049947 0.002344787 0.0574522 0.01049947 0.002344787 0.0574522 -0.003514766 0.01167547 0.05764788 -0.003514766 0.01167547 0.05764788 -0.003514766 0.01167547 0.05764788 -0.004072606 0.01161861 0.05765134 -0.004072606 0.01161861 0.05765134 -0.004072606 0.01161861 0.05765134 -0.004620492 0.01149958 0.05765408 -0.004620492 0.01149958 0.05765408 -0.004620492 0.01149958 0.05765408 -0.005151689 0.01131999 0.0576561 -0.005151689 0.01131999 0.0576561 -0.005151689 0.01131999 0.0576561 -0.005151689 0.01131999 0.0576561 -0.005659401 0.01108205 0.05765736 -0.005659401 0.01108205 0.05765736 -0.005659401 0.01108205 0.05765736 -0.005659401 0.01108205 0.05765736 -0.006137251 0.01078873 0.05765783 -0.006137251 0.01078873 0.05765783 -0.006137251 0.01078873 0.05765783 -0.006579339 0.0104438 0.05765753 -0.006579339 0.0104438 0.05765753 -0.006579339 0.0104438 0.05765753 -0.006579339 0.0104438 0.05765753 -0.006579339 0.0104438 0.05765753 0.01071608 0.00145483 0.05744165 0.01071608 0.00145483 0.05744165 0.01071608 0.00145483 0.05744165 0.0108543 5.49415e-4 0.05743151 0.0108543 5.49415e-4 0.05743151 0.0108543 5.49415e-4 0.05743151 0.01091307 -3.6467e-4 0.0574218 0.01091307 -3.6467e-4 0.0574218 0.01091307 -3.6467e-4 0.0574218 0.01089191 -0.001280307 0.05741274 0.01089191 -0.001280307 0.05741274 0.01089191 -0.001280307 0.05741274 0.01079112 -0.002190768 0.05740427 0.01079112 -0.002190768 0.05740427 0.01079112 -0.002190768 0.05740427 0.01061129 -0.003088891 0.05739647 0.01061129 -0.003088891 0.05739647 0.01061129 -0.003088891 0.05739647 0.01035386 -0.00396794 0.05738943 0.01035386 -0.00396794 0.05738943 0.01035386 -0.00396794 0.05738943 0.01002079 -0.00482124 0.05738323 0.01002079 -0.00482124 0.05738323 0.01002079 -0.00482124 0.05738323 0.009614646 -0.005642294 0.05737787 0.009614646 -0.005642294 0.05737787 0.009614646 -0.005642294 0.05737787 0.009614646 -0.005642294 0.05737787 -0.009374976 -0.004375219 0.05752789 -0.009374976 -0.004375219 0.05752789 -0.009374976 -0.004375219 0.05752789 -0.009374976 -0.004375219 0.05752789 -0.00966829 -0.003507554 0.0575388 -0.00966829 -0.003507554 0.0575388 -0.00966829 -0.003507554 0.0575388 -0.00966829 -0.003507554 0.0575388 -0.009884893 -0.002617537 0.05754935 -0.009884893 -0.002617537 0.05754935 -0.009884893 -0.002617537 0.05754935 -0.01002311 -0.001712083 0.05755954 -0.01002311 -0.001712083 0.05755954 -0.01002311 -0.001712083 0.05755954 -0.01002311 -0.001712083 0.05755954 -0.01008188 -7.98058e-4 0.0575692 -0.01008188 -7.98058e-4 0.0575692 -0.01008188 -7.98058e-4 0.0575692 -0.01008188 -7.98058e-4 0.0575692 -0.01006072 1.17653e-4 0.05757832 -0.01006072 1.17653e-4 0.05757832 -0.01006072 1.17653e-4 0.05757832 -0.009959876 0.00102806 0.05758678 -0.009959876 0.00102806 0.05758678 -0.009959876 0.00102806 0.05758678 -0.009780108 0.001926183 0.05759453 -0.009780108 0.001926183 0.05759453 -0.009780108 0.001926183 0.05759453 -0.009522676 0.002805233 0.05760163 -0.009522676 0.002805233 0.05760163 -0.009522676 0.002805233 0.05760163 -0.009189605 0.003658533 0.05760782 -0.009189605 0.003658533 0.05760782 -0.009189605 0.003658533 0.05760782 -0.008783459 0.004479527 0.05761319 -0.008783459 0.004479527 0.05761319 -0.008783459 0.004479527 0.05761319 -0.008783459 0.004479527 0.05761319 -0.008307278 0.005262076 0.05761766 -0.008307278 0.005262076 0.05761766 -0.008307278 0.005262076 0.05761766 -0.008307278 0.005262076 0.05761766 -0.007764697 0.006000101 0.05762118 -0.007764697 0.006000101 0.05762118 -0.007764697 0.006000101 0.05762118 -0.007159948 0.006688058 0.0576238 -0.007159948 0.006688058 0.0576238 -0.007159948 0.006688058 0.0576238 -0.007159948 0.006688058 0.0576238 -0.007159948 0.006688058 0.0576238 -0.006497442 0.007320702 0.05762541 -0.006497442 0.007320702 0.05762541 -0.006497442 0.007320702 0.05762541 -0.006497442 0.007320702 0.05762541 -0.006497442 0.007320702 0.05762541 -0.005782365 0.007893145 0.057626 -0.005782365 0.007893145 0.057626 -0.005782365 0.007893145 0.057626 -0.005020141 0.008401155 0.05762565 -0.005020141 0.008401155 0.05762565 -0.005020141 0.008401155 0.05762565 -0.004216551 0.008840739 0.05762428 -0.004216551 0.008840739 0.05762428 -0.004216551 0.008840739 0.05762428 -0.003377676 0.009208679 0.05762189 -0.003377676 0.009208679 0.05762189 -0.003377676 0.009208679 0.05762189 -0.003377676 0.009208679 0.05762189 -0.002509891 0.009502053 0.05761861 -0.002509891 0.009502053 0.05761861 -0.002509891 0.009502053 0.05761861 -0.001619935 0.009718716 0.05761438 -0.001619935 0.009718716 0.05761438 -0.001619935 0.009718716 0.05761438 -7.14438e-4 0.009856998 0.05760926 -7.14438e-4 0.009856998 0.05760926 -7.14438e-4 0.009856998 0.05760926 -7.14438e-4 0.009856998 0.05760926 1.99659e-4 0.009915828 0.05760324 1.99659e-4 0.009915828 0.05760324 1.99659e-4 0.009915828 0.05760324 1.99659e-4 0.009915828 0.05760324 0.01271754 -0.02394199 0.004166305 0.01271754 -0.02394199 0.004166305 0.01271754 -0.02394199 0.004166305 0.01271754 -0.02394199 0.004166305 0.01271754 -0.02394199 0.004166305 -0.002990245 0.01172012 0.05264413 -0.002990245 0.01172012 0.05264413 -0.002990245 0.01172012 0.05264413 0.005348742 0.01116371 0.05257821 0.005348742 0.01116371 0.05257821 0.005348742 0.01116371 0.05257821 0.005348742 0.01116371 0.05257821 0.005348742 0.01116371 0.05257821 0.005348742 0.01116371 0.05257821 7.79358e-4 0.005455553 0.05255353 7.79358e-4 0.005455553 0.05255353 7.79358e-4 0.005455553 0.05255353 7.79358e-4 0.005455553 0.05255353 6.79372e-4 0.00395894 0.05253911 6.79372e-4 0.00395894 0.05253911 6.79372e-4 0.00395894 0.05253911 6.79372e-4 0.00395894 0.05253911 6.79372e-4 0.00395894 0.05253911 5.23373e-4 0.005506753 0.05255591 5.23373e-4 0.005506753 0.05255591 5.23373e-4 0.005506753 0.05255591 5.23373e-4 0.005506753 0.05255591 0.001039862 0.005472302 0.0525518 0.001039862 0.005472302 0.0525518 0.001039862 0.005472302 0.0525518 0.001039862 0.005472302 0.0525518 -0.001605749 0.003507196 0.05255109 -0.001605749 0.003507196 0.05255109 -0.001605749 0.003507196 0.05255109 -0.002115786 0.003213524 0.0525518 -0.002115786 0.003213524 0.0525518 -0.002115786 0.003213524 0.0525518 -0.002115786 0.003213524 0.0525518 -1.00544e-4 0.006775796 0.05257326 -1.00544e-4 0.006775796 0.05257326 -1.00544e-4 0.006775796 0.05257326 -1.00544e-4 0.006775796 0.05257326 -1.00544e-4 0.006775796 0.05257326 -1.00544e-4 0.006775796 0.05257326 0.001262843 0.003881454 0.05253416 0.001262843 0.003881454 0.05253416 0.001262843 0.003881454 0.05253416 0.001504361 0.005700707 0.05255079 0.001504361 0.005700707 0.05255079 0.001504361 0.005700707 0.05255079 0.004870057 -2.41784e-4 0.05246639 0.004870057 -2.41784e-4 0.05246639 0.004870057 -2.41784e-4 0.05246639 0.004870057 -2.41784e-4 0.05246639 0.006532907 -4.403e-4 0.05245232 0.006532907 -4.403e-4 0.05245232 0.006532907 -4.403e-4 0.05245232 0.006532907 -4.403e-4 0.05245232 0.006417155 -6.74294e-4 0.05245077 0.006417155 -6.74294e-4 0.05245077 0.006417155 -6.74294e-4 0.05245077 0.006417155 -6.74294e-4 0.05245077 0.001287102 0.005555927 0.05255091 0.001287102 0.005555927 0.05255091 0.001287102 0.005555927 0.05255091 -0.005946397 -8.17368e-4 0.05253875 -0.005946397 -8.17368e-4 0.05253875 -0.005946397 -8.17368e-4 0.05253875 -0.005774021 -6.21316e-4 0.05253946 -0.005774021 -6.21316e-4 0.05253946 -0.005774021 -6.21316e-4 0.05253946 -0.004111111 -8.19825e-4 0.05252546 -0.004111111 -8.19825e-4 0.05252546 -0.004111111 -8.19825e-4 0.05252546 2.89414e-4 0.005622506 0.05255877 2.89414e-4 0.005622506 0.05255877 2.89414e-4 0.005622506 0.05255877 2.89414e-4 0.005622506 0.05255877 2.89414e-4 0.005622506 0.05255877 -2.04406e-5 -0.006517171 0.05243825 -2.04406e-5 -0.006517171 0.05243825 -2.04406e-5 -0.006517171 0.05243825 -2.04406e-5 -0.006517171 0.05243825 -0.002125203 -0.004269242 0.05247622 -0.002125203 -0.004269242 0.05247622 -0.002125203 -0.004269242 0.05247622 -0.002125203 -0.004269242 0.05247622 -0.002125203 -0.004269242 0.05247622 -0.001615822 -0.004564166 0.05246955 -0.001615822 -0.004564166 0.05246955 -0.001615822 -0.004564166 0.05246955 -0.001072287 -0.004790067 0.05246335 -0.001072287 -0.004790067 0.05246335 -0.001072287 -0.004790067 0.05246335 -5.03949e-4 -0.004943072 0.05245769 -5.03949e-4 -0.004943072 0.05245769 -5.03949e-4 -0.004943072 0.05245769 -5.03949e-4 -0.004943072 0.05245769 7.95444e-5 -0.005020558 0.05245268 7.95444e-5 -0.005020558 0.05245268 7.95444e-5 -0.005020558 0.05245268 6.68153e-4 -0.005021274 0.05244839 6.68153e-4 -0.005021274 0.05244839 6.68153e-4 -0.005021274 0.05244839 0.001251757 -0.004945099 0.05244499 0.001251757 -0.004945099 0.05244499 0.001251757 -0.004945099 0.05244499 0.001820564 -0.004793465 0.05244237 0.001820564 -0.004793465 0.05244237 0.001820564 -0.004793465 0.05244237 0.002364635 -0.004568815 0.0524407 0.002364635 -0.004568815 0.0524407 0.002364635 -0.004568815 0.0524407 0.002364635 -0.004568815 0.0524407 0.007951855 0.01022201 0.05254989 0.007951855 0.01022201 0.05254989 0.007951855 0.01022201 0.05254989 0.007951855 0.01022201 0.05254989 0.004793941 3.41865e-4 0.05247282 0.004793941 3.41865e-4 0.05247282 0.004793941 3.41865e-4 0.05247282 0.004793941 3.41865e-4 0.05247282 0.004642307 9.10583e-4 0.05247968 0.004642307 9.10583e-4 0.05247968 0.004642307 9.10583e-4 0.05247968 0.004417717 0.001454591 0.05248677 0.004417717 0.001454591 0.05248677 0.004417717 0.001454591 0.05248677 0.004124045 0.001964688 0.05249404 0.004124045 0.001964688 0.05249404 0.004124045 0.001964688 0.05249404 0.003766357 0.002432107 0.05250138 0.003766357 0.002432107 0.05250138 0.003766357 0.002432107 0.05250138 0.003766357 0.002432107 0.05250138 0.003350615 0.002848803 0.05250859 0.003350615 0.002848803 0.05250859 0.003350615 0.002848803 0.05250859 0.002884149 0.003207623 0.05251562 0.002884149 0.003207623 0.05251562 0.002884149 0.003207623 0.05251562 0.002884149 0.003207623 0.05251562 0.002374708 0.003502547 0.05252224 0.002374708 0.003502547 0.05252224 0.002374708 0.003502547 0.05252224 0.001831173 0.003728449 0.0525285 0.001831173 0.003728449 0.0525285 0.001831173 0.003728449 0.0525285 0.001831173 0.003728449 0.0525285 0.00184369 0.006386697 0.05255526 0.00184369 0.006386697 0.05255526 0.00184369 0.006386697 0.05255526 0.00184369 0.006386697 0.05255526 0.001826941 0.006647229 0.052558 0.001826941 0.006647229 0.052558 0.001826941 0.006647229 0.052558 0.001826941 0.006647229 0.052558 0.001743376 0.006894469 0.0525611 0.001743376 0.006894469 0.0525611 0.001743376 0.006894469 0.0525611 0.001743376 0.006894469 0.0525611 0.001598596 0.007111728 0.05256438 0.001598596 0.007111728 0.05256438 0.001598596 0.007111728 0.05256438 0.001402556 0.007284045 0.05256754 0.001402556 0.007284045 0.05256754 0.001402556 0.007284045 0.05256754 0.001402556 0.007284045 0.05256754 0.001168549 0.007399797 0.0525704 0.001168549 0.007399797 0.0525704 0.001168549 0.007399797 0.0525704 0.001168549 0.007399797 0.0525704 9.1263e-4 0.007450997 0.05257278 9.1263e-4 0.007450997 0.05257278 9.1263e-4 0.007450997 0.05257278 9.1263e-4 0.007450997 0.05257278 0.00590521 0.0110951 0.0525735 0.00590521 0.0110951 0.0525735 0.00590521 0.0110951 0.0525735 0.00590521 0.0110951 0.0525735 0.006450533 0.01096457 0.05256825 0.006450533 0.01096457 0.05256825 0.006450533 0.01096457 0.05256825 0.006450533 0.01096457 0.05256825 0.006977736 0.01077383 0.05256253 0.006977736 0.01077383 0.05256253 0.006977736 0.01077383 0.05256253 0.006977736 0.01077383 0.05256253 0.006977736 0.01077383 0.05256253 0.007480323 0.01052528 0.05255639 0.007480323 0.01052528 0.05255639 0.007480323 0.01052528 0.05255639 6.52149e-4 0.007434248 0.05257445 6.52149e-4 0.007434248 0.05257445 6.52149e-4 0.007434248 0.05257445 6.52149e-4 0.007434248 0.05257445 6.52149e-4 0.007434248 0.05257445 4.04826e-4 0.007350623 0.0525754 4.04826e-4 0.007350623 0.0525754 4.04826e-4 0.007350623 0.0525754 4.04826e-4 0.007350623 0.0525754 1.87614e-4 0.007205843 0.05257552 1.87614e-4 0.007205843 0.05257552 1.87614e-4 0.007205843 0.05257552 1.87614e-4 0.007205843 0.05257552 1.52389e-5 0.007009804 0.05257475 1.52389e-5 0.007009804 0.05257475 1.52389e-5 0.007009804 0.05257475 1.52389e-5 0.007009804 0.05257475 1.52389e-5 0.007009804 0.05257475 1.52389e-5 0.007009804 0.05257475 -0.002583265 0.002855777 0.05255156 -0.002583265 0.002855777 0.05255156 -0.002583265 0.002855777 0.05255156 -0.002583265 0.002855777 0.05255156 -0.00300002 0.002440035 0.05255037 -0.00300002 0.002440035 0.05255037 -0.00300002 0.002440035 0.05255037 -0.00300002 0.002440035 0.05255037 -0.0033589 0.001973509 0.05254822 -0.0033589 0.001973509 0.05254822 -0.0033589 0.001973509 0.05254822 -0.003653883 0.001464128 0.05254524 -0.003653883 0.001464128 0.05254524 -0.003653883 0.001464128 0.05254524 -0.003653883 0.001464128 0.05254524 -0.003879785 9.20601e-4 0.05254137 -0.003879785 9.20601e-4 0.05254137 -0.003879785 9.20601e-4 0.05254137 -0.003879785 9.20601e-4 0.05254137 -0.003879785 9.20601e-4 0.05254137 -0.005695581 0.01113259 0.05265772 -0.005695581 0.01113259 0.05265772 -0.005695581 0.01113259 0.05265772 -0.005695581 0.01113259 0.05265772 -0.005187809 0.01137053 0.05265647 -0.005187809 0.01137053 0.05265647 -0.005187809 0.01137053 0.05265647 -0.005187809 0.01137053 0.05265647 -0.005187809 0.01137053 0.05265647 -0.004656672 0.01155012 0.05265444 -0.004656672 0.01155012 0.05265444 -0.004656672 0.01155012 0.05265444 -0.004656672 0.01155012 0.05265444 -0.004656672 0.01155012 0.05265444 -0.004108726 0.01166915 0.0526517 -0.004108726 0.01166915 0.0526517 -0.004108726 0.01166915 0.0526517 -0.003550887 0.01172602 0.05264824 -0.003550887 0.01172602 0.05264824 -0.003550887 0.01172602 0.05264824 -8.39708e-4 -0.008173346 0.05242747 -8.39708e-4 -0.008173346 0.05242747 -8.39708e-4 -0.008173346 0.05242747 -8.39708e-4 -0.008173346 0.05242747 -8.39708e-4 -0.008173346 0.05242747 -8.39708e-4 -0.008173346 0.05242747 -6.43697e-4 -0.008345663 0.05242425 -6.43697e-4 -0.008345663 0.05242425 -6.43697e-4 -0.008345663 0.05242425 -6.43697e-4 -0.008345663 0.05242425 -4.09698e-4 -0.008461415 0.05242145 -4.09698e-4 -0.008461415 0.05242145 -4.09698e-4 -0.008461415 0.05242145 -4.09698e-4 -0.008461415 0.05242145 -1.53713e-4 -0.008512616 0.05241906 -1.53713e-4 -0.008512616 0.05241906 -1.53713e-4 -0.008512616 0.05241906 1.06768e-4 -0.008495867 0.05241733 1.06768e-4 -0.008495867 0.05241733 1.06768e-4 -0.008495867 0.05241733 3.54091e-4 -0.008412241 0.05241638 3.54091e-4 -0.008412241 0.05241638 3.54091e-4 -0.008412241 0.05241638 3.54091e-4 -0.008412241 0.05241638 5.71303e-4 -0.008267462 0.05241626 5.71303e-4 -0.008267462 0.05241626 5.71303e-4 -0.008267462 0.05241626 5.71303e-4 -0.008267462 0.05241626 5.71303e-4 -0.008267462 0.05241626 0.007297039 -0.00199455 0.0524311 0.007297039 -0.00199455 0.0524311 0.007297039 -0.00199455 0.0524311 0.007297039 -0.00199455 0.0524311 0.007297039 -0.00199455 0.0524311 0.007297039 -0.00199455 0.0524311 0.007557511 -0.001977741 0.05242937 0.007557511 -0.001977741 0.05242937 0.007557511 -0.001977741 0.05242937 0.00780487 -0.001894116 0.05242842 0.00780487 -0.001894116 0.05242842 0.00780487 -0.001894116 0.05242842 0.00780487 -0.001894116 0.05242842 0.00780487 -0.001894116 0.05242842 0.008022069 -0.001749396 0.05242836 0.008022069 -0.001749396 0.05242836 0.008022069 -0.001749396 0.05242836 0.008022069 -0.001749396 0.05242836 -0.007357418 -7.23221e-4 0.05254989 -0.007357418 -7.23221e-4 0.05254989 -0.007357418 -7.23221e-4 0.05254989 -0.007357418 -7.23221e-4 0.05254989 -0.007161319 -8.9557e-4 0.05254673 -0.007161319 -8.9557e-4 0.05254673 -0.007161319 -8.9557e-4 0.05254673 -0.007161319 -8.9557e-4 0.05254673 -0.006927371 -0.001011252 0.05254387 -0.006927371 -0.001011252 0.05254387 -0.006927371 -0.001011252 0.05254387 -0.006927371 -0.001011252 0.05254387 -0.006671428 -0.001062512 0.05254149 -0.006671428 -0.001062512 0.05254149 -0.006671428 -0.001062512 0.05254149 -0.006671428 -0.001062512 0.05254149 -0.006671428 -0.001062512 0.05254149 -0.006671428 -0.001062512 0.05254149 0.001676738 0.005896747 0.0525515 0.001676738 0.005896747 0.0525515 0.001676738 0.005896747 0.0525515 0.00179249 0.006130754 0.05255305 0.00179249 0.006130754 0.05255305 0.00179249 0.006130754 0.05255305 0.00179249 0.006130754 0.05255305 0.008194446 -0.001553297 0.05242908 0.008194446 -0.001553297 0.05242908 0.008194446 -0.001553297 0.05242908 0.008194446 -0.001553297 0.05242908 0.008310198 -0.001319348 0.05243062 0.008310198 -0.001319348 0.05243062 0.008310198 -0.001319348 0.05243062 0.008310198 -0.001319348 0.05243062 0.008361458 -0.001063346 0.05243283 0.008361458 -0.001063346 0.05243283 0.008361458 -0.001063346 0.05243283 0.008344709 -8.02895e-4 0.05243557 0.008344709 -8.02895e-4 0.05243557 0.008344709 -8.02895e-4 0.05243557 0.008261084 -5.55604e-4 0.05243867 0.008261084 -5.55604e-4 0.05243867 0.008261084 -5.55604e-4 0.05243867 0.008116364 -3.38387e-4 0.05244195 0.008116364 -3.38387e-4 0.05244195 0.008116364 -3.38387e-4 0.05244195 0.007920265 -1.66054e-4 0.05244505 0.007920265 -1.66054e-4 0.05244505 0.007920265 -1.66054e-4 0.05244505 0.007920265 -1.66054e-4 0.05244505 0.007920265 -1.66054e-4 0.05244505 0.007686316 -5.03162e-5 0.05244797 0.007686316 -5.03162e-5 0.05244797 0.007686316 -5.03162e-5 0.05244797 0.007686316 -5.03162e-5 0.05244797 0.007430315 9.1517e-7 0.05245029 0.007430315 9.1517e-7 0.05245029 0.007430315 9.1517e-7 0.05245029 0.007430315 9.1517e-7 0.05245029 0.007430315 9.1517e-7 0.05245029 7.43678e-4 -0.008071422 0.05241703 7.43678e-4 -0.008071422 0.05241703 7.43678e-4 -0.008071422 0.05241703 7.43678e-4 -0.008071422 0.05241703 7.43678e-4 -0.008071422 0.05241703 8.5942e-4 -0.007837414 0.05241852 8.5942e-4 -0.007837414 0.05241852 8.5942e-4 -0.007837414 0.05241852 8.5942e-4 -0.007837414 0.05241852 8.5942e-4 -0.007837414 0.05241852 9.10691e-4 -0.007581472 0.05242079 9.10691e-4 -0.007581472 0.05242079 9.10691e-4 -0.007581472 0.05242079 8.93945e-4 -0.007321 0.05242353 8.93945e-4 -0.007321 0.05242353 8.93945e-4 -0.007321 0.05242353 8.10335e-4 -0.0070737 0.05242663 8.10335e-4 -0.0070737 0.05242663 8.10335e-4 -0.0070737 0.05242663 6.65596e-4 -0.006856501 0.05242985 6.65596e-4 -0.006856501 0.05242985 6.65596e-4 -0.006856501 0.05242985 4.69503e-4 -0.006684124 0.05243301 4.69503e-4 -0.006684124 0.05243301 4.69503e-4 -0.006684124 0.05243301 2.35544e-4 -0.006568372 0.05243587 2.35544e-4 -0.006568372 0.05243587 2.35544e-4 -0.006568372 0.05243587 0.002874791 -0.004275143 0.05243998 0.002874791 -0.004275143 0.05243998 0.002874791 -0.004275143 0.05243998 0.002874791 -0.004275143 0.05243998 0.002874791 -0.004275143 0.05243998 0.003342211 -0.003917396 0.05244022 0.003342211 -0.003917396 0.05244022 0.003342211 -0.003917396 0.05244022 0.003342211 -0.003917396 0.05244022 0.003758907 -0.003501653 0.05244141 0.003758907 -0.003501653 0.05244141 0.003758907 -0.003501653 0.05244141 0.003758907 -0.003501653 0.05244141 0.003758907 -0.003501653 0.05244141 0.004117786 -0.003035128 0.05244356 0.004117786 -0.003035128 0.05244356 0.004117786 -0.003035128 0.05244356 0.00441277 -0.002525746 0.0524466 0.00441277 -0.002525746 0.0524466 0.00441277 -0.002525746 0.0524466 0.004638671 -0.001982212 0.05245041 0.004638671 -0.001982212 0.05245041 0.004638671 -0.001982212 0.05245041 0.004638671 -0.001982212 0.05245041 0.007041096 -0.00194329 0.05243349 0.007041096 -0.00194329 0.05243349 0.007041096 -0.00194329 0.05243349 0.007041096 -0.00194329 0.05243349 0.007169842 -1.58619e-5 0.05245202 0.007169842 -1.58619e-5 0.05245202 0.007169842 -1.58619e-5 0.05245202 0.007169842 -1.58619e-5 0.05245202 0.007169842 -1.58619e-5 0.05245202 0.006922543 -9.94725e-5 0.05245298 0.006922543 -9.94725e-5 0.05245298 0.006922543 -9.94725e-5 0.05245298 0.006705284 -2.44248e-4 0.0524531 0.006705284 -2.44248e-4 0.0524531 0.006705284 -2.44248e-4 0.0524531 -0.006410896 -0.001045763 0.05253976 -0.006410896 -0.001045763 0.05253976 -0.006410896 -0.001045763 0.05253976 -0.006410896 -0.001045763 0.05253976 -0.004034996 -0.00140345 0.05251896 -0.004034996 -0.00140345 0.05251896 -0.004034996 -0.00140345 0.05251896 -0.004034996 -0.00140345 0.05251896 -0.003883361 -0.001972198 0.05251216 -0.003883361 -0.001972198 0.05251216 -0.003883361 -0.001972198 0.05251216 -0.003658831 -0.00251621 0.05250501 -0.003658831 -0.00251621 0.05250501 -0.003658831 -0.00251621 0.05250501 -0.003365099 -0.003026306 0.05249774 -0.003365099 -0.003026306 0.05249774 -0.003365099 -0.003026306 0.05249774 -0.003007411 -0.003493726 0.05249041 -0.003007411 -0.003493726 0.05249041 -0.003007411 -0.003493726 0.05249041 -0.003007411 -0.003493726 0.05249041 -0.002591729 -0.003910422 0.0524832 -0.002591729 -0.003910422 0.0524832 -0.002591729 -0.003910422 0.0524832 -0.002591729 -0.003910422 0.0524832 -2.80963e-4 -0.00653392 0.05243998 -2.80963e-4 -0.00653392 0.05243998 -2.80963e-4 -0.00653392 0.05243998 -2.80963e-4 -0.00653392 0.05243998 -5.28203e-4 -0.006617546 0.05244094 -5.28203e-4 -0.006617546 0.05244094 -5.28203e-4 -0.006617546 0.05244094 -5.28203e-4 -0.006617546 0.05244094 -7.45456e-4 -0.006762325 0.05244106 -7.45456e-4 -0.006762325 0.05244106 -7.45456e-4 -0.006762325 0.05244106 -9.17832e-4 -0.006958365 0.05244028 -9.17832e-4 -0.006958365 0.05244028 -9.17832e-4 -0.006958365 0.05244028 -0.001033544 -0.007192373 0.05243873 -0.001033544 -0.007192373 0.05243873 -0.001033544 -0.007192373 0.05243873 -0.001084744 -0.007448315 0.05243653 -0.001084744 -0.007448315 0.05243653 -0.001084744 -0.007448315 0.05243653 -0.001084744 -0.007448315 0.05243653 -0.001068055 -0.007708847 0.05243378 -0.001068055 -0.007708847 0.05243378 -0.001068055 -0.007708847 0.05243378 -0.001068055 -0.007708847 0.05243378 -9.84488e-4 -0.007956087 0.05243068 -9.84488e-4 -0.007956087 0.05243068 -9.84488e-4 -0.007956087 0.05243068 -0.00403285 3.52257e-4 0.05253672 -0.00403285 3.52257e-4 0.05253672 -0.00403285 3.52257e-4 0.05253672 -0.005707323 3.76419e-4 0.05254906 -0.005707323 3.76419e-4 0.05254906 -0.005707323 3.76419e-4 0.05254906 -0.005852103 5.93635e-4 0.05255234 -0.005852103 5.93635e-4 0.05255234 -0.005852103 5.93635e-4 0.05255234 -0.006048202 7.65976e-4 0.0525555 -0.006048202 7.65976e-4 0.0525555 -0.006048202 7.65976e-4 0.0525555 -0.00628215 8.81706e-4 0.05255836 -0.00628215 8.81706e-4 0.05255836 -0.00628215 8.81706e-4 0.05255836 -0.00628215 8.81706e-4 0.05255836 -0.00628215 8.81706e-4 0.05255836 -0.006538152 9.32938e-4 0.05256068 -0.006538152 9.32938e-4 0.05256068 -0.006538152 9.32938e-4 0.05256068 -0.006538152 9.32938e-4 0.05256068 -0.006798624 9.16168e-4 0.05256241 -0.006798624 9.16168e-4 0.05256241 -0.006798624 9.16168e-4 0.05256241 -0.006798624 9.16168e-4 0.05256241 -0.007045924 8.32558e-4 0.05256336 -0.007045924 8.32558e-4 0.05256336 -0.007045924 8.32558e-4 0.05256336 -0.007045924 8.32558e-4 0.05256336 -0.007263123 6.87774e-4 0.05256348 -0.007263123 6.87774e-4 0.05256348 -0.007263123 6.87774e-4 0.05256348 -0.0074355 4.91722e-4 0.05256271 -0.0074355 4.91722e-4 0.05256271 -0.0074355 4.91722e-4 0.05256271 -0.007551252 2.57736e-4 0.05256122 -0.007551252 2.57736e-4 0.05256122 -0.007551252 2.57736e-4 0.05256122 -0.007602512 1.77729e-6 0.05255895 -0.007602512 1.77729e-6 0.05255895 -0.007602512 1.77729e-6 0.05255895 -0.007602512 1.77729e-6 0.05255895 -0.007585763 -2.58721e-4 0.05255621 -0.007585763 -2.58721e-4 0.05255621 -0.007585763 -2.58721e-4 0.05255621 -0.007585763 -2.58721e-4 0.05255621 -0.007502198 -5.06005e-4 0.05255311 -0.007502198 -5.06005e-4 0.05255311 -0.007502198 -5.06005e-4 0.05255311 -0.007502198 -5.06005e-4 0.05255311 -0.006615459 0.01049435 0.05265796 -0.006615459 0.01049435 0.05265796 -0.006615459 0.01049435 0.05265796 -0.006173431 0.01083934 0.05265825 -0.006173431 0.01083934 0.05265825 -0.006173431 0.01083934 0.05265825 -0.001061618 0.003731846 0.05254942 -0.001061618 0.003731846 0.05254942 -0.001061618 0.003731846 0.05254942 -0.001061618 0.003731846 0.05254942 -1.51774e-4 0.006519854 0.05257105 -1.51774e-4 0.006519854 0.05257105 -1.51774e-4 0.006519854 0.05257105 -1.51774e-4 0.006519854 0.05257105 -4.92895e-4 0.003883481 0.05254685 -4.92895e-4 0.003883481 0.05254685 -4.92895e-4 0.003883481 0.05254685 -1.35028e-4 0.006259322 0.05256825 -1.35028e-4 0.006259322 0.05256825 -1.35028e-4 0.006259322 0.05256825 9.07639e-5 0.003959655 0.0525434 9.07639e-5 0.003959655 0.0525434 9.07639e-5 0.003959655 0.0525434 -5.14179e-5 0.006012082 0.05256515 -5.14179e-5 0.006012082 0.05256515 -5.14179e-5 0.006012082 0.05256515 -5.14179e-5 0.006012082 0.05256515 9.33213e-5 0.005794823 0.05256193 9.33213e-5 0.005794823 0.05256193 9.33213e-5 0.005794823 0.05256193 9.33213e-5 0.005794823 0.05256193 0.008386433 0.009867846 0.05254316 0.008386433 0.009867846 0.05254316 0.008386433 0.009867846 0.05254316 0.008386433 0.009867846 0.05254316 0.008386433 0.009867846 0.05254316 0.008778691 0.009467184 0.0525363 0.008778691 0.009467184 0.0525363 0.008778691 0.009467184 0.0525363 0.008778691 0.009467184 0.0525363 0.006807088 -0.001827538 0.05243635 0.006807088 -0.001827538 0.05243635 0.006807088 -0.001827538 0.05243635 0.006807088 -0.001827538 0.05243635 0.004791736 -0.001413822 0.05245506 0.004791736 -0.001413822 0.05245506 0.004791736 -0.001413822 0.05245506 0.006611049 -0.00165522 0.05243951 0.006611049 -0.00165522 0.05243951 0.006611049 -0.00165522 0.05243951 0.004869341 -8.30392e-4 0.05246043 0.004869341 -8.30392e-4 0.05246043 0.004869341 -8.30392e-4 0.05246043 0.006382703 -0.001190721 0.05244582 0.006382703 -0.001190721 0.05244582 0.006382703 -0.001190721 0.05244582 0.006466269 -0.001438021 0.05244272 0.006466269 -0.001438021 0.05244272 0.006466269 -0.001438021 0.05244272 0.006365954 -9.30245e-4 0.05244857 0.006365954 -9.30245e-4 0.05244857 0.006365954 -9.30245e-4 0.05244857 -0.006163656 -9.62144e-4 0.05253881 -0.006163656 -9.62144e-4 0.05253881 -0.006163656 -9.62144e-4 0.05253881 -0.004110395 -2.31225e-4 0.05253136 -0.004110395 -2.31225e-4 0.05253136 -0.004110395 -2.31225e-4 0.05253136 -0.005658268 -3.8733e-4 0.05254101 -0.005658268 -3.8733e-4 0.05254101 -0.005658268 -3.8733e-4 0.05254101 -0.005607008 -1.31371e-4 0.05254322 -0.005607008 -1.31371e-4 0.05254322 -0.005607008 -1.31371e-4 0.05254322 -0.005623757 1.29127e-4 0.05254596 -0.005623757 1.29127e-4 0.05254596 -0.005623757 1.29127e-4 0.05254596 0.01189661 -0.02907276 0.007017016 0.01189661 -0.02907276 0.007017016 0.01189661 -0.02907276 0.007017016 0.01189661 -0.02907276 0.007017016 0.01189661 -0.02907276 0.007017016 0.01189661 -0.02907276 0.007017016 0.01188504 -0.02923351 0.006907105 0.01188504 -0.02923351 0.006907105 0.01188504 -0.02923351 0.006907105 0.01188504 -0.02923351 0.006907105 0.01190501 -0.02896624 0.007180273 0.01190501 -0.02896624 0.007180273 0.01190501 -0.02896624 0.007180273 0.01190501 -0.02896624 0.007180273 0.01190501 -0.02896624 0.007180273 0.01190894 -0.02893018 0.007371962 0.01190894 -0.02893018 0.007371962 0.01190894 -0.02893018 0.007371962 0.01190894 -0.02893018 0.007371962 0.01190894 -0.02893018 0.007371962 0.01190894 -0.02893018 0.007371962 0.01265996 -0.02986168 0.04686015 0.01265996 -0.02986168 0.04686015 0.01265996 -0.02986168 0.04686015 0.01265996 -0.02986168 0.04686015 0.01265996 -0.02986168 0.04686015 0.01265996 -0.02986168 0.04686015 0.01265996 -0.02986168 0.04686015 0.01237446 -0.02946233 0.0073632 0.01237446 -0.02946233 0.0073632 0.01237446 -0.02946233 0.0073632 0.01237446 -0.02946233 0.0073632 0.01237446 -0.02946233 0.0073632 0.01237446 -0.02946233 0.0073632 0.01237446 -0.02946233 0.0073632 0.01237446 -0.02946233 0.0073632 0.01237446 -0.02946233 0.0073632 0.01237446 -0.02946233 0.0073632 0.01237446 -0.02946233 0.0073632 0.01237446 -0.02946233 0.0073632 0.01237446 -0.02946233 0.0073632 0.01203292 -0.03590846 0.01857 0.01203292 -0.03590846 0.01857 0.01203292 -0.03590846 0.01857 0.01203292 -0.03590846 0.01857 0.01203292 -0.03590846 0.01857 0.01201879 -0.03617399 0.01902043 0.01201879 -0.03617399 0.01902043 0.01201879 -0.03617399 0.01902043 0.01201879 -0.03617399 0.01902043 0.01200002 -0.03650355 0.01942628 0.01200002 -0.03650355 0.01942628 0.01200002 -0.03650355 0.01942628 0.01200002 -0.03650355 0.01942628 0.01197701 -0.03688979 0.01977837 0.01197701 -0.03688979 0.01977837 0.01197701 -0.03688979 0.01977837 0.01197701 -0.03688979 0.01977837 0.01195037 -0.03732395 0.02006888 0.01195037 -0.03732395 0.02006888 0.01195037 -0.03732395 0.02006888 0.01195037 -0.03732395 0.02006888 0.01192057 -0.03779649 0.02029132 0.01192057 -0.03779649 0.02029132 0.01192057 -0.03779649 0.02029132 0.01192057 -0.03779649 0.02029132 0.01188838 -0.03829681 0.02044069 0.01188838 -0.03829681 0.02044069 0.01188838 -0.03829681 0.02044069 0.01188838 -0.03829681 0.02044069 0.01185446 -0.03881371 0.02051365 0.01185446 -0.03881371 0.02051365 0.01185446 -0.03881371 0.02051365 0.01185446 -0.03881371 0.02051365 0.0118196 -0.0393356 0.02050864 0.0118196 -0.0393356 0.02050864 0.0118196 -0.0393356 0.02050864 0.0118196 -0.0393356 0.02050864 0.01176917 -0.03926503 0.01352876 0.01176917 -0.03926503 0.01352876 0.01176917 -0.03926503 0.01352876 0.01176917 -0.03926503 0.01352876 0.01180398 -0.03874313 0.01353377 0.01180398 -0.03874313 0.01353377 0.01180398 -0.03874313 0.01353377 0.01180398 -0.03874313 0.01353377 0.01183909 -0.03822779 0.01361668 0.01183909 -0.03822779 0.01361668 0.01183909 -0.03822779 0.01361668 0.01183909 -0.03822779 0.01361668 0.01187348 -0.03773063 0.0137757 0.01187348 -0.03773063 0.0137757 0.01187348 -0.03773063 0.0137757 0.01187348 -0.03773063 0.0137757 0.01190656 -0.03726267 0.01400715 0.01190656 -0.03726267 0.01400715 0.01190656 -0.03726267 0.01400715 0.01190656 -0.03726267 0.01400715 0.01193749 -0.03683441 0.01430594 0.01193749 -0.03683441 0.01430594 0.01193749 -0.03683441 0.01430594 0.01196563 -0.03645545 0.01466542 0.01196563 -0.03645545 0.01466542 0.01196563 -0.03645545 0.01466542 0.01196563 -0.03645545 0.01466542 0.01196563 -0.03645545 0.01466542 0.0119903 -0.03613412 0.01507753 0.0119903 -0.03613412 0.01507753 0.0119903 -0.03613412 0.01507753 0.0119903 -0.03613412 0.01507753 0.01201099 -0.03587776 0.01553303 0.01201099 -0.03587776 0.01553303 0.01201099 -0.03587776 0.01553303 0.01202726 -0.03569203 0.01602178 0.01202726 -0.03569203 0.01602178 0.01202726 -0.03569203 0.01602178 0.01202726 -0.03569203 0.01602178 0.01202726 -0.03569203 0.01602178 0.0120387 -0.03558105 0.01653283 0.0120387 -0.03558105 0.01653283 0.0120387 -0.03558105 0.01653283 0.0120387 -0.03558105 0.01653283 0.01204508 -0.03554731 0.01705485 0.01204508 -0.03554731 0.01705485 0.01204508 -0.03554731 0.01705485 0.01204508 -0.03554731 0.01705485 0.01204508 -0.03554731 0.01705485 0.01204621 -0.03559154 0.01757603 0.01204621 -0.03559154 0.01757603 0.01204621 -0.03559154 0.01757603 0.01204621 -0.03559154 0.01757603 0.01204216 -0.03571283 0.01808488 0.01204216 -0.03571283 0.01808488 0.01204216 -0.03571283 0.01808488 0.01204216 -0.03571283 0.01808488 0.01163333 -0.04194456 0.01896488 0.01163333 -0.04194456 0.01896488 0.01163333 -0.04194456 0.01896488 0.01163333 -0.04194456 0.01896488 0.01161259 -0.04220092 0.01850938 0.01161259 -0.04220092 0.01850938 0.01161259 -0.04220092 0.01850938 0.01161259 -0.04220092 0.01850938 0.01159638 -0.04238671 0.01802062 0.01159638 -0.04238671 0.01802062 0.01159638 -0.04238671 0.01802062 0.01159638 -0.04238671 0.01802062 0.01159638 -0.04238671 0.01802062 0.01158487 -0.04249769 0.01750957 0.01158487 -0.04249769 0.01750957 0.01158487 -0.04249769 0.01750957 0.01158487 -0.04249769 0.01750957 0.01158487 -0.04249769 0.01750957 0.01157855 -0.04253143 0.01698756 0.01157855 -0.04253143 0.01698756 0.01157855 -0.04253143 0.01698756 0.01157855 -0.04253143 0.01698756 0.01157736 -0.04248714 0.01646637 0.01157736 -0.04248714 0.01646637 0.01157736 -0.04248714 0.01646637 0.01157736 -0.04248714 0.01646637 0.01158142 -0.04236584 0.01595753 0.01158142 -0.04236584 0.01595753 0.01158142 -0.04236584 0.01595753 0.01158142 -0.04236584 0.01595753 0.01159065 -0.04217022 0.01547247 0.01159065 -0.04217022 0.01547247 0.01159065 -0.04217022 0.01547247 0.01159065 -0.04217022 0.01547247 0.01160484 -0.04190468 0.01502197 0.01160484 -0.04190468 0.01502197 0.01160484 -0.04190468 0.01502197 0.01162356 -0.04157513 0.01461613 0.01162356 -0.04157513 0.01461613 0.01162356 -0.04157513 0.01461613 0.01162356 -0.04157513 0.01461613 0.01162356 -0.04157513 0.01461613 0.01164662 -0.04118895 0.01426404 0.01164662 -0.04118895 0.01426404 0.01164662 -0.04118895 0.01426404 0.01164662 -0.04118895 0.01426404 0.01167327 -0.04075473 0.01397353 0.01167327 -0.04075473 0.01397353 0.01167327 -0.04075473 0.01397353 0.01167327 -0.04075473 0.01397353 0.01170301 -0.04028218 0.01375108 0.01170301 -0.04028218 0.01375108 0.01170301 -0.04028218 0.01375108 0.01170301 -0.04028218 0.01375108 0.01170301 -0.04028218 0.01375108 0.0117352 -0.03978192 0.01360172 0.0117352 -0.03978192 0.01360172 0.0117352 -0.03978192 0.01360172 0.0117352 -0.03978192 0.01360172 0.01178455 -0.03985089 0.02042573 0.01178455 -0.03985089 0.02042573 0.01178455 -0.03985089 0.02042573 0.01178455 -0.03985089 0.02042573 0.01178455 -0.03985089 0.02042573 0.01175016 -0.04034805 0.02026671 0.01175016 -0.04034805 0.02026671 0.01175016 -0.04034805 0.02026671 0.01175016 -0.04034805 0.02026671 0.01171708 -0.040816 0.02003526 0.01171708 -0.040816 0.02003526 0.01171708 -0.040816 0.02003526 0.01171708 -0.040816 0.02003526 0.01168614 -0.04124426 0.01973646 0.01168614 -0.04124426 0.01973646 0.01168614 -0.04124426 0.01973646 0.01168614 -0.04124426 0.01973646 0.01165801 -0.04162329 0.01937699 0.01165801 -0.04162329 0.01937699 0.01165801 -0.04162329 0.01937699 0.01165801 -0.04162329 0.01937699 0.01219439 -0.02932953 0.04686892 0.01219439 -0.02932953 0.04686892 0.01219439 -0.02932953 0.04686892 0.01219439 -0.02932953 0.04686892 0.01219439 -0.02932953 0.04686892 0.01219439 -0.02932953 0.04686892 0.01219439 -0.02932953 0.04686892 0.01219439 -0.02932953 0.04686892 0.01251643 -0.02985554 0.04721486 0.01251643 -0.02985554 0.04721486 0.01251643 -0.02985554 0.04721486 0.01251643 -0.02985554 0.04721486 0.01251643 -0.02985554 0.04721486 0.01251643 -0.02985554 0.04721486 0.01235532 -0.02984583 0.04732447 0.01235532 -0.02984583 0.04732447 0.01235532 -0.02984583 0.04732447 0.01235532 -0.02984583 0.04732447 0.01235532 -0.02984583 0.04732447 0.01235532 -0.02984583 0.04732447 0.01216471 -0.02983349 0.04736405 0.01216471 -0.02983349 0.04736405 0.01216471 -0.02983349 0.04736405 0.01216471 -0.02983349 0.04736405 0.01262342 -0.02986109 0.04705178 0.01262342 -0.02986109 0.04705178 0.01262342 -0.02986109 0.04705178 0.01262342 -0.02986109 0.04705178 0.01262342 -0.02986109 0.04705178 0.01262342 -0.02986109 0.04705178 0.0122258 -0.02944904 0.007010877 0.0122258 -0.02944904 0.007010877 0.0122258 -0.02944904 0.007010877 0.0122258 -0.02944904 0.007010877 0.0122258 -0.02944904 0.007010877 0.0122258 -0.02944904 0.007010877 0.01233512 -0.02945786 0.007172226 0.01233512 -0.02945786 0.007172226 0.01233512 -0.02945786 0.007172226 0.01233512 -0.02945786 0.007172226 0.01233512 -0.02945786 0.007172226 0.01233512 -0.02945786 0.007172226 0.01206314 -0.02943712 0.006903767 0.01206314 -0.02943712 0.006903767 0.01206314 -0.02943712 0.006903767 0.01206314 -0.02943712 0.006903767 0.01206314 -0.02943712 0.006903767 0.01217722 -0.02964216 0.04732787 0.01217722 -0.02964216 0.04732787 0.01217722 -0.02964216 0.04732787 0.01217722 -0.02964216 0.04732787 0.01217722 -0.02964216 0.04732787 0.01218718 -0.02947926 0.047221 0.01218718 -0.02947926 0.047221 0.01218718 -0.02947926 0.047221 0.01218718 -0.02947926 0.047221 0.01218718 -0.02947926 0.047221 0.01219326 -0.02936947 0.04705989 0.01219326 -0.02936947 0.04705989 0.01219326 -0.02936947 0.04705989 0.01219326 -0.02936947 0.04705989 0.01219326 -0.02936947 0.04705989 0.0123828 -0.02938026 0.04686701 0.0123828 -0.02938026 0.04686701 0.0123828 -0.02938026 0.04686701 0.0123828 -0.02938026 0.04686701 0.0123828 -0.02938026 0.04686701 0.01236879 -0.02938002 0.04694038 0.01236879 -0.02938002 0.04694038 0.01236879 -0.02938002 0.04694038 0.01236879 -0.02938002 0.04694038 0.01236879 -0.02938002 0.04694038 0.01232784 -0.02937793 0.04700273 0.01232784 -0.02937793 0.04700273 0.01232784 -0.02937793 0.04700273 0.01232784 -0.02937793 0.04700273 0.01232784 -0.02937793 0.04700273 0.01226621 -0.02937418 0.04704475 0.01226621 -0.02937418 0.04704475 0.01226621 -0.02937418 0.04704475 0.01226621 -0.02937418 0.04704475 0.01226621 -0.02937418 0.04704475 0.01253741 -0.02949923 0.04686468 0.01253741 -0.02949923 0.04686468 0.01253741 -0.02949923 0.04686468 0.01253741 -0.02949923 0.04686468 0.01253741 -0.02949923 0.04686468 0.01251155 -0.02949881 0.04700022 0.01251155 -0.02949881 0.04700022 0.01251155 -0.02949881 0.04700022 0.01251155 -0.02949881 0.04700022 0.01251155 -0.02949881 0.04700022 0.01251155 -0.02949881 0.04700022 0.01263475 -0.02966827 0.0468623 0.01263475 -0.02966827 0.0468623 0.01263475 -0.02966827 0.0468623 0.01263475 -0.02966827 0.0468623 0.01263475 -0.02966827 0.0468623 0.01263475 -0.02966827 0.0468623 0.01260095 -0.02966773 0.04703933 0.01260095 -0.02966773 0.04703933 0.01260095 -0.02966773 0.04703933 0.01260095 -0.02966773 0.04703933 0.01260095 -0.02966773 0.04703933 0.012322 -0.02948796 0.04719305 0.012322 -0.02948796 0.04719305 0.012322 -0.02948796 0.04719305 0.012322 -0.02948796 0.04719305 0.012322 -0.02948796 0.04719305 0.012322 -0.02948796 0.04719305 0.01235336 -0.0296536 0.04729127 0.01235336 -0.0296536 0.04729127 0.01235336 -0.0296536 0.04729127 0.01235336 -0.0296536 0.04729127 0.01235336 -0.0296536 0.04729127 0.01243591 -0.02949488 0.0471155 0.01243591 -0.02949488 0.0471155 0.01243591 -0.02949488 0.0471155 0.01243591 -0.02949488 0.0471155 0.01243591 -0.02949488 0.0471155 0.01250213 -0.02966254 0.04719001 0.01250213 -0.02966254 0.04719001 0.01250213 -0.02966254 0.04719001 0.01250213 -0.02966254 0.04719001 0.01250213 -0.02966254 0.04719001 0.01250213 -0.02966254 0.04719001 0.01234924 -0.02926892 0.007365345 0.01234924 -0.02926892 0.007365345 0.01234924 -0.02926892 0.007365345 0.01234924 -0.02926892 0.007365345 0.01225191 -0.02909982 0.007367789 0.01225191 -0.02909982 0.007367789 0.01225191 -0.02909982 0.007367789 0.01225191 -0.02909982 0.007367789 0.01225191 -0.02909982 0.007367789 0.01225191 -0.02909982 0.007367789 0.01209729 -0.02898091 0.007370114 0.01209729 -0.02898091 0.007370114 0.01209729 -0.02898091 0.007370114 0.01209729 -0.02898091 0.007370114 0.01209729 -0.02898091 0.007370114 0.01209729 -0.02898091 0.007370114 0.01234775 -0.02928268 0.007292032 0.01234775 -0.02928268 0.007292032 0.01234775 -0.02928268 0.007292032 0.01234775 -0.02928268 0.007292032 0.01234775 -0.02928268 0.007292032 0.01234453 -0.02932345 0.007229506 0.01234453 -0.02932345 0.007229506 0.01234453 -0.02932345 0.007229506 0.01234453 -0.02932345 0.007229506 0.01234012 -0.02938497 0.007187485 0.01234012 -0.02938497 0.007187485 0.01234012 -0.02938497 0.007187485 0.01234012 -0.02938497 0.007187485 0.01234012 -0.02938497 0.007187485 0.01224917 -0.02912533 0.007232248 0.01224917 -0.02912533 0.007232248 0.01224917 -0.02912533 0.007232248 0.01224917 -0.02912533 0.007232248 0.01224917 -0.02912533 0.007232248 0.01209372 -0.02901417 0.007192969 0.01209372 -0.02901417 0.007192969 0.01209372 -0.02901417 0.007192969 0.01209372 -0.02901417 0.007192969 0.01209372 -0.02901417 0.007192969 0.01209372 -0.02901417 0.007192969 0.01223498 -0.02931427 0.00703907 0.01223498 -0.02931427 0.00703907 0.01223498 -0.02931427 0.00703907 0.01223498 -0.02931427 0.00703907 0.01223498 -0.02931427 0.00703907 0.01223498 -0.02931427 0.00703907 0.01207524 -0.02926111 0.006940603 0.01207524 -0.02926111 0.006940603 0.01207524 -0.02926111 0.006940603 0.01207524 -0.02926111 0.006940603 0.01207524 -0.02926111 0.006940603 0.01207524 -0.02926111 0.006940603 0.01224321 -0.02920061 0.007116794 0.01224321 -0.02920061 0.007116794 0.01224321 -0.02920061 0.007116794 0.01224321 -0.02920061 0.007116794 0.01224321 -0.02920061 0.007116794 0.01224321 -0.02920061 0.007116794 0.01208591 -0.02911257 0.007042169 0.01208591 -0.02911257 0.007042169 0.01208591 -0.02911257 0.007042169 0.01208591 -0.02911257 0.007042169 0.01208591 -0.02911257 0.007042169 0.01208591 -0.02911257 0.007042169 0.01301652 -0.03624057 0.01901257 0.01301652 -0.03624057 0.01901257 0.01301652 -0.03624057 0.01901257 0.01301652 -0.03624057 0.01901257 0.01323837 -0.03293401 0.0191642 0.01323837 -0.03293401 0.0191642 0.01323837 -0.03293401 0.0191642 0.01323837 -0.03293401 0.0191642 0.01323837 -0.03293401 0.0191642 0.01299774 -0.03657013 0.01941841 0.01299774 -0.03657013 0.01941841 0.01299774 -0.03657013 0.01941841 0.01299774 -0.03657013 0.01941841 0.01283675 -0.03829437 0.01360881 0.01283675 -0.03829437 0.01360881 0.01283675 -0.03829437 0.01360881 0.01283675 -0.03829437 0.01360881 0.01315921 -0.03347212 0.01369065 0.01315921 -0.03347212 0.01369065 0.01315921 -0.03347212 0.01369065 0.01315921 -0.03347212 0.01369065 0.0128712 -0.03779721 0.01376777 0.0128712 -0.03779721 0.01376777 0.0128712 -0.03779721 0.01376777 0.0128712 -0.03779721 0.01376777 0.01241099 -0.04532015 0.01904493 0.01241099 -0.04532015 0.01904493 0.01241099 -0.04532015 0.01904493 0.01241099 -0.04532015 0.01904493 0.01263105 -0.04201114 0.01895701 0.01263105 -0.04201114 0.01895701 0.01263105 -0.04201114 0.01895701 0.01265579 -0.04168987 0.01936912 0.01265579 -0.04168987 0.01936912 0.01265579 -0.04168987 0.01936912 0.01265579 -0.04168987 0.01936912 0.01241111 -0.04467147 0.01358276 0.01241111 -0.04467147 0.01358276 0.01241111 -0.04467147 0.01358276 0.01241111 -0.04467147 0.01358276 0.01241111 -0.04467147 0.01358276 0.01273298 -0.0398485 0.01359385 0.01273298 -0.0398485 0.01359385 0.01273298 -0.0398485 0.01359385 0.01273298 -0.0398485 0.01359385 0.01273298 -0.0398485 0.01359385 0.01270079 -0.04034876 0.01374322 0.01270079 -0.04034876 0.01374322 0.01270079 -0.04034876 0.01374322 0.01312845 -0.0338633 0.01309984 0.01312845 -0.0338633 0.01309984 0.01312845 -0.0338633 0.01309984 0.01312845 -0.0338633 0.01309984 0.01312845 -0.0338633 0.01309984 0.01312845 -0.0338633 0.01309984 0.01312845 -0.0338633 0.01309984 0.01312845 -0.0338633 0.01309984 0.01312845 -0.0338633 0.01309984 0.01280176 -0.03880965 0.0135259 0.01280176 -0.03880965 0.0135259 0.01280176 -0.03880965 0.0135259 0.01280176 -0.03880965 0.0135259 0.01278591 -0.03868603 0.01047682 0.01278591 -0.03868603 0.01047682 0.01278591 -0.03868603 0.01047682 0.01278591 -0.03868603 0.01047682 0.01283347 -0.03798329 0.01056027 0.01283347 -0.03798329 0.01056027 0.01283347 -0.03798329 0.01056027 0.01283347 -0.03798329 0.01056027 0.01288074 -0.03729379 0.01071941 0.01288074 -0.03729379 0.01071941 0.01288074 -0.03729379 0.01071941 0.01288074 -0.03729379 0.01071941 0.01292717 -0.0366255 0.01095229 0.01292717 -0.0366255 0.01095229 0.01292717 -0.0366255 0.01095229 0.01292717 -0.0366255 0.01095229 0.01297223 -0.0359863 0.01125621 0.01297223 -0.0359863 0.01125621 0.01297223 -0.0359863 0.01125621 0.01297223 -0.0359863 0.01125621 0.01297223 -0.0359863 0.01125621 0.01301538 -0.0353837 0.01162767 0.01301538 -0.0353837 0.01162767 0.01301538 -0.0353837 0.01162767 0.01301538 -0.0353837 0.01162767 0.01301538 -0.0353837 0.01162767 0.01305609 -0.03482472 0.01206231 0.01305609 -0.03482472 0.01206231 0.01305609 -0.03482472 0.01206231 0.01305609 -0.03482472 0.01206231 0.01309388 -0.03431588 0.01255494 0.01309388 -0.03431588 0.01255494 0.01309388 -0.03431588 0.01255494 0.01276689 -0.03933161 0.01352089 0.01276689 -0.03933161 0.01352089 0.01276689 -0.03933161 0.01352089 0.01276689 -0.03933161 0.01352089 0.01276689 -0.03933161 0.01352089 0.01276689 -0.03933161 0.01352089 0.01243335 -0.04426842 0.01299965 0.01243335 -0.04426842 0.01299965 0.01243335 -0.04426842 0.01299965 0.01243335 -0.04426842 0.01299965 0.01246011 -0.04380488 0.01246356 0.01246011 -0.04380488 0.01246356 0.01246011 -0.04380488 0.01246356 0.01246011 -0.04380488 0.01246356 0.01246011 -0.04380488 0.01246356 0.01249086 -0.0432862 0.01198083 0.01249086 -0.0432862 0.01198083 0.01249086 -0.0432862 0.01198083 0.01252537 -0.04271852 0.0115571 0.01252537 -0.04271852 0.0115571 0.01252537 -0.04271852 0.0115571 0.01256328 -0.04210853 0.01119732 0.01256328 -0.04210853 0.01119732 0.01256328 -0.04210853 0.01119732 0.01256328 -0.04210853 0.01119732 0.01260399 -0.04146331 0.01090568 0.01260399 -0.04146331 0.01090568 0.01260399 -0.04146331 0.01090568 0.01260399 -0.04146331 0.01090568 0.01260399 -0.04146331 0.01090568 0.01264709 -0.04079043 0.01068574 0.01264709 -0.04079043 0.01068574 0.01264709 -0.04079043 0.01068574 0.01264709 -0.04079043 0.01068574 0.01269221 -0.04009783 0.01053994 0.01269221 -0.04009783 0.01053994 0.01269221 -0.04009783 0.01053994 0.01273864 -0.0393936 0.01047003 0.01273864 -0.0393936 0.01047003 0.01273864 -0.0393936 0.01047003 0.01273864 -0.0393936 0.01047003 0.01318573 -0.03394341 0.02102702 0.01318573 -0.03394341 0.02102702 0.01318573 -0.03394341 0.02102702 0.01318573 -0.03394341 0.02102702 0.01318573 -0.03394341 0.02102702 0.01318573 -0.03394341 0.02102702 0.01318573 -0.03394341 0.02102702 0.01318573 -0.03394341 0.02102702 0.01318573 -0.03394341 0.02102702 0.01315903 -0.03440701 0.02156311 0.01315903 -0.03440701 0.02156311 0.01315903 -0.03440701 0.02156311 0.01315903 -0.03440701 0.02156311 0.01312822 -0.03492563 0.02204585 0.01312822 -0.03492563 0.02204585 0.01312822 -0.03492563 0.02204585 0.01312822 -0.03492563 0.02204585 0.0130937 -0.03549331 0.02246958 0.0130937 -0.03549331 0.02246958 0.0130937 -0.03549331 0.02246958 0.0130937 -0.03549331 0.02246958 0.01305586 -0.0361033 0.02282935 0.01305586 -0.0361033 0.02282935 0.01305586 -0.0361033 0.02282935 0.01305586 -0.0361033 0.02282935 0.01301515 -0.03674858 0.02312093 0.01301515 -0.03674858 0.02312093 0.01301515 -0.03674858 0.02312093 0.01301515 -0.03674858 0.02312093 0.01297199 -0.0374214 0.02334094 0.01297199 -0.0374214 0.02334094 0.01297199 -0.0374214 0.02334094 0.01297199 -0.0374214 0.02334094 0.01292687 -0.03811401 0.02348673 0.01292687 -0.03811401 0.02348673 0.01292687 -0.03811401 0.02348673 0.01292687 -0.03811401 0.02348673 0.01288044 -0.03881824 0.02355664 0.01288044 -0.03881824 0.02355664 0.01288044 -0.03881824 0.02355664 0.01288044 -0.03881824 0.02355664 0.01285219 -0.03888028 0.02050578 0.01285219 -0.03888028 0.02050578 0.01285219 -0.03888028 0.02050578 0.0128861 -0.03836339 0.02043277 0.0128861 -0.03836339 0.02043277 0.0128861 -0.03836339 0.02043277 0.0128861 -0.03836339 0.02043277 0.01320803 -0.03354036 0.02044385 0.01320803 -0.03354036 0.02044385 0.01320803 -0.03354036 0.02044385 0.01320803 -0.03354036 0.02044385 0.01281732 -0.03940218 0.02050077 0.01281732 -0.03940218 0.02050077 0.01281732 -0.03940218 0.02050077 0.01281732 -0.03940218 0.02050077 0.01281732 -0.03940218 0.02050077 0.01281732 -0.03940218 0.02050077 0.01281732 -0.03940218 0.02050077 0.01283317 -0.03952586 0.02354979 0.01283317 -0.03952586 0.02354979 0.01283317 -0.03952586 0.02354979 0.01278561 -0.04022854 0.02346634 0.01278561 -0.04022854 0.02346634 0.01278561 -0.04022854 0.02346634 0.01278561 -0.04022854 0.02346634 0.01278561 -0.04022854 0.02346634 0.01273834 -0.04091805 0.02330726 0.01273834 -0.04091805 0.02330726 0.01273834 -0.04091805 0.02330726 0.01273834 -0.04091805 0.02330726 0.01269197 -0.04158633 0.02307438 0.01269197 -0.04158633 0.02307438 0.01269197 -0.04158633 0.02307438 0.01269197 -0.04158633 0.02307438 0.01264691 -0.04222553 0.0227704 0.01264691 -0.04222553 0.0227704 0.01264691 -0.04222553 0.0227704 0.01260375 -0.0428282 0.02239894 0.01260375 -0.0428282 0.02239894 0.01260375 -0.0428282 0.02239894 0.01256304 -0.04338717 0.02196437 0.01256304 -0.04338717 0.02196437 0.01256304 -0.04338717 0.02196437 0.01256304 -0.04338717 0.02196437 0.0125252 -0.04389595 0.02147173 0.0125252 -0.04389595 0.02147173 0.0125252 -0.04389595 0.02147173 0.01249068 -0.04434859 0.02092683 0.01249068 -0.04434859 0.02092683 0.01249068 -0.04434859 0.02092683 0.01249068 -0.04434859 0.02092683 0.01245993 -0.04473972 0.02033603 0.01245993 -0.04473972 0.02033603 0.01245993 -0.04473972 0.02033603 0.01245993 -0.04473972 0.02033603 0.01245993 -0.04473972 0.02033603 0.01278233 -0.03991746 0.0204178 0.01278233 -0.03991746 0.0204178 0.01278233 -0.03991746 0.0204178 0.01278233 -0.03991746 0.0204178 0.01278233 -0.03991746 0.0204178 0.01294809 -0.03739053 0.02006101 0.01294809 -0.03739053 0.02006101 0.01294809 -0.03739053 0.02006101 0.01322561 -0.03320258 0.01982051 0.01322561 -0.03320258 0.01982051 0.01322561 -0.03320258 0.01982051 0.01322561 -0.03320258 0.01982051 0.01322561 -0.03320258 0.01982051 0.01291835 -0.03786307 0.0202834 0.01291835 -0.03786307 0.0202834 0.01291835 -0.03786307 0.0202834 0.01291835 -0.03786307 0.0202834 0.01297479 -0.03695631 0.0197705 0.01297479 -0.03695631 0.0197705 0.01297479 -0.03695631 0.0197705 0.01297479 -0.03695631 0.0197705 0.01304399 -0.03565812 0.01756817 0.01304399 -0.03565812 0.01756817 0.01304399 -0.03565812 0.01756817 0.01304399 -0.03565812 0.01756817 0.01324868 -0.03261625 0.01778399 0.01324868 -0.03261625 0.01778399 0.01324868 -0.03261625 0.01778399 0.01324868 -0.03261625 0.01778399 0.01324868 -0.03261625 0.01778399 0.01303994 -0.03577947 0.01807701 0.01303994 -0.03577947 0.01807701 0.01303994 -0.03577947 0.01807701 0.01303994 -0.03577947 0.01807701 0.01324605 -0.03273779 0.01848274 0.01324605 -0.03273779 0.01848274 0.01324605 -0.03273779 0.01848274 0.01324605 -0.03273779 0.01848274 0.01324605 -0.03273779 0.01848274 0.0130307 -0.03597503 0.01856207 0.0130307 -0.03597503 0.01856207 0.0130307 -0.03597503 0.01856207 0.0130307 -0.03597503 0.01856207 0.01300871 -0.03594434 0.01552516 0.01300871 -0.03594434 0.01552516 0.01300871 -0.03594434 0.01552516 0.01322567 -0.03270936 0.01566684 0.01322567 -0.03270936 0.01566684 0.01322567 -0.03270936 0.01566684 0.01302498 -0.03575861 0.01601392 0.01302498 -0.03575861 0.01601392 0.01302498 -0.03575861 0.01601392 0.01302498 -0.03575861 0.01601392 0.01323843 -0.03260195 0.01636773 0.01323843 -0.03260195 0.01636773 0.01323843 -0.03260195 0.01636773 0.01323843 -0.03260195 0.01636773 0.01323843 -0.03260195 0.01636773 0.01323843 -0.03260195 0.01636773 0.01303642 -0.03564757 0.01652497 0.01303642 -0.03564757 0.01652497 0.01303642 -0.03564757 0.01652497 0.01303642 -0.03564757 0.01652497 0.01303642 -0.03564757 0.01652497 0.01324611 -0.03257077 0.01707625 0.01324611 -0.03257077 0.01707625 0.01324611 -0.03257077 0.01707625 0.0130428 -0.03561389 0.01704692 0.0130428 -0.03561389 0.01704692 0.0130428 -0.03561389 0.01704692 0.0130428 -0.03561389 0.01704692 0.01293522 -0.03690099 0.01429808 0.01293522 -0.03690099 0.01429808 0.01293522 -0.03690099 0.01429808 0.01318585 -0.03314697 0.01432037 0.01318585 -0.03314697 0.01432037 0.01318585 -0.03314697 0.01432037 0.01318585 -0.03314697 0.01432037 0.01296335 -0.03652203 0.01465755 0.01296335 -0.03652203 0.01465755 0.01296335 -0.03652203 0.01465755 0.01296335 -0.03652203 0.01465755 0.01320815 -0.03289175 0.01498168 0.01320815 -0.03289175 0.01498168 0.01320815 -0.03289175 0.01498168 0.01320815 -0.03289175 0.01498168 0.01320815 -0.03289175 0.01498168 0.01298803 -0.0362007 0.01506966 0.01298803 -0.0362007 0.01506966 0.01298803 -0.0362007 0.01506966 0.01298803 -0.0362007 0.01506966 0.01298803 -0.0362007 0.01506966 0.01290428 -0.03732925 0.01399928 0.01290428 -0.03732925 0.01399928 0.01290428 -0.03732925 0.01399928 0.01290428 -0.03732925 0.01399928 0.01271486 -0.04088258 0.02002739 0.01271486 -0.04088258 0.02002739 0.01271486 -0.04088258 0.02002739 0.01271486 -0.04088258 0.02002739 0.01274788 -0.04041463 0.02025884 0.01274788 -0.04041463 0.02025884 0.01274788 -0.04041463 0.02025884 0.01274788 -0.04041463 0.02025884 0.01274788 -0.04041463 0.02025884 0.01243323 -0.04506486 0.0197063 0.01243323 -0.04506486 0.0197063 0.01243323 -0.04506486 0.0197063 0.01243323 -0.04506486 0.0197063 0.01243323 -0.04506486 0.0197063 0.01268392 -0.04131084 0.01972854 0.01268392 -0.04131084 0.01972854 0.01268392 -0.04131084 0.01972854 0.01258271 -0.04256427 0.01750171 0.01258271 -0.04256427 0.01750171 0.01258271 -0.04256427 0.01750171 0.01258271 -0.04256427 0.01750171 0.01258271 -0.04256427 0.01750171 0.0125941 -0.04245328 0.01801276 0.0125941 -0.04245328 0.01801276 0.0125941 -0.04245328 0.01801276 0.0125941 -0.04245328 0.01801276 0.01238071 -0.04560989 0.01765888 0.01238071 -0.04560989 0.01765888 0.01238071 -0.04560989 0.01765888 0.01238071 -0.04560989 0.01765888 0.01238071 -0.04560989 0.01765888 0.01261037 -0.0422675 0.01850152 0.01261037 -0.0422675 0.01850152 0.01261037 -0.0422675 0.01850152 0.01239341 -0.04550254 0.01835983 0.01239341 -0.04550254 0.01835983 0.01239341 -0.04550254 0.01835983 0.01239341 -0.04550254 0.01835983 0.01258844 -0.0422368 0.01546454 0.01258844 -0.0422368 0.01546454 0.01258844 -0.0422368 0.01546454 0.01258844 -0.0422368 0.01546454 0.0125792 -0.04243242 0.01594966 0.0125792 -0.04243242 0.01594966 0.0125792 -0.04243242 0.01594966 0.0125792 -0.04243242 0.01594966 0.01237308 -0.04547405 0.01554393 0.01237308 -0.04547405 0.01554393 0.01237308 -0.04547405 0.01554393 0.01237308 -0.04547405 0.01554393 0.01237308 -0.04547405 0.01554393 0.01257508 -0.04255372 0.01645845 0.01257508 -0.04255372 0.01645845 0.01257508 -0.04255372 0.01645845 0.01237046 -0.04559558 0.01624262 0.01237046 -0.04559558 0.01624262 0.01237046 -0.04559558 0.01624262 0.01257628 -0.042598 0.01697969 0.01257628 -0.042598 0.01697969 0.01257628 -0.042598 0.01697969 0.01257628 -0.042598 0.01697969 0.01237303 -0.04564106 0.01695042 0.01237303 -0.04564106 0.01695042 0.01237303 -0.04564106 0.01695042 0.01237303 -0.04564106 0.01695042 0.01264429 -0.04125553 0.01425617 0.01264429 -0.04125553 0.01425617 0.01264429 -0.04125553 0.01425617 0.01264429 -0.04125553 0.01425617 0.01264429 -0.04125553 0.01425617 0.01264429 -0.04125553 0.01425617 0.0126214 -0.04164171 0.01460826 0.0126214 -0.04164171 0.01460826 0.0126214 -0.04164171 0.01460826 0.0126214 -0.04164171 0.01460826 0.01239347 -0.04500925 0.01420617 0.01239347 -0.04500925 0.01420617 0.01239347 -0.04500925 0.01420617 0.01239347 -0.04500925 0.01420617 0.01239347 -0.04500925 0.01420617 0.01260256 -0.04197126 0.01501405 0.01260256 -0.04197126 0.01501405 0.01260256 -0.04197126 0.01501405 0.01260256 -0.04197126 0.01501405 0.01238071 -0.04527783 0.01486241 0.01238071 -0.04527783 0.01486241 0.01238071 -0.04527783 0.01486241 0.01267099 -0.04082131 0.01396566 0.01267099 -0.04082131 0.01396566 0.01267099 -0.04082131 0.01396566 0.01682448 -0.03824961 0.01052874 0.01682448 -0.03824961 0.01052874 0.01682448 -0.03824961 0.01052874 0.01682448 -0.03824961 0.01052874 0.01687175 -0.0375601 0.01068782 0.01687175 -0.0375601 0.01068782 0.01687175 -0.0375601 0.01068782 0.01691818 -0.03689181 0.01092076 0.01691818 -0.03689181 0.01092076 0.01691818 -0.03689181 0.01092076 0.01691818 -0.03689181 0.01092076 0.01696324 -0.03625261 0.01122468 0.01696324 -0.03625261 0.01122468 0.01696324 -0.03625261 0.01122468 0.01700639 -0.03565001 0.01159614 0.01700639 -0.03565001 0.01159614 0.01700639 -0.03565001 0.01159614 0.01700639 -0.03565001 0.01159614 0.01700639 -0.03565001 0.01159614 0.0170471 -0.03509098 0.01203072 0.0170471 -0.03509098 0.01203072 0.0170471 -0.03509098 0.01203072 0.0170471 -0.03509098 0.01203072 0.0170471 -0.03509098 0.01203072 0.01708489 -0.03458219 0.01252341 0.01708489 -0.03458219 0.01252341 0.01708489 -0.03458219 0.01252341 0.01708489 -0.03458219 0.01252341 0.0171194 -0.03412955 0.01306831 0.0171194 -0.03412955 0.01306831 0.0171194 -0.03412955 0.01306831 0.0171194 -0.03412955 0.01306831 0.01715022 -0.03373843 0.01365906 0.01715022 -0.03373843 0.01365906 0.01715022 -0.03373843 0.01365906 0.01715022 -0.03373843 0.01365906 0.01717686 -0.03341329 0.01428884 0.01717686 -0.03341329 0.01428884 0.01717686 -0.03341329 0.01428884 0.01719915 -0.03315806 0.01495015 0.01719915 -0.03315806 0.01495015 0.01719915 -0.03315806 0.01495015 0.01719915 -0.03315806 0.01495015 0.01721674 -0.03297561 0.01563531 0.01721674 -0.03297561 0.01563531 0.01721674 -0.03297561 0.01563531 0.01721674 -0.03297561 0.01563531 0.01721674 -0.03297561 0.01563531 0.01722943 -0.03286826 0.0163362 0.01722943 -0.03286826 0.0163362 0.01722943 -0.03286826 0.0163362 0.01722943 -0.03286826 0.0163362 0.01723712 -0.03283709 0.01704472 0.01723712 -0.03283709 0.01704472 0.01723712 -0.03283709 0.01704472 0.01723712 -0.03283709 0.01704472 0.01723712 -0.03283709 0.01704472 0.01677691 -0.03895229 0.01044529 0.01677691 -0.03895229 0.01044529 0.01677691 -0.03895229 0.01044529 0.01677691 -0.03895229 0.01044529 0.01672965 -0.03965991 0.0104385 0.01672965 -0.03965991 0.0104385 0.01672965 -0.03965991 0.0104385 0.01672965 -0.03965991 0.0104385 0.01668322 -0.04036414 0.01050841 0.01668322 -0.04036414 0.01050841 0.01668322 -0.04036414 0.01050841 0.01668322 -0.04036414 0.01050841 0.01663815 -0.04105675 0.01065421 0.01663815 -0.04105675 0.01065421 0.01663815 -0.04105675 0.01065421 0.01663815 -0.04105675 0.01065421 0.01663815 -0.04105675 0.01065421 0.016595 -0.04172962 0.01087415 0.016595 -0.04172962 0.01087415 0.016595 -0.04172962 0.01087415 0.01655423 -0.04237484 0.01116573 0.01655423 -0.04237484 0.01116573 0.01655423 -0.04237484 0.01116573 0.01651644 -0.04298484 0.01152551 0.01651644 -0.04298484 0.01152551 0.01651644 -0.04298484 0.01152551 0.01651644 -0.04298484 0.01152551 0.01648187 -0.04355251 0.0119493 0.01648187 -0.04355251 0.0119493 0.01648187 -0.04355251 0.0119493 0.01648187 -0.04355251 0.0119493 0.01648187 -0.04355251 0.0119493 0.01645106 -0.04407113 0.01243203 0.01645106 -0.04407113 0.01243203 0.01645106 -0.04407113 0.01243203 0.01645106 -0.04407113 0.01243203 0.01642435 -0.04453474 0.01296812 0.01642435 -0.04453474 0.01296812 0.01642435 -0.04453474 0.01296812 0.01642435 -0.04453474 0.01296812 0.01640206 -0.04493778 0.01355123 0.01640206 -0.04493778 0.01355123 0.01640206 -0.04493778 0.01355123 0.01640206 -0.04493778 0.01355123 0.01638454 -0.04527556 0.01417464 0.01638454 -0.04527556 0.01417464 0.01638454 -0.04527556 0.01417464 0.01638454 -0.04527556 0.01417464 0.01637172 -0.04554414 0.01483088 0.01637172 -0.04554414 0.01483088 0.01637172 -0.04554414 0.01483088 0.01637172 -0.04554414 0.01483088 0.01637172 -0.04554414 0.01483088 0.01636403 -0.04574036 0.0155124 0.01636403 -0.04574036 0.0155124 0.01636403 -0.04574036 0.0155124 0.01636403 -0.04574036 0.0155124 0.01636147 -0.04586189 0.01621109 0.01636147 -0.04586189 0.01621109 0.01636147 -0.04586189 0.01621109 0.01636147 -0.04586189 0.01621109 0.01636403 -0.04590737 0.01691883 0.01636403 -0.04590737 0.01691883 0.01636403 -0.04590737 0.01691883 0.01636403 -0.04590737 0.01691883 0.01636403 -0.04590737 0.01691883 0.01677668 -0.04049485 0.02343481 0.01677668 -0.04049485 0.02343481 0.01677668 -0.04049485 0.02343481 0.01672941 -0.04118436 0.02327573 0.01672941 -0.04118436 0.02327573 0.01672941 -0.04118436 0.02327573 0.01672941 -0.04118436 0.02327573 0.01672941 -0.04118436 0.02327573 0.01668298 -0.04185265 0.02304279 0.01668298 -0.04185265 0.02304279 0.01668298 -0.04185265 0.02304279 0.01668298 -0.04185265 0.02304279 0.01663792 -0.04249185 0.02273887 0.01663792 -0.04249185 0.02273887 0.01663792 -0.04249185 0.02273887 0.01663792 -0.04249185 0.02273887 0.01659476 -0.04309445 0.02236741 0.01659476 -0.04309445 0.02236741 0.01659476 -0.04309445 0.02236741 0.01659476 -0.04309445 0.02236741 0.01655405 -0.04365342 0.02193284 0.01655405 -0.04365342 0.02193284 0.01655405 -0.04365342 0.02193284 0.01655405 -0.04365342 0.02193284 0.0165162 -0.04416227 0.0214402 0.0165162 -0.04416227 0.0214402 0.0165162 -0.04416227 0.0214402 0.0165162 -0.04416227 0.0214402 0.01648169 -0.04461485 0.0208953 0.01648169 -0.04461485 0.0208953 0.01648169 -0.04461485 0.0208953 0.01648169 -0.04461485 0.0208953 0.01645094 -0.04500603 0.0203045 0.01645094 -0.04500603 0.0203045 0.01645094 -0.04500603 0.0203045 0.01645094 -0.04500603 0.0203045 0.01642423 -0.04533118 0.01967471 0.01642423 -0.04533118 0.01967471 0.01642423 -0.04533118 0.01967471 0.01642423 -0.04533118 0.01967471 0.016402 -0.0455864 0.0190134 0.016402 -0.0455864 0.0190134 0.016402 -0.0455864 0.0190134 0.016402 -0.0455864 0.0190134 0.016402 -0.0455864 0.0190134 0.01638442 -0.04576879 0.0183283 0.01638442 -0.04576879 0.0183283 0.01638442 -0.04576879 0.0183283 0.01638442 -0.04576879 0.0183283 0.01638442 -0.04576879 0.0183283 0.01637166 -0.0458762 0.01762735 0.01637166 -0.0458762 0.01762735 0.01637166 -0.0458762 0.01762735 0.01637166 -0.0458762 0.01762735 0.01637166 -0.0458762 0.01762735 0.01682424 -0.03979218 0.02351826 0.01682424 -0.03979218 0.02351826 0.01682424 -0.03979218 0.02351826 0.01682424 -0.03979218 0.02351826 0.01687151 -0.03908455 0.02352505 0.01687151 -0.03908455 0.02352505 0.01687151 -0.03908455 0.02352505 0.01687151 -0.03908455 0.02352505 0.01691794 -0.03838032 0.0234552 0.01691794 -0.03838032 0.0234552 0.01691794 -0.03838032 0.0234552 0.01691794 -0.03838032 0.0234552 0.016963 -0.03768771 0.0233094 0.016963 -0.03768771 0.0233094 0.016963 -0.03768771 0.0233094 0.016963 -0.03768771 0.0233094 0.01700609 -0.03701484 0.0230894 0.01700609 -0.03701484 0.0230894 0.01700609 -0.03701484 0.0230894 0.01700609 -0.03701484 0.0230894 0.01704686 -0.03636962 0.02279782 0.01704686 -0.03636962 0.02279782 0.01704686 -0.03636962 0.02279782 0.01704686 -0.03636962 0.02279782 0.01708471 -0.03575962 0.02243804 0.01708471 -0.03575962 0.02243804 0.01708471 -0.03575962 0.02243804 0.01711928 -0.03519195 0.02201431 0.01711928 -0.03519195 0.02201431 0.01711928 -0.03519195 0.02201431 0.01711928 -0.03519195 0.02201431 0.01711928 -0.03519195 0.02201431 0.01715004 -0.03467333 0.02153152 0.01715004 -0.03467333 0.02153152 0.01715004 -0.03467333 0.02153152 0.01715004 -0.03467333 0.02153152 0.01717674 -0.03420972 0.02099543 0.01717674 -0.03420972 0.02099543 0.01717674 -0.03420972 0.02099543 0.01719897 -0.03380668 0.02041232 0.01719897 -0.03380668 0.02041232 0.01719897 -0.03380668 0.02041232 0.01719897 -0.03380668 0.02041232 0.01719897 -0.03380668 0.02041232 0.01721662 -0.0334689 0.01978898 0.01721662 -0.0334689 0.01978898 0.01721662 -0.0334689 0.01978898 0.01721662 -0.0334689 0.01978898 0.01721662 -0.0334689 0.01978898 0.01722937 -0.03320032 0.01913267 0.01722937 -0.03320032 0.01913267 0.01722937 -0.03320032 0.01913267 0.01722937 -0.03320032 0.01913267 0.01722937 -0.03320032 0.01913267 0.01722937 -0.03320032 0.01913267 0.01723706 -0.0330041 0.01845121 0.01723706 -0.0330041 0.01845121 0.01723706 -0.0330041 0.01845121 0.01723706 -0.0330041 0.01845121 0.01723968 -0.03288257 0.01775246 0.01723968 -0.03288257 0.01775246 0.01723968 -0.03288257 0.01775246 0.01723968 -0.03288257 0.01775246 0.01766937 -0.02967804 0.04507565 0.01766937 -0.02967804 0.04507565 0.01766937 -0.02967804 0.04507565 0.01766937 -0.02967804 0.04507565 0.01766937 -0.02967804 0.04507565 0.01766937 -0.02967804 0.04507565 0.0174092 -0.02931404 0.009078443 0.0174092 -0.02931404 0.009078443 0.0174092 -0.02931404 0.009078443 0.0174092 -0.02931404 0.009078443 0.0174092 -0.02931404 0.009078443 0.0174092 -0.02931404 0.009078443 7.97424e-4 0.005430281 0.05505335 7.97424e-4 0.005430281 0.05505335 7.97424e-4 0.005430281 0.05505335 5.41439e-4 0.005481481 0.05505573 5.41439e-4 0.005481481 0.05505573 5.41439e-4 0.005481481 0.05505573 5.41439e-4 0.005481481 0.05505573 6.97439e-4 0.003933668 0.05503892 6.97439e-4 0.003933668 0.05503892 6.97439e-4 0.003933668 0.05503892 6.97439e-4 0.003933668 0.05503892 3.07481e-4 0.005597233 0.05505859 3.07481e-4 0.005597233 0.05505859 3.07481e-4 0.005597233 0.05505859 3.07481e-4 0.005597233 0.05505859 3.07481e-4 0.005597233 0.05505859 -1.33708e-4 0.006494581 0.05507081 -1.33708e-4 0.006494581 0.05507081 -1.33708e-4 0.006494581 0.05507081 -1.33708e-4 0.006494581 0.05507081 -1.33708e-4 0.006494581 0.05507081 -0.001043498 0.003706574 0.05504924 -0.001043498 0.003706574 0.05504924 -0.001043498 0.003706574 0.05504924 -0.001043498 0.003706574 0.05504924 -4.74828e-4 0.003858208 0.05504667 -4.74828e-4 0.003858208 0.05504667 -4.74828e-4 0.003858208 0.05504667 -4.74828e-4 0.003858208 0.05504667 -4.74828e-4 0.003858208 0.05504667 0.007575571 -0.002003014 0.05492919 0.007575571 -0.002003014 0.05492919 0.007575571 -0.002003014 0.05492919 0.007575571 -0.002003014 0.05492919 0.01077306 -0.002165496 0.05490446 0.01077306 -0.002165496 0.05490446 0.01077306 -0.002165496 0.05490446 0.01077306 -0.002165496 0.05490446 0.00782293 -0.001919388 0.05492824 0.00782293 -0.001919388 0.05492824 0.00782293 -0.001919388 0.05492824 0.006629109 -0.001680493 0.05493932 0.006629109 -0.001680493 0.05493932 0.006629109 -0.001680493 0.05493932 0.006484329 -0.001463294 0.05494254 0.006484329 -0.001463294 0.05494254 0.006484329 -0.001463294 0.05494254 0.006484329 -0.001463294 0.05494254 0.004809856 -0.001439094 0.05495488 0.004809856 -0.001439094 0.05495488 0.004809856 -0.001439094 0.05495488 -0.00401479 3.26973e-4 0.05503654 -0.00401479 3.26973e-4 0.05503654 -0.00401479 3.26973e-4 0.05503654 -0.005689263 3.51135e-4 0.05504888 -0.005689263 3.51135e-4 0.05504888 -0.005689263 3.51135e-4 0.05504888 -0.005605697 1.03851e-4 0.05504578 -0.005605697 1.03851e-4 0.05504578 -0.005605697 1.03851e-4 0.05504578 -0.00690931 -0.001036524 0.05504369 -0.00690931 -0.001036524 0.05504369 -0.00690931 -0.001036524 0.05504369 -0.00690931 -0.001036524 0.05504369 -0.007143259 -9.20846e-4 0.05504655 -0.007143259 -9.20846e-4 0.05504655 -0.007143259 -9.20846e-4 0.05504655 -0.01009994 -7.72782e-4 0.05506938 -0.01009994 -7.72782e-4 0.05506938 -0.01009994 -7.72782e-4 0.05506938 -0.01009994 -7.72782e-4 0.05506938 -2.37403e-6 -0.006542444 0.05493807 -2.37403e-6 -0.006542444 0.05493807 -2.37403e-6 -0.006542444 0.05493807 -2.37403e-6 -0.006542444 0.05493807 0.002382695 -0.004594147 0.05494052 0.002382695 -0.004594147 0.05494052 0.002382695 -0.004594147 0.05494052 0.002382695 -0.004594147 0.05494052 0.001838624 -0.004818737 0.05494219 0.001838624 -0.004818737 0.05494219 0.001838624 -0.004818737 0.05494219 0.001838624 -0.004818737 0.05494219 0.001269876 -0.004970371 0.05494475 0.001269876 -0.004970371 0.05494475 0.001269876 -0.004970371 0.05494475 6.8622e-4 -0.005046546 0.05494821 6.8622e-4 -0.005046546 0.05494821 6.8622e-4 -0.005046546 0.05494821 9.76111e-5 -0.005045831 0.0549525 9.76111e-5 -0.005045831 0.0549525 9.76111e-5 -0.005045831 0.0549525 9.76111e-5 -0.005045831 0.0549525 -4.85883e-4 -0.004968345 0.0549575 -4.85883e-4 -0.004968345 0.0549575 -4.85883e-4 -0.004968345 0.0549575 -0.001054227 -0.00481534 0.05496311 -0.001054227 -0.00481534 0.05496311 -0.001054227 -0.00481534 0.05496311 -0.001597762 -0.004589438 0.05496937 -0.001597762 -0.004589438 0.05496937 -0.001597762 -0.004589438 0.05496937 -0.001597762 -0.004589438 0.05496937 -0.002107083 -0.004294514 0.05497598 -0.002107083 -0.004294514 0.05497598 -0.002107083 -0.004294514 0.05497598 -0.002107083 -0.004294514 0.05497598 -8.24363e-5 0.006750524 0.05507308 -8.24363e-5 0.006750524 0.05507308 -8.24363e-5 0.006750524 0.05507308 -8.24363e-5 0.006750524 0.05507308 -8.24363e-5 0.006750524 0.05507308 -8.24363e-5 0.006750524 0.05507308 -0.002097725 0.003188252 0.05505162 -0.002097725 0.003188252 0.05505162 -0.002097725 0.003188252 0.05505162 -0.002097725 0.003188252 0.05505162 -0.001587688 0.003481924 0.0550509 -0.001587688 0.003481924 0.0550509 -0.001587688 0.003481924 0.0550509 3.33055e-5 0.006984531 0.05507457 3.33055e-5 0.006984531 0.05507457 3.33055e-5 0.006984531 0.05507457 3.33055e-5 0.006984531 0.05507457 3.33055e-5 0.006984531 0.05507457 3.33055e-5 0.006984531 0.05507457 -0.00334084 0.001948237 0.05504804 -0.00334084 0.001948237 0.05504804 -0.00334084 0.001948237 0.05504804 -0.00334084 0.001948237 0.05504804 -0.00298196 0.002414762 0.05505019 -0.00298196 0.002414762 0.05505019 -0.00298196 0.002414762 0.05505019 -0.00298196 0.002414762 0.05505019 -0.002565205 0.002830505 0.05505138 -0.002565205 0.002830505 0.05505138 -0.002565205 0.002830505 0.05505138 -0.002565205 0.002830505 0.05505138 -0.005800485 0.007918417 0.05512619 -0.005800485 0.007918417 0.05512619 -0.005800485 0.007918417 0.05512619 -0.005800485 0.007918417 0.05512619 -0.005800485 0.007918417 0.05512619 -0.005800485 0.007918417 0.05512619 -0.006515502 0.007345914 0.05512559 -0.006515502 0.007345914 0.05512559 -0.006515502 0.007345914 0.05512559 -0.006515502 0.007345914 0.05512559 -0.006520032 9.07661e-4 0.0550605 -0.006520032 9.07661e-4 0.0550605 -0.006520032 9.07661e-4 0.0550605 -0.006520032 9.07661e-4 0.0550605 -0.006520032 9.07661e-4 0.0550605 -0.006520032 9.07661e-4 0.0550605 -0.003861725 8.95325e-4 0.05504119 -0.003861725 8.95325e-4 0.05504119 -0.003861725 8.95325e-4 0.05504119 -0.003861725 8.95325e-4 0.05504119 -0.003861725 8.95325e-4 0.05504119 -0.003861725 8.95325e-4 0.05504119 -0.003635823 0.001438856 0.05504506 -0.003635823 0.001438856 0.05504506 -0.003635823 0.001438856 0.05504506 -0.003635823 0.001438856 0.05504506 2.05681e-4 0.007180571 0.05507534 2.05681e-4 0.007180571 0.05507534 2.05681e-4 0.007180571 0.05507534 4.22893e-4 0.007325351 0.05507522 4.22893e-4 0.007325351 0.05507522 4.22893e-4 0.007325351 0.05507522 4.22893e-4 0.007325351 0.05507522 6.70215e-4 0.007408976 0.05507427 6.70215e-4 0.007408976 0.05507427 6.70215e-4 0.007408976 0.05507427 6.70215e-4 0.007408976 0.05507427 9.30696e-4 0.007425725 0.05507254 9.30696e-4 0.007425725 0.05507254 9.30696e-4 0.007425725 0.05507254 9.30696e-4 0.007425725 0.05507254 -0.007178008 0.00671333 0.05512398 -0.007178008 0.00671333 0.05512398 -0.007178008 0.00671333 0.05512398 -0.007782757 0.006025373 0.05512136 -0.007782757 0.006025373 0.05512136 -0.007782757 0.006025373 0.05512136 -0.008325338 0.005287349 0.05511784 -0.008325338 0.005287349 0.05511784 -0.008325338 0.005287349 0.05511784 -0.008801519 0.004504859 0.05511337 -0.008801519 0.004504859 0.05511337 -0.008801519 0.004504859 0.05511337 -0.009207665 0.003683805 0.05510801 -0.009207665 0.003683805 0.05510801 -0.009207665 0.003683805 0.05510801 -0.009540736 0.002830505 0.05510181 -0.009540736 0.002830505 0.05510181 -0.009540736 0.002830505 0.05510181 -0.009798169 0.001951456 0.05509477 -0.009798169 0.001951456 0.05509477 -0.009798169 0.001951456 0.05509477 -0.009798169 0.001951456 0.05509477 -0.006780564 8.90892e-4 0.05506223 -0.006780564 8.90892e-4 0.05506223 -0.006780564 8.90892e-4 0.05506223 -0.006780564 8.90892e-4 0.05506223 -0.006872594 -0.00813198 0.05497163 -0.006872594 -0.00813198 0.05497163 -0.006872594 -0.00813198 0.05497163 -0.006872594 -0.00813198 0.05497163 -0.006872594 -0.00813198 0.05497163 -1.35646e-4 -0.008537888 0.05491888 -1.35646e-4 -0.008537888 0.05491888 -1.35646e-4 -0.008537888 0.05491888 -1.35646e-4 -0.008537888 0.05491888 -3.91631e-4 -0.008486688 0.0549212 -3.91631e-4 -0.008486688 0.0549212 -3.91631e-4 -0.008486688 0.0549212 -3.91631e-4 -0.008486688 0.0549212 -6.25631e-4 -0.008370935 0.05492407 -6.25631e-4 -0.008370935 0.05492407 -6.25631e-4 -0.008370935 0.05492407 -6.25631e-4 -0.008370935 0.05492407 -6.25631e-4 -0.008370935 0.05492407 -8.21641e-4 -0.008198618 0.05492722 -8.21641e-4 -0.008198618 0.05492722 -8.21641e-4 -0.008198618 0.05492722 -8.21641e-4 -0.008198618 0.05492722 -8.21641e-4 -0.008198618 0.05492722 -0.006653308 -0.001087784 0.05504131 -0.006653308 -0.001087784 0.05504131 -0.006653308 -0.001087784 0.05504131 -0.006653308 -0.001087784 0.05504131 -0.006653308 -0.001087784 0.05504131 -0.006653308 -0.001087784 0.05504131 -0.006653308 -0.001087784 0.05504131 -0.006653308 -0.001087784 0.05504131 -0.007505178 -0.007469534 0.05498296 -0.007505178 -0.007469534 0.05498296 -0.007505178 -0.007469534 0.05498296 0.01083624 5.74692e-4 0.0549317 0.01083624 5.74692e-4 0.0549317 0.01083624 5.74692e-4 0.0549317 0.01083624 5.74692e-4 0.0549317 0.01083624 5.74692e-4 0.0549317 0.01069802 0.001480102 0.05494183 0.01069802 0.001480102 0.05494183 0.01069802 0.001480102 0.05494183 0.01048141 0.002370059 0.05495238 0.01048141 0.002370059 0.05495238 0.01048141 0.002370059 0.05495238 0.0101881 0.003237783 0.05496329 0.0101881 0.003237783 0.05496329 0.0101881 0.003237783 0.05496329 0.0101881 0.003237783 0.05496329 0.009820222 0.0040766 0.05497443 0.009820222 0.0040766 0.05497443 0.009820222 0.0040766 0.05497443 0.009820222 0.0040766 0.05497443 0.009380638 0.004880189 0.05498576 0.009380638 0.004880189 0.05498576 0.009380638 0.004880189 0.05498576 0.009380638 0.004880189 0.05498576 0.008872687 0.005642354 0.05499714 0.008872687 0.005642354 0.05499714 0.008872687 0.005642354 0.05499714 0.008872687 0.005642354 0.05499714 0.008300244 0.006357371 0.05500847 0.008300244 0.006357371 0.05500847 0.008300244 0.006357371 0.05500847 0.007448375 -2.43687e-5 0.05495011 0.007448375 -2.43687e-5 0.05495011 0.007448375 -2.43687e-5 0.05495011 0.007448375 -2.43687e-5 0.05495011 0.007704377 -7.56e-5 0.05494773 0.007704377 -7.56e-5 0.05494773 0.007704377 -7.56e-5 0.05494773 0.007704377 -7.56e-5 0.05494773 0.007938325 -1.91323e-4 0.05494487 0.007938325 -1.91323e-4 0.05494487 0.007938325 -1.91323e-4 0.05494487 0.01089501 -3.39386e-4 0.05492204 0.01089501 -3.39386e-4 0.05492204 0.01089501 -3.39386e-4 0.05492204 0.00766766 0.007019758 0.05501973 0.00766766 0.007019758 0.05501973 0.00766766 0.007019758 0.05501973 0.00766766 0.007019758 0.05501973 0.00766766 0.007019758 0.05501973 0.001097261 0.00992006 0.05509656 0.001097261 0.00992006 0.05509656 0.001097261 0.00992006 0.05509656 0.001097261 0.00992006 0.05509656 0.001097261 0.00992006 0.05509656 0.001186609 0.007374525 0.05507022 0.001186609 0.007374525 0.05507022 0.001186609 0.007374525 0.05507022 0.001186609 0.007374525 0.05507022 0.001186609 0.007374525 0.05507022 0.001420676 0.007258772 0.05506736 0.001420676 0.007258772 0.05506736 0.001420676 0.007258772 0.05506736 0.001420676 0.007258772 0.05506736 0.001616656 0.007086455 0.05506414 0.001616656 0.007086455 0.05506414 0.001616656 0.007086455 0.05506414 0.001616656 0.007086455 0.05506414 0.001761436 0.006869196 0.05506092 0.001761436 0.006869196 0.05506092 0.001761436 0.006869196 0.05506092 0.001845002 0.006621956 0.05505782 0.001845002 0.006621956 0.05505782 0.001845002 0.006621956 0.05505782 0.001861751 0.006361424 0.05505508 0.001861751 0.006361424 0.05505508 0.001861751 0.006361424 0.05505508 0.001861751 0.006361424 0.05505508 0.001849234 0.003703176 0.05502825 0.001849234 0.003703176 0.05502825 0.001849234 0.003703176 0.05502825 0.001849234 0.003703176 0.05502825 0.001849234 0.003703176 0.05502825 0.002392768 0.003477275 0.05502206 0.002392768 0.003477275 0.05502206 0.002392768 0.003477275 0.05502206 0.002392768 0.003477275 0.05502206 0.002902209 0.003182351 0.05501538 0.002902209 0.003182351 0.05501538 0.002902209 0.003182351 0.05501538 0.003368735 0.002823472 0.05500841 0.003368735 0.002823472 0.05500841 0.003368735 0.002823472 0.05500841 0.003368735 0.002823472 0.05500841 0.003784418 0.002406835 0.05500119 0.003784418 0.002406835 0.05500119 0.003784418 0.002406835 0.05500119 0.004142105 0.001939415 0.05499386 0.004142105 0.001939415 0.05499386 0.004142105 0.001939415 0.05499386 0.004435777 0.001429319 0.05498659 0.004435777 0.001429319 0.05498659 0.004435777 0.001429319 0.05498659 0.004660367 8.85307e-4 0.05497944 0.004660367 8.85307e-4 0.05497944 0.004660367 8.85307e-4 0.05497944 0.004812002 3.16597e-4 0.05497264 0.004812002 3.16597e-4 0.05497264 0.004812002 3.16597e-4 0.05497264 0.004812002 3.16597e-4 0.05497264 0.004812002 3.16597e-4 0.05497264 0.00181055 0.006105482 0.05505287 0.00181055 0.006105482 0.05505287 0.00181055 0.006105482 0.05505287 0.00181055 0.006105482 0.05505287 0.001694798 0.005871474 0.05505132 0.001694798 0.005871474 0.05505132 0.001694798 0.005871474 0.05505132 0.001694798 0.005871474 0.05505132 0.001522421 0.005675435 0.05505061 0.001522421 0.005675435 0.05505061 0.001522421 0.005675435 0.05505061 0.006595551 -0.00903058 0.05486524 0.006595551 -0.00903058 0.05486524 0.006595551 -0.00903058 0.05486524 0.006595551 -0.00903058 0.05486524 0.007310628 -0.008458077 0.05486583 0.007310628 -0.008458077 0.05486583 0.007310628 -0.008458077 0.05486583 0.007315099 -0.002019822 0.05493092 0.007315099 -0.002019822 0.05493092 0.007315099 -0.002019822 0.05493092 0.007315099 -0.002019822 0.05493092 0.007315099 -0.002019822 0.05493092 0.007315099 -0.002019822 0.05493092 0.007315099 -0.002019822 0.05493092 0.007315099 -0.002019822 0.05493092 5.89369e-4 -0.008292734 0.05491608 5.89369e-4 -0.008292734 0.05491608 5.89369e-4 -0.008292734 0.05491608 5.89369e-4 -0.008292734 0.05491608 3.72158e-4 -0.008437514 0.0549162 3.72158e-4 -0.008437514 0.0549162 3.72158e-4 -0.008437514 0.0549162 1.24835e-4 -0.008521139 0.05491715 1.24835e-4 -0.008521139 0.05491715 1.24835e-4 -0.008521139 0.05491715 1.24835e-4 -0.008521139 0.05491715 0.007973074 -0.007825493 0.05486744 0.007973074 -0.007825493 0.05486744 0.007973074 -0.007825493 0.05486744 0.007973074 -0.007825493 0.05486744 0.008577823 -0.007137537 0.05487 0.008577823 -0.007137537 0.05487 0.008577823 -0.007137537 0.05487 0.008577823 -0.007137537 0.05487 0.009120404 -0.006399512 0.05487358 0.009120404 -0.006399512 0.05487358 0.009120404 -0.006399512 0.05487358 0.009596586 -0.005617022 0.05487805 0.009596586 -0.005617022 0.05487805 0.009596586 -0.005617022 0.05487805 0.01000273 -0.004795968 0.05488342 0.01000273 -0.004795968 0.05488342 0.01000273 -0.004795968 0.05488342 0.0103358 -0.003942668 0.05488961 0.0103358 -0.003942668 0.05488961 0.0103358 -0.003942668 0.05488961 0.01059323 -0.003063619 0.05489665 0.01059323 -0.003063619 0.05489665 0.01059323 -0.003063619 0.05489665 0.01087385 -0.001255095 0.05491292 0.01087385 -0.001255095 0.05491292 0.01087385 -0.001255095 0.05491292 0.008379518 -0.001088619 0.05493265 0.008379518 -0.001088619 0.05493265 0.008379518 -0.001088619 0.05493265 0.008328258 -0.001344621 0.05493038 0.008328258 -0.001344621 0.05493038 0.008328258 -0.001344621 0.05493038 0.008212506 -0.001578569 0.05492889 0.008212506 -0.001578569 0.05492889 0.008212506 -0.001578569 0.05492889 0.00804013 -0.001774668 0.05492812 0.00804013 -0.001774668 0.05492812 0.00804013 -0.001774668 0.05492812 0.00804013 -0.001774668 0.05492812 0.008134424 -3.63663e-4 0.05494171 0.008134424 -3.63663e-4 0.05494171 0.008134424 -3.63663e-4 0.05494171 0.008279144 -5.80887e-4 0.05493849 0.008279144 -5.80887e-4 0.05493849 0.008279144 -5.80887e-4 0.05493849 0.00836277 -8.28179e-4 0.05493539 0.00836277 -8.28179e-4 0.05493539 0.00836277 -8.28179e-4 0.05493539 -0.006184697 -0.008736729 0.0549606 -0.006184697 -0.008736729 0.0549606 -0.006184697 -0.008736729 0.0549606 -0.005446672 -0.009279191 0.05494976 -0.005446672 -0.009279191 0.05494976 -0.005446672 -0.009279191 0.05494976 -0.004664182 -0.009755253 0.05493927 -0.004664182 -0.009755253 0.05493927 -0.004664182 -0.009755253 0.05493927 -0.003843188 -0.01016139 0.05492925 -0.003843188 -0.01016139 0.05492925 -0.003843188 -0.01016139 0.05492925 -0.002989888 -0.01049435 0.05491971 -0.002989888 -0.01049435 0.05491971 -0.002989888 -0.01049435 0.05491971 -0.002110838 -0.01075172 0.05491077 -0.002110838 -0.01075172 0.05491077 -0.002110838 -0.01075172 0.05491077 -0.001212656 -0.01093143 0.05490243 -0.001212656 -0.01093143 0.05490243 -0.001212656 -0.01093143 0.05490243 -3.02247e-4 -0.01103222 0.05489486 -3.02247e-4 -0.01103222 0.05489486 -3.02247e-4 -0.01103222 0.05489486 6.13458e-4 -0.01105326 0.05488801 6.13458e-4 -0.01105326 0.05488801 6.13458e-4 -0.01105326 0.05488801 0.001527547 -0.01099443 0.05488198 0.001527547 -0.01099443 0.05488198 0.001527547 -0.01099443 0.05488198 0.002433061 -0.01085621 0.05487686 0.002433061 -0.01085621 0.05487686 0.002433061 -0.01085621 0.05487686 0.003323018 -0.01063954 0.05487263 0.003323018 -0.01063954 0.05487263 0.003323018 -0.01063954 0.05487263 0.004190802 -0.01034611 0.05486929 0.004190802 -0.01034611 0.05486929 0.004190802 -0.01034611 0.05486929 0.005029618 -0.009978175 0.05486696 0.005029618 -0.009978175 0.05486696 0.005029618 -0.009978175 0.05486696 0.005833268 -0.00953859 0.05486559 0.005833268 -0.00953859 0.05486559 0.005833268 -0.00953859 0.05486559 0.007059156 -0.001968562 0.0549333 0.007059156 -0.001968562 0.0549333 0.007059156 -0.001968562 0.0549333 0.007059156 -0.001968562 0.0549333 0.004656732 -0.002007484 0.05495023 0.004656732 -0.002007484 0.05495023 0.004656732 -0.002007484 0.05495023 0.004656732 -0.002007484 0.05495023 0.00443083 -0.002551019 0.05494636 0.00443083 -0.002551019 0.05494636 0.00443083 -0.002551019 0.05494636 0.004135906 -0.0030604 0.05494338 0.004135906 -0.0030604 0.05494338 0.004135906 -0.0030604 0.05494338 0.004135906 -0.0030604 0.05494338 0.003776967 -0.003526926 0.05494123 0.003776967 -0.003526926 0.05494123 0.003776967 -0.003526926 0.05494123 0.003360271 -0.003942668 0.05494004 0.003360271 -0.003942668 0.05494004 0.003360271 -0.003942668 0.05494004 0.003360271 -0.003942668 0.05494004 0.003360271 -0.003942668 0.05494004 0.002892851 -0.004300415 0.0549398 0.002892851 -0.004300415 0.0549398 0.002892851 -0.004300415 0.0549398 0.002892851 -0.004300415 0.0549398 2.53611e-4 -0.006593644 0.05493569 2.53611e-4 -0.006593644 0.05493569 2.53611e-4 -0.006593644 0.05493569 4.87569e-4 -0.006709396 0.05493283 4.87569e-4 -0.006709396 0.05493283 4.87569e-4 -0.006709396 0.05493283 6.83662e-4 -0.006881773 0.05492967 6.83662e-4 -0.006881773 0.05492967 6.83662e-4 -0.006881773 0.05492967 8.28402e-4 -0.007098972 0.05492645 8.28402e-4 -0.007098972 0.05492645 8.28402e-4 -0.007098972 0.05492645 9.12011e-4 -0.007346272 0.05492335 9.12011e-4 -0.007346272 0.05492335 9.12011e-4 -0.007346272 0.05492335 9.12011e-4 -0.007346272 0.05492335 9.28758e-4 -0.007606744 0.05492055 9.28758e-4 -0.007606744 0.05492055 9.28758e-4 -0.007606744 0.05492055 9.28758e-4 -0.007606744 0.05492055 9.28758e-4 -0.007606744 0.05492055 8.77528e-4 -0.007862687 0.05491834 8.77528e-4 -0.007862687 0.05491834 8.77528e-4 -0.007862687 0.05491834 8.77528e-4 -0.007862687 0.05491834 8.77528e-4 -0.007862687 0.05491834 7.61745e-4 -0.008096694 0.05491685 7.61745e-4 -0.008096694 0.05491685 7.61745e-4 -0.008096694 0.05491685 7.61745e-4 -0.008096694 0.05491685 0.004888117 -2.67067e-4 0.05496615 0.004888117 -2.67067e-4 0.05496615 0.004888117 -2.67067e-4 0.05496615 0.006550967 -4.65577e-4 0.05495214 0.006550967 -4.65577e-4 0.05495214 0.006550967 -4.65577e-4 0.05495214 0.006723344 -2.69516e-4 0.05495285 0.006723344 -2.69516e-4 0.05495285 0.006723344 -2.69516e-4 0.05495285 0.006723344 -2.69516e-4 0.05495285 0.006940603 -1.24749e-4 0.0549528 0.006940603 -1.24749e-4 0.0549528 0.006940603 -1.24749e-4 0.0549528 0.006940603 -1.24749e-4 0.0549528 0.006940603 -1.24749e-4 0.0549528 0.007187902 -4.11304e-5 0.05495184 0.007187902 -4.11304e-5 0.05495184 0.007187902 -4.11304e-5 0.05495184 0.007187902 -4.11304e-5 0.05495184 0.007187902 -4.11304e-5 0.05495184 0.006979703 0.007624506 0.05503082 0.006979703 0.007624506 0.05503082 0.006979703 0.007624506 0.05503082 0.006241738 0.008167028 0.05504167 0.006241738 0.008167028 0.05504167 0.006241738 0.008167028 0.05504167 0.005459249 0.00864309 0.05505216 0.005459249 0.00864309 0.05505216 0.005459249 0.00864309 0.05505216 0.004638254 0.009049177 0.05506217 0.004638254 0.009049177 0.05506217 0.004638254 0.009049177 0.05506217 0.003784954 0.009382188 0.05507171 0.003784954 0.009382188 0.05507171 0.003784954 0.009382188 0.05507171 0.002905845 0.009639501 0.05508065 0.002905845 0.009639501 0.05508065 0.002905845 0.009639501 0.05508065 0.002905845 0.009639501 0.05508065 0.002007722 0.009819269 0.05508899 0.002007722 0.009819269 0.05508899 0.002007722 0.009819269 0.05508899 0.002007722 0.009819269 0.05508899 -9.66422e-4 -0.007981359 0.0549305 -9.66422e-4 -0.007981359 0.0549305 -9.66422e-4 -0.007981359 0.0549305 -9.66422e-4 -0.007981359 0.0549305 -0.001049935 -0.007734119 0.0549336 -0.001049935 -0.007734119 0.0549336 -0.001049935 -0.007734119 0.0549336 -0.001049935 -0.007734119 0.0549336 -0.001066684 -0.007473587 0.05493634 -0.001066684 -0.007473587 0.05493634 -0.001066684 -0.007473587 0.05493634 -0.001066684 -0.007473587 0.05493634 -0.001015484 -0.007217645 0.05493855 -0.001015484 -0.007217645 0.05493855 -0.001015484 -0.007217645 0.05493855 -0.001015484 -0.007217645 0.05493855 -8.99765e-4 -0.006983637 0.0549401 -8.99765e-4 -0.006983637 0.0549401 -8.99765e-4 -0.006983637 0.0549401 -7.2739e-4 -0.006787598 0.05494081 -7.2739e-4 -0.006787598 0.05494081 -7.2739e-4 -0.006787598 0.05494081 -5.10137e-4 -0.006642818 0.05494076 -5.10137e-4 -0.006642818 0.05494076 -5.10137e-4 -0.006642818 0.05494076 -2.62896e-4 -0.006559193 0.0549398 -2.62896e-4 -0.006559193 0.0549398 -2.62896e-4 -0.006559193 0.0549398 -2.62896e-4 -0.006559193 0.0549398 -0.002573668 -0.003935694 0.05498301 -0.002573668 -0.003935694 0.05498301 -0.002573668 -0.003935694 0.05498301 -0.002573668 -0.003935694 0.05498301 -0.002989351 -0.003518998 0.05499023 -0.002989351 -0.003518998 0.05499023 -0.002989351 -0.003518998 0.05499023 -0.003347039 -0.003051578 0.05499756 -0.003347039 -0.003051578 0.05499756 -0.003347039 -0.003051578 0.05499756 -0.00364077 -0.002541482 0.05500483 -0.00364077 -0.002541482 0.05500483 -0.00364077 -0.002541482 0.05500483 -0.003865301 -0.00199747 0.05501192 -0.003865301 -0.00199747 0.05501192 -0.003865301 -0.00199747 0.05501192 -0.004016935 -0.001428723 0.05501878 -0.004016935 -0.001428723 0.05501878 -0.004016935 -0.001428723 0.05501878 -0.004016935 -0.001428723 0.05501878 -0.006392836 -0.001071035 0.05503958 -0.006392836 -0.001071035 0.05503958 -0.006392836 -0.001071035 0.05503958 -0.006392836 -0.001071035 0.05503958 -0.00626409 8.56422e-4 0.05505818 -0.00626409 8.56422e-4 0.05505818 -0.00626409 8.56422e-4 0.05505818 -0.00626409 8.56422e-4 0.05505818 -0.006030082 7.40692e-4 0.05505526 -0.006030082 7.40692e-4 0.05505526 -0.006030082 7.40692e-4 0.05505526 -0.006030082 7.40692e-4 0.05505526 -0.005834043 5.68359e-4 0.0550521 -0.005834043 5.68359e-4 0.0550521 -0.005834043 5.68359e-4 0.0550521 1.81592e-4 0.009941101 0.05510342 1.81592e-4 0.009941101 0.05510342 1.81592e-4 0.009941101 0.05510342 1.81592e-4 0.009941101 0.05510342 -7.32504e-4 0.009882271 0.05510944 -7.32504e-4 0.009882271 0.05510944 -7.32504e-4 0.009882271 0.05510944 -0.001637995 0.009743988 0.05511456 -0.001637995 0.009743988 0.05511456 -0.001637995 0.009743988 0.05511456 -0.001637995 0.009743988 0.05511456 -0.002527952 0.009527385 0.05511879 -0.002527952 0.009527385 0.05511879 -0.002527952 0.009527385 0.05511879 -0.002527952 0.009527385 0.05511879 -0.002527952 0.009527385 0.05511879 -0.003395736 0.009233951 0.05512213 -0.003395736 0.009233951 0.05512213 -0.003395736 0.009233951 0.05512213 -0.003395736 0.009233951 0.05512213 -0.004234611 0.008866012 0.05512446 -0.004234611 0.008866012 0.05512446 -0.004234611 0.008866012 0.05512446 -0.005038201 0.008426427 0.05512583 -0.005038201 0.008426427 0.05512583 -0.005038201 0.008426427 0.05512583 -0.01004117 -0.001686811 0.05505973 -0.01004117 -0.001686811 0.05505973 -0.01004117 -0.001686811 0.05505973 -0.009902954 -0.002592265 0.05504959 -0.009902954 -0.002592265 0.05504959 -0.009902954 -0.002592265 0.05504959 -0.00968635 -0.003482282 0.05503898 -0.00968635 -0.003482282 0.05503898 -0.00968635 -0.003482282 0.05503898 -0.009393036 -0.004349946 0.05502814 -0.009393036 -0.004349946 0.05502814 -0.009393036 -0.004349946 0.05502814 -0.009025156 -0.005188763 0.05501699 -0.009025156 -0.005188763 0.05501699 -0.009025156 -0.005188763 0.05501699 -0.009025156 -0.005188763 0.05501699 -0.008585572 -0.005992352 0.05500566 -0.008585572 -0.005992352 0.05500566 -0.008585572 -0.005992352 0.05500566 -0.008077621 -0.006754517 0.05499428 -0.008077621 -0.006754517 0.05499428 -0.008077621 -0.006754517 0.05499428 -0.01007878 1.42936e-4 0.0550785 -0.01007878 1.42936e-4 0.0550785 -0.01007878 1.42936e-4 0.0550785 -0.007339358 -7.48505e-4 0.05504971 -0.007339358 -7.48505e-4 0.05504971 -0.007339358 -7.48505e-4 0.05504971 -0.007484138 -5.31289e-4 0.05505293 -0.007484138 -5.31289e-4 0.05505293 -0.007484138 -5.31289e-4 0.05505293 -0.007567703 -2.84005e-4 0.05505603 -0.007567703 -2.84005e-4 0.05505603 -0.007567703 -2.84005e-4 0.05505603 -0.007584452 -2.34989e-5 0.05505877 -0.007584452 -2.34989e-5 0.05505877 -0.007584452 -2.34989e-5 0.05505877 -0.007533192 2.32467e-4 0.05506104 -0.007533192 2.32467e-4 0.05506104 -0.007533192 2.32467e-4 0.05506104 -0.009977936 0.001053333 0.05508697 -0.009977936 0.001053333 0.05508697 -0.009977936 0.001053333 0.05508697 -0.00741744 4.66446e-4 0.05506253 -0.00741744 4.66446e-4 0.05506253 -0.00741744 4.66446e-4 0.05506253 -0.007245063 6.62506e-4 0.05506324 -0.007245063 6.62506e-4 0.05506324 -0.007245063 6.62506e-4 0.05506324 -0.007245063 6.62506e-4 0.05506324 -0.007027864 8.07274e-4 0.05506318 -0.007027864 8.07274e-4 0.05506318 -0.007027864 8.07274e-4 0.05506318 1.08831e-4 0.003934383 0.05504322 1.08831e-4 0.003934383 0.05504322 1.08831e-4 0.003934383 0.05504322 1.08831e-4 0.003934383 0.05504322 1.08831e-4 0.003934383 0.05504322 1.11429e-4 0.00576955 0.05506175 1.11429e-4 0.00576955 0.05506175 1.11429e-4 0.00576955 0.05506175 1.11429e-4 0.00576955 0.05506175 -3.33513e-5 0.005986809 0.05506497 -3.33513e-5 0.005986809 0.05506497 -3.33513e-5 0.005986809 0.05506497 -3.33513e-5 0.005986809 0.05506497 -1.16961e-4 0.006234049 0.05506807 -1.16961e-4 0.006234049 0.05506807 -1.16961e-4 0.006234049 0.05506807 -1.16961e-4 0.006234049 0.05506807 0.001280903 0.003856182 0.05503392 0.001280903 0.003856182 0.05503392 0.001280903 0.003856182 0.05503392 0.001280903 0.003856182 0.05503392 0.001305222 0.005530655 0.05505067 0.001305222 0.005530655 0.05505067 0.001305222 0.005530655 0.05505067 0.001305222 0.005530655 0.05505067 0.001057922 0.00544703 0.05505162 0.001057922 0.00544703 0.05505162 0.001057922 0.00544703 0.05505162 0.006825149 -0.00185281 0.05493617 0.006825149 -0.00185281 0.05493617 0.006825149 -0.00185281 0.05493617 0.004887402 -8.5566e-4 0.05496019 0.004887402 -8.5566e-4 0.05496019 0.004887402 -8.5566e-4 0.05496019 0.004887402 -8.5566e-4 0.05496019 0.006400763 -0.001215994 0.05494564 0.006400763 -0.001215994 0.05494564 0.006400763 -0.001215994 0.05494564 0.006400763 -0.001215994 0.05494564 0.006384015 -9.55521e-4 0.05494838 0.006384015 -9.55521e-4 0.05494838 0.006384015 -9.55521e-4 0.05494838 0.006435275 -6.9957e-4 0.05495059 0.006435275 -6.9957e-4 0.05495059 0.006435275 -6.9957e-4 0.05495059 -0.006145596 -9.8742e-4 0.05503863 -0.006145596 -9.8742e-4 0.05503863 -0.006145596 -9.8742e-4 0.05503863 -0.006145596 -9.8742e-4 0.05503863 -0.00409305 -8.45101e-4 0.05502521 -0.00409305 -8.45101e-4 0.05502521 -0.00409305 -8.45101e-4 0.05502521 -0.00409305 -8.45101e-4 0.05502521 -0.005928337 -8.42644e-4 0.05503857 -0.005928337 -8.42644e-4 0.05503857 -0.005928337 -8.42644e-4 0.05503857 -0.005928337 -8.42644e-4 0.05503857 -0.004092335 -2.56501e-4 0.05503118 -0.004092335 -2.56501e-4 0.05503118 -0.004092335 -2.56501e-4 0.05503118 -0.005640208 -4.12606e-4 0.05504083 -0.005640208 -4.12606e-4 0.05504083 -0.005640208 -4.12606e-4 0.05504083 -0.00575596 -6.46592e-4 0.05503928 -0.00575596 -6.46592e-4 0.05503928 -0.00575596 -6.46592e-4 0.05503928 -0.005588948 -1.56647e-4 0.05504304 -0.005588948 -1.56647e-4 0.05504304 -0.005588948 -1.56647e-4 0.05504304 -0.006428956 -0.03265732 0.001216351 -0.006428956 -0.03265732 0.001216351 -0.006428956 -0.03265732 0.001216351 -0.006450951 -0.03299075 0.001250743 -0.006450951 -0.03299075 0.001250743 -0.006450951 -0.03299075 0.001250743 -0.006450951 -0.03299075 0.001250743 -0.006471276 -0.0333082 0.001358628 -0.006471276 -0.0333082 0.001358628 -0.006471276 -0.0333082 0.001358628 -0.006471276 -0.0333082 0.001358628 -0.006471276 -0.0333082 0.001358628 -0.006471276 -0.0333082 0.001358628 -0.006488919 -0.03359371 0.001534581 -0.006488919 -0.03359371 0.001534581 -0.006488919 -0.03359371 0.001534581 -0.006488919 -0.03359371 0.001534581 -0.006503045 -0.03383314 0.00176984 -0.006503045 -0.03383314 0.00176984 -0.006503045 -0.03383314 0.00176984 -0.006503045 -0.03383314 0.00176984 -0.006503045 -0.03383314 0.00176984 -0.00651288 -0.03401428 0.002052485 -0.00651288 -0.03401428 0.002052485 -0.00651288 -0.03401428 0.002052485 -0.00651288 -0.03401428 0.002052485 -0.00651288 -0.03401428 0.002052485 -0.006517946 -0.03412818 0.00236845 -0.006517946 -0.03412818 0.00236845 -0.006517946 -0.03412818 0.00236845 -0.006517946 -0.03412818 0.00236845 -0.006517946 -0.03412818 0.00236845 -0.006518065 -0.03416913 0.002701818 -0.006518065 -0.03416913 0.002701818 -0.006518065 -0.03416913 0.002701818 -0.006518065 -0.03416913 0.002701818 -0.006406426 -0.03232473 0.001257181 -0.006406426 -0.03232473 0.001257181 -0.006406426 -0.03232473 0.001257181 -0.006406426 -0.03232473 0.001257181 -0.006384491 -0.03200948 0.001371145 -0.006384491 -0.03200948 0.001371145 -0.006384491 -0.03200948 0.001371145 -0.006384491 -0.03200948 0.001371145 -0.006364285 -0.03172755 0.001552581 -0.006364285 -0.03172755 0.001552581 -0.006364285 -0.03172755 0.001552581 -0.006364285 -0.03172755 0.001552581 -0.006364285 -0.03172755 0.001552581 -0.006364285 -0.03172755 0.001552581 -0.006346702 -0.03149294 0.001792371 -0.006346702 -0.03149294 0.001792371 -0.006346702 -0.03149294 0.001792371 -0.006346702 -0.03149294 0.001792371 -0.006346702 -0.03149294 0.001792371 -0.006346702 -0.03149294 0.001792371 -0.006332755 -0.03131753 0.002078413 -0.006332755 -0.03131753 0.002078413 -0.006332755 -0.03131753 0.002078413 -0.006332755 -0.03131753 0.002078413 -0.006323039 -0.03121006 0.002396523 -0.006323039 -0.03121006 0.002396523 -0.006323039 -0.03121006 0.002396523 -0.006323039 -0.03121006 0.002396523 -0.006318151 -0.03117591 0.002730667 -0.006318151 -0.03117591 0.002730667 -0.006318151 -0.03117591 0.002730667 -0.006318151 -0.03117591 0.002730667 -0.00640726 -0.03268766 0.004216134 -0.00640726 -0.03268766 0.004216134 -0.00640726 -0.03268766 0.004216134 -0.006385326 -0.03235423 0.004181742 -0.006385326 -0.03235423 0.004181742 -0.006385326 -0.03235423 0.004181742 -0.006385326 -0.03235423 0.004181742 -0.006385326 -0.03235423 0.004181742 -0.006364941 -0.03203678 0.004073858 -0.006364941 -0.03203678 0.004073858 -0.006364941 -0.03203678 0.004073858 -0.006364941 -0.03203678 0.004073858 -0.006364941 -0.03203678 0.004073858 -0.006347298 -0.03175127 0.003897905 -0.006347298 -0.03175127 0.003897905 -0.006347298 -0.03175127 0.003897905 -0.006347298 -0.03175127 0.003897905 -0.006347298 -0.03175127 0.003897905 -0.006333172 -0.0315119 0.003662645 -0.006333172 -0.0315119 0.003662645 -0.006333172 -0.0315119 0.003662645 -0.006333172 -0.0315119 0.003662645 -0.006333172 -0.0315119 0.003662645 -0.006323337 -0.0313307 0.00338 -0.006323337 -0.0313307 0.00338 -0.006323337 -0.0313307 0.00338 -0.006323337 -0.0313307 0.00338 -0.006323337 -0.0313307 0.00338 -0.006318211 -0.0312168 0.003064036 -0.006318211 -0.0312168 0.003064036 -0.006318211 -0.0312168 0.003064036 -0.006318211 -0.0312168 0.003064036 -0.006429791 -0.03302031 0.004175305 -0.006429791 -0.03302031 0.004175305 -0.006429791 -0.03302031 0.004175305 -0.006429791 -0.03302031 0.004175305 -0.006451725 -0.0333355 0.004061341 -0.006451725 -0.0333355 0.004061341 -0.006451725 -0.0333355 0.004061341 -0.006451725 -0.0333355 0.004061341 -0.006451725 -0.0333355 0.004061341 -0.006471991 -0.03361743 0.003879904 -0.006471991 -0.03361743 0.003879904 -0.006471991 -0.03361743 0.003879904 -0.006471991 -0.03361743 0.003879904 -0.006471991 -0.03361743 0.003879904 -0.006471991 -0.03361743 0.003879904 -0.006489515 -0.03385204 0.003640115 -0.006489515 -0.03385204 0.003640115 -0.006489515 -0.03385204 0.003640115 -0.006489515 -0.03385204 0.003640115 -0.006489515 -0.03385204 0.003640115 -0.006489515 -0.03385204 0.003640115 -0.006503462 -0.03402745 0.003354012 -0.006503462 -0.03402745 0.003354012 -0.006503462 -0.03402745 0.003354012 -0.006503462 -0.03402745 0.003354012 -0.006503462 -0.03402745 0.003354012 -0.006513178 -0.03413492 0.003035962 -0.006513178 -0.03413492 0.003035962 -0.006513178 -0.03413492 0.003035962 -0.006513178 -0.03413492 0.003035962 -0.00707376 -0.042665 0.004120051 -0.00707376 -0.042665 0.004120051 -0.00707376 -0.042665 0.004120051 -0.007051765 -0.04233157 0.004085659 -0.007051765 -0.04233157 0.004085659 -0.007051765 -0.04233157 0.004085659 -0.007051765 -0.04233157 0.004085659 -0.007051765 -0.04233157 0.004085659 -0.00703144 -0.04201412 0.003977775 -0.00703144 -0.04201412 0.003977775 -0.00703144 -0.04201412 0.003977775 -0.00703144 -0.04201412 0.003977775 -0.00703144 -0.04201412 0.003977775 -0.00703144 -0.04201412 0.003977775 -0.007013738 -0.04172855 0.003801822 -0.007013738 -0.04172855 0.003801822 -0.007013738 -0.04172855 0.003801822 -0.007013738 -0.04172855 0.003801822 -0.007013738 -0.04172855 0.003801822 -0.006999671 -0.04148918 0.003566622 -0.006999671 -0.04148918 0.003566622 -0.006999671 -0.04148918 0.003566622 -0.006999671 -0.04148918 0.003566622 -0.006999671 -0.04148918 0.003566622 -0.006989836 -0.04130798 0.003283917 -0.006989836 -0.04130798 0.003283917 -0.006989836 -0.04130798 0.003283917 -0.006989836 -0.04130798 0.003283917 -0.006989836 -0.04130798 0.003283917 -0.00698471 -0.04119408 0.002967953 -0.00698471 -0.04119408 0.002967953 -0.00698471 -0.04119408 0.002967953 -0.00698471 -0.04119408 0.002967953 -0.006984651 -0.04115325 0.002634584 -0.006984651 -0.04115325 0.002634584 -0.006984651 -0.04115325 0.002634584 -0.006984651 -0.04115325 0.002634584 -0.006984651 -0.04115325 0.002634584 -0.00709623 -0.04299759 0.004079222 -0.00709623 -0.04299759 0.004079222 -0.00709623 -0.04299759 0.004079222 -0.00709623 -0.04299759 0.004079222 -0.007118225 -0.04331278 0.003965258 -0.007118225 -0.04331278 0.003965258 -0.007118225 -0.04331278 0.003965258 -0.007118225 -0.04331278 0.003965258 -0.007118225 -0.04331278 0.003965258 -0.007138431 -0.04359477 0.003783822 -0.007138431 -0.04359477 0.003783822 -0.007138431 -0.04359477 0.003783822 -0.007138431 -0.04359477 0.003783822 -0.007138431 -0.04359477 0.003783822 -0.007155954 -0.04382932 0.003544032 -0.007155954 -0.04382932 0.003544032 -0.007155954 -0.04382932 0.003544032 -0.007155954 -0.04382932 0.003544032 -0.007155954 -0.04382932 0.003544032 -0.007155954 -0.04382932 0.003544032 -0.007169902 -0.04400479 0.003257989 -0.007169902 -0.04400479 0.003257989 -0.007169902 -0.04400479 0.003257989 -0.007169902 -0.04400479 0.003257989 -0.007179677 -0.04411226 0.002939879 -0.007179677 -0.04411226 0.002939879 -0.007179677 -0.04411226 0.002939879 -0.007179677 -0.04411226 0.002939879 -0.007179677 -0.04411226 0.002939879 -0.007184505 -0.04414641 0.002605736 -0.007184505 -0.04414641 0.002605736 -0.007184505 -0.04414641 0.002605736 -0.007184505 -0.04414641 0.002605736 -0.007184505 -0.04414641 0.002605736 -0.007095456 -0.04263466 0.001120269 -0.007095456 -0.04263466 0.001120269 -0.007095456 -0.04263466 0.001120269 -0.00711739 -0.04296803 0.001154661 -0.00711739 -0.04296803 0.001154661 -0.00711739 -0.04296803 0.001154661 -0.00711739 -0.04296803 0.001154661 -0.00711739 -0.04296803 0.001154661 -0.007137775 -0.04328548 0.001262545 -0.007137775 -0.04328548 0.001262545 -0.007137775 -0.04328548 0.001262545 -0.007137775 -0.04328548 0.001262545 -0.007137775 -0.04328548 0.001262545 -0.007137775 -0.04328548 0.001262545 -0.007155418 -0.04357105 0.001438498 -0.007155418 -0.04357105 0.001438498 -0.007155418 -0.04357105 0.001438498 -0.007155418 -0.04357105 0.001438498 -0.007169485 -0.04381042 0.001673758 -0.007169485 -0.04381042 0.001673758 -0.007169485 -0.04381042 0.001673758 -0.007169485 -0.04381042 0.001673758 -0.007169485 -0.04381042 0.001673758 -0.007169485 -0.04381042 0.001673758 -0.007179319 -0.04399162 0.001956403 -0.007179319 -0.04399162 0.001956403 -0.007179319 -0.04399162 0.001956403 -0.007179319 -0.04399162 0.001956403 -0.007184445 -0.04410547 0.002272367 -0.007184445 -0.04410547 0.002272367 -0.007184445 -0.04410547 0.002272367 -0.007184445 -0.04410547 0.002272367 -0.007184445 -0.04410547 0.002272367 -0.007072925 -0.04230201 0.001161098 -0.007072925 -0.04230201 0.001161098 -0.007072925 -0.04230201 0.001161098 -0.007072925 -0.04230201 0.001161098 -0.007050991 -0.04198682 0.001275062 -0.007050991 -0.04198682 0.001275062 -0.007050991 -0.04198682 0.001275062 -0.007050991 -0.04198682 0.001275062 -0.007050991 -0.04198682 0.001275062 -0.007030725 -0.04170483 0.001456499 -0.007030725 -0.04170483 0.001456499 -0.007030725 -0.04170483 0.001456499 -0.007030725 -0.04170483 0.001456499 -0.007030725 -0.04170483 0.001456499 -0.007013201 -0.04147028 0.001696288 -0.007013201 -0.04147028 0.001696288 -0.007013201 -0.04147028 0.001696288 -0.007013201 -0.04147028 0.001696288 -0.007013201 -0.04147028 0.001696288 -0.007013201 -0.04147028 0.001696288 -0.006999254 -0.04129481 0.00198239 -0.006999254 -0.04129481 0.00198239 -0.006999254 -0.04129481 0.00198239 -0.006999254 -0.04129481 0.00198239 -0.006989479 -0.04118734 0.002300441 -0.006989479 -0.04118734 0.002300441 -0.006989479 -0.04118734 0.002300441 -0.006989479 -0.04118734 0.002300441 -0.006989479 -0.04118734 0.002300441 -0.006719589 -0.04316037 0.05311626 -0.006719589 -0.04316037 0.05311626 -0.006719589 -0.04316037 0.05311626 -0.006697595 -0.04282701 0.05308187 -0.006697595 -0.04282701 0.05308187 -0.006697595 -0.04282701 0.05308187 -0.006697595 -0.04282701 0.05308187 -0.006677269 -0.04250955 0.05297398 -0.006677269 -0.04250955 0.05297398 -0.006677269 -0.04250955 0.05297398 -0.006677269 -0.04250955 0.05297398 -0.006677269 -0.04250955 0.05297398 -0.006677269 -0.04250955 0.05297398 -0.006659626 -0.04222398 0.05279803 -0.006659626 -0.04222398 0.05279803 -0.006659626 -0.04222398 0.05279803 -0.006659626 -0.04222398 0.05279803 -0.0066455 -0.04198461 0.05256283 -0.0066455 -0.04198461 0.05256283 -0.0066455 -0.04198461 0.05256283 -0.0066455 -0.04198461 0.05256283 -0.006635665 -0.04180341 0.05228012 -0.006635665 -0.04180341 0.05228012 -0.006635665 -0.04180341 0.05228012 -0.006635665 -0.04180341 0.05228012 -0.006630539 -0.04168951 0.05196416 -0.006630539 -0.04168951 0.05196416 -0.006630539 -0.04168951 0.05196416 -0.006630539 -0.04168951 0.05196416 -0.00663042 -0.04164862 0.05163079 -0.00663042 -0.04164862 0.05163079 -0.00663042 -0.04164862 0.05163079 -0.00663042 -0.04164862 0.05163079 -0.00663042 -0.04164862 0.05163079 -0.006742119 -0.04349303 0.05307543 -0.006742119 -0.04349303 0.05307543 -0.006742119 -0.04349303 0.05307543 -0.006742119 -0.04349303 0.05307543 -0.006764054 -0.04380822 0.05296146 -0.006764054 -0.04380822 0.05296146 -0.006764054 -0.04380822 0.05296146 -0.006764054 -0.04380822 0.05296146 -0.00678426 -0.04409015 0.05278003 -0.00678426 -0.04409015 0.05278003 -0.00678426 -0.04409015 0.05278003 -0.00678426 -0.04409015 0.05278003 -0.00678426 -0.04409015 0.05278003 -0.006801843 -0.04432475 0.0525403 -0.006801843 -0.04432475 0.0525403 -0.006801843 -0.04432475 0.0525403 -0.006801843 -0.04432475 0.0525403 -0.006801843 -0.04432475 0.0525403 -0.006801843 -0.04432475 0.0525403 -0.006815791 -0.04450017 0.05225419 -0.006815791 -0.04450017 0.05225419 -0.006815791 -0.04450017 0.05225419 -0.006815791 -0.04450017 0.05225419 -0.006825447 -0.04460763 0.05193608 -0.006825447 -0.04460763 0.05193608 -0.006825447 -0.04460763 0.05193608 -0.006825447 -0.04460763 0.05193608 -0.006825447 -0.04460763 0.05193608 -0.006825447 -0.04460763 0.05193608 -0.006830394 -0.04464179 0.05160194 -0.006830394 -0.04464179 0.05160194 -0.006830394 -0.04464179 0.05160194 -0.006830394 -0.04464179 0.05160194 -0.006830394 -0.04464179 0.05160194 -0.006741285 -0.04313004 0.05011647 -0.006741285 -0.04313004 0.05011647 -0.006741285 -0.04313004 0.05011647 -0.006763219 -0.04346346 0.05015087 -0.006763219 -0.04346346 0.05015087 -0.006763219 -0.04346346 0.05015087 -0.006763219 -0.04346346 0.05015087 -0.006763219 -0.04346346 0.05015087 -0.006783545 -0.04378092 0.05025875 -0.006783545 -0.04378092 0.05025875 -0.006783545 -0.04378092 0.05025875 -0.006783545 -0.04378092 0.05025875 -0.006783545 -0.04378092 0.05025875 -0.006783545 -0.04378092 0.05025875 -0.006801247 -0.04406648 0.0504347 -0.006801247 -0.04406648 0.0504347 -0.006801247 -0.04406648 0.0504347 -0.006801247 -0.04406648 0.0504347 -0.006801247 -0.04406648 0.0504347 -0.006815373 -0.04430586 0.05066996 -0.006815373 -0.04430586 0.05066996 -0.006815373 -0.04430586 0.05066996 -0.006815373 -0.04430586 0.05066996 -0.006815373 -0.04430586 0.05066996 -0.006825149 -0.04448699 0.05095261 -0.006825149 -0.04448699 0.05095261 -0.006825149 -0.04448699 0.05095261 -0.006825149 -0.04448699 0.05095261 -0.006825149 -0.04448699 0.05095261 -0.006825149 -0.04448699 0.05095261 -0.006830275 -0.0446009 0.05126857 -0.006830275 -0.0446009 0.05126857 -0.006830275 -0.0446009 0.05126857 -0.006830275 -0.0446009 0.05126857 -0.006830275 -0.0446009 0.05126857 -0.006718754 -0.04279744 0.0501573 -0.006718754 -0.04279744 0.0501573 -0.006718754 -0.04279744 0.0501573 -0.006718754 -0.04279744 0.0501573 -0.00669682 -0.04248219 0.05027127 -0.00669682 -0.04248219 0.05027127 -0.00669682 -0.04248219 0.05027127 -0.00669682 -0.04248219 0.05027127 -0.00669682 -0.04248219 0.05027127 -0.00669682 -0.04248219 0.05027127 -0.006676554 -0.04220026 0.0504527 -0.006676554 -0.04220026 0.0504527 -0.006676554 -0.04220026 0.0504527 -0.006676554 -0.04220026 0.0504527 -0.006676554 -0.04220026 0.0504527 -0.00665903 -0.04196566 0.05069249 -0.00665903 -0.04196566 0.05069249 -0.00665903 -0.04196566 0.05069249 -0.00665903 -0.04196566 0.05069249 -0.00665903 -0.04196566 0.05069249 -0.006645023 -0.04179024 0.0509786 -0.006645023 -0.04179024 0.0509786 -0.006645023 -0.04179024 0.0509786 -0.006645023 -0.04179024 0.0509786 -0.006645023 -0.04179024 0.0509786 -0.006635367 -0.04168277 0.05129665 -0.006635367 -0.04168277 0.05129665 -0.006635367 -0.04168277 0.05129665 -0.006635367 -0.04168277 0.05129665 -0.006074786 -0.03315275 0.05021256 -0.006074786 -0.03315275 0.05021256 -0.006074786 -0.03315275 0.05021256 -0.00609672 -0.03348612 0.05024695 -0.00609672 -0.03348612 0.05024695 -0.00609672 -0.03348612 0.05024695 -0.00609672 -0.03348612 0.05024695 -0.00609672 -0.03348612 0.05024695 -0.006117105 -0.03380358 0.05035483 -0.006117105 -0.03380358 0.05035483 -0.006117105 -0.03380358 0.05035483 -0.006117105 -0.03380358 0.05035483 -0.006117105 -0.03380358 0.05035483 -0.006134748 -0.03408914 0.05053079 -0.006134748 -0.03408914 0.05053079 -0.006134748 -0.03408914 0.05053079 -0.006134748 -0.03408914 0.05053079 -0.006134748 -0.03408914 0.05053079 -0.006134748 -0.03408914 0.05053079 -0.006148874 -0.03432852 0.05076599 -0.006148874 -0.03432852 0.05076599 -0.006148874 -0.03432852 0.05076599 -0.006148874 -0.03432852 0.05076599 -0.006148874 -0.03432852 0.05076599 -0.006158709 -0.03450971 0.05104869 -0.006158709 -0.03450971 0.05104869 -0.006158709 -0.03450971 0.05104869 -0.006158709 -0.03450971 0.05104869 -0.006158709 -0.03450971 0.05104869 -0.006158709 -0.03450971 0.05104869 -0.006163775 -0.03462362 0.05136466 -0.006163775 -0.03462362 0.05136466 -0.006163775 -0.03462362 0.05136466 -0.006163775 -0.03462362 0.05136466 -0.006163775 -0.03462362 0.05136466 -0.006163775 -0.03462362 0.05136466 -0.006163895 -0.03466451 0.05169802 -0.006163895 -0.03466451 0.05169802 -0.006163895 -0.03466451 0.05169802 -0.006163895 -0.03466451 0.05169802 -0.006163895 -0.03466451 0.05169802 -0.006052255 -0.0328201 0.05025339 -0.006052255 -0.0328201 0.05025339 -0.006052255 -0.0328201 0.05025339 -0.006052255 -0.0328201 0.05025339 -0.006052255 -0.0328201 0.05025339 -0.006030321 -0.03250491 0.05036735 -0.006030321 -0.03250491 0.05036735 -0.006030321 -0.03250491 0.05036735 -0.006030321 -0.03250491 0.05036735 -0.006030321 -0.03250491 0.05036735 -0.006030321 -0.03250491 0.05036735 -0.006010115 -0.03222292 0.05054879 -0.006010115 -0.03222292 0.05054879 -0.006010115 -0.03222292 0.05054879 -0.006010115 -0.03222292 0.05054879 -0.006010115 -0.03222292 0.05054879 -0.006010115 -0.03222292 0.05054879 -0.005992531 -0.03198838 0.05078852 -0.005992531 -0.03198838 0.05078852 -0.005992531 -0.03198838 0.05078852 -0.005992531 -0.03198838 0.05078852 -0.005992531 -0.03198838 0.05078852 -0.005992531 -0.03198838 0.05078852 -0.005978584 -0.03181296 0.05107462 -0.005978584 -0.03181296 0.05107462 -0.005978584 -0.03181296 0.05107462 -0.005978584 -0.03181296 0.05107462 -0.005978584 -0.03181296 0.05107462 -0.005978584 -0.03181296 0.05107462 -0.005968868 -0.03170543 0.05139273 -0.005968868 -0.03170543 0.05139273 -0.005968868 -0.03170543 0.05139273 -0.005968868 -0.03170543 0.05139273 -0.005968868 -0.03170543 0.05139273 -0.005968868 -0.03170543 0.05139273 -0.005963981 -0.03167134 0.05172687 -0.005963981 -0.03167134 0.05172687 -0.005963981 -0.03167134 0.05172687 -0.005963981 -0.03167134 0.05172687 -0.005963981 -0.03167134 0.05172687 -0.00605309 -0.03318309 0.05321234 -0.00605309 -0.03318309 0.05321234 -0.00605309 -0.03318309 0.05321234 -0.00605309 -0.03318309 0.05321234 -0.006031155 -0.03284966 0.05317795 -0.006031155 -0.03284966 0.05317795 -0.006031155 -0.03284966 0.05317795 -0.006031155 -0.03284966 0.05317795 -0.006031155 -0.03284966 0.05317795 -0.00601077 -0.03253221 0.05307006 -0.00601077 -0.03253221 0.05307006 -0.00601077 -0.03253221 0.05307006 -0.00601077 -0.03253221 0.05307006 -0.00601077 -0.03253221 0.05307006 -0.005993127 -0.03224664 0.05289411 -0.005993127 -0.03224664 0.05289411 -0.005993127 -0.03224664 0.05289411 -0.005993127 -0.03224664 0.05289411 -0.005993127 -0.03224664 0.05289411 -0.005979001 -0.03200727 0.05265885 -0.005979001 -0.03200727 0.05265885 -0.005979001 -0.03200727 0.05265885 -0.005979001 -0.03200727 0.05265885 -0.005979001 -0.03200727 0.05265885 -0.005969166 -0.03182607 0.05237621 -0.005969166 -0.03182607 0.05237621 -0.005969166 -0.03182607 0.05237621 -0.005969166 -0.03182607 0.05237621 -0.0059641 -0.03171223 0.05206024 -0.0059641 -0.03171223 0.05206024 -0.0059641 -0.03171223 0.05206024 -0.0059641 -0.03171223 0.05206024 -0.0059641 -0.03171223 0.05206024 -0.00607562 -0.03351569 0.05317151 -0.00607562 -0.03351569 0.05317151 -0.00607562 -0.03351569 0.05317151 -0.00607562 -0.03351569 0.05317151 -0.00607562 -0.03351569 0.05317151 -0.006097555 -0.03383094 0.05305755 -0.006097555 -0.03383094 0.05305755 -0.006097555 -0.03383094 0.05305755 -0.006097555 -0.03383094 0.05305755 -0.006097555 -0.03383094 0.05305755 -0.006117761 -0.03411287 0.05287611 -0.006117761 -0.03411287 0.05287611 -0.006117761 -0.03411287 0.05287611 -0.006117761 -0.03411287 0.05287611 -0.006117761 -0.03411287 0.05287611 -0.006117761 -0.03411287 0.05287611 -0.006135344 -0.03434747 0.05263632 -0.006135344 -0.03434747 0.05263632 -0.006135344 -0.03434747 0.05263632 -0.006135344 -0.03434747 0.05263632 -0.006135344 -0.03434747 0.05263632 -0.006135344 -0.03434747 0.05263632 -0.006149291 -0.03452289 0.05235022 -0.006149291 -0.03452289 0.05235022 -0.006149291 -0.03452289 0.05235022 -0.006149291 -0.03452289 0.05235022 -0.006149291 -0.03452289 0.05235022 -0.006159007 -0.03463035 0.05203217 -0.006159007 -0.03463035 0.05203217 -0.006159007 -0.03463035 0.05203217 -0.006159007 -0.03463035 0.05203217 -0.006159007 -0.03463035 0.05203217 -0.006159007 -0.03463035 0.05203217</float_array>
          <technique_common>
            <accessor source="#Leg_A_007-mesh-positions-array" count="5581" stride="3">
              <param name="X" type="float"/>
              <param name="Y" type="float"/>
              <param name="Z" type="float"/>
            </accessor>
          </technique_common>
        </source>
        <source id="Leg_A_007-mesh-normals">
          <float_array id="Leg_A_007-mesh-normals-array" count="8496">0.00721991 -0.01010984 0.9999229 0.007225096 -0.01011061 0.9999229 0.007228255 -0.01011157 0.9999228 0.007226467 -0.0101099 0.9999228 0.007229983 -0.01010966 0.9999228 0.007226288 -0.01011055 0.9999229 0.007228374 -0.01011037 0.9999228 0.007229626 -0.01011091 0.9999228 0.007227659 -0.01011145 0.9999228 0.00722891 -0.01011133 0.9999228 0.007225513 -0.01010978 0.9999229 0.007225751 -0.01010948 0.9999228 0.007230758 -0.01011055 0.9999228 0.007230043 -0.01010614 0.9999228 0.007220506 -0.01011633 0.9999228 0.007232129 -0.01010668 0.9999228 0.007227778 -0.01011055 0.9999228 0.007227659 -0.01011157 0.9999228 0.00722754 -0.01010757 0.9999228 0.007227838 -0.01011329 0.9999228 0.007228553 -0.01011157 0.9999228 0.007226526 -0.01010686 0.9999229 0.007229089 -0.0101127 0.9999228 0.007227778 -0.01011043 0.9999229 0.007227599 -0.01011037 0.9999228 0.007227957 -0.01011043 0.9999228 0.007227838 -0.01011043 0.9999229 0.007227897 -0.01011115 0.9999228 0.007226288 -0.01011228 0.9999228 0.007228136 -0.01010918 0.9999229 0.00722742 -0.01011127 0.9999228 0.007229089 -0.01011049 0.9999228 0.007226109 -0.01011031 0.9999228 0.007227897 -0.01011037 0.9999228 0.007227718 -0.01011031 0.9999229 0.007228314 -0.01011043 0.9999228 0.007222414 -0.01011168 0.9999228 0.007222235 -0.01011294 0.9999228 0.007233023 -0.01011002 0.9999228 0.007227897 -0.01011002 0.9999229 0.007226347 -0.01011097 0.9999228 0.007226049 -0.01011061 0.9999229 0.007232606 -0.01010948 0.9999228 0.007223844 -0.01011091 0.9999228 0.007229685 -0.01011025 0.9999228 0.007227718 -0.01011037 0.9999229 0.007227122 -0.01011073 0.9999228 0.007227897 -0.01011037 0.9999228 0.007224082 -0.01011186 0.9999228 0.007229804 -0.0101096 0.9999228 0.007228434 -0.0101099 0.9999229 0.007225513 -0.01011151 0.9999228 0.00722897 -0.01010924 0.9999229 0.007229506 -0.01010954 0.9999228 0.007228016 -0.0101099 0.9999229 0.007224559 -0.01011419 0.9999228 0.007229804 -0.0101099 0.9999228 0.007232189 -0.01010072 0.9999229 0.007227778 -0.01011037 0.9999229 0.007226943 -0.01010912 0.9999228 0.007227957 -0.01011043 0.9999229 0.007226645 -0.01011073 0.9999228 0.007226765 -0.01010972 0.9999228 0.007226228 -0.01011013 0.9999228 0.007230401 -0.01011162 0.9999228 0.007224202 -0.01010835 0.9999228 0.00723201 -0.01011198 0.9999228 0.007225632 -0.01011025 0.9999229 0.007245302 -0.01011663 0.9999226 0.007228553 -0.01011168 0.9999228 0.007228553 -0.01011055 0.9999228 0.007227897 -0.01011008 0.9999228 0.00722748 -0.01011043 0.9999228 0.007225453 -0.01010966 0.9999228 0.007242858 -0.01009535 0.9999229 0.007227778 -0.01011049 0.9999228 0.00722593 -0.01010668 0.9999228 0.00722897 -0.01011061 0.9999228 0.007228076 -0.01011252 0.9999228 0.007227063 -0.01010918 0.9999228 0.007227718 -0.01011168 0.9999228 0.007227897 -0.01010817 0.9999229 0.007227778 -0.01011037 0.9999229 0.007214486 -0.01011687 0.9999229 0.007235586 -0.01010513 0.9999228 0.00722438 -0.01011317 0.9999228 0.007228016 -0.01011013 0.9999229 0.007228612 -0.01010978 0.9999229 0.007226467 -0.0101118 0.9999228 0.007227301 -0.01011013 0.9999228 0.007229268 -0.01010924 0.9999228 0.007227599 -0.01011103 0.9999228 0.007228136 -0.01010996 0.9999228 0.007227897 -0.01011037 0.9999229 0.007228374 -0.01010453 0.9999228 0.007226824 -0.01011502 0.9999228 0.007229268 -0.01010584 0.9999229 0.00722742 -0.01011353 0.9999228 0.007227897 -0.01011049 0.9999228 0.007227778 -0.01010912 0.9999228 0.007227957 -0.0101118 0.9999228 0.007228255 -0.01011043 0.9999228 0.007227122 -0.0101099 0.9999229 0.007227778 -0.01011019 0.9999229 0.007227003 -0.01011013 0.9999228 0.007228732 -0.01010924 0.9999228 0.007226884 -0.01011228 0.9999228 0.007228434 -0.01010853 0.9999228 0.007227718 -0.01011025 0.9999228 0.007227838 -0.01010686 0.9999229 0.007228076 -0.01010745 0.9999229 0.007227361 -0.01011788 0.9999228 0.007228553 -0.01007509 0.9999231 0.007227659 -0.01011055 0.9999229 0.007227659 -0.01011019 0.9999228 0.007227838 -0.01011264 0.9999228 0.007227659 -0.01010936 0.9999228 0.007230281 -0.01010119 0.9999229 0.00722748 -0.01011258 0.9999228 0.007227718 -0.01010638 0.9999229 0.007227897 -0.01011455 0.9999228 0.00722748 -0.01010829 0.9999228 0.007228851 -0.0101121 0.9999228 0.007227778 -0.01011043 0.9999229 0.007225513 -0.01010847 0.9999228 0.00723046 -0.01011377 0.9999228 0.007226824 -0.0101099 0.9999229 0.007226645 -0.01010906 0.9999228 0.007228136 -0.01011043 0.9999228 0.007228195 -0.01011067 0.9999228 0.007226884 -0.01010996 0.9999229 0.007228553 -0.01011025 0.9999228 0.00722754 -0.01011139 0.9999228 0.007221579 -0.01010894 0.9999228 0.00722754 -0.01011037 0.9999229 0.007228016 -0.01010841 0.9999228 0.007227838 -0.01011049 0.9999228 0.007229089 -0.01010793 0.9999228 0.007228374 -0.01011127 0.9999228 0.007226407 -0.01011043 0.9999229 0.007228314 -0.01011168 0.9999228 0.007227778 -0.01011043 0.9999228 0.00721842 -0.01010107 0.9999229 0.007222533 -0.01011031 0.9999228 0.007227897 -0.01011049 0.9999228 0.007227599 -0.01011383 0.9999228 0.007228553 -0.01011162 0.9999228 0.007228076 -0.0101099 0.9999229 0.007228076 -0.01010859 0.9999229 0.007227838 -0.01011139 0.9999228 0.007227838 -0.01010984 0.9999228 0.007227838 -0.01011037 0.9999228 0.007227778 -0.01011031 0.9999228 0.007227778 -0.01011019 0.9999229 0.007227599 -0.01011323 0.9999228 0.007228553 -0.01010793 0.9999228 0.007227659 -0.01011139 0.9999228 0.007227957 -0.01010721 0.9999228 0.007227599 -0.01011097 0.9999228 0.007227957 -0.01011002 0.9999228 0.007227718 -0.01010841 0.9999228 0.007227957 -0.0101087 0.9999229 0.00722754 -0.01011079 0.9999228 0.007227778 -0.01011359 0.9999228 0.007227659 -0.01010972 0.9999229 0.007227778 -0.010109 0.9999228 0.007227838 -0.01011139 0.9999228 0.007227838 -0.01011031 0.9999229 0.007228434 -0.01010954 0.9999229 0.007227241 -0.01011186 0.9999228 0.00722748 -0.01011002 0.9999228 0.007227659 -0.01010936 0.9999228 0.007228434 -0.01010602 0.9999228 0.00722754 -0.01011437 0.9999228 0.007227718 -0.01010978 0.9999228 0.007227838 -0.01011037 0.9999228 -0.00724107 0.01010829 -0.9999228 -0.007223904 0.01011073 -0.9999229 -0.007226228 0.010113 -0.9999228 -0.007230639 0.01011049 -0.9999228 -0.00722754 0.01010996 -0.9999228 -0.007221519 0.01011204 -0.9999229 -0.007230401 0.01011061 -0.9999228 -0.007232129 0.01011061 -0.9999228 -0.00722593 0.01011025 -0.9999229 -0.007227718 0.01011335 -0.9999228 -0.007222294 0.01010882 -0.9999229 -0.007221043 0.010109 -0.9999229 -0.007231056 0.01011055 -0.9999228 -0.007229924 0.01011043 -0.9999228 -0.007227659 0.01011031 -0.9999229 -0.007227897 0.01011067 -0.9999228 -0.007228255 0.01011091 -0.9999228 -0.007225692 0.01010626 -0.9999228 -0.00723195 0.01011991 -0.9999226 -0.007225394 0.01011085 -0.9999229 -0.007228255 0.01011043 -0.9999228 -0.007229268 0.01011013 -0.9999228 -0.00722897 0.01011031 -0.9999228 -0.007228851 0.01011073 -0.9999228 -0.007227361 0.01011031 -0.9999229 -0.007225811 0.01011103 -0.9999228 -0.007228255 0.01011031 -0.9999228 -0.00723052 0.01011025 -0.9999228 -0.00722748 0.01011043 -0.9999229 -0.007223844 0.01011019 -0.9999228 -0.007224321 0.0101155 -0.9999228 -0.007228791 0.01011013 -0.9999228 -0.007228076 0.0101096 -0.9999228 -0.007228851 0.01010811 -0.9999228 -0.007227778 0.01011037 -0.9999229 -0.007226109 0.01011031 -0.9999229 -0.007227897 0.01011043 -0.9999229 -0.007228255 0.01011031 -0.9999228 -0.007191956 0.01011443 -0.9999231 -0.007228255 0.01011073 -0.9999228 -0.007223427 0.01011085 -0.9999228 -0.007238507 0.01010906 -0.9999228 -0.007220149 0.01011174 -0.9999228 -0.007229268 0.01011008 -0.9999228 -0.007227003 0.01011055 -0.9999229 -0.007210731 0.01011079 -0.999923 -0.007236063 0.01011031 -0.9999228 -0.007229804 0.01011037 -0.9999228 -0.007224798 0.01011043 -0.9999228 -0.007226347 0.01011037 -0.9999229 -0.007231593 0.01011049 -0.9999228 -0.007224559 0.01011031 -0.9999229 -0.007227361 0.01011043 -0.9999228 -0.007229864 0.01011049 -0.9999228 -0.007221817 0.01011008 -0.9999228 -0.007238209 0.01011025 -0.9999228 -0.007226169 0.01011043 -0.9999228 -0.007234394 0.01011025 -0.9999228 -0.007109105 0.01011258 -0.9999236 -0.007222533 0.01011037 -0.9999228 -0.007223308 0.01011037 -0.9999229 -0.007236242 0.01011049 -0.9999228 -0.007225632 0.01011043 -0.9999229 -0.007225394 0.01011019 -0.9999229 -0.007228195 0.01011043 -0.9999228 -0.00722903 0.01011085 -0.9999228 -0.007227778 0.01011037 -0.9999228 -0.007228195 0.01011174 -0.9999228 -0.007227301 0.01010841 -0.9999228 -0.007229447 0.01011437 -0.9999228 -0.007225513 0.01010364 -0.9999229 -0.007227778 0.0101121 -0.9999228 -0.007229506 0.01011443 -0.9999228 -0.007226228 0.01010769 -0.9999229 -0.007227659 0.01011025 -0.9999228 -0.007178902 0.01015728 -0.9999227 -0.007227599 0.01011067 -0.9999229 -0.007228136 0.01011037 -0.9999228 -0.007226347 0.01011443 -0.9999228 -0.007235109 0.01008564 -0.999923 -0.00722748 0.01011067 -0.9999229 -0.007230818 0.0101068 -0.9999228 -0.007224619 0.01011514 -0.9999228 -0.007227599 0.01010984 -0.9999228 -0.007229864 0.01010841 -0.9999228 -0.007224798 0.0101118 -0.9999228 -0.007230103 0.01010918 -0.9999228 -0.007224917 0.01011288 -0.9999228 -0.007221639 0.01011282 -0.9999228 -0.007240712 0.01010543 -0.9999228 -0.007232308 0.01010346 -0.9999229 -0.007228434 0.01010966 -0.9999228 -0.007228434 0.0101093 -0.9999228 -0.007227718 0.01010942 -0.9999228 -0.007224202 0.0101152 -0.9999228 -0.007230937 0.01010644 -0.9999228 -0.007227659 0.01011037 -0.9999228 -0.007229387 0.01011186 -0.9999228 -0.00722891 0.01011312 -0.9999228 -0.007225573 0.01010513 -0.9999229 -0.007228732 0.01011312 -0.9999228 -0.007228016 0.01011133 -0.9999228 -0.007227718 0.01010853 -0.9999228 -0.007228791 0.01007866 -0.9999231 -0.007227182 0.01012504 -0.9999226 -0.007228136 0.01010727 -0.9999229 -0.007227718 0.0101127 -0.9999228 -0.007227599 0.01011496 -0.9999228 -0.007227599 0.01011842 -0.9999228 -0.007228076 0.01009094 -0.999923 -0.007241785 0.01012134 -0.9999226 -0.007224798 0.01010727 -0.9999229 -0.007229745 0.01011425 -0.9999228 -0.007230818 0.010113 -0.9999228 -0.007222592 0.01010239 -0.999923 -0.007229387 0.01011383 -0.9999228 -0.007228732 0.01011008 -0.9999228 -0.00722295 0.01010489 -0.9999229 -0.007230222 0.01011568 -0.9999228 -0.007231175 0.01011574 -0.9999227 -0.007228076 0.01011067 -0.9999228 -0.007224142 0.01007419 -0.9999232 -0.007228553 0.01011675 -0.9999227 -0.007228016 0.01011478 -0.9999228 -0.007227778 0.01010286 -0.9999229 -0.007227361 0.01011532 -0.9999227 -0.007230877 0.01009625 -0.9999229 -0.007214784 0.01010763 -0.9999229 -0.007233321 0.01011139 -0.9999228 -0.007233977 0.01011174 -0.9999228 -0.007222473 0.01010876 -0.9999229 -0.007227599 0.01011067 -0.9999228 -0.007230937 0.01011109 -0.9999228 -0.007220745 0.01010864 -0.9999229 -0.007248759 0.01012539 -0.9999225 -0.007227718 0.01011031 -0.9999228 -0.00722438 0.01011705 -0.9999228 -0.00722754 0.01011139 -0.9999228 -0.007228612 0.01010835 -0.9999229 -0.007226765 0.010113 -0.9999228 -0.007229626 0.01010781 -0.9999229 -0.007227718 0.01010984 -0.9999228 -0.007226645 0.01011258 -0.9999228 -0.007227897 0.01011043 -0.9999229 -0.007226228 0.01011055 -0.9999228 -0.007229685 0.01011067 -0.9999228 -0.007210493 0.01010775 -0.999923 -0.007228136 0.01011061 -0.9999228 -0.007199525 0.01010864 -0.9999231 -0.007229745 0.01011055 -0.9999228 -0.007227838 0.01011055 -0.9999228 -0.007227957 0.01011043 -0.9999228 -0.007228136 0.01011508 -0.9999228 -0.007228136 0.01010692 -0.9999228 -0.007227659 0.01011204 -0.9999228 -0.007228136 0.01010811 -0.9999228 -0.007228016 0.01010596 -0.9999228 -0.007227182 0.01011425 -0.9999228 -0.007227003 0.01011222 -0.9999228 -0.007228076 0.01010775 -0.9999229 -0.007227599 0.01011323 -0.9999228 -0.007229089 0.0101062 -0.9999229 -0.007227838 0.0101124 -0.9999228 -0.007227838 0.01011085 -0.9999228 -0.007227718 0.010109 -0.9999228 -0.00722289 0.01011109 -0.9999228 -0.007224559 0.01011115 -0.9999229 -0.007226943 0.01011121 -0.9999228 -0.007232308 0.01010996 -0.9999228 -0.007244229 0.01010924 -0.9999228 -0.007226884 0.01011788 -0.9999228 -0.007228076 0.01010996 -0.9999228 -0.007226765 0.01011407 -0.9999228 -0.007227957 0.01010882 -0.9999229 -0.007227897 0.01011157 -0.9999228 -0.007228255 0.01010799 -0.9999228 -0.007226884 0.01011282 -0.9999228 -0.007227361 0.01011484 -0.9999228 -0.00722891 0.01010656 -0.9999228 -0.00722891 0.01010745 -0.9999228 -0.00722754 0.01011341 -0.9999228 -0.007227718 0.0101071 -0.9999228 -0.007228255 0.01010751 -0.9999228 -0.007227003 0.01011842 -0.9999228 -0.007228314 0.01010662 -0.9999229 -0.007227122 0.01011282 -0.9999228 -0.007234156 0.01004922 -0.9999234 -0.007227122 0.01011049 -0.9999229 -0.007227659 0.01010781 -0.9999228 -0.007242202 0.01011645 -0.9999226 -0.007228076 0.0101062 -0.9999229 -0.007229864 0.01011151 -0.9999228 -0.007244646 0.01011484 -0.9999226 -0.007226228 0.01010996 -0.9999229 -0.9840143 0.1778665 0.00890994 -0.9197345 0.3923976 0.01061451 -0.9197435 0.3923764 0.01061528 -0.8093846 0.5871606 0.01178747 -0.8093737 0.5871759 0.01178646 -0.6583736 0.7525897 0.01236778 -0.6583897 0.7525758 0.01236897 -0.4743782 0.8802348 0.01232999 -0.4743432 0.8802537 0.01232731 -0.2666694 0.9637174 0.01167017 -0.2666478 0.9637234 0.0116685 -0.04547244 0.9989113 0.01042568 -0.04551774 0.9989092 0.01042914 -0.9840166 0.177854 0.008910119 -0.9989359 -0.04562377 0.006758153 -0.9989355 -0.04563224 0.006758213 -0.9637771 -0.2666752 0.004269421 -0.963779 -0.2666682 0.004268765 -0.8802965 -0.4744213 0.001564323 -0.8802878 -0.4744377 0.001564919 -0.7526005 -0.6584764 -0.001218795 -0.7525981 -0.6584791 -0.001218795 -0.587316 -0.8093482 -0.003938794 -0.5873082 -0.8093539 -0.00393784 -0.3924223 -0.9197624 -0.006462335 -0.3924443 -0.9197531 -0.006463587 -0.1779278 -0.9840055 -0.008663594 -0.1779485 -0.9840017 -0.008664846 0.9840373 -0.1777388 -0.008908629 0.9197405 -0.3923836 -0.01061397 0.9197397 -0.3923854 -0.01061403 0.8093773 -0.5871708 -0.01178568 0.8093079 -0.5872663 -0.01179397 0.6583108 -0.7526445 -0.01237356 0.6584007 -0.7525662 -0.0123654 0.4744128 -0.8802163 -0.01232606 0.4743939 -0.8802264 -0.01232737 0.2666485 -0.9637233 -0.01167011 0.2666476 -0.9637234 -0.01167005 0.04548978 -0.9989104 -0.01042747 0.0454446 -0.9989124 -0.01043027 0.9840371 -0.1777408 -0.008908987 0.9989411 0.04550832 -0.006759285 0.9989411 0.04550898 -0.006759405 0.9637476 0.2667814 -0.004267692 0.9637786 0.2666698 -0.00427699 0.8803415 0.4743379 -0.001573443 0.8802876 0.4744379 -0.0015648 0.7526077 0.6584683 0.001218736 0.7526063 0.6584698 0.001218616 0.5872603 0.8093886 0.003939628 0.5873187 0.8093463 0.003933966 0.3924883 0.9197344 0.006459832 0.3924234 0.919762 0.006465196 0.177928 0.9840054 0.008665144 0.1779502 0.9840014 0.008663356 -0.1779709 -0.9839976 -0.008665978 -0.3924632 -0.9197451 -0.00646609 -0.3924245 -0.9197616 -0.006463706 -0.5873332 -0.8093358 -0.003938555 -0.5873059 -0.8093556 -0.003936707 -0.7525996 -0.6584774 -0.001216888 -0.7526184 -0.6584558 -0.001218557 -0.8802839 -0.4744449 0.001564681 -0.880289 -0.4744354 0.001564085 -0.9637791 -0.2666677 0.004268646 -0.9637773 -0.2666745 0.004269003 -0.9989411 -0.04550689 0.006759405 -0.9989355 -0.04563003 0.006766438 -0.1778835 -0.9840135 -0.008660972 0.04551148 -0.9989095 -0.01042801 0.04549491 -0.9989101 -0.01042896 0.2666484 -0.9637233 -0.01167154 0.2666278 -0.9637289 -0.01167291 0.4743946 -0.880226 -0.01232993 0.4744123 -0.8802165 -0.01232874 0.6583409 -0.7526183 -0.01236772 0.6583275 -0.7526301 -0.01236903 0.8093686 -0.5871828 -0.01178759 0.8093757 -0.5871731 -0.01178658 0.9197371 -0.3923914 -0.01061475 0.9197368 -0.3923921 -0.01061463 0.9840367 -0.177743 -0.008908987 0.9840359 -0.177747 -0.008909285 0.1779478 0.9840018 0.008661746 0.3924443 0.9197531 0.006462216 0.3924259 0.919761 0.006463646 0.5873329 0.8093359 0.003938555 0.5873191 0.809346 0.003940045 0.7526069 0.658469 0.001219749 0.7526175 0.6584571 0.001218438 0.8802792 0.4744534 -0.001564562 0.8802893 0.4744349 -0.001566469 0.9637802 0.2666635 -0.004269838 0.9637774 0.2666739 -0.004269003 0.9989413 0.04550504 -0.006759405 0.9989412 0.04550796 -0.006759285 0.1778836 0.9840134 0.008666872 -0.04551708 0.9989091 0.01043188 -0.04547286 0.9989112 0.01042878 -0.266647 0.9637237 0.01167154 -0.2666264 0.9637294 0.01166975 -0.4743959 0.8802253 0.01232767 -0.4744302 0.8802068 0.01233005 -0.6583247 0.7526326 0.01236891 -0.6583138 0.752642 0.01236832 -0.8093846 0.5871608 0.01178658 -0.8093835 0.5871623 0.01178652 -0.9197368 0.3923922 0.01061475 -0.9197367 0.3923926 0.01061463 -0.9840161 0.1778572 0.00891 -0.9840359 0.1777467 0.008916616 -0.9839942 0.177978 0.008911013 -0.9197379 0.3923896 0.01061463 -0.9197798 0.392291 0.01062148 -0.8093748 0.5871742 0.01179325 -0.8093168 0.5872542 0.01178711 -0.6584491 0.7525237 0.01236784 -0.6584695 0.7525059 0.01236987 -0.4743808 0.8802335 0.01233142 -0.4743415 0.8802546 0.01232862 -0.2666178 0.9637317 0.01167148 -0.2666266 0.9637293 0.01167213 -0.04547274 0.9989112 0.01042771 -0.04551255 0.9989094 0.01043069 -0.9839957 0.1779698 0.008911252 -0.9989355 -0.04563206 0.006757974 -0.9989355 -0.04563325 0.006758034 -0.9637789 -0.2666687 0.004268944 -0.9637768 -0.2666759 0.004268586 -0.8802958 -0.4744227 0.001564264 -0.880231 -0.474543 0.001571357 -0.7526698 -0.6583973 -0.001210331 -0.7526862 -0.6583784 -0.001211941 -0.5871854 -0.8094429 -0.003937125 -0.5872142 -0.809422 -0.003939092 -0.3924271 -0.9197605 -0.006462335 -0.392462 -0.9197456 -0.006464719 -0.1779931 -0.9839937 -0.008664488 -0.1779483 -0.9840017 -0.008661806 0.9839938 -0.1779798 -0.008919239 0.9197405 -0.3923832 -0.0106222 0.9197842 -0.3922811 -0.01061373 0.809319 -0.5872511 -0.01178681 0.8093022 -0.5872744 -0.01178896 0.6584494 -0.7525235 -0.0123701 0.658474 -0.7525019 -0.0123676 0.4744299 -0.880207 -0.01232874 0.474429 -0.8802074 -0.0123288 0.2666171 -0.963732 -0.01167136 0.2665953 -0.9637379 -0.01167273 0.04544436 -0.9989125 -0.01043021 0.04549008 -0.9989104 -0.01042741 0.9840137 -0.1778703 -0.008910715 0.9989411 0.04550862 -0.006759285 0.9989414 0.04550045 -0.006759405 0.963747 0.2667835 -0.004267334 0.9637489 0.2667768 -0.004267811 0.8802827 0.474447 -0.001564741 0.8802915 0.4744308 -0.001565635 0.7526665 0.6584008 0.001216471 0.7526702 0.6583967 0.001216471 0.5872008 0.8094317 0.003939211 0.5872464 0.8093987 0.003935098 0.3924695 0.9197424 0.00646007 0.3924236 0.919762 0.006463766 0.1779718 0.9839975 0.008663177 0.1779495 0.9840015 0.008664846 -0.1779507 -0.9840013 -0.008663594 -0.3924633 -0.9197451 -0.00646162 -0.3924888 -0.9197341 -0.006463527 -0.5871731 -0.8094519 -0.003941178 -0.587185 -0.8094432 -0.003941893 -0.7527289 -0.6583295 -0.001217246 -0.7526589 -0.6584096 -0.001211583 -0.8802381 -0.4745298 0.00157088 -0.8802844 -0.4744441 0.001565456 -0.9637823 -0.266656 0.00426954 -0.9637504 -0.2667712 0.004276156 -0.9989354 -0.04563313 0.006766378 -0.9989412 -0.04550582 0.006759285 -0.177948 -0.9840018 -0.008663475 0.04548937 -0.9989104 -0.01042896 0.04548937 -0.9989104 -0.01042914 0.266629 -0.9637287 -0.0116713 0.2666496 -0.963723 -0.01167041 0.4743598 -0.8802449 -0.01232725 0.4743596 -0.880245 -0.01232719 0.6584357 -0.7525355 -0.01236647 0.6584354 -0.7525358 -0.01236659 0.8093176 -0.5872532 -0.0117861 0.8093097 -0.5872639 -0.01178699 0.9197846 -0.3922801 -0.01061391 0.9197882 -0.3922716 -0.0106132 0.9839944 -0.1779766 -0.008910775 0.9839929 -0.177985 -0.00891143 0.1779923 0.9839938 0.008661389 0.3924688 0.9197427 0.006460011 0.3924245 0.9197616 0.006463706 0.5871891 0.8094402 0.003940582 0.587202 0.8094309 0.003939628 0.7526586 0.6584098 0.001216888 0.7527213 0.6583383 0.001209378 0.8802941 0.4744259 -0.001573145 0.8802376 0.4745307 -0.001563489 0.9637491 0.2667763 -0.004267752 0.9637821 0.2666571 -0.004277527 0.9989412 0.04550713 -0.00676769 0.9989356 0.04563164 -0.006758034 0.1779507 0.9840013 0.008664906 -0.04551148 0.9989094 0.01043057 -0.04544508 0.9989125 0.01042562 -0.2666167 0.9637321 0.01166862 -0.2666909 0.9637115 0.01167398 -0.4743778 0.880235 0.01233267 -0.4743425 0.8802541 0.01232987 -0.6584619 0.7525125 0.01236879 -0.6584243 0.7525454 0.01236546 -0.809368 0.5871835 0.01178485 -0.8093844 0.5871611 0.01178658 -0.9197443 0.3923746 0.01061457 -0.9197431 0.3923774 0.01061463 -0.983993 0.1779847 0.008911132 -0.9839941 0.1779788 0.008911371 -0.06666523 -0.9977292 -0.009605348 -0.06670051 -0.9977268 -0.009607553 0.9978058 -0.06573891 -0.007873952 0.9977538 -0.06652134 -0.00788474 0.9977504 -0.06657481 -0.007887005 0.9977483 -0.06660419 -0.007888793 0.9977504 -0.06657516 -0.007885932 0.9977518 -0.06655269 -0.007880926 0.9977532 -0.06653201 -0.007873058 0.9977531 -0.06653475 -0.007874965 0.997748 -0.06660908 -0.007901251 0.9977502 -0.066576 -0.007888376 0.9977505 -0.06657212 -0.007883071 0.007227838 -0.01011049 0.9999228 0.007227659 -0.01011049 0.9999228 0.007226824 -0.01011067 0.9999229 0.007228612 -0.01010912 0.9999228 0.007227957 -0.01010924 0.9999229 0.007227838 -0.01011151 0.9999228 0.007226407 -0.01011306 0.9999228 0.007230281 -0.01010841 0.9999229 0.007222115 -0.01011937 0.9999228 0.007229983 -0.01010662 0.9999228 0.007227778 -0.01011037 0.9999228 0.007233977 -0.01011484 0.9999227 0.007226169 -0.01010787 0.9999228 0.007229924 -0.0101118 0.9999228 0.007226765 -0.01011031 0.9999228 0.007223844 -0.01010912 0.9999229 0.007226765 -0.01011037 0.9999229 0.007229387 -0.01011013 0.9999228 0.007228374 -0.01011055 0.9999228 0.007227599 -0.01011049 0.9999228 0.8093742 -0.5871749 -0.01178914 0.9197392 -0.3923865 -0.01061755 0.9197334 -0.3923999 -0.01061826 0.9840141 -0.1778679 -0.008913755 0.9840386 -0.1777326 -0.008907616 0.8093639 -0.5871894 -0.01179003 0.6583535 -0.7526072 -0.012371 0.6584093 -0.7525586 -0.01236754 0.4743713 -0.8802387 -0.01232951 0.4743819 -0.8802328 -0.01232904 0.266653 -0.963722 -0.01167255 0.2666516 -0.9637224 -0.01167184 0.04548645 -0.9989106 -0.01042807 0.04549753 -0.99891 -0.01042848 -0.9977504 0.06657528 0.007883191 -0.9977502 0.06657618 0.007884323 -0.9977484 0.06660145 0.007894754 -0.9977528 0.06653892 0.007871389 -0.9977536 0.06652653 0.007868766 -0.997752 0.06655007 0.00787425 -0.9977508 0.06656801 0.007879555 -0.997748 0.06661045 0.007883012 -0.9977517 0.0665549 0.00788027 -0.9977554 0.06649982 0.007878363 -0.9977357 0.0667932 0.007882773 -0.8802947 -0.4744249 0.001564562 -0.9637812 -0.2666603 0.004268467 -0.9637529 -0.2667624 0.00427097 -0.9989357 -0.0456283 0.006761372 -0.9989408 -0.04551595 0.00675857 -0.8802946 -0.4744248 0.001564741 -0.752658 -0.6584106 -0.001217544 -0.7526207 -0.6584533 -0.001217126 -0.5872316 -0.8094094 -0.003939628 -0.5872239 -0.809415 -0.003939092 -0.3924612 -0.9197459 -0.006462037 -0.3923944 -0.9197744 -0.006460964 -0.1778867 -0.9840129 -0.008661448 -0.1779822 -0.9839957 -0.008664131 -0.06703543 -0.991934 -0.1075789 -0.06703597 -0.9919314 -0.1076026 -0.06587672 -0.9518299 -0.2994667 -0.06587255 -0.951835 -0.2994512 -0.06218487 -0.8751997 -0.4797486 -0.06218779 -0.8751446 -0.4798486 -0.05610597 -0.7648177 -0.641799 -0.05610316 -0.764853 -0.6417574 -0.06703525 -0.9919318 -0.1075994 -0.06703543 -0.9919313 -0.1076037 -0.0658769 -0.9518453 -0.2994174 -0.0658766 -0.9518451 -0.2994185 -0.06218564 -0.8751634 -0.4798145 -0.06218653 -0.8751626 -0.4798159 -0.05610275 -0.7648025 -0.6418175 -0.05610418 -0.7648335 -0.6417803 -0.05223774 -0.6983498 -0.7138479 -0.05223745 -0.698353 -0.7138448 -0.05223596 -0.698351 -0.7138468 -0.05223888 -0.6983464 -0.7138511 -0.04787021 -0.6251528 -0.7790331 -0.04787105 -0.6251377 -0.7790452 -0.03779351 -0.4613994 -0.8863872 -0.03779137 -0.4614222 -0.8863755 -0.02626281 -0.2799485 -0.9596558 -0.0262624 -0.2799451 -0.9596568 -0.01372551 -0.0877366 -0.9960492 -0.01372587 -0.08773386 -0.9960494 -0.04786771 -0.6251443 -0.77904 -0.04786926 -0.6251525 -0.7790334 -0.03779202 -0.461412 -0.8863808 -0.0377916 -0.4614036 -0.886385 -0.0262624 -0.2799335 -0.9596601 -0.02626234 -0.2799363 -0.9596594 -0.01372611 -0.08774101 -0.9960488 -0.01372569 -0.08773136 -0.9960497 -0.06664729 -0.9977304 -0.009607911 -0.06664723 -0.9977305 -0.009602963 -0.06664741 -0.9977304 -0.00960648 -0.06659758 -0.9977336 -0.009616553 -0.06664878 -0.9977303 -0.00960505 -0.06659895 -0.9977362 -0.009338438 -0.06661534 -0.9977328 -0.009577274 -0.06669306 -0.9977258 -0.009767949 -0.06665009 -0.9977303 -0.009606122 -0.06664657 -0.9977305 -0.00960648 -0.0666455 -0.9977304 -0.009610474 -0.06701451 -0.9977058 -0.009604454 -0.06634497 -0.9977505 -0.00960195 -0.06678688 -0.9977209 -0.009626269 -0.06662052 -0.9977322 -0.009606361 -0.06664222 -0.9977307 -0.00960952 -0.06664127 -0.9977308 -0.009607911 -0.06664782 -0.9977304 -0.009600818 -0.06664776 -0.9977304 -0.00960505 -0.06664866 -0.9977304 -0.009606003 -0.997735 0.0667712 0.008159279 -0.9977504 0.06657189 0.007903516 -0.9977511 0.0665751 0.007780551 -0.9977495 0.06657612 0.007977664 -0.9977501 0.06657373 0.007920503 -0.9977511 0.06656789 0.007840573 -0.9977529 0.06655734 0.00771588 -0.9977497 0.06657999 0.007926344 -0.9977489 0.06658762 0.007959783 -0.99774 0.06666082 0.008453369 -0.9977509 0.06656903 0.007861852 -0.9977594 0.0665875 0.006510198 -0.9977504 0.06657356 0.007900834 -0.9977494 0.06658107 0.0079481 -0.9977605 0.06644886 0.007653534 -0.9977465 0.06662261 0.007965385 -0.9977504 0.06657344 0.007888138 -0.9977507 0.06656944 0.007884621 -0.9977571 0.06658327 0.006882429 -0.9977532 0.06657201 0.007547616 -0.9977508 0.0665701 0.007854342 -0.9977505 0.06657242 0.007886409 -0.9977483 0.06660532 0.007877945 -0.9977517 0.06655156 0.00789988 -0.997747 0.06663 0.007855176 -0.9977505 0.06657087 0.007895886 -0.9977501 0.06657755 0.007889568 -0.9977498 0.06658488 0.007867395 -0.9977499 0.0665788 0.007894277 -0.9977499 0.06657785 0.007902085 -0.99775 0.06658262 0.007854044 -0.9977408 0.06674259 0.007674574 -0.9977532 0.06652116 0.007984638 -0.9977465 0.06664574 0.007757365 -0.997753 0.06652331 0.007974982 -0.9977512 0.06655627 0.007921397 -0.9977503 0.06658029 0.007848501 -0.997749 0.06661045 0.007751941 -0.9977498 0.06657826 0.007915735 -0.9977501 0.06657308 0.007939875 -0.9977493 0.0665583 0.008142113 -0.9977544 0.06662344 0.006896972 -0.9977504 0.06657356 0.007901012 -0.9977506 0.0665698 0.007880091 -0.9977501 0.06657546 0.007903635 -0.9977546 0.06652194 0.0077883 -0.9977436 0.06666016 0.008007049 -0.9977506 0.06656962 0.007887959 -0.9977498 0.06656676 0.008020401 -0.9977504 0.06657534 0.007876217 -0.9977516 0.06657284 0.007738888 -0.9977499 0.06657451 0.007934391 -0.9977475 0.06657665 0.008221924 -0.9977539 0.06656658 0.007484853 -0.9977504 0.0665735 0.007883906 -0.9977502 0.06657749 0.007885694 -0.9977502 0.06657642 0.007883965 -0.9977546 0.06649434 0.008017122 -0.9977511 0.06656032 0.00790739 -0.9977504 0.06657361 0.007880985 -0.9977501 0.06656497 0.007996559 -0.9977496 0.06657558 0.007975816 -0.9977502 0.06657218 0.007924854 -0.9977512 0.0665692 0.007817268 -0.9977498 0.06657522 0.007941126 -0.997752 0.06656235 0.007787346 -0.9977487 0.06658816 0.007975995 -0.9977499 0.06657719 0.00791794 -0.9977514 0.06656348 0.007840812 -0.9977505 0.06657153 0.007885754 -0.9977505 0.0665729 0.007884204 -0.9977498 0.06656664 0.008023977 -0.9977519 0.06658351 0.007600426 -0.9977489 0.06656414 0.008158206 -0.9977508 0.06657445 0.007820963 -0.9977501 0.06657135 0.007944047 -0.9977502 0.0665673 0.007963597 -0.9977508 0.06657439 0.007836937 -0.9977497 0.06658029 0.007920801 -0.9977485 0.06659162 0.007968842 -0.9977535 0.06653827 0.0077793 -0.9977496 0.06658393 0.007902383 -0.9977587 0.0664584 0.007808446 -0.9977445 0.06665563 0.007932901 -0.9977518 0.06655287 0.007882297 -0.997751 0.06656438 0.007880926 -0.9977504 0.0665732 0.00788623 -0.9977504 0.0665732 0.007880449 -0.9977502 0.06656974 0.007945239 -0.9977531 0.06656473 0.007618725 -0.9978587 0.06475937 0.009176671 -0.9977318 0.06687575 0.00769025 -0.9977596 0.06642246 0.007995069 -0.9977445 0.06667292 0.007806003 -0.9977542 0.06650954 0.007947921 -0.9977449 0.06666761 0.007794559 -0.9977507 0.066567 0.007903635 -0.9977508 0.06656461 0.007914483 -0.9977548 0.06649351 0.00800395 -0.9977427 0.06671506 0.007665038 -0.9977505 0.06656938 0.007908582 -0.9977504 0.06657361 0.007888317 -0.9977529 0.06656652 0.007632374 -0.9977471 0.06659466 0.008122563 -0.9977538 0.06654697 0.007672071 -0.9977496 0.0665844 0.007888019 -0.9977529 0.06657081 0.007593154 -0.9977571 0.0665847 0.006894111 -0.9977481 0.06656956 0.008197546 -0.9977495 0.06657391 0.007988691 -0.99775 0.06657451 0.007929444 -0.9977501 0.06657564 0.007911682 -0.9977513 0.06657671 0.007745265 -0.9977509 0.0665729 0.007820308 -0.9977505 0.06657338 0.007867693 -0.9977502 0.06656908 0.007945954 -0.9977509 0.06657111 0.007843494 -0.9977512 0.06657367 0.007781386 -0.9977502 0.06657207 0.007922708 -0.9977499 0.0665698 0.007980585 -0.99775 0.06656992 0.007973611 -0.9977502 0.06657254 0.007917523 -0.9977512 0.06657373 0.007779717 -0.9977509 0.06657069 0.0078516 -0.9977502 0.06656926 0.00794804 -0.9977505 0.06657361 0.007861852 -0.997751 0.06657344 0.007817864 -0.9977504 0.06656986 0.007916867 -0.9977504 0.06656986 0.007923305 -0.9977515 0.06657725 0.007708251 -0.9977496 0.06657302 0.007984638 -0.9977481 0.06657004 0.008191287 -0.997748 0.06657314 0.008194148 -0.9977521 0.0665825 0.00760132 -0.9977512 0.0665816 0.007721185 -0.9977486 0.06656742 0.008160829 -0.9977505 0.06656938 0.007905602 -0.997751 0.06657385 0.007809638 -0.9977505 0.06657391 0.00787425 -0.9977502 0.06656944 0.007954239 -0.9977509 0.06657135 0.007845222 -0.9977512 0.06657433 0.007780492 -0.9977503 0.06657254 0.007914841 -0.99775 0.06656992 0.007970929 -0.9977499 0.06656831 0.00798428 -0.9977501 0.06657326 0.007922887 -0.9977512 0.0665754 0.007778286 -0.997751 0.06657016 0.007843792 -0.9977501 0.06657052 0.00794804 -0.9977505 0.06657236 0.007874488 -0.9977509 0.06657403 0.007809937 -0.9977514 0.06657606 0.007737219 -0.9977501 0.06657314 0.00793296 -0.9977499 0.06657505 0.007938027 -0.9977495 0.06657582 0.007981538 -0.9977481 0.0665695 0.008199036 -0.9977574 0.06657856 0.006890833 -0.9977534 0.06657052 0.007529318 -0.04201632 -0.7126474 0.700263 -0.04201626 -0.7126505 0.70026 0.9977504 -0.06657338 -0.007884144 0.997752 -0.06656128 -0.007788598 0.9977509 -0.06657093 -0.007845878 0.9977508 -0.06657028 -0.007867038 0.9977489 -0.06658309 -0.007990717 0.9977506 -0.06657242 -0.007869064 0.9977506 -0.06657159 -0.007886111 0.9977506 -0.06657242 -0.007861435 0.9977501 -0.06657487 -0.007922112 0.9977508 -0.0665723 -0.007839918 0.9977502 -0.06657278 -0.007927417 0.9977505 -0.06657189 -0.007885873 0.9977505 -0.06657224 -0.007888197 -0.0656175 -0.9939168 0.08845192 -0.06561857 -0.9939206 0.08840972 -0.06168043 -0.9577043 0.281066 -0.06167882 -0.9576921 0.281108 -0.05537235 -0.884707 0.4628469 -0.05537074 -0.884689 0.4628819 -0.0469346 -0.7776767 0.6269102 -0.04693293 -0.7776564 0.6269354 0.00722742 -0.01011061 0.9999228 0.0072093 -0.01011127 0.999923 0.007235229 -0.01011061 0.9999228 0.007220745 -0.01011067 0.9999229 0.007225871 -0.01011025 0.9999228 0.007234036 -0.01010936 0.9999228 0.007241666 -0.01011073 0.9999227 0.007224619 -0.01011145 0.9999229 0.007224202 -0.01011008 0.9999229 0.007237315 -0.01010942 0.9999228 0.007228076 -0.01011246 0.9999228 0.007222414 -0.01011061 0.9999229 0.007236599 -0.01010787 0.9999228 0.007208526 -0.01011389 0.9999229 0.00723809 -0.01010835 0.9999228 0.007227361 -0.01011109 0.9999228 0.007231771 -0.0101096 0.9999228 0.007226884 -0.01011389 0.9999228 0.007211267 -0.01011216 0.9999229 0.007224142 -0.01011204 0.9999229 0.007223665 -0.01011174 0.9999228 0.007240951 -0.0101062 0.9999228 0.007236123 -0.01012367 0.9999226 0.007202088 -0.01008331 0.9999233 0.007503926 -0.009984374 0.9999221 0.007227957 -0.01011067 0.9999228 0.007128775 -0.01029086 0.9999217 0.00729978 -0.01003825 0.999923 0.00724107 -0.01011478 0.9999227 0.007209479 -0.01013022 0.9999228 0.007219254 -0.0101158 0.9999228 0.007239222 -0.01011139 0.9999227 0.007225513 -0.01011121 0.9999229 0.00722742 -0.01011329 0.9999228 0.007231116 -0.01012361 0.9999227 0.00722444 -0.01009696 0.9999229 0.00722742 -0.01010847 0.9999229 0.00722748 -0.01009547 0.999923 0.007231295 -0.01013022 0.9999226 0.007219433 -0.01009887 0.999923 0.007234811 -0.01011615 0.9999228 0.007219314 -0.01011073 0.9999228 0.007223904 -0.01010864 0.9999228 0.00723505 -0.01011025 0.9999228 0.007247328 -0.01011013 0.9999227 0.007180213 -0.01011478 0.9999231 0.007242023 -0.01011186 0.9999228 0.00720638 -0.01011127 0.9999229 0.007228255 -0.01010966 0.9999229 0.007226765 -0.0101093 0.9999228 0.007231116 -0.01011055 0.9999228 0.00723195 -0.01011288 0.9999228 0.00722748 -0.01010084 0.9999229 0.007230103 -0.01010465 0.9999228 0.00722748 -0.01012438 0.9999226 0.007227659 -0.01010596 0.9999228 0.007228255 -0.01011949 0.9999227 0.00722438 -0.01011145 0.9999229 0.007224798 -0.01010662 0.9999229 0.007232248 -0.01011693 0.9999227 0.007210969 -0.01009434 0.9999231 0.007244944 -0.01011693 0.9999226 0.00723344 -0.01012063 0.9999226 0.007215857 -0.01009154 0.9999231 0.007225155 -0.01010459 0.9999229 0.007184445 -0.01011335 0.9999231 0.007226526 -0.01011031 0.9999228 0.00731498 -0.009972095 0.9999235 0.007238984 -0.0101056 0.9999228 0.00721997 -0.01011162 0.9999229 0.007208645 -0.01012295 0.9999228 0.007234036 -0.0101062 0.9999228 0.007225036 -0.01010859 0.9999228 0.007224082 -0.0101127 0.9999229 0.007240295 -0.01010018 0.9999228 0.007218778 -0.01012331 0.9999227 0.007230043 -0.01010334 0.9999229 0.007227361 -0.0101087 0.9999228 0.007228672 -0.01011085 0.9999228 0.007208645 -0.01011109 0.9999229 0.007222354 -0.01010429 0.9999229 0.007217228 -0.01010859 0.9999229 0.007231414 -0.01011049 0.9999228 0.007227003 -0.01011073 0.9999229 0.00723201 -0.01011145 0.9999228 0.007222175 -0.01011621 0.9999228 0.007235825 -0.01009649 0.9999229 0.007220387 -0.0101208 0.9999228 0.00722748 -0.01011675 0.9999227 0.00722748 -0.01010394 0.9999229 0.007229447 -0.01010805 0.9999229 0.007239341 -0.009957373 0.9999243 -0.03669667 -0.6407806 0.7668466 -0.03669404 -0.640766 0.7668588 -0.0250402 -0.4792156 0.87734 -0.02504217 -0.4792339 0.8773299 -0.01243203 -0.2993045 0.9540767 -0.01242882 -0.299279 0.9540847 6.61597e-4 -0.1078491 0.9941671 6.60933e-4 -0.107847 0.9941673 0.9977504 -0.0665729 -0.007892549 0.9977495 -0.06657761 -0.007963359 0.9977515 -0.06656801 -0.007790386 0.9977505 -0.06657207 -0.007883071 0.9977493 -0.06657713 -0.008000135 0.9977504 -0.06657296 -0.007884025 0.9977503 -0.06657284 -0.007903158 0.9977498 -0.0665729 -0.007963597 0.9977523 -0.06657516 -0.007622539 0.9977447 -0.06656563 -0.008628666 0.9977511 -0.06657671 -0.007780909 0.9977505 -0.06656992 -0.007905364 0.9977505 -0.06657224 -0.007888317 0.06664687 0.9977304 0.00960803 0.06664705 0.9977303 0.009609103 -0.6583888 0.7525764 0.01237094 -0.6583881 0.7525771 0.01236897 -0.6151326 0.7883259 0.01241928 -0.6151515 0.7883113 0.0124166 -0.5230225 0.8522288 0.01239669 -0.5229907 0.8522482 0.0124014 -0.4242981 0.90544 0.01222521 -0.4243369 0.905422 0.01222014 -0.3202724 0.947251 0.01189106 -0.3202385 0.9472623 0.01189512 -0.2121532 0.9771698 0.01141542 -0.2121558 0.9771693 0.0114153 -0.1014102 0.9947863 0.01079291 -0.101423 0.994785 0.01079154 0.01059103 0.9998936 0.01003366 0.01060593 0.9998934 0.01003462 0.7526422 0.6584288 0.001219034 0.7526393 0.658432 0.001211822 0.1225202 0.9924239 0.00915116 0.1225023 0.9924261 0.009149253 0.2328133 0.9724873 0.008150219 0.2328279 0.9724838 0.008152484 0.3402491 0.9403089 0.007050096 0.3402378 0.940313 0.007048845 0.4434058 0.8963019 0.005858421 0.4433925 0.8963085 0.00585711 0.5409709 0.8410288 0.004592418 0.5409926 0.8410149 0.004595279 0.6317306 0.7751812 0.003273606 0.631677 0.7752249 0.003266692 0.7145613 0.6995703 0.001902341 0.7146089 0.6995217 0.001909554 0.06664842 0.9977303 0.009607374 0.06664806 0.9977303 0.009606659 -0.007158637 0.01011157 -0.9999233 -0.00727123 0.01011711 -0.9999224 -0.007244646 0.01011222 -0.9999227 -0.007233262 0.01010739 -0.9999228 -0.007221043 0.01016116 -0.9999223 -0.007193803 0.01010167 -0.9999232 -0.007231473 0.0101149 -0.9999227 -0.007230341 0.01008307 -0.9999231 -0.007273852 0.01010257 -0.9999225 -0.00723493 0.01008826 -0.9999229 -0.007245421 0.0101009 -0.9999228 -0.007231771 0.01010394 -0.9999229 -0.007218539 0.01010507 -0.9999229 -0.007216989 0.01010441 -0.9999229 -0.007229566 0.01011067 -0.9999228 -0.007232129 0.01011008 -0.9999228 -0.007214784 0.01010775 -0.999923 -0.007195949 0.01009583 -0.9999232 -0.007251918 0.01011562 -0.9999226 -0.007237792 0.01011502 -0.9999226 -0.007230579 0.01011377 -0.9999228 -0.007217288 0.01009798 -0.9999231 -0.007229685 0.01011276 -0.9999228 -0.007232129 0.01011431 -0.9999227 -0.007228672 0.01011049 -0.9999228 -0.007228076 0.01010924 -0.9999228 -0.007228136 0.01011604 -0.9999228 -0.007234096 0.01011872 -0.9999227 -0.007227122 0.01010304 -0.9999229 -0.007230639 0.01010864 -0.9999228 -0.007224261 0.01010423 -0.9999229 -0.007217288 0.01011627 -0.9999229 -0.007230043 0.01011061 -0.9999228 -0.007209241 0.01017385 -0.9999223 -0.007197976 0.01015174 -0.9999226 -0.007263898 0.01010298 -0.9999226 -0.007130444 0.01020222 -0.9999226 -0.007255375 0.01014715 -0.9999222 -0.007080495 0.009943246 -0.9999256 -0.007842302 0.01068049 -0.9999123 -0.006403267 0.009778618 -0.9999317 -0.007249116 0.01012855 -0.9999225 -0.007288038 0.01013404 -0.9999221 -0.007264792 0.01009047 -0.9999228 -0.007228195 0.01010924 -0.9999229 -0.007179319 0.01012933 -0.999923 -0.00722891 0.01011008 -0.9999228 -0.007241189 0.01010906 -0.9999228 -0.007209122 0.01010787 -0.999923 -0.007204771 0.01011461 -0.9999229 -0.00725907 0.01010793 -0.9999226 -0.007224023 0.01011002 -0.9999229 -0.007216811 0.01011055 -0.9999229 -0.007213652 0.01011067 -0.9999229 -0.007227659 0.01011025 -0.9999228 -0.007393777 0.009850025 -0.9999242 -0.007195949 0.01017516 -0.9999224 -0.007238149 0.01010531 -0.9999228 -0.007220327 0.01010948 -0.9999229 -0.007240593 0.01009917 -0.9999229 -0.007207214 0.0101152 -0.9999229 -0.007228374 0.01011037 -0.9999228 -0.00723344 0.01010996 -0.9999228 -0.007196128 0.01011395 -0.999923 -0.007220149 0.01010483 -0.9999229 -0.007227301 0.01011031 -0.9999228 -0.00722754 0.01011037 -0.9999229 -0.007229447 0.01010948 -0.9999228 -0.007100999 0.010131 -0.9999235 -0.007284045 0.01006406 -0.9999229 -0.007189393 0.01013523 -0.9999229 -0.007228195 0.01010787 -0.9999229 -0.007278978 0.01010322 -0.9999226 -0.007145881 0.01010882 -0.9999234 -0.007221519 0.01010894 -0.9999229 -0.007208108 0.0100407 -0.9999237 -0.007276713 0.01018983 -0.9999217 -0.0072214 0.0100888 -0.9999231 -0.007243156 0.01014435 -0.9999223 -0.007201135 0.01006597 -0.9999235 -0.007240772 0.01013147 -0.9999225 -0.007199645 0.01007765 -0.9999233 -0.007285177 0.0101822 -0.9999216 -0.00717324 0.01006281 -0.9999237 -0.006956577 0.009930372 -0.9999266 -0.007295072 0.01015394 -0.9999219 -0.007252693 0.01012378 -0.9999225 -0.007284879 0.01014369 -0.999922 -0.007160663 0.01004636 -0.999924 -0.007238268 0.01015144 -0.9999223 -0.007219612 0.0101068 -0.9999229 -0.00725913 0.010109 -0.9999226 -0.00720632 0.01011431 -0.9999229 -0.007237911 0.01011103 -0.9999227 -0.007197022 0.01020526 -0.9999221 -0.007203042 0.01004815 -0.9999236 -0.007229864 0.0101487 -0.9999224 -0.007224142 0.01008921 -0.9999231 -0.007228136 0.01010781 -0.9999229 -0.007229268 0.01011824 -0.9999227 -0.007227957 0.01013034 -0.9999226 -0.007219254 0.01025795 -0.9999214 -0.007221937 0.01014709 -0.9999225 -0.007245182 0.01005136 -0.9999232 -0.007214069 0.01011615 -0.9999228 -0.007235944 0.01012498 -0.9999226 -0.007221579 0.01011389 -0.9999229 -0.007231771 0.01011115 -0.9999228 -0.007233202 0.01010626 -0.9999229 -0.007215082 0.01010668 -0.999923 -0.0072636 0.01009988 -0.9999226 -0.007188796 0.01017403 -0.9999225 -0.00733143 0.009943842 -0.9999238 -0.007233977 0.01010185 -0.9999229 -0.007176995 0.01017463 -0.9999226 -0.007250308 0.01009672 -0.9999228 -0.007245898 0.01007413 -0.999923 -0.007201194 0.01013404 -0.9999228 -0.007248222 0.01010578 -0.9999228 -0.007201313 0.01011836 -0.9999229 -0.007259666 0.01008617 -0.9999228 -0.007241487 0.01012825 -0.9999225 -0.007358729 0.01006293 -0.9999223 -0.007231235 0.01011264 -0.9999228 -0.00721395 0.01010459 -0.9999229 -0.007234513 0.01014643 -0.9999224 -0.007224678 0.01010757 -0.9999228 -0.007229149 0.01012593 -0.9999226 -0.007190823 0.01015907 -0.9999226 -0.007258832 0.01009321 -0.9999228 -0.007214546 0.01011776 -0.9999228 -0.007243454 0.01009011 -0.9999229 -0.00720632 0.01012837 -0.9999228 -0.007232427 0.01012027 -0.9999227 -0.00721544 0.01011723 -0.9999228 -0.007256925 0.01008069 -0.9999229 -0.007241487 0.01009416 -0.9999229 -0.007227599 0.01010966 -0.9999229 -0.007209718 0.01010978 -0.9999229 -0.007230281 0.01011025 -0.9999228 -0.007247924 0.01010602 -0.9999228 -0.007212996 0.01010656 -0.9999229 -0.007450699 0.01013374 -0.9999209 -0.007216393 0.01011091 -0.9999229 -0.007274925 0.01011514 -0.9999225 -0.007224857 0.01011031 -0.9999228 -0.007265031 0.01010674 -0.9999226 -0.007227301 0.0101093 -0.9999229 -0.007266402 0.01011681 -0.9999225 -0.007218778 0.0101118 -0.9999229 -0.007231295 0.01010966 -0.9999228 -0.007212936 0.01010853 -0.999923 -0.007226645 0.01011055 -0.9999229 -0.007447838 0.009989321 -0.9999225 -0.007228016 0.01016819 -0.9999222 -0.007225513 0.01009851 -0.999923 -0.007235467 0.01005846 -0.9999233 -0.007227778 0.01011526 -0.9999228 -0.00722599 0.01012134 -0.9999228 -0.007224977 0.01010251 -0.9999229 -0.007237613 0.01010942 -0.9999228 -0.007229745 0.01006245 -0.9999233 -0.007224559 0.01011687 -0.9999228 -0.007233977 0.0100978 -0.9999229 -0.007224738 0.01005655 -0.9999234 -0.007231473 0.01013278 -0.9999225 -0.007231414 0.01012212 -0.9999227 -0.007225453 0.01013582 -0.9999226 -0.007224857 0.01012063 -0.9999228 -0.007234036 0.01011562 -0.9999228 -0.007228851 0.01011681 -0.9999227 -0.007221162 0.01009047 -0.9999231 -0.6583914 0.7525742 0.01236873 -0.658389 0.7525764 0.01236557 -0.61515 0.7883123 0.01241785 -0.6151515 0.7883113 0.01241761 -0.523023 0.8522284 0.01239836 -0.5229971 0.8522443 0.01240092 -0.424266 0.9054552 0.01222538 -0.4242949 0.9054417 0.01222169 -0.3202816 0.9472478 0.01189261 -0.3202723 0.9472509 0.01189363 -0.2121676 0.9771667 0.01141411 -0.2121704 0.9771661 0.01141399 -0.1014204 0.9947851 0.01079142 -0.1014159 0.9947856 0.01079177 0.01060432 0.9998934 0.01003432 0.01060426 0.9998934 0.01003366 0.7526425 0.6584284 0.001217961 0.752642 0.6584289 0.001217961 0.1224796 0.992429 0.009149491 0.1224926 0.9924273 0.009150803 0.2328415 0.9724805 0.008151829 0.2328014 0.9724902 0.008147358 0.3402371 0.9403133 0.007045626 0.3402613 0.9403045 0.007048428 0.4433947 0.8963074 0.005858421 0.4434022 0.8963037 0.005859673 0.5409718 0.8410282 0.004595398 0.5409725 0.8410279 0.004595696 0.6317577 0.775159 0.003272891 0.6317237 0.7751869 0.00326848 0.7145369 0.6995953 0.001904785 0.7145657 0.6995658 0.001908957 -0.03102058 -0.5627568 0.8260404 -0.005913138 -0.2045619 0.9788358 -0.00591278 -0.2045519 0.978838 -0.03101927 -0.5627315 0.8260576 -0.05139678 -0.8351525 0.547612 -0.05139571 -0.8351421 0.5476278 -0.06395655 -0.9805233 0.1856979 -0.06395882 -0.9805482 0.1855661 -0.9977504 0.06657284 0.007885694 -0.9977521 0.06654822 0.007891297 -0.9977526 0.06654047 0.007892489 -0.9977462 0.06663835 0.007869482 -0.997754 0.06651777 0.007900595 -0.9977496 0.06658601 0.007879495 -0.9977531 0.06653094 0.007900118 -0.9977467 0.06663215 0.007864356 -0.9977515 0.06655633 0.007891297 -0.9977504 0.06657379 0.007884919 -0.9977505 0.06657177 0.007887303 -0.9977518 0.06655502 0.007860183 -0.9977479 0.06660521 0.007940173 -0.9977536 0.06653249 0.007832407 -0.9977478 0.06660789 0.007934153 -0.9977505 0.06657063 0.007888734 -0.9977502 0.06657654 0.007892966 -0.9977536 0.06652939 0.007850587 -0.9977505 0.06657207 0.007885873 -0.9977509 0.06656718 0.007877707 -0.9977472 0.06661677 0.007921218 -0.9977549 0.06650972 0.007844328 -0.9977538 0.06652581 0.007860243 -0.9977389 0.06673514 0.007979691 -0.9977657 0.06636035 0.007744431 -0.9977512 0.06656229 0.007872641 -0.9977484 0.06660777 0.007852911 -0.9977575 0.06645959 0.007956326 -0.9977453 0.06665551 0.007834494 -0.997749 0.06659626 0.00786966 -0.9977543 0.06650918 0.007927596 -0.9977482 0.06661069 0.007855415 -0.9977511 0.0665605 0.007898569 -0.9977515 0.0665552 0.00789982 -0.9977484 0.06660956 0.007844567 -0.9977527 0.06653434 0.007928431 -0.9977498 0.0665856 0.007865965 -0.9977523 0.06654083 0.007928669 -0.9977476 0.06662648 0.007799386 -0.9977476 0.06661301 0.007900655 -0.9977537 0.06652462 0.007867753 -0.9977465 0.06662893 0.007903337 -0.9977506 0.06656962 0.007885336 -0.9977499 0.0665813 0.007887244 -0.9977547 0.06651175 0.007868409 -0.9977505 0.0665723 0.007884681 -0.066648 -0.9977304 -0.009606242 -0.06664746 -0.9977304 -0.009606659 -0.5602129 0.04538393 -0.8271045 -0.2017183 0.02290183 -0.9791759 -0.2017261 0.02290201 -0.9791743 -0.560334 0.04539328 -0.827022 -0.8336507 0.06097352 -0.5489161 -0.8336444 0.06097102 -0.5489258 -0.9799936 0.06726729 -0.1873174 -0.9799957 0.06726664 -0.1873065 -0.007227897 0.01011055 -0.9999228 -0.007228016 0.01011019 -0.9999228 -0.8256075 0.04973882 0.5620484 -0.9771333 0.06331831 0.2029813 -0.9771749 0.06332045 0.2027805 -0.8256042 0.04973876 0.5620533 -0.5483006 0.02857893 0.835793 -0.5483973 0.02858471 0.8357293 -0.1875504 0.003071069 0.9822503 -0.1875337 0.003069162 0.9822534 -0.04303967 -0.5459496 -0.8367118 -0.0200867 -0.1846526 -0.9825986 -0.02009177 -0.1847235 -0.9825852 -0.04303836 -0.5459379 -0.8367195 -0.05943131 -0.8239623 -0.5635194 -0.05942654 -0.8239055 -0.5636029 -0.0667774 -0.9765831 -0.204515 -0.06677865 -0.9765918 -0.2044729 -0.2600749 -0.9644542 -0.04678881 -0.2309823 -0.9657045 -0.1185832 -0.1768504 -0.9687846 -0.1737249 -0.1054678 -0.973271 -0.2040107 -0.6068789 -0.7866459 -0.1135178 -0.6068856 -0.786682 -0.113232 -0.8562113 -0.4906784 -0.1616699 -0.8562424 -0.4905822 -0.161797 -0.9746302 -0.1251378 -0.1855711 -0.9746208 -0.1250444 -0.1856834 -0.1687878 -0.8116418 -0.559239 -0.1686658 -0.8116009 -0.5593353 -0.2052102 -0.5278061 -0.8242024 -0.2052249 -0.5277985 -0.8242036 -0.2107467 -0.168475 -0.9629133 -0.2107514 -0.1684743 -0.9629124 -0.3706904 -0.7990296 -0.4734345 -0.3705582 -0.7989655 -0.4736462 -0.5050796 -0.5089119 -0.6970676 -0.5052731 -0.5090378 -0.6968355 -0.5628214 -0.1465653 -0.8134807 -0.5625877 -0.1463215 -0.8136863 -0.524327 -0.7902347 -0.3171917 -0.5243453 -0.7902852 -0.3170352 -0.7337428 -0.495856 -0.4644873 -0.7337369 -0.4958856 -0.464465 -0.8309235 -0.1312037 -0.5406956 -0.8309854 -0.1312915 -0.5405791 -0.8666049 -0.4989937 0.00121814 -0.9915936 -0.1292586 0.005859971 -0.9915631 -0.1294931 0.005858659 -0.8665923 -0.4990155 0.001217961 -0.6098136 -0.7925368 -0.003605663 -0.6097046 -0.7926207 -0.003606438 -0.2599797 -0.9655819 -0.007883608 -0.2601018 -0.9655491 -0.007883131 -0.9905502 -0.129567 0.04497557 -0.9880511 -0.1007869 0.1166062 -0.9840263 -0.04682904 0.1717535 -0.9790206 0.02469784 0.2022593 -0.8605139 -0.4971051 0.1113662 -0.8606296 -0.4969888 0.110991 -0.6003701 -0.7836499 0.1595265 -0.6004633 -0.783598 0.1594305 -0.2539125 -0.9496424 0.1835975 -0.2537215 -0.9496594 0.183773 -0.8278681 -0.06008106 0.5576961 -0.8279216 -0.06023091 0.5576003 -0.5518891 -0.1346388 0.8229768 -0.5518417 -0.1345747 0.823019 -0.1968598 -0.1880182 0.9622347 -0.1968418 -0.1880134 0.9622392 -0.8421058 -0.2618699 0.4714682 -0.8420331 -0.2617287 0.4716762 -0.5727287 -0.434134 0.6953485 -0.5728437 -0.4342118 0.6952052 -0.2214502 -0.5395753 0.812292 -0.2215063 -0.5396026 0.8122587 -0.8535706 -0.4151877 0.3147006 -0.8535744 -0.415171 0.3147126 -0.5899834 -0.6620692 0.4621514 -0.5897842 -0.6620186 0.4624781 -0.2413775 -0.8069457 0.5390507 -0.2414336 -0.8069812 0.5389724 0.9977501 -0.06657373 -0.007920265 0.9977496 -0.06657868 -0.007942378 0.9977499 -0.06657671 -0.007915794 0.9977509 -0.0665754 -0.007804036 0.9977499 -0.06658023 -0.007885277 0.9977524 -0.06656146 -0.007736861 0.9977504 -0.06657499 -0.007883071 0.9977492 -0.06659525 -0.007846176 0.9977494 -0.06659138 -0.007859826 0.9977549 -0.06649369 -0.007985889 0.997744 -0.06668657 -0.007737517 0.9977486 -0.06660532 -0.007849276 0.9977577 -0.06644964 -0.008003234 0.9977701 -0.06623822 -0.008204519 0.9977499 -0.06657427 -0.007944881 0.9977502 -0.06657344 -0.007904112 0.9977504 -0.06658154 -0.007827818 0.9977509 -0.06656199 -0.007912635 0.9977506 -0.06656962 -0.007888138 0.9977501 -0.06657868 -0.007877647 0.9977526 -0.06653618 -0.007924973 0.9977509 -0.06656312 -0.007904112 0.9977484 -0.06660425 -0.007881522 0.9977496 -0.06658595 -0.007887482 0.9977499 -0.06658059 -0.007887363 0.9977518 -0.06655365 -0.007882118 0.9977306 -0.06684201 -0.008118987 0.9977545 -0.06651771 -0.007826328 0.9977629 -0.0664094 -0.007688939 0.9977484 -0.06659775 -0.007932782 0.9977525 -0.06654584 -0.007862091 0.9977461 -0.06662815 -0.007981717 0.9977492 -0.06659018 -0.00791049 0.9977503 -0.06657499 -0.007886826 0.9977505 -0.06656599 -0.00794959 0.9977501 -0.06657522 -0.007903337 0.9977511 -0.06656187 -0.007887125 0.9977502 -0.06657594 -0.007883489 0.9977494 -0.06658858 -0.007884204 0.9977498 -0.06658351 -0.007880866 0.9977526 -0.06654375 -0.00786066 0.9977512 -0.06656265 -0.007875859 0.9977506 -0.06657063 -0.007888555 0.9977517 -0.06655758 -0.007862031 0.9977497 -0.06657975 -0.007927894 0.9977499 -0.06657826 -0.007911384 0.9977512 -0.06656914 -0.007821857 0.997752 -0.06657576 -0.007655084 0.9977514 -0.06656569 -0.007826685 0.9977505 -0.06657159 -0.007880806 0.997751 -0.06657487 -0.007794916 0.9977512 -0.06656771 -0.007839262 0.9977508 -0.06656533 -0.007903456 0.9977507 -0.06657046 -0.007868587 0.9977504 -0.06657636 -0.007867813 0.9977512 -0.06657016 -0.007808804 0.9977513 -0.06655585 -0.007918298 0.9977512 -0.06655597 -0.007928371 0.9977506 -0.06657868 -0.007815659 0.9977506 -0.06657159 -0.007873415 0.9977505 -0.06657296 -0.007882416 0.9977505 -0.06657671 -0.00784713 0.9977495 -0.06658166 -0.007935523 0.9977494 -0.06658387 -0.007921099 0.9977498 -0.06658375 -0.007884502 0.9977502 -0.06657129 -0.007940828 0.9977502 -0.06657618 -0.007890284 0.9977501 -0.06657606 -0.007906675 0.9977501 -0.06657636 -0.007912397 0.9977505 -0.06657451 -0.007867157 0.9977505 -0.06657201 -0.007890403 0.9977507 -0.06657606 -0.007827937 0.9977505 -0.06657814 -0.007843255 0.9977503 -0.06657534 -0.00788182 0.9977506 -0.06658005 -0.007811129 0.9977504 -0.06655853 -0.00801444 0.9977504 -0.06657046 -0.007913827 0.9977503 -0.06657516 -0.00788182 0.9977501 -0.0665754 -0.007908463 0.9977501 -0.06657755 -0.007888257 0.9977505 -0.06657695 -0.007845282 0.9977504 -0.06657534 -0.007873892 0.9977506 -0.06657111 -0.007887184 0.9977505 -0.06657177 -0.007889032 0.9977505 -0.06657397 -0.007863938 0.9977511 -0.06656754 -0.007838368 0.9977514 -0.06656324 -0.007859706 0.9977513 -0.06656128 -0.007867157 0.9977511 -0.06655585 -0.007945895 0.9977505 -0.06657117 -0.00788325 0.9977503 -0.06657063 -0.007919073 0.9977501 -0.06657892 -0.007873952 0.9977499 -0.06656467 -0.008022904 0.9977498 -0.06658893 -0.007827281 0.9977505 -0.06657522 -0.007869482 0.9977501 -0.06657493 -0.007906317 0.9977503 -0.06656879 -0.007933735 0.9977508 -0.06657296 -0.007840096 0.9977508 -0.0665723 -0.007845222 0.9977511 -0.06656545 -0.007878363 -2.00366e-5 -0.1179162 0.9930236 -0.007268965 -0.2243564 0.9744802 -0.007268428 -0.2243624 0.9744787 -0.01443064 -0.3281494 0.9445156 -0.01442974 -0.3281465 0.9445166 -0.02142441 -0.4281156 0.90347 -0.02142393 -0.4281193 0.9034684 -0.02816671 -0.5230644 0.8518277 -0.02816945 -0.5230429 0.8518407 -0.03458154 -0.6118337 0.7902302 -0.03457742 -0.611855 0.7902138 -0.0405845 -0.6934913 0.7193211 -0.04058867 -0.6934696 0.7193417 -0.04611998 -0.7669724 0.6400205 -0.04611605 -0.766991 0.6399986 -0.05110573 -0.8314903 0.5531836 -0.05110788 -0.8314831 0.5531943 -0.05549937 -0.8862411 0.4598876 -0.05549937 -0.8862411 0.4598876 -0.0592398 -0.9306097 0.3611876 -0.0592432 -0.9306057 0.3611974 -0.06228858 -0.9640622 0.2582719 -0.06228244 -0.9640752 0.2582247 -0.06459689 -0.9862272 0.1522604 -0.06460446 -0.9862167 0.1523249 -0.06616353 -0.9968137 0.04455488 -0.06616014 -0.9968147 0.04453486 -1.95563e-5 -0.1179232 0.9930228 0.007227838 -0.01011377 0.9999228 0.00722748 -0.01011127 0.9999228 0.01439005 0.09782063 0.9951 0.01439094 0.09781986 0.9951002 0.02138561 0.2046088 0.9786102 0.02138525 0.2046103 0.97861 0.02812796 0.3089877 0.9506501 0.02812868 0.3089773 0.9506534 0.03454506 0.4097708 0.9115342 0.03454595 0.4097723 0.9115335 0.04055434 0.5057228 0.8617424 0.04055398 0.5057222 0.8617428 0.04608714 0.5957452 0.8018503 0.04608619 0.5957544 0.8018434 0.05107963 0.678803 0.7325418 0.05108153 0.6787905 0.7325532 0.05547624 0.7538849 0.6546602 0.0554763 0.7538865 0.6546584 0.05921989 0.8201203 0.5691186 0.05921763 0.8201309 0.5691035 0.06226855 0.8767809 0.4768416 0.06226712 0.8767816 0.4768405 0.06458616 0.9231259 0.3790347 0.06458699 0.9231151 0.3790609 0.06615018 0.9586603 0.2767577 0.06614923 0.9586558 0.2767735 0.06693631 0.9829568 0.171218 0.0669406 0.9829537 0.1712346 0.06694346 0.9957174 0.06376183 0.06693834 0.9957204 0.06371951 1.92353e-5 0.1179212 -0.993023 0.007267117 0.2243487 -0.9744819 0.007268726 0.224356 -0.9744802 0.01443481 0.3281666 -0.9445096 0.01443046 0.3281602 -0.944512 0.02142512 0.4281132 -0.9034712 0.02142214 0.4281025 -0.9034762 0.02816474 0.5230383 -0.8518438 0.02816653 0.5230457 -0.8518391 0.03457671 0.6118504 -0.7902175 0.03457951 0.6118585 -0.7902112 0.0405851 0.6934807 -0.7193313 0.04058808 0.6934852 -0.7193267 0.04611772 0.7669802 -0.6400113 0.04611772 0.7669699 -0.6400237 0.05110615 0.8314744 -0.5532076 0.05111265 0.8314877 -0.553187 0.05550289 0.8862438 -0.4598821 0.0554986 0.8862289 -0.4599112 0.05924016 0.9306144 -0.3611752 0.05924028 0.9306131 -0.3611786 0.06228578 0.9640726 -0.2582334 0.06228148 0.9640657 -0.2582604 0.06459641 0.9862185 -0.1523169 0.06461 0.9862269 -0.1522571 0.06616789 0.9968152 -0.04451203 0.06615543 0.9968132 -0.04457575 2.11592e-5 0.1179262 -0.9930225 -0.00722891 0.01010614 -0.9999228 -0.007228076 0.01011097 -0.9999228 -0.01439082 -0.09782296 -0.9950999 -0.01439011 -0.09782165 -0.9951 -0.02138668 -0.2046092 -0.9786102 -0.02138644 -0.2046015 -0.9786117 -0.0281282 -0.309 -0.9506461 -0.02812868 -0.3089995 -0.9506462 -0.03454178 -0.4097502 -0.9115436 -0.03454637 -0.4097666 -0.9115361 -0.04055553 -0.5057149 -0.8617469 -0.04055541 -0.5057233 -0.861742 -0.04609173 -0.5957635 -0.8018364 -0.04608803 -0.5957511 -0.8018457 -0.05108034 -0.6787938 -0.7325503 -0.05108505 -0.678808 -0.7325367 -0.05547803 -0.7538796 -0.6546663 -0.05547809 -0.7538839 -0.6546612 -0.05922079 -0.8201284 -0.5691066 -0.05922406 -0.8201392 -0.5690907 -0.06227397 -0.8767762 -0.4768497 -0.0622704 -0.8767749 -0.4768527 -0.0645895 -0.9231156 -0.3790593 -0.06459414 -0.9231194 -0.3790494 -0.06615656 -0.9586644 -0.2767415 -0.06614816 -0.9586545 -0.2767779 -0.06693565 -0.982954 -0.1712341 -0.0669372 -0.9829553 -0.1712255 -0.06693905 -0.995719 -0.06374114 -0.06694334 -0.9957195 -0.0637297 -0.01708006 -0.1386938 -0.990188 -0.02655035 -0.284435 -0.9583277 -0.02655047 -0.2844257 -0.9583304 -0.03542977 -0.4237884 -0.9050681 -0.03543251 -0.4237881 -0.9050681 -0.04351514 -0.5536942 -0.8315823 -0.0435099 -0.5536811 -0.8315914 -0.05062311 -0.6712185 -0.7395289 -0.05062019 -0.6712357 -0.7395135 -0.05660229 -0.7737426 -0.6309666 -0.05660068 -0.7737439 -0.6309651 -0.06131869 -0.8590102 -0.5082731 -0.06133598 -0.8590281 -0.5082409 -0.0646795 -0.9250468 -0.374306 -0.06471407 -0.9250665 -0.3742513 -0.06661963 -0.9704679 -0.2318491 -0.06658375 -0.9704532 -0.2319208 -0.06700009 -0.9941887 -0.08426183 -0.06700336 -0.9941908 -0.08423376 -0.01708221 -0.1386985 -0.9901874 -0.007233023 0.01010411 -0.9999229 -0.00722593 0.01011419 -0.9999228 0.002785325 0.1587066 -0.9873219 0.00278902 0.1587026 -0.9873225 0.01273655 0.3037462 -0.952668 0.01274025 0.3037522 -0.9526659 0.02240341 0.4419938 -0.8967383 0.02240192 0.4419987 -0.8967359 0.0315693 0.5704003 -0.82076 0.03157734 0.5703894 -0.8207673 0.04003661 0.6860645 -0.7264384 0.04002499 0.6860421 -0.7264601 0.04758524 0.7863485 -0.615948 0.04760396 0.7863658 -0.6159244 0.05410623 0.8691205 -0.491632 0.05410617 0.8691223 -0.491629 0.05939984 0.9324452 -0.3563952 0.05940324 0.932452 -0.356377 0.06336933 0.9749628 -0.2131478 0.06336688 0.9749574 -0.2131734 0.06592023 0.9956952 -0.06515842 0.06592315 0.9956956 -0.06514948 0.01707702 0.1387001 0.9901872 0.02654856 0.28443 0.9583292 0.02654922 0.2844226 0.9583313 0.03542912 0.4237893 0.9050676 0.03542947 0.4237849 0.9050697 0.0435186 0.5536984 0.8315795 0.04351979 0.5536937 0.8315824 0.05063307 0.6712038 0.7395416 0.050628 0.6712038 0.739542 0.05661457 0.7737735 0.6309274 0.05661463 0.7737717 0.6309297 0.06133437 0.858998 0.5082918 0.06133419 0.8589956 0.508296 0.06468254 0.9250707 0.3742465 0.06467992 0.925064 0.3742635 0.0665816 0.9704678 0.2318606 0.06658589 0.9704669 0.231863 0.06700241 0.9941822 0.08433592 0.06700277 0.9941815 0.08434379 0.01707857 0.1386918 0.9901884 0.007229208 -0.0101124 0.9999228 0.007225275 -0.01010513 0.9999229 -0.002785325 -0.1586943 0.9873239 -0.002786755 -0.1586973 0.9873234 -0.012739 -0.3037341 0.9526717 -0.01273339 -0.3037471 0.9526677 -0.02239954 -0.4420287 0.8967212 -0.02241545 -0.4419949 0.8967375 -0.03158253 -0.5703747 0.8207774 -0.03157335 -0.5704024 0.8207583 -0.04003572 -0.6860573 0.7264451 -0.04003876 -0.6860515 0.7264505 -0.04760318 -0.7863389 0.6159588 -0.04759031 -0.7863577 0.6159356 -0.054093 -0.8691309 0.4916151 -0.05410724 -0.8691152 0.4916412 -0.05940198 -0.932453 0.3563745 -0.05940181 -0.9324515 0.3563787 -0.06336981 -0.974959 0.2131651 -0.06335777 -0.9749684 0.2131259 -0.06591153 -0.9956999 0.06509602 -0.06592309 -0.9956966 0.06513589 0.06664746 0.9977304 0.009606599 0.06664794 0.9977304 0.009606361 0.9977502 -0.06657594 -0.007885038 0.9977549 -0.0665062 -0.007873952 0.9977476 -0.06661558 -0.00789237 0.9977505 -0.06657338 -0.007885396 0.9977535 -0.06652843 -0.0078758 0.9977474 -0.06661653 -0.007894635 0.9977523 -0.06654614 -0.007877349 0.9977508 -0.06656813 -0.007885098 0.9977472 -0.0666207 -0.007900118 0.9977527 -0.06653988 -0.007871389 0.9977505 -0.06657159 -0.007887542 0.9977487 -0.0665974 -0.007893025 0.9977503 -0.06657463 -0.007885932 0.9977505 -0.06657165 -0.007883608 0.9977504 -0.06657153 -0.007906854 0.9977502 -0.06657928 -0.007865071 0.9977502 -0.06658244 -0.007846832 0.99775 -0.06658899 -0.007800817 0.9977508 -0.0665639 -0.007919371 0.9977504 -0.06657612 -0.007866203 0.9977514 -0.0665515 -0.007948517 0.997749 -0.0666005 -0.007827699 0.9977512 -0.06655728 -0.007910966 0.9977489 -0.06660246 -0.007844328 0.9977514 -0.06655776 -0.007893919 0.997753 -0.06652957 -0.007924616 0.9977462 -0.06664347 -0.007833957 0.997754 -0.06651538 -0.007917761 0.9977494 -0.06659007 -0.007874429 0.9977506 -0.06657105 -0.007882475 0.9977487 -0.06660085 -0.007876157 0.9977656 -0.06633424 -0.007977604 0.9977388 -0.06675475 -0.00782299 0.9977601 -0.06643223 -0.007850646 0.9977545 -0.06651532 -0.007855117 0.9977524 -0.06654524 -0.007881522 0.9977514 -0.06655967 -0.007877767 0.9977512 -0.06656056 -0.007884383 0.9977529 -0.06653684 -0.007874011 0.997749 -0.06659287 -0.007903277 0.9977492 -0.06658965 -0.007905185 0.9977504 -0.06657415 -0.007888555 0.9977495 -0.06658405 -0.007903873 0.9977538 -0.06653034 -0.007816553 0.9977497 -0.06658071 -0.007918596 0.9977504 -0.06657171 -0.007896006 0.9977511 -0.06656503 -0.007871568 0.9977495 -0.06658101 -0.007929623 0.9977503 -0.06657284 -0.007911801 0.9977529 -0.06655138 -0.007751047 0.9977498 -0.06658452 -0.007877469 0.9977518 -0.06655174 -0.00789237 0.9977514 -0.06655883 -0.007889628 0.9977501 -0.06657862 -0.007881104 0.9977498 -0.06658416 -0.007881104 0.9977508 -0.06656706 -0.007884919 0.9977527 -0.0665391 -0.007891476 0.9977514 -0.06655961 -0.007886946 0.9977517 -0.06655466 -0.007888495 0.9977439 -0.0666725 -0.007868826 0.9977557 -0.06649214 -0.007895946 0.9977505 -0.06657099 -0.007884979 0.05223751 0.698351 0.7138468 0.0522381 0.6983544 0.7138434 0.04201686 0.7126533 -0.700257 0.04201549 0.7126491 -0.7002613 0.7106276 -0.05422258 0.7014759 0.7106279 -0.05422294 0.7014756 0.7526454 0.6584252 0.001217365 0.752645 0.6584255 0.001217305 0.7004078 -0.03992432 -0.7126255 0.7004067 -0.03992462 -0.7126265 0.007196128 -0.01011049 0.999923 0.007252633 -0.01011097 0.9999226 0.007225751 -0.01010924 0.9999228 0.007227063 -0.01014345 0.9999225 0.007232546 -0.01006484 0.9999232 0.007234632 -0.01008927 0.999923 0.007227241 -0.01010441 0.9999229 0.007249474 -0.01014167 0.9999224 0.007211267 -0.01009637 0.9999231 0.007231831 -0.01011073 0.9999228 0.007220089 -0.01011013 0.9999229 0.007243275 -0.01011079 0.9999228 0.00721395 -0.01011848 0.9999229 0.007232427 -0.01010662 0.9999229 0.007222175 -0.01011735 0.9999228 0.007262587 -0.01011538 0.9999225 0.007226228 -0.01011621 0.9999228 0.007118105 -0.0100584 0.9999241 0.007468104 -0.01019906 0.9999201 0.007260084 -0.01010429 0.9999226 0.007169902 -0.01009011 0.9999234 0.006875872 -0.0100634 0.9999257 0.007223129 -0.01011031 0.9999228 0.007227241 -0.01011121 0.9999228 0.007228732 -0.01011395 0.9999228 0.007229626 -0.01010996 0.9999228 0.007229745 -0.01011008 0.9999228 0.007218182 -0.01015079 0.9999225 0.007234871 -0.01007997 0.9999231 0.007229983 -0.01014524 0.9999224 0.007228016 -0.01011234 0.9999228 0.007228553 -0.01011031 0.9999228 0.007213294 -0.01011383 0.9999229 0.007240593 -0.01010584 0.9999228 0.007225096 -0.01011025 0.9999229 0.007229387 -0.01010924 0.9999229 0.007225573 -0.01011121 0.9999229 0.00722593 -0.01010864 0.9999229 0.007232785 -0.01011031 0.9999228 0.007221043 -0.01013809 0.9999226 0.007229804 -0.01010489 0.9999228 0.007225394 -0.01015287 0.9999224 0.007227778 -0.01010936 0.9999228 0.007235467 -0.01010954 0.9999228 0.007066071 -0.01011121 0.999924 0.007281243 -0.01011437 0.9999223 0.007209837 -0.01011341 0.9999229 0.007235646 -0.01009875 0.9999229 0.007251143 -0.01011526 0.9999226 0.007188022 -0.01011908 0.9999231 0.007226347 -0.01011013 0.9999228 0.007213294 -0.01011896 0.9999228 0.00723195 -0.01010894 0.9999228 0.007226288 -0.0101065 0.9999229 0.007227122 -0.01010918 0.9999228 0.007217288 -0.01014441 0.9999225 0.007230699 -0.01010131 0.9999229 0.007226407 -0.0101543 0.9999224 0.007227897 -0.01006782 0.9999233 0.007227897 -0.01015007 0.9999225 0.007228076 -0.01008892 0.999923 0.00722748 -0.01010918 0.9999229 0.007234036 -0.01011216 0.9999227 0.007219731 -0.01010531 0.9999229 0.007216334 -0.01010358 0.9999229 0.00723797 -0.01012057 0.9999226 0.007222771 -0.01010781 0.9999229 0.007257997 -0.01011693 0.9999225 0.007206082 -0.01010906 0.999923 0.007243156 -0.01011109 0.9999228 0.007227063 -0.01011043 0.9999229 0.007235467 -0.01011055 0.9999228 0.007371962 -0.0101096 0.9999218 0.007215559 -0.01011091 0.9999229 0.007206857 -0.0101124 0.9999229 0.007210075 -0.01010912 0.9999229 0.007229089 -0.01011019 0.9999228 0.007230699 -0.01012253 0.9999226 0.00722146 -0.01014393 0.9999226 0.007229447 -0.01010167 0.9999229 0.007242679 -0.01010912 0.9999228 0.007218837 -0.01011025 0.9999229 0.007232785 -0.01010948 0.9999228 0.007225215 -0.01011031 0.9999229 0.007231295 -0.01010942 0.9999228 0.007225811 -0.01011097 0.9999229 0.00722599 -0.01010864 0.9999229 0.007226645 -0.01011502 0.9999228 0.007242679 -0.0100885 0.9999229 0.007227838 -0.01009094 0.9999231 0.007225215 -0.01010286 0.9999229 0.007232427 -0.01011788 0.9999227 0.007235586 -0.01012879 0.9999225 0.007226824 -0.01011288 0.9999228 0.007229685 -0.01010572 0.9999229 0.007225036 -0.01010346 0.9999229 0.007231056 -0.01011878 0.9999228 0.007225751 -0.01011729 0.9999228 0.007225632 -0.01010841 0.9999229 0.007229566 -0.01009559 0.999923 0.007229268 -0.01011908 0.9999227 0.007228314 -0.01010662 0.9999228 0.007229268 -0.01011365 0.9999228 0.007231473 -0.01011282 0.9999228 0.00722593 -0.0101096 0.9999229 0.007217407 -0.01010823 0.9999229 0.00722742 -0.01010906 0.9999229 0.007240116 -0.01010966 0.9999227 0.007225453 -0.01011443 0.9999228 0.007230877 -0.01010876 0.9999228 0.007228016 -0.01010501 0.9999228 0.007222771 -0.0101177 0.9999228 0.007227182 -0.01010501 0.9999229 0.007230281 -0.01011121 0.9999228 0.007226586 -0.0101121 0.9999228 0.007227957 -0.01027911 0.9999211 0.007226705 -0.01010441 0.9999229 0.007233321 -0.01012486 0.9999226 0.007228016 -0.01009047 0.999923 0.007225573 -0.01011741 0.9999228 0.007252931 -0.0101698 0.999922 0.007222056 -0.009931504 0.9999246 0.007225394 -0.01011109 0.9999229 0.007243275 -0.01015013 0.9999223 0.007223963 -0.01008212 0.9999231 0.00722742 -0.0101068 0.9999229 0.007224738 -0.01010537 0.9999228 0.007211804 -0.01011723 0.9999229 0.007252573 -0.01011633 0.9999226 0.007208287 -0.01008713 0.9999232 0.007233738 -0.01009958 0.9999229 0.007135748 -0.01015102 0.9999231 0.007224321 -0.01011174 0.9999229 0.007240653 -0.01008588 0.9999229 0.007207155 -0.01015746 0.9999225 0.007227838 -0.01007199 0.9999232 0.007240891 -0.01009833 0.9999229 0.007237732 -0.01010847 0.9999227 0.007207334 -0.01013487 0.9999228 0.007238209 -0.01010763 0.9999227 0.007224917 -0.01008915 0.9999231 0.00721836 -0.01013082 0.9999226 0.007229387 -0.0101124 0.9999228 0.007239282 -0.01008641 0.9999229 0.00735861 -0.009888708 0.9999241 0.00719732 -0.01017946 0.9999223 0.007237017 -0.01008677 0.999923 0.007245004 -0.01009452 0.9999229 0.007239937 -0.01010507 0.9999228 0.007225513 -0.01011306 0.9999228 0.007186353 -0.01013779 0.9999229 0.007241368 -0.0100941 0.9999229 0.007238864 -0.0101087 0.9999228 0.007229149 -0.01010674 0.9999229 0.007016837 -0.01021337 0.9999232 0.007273375 -0.01012712 0.9999223 0.007199108 -0.0101034 0.9999231 0.007244288 -0.01010817 0.9999228 0.007219493 -0.01012486 0.9999227 0.007221698 -0.0101127 0.9999228 0.007219672 -0.01023709 0.9999216 0.007228136 -0.009981036 0.9999241 0.007230877 -0.01022362 0.9999216 0.00722599 -0.01007187 0.9999232 0.007232844 -0.01013284 0.9999225 0.007224202 -0.01012676 0.9999226 0.007231831 -0.01020497 0.9999218 0.007236003 -0.01019579 0.9999219 0.007225811 -0.01008445 0.9999231 0.007235407 -0.01014304 0.9999224 0.007228434 -0.0101282 0.9999226 0.007221996 -0.01008337 0.9999231 0.007226765 -0.0100919 0.999923 0.007228434 -0.01010924 0.9999228 0.007206499 -0.01038038 0.9999201 0.007229089 -0.01012265 0.9999227 0.007228314 -0.01009505 0.999923 0.007228016 -0.01011753 0.9999227 0.007231295 -0.01010864 0.9999228 0.007237732 -0.01011389 0.9999227 0.007221102 -0.01011008 0.9999228 0.007223725 -0.01010572 0.9999229 0.007223665 -0.01010954 0.9999229 0.007232844 -0.01010853 0.9999228 0.007212698 -0.01009935 0.9999231 0.00723201 -0.01010012 0.9999229 0.007228672 -0.01011937 0.9999227 0.00722754 -0.01011663 0.9999227 0.00722754 -0.0101211 0.9999227 0.007226526 -0.01009666 0.999923 0.007228672 -0.01007407 0.9999232 0.007227957 -0.01011419 0.9999228 0.007225751 -0.01011914 0.9999228 0.007218241 -0.01013761 0.9999226 0.007225275 -0.01012247 0.9999228 0.007223963 -0.01011061 0.9999229 0.007209897 -0.01011019 0.999923 0.007227122 -0.01011019 0.9999228 0.007222771 -0.0101093 0.9999228 0.007252871 -0.010113 0.9999226 0.00719273 -0.01011496 0.9999231 0.007214665 -0.01011413 0.9999229 0.007210612 -0.01011025 0.9999229 0.007238626 -0.01011097 0.9999227 0.007212936 -0.01011478 0.9999229 0.007248103 -0.01011025 0.9999227 0.007224678 -0.01011204 0.9999229 0.007233738 -0.01011186 0.9999228 0.007221758 -0.01010936 0.9999228 0.007224082 -0.01009041 0.999923 0.007209599 -0.01015865 0.9999225 0.007224559 -0.0100885 0.9999231 0.007217645 -0.01012229 0.9999228 0.007233679 -0.01009255 0.999923 0.007225453 -0.01013106 0.9999226 0.007221877 -0.01006948 0.9999233 0.007228493 -0.01009839 0.9999229 0.007229208 -0.0101841 0.9999221 0.007231771 -0.01012217 0.9999227 0.007230103 -0.0101335 0.9999226 0.007230341 -0.01008307 0.9999231 0.007223725 -0.01009041 0.999923 0.007229447 -0.01011717 0.9999227 0.007220208 -0.01009088 0.9999231 0.001252472 0.9999482 0.01010447 -0.1293001 0.991545 0.01096308 -0.1292874 0.9915467 0.0109601 -0.257586 0.9661854 0.01163089 -0.2575973 0.9661824 0.01163375 -0.3815143 0.9242838 0.01210564 -0.381514 0.9242839 0.01210564 -0.4989233 0.8665578 0.01237046 -0.4989116 0.8665647 0.01236778 -0.6077458 0.7940347 0.01242101 -0.6077566 0.7940263 0.01242351 -0.7062067 0.7078996 0.01226371 -0.7062057 0.7079006 0.01226383 -0.7925459 0.6096964 0.01189446 -0.792584 0.6096466 0.01190912 -0.8653952 0.5009618 0.01133692 -0.8653585 0.5010254 0.01132005 -0.9233875 0.3837243 0.01055324 -0.9233861 0.3837277 0.01055234 -0.9655689 0.2599706 0.009606301 -0.9655701 0.2599659 0.009606957 -0.9912576 0.131667 0.00849533 -0.9912579 0.1316653 0.008494973 0.001265287 0.9999483 0.01010155 0.1317466 0.9912419 0.009070158 0.1317596 0.9912403 0.009067535 0.2600318 0.9655679 0.007880687 0.260021 0.9655708 0.007884085 0.3838239 0.9233831 0.006562352 0.3838245 0.9233827 0.00656253 0.5010398 0.8654091 0.005129218 0.5010793 0.8653863 0.005118012 0.6097485 0.7925869 0.003594875 0.6097066 0.792619 0.003607869 0.7079755 0.7062342 0.002024173 0.7079762 0.7062334 0.002024173 0.7941277 0.607751 4.0576e-4 0.7941218 0.6077585 4.07811e-4 0.8666084 0.4989874 -0.001216113 0.8666157 0.4989748 -0.001219511 0.9243459 0.3815451 -0.002823829 0.9243449 0.3815475 -0.002822399 0.9662256 0.2576605 -0.004377722 0.9662259 0.2576593 -0.004377722 0.9915717 0.1294275 -0.005857467 0.991572 0.1294244 -0.005857646 0.9999731 -0.001189291 -0.007239043 0.9999731 -0.00118786 -0.007238864 -0.001239955 -0.9999483 -0.01009839 0.1292746 -0.9915483 -0.01095753 0.129275 -0.9915483 -0.01095694 0.2576152 -0.9661777 -0.01162791 0.2575853 -0.9661856 -0.0116353 0.3815006 -0.9242894 -0.01210916 0.3815367 -0.9242746 -0.01210016 0.4989228 -0.8665583 -0.01236522 0.4989137 -0.8665634 -0.01236766 0.6077321 -0.794045 -0.01242089 0.6077374 -0.794041 -0.01241856 0.7062059 -0.7079004 -0.01225942 0.706205 -0.7079013 -0.0122596 0.7925796 -0.6096525 -0.01189064 0.7925745 -0.6096593 -0.01189249 0.8653642 -0.5010157 -0.01132005 0.8653636 -0.5010167 -0.01132005 0.9233875 -0.3837242 -0.01055347 0.923388 -0.3837231 -0.01055341 0.9655689 -0.2599704 -0.009607017 0.9655672 -0.2599764 -0.009607911 0.9912578 -0.1316661 -0.008495807 0.9912583 -0.1316619 -0.008495092 -0.001252591 -0.9999483 -0.01010179 -0.1317591 -0.9912403 -0.009070515 -0.1317596 -0.9912403 -0.009070634 -0.2600085 -0.9655742 -0.007884204 -0.2600085 -0.9655743 -0.007883965 -0.3838348 -0.9233785 -0.006562352 -0.3838241 -0.9233829 -0.006559908 -0.5010412 -0.8654083 -0.005126655 -0.5010583 -0.8653983 -0.005131661 -0.6097571 -0.7925803 -0.003609538 -0.6097561 -0.792581 -0.003609538 -0.7079629 -0.7062467 -0.002026677 -0.7079577 -0.706252 -0.00202459 -0.7941168 -0.607765 -4.06001e-4 -0.794122 -0.6077582 -4.07788e-4 -0.8666209 -0.4989659 0.00121653 -0.8666157 -0.498975 0.001219451 -0.9243441 -0.3815494 0.00282371 -0.9243463 -0.3815442 0.002822577 -0.966208 -0.2577266 0.004377067 -0.9662075 -0.2577283 0.004377782 -0.9915807 -0.1293582 0.005858838 -0.9915811 -0.1293551 0.005858063 -0.9999731 0.001188278 0.007239043 -0.9999731 0.00118786 0.007239043 0.06420236 -0.9978812 -0.01055073 0.3202697 -0.9472519 -0.01188963 0.320242 -0.9472612 -0.01189237 0.5544753 -0.8321076 -0.01242089 0.5544953 -0.8320942 -0.01241838 0.7509796 -0.6602147 -0.01210093 0.7509695 -0.6602261 -0.01210302 0.8963167 -0.4432794 -0.01095986 0.8963181 -0.4432764 -0.01095998 0.9805259 -0.1961802 -0.009070098 0.9805264 -0.196178 -0.009069919 0.06414407 -0.9978849 -0.01055651 -0.1963114 -0.9805049 -0.008498311 -0.1963114 -0.9805048 -0.00849837 -0.4434569 -0.8962767 -0.005860328 -0.4434066 -0.8963015 -0.005855321 -0.6601591 -0.7511205 -0.002821385 -0.660176 -0.7511056 -0.002823412 -0.8321702 -0.5545204 4.07484e-4 -0.8321802 -0.5545053 4.05993e-4 -0.9473009 -0.3203248 0.003606438 -0.9473013 -0.3203238 0.003606438 -0.9979135 -0.06423085 0.00656259 -0.9979139 -0.06422424 0.006562411 -0.06417292 0.997883 0.01055371 -0.3202211 0.9472683 0.01189231 -0.3201922 0.947278 0.01188933 -0.5545505 0.8320575 0.01241856 -0.5545667 0.8320466 0.01242089 -0.7509647 0.6602315 0.01210308 -0.7509528 0.660245 0.01210105 -0.896255 0.4434037 0.0109595 -0.8962616 0.4433904 0.01096069 -0.9805272 0.1961742 0.009070038 -0.9805265 0.196178 0.009069681 -0.06417256 0.997883 0.01055359 0.1963699 0.9804931 0.008494853 0.196371 0.980493 0.008494794 0.4433436 0.8963326 0.005858659 0.4433473 0.8963308 0.005858898 0.6602512 0.7510396 0.00282216 0.6602522 0.7510387 0.002822041 0.8321121 0.5546073 -4.06111e-4 0.8321095 0.5546113 -4.05944e-4 0.9473416 0.3202044 -0.003608763 0.9473413 0.3202055 -0.003609001 0.9979143 0.06421768 -0.006562769 0.9979138 0.06422609 -0.00656259 0.06417286 -0.9978831 -0.01055359 0.3202207 -0.9472684 -0.01189237 0.3201925 -0.9472779 -0.01189512 0.5545506 -0.8320574 -0.01242357 0.5545891 -0.8320317 -0.01241844 0.7509791 -0.660215 -0.01210099 0.7509682 -0.6602275 -0.01210325 0.8963044 -0.443304 -0.01096022 0.8963102 -0.4432923 -0.01095867 0.9804984 -0.1963182 -0.009070694 0.9804965 -0.1963273 -0.00907135 0.0641629 -0.9978836 -0.01055467 -0.1963113 -0.9805049 -0.008492052 -0.1963692 -0.9804933 -0.008497714 -0.4434323 -0.8962888 -0.005860567 -0.4433703 -0.8963195 -0.00585401 -0.6602503 -0.7510405 -0.002813637 -0.6603102 -0.7509878 -0.002821147 -0.8321013 -0.5546236 4.0586e-4 -0.8321108 -0.5546094 4.04211e-4 -0.9473487 -0.3201837 0.003608047 -0.947345 -0.3201944 0.003609061 -0.997914 -0.06422412 0.006562769 -0.9979142 -0.06421959 0.00656259 -0.06411457 0.9978868 0.01055127 -0.3203145 0.9472367 0.01189512 -0.320294 0.9472436 0.01189261 -0.5544946 0.8320947 0.01242101 -0.5544944 0.8320948 0.01242083 -0.750965 0.6602311 0.01210302 -0.7509684 0.6602274 0.01210319 -0.8963113 0.4432902 0.01096004 -0.89631 0.4432924 0.01096004 -0.9805278 0.196171 0.009070038 -0.9805278 0.1961714 0.009069859 -0.06413376 0.9978855 0.01055335 0.1962834 0.9805105 0.008495569 0.1962832 0.9805105 0.008495628 0.443433 0.8962885 0.005857825 0.4434328 0.8962885 0.005857884 0.6601863 0.7510966 0.002823233 0.6601737 0.7511077 0.002825736 0.832175 0.554513 -4.05788e-4 0.832176 0.5545116 -4.05671e-4 0.9472956 0.3203408 -0.00360614 0.9472988 0.320331 -0.003606319 0.9979141 0.06422299 -0.00656259 0.9979142 0.06422024 -0.006562769 0.9979142 0.06422024 -0.006562888 0.9473413 0.3202055 -0.003609955 0.9473387 0.3202134 -0.003608763 0.8321105 0.5546098 -4.06201e-4 0.8321112 0.5546087 -4.05894e-4 0.6603456 0.7509566 0.002820551 0.6603601 0.7509439 0.002818167 0.4433694 0.89632 0.005855381 0.44337 0.8963196 0.005856096 0.1962831 0.9805105 0.008492588 0.1962549 0.9805162 0.008496224 0.9979141 0.06422221 -0.006562769 0.9805287 -0.1961667 -0.009069919 0.9805271 -0.1961749 -0.009070694 0.8962991 -0.4433147 -0.01096165 0.8963055 -0.443302 -0.01096004 0.7509806 -0.6602134 -0.01210314 0.7510062 -0.6601844 -0.01209908 0.5544938 -0.8320953 -0.01241588 0.5544536 -0.832122 -0.01242107 0.3203156 -0.9472363 -0.01189273 0.3202887 -0.9472454 -0.01189553 0.06416356 -0.9978836 -0.01055639 0.06416255 -0.9978836 -0.01055669 -0.9979141 -0.06422305 0.006562709 -0.947297 -0.3203366 0.003607392 -0.9472967 -0.3203372 0.003607213 -0.8321739 -0.5545147 4.07637e-4 -0.8321747 -0.5545136 4.07334e-4 -0.6601899 -0.7510935 -0.002823352 -0.66019 -0.7510934 -0.002823233 -0.4434321 -0.8962888 -0.005857646 -0.443431 -0.8962894 -0.005858063 -0.1962836 -0.9805104 -0.00849539 -0.1963123 -0.9805046 -0.008498609 -0.9979141 -0.06422066 0.00656259 -0.9804968 0.1963254 0.009071946 -0.9805271 0.1961737 0.009086728 -0.896305 0.4433024 0.01097595 -0.8962424 0.4434294 0.0109623 -0.7509927 0.6601995 0.01210492 -0.7509673 0.6602286 0.01210105 -0.5545684 0.8320454 0.0124188 -0.5545685 0.8320455 0.01241844 -0.3201931 0.9472777 0.01188963 -0.3202186 0.9472692 0.01189213 -0.06414419 0.9978849 0.0105533 -0.06414455 0.9978849 0.01055318 -0.9979143 -0.06422024 0.00656259 -0.9473444 -0.320196 0.003608107 -0.9473422 -0.3202028 0.003609001 -0.8321105 -0.55461 4.05852e-4 -0.8321114 -0.5546085 4.05809e-4 -0.6602966 -0.7509996 -0.002821028 -0.6602969 -0.7509995 -0.002821564 -0.443329 -0.8963398 -0.005859017 -0.4433534 -0.8963279 -0.00586152 -0.1963423 -0.9804987 -0.008498013 -0.1963402 -0.9804991 -0.008497893 -0.9979139 -0.06422424 0.006563127 -0.9805259 0.1961801 0.009068787 -0.9805299 0.1961607 0.009070575 -0.8963162 0.4432801 0.01096147 -0.8963052 0.4433023 0.01095879 -0.7509717 0.6602236 0.01210117 -0.7509959 0.660196 0.01210486 -0.5545259 0.8320737 0.01242375 -0.5545269 0.8320732 0.01242333 -0.3203206 0.9472345 0.01189565 -0.3202942 0.9472435 0.01189255 -0.06413215 0.9978857 0.01055335 -0.06413257 0.9978856 0.01055353 0.9979139 0.06422448 -0.006562769 0.9472966 0.3203375 -0.003607213 0.9472967 0.3203374 -0.003607034 0.8321036 0.5546202 -4.05685e-4 0.8321849 0.5544981 -4.2324e-4 0.6602511 0.7510397 0.002808749 0.6601392 0.7511381 0.002826631 0.4434319 0.896289 0.005860447 0.4434554 0.8962773 0.005857527 0.1963106 0.980505 0.008495271 0.1963098 0.9805051 0.008495211 0.997914 0.06422221 -0.006562888 0.9805295 -0.1961627 -0.009069263 0.9804979 -0.1963197 -0.009087502 0.8962418 -0.4434301 -0.01097577 0.8963108 -0.4432911 -0.01095861 0.7509926 -0.6601998 -0.01210153 0.750981 -0.6602129 -0.01210308 0.5545066 -0.8320868 -0.01242089 0.5545266 -0.8320734 -0.0124185 0.3202996 -0.9472417 -0.01188957 0.3202713 -0.9472512 -0.01189291 0.06414264 -0.9978849 -0.0105533 0.0641154 -0.9978867 -0.01055622 -0.02307075 -0.9996845 -0.009941399 0.06414461 -0.9978849 -0.01055324 0.06415289 -0.9978843 -0.01055115 0.1508827 -0.9884896 -0.01108276 0.1508747 -0.9884908 -0.01108515 0.2364791 -0.9715682 -0.01153224 0.2364701 -0.9715703 -0.01153635 0.3202348 -0.9472635 -0.01189595 0.3202502 -0.9472584 -0.01188969 0.4015951 -0.9157366 -0.01215904 0.4015867 -0.9157403 -0.01216143 0.4798719 -0.8772518 -0.01233816 0.4798725 -0.8772515 -0.01233851 0.5545274 -0.8320729 -0.01242095 0.5545068 -0.8320864 -0.01243084 0.6249325 -0.7805801 -0.01241952 0.6249641 -0.780555 -0.01240426 0.6905813 -0.7231503 -0.01229852 0.6905753 -0.723156 -0.01230299 0.751019 -0.6601697 -0.01210308 0.7510192 -0.6601694 -0.01210284 0.8056703 -0.5922466 -0.01181101 0.8056717 -0.5922446 -0.01181101 0.8542408 -0.5197518 -0.01142913 0.8542408 -0.5197519 -0.01142907 0.8963075 -0.4432979 -0.01096016 0.8963065 -0.4432998 -0.01096141 0.9315207 -0.3635395 -0.01040917 0.9315213 -0.3635381 -0.01040816 0.9596719 -0.2809522 -0.009776532 0.9596713 -0.2809543 -0.009777486 0.9805196 -0.1962119 -0.009070992 0.9805198 -0.1962111 -0.009070336 0.9938946 -0.1100212 -0.008295536 0.9938945 -0.1100232 -0.008295536 -0.02306151 -0.9996847 -0.009937584 -0.1100996 -0.9938776 -0.009248852 -0.1101043 -0.9938771 -0.009250521 -0.196289 -0.9805094 -0.008491873 -0.196304 -0.9805064 -0.008498728 -0.2810409 -0.9596651 -0.00767529 -0.2810259 -0.9596695 -0.00766915 -0.3635711 -0.9315417 -0.006788969 -0.3635844 -0.9315366 -0.006793618 -0.4434151 -0.8962974 -0.005860447 -0.4434083 -0.8963007 -0.005858182 -0.519829 -0.8542565 -0.004880726 -0.5198293 -0.8542563 -0.004880785 -0.5923002 -0.8057081 -0.003866314 -0.5923 -0.8057083 -0.003866016 -0.6602586 -0.751033 -0.002822101 -0.6602579 -0.7510336 -0.00282222 -0.7232169 -0.6906187 -0.001756191 -0.723216 -0.6906197 -0.00175637 -0.7806457 -0.6249734 -6.7755e-4 -0.7806449 -0.6249745 -6.77554e-4 -0.8321329 -0.5545762 4.06278e-4 -0.8321276 -0.5545842 4.09668e-4 -0.8773008 -0.4799389 0.001490533 -0.8772998 -0.4799407 0.001490771 -0.9157938 -0.4016405 0.002560079 -0.9157992 -0.4016282 0.002556443 -0.9473041 -0.3203153 0.003606498 -0.9473044 -0.3203147 0.003607571 -0.9716157 -0.2365197 0.004630565 -0.9716157 -0.2365196 0.004630506 -0.988523 -0.150967 0.005617797 -0.988523 -0.1509664 0.005617856 -0.9979159 -0.06419289 0.006563067 -0.9979161 -0.06419223 0.006562888 -0.9997081 0.02298116 0.007457554 -0.9997081 0.02298164 0.007457375 0.02306264 0.9996846 0.0099442 -0.06415909 0.9978839 0.01055669 -0.06416207 0.9978837 0.01055705 -0.1508895 0.9884885 0.01109039 -0.1508579 0.9884935 0.01107841 -0.2364774 0.9715687 0.01152586 -0.2364942 0.9715645 0.01153266 -0.3202356 0.9472633 0.01189196 -0.3202342 0.9472638 0.01189243 -0.4015943 0.915737 0.01216179 -0.4015963 0.9157362 0.01216155 -0.4798659 0.8772552 0.01233786 -0.4798716 0.8772521 0.01234138 -0.5545167 0.8320799 0.01242351 -0.554511 0.8320838 0.01242083 -0.6249383 0.7805756 0.01240909 -0.6249387 0.7805752 0.01240891 -0.6905965 0.7231357 0.01230305 -0.6905966 0.7231355 0.01230317 -0.7510157 0.6601735 0.01210314 -0.7510153 0.6601739 0.01210314 -0.8056746 0.5922408 0.01181101 -0.8056726 0.5922436 0.01181095 -0.8542411 0.5197514 0.01142907 -0.854239 0.519755 0.01142752 -0.8962911 0.4433309 0.01095902 -0.8962897 0.4433337 0.01095902 -0.9315357 0.3635011 0.01040667 -0.9315366 0.3634988 0.01040792 -0.9596713 0.2809546 0.009776592 -0.9596709 0.2809563 0.009776592 -0.9805111 0.1962546 0.009070754 -0.9805113 0.1962533 0.00907129 -0.9938996 0.1099764 0.008295416 -0.9938992 0.1099805 0.008294522 0.02307069 0.9996845 0.009940981 0.1101087 0.9938765 0.009253561 0.1101081 0.9938766 0.009253323 0.1963034 0.9805064 0.008495807 0.196311 0.9805049 0.008492052 0.2810264 0.9596694 0.007669746 0.2810203 0.9596711 0.007672309 0.3635772 0.9315394 0.006791293 0.3635837 0.9315369 0.006787955 0.443407 0.8963013 0.005854904 0.443402 0.8963038 0.005858182 0.519837 0.8542515 0.004880726 0.519835 0.8542528 0.004880785 0.5922999 0.8057084 0.003866314 0.5923002 0.8057081 0.003865897 0.6602588 0.751033 0.00282216 0.6602621 0.7510302 0.002819657 0.7232114 0.6906245 0.001753807 0.7232095 0.6906265 0.00175637 0.7806478 0.6249709 6.77549e-4 0.780649 0.6249694 6.77268e-4 0.832127 0.5545849 -4.06484e-4 0.832148 0.5545536 -4.20727e-4 0.8773025 0.4799355 -0.001502215 0.877286 0.4799659 -0.001488506 0.9157945 0.4016393 -0.002558767 0.9157935 0.4016414 -0.002557575 0.9473044 0.3203147 -0.00360763 0.947304 0.3203157 -0.003606617 0.9716159 0.2365193 -0.00462979 0.971616 0.2365185 -0.004630625 0.9885237 0.1509611 -0.005617856 0.9885231 0.1509661 -0.005617797 0.9979159 0.0641939 -0.006563007 0.9979159 0.06419312 -0.006563067 0.9997081 -0.0229817 -0.007457494 0.9997082 -0.02298122 -0.007457196 0.01464444 0.1016647 0.994711 0.02883559 0.3200003 0.9469786 0.02883499 0.3199705 0.9469886 0.04157823 0.5222217 0.8517956 0.04158037 0.5223127 0.8517397 0.05223578 0.6983429 0.7138547 0.05223435 0.6983056 0.7138915 0.06027895 0.8394623 0.5400645 0.06028026 0.8394361 0.5401049 0.06529569 0.9383739 0.339398 0.06529468 0.938409 0.3393012 0.06703722 0.9903326 0.1214388 0.06704032 0.9903192 0.1215467 0.01464521 0.1016708 0.9947103 -2.80472e-4 -0.121765 0.9925589 -2.80249e-4 -0.121761 0.9925595 -0.01519006 -0.3390693 0.9406388 -0.0151903 -0.3390777 0.9406357 -0.0293377 -0.5393748 0.8415547 -0.02933824 -0.5393834 0.8415491 -0.04201608 -0.7126542 0.7002562 -0.04201596 -0.7126551 0.7002552 -0.05258512 -0.8501706 0.5238748 -0.05258494 -0.8501635 0.5238864 -0.06052142 -0.9450962 0.3211393 -0.06052154 -0.9450839 0.3211756 -0.06541979 -0.9925866 0.1024312 -0.06541794 -0.9925901 0.1023989 -0.01464498 -0.1016719 -0.9947102 -0.02883493 -0.3199956 -0.9469801 -0.0288341 -0.3199859 -0.9469834 -0.04157716 -0.5222519 -0.8517773 -0.04157757 -0.522261 -0.8517715 -0.05223792 -0.6983612 -0.7138368 -0.05223947 -0.6983761 -0.7138221 -0.06027722 -0.839404 -0.5401552 -0.06027722 -0.8394041 -0.5401552 -0.0652967 -0.9384199 -0.3392707 -0.06529432 -0.9384022 -0.33932 -0.06703752 -0.9903276 -0.1214793 -0.06703603 -0.9903215 -0.1215298 -0.01464432 -0.1016643 -0.994711 2.79486e-4 0.1217536 -0.9925603 2.79437e-4 0.1217573 -0.9925599 0.01518929 0.3390631 -0.9406411 0.01519161 0.3390912 -0.9406309 0.02934032 0.5393948 -0.8415417 0.02933722 0.5393722 -0.8415563 0.04201543 0.7126492 -0.7002612 0.04201775 0.7126654 -0.7002447 0.05258888 0.8501982 -0.5238297 0.05258387 0.8501645 -0.5238849 0.06051725 0.945063 -0.3212376 0.06052011 0.9450835 -0.3211768 0.06541806 0.992583 -0.1024667 0.06542265 0.9925934 -0.1023639 -0.01464462 -0.1016635 -0.9947111 -0.02883654 -0.3200031 -0.9469776 -0.02883577 -0.3199928 -0.9469811 -0.04158157 -0.522291 -0.8517531 -0.0415765 -0.5222443 -0.8517818 -0.05223637 -0.6983361 -0.7138614 -0.05223906 -0.6983659 -0.713832 -0.06027877 -0.8394311 -0.540113 -0.06027793 -0.8394197 -0.5401307 -0.06529569 -0.9384003 -0.339325 -0.06529396 -0.9383859 -0.3393651 -0.06703782 -0.9903236 -0.1215118 -0.06704044 -0.9903317 -0.1214447 -0.01464533 -0.101664 -0.9947111 2.80317e-4 0.1217585 -0.9925598 2.80379e-4 0.121763 -0.9925591 0.01519131 0.3390866 -0.9406326 0.01519113 0.3390797 -0.940635 0.02933883 0.5393809 -0.8415507 0.02933609 0.5393535 -0.8415684 0.04201608 0.7126606 -0.7002496 0.0420165 0.7126638 -0.7002465 0.0525847 0.8501647 -0.5238846 0.05258518 0.850167 -0.5238806 0.06051957 0.9450756 -0.3212003 0.06052267 0.9450939 -0.3211457 0.0654211 0.9925937 -0.102362 0.06541669 0.9925866 -0.1024327 0.01464444 0.1016689 0.9947106 0.0288344 0.3199971 0.9469797 0.02883392 0.3199799 0.9469856 0.04157847 0.5222625 0.8517706 0.04157751 0.5222514 0.8517775 0.05223864 0.6983737 0.7138245 0.05223935 0.6983646 0.7138333 0.06027674 0.839395 0.5401694 0.06027752 0.8394128 0.5401414 0.06529533 0.9384049 0.3393123 0.0652948 0.9384145 0.339286 0.0670374 0.9903244 0.1215055 0.06703561 0.9903258 0.1214949 0.01464462 0.1016627 0.9947112 -2.79828e-4 -0.1217588 0.9925597 -2.79688e-4 -0.121752 0.9925606 -0.01519125 -0.3390871 0.9406324 -0.01519095 -0.3390804 0.9406349 -0.02933692 -0.5393485 0.8415716 -0.02933871 -0.5393904 0.8415446 -0.04201757 -0.7126694 0.7002406 -0.04201686 -0.7126379 0.7002728 -0.05258738 -0.8501654 0.5238829 -0.0525875 -0.8501789 0.5238611 -0.06052148 -0.9450819 0.3211814 -0.06052118 -0.9450842 0.3211744 -0.0654205 -0.9925935 0.1023638 -0.06542193 -0.9925898 0.1023989 -0.014642 -0.101628 -0.9947147 -0.02883672 -0.3200086 -0.9469758 -0.02883809 -0.3200101 -0.9469752 -0.04157781 -0.5222535 -0.8517762 -0.04157876 -0.5222426 -0.8517828 -0.05223727 -0.6983388 -0.7138587 -0.05224132 -0.6983866 -0.7138116 -0.06028109 -0.8394289 -0.540116 -0.06027591 -0.8394028 -0.5401572 -0.06529635 -0.9384059 -0.3393094 -0.06529754 -0.9384152 -0.3392832 -0.06703877 -0.990326 -0.1214924 -0.06703662 -0.9903175 -0.1215619 -0.01464313 -0.1016427 -0.9947133 2.79417e-4 0.1217356 -0.9925625 2.77262e-4 0.1217405 -0.992562 0.0151897 0.3390765 -0.9406362 0.01518863 0.3390712 -0.9406381 0.02933979 0.5394032 -0.8415365 0.02933943 0.539401 -0.8415378 0.04201275 0.7126384 -0.7002725 0.04201644 0.71266 -0.7002503 0.05258703 0.8501682 -0.5238786 0.05258524 0.8501797 -0.52386 0.0605219 0.9450965 -0.3211382 0.06051945 0.9450778 -0.3211938 0.06541562 0.9925847 -0.1024524 0.06541854 0.9925867 -0.1024308 0.01464551 0.1016897 0.9947084 0.02883422 0.3199499 0.9469957 0.02883297 0.3199799 0.9469856 0.04157841 0.5222821 0.8517587 0.04157727 0.5222479 0.8517796 0.05223864 0.6983474 0.7138502 0.0522387 0.6983707 0.7138273 0.0602765 0.8393988 0.5401635 0.06027686 0.8394421 0.5400962 0.06529366 0.938425 0.339257 0.06529343 0.938386 0.3393649 0.0670402 0.9903219 0.1215248 0.06703674 0.9903239 0.12151 0.01464766 0.101709 0.9947064 -2.83778e-4 -0.1217917 0.9925556 -2.81607e-4 -0.1217893 0.9925559 -0.01518756 -0.3390275 0.9406539 -0.0151906 -0.3390483 0.9406464 -0.02934026 -0.5394138 0.8415296 -0.02933901 -0.5393908 0.8415443 -0.04201591 -0.712664 0.7002462 -0.04201745 -0.7126446 0.7002658 -0.05258673 -0.8501724 0.5238718 -0.05258786 -0.8501954 0.5238342 -0.0605207 -0.9450822 0.3211805 -0.06052255 -0.9450622 0.3212391 -0.0654208 -0.9925825 0.1024704 -0.06541937 -0.9925955 0.1023455 0.01464575 0.1016696 0.9947105 0.02883422 0.3199962 0.94698 0.0288316 0.319962 0.9469917 0.04157751 0.5222401 0.8517845 0.0415796 0.5222725 0.8517644 0.0522378 0.6983571 0.7138408 0.05223959 0.6983408 0.7138566 0.06027811 0.8394254 0.5401219 0.06027787 0.8394263 0.5401206 0.06529688 0.9384018 0.3393205 0.0652948 0.9383915 0.3393495 0.06704002 0.9903203 0.1215379 0.06704026 0.9903314 0.1214471 0.01464235 0.1016595 0.9947116 -2.78356e-4 -0.1217452 0.9925614 -2.81617e-4 -0.1217727 0.9925581 -0.01518994 -0.339101 0.9406273 -0.01518762 -0.3390511 0.9406453 -0.02933853 -0.5393661 0.8415602 -0.0293377 -0.5393815 0.8415504 -0.04201579 -0.7126599 0.7002503 -0.04201632 -0.712662 0.7002482 -0.05258649 -0.8501898 0.5238435 -0.05258613 -0.8501636 0.5238862 -0.06051999 -0.9450626 0.3212382 -0.06052029 -0.9450941 0.321146 -0.06541752 -0.9925951 0.1023507 -0.06542026 -0.9925828 0.1024681 -0.01464557 -0.1016451 -0.994713 -0.0288403 -0.3200326 -0.9469676 -0.0288335 -0.3199842 -0.9469841 -0.04157805 -0.5222624 -0.8517707 -0.04157948 -0.5222756 -0.8517625 -0.05223613 -0.6983334 -0.7138641 -0.05223459 -0.6983324 -0.7138652 -0.06027728 -0.8394211 -0.5401286 -0.06027662 -0.8394321 -0.5401115 -0.06529682 -0.9384111 -0.3392951 -0.0652939 -0.9384017 -0.3393213 -0.06703972 -0.9903202 -0.1215391 -0.06703746 -0.9903259 -0.121494 -0.01464128 -0.1016227 -0.9947153 2.80534e-4 0.1217507 -0.9925607 2.77257e-4 0.1217383 -0.9925622 0.01519203 0.339078 -0.9406356 0.01518756 0.3390737 -0.9406372 0.02933627 0.5393471 -0.8415724 0.02933996 0.5393931 -0.8415429 0.04202133 0.7126809 -0.7002287 0.04201477 0.7126361 -0.7002746 0.05258476 0.8501827 -0.5238552 0.05259084 0.8502117 -0.5238075 0.06051975 0.9450669 -0.321226 0.06052315 0.9450749 -0.3212016 0.06542211 0.9925935 -0.1023638 0.06541758 0.9925837 -0.1024606 -0.9977498 0.06653219 0.008309423 -0.9977514 0.06653404 0.00809282 -0.9977514 0.06656652 0.007805645 -0.9977505 0.06656527 0.007937192 -0.9977505 0.06659102 0.007728278 -0.99775 0.06659084 0.007797658 -0.9977501 0.06657594 0.00791347 -0.9977498 0.06657558 0.007950127 -0.9977498 0.06656777 0.008016228 -0.9977505 0.06656885 0.007907867 -0.9977505 0.066576 0.007845878 -0.9977505 0.06657564 0.007849931 -0.9977505 0.06656748 0.007922172 -0.9977514 0.0665692 0.007795691 -0.9977514 0.06656157 0.007852971 -0.9977505 0.06656104 0.007970929 -0.9977506 0.06656789 0.007914543 -0.9977508 0.06656831 0.007867872 -0.9977509 0.06657713 0.007796883 -0.9977499 0.06657606 0.007927596 -0.99775 0.06656652 0.007996022 -0.9977506 0.06656765 0.007910072 -0.9977504 0.06660062 0.007645428 -0.9977486 0.06659656 0.007916569 -0.9977486 0.06659787 0.00791347 -0.9977493 0.0665993 0.007797658 -0.9977496 0.06652992 0.008341133 -0.9977517 0.06653016 0.00809884 -0.9977512 0.06660318 0.007527172 -0.9977505 0.06660079 0.007651925 -0.9977505 0.06656682 0.007927954 -0.9977501 0.06656628 0.007996201 -0.99775 0.06657636 0.007917404 -0.9977508 0.06657773 0.007797539 -0.9977509 0.06655204 0.008001685 -0.9977506 0.06655132 0.008046865 -0.9977505 0.06657636 0.00784862 -0.9977513 0.06657731 0.00773251 -0.9977514 0.06655466 0.007913529 -0.9977514 0.06655502 0.007918417 -0.9977514 0.06657707 0.00773102 -0.9977505 0.06657671 0.007842421 -0.9977505 0.06655144 0.008047699 -0.9977509 0.06655204 0.008006334 -0.9977508 0.06657749 0.007797002 -0.9977499 0.06657624 0.007917821 -0.9977501 0.06656587 0.008000195 -0.9977505 0.06656748 0.007926166 -0.9977504 0.06660103 0.007644116 -0.9977511 0.0666024 0.007535755 -0.9977514 0.06653428 0.008089959 -0.9977496 0.06653189 0.008323252 -0.9977499 0.06659424 0.007772266 -0.9977481 0.06660139 0.007940709 -0.9977486 0.06659835 0.0079059 -0.9977505 0.06659942 0.007647335 -0.9977503 0.0665701 0.007929921 -0.9977501 0.06656593 0.007998585 -0.9977499 0.06657832 0.007908582 -0.9977509 0.06657576 0.007795929 -0.9977508 0.06657004 0.007873058 -0.9977505 0.06656795 0.007915079 -0.9977504 0.06656259 0.007971942 -0.9977514 0.06656247 0.007851719 -0.9977514 0.06656903 0.007796466 -0.9977505 0.06656825 0.007920026 -0.9977506 0.06657528 0.007850706 -0.9977506 0.06657499 0.00784862 -0.9977505 0.06656885 0.007910013 -0.9977496 0.06656897 0.008014678 -0.9977499 0.06657445 0.007943749 -0.9977499 0.0665782 0.007914483 -0.99775 0.06659013 0.007802784 -0.9977505 0.06659138 0.007733345 -0.9977504 0.06656748 0.007934808 -0.9977515 0.0665667 0.007806718 -0.9977514 0.06653362 0.008088886 -0.9977497 0.06652897 0.008339285 -0.9977492 0.06653302 0.008356511 -0.9977509 0.0665397 0.008099615 -0.9977514 0.06659936 0.007536709 -0.9977505 0.06660068 0.00763607 -0.9977505 0.0665667 0.007923126 -0.9977499 0.06656718 0.008000135 -0.9977501 0.06657546 0.007918536 -0.9977509 0.06657624 0.00780034 -0.9977507 0.06655448 0.008002877 -0.9977506 0.06654989 0.008043527 -0.9977505 0.06657642 0.007846057 -0.9977513 0.06657725 0.007732272 -0.9977515 0.06655418 0.007917344 -0.9977514 0.06655538 0.007913231 -0.9977514 0.06657648 0.007732987 -0.9977505 0.06657588 0.007850289 -0.9977506 0.06655085 0.008043706 -0.997751 0.06655091 0.008002519 -0.9977508 0.06657755 0.007800161 -0.9977499 0.0665763 0.007919609 -0.99775 0.06656605 0.007996261 -0.9977507 0.06656533 0.007923483 -0.9977501 0.06660461 0.007649302 -0.9977512 0.06660109 0.007532358 -0.9977515 0.06652975 0.008113384 -0.9977497 0.06653022 0.008332669 -0.02058058 0.9997357 0.01025718 -0.1938585 0.9809642 0.01131987 -0.1938422 0.9809675 0.01131826 -0.3612563 0.9323889 0.01203709 -0.3612704 0.9323835 0.01203846 -0.5176519 0.8555017 0.01239132 -0.5176777 0.855486 0.01239395 -0.6584303 0.7525401 0.01237004 -0.6584013 0.7525655 0.01236665 -0.7790707 0.6268219 0.01196748 -0.7790781 0.6268126 0.01196843 -0.8760921 0.4820135 0.01120549 -0.8760914 0.482015 0.01120537 -0.946523 0.3224784 0.01010137 -0.9465216 0.3224825 0.01010137 -0.9881309 0.1533678 0.008692145 -0.9881443 0.1532815 0.008699476 -0.02058053 0.9997357 0.0102573 0.1533532 0.9881316 0.008882761 0.1533508 0.9881319 0.008883178 0.322652 0.9464901 0.007237076 0.3226242 0.9464995 0.007239997 0.4820758 0.8761132 0.005375862 0.4820761 0.8761129 0.005375742 0.6268721 0.779115 0.00334841 0.6268818 0.7791072 0.003347098 0.7526482 0.6584218 0.001217901 0.7526411 0.65843 0.001219034 0.8555014 0.5177999 -9.46461e-4 0.8555412 0.517734 -9.54491e-4 0.9324436 0.3613021 -0.003092825 0.9324166 0.3613721 -0.003085374 0.9810036 0.1939219 -0.005129396 0.9810028 0.1939262 -0.005129039 0.9997624 0.02063995 -0.007016718 0.9997624 0.02064239 -0.007016718 0.02060127 -0.9997352 -0.01025587 0.1938571 -0.9809646 -0.01131832 0.1938571 -0.9809646 -0.01131832 0.3612708 -0.9323832 -0.01203703 0.3612416 -0.9323945 -0.01203995 0.5177171 -0.8554623 -0.01239264 0.5177175 -0.8554618 -0.01239275 0.6583566 -0.7526047 -0.01236903 0.6583757 -0.7525879 -0.01236665 0.7790715 -0.626821 -0.01196748 0.7790636 -0.6268308 -0.01196849 0.8761347 -0.4819362 -0.01120501 0.8761341 -0.4819373 -0.01120495 0.9464944 -0.3225622 -0.01010197 0.9464926 -0.3225675 -0.01010251 0.9881446 -0.1532799 -0.008691608 0.9881448 -0.153279 -0.00869131 0.02055084 -0.9997362 -0.01026022 -0.1533725 -0.9881285 -0.008885622 -0.1533232 -0.9881362 -0.008881688 -0.3226241 -0.9464995 -0.007237195 -0.322609 -0.9465048 -0.007235765 -0.4820626 -0.8761203 -0.005371987 -0.4820755 -0.8761132 -0.00537312 -0.6268819 -0.7791072 -0.003345847 -0.6268828 -0.7791065 -0.003345966 -0.7526484 -0.6584215 -0.001216888 -0.752648 -0.658422 -0.001216888 -0.855542 -0.5177328 9.49014e-4 -0.8555364 -0.517742 9.49704e-4 -0.9324436 -0.3613026 0.003086805 -0.9324191 -0.3613656 0.00309199 -0.9810028 -0.1939257 0.005136847 -0.9810028 -0.1939255 0.005136847 -0.9997624 -0.02064102 0.007024943 -0.9997623 -0.02064156 0.007025003</float_array>
          <technique_common>
            <accessor source="#Leg_A_007-mesh-normals-array" count="2832" stride="3">
              <param name="X" type="float"/>
              <param name="Y" type="float"/>
              <param name="Z" type="float"/>
            </accessor>
          </technique_common>
        </source>
        <vertices id="Leg_A_007-mesh-vertices">
          <input semantic="POSITION" source="#Leg_A_007-mesh-positions"/>
        </vertices>
        <triangles count="2832">
          <input semantic="VERTEX" source="#Leg_A_007-mesh-vertices" offset="0"/>
          <input semantic="NORMAL" source="#Leg_A_007-mesh-normals" offset="1"/>
          <p>0 0 4 0 7 0 11 1 14 1 17 1 21 2 24 2 28 2 31 3 34 3 37 3 37 4 34 4 40 4 40 5 34 5 44 5 44 6 34 6 48 6 52 7 17 7 14 7 55 8 58 8 61 8 64 9 67 9 34 9 67 10 70 10 34 10 70 11 73 11 34 11 73 12 48 12 34 12 76 13 80 13 84 13 76 14 84 14 87 14 76 15 87 15 90 15 76 16 90 16 93 16 76 17 93 17 96 17 76 18 96 18 100 18 103 19 106 19 110 19 103 20 110 20 113 20 103 21 113 21 117 21 103 22 117 22 121 22 103 23 121 23 125 23 103 24 125 24 128 24 132 25 135 25 138 25 132 26 138 26 142 26 132 27 142 27 145 27 132 28 145 28 148 28 132 29 148 29 151 29 132 30 151 30 106 30 154 31 7 31 4 31 154 32 4 32 157 32 154 33 157 33 160 33 154 34 160 34 164 34 154 35 164 35 34 35 154 36 34 36 31 36 167 37 171 37 174 37 167 38 174 38 177 38 167 39 177 39 180 39 167 40 180 40 183 40 167 41 183 41 186 41 167 42 186 42 190 42 167 43 190 43 194 43 167 44 194 44 197 44 167 45 197 45 200 45 167 46 200 46 4 46 167 47 4 47 0 47 167 48 0 48 204 48 167 49 204 49 207 49 167 50 207 50 210 50 167 51 210 51 213 51 167 52 213 52 216 52 167 53 216 53 219 53 167 54 219 54 222 54 167 55 222 55 225 55 167 56 225 56 228 56 167 57 228 57 231 57 234 58 167 58 231 58 234 59 231 59 80 59 234 60 80 60 76 60 234 61 76 61 242 61 234 62 242 62 246 62 234 63 246 63 249 63 234 64 249 64 252 64 234 65 252 65 255 65 234 66 255 66 258 66 234 67 258 67 261 67 234 68 261 68 265 68 269 69 64 69 34 69 269 70 34 70 272 70 269 71 272 71 276 71 269 72 276 72 279 72 269 73 279 73 282 73 285 74 289 74 128 74 285 75 128 75 125 75 285 76 125 76 292 76 285 77 292 77 295 77 285 78 295 78 299 78 285 79 299 79 302 79 285 80 302 80 305 80 285 81 305 81 171 81 285 82 171 82 167 82 125 83 121 83 308 83 125 84 308 84 312 84 125 85 312 85 316 85 125 86 316 86 319 86 125 87 319 87 322 87 125 88 322 88 325 88 125 89 325 89 329 89 125 90 329 90 333 90 125 91 333 91 337 91 125 92 337 92 14 92 125 93 14 93 11 93 125 94 11 94 341 94 125 95 341 95 344 95 125 96 344 96 347 96 125 97 347 97 350 97 106 98 103 98 353 98 106 99 353 99 356 99 106 100 356 100 359 100 106 101 359 101 363 101 106 102 363 102 366 102 106 103 366 103 370 103 106 104 370 104 373 104 106 105 373 105 376 105 106 106 376 106 379 106 106 107 379 107 382 107 106 108 382 108 132 108 386 109 21 109 28 109 386 110 28 110 390 110 386 111 390 111 393 111 386 112 393 112 125 112 386 113 125 113 350 113 200 114 197 114 397 114 200 115 397 115 401 115 200 116 401 116 405 116 138 117 408 117 412 117 138 118 412 118 415 118 138 119 415 119 418 119 138 120 418 120 421 120 138 121 421 121 425 121 138 122 425 122 52 122 138 123 52 123 14 123 138 124 14 124 428 124 138 125 428 125 432 125 138 126 432 126 435 126 138 127 435 127 439 127 138 128 439 128 443 128 138 129 443 129 447 129 138 130 447 130 451 130 138 131 451 131 454 131 138 132 454 132 457 132 138 133 457 133 142 133 460 134 234 134 265 134 460 135 265 135 467 135 460 136 467 136 470 136 460 137 470 137 474 137 460 138 474 138 477 138 460 139 477 139 480 139 460 140 480 140 138 140 460 141 138 141 135 141 460 142 135 142 484 142 90 143 282 143 93 143 93 144 282 144 279 144 24 145 21 145 488 145 488 146 21 146 492 146 488 147 492 147 495 147 495 148 492 148 498 148 498 149 492 149 501 149 498 150 501 150 505 150 505 151 501 151 508 151 505 152 508 152 511 152 511 153 508 153 515 153 511 154 515 154 518 154 518 155 515 155 522 155 522 156 515 156 405 156 522 157 405 157 401 157 525 158 528 158 531 158 531 159 528 159 412 159 531 160 412 160 408 160 55 161 61 161 534 161 534 162 61 162 528 162 534 163 528 163 525 163 61 164 58 164 538 164 538 165 58 165 541 165 538 166 541 166 544 166 544 167 541 167 547 167 544 168 547 168 551 168 551 169 547 169 554 169 551 170 554 170 558 170 551 171 558 171 562 171 562 172 558 172 566 172 562 173 566 173 570 173 570 174 100 174 562 174 562 175 100 175 96 175 575 176 579 176 581 176 579 177 585 177 581 177 588 178 590 178 595 178 597 179 600 179 603 179 610 180 614 180 615 180 619 181 624 181 626 181 630 182 624 182 619 182 635 183 624 183 630 183 600 184 597 184 639 184 642 185 643 185 646 185 624 186 652 186 655 186 624 187 658 187 652 187 624 188 635 188 658 188 661 189 665 189 668 189 661 190 668 190 670 190 661 191 670 191 674 191 661 192 674 192 678 192 661 193 678 193 681 193 661 194 681 194 686 194 575 195 581 195 688 195 575 196 688 196 691 196 575 197 691 197 694 197 575 198 694 198 697 198 575 199 697 199 700 199 575 200 700 200 703 200 575 201 703 201 707 201 575 202 707 202 711 202 575 203 711 203 715 203 575 204 715 204 719 204 575 205 719 205 723 205 724 206 686 206 729 206 724 207 729 207 732 207 724 208 732 208 735 208 724 209 735 209 738 209 724 210 738 210 741 210 724 211 741 211 743 211 749 212 751 212 590 212 749 213 590 213 588 213 749 214 588 214 758 214 749 215 758 215 761 215 749 216 761 216 764 216 749 217 764 217 767 217 749 218 767 218 770 218 749 219 770 219 581 219 749 220 581 220 585 220 719 221 771 221 774 221 719 222 774 222 778 222 719 223 778 223 781 223 719 224 781 224 785 224 719 225 785 225 789 225 719 226 789 226 793 226 719 227 793 227 797 227 719 228 797 228 800 228 719 229 800 229 803 229 719 230 803 230 723 230 805 231 771 231 719 231 805 232 719 232 809 232 805 233 809 233 814 233 818 234 804 234 813 234 819 235 814 235 823 235 819 236 823 236 826 236 819 237 826 237 829 237 819 238 829 238 832 238 819 239 832 239 835 239 845 240 847 240 849 240 845 241 849 241 819 241 845 242 819 242 835 242 845 243 835 243 853 243 845 244 853 244 856 244 845 245 856 245 859 245 845 246 859 246 862 246 845 247 862 247 866 247 845 248 866 248 869 248 845 249 869 249 668 249 845 250 668 250 665 250 844 251 664 251 875 251 668 252 876 252 879 252 668 253 879 253 882 253 668 254 882 254 885 254 668 255 885 255 603 255 668 256 603 256 600 256 668 257 600 257 888 257 668 258 888 258 892 258 668 259 892 259 896 259 668 260 896 260 900 260 668 261 900 261 903 261 668 262 903 262 906 262 668 263 906 263 909 263 668 264 909 264 913 264 668 265 913 265 917 265 668 266 917 266 670 266 686 267 724 267 921 267 686 268 921 268 924 268 686 269 924 269 928 269 686 270 928 270 932 270 686 271 932 271 936 271 686 272 936 272 939 272 686 273 939 273 943 273 686 274 943 274 946 274 686 275 946 275 950 275 686 276 950 276 953 276 686 277 953 277 661 277 954 278 876 278 668 278 954 279 668 279 959 279 954 280 959 280 962 280 954 281 962 281 610 281 954 282 610 282 615 282 715 283 963 283 969 283 715 284 969 284 972 284 715 285 972 285 719 285 741 286 738 286 975 286 741 287 975 287 978 287 741 288 978 288 982 288 741 289 982 289 986 289 741 290 986 290 990 290 741 291 990 291 994 291 741 292 994 292 997 292 741 293 997 293 1001 293 741 294 1001 294 1004 294 741 295 1004 295 600 295 741 296 600 296 639 296 741 297 639 297 1008 297 741 298 1008 298 1011 298 741 299 1011 299 1014 299 741 300 1014 300 1017 300 741 301 1017 301 1020 301 741 302 1020 302 1021 302 751 303 1027 303 1030 303 751 304 1030 304 1033 304 751 305 1033 305 1036 305 751 306 1036 306 1039 306 751 307 1039 307 1043 307 751 308 1043 308 1047 308 751 309 1047 309 590 309 1048 310 1051 310 743 310 1048 311 743 311 741 311 1048 312 741 312 1056 312 1048 313 1056 313 1059 313 1048 314 1059 314 1063 314 1048 315 1063 315 1066 315 1048 316 1066 316 1070 316 1048 317 1070 317 1074 317 1048 318 1074 318 1027 318 1048 319 1027 319 751 319 1075 320 1079 320 1082 320 1082 321 1079 321 711 321 1082 322 711 322 707 322 1089 323 1092 323 1095 323 1095 324 1092 324 595 324 1095 325 595 325 1098 325 1098 326 595 326 590 326 1098 327 590 327 1101 327 1105 328 1106 328 1111 328 1111 329 1106 329 615 329 1111 330 615 330 614 330 1114 331 1115 331 1121 331 1121 332 1115 332 1122 332 1121 333 1122 333 1129 333 1129 334 1122 334 1130 334 1129 335 1130 335 1135 335 1135 336 1130 336 1106 336 1135 337 1106 337 1105 337 969 338 963 338 1139 338 1139 339 963 339 1115 339 1139 340 1115 340 1114 340 626 341 624 341 1140 341 1140 342 624 342 1143 342 1140 343 1143 343 1147 343 1147 344 1143 344 1075 344 1148 345 1076 345 1083 345 1021 346 1020 346 1151 346 1151 347 1020 347 1157 347 1151 348 1157 348 1158 348 1158 349 1157 349 1161 349 1161 350 1157 350 642 350 1161 351 642 351 646 351 1164 352 1168 352 1175 352 1175 353 1168 353 1176 353 1175 354 1176 354 1181 354 1181 355 1176 355 1182 355 1181 356 1182 356 1187 356 1187 357 1182 357 643 357 1187 358 643 358 642 358 1188 359 1192 359 1199 359 1199 360 1192 360 1164 360 1199 361 1164 361 1175 361 591 362 1201 362 1102 362 1101 363 1200 363 1188 363 1101 364 1188 364 1199 364 655 365 1206 365 624 365 624 366 1206 366 1209 366 624 367 1209 367 1212 367 1212 368 1209 368 1092 368 1212 369 1092 369 1089 369 175 370 834 370 179 370 178 371 833 371 831 371 178 372 831 372 182 372 181 373 830 373 828 373 181 374 828 374 185 374 184 375 827 375 825 375 184 376 825 376 189 376 188 377 824 377 817 377 187 378 816 378 193 378 192 379 815 379 812 379 191 380 811 380 196 380 195 381 810 381 720 381 195 382 720 382 199 382 834 383 175 383 836 383 837 384 176 384 173 384 837 385 173 385 855 385 854 386 172 386 307 386 854 387 307 387 858 387 857 388 306 388 304 388 857 389 304 389 861 389 860 390 303 390 301 390 860 391 301 391 865 391 864 392 300 392 298 392 863 393 297 393 868 393 867 394 296 394 294 394 867 395 294 395 871 395 870 396 293 396 127 396 870 397 127 397 669 397 499 398 1104 398 497 398 496 399 1103 399 1110 399 496 400 1110 400 491 400 490 401 1109 401 613 401 489 402 612 402 27 402 25 403 611 403 608 403 26 404 609 404 30 404 29 405 607 405 961 405 29 406 961 406 392 406 391 407 960 407 958 407 391 408 958 408 396 408 395 409 957 409 667 409 394 410 666 410 126 410 1104 411 499 411 1133 411 1134 412 500 412 507 412 1134 413 507 413 1128 413 1126 414 506 414 513 414 1127 415 514 415 1120 415 1119 416 512 416 521 416 1118 417 520 417 1113 417 1112 418 519 418 524 418 1112 419 524 419 1138 419 1136 420 523 420 403 420 1137 421 404 421 968 421 967 422 402 422 400 422 966 423 399 423 971 423 970 424 398 424 198 424 970 425 198 425 718 425 51 426 632 426 45 426 47 427 633 427 621 427 46 428 620 428 41 428 43 429 622 429 628 429 42 430 627 430 38 430 39 431 629 431 1141 431 39 432 1141 432 32 432 33 433 1142 433 1149 433 33 434 1149 434 155 434 156 435 1150 435 1084 435 156 436 1084 436 8 436 10 437 1085 437 710 437 9 438 709 438 3 438 631 439 50 439 636 439 634 440 49 440 74 440 634 441 74 441 656 441 657 442 75 442 71 442 657 443 71 443 650 443 651 444 72 444 68 444 651 445 68 445 653 445 654 446 69 446 65 446 654 447 65 447 1204 447 1205 448 66 448 270 448 1205 449 270 449 1207 449 1208 450 271 450 283 450 1208 451 283 451 1090 451 1091 452 284 452 91 452 1091 453 91 453 593 453 223 454 768 454 226 454 227 455 769 455 765 455 227 456 765 456 229 456 230 457 766 457 762 457 230 458 762 458 232 458 233 459 763 459 759 459 233 460 759 460 81 460 82 461 760 461 755 461 83 462 756 462 85 462 86 463 757 463 586 463 86 464 586 464 88 464 89 465 587 465 594 465 89 466 594 466 92 466 768 467 223 467 580 467 582 468 224 468 220 468 582 469 220 469 689 469 690 470 221 470 217 470 690 471 217 471 692 471 693 472 218 472 214 472 693 473 214 473 695 473 696 474 215 474 211 474 696 475 211 475 698 475 699 476 212 476 208 476 699 477 208 477 701 477 702 478 209 478 205 478 702 479 205 479 704 479 705 480 206 480 1 480 706 481 2 481 708 481 542 482 1178 482 550 482 548 483 1177 483 1170 483 549 484 1171 484 557 484 556 485 1169 485 1167 485 555 486 1166 486 561 486 559 487 1165 487 1194 487 560 488 1195 488 569 488 568 489 1193 489 1191 489 567 490 1190 490 572 490 571 491 1189 491 1203 491 571 492 1203 492 102 492 101 493 1202 493 592 493 101 494 592 494 79 494 1178 495 542 495 1183 495 1184 496 543 496 60 496 1184 497 60 497 645 497 644 498 59 498 57 498 644 499 57 499 649 499 648 500 56 500 537 500 647 501 536 501 1163 501 1162 502 535 502 527 502 1162 503 527 503 1160 503 1159 504 526 504 533 504 1159 505 533 505 1154 505 1152 506 532 506 410 506 1153 507 411 507 1024 507 1023 508 409 508 141 508 1022 509 140 509 742 509 262 510 1072 510 268 510 266 511 1071 511 1068 511 267 512 1069 512 469 512 468 513 1067 513 1065 513 468 514 1065 514 473 514 471 515 1064 515 1061 515 472 516 1062 516 476 516 475 517 1060 517 1058 517 475 518 1058 518 479 518 478 519 1057 519 1055 519 478 520 1055 520 483 520 481 521 1054 521 739 521 482 522 740 522 139 522 1073 523 263 523 1025 523 1026 524 264 524 260 524 1026 525 260 525 1029 525 1028 526 259 526 257 526 1028 527 257 527 1032 527 1031 528 256 528 254 528 1031 529 254 529 1035 529 1034 530 253 530 251 530 1034 531 251 531 1038 531 1037 532 250 532 248 532 1037 533 248 533 1042 533 1041 534 247 534 245 534 1040 535 244 535 1046 535 1045 536 243 536 78 536 1044 537 77 537 589 537 109 538 683 538 111 538 112 539 684 539 679 539 112 540 679 540 114 540 115 541 680 541 675 541 116 542 676 542 118 542 120 543 677 543 672 543 119 544 671 544 122 544 123 545 673 545 918 545 124 546 919 546 309 546 311 547 920 547 915 547 310 548 914 548 313 548 314 549 916 549 911 549 315 550 912 550 318 550 682 551 108 551 687 551 685 552 107 552 152 552 685 553 152 553 727 553 728 554 153 554 149 554 728 555 149 555 730 555 731 556 150 556 146 556 731 557 146 557 733 557 734 558 147 558 143 558 734 559 143 559 736 559 737 560 144 560 458 560 737 561 458 561 973 561 974 562 459 562 455 562 974 563 455 563 976 563 977 564 456 564 452 564 977 565 452 565 979 565 15 566 1002 566 429 566 431 567 1003 567 999 567 430 568 998 568 433 568 434 569 1000 569 995 569 434 570 995 570 436 570 437 571 996 571 991 571 438 572 992 572 440 572 442 573 993 573 988 573 441 574 987 574 444 574 445 575 989 575 983 575 446 576 984 576 448 576 450 577 985 577 981 577 449 578 980 578 453 578 1002 579 15 579 599 579 602 580 16 580 339 580 601 581 338 581 889 581 890 582 340 582 334 582 891 583 335 583 893 583 895 584 336 584 331 584 894 585 330 585 897 585 899 586 332 586 327 586 898 587 326 587 901 587 902 588 328 588 323 588 902 589 323 589 904 589 905 590 324 590 320 590 905 591 320 591 907 591 908 592 321 592 317 592 908 593 317 593 910 593 794 594 790 594 1215 594 1215 595 790 595 1217 595 1224 596 1226 596 1230 596 1223 597 1229 597 1234 597 1222 598 1233 598 1238 598 1221 599 1237 599 1241 599 1222 600 1242 600 1245 600 1222 601 1245 601 1248 601 1223 602 1249 602 1252 602 1223 603 1252 603 1256 603 1221 604 1255 604 747 604 1222 605 748 605 584 605 1222 606 584 606 1262 606 1263 607 1267 607 1220 607 1263 608 1220 608 1259 608 1263 609 1259 609 1273 609 1263 610 1273 610 1276 610 1263 611 1276 611 1279 611 1263 612 1279 612 1282 612 1263 613 1282 613 1285 613 1263 614 1285 614 1288 614 1263 615 1288 615 1213 615 1263 616 1213 616 1216 616 1263 617 1216 617 1291 617 1291 618 1216 618 1296 618 1291 619 1296 619 1300 619 1291 620 1300 620 1303 620 1291 621 1303 621 1307 621 1291 622 1307 622 1310 622 1291 623 1310 623 1314 623 1291 624 1314 624 1318 624 1291 625 1318 625 1321 625 1291 626 1321 626 1327 626 722 627 1277 627 573 627 574 628 1278 628 1274 628 574 629 1274 629 576 629 577 630 1275 630 1260 630 578 631 1261 631 583 631 1277 632 722 632 1281 632 1280 633 721 633 802 633 1280 634 802 634 1284 634 1283 635 801 635 799 635 1283 636 799 636 1287 636 1286 637 798 637 796 637 1286 638 796 638 1290 638 1289 639 795 639 792 639 1289 640 792 640 1214 640 1325 641 1319 641 820 641 1325 642 820 642 852 642 1324 643 851 643 1332 643 1326 644 1333 644 1337 644 1326 645 1337 645 1340 645 1326 646 1340 646 1345 646 1325 647 1344 647 1350 647 1324 648 1349 648 1354 648 1325 649 1355 649 1359 649 1326 650 1360 650 1364 650 1323 651 1363 651 1367 651 1309 652 772 652 1311 652 1313 653 773 653 807 653 1312 654 806 654 1315 654 1316 655 808 655 821 655 1317 656 822 656 1320 656 772 657 1309 657 777 657 776 658 1308 658 1306 658 775 659 1305 659 780 659 779 660 1304 660 1302 660 779 661 1302 661 784 661 783 662 1301 662 1299 662 782 663 1298 663 788 663 786 664 1297 664 1218 664 787 665 1219 665 791 665 1372 666 1366 666 1376 666 1376 667 1366 667 1362 667 1375 668 1361 668 1380 668 1380 669 1361 669 1358 669 1379 670 1356 670 1384 670 1385 671 1357 671 1353 671 1383 672 1352 672 1390 672 1389 673 1351 673 1348 673 1228 674 1392 674 1232 674 1232 675 1392 675 1403 675 1231 676 1402 676 1236 676 1236 677 1402 677 1407 677 1235 678 1406 678 1240 678 1240 679 1406 679 1411 679 1239 680 1410 680 1244 680 1244 681 1410 681 1415 681 1243 682 1414 682 1247 682 1247 683 1414 683 1419 683 1388 684 1346 684 1423 684 1424 685 1347 685 1343 685 1422 686 1342 686 1429 686 1428 687 1341 687 1339 687 1427 688 1338 688 1433 688 1433 689 1338 689 1336 689 1432 690 1335 690 1438 690 1437 691 1334 691 1331 691 1436 692 1330 692 848 692 848 693 1330 693 850 693 1246 694 1418 694 1251 694 1251 695 1418 695 1440 695 1250 696 1439 696 1254 696 1254 697 1439 697 1444 697 1253 698 1443 698 1258 698 1258 699 1443 699 1448 699 1257 700 1447 700 750 700 750 701 1447 701 752 701 1453 702 1457 702 1459 702 1453 703 1459 703 1467 703 1453 704 1467 704 1477 704 1453 705 1477 705 1480 705 1453 706 1480 706 1489 706 1490 707 1481 707 1494 707 1489 708 1493 708 1498 708 1491 709 1499 709 1502 709 1492 710 1503 710 1509 710 1489 711 1508 711 1526 711 1530 712 1526 712 1508 712 1532 713 1510 713 1534 713 1529 714 1533 714 1538 714 1531 715 1539 715 1544 715 1530 716 1543 716 1328 716 1530 717 1328 717 1322 717 1530 718 1322 718 1365 718 1530 719 1365 719 1371 719 1391 720 1227 720 1268 720 1268 721 1227 721 1225 721 1550 722 1555 722 1561 722 239 723 464 723 1565 723 240 724 1566 724 1570 724 237 725 1569 725 1573 725 239 726 1574 726 1577 726 240 727 1578 727 1582 727 241 728 1583 728 1587 728 238 729 1586 729 1591 729 237 730 1590 730 1595 730 236 731 1594 731 1598 731 1604 732 239 732 1599 732 1605 733 1600 733 1612 733 1604 734 1609 734 1266 734 1603 735 1265 735 1616 735 1606 736 1617 736 1621 736 1603 737 1620 737 1625 737 1604 738 1626 738 1629 738 1604 739 1629 739 1632 739 1638 740 1643 740 1648 740 1637 741 1647 741 1653 741 1636 742 1652 742 1050 742 1636 743 1050 743 754 743 1635 744 753 744 1449 744 1636 745 1450 745 1446 745 1635 746 1445 746 1441 746 1636 747 1442 747 1420 747 1636 748 1420 748 1417 748 1635 749 1416 749 1412 749 1636 750 1413 750 1409 750 1635 751 1408 751 1404 751 1636 752 1405 752 1397 752 1393 753 1657 753 1662 753 1400 754 1663 754 1667 754 1394 755 1666 755 1671 755 1400 756 1672 756 1676 756 1397 757 1675 757 1679 757 1399 758 1680 758 1685 758 1398 759 1684 759 1689 759 1397 760 1688 760 1694 760 1396 761 1693 761 1698 761 1395 762 1697 762 1701 762 1401 763 1702 763 1638 763 1271 764 1266 764 1609 764 1271 765 1609 765 1706 765 1270 766 1705 766 1710 766 1272 767 1711 767 1715 767 1269 768 1714 768 1658 768 1271 769 1659 769 1397 769 1721 770 1728 770 1732 770 1722 771 1733 771 1737 771 1723 772 1738 772 1742 772 1722 773 1741 773 1746 773 1720 774 1745 774 1750 774 1724 775 1751 775 1757 775 1722 776 1756 776 1762 776 1767 777 1604 777 1632 777 1767 778 1632 778 1773 778 1769 779 1774 779 1778 779 1767 780 1777 780 1562 780 1767 781 1562 781 1557 781 1765 782 1556 782 1782 782 1765 783 1782 783 1786 783 1767 784 1787 784 1791 784 1768 785 1792 785 1797 785 1766 786 1796 786 1801 786 1768 787 1802 787 1807 787 1765 788 1806 788 1810 788 1766 789 1811 789 1814 789 1768 790 1815 790 1734 790 1767 791 1733 791 1729 791 464 792 1050 792 1652 792 463 793 1651 793 1818 793 466 794 1819 794 1824 794 462 795 1823 795 1828 795 465 796 1829 796 1833 796 464 797 1832 797 1565 797 1837 798 1846 798 1461 798 1840 799 1463 799 1851 799 1838 800 1850 800 1855 800 1837 801 1854 801 1859 801 1843 802 1860 802 1865 802 1838 803 1864 803 1868 803 1843 804 1869 804 1874 804 1836 805 1873 805 1877 805 1839 806 1878 806 1881 806 1842 807 1882 807 1886 807 1839 808 1885 808 1762 808 1839 809 1762 809 1756 809 1837 810 1755 810 1890 810 1841 811 1891 811 1895 811 1475 812 1900 812 1905 812 1468 813 1904 813 1909 813 1473 814 1910 814 1915 814 1469 815 1914 815 1919 815 1474 816 1920 816 1925 816 1469 817 1924 817 1928 817 1472 818 1929 818 1933 818 1472 819 1933 819 1936 819 1473 820 1937 820 1941 820 1470 821 1940 821 1944 821 1472 822 1945 822 1557 822 1472 823 1557 823 1551 823 1464 824 1847 824 1951 824 1460 825 1950 825 1955 825 1465 826 1956 826 1899 826 1462 827 1898 827 1471 827 1707 828 1610 828 1960 828 1961 829 1611 829 1966 829 1959 830 1964 830 1969 830 1970 831 1965 831 1975 831 1971 832 1976 832 1980 832 1980 833 1976 833 1985 833 1981 834 1987 834 1992 834 1991 835 1986 835 1997 835 1990 836 1996 836 2000 836 2000 837 1996 837 2004 837 2001 838 2005 838 2010 838 2010 839 2005 839 2015 839 2009 840 2014 840 2019 840 2018 841 2013 841 2022 841 2018 842 2022 842 2027 842 2028 843 2023 843 2033 843 2029 844 2034 844 2038 844 2037 845 2033 845 2042 845 2037 846 2042 846 2045 846 2045 847 2042 847 2049 847 2046 848 2050 848 2055 848 2054 849 2049 849 2059 849 2054 850 2059 850 2064 850 2065 851 2060 851 2070 851 2063 852 2069 852 1642 852 1641 853 2068 853 1646 853 1894 854 1889 854 2073 854 2075 855 1891 855 2081 855 2074 856 2080 856 2087 856 2085 857 2079 857 2091 857 2086 858 2092 858 2096 858 2097 859 2093 859 2103 859 2096 860 2102 860 2107 860 2106 861 2101 861 2112 861 2108 862 2113 862 2117 862 2117 863 2113 863 2123 863 2116 864 2122 864 2128 864 2127 865 2121 865 2133 865 2126 866 2132 866 2138 866 2139 867 2134 867 2144 867 2140 868 2145 868 2149 868 2149 869 2145 869 2154 869 2148 870 2152 870 2157 870 2158 871 2153 871 2163 871 2159 872 2164 872 2170 872 2171 873 2165 873 2176 873 2169 874 2175 874 2181 874 2180 875 2174 875 2186 875 2179 876 2185 876 2191 876 2190 877 2184 877 2195 877 2192 878 2197 878 1947 878 1946 879 2196 879 1558 879 1861 880 2199 880 1867 880 1867 881 2199 881 2205 881 2209 882 2217 882 2222 882 2210 883 2223 883 2225 883 2210 884 2225 884 2228 884 2209 885 2227 885 2232 885 2207 886 2231 886 2201 886 2209 887 2202 887 2198 887 2209 888 2198 888 2235 888 2209 889 2235 889 2240 889 2208 890 2239 890 2244 890 2210 891 2245 891 1455 891 2209 892 1454 892 2249 892 2259 893 2249 893 1452 893 1452 894 2249 894 1454 894 1458 895 1456 895 1849 895 1849 896 1456 896 2247 896 1848 897 2246 897 1853 897 1853 898 2246 898 2243 898 1852 899 2242 899 1858 899 1857 900 2241 900 2238 900 1856 901 2236 901 1862 901 1863 902 2237 902 2200 902 2219 903 2214 903 2260 903 2219 904 2260 904 2264 904 2219 905 2264 905 2267 905 2219 906 2267 906 2270 906 2219 907 2270 907 2273 907 2219 908 2273 908 2276 908 2219 909 2276 909 2279 909 2219 910 2279 910 2282 910 2219 911 2282 911 2285 911 2220 912 2286 912 2290 912 2219 913 2289 913 2293 913 2219 914 2293 914 2296 914 2219 915 2296 915 2299 915 2219 916 2299 916 2302 916 2219 917 2302 917 2305 917 2219 918 2305 918 2308 918 2219 919 2308 919 2311 919 2219 920 2311 920 2314 920 2219 921 2314 921 2317 921 2219 922 2317 922 2320 922 2219 923 2320 923 2323 923 2219 924 2323 924 2326 924 2220 925 2327 925 2331 925 2219 926 2330 926 2334 926 2221 927 2335 927 2341 927 2219 928 2339 928 1884 928 2344 929 2350 929 2354 929 2347 930 2355 930 2360 930 2345 931 2359 931 2363 931 2346 932 2364 932 2368 932 2345 933 2367 933 2372 933 2345 934 2372 934 2376 934 2345 935 2376 935 2380 935 2345 936 2380 936 2383 936 2345 937 2383 937 2388 937 2345 938 2388 938 2391 938 2345 939 2391 939 2394 939 2345 940 2394 940 2397 940 2345 941 2397 941 2400 941 2345 942 2400 942 2403 942 2345 943 2403 943 2406 943 2345 944 2406 944 2409 944 2345 945 2409 945 2412 945 2345 946 2412 946 2415 946 2345 947 2415 947 2418 947 2345 948 2418 948 2421 948 2345 949 2421 949 2424 949 2345 950 2424 950 2427 950 2345 951 2427 951 2214 951 2383 952 2380 952 2430 952 2383 953 2430 953 2433 953 2383 954 2433 954 2436 954 2383 955 2436 955 2439 955 2383 956 2439 956 2443 956 2383 957 2443 957 2447 957 2383 958 2447 958 2450 958 2214 959 2427 959 2455 959 2214 960 2455 960 2458 960 2214 961 2458 961 2461 961 2214 962 2461 962 2464 962 2214 963 2464 963 2467 963 2214 964 2467 964 2470 964 2214 965 2470 965 2473 965 2214 966 2473 966 2476 966 2214 967 2476 967 2479 967 2215 968 2480 968 2261 968 1758 969 1884 969 2339 969 1760 970 2340 970 2484 970 1759 971 2483 971 2488 971 1758 972 2487 972 2491 972 1758 973 2491 973 2494 973 1759 974 2495 974 2499 974 1758 975 2498 975 2502 975 1758 976 2502 976 2505 976 1758 977 2505 977 2508 977 1758 978 2508 978 2511 978 1758 979 2511 979 2514 979 1758 980 2514 980 2517 980 1758 981 2517 981 2450 981 2452 982 2518 982 2522 982 2450 983 2521 983 2525 983 2450 984 2525 984 2528 984 2452 985 2529 985 2534 985 2450 986 2533 986 2538 986 2450 987 2538 987 2541 987 2450 988 2541 988 2544 988 2450 989 2544 989 2547 989 2450 990 2547 990 2551 990 2450 991 2551 991 2554 991 2450 992 2554 992 2557 992 2450 993 2557 993 2561 993 2451 994 2562 994 2384 994 1866 995 2204 995 1872 995 1871 996 2203 996 2234 996 1870 997 2233 997 1876 997 1876 998 2233 998 2230 998 1875 999 2229 999 1880 999 1880 1000 2229 1000 2226 1000 1879 1001 2224 1001 1883 1001 1883 1002 2224 1002 2218 1002 841 1003 287 1003 1369 1003 840 1004 1368 1004 1373 1004 842 1005 1374 1005 1378 1005 841 1006 1377 1006 1382 1006 840 1007 1381 1007 1386 1007 841 1008 1387 1008 1421 1008 841 1009 1421 1009 1426 1009 840 1010 1425 1010 1430 1010 843 1011 1431 1011 1435 1011 839 1012 1434 1012 846 1012 288 1013 170 1013 1370 1013 1369 1014 169 1014 2569 1014 1369 1015 2569 1015 1528 1015 935 1016 372 1016 937 1016 937 1017 372 1017 367 1017 1053 1018 1049 1018 487 1018 487 1019 1049 1019 461 1019 1052 1020 485 1020 745 1020 746 1021 486 1021 137 1021 744 1022 136 1022 726 1022 726 1023 136 1023 134 1023 725 1024 133 1024 923 1024 923 1025 133 1025 385 1025 922 1026 384 1026 927 1026 926 1027 383 1027 381 1027 925 1028 380 1028 930 1028 930 1029 380 1029 378 1029 929 1030 377 1030 933 1030 933 1031 377 1031 375 1031 931 1032 374 1032 934 1032 934 1033 374 1033 371 1033 874 1034 291 1034 838 1034 838 1035 291 1035 286 1035 938 1036 368 1036 940 1036 941 1037 369 1037 364 1037 942 1038 365 1038 944 1038 944 1039 365 1039 360 1039 945 1040 361 1040 947 1040 948 1041 362 1041 357 1041 949 1042 358 1042 951 1042 951 1043 358 1043 354 1043 952 1044 355 1044 659 1044 659 1045 355 1045 104 1045 660 1046 105 1046 662 1046 662 1047 105 1047 129 1047 663 1048 130 1048 872 1048 873 1049 131 1049 290 1049 2571 1050 2382 1050 2573 1050 2573 1051 2382 1051 2377 1051 2580 1052 2585 1052 2590 1052 2581 1053 2593 1053 2586 1053 2598 1054 2602 1054 2608 1054 2609 1055 2585 1055 2612 1055 2615 1056 2621 1056 2625 1056 2612 1057 2585 1057 2627 1057 2627 1058 2585 1058 2592 1058 2630 1059 2633 1059 2638 1059 2643 1060 2591 1060 2586 1060 2646 1061 2651 1061 2655 1061 2646 1062 2655 1062 2658 1062 2646 1063 2658 1063 2662 1063 2646 1064 2662 1064 2665 1064 2646 1065 2665 1065 2667 1065 2646 1066 2667 1066 2669 1066 2646 1067 2669 1067 2672 1067 2646 1068 2672 1068 2675 1068 2681 1069 2684 1069 2687 1069 2681 1070 2687 1070 2690 1070 2681 1071 2690 1071 2693 1071 2681 1072 2693 1072 2696 1072 2681 1073 2696 1073 2700 1073 2681 1074 2700 1074 2703 1074 2681 1075 2703 1075 2707 1075 2681 1076 2707 1076 2711 1076 2681 1077 2711 1077 2715 1077 2681 1078 2715 1078 2718 1078 2682 1079 2719 1079 2723 1079 2681 1080 2722 1080 2726 1080 2681 1081 2726 1081 2729 1081 2681 1082 2729 1082 2733 1082 2682 1083 2734 1083 2739 1083 2681 1084 2738 1084 2576 1084 2681 1085 2576 1085 2744 1085 2681 1086 2744 1086 2748 1086 2681 1087 2748 1087 2752 1087 2682 1088 2753 1088 2756 1088 2577 1089 2739 1089 2761 1089 2575 1090 2760 1090 2764 1090 2578 1091 2765 1091 2769 1091 2773 1092 2606 1092 2601 1092 2774 1093 2602 1093 2778 1093 2775 1094 2779 1094 2783 1094 2774 1095 2782 1095 2786 1095 2572 1096 2576 1096 2768 1096 2572 1097 2768 1097 2774 1097 2572 1098 2774 1098 2786 1098 2572 1099 2786 1099 2789 1099 2790 1100 2795 1100 2797 1100 2789 1101 2796 1101 2800 1101 2790 1102 2801 1102 2806 1102 2789 1103 2805 1103 2810 1103 2789 1104 2810 1104 2814 1104 2789 1105 2814 1105 2572 1105 2251 1106 1727 1106 2819 1106 2253 1107 2821 1107 2825 1107 2250 1108 2824 1108 2828 1108 2251 1109 2829 1109 2831 1109 2251 1110 2831 1110 2833 1110 2251 1111 2833 1111 2836 1111 2252 1112 2837 1112 2842 1112 2251 1113 2841 1113 2848 1113 2251 1114 2848 1114 2851 1114 2251 1115 2851 1115 2854 1115 2252 1116 2855 1116 2860 1116 2251 1117 2859 1117 2211 1117 2819 1118 1727 1118 1717 1118 2819 1119 1717 1119 2865 1119 2819 1120 2865 1120 2869 1120 2820 1121 2870 1121 2874 1121 2819 1122 2873 1122 2877 1122 2711 1123 2609 1123 2612 1123 2711 1124 2612 1124 2881 1124 2711 1125 2881 1125 2885 1125 2710 1126 2884 1126 2714 1126 2211 1127 2859 1127 2888 1127 2213 1128 2889 1128 2893 1128 2211 1129 2892 1129 2896 1129 2211 1130 2896 1130 2899 1130 2211 1131 2899 1131 2902 1131 2211 1132 2902 1132 2905 1132 2211 1133 2905 1133 2908 1133 2213 1134 2909 1134 2914 1134 2211 1135 2913 1135 2920 1135 2846 1136 2840 1136 2922 1136 2849 1137 2923 1137 2928 1137 2848 1138 2927 1138 2932 1138 2848 1139 2932 1139 2935 1139 2848 1140 2935 1140 2938 1140 2848 1141 2938 1141 2941 1141 2848 1142 2941 1142 2944 1142 2848 1143 2944 1143 2947 1143 2848 1144 2947 1144 2646 1144 2848 1145 2646 1145 2675 1145 2849 1146 2676 1146 2951 1146 2848 1147 2950 1147 2956 1147 2847 1148 2955 1148 2959 1148 2848 1149 2960 1149 2964 1149 2848 1150 2964 1150 2967 1150 2848 1151 2967 1151 2971 1151 2848 1152 2971 1152 2977 1152 2683 1153 2919 1153 2981 1153 2684 1154 2982 1154 2985 1154 2684 1155 2985 1155 2988 1155 2684 1156 2988 1156 2622 1156 2684 1157 2622 1157 2616 1157 2876 1158 2989 1158 2995 1158 2877 1159 2996 1159 2999 1159 2877 1160 2999 1160 3002 1160 2877 1161 3002 1161 3005 1161 2877 1162 3005 1162 3009 1162 2876 1163 3008 1163 3012 1163 2879 1164 3013 1164 2652 1164 2877 1165 2651 1165 2646 1165 2876 1166 2645 1166 3016 1166 2878 1167 3017 1167 3021 1167 2877 1168 3020 1168 3024 1168 2877 1169 3024 1169 3027 1169 2877 1170 3027 1170 3030 1170 2877 1171 3030 1171 3033 1171 2878 1172 3034 1172 3038 1172 2877 1173 3037 1173 3041 1173 2877 1174 3041 1174 2819 1174 2794 1175 3044 1175 3045 1175 2794 1176 3045 1176 3048 1176 2794 1177 3048 1177 3051 1177 2794 1178 3051 1178 3055 1178 2793 1179 3054 1179 3060 1179 1716 1180 3060 1180 3065 1180 1717 1181 3066 1181 3070 1181 1717 1182 3070 1182 3073 1182 1717 1183 3073 1183 3076 1183 1717 1184 3076 1184 3079 1184 1717 1185 3079 1185 3082 1185 1718 1186 3083 1186 3087 1186 1717 1187 3086 1187 3090 1187 1718 1188 3091 1188 2866 1188 1717 1189 3092 1189 3061 1189 3061 1190 3092 1190 3095 1190 3061 1191 3095 1191 2794 1191 2794 1192 3095 1192 2796 1192 2598 1193 2608 1193 3101 1193 3100 1194 2607 1194 3104 1194 3101 1195 3105 1195 3108 1195 3108 1196 3105 1196 3111 1196 3108 1197 3111 1197 3114 1197 3114 1198 3111 1198 3118 1198 3114 1199 3118 1199 2585 1199 2585 1200 3118 1200 3122 1200 2585 1201 3122 1201 2642 1201 2684 1202 2681 1202 2920 1202 2920 1203 2681 1203 3126 1203 2920 1204 3126 1204 2211 1204 2212 1205 3127 1205 3131 1205 2976 1206 2970 1206 3134 1206 3135 1207 2971 1207 3136 1207 3135 1208 3136 1208 3141 1208 3142 1209 3147 1209 3136 1209 3136 1210 3147 1210 3150 1210 3136 1211 3150 1211 3141 1211 2616 1212 2626 1212 3142 1212 3142 1213 2626 1213 3153 1213 3142 1214 3153 1214 3147 1214 2996 1215 2990 1215 2638 1215 2638 1216 2990 1216 3154 1216 2638 1217 3154 1217 2630 1217 2638 1218 2633 1218 3159 1218 3159 1219 2633 1219 3160 1219 3159 1220 3160 1220 3163 1220 3159 1221 3163 1221 3044 1221 3044 1222 3163 1222 3166 1222 3044 1223 3166 1223 3045 1223 3094 1224 1719 1224 2454 1224 2454 1225 1719 1225 1761 1225 3093 1226 2453 1226 3097 1226 3097 1227 2453 1227 2449 1227 3096 1228 2448 1228 2799 1228 2799 1229 2448 1229 2446 1229 2798 1230 2444 1230 2803 1230 2804 1231 2445 1231 2442 1231 2802 1232 2441 1232 2809 1232 2808 1233 2440 1233 2438 1233 2807 1234 2437 1234 2812 1234 2812 1235 2437 1235 2435 1235 2811 1236 2434 1236 2815 1236 2815 1237 2434 1237 2432 1237 2813 1238 2431 1238 2570 1238 2570 1239 2431 1239 2381 1239 3130 1240 2349 1240 2206 1240 2206 1241 2349 1241 2216 1241 2574 1242 2379 1242 2742 1242 2741 1243 2378 1243 2373 1243 2743 1244 2374 1244 2745 1244 2746 1245 2375 1245 2369 1245 2747 1246 2370 1246 2749 1246 2750 1247 2371 1247 2365 1247 2751 1248 2366 1248 2754 1248 2754 1249 2366 1249 2361 1249 2755 1250 2362 1250 2679 1250 2679 1251 2362 1251 2356 1251 2680 1252 2358 1252 3124 1252 3123 1253 2357 1253 2351 1253 3125 1254 2352 1254 3128 1254 3129 1255 2353 1255 2348 1255 3170 1256 1615 1256 3176 1256 3175 1257 1613 1257 1264 1257 3175 1258 1264 1258 1292 1258 1614 1259 3169 1259 1618 1259 1619 1260 3171 1260 3179 1260 1619 1261 3179 1261 1622 1261 1623 1262 3180 1262 3184 1262 1624 1263 3185 1263 1627 1263 3195 1264 3206 1264 3212 1264 3196 1265 3213 1265 3218 1265 3196 1266 3218 1266 3222 1266 3194 1267 3221 1267 3225 1267 3196 1268 3226 1268 3230 1268 3194 1269 3229 1269 3233 1269 3196 1270 3234 1270 3238 1270 3194 1271 3237 1271 3241 1271 3195 1272 3242 1272 3246 1272 3195 1273 3246 1273 1506 1273 3206 1274 1514 1274 3249 1274 3206 1275 3249 1275 3254 1275 3205 1276 3253 1276 3257 1276 3208 1277 3258 1277 3262 1277 3205 1278 3261 1278 3265 1278 3206 1279 3266 1279 3269 1279 3206 1280 3269 1280 3273 1280 3207 1281 3274 1281 3278 1281 3206 1282 3277 1282 3281 1282 3206 1283 3281 1283 3286 1283 3205 1284 3285 1284 3289 1284 3208 1285 3290 1285 3295 1285 3207 1286 3294 1286 3299 1286 3204 1287 3298 1287 3302 1287 3209 1288 3303 1288 3214 1288 1514 1289 3306 1289 3311 1289 1513 1290 3310 1290 3315 1290 1516 1291 3316 1291 3321 1291 1515 1292 3320 1292 3325 1292 1513 1293 3324 1293 3328 1293 1517 1294 3329 1294 3333 1294 1513 1295 3332 1295 3336 1295 1514 1296 3337 1296 3340 1296 1514 1297 3340 1297 3344 1297 1515 1298 3345 1298 3348 1298 1517 1299 3349 1299 3353 1299 1513 1300 3352 1300 3357 1300 1517 1301 3358 1301 3362 1301 1515 1302 3361 1302 3250 1302 1505 1303 3245 1303 3366 1303 1507 1304 3367 1304 3371 1304 1505 1305 3370 1305 3374 1305 1506 1306 3375 1306 3379 1306 1506 1307 3379 1307 3382 1307 1507 1308 3383 1308 3307 1308 1506 1309 3306 1309 1514 1309 1630 1310 1628 1310 3384 1310 3384 1311 1628 1311 3186 1311 3392 1312 1483 1312 3402 1312 3399 1313 1482 1313 1479 1313 3398 1314 1478 1314 3406 1314 1484 1315 3393 1315 1495 1315 1497 1316 3397 1316 3411 1316 1496 1317 3410 1317 1500 1317 1501 1318 3413 1318 3192 1318 1501 1319 3192 1319 1504 1319 1466 1320 1548 1320 1476 1320 1476 1321 1548 1321 3404 1321 3418 1322 1536 1322 3420 1322 3423 1323 1537 1323 1511 1323 3424 1324 1512 1324 3197 1324 1535 1325 3417 1325 1542 1325 1540 1326 3414 1326 3428 1326 1541 1327 3429 1327 1547 1327 1546 1328 3426 1328 1294 1328 1545 1329 1293 1329 1329 1329 1775 1330 3432 1330 1560 1330 1559 1331 3431 1331 3405 1331 1559 1332 3405 1332 1549 1332 3432 1333 1775 1333 3436 1333 3437 1334 1776 1334 1770 1334 3438 1335 1771 1335 3441 1335 3442 1336 1772 1336 1631 1336 3442 1337 1631 1337 3385 1337 3390 1338 3447 1338 3452 1338 3388 1339 3451 1339 3457 1339 3387 1340 3456 1340 3463 1340 3386 1341 3461 1341 3443 1341 3467 1342 3455 1342 3448 1342 3454 1343 3466 1343 3473 1343 3475 1344 3469 1344 3477 1344 3476 1345 3478 1345 3485 1345 3487 1346 3480 1346 3191 1346 3486 1347 3190 1347 3412 1347 3489 1348 3445 1348 3462 1348 3444 1349 3488 1349 3439 1349 3440 1350 3490 1350 3494 1350 3440 1351 3494 1351 3433 1351 3434 1352 3495 1352 3400 1352 3435 1353 3401 1353 3407 1353 3500 1354 3465 1354 3458 1354 3464 1355 3499 1355 3491 1355 3492 1356 3501 1356 3504 1356 3493 1357 3505 1357 3496 1357 3498 1358 3506 1358 3395 1358 3497 1359 3394 1359 3403 1359 3471 1360 3459 1360 3453 1360 3460 1361 3472 1361 3502 1361 3503 1362 3474 1362 3483 1362 3503 1363 3483 1363 3507 1363 3508 1364 3484 1364 3408 1364 3509 1365 3409 1365 3396 1365 3470 1366 3511 1366 3479 1366 3482 1367 3513 1367 3203 1367 3481 1368 3202 1368 3193 1368 3511 1369 3470 1369 3519 1369 3516 1370 3468 1370 3450 1370 3515 1371 3449 1371 3525 1371 3521 1372 3446 1372 3389 1372 3522 1373 3391 1373 3189 1373 3201 1374 3512 1374 3530 1374 3200 1375 3529 1375 3534 1375 3199 1376 3533 1376 3539 1376 3198 1377 3538 1377 3425 1377 3517 1378 3527 1378 3510 1378 3528 1379 3518 1379 3544 1379 3541 1380 3514 1380 3523 1380 3542 1381 3524 1381 3550 1381 3547 1382 3520 1382 3188 1382 3546 1383 3187 1383 3183 1383 3554 1384 3421 1384 3535 1384 3422 1385 3555 1385 3419 1385 3416 1386 3551 1386 3561 1386 3415 1387 3560 1387 3430 1387 3427 1388 3557 1388 3177 1388 3427 1389 3177 1389 1295 1389 3567 1390 3537 1390 3531 1390 3536 1391 3566 1391 3556 1391 3552 1392 3563 1392 3572 1392 3553 1393 3573 1393 3562 1393 3558 1394 3569 1394 3172 1394 3559 1395 3173 1395 3178 1395 3543 1396 3532 1396 3526 1396 3532 1397 3543 1397 3568 1397 3565 1398 3540 1398 3549 1398 3564 1399 3548 1399 3574 1399 3571 1400 3545 1400 3182 1400 3570 1401 3181 1401 3174 1401 3575 1402 3579 1402 3584 1402 3588 1403 3592 1403 3596 1403 3603 1404 3606 1404 3610 1404 3615 1405 3620 1405 3623 1405 3625 1406 3592 1406 3588 1406 3628 1407 3589 1407 3635 1407 3626 1408 3634 1408 3639 1408 3627 1409 3640 1409 3643 1409 3625 1410 3642 1410 3645 1410 3629 1411 3646 1411 3650 1411 3624 1412 3649 1412 3653 1412 3627 1413 3654 1413 3658 1413 3629 1414 3659 1414 3663 1414 3630 1415 3664 1415 3667 1415 3672 1416 3619 1416 3613 1416 3673 1417 3614 1417 3678 1417 3674 1418 3679 1418 3684 1418 3673 1419 3683 1419 3687 1419 3673 1420 3687 1420 3690 1420 3673 1421 3690 1421 3693 1421 3675 1422 3694 1422 3699 1422 3673 1423 3698 1423 3703 1423 3672 1424 3702 1424 3706 1424 3672 1425 3706 1425 3709 1425 3673 1426 3710 1426 3639 1426 3673 1427 3639 1427 3634 1427 3711 1428 3720 1428 3724 1428 3716 1429 3725 1429 3728 1429 3717 1430 3729 1430 3733 1430 3713 1431 3732 1431 3736 1431 3715 1432 3737 1432 3741 1432 3712 1433 3740 1433 3744 1433 3713 1434 3745 1434 3748 1434 3714 1435 3749 1435 3752 1435 3714 1436 3752 1436 3755 1436 3714 1437 3755 1437 3759 1437 3765 1438 3752 1438 3749 1438 3764 1439 3748 1439 3771 1439 3764 1440 3771 1440 3776 1440 3765 1441 3777 1441 3780 1441 3768 1442 3781 1442 3785 1442 3765 1443 3784 1443 3788 1443 3765 1444 3788 1444 3791 1444 3765 1445 3791 1445 3795 1445 3764 1446 3794 1446 3798 1446 3764 1447 3798 1447 3801 1447 3766 1448 3802 1448 3806 1448 3767 1449 3807 1449 3812 1449 3813 1450 3817 1450 3822 1450 3821 1451 3816 1451 3759 1451 3822 1452 3760 1452 3756 1452 3813 1453 3826 1453 3817 1453 3816 1454 3825 1454 3584 1454 3816 1455 3584 1455 3579 1455 3829 1456 3834 1456 3838 1456 3839 1457 3835 1457 3843 1457 3838 1458 3842 1458 3847 1458 3847 1459 3842 1459 3579 1459 3848 1460 3580 1460 3576 1460 3851 1461 3854 1461 3857 1461 3857 1462 3854 1462 3862 1462 3858 1463 3863 1463 3868 1463 3867 1464 3861 1464 3872 1464 3867 1465 3872 1465 3875 1465 3875 1466 3872 1466 3833 1466 3876 1467 3834 1467 3829 1467 3879 1468 3882 1468 3887 1468 3887 1469 3882 1469 3891 1469 3886 1470 3890 1470 3895 1470 3896 1471 3891 1471 3854 1471 3896 1472 3854 1472 3851 1472 3597 1473 3593 1473 3901 1473 3901 1474 3593 1474 3883 1474 3900 1475 3882 1475 3879 1475 3907 1476 3912 1476 3917 1476 3915 1477 3911 1477 3810 1477 3916 1478 3811 1478 3805 1478 3906 1479 3916 1479 3920 1479 3920 1480 3916 1480 3603 1480 3920 1481 3603 1481 3610 1481 3925 1482 3929 1482 3934 1482 3933 1483 3928 1483 3937 1483 3933 1484 3937 1484 3941 1484 3941 1485 3937 1485 3606 1485 3941 1486 3606 1486 3603 1486 3945 1487 3949 1487 3954 1487 3953 1488 3948 1488 3957 1488 3953 1489 3957 1489 3960 1489 3960 1490 3957 1490 3964 1490 3960 1491 3964 1491 3968 1491 3968 1492 3964 1492 3924 1492 3968 1493 3924 1493 3933 1493 3972 1494 3977 1494 3981 1494 3983 1495 3978 1495 3987 1495 3982 1496 3986 1496 3990 1496 3990 1497 3986 1497 3944 1497 3990 1498 3944 1498 3953 1498 3623 1499 3993 1499 3615 1499 3615 1500 3993 1500 3974 1500 3614 1501 3973 1501 3982 1501 3637 1502 3994 1502 3641 1502 3644 1503 3997 1503 3999 1503 3644 1504 3999 1504 3647 1504 3648 1505 4000 1505 4003 1505 3648 1506 4003 1506 3651 1506 3652 1507 4004 1507 4006 1507 3652 1508 4006 1508 3655 1508 3656 1509 4007 1509 4010 1509 3657 1510 4011 1510 3660 1510 3662 1511 4012 1511 4016 1511 3661 1512 4015 1512 3665 1512 3666 1513 4017 1513 4020 1513 3666 1514 4020 1514 3668 1514 3669 1515 4021 1515 4024 1515 3669 1516 4024 1516 3631 1516 3632 1517 4025 1517 4028 1517 3632 1518 4028 1518 3594 1518 3595 1519 4029 1519 4031 1519 3595 1520 4031 1520 3884 1520 3885 1521 4032 1521 4035 1521 3885 1522 4035 1522 3892 1522 3893 1523 4036 1523 4039 1523 3894 1524 4040 1524 3855 1524 3856 1525 4041 1525 4044 1525 3856 1526 4044 1526 3864 1526 3865 1527 4045 1527 4048 1527 3866 1528 4049 1528 3873 1528 3994 1529 3637 1529 4051 1529 4052 1530 3638 1530 3707 1530 4052 1531 3707 1531 4055 1531 4056 1532 3708 1532 3704 1532 4056 1533 3704 1533 4059 1533 4060 1534 3705 1534 3700 1534 4060 1535 3700 1535 4063 1535 4065 1536 3701 1536 3696 1536 4064 1537 3695 1537 4068 1537 4069 1538 3697 1538 3691 1538 4069 1539 3691 1539 4071 1539 4072 1540 3692 1540 3688 1540 4072 1541 3688 1541 4074 1541 4075 1542 3689 1542 3685 1542 4075 1543 3685 1543 4078 1543 4080 1544 3686 1544 3681 1544 4079 1545 3680 1545 4083 1545 4084 1546 3682 1546 3676 1546 4084 1547 3676 1547 4087 1547 4088 1548 3677 1548 3611 1548 4088 1549 3611 1549 4091 1549 4092 1550 3612 1550 3979 1550 4092 1551 3979 1551 4095 1551 4096 1552 3980 1552 3988 1552 4096 1553 3988 1553 4099 1553 4101 1554 3989 1554 3951 1554 4100 1555 3950 1555 4104 1555 4105 1556 3952 1556 3958 1556 4105 1557 3958 1557 4108 1557 4109 1558 3959 1558 3966 1558 4110 1559 3967 1559 4114 1559 3770 1560 4117 1560 3773 1560 3775 1561 4118 1561 4121 1561 3774 1562 4120 1562 3778 1562 3779 1563 4122 1563 4125 1563 3779 1564 4125 1564 3782 1564 3783 1565 4126 1565 4129 1565 3783 1566 4129 1566 3786 1566 3787 1567 4130 1567 4133 1567 3787 1568 4133 1568 3789 1568 3790 1569 4134 1569 4137 1569 3790 1570 4137 1570 3792 1570 3793 1571 4138 1571 4141 1571 3793 1572 4141 1572 3796 1572 3797 1573 4142 1573 4145 1573 3797 1574 4145 1574 3799 1574 3800 1575 4146 1575 4149 1575 3800 1576 4149 1576 3803 1576 3804 1577 4150 1577 4153 1577 3804 1578 4153 1578 3913 1578 3914 1579 4154 1579 4157 1579 3914 1580 4157 1580 3600 1580 3602 1581 4158 1581 4163 1581 3601 1582 4162 1582 3938 1582 3939 1583 4164 1583 4167 1583 3940 1584 4168 1584 3930 1584 3932 1585 4169 1585 4113 1585 3931 1586 4112 1586 3965 1586 4117 1587 3770 1587 4172 1587 4175 1588 3772 1588 3750 1588 4175 1589 3750 1589 4178 1589 4179 1590 3751 1590 3746 1590 4179 1591 3746 1591 4182 1591 4183 1592 3747 1592 3742 1592 4183 1593 3742 1593 4186 1593 4187 1594 3743 1594 3738 1594 4187 1595 3738 1595 4190 1595 4191 1596 3739 1596 3734 1596 4191 1597 3734 1597 4194 1597 4195 1598 3735 1598 3730 1598 4195 1599 3730 1599 4197 1599 4198 1600 3731 1600 3726 1600 4198 1601 3726 1601 4201 1601 4202 1602 3727 1602 3721 1602 4203 1603 3722 1603 4206 1603 4207 1604 3723 1604 3718 1604 4207 1605 3718 1605 4209 1605 4210 1606 3719 1606 3761 1606 4210 1607 3761 1607 4213 1607 4215 1608 3762 1608 3819 1608 4214 1609 3818 1609 4218 1609 4219 1610 3820 1610 3581 1610 4220 1611 3582 1611 4224 1611 4226 1612 3583 1612 3845 1612 4225 1613 3844 1613 4229 1613 4230 1614 3846 1614 3836 1614 4230 1615 3836 1615 4233 1615 4234 1616 3837 1616 3874 1616 4234 1617 3874 1617 4050 1617 3754 1618 3235 1618 3757 1618 3758 1619 3236 1619 3231 1619 3758 1620 3231 1620 3823 1620 3824 1621 3232 1621 3227 1621 3824 1622 3227 1622 3814 1622 3815 1623 3228 1623 3223 1623 3815 1624 3223 1624 3827 1624 3828 1625 3224 1625 3219 1625 3828 1626 3219 1626 3585 1626 3587 1627 3220 1627 3216 1627 3586 1628 3215 1628 3577 1628 3578 1629 3217 1629 3210 1629 3578 1630 3210 1630 3849 1630 3850 1631 3211 1631 3300 1631 3850 1632 3300 1632 3840 1632 3841 1633 3301 1633 3296 1633 3841 1634 3296 1634 3830 1634 3832 1635 3297 1635 3293 1635 3831 1636 3292 1636 3878 1636 3235 1637 3754 1637 3240 1637 3239 1638 3753 1638 3769 1638 3239 1639 3769 1639 3244 1639 3243 1640 3763 1640 3808 1640 3243 1641 3808 1641 3363 1641 3365 1642 3809 1642 3909 1642 3364 1643 3908 1643 3368 1643 3369 1644 3910 1644 3904 1644 3369 1645 3904 1645 3372 1645 3373 1646 3905 1646 3918 1646 3373 1647 3918 1647 3376 1647 3378 1648 3919 1648 3608 1648 3377 1649 3607 1649 3380 1649 3381 1650 3609 1650 3604 1650 3381 1651 3604 1651 3304 1651 3305 1652 3605 1652 3935 1652 3305 1653 3935 1653 3308 1653 3309 1654 3936 1654 3926 1654 3309 1655 3926 1655 3312 1655 3313 1656 3927 1656 3921 1656 3314 1657 3922 1657 3317 1657 3318 1658 3923 1658 3961 1658 3319 1659 3962 1659 3322 1659 3671 1660 3359 1660 3616 1660 3617 1661 3360 1661 3354 1661 3618 1662 3355 1662 3621 1662 3622 1663 3356 1663 3350 1663 3622 1664 3350 1664 3991 1664 3992 1665 3351 1665 3346 1665 3992 1666 3346 1666 3969 1666 3970 1667 3347 1667 3341 1667 3971 1668 3342 1668 3975 1668 3976 1669 3343 1669 3338 1669 3976 1670 3338 1670 3984 1670 3985 1671 3339 1671 3334 1671 3985 1672 3334 1672 3942 1672 3943 1673 3335 1673 3330 1673 3943 1674 3330 1674 3946 1674 3947 1675 3331 1675 3326 1675 3947 1676 3326 1676 3955 1676 3956 1677 3327 1677 3323 1677 3956 1678 3323 1678 3963 1678 3359 1679 3671 1679 3248 1679 3247 1680 3670 1680 3633 1680 3247 1681 3633 1681 3251 1681 3252 1682 3636 1682 3590 1682 3252 1683 3590 1683 3255 1683 3256 1684 3591 1684 3598 1684 3256 1685 3598 1685 3259 1685 3260 1686 3599 1686 3902 1686 3260 1687 3902 1687 3263 1687 3264 1688 3903 1688 3880 1688 3264 1689 3880 1689 3267 1689 3268 1690 3881 1690 3888 1690 3268 1691 3888 1691 3270 1691 3272 1692 3889 1692 3898 1692 3271 1693 3897 1693 3275 1693 3276 1694 3899 1694 3852 1694 3276 1695 3852 1695 3279 1695 3280 1696 3853 1696 3859 1696 3280 1697 3859 1697 3282 1697 3284 1698 3860 1698 3870 1698 3283 1699 3869 1699 3287 1699 3288 1700 3871 1700 3877 1700 3288 1701 3877 1701 3291 1701 1764 1702 2256 1702 1602 1702 1602 1703 2256 1703 2566 1703 1487 1704 1521 1704 4160 1704 1488 1705 4161 1705 4156 1705 1486 1706 4155 1706 4151 1706 1487 1707 4152 1707 4147 1707 1488 1708 4148 1708 4144 1708 1486 1709 4143 1709 4139 1709 1488 1710 4140 1710 4136 1710 1487 1711 4135 1711 4132 1711 1486 1712 4131 1712 4127 1712 1488 1713 4128 1713 4124 1713 1486 1714 4123 1714 4119 1714 1486 1715 4119 1715 4173 1715 1487 1716 4174 1716 4177 1716 1487 1717 4177 1717 4239 1717 1521 1718 4244 1718 4053 1718 1521 1719 4053 1719 4057 1719 1523 1720 4058 1720 4062 1720 1522 1721 4061 1721 4067 1721 1521 1722 4066 1722 4070 1722 1521 1723 4070 1723 4073 1723 1521 1724 4073 1724 4076 1724 1522 1725 4077 1725 4082 1725 1521 1726 4081 1726 4085 1726 1522 1727 4086 1727 4090 1727 1521 1728 4089 1728 4093 1728 1524 1729 4094 1729 4098 1729 1522 1730 4097 1730 4102 1730 1524 1731 4103 1731 4107 1731 1520 1732 4106 1732 4111 1732 1520 1733 4111 1733 4115 1733 1521 1734 4116 1734 4170 1734 1525 1735 4171 1735 4166 1735 1519 1736 4165 1736 4159 1736 4246 1737 4223 1737 4228 1737 4245 1738 4227 1738 4232 1738 4244 1739 4231 1739 4046 1739 4245 1740 4047 1740 4043 1740 4244 1741 4042 1741 4037 1741 4245 1742 4038 1742 4034 1742 4243 1743 4033 1743 4030 1743 4243 1744 4030 1744 4026 1744 4244 1745 4027 1745 4023 1745 4243 1746 4022 1746 4018 1746 4246 1747 4019 1747 4014 1747 4243 1748 4013 1748 4008 1748 4244 1749 4009 1749 4005 1749 4244 1750 4005 1750 4002 1750 4243 1751 4001 1751 3998 1751 4243 1752 3998 1752 3995 1752 4246 1753 3996 1753 4054 1753 4238 1754 4176 1754 4180 1754 4240 1755 4181 1755 4185 1755 4239 1756 4184 1756 4189 1756 4238 1757 4188 1757 4192 1757 4239 1758 4193 1758 4196 1758 4239 1759 4196 1759 4199 1759 4240 1760 4200 1760 4205 1760 4239 1761 4204 1761 4208 1761 4239 1762 4208 1762 4212 1762 4237 1763 4211 1763 4216 1763 4240 1764 4217 1764 4222 1764 4239 1765 4221 1765 4244 1765 168 1766 235 1766 2565 1766 2565 1767 235 1767 1601 1767 2248 1768 2254 1768 1725 1768 1726 1769 2255 1769 1763 1769 1485 1770 4235 1770 1451 1770 1451 1771 4235 1771 2257 1771 4236 1772 4242 1772 2258 1772 2258 1773 4242 1773 2568 1773 4241 1774 1518 1774 2567 1774 2567 1775 1518 1775 1527 1775 4247 1776 4250 1776 4254 1776 4254 1777 4250 1777 4258 1777 4264 1778 4269 1778 4273 1778 4277 1779 4281 1779 4285 1779 4288 1780 4292 1780 4295 1780 4298 1781 4301 1781 4304 1781 4308 1782 4311 1782 4315 1782 4319 1783 4323 1783 4327 1783 4318 1784 4326 1784 4330 1784 4318 1785 4330 1785 4334 1785 4318 1786 4334 1786 4337 1786 4318 1787 4337 1787 4340 1787 4318 1788 4340 1788 4343 1788 4318 1789 4343 1789 4346 1789 4318 1790 4346 1790 4351 1790 4355 1791 4360 1791 4364 1791 4355 1792 4364 1792 4269 1792 4354 1793 4268 1793 4263 1793 4367 1794 4373 1794 4377 1794 4369 1795 4378 1795 4382 1795 4368 1796 4381 1796 4360 1796 4370 1797 4361 1797 4356 1797 4385 1798 4391 1798 4395 1798 4385 1799 4395 1799 4402 1799 4387 1800 4404 1800 4408 1800 4385 1801 4407 1801 4374 1801 4385 1802 4374 1802 4368 1802 4385 1803 4368 1803 4411 1803 4385 1804 4411 1804 4414 1804 4385 1805 4414 1805 4418 1805 4386 1806 4419 1806 4423 1806 4395 1807 4391 1807 4426 1807 4395 1808 4426 1808 4429 1808 4395 1809 4429 1809 4432 1809 4395 1810 4432 1810 4435 1810 4395 1811 4435 1811 4438 1811 4395 1812 4438 1812 4441 1812 4395 1813 4441 1813 4444 1813 4397 1814 4445 1814 4449 1814 4454 1815 4458 1815 4462 1815 4453 1816 4461 1816 4466 1816 4452 1817 4465 1817 4470 1817 4453 1818 4471 1818 4478 1818 4453 1819 4478 1819 4483 1819 4488 1820 4491 1820 4494 1820 4488 1821 4494 1821 4498 1821 4486 1822 4497 1822 4501 1822 4488 1823 4502 1823 4506 1823 4486 1824 4505 1824 4509 1824 4487 1825 4510 1825 4513 1825 4487 1826 4513 1826 4516 1826 4487 1827 4516 1827 4520 1827 4487 1828 4520 1828 4524 1828 4487 1829 4524 1829 4527 1829 4531 1830 4536 1830 4422 1830 4532 1831 4423 1831 4541 1831 4531 1832 4540 1832 4546 1832 4530 1833 4545 1833 4549 1833 4531 1834 4550 1834 4553 1834 4531 1835 4553 1835 4556 1835 4531 1836 4556 1836 4559 1836 4531 1837 4559 1837 4563 1837 4531 1838 4563 1838 4568 1838 4531 1839 4568 1839 4572 1839 4531 1840 4572 1840 4575 1840 4531 1841 4575 1841 4579 1841 4531 1842 4579 1842 4582 1842 4531 1843 4582 1843 4585 1843 4531 1844 4585 1844 4588 1844 4531 1845 4588 1845 4592 1845 4531 1846 4592 1846 4516 1846 4531 1847 4516 1847 4513 1847 4565 1848 4560 1848 4597 1848 4564 1849 4596 1849 4601 1849 4563 1850 4600 1850 4604 1850 4607 1851 4611 1851 4616 1851 4607 1852 4616 1852 4623 1852 4607 1853 4623 1853 4626 1853 4607 1854 4626 1854 4629 1854 4608 1855 4630 1855 4458 1855 4616 1856 4611 1856 4633 1856 4619 1857 4634 1857 4638 1857 4616 1858 4637 1858 4641 1858 4616 1859 4641 1859 4644 1859 4616 1860 4644 1860 4647 1860 4616 1861 4647 1861 4650 1861 4616 1862 4650 1862 4653 1862 4616 1863 4653 1863 4281 1863 4617 1864 4282 1864 4278 1864 4656 1865 4659 1865 4662 1865 4656 1866 4662 1866 4665 1866 4656 1867 4665 1867 4668 1867 4656 1868 4668 1868 4285 1868 4656 1869 4285 1869 4281 1869 4527 1870 4524 1870 4672 1870 4527 1871 4672 1871 4675 1871 4527 1872 4675 1872 4678 1872 4527 1873 4678 1873 4659 1873 4527 1874 4659 1874 4656 1874 4457 1875 4453 1875 4681 1875 4457 1876 4681 1876 4684 1876 4457 1877 4684 1877 4687 1877 4457 1878 4687 1878 4690 1878 4457 1879 4690 1879 4693 1879 4457 1880 4693 1880 4696 1880 4457 1881 4696 1881 4699 1881 4457 1882 4699 1882 4702 1882 4457 1883 4702 1883 4705 1883 4457 1884 4705 1884 4708 1884 4457 1885 4708 1885 4711 1885 4457 1886 4711 1886 4714 1886 4457 1887 4714 1887 4717 1887 4457 1888 4717 1888 4720 1888 4457 1889 4720 1889 4723 1889 4457 1890 4723 1890 4607 1890 4615 1891 4726 1891 4730 1891 4616 1892 4731 1892 4734 1892 4616 1893 4734 1893 4737 1893 4616 1894 4737 1894 4741 1894 4616 1895 4741 1895 4744 1895 4618 1896 4745 1896 4750 1896 4616 1897 4749 1897 4322 1897 4616 1898 4322 1898 4318 1898 4616 1899 4318 1899 4753 1899 4616 1900 4753 1900 4756 1900 4616 1901 4756 1901 4759 1901 4616 1902 4759 1902 4762 1902 4616 1903 4762 1903 4765 1903 4619 1904 4766 1904 4770 1904 4614 1905 4769 1905 4774 1905 4619 1906 4775 1906 4780 1906 4614 1907 4779 1907 4622 1907 4592 1908 4783 1908 4786 1908 4592 1909 4786 1909 4790 1909 4591 1910 4789 1910 4793 1910 4592 1911 4794 1911 4798 1911 4593 1912 4799 1912 4517 1912 4536 1913 4531 1913 4803 1913 4536 1914 4803 1914 4806 1914 4536 1915 4806 1915 4809 1915 4536 1916 4809 1916 4812 1916 4536 1917 4812 1917 4815 1917 4536 1918 4815 1918 4818 1918 4537 1919 4819 1919 4822 1919 4480 1920 4472 1920 4827 1920 4475 1921 4826 1921 4830 1921 4478 1922 4831 1922 4834 1922 4479 1923 4835 1923 4839 1923 4478 1924 4838 1924 4842 1924 4478 1925 4842 1925 4845 1925 4478 1926 4845 1926 4848 1926 4478 1927 4848 1927 4851 1927 4479 1928 4852 1928 4319 1928 4478 1929 4318 1929 4351 1929 4477 1930 4350 1930 4855 1930 4478 1931 4856 1931 4859 1931 4478 1932 4859 1932 4862 1932 4478 1933 4862 1933 4865 1933 4478 1934 4865 1934 4868 1934 4478 1935 4868 1935 4872 1935 4477 1936 4871 1936 4875 1936 4403 1937 4396 1937 4880 1937 4401 1938 4879 1938 4883 1938 4402 1939 4884 1939 4887 1939 4402 1940 4887 1940 4301 1940 4402 1941 4301 1941 4298 1941 4535 1942 4890 1942 4894 1942 4535 1943 4894 1943 4897 1943 4536 1944 4898 1944 4902 1944 4535 1945 4901 1945 4906 1945 4536 1946 4907 1946 4910 1946 4536 1947 4910 1947 4913 1947 4536 1948 4913 1948 4385 1948 4536 1949 4385 1949 4422 1949 4476 1950 4307 1950 4314 1950 4478 1951 4315 1951 4916 1951 4478 1952 4916 1952 4919 1952 4478 1953 4919 1953 4922 1953 4478 1954 4922 1954 4925 1954 4478 1955 4925 1955 4928 1955 4478 1956 4928 1956 4932 1956 4478 1957 4932 1957 4935 1957 4478 1958 4935 1958 4483 1958 4938 1959 4315 1959 4311 1959 4938 1960 4311 1960 4941 1960 4938 1961 4941 1961 4944 1961 4938 1962 4944 1962 4947 1962 4938 1963 4947 1963 4950 1963 4938 1964 4950 1964 4953 1964 4938 1965 4953 1965 4956 1965 4956 1966 4953 1966 4959 1966 4956 1967 4959 1967 4962 1967 4956 1968 4962 1968 4966 1968 4956 1969 4966 1969 4448 1969 4956 1970 4448 1970 4444 1970 4254 1971 4258 1971 4969 1971 4970 1972 4259 1972 4974 1972 4970 1973 4974 1973 4979 1973 4969 1974 4978 1974 4273 1974 4274 1975 4979 1975 4983 1975 4272 1976 4982 1976 4263 1976 4563 1977 4604 1977 4986 1977 4986 1978 4604 1978 4990 1978 4987 1979 4991 1979 4255 1979 4254 1980 4990 1980 4994 1980 4254 1981 4994 1981 4247 1981 4731 1982 4727 1982 4295 1982 4295 1983 4727 1983 4997 1983 4295 1984 4997 1984 4288 1984 4295 1985 4292 1985 5001 1985 5000 1986 4291 1986 5004 1986 5001 1987 5005 1987 5008 1987 5001 1988 5008 1988 4783 1988 4783 1989 5008 1989 5011 1989 4783 1990 5011 1990 4786 1990 4876 1991 4872 1991 5015 1991 5015 1992 4872 1992 5019 1992 5014 1993 5018 1993 5022 1993 5026 1994 5029 1994 5019 1994 5019 1995 5029 1995 5032 1995 5019 1996 5032 1996 5023 1996 4298 1997 4304 1997 5026 1997 5026 1998 4304 1998 5035 1998 5026 1999 5035 1999 5029 1999 2663 2000 4333 2000 2666 2000 2668 2001 4335 2001 4331 2001 2668 2002 4331 2002 2670 2002 2671 2003 4332 2003 4328 2003 2671 2004 4328 2004 2673 2004 2674 2005 4329 2005 4324 2005 2674 2006 4324 2006 2677 2006 2678 2007 4325 2007 4751 2007 2678 2008 4751 2008 2952 2008 2953 2009 4752 2009 4746 2009 2954 2010 4747 2010 2957 2010 2958 2011 4748 2011 4742 2011 2958 2012 4742 2012 2961 2012 2962 2013 4743 2013 4738 2013 2963 2014 4739 2014 2965 2014 2966 2015 4740 2015 4735 2015 2966 2016 4735 2016 2968 2016 2969 2017 4736 2017 4732 2017 2969 2018 4732 2018 2972 2018 2973 2019 4733 2019 4296 2019 2973 2020 4296 2020 3137 2020 3138 2021 4297 2021 5002 2021 3138 2022 5002 2022 3143 2022 4333 2023 2663 2023 4336 2023 4338 2024 2664 2024 2659 2024 4339 2025 2660 2025 4341 2025 4342 2026 2661 2026 2656 2026 4342 2027 2656 2027 4344 2027 4345 2028 2657 2028 2653 2028 4345 2029 2653 2029 4347 2029 4348 2030 2654 2030 2648 2030 4349 2031 2649 2031 4352 2031 4353 2032 2650 2032 3010 2032 4353 2033 3010 2033 4857 2033 4858 2034 3011 2034 3006 2034 4858 2035 3006 2035 4860 2035 4861 2036 3007 2036 3003 2036 4861 2037 3003 2037 4863 2037 4864 2038 3004 2038 3000 2038 4864 2039 3000 2039 4866 2039 4867 2040 3001 2040 2997 2040 4867 2041 2997 2041 4869 2041 4870 2042 2998 2042 2993 2042 4870 2043 2993 2043 4873 2043 4874 2044 2994 2044 2636 2044 4874 2045 2636 2045 5020 2045 5021 2046 2637 2046 3158 2046 5021 2047 3158 2047 5028 2047 2583 2048 4972 2048 3113 2048 3112 2049 4971 2049 4275 2049 3112 2050 4275 2050 3106 2050 3107 2051 4276 2051 4270 2051 3107 2052 4270 2052 3098 2052 3099 2053 4271 2053 4365 2053 3099 2054 4365 2054 2596 2054 2597 2055 4366 2055 4362 2055 2597 2056 4362 2056 2599 2056 2600 2057 4363 2057 4383 2057 2600 2058 4383 2058 2776 2058 2777 2059 4384 2059 4379 2059 2777 2060 4379 2060 2780 2060 2781 2061 4380 2061 4375 2061 2781 2062 4375 2062 2784 2062 2785 2063 4376 2063 4409 2063 2785 2064 4409 2064 2787 2064 2788 2065 4410 2065 4405 2065 2788 2066 4405 2066 2791 2066 2792 2067 4406 2067 4299 2067 2792 2068 4299 2068 3042 2068 3043 2069 4300 2069 5027 2069 3043 2070 5027 2070 3157 2070 4973 2071 2584 2071 4256 2071 4257 2072 2587 2072 2610 2072 4257 2073 2610 2073 4988 2073 4989 2074 2611 2074 2712 2074 4989 2075 2712 2075 4566 2075 4567 2076 2713 2076 2708 2076 4567 2077 2708 2077 4569 2077 4570 2078 2709 2078 2704 2078 4571 2079 2705 2079 4573 2079 4574 2080 2706 2080 2701 2080 4574 2081 2701 2081 4576 2081 4578 2082 2702 2082 2698 2082 4577 2083 2697 2083 4580 2083 4581 2084 2699 2084 2694 2084 4581 2085 2694 2085 4583 2085 4584 2086 2695 2086 2691 2086 4584 2087 2691 2087 4586 2087 4587 2088 2692 2088 2688 2088 4587 2089 2688 2089 4589 2089 4590 2090 2689 2090 2685 2090 4590 2091 2685 2091 4594 2091 4595 2092 2686 2092 2617 2092 4595 2093 2617 2093 4784 2093 4785 2094 2618 2094 3144 2094 4785 2095 3144 2095 5003 2095 2918 2096 4801 2096 2978 2096 2980 2097 4802 2097 4796 2097 2979 2098 4795 2098 2983 2098 2984 2099 4797 2099 4791 2099 2984 2100 4791 2100 2986 2100 2987 2101 4792 2101 4787 2101 2987 2102 4787 2102 2619 2102 2620 2103 4788 2103 5012 2103 2620 2104 5012 2104 2623 2104 2624 2105 5013 2105 5009 2105 2624 2106 5009 2106 3151 2106 4800 2107 2917 2107 4518 2107 4519 2108 2921 2108 2915 2108 4519 2109 2915 2109 4521 2109 4523 2110 2916 2110 2911 2110 4522 2111 2910 2111 4525 2111 4526 2112 2912 2112 2906 2112 4526 2113 2906 2113 4673 2113 4674 2114 2907 2114 2903 2114 4674 2115 2903 2115 4676 2115 4677 2116 2904 2116 2900 2116 4677 2117 2900 2117 4679 2117 4680 2118 2901 2118 2898 2118 4680 2119 2898 2119 4661 2119 2850 2120 4279 2120 2852 2120 2853 2121 4280 2121 4286 2121 2853 2122 4286 2122 2856 2122 2857 2123 4287 2123 4669 2123 2858 2124 4670 2124 2861 2124 2862 2125 4671 2125 4666 2125 2862 2126 4666 2126 2890 2126 2891 2127 4667 2127 4663 2127 2891 2128 4663 2128 2894 2128 2895 2129 4664 2129 4660 2129 2895 2130 4660 2130 2897 2130 4279 2131 2850 2131 4621 2131 4620 2132 2845 2132 2974 2132 4620 2133 2974 2133 4728 2133 4729 2134 2975 2134 3132 2134 4729 2135 3132 2135 4998 2135 4999 2136 3133 2136 3139 2136 4999 2137 3139 2137 4289 2137 4290 2138 3140 2138 3148 2138 4290 2139 3148 2139 4293 2139 4294 2140 3149 2140 3145 2140 4294 2141 3145 2141 5006 2141 5007 2142 3146 2142 3152 2142 5007 2143 3152 2143 5010 2143 3059 2144 4450 2144 3063 2144 3064 2145 4451 2145 4967 2145 3064 2146 4967 2146 3067 2146 3068 2147 4968 2147 4963 2147 3069 2148 4964 2148 3071 2148 3072 2149 4965 2149 4960 2149 3072 2150 4960 2150 3074 2150 3075 2151 4961 2151 4954 2151 3075 2152 4954 2152 3077 2152 3078 2153 4955 2153 4951 2153 3078 2154 4951 2154 3080 2154 4450 2155 3059 2155 4398 2155 4399 2156 3062 2156 3056 2156 4400 2157 3057 2157 4881 2157 4882 2158 3058 2158 3052 2158 4882 2159 3052 2159 4885 2159 4886 2160 3053 2160 3049 2160 4886 2161 3049 2161 4888 2161 4889 2162 3050 2162 3046 2162 4889 2163 3046 2163 4302 2163 4303 2164 3047 2164 3167 2164 4303 2165 3167 2165 4305 2165 4306 2166 3168 2166 3165 2166 4306 2167 3165 2167 5037 2167 2880 2168 4877 2168 2991 2168 2992 2169 4878 2169 5016 2169 2992 2170 5016 2170 3155 2170 3156 2171 5017 2171 5024 2171 3156 2172 5024 2172 2631 2172 2632 2173 5025 2173 5033 2173 2632 2174 5033 2174 2634 2174 2635 2175 5034 2175 5030 2175 2635 2176 5030 2176 3161 2176 3162 2177 5031 2177 5036 2177 3162 2178 5036 2178 3164 2178 4877 2179 2880 2179 4482 2179 4481 2180 2875 2180 2871 2180 4481 2181 2871 2181 4309 2181 4310 2182 2872 2182 2867 2182 4310 2183 2867 2183 4312 2183 4313 2184 2868 2184 2863 2184 4313 2185 2863 2185 4942 2185 4943 2186 2864 2186 3088 2186 4943 2187 3088 2187 4945 2187 4946 2188 3089 2188 3084 2188 4946 2189 3084 2189 4948 2189 4949 2190 3085 2190 3081 2190 4949 2191 3081 2191 4952 2191 3032 2192 4833 2192 3036 2192 3035 2193 4832 2193 4829 2193 3035 2194 4829 2194 3040 2194 3039 2195 4828 2195 4474 2195 3039 2196 4474 2196 2818 2196 2816 2197 4473 2197 4468 2197 2817 2198 4469 2198 2823 2198 2822 2199 4467 2199 4464 2199 2822 2200 4464 2200 2827 2200 2826 2201 4463 2201 4459 2201 2826 2202 4459 2202 2830 2202 4833 2203 3032 2203 4837 2203 4836 2204 3031 2204 3029 2204 4836 2205 3029 2205 4841 2205 4840 2206 3028 2206 3026 2206 4840 2207 3026 2207 4844 2207 4843 2208 3025 2208 3023 2208 4843 2209 3023 2209 4847 2209 4846 2210 3022 2210 3019 2210 4846 2211 3019 2211 4850 2211 4849 2212 3018 2212 3015 2212 4849 2213 3015 2213 4854 2213 4853 2214 3014 2214 2644 2214 4853 2215 2644 2215 4320 2215 2934 2216 4768 2216 2937 2216 2936 2217 4767 2217 4764 2217 2936 2218 4764 2218 2940 2218 2939 2219 4763 2219 4761 2219 2939 2220 4761 2220 2943 2220 2942 2221 4760 2221 4758 2221 2942 2222 4758 2222 2946 2222 2945 2223 4757 2223 4755 2223 2945 2224 4755 2224 2949 2224 2948 2225 4754 2225 4321 2225 2948 2226 4321 2226 2647 2226 4768 2227 2934 2227 4773 2227 4771 2228 2933 2228 2930 2228 4772 2229 2931 2229 4778 2229 4777 2230 2929 2230 2926 2230 4776 2231 2925 2231 4782 2231 4781 2232 2924 2232 2844 2232 4781 2233 2844 2233 4625 2233 4624 2234 2843 2234 2839 2234 4624 2235 2839 2235 4628 2235 4627 2236 2838 2236 2835 2236 4627 2237 2835 2237 4632 2237 4631 2238 2834 2238 2832 2238 4631 2239 2832 2239 4460 2239 2717 2240 4558 2240 2721 2240 2720 2241 4557 2241 4555 2241 2720 2242 4555 2242 2725 2242 2724 2243 4554 2243 4552 2243 2724 2244 4552 2244 2728 2244 2727 2245 4551 2245 4548 2245 2727 2246 4548 2246 2732 2246 2730 2247 4547 2247 4543 2247 2731 2248 4544 2248 2736 2248 2735 2249 4542 2249 4425 2249 2735 2250 4425 2250 2740 2250 4558 2251 2717 2251 4562 2251 4561 2252 2716 2252 2887 2252 4561 2253 2887 2253 4599 2253 4598 2254 2886 2254 2883 2254 4598 2255 2883 2255 4603 2255 4602 2256 2882 2256 2614 2256 4602 2257 2614 2257 4606 2257 4605 2258 2613 2258 2629 2258 4605 2259 2629 2259 4993 2259 4992 2260 2628 2260 2595 2260 4992 2261 2595 2261 4996 2261 4995 2262 2594 2262 2582 2262 4995 2263 2582 2263 4249 2263 3103 2264 4985 2264 3110 2264 3109 2265 4984 2265 4981 2265 3109 2266 4981 2266 3117 2266 3115 2267 4980 2267 4976 2267 3116 2268 4977 2268 3121 2268 3120 2269 4975 2269 4262 2269 3119 2270 4261 2270 2641 2270 2639 2271 4260 2271 4252 2271 2640 2272 4253 2272 2589 2272 2588 2273 4251 2273 4248 2273 2588 2274 4248 2274 2579 2274 4985 2275 3103 2275 4267 2275 4266 2276 3102 2276 2605 2276 4265 2277 2604 2277 4359 2277 4357 2278 2603 2278 2771 2278 4358 2279 2772 2279 4372 2279 4371 2280 2770 2280 2767 2280 4371 2281 2767 2281 4413 2281 4412 2282 2766 2282 2763 2282 4412 2283 2763 2283 4417 2283 4416 2284 2762 2284 2759 2284 4415 2285 2758 2285 4421 2285 4420 2286 2757 2286 2737 2286 4420 2287 2737 2287 4424 2287 4538 2288 2564 2288 4893 2288 4891 2289 2563 2289 2558 2289 4892 2290 2559 2290 4895 2290 4896 2291 2560 2291 2555 2291 4896 2292 2555 2292 4899 2292 4900 2293 2556 2293 2552 2293 4900 2294 2552 2294 4903 2294 4904 2295 2553 2295 2548 2295 4905 2296 2549 2296 4908 2296 4909 2297 2550 2297 2545 2297 4909 2298 2545 2298 4911 2298 4912 2299 2546 2299 2542 2299 4912 2300 2542 2300 4914 2300 4915 2301 2543 2301 2539 2301 4915 2302 2539 2302 4388 2302 4389 2303 2540 2303 2535 2303 4390 2304 2536 2304 4392 2304 4394 2305 2537 2305 2531 2305 4393 2306 2530 2306 4427 2306 4428 2307 2532 2307 2526 2307 4428 2308 2526 2308 4430 2308 4431 2309 2527 2309 2523 2309 4431 2310 2523 2310 4433 2310 4434 2311 2524 2311 2519 2311 4434 2312 2519 2312 4436 2312 4437 2313 2520 2313 2515 2313 4437 2314 2515 2314 4439 2314 4440 2315 2516 2315 2512 2315 4440 2316 2512 2316 4442 2316 4443 2317 2513 2317 2509 2317 4443 2318 2509 2318 4446 2318 4447 2319 2510 2319 2506 2319 4447 2320 2506 2320 4957 2320 4958 2321 2507 2321 2503 2321 4958 2322 2503 2322 4939 2322 2564 2323 4538 2323 2385 2323 2387 2324 4539 2324 4824 2324 2386 2325 4823 2325 2389 2325 2390 2326 4825 2326 4820 2326 2390 2327 4820 2327 2392 2327 2393 2328 4821 2328 4816 2328 2393 2329 4816 2329 2395 2329 2396 2330 4817 2330 4813 2330 2396 2331 4813 2331 2398 2331 2399 2332 4814 2332 4810 2332 2399 2333 4810 2333 2401 2333 2402 2334 4811 2334 4807 2334 2402 2335 4807 2335 2404 2335 2405 2336 4808 2336 4804 2336 2405 2337 4804 2337 2407 2337 2408 2338 4805 2338 4533 2338 2408 2339 4533 2339 2410 2339 2411 2340 4534 2340 4514 2340 2411 2341 4514 2341 2413 2341 2414 2342 4515 2342 4511 2342 2414 2343 4511 2343 2416 2343 2417 2344 4512 2344 4507 2344 2417 2345 4507 2345 2419 2345 2420 2346 4508 2346 4503 2346 2420 2347 4503 2347 2422 2347 2423 2348 4504 2348 4499 2348 2423 2349 4499 2349 2425 2349 2426 2350 4500 2350 4495 2350 2426 2351 4495 2351 2428 2351 2429 2352 4496 2352 4492 2352 2429 2353 4492 2353 2456 2353 2457 2354 4493 2354 4489 2354 2457 2355 4489 2355 2459 2355 2460 2356 4490 2356 4528 2356 2460 2357 4528 2357 2462 2357 2463 2358 4529 2358 4658 2358 2463 2359 4658 2359 2466 2359 4703 2360 2297 2360 4706 2360 4707 2361 2298 2361 2294 2361 4707 2362 2294 2362 4709 2362 4710 2363 2295 2363 2291 2363 4710 2364 2291 2364 4712 2364 4713 2365 2292 2365 2287 2365 4713 2366 2287 2366 4715 2366 4716 2367 2288 2367 2283 2367 4716 2368 2283 2368 4718 2368 4719 2369 2284 2369 2280 2369 4719 2370 2280 2370 4721 2370 4722 2371 2281 2371 2277 2371 4722 2372 2277 2372 4724 2372 4725 2373 2278 2373 2274 2373 4725 2374 2274 2374 4609 2374 4610 2375 2275 2375 2271 2375 4610 2376 2271 2376 4612 2376 4613 2377 2272 2377 2268 2377 4613 2378 2268 2378 4635 2378 4636 2379 2269 2379 2265 2379 4636 2380 2265 2380 4639 2380 4640 2381 2266 2381 2262 2381 4640 2382 2262 2382 4642 2382 4643 2383 2263 2383 2481 2383 4643 2384 2481 2384 4645 2384 4646 2385 2482 2385 2477 2385 4646 2386 2477 2386 4648 2386 4649 2387 2478 2387 2474 2387 4649 2388 2474 2388 4651 2388 4652 2389 2475 2389 2471 2389 4652 2390 2471 2390 4654 2390 4655 2391 2472 2391 2468 2391 4655 2392 2468 2392 4283 2392 4284 2393 2469 2393 2465 2393 4284 2394 2465 2394 4657 2394 2297 2395 4703 2395 2300 2395 2301 2396 4704 2396 4700 2396 2301 2397 4700 2397 2303 2397 2304 2398 4701 2398 4697 2398 2304 2399 4697 2399 2306 2399 2307 2400 4698 2400 4694 2400 2307 2401 4694 2401 2309 2401 2310 2402 4695 2402 4691 2402 2310 2403 4691 2403 2312 2403 2313 2404 4692 2404 4688 2404 2313 2405 4688 2405 2315 2405 2316 2406 4689 2406 4685 2406 2316 2407 4685 2407 2318 2407 2319 2408 4686 2408 4682 2408 2319 2409 4682 2409 2321 2409 2322 2410 4683 2410 4455 2410 2322 2411 4455 2411 2324 2411 2325 2412 4456 2412 4484 2412 2325 2413 4484 2413 2328 2413 2329 2414 4485 2414 4936 2414 2329 2415 4936 2415 2332 2415 2333 2416 4937 2416 4933 2416 2333 2417 4933 2417 2336 2417 2338 2418 4934 2418 4930 2418 2337 2419 4929 2419 2342 2419 2343 2420 4931 2420 4926 2420 2343 2421 4926 2421 2485 2421 2486 2422 4927 2422 4923 2422 2486 2423 4923 2423 2489 2423 2490 2424 4924 2424 4920 2424 2490 2425 4920 2425 2492 2425 2493 2426 4921 2426 4917 2426 2493 2427 4917 2427 2496 2427 2497 2428 4918 2428 4316 2428 2497 2429 4316 2429 2500 2429 2501 2430 4317 2430 4940 2430 2501 2431 4940 2431 2504 2431 5038 2432 1644 2432 5041 2432 5042 2433 1645 2433 2066 2433 5042 2434 2066 2434 5045 2434 5046 2435 2067 2435 2056 2435 5047 2436 2057 2436 5051 2436 5052 2437 2058 2437 2047 2437 5052 2438 2047 2438 5055 2438 5056 2439 2048 2439 2039 2439 5057 2440 2040 2440 5060 2440 5061 2441 2041 2441 2030 2441 5062 2442 2031 2442 5065 2442 5066 2443 2032 2443 2021 2443 5066 2444 2021 2444 5071 2444 1644 2445 5038 2445 1649 2445 1650 2446 5039 2446 5074 2446 1650 2447 5074 2447 1816 2447 1817 2448 5075 2448 5078 2448 1817 2449 5078 2449 1820 2449 1822 2450 5079 2450 5083 2450 1821 2451 5082 2451 1825 2451 1827 2452 5084 2452 5089 2452 1826 2453 5088 2453 1830 2453 1831 2454 5090 2454 5094 2454 1831 2455 5094 2455 1563 2455 1564 2456 5095 2456 5098 2456 1564 2457 5098 2457 1567 2457 1568 2458 5099 2458 5102 2458 1568 2459 5102 2459 1571 2459 5107 2460 1596 2460 5109 2460 5110 2461 1597 2461 1592 2461 5110 2462 1592 2462 5114 2462 5115 2463 1593 2463 1588 2463 5115 2464 1588 2464 5119 2464 5120 2465 1589 2465 1584 2465 5120 2466 1584 2466 5124 2466 5125 2467 1585 2467 1579 2467 5126 2468 1580 2468 5129 2468 5130 2469 1581 2469 1575 2469 5130 2470 1575 2470 5134 2470 5135 2471 1576 2471 1572 2471 5135 2472 1572 2472 5103 2472 1596 2473 5107 2473 1608 2473 1607 2474 5106 2474 5138 2474 1607 2475 5138 2475 1962 2475 1963 2476 5139 2476 5142 2476 1963 2477 5142 2477 1972 2477 1974 2478 5143 2478 5148 2478 1973 2479 5147 2479 1982 2479 1984 2480 5149 2480 5154 2480 1983 2481 5153 2481 1993 2481 1995 2482 5155 2482 5160 2482 1994 2483 5159 2483 2002 2483 2003 2484 5161 2484 5164 2484 2003 2485 5164 2485 2011 2485 2012 2486 5165 2486 5070 2486 2012 2487 5070 2487 2020 2487 5169 2488 1957 2488 5171 2488 5172 2489 1958 2489 1967 2489 5172 2490 1967 2490 5176 2490 5178 2491 1968 2491 1978 2491 5177 2492 1977 2492 5182 2492 5183 2493 1979 2493 1988 2493 5183 2494 1988 2494 5187 2494 5188 2495 1989 2495 1998 2495 5188 2496 1998 2496 5192 2496 5194 2497 1999 2497 2007 2497 5193 2498 2006 2498 5197 2498 5198 2499 2008 2499 2017 2499 5198 2500 2017 2500 5203 2500 1957 2501 5169 2501 1704 2501 1703 2502 5168 2502 5206 2502 1703 2503 5206 2503 1708 2503 1709 2504 5207 2504 5210 2504 1709 2505 5210 2505 1712 2505 1713 2506 5211 2506 5215 2506 1713 2507 5215 2507 1654 2507 1655 2508 5216 2508 5220 2508 1656 2509 5221 2509 1660 2509 1661 2510 5222 2510 5226 2510 1661 2511 5226 2511 1664 2511 1665 2512 5227 2512 5230 2512 1665 2513 5230 2513 1668 2513 1670 2514 5231 2514 5236 2514 1669 2515 5235 2515 1673 2515 5240 2516 1699 2516 5243 2516 5244 2517 1700 2517 1695 2517 5244 2518 1695 2518 5248 2518 5250 2519 1696 2519 1691 2519 5249 2520 1690 2520 5254 2520 5255 2521 1692 2521 1686 2521 5255 2522 1686 2522 5258 2522 5259 2523 1687 2523 1681 2523 5260 2524 1682 2524 5264 2524 5265 2525 1683 2525 1677 2525 5265 2526 1677 2526 5268 2526 5269 2527 1678 2527 1674 2527 5269 2528 1674 2528 5237 2528 1699 2529 5240 2529 1633 2529 1634 2530 5241 2530 5273 2530 1634 2531 5273 2531 1639 2531 1640 2532 5274 2532 5277 2532 1640 2533 5277 2533 2061 2533 2062 2534 5278 2534 5282 2534 2062 2535 5282 2535 2051 2535 2052 2536 5283 2536 5287 2536 2053 2537 5288 2537 2043 2537 2044 2538 5289 2538 5293 2538 2044 2539 5293 2539 2035 2539 2036 2540 5294 2540 5297 2540 2036 2541 5297 2541 2024 2541 2026 2542 5298 2542 5202 2542 2025 2543 5201 2543 2016 2543 5303 2544 1892 2544 5305 2544 5306 2545 1893 2545 2071 2545 5306 2546 2071 2546 5309 2546 5310 2547 2072 2547 2082 2547 5311 2548 2083 2548 5315 2548 5316 2549 2084 2549 2094 2549 5316 2550 2094 2550 5319 2550 5320 2551 2095 2551 2104 2551 5320 2552 2104 2552 5323 2552 5324 2553 2105 2553 2114 2553 5324 2554 2114 2554 5327 2554 5328 2555 2115 2555 2125 2555 5328 2556 2125 2556 5333 2556 1892 2557 5303 2557 1835 2557 1834 2558 5302 2558 5336 2558 1834 2559 5336 2559 1844 2559 1845 2560 5337 2560 5340 2560 1845 2561 5340 2561 1948 2561 1949 2562 5341 2562 5344 2562 1949 2563 5344 2563 1952 2563 1953 2564 5345 2564 5349 2564 1954 2565 5350 2565 1896 2565 1897 2566 5351 2566 5355 2566 1897 2567 5355 2567 1901 2567 1903 2568 5356 2568 5360 2568 1902 2569 5359 2569 1906 2569 1907 2570 5361 2570 5365 2570 1908 2571 5366 2571 1911 2571 5370 2572 1938 2572 5373 2572 5374 2573 1939 2573 1934 2573 5374 2574 1934 2574 5378 2574 5379 2575 1935 2575 1930 2575 5380 2576 1931 2576 5384 2576 5385 2577 1932 2577 1926 2577 5385 2578 1926 2578 5389 2578 5390 2579 1927 2579 1921 2579 5391 2580 1922 2580 5394 2580 5396 2581 1923 2581 1917 2581 5395 2582 1916 2582 5400 2582 5401 2583 1918 2583 1912 2583 5402 2584 1913 2584 5367 2584 1938 2585 5370 2585 1942 2585 1943 2586 5371 2586 5405 2586 1943 2587 5405 2587 2187 2587 2189 2588 5406 2588 5410 2588 2188 2589 5409 2589 2177 2589 2178 2590 5411 2590 5415 2590 2178 2591 5415 2591 2166 2591 2167 2592 5416 2592 5420 2592 2168 2593 5421 2593 2155 2593 2156 2594 5422 2594 5425 2594 2156 2595 5425 2595 2146 2595 2147 2596 5426 2596 5430 2596 2147 2597 5430 2597 2135 2597 2136 2598 5431 2598 5331 2598 2137 2599 5332 2599 2124 2599 5434 2600 2193 2600 5437 2600 5438 2601 2194 2601 2182 2601 5438 2602 2182 2602 5442 2602 5443 2603 2183 2603 2172 2603 5443 2604 2172 2604 5447 2604 5449 2605 2173 2605 2161 2605 5448 2606 2160 2606 5453 2606 5454 2607 2162 2607 2150 2607 5454 2608 2150 2608 5458 2608 5460 2609 2151 2609 2142 2609 5459 2610 2141 2610 5464 2610 5465 2611 2143 2611 2130 2611 5466 2612 2131 2612 5472 2612 2193 2613 5434 2613 1552 2613 1554 2614 5435 2614 5476 2614 1553 2615 5475 2615 1779 2615 1780 2616 5477 2616 5480 2616 1781 2617 5481 2617 1783 2617 1784 2618 5482 2618 5486 2618 1785 2619 5487 2619 1788 2619 1789 2620 5488 2620 5492 2620 1790 2621 5493 2621 1793 2621 1795 2622 5494 2622 5499 2622 1794 2623 5498 2623 1798 2623 1799 2624 5500 2624 5504 2624 1800 2625 5505 2625 1803 2625 1805 2626 5506 2626 5511 2626 1804 2627 5510 2627 1808 2627 5516 2628 1747 2628 5519 2628 5520 2629 1749 2629 1743 2629 5520 2630 1743 2630 5524 2630 5525 2631 1744 2631 1739 2631 5525 2632 1739 2632 5529 2632 5530 2633 1740 2633 1735 2633 5530 2634 1735 2634 5534 2634 5535 2635 1736 2635 1730 2635 5535 2636 1730 2636 5539 2636 5540 2637 1731 2637 1812 2637 5540 2638 1812 2638 5543 2638 5544 2639 1813 2639 1809 2639 5544 2640 1809 2640 5512 2640 1748 2641 5517 2641 1754 2641 1752 2642 5515 2642 5548 2642 1753 2643 5549 2643 1887 2643 1888 2644 5550 2644 5553 2644 1888 2645 5553 2645 2076 2645 2077 2646 5554 2646 5558 2646 2078 2647 5559 2647 2088 2647 2089 2648 5560 2648 5564 2648 2090 2649 5565 2649 2098 2649 2099 2650 5566 2650 5570 2650 2100 2651 5571 2651 2109 2651 2110 2652 5572 2652 5575 2652 2111 2653 5576 2653 2118 2653 2120 2654 5577 2654 5471 2654 2119 2655 5470 2655 2129 2655 5112 2656 5140 2656 5108 2656 5141 2657 5113 2657 5146 2657 5145 2658 5111 2658 5117 2658 5144 2659 5116 2659 5150 2659 5152 2660 5118 2660 5123 2660 5151 2661 5122 2661 5158 2661 5157 2662 5121 2662 5128 2662 5156 2663 5127 2663 5162 2663 5162 2664 5127 2664 5131 2664 5163 2665 5132 2665 5166 2665 5167 2666 5133 2666 5137 2666 5167 2667 5137 2667 5073 2667 5072 2668 5136 2668 5104 2668 5073 2669 5105 2669 5069 2669 5068 2670 5104 2670 5101 2670 5067 2671 5100 2671 5063 2671 5064 2672 5101 2672 5096 2672 5064 2673 5096 2673 5058 2673 5059 2674 5097 2674 5093 2674 5058 2675 5092 2675 5054 2675 5053 2676 5091 2676 5085 2676 5054 2677 5086 2677 5049 2677 5050 2678 5087 2678 5081 2678 5048 2679 5080 2679 5043 2679 5043 2680 5080 2680 5076 2680 5044 2681 5077 2681 5040 2681 5173 2682 5208 2682 5170 2682 5209 2683 5175 2683 5214 2683 5213 2684 5174 2684 5181 2684 5212 2685 5180 2685 5219 2685 5218 2686 5179 2686 5186 2686 5217 2687 5184 2687 5223 2687 5224 2688 5185 2688 5190 2688 5225 2689 5191 2689 5229 2689 5228 2690 5189 2690 5195 2690 5228 2691 5195 2691 5232 2691 5233 2692 5196 2692 5199 2692 5234 2693 5200 2693 5239 2693 5238 2694 5199 2694 5204 2694 5238 2695 5204 2695 5270 2695 5272 2696 5205 2696 5301 2696 5271 2697 5300 2697 5267 2697 5266 2698 5299 2698 5295 2698 5266 2699 5295 2699 5261 2699 5263 2700 5296 2700 5292 2700 5262 2701 5291 2701 5257 2701 5256 2702 5290 2702 5284 2702 5257 2703 5285 2703 5251 2703 5252 2704 5286 2704 5279 2704 5253 2705 5280 2705 5246 2705 5247 2706 5281 2706 5276 2706 5245 2707 5275 2707 5242 2707 5308 2708 5339 2708 5304 2708 5338 2709 5307 2709 5342 2709 5342 2710 5307 2710 5312 2710 5343 2711 5314 2711 5348 2711 5347 2712 5313 2712 5318 2712 5346 2713 5317 2713 5352 2713 5353 2714 5318 2714 5321 2714 5354 2715 5322 2715 5358 2715 5357 2716 5321 2716 5326 2716 5357 2717 5326 2717 5363 2717 5362 2718 5325 2718 5329 2718 5364 2719 5330 2719 5369 2719 5369 2720 5330 2720 5335 2720 5368 2721 5334 2721 5403 2721 5404 2722 5335 2722 5433 2722 5404 2723 5433 2723 5399 2723 5398 2724 5432 2724 5429 2724 5397 2725 5427 2725 5392 2725 5393 2726 5428 2726 5423 2726 5393 2727 5423 2727 5386 2727 5387 2728 5424 2728 5418 2728 5388 2729 5419 2729 5383 2729 5381 2730 5417 2730 5412 2730 5382 2731 5413 2731 5375 2731 5377 2732 5414 2732 5408 2732 5376 2733 5407 2733 5372 2733 5521 2734 5551 2734 5518 2734 5552 2735 5523 2735 5557 2735 5556 2736 5522 2736 5528 2736 5555 2737 5527 2737 5563 2737 5562 2738 5526 2738 5533 2738 5561 2739 5531 2739 5567 2739 5568 2740 5532 2740 5537 2740 5569 2741 5538 2741 5574 2741 5573 2742 5536 2742 5541 2742 5573 2743 5541 2743 5578 2743 5579 2744 5542 2744 5546 2744 5580 2745 5547 2745 5474 2745 5473 2746 5545 2746 5513 2746 5473 2747 5513 2747 5467 2747 5469 2748 5514 2748 5508 2748 5468 2749 5507 2749 5462 2749 5463 2750 5509 2750 5503 2750 5461 2751 5501 2751 5455 2751 5457 2752 5502 2752 5497 2752 5456 2753 5496 2753 5451 2753 5450 2754 5495 2754 5489 2754 5452 2755 5490 2755 5444 2755 5445 2756 5491 2756 5483 2756 5446 2757 5484 2757 5439 2757 5441 2758 5485 2758 5479 2758 5440 2759 5478 2759 5436 2759 625 2760 165 2760 1144 2760 1146 2761 166 2761 162 2761 1145 2762 161 2762 1077 2762 1078 2763 163 2763 158 2763 1078 2764 158 2764 1080 2764 1081 2765 159 2765 5 2765 1081 2766 5 2766 712 2766 714 2767 6 2767 202 2767 713 2768 201 2768 716 2768 717 2769 203 2769 406 2769 717 2770 406 2770 964 2770 965 2771 407 2771 516 2771 965 2772 516 2772 1116 2772 1117 2773 517 2773 509 2773 1117 2774 509 2774 1123 2774 1124 2775 510 2775 502 2775 1125 2776 503 2776 1131 2776 165 2777 625 2777 36 2777 35 2778 623 2778 1210 2778 35 2779 1210 2779 273 2779 275 2780 1211 2780 1087 2780 274 2781 1086 2781 277 2781 278 2782 1088 2782 1093 2782 278 2783 1093 2783 280 2783 281 2784 1094 2784 1096 2784 281 2785 1096 2785 94 2785 95 2786 1097 2786 1099 2786 95 2787 1099 2787 97 2787 98 2788 1100 2788 1196 2788 99 2789 1197 2789 563 2789 565 2790 1198 2790 1173 2790 564 2791 1172 2791 552 2791 553 2792 1174 2792 1179 2792 553 2793 1179 2793 545 2793 546 2794 1180 2794 1186 2794 546 2795 1186 2795 540 2795 596 2796 53 2796 637 2796 638 2797 54 2797 426 2797 638 2798 426 2798 1005 2798 1007 2799 427 2799 423 2799 1006 2800 422 2800 1009 2800 1010 2801 424 2801 419 2801 1010 2802 419 2802 1012 2802 1013 2803 420 2803 416 2803 1013 2804 416 2804 1015 2804 1016 2805 417 2805 413 2805 1016 2806 413 2806 1018 2806 1019 2807 414 2807 529 2807 1019 2808 529 2808 1155 2808 1156 2809 530 2809 62 2809 1156 2810 62 2810 640 2810 641 2811 63 2811 539 2811 641 2812 539 2812 1185 2812 53 2813 596 2813 18 2813 20 2814 598 2814 605 2814 19 2815 604 2815 12 2815 13 2816 606 2816 886 2816 13 2817 886 2817 342 2817 343 2818 887 2818 883 2818 343 2819 883 2819 345 2819 346 2820 884 2820 880 2820 346 2821 880 2821 348 2821 349 2822 881 2822 877 2822 349 2823 877 2823 351 2823 352 2824 878 2824 955 2824 352 2825 955 2825 387 2825 389 2826 956 2826 617 2826 388 2827 616 2827 22 2827 23 2828 618 2828 1107 2828 23 2829 1107 2829 493 2829 494 2830 1108 2830 1132 2830 494 2831 1132 2831 504 2831</p>
        </triangles>
      </mesh>
    </geometry>
  </library_geometries>
  <library_visual_scenes>
    <visual_scene id="Scene" name="Scene">
      <node id="leg_a_005" name="leg_a.005" type="NODE">
        <matrix sid="transform">1 0 0 0 0 1 0 0 0 0 1 0 0 0 0 1</matrix>
        <instance_geometry url="#Leg_A_007-mesh" name="leg_a.005"/>
      </node>
    </visual_scene>
  </library_visual_scenes>
  <scene>
    <instance_visual_scene url="#Scene"/>
  </scene>
</COLLADA>