<?xml version="1.0" encoding="utf-8"?>
<COLLADA xmlns="http://www.collada.org/2005/11/COLLADASchema" version="1.4.1" xmlns:xsi="http://www.w3.org/2001/XMLSchema-instance">
  <asset>
    <contributor>
      <author>Blender User</author>
      <authoring_tool>Blender 4.2.22 LTS commit date:2026-06-22, commit time:11:10, hash:88937221abfc</authoring_tool>
    </contributor>
    <created>2026-08-07T15:00:10</created>
    <modified>2026-08-07T15:00:10</modified>
    <unit name="meter" meter="1"/>
    <up_axis>Z_UP</up_axis>
  </asset>
  <library_images/>
  <library_geometries>
    <geometry id="Leg_B_003-mesh" name="Leg_B.003">
      <mesh>
        <source id="Leg_B_003-mesh-positions">
          <float_array id="Leg_B_003-mesh-positions-array" count="14487">0.01755726 -0.05706852 -0.01024997 0.01755726 -0.05706852 -0.01024997 0.01755726 -0.05706852 -0.01024997 0.01529735 -0.09750545 -0.01024997 0.01529735 -0.09750545 -0.01024997 0.01529735 -0.09750545 -0.01024997 0.01529735 -0.09750545 -0.01024997 0.01794785 -0.05007946 -0.01424998 0.01794785 -0.05007946 -0.01424998 0.01794785 -0.05007946 -0.01424998 0.01794785 -0.05007946 -0.01424998 0.01529544 -0.09753942 0.005155384 0.01529544 -0.09753942 0.005155384 0.01529544 -0.09753942 0.005155384 0.01529544 -0.09753942 0.005155384 0.01529735 -0.09750545 0.005414187 0.01529735 -0.09750545 0.005414187 0.01529735 -0.09750545 0.005414187 0.01529735 -0.09750545 0.005414187 0.01529735 -0.09750545 0.01024997 0.01529735 -0.09750545 0.01024997 0.01529735 -0.09750545 0.01024997 0.01529735 -0.09750545 0.01024997 0.01755726 -0.05706852 0.01024997 0.01755726 -0.05706852 0.01024997 0.01755726 -0.05706852 0.01024997 0.01755726 -0.05706852 0.01024997 0.01794785 -0.05007946 0.01424998 0.01794785 -0.05007946 0.01424998 0.01794785 -0.05007946 0.01424998 0.01487886 -0.1049938 -0.002999961 0.01487886 -0.1049938 -0.002999961 0.01487886 -0.1049938 -0.002999961 0.01487886 -0.1049938 -0.009421527 0.01487886 -0.1049938 -0.009421527 0.01487886 -0.1049938 -0.009421527 0.0149765 -0.1032465 -0.004999995 0.0149765 -0.1032465 -0.004999995 0.0149765 -0.1032465 -0.004999995 0.0149765 -0.1032465 -0.004999995 0.01497864 -0.1032089 -0.004666209 0.01497864 -0.1032089 -0.004666209 0.01497864 -0.1032089 -0.004666209 0.01497864 -0.1032089 -0.004666209 0.01498478 -0.1030982 -0.004349172 0.01498478 -0.1030982 -0.004349172 0.01498478 -0.1030982 -0.004349172 0.01498478 -0.1030982 -0.004349172 0.0149948 -0.1029197 -0.004064738 0.0149948 -0.1029197 -0.004064738 0.0149948 -0.1029197 -0.004064738 0.01500803 -0.1026826 -0.003827214 0.01500803 -0.1026826 -0.003827214 0.01500803 -0.1026826 -0.003827214 0.01502388 -0.1023986 -0.003648519 0.01502388 -0.1023986 -0.003648519 0.01502388 -0.1023986 -0.003648519 0.01502388 -0.1023986 -0.003648519 0.01504158 -0.1020821 -0.003537595 0.01504158 -0.1020821 -0.003537595 0.01504158 -0.1020821 -0.003537595 0.01504158 -0.1020821 -0.003537595 0.01516264 -0.09991592 -0.002999961 0.01516264 -0.09991592 -0.002999961 0.01516264 -0.09991592 -0.002999961 0.01516264 -0.09991592 -0.002999961 0.01516264 -0.09991592 -0.002999961 0.01506024 -0.1017488 -0.003499984 0.01506024 -0.1017488 -0.003499984 0.01506024 -0.1017488 -0.003499984 0.01506024 -0.1017488 -0.003499984 0.01507884 -0.1014155 -0.003537595 0.01507884 -0.1014155 -0.003537595 0.01507884 -0.1014155 -0.003537595 0.01509654 -0.101099 -0.003648519 0.01509654 -0.101099 -0.003648519 0.01509654 -0.101099 -0.003648519 0.01509654 -0.101099 -0.003648519 0.0151124 -0.100815 -0.003827214 0.0151124 -0.100815 -0.003827214 0.0151124 -0.100815 -0.003827214 0.01512563 -0.1005779 -0.004064738 0.01512563 -0.1005779 -0.004064738 0.01512563 -0.1005779 -0.004064738 0.01513564 -0.1003994 -0.004349172 0.01513564 -0.1003994 -0.004349172 0.01513564 -0.1003994 -0.004349172 0.01513564 -0.1003994 -0.004349172 0.01514184 -0.1002887 -0.004666209 0.01514184 -0.1002887 -0.004666209 0.01514184 -0.1002887 -0.004666209 0.01514184 -0.1002887 -0.004666209 0.01514393 -0.1002511 -0.004999995 0.01514393 -0.1002511 -0.004999995 0.01514393 -0.1002511 -0.004999995 0.01514393 -0.1002511 -0.004999995 0.01514393 -0.1002511 -0.004999995 0.0152899 -0.0976392 -0.004914164 0.0152899 -0.0976392 -0.004914164 0.0152899 -0.0976392 -0.004914164 0.0152899 -0.0976392 -0.004914164 0.0152899 -0.0976392 -0.004914164 0.01528102 -0.09779787 -0.004707098 0.01528102 -0.09779787 -0.004707098 0.01528102 -0.09779787 -0.004707098 0.01528102 -0.09779787 -0.004707098 0.01528102 -0.09779787 -0.004707098 0.0152021 -0.0992099 -0.003292858 0.0152021 -0.0992099 -0.003292858 0.0152021 -0.0992099 -0.003292858 0.01519054 -0.09941667 -0.003133952 0.01519054 -0.09941667 -0.003133952 0.01519054 -0.09941667 -0.003133952 0.01519054 -0.09941667 -0.003133952 0.01517707 -0.09965747 -0.003034055 0.01517707 -0.09965747 -0.003034055 0.01517707 -0.09965747 -0.003034055 0.01529735 -0.09750545 -0.005414187 0.01529735 -0.09750545 -0.005414187 0.01529735 -0.09750545 -0.005414187 0.01529544 -0.09753942 -0.005155384 0.01529544 -0.09753942 -0.005155384 0.01529544 -0.09753942 -0.005155384 0.01529544 -0.09753942 -0.005155384 0.01529544 -0.09753942 -0.005155384 0.01514184 -0.1002887 -0.005333721 0.01514184 -0.1002887 -0.005333721 0.01514184 -0.1002887 -0.005333721 0.01514184 -0.1002887 -0.005333721 0.01513564 -0.1003994 -0.005650818 0.01513564 -0.1003994 -0.005650818 0.01513564 -0.1003994 -0.005650818 0.01512563 -0.1005779 -0.005935192 0.01512563 -0.1005779 -0.005935192 0.01512563 -0.1005779 -0.005935192 0.01512563 -0.1005779 -0.005935192 0.0151124 -0.100815 -0.006172716 0.0151124 -0.100815 -0.006172716 0.0151124 -0.100815 -0.006172716 0.01509654 -0.101099 -0.006351411 0.01509654 -0.101099 -0.006351411 0.01509654 -0.101099 -0.006351411 0.01510208 -0.101 -0.01424998 0.01510208 -0.101 -0.01424998 0.01510208 -0.101 -0.01424998 0.01771277 -0.05428528 -0.005333721 0.01771277 -0.05428528 -0.005333721 0.01771277 -0.05428528 -0.005333721 0.01771277 -0.05428528 -0.005333721 0.01771068 -0.05432283 -0.004999995 0.01771068 -0.05432283 -0.004999995 0.01771068 -0.05432283 -0.004999995 0.01771068 -0.05432283 -0.004999995 0.01771068 -0.05432283 0.004999995 0.01771068 -0.05432283 0.004999995 0.01771068 -0.05432283 0.004999995 0.01771068 -0.05432283 0.004999995 0.01771277 -0.05428528 0.005333721 0.01771277 -0.05428528 0.005333721 0.01771277 -0.05428528 0.005333721 0.01771277 -0.05428528 0.005333721 0.01771897 -0.05417454 0.005650818 0.01771897 -0.05417454 0.005650818 0.01771897 -0.05417454 0.005650818 0.01771897 -0.05417454 0.005650818 0.01771897 -0.05417454 -0.005650818 0.01771897 -0.05417454 -0.005650818 0.01771897 -0.05417454 -0.005650818 0.01771897 -0.05417454 -0.005650818 0.01771897 -0.05417454 -0.005650818 0.01514393 -0.1002511 0.004999995 0.01514393 -0.1002511 0.004999995 0.01514393 -0.1002511 0.004999995 0.01514393 -0.1002511 0.004999995 0.01516264 -0.09991592 0.002999961 0.01516264 -0.09991592 0.002999961 0.01516264 -0.09991592 0.002999961 0.01516264 -0.09991592 0.002999961 0.01517707 -0.09965747 0.003034055 0.01517707 -0.09965747 0.003034055 0.01517707 -0.09965747 0.003034055 0.01519054 -0.09941667 0.003133952 0.01519054 -0.09941667 0.003133952 0.01519054 -0.09941667 0.003133952 0.0152021 -0.0992099 0.003292858 0.0152021 -0.0992099 0.003292858 0.0152021 -0.0992099 0.003292858 0.0152021 -0.0992099 0.003292858 0.01528102 -0.09779787 0.004707098 0.01528102 -0.09779787 0.004707098 0.01528102 -0.09779787 0.004707098 0.0152899 -0.0976392 0.004914164 0.0152899 -0.0976392 0.004914164 0.0152899 -0.0976392 0.004914164 0.0151124 -0.100815 0.006172716 0.0151124 -0.100815 0.006172716 0.0151124 -0.100815 0.006172716 0.01512563 -0.1005779 0.005935192 0.01512563 -0.1005779 0.005935192 0.01512563 -0.1005779 0.005935192 0.01513564 -0.1003994 0.005650818 0.01513564 -0.1003994 0.005650818 0.01513564 -0.1003994 0.005650818 0.01513564 -0.1003994 0.005650818 0.01514184 -0.1002887 0.005333721 0.01514184 -0.1002887 0.005333721 0.01514184 -0.1002887 0.005333721 0.01510208 -0.101 0.01424998 0.01510208 -0.101 0.01424998 0.01510208 -0.101 0.01424998 0.01510208 -0.101 0.01424998 0.01510208 -0.101 0.01424998 0.01491153 -0.1044089 0.01083576 0.01491153 -0.1044089 0.01083576 0.01491153 -0.1044089 0.01083576 0.01497864 -0.1032089 0.005333721 0.01497864 -0.1032089 0.005333721 0.01497864 -0.1032089 0.005333721 0.01497864 -0.1032089 0.005333721 0.01497864 -0.1032089 0.005333721 0.01498478 -0.1030982 0.005650818 0.01498478 -0.1030982 0.005650818 0.01498478 -0.1030982 0.005650818 0.01498478 -0.1030982 0.005650818 0.01498478 -0.1030982 0.005650818 0.0149948 -0.1029197 0.005935192 0.0149948 -0.1029197 0.005935192 0.0149948 -0.1029197 0.005935192 0.0149948 -0.1029197 0.005935192 0.01500803 -0.1026826 0.006172716 0.01500803 -0.1026826 0.006172716 0.01500803 -0.1026826 0.006172716 0.01502388 -0.1023986 0.006351411 0.01502388 -0.1023986 0.006351411 0.01502388 -0.1023986 0.006351411 0.01502388 -0.1023986 0.006351411 0.01504158 -0.1020821 0.006462335 0.01504158 -0.1020821 0.006462335 0.01504158 -0.1020821 0.006462335 0.01506024 -0.1017488 0.006499946 0.01506024 -0.1017488 0.006499946 0.01506024 -0.1017488 0.006499946 0.01507884 -0.1014155 0.006462335 0.01507884 -0.1014155 0.006462335 0.01507884 -0.1014155 0.006462335 0.01509654 -0.101099 0.006351411 0.01509654 -0.101099 0.006351411 0.01509654 -0.101099 0.006351411 0.01509654 -0.101099 0.006351411 0.0149765 -0.1032465 0.004999995 0.0149765 -0.1032465 0.004999995 0.0149765 -0.1032465 0.004999995 0.0149765 -0.1032465 0.004999995 0.0148977 -0.1046572 0.01053267 0.0148977 -0.1046572 0.01053267 0.0148977 -0.1046572 0.01053267 0.0148977 -0.1046572 0.01053267 0.01488739 -0.1048417 0.01018691 0.01488739 -0.1048417 0.01018691 0.01488739 -0.1048417 0.01018691 0.01488739 -0.1048417 0.01018691 0.01488101 -0.1049554 0.009811699 0.01488101 -0.1049554 0.009811699 0.01488101 -0.1049554 0.009811699 0.01488101 -0.1049554 0.009811699 0.01487886 -0.1049938 0.009421527 0.01487886 -0.1049938 0.009421527 0.01487886 -0.1049938 0.009421527 0.01487886 -0.1049938 0.009421527 0.01487886 -0.1049938 0.002999961 0.01487886 -0.1049938 0.002999961 0.01487886 -0.1049938 0.002999961 0.01772892 -0.05399608 0.005935192 0.01772892 -0.05399608 0.005935192 0.01772892 -0.05399608 0.005935192 0.01774221 -0.05375891 0.006172716 0.01774221 -0.05375891 0.006172716 0.01774221 -0.05375891 0.006172716 0.01774221 -0.05375891 0.006172716 0.01775807 -0.05347496 0.006351411 0.01775807 -0.05347496 0.006351411 0.01775807 -0.05347496 0.006351411 0.01775807 -0.05347496 0.006351411 0.01777577 -0.0531584 0.006462335 0.01777577 -0.0531584 0.006462335 0.01777577 -0.0531584 0.006462335 0.01779437 -0.05282515 0.006499946 0.01779437 -0.05282515 0.006499946 0.01779437 -0.05282515 0.006499946 0.01781302 -0.0524919 0.006462335 0.01781302 -0.0524919 0.006462335 0.01781302 -0.0524919 0.006462335 0.01783072 -0.05217534 0.006351411 0.01783072 -0.05217534 0.006351411 0.01783072 -0.05217534 0.006351411 0.01784658 -0.05189138 0.006172716 0.01784658 -0.05189138 0.006172716 0.01784658 -0.05189138 0.006172716 0.01785981 -0.05165427 0.005935192 0.01785981 -0.05165427 0.005935192 0.01785981 -0.05165427 0.005935192 0.01785981 -0.05165427 0.005935192 0.01786977 -0.05147582 0.005650818 0.01786977 -0.05147582 0.005650818 0.01786977 -0.05147582 0.005650818 0.01787596 -0.05136507 0.005333721 0.01787596 -0.05136507 0.005333721 0.01787596 -0.05136507 0.005333721 0.01787811 -0.05132752 0.004999995 0.01787811 -0.05132752 0.004999995 0.01787811 -0.05132752 0.004999995 0.01787811 -0.05132752 0.004999995 0.01787811 -0.05132752 -0.004999995 0.01787811 -0.05132752 -0.004999995 0.01787811 -0.05132752 -0.004999995 0.01787811 -0.05132752 -0.004999995 0.01514184 -0.1002887 0.004666209 0.01514184 -0.1002887 0.004666209 0.01514184 -0.1002887 0.004666209 0.01514184 -0.1002887 0.004666209 0.01513564 -0.1003994 0.004349112 0.01513564 -0.1003994 0.004349112 0.01513564 -0.1003994 0.004349112 0.01512563 -0.1005779 0.004064738 0.01512563 -0.1005779 0.004064738 0.01512563 -0.1005779 0.004064738 0.01512563 -0.1005779 0.004064738 0.0151124 -0.100815 0.003827214 0.0151124 -0.100815 0.003827214 0.0151124 -0.100815 0.003827214 0.01509654 -0.101099 0.003648519 0.01509654 -0.101099 0.003648519 0.01509654 -0.101099 0.003648519 0.01507884 -0.1014155 0.003537595 0.01507884 -0.1014155 0.003537595 0.01507884 -0.1014155 0.003537595 0.01506024 -0.1017488 0.003499984 0.01506024 -0.1017488 0.003499984 0.01506024 -0.1017488 0.003499984 0.01506024 -0.1017488 0.003499984 0.01504158 -0.1020821 0.003537595 0.01504158 -0.1020821 0.003537595 0.01504158 -0.1020821 0.003537595 0.01504158 -0.1020821 0.003537595 0.01502388 -0.1023986 0.003648519 0.01502388 -0.1023986 0.003648519 0.01502388 -0.1023986 0.003648519 0.01500803 -0.1026826 0.003827214 0.01500803 -0.1026826 0.003827214 0.01500803 -0.1026826 0.003827214 0.0149948 -0.1029197 0.004064738 0.0149948 -0.1029197 0.004064738 0.0149948 -0.1029197 0.004064738 0.0149948 -0.1029197 0.004064738 0.01498478 -0.1030982 0.004349112 0.01498478 -0.1030982 0.004349112 0.01498478 -0.1030982 0.004349112 0.01498478 -0.1030982 0.004349112 0.01497864 -0.1032089 0.004666209 0.01497864 -0.1032089 0.004666209 0.01497864 -0.1032089 0.004666209 0.01497864 -0.1032089 0.004666209 0.01507884 -0.1014155 -0.006462335 0.01507884 -0.1014155 -0.006462335 0.01507884 -0.1014155 -0.006462335 0.01506024 -0.1017488 -0.006499946 0.01506024 -0.1017488 -0.006499946 0.01506024 -0.1017488 -0.006499946 0.01504158 -0.1020821 -0.006462335 0.01504158 -0.1020821 -0.006462335 0.01504158 -0.1020821 -0.006462335 0.01502388 -0.1023986 -0.006351411 0.01502388 -0.1023986 -0.006351411 0.01502388 -0.1023986 -0.006351411 0.01500803 -0.1026826 -0.006172716 0.01500803 -0.1026826 -0.006172716 0.01500803 -0.1026826 -0.006172716 0.0149948 -0.1029197 -0.005935192 0.0149948 -0.1029197 -0.005935192 0.0149948 -0.1029197 -0.005935192 0.0149948 -0.1029197 -0.005935192 0.01498478 -0.1030982 -0.005650818 0.01498478 -0.1030982 -0.005650818 0.01498478 -0.1030982 -0.005650818 0.01498478 -0.1030982 -0.005650818 0.01497864 -0.1032089 -0.005333721 0.01497864 -0.1032089 -0.005333721 0.01497864 -0.1032089 -0.005333721 0.01497864 -0.1032089 -0.005333721 0.01491153 -0.1044089 -0.01083576 0.01491153 -0.1044089 -0.01083576 0.01491153 -0.1044089 -0.01083576 0.01488101 -0.1049554 -0.009811699 0.01488101 -0.1049554 -0.009811699 0.01488101 -0.1049554 -0.009811699 0.01488101 -0.1049554 -0.009811699 0.01488739 -0.1048417 -0.01018691 0.01488739 -0.1048417 -0.01018691 0.01488739 -0.1048417 -0.01018691 0.01488739 -0.1048417 -0.01018691 0.0148977 -0.1046572 -0.01053267 0.0148977 -0.1046572 -0.01053267 0.0148977 -0.1046572 -0.01053267 0.0148977 -0.1046572 -0.01053267 0.01787596 -0.05136507 -0.005333721 0.01787596 -0.05136507 -0.005333721 0.01787596 -0.05136507 -0.005333721 0.01786977 -0.05147582 -0.005650818 0.01786977 -0.05147582 -0.005650818 0.01786977 -0.05147582 -0.005650818 0.01786977 -0.05147582 -0.005650818 0.01785981 -0.05165427 -0.005935192 0.01785981 -0.05165427 -0.005935192 0.01785981 -0.05165427 -0.005935192 0.01784658 -0.05189138 -0.006172716 0.01784658 -0.05189138 -0.006172716 0.01784658 -0.05189138 -0.006172716 0.01783072 -0.05217534 -0.006351411 0.01783072 -0.05217534 -0.006351411 0.01783072 -0.05217534 -0.006351411 0.01781302 -0.0524919 -0.006462335 0.01781302 -0.0524919 -0.006462335 0.01781302 -0.0524919 -0.006462335 0.01779437 -0.05282515 -0.006499946 0.01779437 -0.05282515 -0.006499946 0.01779437 -0.05282515 -0.006499946 0.01777577 -0.0531584 -0.006462335 0.01777577 -0.0531584 -0.006462335 0.01777577 -0.0531584 -0.006462335 0.01777577 -0.0531584 -0.006462335 0.01775807 -0.05347496 -0.006351411 0.01775807 -0.05347496 -0.006351411 0.01775807 -0.05347496 -0.006351411 0.01774221 -0.05375891 -0.006172716 0.01774221 -0.05375891 -0.006172716 0.01774221 -0.05375891 -0.006172716 0.01772892 -0.05399608 -0.005935192 0.01772892 -0.05399608 -0.005935192 0.01772892 -0.05399608 -0.005935192 0.01772892 -0.05399608 -0.005935192 0.01772892 -0.05399608 -0.005935192 0.01779437 -0.05282515 -0.003499984 0.01779437 -0.05282515 -0.003499984 0.01779437 -0.05282515 -0.003499984 0.01777577 -0.0531584 0.003537595 0.01777577 -0.0531584 0.003537595 0.01777577 -0.0531584 0.003537595 0.01777577 -0.0531584 0.003537595 0.01777577 -0.0531584 -0.003537595 0.01777577 -0.0531584 -0.003537595 0.01777577 -0.0531584 -0.003537595 0.01775807 -0.05347496 0.003648519 0.01775807 -0.05347496 0.003648519 0.01775807 -0.05347496 0.003648519 0.01775807 -0.05347496 -0.003648519 0.01775807 -0.05347496 -0.003648519 0.01775807 -0.05347496 -0.003648519 0.01775807 -0.05347496 -0.003648519 0.01774221 -0.05375891 0.003827214 0.01774221 -0.05375891 0.003827214 0.01774221 -0.05375891 0.003827214 0.01774221 -0.05375891 -0.003827214 0.01774221 -0.05375891 -0.003827214 0.01774221 -0.05375891 -0.003827214 0.01774221 -0.05375891 -0.003827214 0.01772892 -0.05399608 0.004064738 0.01772892 -0.05399608 0.004064738 0.01772892 -0.05399608 0.004064738 0.01772892 -0.05399608 0.004064738 0.01772892 -0.05399608 -0.004064738 0.01772892 -0.05399608 -0.004064738 0.01772892 -0.05399608 -0.004064738 0.01771897 -0.05417454 0.004349112 0.01771897 -0.05417454 0.004349112 0.01771897 -0.05417454 0.004349112 0.01771897 -0.05417454 0.004349112 0.01771897 -0.05417454 0.004349112 0.01771897 -0.05417454 -0.004349172 0.01771897 -0.05417454 -0.004349172 0.01771897 -0.05417454 -0.004349172 0.01771897 -0.05417454 -0.004349172 0.01771897 -0.05417454 -0.004349172 0.01771277 -0.05428528 0.004666209 0.01771277 -0.05428528 0.004666209 0.01771277 -0.05428528 0.004666209 0.01771277 -0.05428528 0.004666209 0.01771277 -0.05428528 0.004666209 0.01771277 -0.05428528 -0.004666209 0.01771277 -0.05428528 -0.004666209 0.01771277 -0.05428528 -0.004666209 0.01771277 -0.05428528 -0.004666209 0.01771277 -0.05428528 -0.004666209 0.01779437 -0.05282515 0.003499984 0.01779437 -0.05282515 0.003499984 0.01779437 -0.05282515 0.003499984 0.01781302 -0.0524919 -0.003537595 0.01781302 -0.0524919 -0.003537595 0.01781302 -0.0524919 -0.003537595 0.01781302 -0.0524919 0.003537595 0.01781302 -0.0524919 0.003537595 0.01781302 -0.0524919 0.003537595 0.01783072 -0.05217534 -0.003648519 0.01783072 -0.05217534 -0.003648519 0.01783072 -0.05217534 -0.003648519 0.01783072 -0.05217534 0.003648519 0.01783072 -0.05217534 0.003648519 0.01783072 -0.05217534 0.003648519 0.01784658 -0.05189138 -0.003827214 0.01784658 -0.05189138 -0.003827214 0.01784658 -0.05189138 -0.003827214 0.01784658 -0.05189138 0.003827214 0.01784658 -0.05189138 0.003827214 0.01784658 -0.05189138 0.003827214 0.01785981 -0.05165427 -0.004064738 0.01785981 -0.05165427 -0.004064738 0.01785981 -0.05165427 -0.004064738 0.01785981 -0.05165427 -0.004064738 0.01785981 -0.05165427 0.004064738 0.01785981 -0.05165427 0.004064738 0.01785981 -0.05165427 0.004064738 0.01786977 -0.05147582 -0.004349172 0.01786977 -0.05147582 -0.004349172 0.01786977 -0.05147582 -0.004349172 0.01786977 -0.05147582 0.004349112 0.01786977 -0.05147582 0.004349112 0.01786977 -0.05147582 0.004349112 0.01786977 -0.05147582 0.004349112 0.01787596 -0.05136507 -0.004666209 0.01787596 -0.05136507 -0.004666209 0.01787596 -0.05136507 -0.004666209 0.01787596 -0.05136507 0.004666209 0.01787596 -0.05136507 0.004666209 0.01787596 -0.05136507 0.004666209 0.01787596 -0.05136507 0.004666209 -0.01325345 -0.09761959 0.003292858 -0.01325345 -0.09761959 0.003292858 -0.01325345 -0.09761959 0.003292858 -0.01317453 -0.09620761 0.004707098 -0.01317453 -0.09620761 0.004707098 -0.01317453 -0.09620761 0.004707098 -0.01329284 -0.09832561 0.002999961 -0.01329284 -0.09832561 0.002999961 -0.01329284 -0.09832561 0.002999961 -0.01357668 -0.1034035 0.002999961 -0.01357668 -0.1034035 0.002999961 -0.01357668 -0.1034035 0.002999961 -0.0127815 -0.0891757 0 -0.0127815 -0.0891757 0 -0.0127815 -0.0891757 0 -0.0127815 -0.0891757 0 -0.01277935 -0.08913666 5.21647e-4 -0.01277935 -0.08913666 5.21647e-4 -0.01277935 -0.08913666 5.21647e-4 -0.01315814 -0.09591519 0.01024997 -0.01315814 -0.09591519 0.01024997 -0.01315814 -0.09591519 0.01024997 -0.01315814 -0.09591519 0.005414187 -0.01315814 -0.09591519 0.005414187 -0.01315814 -0.09591519 0.005414187 -0.01316004 -0.09594917 0.005155384 -0.01316004 -0.09594917 0.005155384 -0.01316004 -0.09594917 0.005155384 -0.01316004 -0.09594917 0.005155384 -0.01316565 -0.09604889 0.004914164 -0.01316565 -0.09604889 0.004914164 -0.01316565 -0.09604889 0.004914164 -0.01326495 -0.09782636 0.003133952 -0.01326495 -0.09782636 0.003133952 -0.01326495 -0.09782636 0.003133952 -0.01326495 -0.09782636 0.003133952 -0.01327842 -0.09806722 0.003034055 -0.01327842 -0.09806722 0.003034055 -0.01327842 -0.09806722 0.003034055 -0.01357668 -0.1034035 -0.002999961 -0.01357668 -0.1034035 -0.002999961 -0.01357668 -0.1034035 -0.002999961 -0.01329284 -0.09832561 -0.002999961 -0.01329284 -0.09832561 -0.002999961 -0.01329284 -0.09832561 -0.002999961 -0.01327842 -0.09806722 -0.003034055 -0.01327842 -0.09806722 -0.003034055 -0.01327842 -0.09806722 -0.003034055 -0.01326495 -0.09782636 -0.003133952 -0.01326495 -0.09782636 -0.003133952 -0.01326495 -0.09782636 -0.003133952 -0.01325345 -0.09761959 -0.003292858 -0.01325345 -0.09761959 -0.003292858 -0.01325345 -0.09761959 -0.003292858 -0.01325345 -0.09761959 -0.003292858 -0.01317453 -0.09620761 -0.004707098 -0.01317453 -0.09620761 -0.004707098 -0.01317453 -0.09620761 -0.004707098 -0.01316565 -0.09604889 -0.004914164 -0.01316565 -0.09604889 -0.004914164 -0.01316565 -0.09604889 -0.004914164 -0.01316565 -0.09604889 -0.004914164 -0.01316004 -0.09594917 -0.005155384 -0.01316004 -0.09594917 -0.005155384 -0.01316004 -0.09594917 -0.005155384 -0.01316004 -0.09594917 -0.005155384 -0.01315814 -0.09591519 -0.005414187 -0.01315814 -0.09591519 -0.005414187 -0.01315814 -0.09591519 -0.005414187 -0.01315814 -0.09591519 -0.005414187 -0.01315814 -0.09591519 -0.01024997 -0.01315814 -0.09591519 -0.01024997 -0.01315814 -0.09591519 -0.01024997 -0.01089829 -0.05547827 -0.01024997 -0.01089829 -0.05547827 -0.01024997 -0.01089829 -0.05547827 -0.01024997 -0.01089829 -0.05547827 -0.01024997 -0.01089829 -0.05547827 0.01024997 -0.01089829 -0.05547827 0.01024997 -0.01089829 -0.05547827 0.01024997 -0.01089829 -0.05547827 0.01024997 -0.01239091 -0.08218657 0 -0.01239091 -0.08218657 0 -0.01239091 -0.08218657 0 -0.01239091 -0.08218657 0 -0.01239311 -0.08222562 -5.21649e-4 -0.01239311 -0.08222562 -5.21649e-4 -0.01239311 -0.08222562 -5.21649e-4 -0.01239961 -0.08234184 -0.001031637 -0.01239961 -0.08234184 -0.001031637 -0.01239961 -0.08234184 -0.001031637 -0.01241028 -0.08253264 -0.001518547 -0.01241028 -0.08253264 -0.001518547 -0.01241028 -0.08253264 -0.001518547 -0.01242488 -0.08279383 -0.001971602 -0.01242488 -0.08279383 -0.001971602 -0.01242488 -0.08279383 -0.001971602 -0.01244306 -0.08311945 -0.002380549 -0.01244306 -0.08311945 -0.002380549 -0.01244306 -0.08311945 -0.002380549 -0.01246446 -0.08350229 -0.002736389 -0.01246446 -0.08350229 -0.002736389 -0.01246446 -0.08350229 -0.002736389 -0.01246446 -0.08350229 -0.002736389 -0.0124886 -0.08393388 -0.003031075 -0.0124886 -0.08393388 -0.003031075 -0.0124886 -0.08393388 -0.003031075 -0.01251488 -0.08440446 -0.003258049 -0.01251488 -0.08440446 -0.003258049 -0.01251488 -0.08440446 -0.003258049 -0.01254278 -0.08490353 -0.003412246 -0.01254278 -0.08490353 -0.003412246 -0.01254278 -0.08490353 -0.003412246 -0.01257163 -0.08542001 -0.003490209 -0.01257163 -0.08542001 -0.003490209 -0.01257163 -0.08542001 -0.003490209 -0.01260083 -0.08594226 -0.003490209 -0.01260083 -0.08594226 -0.003490209 -0.01260083 -0.08594226 -0.003490209 -0.01260083 -0.08594226 -0.003490209 -0.01262968 -0.08645874 -0.003412246 -0.01262968 -0.08645874 -0.003412246 -0.01262968 -0.08645874 -0.003412246 -0.01262968 -0.08645874 -0.003412246 -0.01265758 -0.08695781 -0.003258049 -0.01265758 -0.08695781 -0.003258049 -0.01265758 -0.08695781 -0.003258049 -0.01268386 -0.08742839 -0.003031075 -0.01268386 -0.08742839 -0.003031075 -0.01268386 -0.08742839 -0.003031075 -0.01268386 -0.08742839 -0.003031075 -0.012708 -0.08785992 -0.002736389 -0.012708 -0.08785992 -0.002736389 -0.012708 -0.08785992 -0.002736389 -0.0127294 -0.08824282 -0.002380549 -0.0127294 -0.08824282 -0.002380549 -0.0127294 -0.08824282 -0.002380549 -0.01274758 -0.08856844 -0.001971602 -0.01274758 -0.08856844 -0.001971602 -0.01274758 -0.08856844 -0.001971602 -0.01276218 -0.08882963 -0.001518547 -0.01276218 -0.08882963 -0.001518547 -0.01276218 -0.08882963 -0.001518547 -0.01277285 -0.08902043 -0.001031637 -0.01277285 -0.08902043 -0.001031637 -0.01277285 -0.08902043 -0.001031637 -0.01277935 -0.08913666 -5.21649e-4 -0.01277935 -0.08913666 -5.21649e-4 -0.01277935 -0.08913666 -5.21649e-4 -0.01277935 -0.08913666 -5.21649e-4 -0.01262968 -0.08645874 0.003412187 -0.01262968 -0.08645874 0.003412187 -0.01262968 -0.08645874 0.003412187 -0.01262968 -0.08645874 0.003412187 -0.01260083 -0.08594226 0.003490209 -0.01260083 -0.08594226 0.003490209 -0.01260083 -0.08594226 0.003490209 -0.01260083 -0.08594226 0.003490209 -0.01257163 -0.08542001 0.003490209 -0.01257163 -0.08542001 0.003490209 -0.01257163 -0.08542001 0.003490209 -0.01254278 -0.08490353 0.003412187 -0.01254278 -0.08490353 0.003412187 -0.01254278 -0.08490353 0.003412187 -0.01251488 -0.08440446 0.003258049 -0.01251488 -0.08440446 0.003258049 -0.01251488 -0.08440446 0.003258049 -0.0124886 -0.08393388 0.003031075 -0.0124886 -0.08393388 0.003031075 -0.0124886 -0.08393388 0.003031075 -0.0124886 -0.08393388 0.003031075 -0.01246446 -0.08350229 0.002736389 -0.01246446 -0.08350229 0.002736389 -0.01246446 -0.08350229 0.002736389 -0.01246446 -0.08350229 0.002736389 -0.01244306 -0.08311945 0.002380549 -0.01244306 -0.08311945 0.002380549 -0.01244306 -0.08311945 0.002380549 -0.01242488 -0.08279383 0.001971602 -0.01242488 -0.08279383 0.001971602 -0.01242488 -0.08279383 0.001971602 -0.01241028 -0.08253264 0.001518547 -0.01241028 -0.08253264 0.001518547 -0.01241028 -0.08253264 0.001518547 -0.01239961 -0.08234184 0.001031637 -0.01239961 -0.08234184 0.001031637 -0.01239961 -0.08234184 0.001031637 -0.01239311 -0.08222562 5.21647e-4 -0.01239311 -0.08222562 5.21647e-4 -0.01239311 -0.08222562 5.21647e-4 -0.01239311 -0.08222562 5.21647e-4 -0.01277285 -0.08902043 0.001031637 -0.01277285 -0.08902043 0.001031637 -0.01277285 -0.08902043 0.001031637 -0.01276218 -0.08882963 0.001518547 -0.01276218 -0.08882963 0.001518547 -0.01276218 -0.08882963 0.001518547 -0.01274758 -0.08856844 0.001971602 -0.01274758 -0.08856844 0.001971602 -0.01274758 -0.08856844 0.001971602 -0.0127294 -0.08824282 0.002380549 -0.0127294 -0.08824282 0.002380549 -0.0127294 -0.08824282 0.002380549 -0.0127294 -0.08824282 0.002380549 -0.012708 -0.08785992 0.002736389 -0.012708 -0.08785992 0.002736389 -0.012708 -0.08785992 0.002736389 -0.012708 -0.08785992 0.002736389 -0.01268386 -0.08742839 0.003031075 -0.01268386 -0.08742839 0.003031075 -0.01268386 -0.08742839 0.003031075 -0.01265758 -0.08695781 0.003258049 -0.01265758 -0.08695781 0.003258049 -0.01265758 -0.08695781 0.003258049 0.02879714 0.009641766 0.006839036 0.02879714 0.009641766 0.006839036 0.02879714 0.009641766 0.006839036 0.02857953 0.005747973 0.00146234 0.02857953 0.005747973 0.00146234 0.02857953 0.005747973 0.00146234 0.02856093 0.005414783 0.00149995 0.02856093 0.005414783 0.00149995 0.02856093 0.005414783 0.00149995 0.02856093 0.005414783 0.00149995 0.02802526 -0.004170238 0 0.02802526 -0.004170238 0 0.02802526 -0.004170238 0 0.02786344 -0.007065713 0 0.02786344 -0.007065713 0 0.02786344 -0.007065713 0 0.02786344 -0.007065713 0 0.02802747 -0.00413078 4.51483e-4 0.02802747 -0.00413078 4.51483e-4 0.02802747 -0.00413078 4.51483e-4 0.02802747 -0.00413078 -4.51487e-4 0.02802747 -0.00413078 -4.51487e-4 0.02802747 -0.00413078 -4.51487e-4 0.02802747 -0.00413078 -4.51487e-4 0.02830666 8.6508e-4 8.89251e-4 0.02830666 8.6508e-4 8.89251e-4 0.02830666 8.6508e-4 8.89251e-4 0.02850872 0.004480957 0.001172721 0.02850872 0.004480957 0.001172721 0.02850872 0.004480957 0.001172721 0.02849549 0.004243791 9.35232e-4 0.02849549 0.004243791 9.35232e-4 0.02849549 0.004243791 9.35232e-4 0.02831321 9.82188e-4 4.51483e-4 0.02831321 9.82188e-4 4.51483e-4 0.02831321 9.82188e-4 4.51483e-4 0.02830666 8.6508e-4 -8.89253e-4 0.02830666 8.6508e-4 -8.89253e-4 0.02830666 8.6508e-4 -8.89253e-4 0.02831321 9.82188e-4 -4.51487e-4 0.02831321 9.82188e-4 -4.51487e-4 0.02831321 9.82188e-4 -4.51487e-4 0.02831321 9.82188e-4 -4.51487e-4 0.02849549 0.004243791 -9.35236e-4 0.02849549 0.004243791 -9.35236e-4 0.02849549 0.004243791 -9.35236e-4 0.02856093 0.005414783 -0.00149995 0.02856093 0.005414783 -0.00149995 0.02856093 0.005414783 -0.00149995 0.02856093 0.005414783 -0.00149995 0.02828145 4.14305e-4 -0.001671195 0.02828145 4.14305e-4 -0.001671195 0.02828145 4.14305e-4 -0.001671195 0.02828145 4.14305e-4 -0.001671195 0.02828145 4.14305e-4 -0.001671195 0.02854228 0.005081474 -0.00146234 0.02854228 0.005081474 -0.00146234 0.02854228 0.005081474 -0.00146234 0.02854228 0.005081474 -0.00146234 0.02812069 -0.002462148 -0.002443194 0.02812069 -0.002462148 -0.002443194 0.02812069 -0.002462148 -0.002443194 0.02811813 -0.002508044 -0.005827248 0.02811813 -0.002508044 -0.005827248 0.02811813 -0.002508044 -0.005827248 0.0281049 -0.002745211 -0.006064713 0.0281049 -0.002745211 -0.006064713 0.0281049 -0.002745211 -0.006064713 0.02813398 -0.002224087 0.005648493 0.02813398 -0.002224087 0.005648493 0.02813398 -0.002224087 0.005648493 0.02815169 -0.001907527 0.005537569 0.02815169 -0.001907527 0.005537569 0.02815169 -0.001907527 0.005537569 0.02814513 -0.002025067 0.002560496 0.02814513 -0.002025067 0.002560496 0.02814513 -0.002025067 0.002560496 0.02831542 0.001021623 0 0.02831542 0.001021623 0 0.02831542 0.001021623 0 0.02831542 0.001021623 0 0.02848547 0.004065394 6.50823e-4 0.02848547 0.004065394 6.50823e-4 0.02848547 0.004065394 6.50823e-4 0.02847933 0.003954648 3.3378e-4 0.02847933 0.003954648 3.3378e-4 0.02847933 0.003954648 3.3378e-4 0.02847719 0.003917098 0 0.02847719 0.003917098 0 0.02847719 0.003917098 0 0.02847933 0.003954648 -3.33782e-4 0.02847933 0.003954648 -3.33782e-4 0.02847933 0.003954648 -3.33782e-4 0.02848547 0.004065394 -6.50827e-4 0.02848547 0.004065394 -6.50827e-4 0.02848547 0.004065394 -6.50827e-4 0.02879714 0.009641766 -0.006839036 0.02879714 0.009641766 -0.006839036 0.02879714 0.009641766 -0.006839036 0.02879714 0.009641766 -0.006839036 0.02879714 0.009641766 -0.006839036 0.02826356 9.43281e-5 -0.001991689 0.02826356 9.43281e-5 -0.001991689 0.02826356 9.43281e-5 -0.001991689 0.02826356 9.43281e-5 -0.001991689 0.02857953 0.005747973 -0.00146234 0.02857953 0.005747973 -0.00146234 0.02857953 0.005747973 -0.00146234 0.02857953 0.005747973 -0.00146234 0.02859723 0.006064534 -0.001351416 0.02859723 0.006064534 -0.001351416 0.02859723 0.006064534 -0.001351416 0.02861309 0.00634849 -0.001172721 0.02861309 0.00634849 -0.001172721 0.02861309 0.00634849 -0.001172721 0.02862638 0.006585657 -9.35236e-4 0.02862638 0.006585657 -9.35236e-4 0.02862638 0.006585657 -9.35236e-4 0.02863633 0.006764113 -6.50827e-4 0.02863633 0.006764113 -6.50827e-4 0.02863633 0.006764113 -6.50827e-4 0.02863633 0.006764113 -6.50827e-4 0.02864253 0.006874859 -3.33782e-4 0.02864253 0.006874859 -3.33782e-4 0.02864253 0.006874859 -3.33782e-4 0.02864253 0.006874859 -3.33782e-4 0.02864462 0.00691241 0 0.02864462 0.00691241 0 0.02864462 0.00691241 0 0.02864462 0.00691241 0 0.02883988 0.01040697 -0.004178881 0.02883988 0.01040697 -0.004178881 0.02883988 0.01040697 -0.004178881 0.02883988 0.01040697 -0.004178881 0.02883988 0.01040697 -0.004178881 0.02883815 0.01037555 -0.004738748 0.02883815 0.01037555 -0.004738748 0.02883815 0.01037555 -0.004738748 0.02883815 0.01037555 -0.004738748 0.02883291 0.0102818 -0.005291521 0.02883291 0.0102818 -0.005291521 0.02883291 0.0102818 -0.005291521 0.02882426 0.01012682 -0.005830287 0.02882426 0.01012682 -0.005830287 0.02882426 0.01012682 -0.005830287 0.02882426 0.01012682 -0.005830287 0.02881228 0.00991255 -0.006348311 0.02881228 0.00991255 -0.006348311 0.02881228 0.00991255 -0.006348311 0.02864253 0.006874859 3.3378e-4 0.02864253 0.006874859 3.3378e-4 0.02864253 0.006874859 3.3378e-4 0.02864253 0.006874859 3.3378e-4 0.02864253 0.006874859 3.3378e-4 0.02863633 0.006764113 6.50823e-4 0.02863633 0.006764113 6.50823e-4 0.02863633 0.006764113 6.50823e-4 0.02863633 0.006764113 6.50823e-4 0.02862638 0.006585657 9.35232e-4 0.02862638 0.006585657 9.35232e-4 0.02862638 0.006585657 9.35232e-4 0.02862638 0.006585657 9.35232e-4 0.02883988 0.01040697 0.004178881 0.02883988 0.01040697 0.004178881 0.02883988 0.01040697 0.004178881 0.02861309 0.00634849 0.001172721 0.02861309 0.00634849 0.001172721 0.02861309 0.00634849 0.001172721 0.02859723 0.006064534 0.001351416 0.02859723 0.006064534 0.001351416 0.02859723 0.006064534 0.001351416 0.02859723 0.006064534 0.001351416 0.02881228 0.00991255 0.006348311 0.02881228 0.00991255 0.006348311 0.02881228 0.00991255 0.006348311 0.02882426 0.01012682 0.005830287 0.02882426 0.01012682 0.005830287 0.02882426 0.01012682 0.005830287 0.02883291 0.0102818 0.005291521 0.02883291 0.0102818 0.005291521 0.02883291 0.0102818 0.005291521 0.02883815 0.01037555 0.004738748 0.02883815 0.01037555 0.004738748 0.02883815 0.01037555 0.004738748 0.02641659 -0.03295427 -0.01424998 0.02641659 -0.03295427 -0.01424998 0.02641659 -0.03295427 -0.01424998 0.02641659 -0.03295427 0.01424998 0.02641659 -0.03295427 0.01424998 0.02641659 -0.03295427 0.01424998 0.0283935 0.002419412 0.01424998 0.0283935 0.002419412 0.01424998 0.0283935 0.002419412 0.01424998 0.0283935 0.002419412 0.01424998 0.0281049 -0.002745211 0.007935225 0.0281049 -0.002745211 0.007935225 0.0281049 -0.002745211 0.007935225 0.0281049 -0.002745211 0.007935225 0.02809488 -0.002923607 0.007650792 0.02809488 -0.002923607 0.007650792 0.02809488 -0.002923607 0.007650792 0.02808874 -0.003034412 0.007333755 0.02808874 -0.003034412 0.007333755 0.02808874 -0.003034412 0.007333755 0.02808874 -0.003034412 0.007333755 0.0280866 -0.003071963 0.006999969 0.0280866 -0.003071963 0.006999969 0.0280866 -0.003071963 0.006999969 0.0280866 -0.003071963 0.006999969 0.0280866 -0.003071963 0.006999969 0.02772754 -0.009497165 0.001172721 0.02772754 -0.009497165 0.001172721 0.02772754 -0.009497165 0.001172721 0.02771431 -0.009734272 9.35232e-4 0.02771431 -0.009734272 9.35232e-4 0.02771431 -0.009734272 9.35232e-4 0.02770429 -0.009912729 6.50823e-4 0.02770429 -0.009912729 6.50823e-4 0.02770429 -0.009912729 6.50823e-4 0.02769809 -0.01002353 3.3378e-4 0.02769809 -0.01002353 3.3378e-4 0.02769809 -0.01002353 3.3378e-4 0.02769809 -0.01002353 3.3378e-4 0.02769601 -0.01006102 0 0.02769601 -0.01006102 0 0.02769601 -0.01006102 0 0.02769601 -0.01006102 0 0.02769809 -0.01002353 -3.33782e-4 0.02769809 -0.01002353 -3.33782e-4 0.02769809 -0.01002353 -3.33782e-4 0.02770429 -0.009912729 -6.50827e-4 0.02770429 -0.009912729 -6.50827e-4 0.02770429 -0.009912729 -6.50827e-4 0.02771431 -0.009734272 -9.35236e-4 0.02771431 -0.009734272 -9.35236e-4 0.02771431 -0.009734272 -9.35236e-4 0.02772754 -0.009497165 -0.001172721 0.02772754 -0.009497165 -0.001172721 0.02772754 -0.009497165 -0.001172721 0.0280866 -0.003071963 -0.006999969 0.0280866 -0.003071963 -0.006999969 0.0280866 -0.003071963 -0.006999969 0.0280866 -0.003071963 -0.006999969 0.0280866 -0.003071963 -0.006999969 0.0280866 -0.003071963 -0.006999969 0.02808874 -0.003034412 -0.007333755 0.02808874 -0.003034412 -0.007333755 0.02808874 -0.003034412 -0.007333755 0.02809488 -0.002923607 -0.007650792 0.02809488 -0.002923607 -0.007650792 0.02809488 -0.002923607 -0.007650792 0.0281049 -0.002745211 -0.007935225 0.0281049 -0.002745211 -0.007935225 0.0281049 -0.002745211 -0.007935225 0.0281049 -0.002745211 -0.007935225 0.0283935 0.002419412 -0.01424998 0.0283935 0.002419412 -0.01424998 0.0283935 0.002419412 -0.01424998 0.0283935 0.002419412 -0.01424998 0.0283935 0.002419412 -0.01424998 0.02811813 -0.002508044 -0.00817269 0.02811813 -0.002508044 -0.00817269 0.02811813 -0.002508044 -0.00817269 0.02811813 -0.002508044 -0.00817269 0.02813398 -0.002224087 -0.008351445 0.02813398 -0.002224087 -0.008351445 0.02813398 -0.002224087 -0.008351445 0.02815169 -0.001907527 -0.008462369 0.02815169 -0.001907527 -0.008462369 0.02815169 -0.001907527 -0.008462369 0.02817034 -0.001574277 -0.008499979 0.02817034 -0.001574277 -0.008499979 0.02817034 -0.001574277 -0.008499979 0.02818894 -0.001241028 -0.008462369 0.02818894 -0.001241028 -0.008462369 0.02818894 -0.001241028 -0.008462369 0.02820664 -9.24502e-4 -0.008351445 0.02820664 -9.24502e-4 -0.008351445 0.02820664 -9.24502e-4 -0.008351445 0.0282225 -6.40553e-4 -0.00817269 0.0282225 -6.40553e-4 -0.00817269 0.0282225 -6.40553e-4 -0.00817269 0.02823573 -4.03401e-4 -0.007935225 0.02823573 -4.03401e-4 -0.007935225 0.02823573 -4.03401e-4 -0.007935225 0.02823573 -4.03401e-4 -0.007935225 0.02824574 -2.24963e-4 -0.007650792 0.02824574 -2.24963e-4 -0.007650792 0.02824574 -2.24963e-4 -0.007650792 0.02824574 -2.24963e-4 -0.007650792 0.02825194 -1.14214e-4 -0.007333755 0.02825194 -1.14214e-4 -0.007333755 0.02825194 -1.14214e-4 -0.007333755 0.02825194 -1.14214e-4 -0.007333755 0.02825403 -7.66479e-5 -0.006999969 0.02825403 -7.66479e-5 -0.006999969 0.02825403 -7.66479e-5 -0.006999969 0.02825403 -7.66479e-5 -0.006999969 0.02825403 -7.66479e-5 -0.006999969 0.02774339 -0.009213209 -0.001351416 0.02774339 -0.009213209 -0.001351416 0.02774339 -0.009213209 -0.001351416 0.0277611 -0.008896648 -0.00146234 0.0277611 -0.008896648 -0.00146234 0.0277611 -0.008896648 -0.00146234 0.02777969 -0.008563399 -0.00149995 0.02777969 -0.008563399 -0.00149995 0.02777969 -0.008563399 -0.00149995 0.02779835 -0.00823009 -0.00146234 0.02779835 -0.00823009 -0.00146234 0.02779835 -0.00823009 -0.00146234 0.02781605 -0.007913589 -0.001351416 0.02781605 -0.007913589 -0.001351416 0.02781605 -0.007913589 -0.001351416 0.02783191 -0.007629632 -0.001172721 0.02783191 -0.007629632 -0.001172721 0.02783191 -0.007629632 -0.001172721 0.02784514 -0.007392466 -9.35236e-4 0.02784514 -0.007392466 -9.35236e-4 0.02784514 -0.007392466 -9.35236e-4 0.02785515 -0.007214069 -6.50827e-4 0.02785515 -0.007214069 -6.50827e-4 0.02785515 -0.007214069 -6.50827e-4 0.02786129 -0.007103264 -3.33782e-4 0.02786129 -0.007103264 -3.33782e-4 0.02786129 -0.007103264 -3.33782e-4 0.02786129 -0.007103264 -3.33782e-4 0.02803397 -0.004013657 -8.89253e-4 0.02803397 -0.004013657 -8.89253e-4 0.02803397 -0.004013657 -8.89253e-4 0.02803397 -0.004013657 -8.89253e-4 0.0280447 -0.003822445 -0.001299977 0.0280447 -0.003822445 -0.001299977 0.0280447 -0.003822445 -0.001299977 0.02805918 -0.003562927 -0.001671195 0.02805918 -0.003562927 -0.001671195 0.02805918 -0.003562927 -0.001671195 0.02807706 -0.003242909 -0.001991689 0.02807706 -0.003242909 -0.001991689 0.02807706 -0.003242909 -0.001991689 0.0280978 -0.002872228 -0.002251625 0.0280978 -0.002872228 -0.002251625 0.0280978 -0.002872228 -0.002251625 0.0280978 -0.002872228 -0.002251625 0.0280978 -0.002872228 -0.002251625 0.02809488 -0.002923607 -0.006349146 0.02809488 -0.002923607 -0.006349146 0.02809488 -0.002923607 -0.006349146 0.02809488 -0.002923607 -0.006349146 0.02808874 -0.003034412 -0.006666183 0.02808874 -0.003034412 -0.006666183 0.02808874 -0.003034412 -0.006666183 0.02808874 -0.003034412 -0.006666183 0.02808874 -0.003034412 -0.006666183 0.02825194 -1.14214e-4 -0.006666183 0.02825194 -1.14214e-4 -0.006666183 0.02825194 -1.14214e-4 -0.006666183 0.02825194 -1.14214e-4 -0.006666183 0.02825194 -1.14214e-4 -0.006666183 0.02824574 -2.24963e-4 -0.006349146 0.02824574 -2.24963e-4 -0.006349146 0.02824574 -2.24963e-4 -0.006349146 0.02824574 -2.24963e-4 -0.006349146 0.02824288 -2.76357e-4 -0.002251625 0.02824288 -2.76357e-4 -0.002251625 0.02824288 -2.76357e-4 -0.002251625 0.02808874 -0.003034412 0.006666183 0.02808874 -0.003034412 0.006666183 0.02808874 -0.003034412 0.006666183 0.02808874 -0.003034412 0.006666183 0.0280978 -0.002872228 0.002251625 0.0280978 -0.002872228 0.002251625 0.0280978 -0.002872228 0.002251625 0.0280978 -0.002872228 0.002251625 0.0280978 -0.002872228 0.002251625 0.02807706 -0.003242909 0.001991689 0.02807706 -0.003242909 0.001991689 0.02807706 -0.003242909 0.001991689 0.02805918 -0.003562927 0.001671195 0.02805918 -0.003562927 0.001671195 0.02805918 -0.003562927 0.001671195 0.0280447 -0.003822445 0.001299977 0.0280447 -0.003822445 0.001299977 0.0280447 -0.003822445 0.001299977 0.02803397 -0.004013657 8.89251e-4 0.02803397 -0.004013657 8.89251e-4 0.02803397 -0.004013657 8.89251e-4 0.02786129 -0.007103264 3.3378e-4 0.02786129 -0.007103264 3.3378e-4 0.02786129 -0.007103264 3.3378e-4 0.02785515 -0.007214069 6.50823e-4 0.02785515 -0.007214069 6.50823e-4 0.02785515 -0.007214069 6.50823e-4 0.02784514 -0.007392466 9.35232e-4 0.02784514 -0.007392466 9.35232e-4 0.02784514 -0.007392466 9.35232e-4 0.02783191 -0.007629632 0.001172721 0.02783191 -0.007629632 0.001172721 0.02783191 -0.007629632 0.001172721 0.02781605 -0.007913589 0.001351416 0.02781605 -0.007913589 0.001351416 0.02781605 -0.007913589 0.001351416 0.02779835 -0.00823009 0.00146234 0.02779835 -0.00823009 0.00146234 0.02779835 -0.00823009 0.00146234 0.02777969 -0.008563399 0.00149995 0.02777969 -0.008563399 0.00149995 0.02777969 -0.008563399 0.00149995 0.0277611 -0.008896648 0.00146234 0.0277611 -0.008896648 0.00146234 0.0277611 -0.008896648 0.00146234 0.02774339 -0.009213209 0.001351416 0.02774339 -0.009213209 0.001351416 0.02774339 -0.009213209 0.001351416 0.02825403 -7.66479e-5 0.006999969 0.02825403 -7.66479e-5 0.006999969 0.02825403 -7.66479e-5 0.006999969 0.02825403 -7.66479e-5 0.006999969 0.02825194 -1.14214e-4 0.007333755 0.02825194 -1.14214e-4 0.007333755 0.02825194 -1.14214e-4 0.007333755 0.02825194 -1.14214e-4 0.007333755 0.02824574 -2.24963e-4 0.007650792 0.02824574 -2.24963e-4 0.007650792 0.02824574 -2.24963e-4 0.007650792 0.02824574 -2.24963e-4 0.007650792 0.02823573 -4.03401e-4 0.007935225 0.02823573 -4.03401e-4 0.007935225 0.02823573 -4.03401e-4 0.007935225 0.0282225 -6.40553e-4 0.00817269 0.0282225 -6.40553e-4 0.00817269 0.0282225 -6.40553e-4 0.00817269 0.02820664 -9.24502e-4 0.008351445 0.02820664 -9.24502e-4 0.008351445 0.02820664 -9.24502e-4 0.008351445 0.02818894 -0.001241028 0.008462369 0.02818894 -0.001241028 0.008462369 0.02818894 -0.001241028 0.008462369 0.02817034 -0.001574277 0.008499979 0.02817034 -0.001574277 0.008499979 0.02817034 -0.001574277 0.008499979 0.02815169 -0.001907527 0.008462369 0.02815169 -0.001907527 0.008462369 0.02815169 -0.001907527 0.008462369 0.02813398 -0.002224087 0.008351445 0.02813398 -0.002224087 0.008351445 0.02813398 -0.002224087 0.008351445 0.02811813 -0.002508044 0.00817269 0.02811813 -0.002508044 0.00817269 0.02811813 -0.002508044 0.00817269 0.02811813 -0.002508044 0.00817269 0.02875816 0.008944749 0.00771445 0.02875816 0.008944749 0.00771445 0.02875816 0.008944749 0.00771445 0.02877902 0.009317815 0.007296323 0.02877902 0.009317815 0.007296323 0.02877902 0.009317815 0.007296323 0.02877902 0.009317815 0.007296323 0.02826356 9.43281e-5 0.001991689 0.02826356 9.43281e-5 0.001991689 0.02826356 9.43281e-5 0.001991689 0.02826356 9.43281e-5 0.001991689 0.02852457 0.004764914 0.001351416 0.02852457 0.004764914 0.001351416 0.02852457 0.004764914 0.001351416 0.02852457 0.004764914 0.001351416 0.02829593 6.73838e-4 0.001299977 0.02829593 6.73838e-4 0.001299977 0.02829593 6.73838e-4 0.001299977 0.02829593 6.73838e-4 0.001299977 0.02829593 6.73838e-4 0.001299977 0.02829593 6.73838e-4 0.001299977 0.02854228 0.005081474 0.00146234 0.02854228 0.005081474 0.00146234 0.02854228 0.005081474 0.00146234 0.02854228 0.005081474 0.00146234 0.02828145 4.14305e-4 0.001671195 0.02828145 4.14305e-4 0.001671195 0.02828145 4.14305e-4 0.001671195 0.02829593 6.73838e-4 -0.001299977 0.02829593 6.73838e-4 -0.001299977 0.02829593 6.73838e-4 -0.001299977 0.02850872 0.004480957 -0.001172721 0.02850872 0.004480957 -0.001172721 0.02850872 0.004480957 -0.001172721 0.02852457 0.004764914 -0.001351416 0.02852457 0.004764914 -0.001351416 0.02852457 0.004764914 -0.001351416 0.02877902 0.009317815 -0.007296323 0.02877902 0.009317815 -0.007296323 0.02877902 0.009317815 -0.007296323 0.02877902 0.009317815 -0.007296323 0.02875816 0.008944749 -0.00771445 0.02875816 0.008944749 -0.00771445 0.02875816 0.008944749 -0.00771445 0.02875816 0.008944749 -0.00771445 0.02813398 -0.002224087 -0.005648493 0.02813398 -0.002224087 -0.005648493 0.02813398 -0.002224087 -0.005648493 0.02814513 -0.002025067 -0.002560496 0.02814513 -0.002025067 -0.002560496 0.02814513 -0.002025067 -0.002560496 0.02815169 -0.001907527 -0.005537569 0.02815169 -0.001907527 -0.005537569 0.02815169 -0.001907527 -0.005537569 0.02817034 -0.001574277 -0.005499958 0.02817034 -0.001574277 -0.005499958 0.02817034 -0.001574277 -0.005499958 0.02817034 -0.001574277 -0.002599954 0.02817034 -0.001574277 -0.002599954 0.02817034 -0.001574277 -0.002599954 0.02818894 -0.001241028 -0.005537569 0.02818894 -0.001241028 -0.005537569 0.02818894 -0.001241028 -0.005537569 0.0281955 -0.001123487 -0.002560496 0.0281955 -0.001123487 -0.002560496 0.0281955 -0.001123487 -0.002560496 0.02820664 -9.24502e-4 -0.005648493 0.02820664 -9.24502e-4 -0.005648493 0.02820664 -9.24502e-4 -0.005648493 0.02821993 -6.86452e-4 -0.002443194 0.02821993 -6.86452e-4 -0.002443194 0.02821993 -6.86452e-4 -0.002443194 0.0282225 -6.40553e-4 -0.005827248 0.0282225 -6.40553e-4 -0.005827248 0.0282225 -6.40553e-4 -0.005827248 0.02823573 -4.03401e-4 -0.006064713 0.02823573 -4.03401e-4 -0.006064713 0.02823573 -4.03401e-4 -0.006064713 0.0281049 -0.002745211 0.006064713 0.0281049 -0.002745211 0.006064713 0.0281049 -0.002745211 0.006064713 0.02812069 -0.002462148 0.002443194 0.02812069 -0.002462148 0.002443194 0.02812069 -0.002462148 0.002443194 0.02809488 -0.002923607 0.006349146 0.02809488 -0.002923607 0.006349146 0.02809488 -0.002923607 0.006349146 0.02809488 -0.002923607 0.006349146 0.02811813 -0.002508044 0.005827248 0.02811813 -0.002508044 0.005827248 0.02811813 -0.002508044 0.005827248 0.02817034 -0.001574277 0.002599954 0.02817034 -0.001574277 0.002599954 0.02817034 -0.001574277 0.002599954 0.02817034 -0.001574277 0.005499958 0.02817034 -0.001574277 0.005499958 0.02817034 -0.001574277 0.005499958 0.0281955 -0.001123487 0.002560496 0.0281955 -0.001123487 0.002560496 0.0281955 -0.001123487 0.002560496 0.02818894 -0.001241028 0.005537569 0.02818894 -0.001241028 0.005537569 0.02818894 -0.001241028 0.005537569 0.02821993 -6.86452e-4 0.002443194 0.02821993 -6.86452e-4 0.002443194 0.02821993 -6.86452e-4 0.002443194 0.02820664 -9.24502e-4 0.005648493 0.02820664 -9.24502e-4 0.005648493 0.02820664 -9.24502e-4 0.005648493 0.0282225 -6.40553e-4 0.005827248 0.0282225 -6.40553e-4 0.005827248 0.0282225 -6.40553e-4 0.005827248 0.02824288 -2.76357e-4 0.002251625 0.02824288 -2.76357e-4 0.002251625 0.02824288 -2.76357e-4 0.002251625 0.02823573 -4.03401e-4 0.006064713 0.02823573 -4.03401e-4 0.006064713 0.02823573 -4.03401e-4 0.006064713 0.02823573 -4.03401e-4 0.006064713 0.02824574 -2.24963e-4 0.006349146 0.02824574 -2.24963e-4 0.006349146 0.02824574 -2.24963e-4 0.006349146 0.02824574 -2.24963e-4 0.006349146 0.02824574 -2.24963e-4 0.006349146 0.02825194 -1.14214e-4 0.006666183 0.02825194 -1.14214e-4 0.006666183 0.02825194 -1.14214e-4 0.006666183 0.02825194 -1.14214e-4 0.006666183 0.02825194 -1.14214e-4 0.006666183 0.03355312 0.005135774 0.00149995 0.03355312 0.005135774 0.00149995 0.03355312 0.005135774 0.00149995 0.03355312 0.005135774 0.00149995 0.03357172 0.005469024 0.00146234 0.03357172 0.005469024 0.00146234 0.03357172 0.005469024 0.00146234 0.03357172 0.005469024 0.00146234 0.03378933 0.009362757 0.006839036 0.03378933 0.009362757 0.006839036 0.03378933 0.009362757 0.006839036 0.03301966 -0.00440979 4.51483e-4 0.03301966 -0.00440979 4.51483e-4 0.03301966 -0.00440979 4.51483e-4 0.03285562 -0.007344722 0 0.03285562 -0.007344722 0 0.03285562 -0.007344722 0 0.03285562 -0.007344722 0 0.03301745 -0.004449248 0 0.03301745 -0.004449248 0 0.03301745 -0.004449248 0 0.03301966 -0.00440979 -4.51487e-4 0.03301966 -0.00440979 -4.51487e-4 0.03301966 -0.00440979 -4.51487e-4 0.03301966 -0.00440979 -4.51487e-4 0.03348767 0.003964841 9.35232e-4 0.03348767 0.003964841 9.35232e-4 0.03348767 0.003964841 9.35232e-4 0.0335009 0.004201948 0.001172721 0.0335009 0.004201948 0.001172721 0.0335009 0.004201948 0.001172721 0.03329885 5.86085e-4 8.89251e-4 0.03329885 5.86085e-4 8.89251e-4 0.03329885 5.86085e-4 8.89251e-4 0.0333054 7.03197e-4 4.51483e-4 0.0333054 7.03197e-4 4.51483e-4 0.0333054 7.03197e-4 4.51483e-4 0.0333054 7.03197e-4 4.51483e-4 0.03348767 0.003964841 -9.35236e-4 0.03348767 0.003964841 -9.35236e-4 0.03348767 0.003964841 -9.35236e-4 0.0333054 7.03197e-4 -4.51487e-4 0.0333054 7.03197e-4 -4.51487e-4 0.0333054 7.03197e-4 -4.51487e-4 0.03329885 5.86085e-4 -8.89253e-4 0.03329885 5.86085e-4 -8.89253e-4 0.03329885 5.86085e-4 -8.89253e-4 0.03353452 0.004802465 -0.00146234 0.03353452 0.004802465 -0.00146234 0.03353452 0.004802465 -0.00146234 0.03353452 0.004802465 -0.00146234 0.03327363 1.3531e-4 -0.001671195 0.03327363 1.3531e-4 -0.001671195 0.03327363 1.3531e-4 -0.001671195 0.03327363 1.3531e-4 -0.001671195 0.03355312 0.005135774 -0.00149995 0.03355312 0.005135774 -0.00149995 0.03355312 0.005135774 -0.00149995 0.03355312 0.005135774 -0.00149995 0.03309708 -0.00302422 -0.006064713 0.03309708 -0.00302422 -0.006064713 0.03309708 -0.00302422 -0.006064713 0.03309708 -0.00302422 -0.006064713 0.03311032 -0.002787053 -0.005827248 0.03311032 -0.002787053 -0.005827248 0.03311032 -0.002787053 -0.005827248 0.03311288 -0.002741158 -0.002443194 0.03311288 -0.002741158 -0.002443194 0.03311288 -0.002741158 -0.002443194 0.03313732 -0.002304077 0.002560496 0.03313732 -0.002304077 0.002560496 0.03313732 -0.002304077 0.002560496 0.03314387 -0.002186536 0.005537569 0.03314387 -0.002186536 0.005537569 0.03314387 -0.002186536 0.005537569 0.03312623 -0.002503097 0.005648493 0.03312623 -0.002503097 0.005648493 0.03312623 -0.002503097 0.005648493 0.03330761 7.42626e-4 0 0.03330761 7.42626e-4 0 0.03330761 7.42626e-4 0 0.03330761 7.42626e-4 0 0.03347772 0.003786444 -6.50827e-4 0.03347772 0.003786444 -6.50827e-4 0.03347772 0.003786444 -6.50827e-4 0.03347152 0.003675639 -3.33782e-4 0.03347152 0.003675639 -3.33782e-4 0.03347152 0.003675639 -3.33782e-4 0.03346943 0.003638088 0 0.03346943 0.003638088 0 0.03346943 0.003638088 0 0.03347152 0.003675639 3.3378e-4 0.03347152 0.003675639 3.3378e-4 0.03347152 0.003675639 3.3378e-4 0.03347772 0.003786444 6.50823e-4 0.03347772 0.003786444 6.50823e-4 0.03347772 0.003786444 6.50823e-4 0.03378933 0.009362757 -0.006839036 0.03378933 0.009362757 -0.006839036 0.03378933 0.009362757 -0.006839036 0.03378933 0.009362757 -0.006839036 0.03378933 0.009362757 -0.006839036 0.03380447 0.0096336 -0.006348311 0.03380447 0.0096336 -0.006348311 0.03380447 0.0096336 -0.006348311 0.03381645 0.009847819 -0.005830287 0.03381645 0.009847819 -0.005830287 0.03381645 0.009847819 -0.005830287 0.03381645 0.009847819 -0.005830287 0.03382509 0.01000279 -0.005291521 0.03382509 0.01000279 -0.005291521 0.03382509 0.01000279 -0.005291521 0.03382509 0.01000279 -0.005291521 0.03383034 0.01009654 -0.004738748 0.03383034 0.01009654 -0.004738748 0.03383034 0.01009654 -0.004738748 0.03383213 0.01012796 -0.004178881 0.03383213 0.01012796 -0.004178881 0.03383213 0.01012796 -0.004178881 0.03383213 0.01012796 -0.004178881 0.0336368 0.0066334 0 0.0336368 0.0066334 0 0.0336368 0.0066334 0 0.0336368 0.0066334 0 0.03363472 0.006595849 -3.33782e-4 0.03363472 0.006595849 -3.33782e-4 0.03363472 0.006595849 -3.33782e-4 0.03363472 0.006595849 -3.33782e-4 0.03362852 0.006485104 -6.50827e-4 0.03362852 0.006485104 -6.50827e-4 0.03362852 0.006485104 -6.50827e-4 0.03361856 0.006306707 -9.35236e-4 0.03361856 0.006306707 -9.35236e-4 0.03361856 0.006306707 -9.35236e-4 0.03360527 0.00606954 -0.001172721 0.03360527 0.00606954 -0.001172721 0.03360527 0.00606954 -0.001172721 0.03358942 0.005785584 -0.001351416 0.03358942 0.005785584 -0.001351416 0.03358942 0.005785584 -0.001351416 0.03358942 0.005785584 -0.001351416 0.03357172 0.005469024 -0.00146234 0.03357172 0.005469024 -0.00146234 0.03357172 0.005469024 -0.00146234 0.03325575 -1.84666e-4 -0.001991689 0.03325575 -1.84666e-4 -0.001991689 0.03325575 -1.84666e-4 -0.001991689 0.03325575 -1.84666e-4 -0.001991689 0.03325575 -1.84666e-4 -0.001991689 0.03361856 0.006306707 9.35232e-4 0.03361856 0.006306707 9.35232e-4 0.03361856 0.006306707 9.35232e-4 0.03361856 0.006306707 9.35232e-4 0.03362852 0.006485104 6.50823e-4 0.03362852 0.006485104 6.50823e-4 0.03362852 0.006485104 6.50823e-4 0.03362852 0.006485104 6.50823e-4 0.03362852 0.006485104 6.50823e-4 0.03363472 0.006595849 3.3378e-4 0.03363472 0.006595849 3.3378e-4 0.03363472 0.006595849 3.3378e-4 0.03363472 0.006595849 3.3378e-4 0.03383213 0.01012796 0.004178881 0.03383213 0.01012796 0.004178881 0.03383213 0.01012796 0.004178881 0.03358942 0.005785584 0.001351416 0.03358942 0.005785584 0.001351416 0.03358942 0.005785584 0.001351416 0.03360527 0.00606954 0.001172721 0.03360527 0.00606954 0.001172721 0.03360527 0.00606954 0.001172721 0.03383034 0.01009654 0.004738748 0.03383034 0.01009654 0.004738748 0.03383034 0.01009654 0.004738748 0.03382509 0.01000279 0.005291521 0.03382509 0.01000279 0.005291521 0.03382509 0.01000279 0.005291521 0.03381645 0.009847819 0.005830287 0.03381645 0.009847819 0.005830287 0.03381645 0.009847819 0.005830287 0.03380447 0.0096336 0.006348311 0.03380447 0.0096336 0.006348311 0.03380447 0.0096336 0.006348311 0.03124141 -0.03622853 -0.01424998 0.03124141 -0.03622853 -0.01424998 0.03124141 -0.03622853 -0.01424998 0.03124141 -0.03622853 -0.01424998 0.03338575 0.002140402 -0.01424998 0.03338575 0.002140402 -0.01424998 0.03338575 0.002140402 -0.01424998 0.03338575 0.002140402 -0.01424998 0.03338575 0.002140402 -0.01424998 0.03338575 0.002140402 -0.01424998 0.03309708 -0.00302422 -0.007935225 0.03309708 -0.00302422 -0.007935225 0.03309708 -0.00302422 -0.007935225 0.03309708 -0.00302422 -0.007935225 0.03308713 -0.003202617 -0.007650792 0.03308713 -0.003202617 -0.007650792 0.03308713 -0.003202617 -0.007650792 0.03308093 -0.003313362 -0.007333755 0.03308093 -0.003313362 -0.007333755 0.03308093 -0.003313362 -0.007333755 0.03308093 -0.003313362 -0.007333755 0.03307884 -0.003350973 -0.006999969 0.03307884 -0.003350973 -0.006999969 0.03307884 -0.003350973 -0.006999969 0.03307884 -0.003350973 -0.006999969 0.03307884 -0.003350973 -0.006999969 0.03307884 -0.003350973 -0.006999969 0.03271973 -0.009776175 -0.001172721 0.03271973 -0.009776175 -0.001172721 0.03271973 -0.009776175 -0.001172721 0.03270649 -0.01001328 -9.35236e-4 0.03270649 -0.01001328 -9.35236e-4 0.03270649 -0.01001328 -9.35236e-4 0.03269654 -0.01019173 -6.50827e-4 0.03269654 -0.01019173 -6.50827e-4 0.03269654 -0.01019173 -6.50827e-4 0.03269034 -0.01030248 -3.33782e-4 0.03269034 -0.01030248 -3.33782e-4 0.03269034 -0.01030248 -3.33782e-4 0.03269034 -0.01030248 -3.33782e-4 0.03268826 -0.01034003 0 0.03268826 -0.01034003 0 0.03268826 -0.01034003 0 0.03268826 -0.01034003 0 0.03269034 -0.01030248 3.3378e-4 0.03269034 -0.01030248 3.3378e-4 0.03269034 -0.01030248 3.3378e-4 0.03269654 -0.01019173 6.50823e-4 0.03269654 -0.01019173 6.50823e-4 0.03269654 -0.01019173 6.50823e-4 0.03270649 -0.01001328 9.35232e-4 0.03270649 -0.01001328 9.35232e-4 0.03270649 -0.01001328 9.35232e-4 0.03271973 -0.009776175 0.001172721 0.03271973 -0.009776175 0.001172721 0.03271973 -0.009776175 0.001172721 0.03307884 -0.003350973 0.006999969 0.03307884 -0.003350973 0.006999969 0.03307884 -0.003350973 0.006999969 0.03307884 -0.003350973 0.006999969 0.03307884 -0.003350973 0.006999969 0.03308093 -0.003313362 0.007333755 0.03308093 -0.003313362 0.007333755 0.03308093 -0.003313362 0.007333755 0.03308713 -0.003202617 0.007650792 0.03308713 -0.003202617 0.007650792 0.03308713 -0.003202617 0.007650792 0.03308713 -0.003202617 0.007650792 0.03309708 -0.00302422 0.007935225 0.03309708 -0.00302422 0.007935225 0.03309708 -0.00302422 0.007935225 0.03309708 -0.00302422 0.007935225 0.03309708 -0.00302422 0.007935225 0.03338575 0.002140402 0.01424998 0.03338575 0.002140402 0.01424998 0.03338575 0.002140402 0.01424998 0.03338575 0.002140402 0.01424998 0.03338575 0.002140402 0.01424998 0.03124141 -0.03622853 0.01424998 0.03124141 -0.03622853 0.01424998 0.03124141 -0.03622853 0.01424998 0.03324621 -3.55654e-4 -0.006999969 0.03324621 -3.55654e-4 -0.006999969 0.03324621 -3.55654e-4 -0.006999969 0.03324621 -3.55654e-4 -0.006999969 0.03324621 -3.55654e-4 -0.006999969 0.03324413 -3.93208e-4 -0.007333755 0.03324413 -3.93208e-4 -0.007333755 0.03324413 -3.93208e-4 -0.007333755 0.03324413 -3.93208e-4 -0.007333755 0.03323793 -5.03972e-4 -0.007650792 0.03323793 -5.03972e-4 -0.007650792 0.03323793 -5.03972e-4 -0.007650792 0.03323793 -5.03972e-4 -0.007650792 0.03322798 -6.82391e-4 -0.007935225 0.03322798 -6.82391e-4 -0.007935225 0.03322798 -6.82391e-4 -0.007935225 0.03321468 -9.19543e-4 -0.00817269 0.03321468 -9.19543e-4 -0.00817269 0.03321468 -9.19543e-4 -0.00817269 0.03319883 -0.001203477 -0.008351445 0.03319883 -0.001203477 -0.008351445 0.03319883 -0.001203477 -0.008351445 0.03318113 -0.001520037 -0.008462369 0.03318113 -0.001520037 -0.008462369 0.03318113 -0.001520037 -0.008462369 0.03316253 -0.001853287 -0.008499979 0.03316253 -0.001853287 -0.008499979 0.03316253 -0.001853287 -0.008499979 0.03314387 -0.002186536 -0.008462369 0.03314387 -0.002186536 -0.008462369 0.03314387 -0.002186536 -0.008462369 0.03312623 -0.002503097 -0.008351445 0.03312623 -0.002503097 -0.008351445 0.03312623 -0.002503097 -0.008351445 0.03312623 -0.002503097 -0.008351445 0.03311032 -0.002787053 -0.00817269 0.03311032 -0.002787053 -0.00817269 0.03311032 -0.002787053 -0.00817269 0.03311032 -0.002787053 -0.00817269 0.03306925 -0.003521919 -0.001991689 0.03306925 -0.003521919 -0.001991689 0.03306925 -0.003521919 -0.001991689 0.03305137 -0.003841876 -0.001671195 0.03305137 -0.003841876 -0.001671195 0.03305137 -0.003841876 -0.001671195 0.03303688 -0.004101455 -0.001299977 0.03303688 -0.004101455 -0.001299977 0.03303688 -0.004101455 -0.001299977 0.03302621 -0.004292666 -8.89253e-4 0.03302621 -0.004292666 -8.89253e-4 0.03302621 -0.004292666 -8.89253e-4 0.03302621 -0.004292666 -8.89253e-4 0.03285354 -0.007382273 -3.33782e-4 0.03285354 -0.007382273 -3.33782e-4 0.03285354 -0.007382273 -3.33782e-4 0.03284734 -0.007493019 -6.50827e-4 0.03284734 -0.007493019 -6.50827e-4 0.03284734 -0.007493019 -6.50827e-4 0.03283739 -0.007671475 -9.35236e-4 0.03283739 -0.007671475 -9.35236e-4 0.03283739 -0.007671475 -9.35236e-4 0.03282409 -0.007908582 -0.001172721 0.03282409 -0.007908582 -0.001172721 0.03282409 -0.007908582 -0.001172721 0.03280824 -0.008192539 -0.001351416 0.03280824 -0.008192539 -0.001351416 0.03280824 -0.008192539 -0.001351416 0.03279054 -0.008509099 -0.00146234 0.03279054 -0.008509099 -0.00146234 0.03279054 -0.008509099 -0.00146234 0.03277194 -0.008842349 -0.00149995 0.03277194 -0.008842349 -0.00149995 0.03277194 -0.008842349 -0.00149995 0.03275328 -0.009175658 -0.00146234 0.03275328 -0.009175658 -0.00146234 0.03275328 -0.009175658 -0.00146234 0.03273558 -0.009492158 -0.001351416 0.03273558 -0.009492158 -0.001351416 0.03273558 -0.009492158 -0.001351416 0.03308999 -0.003151237 -0.002251625 0.03308999 -0.003151237 -0.002251625 0.03308999 -0.003151237 -0.002251625 0.03308999 -0.003151237 -0.002251625 0.03308999 -0.003151237 -0.002251625 0.03308999 -0.003151237 -0.002251625 0.03308093 -0.003313362 -0.006666183 0.03308093 -0.003313362 -0.006666183 0.03308093 -0.003313362 -0.006666183 0.03308093 -0.003313362 -0.006666183 0.03308713 -0.003202617 -0.006349146 0.03308713 -0.003202617 -0.006349146 0.03308713 -0.003202617 -0.006349146 0.03308713 -0.003202617 -0.006349146 0.03323507 -5.55348e-4 -0.002251625 0.03323507 -5.55348e-4 -0.002251625 0.03323507 -5.55348e-4 -0.002251625 0.03323793 -5.03972e-4 -0.006349146 0.03323793 -5.03972e-4 -0.006349146 0.03323793 -5.03972e-4 -0.006349146 0.03323793 -5.03972e-4 -0.006349146 0.03323793 -5.03972e-4 -0.006349146 0.03324413 -3.93208e-4 -0.006666183 0.03324413 -3.93208e-4 -0.006666183 0.03324413 -3.93208e-4 -0.006666183 0.03324413 -3.93208e-4 -0.006666183 0.03324413 -3.93208e-4 -0.006666183 0.03273558 -0.009492158 0.001351416 0.03273558 -0.009492158 0.001351416 0.03273558 -0.009492158 0.001351416 0.03275328 -0.009175658 0.00146234 0.03275328 -0.009175658 0.00146234 0.03275328 -0.009175658 0.00146234 0.03277194 -0.008842349 0.00149995 0.03277194 -0.008842349 0.00149995 0.03277194 -0.008842349 0.00149995 0.03279054 -0.008509099 0.00146234 0.03279054 -0.008509099 0.00146234 0.03279054 -0.008509099 0.00146234 0.03280824 -0.008192539 0.001351416 0.03280824 -0.008192539 0.001351416 0.03280824 -0.008192539 0.001351416 0.03282409 -0.007908582 0.001172721 0.03282409 -0.007908582 0.001172721 0.03282409 -0.007908582 0.001172721 0.03283739 -0.007671475 9.35232e-4 0.03283739 -0.007671475 9.35232e-4 0.03283739 -0.007671475 9.35232e-4 0.03284734 -0.007493019 6.50823e-4 0.03284734 -0.007493019 6.50823e-4 0.03284734 -0.007493019 6.50823e-4 0.03285354 -0.007382273 3.3378e-4 0.03285354 -0.007382273 3.3378e-4 0.03285354 -0.007382273 3.3378e-4 0.03285354 -0.007382273 3.3378e-4 0.03302621 -0.004292666 8.89251e-4 0.03302621 -0.004292666 8.89251e-4 0.03302621 -0.004292666 8.89251e-4 0.03303688 -0.004101455 0.001299977 0.03303688 -0.004101455 0.001299977 0.03303688 -0.004101455 0.001299977 0.03305137 -0.003841876 0.001671195 0.03305137 -0.003841876 0.001671195 0.03305137 -0.003841876 0.001671195 0.03306925 -0.003521919 0.001991689 0.03306925 -0.003521919 0.001991689 0.03306925 -0.003521919 0.001991689 0.03308999 -0.003151237 0.002251625 0.03308999 -0.003151237 0.002251625 0.03308999 -0.003151237 0.002251625 0.03308999 -0.003151237 0.002251625 0.03308093 -0.003313362 0.006666183 0.03308093 -0.003313362 0.006666183 0.03308093 -0.003313362 0.006666183 0.03308093 -0.003313362 0.006666183 0.03308093 -0.003313362 0.006666183 0.03311032 -0.002787053 0.00817269 0.03311032 -0.002787053 0.00817269 0.03311032 -0.002787053 0.00817269 0.03311032 -0.002787053 0.00817269 0.03312623 -0.002503097 0.008351445 0.03312623 -0.002503097 0.008351445 0.03312623 -0.002503097 0.008351445 0.03312623 -0.002503097 0.008351445 0.03314387 -0.002186536 0.008462369 0.03314387 -0.002186536 0.008462369 0.03314387 -0.002186536 0.008462369 0.03316253 -0.001853287 0.008499979 0.03316253 -0.001853287 0.008499979 0.03316253 -0.001853287 0.008499979 0.03318113 -0.001520037 0.008462369 0.03318113 -0.001520037 0.008462369 0.03318113 -0.001520037 0.008462369 0.03319883 -0.001203477 0.008351445 0.03319883 -0.001203477 0.008351445 0.03319883 -0.001203477 0.008351445 0.03321468 -9.19543e-4 0.00817269 0.03321468 -9.19543e-4 0.00817269 0.03321468 -9.19543e-4 0.00817269 0.03322798 -6.82391e-4 0.007935225 0.03322798 -6.82391e-4 0.007935225 0.03322798 -6.82391e-4 0.007935225 0.03322798 -6.82391e-4 0.007935225 0.03323793 -5.03972e-4 0.007650792 0.03323793 -5.03972e-4 0.007650792 0.03323793 -5.03972e-4 0.007650792 0.03323793 -5.03972e-4 0.007650792 0.03324413 -3.93208e-4 0.007333755 0.03324413 -3.93208e-4 0.007333755 0.03324413 -3.93208e-4 0.007333755 0.03324413 -3.93208e-4 0.007333755 0.03324621 -3.55654e-4 0.006999969 0.03324621 -3.55654e-4 0.006999969 0.03324621 -3.55654e-4 0.006999969 0.03324621 -3.55654e-4 0.006999969 0.03325575 -1.84666e-4 0.001991689 0.03325575 -1.84666e-4 0.001991689 0.03325575 -1.84666e-4 0.001991689 0.03377127 0.009038805 0.007296323 0.03377127 0.009038805 0.007296323 0.03377127 0.009038805 0.007296323 0.03375041 0.00866574 0.00771445 0.03375041 0.00866574 0.00771445 0.03375041 0.00866574 0.00771445 0.03375041 0.00866574 0.00771445 0.03353452 0.004802465 0.00146234 0.03353452 0.004802465 0.00146234 0.03353452 0.004802465 0.00146234 0.03353452 0.004802465 0.00146234 0.03328818 3.94832e-4 0.001299977 0.03328818 3.94832e-4 0.001299977 0.03328818 3.94832e-4 0.001299977 0.03328818 3.94832e-4 0.001299977 0.03351682 0.004485964 0.001351416 0.03351682 0.004485964 0.001351416 0.03351682 0.004485964 0.001351416 0.03327363 1.3531e-4 0.001671195 0.03327363 1.3531e-4 0.001671195 0.03327363 1.3531e-4 0.001671195 0.03327363 1.3531e-4 0.001671195 0.03351682 0.004485964 -0.001351416 0.03351682 0.004485964 -0.001351416 0.03351682 0.004485964 -0.001351416 0.0335009 0.004201948 -0.001172721 0.0335009 0.004201948 -0.001172721 0.0335009 0.004201948 -0.001172721 0.03328818 3.94832e-4 -0.001299977 0.03328818 3.94832e-4 -0.001299977 0.03328818 3.94832e-4 -0.001299977 0.03328818 3.94832e-4 -0.001299977 0.03377127 0.009038805 -0.007296323 0.03377127 0.009038805 -0.007296323 0.03377127 0.009038805 -0.007296323 0.03377127 0.009038805 -0.007296323 0.03377127 0.009038805 -0.007296323 0.03375041 0.00866574 -0.00771445 0.03375041 0.00866574 -0.00771445 0.03375041 0.00866574 -0.00771445 0.03314387 -0.002186536 -0.005537569 0.03314387 -0.002186536 -0.005537569 0.03314387 -0.002186536 -0.005537569 0.03313732 -0.002304077 -0.002560496 0.03313732 -0.002304077 -0.002560496 0.03313732 -0.002304077 -0.002560496 0.03312623 -0.002503097 -0.005648493 0.03312623 -0.002503097 -0.005648493 0.03312623 -0.002503097 -0.005648493 0.03321468 -9.19543e-4 -0.005827248 0.03321468 -9.19543e-4 -0.005827248 0.03321468 -9.19543e-4 -0.005827248 0.03321212 -9.65443e-4 -0.002443194 0.03321212 -9.65443e-4 -0.002443194 0.03321212 -9.65443e-4 -0.002443194 0.03319883 -0.001203477 -0.005648493 0.03319883 -0.001203477 -0.005648493 0.03319883 -0.001203477 -0.005648493 0.03318774 -0.001402497 -0.002560496 0.03318774 -0.001402497 -0.002560496 0.03318774 -0.001402497 -0.002560496 0.03318113 -0.001520037 -0.005537569 0.03318113 -0.001520037 -0.005537569 0.03318113 -0.001520037 -0.005537569 0.03316253 -0.001853287 -0.002599954 0.03316253 -0.001853287 -0.002599954 0.03316253 -0.001853287 -0.002599954 0.03316253 -0.001853287 -0.005499958 0.03316253 -0.001853287 -0.005499958 0.03316253 -0.001853287 -0.005499958 0.03322798 -6.82391e-4 -0.006064713 0.03322798 -6.82391e-4 -0.006064713 0.03322798 -6.82391e-4 -0.006064713 0.03322798 -6.82391e-4 -0.006064713 0.03308713 -0.003202617 0.006349146 0.03308713 -0.003202617 0.006349146 0.03308713 -0.003202617 0.006349146 0.03311288 -0.002741158 0.002443194 0.03311288 -0.002741158 0.002443194 0.03311288 -0.002741158 0.002443194 0.03309708 -0.00302422 0.006064713 0.03309708 -0.00302422 0.006064713 0.03309708 -0.00302422 0.006064713 0.03311032 -0.002787053 0.005827248 0.03311032 -0.002787053 0.005827248 0.03311032 -0.002787053 0.005827248 0.03321468 -9.19543e-4 0.005827248 0.03321468 -9.19543e-4 0.005827248 0.03321468 -9.19543e-4 0.005827248 0.03319883 -0.001203477 0.005648493 0.03319883 -0.001203477 0.005648493 0.03319883 -0.001203477 0.005648493 0.03321212 -9.65443e-4 0.002443194 0.03321212 -9.65443e-4 0.002443194 0.03321212 -9.65443e-4 0.002443194 0.03318113 -0.001520037 0.005537569 0.03318113 -0.001520037 0.005537569 0.03318113 -0.001520037 0.005537569 0.03318774 -0.001402497 0.002560496 0.03318774 -0.001402497 0.002560496 0.03318774 -0.001402497 0.002560496 0.03316253 -0.001853287 0.005499958 0.03316253 -0.001853287 0.005499958 0.03316253 -0.001853287 0.005499958 0.03316253 -0.001853287 0.002599954 0.03316253 -0.001853287 0.002599954 0.03316253 -0.001853287 0.002599954 0.03323793 -5.03972e-4 0.006349146 0.03323793 -5.03972e-4 0.006349146 0.03323793 -5.03972e-4 0.006349146 0.03323793 -5.03972e-4 0.006349146 0.03322798 -6.82391e-4 0.006064713 0.03322798 -6.82391e-4 0.006064713 0.03322798 -6.82391e-4 0.006064713 0.03323507 -5.55348e-4 0.002251625 0.03323507 -5.55348e-4 0.002251625 0.03323507 -5.55348e-4 0.002251625 0.03324413 -3.93208e-4 0.006666183 0.03324413 -3.93208e-4 0.006666183 0.03324413 -3.93208e-4 0.006666183 0.03324413 -3.93208e-4 0.006666183 -0.01549988 -0.0482102 -0.01424998 -0.01549988 -0.0482102 -0.01424998 -0.01549988 -0.0482102 -0.01424998 -0.01549988 -0.0482102 -0.01424998 -0.01763755 -0.08646017 -0.006463706 -0.01763755 -0.08646017 -0.006463706 -0.01763755 -0.08646017 -0.006463706 -0.01763755 -0.08646017 -0.006463706 -0.01759821 -0.08575618 -0.006540358 -0.01759821 -0.08575618 -0.006540358 -0.01759821 -0.08575618 -0.006540358 -0.01759821 -0.08575618 -0.006540358 -0.01755863 -0.08504807 -0.006540358 -0.01755863 -0.08504807 -0.006540358 -0.01755863 -0.08504807 -0.006540358 -0.01755863 -0.08504807 -0.006540358 -0.01751929 -0.08434414 -0.006463706 -0.01751929 -0.08434414 -0.006463706 -0.01751929 -0.08434414 -0.006463706 -0.01748067 -0.08365255 -0.006311237 -0.01748067 -0.08365255 -0.006311237 -0.01748067 -0.08365255 -0.006311237 -0.01744318 -0.08298152 -0.00608474 -0.01744318 -0.08298152 -0.00608474 -0.01744318 -0.08298152 -0.00608474 -0.01744318 -0.08298152 -0.00608474 -0.01740723 -0.08233886 -0.005786955 -0.01740723 -0.08233886 -0.005786955 -0.01740723 -0.08233886 -0.005786955 -0.01737332 -0.08173209 -0.00542134 -0.01737332 -0.08173209 -0.00542134 -0.01737332 -0.08173209 -0.00542134 -0.01734185 -0.08116835 -0.004992127 -0.01734185 -0.08116835 -0.004992127 -0.01734185 -0.08116835 -0.004992127 -0.01731306 -0.08065426 -0.004504382 -0.01731306 -0.08065426 -0.004504382 -0.01731306 -0.08065426 -0.004504382 -0.01728749 -0.08019584 -0.003963887 -0.01728749 -0.08019584 -0.003963887 -0.01728749 -0.08019584 -0.003963887 -0.01726526 -0.07979846 -0.003376841 -0.01726526 -0.07979846 -0.003376841 -0.01726526 -0.07979846 -0.003376841 -0.01726526 -0.07979846 -0.003376841 -0.01724672 -0.07946681 -0.002750217 -0.01724672 -0.07946681 -0.002750217 -0.01724672 -0.07946681 -0.002750217 -0.01723206 -0.07920467 -0.002091407 -0.01723206 -0.07920467 -0.002091407 -0.01723206 -0.07920467 -0.002091407 -0.01723206 -0.07920467 -0.002091407 -0.01722151 -0.07901525 -0.00140804 -0.01722151 -0.07901525 -0.00140804 -0.01722151 -0.07901525 -0.00140804 -0.01721507 -0.07890069 -7.08181e-4 -0.01721507 -0.07890069 -7.08181e-4 -0.01721507 -0.07890069 -7.08181e-4 -0.01721292 -0.07886236 0 -0.01721292 -0.07886236 0 -0.01721292 -0.07886236 0 -0.01549988 -0.0482102 0.01424998 -0.01549988 -0.0482102 0.01424998 -0.01549988 -0.0482102 0.01424998 -0.01549988 -0.0482102 0.01424998 -0.01834565 -0.09913074 -0.01424998 -0.01834565 -0.09913074 -0.01424998 -0.01834565 -0.09913074 -0.01424998 -0.01794391 -0.09194195 0 -0.01794391 -0.09194195 0 -0.01794391 -0.09194195 0 -0.01794391 -0.09194195 0 -0.01794177 -0.09190356 -7.08181e-4 -0.01794177 -0.09190356 -7.08181e-4 -0.01794177 -0.09190356 -7.08181e-4 -0.01793539 -0.09178906 -0.00140804 -0.01793539 -0.09178906 -0.00140804 -0.01793539 -0.09178906 -0.00140804 -0.01793539 -0.09178906 -0.00140804 -0.01792478 -0.09159958 -0.002091407 -0.01792478 -0.09159958 -0.002091407 -0.01792478 -0.09159958 -0.002091407 -0.01792478 -0.09159958 -0.002091407 -0.01791012 -0.0913375 -0.002750217 -0.01791012 -0.0913375 -0.002750217 -0.01791012 -0.0913375 -0.002750217 -0.01789158 -0.0910058 -0.003376841 -0.01789158 -0.0910058 -0.003376841 -0.01789158 -0.0910058 -0.003376841 -0.01786941 -0.09060841 -0.003963887 -0.01786941 -0.09060841 -0.003963887 -0.01786941 -0.09060841 -0.003963887 -0.01784378 -0.09014999 -0.004504382 -0.01784378 -0.09014999 -0.004504382 -0.01784378 -0.09014999 -0.004504382 -0.01781505 -0.0896359 -0.004992127 -0.01781505 -0.0896359 -0.004992127 -0.01781505 -0.0896359 -0.004992127 -0.01778352 -0.08907216 -0.00542134 -0.01778352 -0.08907216 -0.00542134 -0.01778352 -0.08907216 -0.00542134 -0.01778352 -0.08907216 -0.00542134 -0.0177496 -0.08846545 -0.005786955 -0.0177496 -0.08846545 -0.005786955 -0.0177496 -0.08846545 -0.005786955 -0.01771372 -0.08782273 -0.00608474 -0.01771372 -0.08782273 -0.00608474 -0.01771372 -0.08782273 -0.00608474 -0.01771372 -0.08782273 -0.00608474 -0.01767623 -0.0871517 -0.006311237 -0.01767623 -0.0871517 -0.006311237 -0.01767623 -0.0871517 -0.006311237 -0.01853621 -0.1025396 -0.01083576 -0.01853621 -0.1025396 -0.01083576 -0.01853621 -0.1025396 -0.01083576 -0.01855003 -0.1027879 -0.01053267 -0.01855003 -0.1027879 -0.01053267 -0.01855003 -0.1027879 -0.01053267 -0.0185604 -0.1029725 -0.01018691 -0.0185604 -0.1029725 -0.01018691 -0.0185604 -0.1029725 -0.01018691 -0.0185604 -0.1029725 -0.01018691 -0.01856672 -0.1030861 -0.009811699 -0.01856672 -0.1030861 -0.009811699 -0.01856672 -0.1030861 -0.009811699 -0.01856672 -0.1030861 -0.009811699 -0.01856887 -0.1031244 -0.009421527 -0.01856887 -0.1031244 -0.009421527 -0.01856887 -0.1031244 -0.009421527 -0.01856887 -0.1031244 -0.009421527 -0.01856887 -0.1031244 0.009421527 -0.01856887 -0.1031244 0.009421527 -0.01856887 -0.1031244 0.009421527 -0.01856672 -0.1030861 0.009811699 -0.01856672 -0.1030861 0.009811699 -0.01856672 -0.1030861 0.009811699 -0.01856672 -0.1030861 0.009811699 -0.0185604 -0.1029725 0.01018691 -0.0185604 -0.1029725 0.01018691 -0.0185604 -0.1029725 0.01018691 -0.0185604 -0.1029725 0.01018691 -0.01855003 -0.1027879 0.01053267 -0.01855003 -0.1027879 0.01053267 -0.01855003 -0.1027879 0.01053267 -0.01855003 -0.1027879 0.01053267 -0.01853621 -0.1025396 0.01083576 -0.01853621 -0.1025396 0.01083576 -0.01853621 -0.1025396 0.01083576 -0.01853621 -0.1025396 0.01083576 -0.01834565 -0.09913074 0.01424998 -0.01834565 -0.09913074 0.01424998 -0.01834565 -0.09913074 0.01424998 -0.01721507 -0.07890069 7.08178e-4 -0.01721507 -0.07890069 7.08178e-4 -0.01721507 -0.07890069 7.08178e-4 -0.01722151 -0.07901525 0.00140804 -0.01722151 -0.07901525 0.00140804 -0.01722151 -0.07901525 0.00140804 -0.01722151 -0.07901525 0.00140804 -0.01723206 -0.07920467 0.002091407 -0.01723206 -0.07920467 0.002091407 -0.01723206 -0.07920467 0.002091407 -0.01724672 -0.07946681 0.002750217 -0.01724672 -0.07946681 0.002750217 -0.01724672 -0.07946681 0.002750217 -0.01724672 -0.07946681 0.002750217 -0.01726526 -0.07979846 0.003376841 -0.01726526 -0.07979846 0.003376841 -0.01726526 -0.07979846 0.003376841 -0.01728749 -0.08019584 0.003963887 -0.01728749 -0.08019584 0.003963887 -0.01728749 -0.08019584 0.003963887 -0.01731306 -0.08065426 0.004504382 -0.01731306 -0.08065426 0.004504382 -0.01731306 -0.08065426 0.004504382 -0.01731306 -0.08065426 0.004504382 -0.01734185 -0.08116835 0.004992127 -0.01734185 -0.08116835 0.004992127 -0.01734185 -0.08116835 0.004992127 -0.01737332 -0.08173209 0.00542134 -0.01737332 -0.08173209 0.00542134 -0.01737332 -0.08173209 0.00542134 -0.01740723 -0.08233886 0.005786955 -0.01740723 -0.08233886 0.005786955 -0.01740723 -0.08233886 0.005786955 -0.01740723 -0.08233886 0.005786955 -0.01744318 -0.08298152 0.00608474 -0.01744318 -0.08298152 0.00608474 -0.01744318 -0.08298152 0.00608474 -0.01748067 -0.08365255 0.006311237 -0.01748067 -0.08365255 0.006311237 -0.01748067 -0.08365255 0.006311237 -0.01751929 -0.08434414 0.006463706 -0.01751929 -0.08434414 0.006463706 -0.01751929 -0.08434414 0.006463706 -0.01751929 -0.08434414 0.006463706 -0.01755863 -0.08504807 0.006540358 -0.01755863 -0.08504807 0.006540358 -0.01755863 -0.08504807 0.006540358 -0.01759821 -0.08575618 0.006540358 -0.01759821 -0.08575618 0.006540358 -0.01759821 -0.08575618 0.006540358 -0.01759821 -0.08575618 0.006540358 -0.01763755 -0.08646017 0.006463706 -0.01763755 -0.08646017 0.006463706 -0.01763755 -0.08646017 0.006463706 -0.01763755 -0.08646017 0.006463706 -0.01767623 -0.0871517 0.006311237 -0.01767623 -0.0871517 0.006311237 -0.01767623 -0.0871517 0.006311237 -0.01767623 -0.0871517 0.006311237 -0.01771372 -0.08782273 0.00608474 -0.01771372 -0.08782273 0.00608474 -0.01771372 -0.08782273 0.00608474 -0.0177496 -0.08846545 0.005786955 -0.0177496 -0.08846545 0.005786955 -0.0177496 -0.08846545 0.005786955 -0.0177496 -0.08846545 0.005786955 -0.01778352 -0.08907216 0.00542134 -0.01778352 -0.08907216 0.00542134 -0.01778352 -0.08907216 0.00542134 -0.01781505 -0.0896359 0.004992127 -0.01781505 -0.0896359 0.004992127 -0.01781505 -0.0896359 0.004992127 -0.01784378 -0.09014999 0.004504382 -0.01784378 -0.09014999 0.004504382 -0.01784378 -0.09014999 0.004504382 -0.01786941 -0.09060841 0.003963887 -0.01786941 -0.09060841 0.003963887 -0.01786941 -0.09060841 0.003963887 -0.01789158 -0.0910058 0.003376841 -0.01789158 -0.0910058 0.003376841 -0.01789158 -0.0910058 0.003376841 -0.01791012 -0.0913375 0.002750217 -0.01791012 -0.0913375 0.002750217 -0.01791012 -0.0913375 0.002750217 -0.01792478 -0.09159958 0.002091407 -0.01792478 -0.09159958 0.002091407 -0.01792478 -0.09159958 0.002091407 -0.01792478 -0.09159958 0.002091407 -0.01793539 -0.09178906 0.00140804 -0.01793539 -0.09178906 0.00140804 -0.01793539 -0.09178906 0.00140804 -0.01793539 -0.09178906 0.00140804 -0.01794177 -0.09190356 7.08178e-4 -0.01794177 -0.09190356 7.08178e-4 -0.01794177 -0.09190356 7.08178e-4 -0.01794177 -0.09190356 7.08178e-4 0.009806871 -0.05237877 -0.003499984 0.009806871 -0.05237877 -0.003499984 0.009806871 -0.05237877 -0.003499984 0.009788215 -0.05271202 -0.003537595 0.009788215 -0.05271202 -0.003537595 0.009788215 -0.05271202 -0.003537595 0.009788215 -0.05271202 -0.003537595 0.009770512 -0.05302858 -0.003648519 0.009770512 -0.05302858 -0.003648519 0.009770512 -0.05302858 -0.003648519 0.009770512 -0.05302858 -0.003648519 0.009754657 -0.05331254 -0.003827214 0.009754657 -0.05331254 -0.003827214 0.009754657 -0.05331254 -0.003827214 0.009741425 -0.0535497 -0.004064738 0.009741425 -0.0535497 -0.004064738 0.009741425 -0.0535497 -0.004064738 0.009741425 -0.0535497 -0.004064738 0.009731471 -0.0537281 -0.004349172 0.009731471 -0.0537281 -0.004349172 0.009731471 -0.0537281 -0.004349172 0.009731471 -0.0537281 -0.004349172 0.009725272 -0.0538389 -0.004666209 0.009725272 -0.0538389 -0.004666209 0.009725272 -0.0538389 -0.004666209 0.009723126 -0.05387645 -0.004999995 0.009723126 -0.05387645 -0.004999995 0.009723126 -0.05387645 -0.004999995 0.009825468 -0.05204552 -0.003537595 0.009825468 -0.05204552 -0.003537595 0.009825468 -0.05204552 -0.003537595 0.00984317 -0.05172896 -0.003648519 0.00984317 -0.05172896 -0.003648519 0.00984317 -0.05172896 -0.003648519 0.009859025 -0.051445 -0.003827214 0.009859025 -0.051445 -0.003827214 0.009859025 -0.051445 -0.003827214 0.009872317 -0.05120784 -0.004064738 0.009872317 -0.05120784 -0.004064738 0.009872317 -0.05120784 -0.004064738 0.009882271 -0.05102944 -0.004349172 0.009882271 -0.05102944 -0.004349172 0.009882271 -0.05102944 -0.004349172 0.009882271 -0.05102944 -0.004349172 0.00988847 -0.05091863 -0.004666209 0.00988847 -0.05091863 -0.004666209 0.00988847 -0.05091863 -0.004666209 0.009890556 -0.05088108 -0.004999995 0.009890556 -0.05088108 -0.004999995 0.009890556 -0.05088108 -0.004999995 0.009806871 -0.05237877 -0.006499946 0.009806871 -0.05237877 -0.006499946 0.009806871 -0.05237877 -0.006499946 0.009825468 -0.05204552 -0.006462335 0.009825468 -0.05204552 -0.006462335 0.009825468 -0.05204552 -0.006462335 0.00984317 -0.05172896 -0.006351411 0.00984317 -0.05172896 -0.006351411 0.00984317 -0.05172896 -0.006351411 0.009859025 -0.051445 -0.006172716 0.009859025 -0.051445 -0.006172716 0.009859025 -0.051445 -0.006172716 0.009872317 -0.05120784 -0.005935192 0.009872317 -0.05120784 -0.005935192 0.009872317 -0.05120784 -0.005935192 0.009872317 -0.05120784 -0.005935192 0.009882271 -0.05102944 -0.005650818 0.009882271 -0.05102944 -0.005650818 0.009882271 -0.05102944 -0.005650818 0.00988847 -0.05091863 -0.005333721 0.00988847 -0.05091863 -0.005333721 0.00988847 -0.05091863 -0.005333721 0.009788215 -0.05271202 -0.006462335 0.009788215 -0.05271202 -0.006462335 0.009788215 -0.05271202 -0.006462335 0.009770512 -0.05302858 -0.006351411 0.009770512 -0.05302858 -0.006351411 0.009770512 -0.05302858 -0.006351411 0.009770512 -0.05302858 -0.006351411 0.009754657 -0.05331254 -0.006172716 0.009754657 -0.05331254 -0.006172716 0.009754657 -0.05331254 -0.006172716 0.009741425 -0.0535497 -0.005935192 0.009741425 -0.0535497 -0.005935192 0.009741425 -0.0535497 -0.005935192 0.009731471 -0.0537281 -0.005650818 0.009731471 -0.0537281 -0.005650818 0.009731471 -0.0537281 -0.005650818 0.009731471 -0.0537281 -0.005650818 0.009725272 -0.0538389 -0.005333721 0.009725272 -0.0538389 -0.005333721 0.009725272 -0.0538389 -0.005333721 0.009725272 -0.0538389 -0.005333721 0.009806871 -0.05237877 0.006499946 0.009806871 -0.05237877 0.006499946 0.009806871 -0.05237877 0.006499946 0.009788215 -0.05271202 0.006462335 0.009788215 -0.05271202 0.006462335 0.009788215 -0.05271202 0.006462335 0.009788215 -0.05271202 0.006462335 0.009770512 -0.05302858 0.006351411 0.009770512 -0.05302858 0.006351411 0.009770512 -0.05302858 0.006351411 0.009770512 -0.05302858 0.006351411 0.009754657 -0.05331254 0.006172716 0.009754657 -0.05331254 0.006172716 0.009754657 -0.05331254 0.006172716 0.009741425 -0.0535497 0.005935192 0.009741425 -0.0535497 0.005935192 0.009741425 -0.0535497 0.005935192 0.009741425 -0.0535497 0.005935192 0.009731471 -0.0537281 0.005650818 0.009731471 -0.0537281 0.005650818 0.009731471 -0.0537281 0.005650818 0.009731471 -0.0537281 0.005650818 0.009725272 -0.0538389 0.005333721 0.009725272 -0.0538389 0.005333721 0.009725272 -0.0538389 0.005333721 0.009723126 -0.05387645 0.004999995 0.009723126 -0.05387645 0.004999995 0.009723126 -0.05387645 0.004999995 0.009825468 -0.05204552 0.006462335 0.009825468 -0.05204552 0.006462335 0.009825468 -0.05204552 0.006462335 0.00984317 -0.05172896 0.006351411 0.00984317 -0.05172896 0.006351411 0.00984317 -0.05172896 0.006351411 0.009859025 -0.051445 0.006172716 0.009859025 -0.051445 0.006172716 0.009859025 -0.051445 0.006172716 0.009872317 -0.05120784 0.005935192 0.009872317 -0.05120784 0.005935192 0.009872317 -0.05120784 0.005935192 0.009882271 -0.05102944 0.005650818 0.009882271 -0.05102944 0.005650818 0.009882271 -0.05102944 0.005650818 0.009882271 -0.05102944 0.005650818 0.00988847 -0.05091863 0.005333721 0.00988847 -0.05091863 0.005333721 0.00988847 -0.05091863 0.005333721 0.009890556 -0.05088108 0.004999995 0.009890556 -0.05088108 0.004999995 0.009890556 -0.05088108 0.004999995 0.009806871 -0.05237877 0.003499984 0.009806871 -0.05237877 0.003499984 0.009806871 -0.05237877 0.003499984 0.009825468 -0.05204552 0.003537595 0.009825468 -0.05204552 0.003537595 0.009825468 -0.05204552 0.003537595 0.00984317 -0.05172896 0.003648519 0.00984317 -0.05172896 0.003648519 0.00984317 -0.05172896 0.003648519 0.009859025 -0.051445 0.003827214 0.009859025 -0.051445 0.003827214 0.009859025 -0.051445 0.003827214 0.009872317 -0.05120784 0.004064738 0.009872317 -0.05120784 0.004064738 0.009872317 -0.05120784 0.004064738 0.009872317 -0.05120784 0.004064738 0.009882271 -0.05102944 0.004349112 0.009882271 -0.05102944 0.004349112 0.009882271 -0.05102944 0.004349112 0.00988847 -0.05091863 0.004666209 0.00988847 -0.05091863 0.004666209 0.00988847 -0.05091863 0.004666209 0.009788215 -0.05271202 0.003537595 0.009788215 -0.05271202 0.003537595 0.009788215 -0.05271202 0.003537595 0.009770512 -0.05302858 0.003648519 0.009770512 -0.05302858 0.003648519 0.009770512 -0.05302858 0.003648519 0.009770512 -0.05302858 0.003648519 0.009754657 -0.05331254 0.003827214 0.009754657 -0.05331254 0.003827214 0.009754657 -0.05331254 0.003827214 0.009741425 -0.0535497 0.004064738 0.009741425 -0.0535497 0.004064738 0.009741425 -0.0535497 0.004064738 0.009731471 -0.0537281 0.004349112 0.009731471 -0.0537281 0.004349112 0.009731471 -0.0537281 0.004349112 0.009731471 -0.0537281 0.004349112 0.009725272 -0.0538389 0.004666209 0.009725272 -0.0538389 0.004666209 0.009725272 -0.0538389 0.004666209 0.009725272 -0.0538389 0.004666209 0.007072687 -0.1013024 -0.006499946 0.007072687 -0.1013024 -0.006499946 0.007072687 -0.1013024 -0.006499946 0.007091343 -0.1009691 -0.006462335 0.007091343 -0.1009691 -0.006462335 0.007091343 -0.1009691 -0.006462335 0.007091343 -0.1009691 -0.006462335 0.007108986 -0.1006526 -0.006351411 0.007108986 -0.1006526 -0.006351411 0.007108986 -0.1006526 -0.006351411 0.007124841 -0.1003686 -0.006172716 0.007124841 -0.1003686 -0.006172716 0.007124841 -0.1003686 -0.006172716 0.007124841 -0.1003686 -0.006172716 0.007138133 -0.1001315 -0.005935192 0.007138133 -0.1001315 -0.005935192 0.007138133 -0.1001315 -0.005935192 0.007148087 -0.09995305 -0.005650818 0.007148087 -0.09995305 -0.005650818 0.007148087 -0.09995305 -0.005650818 0.007148087 -0.09995305 -0.005650818 0.007154285 -0.0998423 -0.005333721 0.007154285 -0.0998423 -0.005333721 0.007154285 -0.0998423 -0.005333721 0.007154285 -0.0998423 -0.005333721 0.007156372 -0.09980475 -0.004999995 0.007156372 -0.09980475 -0.004999995 0.007156372 -0.09980475 -0.004999995 0.00705409 -0.1016357 -0.006462335 0.00705409 -0.1016357 -0.006462335 0.00705409 -0.1016357 -0.006462335 0.00705409 -0.1016357 -0.006462335 0.007036387 -0.1019522 -0.006351411 0.007036387 -0.1019522 -0.006351411 0.007036387 -0.1019522 -0.006351411 0.007020473 -0.1022362 -0.006172716 0.007020473 -0.1022362 -0.006172716 0.007020473 -0.1022362 -0.006172716 0.007007241 -0.1024733 -0.005935192 0.007007241 -0.1024733 -0.005935192 0.007007241 -0.1024733 -0.005935192 0.006997287 -0.1026518 -0.005650818 0.006997287 -0.1026518 -0.005650818 0.006997287 -0.1026518 -0.005650818 0.006997287 -0.1026518 -0.005650818 0.006991088 -0.1027625 -0.005333721 0.006991088 -0.1027625 -0.005333721 0.006991088 -0.1027625 -0.005333721 0.006991088 -0.1027625 -0.005333721 0.006989002 -0.1028001 -0.004999995 0.006989002 -0.1028001 -0.004999995 0.006989002 -0.1028001 -0.004999995 0.006989002 -0.1028001 -0.004999995 0.007072687 -0.1013024 -0.003499984 0.007072687 -0.1013024 -0.003499984 0.007072687 -0.1013024 -0.003499984 0.00705409 -0.1016357 -0.003537595 0.00705409 -0.1016357 -0.003537595 0.00705409 -0.1016357 -0.003537595 0.00705409 -0.1016357 -0.003537595 0.00705409 -0.1016357 -0.003537595 0.007036387 -0.1019522 -0.003648519 0.007036387 -0.1019522 -0.003648519 0.007036387 -0.1019522 -0.003648519 0.007020473 -0.1022362 -0.003827214 0.007020473 -0.1022362 -0.003827214 0.007020473 -0.1022362 -0.003827214 0.007007241 -0.1024733 -0.004064738 0.007007241 -0.1024733 -0.004064738 0.007007241 -0.1024733 -0.004064738 0.007007241 -0.1024733 -0.004064738 0.006997287 -0.1026518 -0.004349172 0.006997287 -0.1026518 -0.004349172 0.006997287 -0.1026518 -0.004349172 0.006997287 -0.1026518 -0.004349172 0.006991088 -0.1027625 -0.004666209 0.006991088 -0.1027625 -0.004666209 0.006991088 -0.1027625 -0.004666209 0.006991088 -0.1027625 -0.004666209 0.007091343 -0.1009691 -0.003537595 0.007091343 -0.1009691 -0.003537595 0.007091343 -0.1009691 -0.003537595 0.007091343 -0.1009691 -0.003537595 0.007108986 -0.1006526 -0.003648519 0.007108986 -0.1006526 -0.003648519 0.007108986 -0.1006526 -0.003648519 0.007124841 -0.1003686 -0.003827214 0.007124841 -0.1003686 -0.003827214 0.007124841 -0.1003686 -0.003827214 0.007124841 -0.1003686 -0.003827214 0.007138133 -0.1001315 -0.004064738 0.007138133 -0.1001315 -0.004064738 0.007138133 -0.1001315 -0.004064738 0.007148087 -0.09995305 -0.004349172 0.007148087 -0.09995305 -0.004349172 0.007148087 -0.09995305 -0.004349172 0.007154285 -0.0998423 -0.004666209 0.007154285 -0.0998423 -0.004666209 0.007154285 -0.0998423 -0.004666209 0.007154285 -0.0998423 -0.004666209 0.007072687 -0.1013024 0.003499984 0.007072687 -0.1013024 0.003499984 0.007072687 -0.1013024 0.003499984 0.007091343 -0.1009691 0.003537595 0.007091343 -0.1009691 0.003537595 0.007091343 -0.1009691 0.003537595 0.007091343 -0.1009691 0.003537595 0.007108986 -0.1006526 0.003648519 0.007108986 -0.1006526 0.003648519 0.007108986 -0.1006526 0.003648519 0.007124841 -0.1003686 0.003827214 0.007124841 -0.1003686 0.003827214 0.007124841 -0.1003686 0.003827214 0.007124841 -0.1003686 0.003827214 0.007138133 -0.1001315 0.004064738 0.007138133 -0.1001315 0.004064738 0.007138133 -0.1001315 0.004064738 0.007148087 -0.09995305 0.004349112 0.007148087 -0.09995305 0.004349112 0.007148087 -0.09995305 0.004349112 0.007148087 -0.09995305 0.004349112 0.007154285 -0.0998423 0.004666209 0.007154285 -0.0998423 0.004666209 0.007154285 -0.0998423 0.004666209 0.007154285 -0.0998423 0.004666209 0.007156372 -0.09980475 0.004999995 0.007156372 -0.09980475 0.004999995 0.007156372 -0.09980475 0.004999995 0.00705409 -0.1016357 0.003537595 0.00705409 -0.1016357 0.003537595 0.00705409 -0.1016357 0.003537595 0.00705409 -0.1016357 0.003537595 0.007036387 -0.1019522 0.003648519 0.007036387 -0.1019522 0.003648519 0.007036387 -0.1019522 0.003648519 0.007020473 -0.1022362 0.003827214 0.007020473 -0.1022362 0.003827214 0.007020473 -0.1022362 0.003827214 0.007007241 -0.1024733 0.004064738 0.007007241 -0.1024733 0.004064738 0.007007241 -0.1024733 0.004064738 0.006997287 -0.1026518 0.004349112 0.006997287 -0.1026518 0.004349112 0.006997287 -0.1026518 0.004349112 0.006997287 -0.1026518 0.004349112 0.006991088 -0.1027625 0.004666209 0.006991088 -0.1027625 0.004666209 0.006991088 -0.1027625 0.004666209 0.006991088 -0.1027625 0.004666209 0.006989002 -0.1028001 0.004999995 0.006989002 -0.1028001 0.004999995 0.006989002 -0.1028001 0.004999995 0.006989002 -0.1028001 0.004999995 0.007072687 -0.1013024 0.006499946 0.007072687 -0.1013024 0.006499946 0.007072687 -0.1013024 0.006499946 0.00705409 -0.1016357 0.006462335 0.00705409 -0.1016357 0.006462335 0.00705409 -0.1016357 0.006462335 0.00705409 -0.1016357 0.006462335 0.00705409 -0.1016357 0.006462335 0.007036387 -0.1019522 0.006351411 0.007036387 -0.1019522 0.006351411 0.007036387 -0.1019522 0.006351411 0.007020473 -0.1022362 0.006172716 0.007020473 -0.1022362 0.006172716 0.007020473 -0.1022362 0.006172716 0.007007241 -0.1024733 0.005935192 0.007007241 -0.1024733 0.005935192 0.007007241 -0.1024733 0.005935192 0.007007241 -0.1024733 0.005935192 0.006997287 -0.1026518 0.005650818 0.006997287 -0.1026518 0.005650818 0.006997287 -0.1026518 0.005650818 0.006997287 -0.1026518 0.005650818 0.006991088 -0.1027625 0.005333721 0.006991088 -0.1027625 0.005333721 0.006991088 -0.1027625 0.005333721 0.006991088 -0.1027625 0.005333721 0.007091343 -0.1009691 0.006462335 0.007091343 -0.1009691 0.006462335 0.007091343 -0.1009691 0.006462335 0.007091343 -0.1009691 0.006462335 0.007108986 -0.1006526 0.006351411 0.007108986 -0.1006526 0.006351411 0.007108986 -0.1006526 0.006351411 0.007124841 -0.1003686 0.006172716 0.007124841 -0.1003686 0.006172716 0.007124841 -0.1003686 0.006172716 0.007124841 -0.1003686 0.006172716 0.007138133 -0.1001315 0.005935192 0.007138133 -0.1001315 0.005935192 0.007138133 -0.1001315 0.005935192 0.007148087 -0.09995305 0.005650818 0.007148087 -0.09995305 0.005650818 0.007148087 -0.09995305 0.005650818 0.007154285 -0.0998423 0.005333721 0.007154285 -0.0998423 0.005333721 0.007154285 -0.0998423 0.005333721 0.007154285 -0.0998423 0.005333721 0.02635395 -0.03351145 0.01424998 0.02635395 -0.03351145 0.01424998 0.02635395 -0.03351145 0.01424998 0.02622938 -0.03405815 0.01424998 0.02622938 -0.03405815 0.01424998 0.02622938 -0.03405815 0.01424998 0.0260443 -0.03458744 0.01424998 0.0260443 -0.03458744 0.01424998 0.0260443 -0.03458744 0.01424998 0.02580118 -0.03509265 0.01424998 0.02580118 -0.03509265 0.01424998 0.02580118 -0.03509265 0.01424998 0.02550297 -0.03556752 0.01424998 0.02550297 -0.03556752 0.01424998 0.02550297 -0.03556752 0.01424998 0.02515351 -0.03600597 0.01424998 0.02515351 -0.03600597 0.01424998 0.02515351 -0.03600597 0.01424998 0.02475714 -0.03640258 0.01424998 0.02475714 -0.03640258 0.01424998 0.02475714 -0.03640258 0.01424998 0.03117877 -0.03678578 0.01424998 0.03117877 -0.03678578 0.01424998 0.03117877 -0.03678578 0.01424998 0.02958196 -0.0396769 0.01424998 0.02958196 -0.0396769 0.01424998 0.02958196 -0.0396769 0.01424998 0.01677542 -0.04353934 0.01424998 0.01677542 -0.04353934 0.01424998 0.01677542 -0.04353934 0.01424998 0.01633709 -0.0438891 0.01424998 0.01633709 -0.0438891 0.01424998 0.01633709 -0.0438891 0.01424998 0.01586246 -0.04418754 0.01424998 0.01586246 -0.04418754 0.01424998 0.01586246 -0.04418754 0.01424998 0.01535731 -0.04443097 0.01424998 0.01535731 -0.04443097 0.01424998 0.01535731 -0.04443097 0.01424998 0.01482814 -0.04461628 0.01424998 0.01482814 -0.04461628 0.01424998 0.01482814 -0.04461628 0.01424998 0.01428151 -0.04474121 0.01424998 0.01428151 -0.04474121 0.01424998 0.01428151 -0.04474121 0.01424998 0.01372438 -0.04480409 0.01424998 0.01372438 -0.04480409 0.01424998 0.01372438 -0.04480409 0.01424998 0.01316368 -0.04480427 0.01424998 0.01316368 -0.04480427 0.01424998 0.01316368 -0.04480427 0.01424998 0.02997833 -0.03928029 0.01424998 0.02997833 -0.03928029 0.01424998 0.02997833 -0.03928029 0.01424998 0.03032779 -0.03884184 0.01424998 0.03032779 -0.03884184 0.01424998 0.03032779 -0.03884184 0.01424998 0.03062599 -0.03836697 0.01424998 0.03062599 -0.03836697 0.01424998 0.03062599 -0.03836697 0.01424998 0.03086912 -0.03786176 0.01424998 0.03086912 -0.03786176 0.01424998 0.03086912 -0.03786176 0.01424998 0.03105419 -0.03733247 0.01424998 0.03105419 -0.03733247 0.01424998 0.03105419 -0.03733247 0.01424998 -0.02858132 -0.03138297 0.01424998 -0.02858132 -0.03138297 0.01424998 -0.02858132 -0.03138297 0.01424998 -0.02858132 -0.03138297 0.01424998 -0.02858132 -0.03138297 0.01424998 -0.0285812 -0.03194367 0.01424998 -0.0285812 -0.03194367 0.01424998 -0.0285812 -0.03194367 0.01424998 -0.02215683 -0.03227835 0.01424998 -0.02215683 -0.03227835 0.01424998 -0.02215683 -0.03227835 0.01424998 -0.02250653 -0.03184008 0.01424998 -0.02250653 -0.03184008 0.01424998 -0.02250653 -0.03184008 0.01424998 -0.02280497 -0.03136539 0.01424998 -0.02280497 -0.03136539 0.01424998 -0.02280497 -0.03136539 0.01424998 -0.0230484 -0.0308603 0.01424998 -0.0230484 -0.0308603 0.01424998 -0.0230484 -0.0308603 0.01424998 -0.0230484 -0.0308603 0.01424998 -0.02323371 -0.03033113 0.01424998 -0.02323371 -0.03033113 0.01424998 -0.02323371 -0.03033113 0.01424998 -0.02335864 -0.0297845 0.01424998 -0.02335864 -0.0297845 0.01424998 -0.02335864 -0.0297845 0.01424998 -0.02342158 -0.02922731 0.01424998 -0.02342158 -0.02922731 0.01424998 -0.02342158 -0.02922731 0.01424998 -0.0234217 -0.02866661 0.01424998 -0.0234217 -0.02866661 0.01424998 -0.0234217 -0.02866661 0.01424998 -0.0234217 -0.02866661 0.01424998 -0.0234217 -0.02866661 0.01424998 -0.02152854 0.005209386 0.01424998 -0.02152854 0.005209386 0.01424998 -0.02152854 0.005209386 0.01424998 -0.02152854 0.005209386 0.01424998 -0.02652072 0.005488395 0.01424998 -0.02652072 0.005488395 0.01424998 -0.02652072 0.005488395 0.01424998 -0.02652072 0.005488395 0.01424998 -0.02652072 0.005488395 0.01424998 -0.01015776 -0.0435009 0.01424998 -0.01015776 -0.0435009 0.01424998 -0.01015776 -0.0435009 0.01424998 -0.01071494 -0.04343831 0.01424998 -0.01071494 -0.04343831 0.01424998 -0.01071494 -0.04343831 0.01424998 -0.01071494 -0.04343831 0.01424998 -0.01126164 -0.04331368 0.01424998 -0.01126164 -0.04331368 0.01424998 -0.01126164 -0.04331368 0.01424998 -0.01179093 -0.0431286 0.01424998 -0.01179093 -0.0431286 0.01424998 -0.01179093 -0.0431286 0.01424998 -0.01229614 -0.04288548 0.01424998 -0.01229614 -0.04288548 0.01424998 -0.01229614 -0.04288548 0.01424998 -0.01277101 -0.04258728 0.01424998 -0.01277101 -0.04258728 0.01424998 -0.01277101 -0.04258728 0.01424998 -0.01320946 -0.04223781 0.01424998 -0.01320946 -0.04223781 0.01424998 -0.01320946 -0.04223781 0.01424998 -0.01360607 -0.04184144 0.01424998 -0.01360607 -0.04184144 0.01424998 -0.01360607 -0.04184144 0.01424998 -0.02731645 -0.03499472 0.01424998 -0.02731645 -0.03499472 0.01424998 -0.02731645 -0.03499472 0.01424998 -0.02851825 -0.0325008 0.01424998 -0.02851825 -0.0325008 0.01424998 -0.02851825 -0.0325008 0.01424998 -0.02839332 -0.03304743 0.01424998 -0.02839332 -0.03304743 0.01424998 -0.02839332 -0.03304743 0.01424998 -0.02820801 -0.0335766 0.01424998 -0.02820801 -0.0335766 0.01424998 -0.02820801 -0.0335766 0.01424998 -0.02796459 -0.03408175 0.01424998 -0.02796459 -0.03408175 0.01424998 -0.02796459 -0.03408175 0.01424998 -0.02766615 -0.03455638 0.01424998 -0.02766615 -0.03455638 0.01424998 -0.02766615 -0.03455638 0.01424998 0.03117877 -0.03678578 -0.01424998 0.03117877 -0.03678578 -0.01424998 0.03117877 -0.03678578 -0.01424998 0.02475714 -0.03640258 -0.01424998 0.02475714 -0.03640258 -0.01424998 0.02475714 -0.03640258 -0.01424998 0.02515351 -0.03600597 -0.01424998 0.02515351 -0.03600597 -0.01424998 0.02515351 -0.03600597 -0.01424998 0.02550297 -0.03556752 -0.01424998 0.02550297 -0.03556752 -0.01424998 0.02550297 -0.03556752 -0.01424998 0.02580118 -0.03509265 -0.01424998 0.02580118 -0.03509265 -0.01424998 0.02580118 -0.03509265 -0.01424998 0.0260443 -0.03458744 -0.01424998 0.0260443 -0.03458744 -0.01424998 0.0260443 -0.03458744 -0.01424998 0.02622938 -0.03405815 -0.01424998 0.02622938 -0.03405815 -0.01424998 0.02622938 -0.03405815 -0.01424998 0.02635395 -0.03351145 -0.01424998 0.02635395 -0.03351145 -0.01424998 0.02635395 -0.03351145 -0.01424998 0.01316368 -0.04480427 -0.01424998 0.01316368 -0.04480427 -0.01424998 0.01316368 -0.04480427 -0.01424998 0.01372438 -0.04480409 -0.01424998 0.01372438 -0.04480409 -0.01424998 0.01372438 -0.04480409 -0.01424998 0.01428151 -0.04474121 -0.01424998 0.01428151 -0.04474121 -0.01424998 0.01428151 -0.04474121 -0.01424998 0.01482814 -0.04461628 -0.01424998 0.01482814 -0.04461628 -0.01424998 0.01482814 -0.04461628 -0.01424998 0.01535731 -0.04443097 -0.01424998 0.01535731 -0.04443097 -0.01424998 0.01535731 -0.04443097 -0.01424998 0.01586246 -0.04418754 -0.01424998 0.01586246 -0.04418754 -0.01424998 0.01586246 -0.04418754 -0.01424998 0.01633709 -0.0438891 -0.01424998 0.01633709 -0.0438891 -0.01424998 0.01633709 -0.0438891 -0.01424998 0.01677542 -0.04353934 -0.01424998 0.01677542 -0.04353934 -0.01424998 0.01677542 -0.04353934 -0.01424998 0.02958196 -0.0396769 -0.01424998 0.02958196 -0.0396769 -0.01424998 0.02958196 -0.0396769 -0.01424998 0.03105419 -0.03733247 -0.01424998 0.03105419 -0.03733247 -0.01424998 0.03105419 -0.03733247 -0.01424998 0.03086912 -0.03786176 -0.01424998 0.03086912 -0.03786176 -0.01424998 0.03086912 -0.03786176 -0.01424998 0.03062599 -0.03836697 -0.01424998 0.03062599 -0.03836697 -0.01424998 0.03062599 -0.03836697 -0.01424998 0.03032779 -0.03884184 -0.01424998 0.03032779 -0.03884184 -0.01424998 0.03032779 -0.03884184 -0.01424998 0.02997833 -0.03928029 -0.01424998 0.02997833 -0.03928029 -0.01424998 0.02997833 -0.03928029 -0.01424998 -0.02858132 -0.03138297 -0.01424998 -0.02858132 -0.03138297 -0.01424998 -0.02858132 -0.03138297 -0.01424998 -0.02858132 -0.03138297 -0.01424998 -0.02858132 -0.03138297 -0.01424998 -0.02652072 0.005488395 -0.01424998 -0.02652072 0.005488395 -0.01424998 -0.02652072 0.005488395 -0.01424998 -0.02652072 0.005488395 -0.01424998 -0.02152854 0.005209386 -0.01424998 -0.02152854 0.005209386 -0.01424998 -0.02152854 0.005209386 -0.01424998 -0.02152854 0.005209386 -0.01424998 -0.02152854 0.005209386 -0.01424998 -0.0234217 -0.02866661 -0.01424998 -0.0234217 -0.02866661 -0.01424998 -0.0234217 -0.02866661 -0.01424998 -0.0234217 -0.02866661 -0.01424998 -0.0234217 -0.02866661 -0.01424998 -0.0234217 -0.02866661 -0.01424998 -0.02342158 -0.02922731 -0.01424998 -0.02342158 -0.02922731 -0.01424998 -0.02342158 -0.02922731 -0.01424998 -0.02335864 -0.0297845 -0.01424998 -0.02335864 -0.0297845 -0.01424998 -0.02335864 -0.0297845 -0.01424998 -0.02323371 -0.03033113 -0.01424998 -0.02323371 -0.03033113 -0.01424998 -0.02323371 -0.03033113 -0.01424998 -0.02323371 -0.03033113 -0.01424998 -0.0230484 -0.0308603 -0.01424998 -0.0230484 -0.0308603 -0.01424998 -0.0230484 -0.0308603 -0.01424998 -0.02280497 -0.03136539 -0.01424998 -0.02280497 -0.03136539 -0.01424998 -0.02280497 -0.03136539 -0.01424998 -0.02250653 -0.03184008 -0.01424998 -0.02250653 -0.03184008 -0.01424998 -0.02250653 -0.03184008 -0.01424998 -0.02215683 -0.03227835 -0.01424998 -0.02215683 -0.03227835 -0.01424998 -0.02215683 -0.03227835 -0.01424998 -0.0285812 -0.03194367 -0.01424998 -0.0285812 -0.03194367 -0.01424998 -0.0285812 -0.03194367 -0.01424998 -0.02731645 -0.03499472 -0.01424998 -0.02731645 -0.03499472 -0.01424998 -0.02731645 -0.03499472 -0.01424998 -0.01360607 -0.04184144 -0.01424998 -0.01360607 -0.04184144 -0.01424998 -0.01360607 -0.04184144 -0.01424998 -0.01320946 -0.04223781 -0.01424998 -0.01320946 -0.04223781 -0.01424998 -0.01320946 -0.04223781 -0.01424998 -0.01277101 -0.04258728 -0.01424998 -0.01277101 -0.04258728 -0.01424998 -0.01277101 -0.04258728 -0.01424998 -0.01229614 -0.04288548 -0.01424998 -0.01229614 -0.04288548 -0.01424998 -0.01229614 -0.04288548 -0.01424998 -0.01179093 -0.0431286 -0.01424998 -0.01179093 -0.0431286 -0.01424998 -0.01179093 -0.0431286 -0.01424998 -0.01126164 -0.04331368 -0.01424998 -0.01126164 -0.04331368 -0.01424998 -0.01126164 -0.04331368 -0.01424998 -0.01126164 -0.04331368 -0.01424998 -0.01071494 -0.04343831 -0.01424998 -0.01071494 -0.04343831 -0.01424998 -0.01071494 -0.04343831 -0.01424998 -0.01015776 -0.0435009 -0.01424998 -0.01015776 -0.0435009 -0.01424998 -0.01015776 -0.0435009 -0.01424998 -0.02766615 -0.03455638 -0.01424998 -0.02766615 -0.03455638 -0.01424998 -0.02766615 -0.03455638 -0.01424998 -0.02796459 -0.03408175 -0.01424998 -0.02796459 -0.03408175 -0.01424998 -0.02796459 -0.03408175 -0.01424998 -0.02820801 -0.0335766 -0.01424998 -0.02820801 -0.0335766 -0.01424998 -0.02820801 -0.0335766 -0.01424998 -0.02839332 -0.03304743 -0.01424998 -0.02839332 -0.03304743 -0.01424998 -0.02839332 -0.03304743 -0.01424998 -0.02851825 -0.0325008 -0.01424998 -0.02851825 -0.0325008 -0.01424998 -0.02851825 -0.0325008 -0.01424998 -0.0134415 -0.08306366 0.002380549 -0.0134415 -0.08306366 0.002380549 -0.0134415 -0.08306366 0.002380549 -0.0134415 -0.08306366 0.002380549 -0.01323831 -0.07942783 0.002091407 -0.01323831 -0.07942783 0.002091407 -0.01323831 -0.07942783 0.002091407 -0.01323831 -0.07942783 0.002091407 -0.01342332 -0.08273798 0.001971602 -0.01342332 -0.08273798 0.001971602 -0.01342332 -0.08273798 0.001971602 -0.01351332 -0.08434861 -0.003258049 -0.01351332 -0.08434861 -0.003258049 -0.01351332 -0.08434861 -0.003258049 -0.01327151 -0.08002167 -0.003376841 -0.01327151 -0.08002167 -0.003376841 -0.01327151 -0.08002167 -0.003376841 -0.01354122 -0.08484774 -0.003412246 -0.01354122 -0.08484774 -0.003412246 -0.01354122 -0.08484774 -0.003412246 -0.01372784 -0.08818703 0.002380549 -0.01372784 -0.08818703 0.002380549 -0.01372784 -0.08818703 0.002380549 -0.01374602 -0.08851265 0.001971602 -0.01374602 -0.08851265 0.001971602 -0.01374602 -0.08851265 0.001971602 -0.01393103 -0.0918228 0.002091407 -0.01393103 -0.0918228 0.002091407 -0.01393103 -0.0918228 0.002091407 -0.01365602 -0.08690202 -0.003258049 -0.01365602 -0.08690202 -0.003258049 -0.01365602 -0.08690202 -0.003258049 -0.01365602 -0.08690202 -0.003258049 -0.01362812 -0.08640295 -0.003412246 -0.01362812 -0.08640295 -0.003412246 -0.01362812 -0.08640295 -0.003412246 -0.01362812 -0.08640295 -0.003412246 -0.01389783 -0.09122902 -0.003376841 -0.01389783 -0.09122902 -0.003376841 -0.01389783 -0.09122902 -0.003376841 -0.01389783 -0.09122902 -0.003376841 -0.01329368 -0.08041906 -0.003963887 -0.01329368 -0.08041906 -0.003963887 -0.01329368 -0.08041906 -0.003963887 -0.01329368 -0.08041906 -0.003963887 -0.01331931 -0.08087748 -0.004504382 -0.01331931 -0.08087748 -0.004504382 -0.01331931 -0.08087748 -0.004504382 -0.01334804 -0.08139157 -0.004992127 -0.01334804 -0.08139157 -0.004992127 -0.01334804 -0.08139157 -0.004992127 -0.01334804 -0.08139157 -0.004992127 -0.01337957 -0.08195525 -0.00542134 -0.01337957 -0.08195525 -0.00542134 -0.01337957 -0.08195525 -0.00542134 -0.01341348 -0.08256202 -0.005786955 -0.01341348 -0.08256202 -0.005786955 -0.01341348 -0.08256202 -0.005786955 -0.01341348 -0.08256202 -0.005786955 -0.01344937 -0.08320468 -0.00608474 -0.01344937 -0.08320468 -0.00608474 -0.01344937 -0.08320468 -0.00608474 -0.01348686 -0.08387577 -0.006311237 -0.01348686 -0.08387577 -0.006311237 -0.01348686 -0.08387577 -0.006311237 -0.01352554 -0.0845673 -0.006463706 -0.01352554 -0.0845673 -0.006463706 -0.01352554 -0.0845673 -0.006463706 -0.01352554 -0.0845673 -0.006463706 -0.01356488 -0.08527129 -0.006540358 -0.01356488 -0.08527129 -0.006540358 -0.01356488 -0.08527129 -0.006540358 -0.01357007 -0.08536416 -0.003490209 -0.01357007 -0.08536416 -0.003490209 -0.01357007 -0.08536416 -0.003490209 -0.01359927 -0.08588647 -0.003490209 -0.01359927 -0.08588647 -0.003490209 -0.01359927 -0.08588647 -0.003490209 -0.01360446 -0.0859794 -0.006540358 -0.01360446 -0.0859794 -0.006540358 -0.01360446 -0.0859794 -0.006540358 -0.0136438 -0.08668333 -0.006463706 -0.0136438 -0.08668333 -0.006463706 -0.0136438 -0.08668333 -0.006463706 -0.01368242 -0.08737492 -0.006311237 -0.01368242 -0.08737492 -0.006311237 -0.01368242 -0.08737492 -0.006311237 -0.01368242 -0.08737492 -0.006311237 -0.01371997 -0.08804595 -0.00608474 -0.01371997 -0.08804595 -0.00608474 -0.01371997 -0.08804595 -0.00608474 -0.01375585 -0.08868861 -0.005786955 -0.01375585 -0.08868861 -0.005786955 -0.01375585 -0.08868861 -0.005786955 -0.01375585 -0.08868861 -0.005786955 -0.01378977 -0.08929538 -0.00542134 -0.01378977 -0.08929538 -0.00542134 -0.01378977 -0.08929538 -0.00542134 -0.0138213 -0.08985912 -0.004992127 -0.0138213 -0.08985912 -0.004992127 -0.0138213 -0.08985912 -0.004992127 -0.01384997 -0.09037321 -0.004504382 -0.01384997 -0.09037321 -0.004504382 -0.01384997 -0.09037321 -0.004504382 -0.01387566 -0.09083163 -0.003963887 -0.01387566 -0.09083163 -0.003963887 -0.01387566 -0.09083163 -0.003963887 -0.01329368 -0.08041906 0.003963887 -0.01329368 -0.08041906 0.003963887 -0.01329368 -0.08041906 0.003963887 -0.01329368 -0.08041906 0.003963887 -0.01327151 -0.08002167 0.003376841 -0.01327151 -0.08002167 0.003376841 -0.01327151 -0.08002167 0.003376841 -0.01327151 -0.08002167 0.003376841 -0.01354122 -0.08484774 0.003412187 -0.01354122 -0.08484774 0.003412187 -0.01354122 -0.08484774 0.003412187 -0.01357007 -0.08536416 0.003490209 -0.01357007 -0.08536416 0.003490209 -0.01357007 -0.08536416 0.003490209 -0.01356488 -0.08527129 0.006540358 -0.01356488 -0.08527129 0.006540358 -0.01356488 -0.08527129 0.006540358 -0.01356488 -0.08527129 0.006540358 -0.01352554 -0.0845673 0.006463706 -0.01352554 -0.0845673 0.006463706 -0.01352554 -0.0845673 0.006463706 -0.01348686 -0.08387577 0.006311237 -0.01348686 -0.08387577 0.006311237 -0.01348686 -0.08387577 0.006311237 -0.01344937 -0.08320468 0.00608474 -0.01344937 -0.08320468 0.00608474 -0.01344937 -0.08320468 0.00608474 -0.01344937 -0.08320468 0.00608474 -0.01341348 -0.08256202 0.005786955 -0.01341348 -0.08256202 0.005786955 -0.01341348 -0.08256202 0.005786955 -0.01337957 -0.08195525 0.00542134 -0.01337957 -0.08195525 0.00542134 -0.01337957 -0.08195525 0.00542134 -0.01334804 -0.08139157 0.004992127 -0.01334804 -0.08139157 0.004992127 -0.01334804 -0.08139157 0.004992127 -0.01334804 -0.08139157 0.004992127 -0.01334804 -0.08139157 0.004992127 -0.01331931 -0.08087748 0.004504382 -0.01331931 -0.08087748 0.004504382 -0.01331931 -0.08087748 0.004504382 -0.01359927 -0.08588647 0.003490209 -0.01359927 -0.08588647 0.003490209 -0.01359927 -0.08588647 0.003490209 -0.01362812 -0.08640295 0.003412187 -0.01362812 -0.08640295 0.003412187 -0.01362812 -0.08640295 0.003412187 -0.01362812 -0.08640295 0.003412187 -0.01389783 -0.09122902 0.003376841 -0.01389783 -0.09122902 0.003376841 -0.01389783 -0.09122902 0.003376841 -0.01387566 -0.09083163 0.003963887 -0.01387566 -0.09083163 0.003963887 -0.01387566 -0.09083163 0.003963887 -0.01384997 -0.09037321 0.004504382 -0.01384997 -0.09037321 0.004504382 -0.01384997 -0.09037321 0.004504382 -0.0138213 -0.08985912 0.004992127 -0.0138213 -0.08985912 0.004992127 -0.0138213 -0.08985912 0.004992127 -0.01378977 -0.08929538 0.00542134 -0.01378977 -0.08929538 0.00542134 -0.01378977 -0.08929538 0.00542134 -0.01378977 -0.08929538 0.00542134 -0.01375585 -0.08868861 0.005786955 -0.01375585 -0.08868861 0.005786955 -0.01375585 -0.08868861 0.005786955 -0.01371997 -0.08804595 0.00608474 -0.01371997 -0.08804595 0.00608474 -0.01371997 -0.08804595 0.00608474 -0.01371997 -0.08804595 0.00608474 -0.01368242 -0.08737492 0.006311237 -0.01368242 -0.08737492 0.006311237 -0.01368242 -0.08737492 0.006311237 -0.0136438 -0.08668333 0.006463706 -0.0136438 -0.08668333 0.006463706 -0.0136438 -0.08668333 0.006463706 -0.01360446 -0.0859794 0.006540358 -0.01360446 -0.0859794 0.006540358 -0.01360446 -0.0859794 0.006540358 -0.01351332 -0.08434861 0.003258049 -0.01351332 -0.08434861 0.003258049 -0.01351332 -0.08434861 0.003258049 -0.01325297 -0.07968997 0.002750217 -0.01325297 -0.07968997 0.002750217 -0.01325297 -0.07968997 0.002750217 -0.01348704 -0.08387809 0.003031075 -0.01348704 -0.08387809 0.003031075 -0.01348704 -0.08387809 0.003031075 -0.0134629 -0.08344656 0.002736389 -0.0134629 -0.08344656 0.002736389 -0.0134629 -0.08344656 0.002736389 -0.0134629 -0.08344656 0.002736389 -0.01340872 -0.08247685 0.001518547 -0.01340872 -0.08247685 0.001518547 -0.01340872 -0.08247685 0.001518547 -0.0132277 -0.07923841 0.00140804 -0.0132277 -0.07923841 0.00140804 -0.0132277 -0.07923841 0.00140804 -0.01339805 -0.082286 0.001031637 -0.01339805 -0.082286 0.001031637 -0.01339805 -0.082286 0.001031637 -0.01322132 -0.07912385 7.08178e-4 -0.01322132 -0.07912385 7.08178e-4 -0.01322132 -0.07912385 7.08178e-4 -0.01339155 -0.08216983 5.21647e-4 -0.01339155 -0.08216983 5.21647e-4 -0.01339155 -0.08216983 5.21647e-4 -0.01338934 -0.08213078 0 -0.01338934 -0.08213078 0 -0.01338934 -0.08213078 0 -0.01338934 -0.08213078 0 -0.01321917 -0.07908552 0 -0.01321917 -0.07908552 0 -0.01321917 -0.07908552 0 -0.01339155 -0.08216983 -5.21649e-4 -0.01339155 -0.08216983 -5.21649e-4 -0.01339155 -0.08216983 -5.21649e-4 -0.01339155 -0.08216983 -5.21649e-4 -0.01322132 -0.07912385 -7.08181e-4 -0.01322132 -0.07912385 -7.08181e-4 -0.01322132 -0.07912385 -7.08181e-4 -0.01339805 -0.082286 -0.001031637 -0.01339805 -0.082286 -0.001031637 -0.01339805 -0.082286 -0.001031637 -0.0132277 -0.07923841 -0.00140804 -0.0132277 -0.07923841 -0.00140804 -0.0132277 -0.07923841 -0.00140804 -0.0132277 -0.07923841 -0.00140804 -0.01340872 -0.08247685 -0.001518547 -0.01340872 -0.08247685 -0.001518547 -0.01340872 -0.08247685 -0.001518547 -0.01342332 -0.08273798 -0.001971602 -0.01342332 -0.08273798 -0.001971602 -0.01342332 -0.08273798 -0.001971602 -0.01323831 -0.07942783 -0.002091407 -0.01323831 -0.07942783 -0.002091407 -0.01323831 -0.07942783 -0.002091407 -0.0134415 -0.08306366 -0.002380549 -0.0134415 -0.08306366 -0.002380549 -0.0134415 -0.08306366 -0.002380549 -0.01325297 -0.07968997 -0.002750217 -0.01325297 -0.07968997 -0.002750217 -0.01325297 -0.07968997 -0.002750217 -0.01325297 -0.07968997 -0.002750217 -0.0134629 -0.08344656 -0.002736389 -0.0134629 -0.08344656 -0.002736389 -0.0134629 -0.08344656 -0.002736389 -0.01348704 -0.08387809 -0.003031075 -0.01348704 -0.08387809 -0.003031075 -0.01348704 -0.08387809 -0.003031075 -0.01348704 -0.08387809 -0.003031075 -0.01391637 -0.09156072 0.002750217 -0.01391637 -0.09156072 0.002750217 -0.01391637 -0.09156072 0.002750217 -0.01391637 -0.09156072 0.002750217 -0.01365602 -0.08690202 0.003258049 -0.01365602 -0.08690202 0.003258049 -0.01365602 -0.08690202 0.003258049 -0.01365602 -0.08690202 0.003258049 -0.0136823 -0.0873726 0.003031075 -0.0136823 -0.0873726 0.003031075 -0.0136823 -0.0873726 0.003031075 -0.0136823 -0.0873726 0.003031075 -0.01370644 -0.08780413 0.002736389 -0.01370644 -0.08780413 0.002736389 -0.01370644 -0.08780413 0.002736389 -0.01370644 -0.08780413 0.002736389 -0.01394158 -0.09201222 0.00140804 -0.01394158 -0.09201222 0.00140804 -0.01394158 -0.09201222 0.00140804 -0.01394158 -0.09201222 0.00140804 -0.01376062 -0.08877384 0.001518547 -0.01376062 -0.08877384 0.001518547 -0.01376062 -0.08877384 0.001518547 -0.01394802 -0.09212678 7.08178e-4 -0.01394802 -0.09212678 7.08178e-4 -0.01394802 -0.09212678 7.08178e-4 -0.01394802 -0.09212678 7.08178e-4 -0.01377129 -0.08896464 0.001031637 -0.01377129 -0.08896464 0.001031637 -0.01377129 -0.08896464 0.001031637 -0.01377779 -0.08908087 5.21647e-4 -0.01377779 -0.08908087 5.21647e-4 -0.01377779 -0.08908087 5.21647e-4 -0.01377779 -0.08908087 5.21647e-4 -0.01395016 -0.09216511 0 -0.01395016 -0.09216511 0 -0.01395016 -0.09216511 0 -0.01395016 -0.09216511 0 -0.01377993 -0.08911991 0 -0.01377993 -0.08911991 0 -0.01377993 -0.08911991 0 -0.01377993 -0.08911991 0 -0.01394802 -0.09212678 -7.08181e-4 -0.01394802 -0.09212678 -7.08181e-4 -0.01394802 -0.09212678 -7.08181e-4 -0.01394802 -0.09212678 -7.08181e-4 -0.01377779 -0.08908087 -5.21649e-4 -0.01377779 -0.08908087 -5.21649e-4 -0.01377779 -0.08908087 -5.21649e-4 -0.01394158 -0.09201222 -0.00140804 -0.01394158 -0.09201222 -0.00140804 -0.01394158 -0.09201222 -0.00140804 -0.01377129 -0.08896464 -0.001031637 -0.01377129 -0.08896464 -0.001031637 -0.01377129 -0.08896464 -0.001031637 -0.01376062 -0.08877384 -0.001518547 -0.01376062 -0.08877384 -0.001518547 -0.01376062 -0.08877384 -0.001518547 -0.01393103 -0.0918228 -0.002091407 -0.01393103 -0.0918228 -0.002091407 -0.01393103 -0.0918228 -0.002091407 -0.01393103 -0.0918228 -0.002091407 -0.01374602 -0.08851265 -0.001971602 -0.01374602 -0.08851265 -0.001971602 -0.01374602 -0.08851265 -0.001971602 -0.01391637 -0.09156072 -0.002750217 -0.01391637 -0.09156072 -0.002750217 -0.01391637 -0.09156072 -0.002750217 -0.01391637 -0.09156072 -0.002750217 -0.01372784 -0.08818703 -0.002380549 -0.01372784 -0.08818703 -0.002380549 -0.01372784 -0.08818703 -0.002380549 -0.01370644 -0.08780413 -0.002736389 -0.01370644 -0.08780413 -0.002736389 -0.01370644 -0.08780413 -0.002736389 -0.01370644 -0.08780413 -0.002736389 -0.0136823 -0.0873726 -0.003031075 -0.0136823 -0.0873726 -0.003031075 -0.0136823 -0.0873726 -0.003031075 -0.02150064 0.005708634 0 -0.02150064 0.005708634 0 -0.02150064 0.005708634 0 -0.0214169 0.007206261 0 -0.0214169 0.007206261 0 -0.0214169 0.007206261 0 -0.0214169 0.007206261 0 -0.02150279 0.005670189 5.87367e-4 -0.02150279 0.005670189 5.87367e-4 -0.02150279 0.005670189 5.87367e-4 -0.02150279 0.005670189 -5.87368e-4 -0.02150279 0.005670189 -5.87368e-4 -0.02150279 0.005670189 -5.87368e-4 -0.02112489 0.01243174 -0.006839036 -0.02112489 0.01243174 -0.006839036 -0.02112489 0.01243174 -0.006839036 -0.02130722 0.009169161 -2.5882e-4 -0.02130722 0.009169161 -2.5882e-4 -0.02130722 0.009169161 -2.5882e-4 -0.02131277 0.009069383 -5.00001e-4 -0.02131277 0.009069383 -5.00001e-4 -0.02131277 0.009069383 -5.00001e-4 -0.02131277 0.009069383 -5.00001e-4 -0.02132165 0.008910715 -7.07109e-4 -0.02132165 0.008910715 -7.07109e-4 -0.02132165 0.008910715 -7.07109e-4 -0.02132165 0.008910715 -7.07109e-4 -0.02199423 -0.003124237 -0.001164674 -0.02199423 -0.003124237 -0.001164674 -0.02199423 -0.003124237 -0.001164674 -0.02199423 -0.003124237 -0.001164674 -0.02200067 -0.003238856 -5.87368e-4 -0.02200067 -0.003238856 -5.87368e-4 -0.02200067 -0.003238856 -5.87368e-4 -0.02212786 -0.005514979 -9.65927e-4 -0.02212786 -0.005514979 -9.65927e-4 -0.02212786 -0.005514979 -9.65927e-4 -0.02212786 -0.005514979 -9.65927e-4 -0.02214235 -0.005773425 -0.000999987 -0.02214235 -0.005773425 -0.000999987 -0.02214235 -0.005773425 -0.000999987 -0.02214235 -0.005773425 -0.000999987 -0.02153426 0.005106627 -0.002249956 -0.02153426 0.005106627 -0.002249956 -0.02153426 0.005106627 -0.002249956 -0.02153426 0.005106627 -0.002249956 -0.02151972 0.005366623 -0.001722037 -0.02151972 0.005366623 -0.001722037 -0.02151972 0.005366623 -0.001722037 -0.02150917 0.00555551 -0.001164674 -0.02150917 0.00555551 -0.001164674 -0.02150917 0.00555551 -0.001164674 -0.02178448 6.29194e-4 -0.004461467 -0.02178448 6.29194e-4 -0.004461467 -0.02178448 6.29194e-4 -0.004461467 -0.02177959 7.16426e-4 -0.006133973 -0.02177959 7.16426e-4 -0.006133973 -0.02177959 7.16426e-4 -0.006133973 -0.02177959 7.16426e-4 -0.006133973 -0.02176618 9.57225e-4 -0.006034016 -0.02176618 9.57225e-4 -0.006034016 -0.02176618 9.57225e-4 -0.006034016 -0.02211439 -0.005274176 -8.66026e-4 -0.02211439 -0.005274176 -8.66026e-4 -0.02211439 -0.005274176 -8.66026e-4 -0.02211439 -0.005274176 -8.66026e-4 -0.02153426 0.005106627 0.002249956 -0.02153426 0.005106627 0.002249956 -0.02153426 0.005106627 0.002249956 -0.02151972 0.005366623 0.001722037 -0.02151972 0.005366623 0.001722037 -0.02151972 0.005366623 0.001722037 -0.02150917 0.00555551 0.001164674 -0.02150917 0.00555551 0.001164674 -0.02150917 0.00555551 0.001164674 -0.02171224 0.001921653 0.006292879 -0.02171224 0.001921653 0.006292879 -0.02171224 0.001921653 0.006292879 -0.02171224 0.001921653 0.006292879 -0.0217238 0.001714825 0.006133913 -0.0217238 0.001714825 0.006133913 -0.0217238 0.001714825 0.006133913 -0.02171891 0.001802086 0.004461467 -0.02171891 0.001802086 0.004461467 -0.02171891 0.001802086 0.004461467 -0.02171891 0.001802086 0.004461467 -0.02171891 0.001802086 0.004461467 -0.02180749 2.17207e-4 0.006999969 -0.02180749 2.17207e-4 0.006999969 -0.02180749 2.17207e-4 0.006999969 -0.02180749 2.17207e-4 0.006999969 -0.02180749 2.17207e-4 0.006999969 -0.02217024 -0.006272614 8.66024e-4 -0.02217024 -0.006272614 8.66024e-4 -0.02217024 -0.006272614 8.66024e-4 -0.02217024 -0.006272614 8.66024e-4 -0.02217024 -0.006272614 8.66024e-4 -0.02217024 -0.006272614 8.66024e-4 -0.02217024 -0.006272614 8.66024e-4 -0.02187728 -0.001030802 0.00389707 -0.02187728 -0.001030802 0.00389707 -0.02187728 -0.001030802 0.00389707 -0.02187728 -0.001030802 0.00389707 -0.02184784 -5.03741e-4 0.004157423 -0.02184784 -5.03741e-4 0.004157423 -0.02184784 -5.03741e-4 0.004157423 -0.02181673 5.27762e-5 0.004346609 -0.02181673 5.27762e-5 0.004346609 -0.02181673 5.27762e-5 0.004346609 -0.02181673 5.27762e-5 0.004346609 -0.02200281 -0.003277301 0 -0.02200281 -0.003277301 0 -0.02200281 -0.003277301 0 -0.02200281 -0.003277301 0 -0.02200281 -0.003277301 0 -0.02200281 -0.003277301 0 -0.02200067 -0.003238856 5.87367e-4 -0.02200067 -0.003238856 5.87367e-4 -0.02200067 -0.003238856 5.87367e-4 -0.02211439 -0.005274176 8.66024e-4 -0.02211439 -0.005274176 8.66024e-4 -0.02211439 -0.005274176 8.66024e-4 -0.02211439 -0.005274176 8.66024e-4 -0.02210283 -0.005067408 7.07105e-4 -0.02210283 -0.005067408 7.07105e-4 -0.02210283 -0.005067408 7.07105e-4 -0.02210283 -0.005067408 7.07105e-4 -0.02210283 -0.005067408 7.07105e-4 -0.02209401 -0.00490874 4.99999e-4 -0.02209401 -0.00490874 4.99999e-4 -0.02209401 -0.00490874 4.99999e-4 -0.02209401 -0.00490874 4.99999e-4 -0.0220884 -0.004809021 2.58818e-4 -0.0220884 -0.004809021 2.58818e-4 -0.0220884 -0.004809021 2.58818e-4 -0.0220884 -0.004809021 2.58818e-4 -0.0220865 -0.004774987 0 -0.0220865 -0.004774987 0 -0.0220865 -0.004774987 0 -0.0220865 -0.004774987 0 -0.0220884 -0.004809021 -2.5882e-4 -0.0220884 -0.004809021 -2.5882e-4 -0.0220884 -0.004809021 -2.5882e-4 -0.02209401 -0.00490874 -5.00001e-4 -0.02209401 -0.00490874 -5.00001e-4 -0.02209401 -0.00490874 -5.00001e-4 -0.02209401 -0.00490874 -5.00001e-4 -0.02209401 -0.00490874 -5.00001e-4 -0.02210283 -0.005067408 -7.07109e-4 -0.02210283 -0.005067408 -7.07109e-4 -0.02210283 -0.005067408 -7.07109e-4 -0.02210283 -0.005067408 -7.07109e-4 -0.02112489 0.01243174 0.006839036 -0.02112489 0.01243174 0.006839036 -0.02112489 0.01243174 0.006839036 -0.02114301 0.01210778 0.007296323 -0.02114301 0.01210778 0.007296323 -0.02114301 0.01210778 0.007296323 -0.02169591 0.002214074 0.006999969 -0.02169591 0.002214074 0.006999969 -0.02169591 0.002214074 0.006999969 -0.02169591 0.002214074 0.006999969 -0.02132165 0.008910715 7.07105e-4 -0.02132165 0.008910715 7.07105e-4 -0.02132165 0.008910715 7.07105e-4 -0.02132165 0.008910715 7.07105e-4 -0.02132165 0.008910715 7.07105e-4 -0.02131277 0.009069383 4.99999e-4 -0.02131277 0.009069383 4.99999e-4 -0.02131277 0.009069383 4.99999e-4 -0.02130722 0.009169161 2.58818e-4 -0.02130722 0.009169161 2.58818e-4 -0.02130722 0.009169161 2.58818e-4 -0.02130532 0.009203135 0 -0.02130532 0.009203135 0 -0.02130532 0.009203135 0 -0.02173727 0.001474022 -0.007965922 -0.02173727 0.001474022 -0.007965922 -0.02173727 0.001474022 -0.007965922 -0.02173727 0.001474022 -0.007965922 -0.0217517 0.001215636 -0.007999956 -0.0217517 0.001215636 -0.007999956 -0.0217517 0.001215636 -0.007999956 -0.0217517 0.001215636 -0.007999956 -0.02176618 9.57225e-4 -0.007965922 -0.02176618 9.57225e-4 -0.007965922 -0.02176618 9.57225e-4 -0.007965922 -0.02176618 9.57225e-4 -0.007965922 -0.02177959 7.16426e-4 -0.007865965 -0.02177959 7.16426e-4 -0.007865965 -0.02177959 7.16426e-4 -0.007865965 -0.02177959 7.16426e-4 -0.007865965 -0.02179116 5.09638e-4 -0.007707059 -0.02179116 5.09638e-4 -0.007707059 -0.02179116 5.09638e-4 -0.007707059 -0.02179116 5.09638e-4 -0.007707059 -0.02180004 3.50963e-4 -0.007499992 -0.02180004 3.50963e-4 -0.007499992 -0.02180004 3.50963e-4 -0.007499992 -0.02180004 3.50963e-4 -0.007499992 -0.02180564 2.51234e-4 -0.007258772 -0.02180564 2.51234e-4 -0.007258772 -0.02180564 2.51234e-4 -0.007258772 -0.02180564 2.51234e-4 -0.007258772 -0.02180749 2.17207e-4 -0.006999969 -0.02180749 2.17207e-4 -0.006999969 -0.02180749 2.17207e-4 -0.006999969 -0.02180749 2.17207e-4 -0.006999969 -0.02181673 5.27762e-5 -0.004346609 -0.02181673 5.27762e-5 -0.004346609 -0.02181673 5.27762e-5 -0.004346609 -0.02184784 -5.03741e-4 -0.004157423 -0.02184784 -5.03741e-4 -0.004157423 -0.02184784 -5.03741e-4 -0.004157423 -0.02187728 -0.001030802 -0.00389707 -0.02187728 -0.001030802 -0.00389707 -0.02187728 -0.001030802 -0.00389707 -0.02190458 -0.001519501 -0.003570079 -0.02190458 -0.001519501 -0.003570079 -0.02190458 -0.001519501 -0.003570079 -0.02192926 -0.00196135 -0.003181934 -0.02192926 -0.00196135 -0.003181934 -0.02192926 -0.00196135 -0.003181934 -0.0219509 -0.00234884 -0.002739369 -0.0219509 -0.00234884 -0.002739369 -0.0219509 -0.00234884 -0.002739369 -0.02196919 -0.002675354 -0.002249956 -0.02196919 -0.002675354 -0.002249956 -0.02196919 -0.002675354 -0.002249956 -0.02198368 -0.00293529 -0.001722037 -0.02198368 -0.00293529 -0.001722037 -0.02198368 -0.00293529 -0.001722037 -0.02215677 -0.006031811 -9.65927e-4 -0.02215677 -0.006031811 -9.65927e-4 -0.02215677 -0.006031811 -9.65927e-4 -0.02215677 -0.006031811 -9.65927e-4 -0.02217024 -0.006272614 -8.66026e-4 -0.02217024 -0.006272614 -8.66026e-4 -0.02217024 -0.006272614 -8.66026e-4 -0.02217024 -0.006272614 -8.66026e-4 -0.02218174 -0.006479442 -7.07109e-4 -0.02218174 -0.006479442 -7.07109e-4 -0.02218174 -0.006479442 -7.07109e-4 -0.02218174 -0.006479442 -7.07109e-4 -0.02219063 -0.00663805 -5.00001e-4 -0.02219063 -0.00663805 -5.00001e-4 -0.02219063 -0.00663805 -5.00001e-4 -0.02219623 -0.006737828 -2.5882e-4 -0.02219623 -0.006737828 -2.5882e-4 -0.02219623 -0.006737828 -2.5882e-4 -0.02219814 -0.006771862 0 -0.02219814 -0.006771862 0 -0.02219814 -0.006771862 0 -0.02219623 -0.006737828 2.58818e-4 -0.02219623 -0.006737828 2.58818e-4 -0.02219623 -0.006737828 2.58818e-4 -0.02219623 -0.006737828 2.58818e-4 -0.02219063 -0.00663805 4.99999e-4 -0.02219063 -0.00663805 4.99999e-4 -0.02219063 -0.00663805 4.99999e-4 -0.02219063 -0.00663805 4.99999e-4 -0.02218174 -0.006479442 7.07105e-4 -0.02218174 -0.006479442 7.07105e-4 -0.02218174 -0.006479442 7.07105e-4 -0.02218174 -0.006479442 7.07105e-4 -0.02218174 -0.006479442 7.07105e-4 -0.02215677 -0.006031811 9.65925e-4 -0.02215677 -0.006031811 9.65925e-4 -0.02215677 -0.006031811 9.65925e-4 -0.02215677 -0.006031811 9.65925e-4 -0.02215677 -0.006031811 9.65925e-4 -0.02214235 -0.005773425 9.99998e-4 -0.02214235 -0.005773425 9.99998e-4 -0.02214235 -0.005773425 9.99998e-4 -0.02214235 -0.005773425 9.99998e-4 -0.02214235 -0.005773425 9.99998e-4 -0.02198368 -0.00293529 0.001722037 -0.02198368 -0.00293529 0.001722037 -0.02198368 -0.00293529 0.001722037 -0.02198368 -0.00293529 0.001722037 -0.02196919 -0.002675354 0.002249956 -0.02196919 -0.002675354 0.002249956 -0.02196919 -0.002675354 0.002249956 -0.0219509 -0.00234884 0.002739369 -0.0219509 -0.00234884 0.002739369 -0.0219509 -0.00234884 0.002739369 -0.0219509 -0.00234884 0.002739369 -0.02192926 -0.00196135 0.003181934 -0.02192926 -0.00196135 0.003181934 -0.02192926 -0.00196135 0.003181934 -0.02190458 -0.001519501 0.003570079 -0.02190458 -0.001519501 0.003570079 -0.02190458 -0.001519501 0.003570079 -0.02190458 -0.001519501 0.003570079 -0.02116382 0.01173472 -0.00771445 -0.02116382 0.01173472 -0.00771445 -0.02116382 0.01173472 -0.00771445 -0.02114301 0.01210778 -0.007296323 -0.02114301 0.01210778 -0.007296323 -0.02114301 0.01210778 -0.007296323 -0.02114301 0.01210778 -0.007296323 -0.02169591 0.002214074 -0.006999969 -0.02169591 0.002214074 -0.006999969 -0.02169591 0.002214074 -0.006999969 -0.02169591 0.002214074 -0.006999969 -0.02169591 0.002214074 -0.006999969 -0.02169781 0.002180039 -0.007258772 -0.02169781 0.002180039 -0.007258772 -0.02169781 0.002180039 -0.007258772 -0.02169781 0.002180039 -0.007258772 -0.02170342 0.002080261 -0.007499992 -0.02170342 0.002080261 -0.007499992 -0.02170342 0.002080261 -0.007499992 -0.02170342 0.002080261 -0.007499992 -0.02171224 0.001921653 -0.007707059 -0.02171224 0.001921653 -0.007707059 -0.02171224 0.001921653 -0.007707059 -0.0217238 0.001714825 -0.007865965 -0.0217238 0.001714825 -0.007865965 -0.0217238 0.001714825 -0.007865965 -0.02133321 0.008703947 -8.66026e-4 -0.02133321 0.008703947 -8.66026e-4 -0.02133321 0.008703947 -8.66026e-4 -0.02133321 0.008703947 -8.66026e-4 -0.02134668 0.008463144 -9.65927e-4 -0.02134668 0.008463144 -9.65927e-4 -0.02134668 0.008463144 -9.65927e-4 -0.02136111 0.008204698 -0.000999987 -0.02136111 0.008204698 -0.000999987 -0.02136111 0.008204698 -0.000999987 -0.02137559 0.007946312 -9.65927e-4 -0.02137559 0.007946312 -9.65927e-4 -0.02137559 0.007946312 -9.65927e-4 -0.021389 0.007705509 -8.66026e-4 -0.021389 0.007705509 -8.66026e-4 -0.021389 0.007705509 -8.66026e-4 -0.021389 0.007705509 -8.66026e-4 -0.02140057 0.007498741 -7.07109e-4 -0.02140057 0.007498741 -7.07109e-4 -0.02140057 0.007498741 -7.07109e-4 -0.02140945 0.007340013 -5.00001e-4 -0.02140945 0.007340013 -5.00001e-4 -0.02140945 0.007340013 -5.00001e-4 -0.02141499 0.007240295 -2.5882e-4 -0.02141499 0.007240295 -2.5882e-4 -0.02141499 0.007240295 -2.5882e-4 -0.0215525 0.004780173 -0.002739369 -0.0215525 0.004780173 -0.002739369 -0.0215525 0.004780173 -0.002739369 -0.0215525 0.004780173 -0.002739369 -0.0215525 0.004780173 -0.002739369 -0.02157413 0.004392623 -0.003181934 -0.02157413 0.004392623 -0.003181934 -0.02157413 0.004392623 -0.003181934 -0.02157413 0.004392623 -0.003181934 -0.02159887 0.003950774 -0.003570079 -0.02159887 0.003950774 -0.003570079 -0.02159887 0.003950774 -0.003570079 -0.02162617 0.003462135 -0.00389707 -0.02162617 0.003462135 -0.00389707 -0.02162617 0.003462135 -0.00389707 -0.02165561 0.002934992 -0.004157423 -0.02165561 0.002934992 -0.004157423 -0.02165561 0.002934992 -0.004157423 -0.02165561 0.002934992 -0.004157423 -0.02168673 0.002378523 -0.004346609 -0.02168673 0.002378523 -0.004346609 -0.02168673 0.002378523 -0.004346609 -0.02168673 0.002378523 -0.004346609 -0.02169781 0.002180039 -0.006741166 -0.02169781 0.002180039 -0.006741166 -0.02169781 0.002180039 -0.006741166 -0.02169781 0.002180039 -0.006741166 -0.02110975 0.01270252 -0.006348311 -0.02110975 0.01270252 -0.006348311 -0.02110975 0.01270252 -0.006348311 -0.02109777 0.0129168 -0.005830287 -0.02109777 0.0129168 -0.005830287 -0.02109777 0.0129168 -0.005830287 -0.02108913 0.01307177 -0.005291521 -0.02108913 0.01307177 -0.005291521 -0.02108913 0.01307177 -0.005291521 -0.02108389 0.01316553 -0.004738748 -0.02108389 0.01316553 -0.004738748 -0.02108389 0.01316553 -0.004738748 -0.02108216 0.01319688 -0.004178881 -0.02108216 0.01319688 -0.004178881 -0.02108216 0.01319688 -0.004178881 -0.02108216 0.01319688 -0.004178881 -0.02108216 0.01319688 0.004178881 -0.02108216 0.01319688 0.004178881 -0.02108216 0.01319688 0.004178881 -0.02108389 0.01316553 0.004738748 -0.02108389 0.01316553 0.004738748 -0.02108389 0.01316553 0.004738748 -0.02108389 0.01316553 0.004738748 -0.02108913 0.01307177 0.005291521 -0.02108913 0.01307177 0.005291521 -0.02108913 0.01307177 0.005291521 -0.02109777 0.0129168 0.005830287 -0.02109777 0.0129168 0.005830287 -0.02109777 0.0129168 0.005830287 -0.02110975 0.01270252 0.006348311 -0.02110975 0.01270252 0.006348311 -0.02110975 0.01270252 0.006348311 -0.02180564 2.51234e-4 -0.006741166 -0.02180564 2.51234e-4 -0.006741166 -0.02180564 2.51234e-4 -0.006741166 -0.02180564 2.51234e-4 -0.006741166 -0.02180004 3.50963e-4 -0.006499946 -0.02180004 3.50963e-4 -0.006499946 -0.02180004 3.50963e-4 -0.006499946 -0.02180004 3.50963e-4 -0.006499946 -0.02179116 5.09638e-4 -0.006292879 -0.02179116 5.09638e-4 -0.006292879 -0.02179116 5.09638e-4 -0.006292879 -0.02179116 5.09638e-4 -0.006292879 -0.02169781 0.002180039 0.006741166 -0.02169781 0.002180039 0.006741166 -0.02169781 0.002180039 0.006741166 -0.02169781 0.002180039 0.006741166 -0.02169781 0.002180039 0.006741166 -0.02168673 0.002378523 0.004346609 -0.02168673 0.002378523 0.004346609 -0.02168673 0.002378523 0.004346609 -0.02168673 0.002378523 0.004346609 -0.02168673 0.002378523 0.004346609 -0.02165561 0.002934992 0.004157423 -0.02165561 0.002934992 0.004157423 -0.02165561 0.002934992 0.004157423 -0.02162617 0.003462135 0.00389707 -0.02162617 0.003462135 0.00389707 -0.02162617 0.003462135 0.00389707 -0.02159887 0.003950774 0.003570079 -0.02159887 0.003950774 0.003570079 -0.02159887 0.003950774 0.003570079 -0.02157413 0.004392623 0.003181934 -0.02157413 0.004392623 0.003181934 -0.02157413 0.004392623 0.003181934 -0.02157413 0.004392623 0.003181934 -0.0215525 0.004780173 0.002739369 -0.0215525 0.004780173 0.002739369 -0.0215525 0.004780173 0.002739369 -0.02141499 0.007240295 2.58818e-4 -0.02141499 0.007240295 2.58818e-4 -0.02141499 0.007240295 2.58818e-4 -0.02140945 0.007340013 4.99999e-4 -0.02140945 0.007340013 4.99999e-4 -0.02140945 0.007340013 4.99999e-4 -0.02140057 0.007498741 7.07105e-4 -0.02140057 0.007498741 7.07105e-4 -0.02140057 0.007498741 7.07105e-4 -0.02140057 0.007498741 7.07105e-4 -0.021389 0.007705509 8.66024e-4 -0.021389 0.007705509 8.66024e-4 -0.021389 0.007705509 8.66024e-4 -0.02137559 0.007946312 9.65925e-4 -0.02137559 0.007946312 9.65925e-4 -0.02137559 0.007946312 9.65925e-4 -0.02136111 0.008204698 9.99998e-4 -0.02136111 0.008204698 9.99998e-4 -0.02136111 0.008204698 9.99998e-4 -0.02134668 0.008463144 9.65925e-4 -0.02134668 0.008463144 9.65925e-4 -0.02134668 0.008463144 9.65925e-4 -0.02133321 0.008703947 8.66024e-4 -0.02133321 0.008703947 8.66024e-4 -0.02133321 0.008703947 8.66024e-4 -0.02133321 0.008703947 8.66024e-4 -0.02178448 6.29194e-4 0.004461467 -0.02178448 6.29194e-4 0.004461467 -0.02178448 6.29194e-4 0.004461467 -0.02177959 7.16426e-4 0.006133913 -0.02177959 7.16426e-4 0.006133913 -0.02177959 7.16426e-4 0.006133913 -0.02177959 7.16426e-4 0.006133913 -0.02179116 5.09638e-4 0.006292879 -0.02179116 5.09638e-4 0.006292879 -0.02179116 5.09638e-4 0.006292879 -0.02179116 5.09638e-4 0.006292879 -0.02180004 3.50963e-4 0.006499946 -0.02180004 3.50963e-4 0.006499946 -0.02180004 3.50963e-4 0.006499946 -0.02180004 3.50963e-4 0.006499946 -0.02180564 2.51234e-4 0.006741166 -0.02180564 2.51234e-4 0.006741166 -0.02180564 2.51234e-4 0.006741166 -0.02180564 2.51234e-4 0.006741166 -0.02180564 2.51234e-4 0.006741166 -0.02180564 2.51234e-4 0.007258772 -0.02180564 2.51234e-4 0.007258772 -0.02180564 2.51234e-4 0.007258772 -0.02180564 2.51234e-4 0.007258772 -0.02180004 3.50963e-4 0.007499992 -0.02180004 3.50963e-4 0.007499992 -0.02180004 3.50963e-4 0.007499992 -0.02180004 3.50963e-4 0.007499992 -0.02179116 5.09638e-4 0.007707059 -0.02179116 5.09638e-4 0.007707059 -0.02179116 5.09638e-4 0.007707059 -0.02179116 5.09638e-4 0.007707059 -0.02177959 7.16426e-4 0.007865965 -0.02177959 7.16426e-4 0.007865965 -0.02177959 7.16426e-4 0.007865965 -0.02177959 7.16426e-4 0.007865965 -0.02176618 9.57225e-4 0.007965862 -0.02176618 9.57225e-4 0.007965862 -0.02176618 9.57225e-4 0.007965862 -0.02176618 9.57225e-4 0.007965862 -0.0217517 0.001215636 0.007999956 -0.0217517 0.001215636 0.007999956 -0.0217517 0.001215636 0.007999956 -0.0217517 0.001215636 0.007999956 -0.02173727 0.001474022 0.007965862 -0.02173727 0.001474022 0.007965862 -0.02173727 0.001474022 0.007965862 -0.02173727 0.001474022 0.007965862 -0.0217238 0.001714825 0.007865965 -0.0217238 0.001714825 0.007865965 -0.0217238 0.001714825 0.007865965 -0.02171224 0.001921653 0.007707059 -0.02171224 0.001921653 0.007707059 -0.02171224 0.001921653 0.007707059 -0.02171224 0.001921653 0.007707059 -0.02170342 0.002080261 0.007499992 -0.02170342 0.002080261 0.007499992 -0.02170342 0.002080261 0.007499992 -0.02170342 0.002080261 0.007499992 -0.02169781 0.002180039 0.007258772 -0.02169781 0.002180039 0.007258772 -0.02169781 0.002180039 0.007258772 -0.02169781 0.002180039 0.007258772 -0.02116382 0.01173472 0.00771445 -0.02116382 0.01173472 0.00771445 -0.02116382 0.01173472 0.00771445 -0.02199423 -0.003124237 0.001164674 -0.02199423 -0.003124237 0.001164674 -0.02199423 -0.003124237 0.001164674 -0.02199423 -0.003124237 0.001164674 -0.02212786 -0.005514979 9.65925e-4 -0.02212786 -0.005514979 9.65925e-4 -0.02212786 -0.005514979 9.65925e-4 -0.02212786 -0.005514979 9.65925e-4 -0.02170342 0.002080261 -0.006499946 -0.02170342 0.002080261 -0.006499946 -0.02170342 0.002080261 -0.006499946 -0.02170342 0.002080261 -0.006499946 -0.02171891 0.001802086 -0.004461467 -0.02171891 0.001802086 -0.004461467 -0.02171891 0.001802086 -0.004461467 -0.02171891 0.001802086 -0.004461467 -0.02171224 0.001921653 -0.006292879 -0.02171224 0.001921653 -0.006292879 -0.02171224 0.001921653 -0.006292879 -0.02171224 0.001921653 -0.006292879 -0.02171224 0.001921653 -0.006292879 -0.0217517 0.001215636 -0.004499971 -0.0217517 0.001215636 -0.004499971 -0.0217517 0.001215636 -0.004499971 -0.02173727 0.001474022 -0.006034016 -0.02173727 0.001474022 -0.006034016 -0.02173727 0.001474022 -0.006034016 -0.0217238 0.001714825 -0.006133973 -0.0217238 0.001714825 -0.006133973 -0.0217238 0.001714825 -0.006133973 -0.0217238 0.001714825 -0.006133973 -0.0217517 0.001215636 -0.005999982 -0.0217517 0.001215636 -0.005999982 -0.0217517 0.001215636 -0.005999982 -0.02170342 0.002080261 0.006499946 -0.02170342 0.002080261 0.006499946 -0.02170342 0.002080261 0.006499946 -0.02170342 0.002080261 0.006499946 -0.02170342 0.002080261 0.006499946 -0.0217517 0.001215636 0.004499971 -0.0217517 0.001215636 0.004499971 -0.0217517 0.001215636 0.004499971 -0.02173727 0.001474022 0.006034016 -0.02173727 0.001474022 0.006034016 -0.02173727 0.001474022 0.006034016 -0.0217517 0.001215636 0.005999982 -0.0217517 0.001215636 0.005999982 -0.0217517 0.001215636 0.005999982 -0.02176618 9.57225e-4 0.006034016 -0.02176618 9.57225e-4 0.006034016 -0.02176618 9.57225e-4 0.006034016 -0.02669286 0.002408325 -0.01046001 -0.02669286 0.002408325 -0.01046001 -0.02669286 0.002408325 -0.01046001 -0.02669286 0.002408325 -0.01046001 -0.0266422 0.003315091 -0.01034045 -0.0266422 0.003315091 -0.01034045 -0.0266422 0.003315091 -0.01034045 -0.02659231 0.004207968 -0.0101422 -0.02659231 0.004207968 -0.0101422 -0.02659231 0.004207968 -0.0101422 -0.02654355 0.005080223 -0.009866714 -0.02654355 0.005080223 -0.009866714 -0.02654355 0.005080223 -0.009866714 -0.02649635 0.005925178 -0.009516179 -0.02649635 0.005925178 -0.009516179 -0.02649635 0.005925178 -0.009516179 -0.02645099 0.006736457 -0.009093225 -0.02645099 0.006736457 -0.009093225 -0.02645099 0.006736457 -0.009093225 -0.02640789 0.007507801 -0.008601069 -0.02640789 0.007507801 -0.008601069 -0.02640789 0.007507801 -0.008601069 -0.02640789 0.007507801 -0.008601069 -0.0263673 0.008233368 -0.008043408 -0.0263673 0.008233368 -0.008043408 -0.0263673 0.008233368 -0.008043408 -0.02632963 0.008907675 -0.007424592 -0.02632963 0.008907675 -0.007424592 -0.02632963 0.008907675 -0.007424592 -0.02629512 0.009525537 -0.006749212 -0.02629512 0.009525537 -0.006749212 -0.02629512 0.009525537 -0.006749212 -0.02626401 0.01008236 -0.006022512 -0.02626401 0.01008236 -0.006022512 -0.02626401 0.01008236 -0.006022512 -0.02626401 0.01008236 -0.006022512 -0.02623653 0.01057374 -0.005249977 -0.02623653 0.01057374 -0.005249977 -0.02623653 0.01057374 -0.005249977 -0.02623653 0.01057374 -0.005249977 -0.02615803 0.01197826 0 -0.02615803 0.01197826 0 -0.02615803 0.01197826 0 -0.02615803 0.01197826 0 -0.02615803 0.01197826 0 -0.02615606 0.01201373 0.00771445 -0.02615606 0.01201373 0.00771445 -0.02615606 0.01201373 0.00771445 -0.02615606 0.01201373 0.00771445 -0.0261352 0.01238679 0.007296323 -0.0261352 0.01238679 0.007296323 -0.0261352 0.01238679 0.007296323 -0.02611708 0.01271075 0.006839036 -0.02611708 0.01271075 0.006839036 -0.02611708 0.01271075 0.006839036 -0.02610194 0.01298153 0.006348311 -0.02610194 0.01298153 0.006348311 -0.02610194 0.01298153 0.006348311 -0.02608996 0.01319581 0.005830287 -0.02608996 0.01319581 0.005830287 -0.02608996 0.01319581 0.005830287 -0.02608132 0.01335072 0.005291521 -0.02608132 0.01335072 0.005291521 -0.02608132 0.01335072 0.005291521 -0.02607607 0.01344454 0.004738748 -0.02607607 0.01344454 0.004738748 -0.02607607 0.01344454 0.004738748 -0.02607434 0.01347589 0.004178881 -0.02607434 0.01347589 0.004178881 -0.02607434 0.01347589 0.004178881 -0.02607434 0.01347589 0.004178881 -0.02607434 0.01347589 -0.004178881 -0.02607434 0.01347589 -0.004178881 -0.02607434 0.01347589 -0.004178881 -0.02607607 0.01344454 -0.004738748 -0.02607607 0.01344454 -0.004738748 -0.02607607 0.01344454 -0.004738748 -0.02607607 0.01344454 -0.004738748 -0.02608132 0.01335072 -0.005291521 -0.02608132 0.01335072 -0.005291521 -0.02608132 0.01335072 -0.005291521 -0.02608996 0.01319581 -0.005830287 -0.02608996 0.01319581 -0.005830287 -0.02608996 0.01319581 -0.005830287 -0.02610194 0.01298153 -0.006348311 -0.02610194 0.01298153 -0.006348311 -0.02610194 0.01298153 -0.006348311 -0.02611708 0.01271075 -0.006839036 -0.02611708 0.01271075 -0.006839036 -0.02611708 0.01271075 -0.006839036 -0.0261352 0.01238679 -0.007296323 -0.0261352 0.01238679 -0.007296323 -0.0261352 0.01238679 -0.007296323 -0.02615606 0.01201373 -0.00771445 -0.02615606 0.01201373 -0.00771445 -0.02615606 0.01201373 -0.00771445 -0.02615606 0.01201373 -0.00771445 -0.02615606 0.01201373 -0.00771445 -0.02616024 0.01193833 -9.15136e-4 -0.02616024 0.01193833 -9.15136e-4 -0.02616024 0.01193833 -9.15136e-4 -0.02616024 0.01193833 -9.15136e-4 -0.02616024 0.01193833 -9.15136e-4 -0.02621293 0.01099604 -0.004437446 -0.02621293 0.01099604 -0.004437446 -0.02621293 0.01099604 -0.004437446 -0.02619338 0.01134604 -0.003591179 -0.02619338 0.01134604 -0.003591179 -0.02619338 0.01134604 -0.003591179 -0.026178 0.01162105 -0.002717554 -0.026178 0.01162105 -0.002717554 -0.026178 0.01162105 -0.002717554 -0.02616691 0.011819 -0.001823306 -0.02616691 0.011819 -0.001823306 -0.02616691 0.011819 -0.001823306 -0.02616691 0.011819 -0.001823306 -0.0273298 -0.008988976 0 -0.0273298 -0.008988976 0 -0.0273298 -0.008988976 0 -0.02732759 -0.008949041 -9.15136e-4 -0.02732759 -0.008949041 -9.15136e-4 -0.02732759 -0.008949041 -9.15136e-4 -0.02732092 -0.008829712 -0.001823306 -0.02732092 -0.008829712 -0.001823306 -0.02732092 -0.008829712 -0.001823306 -0.02730983 -0.008631765 -0.002717554 -0.02730983 -0.008631765 -0.002717554 -0.02730983 -0.008631765 -0.002717554 -0.02729445 -0.00835669 -0.003591179 -0.02729445 -0.00835669 -0.003591179 -0.02729445 -0.00835669 -0.003591179 -0.0272749 -0.008006751 -0.004437446 -0.0272749 -0.008006751 -0.004437446 -0.0272749 -0.008006751 -0.004437446 -0.0272749 -0.008006751 -0.004437446 -0.0272513 -0.007584393 -0.005249977 -0.0272513 -0.007584393 -0.005249977 -0.0272513 -0.007584393 -0.005249977 -0.02722388 -0.007093012 -0.006022512 -0.02722388 -0.007093012 -0.006022512 -0.02722388 -0.007093012 -0.006022512 -0.02722388 -0.007093012 -0.006022512 -0.02719277 -0.006536245 -0.006749212 -0.02719277 -0.006536245 -0.006749212 -0.02719277 -0.006536245 -0.006749212 -0.0271582 -0.005918383 -0.007424592 -0.0271582 -0.005918383 -0.007424592 -0.0271582 -0.005918383 -0.007424592 -0.02712053 -0.005244076 -0.008043408 -0.02712053 -0.005244076 -0.008043408 -0.02712053 -0.005244076 -0.008043408 -0.02707999 -0.004518508 -0.008601069 -0.02707999 -0.004518508 -0.008601069 -0.02707999 -0.004518508 -0.008601069 -0.02703684 -0.003747165 -0.009093225 -0.02703684 -0.003747165 -0.009093225 -0.02703684 -0.003747165 -0.009093225 -0.02699154 -0.002935886 -0.009516179 -0.02699154 -0.002935886 -0.009516179 -0.02699154 -0.002935886 -0.009516179 -0.02694433 -0.00209093 -0.009866714 -0.02694433 -0.00209093 -0.009866714 -0.02694433 -0.00209093 -0.009866714 -0.02689558 -0.001218676 -0.0101422 -0.02689558 -0.001218676 -0.0101422 -0.02689558 -0.001218676 -0.0101422 -0.02684569 -3.25825e-4 -0.01034045 -0.02684569 -3.25825e-4 -0.01034045 -0.02684569 -3.25825e-4 -0.01034045 -0.02679497 5.80944e-4 -0.01046001 -0.02679497 5.80944e-4 -0.01046001 -0.02679497 5.80944e-4 -0.01046001 -0.02679497 5.80944e-4 -0.01046001 -0.02674394 0.001494586 -0.01049995 -0.02674394 0.001494586 -0.01049995 -0.02674394 0.001494586 -0.01049995 -0.02674394 0.001494586 -0.01049995 -0.02623653 0.01057374 0.005249977 -0.02623653 0.01057374 0.005249977 -0.02623653 0.01057374 0.005249977 -0.02623653 0.01057374 0.005249977 -0.02626401 0.01008236 0.006022512 -0.02626401 0.01008236 0.006022512 -0.02626401 0.01008236 0.006022512 -0.02626401 0.01008236 0.006022512 -0.02629512 0.009525537 0.006749212 -0.02629512 0.009525537 0.006749212 -0.02629512 0.009525537 0.006749212 -0.02629512 0.009525537 0.006749212 -0.02632963 0.008907675 0.007424592 -0.02632963 0.008907675 0.007424592 -0.02632963 0.008907675 0.007424592 -0.0263673 0.008233368 0.008043408 -0.0263673 0.008233368 0.008043408 -0.0263673 0.008233368 0.008043408 -0.0263673 0.008233368 0.008043408 -0.02640789 0.007507801 0.008601069 -0.02640789 0.007507801 0.008601069 -0.02640789 0.007507801 0.008601069 -0.02645099 0.006736457 0.009093225 -0.02645099 0.006736457 0.009093225 -0.02645099 0.006736457 0.009093225 -0.02649635 0.005925178 0.009516179 -0.02649635 0.005925178 0.009516179 -0.02649635 0.005925178 0.009516179 -0.02654355 0.005080223 0.009866714 -0.02654355 0.005080223 0.009866714 -0.02654355 0.005080223 0.009866714 -0.02659231 0.004207968 0.0101422 -0.02659231 0.004207968 0.0101422 -0.02659231 0.004207968 0.0101422 -0.0266422 0.003315091 0.01034045 -0.0266422 0.003315091 0.01034045 -0.0266422 0.003315091 0.01034045 -0.02669286 0.002408325 0.01046001 -0.02669286 0.002408325 0.01046001 -0.02669286 0.002408325 0.01046001 -0.02669286 0.002408325 0.01046001 -0.02616024 0.01193833 9.15134e-4 -0.02616024 0.01193833 9.15134e-4 -0.02616024 0.01193833 9.15134e-4 -0.02616024 0.01193833 9.15134e-4 -0.02616691 0.011819 0.001823246 -0.02616691 0.011819 0.001823246 -0.02616691 0.011819 0.001823246 -0.026178 0.01162105 0.002717554 -0.026178 0.01162105 0.002717554 -0.026178 0.01162105 0.002717554 -0.02619338 0.01134604 0.003591179 -0.02619338 0.01134604 0.003591179 -0.02619338 0.01134604 0.003591179 -0.02621293 0.01099604 0.004437446 -0.02621293 0.01099604 0.004437446 -0.02621293 0.01099604 0.004437446 -0.02674394 0.001494586 0.01049995 -0.02674394 0.001494586 0.01049995 -0.02674394 0.001494586 0.01049995 -0.02674394 0.001494586 0.01049995 -0.02679497 5.80944e-4 0.01046001 -0.02679497 5.80944e-4 0.01046001 -0.02679497 5.80944e-4 0.01046001 -0.02679497 5.80944e-4 0.01046001 -0.02684569 -3.25825e-4 0.01034045 -0.02684569 -3.25825e-4 0.01034045 -0.02684569 -3.25825e-4 0.01034045 -0.02689558 -0.001218676 0.0101422 -0.02689558 -0.001218676 0.0101422 -0.02689558 -0.001218676 0.0101422 -0.02694433 -0.00209093 0.009866714 -0.02694433 -0.00209093 0.009866714 -0.02694433 -0.00209093 0.009866714 -0.02699154 -0.002935886 0.009516179 -0.02699154 -0.002935886 0.009516179 -0.02699154 -0.002935886 0.009516179 -0.02703684 -0.003747165 0.009093225 -0.02703684 -0.003747165 0.009093225 -0.02703684 -0.003747165 0.009093225 -0.02707999 -0.004518508 0.008601069 -0.02707999 -0.004518508 0.008601069 -0.02707999 -0.004518508 0.008601069 -0.02712053 -0.005244076 0.008043408 -0.02712053 -0.005244076 0.008043408 -0.02712053 -0.005244076 0.008043408 -0.0271582 -0.005918383 0.007424592 -0.0271582 -0.005918383 0.007424592 -0.0271582 -0.005918383 0.007424592 -0.02719277 -0.006536245 0.006749212 -0.02719277 -0.006536245 0.006749212 -0.02719277 -0.006536245 0.006749212 -0.02719277 -0.006536245 0.006749212 -0.02722388 -0.007093012 0.006022512 -0.02722388 -0.007093012 0.006022512 -0.02722388 -0.007093012 0.006022512 -0.0272513 -0.007584393 0.005249977 -0.0272513 -0.007584393 0.005249977 -0.0272513 -0.007584393 0.005249977 -0.0272513 -0.007584393 0.005249977 -0.0272749 -0.008006751 0.004437446 -0.0272749 -0.008006751 0.004437446 -0.0272749 -0.008006751 0.004437446 -0.02729445 -0.00835669 0.003591179 -0.02729445 -0.00835669 0.003591179 -0.02729445 -0.00835669 0.003591179 -0.02730983 -0.008631765 0.002717554 -0.02730983 -0.008631765 0.002717554 -0.02730983 -0.008631765 0.002717554 -0.02732092 -0.008829712 0.001823246 -0.02732092 -0.008829712 0.001823246 -0.02732092 -0.008829712 0.001823246 -0.02732759 -0.008949041 9.15134e-4 -0.02732759 -0.008949041 9.15134e-4 -0.02732759 -0.008949041 9.15134e-4 -0.02384281 0.008602619 9.65925e-4 -0.02384281 0.008602619 9.65925e-4 -0.02384281 0.008602619 9.65925e-4 -0.02384281 0.008602619 9.65925e-4 -0.02366417 0.01179885 9.15134e-4 -0.02366417 0.01179885 9.15134e-4 -0.02366417 0.01179885 9.15134e-4 -0.02366417 0.01179885 9.15134e-4 -0.02366417 0.01179885 9.15134e-4 -0.02382934 0.008843421 8.66024e-4 -0.02382934 0.008843421 8.66024e-4 -0.02382934 0.008843421 8.66024e-4 -0.02412229 0.00360161 0.00389707 -0.02412229 0.00360161 0.00389707 -0.02412229 0.00360161 0.00389707 -0.02412229 0.00360161 0.00389707 -0.02415174 0.003074526 0.004157423 -0.02415174 0.003074526 0.004157423 -0.02415174 0.003074526 0.004157423 -0.02415174 0.003074526 0.004157423 -0.02424782 0.001355111 0.005999982 -0.02424782 0.001355111 0.005999982 -0.02424782 0.001355111 0.005999982 -0.02418285 0.002517998 0.004346609 -0.02418285 0.002517998 0.004346609 -0.02418285 0.002517998 0.004346609 -0.02421504 0.001941561 0.004461467 -0.02421504 0.001941561 0.004461467 -0.02421504 0.001941561 0.004461467 -0.02424782 0.001355111 0.004499971 -0.02424782 0.001355111 0.004499971 -0.02424782 0.001355111 0.004499971 -0.02389669 0.007638216 7.07105e-4 -0.02389669 0.007638216 7.07105e-4 -0.02389669 0.007638216 7.07105e-4 -0.02390557 0.007479548 4.99999e-4 -0.02390557 0.007479548 4.99999e-4 -0.02390557 0.007479548 4.99999e-4 -0.02399885 0.005809664 5.87367e-4 -0.02399885 0.005809664 5.87367e-4 -0.02399885 0.005809664 5.87367e-4 -0.02437335 -8.91332e-4 0.00389707 -0.02437335 -8.91332e-4 0.00389707 -0.02437335 -8.91332e-4 0.00389707 -0.02437335 -8.91332e-4 0.00389707 -0.0243439 -3.64244e-4 0.004157423 -0.0243439 -3.64244e-4 0.004157423 -0.0243439 -3.64244e-4 0.004157423 -0.02431279 1.92259e-4 0.004346609 -0.02431279 1.92259e-4 0.004346609 -0.02431279 1.92259e-4 0.004346609 -0.0242806 7.68688e-4 0.004461467 -0.0242806 7.68688e-4 0.004461467 -0.0242806 7.68688e-4 0.004461467 -0.02449893 -0.003137826 0 -0.02449893 -0.003137826 0 -0.02449893 -0.003137826 0 -0.02458262 -0.004635512 0 -0.02458262 -0.004635512 0 -0.02458262 -0.004635512 0 -0.02458262 -0.004635512 0 -0.02458453 -0.004669487 2.58818e-4 -0.02458453 -0.004669487 2.58818e-4 -0.02458453 -0.004669487 2.58818e-4 -0.02426224 0.001096725 -0.006034016 -0.02426224 0.001096725 -0.006034016 -0.02426224 0.001096725 -0.006034016 -0.02426224 0.001096725 -0.006034016 -0.02424782 0.001355111 -0.004499971 -0.02424782 0.001355111 -0.004499971 -0.02424782 0.001355111 -0.004499971 -0.02424782 0.001355111 -0.004499971 -0.02424782 0.001355111 -0.005999982 -0.02424782 0.001355111 -0.005999982 -0.02424782 0.001355111 -0.005999982 -0.02465283 -0.005892336 9.65925e-4 -0.02465283 -0.005892336 9.65925e-4 -0.02465283 -0.005892336 9.65925e-4 -0.02465283 -0.005892336 9.65925e-4 -0.0246663 -0.006133139 8.66024e-4 -0.0246663 -0.006133139 8.66024e-4 -0.0246663 -0.006133139 8.66024e-4 -0.0246663 -0.006133139 8.66024e-4 -0.0246663 -0.006133139 8.66024e-4 -0.02483147 -0.009088575 9.15134e-4 -0.02483147 -0.009088575 9.15134e-4 -0.02483147 -0.009088575 9.15134e-4 -0.02385723 0.008344233 -0.000999987 -0.02385723 0.008344233 -0.000999987 -0.02385723 0.008344233 -0.000999987 -0.02385723 0.008344233 -0.000999987 -0.02384281 0.008602619 -9.65927e-4 -0.02384281 0.008602619 -9.65927e-4 -0.02384281 0.008602619 -9.65927e-4 -0.02367085 0.01167947 -0.001823306 -0.02367085 0.01167947 -0.001823306 -0.02367085 0.01167947 -0.001823306 -0.02367085 0.01167947 -0.001823306 -0.02383351 0.008768141 -0.007424592 -0.02383351 0.008768141 -0.007424592 -0.02383351 0.008768141 -0.007424592 -0.02387124 0.008093833 -0.008043408 -0.02387124 0.008093833 -0.008043408 -0.02387124 0.008093833 -0.008043408 -0.02387124 0.008093833 -0.008043408 -0.02387124 0.008093833 -0.008043408 -0.02387124 0.008093833 -0.008043408 -0.02400529 0.005695044 -0.001164674 -0.02400529 0.005695044 -0.001164674 -0.02400529 0.005695044 -0.001164674 -0.02400529 0.005695044 -0.001164674 -0.0243017 3.90712e-4 -0.007258772 -0.0243017 3.90712e-4 -0.007258772 -0.0243017 3.90712e-4 -0.007258772 -0.0243017 3.90712e-4 -0.007258772 -0.0243017 3.90712e-4 -0.007258772 -0.02440071 -0.001379966 -0.003570079 -0.02440071 -0.001379966 -0.003570079 -0.02440071 -0.001379966 -0.003570079 -0.02437335 -8.91332e-4 -0.00389707 -0.02437335 -8.91332e-4 -0.00389707 -0.02437335 -8.91332e-4 -0.00389707 -0.0243439 -3.64244e-4 -0.004157423 -0.0243439 -3.64244e-4 -0.004157423 -0.0243439 -3.64244e-4 -0.004157423 -0.0243439 -3.64244e-4 -0.004157423 -0.02430361 3.56715e-4 -0.006999969 -0.02430361 3.56715e-4 -0.006999969 -0.02430361 3.56715e-4 -0.006999969 -0.02430361 3.56715e-4 -0.006999969 -0.02430361 3.56715e-4 -0.006999969 -0.02429616 4.90476e-4 -0.007499992 -0.02429616 4.90476e-4 -0.007499992 -0.02429616 4.90476e-4 -0.007499992 -0.02429616 4.90476e-4 -0.007499992 -0.02429616 4.90476e-4 -0.007499992 -0.02446526 -0.002535879 -0.002249956 -0.02446526 -0.002535879 -0.002249956 -0.02446526 -0.002535879 -0.002249956 -0.02446526 -0.002535879 -0.002249956 -0.02444702 -0.002209365 -0.002739369 -0.02444702 -0.002209365 -0.002739369 -0.02444702 -0.002209365 -0.002739369 -0.02444702 -0.002209365 -0.002739369 -0.02442538 -0.001821815 -0.003181934 -0.02442538 -0.001821815 -0.003181934 -0.02442538 -0.001821815 -0.003181934 -0.0246244 -0.005383551 -0.008043408 -0.0246244 -0.005383551 -0.008043408 -0.0246244 -0.005383551 -0.008043408 -0.02466213 -0.006057858 -0.007424592 -0.02466213 -0.006057858 -0.007424592 -0.02466213 -0.006057858 -0.007424592 -0.02463841 -0.00563395 -0.000999987 -0.02463841 -0.00563395 -0.000999987 -0.02463841 -0.00563395 -0.000999987 -0.02449035 -0.002984702 -0.001164674 -0.02449035 -0.002984702 -0.001164674 -0.02449035 -0.002984702 -0.001164674 -0.0244798 -0.002795815 -0.001722037 -0.0244798 -0.002795815 -0.001722037 -0.0244798 -0.002795815 -0.001722037 -0.02428728 6.49136e-4 -0.007707059 -0.02428728 6.49136e-4 -0.007707059 -0.02428728 6.49136e-4 -0.007707059 -0.02428728 6.49136e-4 -0.007707059 -0.02427572 8.55908e-4 -0.007865965 -0.02427572 8.55908e-4 -0.007865965 -0.02427572 8.55908e-4 -0.007865965 -0.02426224 0.001096725 -0.007965922 -0.02426224 0.001096725 -0.007965922 -0.02426224 0.001096725 -0.007965922 -0.02424782 0.001355111 -0.007999956 -0.02424782 0.001355111 -0.007999956 -0.02424782 0.001355111 -0.007999956 -0.02424782 0.001355111 -0.007999956 -0.02469664 -0.006675779 -0.006749212 -0.02469664 -0.006675779 -0.006749212 -0.02469664 -0.006675779 -0.006749212 -0.02469664 -0.006675779 -0.006749212 -0.02472776 -0.007232487 -0.006022512 -0.02472776 -0.007232487 -0.006022512 -0.02472776 -0.007232487 -0.006022512 -0.02475523 -0.007723927 -0.005249977 -0.02475523 -0.007723927 -0.005249977 -0.02475523 -0.007723927 -0.005249977 -0.02475523 -0.007723927 -0.005249977 -0.02477884 -0.008146226 -0.004437446 -0.02477884 -0.008146226 -0.004437446 -0.02477884 -0.008146226 -0.004437446 -0.02479839 -0.008496224 -0.003591179 -0.02479839 -0.008496224 -0.003591179 -0.02479839 -0.008496224 -0.003591179 -0.02481377 -0.00877124 -0.002717554 -0.02481377 -0.00877124 -0.002717554 -0.02481377 -0.00877124 -0.002717554 -0.02482479 -0.008969187 -0.001823306 -0.02482479 -0.008969187 -0.001823306 -0.02482479 -0.008969187 -0.001823306 -0.02465283 -0.005892336 -9.65927e-4 -0.02465283 -0.005892336 -9.65927e-4 -0.02465283 -0.005892336 -9.65927e-4 -0.0246244 -0.005383551 0.008043408 -0.0246244 -0.005383551 0.008043408 -0.0246244 -0.005383551 0.008043408 -0.02424782 0.001355111 0.007999956 -0.02424782 0.001355111 0.007999956 -0.02424782 0.001355111 0.007999956 -0.02424782 0.001355111 0.007999956 -0.02426224 0.001096725 0.007965862 -0.02426224 0.001096725 0.007965862 -0.02426224 0.001096725 0.007965862 -0.02426224 0.001096725 0.007965862 -0.02427572 8.55908e-4 0.007865965 -0.02427572 8.55908e-4 0.007865965 -0.02427572 8.55908e-4 0.007865965 -0.02427572 8.55908e-4 0.007865965 -0.02428728 6.49136e-4 0.007707059 -0.02428728 6.49136e-4 0.007707059 -0.02428728 6.49136e-4 0.007707059 -0.02428728 6.49136e-4 0.007707059 -0.02428728 6.49136e-4 0.007707059 -0.02463841 -0.00563395 9.99998e-4 -0.02463841 -0.00563395 9.99998e-4 -0.02463841 -0.00563395 9.99998e-4 -0.02463841 -0.00563395 9.99998e-4 -0.02463841 -0.00563395 9.99998e-4 -0.02463841 -0.00563395 9.99998e-4 -0.02466213 -0.006057858 0.007424592 -0.02466213 -0.006057858 0.007424592 -0.02466213 -0.006057858 0.007424592 -0.02368187 0.01148152 -0.002717554 -0.02368187 0.01148152 -0.002717554 -0.02368187 0.01148152 -0.002717554 -0.02369725 0.0112065 -0.003591179 -0.02369725 0.0112065 -0.003591179 -0.02369725 0.0112065 -0.003591179 -0.02369725 0.0112065 -0.003591179 -0.0237168 0.0108565 -0.004437446 -0.0237168 0.0108565 -0.004437446 -0.0237168 0.0108565 -0.004437446 -0.02374041 0.01043421 -0.005249977 -0.02374041 0.01043421 -0.005249977 -0.02374041 0.01043421 -0.005249977 -0.02376788 0.009942829 -0.006022512 -0.02376788 0.009942829 -0.006022512 -0.02376788 0.009942829 -0.006022512 -0.023799 0.009386062 -0.006749212 -0.023799 0.009386062 -0.006749212 -0.023799 0.009386062 -0.006749212 -0.02424782 0.001355111 -0.01049995 -0.02424782 0.001355111 -0.01049995 -0.02424782 0.001355111 -0.01049995 -0.02424782 0.001355111 -0.01049995 -0.02424782 0.001355111 -0.01049995 -0.0242334 0.001613497 -0.007965922 -0.0242334 0.001613497 -0.007965922 -0.0242334 0.001613497 -0.007965922 -0.0242334 0.001613497 -0.007965922 -0.02421993 0.00185436 -0.007865965 -0.02421993 0.00185436 -0.007865965 -0.02421993 0.00185436 -0.007865965 -0.02421993 0.00185436 -0.007865965 -0.02420836 0.002061128 -0.007707059 -0.02420836 0.002061128 -0.007707059 -0.02420836 0.002061128 -0.007707059 -0.02420836 0.002061128 -0.007707059 -0.02419948 0.002219796 -0.007499992 -0.02419948 0.002219796 -0.007499992 -0.02419948 0.002219796 -0.007499992 -0.02419394 0.002319574 -0.007258772 -0.02419394 0.002319574 -0.007258772 -0.02419394 0.002319574 -0.007258772 -0.02419203 0.002353549 -0.006999969 -0.02419203 0.002353549 -0.006999969 -0.02419203 0.002353549 -0.006999969 -0.02419203 0.002353549 -0.006999969 -0.02418285 0.002517998 -0.004346609 -0.02418285 0.002517998 -0.004346609 -0.02418285 0.002517998 -0.004346609 -0.02418285 0.002517998 -0.004346609 -0.02418285 0.002517998 -0.004346609 -0.02415174 0.003074526 -0.004157423 -0.02415174 0.003074526 -0.004157423 -0.02415174 0.003074526 -0.004157423 -0.02412229 0.00360161 -0.00389707 -0.02412229 0.00360161 -0.00389707 -0.02412229 0.00360161 -0.00389707 -0.02409499 0.004090309 -0.003570079 -0.02409499 0.004090309 -0.003570079 -0.02409499 0.004090309 -0.003570079 -0.02407026 0.004532158 -0.003181934 -0.02407026 0.004532158 -0.003181934 -0.02407026 0.004532158 -0.003181934 -0.02407026 0.004532158 -0.003181934 -0.02404862 0.004919648 -0.002739369 -0.02404862 0.004919648 -0.002739369 -0.02404862 0.004919648 -0.002739369 -0.02403038 0.005246162 -0.002249956 -0.02403038 0.005246162 -0.002249956 -0.02403038 0.005246162 -0.002249956 -0.02401584 0.005506098 -0.001722037 -0.02401584 0.005506098 -0.001722037 -0.02401584 0.005506098 -0.001722037 -0.02419394 0.002319574 -0.006741166 -0.02419394 0.002319574 -0.006741166 -0.02419394 0.002319574 -0.006741166 -0.02419394 0.002319574 -0.006741166 -0.02419948 0.002219796 -0.006499946 -0.02419948 0.002219796 -0.006499946 -0.02419948 0.002219796 -0.006499946 -0.02419948 0.002219796 -0.006499946 -0.02419948 0.002219796 -0.006499946 -0.02420836 0.002061128 -0.006292879 -0.02420836 0.002061128 -0.006292879 -0.02420836 0.002061128 -0.006292879 -0.02387124 0.008093833 0.008043408 -0.02387124 0.008093833 0.008043408 -0.02387124 0.008093833 0.008043408 -0.02387124 0.008093833 0.008043408 -0.02387124 0.008093833 0.008043408 -0.02383351 0.008768141 0.007424592 -0.02383351 0.008768141 0.007424592 -0.02383351 0.008768141 0.007424592 -0.02385723 0.008344233 9.99998e-4 -0.02385723 0.008344233 9.99998e-4 -0.02385723 0.008344233 9.99998e-4 -0.02385723 0.008344233 9.99998e-4 -0.02385723 0.008344233 9.99998e-4 -0.02385723 0.008344233 9.99998e-4 -0.02385723 0.008344233 9.99998e-4 -0.02385723 0.008344233 9.99998e-4 -0.02420836 0.002061128 0.007707059 -0.02420836 0.002061128 0.007707059 -0.02420836 0.002061128 0.007707059 -0.02420836 0.002061128 0.007707059 -0.02421993 0.00185436 0.007865965 -0.02421993 0.00185436 0.007865965 -0.02421993 0.00185436 0.007865965 -0.02421993 0.00185436 0.007865965 -0.0242334 0.001613497 0.007965862 -0.0242334 0.001613497 0.007965862 -0.0242334 0.001613497 0.007965862 -0.0242334 0.001613497 0.007965862 -0.023799 0.009386062 0.006749212 -0.023799 0.009386062 0.006749212 -0.023799 0.009386062 0.006749212 -0.02376788 0.009942829 0.006022512 -0.02376788 0.009942829 0.006022512 -0.02376788 0.009942829 0.006022512 -0.02374041 0.01043421 0.005249977 -0.02374041 0.01043421 0.005249977 -0.02374041 0.01043421 0.005249977 -0.0237168 0.0108565 0.004437446 -0.0237168 0.0108565 0.004437446 -0.0237168 0.0108565 0.004437446 -0.02369725 0.0112065 0.003591179 -0.02369725 0.0112065 0.003591179 -0.02369725 0.0112065 0.003591179 -0.02368187 0.01148152 0.002717554 -0.02368187 0.01148152 0.002717554 -0.02368187 0.01148152 0.002717554 -0.02367085 0.01167947 0.001823246 -0.02367085 0.01167947 0.001823246 -0.02367085 0.01167947 0.001823246 -0.02366191 0.01183873 0 -0.02366191 0.01183873 0 -0.02366191 0.01183873 0 -0.02366191 0.01183873 0 -0.02380144 0.00934267 0 -0.02380144 0.00934267 0 -0.02380144 0.00934267 0 -0.02380335 0.009308636 2.58818e-4 -0.02380335 0.009308636 2.58818e-4 -0.02380335 0.009308636 2.58818e-4 -0.02380889 0.009208917 4.99999e-4 -0.02380889 0.009208917 4.99999e-4 -0.02380889 0.009208917 4.99999e-4 -0.02380889 0.009208917 4.99999e-4 -0.02381777 0.00905025 7.07105e-4 -0.02381777 0.00905025 7.07105e-4 -0.02381777 0.00905025 7.07105e-4 -0.02366417 0.01179885 -9.15136e-4 -0.02366417 0.01179885 -9.15136e-4 -0.02366417 0.01179885 -9.15136e-4 -0.02382934 0.008843421 -8.66026e-4 -0.02382934 0.008843421 -8.66026e-4 -0.02382934 0.008843421 -8.66026e-4 -0.02381777 0.00905025 -7.07109e-4 -0.02381777 0.00905025 -7.07109e-4 -0.02381777 0.00905025 -7.07109e-4 -0.02381777 0.00905025 -7.07109e-4 -0.02380889 0.009208917 -5.00001e-4 -0.02380889 0.009208917 -5.00001e-4 -0.02380889 0.009208917 -5.00001e-4 -0.02380335 0.009308636 -2.5882e-4 -0.02380335 0.009308636 -2.5882e-4 -0.02380335 0.009308636 -2.5882e-4 -0.02458387 -0.004657983 0.008601069 -0.02458387 -0.004657983 0.008601069 -0.02458387 -0.004657983 0.008601069 -0.02454078 -0.00388664 0.009093225 -0.02454078 -0.00388664 0.009093225 -0.02454078 -0.00388664 0.009093225 -0.02449542 -0.00307542 0.009516179 -0.02449542 -0.00307542 0.009516179 -0.02449542 -0.00307542 0.009516179 -0.02444821 -0.002230465 0.009866714 -0.02444821 -0.002230465 0.009866714 -0.02444821 -0.002230465 0.009866714 -0.02439945 -0.001358211 0.0101422 -0.02439945 -0.001358211 0.0101422 -0.02439945 -0.001358211 0.0101422 -0.02434957 -4.65319e-4 0.01034045 -0.02434957 -4.65319e-4 0.01034045 -0.02434957 -4.65319e-4 0.01034045 -0.0242989 4.41432e-4 0.01046001 -0.0242989 4.41432e-4 0.01046001 -0.0242989 4.41432e-4 0.01046001 -0.02424782 0.001355111 0.01049995 -0.02424782 0.001355111 0.01049995 -0.02424782 0.001355111 0.01049995 -0.02419674 0.00226885 0.01046001 -0.02419674 0.00226885 0.01046001 -0.02419674 0.00226885 0.01046001 -0.02414608 0.003175556 0.01034045 -0.02414608 0.003175556 0.01034045 -0.02414608 0.003175556 0.01034045 -0.02409619 0.004068493 0.0101422 -0.02409619 0.004068493 0.0101422 -0.02409619 0.004068493 0.0101422 -0.02404743 0.004940748 0.009866714 -0.02404743 0.004940748 0.009866714 -0.02404743 0.004940748 0.009866714 -0.02400022 0.005785703 0.009516179 -0.02400022 0.005785703 0.009516179 -0.02400022 0.005785703 0.009516179 -0.02395486 0.006596922 0.009093225 -0.02395486 0.006596922 0.009093225 -0.02395486 0.006596922 0.009093225 -0.02391177 0.007368266 0.008601069 -0.02391177 0.007368266 0.008601069 -0.02391177 0.007368266 0.008601069 -0.02391177 0.007368266 0.008601069 -0.02387166 0.008085787 9.65925e-4 -0.02387166 0.008085787 9.65925e-4 -0.02387166 0.008085787 9.65925e-4 -0.02387166 0.008085787 9.65925e-4 -0.02400529 0.005695044 0.001164674 -0.02400529 0.005695044 0.001164674 -0.02400529 0.005695044 0.001164674 -0.02400529 0.005695044 0.001164674 -0.02401584 0.005506098 0.001722037 -0.02401584 0.005506098 0.001722037 -0.02401584 0.005506098 0.001722037 -0.02403038 0.005246162 0.002249956 -0.02403038 0.005246162 0.002249956 -0.02403038 0.005246162 0.002249956 -0.02404862 0.004919648 0.002739369 -0.02404862 0.004919648 0.002739369 -0.02404862 0.004919648 0.002739369 -0.02404862 0.004919648 0.002739369 -0.02407026 0.004532158 0.003181934 -0.02407026 0.004532158 0.003181934 -0.02407026 0.004532158 0.003181934 -0.02409499 0.004090309 0.003570079 -0.02409499 0.004090309 0.003570079 -0.02409499 0.004090309 0.003570079 -0.02409499 0.004090309 0.003570079 -0.0242334 0.001613497 0.006034016 -0.0242334 0.001613497 0.006034016 -0.0242334 0.001613497 0.006034016 -0.02421993 0.00185436 0.006133913 -0.02421993 0.00185436 0.006133913 -0.02421993 0.00185436 0.006133913 -0.02420836 0.002061128 0.006292879 -0.02420836 0.002061128 0.006292879 -0.02420836 0.002061128 0.006292879 -0.02420836 0.002061128 0.006292879 -0.02419948 0.002219796 0.006499946 -0.02419948 0.002219796 0.006499946 -0.02419948 0.002219796 0.006499946 -0.02419394 0.002319574 0.006741166 -0.02419394 0.002319574 0.006741166 -0.02419394 0.002319574 0.006741166 -0.02419203 0.002353549 0.006999969 -0.02419203 0.002353549 0.006999969 -0.02419203 0.002353549 0.006999969 -0.02419394 0.002319574 0.007258772 -0.02419394 0.002319574 0.007258772 -0.02419394 0.002319574 0.007258772 -0.02419394 0.002319574 0.007258772 -0.02419394 0.002319574 0.007258772 -0.02419948 0.002219796 0.007499992 -0.02419948 0.002219796 0.007499992 -0.02419948 0.002219796 0.007499992 -0.02419948 0.002219796 0.007499992 -0.02419948 0.002219796 0.007499992 -0.02399885 0.005809664 -5.87368e-4 -0.02399885 0.005809664 -5.87368e-4 -0.02399885 0.005809664 -5.87368e-4 -0.02390557 0.007479548 -5.00001e-4 -0.02390557 0.007479548 -5.00001e-4 -0.02390557 0.007479548 -5.00001e-4 -0.02389669 0.007638216 -7.07109e-4 -0.02389669 0.007638216 -7.07109e-4 -0.02389669 0.007638216 -7.07109e-4 -0.02389669 0.007638216 -7.07109e-4 -0.02388513 0.007844984 -8.66026e-4 -0.02388513 0.007844984 -8.66026e-4 -0.02388513 0.007844984 -8.66026e-4 -0.02387166 0.008085787 -9.65927e-4 -0.02387166 0.008085787 -9.65927e-4 -0.02387166 0.008085787 -9.65927e-4 -0.02387166 0.008085787 -9.65927e-4 -0.02391177 0.007368266 -0.008601069 -0.02391177 0.007368266 -0.008601069 -0.02391177 0.007368266 -0.008601069 -0.02395486 0.006596922 -0.009093225 -0.02395486 0.006596922 -0.009093225 -0.02395486 0.006596922 -0.009093225 -0.02400022 0.005785703 -0.009516179 -0.02400022 0.005785703 -0.009516179 -0.02400022 0.005785703 -0.009516179 -0.02404743 0.004940748 -0.009866714 -0.02404743 0.004940748 -0.009866714 -0.02404743 0.004940748 -0.009866714 -0.02409619 0.004068493 -0.0101422 -0.02409619 0.004068493 -0.0101422 -0.02409619 0.004068493 -0.0101422 -0.02409619 0.004068493 -0.0101422 -0.02414608 0.003175556 -0.01034045 -0.02414608 0.003175556 -0.01034045 -0.02414608 0.003175556 -0.01034045 -0.02419674 0.00226885 -0.01046001 -0.02419674 0.00226885 -0.01046001 -0.02419674 0.00226885 -0.01046001 -0.02429616 4.90476e-4 0.007499992 -0.02429616 4.90476e-4 0.007499992 -0.02429616 4.90476e-4 0.007499992 -0.02429616 4.90476e-4 0.007499992 -0.02429616 4.90476e-4 0.007499992 -0.0243017 3.90712e-4 0.007258772 -0.0243017 3.90712e-4 0.007258772 -0.0243017 3.90712e-4 0.007258772 -0.0243017 3.90712e-4 0.007258772 -0.02430361 3.56715e-4 0.006999969 -0.02430361 3.56715e-4 0.006999969 -0.02430361 3.56715e-4 0.006999969 -0.02430361 3.56715e-4 0.006999969 -0.0243017 3.90712e-4 0.006741166 -0.0243017 3.90712e-4 0.006741166 -0.0243017 3.90712e-4 0.006741166 -0.0243017 3.90712e-4 0.006741166 -0.02429616 4.90476e-4 0.006499946 -0.02429616 4.90476e-4 0.006499946 -0.02429616 4.90476e-4 0.006499946 -0.02429616 4.90476e-4 0.006499946 -0.02428728 6.49136e-4 0.006292879 -0.02428728 6.49136e-4 0.006292879 -0.02428728 6.49136e-4 0.006292879 -0.02428728 6.49136e-4 0.006292879 -0.02427572 8.55908e-4 0.006133913 -0.02427572 8.55908e-4 0.006133913 -0.02427572 8.55908e-4 0.006133913 -0.02426224 0.001096725 0.006034016 -0.02426224 0.001096725 0.006034016 -0.02426224 0.001096725 0.006034016 -0.02440071 -0.001379966 0.003570079 -0.02440071 -0.001379966 0.003570079 -0.02440071 -0.001379966 0.003570079 -0.02440071 -0.001379966 0.003570079 -0.02442538 -0.001821815 0.003181934 -0.02442538 -0.001821815 0.003181934 -0.02442538 -0.001821815 0.003181934 -0.02442538 -0.001821815 0.003181934 -0.02444702 -0.002209365 0.002739369 -0.02444702 -0.002209365 0.002739369 -0.02444702 -0.002209365 0.002739369 -0.02446526 -0.002535879 0.002249956 -0.02446526 -0.002535879 0.002249956 -0.02446526 -0.002535879 0.002249956 -0.0244798 -0.002795815 0.001722037 -0.0244798 -0.002795815 0.001722037 -0.0244798 -0.002795815 0.001722037 -0.02449035 -0.002984702 0.001164674 -0.02449035 -0.002984702 0.001164674 -0.02449035 -0.002984702 0.001164674 -0.02462399 -0.005375504 9.65925e-4 -0.02462399 -0.005375504 9.65925e-4 -0.02462399 -0.005375504 9.65925e-4 -0.02449679 -0.003099381 -5.87368e-4 -0.02449679 -0.003099381 -5.87368e-4 -0.02449679 -0.003099381 -5.87368e-4 -0.02459895 -0.004927933 -7.07109e-4 -0.02459895 -0.004927933 -7.07109e-4 -0.02459895 -0.004927933 -7.07109e-4 -0.02459895 -0.004927933 -7.07109e-4 -0.02459007 -0.004769206 -5.00001e-4 -0.02459007 -0.004769206 -5.00001e-4 -0.02459007 -0.004769206 -5.00001e-4 -0.02458453 -0.004669487 -2.5882e-4 -0.02458453 -0.004669487 -2.5882e-4 -0.02458453 -0.004669487 -2.5882e-4 -0.02458453 -0.004669487 -2.5882e-4 -0.02462399 -0.005375504 -9.65927e-4 -0.02462399 -0.005375504 -9.65927e-4 -0.02462399 -0.005375504 -9.65927e-4 -0.02461051 -0.005134701 -8.66026e-4 -0.02461051 -0.005134701 -8.66026e-4 -0.02461051 -0.005134701 -8.66026e-4 -0.0242989 4.41432e-4 -0.01046001 -0.0242989 4.41432e-4 -0.01046001 -0.0242989 4.41432e-4 -0.01046001 -0.02434957 -4.65319e-4 -0.01034045 -0.02434957 -4.65319e-4 -0.01034045 -0.02434957 -4.65319e-4 -0.01034045 -0.02434957 -4.65319e-4 -0.01034045 -0.02439945 -0.001358211 -0.0101422 -0.02439945 -0.001358211 -0.0101422 -0.02439945 -0.001358211 -0.0101422 -0.02439945 -0.001358211 -0.0101422 -0.02444821 -0.002230465 -0.009866714 -0.02444821 -0.002230465 -0.009866714 -0.02444821 -0.002230465 -0.009866714 -0.02449542 -0.00307542 -0.009516179 -0.02449542 -0.00307542 -0.009516179 -0.02449542 -0.00307542 -0.009516179 -0.02454078 -0.00388664 -0.009093225 -0.02454078 -0.00388664 -0.009093225 -0.02454078 -0.00388664 -0.009093225 -0.02458387 -0.004657983 -0.008601069 -0.02458387 -0.004657983 -0.008601069 -0.02458387 -0.004657983 -0.008601069 -0.02482479 -0.008969187 0.001823246 -0.02482479 -0.008969187 0.001823246 -0.02482479 -0.008969187 0.001823246 -0.02481377 -0.00877124 0.002717554 -0.02481377 -0.00877124 0.002717554 -0.02481377 -0.00877124 0.002717554 -0.02479839 -0.008496224 0.003591179 -0.02479839 -0.008496224 0.003591179 -0.02479839 -0.008496224 0.003591179 -0.02477884 -0.008146226 0.004437446 -0.02477884 -0.008146226 0.004437446 -0.02477884 -0.008146226 0.004437446 -0.02477884 -0.008146226 0.004437446 -0.02475523 -0.007723927 0.005249977 -0.02475523 -0.007723927 0.005249977 -0.02475523 -0.007723927 0.005249977 -0.02472776 -0.007232487 0.006022512 -0.02472776 -0.007232487 0.006022512 -0.02472776 -0.007232487 0.006022512 -0.02472776 -0.007232487 0.006022512 -0.02469664 -0.006675779 0.006749212 -0.02469664 -0.006675779 0.006749212 -0.02469664 -0.006675779 0.006749212 -0.02483373 -0.009128451 0 -0.02483373 -0.009128451 0 -0.02483373 -0.009128451 0 -0.02483373 -0.009128451 0 -0.02483373 -0.009128451 0 -0.02467787 -0.006339907 7.07105e-4 -0.02467787 -0.006339907 7.07105e-4 -0.02467787 -0.006339907 7.07105e-4 -0.02467787 -0.006339907 7.07105e-4 -0.02467787 -0.006339907 7.07105e-4 -0.02468675 -0.006498575 4.99999e-4 -0.02468675 -0.006498575 4.99999e-4 -0.02468675 -0.006498575 4.99999e-4 -0.02468675 -0.006498575 4.99999e-4 -0.02468675 -0.006498575 4.99999e-4 -0.02469229 -0.006598353 2.58818e-4 -0.02469229 -0.006598353 2.58818e-4 -0.02469229 -0.006598353 2.58818e-4 -0.0246942 -0.006632328 0 -0.0246942 -0.006632328 0 -0.0246942 -0.006632328 0 -0.02469229 -0.006598353 -2.5882e-4 -0.02469229 -0.006598353 -2.5882e-4 -0.02469229 -0.006598353 -2.5882e-4 -0.02483147 -0.009088575 -9.15136e-4 -0.02483147 -0.009088575 -9.15136e-4 -0.02483147 -0.009088575 -9.15136e-4 -0.02483147 -0.009088575 -9.15136e-4 -0.02468675 -0.006498575 -5.00001e-4 -0.02468675 -0.006498575 -5.00001e-4 -0.02468675 -0.006498575 -5.00001e-4 -0.02468675 -0.006498575 -5.00001e-4 -0.02467787 -0.006339907 -7.07109e-4 -0.02467787 -0.006339907 -7.07109e-4 -0.02467787 -0.006339907 -7.07109e-4 -0.02467787 -0.006339907 -7.07109e-4 -0.02467787 -0.006339907 -7.07109e-4 -0.0246663 -0.006133139 -8.66026e-4 -0.0246663 -0.006133139 -8.66026e-4 -0.0246663 -0.006133139 -8.66026e-4 -0.0246663 -0.006133139 -8.66026e-4 -0.0243017 3.90712e-4 -0.006741166 -0.0243017 3.90712e-4 -0.006741166 -0.0243017 3.90712e-4 -0.006741166 -0.0243017 3.90712e-4 -0.006741166 -0.02431279 1.92259e-4 -0.004346609 -0.02431279 1.92259e-4 -0.004346609 -0.02431279 1.92259e-4 -0.004346609 -0.02429616 4.90476e-4 -0.006499946 -0.02429616 4.90476e-4 -0.006499946 -0.02429616 4.90476e-4 -0.006499946 -0.02429616 4.90476e-4 -0.006499946 -0.0242806 7.68688e-4 -0.004461467 -0.0242806 7.68688e-4 -0.004461467 -0.0242806 7.68688e-4 -0.004461467 -0.02428728 6.49136e-4 -0.006292879 -0.02428728 6.49136e-4 -0.006292879 -0.02428728 6.49136e-4 -0.006292879 -0.02428728 6.49136e-4 -0.006292879 -0.02427572 8.55908e-4 -0.006133973 -0.02427572 8.55908e-4 -0.006133973 -0.02427572 8.55908e-4 -0.006133973 -0.02427572 8.55908e-4 -0.006133973 -0.02421504 0.001941561 -0.004461467 -0.02421504 0.001941561 -0.004461467 -0.02421504 0.001941561 -0.004461467 -0.02421993 0.00185436 -0.006133973 -0.02421993 0.00185436 -0.006133973 -0.02421993 0.00185436 -0.006133973 -0.02421993 0.00185436 -0.006133973 -0.0242334 0.001613497 -0.006034016 -0.0242334 0.001613497 -0.006034016 -0.0242334 0.001613497 -0.006034016 -0.0242334 0.001613497 -0.006034016 -0.02388513 0.007844984 8.66024e-4 -0.02388513 0.007844984 8.66024e-4 -0.02388513 0.007844984 8.66024e-4 -0.02388513 0.007844984 8.66024e-4 -0.02399671 0.005848109 0 -0.02399671 0.005848109 0 -0.02399671 0.005848109 0 -0.02391111 0.00737977 2.58818e-4 -0.02391111 0.00737977 2.58818e-4 -0.02391111 0.00737977 2.58818e-4 -0.02391111 0.00737977 2.58818e-4 -0.02391302 0.007345795 0 -0.02391302 0.007345795 0 -0.02391302 0.007345795 0 -0.02391111 0.00737977 -2.5882e-4 -0.02391111 0.00737977 -2.5882e-4 -0.02391111 0.00737977 -2.5882e-4 -0.02461051 -0.005134701 8.66024e-4 -0.02461051 -0.005134701 8.66024e-4 -0.02461051 -0.005134701 8.66024e-4 -0.02449679 -0.003099381 5.87367e-4 -0.02449679 -0.003099381 5.87367e-4 -0.02449679 -0.003099381 5.87367e-4 -0.02459895 -0.004927933 7.07105e-4 -0.02459895 -0.004927933 7.07105e-4 -0.02459895 -0.004927933 7.07105e-4 -0.02459007 -0.004769206 4.99999e-4 -0.02459007 -0.004769206 4.99999e-4 -0.02459007 -0.004769206 4.99999e-4 -0.02459007 -0.004769206 4.99999e-4</float_array>
          <technique_common>
            <accessor source="#Leg_B_003-mesh-positions-array" count="4829" stride="3">
              <param name="X" type="float"/>
              <param name="Y" type="float"/>
              <param name="Z" type="float"/>
            </accessor>
          </technique_common>
        </source>
        <source id="Leg_B_003-mesh-normals">
          <float_array id="Leg_B_003-mesh-normals-array" count="8229">0.9984421 -0.05579936 3.59307e-7 0.9984446 -0.05575335 0 0.998442 -0.05579936 -4.26677e-7 0.9984421 -0.05579811 0 0.9984422 -0.05579656 4.87063e-6 0.9984421 -0.05579972 -6.95818e-6 0.9984425 -0.05579233 1.42642e-5 0.9984421 -0.05579841 -9.14049e-6 0.9984419 -0.0558024 -1.01611e-5 0.9984422 -0.05579644 9.20589e-7 0.998442 -0.05580013 -3.32643e-6 0.9984425 -0.05579149 -4.4148e-5 0.998442 -0.05580025 -1.25286e-5 0.9984416 -0.05580842 1.21417e-5 0.9984428 -0.05578482 -1.83643e-5 0.9984413 -0.05581396 6.0948e-6 0.9984418 -0.05580353 6.00142e-7 0.9984427 -0.05578744 -6.74885e-6 0.9984387 -0.05585855 8.64975e-6 0.9984421 -0.05579733 -3.4959e-7 0.9984389 -0.05585509 -5.68238e-5 0.9984422 -0.05579489 3.10524e-6 0.9984436 -0.0557717 6.59552e-5 0.9984428 -0.05578523 0 0.9984462 -0.05572581 0 0.9984412 -0.05581414 -4.53921e-7 0.9984422 -0.05579769 0 0.998441 -0.05581736 -1.30725e-5 0.9984428 -0.05578631 8.75022e-6 0.9984416 -0.05580657 -2.90029e-6 0.9984413 -0.05581182 -8.67701e-6 0.998443 -0.05578142 1.29784e-5 0.9984421 -0.05579739 2.67578e-7 0.998442 -0.05579924 1.28399e-6 0.9984312 -0.05599433 -2.41002e-5 0.998442 -0.05579972 0 0.9984437 -0.05576968 7.4408e-6 0.9984411 -0.05581766 -7.59715e-6 0.998442 -0.05579984 0 0.998442 -0.05579912 0 0.9984411 -0.05581754 7.59714e-6 0.9984421 -0.05579745 0 0.9984427 -0.05578643 2.14889e-6 0.9984427 -0.05578732 1.70456e-6 0.9984411 -0.05581659 -8.31934e-6 0.9984421 -0.05579966 -4.67718e-7 0.9984422 -0.05579638 1.71936e-5 0.9984421 -0.05579799 -6.75538e-6 0.9984422 -0.05579787 3.45219e-7 0.9984418 -0.05580377 8.67705e-6 0.9984417 -0.05580639 2.90028e-6 0.9984428 -0.05578643 -8.75024e-6 0.9984409 -0.05581879 1.30724e-5 0.9984419 -0.05580025 -2.78153e-7 0.9984366 -0.05589735 1.34422e-5 0.9984448 -0.05574983 -1.13803e-5 0.9984413 -0.05581235 1.49771e-6 0.9984419 -0.05580276 1.25306e-6 0.9984419 -0.05580222 -9.68017e-7 0.9984425 -0.05579257 -9.77522e-7 0.9984419 -0.05580222 -7.82538e-7 0.9984412 -0.05581277 0 0.9984436 -0.05577117 -5.02137e-7 0.998442 -0.0557993 -1.05719e-6 0.998442 -0.05579924 -1.28399e-6 0.9984425 -0.05579149 4.48581e-6 0.9984418 -0.05580425 1.3862e-6 0.9984425 -0.05579245 6.01867e-7 0.9984425 -0.05579054 1.14662e-6 0.998441 -0.05581825 -2.66639e-7 0.9984421 -0.05579811 0 0.9984452 -0.05574178 -2.82318e-5 0.9984427 -0.05578738 -1.19886e-6 0.9984401 -0.05583399 7.07758e-6 0.9984433 -0.05577588 -4.54299e-6 0.9984419 -0.05580151 4.30328e-6 0.9984416 -0.0558058 -2.11295e-6 0.9984415 -0.0558083 4.94264e-6 0.9984437 -0.05577003 -8.19722e-6 0.9984406 -0.05582398 4.11284e-6 0.9984433 -0.05577707 -2.58567e-6 0.9984405 -0.05582648 8.94958e-7 0.9984405 -0.05582731 4.40191e-6 0.9984423 -0.05579584 0 0.9984419 -0.05580198 0 0.9984398 -0.05583918 -8.64976e-6 0.9984422 -0.0557965 6.74885e-6 0.9984422 -0.05579632 -6.00142e-7 0.9984408 -0.05582064 -6.09481e-6 0.9984427 -0.05578708 1.83642e-5 0.9984416 -0.0558086 -1.21417e-5 0.9984421 -0.05579704 1.25284e-5 0.998442 -0.05580049 4.41496e-5 0.9984421 -0.05579936 3.32642e-6 0.9984422 -0.05579656 -9.20592e-7 0.9984418 -0.05580389 1.01611e-5 0.998442 -0.05579972 9.1405e-6 0.9984425 -0.05579102 -1.42642e-5 0.9984419 -0.05580234 6.9582e-6 0.9984422 -0.05579656 -4.87063e-6 0.9984413 -0.05581271 0 0.9984419 -0.055803 7.82537e-7 0.9984425 -0.05579185 9.77523e-7 0.9984419 -0.05580216 9.68017e-7 0.9984419 -0.05580276 -1.25306e-6 0.9984413 -0.05581223 -1.4977e-6 0.9984447 -0.05575013 1.13803e-5 0.9984366 -0.05589741 -1.34422e-5 0.9984419 -0.05580085 2.78152e-7 0.9984411 -0.05581623 2.6664e-7 0.9984426 -0.05578982 -1.14662e-6 0.9984418 -0.05580204 -6.01867e-7 0.9984422 -0.05579662 -1.3862e-6 0.9984438 -0.05576777 -4.48583e-6 0.998442 -0.05580061 -4.40196e-6 0.9984416 -0.05580568 -8.94958e-7 0.9984425 -0.05579191 2.58566e-6 0.9984407 -0.05582416 -4.11286e-6 0.9984443 -0.05575895 8.19722e-6 0.998441 -0.05581891 -4.94264e-6 0.9984419 -0.05580252 2.11294e-6 0.9984418 -0.05580496 -4.3033e-6 0.9984433 -0.05577594 4.54299e-6 0.9984401 -0.05583405 -7.07758e-6 0.9984427 -0.05578702 1.19885e-6 0.9984452 -0.05574297 2.82324e-5 0.9984412 -0.05581563 0 0.9984425 -0.05579209 0 0.9984427 -0.05578792 0 0.9984422 -0.05579483 0 0.9984408 -0.05582058 0 0.998443 -0.05578243 0 0.9984411 -0.05581635 0 0.9984435 -0.05577421 0 0.9984428 -0.05578547 0 0.9984385 -0.05586159 0 0.9984415 -0.05581003 0 0.9984485 -0.05568349 0 0.9984423 -0.05579406 0 0.9984418 -0.05580508 0 0.9984422 -0.05579727 0 0.9984426 -0.05578982 0 0.9984414 -0.05580985 0 0.9984405 -0.05582815 0 0.9984441 -0.05576223 0 0.9984444 -0.05575537 0 0.9984405 -0.05582779 0 0.9984405 -0.05582785 0 0.998443 -0.05578321 0 0.9984425 -0.05579012 0 0.9984418 -0.05580431 0 0.9984419 -0.05580258 0 0.9984374 -0.05588239 0 0.998438 -0.05587118 0 0.03945678 0.7060111 -0.7071008 0.03945559 0.706003 -0.7071089 0 0 -1 0.9984418 -0.05580216 -1.85513e-6 0.998442 -0.05579978 0 0.9984418 -0.05580353 1.39796e-6 0.9984416 -0.05580604 -8.98437e-6 0.9984428 -0.05578541 1.33944e-5 0.998442 -0.05580013 -5.47331e-7 0.9984418 -0.05580276 -3.92803e-6 0.9984427 -0.05578684 3.4216e-5 0.9984419 -0.05580067 -1.02333e-5 0.998442 -0.05580019 -3.57663e-6 0.998442 -0.05579966 0 0.998442 -0.05580025 3.57663e-6 0.9984417 -0.0558052 1.02334e-5 0.9984428 -0.05578523 -3.42157e-5 0.998442 -0.05580055 3.92807e-6 0.9984419 -0.05580013 5.47331e-7 0.9984427 -0.05578762 -1.33943e-5 0.9984417 -0.05580598 8.98437e-6 0.9984419 -0.05580127 -1.39797e-6 0.998442 -0.05580019 0 0.9984421 -0.05579906 0 0.9984423 -0.05579513 1.18717e-5 0.9984421 -0.05579787 1.64446e-6 0.9984422 -0.05579638 5.92775e-6 0.9984418 -0.05580365 -1.54609e-5 0.9984421 -0.0557987 1.52248e-6 0.9984419 -0.05580097 -3.79906e-6 0.9984422 -0.05579543 9.43563e-6 0.9984419 -0.05580145 -1.11027e-5 0.9984419 -0.05580133 -2.91282e-6 0.9984421 -0.05579727 5.22191e-6 0.9984416 -0.05580776 -3.88383e-5 0.9984461 -0.05572575 3.12018e-4 0.998442 -0.05579912 -1.26114e-6 0.9984412 -0.05581408 2.10678e-5 0.9984421 -0.0557971 -2.98524e-6 0.9984425 -0.05579251 -7.27613e-6 0.9984421 -0.05579841 -1.89749e-6 0.9984415 -0.05580902 1.07127e-5 0.9984421 -0.05579853 -1.32319e-6 0.9984424 -0.0557928 -3.61618e-6 0.9984425 -0.05579173 -7.96742e-6 0.9984422 -0.05579727 1.08699e-6 0.9984458 -0.05573213 -3.12009e-4 0.9984416 -0.0558077 3.88382e-5 0.9984421 -0.05579853 -5.22193e-6 0.9984419 -0.05580061 2.91282e-6 0.9984419 -0.05580061 1.11026e-5 0.9984422 -0.0557968 -9.43565e-6 0.9984419 -0.05580019 3.79904e-6 0.9984421 -0.0557987 -1.52248e-6 0.9984418 -0.05580377 1.54609e-5 0.9984422 -0.05579572 -5.92772e-6 0.9984421 -0.055799 -1.64447e-6 0.9984423 -0.055794 -1.18717e-5 0.9984425 -0.0557897 7.96744e-6 0.9984423 -0.05579388 3.61618e-6 0.9984421 -0.05579847 1.32319e-6 0.9984415 -0.05580908 -1.07127e-5 0.9984421 -0.05579924 1.89748e-6 0.9984425 -0.05579257 7.27614e-6 0.9984422 -0.05579614 2.98525e-6 0.9984411 -0.0558151 -2.10678e-5 0.9984421 -0.05579906 1.26114e-6 0.03396993 0.6078324 -0.7933385 0.03396797 0.6077991 -0.7933641 0.02135235 0.3820626 -0.9238898 0.021353 0.3820748 -0.9238848 0.007283329 0.1303233 -0.9914448 0.007284224 0.1303397 -0.9914426 0.03945606 0.7060112 0.7071008 0.03945636 0.706003 0.7071089 0 0 1 0.007283508 0.1303279 0.9914442 0.007283568 0.1303281 0.9914442 0.02135276 0.3820687 0.9238873 0.02135336 0.3820809 0.9238822 0.03396958 0.6078279 0.793342 0.03396779 0.6077947 0.7933676 0.05579835 0.9984421 0 0.05579829 0.9984421 0 0.04426532 0.7920682 0.6088256 0.04426962 0.7921301 0.6087448 0.05155277 0.9224452 0.3826711 0.05154895 0.9224045 0.38277 0.05532139 0.989912 0.1304373 0.05532091 0.9899007 0.130523 0.05579829 0.9984421 0 0.05579829 0.9984421 0 0.05532103 0.989904 -0.1304979 0.05532145 0.9899089 -0.1304606 0.0515511 0.9224452 -0.3826711 0.05155032 0.9224044 -0.38277 0.04426616 0.7920656 -0.608829 0.04426872 0.7921274 -0.6087483 -0.9984424 0.05579352 -2.7526e-6 -0.9984421 0.05580008 4.08099e-6 -0.9984421 0.05580008 -4.08099e-6 -0.9984422 0.0557971 -1.09785e-5 -0.9984422 0.05579775 6.95815e-6 -0.9984422 0.05579751 -6.99641e-6 -0.9984422 0.0557968 6.34392e-5 -0.9984424 0.05579262 2.68852e-7 -0.9984406 0.05582517 1.27344e-6 -0.9984421 0.05579817 -1.71215e-6 -0.9984419 0.05580216 8.5086e-6 -0.9984421 0.05579948 -1.12185e-5 -0.9984421 0.05579864 7.44701e-6 -0.9984421 0.05579894 -7.44705e-6 -0.998442 0.05580115 1.12185e-5 -0.9984419 0.05580216 -8.5086e-6 -0.9984421 0.05579817 1.71215e-6 -0.9984423 0.05579394 -5.53095e-6 -0.998442 0.05580008 5.50538e-7 -0.9984422 0.05579578 2.75259e-6 -0.9984426 0.05579042 -5.91751e-6 -0.9984412 0.05581361 7.07014e-6 -0.9984415 0.05580818 -8.8764e-7 -0.998443 0.05578196 -2.14013e-6 -0.9984423 0.055794 -2.46e-6 -0.9984431 0.05577993 -5.21325e-6 -0.9984419 0.05580145 0 -0.998439 0.05585402 -1.06991e-5 -0.9984452 0.05574309 1.79813e-5 -0.9984458 0.05573189 0 -0.9984353 0.05592012 -4.03767e-6 -0.998443 0.05578225 8.05597e-6 -0.9984405 0.05582588 8.53516e-6 -0.9984402 0.0558331 2.88246e-5 -0.9984421 0.05579793 0 -0.9984422 0.05579757 1.53153e-6 -0.9984415 0.05580794 -1.18532e-5 -0.9984422 0.0557962 1.11506e-5 -0.9984418 0.05580437 -2.69711e-7 -0.9984421 0.05579668 2.74551e-7 -0.9984423 0.05579549 0 -0.9984416 0.05580723 -9.25302e-6 -0.9984424 0.05579251 8.44935e-6 -0.9984421 0.05579936 0 -0.998442 0.05579912 2.64934e-7 -0.9984434 0.05577528 7.93591e-6 -0.9984411 0.05581557 -2.54931e-5 -0.9984419 0.05580306 1.94276e-5 -0.9984421 0.05579751 -9.29914e-7 -0.9984439 0.05576759 -2.5204e-7 -0.9984409 0.05582046 -4.16049e-6 -0.9984423 0.05579566 1.72389e-6 -0.9984426 0.05579054 3.93781e-6 -0.9984417 0.05580604 -3.42255e-6 -0.9984419 0.0557999 -1.10622e-6 -0.9984424 0.05579423 1.80448e-6 -0.9984419 0.05580151 0 -0.9984421 0.0557993 1.58399e-7 -0.9984418 0.05580437 -1.73981e-5 -0.9984423 0.05579429 1.76436e-5 -0.9984419 0.05580151 -3.78356e-6 -0.9984421 0.05579936 0 -0.9984434 0.0557754 -1.68138e-5 -0.9984441 0.05576241 -1.13744e-5 -0.9984395 0.05584412 2.1178e-5 -0.9984427 0.05578929 -9.95809e-6 -0.9984419 0.05580204 1.14739e-5 -0.9984421 0.05579876 -8.48036e-6 -0.9984423 0.05579477 3.87033e-6 -0.998442 0.05580055 -3.63713e-6 -0.9984425 0.05579078 4.41412e-7 -0.9984416 0.05580574 3.43218e-6 -0.9984418 0.05580335 -4.39984e-7 -0.9984412 0.05581456 7.84366e-7 -0.9984418 0.05580347 2.10754e-5 -0.9984418 0.05580443 -9.77054e-7 -0.9984419 0.05580252 -3.63169e-6 -0.9984429 0.05578309 8.66503e-7 -0.9984414 0.05581027 -1.67796e-6 -0.998442 0.05579996 2.14174e-6 -0.9984425 0.05579257 5.03495e-7 -0.9984419 0.05580174 -6.6631e-6 -0.9984424 0.0557934 1.58811e-6 -0.9984421 0.05579942 5.69326e-7 -0.9984414 0.05580985 1.8703e-7 -0.9984437 0.05576819 -1.55169e-6 -0.9984411 0.05581754 1.34121e-6 -0.998442 0.05580079 -1.46684e-7 -0.9984427 0.0557875 2.58068e-7 -0.9984397 0.05584251 5.743e-7 -0.9984458 0.05573189 1.38628e-6 -0.998441 0.0558176 -9.82345e-6 -0.9984416 0.05580675 3.01466e-7 -0.9984478 0.05569767 1.72914e-7 -0.9984408 0.05582088 -7.49989e-7 -0.9984413 0.05581289 4.60761e-7 -0.9984483 0.05568802 9.8156e-6 -0.9984415 0.05580878 -2.97551e-7 -0.998442 0.05580079 1.46684e-7 -0.9984408 0.05582207 -1.3412e-6 -0.9984438 0.05576819 1.55169e-6 -0.9984434 0.05577427 -1.87031e-7 -0.9984419 0.05580097 -5.69326e-7 -0.998443 0.05578291 -1.5881e-6 -0.9984414 0.05581003 6.66312e-6 -0.9984425 0.05579262 -5.03496e-7 -0.9984424 0.0557931 -2.14174e-6 -0.9984414 0.05581021 1.67796e-6 -0.998443 0.05578303 -8.66503e-7 -0.9984412 0.05581378 3.6317e-6 -0.9984425 0.0557903 9.77052e-7 -0.9984418 0.05580359 -2.10754e-5 -0.9984412 0.05581408 -7.84359e-7 -0.9984403 0.0558297 4.39985e-7 -0.9984419 0.05580222 -3.43218e-6 -0.9984425 0.05579078 -4.41411e-7 -0.9984416 0.05580592 3.63713e-6 -0.9984424 0.05579257 -3.87035e-6 -0.9984424 0.05579388 8.48039e-6 -0.9984416 0.05580717 -1.14738e-5 -0.998443 0.05578315 9.95816e-6 -0.9984391 0.05585211 -2.11779e-5 -0.9984437 0.05576938 1.13743e-5 -0.9984456 0.05573475 1.68147e-5 -0.9984421 0.05579859 -1.35593e-7 -0.9984421 0.05579906 5.62173e-6 -0.9984421 0.05579859 0 -0.9984419 0.05580127 -2.34237e-7 -0.998442 0.05579888 -1.26598e-7 -0.998442 0.0557993 2.20725e-6 -0.9984421 0.05579906 -6.16989e-7 -0.9984422 0.05579686 6.25165e-5 -0.9984419 0.05580067 -1.2608e-4 -0.998442 0.05579948 -5.04482e-6 -0.9984421 0.05579894 9.21632e-6 -0.998442 0.05580019 3.251e-7 -0.9984422 0.05579721 9.90787e-6 -0.9984422 0.05579727 6.00286e-6 -0.9984419 0.05580031 -7.35337e-7 -0.9984418 0.05580377 -4.88195e-5 -0.9984421 0.05579912 0 -0.9984421 0.05579882 3.16597e-7 -0.9984421 0.05579888 0 -0.9984426 0.05578935 -5.78922e-5 -0.9984429 0.0557841 3.12742e-7 -0.998442 0.05579882 4.03001e-7 -0.9984406 0.05582511 -1.27344e-6 -0.9984431 0.05577892 -2.59829e-6 -0.9984417 0.0558049 0 -0.9984416 0.05580627 0 -0.9984414 0.05580985 -1.76642e-6 -0.9984433 0.05577683 -9.4854e-7 -0.9984418 0.05580395 2.79013e-7 -0.9984419 0.05580216 -3.40683e-7 -0.9984433 0.05577635 -6.29558e-7 -0.9984415 0.05580896 5.09242e-7 -0.998443 0.05578249 4.97059e-7 -0.9984412 0.05581414 6.27082e-7 -0.9984419 0.05580031 -6.96732e-7 -0.9984428 0.05578577 -1.37817e-6 -0.9984421 0.05579769 -4.89077e-7 -0.9984422 0.05579584 -3.01071e-7 -0.9984433 0.05577665 -2.68852e-7 -0.9984421 0.05579799 1.93623e-6 -0.9984424 0.05579167 0 -0.9984418 0.05580341 0 -0.9984418 0.05580377 2.37063e-6 -0.9984416 0.05580723 1.71929e-6 -0.9984424 0.05579203 -1.62522e-6 -0.9984418 0.05580407 3.40683e-7 -0.9984423 0.05579394 4.25436e-7 -0.9984416 0.05580669 -9.40452e-7 -0.9984431 0.05577999 -4.96905e-7 -0.9984413 0.05581295 -4.60834e-7 -0.9984408 0.05582094 7.49989e-7 -0.9984452 0.0557419 -1.72914e-7 0.9984412 -0.05581593 3.5138e-6 0.9984419 -0.05580013 -4.16782e-6 0.9984419 -0.05580013 4.09999e-6 0.9984419 -0.05580168 -3.15465e-6 0.9984419 -0.05580216 1.74467e-5 0.9984419 -0.05580115 -1.74468e-5 0.9984418 -0.05580443 -1.18081e-4 0.9984433 -0.05577659 -2.88455e-6 0.9984419 -0.05580186 0 0.9984422 -0.05579489 1.20993e-5 0.9984419 -0.05580163 -6.76706e-6 0.9984424 -0.05579268 1.36218e-5 0.9984419 -0.05580049 7.54794e-6 0.9984421 -0.05579829 -7.54789e-6 0.9984422 -0.05579507 -1.36218e-5 0.9984419 -0.05580163 6.76706e-6 0.9984422 -0.05579489 -1.20993e-5 0.9984524 -0.05561381 2.05935e-5 0.9984405 -0.05582773 -2.90499e-5 0.9984424 -0.05579268 9.31601e-6 0.9984417 -0.05580645 5.04044e-7 0.9984419 -0.05580127 1.43547e-6 0.9984403 -0.05583029 -7.65799e-6 0.9984435 -0.05577415 -1.54516e-6 0.9984427 -0.0557872 9.88947e-6 0.9984416 -0.05580699 -1.08119e-6 0.9984428 -0.05578482 5.08793e-6 0.9984412 -0.05581527 -4.94658e-6 0.9984414 -0.05581182 -3.52844e-6 0.9984421 -0.05579739 2.05314e-6 0.9984418 -0.05580371 -5.53196e-6 0.998422 -0.05615699 -1.29885e-4 0.9984459 -0.05573147 6.17917e-6 0.9984441 -0.05576211 1.15562e-5 0.998443 -0.05578374 1.06351e-5 0.9984418 -0.05580461 -7.65654e-6 0.9984419 -0.05580198 2.58922e-6 0.9984421 -0.05579811 0 0.9984418 -0.05580395 -8.02014e-7 0.9984423 -0.05579507 -5.21439e-6 0.9984418 -0.0558027 6.40703e-6 0.9984423 -0.05579382 -5.5663e-6 0.9984419 -0.05580139 -2.35156e-6 0.9984421 -0.0557993 0 0.9984416 -0.05580693 2.74236e-5 0.9984424 -0.05579352 -7.44387e-6 0.9984419 -0.05580228 -6.49472e-6 0.998442 -0.05579912 0 0.9984418 -0.05580437 5.05625e-6 0.9984422 -0.05579477 3.28758e-6 0.9984419 -0.05580085 -8.17051e-6 0.9984425 -0.05578988 -4.2371e-6 0.9984415 -0.05580794 4.79655e-6 0.9984423 -0.05579394 1.20764e-5 0.998441 -0.0558176 -6.80966e-6 0.9984436 -0.05577147 -1.80717e-5 0.998442 -0.05579912 0 0.9984419 -0.05580258 7.17811e-6 0.9984408 -0.05582231 1.03648e-5 0.9984461 -0.05572682 -5.28464e-5 0.9984421 -0.05579835 0 0.9984421 -0.05579948 0 0.9984406 -0.05582553 -5.03954e-6 0.9984421 -0.05579751 4.38128e-6 0.9984424 -0.05579417 3.40512e-6 0.9984421 -0.05579859 -1.30891e-6 0.9984415 -0.05580925 -1.0068e-6 0.9984428 -0.05578601 2.97946e-7 0.9984419 -0.05580031 3.14825e-6 0.9984416 -0.05580782 -3.33412e-6 0.9984432 -0.05577933 -2.16714e-6 0.9984386 -0.05586123 -1.96425e-5 0.9984487 -0.05568033 1.22513e-4 0.9984416 -0.05580836 -3.20874e-7 0.9984421 -0.05579763 -3.46202e-6 0.9984403 -0.05583 -9.43742e-7 0.9984477 -0.05569821 4.55855e-7 0.9984421 -0.05579978 -6.1778e-7 0.9984425 -0.05579137 9.736e-7 0.9984418 -0.05580276 6.68422e-6 0.9984424 -0.05579274 2.71397e-6 0.9984421 -0.05579984 -3.8288e-6 0.9984418 -0.05580425 1.0228e-6 0.9984429 -0.0557844 -2.3921e-6 0.9984402 -0.05583262 -1.38306e-5 0.9984439 -0.05576747 5.60091e-6 0.9984401 -0.05583387 -5.71804e-6 0.9984413 -0.05581235 1.37792e-5 0.9984425 -0.05579066 -4.15005e-7 0.9984378 -0.05587404 -3.79428e-6 0.9984484 -0.05568432 -1.48351e-6 0.9984364 -0.05590051 -5.54494e-7 0.9984427 -0.05578756 5.53003e-7 0.9984424 -0.05579471 2.33242e-7 0.9984465 -0.05572122 -1.22946e-6 0.998436 -0.05590897 1.65489e-6 0.9984413 -0.05581223 -1.37792e-5 0.9984402 -0.05583399 5.71805e-6 0.9984439 -0.05576545 -5.60089e-6 0.9984402 -0.05583411 1.38306e-5 0.9984429 -0.05578434 2.3921e-6 0.9984418 -0.05580425 -1.0228e-6 0.9984421 -0.05579751 3.82879e-6 0.9984424 -0.05579268 -2.71397e-6 0.9984416 -0.05580651 -6.68424e-6 0.9984427 -0.05578768 -9.73594e-7 0.9984421 -0.05579978 6.1778e-7 0.9984464 -0.05572247 -4.55857e-7 0.9984403 -0.05583006 9.43742e-7 0.9984409 -0.05581873 3.46201e-6 0.9984426 -0.05578964 3.20874e-7 0.9984422 -0.05579668 4.15005e-7 0.9984497 -0.05566364 3.77846e-6 0.998447 -0.05570989 -1.22519e-4 0.9984388 -0.05585646 1.96423e-5 0.9984435 -0.05577397 2.16713e-6 0.9984413 -0.05581235 3.33414e-6 0.9984422 -0.05579638 -3.14823e-6 0.9984426 -0.05578941 -2.97947e-7 0.9984414 -0.05581104 1.00681e-6 0.9984422 -0.05579507 1.30891e-6 0.9984424 -0.05579435 -3.40513e-6 0.9984419 -0.05580097 -4.38128e-6 0.9984406 -0.05582588 5.03957e-6 0.9984421 -0.05579805 -1.53407e-6 0.9984419 -0.05580133 7.2184e-6 0.998442 -0.05579936 0 0.998442 -0.0557996 3.33086e-6 0.9984421 -0.05579799 -4.92418e-7 0.9984422 -0.05579757 -9.33851e-6 0.9984421 -0.05579882 -1.04284e-5 0.9984421 -0.05579942 3.81253e-6 0.9984422 -0.05579549 1.02677e-5 0.998442 -0.05579954 -2.50969e-6 0.9984415 -0.05580788 2.49106e-4 0.9984421 -0.05579841 7.97054e-6 0.9984421 -0.05579817 -8.49721e-7 0.998442 -0.05580103 3.53592e-6 0.9984422 -0.05579704 3.90999e-6 0.9984419 -0.05580115 1.09315e-5 0.998442 -0.0557996 0 0.998442 -0.0557996 -9.82097e-6 0.9984421 -0.0557987 4.31324e-7 0.9984468 -0.05571419 -3.91427e-5 0.9984414 -0.05580991 0 0.9984427 -0.05578631 -7.3367e-7 0.9984404 -0.0558297 -2.31671e-6 0.9984419 -0.05580216 4.2818e-7 0.9984424 -0.05579358 1.34334e-7 0.9984424 -0.05579209 0 0.9984416 -0.05580747 0 0.9984434 -0.0557757 0 0.9984421 -0.05579835 0 0.9984415 -0.0558086 0 0.9984415 -0.05580818 4.17119e-7 0.9984424 -0.05579423 8.24926e-7 0.9984403 -0.05583125 4.11676e-7 0.9984429 -0.05578362 1.48756e-6 0.9984415 -0.0558089 9.73746e-7 0.9984399 -0.05583959 -3.69977e-6 0.9984433 -0.05577659 2.88455e-6 0.9984425 -0.05579072 2.59973e-6 0.9984392 -0.05584931 -7.58911e-7 0.9984419 -0.05580216 -4.2818e-7 0.9984424 -0.05579245 -2.18059e-7 0.9984423 -0.05579346 0 0.9984418 -0.05580431 1.35259e-7 0.9984424 -0.05579417 0 0.9984417 -0.05580615 0 0.9984421 -0.05579799 0 0.9984416 -0.05580818 -4.17119e-7 0.9984405 -0.05582803 -9.79359e-7 0.9984423 -0.05579394 -4.87346e-7 0.9984405 -0.05582761 -1.65489e-6 0.9984464 -0.05572128 1.22946e-6 0.9984424 -0.05579477 -2.33242e-7 0.05544751 0.9921675 0.1119345 0.05266654 0.942404 0.3303047 0.05266702 0.9424013 0.3303121 0.04724663 0.8454117 0.5320217 0.04724645 0.8454163 0.5320142 0.03945565 0.7060094 0.7071026 0.03945583 0.7060125 0.7070994 0.02968525 0.5311812 0.8467381 0.02968454 0.5312051 0.8467231 0.01842826 0.3297742 0.94388 0.0184285 0.3297567 0.9438862 0.00624752 0.1117914 0.9937121 0.00624752 0.1117862 0.9937127 0.05545014 0.9921625 0.1119772 0.05545043 0.9921672 -0.1119353 0.05544728 0.9921627 -0.1119767 0.05266624 0.9424002 -0.3303152 0.0526672 0.9424032 -0.3303065 0.04724675 0.8454138 -0.5320181 0.04724615 0.8454127 -0.5320199 0.03945589 0.7060132 -0.7070987 0.03945595 0.7060155 -0.7070965 0.02968662 0.5312045 -0.8467235 0.02968305 0.5311806 -0.8467386 0.01842731 0.329757 -0.9438861 0.01842945 0.3297737 -0.9438802 0.006247103 0.1117836 -0.993713 0.006247639 0.1117886 -0.9937124 -0.05544728 -0.9921638 -0.1119681 -0.0526663 -0.9423999 -0.3303161 -0.05266624 -0.9424008 -0.3303135 -0.04724711 -0.8454319 -0.5319893 -0.04724699 -0.8454303 -0.531992 -0.03945583 -0.7060151 -0.7070969 -0.03945237 -0.7059924 -0.7071198 -0.02968388 -0.5311866 -0.8467348 -0.02968919 -0.5312249 -0.8467106 -0.01843029 -0.3297703 -0.9438813 -0.01842892 -0.3297607 -0.9438847 -0.006247222 -0.1117845 -0.9937129 -0.006247639 -0.1117893 -0.9937123 -0.05545055 -0.9921684 -0.1119253 -0.05545026 -0.9921634 0.1119689 -0.05544751 -0.9921685 0.1119258 -0.05266624 -0.9424014 0.330312 -0.0526663 -0.9424013 0.3303121 -0.04724717 -0.8454329 0.5319877 -0.04724699 -0.8454303 0.531992 -0.0394544 -0.7059909 0.7071211 -0.03945344 -0.706011 0.7071011 -0.02968609 -0.5312263 0.8467098 -0.02968692 -0.531184 0.8467363 -0.01842963 -0.3297598 0.943885 -0.01842957 -0.3297717 0.9438808 -0.00624758 -0.1117916 0.9937121 -0.00624758 -0.1117875 0.9937126 0.00624746 0.1117895 -0.9937124 0.01842945 0.3297705 -0.9438813 0.0184291 0.3297698 -0.9438816 0.02968651 0.5312057 -0.8467227 0.02968657 0.5312046 -0.8467234 0.03945457 0.7059898 -0.7071222 0.03945422 0.7059898 -0.7071222 0.04724603 0.8454114 -0.5320221 0.04724591 0.8454111 -0.5320224 0.0526669 0.9424149 -0.3302735 0.05266827 0.9424187 -0.3302623 0.05544781 0.9921585 -0.1120139 0.05545014 0.9921622 -0.1119793 0.006247341 0.1117904 -0.9937122 -0.006247758 -0.1117954 -0.9937117 -0.00624758 -0.1117941 -0.9937118 -0.01842838 -0.3297569 -0.9438861 -0.0184285 -0.3297567 -0.9438862 -0.02968782 -0.5312258 -0.84671 -0.02968752 -0.5312255 -0.8467102 -0.03945422 -0.7059894 -0.7071226 -0.03945446 -0.7059891 -0.7071228 -0.04724496 -0.8453917 -0.5320535 -0.04724925 -0.8454167 -0.5320132 -0.05267149 -0.942428 -0.3302353 -0.05266773 -0.9424147 -0.3302738 -0.05544763 -0.9921587 -0.1120127 -0.05545014 -0.9921622 -0.1119801 -0.006247639 -0.1117953 0.9937117 -0.0184285 -0.3297566 0.9438861 -0.01842856 -0.329757 0.943886 -0.02968758 -0.5312235 0.8467115 -0.02968734 -0.5312235 0.8467115 -0.03945434 -0.7059894 0.7071227 -0.0394544 -0.7059893 0.7071228 -0.04724639 -0.8454168 0.5320134 -0.04724812 -0.8453915 0.5320534 -0.05267053 -0.9424148 0.3302729 -0.05266851 -0.9424285 0.3302342 -0.05544799 -0.9921623 0.1119802 -0.05545002 -0.9921585 0.1120126 -0.006247818 -0.1117943 0.9937118 0.00624758 0.1117894 0.9937123 0.006247341 0.1117905 0.9937123 0.01842927 0.3297702 0.9438814 0.01842927 0.3297702 0.9438814 0.02968668 0.531203 0.8467243 0.02968621 0.5312035 0.846724 0.0394541 0.7059898 0.7071222 0.03945463 0.7059895 0.7071225 0.04724586 0.8454117 0.5320217 0.04724627 0.845411 0.5320228 0.05266726 0.9424191 0.3302614 0.05266779 0.9424149 0.3302732 0.05544781 0.9921622 0.1119818 0.05544978 0.9921587 0.1120114 0.05544734 0.9921637 0.1119688 0.05266636 0.9424007 0.3303138 0.05266618 0.9424007 0.3303138 0.04724735 0.8454364 0.5319822 0.0472477 0.8454312 0.5319904 0.03945493 0.7059901 0.7071218 0.03945487 0.7059893 0.7071227 0.02968657 0.5312001 0.8467262 0.02968651 0.5312058 0.8467226 0.01842945 0.329774 0.9438801 0.01842951 0.3297702 0.9438814 0.006247282 0.1117865 0.9937127 0.006247341 0.1117828 0.9937131 0.05544722 0.9921634 0.1119707 0.05544728 0.9921637 -0.1119685 0.05544734 0.9921634 -0.1119703 0.05266624 0.9424006 -0.330314 0.05266612 0.9423995 -0.3303174 0.04724705 0.8454317 -0.5319896 0.047248 0.8454357 -0.5319831 0.03945505 0.705993 -0.707119 0.03945499 0.7059923 -0.7071197 0.02968692 0.5312057 -0.8467227 0.02968615 0.5312 -0.8467262 0.01842921 0.3297705 -0.9438813 0.01842981 0.3297737 -0.9438802 0.006246924 0.1117804 -0.9937134 0.006247401 0.1117835 -0.993713 -0.05544418 -0.9921581 -0.1120195 -0.05266433 -0.9424146 -0.3302745 -0.05266869 -0.9424302 -0.3302293 -0.04724699 -0.8454177 -0.532012 -0.04724234 -0.845391 -0.5320547 -0.03945249 -0.7059938 -0.7071183 -0.03945243 -0.7059915 -0.7071206 -0.02968579 -0.5312207 -0.8467134 -0.02968567 -0.5312195 -0.846714 -0.01842689 -0.3297466 -0.9438897 -0.01842874 -0.3297607 -0.9438847 -0.006247282 -0.1117888 -0.9937124 -0.006247937 -0.111794 -0.9937118 -0.05545097 -0.9921684 -0.1119252 -0.05545037 -0.9921581 0.1120168 -0.05544465 -0.9921682 0.1119301 -0.05266529 -0.9424324 0.3302236 -0.05266767 -0.9424135 0.3302775 -0.04724562 -0.8453927 0.532052 -0.04724377 -0.8454164 0.5320143 -0.03945237 -0.7059915 0.7071207 -0.03945225 -0.7059888 0.7071233 -0.02968579 -0.53122 0.8467137 -0.02968573 -0.5312205 0.8467135 -0.01842772 -0.3297607 0.9438847 -0.0184279 -0.3297466 0.9438896 -0.006247758 -0.1117964 0.9937115 -0.006247818 -0.1117917 0.9937121 0.006247818 0.111795 -0.9937117 0.0184288 0.3297656 -0.943883 0.01842927 0.329765 -0.9438832 0.02968591 0.5312018 -0.8467252 0.02968651 0.5312003 -0.8467261 0.03945481 0.7059926 -0.7071195 0.03945422 0.7059929 -0.7071192 0.04724591 0.8454114 -0.5320221 0.04724603 0.8454111 -0.5320224 0.05266714 0.9424149 -0.3302735 0.05266785 0.9424187 -0.3302623 0.05544769 0.9921585 -0.1120139 0.05545026 0.9921622 -0.1119793 0.006247878 0.111796 -0.9937116 -0.006248176 -0.1118009 -0.993711 -0.006248116 -0.1117998 -0.9937111 -0.01842832 -0.3297521 -0.9438877 -0.01842802 -0.3297516 -0.943888 -0.02968734 -0.5312215 -0.8467128 -0.02968764 -0.5312216 -0.8467128 -0.03945499 -0.7059924 -0.7071197 -0.03945392 -0.7059919 -0.7071202 -0.04724472 -0.8453917 -0.5320535 -0.04724949 -0.8454167 -0.5320132 -0.05267131 -0.942428 -0.3302353 -0.05266785 -0.9424147 -0.3302738 -0.05544775 -0.9921587 -0.1120127 -0.05545026 -0.9921622 -0.1119801 -0.00624752 -0.1117899 0.9937123 -0.01842838 -0.3297566 0.9438861 -0.0296877 -0.5312255 0.8467102 -0.02968764 -0.5312258 0.84671 -0.03945446 -0.7059921 0.70712 -0.03945457 -0.7059922 0.7071197 -0.04724621 -0.8454153 0.5320158 -0.04724788 -0.84539 0.5320559 -0.05267053 -0.9424144 0.3302742 -0.05266863 -0.9424283 0.3302348 -0.05544805 -0.9921624 0.1119796 -0.0554499 -0.9921586 0.112012 -0.00624746 -0.1117888 0.9937124 0.006247162 0.1117839 0.993713 0.006247103 0.1117851 0.9937128 0.02968651 0.5312047 0.8467234 0.02968657 0.5312058 0.8467226 0.03945451 0.7059928 0.7071192 0.03945451 0.7059923 0.7071198 0.04724591 0.8454101 0.5320241 0.04724591 0.8454097 0.5320247 0.05266726 0.9424187 0.3302624 0.05266761 0.9424147 0.3302739 0.05544805 0.9921622 0.1119813 0.05544984 0.9921587 0.1120107 -0.9984408 0.05582201 1.32021e-4 -0.9984423 0.05579543 -4.05045e-5 -0.9984421 0.05579888 -3.63146e-6 -0.9984419 0.05580127 1.37956e-5 -0.9984421 0.05579835 -6.42635e-6 -0.9984417 0.05580532 1.60929e-5 -0.9984421 0.05579793 -5.15545e-6 -0.9984421 0.0557971 -1.96954e-6 -0.9984419 0.05580079 4.46762e-6 -0.9984422 0.05579602 -1.47117e-5 -0.998442 0.05579972 2.12486e-6 -0.9984419 0.05580109 3.75467e-6 -0.9984422 0.05579799 -3.17338e-7 -0.9984419 0.05580192 3.55259e-6 -0.9984419 0.05580186 7.28944e-6 -0.9984422 0.05579537 -7.74044e-6 -0.998442 0.05579942 0 -0.9984422 0.05579751 5.23501e-6 -0.9984417 0.05580544 -5.42727e-6 -0.9984423 0.055794 2.55967e-6 -0.9984421 0.05579698 0 -0.9984416 0.05580574 -1.7488e-6 -0.9984419 0.05580097 -1.2487e-6 -0.9984424 0.05579257 4.82183e-6 -0.9984423 0.05579459 2.70772e-6 -0.9984419 0.05580186 3.41972e-7 -0.9984419 0.0558021 -5.2266e-6 -0.9984419 0.05580025 -3.1622e-7 -0.9984417 0.05580449 -5.98613e-6 -0.9984426 0.05578857 1.92379e-5 -0.998442 0.0557993 -1.09936e-6 -0.998442 0.05580037 -3.47731e-7 -0.9984425 0.05578929 2.84603e-6 -0.9984415 0.0558089 -8.53187e-6 -0.998443 0.05578273 2.23984e-5 -0.9984427 0.05578815 9.8321e-6 -0.9984421 0.05579853 0 -0.9984427 0.05578917 -9.83207e-6 -0.9984429 0.05578368 -2.23984e-5 -0.9984415 0.0558089 8.53187e-6 -0.9984426 0.05578845 -2.84604e-6 -0.998442 0.05580097 3.4773e-7 -0.9984422 0.05579537 7.74044e-6 -0.9984419 0.05580192 -7.28943e-6 -0.9984419 0.05580192 -3.55259e-6 -0.9984421 0.05579811 3.17338e-7 -0.998442 0.05580091 -3.75466e-6 -0.998442 0.05579978 -2.12486e-6 -0.9984422 0.05579602 1.47116e-5 -0.9984419 0.05580097 -4.46762e-6 -0.9984422 0.05579692 1.96953e-6 -0.9984421 0.05579793 5.15544e-6 -0.9984417 0.05580526 -1.6093e-5 -0.9984421 0.05579829 6.42632e-6 -0.9984419 0.05580127 -1.37956e-5 -0.998442 0.05579918 3.63153e-6 -0.9984422 0.05579537 4.05045e-5 -0.9984409 0.05582106 -1.32011e-4 -0.9984421 0.05579936 1.09936e-6 -0.9984427 0.05578881 -1.9238e-5 -0.9984418 0.05580359 5.98609e-6 -0.998442 0.05580085 3.16221e-7 -0.9984419 0.0558021 5.2266e-6 -0.9984419 0.05580186 -3.41972e-7 -0.9984423 0.055794 -2.70772e-6 -0.9984424 0.05579257 -4.82183e-6 -0.9984419 0.05580133 1.2487e-6 -0.9984416 0.05580568 1.7488e-6 -0.9984422 0.05579632 0 -0.9984423 0.05579406 -2.55967e-6 -0.9984415 0.0558089 5.42725e-6 -0.9984428 0.0557872 -5.23502e-6 -0.05579972 -0.9984421 0 -0.0557999 -0.9984421 -2.54439e-6 -0.05579894 -0.9984421 0 -0.05579894 -0.9984421 0 -0.05579972 -0.9984421 2.16463e-6 -0.0557999 -0.998442 0 -0.0394563 -0.7060044 -0.7071075 -0.03945595 -0.7060091 -0.7071028 -0.05553138 -0.9936364 -0.09799474 -0.0555309 -0.9936355 -0.09800368 -0.0533964 -0.9554364 -0.2903278 -0.05339711 -0.9554647 -0.2902345 -0.0492109 -0.8805611 -0.4713708 -0.04920822 -0.8804971 -0.4714908 -0.0431348 -0.7718212 -0.634375 -0.04313403 -0.771817 -0.6343801 -0.03945654 -0.7060075 0.7071045 -0.03945571 -0.7060061 0.7071059 -0.0555312 -0.9936399 0.09795939 -0.05553102 -0.9936344 0.09801578 -0.05339789 -0.955466 0.2902297 -0.05339568 -0.9554387 0.2903203 -0.0492084 -0.880517 0.4714536 -0.04921144 -0.8805528 0.4713865 -0.04313558 -0.7718375 0.634355 -0.04313385 -0.77181 0.6343886 0.006247282 0.1117874 -0.9937126 0.01842755 0.3297448 -0.9438903 0.01843118 0.3297807 -0.9438777 0.02969086 0.5312455 -0.8466975 0.02968597 0.5312035 -0.8467241 0.03945523 0.7060137 -0.7070984 0.03945249 0.7059882 -0.7071239 0.04724127 0.8453652 -0.532096 0.04725068 0.8454349 -0.5319843 0.05267179 0.9424343 -0.3302173 0.05266535 0.9423949 -0.3303306 0.05544644 0.992164 -0.1119663 0.05544447 0.9921614 -0.11199 0.006247043 0.1117875 -0.9937126 -0.006246685 -0.1117798 -0.9937134 -0.006247222 -0.111785 -0.9937129 -0.01842904 -0.3297591 -0.9438853 -0.01842868 -0.329754 -0.943887 -0.02968883 -0.5312333 -0.8467054 -0.02969175 -0.5312617 -0.8466873 -0.03945714 -0.7059895 -0.7071224 -0.03945702 -0.7059884 -0.7071235 -0.04724943 -0.8454149 -0.532016 -0.04724556 -0.8453862 -0.5320622 -0.05266839 -0.9424208 -0.3302562 -0.05266821 -0.9424151 -0.3302726 -0.05544853 -0.9921646 -0.1119596 -0.05544817 -0.9921612 -0.1119899 -0.006247282 -0.1117857 0.9937128 -0.01842916 -0.3297592 0.9438852 -0.01842868 -0.3297539 0.9438871 -0.02968984 -0.5312557 0.8466911 -0.0296902 -0.5312302 0.8467072 -0.03945654 -0.7059807 0.7071312 -0.03945767 -0.7059978 0.7071141 -0.04724776 -0.8453826 0.5320676 -0.04724711 -0.8454163 0.5320143 -0.05266821 -0.9424148 0.3302733 -0.05266851 -0.9424216 0.3302542 -0.05544847 -0.9921641 0.1119642 -0.05544805 -0.9921612 0.11199 -0.006247222 -0.1117905 0.9937122 0.006247341 0.111793 0.993712 0.00624752 0.1117929 0.9937119 0.01842957 0.3297787 0.9438784 0.01842933 0.329747 0.9438895 0.02968758 0.5311884 0.8467336 0.02968871 0.5312504 0.8466945 0.03945338 0.7059823 0.7071298 0.03945356 0.7060085 0.7071036 0.04724526 0.8454384 0.531979 0.04724687 0.8453676 0.5320916 0.05266994 0.9424 0.330315 0.05266702 0.9424283 0.330235 0.0554465 0.9921604 0.1119976 0.05544459 0.9921638 0.1119686 0.006247222 0.1117874 -0.9937126 0.01842749 0.3297448 -0.9438903 0.02969062 0.5312434 -0.8466988 0.02968603 0.5312016 -0.8467254 0.03945505 0.7060123 -0.7070997 0.03945219 0.7059867 -0.7071253 0.04724138 0.845366 -0.5320948 0.04725074 0.8454357 -0.5319831 0.05267179 0.942434 -0.3302181 0.05266517 0.9423946 -0.3303315 0.05544656 0.992164 -0.1119657 0.05544453 0.9921614 -0.1119894 0.006247222 0.1117875 -0.9937126 -0.006246745 -0.1117798 -0.9937134 -0.01842898 -0.3297591 -0.9438853 -0.01842886 -0.329754 -0.943887 -0.02968853 -0.5312314 -0.8467066 -0.02969163 -0.5312596 -0.8466886 -0.03945732 -0.7059881 -0.7071237 -0.03945672 -0.7059871 -0.7071248 -0.04724955 -0.8454157 -0.5320148 -0.04724562 -0.8453871 -0.5320608 -0.05266851 -0.9424206 -0.3302571 -0.05266815 -0.9424148 -0.3302735 -0.05544847 -0.9921646 -0.111959 -0.05544823 -0.9921612 -0.1119893 -0.01842904 -0.3297592 0.9438852 -0.02968996 -0.5312557 0.8466911 -0.02969002 -0.5312302 0.8467072 -0.0394566 -0.7059807 0.7071312 -0.03945761 -0.7059978 0.7071141 -0.04724764 -0.8453826 0.5320677 -0.05266821 -0.9424148 0.3302733 -0.05544835 -0.9921641 0.1119642 -0.05544817 -0.9921612 0.11199 -0.006247282 -0.1117905 0.9937122 0.00624746 0.111793 0.993712 0.00624746 0.1117929 0.9937119 0.01842945 0.3297787 0.9438784 0.02968865 0.5312504 0.8466945 0.04724538 0.8454384 0.531979 0.04724681 0.8453676 0.5320916 0.05544638 0.9921604 0.1119976 -0.006247878 -0.1117928 0.9937119 -0.01842904 -0.3297508 0.9438882 -0.01842939 -0.3297675 0.9438823 -0.02968788 -0.5312189 0.8467143 -0.02968639 -0.5312111 0.8467193 -0.0394572 -0.7060489 0.7070631 -0.03945446 -0.7059544 0.7071576 -0.04724645 -0.8453748 0.5320801 -0.04724705 -0.8454164 0.5320139 -0.05266869 -0.9424247 0.3302451 -0.05266743 -0.9424351 0.3302157 -0.05544644 -0.9921606 0.1119968 -0.05544966 -0.9921514 0.1120755 -0.006247878 -0.1117929 0.9937119 0.006246566 0.1117699 0.9937146 0.006247818 0.1117978 0.9937114 0.01842892 0.3297669 0.9438825 0.01843082 0.3297808 0.9438777 0.02968806 0.5312051 0.8467231 0.02968841 0.5312111 0.8467192 0.03945571 0.7059769 0.707135 0.03945809 0.7060407 0.7070712 0.04724287 0.8453392 0.5321371 0.04724681 0.8454361 0.5319827 0.0526669 0.9424266 0.3302401 0.05266743 0.942435 0.3302156 0.05544644 0.992161 0.1119931 0.0554499 0.9921563 0.1120327 0.006246685 0.1117778 -0.9937137 0.01842731 0.3297418 -0.9438913 0.01843243 0.3298077 -0.9438682 0.02968859 0.5312139 -0.8467174 0.02968853 0.5312132 -0.8467179 0.03945732 0.7060055 -0.7071065 0.0394569 0.7060204 -0.7070915 0.04724425 0.8453612 -0.532102 0.0472455 0.8454158 -0.532015 0.05266737 0.9424322 -0.3302237 0.05266666 0.9424219 -0.3302533 0.05544579 0.9921509 -0.1120821 0.05545014 0.9921659 -0.1119471 0.006247103 0.1117778 -0.9937136 -0.006247758 -0.1117898 -0.9937123 -0.00624752 -0.1117874 -0.9937126 -0.01843011 -0.3297671 -0.9438825 -0.01842868 -0.3297541 -0.943887 -0.02969026 -0.5312605 -0.8466881 -0.02968436 -0.5311742 -0.8467426 -0.03945362 -0.7059848 -0.7071272 -0.03945821 -0.7060207 -0.7070911 -0.04724723 -0.8453893 -0.5320572 -0.04724609 -0.8453963 -0.5320461 -0.05266892 -0.9424289 -0.330233 -0.05266684 -0.9424219 -0.3302534 -0.05544608 -0.9921557 -0.1120399 -0.0554496 -0.9921563 -0.1120328 -0.006247937 -0.1117928 0.9937119 -0.01842916 -0.3297508 0.9438882 -0.02968645 -0.5312111 0.8467193 -0.03945714 -0.7060489 0.7070631 -0.04724645 -0.8453748 0.5320801 -0.04724717 -0.8454164 0.5320139 -0.05266875 -0.9424247 0.3302451 -0.05544644 -0.9921606 0.1119968 -0.05544948 -0.9921514 0.1120755 0.006247699 0.1117978 0.9937114 0.01843076 0.3297808 0.9438777 0.02968817 0.5312051 0.8467231 0.03945577 0.7059769 0.707135 0.04724293 0.8453392 0.5321371 0.04724663 0.8454361 0.5319827 0.05266702 0.9424266 0.3302401 0.05544644 0.992161 0.1119931 0.05544978 0.9921563 0.1120327 0.01843237 0.3298077 -0.9438682 0.02968853 0.5312119 -0.8467188 0.02968841 0.5312113 -0.8467191 0.03945714 0.706004 -0.7071079 0.03945672 0.7060191 -0.707093 0.04724431 0.845362 -0.5321007 0.04724556 0.8454166 -0.5320138 0.05266737 0.9424319 -0.3302245 0.05266666 0.9424216 -0.3302541 0.05544584 0.992151 -0.1120815 0.05545032 0.992166 -0.1119465 0.006247162 0.1117778 -0.9937136 -0.006247818 -0.1117898 -0.9937123 -0.01842993 -0.3297671 -0.9438825 -0.01842886 -0.3297541 -0.943887 -0.02968984 -0.5312585 -0.8466894 -0.02968436 -0.5311722 -0.8467438 -0.03945338 -0.7059834 -0.7071287 -0.03945821 -0.7060194 -0.7070925 -0.0472474 -0.84539 -0.5320559 -0.04724615 -0.845397 -0.5320449 -0.05266892 -0.9424286 -0.3302339 -0.05266666 -0.9424216 -0.3302543 -0.05544614 -0.9921557 -0.1120393 -0.05544984 -0.9921564 -0.1120321 0.9984422 -0.05579626 2.71702e-5 0.9984418 -0.05580258 2.4561e-5 0.998442 -0.05580043 3.93637e-6 0.9984419 -0.05580252 -7.81972e-6 0.9984419 -0.05580168 -1.46247e-5 0.9984418 -0.05580312 -3.07083e-5 0.9984422 -0.05579596 1.57136e-5 0.9984422 -0.05579668 2.72678e-5 0.998442 -0.05579948 0 0.998442 -0.05579984 -1.27359e-5 0.9984419 -0.05580031 -8.4595e-6 0.998442 -0.05579978 -7.45308e-6 0.998442 -0.05579924 5.10903e-7 0.998442 -0.05579948 7.26615e-6 0.9984421 -0.05579942 -5.24046e-7 0.998442 -0.05579942 1.17698e-5 0.998442 -0.05579996 9.15397e-6 0.998442 -0.05580049 -2.60286e-5 0.9984422 -0.0557959 2.72677e-6 0.9984422 -0.05579614 2.61214e-5 0.9984419 -0.0558021 -2.17517e-5 0.9984418 -0.05580204 8.16267e-6 0.9984419 -0.05580174 1.51508e-5 0.9984419 -0.05580204 -1.88946e-5 0.998442 -0.05579954 4.60519e-6 0.9984421 -0.05579727 -2.71685e-5 0.9984422 -0.05579578 2.717e-5 0.9984418 -0.05580329 2.45613e-5 0.998442 -0.05580031 3.93637e-6 0.9984419 -0.05580317 -7.81982e-6 0.9984419 -0.05580127 -1.46248e-5 0.9984419 -0.0558021 -3.07083e-5 0.9984422 -0.05579626 1.57137e-5 0.9984421 -0.05579733 2.72678e-5 0.998442 -0.0557993 0 0.9984421 -0.05579954 -1.2736e-5 0.9984421 -0.05579984 -8.4595e-6 0.9984421 -0.05580013 -7.45306e-6 0.9984421 -0.05579876 5.10899e-7 0.998442 -0.05579966 7.26618e-6 0.998442 -0.0557993 -5.24044e-7 0.998442 -0.05579948 1.17698e-5 0.998442 -0.0557999 9.15397e-6 0.9984419 -0.05580061 -2.60286e-5 0.9984422 -0.05579578 2.72677e-6 0.9984422 -0.05579632 2.61215e-5 0.9984418 -0.05580216 -2.17517e-5 0.9984419 -0.05580192 8.16265e-6 0.9984419 -0.05580151 1.51507e-5 0.9984419 -0.05580222 -1.88947e-5 0.9984421 -0.055799 4.60515e-6 0.9984421 -0.05579829 -2.7169e-5 0.9984419 -0.05580103 9.05641e-5 0.9984421 -0.055799 -3.68402e-5 0.9984422 -0.0557965 0 0.9984422 -0.05579644 7.8197e-6 0.9984421 -0.05579894 -2.17673e-5 0.9984421 -0.055799 0 0.9984421 -0.05579817 1.06118e-5 0.9984421 -0.05579829 1.09072e-5 0.9984419 -0.05580049 -1.89297e-5 0.998442 -0.05580067 -4.24526e-6 0.9984421 -0.05579906 5.63969e-6 0.9984421 -0.05579912 -3.72656e-6 0.9984419 -0.05580103 -1.34254e-5 0.998442 -0.05580097 3.63308e-6 0.9984421 -0.05579924 1.37708e-5 0.998442 -0.05579912 3.92327e-6 0.9984419 -0.05580079 -6.10257e-6 0.998442 -0.05580031 -4.7324e-6 0.9984421 -0.05579817 1.63607e-5 0.9984421 -0.05579751 0 0.998442 -0.05579972 -1.33071e-5 0.9984421 -0.05579996 0 0.9984422 -0.05579572 2.34592e-5 0.9984423 -0.05579578 2.51928e-5 0.998442 -0.05580055 -1.22801e-5 0.9984419 -0.0558018 -9.05616e-5 0.9984419 -0.05580157 9.05649e-5 0.9984421 -0.05579674 0 0.9984422 -0.05579686 7.81976e-6 0.998442 -0.0557993 -2.17674e-5 0.998442 -0.05579918 0 0.9984421 -0.05579805 1.06119e-5 0.9984421 -0.05579799 1.09071e-5 0.9984419 -0.05580025 -1.89296e-5 0.9984419 -0.05580091 -4.24527e-6 0.9984421 -0.05579918 5.6397e-6 0.9984421 -0.05579894 -3.72655e-6 0.998442 -0.05580115 -1.34253e-5 0.998442 -0.05580103 3.63309e-6 0.998442 -0.05579912 1.37708e-5 0.998442 -0.05579924 3.92327e-6 0.9984419 -0.05580085 -6.10257e-6 0.9984421 -0.05579799 1.63607e-5 0.9984422 -0.05579775 0 0.998442 -0.05579966 -1.33071e-5 0.9984423 -0.05579584 2.34593e-5 0.998442 -0.05580079 -9.056e-5 0 0 -1 0 0 -1 0 0 1 0 0 1 -1.20845e-6 0 1 2.9776e-7 0 1 3.00668e-7 0 1 3.11263e-7 0 1 0 0 1 -5.55169e-7 0 1 -1.95805e-6 0 1 -3.36755e-7 0 1 -1.77356e-7 0 1 2.12397e-6 0 1 0 0 1 7.68983e-7 0 1 -6.34489e-7 0 1 -3.16887e-7 0 1 -1.41908e-7 0 1 0 0 1 -2.52491e-7 0 1 3.31079e-7 0 1 1.20842e-6 0 1 -1.25737e-6 0 1 -2.90613e-7 0 1 0 0 1 -1.38336e-6 0 1 1.56075e-6 0 1 -2.96345e-6 0 1 3.27698e-6 0 1 -2.08861e-6 0 1 2.65999e-7 0 1 2.77584e-7 0 1 -2.95015e-7 0 1 -4.71207e-7 0 1 1.30211e-6 0 1 4.40431e-7 0 1 1.69554e-7 0 1 -2.6277e-6 0 1 1.00634e-6 0 1 -6.62156e-7 0 -1 1.25735e-6 0 -1 0 0 -1 0 0 -1 2.12427e-6 0 -1 0 0 -1 -1.34702e-7 0 -1 3.93249e-7 0 -1 -1.56644e-6 0 -1 5.31996e-7 0 -1 0 0 -1 -2.58647e-7 0 -1 1.7029e-6 0 -1 -7.92218e-7 0 -1 -5.4194e-7 0 -1 4.22992e-7 0 -1 2.56328e-7 0 -1 -3.00465e-7 0 -1 3.43115e-7 0 -1 -1.20842e-6 0 -1 5.95513e-7 0 -1 -3.11256e-7 0 -1 3.63409e-7 0 -1 -2.52491e-7 0 -1 1.45107e-7 0 -1 -5.55168e-7 0 -1 -2.65999e-7 0 -1 -2.61076e-6 0 -1 2.88374e-6 0 -1 9.42915e-7 0 -1 -3.19243e-6 0 -1 3.41997e-6 0 -1 0 0 -1 1.76109e-6 0 -1 -2.02131e-6 0 -1 6.78216e-7 0 -1 -1.4681e-6 0 -1 1.82295e-6 0 -1 -2.35604e-7 0 -1 1.70798e-7 0 -1 -0.05579906 -0.9984421 0 0.6665497 -0.7454607 0 0.6665495 -0.7454608 0 -0.9984421 0.05579853 -1.30394e-5 -0.998442 0.05579942 9.99987e-6 -0.998442 0.05580025 1.56474e-5 -0.998442 0.0557999 -7.49986e-5 -0.9984366 0.05589646 -9.19625e-5 -0.9984434 0.05577641 1.95903e-5 -0.9984417 0.05580514 -5.62892e-6 -0.9984429 0.05578511 1.02139e-5 -0.9984415 0.05580991 -1.26054e-5 -0.9984422 0.05579715 2.48486e-6 -0.9984419 0.05580151 -2.20449e-6 -0.9984421 0.05579859 7.35872e-7 -0.9984421 0.05579727 -1.58508e-5 -0.998442 0.05579906 2.57709e-6 -0.9984418 0.05580395 7.48107e-7 -0.9984419 0.05580157 2.10223e-7 -0.9984422 0.05579727 4.21504e-7 -0.9984423 0.05579525 1.04238e-6 -0.9984417 0.05580544 -3.05393e-6 -0.9984422 0.05579578 5.30588e-6 -0.9984416 0.05580711 -1.22045e-5 -0.9984422 0.05579525 1.20995e-5 -0.9984422 0.05579549 6.70245e-6 -0.9984418 0.05580317 -2.30933e-5 -0.9984421 0.0557999 1.01352e-5 -0.998442 0.05580067 3.04381e-5 -0.998442 0.0557996 -2.5771e-6 -0.9984422 0.05579662 1.58509e-5 -0.9984421 0.05579859 -7.35872e-7 -0.9984422 0.05579602 2.20448e-6 -0.9984421 0.05579692 -2.48485e-6 -0.9984411 0.05581527 1.26055e-5 -0.9984428 0.05578482 -1.02139e-5 -0.9984418 0.0558052 5.62893e-6 -0.9984434 0.05577611 -1.95902e-5 -0.9984357 0.05591309 9.19624e-5 -0.9984419 0.05579996 -3.04384e-5 -0.9984421 0.05580002 -1.01352e-5 -0.9984419 0.05580317 2.30933e-5 -0.9984423 0.05579543 -6.70244e-6 -0.9984423 0.05579525 -1.20995e-5 -0.9984415 0.0558086 1.22045e-5 -0.9984424 0.05579429 -5.30588e-6 -0.9984418 0.05580371 3.05393e-6 -0.9984423 0.05579519 -1.04238e-6 -0.9984419 0.05580073 -4.21504e-7 -0.9984419 0.05580157 -2.10223e-7 -0.9984418 0.05580395 -7.48108e-7 -0.9984421 0.05579888 -9.99975e-6 -0.9984421 0.05579894 -3.05365e-6 -0.9984419 0.05580163 1.77527e-5 -0.9984419 0.05580103 3.13177e-6 -0.998442 0.05580097 -4.06022e-6 -0.9984419 0.05580127 1.9582e-5 -0.9984421 0.0557987 7.11809e-6 -0.998442 0.05580025 -9.32062e-7 -0.9984421 0.05579996 -2.33461e-6 -0.9984421 0.05579853 7.35498e-6 -0.9984421 0.05579805 -3.45915e-6 -0.9984421 0.05579787 0 -0.9984421 0.05579888 -5.50026e-6 -0.998442 0.05579906 0 -0.9984421 0.05579811 5.48084e-6 -0.9984421 0.05579757 3.45913e-6 -0.9984421 0.05579775 -7.35499e-6 -0.9984419 0.0557999 2.33461e-6 -0.9984421 0.05579948 -7.57665e-6 -0.9984421 0.05579888 8.94265e-7 -0.9984421 0.05579888 1.30394e-5 -0.9984419 0.05580031 -3.22964e-6 -0.9984419 0.05580168 5.41365e-6 -0.998442 0.05580085 -1.9582e-5 -0.9984421 0.05579984 1.88351e-6 -0.9984421 0.05579876 -1.04979e-5 -0.9984421 0.0557996 -1.20583e-6 -0.9984427 0.05578613 1.21102e-4 -0.998442 0.05579972 -9.98604e-6 -0.9984419 0.05580121 -2.14945e-5 -0.9984421 0.05579984 8.24314e-7 -0.9984421 0.0557996 -1.9582e-5 -0.998442 0.05579912 -3.17962e-6 -0.9984422 0.05579692 1.15229e-5 -0.9984421 0.0557971 6.44653e-6 -0.9984418 0.05580377 -2.23474e-5 -0.998442 0.05580061 5.40492e-6 -0.998442 0.05580061 5.03503e-6 -0.9984418 0.05580431 -1.52557e-5 -0.9984418 0.05580419 -5.0529e-6 -0.998442 0.05579966 1.51826e-5 -0.9984419 0.05580079 -5.9044e-6 -0.998442 0.05580115 -5.32747e-6 -0.9984421 0.05579769 1.88959e-5 -0.9984422 0.05579668 3.31403e-6 -0.998442 0.05580002 -1.08255e-5 -0.9984419 0.05580019 0 -0.9984418 0.05580252 -1.40737e-5 -0.9984421 0.05579912 1.74252e-5 -0.998442 0.05579912 1.54012e-6 -0.9984422 0.0557971 1.34204e-5 -0.9984422 0.05579698 7.87339e-6 -0.008314967 -0.1488094 -0.988831 -0.01644444 -0.2942963 -0.9555727 -0.01644861 -0.2942937 -0.9555735 -0.02421337 -0.4332123 -0.9009666 -0.02420544 -0.433197 -0.9009743 -0.03142839 -0.5624529 -0.8262319 -0.03141778 -0.562424 -0.826252 -0.03793579 -0.6791057 -0.7330597 -0.03794831 -0.6791383 -0.7330288 -0.04361742 -0.7806014 -0.6235054 -0.04364198 -0.7806138 -0.6234882 -0.04834115 -0.8646683 -0.5000121 -0.04834032 -0.8646638 -0.5000197 -0.05196046 -0.9294194 -0.3653489 -0.05194616 -0.9294068 -0.3653828 -0.05440604 -0.9734193 -0.2224746 -0.05440634 -0.9734216 -0.2224642 -0.05564868 -0.9956501 -0.07472753 -0.05563408 -0.9956494 -0.0747472 -0.008317649 -0.1488135 -0.9888303 -2.17322e-7 0 -1 0.008313059 0.1488052 -0.9888316 0.008319556 0.1488184 -0.9888296 0.01645427 0.2943121 -0.9555677 0.01645332 0.294303 -0.9555706 0.02421939 0.4332066 -0.9009692 0.02420485 0.4331861 -0.9009795 0.03142762 0.5624397 -0.8262408 0.03142762 0.5624496 -0.8262341 0.03794592 0.6791062 -0.7330586 0.03794759 0.6791235 -0.7330425 0.04361838 0.7806112 -0.623493 0.04363101 0.7806277 -0.6234715 0.04832768 0.8646626 -0.5000231 0.04831409 0.8646525 -0.500042 0.05193281 0.9294193 -0.3653529 0.05193382 0.9294255 -0.3653372 0.05439186 0.9734192 -0.2224788 0.05439138 0.9734166 -0.22249 0.05563354 0.995648 -0.07476609 0.05564898 0.9956486 -0.07474726 0.008319139 0.1488042 0.9888318 0.0164538 0.2943083 0.955569 0.0164532 0.2943022 0.9555708 0.02421748 0.4331826 0.9009808 0.0242061 0.4332093 0.9009684 0.03142702 0.5624359 0.8262435 0.03142809 0.5624502 0.8262337 0.03794705 0.6791172 0.7330484 0.03794628 0.6791078 0.7330571 0.04361939 0.7806295 0.6234702 0.04363012 0.7806142 0.6234886 0.0483269 0.8646489 0.5000469 0.04831469 0.8646644 0.5000211 0.0519334 0.9294264 0.3653349 0.0519331 0.929416 0.3653613 0.0543918 0.9734158 0.2224934 0.05439138 0.9734168 0.2224892 0.0556336 0.9956493 0.07474905 0.05564898 0.9956465 0.07477527 0.008313477 0.148823 0.9888289 3.80313e-7 0 1 -0.008317232 -0.1488115 0.9888307 -0.008315682 -0.1488152 0.9888301 -0.01644492 -0.2943039 0.9555705 -0.01644802 -0.2942842 0.9555765 -0.02421259 -0.4332005 0.9009724 -0.02420669 -0.43322 0.9009631 -0.03142666 -0.5624299 0.8262476 -0.03141969 -0.5624498 0.8262344 -0.03793704 -0.6791188 0.7330474 -0.03794699 -0.6791235 0.7330425 -0.04361873 -0.7806235 0.6234778 -0.04364091 -0.7805996 0.623506 -0.04834103 -0.864668 0.5000124 -0.04834038 -0.8646638 0.5000197 -0.05195981 -0.9294069 0.3653806 -0.05194664 -0.9294161 0.3653593 -0.05440616 -0.97342 0.2224717 -0.05440634 -0.9734218 0.2224634 -0.05564868 -0.995648 0.07475513 -0.0556342 -0.9956516 0.07471978 0.006032586 0.1079488 0.9941382 0.01199507 0.2146409 0.9766195 0.01199609 0.21463 0.9766219 0.01781845 0.3188056 0.9476527 0.01781868 0.3188046 0.9476531 0.02343195 0.4192373 0.9075744 0.02342897 0.4192399 0.9075732 0.02876693 0.5147557 0.8568542 0.02876842 0.5147492 0.8568581 0.03377014 0.6042417 0.7960852 0.03377133 0.6042257 0.7960972 0.0383768 0.6866254 0.7259979 0.03837734 0.6866381 0.7259858 0.04253172 0.7609652 0.6473972 0.0425294 0.760971 0.6473905 0.04618602 0.8263972 0.5611903 0.04618626 0.8264061 0.5611773 0.0493012 0.8821395 0.4684007 0.04930377 0.8821257 0.4684265 0.05184108 0.9275237 0.3701518 0.05183821 0.9275326 0.3701297 0.05376684 0.9620429 0.2675491 0.05376017 0.9620522 0.2675172 0.05505907 0.9852952 0.1617464 0.05506968 0.9852881 0.1617864 0.05572289 0.9969755 0.05417549 0.05571573 0.9969785 0.05412721 0.006032884 0.1079441 0.9941387 0 0 1 -0.006033122 -0.1079474 0.9941384 -0.006032288 -0.1079509 0.994138 -0.01199382 -0.2146355 0.9766207 -0.01199442 -0.2146301 0.9766218 -0.01781594 -0.318801 0.9476543 -0.01781505 -0.3188055 0.9476527 -0.02342826 -0.4192521 0.9075675 -0.02342879 -0.4192396 0.9075732 -0.02876567 -0.5147349 0.8568668 -0.02876603 -0.5147401 0.8568636 -0.03376752 -0.6042379 0.7960882 -0.03376966 -0.6042348 0.7960905 -0.03837341 -0.6866108 0.7260118 -0.03836977 -0.6866374 0.7259868 -0.0425238 -0.7609747 0.6473865 -0.04252654 -0.7609727 0.6473887 -0.04618269 -0.8263966 0.5611915 -0.04618573 -0.8263967 0.5611911 -0.04930102 -0.8821398 0.4684002 -0.04929566 -0.8821604 0.4683622 -0.05183005 -0.9275144 0.3701766 -0.05182659 -0.9275122 0.3701826 -0.05375665 -0.9620553 0.2675071 -0.05376315 -0.9620414 0.2675552 -0.05506265 -0.9852946 0.1617487 -0.05506241 -0.9852885 0.1617868 -0.05571573 -0.9969794 0.05411148 -0.05571562 -0.9969785 0.05412709 -0.00603199 -0.107944 -0.9941388 -0.0119934 -0.2146286 -0.9766221 -0.01199465 -0.2146344 -0.9766208 -0.01781618 -0.3188064 -0.9476525 -0.01781475 -0.3188002 -0.9476546 -0.02342718 -0.419238 -0.9075741 -0.02342975 -0.419254 -0.9075667 -0.02876585 -0.5147391 -0.8568642 -0.02876549 -0.5147309 -0.8568692 -0.03376698 -0.6042284 -0.7960954 -0.03377008 -0.6042449 -0.7960829 -0.03837496 -0.6866363 -0.7259877 -0.0383681 -0.6866077 -0.726015 -0.04252356 -0.7609718 -0.64739 -0.04252642 -0.7609729 -0.6473885 -0.04618203 -0.8263856 -0.5612078 -0.0461862 -0.8264061 -0.5611773 -0.04930239 -0.8821623 -0.4683578 -0.04929471 -0.8821437 -0.4683937 -0.05183053 -0.927522 -0.3701576 -0.05182611 -0.9275056 -0.3701995 -0.05375605 -0.9620443 -0.2675467 -0.05376404 -0.9620574 -0.2674979 -0.05506253 -0.9852931 -0.1617584 -0.05506259 -0.9852917 -0.1617665 -0.05571573 -0.9969791 -0.05411624 -0.05571562 -0.9969785 -0.05412703 -0.006032943 -0.1079483 -0.9941383 0 0 -1 0.006032824 0.107945 -0.9941387 0.006032288 0.1079417 -0.994139 0.01199465 0.2146332 -0.9766211 0.01199603 0.2146343 -0.9766209 0.0178188 0.3188067 -0.9476523 0.01781857 0.318806 -0.9476526 0.02343273 0.4192497 -0.9075686 0.02342826 0.4192312 -0.9075772 0.02876663 0.5147508 -0.8568571 0.02876889 0.5147582 -0.8568526 0.03376954 0.6042343 -0.7960909 0.03377181 0.6042354 -0.7960899 0.03837734 0.6866346 -0.7259891 0.0383768 0.6866286 -0.7259947 0.04253232 0.7609754 -0.6473851 0.04252886 0.7609608 -0.6474024 0.04618632 0.826403 -0.5611817 0.04618579 0.8263958 -0.5611926 0.04930043 0.8821263 -0.4684258 0.0493046 0.8821427 -0.4683945 0.05184161 0.927532 -0.370131 0.05183774 0.9275259 -0.3701468 0.05376744 0.9620538 -0.2675101 0.05375957 0.9620416 -0.2675552 0.05505847 0.9852854 -0.1618068 0.05507022 0.9852979 -0.1617262 0.05572301 0.9969773 -0.05414217 0.05571568 0.9969775 -0.05414766 0.0557996 0.9984421 0 -0.6665484 0.7454618 0 -0.6665482 0.745462 0 -0.4341418 0.9008446 0 -0.5322815 0.8465675 0 -0.5322798 0.8465685 0 -0.6236999 0.781664 0 -0.6236981 0.7816654 0 -0.4341431 0.900844 0 -0.3305006 0.9438058 0 -0.3305028 0.943805 0 -0.222798 0.9748646 0 -0.2227988 0.9748645 0 -0.1122279 0.9936825 0 -0.1122283 0.9936825 0 -2.79048e-4 1 0 -2.79047e-4 1 0 0.7454611 0.6665493 0 0.7454611 0.6665492 0 0.3300198 0.943974 0 0.2222502 0.9749897 0 0.2222502 0.9749897 0 0.1116991 0.9937422 0 0.1116994 0.9937421 0 0.3300187 0.9439744 0 0.4336609 0.9010762 0 0.4336608 0.9010762 0 0.5317914 0.8468754 0 0.5317898 0.8468765 0 0.6232819 0.7819973 0 0.6232802 0.7819988 0 0.7069092 0.7073044 0 -0.9439763 0.3300135 0 -0.9749876 0.2222594 0 -0.9749892 0.2222525 0 -0.9937433 0.1116892 0 -0.9937425 0.1116964 0 -0.943974 0.33002 0 -0.9010835 0.4336457 0 -0.9010864 0.4336398 0 -0.8468683 0.5318028 0 -0.8468682 0.5318028 0 -0.7819957 0.6232839 0 -0.7819991 0.6232796 0 -0.7819991 0.6232796 0 -0.7819957 0.6232841 0 -0.7073155 0.7068981 0 -0.7073082 0.7069054 0 0.9984421 -0.05579942 7.22603e-6 0.998442 -0.05579954 -7.22605e-6 0.9984438 -0.05576831 1.96133e-5 0.9984408 -0.05582243 -1.60373e-5 0.9984419 -0.05580186 -6.77321e-6 0.9984416 -0.05580717 -7.52026e-5 0.9984424 -0.05579447 -3.03532e-6 0.9984419 -0.05580168 6.16128e-6 0.9984418 -0.05580431 2.49324e-6 0.9984418 -0.05580514 3.53472e-7 0.9984426 -0.05578994 -8.33184e-6 0.9984431 -0.05578082 3.03534e-6 0.9984419 -0.05580168 -6.16128e-6 0.9984418 -0.05580431 -2.49324e-6 0.9984442 -0.05576074 5.02924e-7 0.9984421 -0.05579918 0 0.9984421 -0.05579721 -2.40531e-6 0.9984422 -0.0557971 -2.07345e-6 0.9984422 -0.05579632 -7.60507e-7 0.9984415 -0.05580765 2.74348e-6 0.9984416 -0.05580639 -1.15749e-5 0.9984452 -0.05574274 8.91867e-5 0.9984413 -0.05581218 -6.41798e-5 0.9984427 -0.05578798 4.52899e-5 0.9984424 -0.05579298 1.19421e-6 0.9984425 -0.05579102 -1.19422e-6 0.9984427 -0.05578798 -4.52898e-5 0.9984412 -0.05581498 6.4179e-5 0.9984446 -0.05575394 -8.91888e-5 0.9984417 -0.05580502 1.15749e-5 0.9984421 -0.05579882 -3.73428e-6 0.9984421 -0.05579894 -1.79544e-7 0.9984415 -0.05581033 1.60374e-5 0.9984438 -0.05576831 -1.96133e-5 0.998443 -0.05578112 -3.0616e-6 0.998439 -0.05585306 2.19504e-4 0.9984426 -0.05578994 -5.64527e-5 0.9984417 -0.0558061 1.38261e-5 0.9984418 -0.05580431 2.32944e-5 0.9984421 -0.05579936 1.45214e-6 0.9984422 -0.05579692 5.12127e-6 0.9984419 -0.05580049 -6.75511e-6 0.9984421 -0.05579894 -1.74457e-6 0.9984418 -0.05580395 2.14401e-5 0.998442 -0.05579996 2.62898e-6 0.9984423 -0.05579501 -9.94752e-6 0.998442 -0.05580079 2.7108e-6 0.9984424 -0.05579417 -8.66122e-6 0.9984416 -0.05580633 1.05271e-5 0.9984422 -0.05579602 -8.50662e-6 0.9984419 -0.05580061 4.96672e-6 0.998442 -0.0557996 3.72311e-6 0.9984435 -0.05577313 -5.12311e-5 0.9984406 -0.05582642 2.85866e-5 0.9984422 -0.05579757 1.15948e-6 0.9984423 -0.05579513 -6.12688e-6 0.9984421 -0.05579924 1.33728e-6 0.9984422 -0.05579638 -6.09694e-6 0.9984419 -0.05580246 7.23783e-6 0.9984425 -0.05579113 -2.32689e-6 0.9984406 -0.05582672 1.85928e-5 0.9984408 -0.05582118 -1.69491e-5 0.998446 -0.05572736 -3.25817e-4 0.9984418 -0.0558024 1.1607e-5 0.9984427 -0.05578881 -1.98657e-5 0.9984375 -0.05587983 4.24088e-4 0.9984413 -0.05581325 2.32588e-5 0.9984424 -0.05579441 -9.48545e-6 0.9984354 -0.05591773 1.1369e-4 0.9984388 -0.05585771 -1.42822e-5 0.9984421 -0.05579841 2.69187e-7 0.9984397 -0.05584037 -1.91046e-5 0.9984434 -0.0557751 1.73537e-5 0.9984413 -0.05581289 -1.22324e-5 0.9984433 -0.05577749 1.4919e-5 0.9984417 -0.05580538 -6.52512e-7 0.9984421 -0.05579924 -3.92443e-7 0.9984421 -0.05579888 3.765e-6 0.9984421 -0.05579847 1.79544e-7 0.9984436 -0.05577135 -1.60395e-5 0.9984422 -0.05579501 -1.14542e-5 0.9984419 -0.05579996 -1.32789e-6 0.9984409 -0.05582129 1.22663e-5 0.9984425 -0.05579 1.33786e-6 0.9984419 -0.05580091 9.07911e-7 0.9984409 -0.05581963 1.05279e-5 0.9984439 -0.05576771 -1.85769e-5 0.9984424 -0.05579328 5.87618e-7 0.9984419 -0.05580323 4.29165e-6 0.9984495 -0.05566734 -4.58619e-5 0.9984412 -0.05581426 -1.50865e-5 0.9984422 -0.05579477 3.50727e-6 0.9984414 -0.05581057 2.75282e-6 0.9984419 -0.05580186 1.68879e-6 0.9984422 -0.05579704 1.40372e-6 0.9984362 -0.05590438 8.97438e-6 0.9984424 -0.05579257 2.97529e-6 0.9984422 -0.05579632 7.51446e-7 0.9984412 -0.05581331 -3.42544e-6 0.9984425 -0.05579119 1.58283e-6 0.9984422 -0.05579566 5.0729e-6 0.9984422 -0.0557968 -2.48029e-6 0.9984421 -0.05579996 0 0.998442 -0.05580049 2.48028e-6 0.9984424 -0.05579364 -5.07291e-6 0.9984422 -0.05579614 -1.58283e-6 0.9984416 -0.05580765 3.42544e-6 0.9984421 -0.05579882 -7.51444e-7 0.9984454 -0.05573904 9.36667e-7 0.9984403 -0.05583047 -3.18625e-6 0.9984415 -0.05580765 -2.21349e-6 0.9984415 -0.05580937 -6.75375e-6 0.9984424 -0.05579286 9.40683e-7 0.9984362 -0.05590415 -8.97435e-6 0.9984421 -0.05579698 -1.40372e-6 0.9984417 -0.05580461 -1.68879e-6 0.9984413 -0.05581289 -2.75281e-6 0.9984423 -0.05579489 -3.50728e-6 0.9984412 -0.05581414 1.50865e-5 0.9984508 -0.05564141 4.58627e-5 0.9984414 -0.05581158 -4.29165e-6 0.9984431 -0.05577886 -5.87616e-7 0.9984438 -0.05576771 1.85769e-5 0.9984412 -0.05581599 -1.0528e-5 0.9984418 -0.05580425 -9.07907e-7 0.9984425 -0.05578994 -1.33786e-6 0.9984408 -0.05582129 -1.22663e-5 0.9984421 -0.0557999 1.32789e-6 0.9984423 -0.05579519 1.14543e-5 0.9984453 -0.05574202 1.60404e-5 0.9984424 -0.05579286 -9.40683e-7 0.9984416 -0.05580633 6.75373e-6 0.9984414 -0.05580991 2.21349e-6 0.9984403 -0.05583047 3.18625e-6 0.9984458 -0.05573201 -9.36664e-7 0.9984422 -0.05579674 6.75521e-6 0.9984421 -0.05579829 -5.12119e-6 0.9984419 -0.05580222 -1.45215e-6 0.9984419 -0.05580145 -2.32944e-5 0.9984417 -0.0558061 -1.38261e-5 0.9984428 -0.05578446 5.64539e-5 0.9984377 -0.05587708 -2.19481e-4 0.9984421 -0.05579924 3.92443e-7 0.9984417 -0.05580514 6.52509e-7 0.9984436 -0.05577164 -1.49191e-5 0.9984409 -0.05581951 1.22324e-5 0.998443 -0.05578267 -1.73537e-5 0.9984394 -0.05584734 1.91049e-5 0.9984421 -0.05579817 -2.69187e-7 0.9984405 -0.0558269 1.42823e-5 0.9984419 -0.0558027 -4.94708e-6 0.9984417 -0.05580544 7.53095e-5 0.9984419 -0.05580186 6.77321e-6 0.9984425 -0.05578982 8.54012e-6 0.9984456 -0.05573612 -6.55632e-6 0.9984422 -0.05579757 1.38713e-6 0.99844 -0.05583566 -6.35214e-6 0.9984424 -0.0557934 2.22279e-6 0.9984417 -0.05580514 1.55183e-6 0.998444 -0.05576455 -5.02924e-7 0.9984424 -0.05579376 2.76876e-6 0.9984428 -0.05578494 0 0.9984403 -0.05583047 0 0.9984423 -0.05579537 1.85528e-6 0.9984477 -0.05569732 -1.70113e-5 0.9984395 -0.05584573 6.35213e-6 0.9984421 -0.0557996 -1.72011e-6 0.9984425 -0.05578976 -2.85974e-6 0.9984409 -0.05581992 0 0.9984419 -0.05580097 0 0.9984431 -0.05578005 -6.03138e-6 0.9984418 -0.05580514 -3.53472e-7 0.9008562 0.4341176 0 0.8465745 0.5322703 0 0.8465713 0.5322755 0 0.7816724 0.6236892 0 0.7816725 0.6236892 0 0.9008533 0.4341236 0 0.9437902 0.3305453 0 0.9437857 0.3305583 0 0.9748701 0.2227741 0 0.9748685 0.222781 0 0.9936837 0.1122173 0 0.9936822 0.1122317 0 1 2.7684e-4 0 -0.7454613 -0.666549 0 -0.7454612 -0.6665491 0 -0.998442 0.05579918 -4.15891e-7 -0.9984422 0.05579757 -1.16348e-6 -0.9984418 0.05580347 1.17224e-6 -0.9984419 0.05580168 1.0455e-6 -0.9984425 0.05579149 0 -0.9984419 0.05580079 -1.45946e-6 -0.9984413 0.05581134 -2.07555e-6 -0.9984426 0.05578857 4.39108e-6 -0.9984419 0.05580216 -1.09568e-6 -0.998442 0.05580031 -4.84857e-6 -0.9984431 0.0557788 2.19736e-5 -0.9984375 0.05587995 -4.56273e-5 -0.9984413 0.05581343 0 -0.998442 0.05580061 7.677e-7 -0.9984428 0.05578577 2.54074e-6 -0.9984419 0.05580323 -1.69071e-6 -0.9984419 0.05580174 2.84775e-6 -0.9984419 0.05580055 -4.48865e-6 -0.9984433 0.05577617 1.05949e-5 -0.9984421 0.05579948 0 -0.9984444 0.05575573 -1.05949e-5 -0.9984402 0.05583226 4.48864e-6 -0.998443 0.05578321 -2.84775e-6 -0.9984416 0.055808 1.69071e-6 -0.9984425 0.05578988 -2.54074e-6 -0.9984424 0.0557928 -7.677e-7 -0.9984409 0.05582034 0 -0.9984499 0.05565881 -7.29449e-7 -0.9984421 0.05579799 5.87748e-7 -0.9984424 0.05579179 -2.72124e-6 -0.9984409 0.05582022 6.17523e-6 -0.998443 0.0557819 -6.44474e-7 -0.9984433 0.05577737 -1.14329e-6 -0.9984388 0.05585741 1.66055e-6 -0.998442 0.05579978 0 -0.9984425 0.05579197 1.04672e-5 -0.9984416 0.05580586 -1.26168e-5 -0.9984425 0.05579203 1.00616e-5 -0.9984418 0.05580437 -6.98738e-6 -0.9984421 0.055799 1.27727e-6 -0.9984422 0.05579787 -1.4546e-6 -0.9984422 0.05579751 6.894e-6 -0.9984419 0.0558024 -4.90002e-6 -0.9984421 0.0557993 1.18335e-6 -0.9984419 0.05580019 -6.33864e-6 -0.9984421 0.05579769 1.24729e-5 -0.9984421 0.05579948 -7.95997e-6 -0.9984421 0.05579924 8.52982e-6 -0.9984419 0.05580192 -1.57814e-5 -0.9984422 0.05579602 2.10129e-5 -0.9984419 0.05580031 1.40958e-6 -0.9984419 0.05580145 -2.81231e-5 -0.9984427 0.05578929 8.01194e-5 -0.9984409 0.05581933 -9.5003e-5 -0.9984368 0.05589348 4.56263e-5 -0.9984435 0.05577349 -2.19738e-5 -0.9984417 0.05580592 4.84856e-6 -0.9984419 0.05580222 1.09568e-6 -0.998443 0.05578249 -4.39108e-6 -0.9984416 0.05580806 2.07555e-6 -0.9984415 0.05580872 1.45946e-6 -0.9984428 0.05578678 0 -0.9984418 0.05580401 -1.0455e-6 -0.9984418 0.05580347 -1.17224e-6 -0.9984423 0.05579531 1.16348e-6 -0.998442 0.05579936 4.15891e-7 -0.9984511 0.05563753 7.29449e-7 -0.9984388 0.05585741 -1.66055e-6 -0.9984428 0.05578553 1.14329e-6 -0.9984434 0.05577558 6.44474e-7 -0.9984411 0.05581665 -6.17524e-6 -0.9984423 0.05579495 2.72124e-6 -0.9984421 0.05579799 -5.87748e-7 -0.9984413 0.05581283 9.49949e-5 -0.9984424 0.05579209 -8.01222e-5 -0.9984419 0.05580013 2.81229e-5 -0.998442 0.05580031 -1.40958e-6 -0.9984422 0.0557956 -2.1013e-5 -0.9984419 0.05580258 1.57813e-5 -0.9984421 0.05579763 -8.52985e-6 -0.9984419 0.05580019 7.95996e-6 -0.9984421 0.05579841 -1.24729e-5 -0.9984421 0.05579876 6.33864e-6 -0.9984419 0.05580031 -1.18335e-6 -0.9984419 0.05580127 4.90001e-6 -0.9984421 0.05579864 -6.89402e-6 -0.9984421 0.05579811 1.4546e-6 -0.998442 0.05580103 -1.27728e-6 -0.9984419 0.0558021 6.98737e-6 -0.9984425 0.05579173 -1.00616e-5 -0.9984416 0.05580586 1.26168e-5 -0.9984425 0.05579257 -1.04672e-5 -1 -2.76833e-4 0 -0.9936828 -0.112226 0 -0.9936828 -0.112226 0 -0.9748709 -0.2227712 0 -0.9437842 -0.3305624 0 -0.9437864 -0.3305559 0 -0.9008538 -0.4341229 0 -0.9008537 -0.4341229 0 -0.8465718 -0.5322747 0 -0.8465751 -0.5322695 0 -0.7816757 -0.6236853 0 -0.7816756 -0.6236852 0 0.7073082 -0.7069054 0 0.7073045 -0.706909 0 0.7819879 -0.6232938 0 0.781995 -0.6232848 0 0.8468725 -0.531796 0 0.8468692 -0.5318012 0 0.9010843 -0.4336442 0 0.9010871 -0.4336383 0 0.9439694 -0.330033 0 0.9439718 -0.3300265 0 0.974992 -0.2222398 0 0.974992 -0.2222398 0 0.9937418 -0.1117022 0 0.9937426 -0.1116949 0 0.05579817 0.9984421 0 0.05579811 0.9984421 0 0.03945779 0.7060053 0.7071065 0.0394572 0.7060052 0.7071067 0.04160815 0.74449 0.6663358 0.04160225 0.7444623 0.6663672 0.04550421 0.8142877 0.5786752 0.04550725 0.8143023 0.5786545 0.04883575 0.8738624 0.4837144 0.04883652 0.8738617 0.4837157 0.05155092 0.9224363 0.3826929 0.05155074 0.9224324 0.3827023 0.05361765 0.9594199 0.2768369 0.05362093 0.9594262 0.2768146 0.05501341 0.9843419 0.1674653 0.05500727 0.9843335 0.1675162 0.05570763 0.9968689 0.05611777 0.05571037 0.9968699 0.05609655 0.03945779 0.7060053 -0.7071065 0.03945732 0.7060052 -0.7071067 0.05571025 0.9968687 -0.05611801 0.05570775 0.9968701 -0.05609679 0.05500751 0.9843422 -0.1674651 0.05501294 0.9843334 -0.1675155 0.05362051 0.9594197 -0.2768368 0.05361813 0.9594264 -0.2768147 0.0515508 0.9224345 -0.3826974 0.05155086 0.9224346 -0.3826969 0.04883629 0.8738605 -0.4837178 0.04883587 0.8738619 -0.4837153 0.04550665 0.8142895 -0.5786725 0.04550504 0.8143016 -0.5786556 0.04160362 0.7444883 -0.666338 0.04160678 0.7444626 -0.6663666 0.05580151 0.9984419 0 0.05580145 0.9984419 0 0.03945553 0.7060046 -0.7071073 0.03945761 0.7060052 -0.7071067 0.05571371 0.9968713 -0.05606871 0.05571091 0.9968731 -0.05603939 0.05501019 0.9843343 -0.1675108 0.05501002 0.9843333 -0.1675167 0.05361801 0.9594261 -0.2768155 0.05361813 0.9594262 -0.2768152 0.05155074 0.9224337 -0.3826994 0.05155068 0.9224332 -0.3827006 0.04883641 0.8738635 -0.4837124 0.04883843 0.8738515 -0.483734 0.04550933 0.8142887 -0.5786734 0.04550975 0.8142915 -0.5786693 0.04160773 0.744475 -0.6663526 0.04160743 0.7444745 -0.6663532 0.03945583 0.7060046 0.7071073 0.03945749 0.7060052 0.7071066 0.04160737 0.7444759 0.6663517 0.04160785 0.7444754 0.6663522 0.04550927 0.8142898 0.5786719 0.04550969 0.8142883 0.578674 0.04883891 0.8738638 0.4837115 0.04883581 0.8738526 0.4837321 0.05155068 0.9224333 0.3827 0.05155074 0.9224329 0.382701 0.05361807 0.959426 0.2768157 0.05361807 0.9594262 0.2768151 0.05500996 0.9843336 0.1675158 0.05501013 0.9843341 0.1675123 0.05571091 0.9968714 0.05606865 0.05571377 0.996873 0.05603909 -0.9984421 0.05579936 -1.40465e-5 -0.9984415 0.05580949 1.0136e-5 -0.9984423 0.05579382 -8.55242e-6 -0.9984422 0.05579626 1.4977e-6 -0.9984419 0.05580097 0 -0.9984421 0.05579811 4.60724e-5 -0.9984416 0.05580812 -8.75363e-6 -0.9984421 0.05579799 5.11765e-6 -0.9984418 0.05580395 -1.18602e-6 -0.998442 0.05580061 0 -0.9984421 0.05579751 -1.52456e-5 -0.9984422 0.05579483 0 -0.998442 0.0557996 -3.47468e-5 -0.998442 0.05579912 -1.6693e-5 -0.9984421 0.05579721 6.2466e-7 -0.9984422 0.05579704 6.91741e-7 -0.9984419 0.05580019 6.52348e-7 -0.9984416 0.05580747 5.24165e-6 -0.9984413 0.05581098 3.76142e-6 -0.9984375 0.0558809 2.93255e-5 -0.9984464 0.0557211 -4.74115e-5 -0.9984394 0.05584728 2.67207e-5 -0.9984444 0.0557571 -1.9608e-5 -0.9984396 0.05584299 -4.1321e-5 -0.9984422 0.05579608 0 -0.998442 0.05579906 -1.95093e-7 -0.9984415 0.05581039 -6.73484e-6 -0.998442 0.05579912 -5.65777e-7 -0.9984421 0.05579888 1.02035e-6 -0.9984419 0.05580049 -3.08006e-5 -0.9984421 0.05579906 2.17606e-5 -0.9984421 0.05579847 -4.62788e-6 -0.9984421 0.05579847 -3.99998e-5 -0.9984415 0.05580961 -9.33461e-7 -0.9984421 0.05579906 2.26565e-6 -0.9984428 0.05578452 6.0231e-6 -0.9984414 0.05581063 -6.78375e-6 -0.9984422 0.05579525 2.3781e-6 -0.9984419 0.05580025 -1.13928e-6 -0.998442 0.0557996 -1.22687e-6 -0.9984419 0.05580115 1.66936e-5 -0.998442 0.05580043 4.00019e-5 -0.9984421 0.05579894 4.62792e-6 -0.9984421 0.05579859 -2.17605e-5 -0.9984421 0.055799 1.33304e-7 -0.9984418 0.0558024 0 -0.9984413 0.05581289 -1.01043e-5 -0.9984422 0.05579566 4.67597e-6 -0.9984412 0.05581408 -6.77964e-6 -0.998443 0.05578261 3.14488e-6 -0.9984406 0.05582565 -1.47709e-5 -0.9984412 0.05581295 -4.06253e-6 -0.9984421 0.05579847 0 -0.9984421 0.05579841 1.51088e-4 -0.9984422 0.0557962 -9.22122e-5 -0.9984421 0.05579936 -4.03961e-6 -0.9984421 0.05579876 -7.21528e-6 -0.9984419 0.05580168 2.42819e-5 -0.9984419 0.05580055 1.09311e-5 -0.9984421 0.05579739 3.83678e-7 -0.9984422 0.05579531 -5.2335e-6 -0.9984419 0.05580013 5.03687e-6 -0.9984428 0.05578511 -1.37856e-5 -0.9984415 0.05580914 4.6218e-6 -0.9984419 0.05580163 3.20265e-6 -0.9984415 0.05581033 5.97274e-6 -0.9984427 0.05578702 -4.26708e-6 -0.9984425 0.05579078 -3.04049e-7 -0.9984403 0.05583047 -3.25195e-6 -0.9984381 0.05586844 -2.957e-6 -0.9984427 0.05578738 5.02925e-6 -0.9984422 0.05579465 -6.97918e-7 -0.998442 0.05579912 -6.71852e-7 -0.9984421 0.05579841 4.0396e-6 -0.9984422 0.05579608 9.2212e-5 -0.998442 0.05580002 -1.51096e-4 -0.9984418 0.055803 -8.93458e-7 -0.9984416 0.05580657 -2.06484e-6 -0.9984424 0.05579423 2.08436e-6 -0.9984421 0.05579799 -3.89963e-7 -0.9984419 0.05580043 2.89809e-6 -0.9984421 0.05579835 -7.15355e-7 -0.9984422 0.05579704 2.33645e-6 -0.9984421 0.05579805 -3.15327e-6 -0.9984421 0.0557987 6.87352e-5 -0.998442 0.05579942 -2.53776e-5 -0.9984418 0.05580538 7.58721e-6 -0.998442 0.05580025 6.73867e-6 -0.9984414 0.05581021 2.14562e-5 -0.9984422 0.05579745 -7.71667e-6 -0.9984421 0.05579745 2.97816e-6 -0.9984421 0.05579864 1.38155e-5 -0.9984421 0.05579906 -1.04384e-5 -0.9984419 0.05580085 -3.3218e-6 -0.998442 0.05579954 -4.95283e-6 -0.9984416 0.05580657 2.42459e-5 -0.9984421 0.05579948 7.65253e-6 -0.998442 0.05579936 5.52681e-6 -0.9984421 0.05579864 -3.63097e-6 -0.9984422 0.05579787 -7.77083e-6 -0.9984418 0.05580365 1.11637e-5 -0.9984424 0.05579477 -5.02262e-6 -0.9984423 0.05579584 -6.07028e-6 -0.9984415 0.05580902 6.45159e-6 -0.9984424 0.05579388 0 -0.9984422 0.05579489 0 -0.9984421 0.05580008 -1.94042e-6 -0.9984418 0.05580377 -7.04013e-6 -0.9984423 0.05579423 6.24838e-6 -0.998442 0.0557999 -3.80464e-7 -0.9984421 0.05579751 -8.77651e-7 -0.998442 0.05580073 -8.62147e-6 -0.9984421 0.05579805 1.13382e-5 -0.9984423 0.05579489 -1.19644e-4 -0.9984421 0.05579835 1.26132e-6 -0.9984419 0.05580192 1.18761e-5 -0.9984425 0.05579209 -1.77085e-5 -0.9984426 0.05579036 -1.15495e-5 -0.9984432 0.05577981 -3.03405e-5 -0.9984241 0.05611801 3.95073e-4 -0.9984422 0.05579483 -4.40631e-6 -0.9984413 0.05581235 2.37818e-5 -0.9984436 0.05577284 -3.43957e-5 -0.9984421 0.05579704 -2.63538e-6 -0.998442 0.05579906 -4.92039e-6 -0.9984415 0.0558089 1.81922e-5 -0.9984411 0.05581659 9.73589e-6 -0.9984424 0.05579298 -1.26872e-5 -0.9984458 0.05573183 -4.44667e-5 -0.9984394 0.05584692 4.44476e-5 -0.9984421 0.05579775 1.90366e-6 -0.9984414 0.05581045 -3.70356e-5 -0.9984424 0.05579322 2.44435e-5 -0.9984416 0.05580657 -4.24619e-5 -0.9984423 0.05579411 1.1943e-4 -0.9984417 0.05580532 -2.17501e-5 -0.9984424 0.05579459 1.97435e-5 -0.9984423 0.05579525 2.53201e-6 -0.9984421 0.05579942 1.49386e-6 -0.9984418 0.05580389 -3.75489e-5 -0.9984427 0.05578762 7.89664e-5 -0.9984427 0.05578756 6.21866e-5 -0.9984496 0.05566263 1.75445e-4 -0.9984418 0.05580288 1.0482e-5 -0.998442 0.05580043 -1.68364e-5 -0.9984425 0.05579185 1.29214e-5 -0.9984418 0.05580312 -4.28756e-6 -0.9984412 0.05581331 -1.94309e-5 -0.9984424 0.05579441 1.11792e-5 -0.9984418 0.05580413 -1.51504e-6 -0.9984417 0.05580568 -6.44441e-6 -0.9984425 0.05579125 3.90763e-6 -0.9984448 0.05574899 1.27041e-4 -0.9984393 0.05584853 -8.1658e-5 -0.9984425 0.05578947 2.40774e-5 -0.9984416 0.05580675 -1.38476e-5 -0.9984422 0.05579668 1.29913e-6 -0.9984421 0.05579793 1.33836e-5 -0.9984424 0.05579352 5.46929e-5 -0.9984422 0.0557971 4.82964e-6 -0.9984421 0.0557993 -7.19881e-6 -0.998442 0.05579954 -6.13822e-6 -0.9984419 0.05580139 1.44251e-5 -0.9984421 0.05579894 -1.03228e-6 -0.9984422 0.05579614 -5.43724e-5 -0.9984418 0.05580437 4.15706e-5 -0.9984422 0.05579584 -9.49608e-7 -0.998443 0.05578136 -2.0676e-4 -0.9984417 0.05580514 6.80901e-5 -0.9984418 0.05580341 3.01823e-5 -0.9984424 0.05579268 -4.38318e-5 -0.9984419 0.05580151 2.24193e-5 -0.9984418 0.05580437 8.31507e-6 -0.9984422 0.05579531 -1.06023e-5 -0.9984421 0.05579912 0 -0.998442 0.05580025 -5.21432e-5 -0.998442 0.05579948 -3.11699e-6 -0.9984419 0.05580192 1.22687e-6 -0.9984421 0.05579906 1.13928e-6 -0.9984421 0.05579859 -2.37811e-6 -0.9984415 0.05580753 6.78375e-6 -0.9984429 0.05578356 -6.02311e-6 -0.9984422 0.05579632 -2.26565e-6 -0.9984413 0.05581218 9.3346e-7 -0.998442 0.05580085 6.45856e-6 -0.9984436 0.05577099 1.06031e-4 -0.9984411 0.05581593 -7.0756e-5 -0.9984416 0.05580604 -1.17512e-5 -0.9984421 0.05579835 5.40473e-5 -0.998442 0.05580019 -5.40476e-5 -0.9984418 0.05580365 -6.40167e-6 -0.9984421 0.05579888 9.28777e-6 -0.9984424 0.05579465 5.24065e-5 -0.9984419 0.05580139 -6.70372e-5 -0.9984421 0.055799 3.48855e-5 -0.9984421 0.05580008 3.21328e-6 -0.9984471 0.05570936 -9.31463e-6 -0.998442 0.05579918 1.55034e-6 -0.9984428 0.05578655 2.45861e-6 -0.9984418 0.05580431 1.88968e-6 -0.99844 0.0558356 -4.13022e-6 -0.9984417 0.05580526 1.2574e-7 -0.998442 0.05580008 1.05238e-6 -0.9984425 0.05579006 6.91612e-7 -0.998442 0.05580037 3.39998e-6 -0.9984417 0.05580615 3.09644e-6 -0.9984421 0.05579996 3.01928e-6 -0.9984444 0.0557568 -1.10872e-5 -0.998441 0.05581849 0 -0.9984419 0.05580306 -8.36197e-7 -0.9984431 0.05578166 8.60288e-5 -0.9984418 0.05580359 -3.41065e-5 -0.9984422 0.05579793 1.78834e-5 -0.9984418 0.05580431 -8.38287e-6 -0.9984413 0.05581164 -3.37261e-5 -0.9984415 0.05580937 -1.87101e-5 -0.9984426 0.05578923 3.10371e-5 -0.9984422 0.05579698 4.79329e-6 -0.9984418 0.05580437 -4.15706e-5 -0.9984422 0.05579644 -4.75221e-6 -0.998442 0.055799 3.62952e-6 -0.9984421 0.05579835 8.73534e-7 -0.998442 0.05579954 6.13822e-6 -0.9984421 0.05579978 7.19887e-6 -0.05532711 -0.9898971 0.1305477 -0.05155658 -0.9224349 0.3826957 -0.05155694 -0.9224346 0.3826962 -0.04427284 -0.7921099 0.6087708 -0.04426944 -0.7921406 0.6087311 -0.03396761 -0.6078028 0.7933613 -0.03396981 -0.6077758 0.7933818 -0.02135503 -0.3820767 0.9238839 -0.0213527 -0.3821189 0.9238665 -0.007282137 -0.1303162 0.9914457 -0.007281959 -0.1303154 0.9914459 -0.05531477 -0.9899144 0.1304218 -0.05531388 -0.989898 -0.1305472 -0.05532807 -0.9899138 -0.1304208 -0.05155652 -0.9224342 -0.3826974 -0.051557 -0.9224356 -0.3826937 -0.04427427 -0.7921378 -0.6087345 -0.04426759 -0.7921066 -0.6087754 -0.0339663 -0.6077804 -0.7933784 -0.0339716 -0.6078075 -0.7933574 -0.02135741 -0.3821175 -0.9238669 -0.02135038 -0.3820776 -0.9238836 -0.007282018 -0.1303161 -0.9914458 -0.007282078 -0.1303157 -0.9914458 0.05531567 0.9898982 -0.1305449 0.05154508 0.9224208 -0.382731 0.05154985 0.9224339 -0.3826986 0.04426842 0.7921379 -0.6087348 0.04427427 0.7921648 -0.6086993 0.03397214 0.6078364 -0.7933353 0.03396189 0.6077795 -0.7933793 0.02134895 0.382059 -0.9238913 0.02135211 0.3820763 -0.9238841 0.007283449 0.1303306 -0.9914439 0.007282614 0.1303256 -0.9914445 0.05532163 0.9899044 -0.1304948 0.05532127 0.9898976 0.1305468 0.05531615 0.9899044 0.1304966 0.05154597 0.9224368 0.3826922 0.05154901 0.9224182 0.3827367 0.04426997 0.7921677 0.6086959 0.04427301 0.79214 0.6087317 0.03396886 0.6077768 0.7933811 0.03396481 0.6078315 0.7933393 0.0213499 0.3820762 0.9238843 0.02135109 0.3820589 0.9238914 0.007283151 0.1303254 0.9914445 0.007282853 0.1303309 0.9914439 -0.05532109 -0.9899049 0.1304906 -0.05155062 -0.922438 0.3826889 -0.0515505 -0.9224387 0.3826872 -0.04426866 -0.792139 0.6087332 -0.044272 -0.7921099 0.608771 -0.03396904 -0.6077724 0.7933844 -0.03396677 -0.6078028 0.7933613 -0.02135223 -0.3820789 0.923883 -0.02135103 -0.3820982 0.923875 -0.007282316 -0.1303245 0.9914447 -0.007282316 -0.1303237 0.9914448 -0.05532109 -0.9899042 0.1304962 -0.05532115 -0.9899049 -0.1304911 -0.05532109 -0.9899044 -0.1304951 -0.05155068 -0.9224391 -0.3826861 -0.0515505 -0.9224387 -0.3826872 -0.04426687 -0.7921054 -0.6087771 -0.04427349 -0.7921369 -0.6087357 -0.03397107 -0.6078076 -0.7933573 -0.0339654 -0.607778 -0.7933803 -0.02135336 -0.3820987 -0.9238749 -0.02134984 -0.3820772 -0.9238838 -0.007282316 -0.1303235 -0.9914448 -0.007282376 -0.1303242 -0.9914447 0.0553205 0.9898973 -0.1305496 0.05155062 0.922438 -0.3826888 0.05155068 0.9224382 -0.3826887 0.04426693 0.7921038 -0.6087791 0.04426795 0.792109 -0.6087722 0.03396809 0.6078092 -0.7933564 0.03397315 0.6078367 -0.793335 0.02135622 0.3820973 -0.9238753 0.02135616 0.3820965 -0.9238758 0.007284104 0.1303248 -0.9914447 0.007281482 0.1303083 -0.9914468 0.05532711 0.9899047 -0.13049 0.05532652 0.9898967 0.1305508 0.05532109 0.9899049 0.1304906 0.05155068 0.922439 0.3826864 0.05155074 0.9224382 0.3826887 0.04426723 0.7921094 0.6087719 0.04426789 0.7921095 0.6087718 0.03396928 0.6078298 0.7933405 0.03397148 0.6078054 0.7933591 0.02135616 0.3820975 0.9238752 0.02135622 0.3820964 0.9238756 0.00728321 0.1303086 0.9914467 0.007282435 0.1303249 0.9914446 -0.007282078 -0.1303194 -0.9914454 -0.02135074 -0.3820787 -0.9238831 -0.02135354 -0.3820973 -0.9238755 -0.03396755 -0.607804 -0.7933603 -0.03396767 -0.6078045 -0.7933598 -0.04426765 -0.7921112 -0.6087696 -0.04427409 -0.7921378 -0.6087345 -0.05155658 -0.9224395 -0.3826845 -0.05154871 -0.922416 -0.3827422 -0.05532044 -0.9899048 -0.1304922 -0.05532044 -0.9899045 -0.1304947 -0.007283389 -0.1303269 -0.9914444 0.007282972 0.1303195 -0.9914453 0.007284402 0.1303269 -0.9914444 0.02135634 0.3820976 -0.9238753 0.02134919 0.3820574 -0.923892 0.03396409 0.6078036 -0.7933608 0.03396946 0.607832 -0.7933388 0.04426807 0.7921112 -0.6087694 0.04427433 0.7921377 -0.6087345 0.05155813 0.9224599 -0.3826351 0.05154311 0.9224154 -0.3827444 0.05531394 0.9898979 -0.1305475 0.0553264 0.9899121 -0.1304349 0.007283687 0.1303196 0.9914454 0.02135336 0.3820572 0.923892 0.02135181 0.3820977 0.9238752 0.03396558 0.6078342 0.7933372 0.03396761 0.6078058 0.7933589 0.04426944 0.7921361 0.6087369 0.04427218 0.7921102 0.6087705 0.05155557 0.922414 0.3827459 0.05154603 0.9224601 0.382636 0.0553146 0.9899129 0.1304339 0.05532622 0.9898973 0.1305468 0.007283389 0.1303269 0.9914444 -0.007282614 -0.1303194 0.9914453 -0.007282018 -0.1303269 0.9914444 -0.02135115 -0.3820971 0.9238755 -0.02135276 -0.3820787 0.9238831 -0.03396785 -0.6078069 0.7933581 -0.03396755 -0.6078065 0.7933584 -0.04426926 -0.7921365 0.6087365 -0.04427218 -0.7921099 0.608771 -0.05155533 -0.9224148 0.382744 -0.05154991 -0.9224395 0.3826854 -0.05532038 -0.9899048 0.1304921 -0.05532038 -0.9899048 0.1304925 -0.007281243 -0.1303158 -0.9914458 -0.02135038 -0.3820787 -0.9238831 -0.0213539 -0.3820973 -0.9238755 -0.03396791 -0.607804 -0.7933603 -0.03396731 -0.6078046 -0.7933599 -0.04426795 -0.7921111 -0.6087695 -0.04427355 -0.7921378 -0.6087345 -0.05155694 -0.9224395 -0.3826845 -0.05532008 -0.9899048 -0.1304922 -0.007283389 -0.1303235 -0.9914448 0.007282614 0.130316 -0.9914458 0.007284402 0.1303233 -0.9914448 0.02135598 0.3820975 -0.9238752 0.02134954 0.3820574 -0.923892 0.03396928 0.607832 -0.7933388 0.05155795 0.9224599 -0.3826351 0.05154329 0.9224154 -0.3827444 0.05531382 0.9898979 -0.1305475 0.05532675 0.989912 -0.1304349 0.007283508 0.130316 0.9914458 0.02135407 0.3820572 0.923892 0.02135163 0.3820977 0.9238752 0.03396588 0.6078359 0.7933359 0.03396821 0.607808 0.7933572 0.0442695 0.7921351 0.6087383 0.04427218 0.7921082 0.6087732 0.05155551 0.9224147 0.3827444 0.05154573 0.9224606 0.382635 0.05531466 0.9899129 0.1304339 0.05532592 0.9898973 0.1305468 0.00728321 0.1303233 0.9914448 -0.007282972 -0.1303158 0.9914458 -0.007282495 -0.1303235 0.9914448 -0.02135151 -0.3820971 0.9238755 -0.03396779 -0.607809 0.7933564 -0.03396821 -0.6078083 0.793357 -0.04426908 -0.792135 0.6087385 -0.04427206 -0.7921088 0.6087722 -0.05155551 -0.9224155 0.3827426 -0.05155014 -0.9224399 0.3826844 -0.0553205 -0.9899048 0.1304921 -0.003649353 -0.06530207 -0.9978589 -0.01088559 -0.1947868 -0.9807852 -0.01088434 -0.1947834 -0.9807859 -0.01793378 -0.3209319 -0.9469326 -0.01794052 -0.3209544 -0.9469248 -0.02468502 -0.4416115 -0.8968669 -0.02467811 -0.4415898 -0.8968777 -0.03099858 -0.5546906 -0.8314791 -0.03099948 -0.5546932 -0.8314774 -0.03679049 -0.6583179 -0.7518405 -0.03679537 -0.6583302 -0.7518296 -0.0419566 -0.7506759 -0.6593372 -0.04195171 -0.7506628 -0.6593524 -0.04639494 -0.8301689 -0.5555784 -0.04640054 -0.8301798 -0.5555616 -0.05005019 -0.895479 -0.4422808 -0.05004274 -0.8954671 -0.4423059 -0.052836 -0.945451 -0.3214511 -0.05283766 -0.9454534 -0.3214436 -0.05472707 -0.9792634 -0.19506 -0.05472719 -0.9792633 -0.19506 -0.05567944 -0.9963028 -0.06542658 -0.05567908 -0.9963029 -0.06542688 -0.003649353 -0.06530255 -0.9978588 0.003649532 0.06530255 -0.9978588 0.003649353 0.06530219 -0.9978589 0.01088559 0.1947868 -0.9807852 0.01088452 0.1947829 -0.980786 0.01793384 0.3209393 -0.94693 0.01793682 0.3209473 -0.9469273 0.024679 0.4415923 -0.8968765 0.02468442 0.4416089 -0.896868 0.03100609 0.5547025 -0.8314709 0.0310027 0.5546926 -0.8314777 0.03679519 0.6583289 -0.7518306 0.03679102 0.6583184 -0.7518401 0.04195165 0.7506628 -0.6593525 0.04195141 0.7506634 -0.6593516 0.04639536 0.8301806 -0.5555607 0.04639559 0.8301802 -0.5555613 0.05004495 0.8954793 -0.4422809 0.05003732 0.8954671 -0.4423065 0.05283039 0.9454513 -0.321451 0.05283188 0.9454531 -0.3214456 0.05472093 0.9792587 -0.1950846 0.05472695 0.9792632 -0.1950605 0.05567926 0.9963044 -0.06540268 0.05567348 0.9963032 -0.06542605 0.003649592 0.06530249 0.9978589 0.01088535 0.1947831 0.980786 0.01088494 0.1947866 0.9807853 0.01793462 0.3209472 0.9469273 0.01793599 0.3209393 0.9469299 0.02468025 0.4416108 0.8968672 0.02468341 0.441593 0.8968759 0.03100556 0.5546937 0.8314769 0.03100335 0.5547035 0.8314703 0.03679454 0.6583169 0.7518411 0.0367915 0.6583306 0.7518293 0.04195177 0.750663 0.6593522 0.04195141 0.7506633 0.6593519 0.04639536 0.8301807 0.5555607 0.04639554 0.8301792 0.5555628 0.05004417 0.8954671 0.4423058 0.05003809 0.89548 0.4422802 0.05283051 0.9454532 0.3214457 0.05283182 0.9454512 0.3214511 0.05472117 0.9792637 0.1950596 0.05472677 0.9792584 0.1950845 0.05567926 0.9963029 0.0654267 0.05567353 0.9963047 0.0654028 0.003649413 0.06530225 0.997859 -0.003649473 -0.06530207 0.997859 -0.003649294 -0.06530255 0.9978589 -0.01088541 -0.1947836 0.9807859 -0.0108847 -0.1947866 0.9807853 -0.01793509 -0.3209547 0.9469248 -0.0179395 -0.3209314 0.9469326 -0.02468407 -0.4415901 0.8968773 -0.02467924 -0.4416133 0.896866 -0.0309987 -0.5546935 0.8314771 -0.03099942 -0.5546922 0.8314779 -0.03679138 -0.65833 0.7518297 -0.03679442 -0.658318 0.7518402 -0.041956 -0.7506628 0.6593521 -0.04195225 -0.7506754 0.6593379 -0.04639554 -0.8301798 0.555562 -0.04639977 -0.8301678 0.5555795 -0.0500496 -0.8954669 0.4423058 -0.05004334 -0.8954799 0.4422801 -0.05283617 -0.9454531 0.3214449 -0.05283749 -0.9454512 0.3214503 -0.05472713 -0.9792634 0.19506 -0.05472719 -0.9792633 0.19506 -0.05567944 -0.9963027 0.06542795 -0.05567914 -0.9963029 0.06542593 0.002435147 0.04355621 0.9990481 0.007283687 0.1303181 0.9914456 0.007282376 0.1303209 0.9914452 0.01207673 0.2161033 0.9762959 0.01207846 0.2160986 0.9762969 0.01678156 0.3002389 0.9537165 0.01678091 0.3002395 0.9537163 0.02135521 0.3820888 0.9238789 0.02135509 0.3820908 0.9238781 0.02576649 0.4610265 0.8870123 0.02576732 0.4610272 0.887012 0.0299834 0.5364652 0.8433896 0.0299834 0.5364631 0.8433911 0.03397107 0.6078032 0.7933608 0.03396797 0.6078107 0.7933551 0.03769761 0.6745432 0.7372723 0.03769999 0.6745368 0.7372779 0.04114282 0.7361338 0.6755846 0.04114764 0.7361211 0.675598 0.04427736 0.7921074 0.6087737 0.04426336 0.7921337 0.6087405 0.04705429 0.8420838 0.5372902 0.04706472 0.8420664 0.5373166 0.04949897 0.8856237 0.461758 0.04949438 0.8856299 0.4617466 0.05155193 0.9224471 0.3826666 0.05156224 0.9224354 0.3826938 0.05322742 0.9522247 0.300724 0.05321639 0.9522345 0.3006954 0.05447608 0.9747745 0.2164421 0.05447489 0.9747751 0.2164396 0.05532026 0.9899013 0.1305194 0.05531996 0.9899014 0.1305181 0.05574411 0.9974915 0.0436272 0.0557385 0.9974926 0.04361271 0.002433776 0.0435571 0.999048 -0.002434551 -0.04355639 0.9990481 -0.002433836 -0.04355621 0.9990481 -0.007283031 -0.1303203 0.9914452 -0.007283508 -0.1303181 0.9914455 -0.01207834 -0.216103 0.9762959 -0.01207822 -0.2161029 0.9762959 -0.01678055 -0.3002344 0.953718 -0.01677906 -0.3002387 0.9537165 -0.02135336 -0.3820832 0.9238813 -0.02135306 -0.3820845 0.9238807 -0.02576524 -0.4610331 0.8870089 -0.02576547 -0.4610334 0.8870088 -0.02998048 -0.5364627 0.8433913 -0.02998048 -0.5364642 0.8433905 -0.03396815 -0.6078205 0.7933476 -0.03397428 -0.607804 0.79336 -0.03770428 -0.6745277 0.7372861 -0.03770059 -0.674536 0.7372787 -0.04114282 -0.7361245 0.6755946 -0.04113948 -0.7361315 0.6755871 -0.04426866 -0.7921238 0.608753 -0.04427707 -0.7921075 0.6087736 -0.04707002 -0.842074 0.5373042 -0.04706496 -0.8420823 0.5372918 -0.04949891 -0.8856298 0.4617464 -0.04949885 -0.8856304 0.4617453 -0.05155616 -0.9224424 0.3826775 -0.05155724 -0.9224407 0.3826814 -0.05322217 -0.9522289 0.3007119 -0.05321586 -0.9522346 0.3006949 -0.05447566 -0.9747746 0.2164418 -0.05447542 -0.9747748 0.2164404 -0.05532091 -0.9899013 0.1305186 -0.05532085 -0.9899013 0.1305185 -0.05574512 -0.9974914 0.04362839 -0.05575144 -0.9974903 0.04364728 -0.002434015 -0.04355335 -0.9990482 -0.007282912 -0.1303194 -0.9914454 -0.007283926 -0.1303212 -0.9914451 -0.01207834 -0.216103 -0.9762958 -0.01207852 -0.2161027 -0.9762959 -0.01678079 -0.300238 -0.9537168 -0.016779 -0.3002337 -0.9537181 -0.0213533 -0.3820853 -0.9238803 -0.02135306 -0.3820858 -0.9238801 -0.02576488 -0.4610331 -0.8870089 -0.02576547 -0.4610334 -0.8870088 -0.02998101 -0.5364623 -0.8433917 -0.02997982 -0.5364615 -0.8433921 -0.03396755 -0.6078059 -0.7933589 -0.03397524 -0.6078211 -0.793347 -0.03770476 -0.6745358 -0.7372786 -0.03770023 -0.6745281 -0.737286 -0.04114323 -0.7361317 -0.6755868 -0.04113906 -0.7361237 -0.6755957 -0.04426771 -0.7921096 -0.6087715 -0.04427796 -0.7921229 -0.6087536 -0.04707038 -0.8420816 -0.5372924 -0.04706454 -0.8420739 -0.5373049 -0.04949861 -0.885631 -0.4617442 -0.04949897 -0.8856298 -0.4617465 -0.05155605 -0.9224407 -0.3826815 -0.05155724 -0.9224422 -0.3826779 -0.05322247 -0.9522342 -0.300695 -0.05321562 -0.9522298 -0.3007103 -0.05447548 -0.9747748 -0.2164405 -0.05447548 -0.9747747 -0.2164407 -0.05532079 -0.9899012 -0.130519 -0.05532091 -0.9899013 -0.1305187 -0.05574506 -0.9974907 -0.04364573 -0.05575168 -0.997491 -0.04362988 -0.002433896 -0.04355323 -0.9990482 0.002433717 0.04355317 -0.9990482 0.002434551 0.04355406 -0.9990481 0.007283866 0.1303216 -0.991445 0.007282614 0.1303191 -0.9914454 0.01207792 0.2161023 -0.9762961 0.01207649 0.2160987 -0.9762969 0.01207691 0.2160997 -0.9762966 0.01207834 0.2161033 -0.9762959 0.01678079 0.3002381 -0.9537168 0.01678031 0.3002384 -0.9537167 0.02135682 0.3820922 -0.9238774 0.02135509 0.3820907 -0.9238782 0.0257669 0.4610266 -0.8870122 0.0257669 0.4610272 -0.887012 0.02998298 0.5364617 -0.843392 0.02998423 0.5364637 -0.8433906 0.03397178 0.6078123 -0.7933539 0.03396749 0.6078041 -0.7933602 0.03769689 0.6745367 -0.7372782 0.03770071 0.6745432 -0.7372721 0.04114228 0.7361223 -0.675597 0.0411486 0.7361322 -0.6755859 0.0442788 0.7921327 -0.6087407 0.04426193 0.7921089 -0.6087728 0.04705333 0.8420668 -0.537317 0.04706561 0.8420825 -0.5372914 0.04949939 0.8856301 -0.4617459 0.0494939 0.8856239 -0.4617586 0.05155116 0.9224355 -0.3826949 0.05156296 0.9224461 -0.3826677 0.05322796 0.9522342 -0.3006938 0.05321592 0.9522253 -0.3007243 0.0544762 0.9747751 -0.216439 0.05447483 0.9747744 -0.2164427 0.05532032 0.9899014 -0.1305177 0.0553199 0.9899012 -0.1305196 0.05574411 0.9974922 -0.04361164 0.0557385 0.9974918 -0.0436269 0.004863083 0.08701986 -0.9961948 0.01444178 0.2584156 -0.9659259 0.01444172 0.2584156 -0.965926 0.02358144 0.4219563 -0.9063095 0.02358138 0.4219564 -0.9063094 0.03200429 0.5726707 -0.8191606 0.03200423 0.5726705 -0.8191608 0.03945624 0.7060134 -0.7070986 0.03945547 0.7060089 -0.707103 0.04570668 0.8178687 -0.5735868 0.04571086 0.8178879 -0.573559 0.05057352 0.9048946 -0.4226207 0.05057275 0.9048911 -0.422628 0.05389952 0.9644156 -0.2588389 0.05390024 0.9644169 -0.2588335 0.05558961 0.9946444 -0.087134 0.05558967 0.9946444 -0.08713489 0.004863202 0.08702009 -0.9961948 -0.004863023 -0.08701699 -0.996195 -0.004863381 -0.08702003 -0.9961948 -0.01444315 -0.2584258 -0.9659232 -0.01444154 -0.2584155 -0.9659259 -0.0235818 -0.421969 -0.9063035 -0.02358192 -0.421969 -0.9063035 -0.0320037 -0.5726671 -0.8191632 -0.03200423 -0.5726706 -0.8191607 -0.03945535 -0.7059966 -0.7071154 -0.03945523 -0.7059971 -0.7071149 -0.04570847 -0.8178879 -0.5735592 -0.04571098 -0.8178994 -0.5735427 -0.05057269 -0.904891 -0.4226284 -0.05057024 -0.904882 -0.4226482 -0.05389791 -0.9644258 -0.2588008 -0.05389702 -0.9644234 -0.2588103 -0.05558568 -0.994641 -0.08717542 -0.05558961 -0.9946445 -0.08713364 -0.004863262 -0.08701699 0.996195 -0.01444238 -0.2584137 0.9659264 -0.01444202 -0.2584239 0.9659237 -0.02358192 -0.4219707 0.9063027 -0.02358192 -0.4219706 0.9063029 -0.03200381 -0.5726696 0.8191614 -0.03200405 -0.5726654 0.8191643 -0.03945523 -0.7059971 0.7071149 -0.03945529 -0.7059966 0.7071153 -0.04570913 -0.8179002 0.5735416 -0.04571038 -0.8178884 0.5735583 -0.05057221 -0.9048818 0.4226481 -0.05057078 -0.9048911 0.4226284 -0.05389779 -0.9644231 0.2588111 -0.05389708 -0.9644256 0.2588021 -0.0555858 -0.9946447 0.08713352 -0.05558943 -0.9946408 0.08717554 -0.004863142 -0.08701997 0.9961948 0.004863202 0.08701986 0.9961948 0.004863142 0.08702009 0.9961948 0.01444172 0.2584139 0.9659264 0.0144416 0.2584133 0.9659265 0.0235815 0.4219586 0.9063084 0.0235815 0.4219579 0.9063088 0.03200417 0.5726698 0.8191612 0.03200411 0.5726687 0.819162 0.03945606 0.7060096 0.7071024 0.03945565 0.7060129 0.707099 0.04570782 0.8178889 0.573558 0.04570978 0.8178692 0.5735859 0.0505734 0.9048916 0.422627 0.05057287 0.9048938 0.4226225 0.05389952 0.9644173 0.2588324 0.05390018 0.964415 0.2588409 0.05558967 0.9946444 0.08713459 0.05558961 0.9946445 0.08713322</float_array>
          <technique_common>
            <accessor source="#Leg_B_003-mesh-normals-array" count="2743" stride="3">
              <param name="X" type="float"/>
              <param name="Y" type="float"/>
              <param name="Z" type="float"/>
            </accessor>
          </technique_common>
        </source>
        <vertices id="Leg_B_003-mesh-vertices">
          <input semantic="POSITION" source="#Leg_B_003-mesh-positions"/>
        </vertices>
        <triangles count="2824">
          <input semantic="VERTEX" source="#Leg_B_003-mesh-vertices" offset="0"/>
          <input semantic="NORMAL" source="#Leg_B_003-mesh-normals" offset="1"/>
          <p>1 0 5 0 10 0 14 1 18 1 22 1 21 2 25 2 29 2 31 3 33 3 39 3 31 4 39 4 43 4 31 5 43 5 47 5 31 6 47 6 50 6 31 7 50 7 53 7 31 8 53 8 57 8 31 9 57 9 60 9 31 10 60 10 65 10 66 11 61 11 69 11 65 12 68 12 71 12 65 13 71 13 74 13 65 14 74 14 78 14 65 15 78 15 81 15 65 16 81 16 84 16 65 17 84 17 89 17 64 18 88 18 92 18 65 19 93 19 100 19 66 20 101 20 106 20 65 21 105 21 109 21 65 22 109 22 113 22 65 23 113 23 116 23 6 24 119 24 124 24 5 25 123 25 100 25 5 26 100 26 93 26 5 27 93 27 125 27 5 28 125 28 129 28 5 29 129 29 132 29 5 30 132 30 136 30 5 31 136 31 139 31 5 32 139 32 143 32 5 33 143 33 10 33 24 34 147 34 151 34 25 35 152 35 155 35 25 36 155 36 160 36 25 37 160 37 164 37 25 38 164 38 29 38 1 39 10 39 169 39 1 40 169 40 148 40 1 41 148 41 25 41 170 42 176 42 180 42 170 43 180 43 183 43 170 44 183 44 187 44 170 45 187 45 190 45 170 46 190 46 193 46 170 47 193 47 13 47 170 48 13 48 21 48 21 49 194 49 197 49 21 50 197 50 200 50 21 51 200 51 204 51 21 52 204 52 170 52 209 53 212 53 219 53 208 54 218 54 223 54 210 55 224 55 228 55 209 56 227 56 231 56 209 57 231 57 235 57 209 58 235 58 238 58 209 59 238 59 240 59 209 60 240 60 242 60 209 61 242 61 245 61 209 62 245 62 194 62 209 63 194 63 21 63 209 64 21 64 29 64 252 65 219 65 212 65 252 66 212 66 253 66 252 67 253 67 257 67 252 68 257 68 261 68 252 69 261 69 265 69 252 70 265 70 270 70 29 71 164 71 274 71 29 72 274 72 278 72 29 73 278 73 282 73 29 74 282 74 285 74 29 75 285 75 287 75 29 76 287 76 289 76 29 77 289 77 292 77 29 78 292 78 295 78 29 79 295 79 298 79 29 80 298 80 302 80 29 81 302 81 305 81 29 82 305 82 309 82 29 83 309 83 313 83 29 84 313 84 10 84 176 85 170 85 316 85 176 86 316 86 320 86 176 87 320 87 323 87 176 88 323 88 327 88 176 89 327 89 330 89 176 90 330 90 333 90 176 91 333 91 337 91 177 92 338 92 343 92 270 93 176 93 342 93 270 94 342 94 346 94 270 95 346 95 349 95 270 96 349 96 353 96 270 97 353 97 357 97 270 98 357 98 361 98 270 99 361 99 252 99 143 100 139 100 362 100 143 101 362 101 366 101 143 102 366 102 370 102 143 103 370 103 373 103 143 104 373 104 376 104 143 105 376 105 380 105 143 106 380 106 384 106 143 107 384 107 388 107 143 108 388 108 389 108 39 109 33 109 392 109 39 110 392 110 396 110 39 111 396 111 400 111 39 112 400 112 389 112 39 113 389 113 388 113 10 114 313 114 404 114 10 115 404 115 407 115 10 116 407 116 411 116 10 117 411 117 414 117 10 118 414 118 417 118 10 119 417 119 420 119 10 120 420 120 424 120 10 121 424 121 429 121 10 122 429 122 432 122 10 123 432 123 435 123 10 124 435 124 440 124 9 125 439 125 168 125 442 126 447 126 450 126 450 127 447 127 453 127 450 128 453 128 457 128 457 129 453 129 460 129 457 130 460 130 464 130 464 131 460 131 468 131 464 132 468 132 471 132 471 133 468 133 476 133 471 134 476 134 481 134 480 135 475 135 484 135 481 136 485 136 490 136 491 137 486 137 156 137 490 138 155 138 152 138 447 139 442 139 493 139 493 140 442 140 495 140 493 141 495 141 498 141 498 142 495 142 501 142 498 143 501 143 504 143 504 144 501 144 507 144 504 145 507 145 510 145 510 146 507 146 513 146 510 147 513 147 517 147 517 148 513 148 520 148 517 149 520 149 523 149 523 150 520 150 527 150 523 151 527 151 531 151 531 152 527 152 313 152 530 153 312 153 308 153 535 154 537 154 186 154 186 155 537 155 188 155 540 156 174 156 543 156 543 156 174 156 269 156 549 157 552 157 555 157 549 158 555 158 558 158 549 159 558 159 562 159 549 160 562 160 565 160 549 161 565 161 539 161 549 162 539 162 536 162 549 163 536 163 569 163 549 164 569 164 572 164 549 165 572 165 542 165 549 166 542 166 544 166 549 167 544 167 574 167 549 168 574 168 578 168 549 169 578 169 581 169 549 170 581 170 584 170 549 171 584 171 588 171 549 172 588 172 591 172 549 173 591 173 595 173 549 174 595 174 599 174 549 175 599 175 603 175 549 176 603 176 606 176 608 177 612 177 615 177 608 178 615 178 619 178 608 179 619 179 622 179 608 180 622 180 625 180 608 181 625 181 628 181 608 182 628 182 631 182 608 183 631 183 634 183 608 184 634 184 638 184 608 185 638 185 641 185 608 186 641 186 644 186 608 187 644 187 648 187 608 188 648 188 652 188 609 189 653 189 657 189 606 190 608 190 656 190 606 191 656 191 660 191 606 192 660 192 664 192 606 193 664 193 667 193 606 194 667 194 670 194 606 195 670 195 673 195 606 196 673 196 676 196 606 197 676 197 679 197 606 198 679 198 683 198 606 199 683 199 549 199 613 200 687 200 691 200 612 201 690 201 693 201 612 202 693 202 695 202 612 203 695 203 698 203 612 204 698 204 701 204 612 205 701 205 705 205 612 206 705 206 709 206 612 207 709 207 712 207 612 208 712 208 715 208 612 209 715 209 718 209 612 210 718 210 721 210 612 211 721 211 615 211 555 212 552 212 727 212 555 213 727 213 730 213 555 214 730 214 733 214 555 215 733 215 737 215 555 216 737 216 741 216 555 217 741 217 744 217 555 218 744 218 747 218 555 219 747 219 686 219 555 220 686 220 612 220 534 221 184 221 567 221 568 222 185 222 182 222 566 223 181 223 571 223 571 224 181 224 179 224 570 225 178 225 541 225 541 226 178 226 175 226 589 227 587 227 102 227 102 228 587 228 108 228 576 229 573 229 62 229 62 229 573 229 30 229 577 230 63 230 579 230 579 231 63 231 114 231 580 232 115 232 582 232 582 233 115 233 110 233 583 234 111 234 585 234 586 235 112 235 107 235 602 236 118 236 605 236 605 237 118 237 4 237 590 238 104 238 593 238 592 239 103 239 97 239 594 240 99 240 597 240 596 241 98 241 120 241 598 242 122 242 601 242 600 243 121 243 117 243 554 244 20 244 557 244 557 245 20 245 17 245 556 246 15 246 560 246 561 247 16 247 12 247 559 248 11 248 564 248 564 249 11 249 192 249 563 250 191 250 538 250 538 251 191 251 189 251 750 252 753 252 756 252 760 253 764 253 767 253 760 254 770 254 764 254 774 255 777 255 780 255 783 256 774 256 780 256 786 257 790 257 793 257 797 258 802 258 806 258 809 259 812 259 815 259 818 260 821 260 824 260 828 261 783 261 780 261 828 262 780 262 831 262 828 263 831 263 834 263 828 264 834 264 837 264 828 265 837 265 840 265 828 266 840 266 843 266 828 267 843 267 793 267 828 268 793 268 790 268 847 269 852 269 801 269 847 270 801 270 796 270 847 271 796 271 856 271 847 272 856 272 859 272 847 273 859 273 862 273 847 274 862 274 865 274 847 275 865 275 869 275 847 276 869 276 873 276 847 277 873 277 877 277 847 278 877 278 881 278 846 279 880 279 885 279 848 280 886 280 889 280 848 281 889 281 893 281 846 282 892 282 896 282 881 283 877 283 901 283 880 284 900 284 904 284 882 285 905 285 909 285 912 286 881 286 908 286 912 287 908 287 915 287 912 288 915 288 919 288 912 289 919 289 753 289 753 290 750 290 922 290 753 291 922 291 925 291 753 292 925 292 928 292 753 293 928 293 931 293 753 294 931 294 912 294 934 295 937 295 940 295 934 296 940 296 944 296 934 297 944 297 948 297 934 298 948 298 952 298 934 299 952 299 957 299 934 300 957 300 960 300 934 301 960 301 963 301 934 302 963 302 966 302 934 303 966 303 970 303 934 304 970 304 974 304 934 305 974 305 977 305 934 306 977 306 980 306 934 307 980 307 983 307 934 308 983 308 986 308 934 309 986 309 991 309 934 310 991 310 995 310 934 311 995 311 998 311 934 312 998 312 1001 312 934 313 1001 313 1006 313 1007 314 1002 314 1011 314 1006 315 1010 315 1014 315 1006 316 1014 316 1017 316 1006 317 1017 317 1020 317 1006 318 1020 318 1023 318 1006 319 1023 319 1026 319 1006 320 1026 320 1029 320 1006 321 1029 321 1033 321 1006 322 1033 322 1037 322 1006 323 1037 323 1041 323 1006 324 1041 324 1046 324 991 325 986 325 1049 325 991 326 1049 326 1052 326 991 327 1052 327 1055 327 991 328 1055 328 1058 328 991 329 1058 329 1061 329 991 330 1061 330 1064 330 991 331 1064 331 1067 331 991 332 1067 332 1070 332 991 333 1070 333 1074 333 991 334 1074 334 764 334 991 335 764 335 770 335 992 336 771 336 1078 336 991 337 1077 337 1081 337 991 338 1081 338 1084 338 991 339 1084 339 1087 339 1091 340 809 340 815 340 1091 341 815 341 1095 341 1092 342 1096 342 1101 342 1090 343 1100 343 990 343 1091 344 991 344 1087 344 851 345 1045 345 1105 345 852 346 1106 346 1110 346 852 347 1110 347 1113 347 956 348 1116 348 1120 348 957 349 1121 349 1125 349 957 350 1125 350 1128 350 957 351 1128 351 1131 351 957 352 1131 352 1134 352 957 353 1134 353 767 353 957 354 767 354 764 354 957 355 764 355 1137 355 957 356 1137 356 1140 356 957 357 1140 357 1143 357 957 358 1143 358 1146 358 957 359 1146 359 1149 359 957 360 1149 360 1152 360 957 361 1152 361 1155 361 957 362 1155 362 1158 362 957 363 1158 363 1161 363 957 364 1161 364 960 364 940 365 1165 365 1169 365 940 366 1169 366 1173 366 940 367 1173 367 1176 367 940 368 1176 368 1179 368 940 369 1179 369 1182 369 940 370 1182 370 1185 370 940 371 1185 371 1188 371 940 372 1188 372 1191 372 940 373 1191 373 1194 373 940 374 1194 374 1197 374 941 375 1198 375 945 375 940 376 1201 376 1165 376 1165 377 1201 377 1205 377 1165 378 1205 378 1209 378 1209 379 1205 379 750 379 1209 380 750 380 756 380 777 381 774 381 1212 381 1212 382 774 382 1217 382 1213 383 1218 383 1222 383 1223 384 1219 384 757 384 756 385 1217 385 1226 385 756 386 1226 386 1209 386 786 387 793 387 1229 387 1229 388 793 388 1232 388 1229 389 1232 389 801 389 801 390 1232 390 1235 390 801 391 1235 391 805 391 852 392 847 392 1046 392 1046 393 847 393 1239 393 1046 394 1239 394 1006 394 1005 395 1238 395 1243 395 812 396 809 396 1246 396 1246 397 809 397 1249 397 1246 398 1249 398 1252 398 1252 399 1249 399 1255 399 1255 400 1249 400 1258 400 1255 401 1258 401 1261 401 1261 402 1258 402 1264 402 1261 403 1264 403 1267 403 1267 404 1264 404 1270 404 1267 405 1270 405 1273 405 1273 406 1270 406 1276 406 1276 407 1270 407 1113 407 1276 408 1113 408 1110 408 1279 409 1282 409 1285 409 1285 410 1282 410 1121 410 1286 411 1122 411 1117 411 818 412 824 412 1289 412 1289 413 824 413 1282 413 1289 414 1282 414 1279 414 824 415 821 415 1292 415 1292 416 821 416 1295 416 1292 417 1295 417 1298 417 1298 418 1295 418 1301 418 1298 419 1301 419 1304 419 1304 420 1301 420 1307 420 1304 421 1307 421 1310 421 1304 422 1310 422 1313 422 1313 423 1310 423 1317 423 1313 424 1317 424 1322 424 1313 425 1322 425 1209 425 1208 426 1321 426 1326 426 1209 427 1327 427 1165 427 1330 428 1332 428 1338 428 1341 429 1342 429 1348 429 1342 430 1351 430 1348 430 1355 431 1358 431 1359 431 1355 432 1359 432 1362 432 1368 433 1369 433 1372 433 1378 434 1380 434 1385 434 1390 435 1393 435 1396 435 1399 436 1402 436 1405 436 1406 437 1369 437 1368 437 1406 438 1368 438 1412 438 1406 439 1412 439 1415 439 1406 440 1415 440 1418 440 1406 441 1418 441 1421 441 1406 442 1421 442 1424 442 1406 443 1424 443 1355 443 1406 444 1355 444 1362 444 1429 445 1432 445 1436 445 1427 446 1435 446 1439 446 1428 447 1440 447 1443 447 1428 448 1443 448 1447 448 1428 449 1447 449 1448 449 1428 450 1448 450 1452 450 1428 451 1452 451 1456 451 1428 452 1456 452 1459 452 1428 453 1459 453 1462 453 1428 454 1462 454 1465 454 1428 455 1465 455 1469 455 1428 456 1469 456 1384 456 1428 457 1384 457 1379 457 1428 458 1379 458 1473 458 1446 459 1477 459 1481 459 1447 460 1482 460 1486 460 1447 461 1486 461 1448 461 1492 462 1332 462 1493 462 1492 463 1493 463 1496 463 1492 464 1496 464 1478 464 1492 465 1478 465 1447 465 1332 466 1492 466 1501 466 1332 467 1501 467 1504 467 1332 468 1504 468 1507 468 1332 469 1507 469 1510 469 1332 470 1510 470 1338 470 1513 471 1518 471 1523 471 1513 472 1523 472 1527 472 1513 473 1527 473 1531 473 1513 474 1531 474 1536 474 1513 475 1536 475 1540 475 1513 476 1540 476 1543 476 1513 477 1543 477 1546 477 1513 478 1546 478 1550 478 1513 479 1550 479 1554 479 1513 480 1554 480 1557 480 1513 481 1557 481 1560 481 1513 482 1560 482 1563 482 1513 483 1563 483 1566 483 1513 484 1566 484 1571 484 1513 485 1571 485 1574 485 1513 486 1574 486 1577 486 1514 487 1578 487 1582 487 1513 488 1581 488 1587 488 1513 489 1587 489 1591 489 1518 490 1593 490 1597 490 1518 491 1597 491 1601 491 1518 492 1601 492 1605 492 1518 493 1605 493 1608 493 1518 494 1608 494 1611 494 1518 495 1611 495 1614 495 1518 496 1614 496 1618 496 1518 497 1618 497 1622 497 1518 498 1622 498 1626 498 1517 499 1625 499 1629 499 1520 500 1630 500 1524 500 1536 501 1633 501 1636 501 1536 502 1636 502 1639 502 1536 503 1639 503 1642 503 1537 504 1643 504 1352 504 1536 505 1351 505 1342 505 1536 506 1342 506 1644 506 1536 507 1644 507 1647 507 1536 508 1647 508 1650 508 1536 509 1650 509 1653 509 1536 510 1653 510 1656 510 1536 511 1656 511 1659 511 1536 512 1659 512 1663 512 1536 513 1663 513 1667 513 1536 514 1667 514 1670 514 1536 515 1670 515 1540 515 1675 516 1633 516 1536 516 1673 517 1535 517 1679 517 1676 518 1680 518 1684 518 1674 519 1683 519 1389 519 1675 520 1390 520 1396 520 1473 521 1685 521 1688 521 1474 522 1689 522 1694 522 1472 523 1693 523 1592 523 1571 524 1566 524 1700 524 1571 525 1700 525 1703 525 1571 526 1703 526 1705 526 1571 527 1705 527 1707 527 1571 528 1707 528 1710 528 1571 529 1710 529 1713 529 1571 530 1713 530 1716 530 1571 531 1716 531 1719 531 1571 532 1719 532 1722 532 1571 533 1722 533 1342 533 1571 534 1342 534 1341 534 1571 535 1341 535 1728 535 1571 536 1728 536 1731 536 1571 537 1731 537 1734 537 1571 538 1734 538 1737 538 1571 539 1737 539 1741 539 1570 540 1740 540 1745 540 1588 541 1583 541 1750 541 1586 542 1749 542 1753 542 1587 543 1754 543 1757 543 1587 544 1757 544 1759 544 1587 545 1759 545 1761 545 1587 546 1761 546 1764 546 1587 547 1764 547 1767 547 1587 548 1767 548 1770 548 1587 549 1770 549 1774 549 1587 550 1774 550 1778 550 1587 551 1778 551 1782 551 1330 552 1338 552 1786 552 1786 553 1338 553 1791 553 1786 554 1791 554 1782 554 1782 555 1791 555 1795 555 1782 556 1795 556 1587 556 1799 557 1801 557 1806 557 1806 558 1801 558 1359 558 1806 559 1359 559 1358 559 1786 560 1807 560 1330 560 1330 561 1807 561 1801 561 1329 562 1800 562 1798 562 1377 563 1813 563 1379 563 1379 564 1813 564 1816 564 1379 565 1816 565 1817 565 1817 566 1816 566 1368 566 1817 567 1368 567 1372 567 1473 568 1593 568 1428 568 1428 569 1593 569 1824 569 1593 570 1518 570 1824 570 1825 571 1519 571 1828 571 1831 572 1834 572 1837 572 1837 573 1834 573 1396 573 1837 574 1396 574 1393 574 1838 575 1841 575 1844 575 1844 576 1841 576 1847 576 1844 577 1847 577 1850 577 1850 578 1847 578 1854 578 1850 579 1854 579 1857 579 1857 580 1854 580 1834 580 1857 581 1834 581 1831 581 1688 582 1685 582 1859 582 1859 583 1685 583 1841 583 1859 584 1841 584 1838 584 1746 585 1741 585 1865 585 1865 586 1741 586 1868 586 1865 587 1868 587 1871 587 1871 588 1868 588 1874 588 1874 589 1868 589 1399 589 1874 590 1399 590 1405 590 1875 591 1878 591 1881 591 1881 592 1878 592 1884 592 1881 593 1884 593 1887 593 1887 594 1884 594 1891 594 1887 595 1891 595 1894 595 1894 596 1891 596 1402 596 1894 597 1402 597 1399 597 1896 598 1900 598 1903 598 1903 599 1900 599 1875 599 1903 600 1875 600 1881 600 1782 601 1906 601 1786 601 1786 602 1906 602 1896 602 1786 603 1896 603 1903 603 971 604 1548 604 976 604 975 605 1547 605 1545 605 975 606 1545 606 979 606 978 607 1544 607 1542 607 978 608 1542 608 982 608 981 609 1541 609 1539 609 981 610 1539 610 985 610 984 611 1538 611 1669 611 984 612 1669 612 1048 612 1047 613 1668 613 1666 613 1047 614 1666 614 1051 614 1050 615 1665 615 1662 615 1050 616 1662 616 1053 616 1549 617 972 617 1552 617 1553 618 973 618 969 618 1551 619 968 619 1556 619 1555 620 967 620 965 620 1555 621 965 621 1559 621 1558 622 964 622 962 622 1558 623 962 623 1562 623 1561 624 961 624 959 624 1561 625 959 625 1565 625 1564 626 958 626 1160 626 1564 627 1160 627 1699 627 1698 628 1159 628 1157 628 1698 629 1157 629 1702 629 1701 630 1156 630 1153 630 1701 631 1153 631 1704 631 761 632 1724 632 1136 632 1135 633 1723 633 1721 633 1135 634 1721 634 1139 634 1138 635 1720 635 1718 635 1138 636 1718 636 1142 636 1141 637 1717 637 1715 637 1141 638 1715 638 1145 638 1144 639 1714 639 1712 639 1144 640 1712 640 1148 640 1147 641 1711 641 1709 641 1147 642 1709 642 1151 642 1150 643 1708 643 1706 643 1150 644 1706 644 1154 644 1725 645 763 645 1345 645 1344 646 762 646 1073 646 1343 647 1072 647 1646 647 1645 648 1071 648 1069 648 1645 649 1069 649 1649 649 1648 650 1068 650 1066 650 1648 651 1066 651 1652 651 1651 652 1065 652 1063 652 1651 653 1063 653 1655 653 1654 654 1062 654 1060 654 1654 655 1060 655 1658 655 1657 656 1059 656 1057 656 1657 657 1057 657 1661 657 1660 658 1056 658 1054 658 1660 659 1054 659 1664 659 1253 660 1829 660 1250 660 1251 661 1830 661 1835 661 1251 662 1835 662 1244 662 1245 663 1836 663 1391 663 1245 664 1391 664 810 664 811 665 1392 665 1387 665 811 666 1387 666 813 666 814 667 1388 667 1681 667 814 668 1681 668 1093 668 1094 669 1682 669 1677 669 1094 670 1677 670 1097 670 1098 671 1678 671 1532 671 1099 672 1534 672 989 672 1829 673 1253 673 1856 673 1858 674 1254 674 1259 674 1858 675 1259 675 1851 675 1852 676 1260 676 1265 676 1852 677 1265 677 1845 677 1846 678 1266 678 1271 678 1846 679 1271 679 1839 679 1840 680 1272 680 1274 680 1840 681 1274 681 1860 681 1861 682 1275 682 1107 682 1862 683 1108 683 1690 683 1692 684 1109 684 1103 684 1691 685 1102 685 1695 685 1696 686 1104 686 1042 686 1697 687 1044 687 1596 687 1019 688 1615 688 1021 688 1022 689 1616 689 1612 689 1022 690 1612 690 1024 690 1025 691 1613 691 1609 691 1025 692 1609 692 1027 692 1028 693 1610 693 1606 693 1028 694 1606 694 1030 694 1032 695 1607 695 1603 695 1031 696 1602 696 1034 696 1035 697 1604 697 1598 697 1036 698 1599 698 1038 698 1039 699 1600 699 1594 699 1040 700 1595 700 1043 700 1615 701 1019 701 1619 701 1617 702 1018 702 1015 702 1617 703 1015 703 1620 703 1621 704 1016 704 1012 704 1621 705 1012 705 1623 705 1624 706 1013 706 1008 706 1624 707 1008 707 1627 707 1628 708 1009 708 999 708 1628 709 999 709 1521 709 1522 710 1000 710 996 710 1522 711 996 711 1525 711 1526 712 997 712 993 712 1526 713 993 713 1528 713 1529 714 994 714 987 714 1530 715 988 715 1533 715 835 716 1414 716 839 716 838 717 1413 717 1411 717 838 718 1411 718 842 718 841 719 1410 719 1367 719 841 720 1367 720 792 720 791 721 1366 721 1815 721 791 722 1815 722 1231 722 1230 723 1814 723 1812 723 1230 724 1812 724 1234 724 1233 725 1811 725 1376 725 1233 726 1376 726 804 726 803 727 1375 727 1383 727 803 728 1383 728 794 728 1414 729 835 729 1416 729 1417 730 836 730 833 730 1417 731 833 731 1420 731 1419 732 832 732 830 732 1419 733 830 733 1423 733 1422 734 829 734 779 734 1422 735 779 735 1354 735 1353 736 778 736 776 736 1353 737 776 737 1357 737 1356 738 775 738 1211 738 1356 739 1211 739 1805 739 1804 740 1210 740 1221 740 1804 741 1221 741 1797 741 1796 742 1220 742 754 742 1796 743 754 743 1328 743 874 744 1488 744 899 744 897 745 1487 745 1484 745 898 746 1485 746 903 746 902 747 1483 747 1480 747 902 748 1480 748 907 748 906 749 1479 749 1498 749 906 750 1498 750 914 750 913 751 1497 751 1495 751 913 752 1495 752 918 752 917 753 1494 753 1335 753 916 754 1334 754 752 754 751 755 1333 755 1331 755 751 756 1331 756 755 756 1489 757 876 757 1451 757 1450 758 875 758 872 758 1449 759 871 759 1455 759 1454 760 870 760 868 760 1453 761 867 761 1458 761 1457 762 866 762 864 762 1457 763 864 763 1461 763 1460 764 863 764 861 764 1460 765 861 765 1464 765 1463 766 860 766 858 766 1463 767 858 767 1468 767 1466 768 857 768 854 768 1467 769 855 769 1471 769 1470 770 853 770 795 770 1470 771 795 771 1386 771 1186 772 1755 772 1189 772 1190 773 1756 773 1751 773 1190 774 1751 774 1192 774 1193 775 1752 775 1747 775 1193 776 1747 776 1195 776 1196 777 1748 777 1579 777 1196 778 1579 778 942 778 943 779 1580 779 1575 779 943 780 1575 780 946 780 947 781 1576 781 1572 781 947 782 1572 782 949 782 950 783 1573 783 1567 783 951 784 1569 784 955 784 1755 785 1186 785 1758 785 1760 786 1187 786 1183 786 1760 787 1183 787 1762 787 1763 788 1184 788 1180 788 1763 789 1180 789 1765 789 1766 790 1181 790 1177 790 1766 791 1177 791 1768 791 1769 792 1178 792 1174 792 1769 793 1174 793 1771 793 1772 794 1175 794 1170 794 1773 795 1171 795 1775 795 1777 796 1172 796 1167 796 1776 797 1166 797 1779 797 1780 798 1168 798 1162 798 1781 799 1164 799 1785 799 1294 800 1885 800 1299 800 1300 801 1886 801 1879 801 1300 690 1879 690 1305 690 1306 802 1880 802 1876 802 1306 803 1876 803 1308 803 1309 804 1877 804 1901 804 1309 805 1901 805 1314 805 1316 806 1902 806 1898 806 1315 807 1897 807 1318 807 1319 808 1899 808 1907 808 1320 809 1908 809 1323 809 1324 810 1909 810 1783 810 1325 811 1784 811 1163 811 1885 812 1294 812 1892 812 1890 813 1293 813 819 813 1890 814 819 814 1400 814 1401 704 820 704 816 704 1401 705 816 705 1403 705 1404 815 817 815 1287 815 1404 816 1287 816 1872 816 1873 817 1288 817 1277 817 1873 818 1277 818 1869 818 1870 819 1278 819 1283 819 1870 820 1283 820 1863 820 1864 821 1284 821 1114 821 1864 822 1114 822 1742 822 1743 823 1115 823 953 823 1744 824 954 824 1568 824 1913 825 1917 825 1921 825 1912 826 1920 826 1925 826 1912 827 1925 827 1928 827 1912 828 1928 828 1931 828 1912 829 1931 829 1935 829 1912 830 1935 830 1938 830 1912 831 1938 831 1941 831 1912 832 1941 832 1944 832 1912 833 1944 833 1947 833 1912 834 1947 834 1950 834 1912 835 1950 835 1954 835 1912 836 1954 836 1957 836 1912 837 1957 837 1961 837 1912 838 1961 838 1964 838 1912 839 1964 839 1967 839 1912 840 1967 840 1970 840 1912 841 1970 841 1973 841 1977 842 1981 842 1984 842 1977 843 1984 843 1988 843 1977 844 1988 844 1992 844 1977 845 1992 845 1995 845 1977 846 1995 846 1998 846 1977 847 1998 847 2001 847 1977 848 2001 848 2004 848 1977 849 2004 849 2007 849 1977 850 2007 850 2011 850 1977 851 2011 851 2014 851 1977 852 2014 852 2018 852 1977 853 2018 853 2021 853 1977 854 2021 854 1916 854 1977 855 1916 855 1912 855 1981 856 1977 856 2024 856 1981 857 2024 857 2027 857 1981 858 2027 858 2031 858 1981 859 2031 859 2035 859 1981 860 2035 860 2039 860 1981 861 2039 861 2042 861 1981 862 2042 862 2046 862 1981 863 2046 863 2050 863 1981 864 2050 864 2054 864 1981 865 2054 865 2058 865 1981 866 2058 866 2061 866 1973 867 1970 867 2064 867 1973 868 2064 868 2068 868 1973 869 2068 869 2071 869 1973 870 2071 870 2075 870 1973 871 2075 871 2078 871 1973 872 2078 872 2081 872 1973 873 2081 873 2085 873 1973 874 2085 874 2088 874 1973 875 2088 875 2091 875 1973 876 2091 876 2095 876 1973 877 2095 877 2098 877 1973 878 2098 878 2101 878 1973 879 2101 879 2105 879 1973 880 2105 880 2108 880 1973 881 2108 881 2111 881 1974 882 2112 882 2116 882 2061 883 1973 883 2115 883 2061 884 2115 884 2120 884 2061 885 2120 885 2123 885 2061 886 2123 886 2127 886 2061 887 2127 887 2130 887 2061 888 2130 888 2133 888 2061 889 2133 889 2136 889 2061 890 2136 890 2139 890 2061 891 2139 891 2142 891 2061 892 2142 892 2145 892 2061 893 2145 893 2149 893 2061 894 2149 894 2153 894 2061 895 2153 895 2157 895 2061 896 2157 896 1981 896 35 897 32 897 2038 897 2038 898 32 898 575 898 2038 899 575 899 2041 899 2041 900 575 900 545 900 2041 901 545 901 268 901 268 902 545 902 271 902 390 903 2022 903 144 903 144 904 2022 904 1976 904 34 905 2036 905 394 905 395 906 2037 906 2034 906 393 907 2033 907 399 907 398 908 2032 908 2030 908 397 909 2028 909 402 909 403 910 2029 910 2026 910 401 911 2025 911 391 911 391 912 2025 912 2023 912 2055 913 213 913 2060 913 2060 914 213 914 211 914 2040 915 267 915 2045 915 2044 916 266 916 264 916 2043 917 262 917 2048 917 2049 918 263 918 260 918 2047 919 259 919 2053 919 2052 920 258 920 256 920 2051 921 254 921 2056 921 2057 922 255 922 214 922 2158 923 448 923 2161 923 2163 924 449 924 455 924 2162 925 454 925 2165 925 2166 926 456 926 461 926 2167 927 462 927 2169 927 2170 928 463 928 469 928 2170 929 469 929 2172 929 2173 930 470 930 477 930 2174 931 478 931 2176 931 2178 932 479 932 488 932 2177 933 487 933 2180 933 2181 934 489 934 150 934 2181 935 150 935 2184 935 448 936 2158 936 441 936 443 937 2160 937 2187 937 443 938 2187 938 496 938 497 939 2188 939 2190 939 497 940 2190 940 502 940 503 941 2191 941 2193 941 503 942 2193 942 508 942 509 943 2194 943 2196 943 509 944 2196 944 514 944 516 945 2197 945 2200 945 515 946 2199 946 521 946 522 947 2201 947 2203 947 522 948 2203 948 528 948 529 949 2204 949 2207 949 529 950 2207 950 315 950 2210 951 421 951 2212 951 2213 952 422 952 418 952 2213 953 418 953 2215 953 2216 954 419 954 415 954 2216 955 415 955 2218 955 2219 956 416 956 412 956 2219 957 412 957 2221 957 2222 958 413 958 408 958 2223 959 409 959 2225 959 2226 960 410 960 405 960 2226 961 405 961 2228 961 2229 962 406 962 314 962 2229 963 314 963 2206 963 421 964 2210 964 425 964 423 965 2208 965 2230 965 423 966 2230 966 426 966 427 967 2231 967 2233 967 428 968 2234 968 430 968 431 969 2235 969 2237 969 431 970 2237 970 433 970 434 971 2238 971 2240 971 434 972 2240 972 436 972 438 973 2241 973 2244 973 437 974 2243 974 165 974 166 975 2245 975 2247 975 167 976 2248 976 145 976 146 977 2249 977 2183 977 146 978 2183 978 149 978 2251 979 283 979 2254 979 2256 980 284 980 280 980 2255 925 279 925 2258 925 2259 981 281 981 275 981 2260 982 276 982 2262 982 2263 983 277 983 272 983 2263 984 272 984 2265 984 2266 985 273 985 161 985 2267 986 162 986 2269 986 2271 987 163 987 158 987 2270 988 157 988 2273 988 2274 989 159 989 154 989 2274 990 154 990 2277 990 283 991 2251 991 286 991 288 992 2253 992 2280 992 288 938 2280 938 290 938 291 993 2281 993 2283 993 291 994 2283 994 293 994 294 995 2284 995 2286 995 294 996 2286 996 296 996 297 997 2287 997 2289 997 297 998 2289 998 299 998 301 999 2290 999 2293 999 300 1000 2292 1000 303 1000 304 1001 2294 1001 2296 1001 304 1002 2296 1002 306 1002 307 1003 2297 1003 2300 1003 307 1004 2300 1004 311 1004 2303 951 499 951 2305 951 2306 1005 500 1005 505 1005 2306 953 505 953 2308 953 2309 1006 506 1006 511 1006 2309 1007 511 1007 2311 1007 2312 1008 512 1008 518 1008 2312 1009 518 1009 2314 1009 2315 1010 519 1010 524 1010 2316 959 525 959 2318 959 2319 1011 526 1011 532 1011 2319 961 532 961 2321 961 2322 1012 533 1012 310 1012 2322 1013 310 1013 2299 1013 499 1014 2303 1014 494 1014 492 1015 2301 1015 2323 1015 492 1016 2323 1016 444 1016 445 1017 2324 1017 2326 1017 446 968 2327 968 451 968 452 969 2328 969 2330 969 452 1018 2330 1018 458 1018 459 971 2331 971 2333 971 459 972 2333 972 465 972 467 1019 2334 1019 2337 1019 466 1020 2336 1020 472 1020 473 975 2338 975 2340 975 474 976 2341 976 482 976 483 1021 2342 1021 2276 1021 483 978 2276 978 153 978 2346 1022 363 1022 2349 1022 2350 1023 364 1023 140 1023 2350 1024 140 1024 2352 1024 2353 1025 141 1025 137 1025 2353 1026 137 1026 2355 1026 2357 1027 138 1027 134 1027 2356 1028 133 1028 2359 1028 2360 1029 135 1029 130 1029 2360 1030 130 1030 2362 1030 2364 1031 131 1031 127 1031 2363 1032 126 1032 2366 1032 2368 1033 128 1033 95 1033 2367 1034 94 1034 2370 1034 363 1035 2346 1035 367 1035 365 1036 2344 1036 2372 1036 365 1037 2372 1037 368 1037 369 1038 2373 1038 2376 1038 369 1039 2376 1039 371 1039 372 1040 2377 1040 2379 1040 372 1041 2379 1041 374 1041 375 1042 2380 1042 2382 1042 375 1043 2382 1043 377 1043 378 1044 2383 1044 2385 1044 379 1045 2386 1045 381 1045 382 1046 2387 1046 2389 1046 383 1047 2390 1047 385 1047 386 1048 2391 1048 2393 1048 387 1049 2394 1049 37 1049 2397 1050 58 1050 2400 1050 2402 1051 59 1051 55 1051 2401 1052 54 1052 2405 1052 2406 1053 56 1053 51 1053 2406 1054 51 1054 2408 1054 2409 1055 52 1055 48 1055 2409 1056 48 1056 2411 1056 2412 1057 49 1057 44 1057 2413 1058 45 1058 2415 1058 2417 1059 46 1059 41 1059 2416 1060 40 1060 2419 1060 2420 1061 42 1061 36 1061 2421 1062 38 1062 2395 1062 58 1063 2397 1063 67 1063 70 1064 2399 1064 2425 1064 70 1065 2425 1065 72 1065 73 1066 2426 1066 2428 1066 73 1067 2428 1067 75 1067 76 1068 2429 1068 2431 1068 77 1069 2432 1069 79 1069 80 1070 2433 1070 2435 1070 80 1071 2435 1071 82 1071 83 1072 2436 1072 2438 1072 83 1073 2438 1073 85 1073 87 1074 2439 1074 2442 1074 86 1075 2441 1075 90 1075 91 1076 2443 1076 2371 1076 91 1077 2371 1077 96 1077 2446 1078 334 1078 2449 1078 2450 1079 335 1079 331 1079 2450 1024 331 1024 2452 1024 2453 1025 332 1025 328 1025 2453 1080 328 1080 2455 1080 2457 1081 329 1081 325 1081 2456 1028 324 1028 2459 1028 2460 1082 326 1082 321 1082 2460 1083 321 1083 2462 1083 2464 1084 322 1084 318 1084 2463 1032 317 1032 2466 1032 2468 1085 319 1085 172 1085 2467 1086 171 1086 2470 1086 334 1035 2446 1035 339 1035 336 1036 2444 1036 2472 1036 336 1087 2472 1087 340 1087 341 1038 2473 1038 2476 1038 341 1088 2476 1088 344 1088 345 1089 2477 1089 2479 1089 345 1041 2479 1041 347 1041 348 1090 2480 1090 2482 1090 348 1043 2482 1043 350 1043 351 1091 2483 1091 2485 1091 352 1092 2486 1092 354 1092 355 1093 2487 1093 2489 1093 356 1047 2490 1047 358 1047 359 1094 2491 1094 2493 1094 360 1095 2494 1095 250 1095 2497 1050 236 1050 2500 1050 2502 1051 237 1051 233 1051 2501 1096 232 1096 2505 1096 2506 1097 234 1097 229 1097 2506 1098 229 1098 2508 1098 2509 1099 230 1099 225 1099 2509 1100 225 1100 2511 1100 2512 1101 226 1101 220 1101 2513 1102 221 1102 2515 1102 2517 1103 222 1103 216 1103 2516 1104 215 1104 2519 1104 2520 1105 217 1105 249 1105 2521 1106 251 1106 2495 1106 236 1107 2497 1107 239 1107 241 1108 2499 1108 2525 1108 241 1065 2525 1065 243 1065 244 1109 2526 1109 2528 1109 244 1110 2528 1110 246 1110 247 1111 2529 1111 2531 1111 248 1112 2532 1112 195 1112 196 1113 2533 1113 2535 1113 196 1114 2535 1114 198 1114 199 1115 2536 1115 2538 1115 199 1116 2538 1116 201 1116 203 1117 2539 1117 2542 1117 202 1118 2541 1118 205 1118 206 1119 2543 1119 2471 1119 206 1120 2471 1120 173 1120 2164 1121 2186 1121 2159 1121 2186 1122 2164 1122 2189 1122 2189 1123 2164 1123 2168 1123 2189 1124 2168 1124 2192 1124 2192 1125 2168 1125 2171 1125 2192 1126 2171 1126 2195 1126 2195 1127 2171 1127 2175 1127 2195 1128 2175 1128 2198 1128 2198 1129 2175 1129 2179 1129 2198 1130 2179 1130 2202 1130 2202 1131 2179 1131 2182 1131 2202 1132 2182 1132 2205 1132 2205 1133 2182 1133 2185 1133 2205 1134 2185 1134 2227 1134 2227 1135 2185 1135 2250 1135 2227 1136 2250 1136 2224 1136 2224 1137 2250 1137 2246 1137 2224 1138 2246 1138 2220 1138 2220 1139 2246 1139 2242 1139 2220 1140 2242 1140 2217 1140 2217 1141 2242 1141 2239 1141 2217 1142 2239 1142 2214 1142 2214 1143 2239 1143 2236 1143 2214 1144 2236 1144 2211 1144 2211 1145 2236 1145 2232 1145 2211 1146 2232 1146 2209 1146 2257 1147 2279 1147 2252 1147 2279 1148 2257 1148 2282 1148 2282 1149 2257 1149 2261 1149 2282 1150 2261 1150 2285 1150 2285 1151 2261 1151 2264 1151 2285 1152 2264 1152 2288 1152 2288 1153 2264 1153 2268 1153 2288 1154 2268 1154 2291 1154 2291 1155 2268 1155 2272 1155 2291 1156 2272 1156 2295 1156 2295 1157 2272 1157 2275 1157 2295 1158 2275 1158 2298 1158 2298 1159 2275 1159 2278 1159 2298 1160 2278 1160 2320 1160 2320 1161 2278 1161 2343 1161 2320 1162 2343 1162 2317 1162 2317 1163 2343 1163 2339 1163 2317 1164 2339 1164 2313 1164 2313 1165 2339 1165 2335 1165 2313 1166 2335 1166 2310 1166 2310 1167 2335 1167 2332 1167 2310 1168 2332 1168 2307 1168 2307 1169 2332 1169 2329 1169 2307 1170 2329 1170 2304 1170 2304 1171 2329 1171 2325 1171 2304 1172 2325 1172 2302 1172 2404 1173 2424 1173 2398 1173 2423 1174 2403 1174 2427 1174 2427 1175 2403 1175 2407 1175 2427 1176 2407 1176 2430 1176 2430 1177 2407 1177 2410 1177 2430 1178 2410 1178 2434 1178 2434 1179 2410 1179 2414 1179 2434 1180 2414 1180 2437 1180 2437 1181 2414 1181 2418 1181 2437 1182 2418 1182 2440 1182 2440 1183 2418 1183 2422 1183 2440 1184 2422 1184 2369 1184 2369 1185 2422 1185 2396 1185 2369 1186 2396 1186 2365 1186 2365 1187 2396 1187 2392 1187 2365 1188 2392 1188 2361 1188 2361 1189 2392 1189 2388 1189 2361 1190 2388 1190 2358 1190 2358 1191 2388 1191 2384 1191 2358 1192 2384 1192 2354 1192 2354 1193 2384 1193 2381 1193 2354 1194 2381 1194 2351 1194 2351 1195 2381 1195 2378 1195 2351 1196 2378 1196 2347 1196 2347 1197 2378 1197 2374 1197 2348 1198 2375 1198 2345 1198 2504 1199 2524 1199 2498 1199 2523 1174 2503 1174 2527 1174 2527 1200 2503 1200 2507 1200 2527 1201 2507 1201 2530 1201 2530 1202 2507 1202 2510 1202 2530 1203 2510 1203 2534 1203 2534 1204 2510 1204 2514 1204 2534 1205 2514 1205 2537 1205 2537 1206 2514 1206 2518 1206 2537 1207 2518 1207 2540 1207 2540 1208 2518 1208 2522 1208 2540 1209 2522 1209 2469 1209 2469 1210 2522 1210 2496 1210 2469 1211 2496 1211 2465 1211 2465 1212 2496 1212 2492 1212 2465 1213 2492 1213 2461 1213 2461 1214 2492 1214 2488 1214 2461 1190 2488 1190 2458 1190 2458 1215 2488 1215 2484 1215 2458 1216 2484 1216 2454 1216 2454 1217 2484 1217 2481 1217 2454 1194 2481 1194 2451 1194 2451 1218 2481 1218 2478 1218 2451 1196 2478 1196 2447 1196 2447 1197 2478 1197 2474 1197 2448 1219 2475 1219 2445 1219 611 1220 23 1220 553 1220 553 1221 23 1221 19 1221 0 229 607 229 3 229 3 1222 607 1222 604 1222 1589 1223 1584 1223 938 1223 1589 229 938 229 935 229 1589 229 935 229 2544 229 1589 1224 2544 1224 2547 1224 1589 1225 2547 1225 2550 1225 1589 1226 2550 1226 2553 1226 1589 1227 2553 1227 2556 1227 1589 229 2556 229 2559 229 1589 229 2559 229 2562 229 1589 229 2562 229 2565 229 27 1228 2568 1228 2571 1228 27 1229 2571 1229 2574 1229 27 229 2574 229 2577 229 27 1230 2577 1230 2580 1230 27 229 2580 229 2583 229 27 1231 2583 1231 2586 1231 27 1232 2586 1232 2589 1232 27 1233 2589 1233 2592 1233 27 229 2592 229 1971 229 27 229 1971 229 2059 229 27 1234 2059 1234 207 1234 2571 1235 2568 1235 2595 1235 2571 1236 2595 1236 2598 1236 2571 229 2598 229 2601 229 2571 1237 2601 1237 2604 1237 2571 1238 2604 1238 2607 1238 2571 229 2607 229 2565 229 2571 1239 2565 1239 2562 1239 2610 1240 2615 1240 2618 1240 2610 229 2618 229 2621 229 2610 1241 2621 1241 2624 1241 2610 229 2624 229 2627 229 2610 229 2627 229 2631 229 2610 229 2631 229 2634 229 2610 1242 2634 1242 2637 1242 2610 1243 2637 1243 2640 1243 2610 229 2640 229 2645 229 2610 1244 2645 1244 2649 1244 1971 1245 2592 1245 2654 1245 1971 1246 2654 1246 2657 1246 1971 1247 2657 1247 2661 1247 1971 1248 2661 1248 2664 1248 1971 1249 2664 1249 2667 1249 1971 1250 2667 1250 2670 1250 1971 1251 2670 1251 2673 1251 1971 1252 2673 1252 2676 1252 1971 229 2676 229 2679 229 2676 1253 2618 1253 2615 1253 2676 1254 2615 1254 2682 1254 2676 1255 2682 1255 2685 1255 2676 1256 2685 1256 2688 1256 2676 1257 2688 1257 2691 1257 2676 1258 2691 1258 2694 1258 2676 1259 2694 1259 2679 1259 1511 156 2697 156 2700 156 1511 156 2700 156 2703 156 1511 1260 2703 1260 2706 1260 1511 156 2706 156 2709 156 1511 156 2709 156 2712 156 1511 156 2712 156 2715 156 1511 156 2715 156 2718 156 1511 1261 2718 1261 932 1261 1511 156 932 156 1003 156 1511 1262 1003 1262 1515 1262 7 1263 142 1263 1975 1263 7 156 1975 156 1910 156 7 156 1910 156 2721 156 7 1264 2721 1264 2724 1264 7 1265 2724 1265 2727 1265 7 1266 2727 1266 2730 1266 7 1267 2730 1267 2733 1267 7 1268 2733 1268 2736 1268 7 1269 2736 1269 2739 1269 7 156 2739 156 2742 156 7 156 2742 156 2745 156 2742 1270 2700 1270 2697 1270 2742 1271 2697 1271 2748 1271 2742 1272 2748 1272 2751 1272 2742 1273 2751 1273 2754 1273 2742 1274 2754 1274 2757 1274 2742 1275 2757 1275 2760 1275 2742 1276 2760 1276 2745 1276 2763 1277 2768 1277 2772 1277 2763 1278 2772 1278 2777 1278 2763 156 2777 156 2783 156 2763 1279 2783 1279 2786 1279 2763 1280 2786 1280 2789 1280 2763 156 2789 156 2793 156 2763 1281 2793 1281 2796 1281 2763 156 2796 156 2799 156 2763 1282 2799 1282 2802 1282 2763 1283 2802 1283 2805 1283 1910 1284 2808 1284 2811 1284 1910 1285 2811 1285 2814 1285 1910 1286 2814 1286 2817 1286 1910 1287 2817 1287 2820 1287 1910 1288 2820 1288 2823 1288 1910 1289 2823 1289 2826 1289 1910 1290 2826 1290 2830 1290 1910 1291 2830 1291 2833 1291 1910 1292 2833 1292 2721 1292 2811 1293 2808 1293 2836 1293 2811 1294 2836 1294 2839 1294 2811 1295 2839 1295 2842 1295 2811 1296 2842 1296 2845 1296 2811 1297 2845 1297 2848 1297 2811 1298 2848 1298 2805 1298 2811 1299 2805 1299 2802 1299 610 1300 2 1300 614 1300 614 1300 2 1300 26 1300 28 1301 8 1301 2569 1301 2569 1302 8 1302 2746 1302 2854 1303 2858 1303 2861 1303 2864 1304 2867 1304 2870 1304 2873 1305 2876 1305 2879 1305 2883 1306 2887 1306 2891 1306 2894 1307 2898 1307 2901 1307 2895 1308 2902 1308 2905 1308 2895 1309 2905 1309 2909 1309 2895 1310 2909 1310 2912 1310 2895 1311 2912 1311 2915 1311 2895 1312 2915 1312 2919 1312 2895 1313 2919 1313 2922 1313 2895 1314 2922 1314 2925 1314 2895 1315 2925 1315 2870 1315 2895 1316 2870 1316 2867 1316 2928 1317 2925 1317 2922 1317 2928 1318 2922 1318 2931 1318 2928 1319 2931 1319 2934 1319 2928 1320 2934 1320 2938 1320 2928 1321 2938 1321 2941 1321 2928 1322 2941 1322 2945 1322 2928 1323 2945 1323 2948 1323 2928 1324 2948 1324 2951 1324 2928 1325 2951 1325 2954 1325 2928 1326 2954 1326 2957 1326 2928 1327 2957 1327 2890 1327 2928 1328 2890 1328 2886 1328 2961 1329 2965 1329 2968 1329 2961 1330 2968 1330 2971 1330 2961 1331 2971 1331 2975 1331 2961 1332 2975 1332 2978 1332 2961 1333 2978 1333 2981 1333 2961 1334 2981 1334 2985 1334 2961 1335 2985 1335 2988 1335 2961 1336 2988 1336 2991 1336 2961 1337 2991 1337 2996 1337 2960 1338 2995 1338 2999 1338 3002 1339 3005 1339 3009 1339 3002 1340 3009 1340 3012 1340 3002 1341 3012 1341 3015 1341 3002 1342 3015 1342 3018 1342 3002 1343 3018 1343 3022 1343 3002 1344 3022 1344 3025 1344 3002 1345 3025 1345 3029 1345 3002 1346 3029 1346 3032 1346 3002 1347 3032 1347 3035 1347 3002 1348 3035 1348 3038 1348 3002 1349 3038 1349 2975 1349 3002 1350 2975 1350 2971 1350 2968 1351 2965 1351 3041 1351 3041 1352 2965 1352 3044 1352 3041 1353 3044 1353 3047 1353 2858 1354 2854 1354 3044 1354 3044 1355 2854 1355 3051 1355 3044 1356 3051 1356 3047 1356 2861 1357 2858 1357 3054 1357 3054 1358 2858 1358 3057 1358 3054 1359 3057 1359 3060 1359 3060 1360 3057 1360 3063 1360 3060 1361 3063 1361 3066 1361 3066 1362 3063 1362 3070 1362 3070 1363 3063 1363 3073 1363 3070 1364 3073 1364 3077 1364 3077 1365 3073 1365 3080 1365 3077 1366 3080 1366 3083 1366 3083 1367 3080 1367 3087 1367 3083 1368 3087 1368 3090 1368 3090 1369 3087 1369 3093 1369 3093 1370 3087 1370 3096 1370 3093 1371 3096 1371 3099 1371 3099 1372 3096 1372 3103 1372 3099 1373 3103 1373 3106 1373 3106 1374 3103 1374 3110 1374 3110 1375 3103 1375 2867 1375 3110 1376 2867 1376 2864 1376 3009 1377 3005 1377 3113 1377 3114 1378 3006 1378 3118 1378 3113 1379 3117 1379 3122 1379 2873 1380 2879 1380 3126 1380 3126 1381 2879 1381 3113 1381 3126 1382 3113 1382 3122 1382 2879 1383 2876 1383 3130 1383 3130 1384 2876 1384 3133 1384 3130 1385 3133 1385 3137 1385 3137 1386 3133 1386 3140 1386 3137 1387 3140 1387 3144 1387 3137 1388 3144 1388 3148 1388 3148 1389 3144 1389 3152 1389 3148 1390 3152 1390 3156 1390 3156 1391 3152 1391 3159 1391 3156 1392 3159 1392 3162 1392 3162 1393 3159 1393 3165 1393 3162 1394 3165 1394 3168 1394 3162 1395 3168 1395 3172 1395 3172 1396 3168 1396 3175 1396 3172 1397 3175 1397 3179 1397 3179 1398 3175 1398 3182 1398 3179 1399 3182 1399 3186 1399 3179 1400 3186 1400 2890 1400 2890 1401 3186 1401 3189 1401 2890 1402 3189 1402 2882 1402 694 1403 2966 1403 696 1403 697 1404 2967 1404 3039 1404 697 1405 3039 1405 699 1405 700 1406 3040 1406 3045 1406 700 1407 3045 1407 702 1407 704 1408 3046 1408 3049 1408 703 1409 3048 1409 706 1409 707 1410 3050 1410 2851 1410 708 1411 2852 1411 710 1411 711 1412 2853 1412 2859 1412 711 1413 2859 1413 713 1413 714 1414 2860 1414 3052 1414 714 1415 3052 1415 716 1415 717 1416 3053 1416 3058 1416 717 1417 3058 1417 719 1417 720 1418 3059 1418 3064 1418 720 1419 3064 1419 722 1419 724 1420 3065 1420 3069 1420 723 1421 3068 1421 617 1421 2966 1422 694 1422 2970 1422 2969 156 692 156 688 156 2969 1423 688 1423 3000 1423 3001 1424 689 1424 684 1424 3001 1425 684 1425 3003 1425 3004 1426 685 1426 745 1426 3004 1427 745 1427 3115 1427 3116 1428 746 1428 742 1428 3116 1429 742 1429 3119 1429 3120 1430 743 1430 738 1430 3121 1431 739 1431 3123 1431 3125 1432 740 1432 735 1432 3124 1433 734 1433 2871 1433 2872 1434 736 1434 731 1434 2872 1435 731 1435 2874 1435 2875 1436 732 1436 728 1436 2875 1437 728 1437 3131 1437 3132 1438 729 1438 725 1438 3132 1439 725 1439 3138 1439 3139 1440 726 1440 550 1440 3139 1441 550 1441 3141 1441 3142 1442 551 1442 546 1442 3143 1443 548 1443 3150 1443 651 1444 2884 1444 654 1444 655 1445 2885 1445 2880 1445 655 1446 2880 1446 658 1446 659 1447 2881 1447 3187 1447 659 1448 3187 1448 661 1448 663 1449 3188 1449 3184 1449 662 1450 3183 1450 665 1450 666 1451 3185 1451 3180 1451 666 1452 3180 1452 668 1452 669 1453 3181 1453 3173 1453 669 1454 3173 1454 671 1454 672 1455 3174 1455 3166 1455 672 1456 3166 1456 674 1456 675 1457 3167 1457 3163 1457 675 1458 3163 1458 677 1458 678 1459 3164 1459 3157 1459 678 1460 3157 1460 680 1460 682 1461 3158 1461 3151 1461 681 1462 3149 1462 547 1462 2884 1463 651 1463 2927 1463 2926 229 650 229 647 229 2926 1464 647 1464 2923 1464 2924 1465 649 1465 645 1465 2924 1466 645 1466 2868 1466 2869 1467 646 1467 642 1467 2869 1468 642 1468 2862 1468 2863 1469 643 1469 639 1469 2863 1470 639 1470 3107 1470 3108 1471 640 1471 635 1471 3109 1472 636 1472 3104 1472 3105 1473 637 1473 632 1473 3105 1474 632 1474 3097 1474 3098 1475 633 1475 629 1475 3098 1476 629 1476 3091 1476 3092 1477 630 1477 626 1477 3092 1478 626 1478 3088 1478 3089 1479 627 1479 623 1479 3089 1480 623 1480 3081 1480 3082 1481 624 1481 620 1481 3082 1482 620 1482 3074 1482 3076 1483 621 1483 618 1483 3075 1484 616 1484 3067 1484 2930 1485 1914 1485 2932 1485 2933 1486 1915 1486 2019 1486 2933 1487 2019 1487 2935 1487 2937 1488 2020 1488 2016 1488 2936 1489 2015 1489 2939 1489 2940 1490 2017 1490 2012 1490 2940 1491 2012 1491 2942 1491 2944 1492 2013 1492 2009 1492 2943 1493 2008 1493 2946 1493 2947 1494 2010 1494 2005 1494 2947 1495 2005 1495 2949 1495 2950 1496 2006 1496 2002 1496 2950 1497 2002 1497 2952 1497 2953 1498 2003 1498 1999 1498 2953 1499 1999 1499 2955 1499 2956 1500 2000 1500 1996 1500 2956 1501 1996 1501 2888 1501 2889 1502 1997 1502 1993 1502 2889 1503 1993 1503 3176 1503 3177 1504 1994 1504 1989 1504 3178 1505 1990 1505 3169 1505 3171 1506 1991 1506 1986 1506 3170 1507 1985 1507 3160 1507 3161 1508 1987 1508 1982 1508 3161 1509 1982 1509 3153 1509 3154 1510 1983 1510 1978 1510 3155 1511 1980 1511 3146 1511 1914 1512 2930 1512 1919 1512 1918 229 2929 229 2920 229 1918 1513 2920 1513 1922 1513 1924 1514 2921 1514 2917 1514 1923 1515 2916 1515 1926 1515 1927 1516 2918 1516 2913 1516 1927 1517 2913 1517 1929 1517 1930 1518 2914 1518 2910 1518 1930 1519 2910 1519 1932 1519 1933 1520 2911 1520 2906 1520 1934 1521 2907 1521 1936 1521 1937 1522 2908 1522 2903 1522 1937 1523 2903 1523 1939 1523 1940 1524 2904 1524 2899 1524 1940 1525 2899 1525 1942 1525 1943 1526 2900 1526 2896 1526 1943 1527 2896 1527 1945 1527 1946 1528 2897 1528 2892 1528 1946 1529 2892 1529 1948 1529 1949 1530 2893 1530 2865 1530 1949 1531 2865 1531 1951 1531 1953 1532 2866 1532 3101 1532 1952 1533 3100 1533 1955 1533 1956 1534 3102 1534 3094 1534 1956 1535 3094 1535 1958 1535 1959 1536 3095 1536 3084 1536 1960 1537 3085 1537 1962 1537 1963 1538 3086 1538 3078 1538 1963 1539 3078 1539 1965 1539 1966 1540 3079 1540 3071 1540 1966 1541 3071 1541 1968 1541 2974 1542 2103 1542 2976 1542 2977 1543 2104 1543 2099 1543 2977 1544 2099 1544 2979 1544 2980 1545 2100 1545 2096 1545 2980 1546 2096 1546 2982 1546 2984 1547 2097 1547 2093 1547 2983 1548 2092 1548 2986 1548 2987 1549 2094 1549 2089 1549 2987 1550 2089 1550 2989 1550 2990 1551 2090 1551 2086 1551 2990 1552 2086 1552 2992 1552 2993 1553 2087 1553 2082 1553 2994 1554 2083 1554 2997 1554 2998 1555 2084 1555 2079 1555 2998 1556 2079 1556 2958 1556 2959 1557 2080 1557 2076 1557 2959 1558 2076 1558 2962 1558 2963 1559 2077 1559 2072 1559 2964 1560 2073 1560 3042 1560 3043 1561 2074 1561 2069 1561 3043 1562 2069 1562 2855 1562 2857 1563 2070 1563 2066 1563 2856 1564 2065 1564 3055 1564 3056 1565 2067 1565 2062 1565 3056 1566 2062 1566 3061 1566 3062 1567 2063 1567 1969 1567 3062 1568 1969 1568 3072 1568 2102 1569 2973 1569 2107 1569 2106 156 2972 156 3036 156 2106 1570 3036 1570 2109 1570 2110 1571 3037 1571 3033 1571 2110 1572 3033 1572 2113 1572 2114 1573 3034 1573 3030 1573 2114 1574 3030 1574 2117 1574 2118 1575 3031 1575 3026 1575 2119 1576 3027 1576 2121 1576 2122 1577 3028 1577 3023 1577 2122 1578 3023 1578 2124 1578 2125 1579 3024 1579 3019 1579 2126 1580 3020 1580 2128 1580 2129 1581 3021 1581 3016 1581 2129 1582 3016 1582 2131 1582 2132 1583 3017 1583 3013 1583 2132 1584 3013 1584 2134 1584 2135 1585 3014 1585 3010 1585 2135 1586 3010 1586 2137 1586 2138 1587 3011 1587 3007 1587 2138 1588 3007 1588 2140 1588 2141 1589 3008 1589 3111 1589 2141 1590 3111 1590 2143 1590 2144 1591 3112 1591 2877 1591 2144 1592 2877 1592 2146 1592 2147 1593 2878 1593 3127 1593 2148 1594 3128 1594 2150 1594 2151 1595 3129 1595 3134 1595 2152 1596 3135 1596 2154 1596 2156 1597 3136 1597 3147 1597 2155 1598 3145 1598 1979 1598 2593 1599 2722 1599 2655 1599 2655 1599 2722 1599 2834 1599 2701 1600 2744 1600 2563 1600 2563 1601 2744 1601 2573 1601 2735 1602 2578 1602 2737 1602 2738 1603 2579 1603 2575 1603 2738 1604 2575 1604 2740 1604 2741 1605 2576 1605 2572 1605 2741 1606 2572 1606 2743 1606 2578 1607 2735 1607 2582 1607 2581 1608 2734 1608 2732 1608 2581 1609 2732 1609 2585 1609 2584 1610 2731 1610 2729 1610 2584 1611 2729 1611 2588 1611 2587 1612 2728 1612 2726 1612 2587 1613 2726 1613 2591 1613 2590 1614 2725 1614 2723 1614 2590 1615 2723 1615 2594 1615 2813 1616 2803 1616 2678 1616 2678 1617 2803 1617 2619 1617 2824 1618 2663 1618 2829 1618 2828 1619 2662 1619 2660 1619 2827 1620 2659 1620 2832 1620 2831 1621 2658 1621 2656 1621 2831 1622 2656 1622 2835 1622 2663 1623 2824 1623 2665 1623 2666 1624 2825 1624 2821 1624 2666 1625 2821 1625 2668 1625 2669 1626 2822 1626 2818 1626 2669 1627 2818 1627 2671 1627 2672 1628 2819 1628 2815 1628 2672 1629 2815 1629 2674 1629 2675 1630 2816 1630 2812 1630 2675 1630 2812 1630 2677 1630 2714 1631 2548 1631 2716 1631 2717 1632 2549 1632 2545 1632 2717 1633 2545 1633 2719 1633 2720 1634 2546 1634 936 1634 2720 1635 936 1635 933 1635 2548 1636 2714 1636 2552 1636 2551 1637 2713 1637 2711 1637 2551 1638 2711 1638 2555 1638 2554 1639 2710 1639 2708 1639 2554 1640 2708 1640 2558 1640 2557 1641 2707 1642 2705 1643 2557 1641 2705 1643 2561 1644 2560 1645 2704 1645 2702 1645 2560 1646 2702 1646 2564 1646 3190 1647 3196 1647 3197 1647 3190 1648 3200 1648 3196 1648 3205 1649 3206 1649 3209 1649 3205 1650 3209 1650 3213 1650 3219 1651 3223 1651 3224 1651 3230 1652 3220 1652 3225 1652 3233 1653 3196 1653 3236 1653 3236 1654 3196 1654 3239 1654 3239 1655 3196 1655 3200 1655 3244 1656 3248 1656 3251 1656 3224 1657 3223 1657 3252 1657 3256 1658 3259 1658 3196 1658 3259 1659 3262 1659 3196 1659 3262 1660 3197 1660 3196 1660 3266 1661 3269 1661 3273 1661 3280 1662 2642 1662 2780 1662 3280 1663 2780 1663 3287 1663 3280 1664 3287 1664 3291 1664 3280 1665 3291 1665 3295 1665 3280 1666 3295 1666 3298 1666 3302 1667 3308 1667 3309 1667 3305 1668 3310 1668 3314 1668 3304 1669 3313 1669 3319 1669 3302 1670 3318 1670 3322 1670 3302 1671 3322 1671 3326 1671 3302 1672 3326 1672 3330 1672 3302 1673 3330 1673 3333 1673 3303 1674 3334 1674 3338 1674 3304 1675 3339 1675 3253 1675 3302 1676 3252 1676 3223 1676 3344 1677 3347 1677 3349 1677 3344 1678 3349 1678 3353 1678 3344 1679 3353 1679 3357 1679 3344 1680 3357 1680 3360 1680 3344 1681 3360 1681 3363 1681 2779 1682 3366 1682 3371 1682 2781 1683 3372 1683 3377 1683 2780 1684 3376 1684 3381 1684 2780 1685 3381 1685 3385 1685 2780 1686 3385 1686 3389 1686 2780 1687 3389 1687 3393 1687 2780 1688 3393 1688 3397 1688 2780 1689 3397 1689 3400 1689 2780 1690 3400 1690 3403 1690 2780 1691 3403 1691 3406 1691 2780 1692 3406 1692 3409 1692 2780 1693 3409 1693 3412 1693 2780 1694 3412 1694 3415 1694 2780 1695 3415 1695 3418 1695 2780 1696 3418 1696 3421 1696 2780 1697 3421 1697 3219 1697 2780 1698 3219 1698 3229 1698 2781 1699 3230 1699 3425 1699 2780 1700 3424 1700 3429 1700 2780 1701 3429 1701 3433 1701 2780 1702 3433 1702 3436 1702 2780 1703 3436 1703 3439 1703 2780 1704 3439 1704 3442 1704 2780 1705 3442 1705 3446 1705 2780 1706 3446 1706 3450 1706 2780 1707 3450 1707 3455 1707 2778 1708 3454 1708 3286 1708 3460 1709 3464 1709 3469 1709 3459 1710 3468 1710 3472 1710 3459 1711 3472 1711 3476 1711 3285 1712 3458 1712 3475 1712 3287 1713 3476 1713 3479 1713 3287 1714 3479 1714 3482 1714 3288 1715 3483 1715 3292 1715 2776 1716 3486 1716 3490 1716 2775 1717 3489 1717 3492 1717 2774 1718 3491 1718 3496 1718 2775 1719 3497 1719 3500 1719 2775 1720 3500 1720 3504 1720 2775 1721 3504 1721 3507 1721 2775 1722 3507 1722 3367 1722 2775 1723 3367 1723 2780 1723 3492 1724 3489 1724 3205 1724 3492 1725 3205 1725 3213 1725 3493 1726 3214 1726 3511 1726 3492 1727 3510 1727 3514 1727 3492 1728 3514 1728 3518 1728 3492 1729 3518 1729 3522 1729 3492 1730 3522 1730 3526 1730 3492 1731 3526 1731 3529 1731 3492 1732 3529 1732 3532 1732 3492 1733 3532 1733 3535 1733 3492 1734 3535 1734 3196 1734 3492 1735 3196 1735 3233 1735 3491 1736 3232 1736 3536 1736 3493 1737 3537 1737 3542 1737 3492 1738 3541 1738 3545 1738 3492 1739 3545 1739 3548 1739 3492 1740 3548 1740 3551 1740 3492 1741 3551 1741 3556 1741 3491 1742 3555 1742 3559 1742 3363 1743 3206 1743 3205 1743 3363 1744 3205 1744 3565 1744 3363 1745 3565 1745 3568 1745 3363 1746 3568 1746 3571 1746 3363 1747 3571 1747 3574 1747 3363 1748 3574 1748 3578 1748 3363 1749 3578 1749 3581 1749 3363 1750 3581 1750 3585 1750 3363 1751 3585 1751 3588 1751 3363 1752 3588 1752 3591 1752 3363 1753 3591 1753 3594 1753 3363 1754 3594 1754 3344 1754 3400 1755 3397 1755 3598 1755 3400 1756 3598 1756 3602 1756 3400 1757 3602 1757 3606 1757 3400 1758 3606 1758 3248 1758 3400 1759 3248 1759 3244 1759 3348 1760 3607 1760 3612 1760 3349 1761 3613 1761 3617 1761 3349 1762 3617 1762 3620 1762 3349 1763 3620 1763 3623 1763 3349 1764 3623 1764 3626 1764 3349 1765 3626 1765 3630 1765 3349 1766 3630 1766 3256 1766 3349 1767 3256 1767 3196 1767 3349 1768 3196 1768 3635 1768 3349 1769 3635 1769 3638 1769 3349 1770 3638 1770 3642 1770 3349 1771 3642 1771 3645 1771 3349 1772 3645 1772 3648 1772 3349 1773 3648 1773 3650 1773 3349 1774 3650 1774 3652 1774 3349 1775 3652 1775 3656 1775 3348 1776 3655 1776 3352 1776 3298 1777 3661 1777 3665 1777 3298 1778 3665 1778 3669 1778 3298 1779 3669 1779 3673 1779 3298 1780 3673 1780 3677 1780 3299 1781 3678 1781 3281 1781 2642 1782 3280 1782 3682 1782 2642 1783 3682 1783 3686 1783 2642 1784 3686 1784 3690 1784 2642 1785 3690 1785 3694 1785 2642 1786 3694 1786 3697 1786 2643 1787 3698 1787 3701 1787 2641 1788 3700 1788 3703 1788 2648 1789 2642 1789 3704 1789 2648 1790 3704 1790 3707 1790 2648 1791 3707 1791 3710 1791 2648 1792 3710 1792 3714 1792 2648 1793 3714 1793 3719 1793 2647 1794 3718 1794 3348 1794 2648 1795 3349 1795 3347 1795 2648 1796 3347 1796 3724 1796 3468 1797 3462 1797 3727 1797 3728 1798 3463 1798 3730 1798 3727 1799 3729 1799 3308 1799 3308 1800 3729 1800 3309 1800 3560 1801 3556 1801 3733 1801 3733 1802 3556 1802 3737 1802 3733 1803 3737 1803 3741 1803 3747 1804 3749 1804 3737 1804 3737 1805 3749 1805 3752 1805 3738 1806 3753 1806 3742 1806 3244 1807 3251 1807 3747 1807 3747 1808 3251 1808 3757 1808 3747 1809 3757 1809 3749 1809 3613 1810 3608 1810 3273 1810 3274 1811 3609 1811 3760 1811 3272 1812 3759 1812 3265 1812 3273 1813 3269 1813 3765 1813 3765 1814 3269 1814 3767 1814 3765 1815 3767 1815 3771 1815 3765 1816 3771 1816 3661 1816 3661 1817 3771 1817 3775 1817 3661 1818 3775 1818 3665 1818 2794 1819 2626 1819 2798 1819 2797 1820 2625 1820 2623 1820 2797 1821 2623 1821 2801 1821 2800 1822 2622 1822 2620 1822 2800 1823 2620 1823 2804 1823 2626 1824 2794 1824 2628 1824 2629 1825 2795 1825 2790 1825 2630 1826 2791 1826 2632 1826 2633 1827 2792 1827 2787 1827 2633 1828 2787 1828 2635 1828 2636 1829 2788 1829 2784 1829 2636 1830 2784 1830 2638 1830 2639 1831 2785 1831 2782 1831 2639 1831 2782 1831 2644 1831 2680 1832 2809 1832 1972 1832 1972 1833 2809 1833 1911 1833 2771 1834 2764 1834 3778 1834 2771 1835 3778 1835 3782 1835 2771 1836 3782 1836 3785 1836 2771 1837 3785 1837 3788 1837 2771 1838 3788 1838 3791 1838 2771 1839 3791 1839 3794 1839 2771 1840 3794 1840 3798 1840 2771 1841 3798 1841 3801 1841 2771 1842 3801 1842 3804 1842 2771 1843 3804 1843 3807 1843 2771 1844 3807 1844 3811 1844 2770 1845 3810 1845 3814 1845 3819 1846 3823 1846 3827 1846 3819 1847 3827 1847 3830 1847 3819 1848 3830 1848 3833 1848 3819 1849 3833 1849 3836 1849 3819 1850 3836 1850 3839 1850 3819 1851 3839 1851 3842 1851 3819 1852 3842 1852 3846 1852 3819 1853 3846 1853 3849 1853 3819 1854 3849 1854 3853 1854 3819 1855 3853 1855 3856 1855 3819 1856 3856 1856 3859 1856 3819 1857 3859 1857 3862 1857 3819 1858 3862 1858 3865 1858 3819 1859 3865 1859 3868 1859 3819 1860 3868 1860 3872 1860 3820 1861 3873 1861 3878 1861 3872 1862 2771 1862 3815 1862 3872 1863 3815 1863 3881 1863 3872 1864 3881 1864 3884 1864 3872 1865 3884 1865 3887 1865 3872 1866 3887 1866 3891 1866 3871 1867 3890 1867 3877 1867 2764 1868 2611 1868 3894 1868 2764 1869 3894 1869 3897 1869 2764 1870 3897 1870 3900 1870 2764 1871 3900 1871 3903 1871 2764 1872 3903 1872 3906 1872 2764 1873 3906 1873 3910 1873 2764 1874 3910 1874 3913 1874 2764 1875 3913 1875 3917 1875 2764 1876 3917 1876 3920 1876 2764 1877 3920 1877 3923 1877 2764 1878 3923 1878 3926 1878 2764 1879 3926 1879 3929 1879 2764 1880 3929 1880 3932 1880 2764 1881 3932 1881 3935 1881 2764 1882 3935 1882 3938 1882 2764 1883 3938 1883 3941 1883 2764 1884 3941 1884 3944 1884 2764 1885 3944 1885 3947 1885 2765 1886 3948 1886 3951 1886 2766 1887 3952 1887 3779 1887 2651 1888 3955 1888 3959 1888 2653 1889 3960 1889 3964 1889 2652 1890 3963 1890 3967 1890 2652 1891 3967 1891 3971 1891 2652 1892 3971 1892 3974 1892 2652 1893 3974 1893 3977 1893 2652 1894 3977 1894 3980 1894 2652 1895 3980 1895 3983 1895 2652 1896 3983 1896 3986 1896 2652 1897 3986 1897 3989 1897 2652 1898 3989 1898 3992 1898 2652 1899 3992 1899 2611 1899 3824 1900 3820 1900 3997 1900 3823 1901 3996 1901 4000 1901 3823 1902 4000 1902 4003 1902 3823 1903 4003 1903 4006 1903 3823 1904 4006 1904 4009 1904 3823 1905 4009 1905 3956 1905 3823 1906 3956 1906 2652 1906 2612 1907 3993 1907 4012 1907 2613 1908 4013 1908 4017 1908 2611 1909 4016 1909 4020 1909 2611 1910 4020 1910 4023 1910 2611 1911 4023 1911 4026 1911 2611 1912 4026 1912 4029 1912 2611 1913 4029 1913 4032 1913 2611 1914 4032 1914 4035 1914 2611 1915 4035 1915 4038 1915 2611 1916 4038 1916 4041 1916 2611 1917 4041 1917 4045 1917 2611 1918 4045 1918 4048 1918 2611 1919 4048 1919 4052 1919 2611 1920 4052 1920 4055 1920 2611 1921 4055 1921 4058 1921 2611 1922 4058 1922 4061 1922 2611 1923 4061 1923 4064 1923 2611 1924 4064 1924 4067 1924 2611 1925 4067 1925 3894 1925 2614 1926 2767 1926 2617 1926 2617 1926 2767 1926 2807 1926 2616 1927 2806 1927 2684 1927 2684 1928 2806 1928 2850 1928 2683 1929 2849 1929 2687 1929 2687 1929 2849 1929 2847 1929 2686 1930 2846 1930 2690 1930 2690 1931 2846 1931 2844 1931 2689 1932 2843 1932 2693 1932 2693 1933 2843 1933 2841 1933 2692 1934 2840 1934 2696 1934 2696 1935 2840 1935 2838 1935 2695 1936 2837 1936 2681 1936 2681 1937 2837 1937 2810 1937 2570 1938 2747 1938 2596 1938 2596 1939 2747 1939 2761 1939 2597 1940 2762 1940 2599 1940 2599 1941 2762 1941 2758 1941 2600 1942 2759 1942 2602 1942 2602 1943 2759 1943 2755 1943 2603 1944 2756 1944 2605 1944 2605 1945 2756 1945 2752 1945 2606 1946 2753 1946 2608 1946 2608 1947 2753 1947 2749 1947 2609 1948 2750 1948 2566 1948 2566 1949 2750 1949 2698 1949 2567 1950 2699 1950 1590 1950 1590 1951 2699 1951 1512 1951 911 1952 1491 1952 879 1952 879 1953 1491 1953 1445 1953 939 1954 1585 1954 1199 1954 1199 1955 1585 1955 1792 1955 1200 1956 1794 1956 1203 1956 1202 1957 1793 1957 1789 1957 1204 1958 1790 1958 748 1958 748 1959 1790 1959 1336 1959 749 1960 1337 1960 920 1960 920 1961 1337 1961 1508 1961 921 1962 1509 1962 923 1962 923 1963 1509 1963 1505 1963 924 1964 1506 1964 926 1964 926 1965 1506 1965 1502 1965 927 1966 1503 1966 929 1966 929 1967 1503 1967 1499 1967 930 1968 1500 1968 910 1968 910 1969 1500 1969 1490 1969 1004 1970 1240 1970 1516 1970 1516 1971 1240 1971 1826 1971 878 1972 1444 1972 884 1972 884 1973 1444 1973 1442 1973 883 1974 1441 1974 888 1974 888 1975 1441 1975 1438 1975 887 1976 1437 1976 891 1976 891 1977 1437 1977 1434 1977 890 1978 1433 1978 895 1978 895 1979 1433 1979 1431 1979 894 1980 1430 1980 845 1980 845 1981 1430 1981 1426 1981 844 1982 1425 1982 1237 1982 1237 1983 1425 1983 1823 1983 1236 1984 1822 1984 1242 1984 1241 1985 1821 1985 1827 1985 3845 1986 3580 1986 3848 1986 3848 1987 3580 1987 3577 1987 2769 1988 3869 1988 2773 1988 2773 1989 3869 1989 3484 1989 3847 1990 3575 1990 3851 1990 3852 1991 3576 1991 3573 1991 3850 1992 3572 1992 3855 1992 3855 1993 3572 1993 3570 1993 3854 1994 3569 1994 3858 1994 3858 1995 3569 1995 3567 1995 3857 1996 3566 1996 3861 1996 3861 1997 3566 1997 3564 1997 3860 1998 3563 1998 3864 1998 3864 1999 3563 1999 3204 1999 3863 2000 3203 2000 3867 2000 3867 2001 3203 2001 3488 2001 3866 2002 3487 2002 3870 2002 3870 2003 3487 2003 3485 2003 2650 2004 2646 2004 3821 2004 3821 2005 2646 2005 3722 2005 3822 2006 3723 2006 3825 2006 3825 2007 3723 2007 3345 2007 3826 2008 3346 2008 3828 2008 3828 2009 3346 2009 3342 2009 3829 2010 3343 2010 3831 2010 3831 2011 3343 2011 3592 2011 3832 2012 3593 2012 3834 2012 3834 2013 3593 2013 3589 2013 3835 2014 3590 2014 3837 2014 3837 2015 3590 2015 3586 2015 3838 2016 3587 2016 3840 2016 3840 2017 3587 2017 3582 2017 3841 2018 3583 2018 3843 2018 3844 2019 3584 2019 3579 2019 4070 2020 4075 2020 4079 2020 4083 2021 4087 2021 4090 2021 4087 2022 4093 2022 4090 2022 4093 2023 4096 2023 4090 2023 4096 2024 4099 2024 4090 2024 4102 2025 4105 2025 4108 2025 4111 2026 4090 2026 4115 2026 4115 2027 4090 2027 4118 2027 4118 2028 4090 2028 4121 2028 4121 2029 4090 2029 4099 2029 4124 2030 4128 2030 4131 2030 4135 2031 4138 2031 4142 2031 4146 2032 4150 2032 4154 2032 4157 2033 4161 2033 4165 2033 4157 2034 4165 2034 4168 2034 4157 2035 4168 2035 4172 2035 4157 2036 4172 2036 4177 2036 4183 2037 4186 2037 4189 2037 4183 2038 4189 2038 4193 2038 4182 2039 4192 2039 4197 2039 4203 2040 4207 2040 4211 2040 4202 2041 4210 2041 4214 2041 4202 2042 4214 2042 4186 2042 4202 2043 4186 2043 4183 2043 4217 2044 4220 2044 4223 2044 4217 2045 4223 2045 4226 2045 4217 2046 4226 2046 4229 2046 4217 2047 4229 2047 4206 2047 4217 2048 4206 2048 4202 2048 4217 2049 4202 2049 4233 2049 4217 2050 4233 2050 4236 2050 4217 2051 4236 2051 4239 2051 4217 2052 4239 2052 4242 2052 4223 2053 4220 2053 4247 2053 4223 2054 4247 2054 4250 2054 4223 2055 4250 2055 4254 2055 4223 2056 4254 2056 4257 2056 4223 2057 4257 2057 4260 2057 4223 2058 4260 2058 4263 2058 4223 2059 4263 2059 4266 2059 4223 2060 4266 2060 4269 2060 4272 2061 4275 2061 4280 2061 4272 2062 4280 2062 4284 2062 4272 2063 4284 2063 4288 2063 4272 2064 4288 2064 4293 2064 4272 2065 4293 2065 4298 2065 4164 2066 4301 2066 4304 2066 4165 2067 4305 2067 4308 2067 4165 2068 4308 2068 4311 2068 4165 2069 4311 2069 4314 2069 4165 2070 4314 2070 4317 2070 4165 2071 4317 2071 4168 2071 4172 2072 4321 2072 4242 2072 4173 2073 4243 2073 4325 2073 4174 2074 4326 2074 4330 2074 4172 2075 4329 2075 4334 2075 4172 2076 4334 2076 4337 2076 4172 2077 4337 2077 4340 2077 4172 2078 4340 2078 4344 2078 4172 2079 4344 2079 4349 2079 4172 2080 4349 2080 4352 2080 4172 2081 4352 2081 4355 2081 4172 2082 4355 2082 4358 2082 4172 2083 4358 2083 4362 2083 4172 2084 4362 2084 4365 2084 4172 2085 4365 2085 4368 2085 4172 2086 4368 2086 4371 2086 4172 2087 4371 2087 4177 2087 4348 2088 4343 2088 4375 2088 4348 2089 4375 2089 4379 2089 4349 2090 4380 2090 4383 2090 4386 2091 4391 2091 4396 2091 4386 2092 4396 2092 4403 2092 4386 2093 4403 2093 4406 2093 4387 2094 4407 2094 4410 2094 4388 2095 4411 2095 4276 2095 4396 2096 4391 2096 4414 2096 4396 2097 4414 2097 4417 2097 4396 2098 4417 2098 4420 2098 4396 2099 4420 2099 4423 2099 4396 2100 4423 2100 4426 2100 4396 2101 4426 2101 4429 2101 4396 2102 4429 2102 4432 2102 4396 2103 4432 2103 4075 2103 4397 2104 4076 2104 4071 2104 4436 2105 4439 2105 4442 2105 4436 2106 4442 2106 4446 2106 4436 2107 4446 2107 4449 2107 4436 2108 4449 2108 4079 2108 4436 2109 4079 2109 4075 2109 4452 2110 4165 2110 4161 2110 4452 2111 4161 2111 4455 2111 4452 2112 4455 2112 4459 2112 4452 2113 4459 2113 4462 2113 4452 2114 4462 2114 4465 2114 4452 2115 4465 2115 4439 2115 4452 2116 4439 2116 4436 2116 4275 2117 4272 2117 4468 2117 4275 2118 4468 2118 4471 2118 4275 2119 4471 2119 4474 2119 4275 2120 4474 2120 4477 2120 4275 2121 4477 2121 4480 2121 4275 2122 4480 2122 4483 2122 4275 2123 4483 2123 4486 2123 4275 2124 4486 2124 4489 2124 4275 2125 4489 2125 4492 2125 4275 2126 4492 2126 4495 2126 4275 2127 4495 2127 4498 2127 4275 2128 4498 2128 4501 2128 4275 2129 4501 2129 4504 2129 4275 2130 4504 2130 4507 2130 4275 2131 4507 2131 4511 2131 4275 2132 4511 2132 4386 2132 4398 2133 4515 2133 4519 2133 4396 2134 4518 2134 4522 2134 4396 2135 4522 2135 4525 2135 4396 2136 4525 2136 4529 2136 4396 2137 4529 2137 4532 2137 4396 2138 4532 2138 4536 2138 4394 2139 4535 2139 4082 2139 4396 2140 4083 2140 4090 2140 4396 2141 4090 2141 4539 2141 4396 2142 4539 2142 4542 2142 4396 2143 4542 2143 4546 2143 4396 2144 4546 2144 4549 2144 4396 2145 4549 2145 4552 2145 4396 2146 4552 2146 4555 2146 4396 2147 4555 2147 4559 2147 4399 2148 4560 2148 4565 2148 4395 2149 4564 2149 4402 2149 4177 2150 4568 2150 4571 2150 4177 2151 4571 2151 4575 2151 4177 2152 4575 2152 4578 2152 4177 2153 4578 2153 4581 2153 4178 2154 4582 2154 4158 2154 4321 2155 4172 2155 4585 2155 4321 2156 4585 2156 4588 2156 4321 2157 4588 2157 4591 2157 4321 2158 4591 2158 4594 2158 4321 2159 4594 2159 4597 2159 4322 2160 4598 2160 4601 2160 4322 2161 4601 2161 4604 2161 4295 2162 4289 2162 4609 2162 4293 2163 4608 2163 4613 2163 4293 2164 4613 2164 4617 2164 4293 2165 4617 2165 4621 2165 4293 2166 4621 2166 4625 2166 4293 2167 4625 2167 4629 2167 4293 2168 4629 2168 4632 2168 4293 2169 4632 2169 4635 2169 4293 2170 4635 2170 4090 2170 4293 2171 4090 2171 4111 2171 4294 2172 4112 2172 4639 2172 4292 2173 4638 2173 4642 2173 4293 2174 4643 2174 4646 2174 4293 2175 4646 2175 4649 2175 4293 2176 4649 2176 4652 2176 4293 2177 4652 2177 4655 2177 4293 2178 4655 2178 4658 2178 4661 2179 4226 2179 4665 2179 4661 2180 4665 2180 4668 2180 4661 2181 4668 2181 4672 2181 4661 2182 4672 2182 4128 2182 4661 2183 4128 2183 4124 2183 4226 2184 4223 2184 4675 2184 4226 2185 4675 2185 4678 2185 4226 2186 4678 2186 4665 2186 4320 2187 4681 2187 4684 2187 4322 2188 4685 2188 4689 2188 4321 2189 4688 2189 4692 2189 4321 2190 4692 2190 4695 2190 4321 2191 4695 2191 4698 2191 4321 2192 4698 2192 4701 2192 4321 2193 4701 2193 4217 2193 4321 2194 4217 2194 4242 2194 4293 2195 4146 2195 4154 2195 4293 2196 4154 2196 4704 2196 4293 2197 4704 2197 4707 2197 4293 2198 4707 2198 4710 2198 4293 2199 4710 2199 4714 2199 4293 2200 4714 2200 4717 2200 4293 2201 4717 2201 4721 2201 4293 2202 4721 2202 4724 2202 4293 2203 4724 2203 4298 2203 4727 2204 4154 2204 4150 2204 4728 2205 4151 2205 4733 2205 4729 2206 4734 2206 4739 2206 4727 2207 4738 2207 4742 2207 4727 2208 4742 2208 4745 2208 4727 2209 4745 2209 4748 2209 4727 2210 4748 2210 4751 2210 4751 2211 4748 2211 4756 2211 4751 2212 4756 2212 4760 2212 4752 2213 4761 2213 4765 2213 4751 2214 4764 2214 4269 2214 4751 2215 4269 2215 4266 2215 4198 2216 4193 2216 4769 2216 4769 2217 4193 2217 4772 2217 4769 2218 4772 2218 4776 2218 4776 2219 4772 2219 4779 2219 4776 2220 4779 2220 4783 2220 4783 2221 4779 2221 4787 2221 4787 2222 4779 2222 4138 2222 4787 2223 4138 2223 4135 2223 4349 2224 4383 2224 4790 2224 4790 2225 4383 2225 4793 2225 4790 2226 4793 2226 4138 2226 4139 2227 4794 2227 4798 2227 4138 2228 4797 2228 4142 2228 4518 2229 4514 2229 4108 2229 4108 2230 4514 2230 4802 2230 4108 2231 4802 2231 4102 2231 4108 2232 4105 2232 4805 2232 4805 2233 4105 2233 4809 2233 4805 2234 4809 2234 4812 2234 4805 2235 4812 2235 4568 2235 4568 2236 4812 2236 4815 2236 4568 2237 4815 2237 4571 2237 4658 2238 4655 2238 4818 2238 4818 2239 4655 2239 4821 2239 4818 2240 4821 2240 4824 2240 4124 2241 4131 2241 4821 2241 4821 2242 4131 2242 4828 2242 4821 2243 4828 2243 4824 2243 3327 2244 4670 2244 3332 2244 3331 2245 4669 2245 4667 2245 3331 2246 4667 2246 3337 2246 3335 2247 4666 2247 4663 2247 3336 2248 4664 2248 3341 2248 3340 2249 4662 2249 4677 2249 3340 2250 4677 2250 3255 2250 3254 2251 4676 2251 4674 2251 3254 2252 4674 2252 3227 2252 3226 2253 4673 2253 4222 2253 3226 2254 4222 2254 3231 2254 4671 2255 3329 2255 4126 2255 4125 2256 3328 2256 3324 2256 4127 2257 3325 2257 4130 2257 4129 2258 3323 2258 3321 2258 4129 2259 3321 2259 4827 2259 4826 2260 3320 2260 3317 2260 4825 2261 3316 2261 4823 2261 4822 2262 3315 2262 3312 2262 4822 2263 3312 2263 4817 2263 4816 2264 3311 2264 3732 2264 4816 2265 3732 2265 4657 2265 4656 2266 3731 2266 3465 2266 4656 2267 3465 2267 4291 2267 3441 2268 4741 2268 3445 2268 3443 2269 4740 2269 4736 2269 3444 2270 4737 2270 3449 2270 3448 2271 4735 2271 4732 2271 3447 2272 4731 2272 3453 2272 3452 2273 4730 2273 4149 2273 3451 2274 4148 2274 3284 2274 3282 2275 4147 2275 4144 2275 3283 2276 4145 2276 3457 2276 3456 2277 4143 2277 4290 2277 3456 2278 4290 2278 3461 2278 4741 2279 3441 2279 4744 2279 4743 2280 3440 2280 3438 2280 4743 2281 3438 2281 4747 2281 4746 2282 3437 2282 3435 2282 4746 2283 3435 2283 4755 2283 4753 2284 3434 2284 3431 2284 4754 2285 3432 2285 4759 2285 4757 2286 3430 2286 3427 2286 4758 2287 3428 2287 4763 2287 4762 2288 3426 2288 3423 2288 4762 2289 3423 2289 4268 2289 4267 2290 3422 2290 3228 2290 4267 2291 3228 2291 4221 2291 3364 2292 4464 2292 3208 2292 3207 2293 4463 2293 4461 2293 3207 2294 4461 2294 3212 2294 3211 2295 4460 2295 4458 2295 3210 2296 4457 2296 3216 2296 3215 2297 4456 2297 4454 2297 3215 2298 4454 2298 3513 2298 3512 2299 4453 2299 4160 2299 3512 2300 4160 2300 3516 2300 3515 2301 4159 2301 4156 2301 3515 2302 4156 2302 3519 2302 4464 2303 3364 2303 4437 2303 4438 2304 3365 2304 3362 2304 4438 2305 3362 2305 4441 2305 4440 2306 3361 2306 3359 2306 4440 2307 3359 2307 4445 2307 4443 2308 3358 2308 3355 2308 4444 2309 3356 2309 4448 2309 4447 2310 3354 2310 3658 2310 4447 2311 3658 2311 4078 2311 4077 2312 3657 2312 3654 2312 4077 2313 3654 2313 4069 2313 4068 2314 3653 2314 3651 2314 4068 2315 3651 2315 4393 2315 3193 2316 4807 2316 3634 2316 3633 2317 4806 2317 4104 2317 3633 2318 4104 2318 3637 2318 3636 2319 4103 2319 4101 2319 3636 2320 4101 2320 3641 2320 3639 2321 4100 2321 4800 2321 3640 2322 4801 2322 3644 2322 3643 2323 4799 2323 4513 2323 3643 2324 4513 2324 3647 2324 3646 2325 4512 2325 4392 2325 3646 2326 4392 2326 3649 2326 4808 2327 3195 2327 4811 2327 4810 2328 3194 2328 3534 2328 4810 2329 3534 2329 4814 2329 4813 2330 3533 2330 3531 2330 4813 2331 3531 2331 4570 2331 4569 2332 3530 2332 3528 2332 4569 2333 3528 2333 4574 2333 4573 2334 3527 2334 3525 2334 4572 2335 3524 2335 4577 2335 4576 2336 3523 2336 3521 2336 4576 2337 3521 2337 4580 2337 4579 2338 3520 2338 3517 2338 4579 2339 3517 2339 4155 2339 3758 2340 4795 2340 3750 2340 3751 2341 4796 2341 4791 2341 3751 2342 4791 2342 3754 2342 3755 2343 4792 2343 4381 2343 3755 2344 4381 2344 3743 2344 3744 2345 4382 2345 4376 2345 3745 2346 4377 2346 3734 2346 3736 2347 4378 2347 4373 2347 3735 2348 4372 2348 3561 2348 3562 2349 4374 2349 4342 2349 3562 2350 4342 2350 3495 2350 4795 2351 3758 2351 4141 2351 4140 2352 3756 2352 3249 2352 4140 2353 3249 2353 4132 2353 4134 2354 3250 2354 3246 2354 4133 2355 3245 2355 4784 2355 4785 2356 3247 2356 3603 2356 4786 2357 3604 2357 4780 2357 4781 2358 3605 2358 3599 2358 4782 2359 3600 2359 4773 2359 4775 2360 3601 2360 3596 2360 4774 2361 3595 2361 4766 2361 4767 2362 3597 2362 3395 2362 4768 2363 3396 2363 4196 2363 3370 2364 4237 2364 3374 2364 3375 2365 4238 2365 4234 2365 3375 2366 4234 2366 3378 2366 3380 2367 4235 2367 4231 2367 3379 2368 4230 2368 3382 2368 3384 2369 4232 2369 4200 2369 3383 2370 4199 2370 3386 2370 3388 2371 4201 2371 4180 2371 3387 2372 4179 2372 3390 2372 3392 2373 4181 2373 4195 2373 3391 2374 4194 2374 3394 2374 4237 2375 3370 2375 4240 2375 4241 2376 3373 2376 3368 2376 4241 2377 3368 2377 4323 2377 4324 2378 3369 2378 3508 2378 4324 2379 3508 2379 4327 2379 4328 2380 3509 2380 3505 2380 4328 2381 3505 2381 4331 2381 4333 2382 3506 2382 3502 2382 4332 2383 3501 2383 4335 2383 4336 2384 3503 2384 3498 2384 4336 2385 3498 2385 4338 2385 4339 2386 3499 2386 3494 2386 4339 2387 3494 2387 4341 2387 3702 2388 4408 2388 3705 2388 3706 2389 4409 2389 4404 2389 3706 2390 4404 2390 3708 2390 3709 2391 4405 2391 4400 2391 3709 2392 4400 2392 3711 2392 3712 2393 4401 2393 4561 2393 3713 2394 4562 2394 3715 2394 3717 2395 4563 2395 4557 2395 3716 2348 4556 2348 3720 2348 3721 2396 4558 2396 4554 2396 3721 2350 4554 2350 3351 2350 4408 2397 3702 2397 4274 2397 4273 2398 3699 2398 3695 2398 4273 2399 3695 2399 4277 2399 4279 2400 3696 2400 3692 2400 4278 2401 3691 2401 4281 2401 4282 2356 3693 2356 3687 2356 4283 2402 3688 2402 4285 2402 4286 2358 3689 2358 3683 2358 4287 2359 3684 2359 4605 2359 4607 2403 3685 2403 3680 2403 4606 2404 3679 2404 4610 2404 4611 2405 3681 2405 3278 2405 4612 2406 3279 2406 4616 2406 3770 2407 4633 2407 3773 2407 3774 2408 4634 2408 4630 2408 3774 2409 4630 2409 3662 2409 3664 2410 4631 2410 4627 2410 3663 2411 4626 2411 3666 2411 3668 2412 4628 2412 4623 2412 3667 2413 4622 2413 3670 2413 3672 2414 4624 2414 4619 2414 3671 2415 4618 2415 3674 2415 3676 2416 4620 2416 4615 2416 3675 2417 4614 2417 3277 2417 4633 2418 3770 2418 4088 2418 4089 2419 3772 2419 3768 2419 4089 2420 3768 2420 4537 2420 4538 2421 3769 2421 3270 2421 4538 2379 3270 2379 4540 2379 4541 2422 3271 2422 3267 2422 4541 2423 3267 2423 4543 2423 4545 2424 3268 2424 3762 2424 4544 2425 3761 2425 4547 2425 4548 2426 3763 2426 3610 2426 4548 2427 3610 2427 4550 2427 4551 2428 3611 2428 3350 2428 4551 2387 3350 2387 4553 2387 3766 2429 4094 2429 3275 2429 3276 2430 4095 2430 4091 2430 3276 2431 4091 2431 3614 2431 3616 2432 4092 2432 4085 2432 3615 2433 4084 2433 3618 2433 3619 2434 4086 2434 4080 2434 3619 2435 4080 2435 3621 2435 3622 2436 4081 2436 4533 2436 3622 2437 4533 2437 3624 2437 3625 2438 4534 2438 4530 2438 3625 2439 4530 2439 3627 2439 3629 2440 4531 2440 4527 2440 3628 2441 4526 2441 3631 2441 3632 2442 4528 2442 4523 2442 3632 2443 4523 2443 3257 2443 3258 2444 4524 2444 4520 2444 3258 2445 4520 2445 3260 2445 3261 2446 4521 2446 4516 2446 3261 2447 4516 2447 3263 2447 3264 2448 4517 2448 4106 2448 3264 2449 4106 2449 3198 2449 3199 2450 4107 2450 4804 2450 3199 2451 4804 2451 3192 2451 4094 2452 3766 2452 4098 2452 4097 2453 3764 2453 3659 2453 4097 2454 3659 2454 4119 2454 4120 2455 3660 2455 3296 2455 4120 2456 3296 2456 4116 2456 4117 2457 3297 2457 3293 2457 4117 2458 3293 2458 4113 2458 4114 2459 3294 2459 3289 2459 4114 2460 3289 2460 4109 2460 4110 2461 3290 2461 3480 2461 4110 2462 3480 2462 4636 2462 4637 2463 3481 2463 3477 2463 4637 2464 3477 2464 4640 2464 4641 2465 3478 2465 3473 2465 4641 2466 3473 2466 4644 2466 4645 2467 3474 2467 3470 2467 4645 2468 3470 2468 4647 2468 4648 2469 3471 2469 3466 2469 4648 2470 3466 2470 4650 2470 4651 2471 3467 2471 3725 2471 4651 2472 3725 2472 4653 2472 4654 2473 3726 2473 3306 2473 4654 2474 3306 2474 4819 2474 4820 2475 3307 2475 3301 2475 4820 2476 3301 2476 4123 2476 3746 2477 4777 2477 3242 2477 3243 2478 4778 2478 4770 2478 3243 2479 4770 2479 3398 2479 3399 2480 4771 2480 4190 2480 3399 2481 4190 2481 3401 2481 3402 2482 4191 2482 4187 2482 3402 2483 4187 2483 3404 2483 3405 2484 4188 2484 4184 2484 3405 2485 4184 2485 3407 2485 3408 2486 4185 2486 4212 2486 3408 2487 4212 2487 3410 2487 3411 2488 4213 2488 4208 2488 3411 2489 4208 2489 3413 2489 3414 2490 4209 2490 4204 2490 3414 2491 4204 2491 3416 2491 3417 2492 4205 2492 4227 2492 3417 2493 4227 2493 3419 2493 3420 2494 4228 2494 4224 2494 3420 2495 4224 2495 3217 2495 3218 2496 4225 2496 4659 2496 3218 2497 4659 2497 3221 2497 3222 2498 4660 2498 4122 2498 3222 2499 4122 2499 3300 2499 4777 2500 3746 2500 4136 2500 4137 2501 3748 2501 3739 2501 4137 2502 3739 2502 4788 2502 4789 2503 3740 2503 3557 2503 4789 2504 3557 2504 4345 2504 4346 2505 3558 2505 3552 2505 4347 2506 3553 2506 4350 2506 4351 2507 3554 2507 3549 2507 4351 2508 3549 2508 4353 2508 4354 2509 3550 2509 3546 2509 4354 2510 3546 2510 4356 2510 4357 2511 3547 2511 3543 2511 4357 2512 3543 2512 4359 2512 4360 2513 3544 2513 3538 2513 4361 2514 3539 2514 4363 2514 4364 2515 3540 2515 3234 2515 4364 2516 3234 2516 4366 2516 4367 2517 3235 2517 3237 2517 4367 2518 3237 2518 4369 2518 4370 2519 3238 2519 3240 2519 4370 2520 3240 2520 4175 2520 4176 2521 3241 2521 3201 2521 4176 2522 3201 2522 4566 2522 4567 2523 3202 2523 3191 2523 4567 2524 3191 2524 4803 2524 4318 2525 3945 2525 4679 2525 4680 2526 3946 2526 3942 2526 4680 2527 3942 2527 4682 2527 4683 2528 3943 2528 3939 2528 4683 2529 3939 2529 4686 2529 4687 2530 3940 2530 3936 2530 4687 2531 3936 2531 4690 2531 4691 2532 3937 2532 3933 2532 4691 2533 3933 2533 4693 2533 4694 2534 3934 2534 3930 2534 4694 2535 3930 2535 4696 2535 4697 2536 3931 2536 3927 2536 4697 2537 3927 2537 4699 2537 4700 2538 3928 2538 3924 2538 4700 2539 3924 2539 4215 2539 4216 2540 3925 2540 3921 2540 4216 2541 3921 2541 4218 2541 4219 2542 3922 2542 3918 2542 4219 2543 3918 2543 4244 2543 4245 2544 3919 2544 3914 2544 4246 2545 3915 2545 4248 2545 4249 2546 3916 2546 3911 2546 4249 2547 3911 2547 4251 2547 4252 2548 3912 2548 3907 2548 4253 2549 3908 2549 4255 2549 4256 2550 3909 2550 3904 2550 4256 2551 3904 2551 4258 2551 4259 2552 3905 2552 3901 2552 4259 2553 3901 2553 4261 2553 4262 2554 3902 2554 3898 2554 4262 2555 3898 2555 4264 2555 4265 2556 3899 2556 3895 2556 4265 2557 3895 2557 4749 2557 4750 2558 3896 2558 3892 2558 4750 2559 3892 2559 4725 2559 3945 2560 4318 2560 3949 2560 3950 2561 4319 2561 4602 2561 3950 2562 4602 2562 3776 2562 3777 2563 4603 2563 4599 2563 3777 2564 4599 2564 3780 2564 3781 2565 4600 2565 4595 2565 3781 2566 4595 2566 3783 2566 3784 2567 4596 2567 4592 2567 3784 2568 4592 2568 3786 2568 3787 2569 4593 2569 4589 2569 3787 2570 4589 2570 3789 2570 3790 2571 4590 2571 4586 2571 3790 2572 4586 2572 3792 2572 3793 2573 4587 2573 4583 2573 3793 2574 4583 2574 3795 2574 3797 2575 4584 2575 4170 2575 3796 2576 4169 2576 3799 2576 3800 2577 4171 2577 4166 2577 3800 2578 4166 2578 3802 2578 3803 2579 4167 2579 4315 2579 3803 2580 4315 2580 3805 2580 3806 2581 4316 2581 4312 2581 3806 2582 4312 2582 3808 2582 3809 2583 4313 2583 4309 2583 3809 2584 4309 2584 3812 2584 3813 2585 4310 2585 4306 2585 3813 2586 4306 2586 3879 2586 3880 2587 4307 2587 4302 2587 3880 2588 4302 2588 3882 2588 3883 2589 4303 2589 4299 2589 3883 2590 4299 2590 3885 2590 3886 2591 4300 2591 4162 2591 3886 2592 4162 2592 3888 2592 3889 2593 4163 2593 4450 2593 3889 2594 4450 2594 3874 2594 3875 2595 4451 2595 4433 2595 3876 2596 4434 2596 3817 2596 4488 2597 3990 2597 4490 2597 4491 2598 3991 2598 3987 2598 4491 2599 3987 2599 4493 2599 4494 2600 3988 2600 3984 2600 4494 2601 3984 2601 4496 2601 4497 2602 3985 2602 3981 2602 4497 2603 3981 2603 4499 2603 4500 2604 3982 2604 3978 2604 4500 2605 3978 2605 4502 2605 4503 2606 3979 2606 3975 2606 4503 2607 3975 2607 4505 2607 4506 2608 3976 2608 3972 2608 4506 2609 3972 2609 4508 2609 4509 2610 3973 2610 3968 2610 4510 2611 3969 2611 4384 2611 4385 2612 3970 2612 3965 2612 4385 2613 3965 2613 4389 2613 4390 2614 3966 2614 3961 2614 4390 2615 3961 2615 4412 2615 4413 2616 3962 2616 3957 2616 4413 2617 3957 2617 4415 2617 4416 2618 3958 2618 3953 2618 4416 2619 3953 2619 4418 2619 4419 2620 3954 2620 4007 2620 4419 2621 4007 2621 4421 2621 4422 2622 4008 2622 4004 2622 4422 2623 4004 2623 4424 2623 4425 2624 4005 2624 4001 2624 4425 2625 4001 2625 4427 2625 4428 2626 4002 2626 3998 2626 4428 2627 3998 2627 4430 2627 4431 2628 3999 2628 3994 2628 4431 2629 3994 2629 4072 2629 4073 2630 3995 2630 3816 2630 4074 2631 3818 2631 4435 2631 3990 2632 4488 2632 4011 2632 4010 2633 4487 2633 4484 2633 4010 2634 4484 2634 4014 2634 4015 2635 4485 2635 4481 2635 4015 2636 4481 2636 4018 2636 4019 2637 4482 2638 4478 2639 4019 2637 4478 2639 4021 2640 4022 2641 4479 2641 4475 2641 4022 2642 4475 2642 4024 2642 4025 2643 4476 2643 4472 2643 4025 2644 4472 2644 4027 2644 4028 2645 4473 2645 4469 2645 4028 2646 4469 2646 4030 2646 4031 2647 4470 2647 4466 2647 4031 2648 4466 2648 4033 2648 4034 2649 4467 2649 4270 2649 4034 2650 4270 2650 4036 2650 4037 2651 4271 2651 4296 2651 4037 2652 4296 2652 4039 2652 4040 2653 4297 2653 4722 2653 4040 2654 4722 2654 4042 2654 4044 2655 4723 2655 4719 2655 4043 2656 4718 2656 4046 2656 4047 2657 4720 2657 4715 2657 4047 2658 4715 2658 4049 2658 4051 2659 4716 2659 4712 2659 4050 2660 4711 2660 4053 2660 4054 2661 4713 2661 4708 2661 4054 2662 4708 2662 4056 2662 4057 2663 4709 2663 4705 2663 4057 2664 4705 2664 4059 2664 4060 2665 4706 2665 4702 2665 4060 2666 4702 2666 4062 2666 4063 2667 4703 2667 4152 2667 4063 2668 4152 2668 4065 2668 4066 2669 4153 2669 4726 2669 4066 2670 4726 2670 3893 2670 1290 2671 1397 2671 822 2671 823 2672 1398 2672 1866 2672 823 2673 1866 2673 1280 2673 1281 2674 1867 2674 1738 2674 1281 2675 1738 2675 1118 2675 1119 2676 1739 2676 1735 2676 1119 2677 1735 2677 1123 2677 1124 2678 1736 2678 1732 2678 1124 2679 1732 2679 1126 2679 1127 2680 1733 2680 1729 2680 1127 2681 1729 2681 1129 2681 1130 2682 1730 2682 1726 2682 1130 2683 1726 2683 1132 2683 1133 2684 1727 2684 1339 2684 1133 2685 1339 2685 765 2685 766 2686 1340 2686 1347 2686 766 2687 1347 2687 759 2687 1397 2688 1290 2688 1893 2688 1895 2689 1291 2689 1296 2689 1895 2690 1296 2690 1888 2690 1889 2691 1297 2691 1302 2691 1889 2692 1302 2692 1882 2692 1883 2693 1303 2693 1311 2693 1883 2694 1311 2694 1904 2694 1905 2695 1312 2695 1206 2695 1905 2696 1206 2696 1787 2696 1788 2697 1207 2697 1224 2697 1788 2698 1224 2698 1808 2698 1809 2699 1225 2699 1214 2699 1810 2700 1215 2700 1802 2700 1803 2701 1216 2701 772 2701 1803 2702 772 2702 1360 2702 1361 2703 773 2703 781 2703 1361 2704 781 2704 1363 2704 1364 2705 782 2705 826 2705 1365 2706 827 2706 1409 2706 1257 2707 1848 2707 1262 2707 1263 2708 1849 2708 1842 2708 1263 2709 1842 2709 1268 2709 1269 2710 1843 2710 1686 2710 1269 2711 1686 2711 1111 2711 1112 2712 1687 2712 1475 2712 1112 2713 1475 2713 849 2713 850 2714 1476 2714 1381 2714 850 2715 1381 2715 798 2715 800 2716 1382 2716 1819 2716 799 2717 1818 2717 1227 2717 1228 2718 1820 2718 1373 2718 1228 2719 1373 2719 784 2719 785 2720 1374 2720 1370 2720 785 2721 1370 2721 787 2721 789 2722 1371 2722 1408 2722 788 2723 1407 2723 825 2723 1848 2724 1257 2724 1855 2724 1853 2725 1256 2725 1247 2725 1853 2726 1247 2726 1832 2726 1833 2727 1248 2727 807 2727 1833 2728 807 2728 1394 2728 1395 2729 808 2729 1088 2729 1395 2730 1088 2730 1671 2730 1672 2731 1089 2731 1085 2731 1672 2732 1085 2732 1631 2732 1632 2733 1086 2733 1082 2733 1632 2734 1082 2734 1634 2734 1635 2735 1083 2735 1079 2735 1635 2736 1079 2736 1637 2736 1638 2737 1080 2737 1075 2737 1638 2738 1075 2738 1640 2738 1641 2739 1076 2739 768 2739 1641 2740 768 2740 1349 2740 1350 2741 769 2741 758 2741 1350 2742 758 2742 1346 2742</p>
        </triangles>
      </mesh>
    </geometry>
  </library_geometries>
  <library_visual_scenes>
    <visual_scene id="Scene" name="Scene">
      <node id="leg_b_001" name="leg_b.001" type="NODE">
        <matrix sid="transform">1 0 0 2.98023e-8 0 1 0 -1.11759e-8 0 0 1 0 0 0 0 1</matrix>
        <instance_geometry url="#Leg_B_003-mesh" name="leg_b.001"/>
      </node>
    </visual_scene>
  </library_visual_scenes>
  <scene>
    <instance_visual_scene url="#Scene"/>
  </scene>
</COLLADA>