<?xml version="1.0" encoding="utf-8"?>
<COLLADA xmlns="http://www.collada.org/2005/11/COLLADASchema" version="1.4.1" xmlns:xsi="http://www.w3.org/2001/XMLSchema-instance">
  <asset>
    <contributor>
      <author>Blender User</author>
      <authoring_tool>Blender 4.2.22 LTS commit date:2026-06-22, commit time:11:10, hash:88937221abfc</authoring_tool>
    </contributor>
    <created>2026-08-07T15:00:10</created>
    <modified>2026-08-07T15:00:10</modified>
    <unit name="meter" meter="1"/>
    <up_axis>Z_UP</up_axis>
  </asset>
  <library_images/>
  <library_geometries>
    <geometry id="Leg_A-mesh" name="Leg_A">
      <mesh>
        <source id="Leg_A-mesh-positions">
          <float_array id="Leg_A-mesh-positions-array" count="15282">0.001048147 -0.007109224 0.002420723 0.001048147 -0.007109224 0.002420723 0.001048147 -0.007109224 0.002420723 0.00155276 -0.002123713 0.002467453 0.00155276 -0.002123713 0.002467453 0.00155276 -0.002123713 0.002467453 0.001032829 -0.00677371 0.00242418 0.001032829 -0.00677371 0.00242418 0.001032829 -0.00677371 0.00242418 6.39192e-4 0.002499341 0.002520799 6.39192e-4 0.002499341 0.002520799 6.39192e-4 0.002499341 0.002520799 3.84631e-4 0.005462229 0.002552628 3.84631e-4 0.005462229 0.002552628 3.84631e-4 0.005462229 0.002552628 3.84631e-4 0.005462229 0.002552628 1.91355e-4 0.002568781 0.002524733 1.91355e-4 0.002568781 0.002524733 1.91355e-4 0.002568781 0.002524733 1.91355e-4 0.002568781 0.002524733 0.002515017 6.99304e-4 0.00248903 0.002515017 6.99304e-4 0.00248903 0.002515017 6.99304e-4 0.00248903 0.005894541 5.19901e-4 0.002462804 0.005894541 5.19901e-4 0.002462804 0.005894541 5.19901e-4 0.002462804 0.006147325 7.41072e-4 0.002463221 0.006147325 7.41072e-4 0.002463221 0.006147325 7.41072e-4 0.002463221 7.83973e-4 -0.006154358 0.002432286 7.83973e-4 -0.006154358 0.002432286 7.83973e-4 -0.006154358 0.002432286 7.83973e-4 -0.006154358 0.002432286 -1.55214e-4 -0.002619326 0.002474784 -1.55214e-4 -0.002619326 0.002474784 -1.55214e-4 -0.002619326 0.002474784 -1.55214e-4 -0.002619326 0.002474784 5.62824e-4 -0.005901515 0.002436399 5.62824e-4 -0.005901515 0.002436399 5.62824e-4 -0.005901515 0.002436399 5.62824e-4 -0.005901515 0.002436399 2.90966e-4 -0.005704283 0.002440392 2.90966e-4 -0.005704283 0.002440392 2.90966e-4 -0.005704283 0.002440392 2.90966e-4 -0.005704283 0.002440392 -1.79701e-5 -0.005572497 0.002443969 -1.79701e-5 -0.005572497 0.002443969 -1.79701e-5 -0.005572497 0.002443969 -1.79701e-5 -0.005572497 0.002443969 -3.48495e-4 -0.005512773 0.002446949 -3.48495e-4 -0.005512773 0.002446949 -3.48495e-4 -0.005512773 0.002446949 -3.48495e-4 -0.005512773 0.002446949 -2.61751e-4 0.002559423 0.002527952 -2.61751e-4 0.002559423 0.002527952 -2.61751e-4 0.002559423 0.002527952 -2.61751e-4 0.002559423 0.002527952 -0.005574345 0.001000106 0.002550542 -0.005574345 0.001000106 0.002550542 -0.005574345 0.001000106 0.002550542 -0.005484819 6.76408e-4 0.002546668 -0.005484819 6.76408e-4 0.002546668 -0.005484819 6.76408e-4 0.002546668 -0.002506554 5.95644e-4 0.002524316 -0.002506554 5.95644e-4 0.002524316 -0.002506554 5.95644e-4 0.002524316 -0.001556217 -0.005998194 0.002450764 -0.001556217 -0.005998194 0.002450764 -0.001556217 -0.005998194 0.002450764 -0.001303374 -0.005777001 0.002451181 -0.001303374 -0.005777001 0.002451181 -0.001303374 -0.005777001 0.002451181 -0.001007735 -0.005617678 0.002450644 -0.001007735 -0.005617678 0.002450644 -0.001007735 -0.005617678 0.002450644 -6.84032e-4 -0.005528092 0.002449214 -6.84032e-4 -0.005528092 0.002449214 -6.84032e-4 -0.005528092 0.002449214 -0.00706613 -0.001055836 0.002540588 -0.00706613 -0.001055836 0.002540588 -0.00706613 -0.001055836 0.002540588 -0.00706613 -0.001055836 0.002540588 -0.00706613 -0.001055836 0.002540588 -0.00168085 -0.007864415 0.002432823 -0.00168085 -0.007864415 0.002432823 -0.00168085 -0.007864415 0.002432823 -0.00168085 -0.007864415 0.002432823 -0.001840233 -0.007568717 0.002436935 -0.001840233 -0.007568717 0.002436935 -0.001840233 -0.007568717 0.002436935 -0.001840233 -0.007568717 0.002436935 -0.001929759 -0.007245063 0.002440869 -0.001929759 -0.007245063 0.002440869 -0.001929759 -0.007245063 0.002440869 -0.001945078 -0.006909489 0.002444386 -0.001945078 -0.006909489 0.002444386 -0.001945078 -0.006909489 0.002444386 -0.001782119 -0.001901209 0.002493798 -0.001782119 -0.001901209 0.002493798 -0.001782119 -0.001901209 0.002493798 -0.0020805 -0.001560091 0.002499401 -0.0020805 -0.001560091 0.002499401 -0.0020805 -0.001560091 0.002499401 -0.0020805 -0.001560091 0.002499401 -0.006730616 -0.001040518 0.002538323 -0.006730616 -0.001040518 0.002538323 -0.006730616 -0.001040518 0.002538323 0.007590472 0.01072752 0.002553761 0.007590472 0.01072752 0.002553761 0.007590472 0.01072752 0.002553761 5.84574e-4 0.008455395 0.002581417 5.84574e-4 0.008455395 0.002581417 5.84574e-4 0.008455395 0.002581417 9.15097e-4 0.008395671 0.002578437 9.15097e-4 0.008395671 0.002578437 9.15097e-4 0.008395671 0.002578437 0.001223981 0.008263885 0.002574861 0.001223981 0.008263885 0.002574861 0.001223981 0.008263885 0.002574861 0.001223981 0.008263885 0.002574861 0.001495838 0.008066654 0.002570927 0.001495838 0.008066654 0.002570927 0.001495838 0.008066654 0.002570927 0.001717031 0.00781387 0.002566754 0.001717031 0.00781387 0.002566754 0.001717031 0.00781387 0.002566754 0.007102251 0.001005291 0.002458989 0.007102251 0.001005291 0.002458989 0.007102251 0.001005291 0.002458989 0.008025109 0.01037335 0.002547025 0.008025109 0.01037335 0.002547025 0.008025109 0.01037335 0.002547025 0.008025109 0.01037335 0.002547025 -0.006056904 0.0116381 0.002661645 -0.006056904 0.0116381 0.002661645 -0.006056904 0.0116381 0.002661645 -0.006534814 0.01134485 0.002662122 -0.006534814 0.01134485 0.002662122 -0.006534814 0.01134485 0.002662122 -0.006866216 0.001937329 0.002569377 -0.006866216 0.001937329 0.002569377 -0.006866216 0.001937329 0.002569377 -0.006866216 0.001937329 0.002569377 -6.2318e-4 0.007970035 0.002585232 -6.2318e-4 0.007970035 0.002585232 -6.2318e-4 0.007970035 0.002585232 -3.70373e-4 0.008191168 0.002585649 -3.70373e-4 0.008191168 0.002585649 -3.70373e-4 0.008191168 0.002585649 -7.46846e-5 0.008350551 0.002585113 -7.46846e-5 0.008350551 0.002585113 -7.46846e-5 0.008350551 0.002585113 2.49035e-4 0.008440077 0.002583682 2.49035e-4 0.008440077 0.002583682 2.49035e-4 0.008440077 0.002583682 9.43322e-4 -0.006449997 0.002428114 9.43322e-4 -0.006449997 0.002428114 9.43322e-4 -0.006449997 0.002428114 9.43322e-4 -0.006449997 0.002428114 0.001165032 -0.002358376 0.00246787 0.001165032 -0.002358376 0.00246787 0.001165032 -0.002358376 0.00246787 7.42485e-4 -0.00252211 0.002469301 7.42485e-4 -0.00252211 0.002469301 7.42485e-4 -0.00252211 0.002469301 2.97889e-4 -0.002609968 0.002471625 2.97889e-4 -0.002609968 0.002471625 2.97889e-4 -0.002609968 0.002471625 0.01283639 -0.02192622 0.002185702 0.01283639 -0.02192622 0.002185702 0.01283639 -0.02192622 0.002185702 0.008483648 -2.55614e-4 0.00243628 0.008483648 -2.55614e-4 0.00243628 0.008483648 -2.55614e-4 0.00243628 0.008498907 -5.91144e-4 0.002432763 0.008498907 -5.91144e-4 0.002432763 0.008498907 -5.91144e-4 0.002432763 0.008439123 -9.21667e-4 0.002429842 0.008439123 -9.21667e-4 0.002429842 0.008439123 -9.21667e-4 0.002429842 0.008439123 -9.21667e-4 0.002429842 0.008307337 -0.001230597 0.002427697 0.008307337 -0.001230597 0.002427697 0.008307337 -0.001230597 0.002427697 0.008110046 -0.001502454 0.002426326 0.008110046 -0.001502454 0.002426326 0.008110046 -0.001502454 0.002426326 0.007857263 -0.001723587 0.002425968 0.007857263 -0.001723587 0.002425968 0.007857263 -0.001723587 0.002425968 0.007561564 -0.00188297 0.002426445 0.007561564 -0.00188297 0.002426445 0.007561564 -0.00188297 0.002426445 0.007561564 -0.00188297 0.002426445 0.007237851 -0.001972556 0.002427875 0.007237851 -0.001972556 0.002427875 0.007237851 -0.001972556 0.002427875 0.006902337 -0.001987874 0.0024302 0.006902337 -0.001987874 0.0024302 0.006902337 -0.001987874 0.0024302 0.001893877 -0.001825273 0.002467989 0.001893877 -0.001825273 0.002467989 0.001893877 -0.001825273 0.002467989 9.88395e-4 -0.007439732 0.002417802 9.88395e-4 -0.007439732 0.002417802 9.88395e-4 -0.007439732 0.002417802 8.56575e-4 -0.007748663 0.002415597 8.56575e-4 -0.007748663 0.002415597 8.56575e-4 -0.007748663 0.002415597 6.5931e-4 -0.008020579 0.002414286 6.5931e-4 -0.008020579 0.002414286 6.5931e-4 -0.008020579 0.002414286 4.06502e-4 -0.008241713 0.002413868 4.06502e-4 -0.008241713 0.002413868 4.06502e-4 -0.008241713 0.002413868 1.10827e-4 -0.008401095 0.002414405 1.10827e-4 -0.008401095 0.002414405 1.10827e-4 -0.008401095 0.002414405 -2.129e-4 -0.008490681 0.002415835 -2.129e-4 -0.008490681 0.002415835 -2.129e-4 -0.008490681 0.002415835 -5.48436e-4 -0.00850594 0.0024181 -5.48436e-4 -0.00850594 0.0024181 -5.48436e-4 -0.00850594 0.0024181 -5.48436e-4 -0.00850594 0.0024181 -8.78959e-4 -0.008446216 0.00242114 -8.78959e-4 -0.008446216 0.00242114 -8.78959e-4 -0.008446216 0.00242114 -0.00118786 -0.00831443 0.002424657 -0.00118786 -0.00831443 0.002424657 -0.00118786 -0.00831443 0.002424657 -0.001459717 -0.008117198 0.00242865 -0.001459717 -0.008117198 0.00242865 -0.001459717 -0.008117198 0.00242865 -0.001459717 -0.008117198 0.00242865 -0.01559942 -0.02002894 0.002410411 -0.01559942 -0.02002894 0.002410411 -0.01559942 -0.02002894 0.002410411 -0.01559942 -0.02002894 0.002410411 -0.01559942 -0.02002894 0.002410411 -0.01559942 -0.02002894 0.002410411 -0.007396638 -9.96113e-4 0.002543568 -0.007396638 -9.96113e-4 0.002543568 -0.007396638 -9.96113e-4 0.002543568 -0.007705569 -8.64327e-4 0.002547144 -0.007705569 -8.64327e-4 0.002547144 -0.007705569 -8.64327e-4 0.002547144 -0.007977426 -6.67088e-4 0.002551078 -0.007977426 -6.67088e-4 0.002551078 -0.007977426 -6.67088e-4 0.002551078 -0.008198618 -4.14304e-4 0.002555251 -0.008198618 -4.14304e-4 0.002555251 -0.008198618 -4.14304e-4 0.002555251 -0.008357942 -1.1865e-4 0.002559363 -0.008357942 -1.1865e-4 0.002559363 -0.008357942 -1.1865e-4 0.002559363 -0.008447527 2.05055e-4 0.002563297 -0.008447527 2.05055e-4 0.002563297 -0.008447527 2.05055e-4 0.002563297 -0.008447527 2.05055e-4 0.002563297 -0.008462786 5.40592e-4 0.002566814 -0.008462786 5.40592e-4 0.002566814 -0.008462786 5.40592e-4 0.002566814 -0.008462786 5.40592e-4 0.002566814 -0.008403003 8.71114e-4 0.002569735 -0.008403003 8.71114e-4 0.002569735 -0.008403003 8.71114e-4 0.002569735 -0.008403003 8.71114e-4 0.002569735 -0.001753449 -0.006270051 0.002449452 -0.001753449 -0.006270051 0.002449452 -0.001753449 -0.006270051 0.002449452 -6.03054e-4 -0.002549886 0.002478718 -6.03054e-4 -0.002549886 0.002478718 -6.03054e-4 -0.002549886 0.002478718 -0.001031994 -0.002403676 0.002483308 -0.001031994 -0.002403676 0.002483308 -0.001031994 -0.002403676 0.002483308 -0.001429021 -0.002185285 0.002488374 -0.001429021 -0.002185285 0.002488374 -0.001429021 -0.002185285 0.002488374 -0.001885294 -0.006578981 0.002447247 -0.001885294 -0.006578981 0.002447247 -0.001885294 -0.006578981 0.002447247 0.01450258 0.003016948 0.002425849 0.01450258 0.003016948 0.002425849 0.01450258 0.003016948 0.002425849 0.008417308 0.009972751 0.002540171 0.008417308 0.009972751 0.002540171 0.008417308 0.009972751 0.002540171 0.007432758 9.45561e-4 0.002456009 0.007432758 9.45561e-4 0.002456009 0.007432758 9.45561e-4 0.002456009 0.007432758 9.45561e-4 0.002456009 0.007741749 8.13767e-4 0.002452433 0.007741749 8.13767e-4 0.002452433 0.007741749 8.13767e-4 0.002452433 0.008013606 6.16535e-4 0.002448499 0.008013606 6.16535e-4 0.002448499 0.008013606 6.16535e-4 0.002448499 0.008234739 3.6376e-4 0.002444326 0.008234739 3.6376e-4 0.002444326 0.008234739 3.6376e-4 0.002444326 0.008234739 3.6376e-4 0.002444326 0.008394062 6.80908e-5 0.002440154 0.008394062 6.80908e-5 0.002440154 0.008394062 6.80908e-5 0.002440154 0.001876354 0.007518231 0.002562642 0.001876354 0.007518231 0.002562642 0.001876354 0.007518231 0.002562642 0.001965939 0.007194459 0.002558708 0.001965939 0.007194459 0.002558708 0.001965939 0.007194459 0.002558708 0.001981198 0.006858944 0.002555191 0.001981198 0.006858944 0.002555191 0.001981198 0.006858944 0.002555191 0.001921415 0.006528437 0.00255227 0.001921415 0.006528437 0.00255227 0.001921415 0.006528437 0.00255227 0.001789629 0.006219506 0.002550125 0.001789629 0.006219506 0.002550125 0.001789629 0.006219506 0.002550125 0.001592338 0.005947649 0.002548813 0.001592338 0.005947649 0.002548813 0.001592338 0.005947649 0.002548813 0.001339554 0.005726456 0.002548396 0.001339554 0.005726456 0.002548396 0.001339554 0.005726456 0.002548396 0.001043856 0.005567133 0.002548933 0.001043856 0.005567133 0.002548933 0.001043856 0.005567133 0.002548933 0.001043856 0.005567133 0.002548933 7.20167e-4 0.005477547 0.002550363 7.20167e-4 0.005477547 0.002550363 7.20167e-4 0.005477547 0.002550363 7.20167e-4 0.005477547 0.002550363 0.001068115 0.002353131 0.00251621 0.001068115 0.002353131 0.00251621 0.001068115 0.002353131 0.00251621 0.001465201 0.00213474 0.002511143 0.001465201 0.00213474 0.002511143 0.001465201 0.00213474 0.002511143 0.001818299 0.001850664 0.002505719 0.001818299 0.001850664 0.002505719 0.001818299 0.001850664 0.002505719 0.00211668 0.001509547 0.002500116 0.00211668 0.001509547 0.002500116 0.00211668 0.001509547 0.002500116 0.00211668 0.001509547 0.002500116 0.00711888 0.01103079 0.002560257 0.00711888 0.01103079 0.002560257 0.00711888 0.01103079 0.002560257 0.006616353 0.0112794 0.002566397 0.006616353 0.0112794 0.002566397 0.006616353 0.0112794 0.002566397 0.006089091 0.01147007 0.002572119 0.006089091 0.01147007 0.002572119 0.006089091 0.01147007 0.002572119 0.006089091 0.01147007 0.002572119 0.005543828 0.01160061 0.002577364 0.005543828 0.01160061 0.002577364 0.005543828 0.01160061 0.002577364 0.005543828 0.01160061 0.002577364 0.004987359 0.01166927 0.002582132 0.004987359 0.01166927 0.002582132 0.004987359 0.01166927 0.002582132 -0.003351628 0.01222568 0.002647995 -0.003351628 0.01222568 0.002647995 -0.003351628 0.01222568 0.002647995 -0.003912329 0.01223158 0.002652108 -0.003912329 0.01223158 0.002652108 -0.003912329 0.01223158 0.002652108 -0.004470109 0.01217466 0.002655565 -0.004470109 0.01217466 0.002655565 -0.004470109 0.01217466 0.002655565 -0.005018055 0.01205569 0.002658307 -0.005018055 0.01205569 0.002658307 -0.005018055 0.01205569 0.002658307 -0.005549192 0.01187604 0.002660334 -0.005549192 0.01187604 0.002660334 -0.005549192 0.01187604 0.002660334 0.002351284 0.001121878 0.002494513 0.002351284 0.001121878 0.002494513 0.002351284 0.001121878 0.002494513 0.006443023 9.00425e-4 0.002462685 0.006443023 9.00425e-4 0.002462685 0.006443023 9.00425e-4 0.002462685 0.006766736 9.90011e-4 0.002461254 0.006766736 9.90011e-4 0.002461254 0.006766736 9.90011e-4 0.002461254 0.006766736 9.90011e-4 0.002461254 0.006571829 -0.001928091 0.00243318 0.006571829 -0.001928091 0.00243318 0.006571829 -0.001928091 0.00243318 0.006571829 -0.001928091 0.00243318 0.006262838 -0.001796305 0.002436757 0.006262838 -0.001796305 0.002436757 0.006262838 -0.001796305 0.002436757 0.002178013 -0.001472175 0.002469539 0.002178013 -0.001472175 0.002469539 0.002178013 -0.001472175 0.002469539 -0.006535649 0.001877546 0.002566397 -0.006535649 0.001877546 0.002566397 -0.006535649 0.001877546 0.002566397 -0.006535649 0.001877546 0.002566397 -0.002141833 0.00142163 0.002530038 -0.002141833 0.00142163 0.002530038 -0.002141833 0.00142163 0.002530038 -0.001857757 0.001774728 0.002531528 -0.001857757 0.001774728 0.002531528 -0.001857757 0.001774728 0.002531528 -0.00151664 0.002073168 0.002532064 -0.00151664 0.002073168 0.002532064 -0.00151664 0.002073168 0.002532064 -0.001128911 0.002307772 0.002531647 -0.001128911 0.002307772 0.002531647 -0.001128911 0.002307772 0.002531647 -0.001128911 0.002307772 0.002531647 -7.06353e-4 0.002471566 0.002530276 -7.06353e-4 0.002471566 0.002530276 -7.06353e-4 0.002471566 0.002530276 5.41089e-5 0.005521953 0.002555608 5.41089e-5 0.005521953 0.002555608 5.41089e-5 0.005521953 0.002555608 -2.54827e-4 0.005653738 0.002559185 -2.54827e-4 0.005653738 0.002559185 -2.54827e-4 0.005653738 0.002559185 -2.54827e-4 0.005653738 0.002559185 -5.26691e-4 0.00585097 0.002563118 -5.26691e-4 0.00585097 0.002563118 -5.26691e-4 0.00585097 0.002563118 -7.47835e-4 0.006103754 0.002567291 -7.47835e-4 0.006103754 0.002567291 -7.47835e-4 0.006103754 0.002567291 -9.07186e-4 0.006399452 0.002571403 -9.07186e-4 0.006399452 0.002571403 -9.07186e-4 0.006399452 0.002571403 -9.96744e-4 0.006723165 0.002575337 -9.96744e-4 0.006723165 0.002575337 -9.96744e-4 0.006723165 0.002575337 -0.001011967 0.00705868 0.002578854 -0.001011967 0.00705868 0.002578854 -0.001011967 0.00705868 0.002578854 -9.52253e-4 0.007389187 0.002581775 -9.52253e-4 0.007389187 0.002581775 -9.52253e-4 0.007389187 0.002581775 -9.52253e-4 0.007389187 0.002581775 -8.20437e-4 0.007698118 0.00258392 -8.20437e-4 0.007698118 0.00258392 -8.20437e-4 0.007698118 0.00258392 -0.01393324 0.004914283 0.002650558 -0.01393324 0.004914283 0.002650558 -0.01393324 0.004914283 0.002650558 -0.01393324 0.004914283 0.002650558 -0.008271217 0.001180052 0.00257188 -0.008271217 0.001180052 0.00257188 -0.008271217 0.001180052 0.00257188 -0.008271217 0.001180052 0.00257188 -0.008073925 0.001451909 0.002573192 -0.008073925 0.001451909 0.002573192 -0.008073925 0.001451909 0.002573192 -0.007821142 0.001673042 0.002573609 -0.007821142 0.001673042 0.002573609 -0.007821142 0.001673042 0.002573609 -0.007525444 0.001832425 0.002573072 -0.007525444 0.001832425 0.002573072 -0.007525444 0.001832425 0.002573072 -0.007201731 0.001922011 0.002571642 -0.007201731 0.001922011 0.002571642 -0.007201731 0.001922011 0.002571642 -0.007201731 0.001922011 0.002571642 -0.006976842 0.01099991 0.002661824 -0.006976842 0.01099991 0.002661824 -0.006976842 0.01099991 0.002661824 0.00569725 2.48045e-4 0.002461493 0.00569725 2.48045e-4 0.002461493 0.00569725 2.48045e-4 0.002461493 0.002602875 2.54728e-4 0.002483904 0.002602875 2.54728e-4 0.002483904 0.002602875 2.54728e-4 0.002483904 0.005565464 -6.0901e-5 0.002459347 0.005565464 -6.0901e-5 0.002459347 0.005565464 -6.0901e-5 0.002459347 0.005505681 -3.91431e-4 0.002456426 0.005505681 -3.91431e-4 0.002456426 0.005505681 -3.91431e-4 0.002456426 0.002612173 -1.98372e-4 0.002479255 0.002612173 -1.98372e-4 0.002479255 0.002612173 -1.98372e-4 0.002479255 0.005520939 -7.26953e-4 0.002452909 0.005520939 -7.26953e-4 0.002452909 0.005520939 -7.26953e-4 0.002452909 0.002542674 -6.46196e-4 0.002475261 0.002542674 -6.46196e-4 0.002475261 0.002542674 -6.46196e-4 0.002475261 0.005610525 -0.001050651 0.002448976 0.005610525 -0.001050651 0.002448976 0.005610525 -0.001050651 0.002448976 0.002396464 -0.001075148 0.002471983 0.002396464 -0.001075148 0.002471983 0.002396464 -0.001075148 0.002471983 0.005769848 -0.00134629 0.002444863 0.005769848 -0.00134629 0.002444863 0.005769848 -0.00134629 0.002444863 0.005990982 -0.001599073 0.00244069 0.005990982 -0.001599073 0.00244069 0.005990982 -0.001599073 0.00244069 -0.005954861 0.001548528 0.002558887 -0.005954861 0.001548528 0.002558887 -0.005954861 0.001548528 0.002558887 -0.005954861 0.001548528 0.002558887 -0.002360343 0.001024603 0.002527594 -0.002360343 0.001024603 0.002527594 -0.002360343 0.001024603 0.002527594 -0.006226718 0.00174576 0.00256282 -0.006226718 0.00174576 0.00256282 -0.006226718 0.00174576 0.00256282 -0.005733728 0.001295745 0.002554714 -0.005733728 0.001295745 0.002554714 -0.005733728 0.001295745 0.002554714 -0.005733728 0.001295745 0.002554714 -0.002576053 1.47812e-4 0.002520263 -0.002576053 1.47812e-4 0.002520263 -0.002576053 1.47812e-4 0.002520263 -0.005469501 3.40886e-4 0.002543151 -0.005469501 3.40886e-4 0.002543151 -0.005469501 3.40886e-4 0.002543151 -0.002566754 -3.0528e-4 0.002515614 -0.002566754 -3.0528e-4 0.002515614 -0.002566754 -3.0528e-4 0.002515614 -0.005529284 1.03563e-5 0.00254023 -0.005529284 1.03563e-5 0.00254023 -0.005529284 1.03563e-5 0.00254023 -0.002478897 -7.49864e-4 0.002510488 -0.002478897 -7.49864e-4 0.002510488 -0.002478897 -7.49864e-4 0.002510488 -0.005661129 -2.98582e-4 0.002538084 -0.005661129 -2.98582e-4 0.002538084 -0.005661129 -2.98582e-4 0.002538084 -0.005858361 -5.70446e-4 0.002536714 -0.005858361 -5.70446e-4 0.002536714 -0.005858361 -5.70446e-4 0.002536714 -0.002315163 -0.001172423 0.002505064 -0.002315163 -0.001172423 0.002505064 -0.002315163 -0.001172423 0.002505064 -0.006111204 -7.91624e-4 0.002536356 -0.006111204 -7.91624e-4 0.002536356 -0.006111204 -7.91624e-4 0.002536356 -0.006406843 -9.50977e-4 0.002536833 -0.006406843 -9.50977e-4 0.002536833 -0.006406843 -9.50977e-4 0.002536833 0.004542291 -0.03520405 -0.002888977 0.004542291 -0.03520405 -0.002888977 0.004542291 -0.03520405 -0.002888977 0.004542291 -0.03520405 -0.002888977 0.004410505 -0.03551298 -0.002891123 0.004410505 -0.03551298 -0.002891123 0.004410505 -0.03551298 -0.002891123 0.004410505 -0.03551298 -0.002891123 -5.84575e-4 -0.008455395 -0.002581417 -5.84575e-4 -0.008455395 -0.002581417 -5.84575e-4 -0.008455395 -0.002581417 -5.84575e-4 -0.008455395 -0.002581417 0.004350721 -0.03584349 -0.002894043 0.004350721 -0.03584349 -0.002894043 0.004350721 -0.03584349 -0.002894043 -0.001965939 -0.007194459 -0.002558708 -0.001965939 -0.007194459 -0.002558708 -0.001965939 -0.007194459 -0.002558708 -0.007102251 -0.001005291 -0.002458989 -0.007102251 -0.001005291 -0.002458989 -0.007102251 -0.001005291 -0.002458989 -0.001981198 -0.006858944 -0.002555191 -0.001981198 -0.006858944 -0.002555191 -0.001981198 -0.006858944 -0.002555191 -0.001981198 -0.006858944 -0.002555191 1.55218e-4 0.002619385 -0.002474784 1.55218e-4 0.002619385 -0.002474784 1.55218e-4 0.002619385 -0.002474784 1.55218e-4 0.002619385 -0.002474784 3.48492e-4 0.005512773 -0.002446949 3.48492e-4 0.005512773 -0.002446949 3.48492e-4 0.005512773 -0.002446949 3.48492e-4 0.005512773 -0.002446949 6.03052e-4 0.002549886 -0.002478718 6.03052e-4 0.002549886 -0.002478718 6.03052e-4 0.002549886 -0.002478718 6.03052e-4 0.002549886 -0.002478718 0.006111204 7.91609e-4 -0.002536356 0.006111204 7.91609e-4 -0.002536356 0.006111204 7.91609e-4 -0.002536356 0.005858361 5.70454e-4 -0.002536714 0.005858361 5.70454e-4 -0.002536714 0.005858361 5.70454e-4 -0.002536714 0.002478897 7.49864e-4 -0.002510488 0.002478897 7.49864e-4 -0.002510488 0.002478897 7.49864e-4 -0.002510488 2.54827e-4 -0.005653738 -0.002559185 2.54827e-4 -0.005653738 -0.002559185 2.54827e-4 -0.005653738 -0.002559185 2.54827e-4 -0.005653738 -0.002559185 -1.91353e-4 -0.002568781 -0.002524733 -1.91353e-4 -0.002568781 -0.002524733 -1.91353e-4 -0.002568781 -0.002524733 -1.91353e-4 -0.002568781 -0.002524733 5.26685e-4 -0.00585097 -0.002563118 5.26685e-4 -0.00585097 -0.002563118 5.26685e-4 -0.00585097 -0.002563118 5.26685e-4 -0.00585097 -0.002563118 -5.41084e-5 -0.005521953 -0.002555608 -5.41084e-5 -0.005521953 -0.002555608 -5.41084e-5 -0.005521953 -0.002555608 -5.41084e-5 -0.005521953 -0.002555608 -3.84633e-4 -0.005462229 -0.002552628 -3.84633e-4 -0.005462229 -0.002552628 -3.84633e-4 -0.005462229 -0.002552628 -2.9789e-4 0.002609968 -0.002471625 -2.9789e-4 0.002609968 -0.002471625 -2.9789e-4 0.002609968 -0.002471625 -2.9789e-4 0.002609968 -0.002471625 -0.002542674 6.46204e-4 -0.002475261 -0.002542674 6.46204e-4 -0.002475261 -0.002542674 6.46204e-4 -0.002475261 -0.005520939 7.26961e-4 -0.002452909 -0.005520939 7.26961e-4 -0.002452909 -0.005520939 7.26961e-4 -0.002452909 -0.005610525 0.001050651 -0.002448976 -0.005610525 0.001050651 -0.002448976 -0.005610525 0.001050651 -0.002448976 -0.005610525 0.001050651 -0.002448976 -0.001043856 -0.005567073 -0.002548933 -0.001043856 -0.005567073 -0.002548933 -0.001043856 -0.005567073 -0.002548933 -0.001339554 -0.005726456 -0.002548396 -0.001339554 -0.005726456 -0.002548396 -0.001339554 -0.005726456 -0.002548396 -0.001339554 -0.005726456 -0.002548396 -7.20171e-4 -0.005477547 -0.002550363 -7.20171e-4 -0.005477547 -0.002550363 -7.20171e-4 -0.005477547 -0.002550363 0.007554292 0.01077806 -0.002445816 0.007554292 0.01077806 -0.002445816 0.007554292 0.01077806 -0.002445816 0.007988929 0.01042389 -0.002452492 0.007988929 0.01042389 -0.002452492 0.007988929 0.01042389 -0.002452492 0.00706613 0.001055836 -0.002540588 0.00706613 0.001055836 -0.002540588 0.00706613 0.001055836 -0.002540588 0.00706613 0.001055836 -0.002540588 0.00706613 0.001055836 -0.002540588 0.00168085 0.007864415 -0.002432823 0.00168085 0.007864415 -0.002432823 0.00168085 0.007864415 -0.002432823 0.00168085 0.007864415 -0.002432823 0.001459717 0.008117198 -0.00242865 0.001459717 0.008117198 -0.00242865 0.001459717 0.008117198 -0.00242865 0.001459717 0.008117198 -0.00242865 0.00118786 0.00831443 -0.002424657 0.00118786 0.00831443 -0.002424657 0.00118786 0.00831443 -0.002424657 8.78959e-4 0.008446216 -0.00242114 8.78959e-4 0.008446216 -0.00242114 8.78959e-4 0.008446216 -0.00242114 5.48435e-4 0.00850594 -0.0024181 5.48435e-4 0.00850594 -0.0024181 5.48435e-4 0.00850594 -0.0024181 -2.49038e-4 -0.008440077 -0.002583682 -2.49038e-4 -0.008440077 -0.002583682 -2.49038e-4 -0.008440077 -0.002583682 7.46876e-5 -0.008350551 -0.002585113 7.46876e-5 -0.008350551 -0.002585113 7.46876e-5 -0.008350551 -0.002585113 3.70363e-4 -0.008191168 -0.002585649 3.70363e-4 -0.008191168 -0.002585649 3.70363e-4 -0.008191168 -0.002585649 6.23171e-4 -0.007969975 -0.002585232 6.23171e-4 -0.007969975 -0.002585232 6.23171e-4 -0.007969975 -0.002585232 8.20436e-4 -0.007698118 -0.00258392 8.20436e-4 -0.007698118 -0.00258392 8.20436e-4 -0.007698118 -0.00258392 8.20436e-4 -0.007698118 -0.00258392 9.52255e-4 -0.007389187 -0.002581775 9.52255e-4 -0.007389187 -0.002581775 9.52255e-4 -0.007389187 -0.002581775 9.52255e-4 -0.007389187 -0.002581775 0.001011967 -0.00705868 -0.002578854 0.001011967 -0.00705868 -0.002578854 0.001011967 -0.00705868 -0.002578854 0.00151664 -0.002073168 -0.002532064 0.00151664 -0.002073168 -0.002532064 0.00151664 -0.002073168 -0.002532064 0.001857757 -0.001774728 -0.002531528 0.001857757 -0.001774728 -0.002531528 0.001857757 -0.001774728 -0.002531528 0.006866157 -0.001937329 -0.002569377 0.006866157 -0.001937329 -0.002569377 0.006866157 -0.001937329 -0.002569377 0.004739582 -0.03493219 -0.002887606 0.004739582 -0.03493219 -0.002887606 0.004739582 -0.03493219 -0.002887606 -0.006093025 0.01168864 -0.002337932 -0.006093025 0.01168864 -0.002337932 -0.006093025 0.01168864 -0.002337932 2.12895e-4 0.008490681 -0.002415835 2.12895e-4 0.008490681 -0.002415835 2.12895e-4 0.008490681 -0.002415835 -1.10824e-4 0.008401095 -0.002414405 -1.10824e-4 0.008401095 -0.002414405 -1.10824e-4 0.008401095 -0.002414405 -4.06513e-4 0.008241713 -0.002413868 -4.06513e-4 0.008241713 -0.002413868 -4.06513e-4 0.008241713 -0.002413868 -6.59319e-4 0.008020579 -0.002414286 -6.59319e-4 0.008020579 -0.002414286 -6.59319e-4 0.008020579 -0.002414286 -6.59319e-4 0.008020579 -0.002414286 -0.006902337 0.001987874 -0.00243014 -0.006902337 0.001987874 -0.00243014 -0.006902337 0.001987874 -0.00243014 -0.006902337 0.001987874 -0.00243014 -0.006902337 0.001987874 -0.00243014 -0.006902337 0.001987874 -0.00243014 -0.006570935 0.01139539 -0.002337455 -0.006570935 0.01139539 -0.002337455 -0.006570935 0.01139539 -0.002337455 -0.006570935 0.01139539 -0.002337455 0.003772795 -0.0444954 -0.002977311 0.003772795 -0.0444954 -0.002977311 0.003772795 -0.0444954 -0.002977311 0.003772795 -0.0444954 -0.002977311 0.003772795 -0.0444954 -0.002977311 -0.0171799 -0.04309737 -0.002811729 -0.0171799 -0.04309737 -0.002811729 -0.0171799 -0.04309737 -0.002811729 -0.001876354 -0.007518172 -0.002562642 -0.001876354 -0.007518172 -0.002562642 -0.001876354 -0.007518172 -0.002562642 -0.001717031 -0.00781387 -0.002566754 -0.001717031 -0.00781387 -0.002566754 -0.001717031 -0.00781387 -0.002566754 -0.001717031 -0.00781387 -0.002566754 -0.001495897 -0.008066654 -0.002570927 -0.001495897 -0.008066654 -0.002570927 -0.001495897 -0.008066654 -0.002570927 -0.001223981 -0.008263885 -0.002574861 -0.001223981 -0.008263885 -0.002574861 -0.001223981 -0.008263885 -0.002574861 -9.15098e-4 -0.008395671 -0.002578437 -9.15098e-4 -0.008395671 -0.002578437 -9.15098e-4 -0.008395671 -0.002578437 -9.15098e-4 -0.008395671 -0.002578437 0.007737994 -0.03541725 -0.00291419 0.007737994 -0.03541725 -0.00291419 0.007737994 -0.03541725 -0.00291419 0.00757867 -0.03512161 -0.002910077 0.00757867 -0.03512161 -0.002910077 0.00757867 -0.03512161 -0.002910077 0.007357537 -0.03486877 -0.002905905 0.007357537 -0.03486877 -0.002905905 0.007357537 -0.03486877 -0.002905905 0.00708568 -0.0346716 -0.002901971 0.00708568 -0.0346716 -0.002901971 0.00708568 -0.0346716 -0.002901971 0.00708568 -0.0346716 -0.002901971 0.00677669 -0.03453981 -0.002898395 0.00677669 -0.03453981 -0.002898395 0.00677669 -0.03453981 -0.002898395 0.00677669 -0.03453981 -0.002898395 0.006446182 -0.03448003 -0.002895414 0.006446182 -0.03448003 -0.002895414 0.006446182 -0.03448003 -0.002895414 0.005947351 -0.03444677 -0.002891421 0.005947351 -0.03444677 -0.002891421 0.005947351 -0.03444677 -0.002891421 0.005611777 -0.03446209 -0.002889156 0.005611777 -0.03446209 -0.002889156 0.005611777 -0.03446209 -0.002889156 0.005611777 -0.03446209 -0.002889156 0.005288064 -0.03455168 -0.002887725 0.005288064 -0.03455168 -0.002887725 0.005288064 -0.03455168 -0.002887725 0.004992365 -0.034711 -0.002887248 0.004992365 -0.034711 -0.002887248 0.004992365 -0.034711 -0.002887248 0.007827579 -0.03574097 -0.002918124 0.007827579 -0.03574097 -0.002918124 0.007827579 -0.03574097 -0.002918124 0.007827579 -0.03574097 -0.002918124 0.007201731 -0.001922011 -0.002571642 0.007201731 -0.001922011 -0.002571642 0.007201731 -0.001922011 -0.002571642 0.007201731 -0.001922011 -0.002571642 0.007525444 -0.001832425 -0.002573072 0.007525444 -0.001832425 -0.002573072 0.007525444 -0.001832425 -0.002573072 0.007525444 -0.001832425 -0.002573072 0.007842838 -0.03607648 -0.00292164 0.007842838 -0.03607648 -0.00292164 0.007842838 -0.03607648 -0.00292164 0.007842838 -0.03607648 -0.00292164 0.007821142 -0.001673042 -0.002573609 0.007821142 -0.001673042 -0.002573609 0.007821142 -0.001673042 -0.002573609 0.008073925 -0.001451909 -0.002573192 0.008073925 -0.001451909 -0.002573192 0.008073925 -0.001451909 -0.002573192 0.008271217 -0.001180052 -0.00257188 0.008271217 -0.001180052 -0.00257188 0.008271217 -0.001180052 -0.00257188 0.008271217 -0.001180052 -0.00257188 0.008403003 -8.71114e-4 -0.002569735 0.008403003 -8.71114e-4 -0.002569735 0.008403003 -8.71114e-4 -0.002569735 0.008403003 -8.71114e-4 -0.002569735 0.008462786 -5.40592e-4 -0.002566814 0.008462786 -5.40592e-4 -0.002566814 0.008462786 -5.40592e-4 -0.002566814 0.008462786 -5.40592e-4 -0.002566814 0.01446646 0.003067493 -0.002573728 0.01446646 0.003067493 -0.002573728 0.01446646 0.003067493 -0.002573728 0.01446646 0.003067493 -0.002573728 0.01125591 -0.04499471 -0.003036499 0.01125591 -0.04499471 -0.003036499 0.01125591 -0.04499471 -0.003036499 0.007264912 -0.04472839 -0.003004908 0.007264912 -0.04472839 -0.003004908 0.007264912 -0.04472839 -0.003004908 0.008447527 -2.0507e-4 -0.002563297 0.008447527 -2.0507e-4 -0.002563297 0.008447527 -2.0507e-4 -0.002563297 0.008357942 1.1865e-4 -0.002559363 0.008357942 1.1865e-4 -0.002559363 0.008357942 1.1865e-4 -0.002559363 0.008357942 1.1865e-4 -0.002559363 0.008198618 4.14312e-4 -0.002555251 0.008198618 4.14312e-4 -0.002555251 0.008198618 4.14312e-4 -0.002555251 0.007977426 6.67088e-4 -0.002551078 0.007977426 6.67088e-4 -0.002551078 0.007977426 6.67088e-4 -0.002551078 0.007705569 8.64312e-4 -0.002547144 0.007705569 8.64312e-4 -0.002547144 0.007705569 8.64312e-4 -0.002547144 0.007705569 8.64312e-4 -0.002547144 0.007396638 9.96113e-4 -0.002543568 0.007396638 9.96113e-4 -0.002543568 0.007396638 9.96113e-4 -0.002543568 0.008381187 0.01002329 -0.002459406 0.008381187 0.01002329 -0.002459406 0.008381187 0.01002329 -0.002459406 0.008381187 0.01002329 -0.002459406 0.0020805 0.001560091 -0.002499401 0.0020805 0.001560091 -0.002499401 0.0020805 0.001560091 -0.002499401 0.001782119 0.001901209 -0.002493798 0.001782119 0.001901209 -0.002493798 0.001782119 0.001901209 -0.002493798 0.001429021 0.002185285 -0.002488374 0.001429021 0.002185285 -0.002488374 0.001429021 0.002185285 -0.002488374 0.001031994 0.002403676 -0.002483308 0.001031994 0.002403676 -0.002483308 0.001031994 0.002403676 -0.002483308 6.8403e-4 0.005528032 -0.002449214 6.8403e-4 0.005528032 -0.002449214 6.8403e-4 0.005528032 -0.002449214 6.8403e-4 0.005528032 -0.002449214 0.001007735 0.005617678 -0.002450644 0.001007735 0.005617678 -0.002450644 0.001007735 0.005617678 -0.002450644 0.001303434 0.005777001 -0.002451181 0.001303434 0.005777001 -0.002451181 0.001303434 0.005777001 -0.002451181 0.001556217 0.005998134 -0.002450764 0.001556217 0.005998134 -0.002450764 0.001556217 0.005998134 -0.002450764 0.001753449 0.006270051 -0.002449452 0.001753449 0.006270051 -0.002449452 0.001753449 0.006270051 -0.002449452 0.001885294 0.006578981 -0.002447247 0.001885294 0.006578981 -0.002447247 0.001885294 0.006578981 -0.002447247 0.001945078 0.006909489 -0.002444386 0.001945078 0.006909489 -0.002444386 0.001945078 0.006909489 -0.002444386 0.001929759 0.007245004 -0.002440869 0.001929759 0.007245004 -0.002440869 0.001929759 0.007245004 -0.002440869 0.001840233 0.007568776 -0.002436935 0.001840233 0.007568776 -0.002436935 0.001840233 0.007568776 -0.002436935 0.001840233 0.007568776 -0.002436935 -0.005585372 0.01192659 -0.002339184 -0.005585372 0.01192659 -0.002339184 -0.005585372 0.01192659 -0.002339184 -0.005054175 0.01210623 -0.00234121 -0.005054175 0.01210623 -0.00234121 -0.005054175 0.01210623 -0.00234121 -0.00450623 0.01222521 -0.002343952 -0.00450623 0.01222521 -0.002343952 -0.00450623 0.01222521 -0.002343952 -0.00394845 0.01228213 -0.002347409 -0.00394845 0.01228213 -0.002347409 -0.00394845 0.01228213 -0.002347409 -0.003387808 0.01227623 -0.002351522 -0.003387808 0.01227623 -0.002351522 -0.003387808 0.01227623 -0.002351522 0.004951238 0.01171982 -0.002417445 0.004951238 0.01171982 -0.002417445 0.004951238 0.01171982 -0.002417445 0.005507647 0.01165115 -0.002422153 0.005507647 0.01165115 -0.002422153 0.005507647 0.01165115 -0.002422153 0.00605297 0.01152068 -0.002427458 0.00605297 0.01152068 -0.002427458 0.00605297 0.01152068 -0.002427458 0.00605297 0.01152068 -0.002427458 0.006580173 0.01132994 -0.00243318 0.006580173 0.01132994 -0.00243318 0.006580173 0.01132994 -0.00243318 0.006580173 0.01132994 -0.00243318 0.00708276 0.01108133 -0.00243932 0.00708276 0.01108133 -0.00243932 0.00708276 0.01108133 -0.00243932 0.002315163 0.001172363 -0.002505064 0.002315163 0.001172363 -0.002505064 0.002315163 0.001172363 -0.002505064 0.002315163 0.001172363 -0.002505064 0.006730616 0.001040518 -0.002538263 0.006730616 0.001040518 -0.002538263 0.006730616 0.001040518 -0.002538263 0.006406843 9.5097e-4 -0.002536833 0.006406843 9.5097e-4 -0.002536833 0.006406843 9.5097e-4 -0.002536833 0.002141833 -0.00142163 -0.002530038 0.002141833 -0.00142163 -0.002530038 0.002141833 -0.00142163 -0.002530038 0.006226718 -0.00174576 -0.00256282 0.006226718 -0.00174576 -0.00256282 0.006226718 -0.00174576 -0.00256282 0.006226718 -0.00174576 -0.00256282 0.006535649 -0.001877546 -0.002566397 0.006535649 -0.001877546 -0.002566397 0.006535649 -0.001877546 -0.002566397 -8.56576e-4 0.007748723 -0.002415597 -8.56576e-4 0.007748723 -0.002415597 -8.56576e-4 0.007748723 -0.002415597 -8.56576e-4 0.007748723 -0.002415597 -8.56576e-4 0.007748723 -0.002415597 -9.88392e-4 0.007439732 -0.002417802 -9.88392e-4 0.007439732 -0.002417802 -9.88392e-4 0.007439732 -0.002417802 -0.001048147 0.007109224 -0.002420723 -0.001048147 0.007109224 -0.002420723 -0.001048147 0.007109224 -0.002420723 -0.001032829 0.00677371 -0.00242418 -0.001032829 0.00677371 -0.00242418 -0.001032829 0.00677371 -0.00242418 -9.43325e-4 0.006449997 -0.002428114 -9.43325e-4 0.006449997 -0.002428114 -9.43325e-4 0.006449997 -0.002428114 -7.83973e-4 0.006154298 -0.002432286 -7.83973e-4 0.006154298 -0.002432286 -7.83973e-4 0.006154298 -0.002432286 -5.62831e-4 0.005901515 -0.002436399 -5.62831e-4 0.005901515 -0.002436399 -5.62831e-4 0.005901515 -0.002436399 -5.62831e-4 0.005901515 -0.002436399 -2.90966e-4 0.005704283 -0.002440392 -2.90966e-4 0.005704283 -0.002440392 -2.90966e-4 0.005704283 -0.002440392 1.79699e-5 0.005572497 -0.002443969 1.79699e-5 0.005572497 -0.002443969 1.79699e-5 0.005572497 -0.002443969 1.79699e-5 0.005572497 -0.002443969 -7.42492e-4 0.00252211 -0.002469301 -7.42492e-4 0.00252211 -0.002469301 -7.42492e-4 0.00252211 -0.002469301 -7.42492e-4 0.00252211 -0.002469301 -7.42492e-4 0.00252211 -0.002469301 -0.001165032 0.002358376 -0.00246787 -0.001165032 0.002358376 -0.00246787 -0.001165032 0.002358376 -0.00246787 -0.00155276 0.002123713 -0.002467453 -0.00155276 0.002123713 -0.002467453 -0.00155276 0.002123713 -0.002467453 -0.001893877 0.001825273 -0.002467989 -0.001893877 0.001825273 -0.002467989 -0.001893877 0.001825273 -0.002467989 -0.002178013 0.001472234 -0.002469539 -0.002178013 0.001472234 -0.002469539 -0.002178013 0.001472234 -0.002469539 -0.006571829 0.001928091 -0.00243318 -0.006571829 0.001928091 -0.00243318 -0.006571829 0.001928091 -0.00243318 -0.006571829 0.001928091 -0.00243318 -0.008498907 5.91159e-4 -0.002432763 -0.008498907 5.91159e-4 -0.002432763 -0.008498907 5.91159e-4 -0.002432763 -0.008498907 5.91159e-4 -0.002432763 -0.008483648 2.55614e-4 -0.00243628 -0.008483648 2.55614e-4 -0.00243628 -0.008483648 2.55614e-4 -0.00243628 -0.008394062 -6.80983e-5 -0.002440154 -0.008394062 -6.80983e-5 -0.002440154 -0.008394062 -6.80983e-5 -0.002440154 -0.008234739 -3.6376e-4 -0.002444326 -0.008234739 -3.6376e-4 -0.002444326 -0.008234739 -3.6376e-4 -0.002444326 -0.008013606 -6.16543e-4 -0.002448499 -0.008013606 -6.16543e-4 -0.002448499 -0.008013606 -6.16543e-4 -0.002448499 -0.007741749 -8.13775e-4 -0.002452433 -0.007741749 -8.13775e-4 -0.002452433 -0.007741749 -8.13775e-4 -0.002452433 -0.007432818 -9.45561e-4 -0.002456009 -0.007432818 -9.45561e-4 -0.002456009 -0.007432818 -9.45561e-4 -0.002456009 -0.007432818 -9.45561e-4 -0.002456009 -0.01396942 0.004964828 -0.002348959 -0.01396942 0.004964828 -0.002348959 -0.01396942 0.004964828 -0.002348959 -0.01396942 0.004964828 -0.002348959 -0.007012963 0.01105046 -0.002337753 -0.007012963 0.01105046 -0.002337753 -0.007012963 0.01105046 -0.002337753 -0.007237851 0.001972556 -0.002427875 -0.007237851 0.001972556 -0.002427875 -0.007237851 0.001972556 -0.002427875 -0.007561564 0.00188297 -0.002426445 -0.007561564 0.00188297 -0.002426445 -0.007561564 0.00188297 -0.002426445 -0.007857263 0.001723587 -0.002425968 -0.007857263 0.001723587 -0.002425968 -0.007857263 0.001723587 -0.002425968 -0.008110046 0.001502454 -0.002426326 -0.008110046 0.001502454 -0.002426326 -0.008110046 0.001502454 -0.002426326 -0.008110046 0.001502454 -0.002426326 -0.008307337 0.001230597 -0.002427697 -0.008307337 0.001230597 -0.002427697 -0.008307337 0.001230597 -0.002427697 -0.008439183 9.21667e-4 -0.002429842 -0.008439183 9.21667e-4 -0.002429842 -0.008439183 9.21667e-4 -0.002429842 7.06346e-4 -0.002471566 -0.002530276 7.06346e-4 -0.002471566 -0.002530276 7.06346e-4 -0.002471566 -0.002530276 7.06346e-4 -0.002471566 -0.002530276 0.001128911 -0.002307772 -0.002531647 0.001128911 -0.002307772 -0.002531647 0.001128911 -0.002307772 -0.002531647 9.96745e-4 -0.006723165 -0.002575337 9.96745e-4 -0.006723165 -0.002575337 9.96745e-4 -0.006723165 -0.002575337 9.96745e-4 -0.006723165 -0.002575337 -0.001068115 -0.002353131 -0.00251621 -0.001068115 -0.002353131 -0.00251621 -0.001068115 -0.002353131 -0.00251621 -0.001921415 -0.006528437 -0.00255227 -0.001921415 -0.006528437 -0.00255227 -0.001921415 -0.006528437 -0.00255227 -0.001921415 -0.006528437 -0.00255227 -0.001921415 -0.006528437 -0.00255227 -0.001465201 -0.00213468 -0.002511143 -0.001465201 -0.00213468 -0.002511143 -0.001465201 -0.00213468 -0.002511143 -0.001465201 -0.00213468 -0.002511143 -0.001818299 -0.001850605 -0.002505719 -0.001818299 -0.001850605 -0.002505719 -0.001818299 -0.001850605 -0.002505719 -0.00211668 -0.001509547 -0.002500116 -0.00211668 -0.001509547 -0.002500116 -0.00211668 -0.001509547 -0.002500116 0.005529284 -1.03563e-5 -0.00254023 0.005529284 -1.03563e-5 -0.00254023 0.005529284 -1.03563e-5 -0.00254023 0.002566754 3.05288e-4 -0.002515614 0.002566754 3.05288e-4 -0.002515614 0.002566754 3.05288e-4 -0.002515614 0.005661129 2.98589e-4 -0.002538084 0.005661129 2.98589e-4 -0.002538084 0.005661129 2.98589e-4 -0.002538084 0.005733728 -0.001295745 -0.002554714 0.005733728 -0.001295745 -0.002554714 0.005733728 -0.001295745 -0.002554714 0.002360343 -0.001024603 -0.002527594 0.002360343 -0.001024603 -0.002527594 0.002360343 -0.001024603 -0.002527594 0.005574345 -0.001000106 -0.002550542 0.005574345 -0.001000106 -0.002550542 0.005574345 -0.001000106 -0.002550542 0.002506554 -5.95644e-4 -0.002524316 0.002506554 -5.95644e-4 -0.002524316 0.002506554 -5.95644e-4 -0.002524316 0.005484819 -6.76401e-4 -0.002546668 0.005484819 -6.76401e-4 -0.002546668 0.005484819 -6.76401e-4 -0.002546668 0.002576053 -1.4782e-4 -0.002520263 0.002576053 -1.4782e-4 -0.002520263 0.002576053 -1.4782e-4 -0.002520263 0.00546956 -3.40879e-4 -0.002543151 0.00546956 -3.40879e-4 -0.002543151 0.00546956 -3.40879e-4 -0.002543151 0.005954861 -0.001548528 -0.002558887 0.005954861 -0.001548528 -0.002558887 0.005954861 -0.001548528 -0.002558887 7.47834e-4 -0.006103754 -0.002567291 7.47834e-4 -0.006103754 -0.002567291 7.47834e-4 -0.006103754 -0.002567291 7.47834e-4 -0.006103754 -0.002567291 2.6175e-4 -0.002559423 -0.002527952 2.6175e-4 -0.002559423 -0.002527952 2.6175e-4 -0.002559423 -0.002527952 9.07183e-4 -0.006399452 -0.002571403 9.07183e-4 -0.006399452 -0.002571403 9.07183e-4 -0.006399452 -0.002571403 9.07183e-4 -0.006399452 -0.002571403 -0.006262898 0.001796305 -0.002436757 -0.006262898 0.001796305 -0.002436757 -0.006262898 0.001796305 -0.002436757 -0.006262898 0.001796305 -0.002436757 -0.002396464 0.001075148 -0.002471983 -0.002396464 0.001075148 -0.002471983 -0.002396464 0.001075148 -0.002471983 -0.005990982 0.001599073 -0.00244069 -0.005990982 0.001599073 -0.00244069 -0.005990982 0.001599073 -0.00244069 -0.005769848 0.00134629 -0.002444863 -0.005769848 0.00134629 -0.002444863 -0.005769848 0.00134629 -0.002444863 -0.005769848 0.00134629 -0.002444863 -0.005894541 -5.19894e-4 -0.002462804 -0.005894541 -5.19894e-4 -0.002462804 -0.005894541 -5.19894e-4 -0.002462804 -0.00569725 -2.4803e-4 -0.002461493 -0.00569725 -2.4803e-4 -0.002461493 -0.00569725 -2.4803e-4 -0.002461493 -0.002515017 -6.99319e-4 -0.00248903 -0.002515017 -6.99319e-4 -0.00248903 -0.002515017 -6.99319e-4 -0.00248903 -0.005565464 6.09085e-5 -0.002459287 -0.005565464 6.09085e-5 -0.002459287 -0.005565464 6.09085e-5 -0.002459287 -0.002602875 -2.54728e-4 -0.002483904 -0.002602875 -2.54728e-4 -0.002483904 -0.002602875 -2.54728e-4 -0.002483904 -0.005505681 3.91446e-4 -0.002456426 -0.005505681 3.91446e-4 -0.002456426 -0.005505681 3.91446e-4 -0.002456426 -0.002612173 1.98364e-4 -0.002479255 -0.002612173 1.98364e-4 -0.002479255 -0.002612173 1.98364e-4 -0.002479255 -0.006443023 -9.00425e-4 -0.002462685 -0.006443023 -9.00425e-4 -0.002462685 -0.006443023 -9.00425e-4 -0.002462685 -0.006147325 -7.41057e-4 -0.002463221 -0.006147325 -7.41057e-4 -0.002463221 -0.006147325 -7.41057e-4 -0.002463221 -0.002351284 -0.001121819 -0.002494513 -0.002351284 -0.001121819 -0.002494513 -0.002351284 -0.001121819 -0.002494513 -0.002351284 -0.001121819 -0.002494513 -0.006766736 -9.90011e-4 -0.002461254 -0.006766736 -9.90011e-4 -0.002461254 -0.006766736 -9.90011e-4 -0.002461254 -0.001592338 -0.005947649 -0.002548813 -0.001592338 -0.005947649 -0.002548813 -0.001592338 -0.005947649 -0.002548813 -0.001592338 -0.005947649 -0.002548813 -0.001789629 -0.006219506 -0.002550125 -0.001789629 -0.006219506 -0.002550125 -0.001789629 -0.006219506 -0.002550125 -0.001789629 -0.006219506 -0.002550125 -6.39192e-4 -0.002499341 -0.002520799 -6.39192e-4 -0.002499341 -0.002520799 -6.39192e-4 -0.002499341 -0.002520799 -6.39192e-4 -0.002499341 -0.002520799 0.006017804 -0.03454536 0.006857752 0.006017804 -0.03454536 0.006857752 0.006017804 -0.03454536 0.006857752 0.006516695 -0.03457862 0.006853818 0.006516695 -0.03457862 0.006853818 0.006516695 -0.03457862 0.006853818 0.006516695 -0.03457862 0.006853818 0.00358808 -0.04841369 0.006735086 0.00358808 -0.04841369 0.006735086 0.00358808 -0.04841369 0.006735086 0.00358808 -0.04841369 0.006735086 0.00358808 -0.04841369 0.006735086 0.00358808 -0.04841369 0.006735086 0.003545284 -0.04835385 8.13988e-4 0.003545284 -0.04835385 8.13988e-4 0.003545284 -0.04835385 8.13988e-4 0.003545045 -0.04831153 4.24206e-4 0.003545045 -0.04831153 4.24206e-4 0.003545045 -0.04831153 4.24206e-4 0.003545045 -0.04831153 4.24206e-4 0.003549933 -0.04819416 5.01424e-5 0.003549933 -0.04819416 5.01424e-5 0.003549933 -0.04819416 5.01424e-5 0.003549933 -0.04819416 5.01424e-5 0.003549933 -0.04819416 5.01424e-5 0.003559708 -0.04800629 -2.93825e-4 0.003559708 -0.04800629 -2.93825e-4 0.003559708 -0.04800629 -2.93825e-4 0.003559708 -0.04800629 -2.93825e-4 0.003559708 -0.04800629 -2.93825e-4 0.003574132 -0.04775506 -5.94495e-4 0.003574132 -0.04775506 -5.94495e-4 0.003574132 -0.04775506 -5.94495e-4 0.003574132 -0.04775506 -5.94495e-4 0.003682792 -0.04591232 -0.002405166 0.003682792 -0.04591232 -0.002405166 0.003682792 -0.04591232 -0.002405166 0.003682792 -0.04591232 -0.002405166 0.00370115 -0.04560744 -0.002650976 0.00370115 -0.04560744 -0.002650976 0.00370115 -0.04560744 -0.002650976 0.003722906 -0.04526054 -0.002832472 0.003722906 -0.04526054 -0.002832472 0.003722906 -0.04526054 -0.002832472 0.003747045 -0.04488503 -0.002942681 0.003747045 -0.04488503 -0.002942681 0.003747045 -0.04488503 -0.002942681 0.003747045 -0.04488503 -0.002942681 0.004421174 -0.03594207 0.00685513 0.004421174 -0.03594207 0.00685513 0.004421174 -0.03594207 0.00685513 -0.016065 -0.02755993 0.007088005 -0.016065 -0.02755993 0.007088005 -0.016065 -0.02755993 0.007088005 -0.016065 -0.02755993 0.007088005 -0.016065 -0.02755993 0.007088005 -0.01736462 -0.04701566 0.006900668 -0.01736462 -0.04701566 0.006900668 -0.01736462 -0.04701566 0.006900668 -0.01736462 -0.04701566 0.006900668 0.004480957 -0.03561156 0.00685805 0.004480957 -0.03561156 0.00685805 0.004480957 -0.03561156 0.00685805 0.004612803 -0.03530263 0.006860256 0.004612803 -0.03530263 0.006860256 0.004612803 -0.03530263 0.006860256 0.004810035 -0.03503078 0.006861567 0.004810035 -0.03503078 0.006861567 0.004810035 -0.03503078 0.006861567 0.005062878 -0.03480958 0.006861984 0.005062878 -0.03480958 0.006861984 0.005062878 -0.03480958 0.006861984 0.005358517 -0.03465026 0.006861448 0.005358517 -0.03465026 0.006861448 0.005358517 -0.03465026 0.006861448 0.005358517 -0.03465026 0.006861448 0.005682229 -0.03456062 0.006860017 0.005682229 -0.03456062 0.006860017 0.005682229 -0.03456062 0.006860017 0.01187199 -0.02942395 0.006867229 0.01187199 -0.02942395 0.006867229 0.01187199 -0.02942395 0.006867229 0.01187199 -0.02942395 0.006867229 0.006847202 -0.03463834 0.006850779 0.006847202 -0.03463834 0.006850779 0.006847202 -0.03463834 0.006850779 0.006847202 -0.03463834 0.006850779 0.007156133 -0.03477019 0.006847262 0.007156133 -0.03477019 0.006847262 0.007156133 -0.03477019 0.006847262 0.00742799 -0.03496736 0.006843268 0.00742799 -0.03496736 0.006843268 0.00742799 -0.03496736 0.006843268 0.007649123 -0.03522014 0.006839096 0.007649123 -0.03522014 0.006839096 0.007649123 -0.03522014 0.006839096 0.007808506 -0.03551584 0.006834983 0.007808506 -0.03551584 0.006834983 0.007808506 -0.03551584 0.006834983 0.007898032 -0.03583955 0.006831049 0.007898032 -0.03583955 0.006831049 0.007898032 -0.03583955 0.006831049 0.007913351 -0.03617507 0.006827533 0.007913351 -0.03617507 0.006827533 0.007913351 -0.03617507 0.006827533 0.007080256 -0.04864674 0.006707489 0.007080256 -0.04864674 0.006707489 0.007080256 -0.04864674 0.006707489 0.007080256 -0.04864674 0.006707489 0.007080256 -0.04864674 0.006707489 0.01057237 -0.04887974 0.006679892 0.01057237 -0.04887974 0.006679892 0.01057237 -0.04887974 0.006679892 0.007239162 -0.04511809 -0.002970278 0.007239162 -0.04511809 -0.002970278 0.007239162 -0.04511809 -0.002970278 0.007215023 -0.0454936 -0.002860069 0.007215023 -0.0454936 -0.002860069 0.007215023 -0.0454936 -0.002860069 0.007215023 -0.0454936 -0.002860069 0.007193267 -0.04584044 -0.002678573 0.007193267 -0.04584044 -0.002678573 0.007193267 -0.04584044 -0.002678573 0.007193267 -0.04584044 -0.002678573 0.007174909 -0.04614531 -0.002432763 0.007174909 -0.04614531 -0.002432763 0.007174909 -0.04614531 -0.002432763 0.007174909 -0.04614531 -0.002432763 0.007066249 -0.04798811 -6.22092e-4 0.007066249 -0.04798811 -6.22092e-4 0.007066249 -0.04798811 -6.22092e-4 0.007066249 -0.04798811 -6.22092e-4 0.007051885 -0.04823929 -3.21425e-4 0.007051885 -0.04823929 -3.21425e-4 0.007051885 -0.04823929 -3.21425e-4 0.007051885 -0.04823929 -3.21425e-4 0.007051885 -0.04823929 -3.21425e-4 0.00704205 -0.04842722 2.25455e-5 0.00704205 -0.04842722 2.25455e-5 0.00704205 -0.04842722 2.25455e-5 0.00704205 -0.04842722 2.25455e-5 0.007037162 -0.04854458 3.96609e-4 0.007037162 -0.04854458 3.96609e-4 0.007037162 -0.04854458 3.96609e-4 0.007037162 -0.04854458 3.96609e-4 0.007037401 -0.04858684 7.86391e-4 0.007037401 -0.04858684 7.86391e-4 0.007037401 -0.04858684 7.86391e-4 0.01102846 -0.04885315 7.54851e-4 0.01102846 -0.04885315 7.54851e-4 0.01102846 -0.04885315 7.54851e-4 0.01102817 -0.04881083 3.65069e-4 0.01102817 -0.04881083 3.65069e-4 0.01102817 -0.04881083 3.65069e-4 0.01103305 -0.04869347 -8.99658e-6 0.01103305 -0.04869347 -8.99658e-6 0.01103305 -0.04869347 -8.99658e-6 0.01103305 -0.04869347 -8.99658e-6 0.01104289 -0.0485056 -3.52964e-4 0.01104289 -0.0485056 -3.52964e-4 0.01104289 -0.0485056 -3.52964e-4 0.01105725 -0.04825437 -6.53634e-4 0.01105725 -0.04825437 -6.53634e-4 0.01105725 -0.04825437 -6.53634e-4 0.01105725 -0.04825437 -6.53634e-4 -0.01740741 -0.04695582 9.79579e-4 -0.01740741 -0.04695582 9.79579e-4 -0.01740741 -0.04695582 9.79579e-4 -0.01740741 -0.04695582 9.79579e-4 -0.01740741 -0.04695582 9.79579e-4 -0.01740765 -0.0469135 5.89799e-4 -0.01740765 -0.0469135 5.89799e-4 -0.01740765 -0.0469135 5.89799e-4 -0.01740765 -0.0469135 5.89799e-4 -0.01740276 -0.0467962 2.15732e-4 -0.01740276 -0.0467962 2.15732e-4 -0.01740276 -0.0467962 2.15732e-4 -0.01740276 -0.0467962 2.15732e-4 -0.01739299 -0.04660826 -1.28236e-4 -0.01739299 -0.04660826 -1.28236e-4 -0.01739299 -0.04660826 -1.28236e-4 -0.01739299 -0.04660826 -1.28236e-4 -0.01737856 -0.04635703 -4.28904e-4 -0.01737856 -0.04635703 -4.28904e-4 -0.01737856 -0.04635703 -4.28904e-4 -0.01737856 -0.04635703 -4.28904e-4 -0.01726996 -0.04451429 -0.002239584 -0.01726996 -0.04451429 -0.002239584 -0.01726996 -0.04451429 -0.002239584 0.01116591 -0.04641163 -0.002464294 0.01116591 -0.04641163 -0.002464294 0.01116591 -0.04641163 -0.002464294 0.01118427 -0.04610675 -0.002710103 0.01118427 -0.04610675 -0.002710103 0.01118427 -0.04610675 -0.002710103 0.01118427 -0.04610675 -0.002710103 0.01120603 -0.04575985 -0.0028916 0.01120603 -0.04575985 -0.0028916 0.01120603 -0.04575985 -0.0028916 0.01123023 -0.04538434 -0.003001809 0.01123023 -0.04538434 -0.003001809 0.01123023 -0.04538434 -0.003001809 0.01123023 -0.04538434 -0.003001809 -0.01725155 -0.04420936 -0.002485394 -0.01725155 -0.04420936 -0.002485394 -0.01725155 -0.04420936 -0.002485394 -0.01725155 -0.04420936 -0.002485394 -0.01722985 -0.04386252 -0.00266689 -0.01722985 -0.04386252 -0.00266689 -0.01722985 -0.04386252 -0.00266689 -0.01722985 -0.04386252 -0.00266689 -0.01720565 -0.04348701 -0.002777099 -0.01720565 -0.04348701 -0.002777099 -0.01720565 -0.04348701 -0.002777099 -0.01720565 -0.04348701 -0.002777099 0.01138383 -0.04935026 0.04992258 0.01138383 -0.04935026 0.04992258 0.01138383 -0.04935026 0.04992258 0.01138383 -0.04935026 0.04992258 0.01140677 -0.04938232 0.05309391 0.01140677 -0.04938232 0.05309391 0.01140677 -0.04938232 0.05309391 0.01140677 -0.04938232 0.05309391 -0.0170291 -0.04748499 0.05331861 -0.0170291 -0.04748499 0.05331861 -0.0170291 -0.04748499 0.05331861 -0.0170291 -0.04748499 0.05331861 -0.0170291 -0.04748499 0.05331861 -0.0170719 -0.04742515 0.04739755 -0.0170719 -0.04742515 0.04739755 -0.0170719 -0.04742515 0.04739755 -0.0170719 -0.04742515 0.04739755 -0.0170719 -0.04742515 0.04739755 0.01086509 -0.04928922 0.04717671 0.01086509 -0.04928922 0.04717671 0.01086509 -0.04928922 0.04717671 0.01086509 -0.04928922 0.04717671 0.0110557 -0.04930156 0.0471372 0.0110557 -0.04930156 0.0471372 0.0110557 -0.04930156 0.0471372 0.0110557 -0.04930156 0.0471372 0.0110557 -0.04930156 0.0471372 0.0110557 -0.04930156 0.0471372 0.01633644 -0.0496326 0.04488354 0.01633644 -0.0496326 0.04488354 0.01633644 -0.0496326 0.04488354 0.01633644 -0.0496326 0.04488354 0.01633644 -0.0496326 0.04488354 0.01633644 -0.0496326 0.04488354 0.01633644 -0.0496326 0.04488354 0.01633644 -0.0496326 0.04488354 0.01121675 -0.04931122 0.04702752 0.01121675 -0.04931122 0.04702752 0.01121675 -0.04931122 0.04702752 0.01121675 -0.04931122 0.04702752 0.01132375 -0.04931682 0.04686444 0.01132375 -0.04931682 0.04686444 0.01132375 -0.04931682 0.04686444 0.01132375 -0.04931682 0.04686444 0.01132375 -0.04931682 0.04686444 0.01136034 -0.04931741 0.04667282 0.01136034 -0.04931741 0.04667282 0.01136034 -0.04931741 0.04667282 0.01136034 -0.04931741 0.04667282 0.01136034 -0.04931741 0.04667282 0.01107484 -0.04891806 0.007175922 0.01107484 -0.04891806 0.007175922 0.01107484 -0.04891806 0.007175922 0.01107484 -0.04891806 0.007175922 0.01107484 -0.04891806 0.007175922 0.01107484 -0.04891806 0.007175922 0.01607626 -0.0492686 0.008886337 0.01607626 -0.0492686 0.008886337 0.01607626 -0.0492686 0.008886337 0.01607626 -0.0492686 0.008886337 0.01607626 -0.0492686 0.008886337 0.01607626 -0.0492686 0.008886337 0.01105135 -0.04888516 0.003926157 0.01105135 -0.04888516 0.003926157 0.01105135 -0.04888516 0.003926157 0.01105135 -0.04888516 0.003926157 0.01105135 -0.04888516 0.003926157 0.01105135 -0.04888516 0.003926157 0.0110355 -0.04891359 0.006984889 0.0110355 -0.04891359 0.006984889 0.0110355 -0.04891359 0.006984889 0.0110355 -0.04891359 0.006984889 0.01092618 -0.04890477 0.006823539 0.01092618 -0.04890477 0.006823539 0.01092618 -0.04890477 0.006823539 0.01092618 -0.04890477 0.006823539 0.01076352 -0.04889285 0.00671643 0.01076352 -0.04889285 0.00671643 0.01076352 -0.04889285 0.00671643 0.01076352 -0.04889285 0.00671643 -0.01577228 -0.02796941 0.04758483 -0.01577228 -0.02796941 0.04758483 -0.01577228 -0.02796941 0.04758483 -0.01577228 -0.02796941 0.04758483 -0.0160523 -0.03248697 0.05029141 -0.0160523 -0.03248697 0.05029141 -0.0160523 -0.03248697 0.05029141 -0.0160523 -0.03248697 0.05029141 -0.0160523 -0.03248697 0.05029141 -0.01575976 -0.02777808 0.04754865 -0.01575976 -0.02777808 0.04754865 -0.01575976 -0.02777808 0.04754865 -0.01575976 -0.02777808 0.04754865 -0.01631027 -0.0306518 0.00215727 -0.01631027 -0.0306518 0.00215727 -0.01631027 -0.0306518 0.00215727 -0.01630055 -0.03054428 0.00247538 -0.01630055 -0.03054428 0.00247538 -0.01630055 -0.03054428 0.00247538 -0.01630055 -0.03054428 0.00247538 -0.01629567 -0.03051018 0.002809524 -0.01629567 -0.03051018 0.002809524 -0.01629567 -0.03051018 0.002809524 -0.01629573 -0.03055107 0.003142893 -0.01629573 -0.03055107 0.003142893 -0.01629573 -0.03055107 0.003142893 -0.01629573 -0.03055107 0.003142893 -0.01630085 -0.03066492 0.003458857 -0.01630085 -0.03066492 0.003458857 -0.01630085 -0.03066492 0.003458857 -0.01631069 -0.03084611 0.003741502 -0.01631069 -0.03084611 0.003741502 -0.01631069 -0.03084611 0.003741502 -0.01631069 -0.03084611 0.003741502 -0.01632481 -0.03108549 0.003976702 -0.01632481 -0.03108549 0.003976702 -0.01632481 -0.03108549 0.003976702 -0.01632481 -0.03108549 0.003976702 -0.01634246 -0.03137105 0.004152715 -0.01634246 -0.03137105 0.004152715 -0.01634246 -0.03137105 0.004152715 -0.01634246 -0.03137105 0.004152715 -0.01636278 -0.03168851 0.004260599 -0.01636278 -0.03168851 0.004260599 -0.01636278 -0.03168851 0.004260599 -0.01636278 -0.03168851 0.004260599 -0.01571828 -0.02204459 0.004391014 -0.01571828 -0.02204459 0.004391014 -0.01571828 -0.02204459 0.004391014 -0.01571828 -0.02204459 0.004391014 -0.01638478 -0.03202193 0.004294991 -0.01638478 -0.03202193 0.004294991 -0.01638478 -0.03202193 0.004294991 -0.01638478 -0.03202193 0.004294991 -0.01605194 -0.02736943 0.007127881 -0.01605194 -0.02736943 0.007127881 -0.01605194 -0.02736943 0.007127881 -0.01605194 -0.02736943 0.007127881 -0.01605194 -0.02736943 0.007127881 -0.01604038 -0.02720868 0.007237851 -0.01604038 -0.02720868 0.007237851 -0.01604038 -0.02720868 0.007237851 -0.01603198 -0.02710211 0.007401049 -0.01603198 -0.02710211 0.007401049 -0.01603198 -0.02710211 0.007401049 -0.01603198 -0.02710211 0.007401049 -0.01603198 -0.02710211 0.007401049 -0.01602804 -0.02706611 0.007592737 -0.01602804 -0.02706611 0.007592737 -0.01602804 -0.02706611 0.007592737 -0.01602804 -0.02706611 0.007592737 -0.01574254 -0.02746546 0.04708969 -0.01574254 -0.02746546 0.04708969 -0.01574254 -0.02746546 0.04708969 -0.01574254 -0.02746546 0.04708969 -0.01707291 -0.04196888 0.001199126 -0.01707291 -0.04196888 0.001199126 -0.01707291 -0.04196888 0.001199126 -0.01707291 -0.04196888 0.001199126 -0.01707291 -0.04196888 0.001199126 -0.01707291 -0.04196888 0.001199126 -0.01705044 -0.04163622 0.001239955 -0.01705044 -0.04163622 0.001239955 -0.01705044 -0.04163622 0.001239955 -0.01705044 -0.04163622 0.001239955 -0.01642841 -0.03232496 0.0013296 -0.01642841 -0.03232496 0.0013296 -0.01642841 -0.03232496 0.0013296 -0.01642841 -0.03232496 0.0013296 -0.01640647 -0.0319916 0.001295208 -0.01640647 -0.0319916 0.001295208 -0.01640647 -0.0319916 0.001295208 -0.01640647 -0.0319916 0.001295208 -0.01711595 -0.04292899 0.003862679 -0.01711595 -0.04292899 0.003862679 -0.01711595 -0.04292899 0.003862679 -0.01711595 -0.04292899 0.003862679 -0.01713347 -0.04316359 0.003622889 -0.01713347 -0.04316359 0.003622889 -0.01713347 -0.04316359 0.003622889 -0.01713347 -0.04316359 0.003622889 -0.01713347 -0.04316359 0.003622889 -0.01714748 -0.04333901 0.003336846 -0.01714748 -0.04333901 0.003336846 -0.01714748 -0.04333901 0.003336846 -0.01714748 -0.04333901 0.003336846 -0.01715713 -0.04344648 0.003018736 -0.01715713 -0.04344648 0.003018736 -0.01715713 -0.04344648 0.003018736 -0.01715713 -0.04344648 0.003018736 -0.01716208 -0.04348063 0.002684593 -0.01716208 -0.04348063 0.002684593 -0.01716208 -0.04348063 0.002684593 -0.01716208 -0.04348063 0.002684593 -0.01716196 -0.04343974 0.002351224 -0.01716196 -0.04343974 0.002351224 -0.01716196 -0.04343974 0.002351224 -0.01716196 -0.04343974 0.002351224 -0.01715683 -0.04332584 0.00203526 -0.01715683 -0.04332584 0.00203526 -0.01715683 -0.04332584 0.00203526 -0.01715683 -0.04332584 0.00203526 -0.017147 -0.04314464 0.001752614 -0.017147 -0.04314464 0.001752614 -0.017147 -0.04314464 0.001752614 -0.017147 -0.04314464 0.001752614 -0.01713287 -0.04290533 0.001517355 -0.01713287 -0.04290533 0.001517355 -0.01713287 -0.04290533 0.001517355 -0.01713287 -0.04290533 0.001517355 -0.01711523 -0.04261976 0.001341402 -0.01711523 -0.04261976 0.001341402 -0.01711523 -0.04261976 0.001341402 -0.01709491 -0.04230231 0.001233518 -0.01709491 -0.04230231 0.001233518 -0.01709491 -0.04230231 0.001233518 -0.01709491 -0.04230231 0.001233518 -0.01705121 -0.04199922 0.004198908 -0.01705121 -0.04199922 0.004198908 -0.01705121 -0.04199922 0.004198908 -0.01705121 -0.04199922 0.004198908 -0.01705121 -0.04199922 0.004198908 -0.01707375 -0.04233187 0.004158079 -0.01707375 -0.04233187 0.004158079 -0.01707375 -0.04233187 0.004158079 -0.01707375 -0.04233187 0.004158079 -0.01707375 -0.04233187 0.004158079 -0.01709568 -0.04264706 0.004044115 -0.01709568 -0.04264706 0.004044115 -0.01709568 -0.04264706 0.004044115 -0.01709568 -0.04264706 0.004044115 -0.01357185 0.004408776 0.05264669 -0.01357185 0.004408776 0.05264669 -0.01357185 0.004408776 0.05264669 -0.01357185 0.004408776 0.05264669 -0.01357185 0.004408776 0.05264669 -0.01357185 0.004408776 0.05264669 -0.01523804 -0.02053445 0.05240654 -0.01523804 -0.02053445 0.05240654 -0.01523804 -0.02053445 0.05240654 -0.01594668 -0.03116035 0.05245506 -0.01594668 -0.03116035 0.05245506 -0.01594668 -0.03116035 0.05245506 -0.01594668 -0.03116035 0.05245506 -0.01595652 -0.03134149 0.05273771 -0.01595652 -0.03134149 0.05273771 -0.01595652 -0.03134149 0.05273771 -0.01595652 -0.03134149 0.05273771 -0.01597064 -0.03158092 0.05297297 -0.01597064 -0.03158092 0.05297297 -0.01597064 -0.03158092 0.05297297 -0.01597064 -0.03158092 0.05297297 -0.01598829 -0.03186649 0.05314892 -0.01598829 -0.03186649 0.05314892 -0.01598829 -0.03186649 0.05314892 -0.01600861 -0.03218388 0.0532568 -0.01600861 -0.03218388 0.0532568 -0.01600861 -0.03218388 0.0532568 -0.01600861 -0.03218388 0.0532568 -0.0160306 -0.03251731 0.0532912 -0.0160306 -0.03251731 0.0532912 -0.0160306 -0.03251731 0.0532912 -0.0160306 -0.03251731 0.0532912 -0.0160306 -0.03251731 0.0532912 -0.01353573 0.004358232 0.05764633 -0.01353573 0.004358232 0.05764633 -0.01353573 0.004358232 0.05764633 -0.01353573 0.004358232 0.05764633 -0.0153858 -0.02250969 0.0503875 -0.0153858 -0.02250969 0.0503875 -0.0153858 -0.02250969 0.0503875 -0.0153858 -0.02250969 0.0503875 -0.01574367 -0.02750539 0.04728066 -0.01574367 -0.02750539 0.04728066 -0.01574367 -0.02750539 0.04728066 -0.01574367 -0.02750539 0.04728066 -0.01574975 -0.02761518 0.04744184 -0.01574975 -0.02761518 0.04744184 -0.01574975 -0.02761518 0.04744184 -0.01574975 -0.02761518 0.04744184 -0.01602977 -0.03215438 0.05033224 -0.01602977 -0.03215438 0.05033224 -0.01602977 -0.03215438 0.05033224 -0.01602977 -0.03215438 0.05033224 -0.01600784 -0.03183913 0.05044621 -0.01600784 -0.03183913 0.05044621 -0.01600784 -0.03183913 0.05044621 -0.01600784 -0.03183913 0.05044621 -0.01598757 -0.0315572 0.05062764 -0.01598757 -0.0315572 0.05062764 -0.01598757 -0.0315572 0.05062764 -0.01597005 -0.03132259 0.05086737 -0.01597005 -0.03132259 0.05086737 -0.01597005 -0.03132259 0.05086737 -0.01597005 -0.03132259 0.05086737 -0.0159561 -0.03114718 0.05115348 -0.0159561 -0.03114718 0.05115348 -0.0159561 -0.03114718 0.05115348 -0.01594638 -0.03103971 0.05147159 -0.01594638 -0.03103971 0.05147159 -0.01594638 -0.03103971 0.05147159 -0.0159415 -0.03100556 0.05180573 -0.0159415 -0.03100556 0.05180573 -0.0159415 -0.03100556 0.05180573 -0.01594156 -0.03104645 0.0521391 -0.01594156 -0.03104645 0.0521391 -0.01594156 -0.03104645 0.0521391 -0.01594156 -0.03104645 0.0521391 -0.01638394 -0.03165894 0.001336038 -0.01638394 -0.03165894 0.001336038 -0.01638394 -0.03165894 0.001336038 -0.01638394 -0.03165894 0.001336038 -0.01638394 -0.03165894 0.001336038 -0.01636201 -0.03134375 0.001450002 -0.01636201 -0.03134375 0.001450002 -0.01636201 -0.03134375 0.001450002 -0.01636201 -0.03134375 0.001450002 -0.01634174 -0.03106176 0.001631438 -0.01634174 -0.03106176 0.001631438 -0.01634174 -0.03106176 0.001631438 -0.01634174 -0.03106176 0.001631438 -0.01632422 -0.03082722 0.001871168 -0.01632422 -0.03082722 0.001871168 -0.01632422 -0.03082722 0.001871168 -0.0166971 -0.04249459 0.05319511 -0.0166971 -0.04249459 0.05319511 -0.0166971 -0.04249459 0.05319511 -0.0166971 -0.04249459 0.05319511 -0.0166971 -0.04249459 0.05319511 -0.0166971 -0.04249459 0.05319511 -0.01671957 -0.04282724 0.05315428 -0.01671957 -0.04282724 0.05315428 -0.01671957 -0.04282724 0.05315428 -0.01671957 -0.04282724 0.05315428 -0.01702368 -0.0474506 0.05370914 -0.01702368 -0.0474506 0.05370914 -0.01702368 -0.0474506 0.05370914 -0.01702368 -0.0474506 0.05370914 -0.01701343 -0.04734086 0.05408543 -0.01701343 -0.04734086 0.05408543 -0.01701343 -0.04734086 0.05408543 -0.01699858 -0.04715996 0.05443292 -0.01699858 -0.04715996 0.05443292 -0.01699858 -0.04715996 0.05443292 -0.01697981 -0.04691487 0.0547384 -0.01697981 -0.04691487 0.0547384 -0.01697981 -0.04691487 0.0547384 -0.01697981 -0.04691487 0.0547384 -0.01684474 -0.04510903 0.05658423 -0.01684474 -0.04510903 0.05658423 -0.01684474 -0.04510903 0.05658423 -0.01682275 -0.04480916 0.05683583 -0.01682275 -0.04480916 0.05683583 -0.01682275 -0.04480916 0.05683583 -0.01679837 -0.04446607 0.057024 -0.01679837 -0.04446607 0.057024 -0.01679837 -0.04446607 0.057024 -0.01679837 -0.04446607 0.057024 -0.01679837 -0.04446607 0.057024 -0.0167725 -0.04409289 0.05714136 -0.0167725 -0.04409289 0.05714136 -0.0167725 -0.04409289 0.05714136 -0.0167725 -0.04409289 0.05714136 -0.01674628 -0.04370397 0.05718356 -0.01674628 -0.04370397 0.05718356 -0.01674628 -0.04370397 0.05718356 -0.01674628 -0.04370397 0.05718356 -0.01605314 -0.03284996 0.05325037 -0.01605314 -0.03284996 0.05325037 -0.01605314 -0.03284996 0.05325037 -0.01605314 -0.03284996 0.05325037 -0.01605314 -0.03284996 0.05325037 -0.01605314 -0.03284996 0.05325037 -0.01667511 -0.04216122 0.05316072 -0.01667511 -0.04216122 0.05316072 -0.01667511 -0.04216122 0.05316072 -0.01667511 -0.04216122 0.05316072 -0.0167793 -0.04365897 0.05261909 -0.0167793 -0.04365897 0.05261909 -0.0167793 -0.04365897 0.05261909 -0.0167793 -0.04365897 0.05261909 -0.0167793 -0.04365897 0.05261909 -0.01679331 -0.04383444 0.05233299 -0.01679331 -0.04383444 0.05233299 -0.01679331 -0.04383444 0.05233299 -0.01679331 -0.04383444 0.05233299 -0.01679331 -0.04383444 0.05233299 -0.01680296 -0.04394191 0.05201494 -0.01680296 -0.04394191 0.05201494 -0.01680296 -0.04394191 0.05201494 -0.01680791 -0.04397606 0.0516808 -0.01680791 -0.04397606 0.0516808 -0.01680791 -0.04397606 0.0516808 -0.01680791 -0.04397606 0.0516808 -0.01680779 -0.04393517 0.05134743 -0.01680779 -0.04393517 0.05134743 -0.01680779 -0.04393517 0.05134743 -0.01680272 -0.04382127 0.05103147 -0.01680272 -0.04382127 0.05103147 -0.01680272 -0.04382127 0.05103147 -0.01680272 -0.04382127 0.05103147 -0.01679283 -0.04364007 0.05074882 -0.01679283 -0.04364007 0.05074882 -0.01679283 -0.04364007 0.05074882 -0.0167787 -0.0434007 0.05051356 -0.0167787 -0.0434007 0.05051356 -0.0167787 -0.0434007 0.05051356 -0.0167787 -0.0434007 0.05051356 -0.01676106 -0.04311513 0.05033761 -0.01676106 -0.04311513 0.05033761 -0.01676106 -0.04311513 0.05033761 -0.01676106 -0.04311513 0.05033761 -0.01676106 -0.04311513 0.05033761 -0.01674073 -0.04279768 0.05022972 -0.01674073 -0.04279768 0.05022972 -0.01674073 -0.04279768 0.05022972 -0.01674073 -0.04279768 0.05022972 -0.01671874 -0.04246431 0.05019533 -0.01671874 -0.04246431 0.05019533 -0.01671874 -0.04246431 0.05019533 -0.01671874 -0.04246431 0.05019533 -0.01671874 -0.04246431 0.05019533 -0.01674151 -0.04314249 0.05304032 -0.01674151 -0.04314249 0.05304032 -0.01674151 -0.04314249 0.05304032 -0.01674151 -0.04314249 0.05304032 -0.01674151 -0.04314249 0.05304032 -0.01676177 -0.04342442 0.05285888 -0.01676177 -0.04342442 0.05285888 -0.01676177 -0.04342442 0.05285888 -0.01676177 -0.04342442 0.05285888 -0.01702928 -0.04166579 0.004164516 -0.01702928 -0.04166579 0.004164516 -0.01702928 -0.04166579 0.004164516 -0.01702928 -0.04166579 0.004164516 -0.01702928 -0.04166579 0.004164516 -0.01640731 -0.03235453 0.004254162 -0.01640731 -0.03235453 0.004254162 -0.01640731 -0.03235453 0.004254162 -0.01640731 -0.03235453 0.004254162 -0.01700896 -0.04134833 0.004056632 -0.01700896 -0.04134833 0.004056632 -0.01700896 -0.04134833 0.004056632 -0.01700896 -0.04134833 0.004056632 -0.01642924 -0.03266978 0.004140198 -0.01642924 -0.03266978 0.004140198 -0.01642924 -0.03266978 0.004140198 -0.01642924 -0.03266978 0.004140198 -0.01699125 -0.04106283 0.003880679 -0.01699125 -0.04106283 0.003880679 -0.01699125 -0.04106283 0.003880679 -0.01644945 -0.03295171 0.003958761 -0.01644945 -0.03295171 0.003958761 -0.01644945 -0.03295171 0.003958761 -0.01644945 -0.03295171 0.003958761 -0.01697719 -0.0408234 0.00364542 -0.01697719 -0.0408234 0.00364542 -0.01697719 -0.0408234 0.00364542 -0.01646703 -0.03318625 0.003718972 -0.01646703 -0.03318625 0.003718972 -0.01646703 -0.03318625 0.003718972 -0.01646703 -0.03318625 0.003718972 -0.01696729 -0.04064226 0.003362774 -0.01696729 -0.04064226 0.003362774 -0.01696729 -0.04064226 0.003362774 -0.01696729 -0.04064226 0.003362774 -0.01648098 -0.03336173 0.003432869 -0.01648098 -0.03336173 0.003432869 -0.01648098 -0.03336173 0.003432869 -0.01696223 -0.04052835 0.00304681 -0.01696223 -0.04052835 0.00304681 -0.01696223 -0.04052835 0.00304681 -0.01649069 -0.0334692 0.003114819 -0.01649069 -0.0334692 0.003114819 -0.01649069 -0.0334692 0.003114819 -0.01649069 -0.0334692 0.003114819 -0.01696211 -0.04048746 0.002713441 -0.01696211 -0.04048746 0.002713441 -0.01696211 -0.04048746 0.002713441 -0.01696211 -0.04048746 0.002713441 -0.01649558 -0.03350335 0.002780675 -0.01649558 -0.03350335 0.002780675 -0.01649558 -0.03350335 0.002780675 -0.01696705 -0.04052156 0.002379298 -0.01696705 -0.04052156 0.002379298 -0.01696705 -0.04052156 0.002379298 -0.01649546 -0.03346246 0.002447307 -0.01649546 -0.03346246 0.002447307 -0.01649546 -0.03346246 0.002447307 -0.01697671 -0.04062908 0.002061247 -0.01697671 -0.04062908 0.002061247 -0.01697671 -0.04062908 0.002061247 -0.01697671 -0.04062908 0.002061247 -0.01649039 -0.0333485 0.002131342 -0.01649039 -0.0333485 0.002131342 -0.01649039 -0.0333485 0.002131342 -0.01649039 -0.0333485 0.002131342 -0.01699066 -0.0408045 0.001775145 -0.01699066 -0.0408045 0.001775145 -0.01699066 -0.0408045 0.001775145 -0.01699066 -0.0408045 0.001775145 -0.01648056 -0.03316736 0.001848638 -0.01648056 -0.03316736 0.001848638 -0.01648056 -0.03316736 0.001848638 -0.01648056 -0.03316736 0.001848638 -0.01700824 -0.04103904 0.001535356 -0.01700824 -0.04103904 0.001535356 -0.01700824 -0.04103904 0.001535356 -0.01646643 -0.03292798 0.001613438 -0.01646643 -0.03292798 0.001613438 -0.01646643 -0.03292798 0.001613438 -0.01646643 -0.03292798 0.001613438 -0.01702851 -0.04132103 0.001353919 -0.01702851 -0.04132103 0.001353919 -0.01702851 -0.04132103 0.001353919 -0.01702851 -0.04132103 0.001353919 -0.01644873 -0.03264242 0.001437485 -0.01644873 -0.03264242 0.001437485 -0.01644873 -0.03264242 0.001437485 -0.01665478 -0.04184377 0.05305284 -0.01665478 -0.04184377 0.05305284 -0.01665478 -0.04184377 0.05305284 -0.01665478 -0.04184377 0.05305284 -0.01607507 -0.03316515 0.0531364 -0.01607507 -0.03316515 0.0531364 -0.01607507 -0.03316515 0.0531364 -0.01607507 -0.03316515 0.0531364 -0.01607507 -0.03316515 0.0531364 -0.01607507 -0.03316515 0.0531364 -0.01663714 -0.0415582 0.05287688 -0.01663714 -0.0415582 0.05287688 -0.01663714 -0.0415582 0.05287688 -0.01663714 -0.0415582 0.05287688 -0.01663714 -0.0415582 0.05287688 -0.01609528 -0.03344708 0.05295497 -0.01609528 -0.03344708 0.05295497 -0.01609528 -0.03344708 0.05295497 -0.01609528 -0.03344708 0.05295497 -0.01609528 -0.03344708 0.05295497 -0.01662302 -0.04131883 0.05264168 -0.01662302 -0.04131883 0.05264168 -0.01662302 -0.04131883 0.05264168 -0.01662302 -0.04131883 0.05264168 -0.01611286 -0.03368169 0.05271518 -0.01611286 -0.03368169 0.05271518 -0.01611286 -0.03368169 0.05271518 -0.01611286 -0.03368169 0.05271518 -0.01661312 -0.04113763 0.05235898 -0.01661312 -0.04113763 0.05235898 -0.01661312 -0.04113763 0.05235898 -0.01612681 -0.0338571 0.05242908 -0.01612681 -0.0338571 0.05242908 -0.01612681 -0.0338571 0.05242908 -0.01612681 -0.0338571 0.05242908 -0.01660805 -0.04102373 0.05204302 -0.01660805 -0.04102373 0.05204302 -0.01660805 -0.04102373 0.05204302 -0.01660805 -0.04102373 0.05204302 -0.01613652 -0.03396457 0.05211102 -0.01613652 -0.03396457 0.05211102 -0.01613652 -0.03396457 0.05211102 -0.01613652 -0.03396457 0.05211102 -0.01660794 -0.04098284 0.05170965 -0.01660794 -0.04098284 0.05170965 -0.01660794 -0.04098284 0.05170965 -0.01660794 -0.04098284 0.05170965 -0.01614141 -0.03399872 0.05177688 -0.01614141 -0.03399872 0.05177688 -0.01614141 -0.03399872 0.05177688 -0.01614141 -0.03399872 0.05177688 -0.01661288 -0.04101699 0.0513755 -0.01661288 -0.04101699 0.0513755 -0.01661288 -0.04101699 0.0513755 -0.01661288 -0.04101699 0.0513755 -0.01614135 -0.03395783 0.05144351 -0.01614135 -0.03395783 0.05144351 -0.01614135 -0.03395783 0.05144351 -0.01614135 -0.03395783 0.05144351 -0.01662254 -0.04112452 0.05105745 -0.01662254 -0.04112452 0.05105745 -0.01662254 -0.04112452 0.05105745 -0.01613622 -0.03384393 0.05112755 -0.01613622 -0.03384393 0.05112755 -0.01613622 -0.03384393 0.05112755 -0.01663655 -0.04129993 0.05077135 -0.01663655 -0.04129993 0.05077135 -0.01663655 -0.04129993 0.05077135 -0.01663655 -0.04129993 0.05077135 -0.01612639 -0.03366279 0.05084484 -0.01612639 -0.03366279 0.05084484 -0.01612639 -0.03366279 0.05084484 -0.01612639 -0.03366279 0.05084484 -0.01665407 -0.04153448 0.05053156 -0.01665407 -0.04153448 0.05053156 -0.01665407 -0.04153448 0.05053156 -0.01665407 -0.04153448 0.05053156 -0.01611226 -0.03342342 0.05060964 -0.01611226 -0.03342342 0.05060964 -0.01611226 -0.03342342 0.05060964 -0.01667433 -0.04181641 0.05035012 -0.01667433 -0.04181641 0.05035012 -0.01667433 -0.04181641 0.05035012 -0.01609462 -0.03313785 0.05043369 -0.01609462 -0.03313785 0.05043369 -0.01609462 -0.03313785 0.05043369 -0.01669627 -0.04213166 0.05023616 -0.01669627 -0.04213166 0.05023616 -0.01669627 -0.04213166 0.05023616 -0.01669627 -0.04213166 0.05023616 -0.01669627 -0.04213166 0.05023616 -0.01607429 -0.0328204 0.05032581 -0.01607429 -0.0328204 0.05032581 -0.01607429 -0.0328204 0.05032581 -0.01607429 -0.0328204 0.05032581 0.01145601 -0.04881221 0.05451363 0.01145601 -0.04881221 0.05451363 0.01145601 -0.04881221 0.05451363 0.01159107 -0.04700636 0.05635952 0.01159107 -0.04700636 0.05635952 0.01159107 -0.04700636 0.05635952 0.01486396 0.002511441 0.05242198 0.01486396 0.002511441 0.05242198 0.01486396 0.002511441 0.05242198 0.01486396 0.002511441 0.05242198 0.01486396 0.002511441 0.05242198 0.01486396 0.002511441 0.05242198 0.01490008 0.002460896 0.05742156 0.01490008 0.002460896 0.05742156 0.01490008 0.002460896 0.05742156 0.01490008 0.002460896 0.05742156 0.01490008 0.002460896 0.05742156 0.0116896 -0.0456013 0.05695879 0.0116896 -0.0456013 0.05695879 0.0116896 -0.0456013 0.05695879 0.0116896 -0.0456013 0.05695879 0.0116896 -0.0456013 0.05695879 0.01166331 -0.04599022 0.05691665 0.01166331 -0.04599022 0.05691665 0.01166331 -0.04599022 0.05691665 0.01166331 -0.04599022 0.05691665 0.0116375 -0.04636341 0.05679923 0.0116375 -0.04636341 0.05679923 0.0116375 -0.04636341 0.05679923 0.01161307 -0.04670655 0.05661112 0.01161307 -0.04670655 0.05661112 0.01161307 -0.04670655 0.05661112 0.01161307 -0.04670655 0.05661112 0.01143723 -0.0490573 0.05420821 0.01143723 -0.0490573 0.05420821 0.01143723 -0.0490573 0.05420821 0.01143723 -0.0490573 0.05420821 0.01142245 -0.0492382 0.05386066 0.01142245 -0.0492382 0.05386066 0.01142245 -0.0492382 0.05386066 0.01141214 -0.04934793 0.05348443 0.01141214 -0.04934793 0.05348443 0.01141214 -0.04934793 0.05348443 0.01319777 -0.02243179 0.05218183 0.01319777 -0.02243179 0.05218183 0.01319777 -0.02243179 0.05218183 0.01319777 -0.02243179 0.05218183 0.01319777 -0.02243179 0.05218183 0.01319777 -0.02243179 0.05218183 0.01305001 -0.02440702 0.05016273 0.01305001 -0.02440702 0.05016273 0.01305001 -0.02440702 0.05016273 0.01305001 -0.02440702 0.05016273 0.01305001 -0.02440702 0.05016273 0.009138464 -0.006424784 0.0573734 0.009138464 -0.006424784 0.0573734 0.009138464 -0.006424784 0.0573734 0.009138464 -0.006424784 0.0573734 0.008595943 -0.007162809 0.05736982 0.008595943 -0.007162809 0.05736982 0.008595943 -0.007162809 0.05736982 0.007991135 -0.007850766 0.05736726 0.007991135 -0.007850766 0.05736726 0.007991135 -0.007850766 0.05736726 0.007328629 -0.00848335 0.05736565 0.007328629 -0.00848335 0.05736565 0.007328629 -0.00848335 0.05736565 0.006613552 -0.009055852 0.05736505 0.006613552 -0.009055852 0.05736505 0.006613552 -0.009055852 0.05736505 0.005851328 -0.009563863 0.05736541 0.005851328 -0.009563863 0.05736541 0.005851328 -0.009563863 0.05736541 0.005851328 -0.009563863 0.05736541 0.005047738 -0.01000344 0.05736678 0.005047738 -0.01000344 0.05736678 0.005047738 -0.01000344 0.05736678 0.004208862 -0.01037138 0.05736911 0.004208862 -0.01037138 0.05736911 0.004208862 -0.01037138 0.05736911 0.003341078 -0.01066476 0.05737239 0.003341078 -0.01066476 0.05737239 0.003341078 -0.01066476 0.05737239 0.002451121 -0.01088142 0.05737668 0.002451121 -0.01088142 0.05737668 0.002451121 -0.01088142 0.05737668 0.001545608 -0.0110197 0.0573818 0.001545608 -0.0110197 0.0573818 0.001545608 -0.0110197 0.0573818 6.31538e-4 -0.01107853 0.05738782 6.31538e-4 -0.01107853 0.05738782 6.31538e-4 -0.01107853 0.05738782 -2.84206e-4 -0.01105749 0.05739468 -2.84206e-4 -0.01105749 0.05739468 -2.84206e-4 -0.01105749 0.05739468 -0.001194596 -0.0109567 0.05740225 -0.001194596 -0.0109567 0.05740225 -0.001194596 -0.0109567 0.05740225 -0.002092778 -0.01077693 0.05741053 -0.002092778 -0.01077693 0.05741053 -0.002092778 -0.01077693 0.05741053 -0.002971827 -0.01051962 0.05741953 -0.002971827 -0.01051962 0.05741953 -0.002971827 -0.01051962 0.05741953 -0.003825128 -0.01018661 0.05742907 -0.003825128 -0.01018661 0.05742907 -0.003825128 -0.01018661 0.05742907 -0.004646122 -0.009780526 0.05743908 -0.004646122 -0.009780526 0.05743908 -0.004646122 -0.009780526 0.05743908 -0.005428612 -0.009304463 0.05744957 -0.005428612 -0.009304463 0.05744957 -0.005428612 -0.009304463 0.05744957 -0.006166636 -0.008761942 0.05746036 -0.006166636 -0.008761942 0.05746036 -0.006166636 -0.008761942 0.05746036 -0.006854534 -0.008157193 0.05747145 -0.006854534 -0.008157193 0.05747145 -0.006854534 -0.008157193 0.05747145 -0.007487118 -0.007494807 0.05748271 -0.007487118 -0.007494807 0.05748271 -0.007487118 -0.007494807 0.05748271 -0.008059561 -0.006779789 0.0574941 -0.008059561 -0.006779789 0.0574941 -0.008059561 -0.006779789 0.0574941 -0.008059561 -0.006779789 0.0574941 -0.008567512 -0.006017625 0.05750548 -0.008567512 -0.006017625 0.05750548 -0.008567512 -0.006017625 0.05750548 -0.008567512 -0.006017625 0.05750548 -0.009007096 -0.005214035 0.05751681 -0.009007096 -0.005214035 0.05751681 -0.009007096 -0.005214035 0.05751681 -0.009007096 -0.005214035 0.05751681 -0.009007096 -0.005214035 0.05751681 0.008814871 0.009416639 0.05753588 0.008814871 0.009416639 0.05753588 0.008814871 0.009416639 0.05753588 0.008814871 0.009416639 0.05753588 0.008814871 0.009416639 0.05753588 0.008814871 0.009416639 0.05753588 0.008814871 0.009416639 0.05753588 0.008422613 0.009817302 0.0575428 0.008422613 0.009817302 0.0575428 0.008422613 0.009817302 0.0575428 0.007987976 0.01017147 0.05754947 0.007987976 0.01017147 0.05754947 0.007987976 0.01017147 0.05754947 0.007987976 0.01017147 0.05754947 0.007516443 0.01047474 0.05755597 0.007516443 0.01047474 0.05755597 0.007516443 0.01047474 0.05755597 0.007516443 0.01047474 0.05755597 0.007013857 0.01072329 0.05756211 0.007013857 0.01072329 0.05756211 0.007013857 0.01072329 0.05756211 0.007013857 0.01072329 0.05756211 0.006486594 0.01091402 0.05756789 0.006486594 0.01091402 0.05756789 0.006486594 0.01091402 0.05756789 0.006486594 0.01091402 0.05756789 0.005941331 0.01104456 0.05757313 0.005941331 0.01104456 0.05757313 0.005941331 0.01104456 0.05757313 0.005941331 0.01104456 0.05757313 0.005384862 0.01111316 0.05757784 0.005384862 0.01111316 0.05757784 0.005384862 0.01111316 0.05757784 0.005384862 0.01111316 0.05757784 -0.002954125 0.01166957 0.05764377 -0.002954125 0.01166957 0.05764377 -0.002954125 0.01166957 0.05764377 0.001115381 0.009894788 0.05759638 0.001115381 0.009894788 0.05759638 0.001115381 0.009894788 0.05759638 0.001115381 0.009894788 0.05759638 0.001115381 0.009894788 0.05759638 0.002025783 0.009793996 0.05758881 0.002025783 0.009793996 0.05758881 0.002025783 0.009793996 0.05758881 0.002025783 0.009793996 0.05758881 0.002923965 0.009614229 0.05758047 0.002923965 0.009614229 0.05758047 0.002923965 0.009614229 0.05758047 0.003803014 0.009356915 0.05757153 0.003803014 0.009356915 0.05757153 0.003803014 0.009356915 0.05757153 0.004656314 0.009023904 0.05756199 0.004656314 0.009023904 0.05756199 0.004656314 0.009023904 0.05756199 0.005477309 0.008617818 0.05755192 0.005477309 0.008617818 0.05755192 0.005477309 0.008617818 0.05755192 0.006259799 0.008141756 0.05754148 0.006259799 0.008141756 0.05754148 0.006259799 0.008141756 0.05754148 0.006997823 0.007599294 0.05753064 0.006997823 0.007599294 0.05753064 0.006997823 0.007599294 0.05753064 0.00768572 0.006994545 0.05751955 0.00768572 0.006994545 0.05751955 0.00768572 0.006994545 0.05751955 0.00768572 0.006994545 0.05751955 0.008318305 0.006332099 0.05750828 0.008318305 0.006332099 0.05750828 0.008318305 0.006332099 0.05750828 0.008890748 0.005617082 0.05749696 0.008890748 0.005617082 0.05749696 0.008890748 0.005617082 0.05749696 0.009398698 0.004854917 0.05748558 0.009398698 0.004854917 0.05748558 0.009398698 0.004854917 0.05748558 0.009838283 0.004051327 0.05747425 0.009838283 0.004051327 0.05747425 0.009838283 0.004051327 0.05747425 0.01020616 0.003212511 0.0574631 0.01020616 0.003212511 0.0574631 0.01020616 0.003212511 0.0574631 0.01020616 0.003212511 0.0574631 0.01049947 0.002344846 0.0574522 0.01049947 0.002344846 0.0574522 0.01049947 0.002344846 0.0574522 0.01049947 0.002344846 0.0574522 -0.003514766 0.01167547 0.05764788 -0.003514766 0.01167547 0.05764788 -0.003514766 0.01167547 0.05764788 -0.004072606 0.01161861 0.05765134 -0.004072606 0.01161861 0.05765134 -0.004072606 0.01161861 0.05765134 -0.004620492 0.01149958 0.05765408 -0.004620492 0.01149958 0.05765408 -0.004620492 0.01149958 0.05765408 -0.005151689 0.01131999 0.0576561 -0.005151689 0.01131999 0.0576561 -0.005151689 0.01131999 0.0576561 -0.005659401 0.01108205 0.05765736 -0.005659401 0.01108205 0.05765736 -0.005659401 0.01108205 0.05765736 -0.006137251 0.01078873 0.05765783 -0.006137251 0.01078873 0.05765783 -0.006137251 0.01078873 0.05765783 -0.006579339 0.0104438 0.05765753 -0.006579339 0.0104438 0.05765753 -0.006579339 0.0104438 0.05765753 -0.006579339 0.0104438 0.05765753 0.01071608 0.00145483 0.05744165 0.01071608 0.00145483 0.05744165 0.01071608 0.00145483 0.05744165 0.0108543 5.49428e-4 0.05743151 0.0108543 5.49428e-4 0.05743151 0.0108543 5.49428e-4 0.05743151 0.01091307 -3.64661e-4 0.0574218 0.01091307 -3.64661e-4 0.0574218 0.01091307 -3.64661e-4 0.0574218 0.01089197 -0.001280307 0.05741274 0.01089197 -0.001280307 0.05741274 0.01089197 -0.001280307 0.05741274 0.01079112 -0.002190768 0.05740427 0.01079112 -0.002190768 0.05740427 0.01079112 -0.002190768 0.05740427 0.01061129 -0.003088891 0.05739647 0.01061129 -0.003088891 0.05739647 0.01061129 -0.003088891 0.05739647 0.01061129 -0.003088891 0.05739647 0.01035386 -0.00396794 0.05738943 0.01035386 -0.00396794 0.05738943 0.01035386 -0.00396794 0.05738943 0.01035386 -0.00396794 0.05738943 0.01002079 -0.00482124 0.05738323 0.01002079 -0.00482124 0.05738323 0.01002079 -0.00482124 0.05738323 0.009614646 -0.005642294 0.05737787 0.009614646 -0.005642294 0.05737787 0.009614646 -0.005642294 0.05737787 0.009614646 -0.005642294 0.05737787 -0.009374976 -0.004375219 0.05752789 -0.009374976 -0.004375219 0.05752789 -0.009374976 -0.004375219 0.05752789 -0.009374976 -0.004375219 0.05752789 -0.00966829 -0.003507554 0.0575388 -0.00966829 -0.003507554 0.0575388 -0.00966829 -0.003507554 0.0575388 -0.009884893 -0.002617537 0.05754941 -0.009884893 -0.002617537 0.05754941 -0.009884893 -0.002617537 0.05754941 -0.01002311 -0.001712083 0.05755954 -0.01002311 -0.001712083 0.05755954 -0.01002311 -0.001712083 0.05755954 -0.01008188 -7.98047e-4 0.0575692 -0.01008188 -7.98047e-4 0.0575692 -0.01008188 -7.98047e-4 0.0575692 -0.01006078 1.1766e-4 0.05757832 -0.01006078 1.1766e-4 0.05757832 -0.01006078 1.1766e-4 0.05757832 -0.009959876 0.00102806 0.05758678 -0.009959876 0.00102806 0.05758678 -0.009959876 0.00102806 0.05758678 -0.009780049 0.001926183 0.05759459 -0.009780049 0.001926183 0.05759459 -0.009780049 0.001926183 0.05759459 -0.009522676 0.002805233 0.05760163 -0.009522676 0.002805233 0.05760163 -0.009522676 0.002805233 0.05760163 -0.009189605 0.003658533 0.05760782 -0.009189605 0.003658533 0.05760782 -0.009189605 0.003658533 0.05760782 -0.008783459 0.004479587 0.05761319 -0.008783459 0.004479587 0.05761319 -0.008783459 0.004479587 0.05761319 -0.008307278 0.005262076 0.05761766 -0.008307278 0.005262076 0.05761766 -0.008307278 0.005262076 0.05761766 -0.007764756 0.006000101 0.05762118 -0.007764756 0.006000101 0.05762118 -0.007764756 0.006000101 0.05762118 -0.007159948 0.006688058 0.0576238 -0.007159948 0.006688058 0.0576238 -0.007159948 0.006688058 0.0576238 -0.006497442 0.007320702 0.05762541 -0.006497442 0.007320702 0.05762541 -0.006497442 0.007320702 0.05762541 -0.005782365 0.007893145 0.057626 -0.005782365 0.007893145 0.057626 -0.005782365 0.007893145 0.057626 -0.005020141 0.008401155 0.05762565 -0.005020141 0.008401155 0.05762565 -0.005020141 0.008401155 0.05762565 -0.004216492 0.008840739 0.05762428 -0.004216492 0.008840739 0.05762428 -0.004216492 0.008840739 0.05762428 -0.003377676 0.009208679 0.05762195 -0.003377676 0.009208679 0.05762195 -0.003377676 0.009208679 0.05762195 -0.003377676 0.009208679 0.05762195 -0.002509891 0.009502053 0.05761861 -0.002509891 0.009502053 0.05761861 -0.002509891 0.009502053 0.05761861 -0.001619935 0.009718775 0.05761438 -0.001619935 0.009718775 0.05761438 -0.001619935 0.009718775 0.05761438 -7.14441e-4 0.009856998 0.05760926 -7.14441e-4 0.009856998 0.05760926 -7.14441e-4 0.009856998 0.05760926 -7.14441e-4 0.009856998 0.05760926 1.99653e-4 0.009915828 0.05760324 1.99653e-4 0.009915828 0.05760324 1.99653e-4 0.009915828 0.05760324 1.99653e-4 0.009915828 0.05760324 0.01271754 -0.02394193 0.004166305 0.01271754 -0.02394193 0.004166305 0.01271754 -0.02394193 0.004166305 0.01271754 -0.02394193 0.004166305 0.01271754 -0.02394193 0.004166305 0.01271754 -0.02394193 0.004166305 -0.002990245 0.01172012 0.05264413 -0.002990245 0.01172012 0.05264413 -0.002990245 0.01172012 0.05264413 0.005348742 0.01116371 0.05257821 0.005348742 0.01116371 0.05257821 0.005348742 0.01116371 0.05257821 0.005348742 0.01116371 0.05257821 0.005348742 0.01116371 0.05257821 0.005348742 0.01116371 0.05257821 7.79344e-4 0.005455553 0.05255353 7.79344e-4 0.005455553 0.05255353 7.79344e-4 0.005455553 0.05255353 7.79344e-4 0.005455553 0.05255353 6.79375e-4 0.00395894 0.05253916 6.79375e-4 0.00395894 0.05253916 6.79375e-4 0.00395894 0.05253916 6.79375e-4 0.00395894 0.05253916 6.79375e-4 0.00395894 0.05253916 5.23374e-4 0.005506813 0.05255591 5.23374e-4 0.005506813 0.05255591 5.23374e-4 0.005506813 0.05255591 0.001039803 0.005472302 0.05255186 0.001039803 0.005472302 0.05255186 0.001039803 0.005472302 0.05255186 -0.001605749 0.003507196 0.05255109 -0.001605749 0.003507196 0.05255109 -0.001605749 0.003507196 0.05255109 -0.002115845 0.003213524 0.0525518 -0.002115845 0.003213524 0.0525518 -0.002115845 0.003213524 0.0525518 -0.002115845 0.003213524 0.0525518 -1.00515e-4 0.006775796 0.05257326 -1.00515e-4 0.006775796 0.05257326 -1.00515e-4 0.006775796 0.05257326 -1.00515e-4 0.006775796 0.05257326 -1.00515e-4 0.006775796 0.05257326 0.001262843 0.003881454 0.05253416 0.001262843 0.003881454 0.05253416 0.001262843 0.003881454 0.05253416 0.001504361 0.005700707 0.05255079 0.001504361 0.005700707 0.05255079 0.001504361 0.005700707 0.05255079 0.004870057 -2.41771e-4 0.05246639 0.004870057 -2.41771e-4 0.05246639 0.004870057 -2.41771e-4 0.05246639 0.004870057 -2.41771e-4 0.05246639 0.004870057 -2.41771e-4 0.05246639 0.006532907 -4.40292e-4 0.05245232 0.006532907 -4.40292e-4 0.05245232 0.006532907 -4.40292e-4 0.05245232 0.006532907 -4.40292e-4 0.05245232 0.006417155 -6.74285e-4 0.05245083 0.006417155 -6.74285e-4 0.05245083 0.006417155 -6.74285e-4 0.05245083 0.006417155 -6.74285e-4 0.05245083 0.001287102 0.005555927 0.05255091 0.001287102 0.005555927 0.05255091 0.001287102 0.005555927 0.05255091 0.001287102 0.005555927 0.05255091 -0.005946397 -8.17358e-4 0.05253875 -0.005946397 -8.17358e-4 0.05253875 -0.005946397 -8.17358e-4 0.05253875 -0.005774021 -6.21304e-4 0.05253946 -0.005774021 -6.21304e-4 0.05253946 -0.005774021 -6.21304e-4 0.05253946 -0.004111111 -8.19817e-4 0.05252546 -0.004111111 -8.19817e-4 0.05252546 -0.004111111 -8.19817e-4 0.05252546 2.89394e-4 0.005622506 0.05255877 2.89394e-4 0.005622506 0.05255877 2.89394e-4 0.005622506 0.05255877 -2.04276e-5 -0.006517171 0.05243825 -2.04276e-5 -0.006517171 0.05243825 -2.04276e-5 -0.006517171 0.05243825 -2.04276e-5 -0.006517171 0.05243825 -2.04276e-5 -0.006517171 0.05243825 -2.04276e-5 -0.006517171 0.05243825 -0.002125203 -0.004269242 0.05247622 -0.002125203 -0.004269242 0.05247622 -0.002125203 -0.004269242 0.05247622 -0.002125203 -0.004269242 0.05247622 -0.001615822 -0.004564166 0.05246955 -0.001615822 -0.004564166 0.05246955 -0.001615822 -0.004564166 0.05246955 -0.001615822 -0.004564166 0.05246955 -0.001072287 -0.004790008 0.05246335 -0.001072287 -0.004790008 0.05246335 -0.001072287 -0.004790008 0.05246335 -0.001072287 -0.004790008 0.05246335 -5.03937e-4 -0.004943072 0.05245769 -5.03937e-4 -0.004943072 0.05245769 -5.03937e-4 -0.004943072 0.05245769 7.95433e-5 -0.005020558 0.05245268 7.95433e-5 -0.005020558 0.05245268 7.95433e-5 -0.005020558 0.05245268 6.68161e-4 -0.005021274 0.05244839 6.68161e-4 -0.005021274 0.05244839 6.68161e-4 -0.005021274 0.05244839 0.001251816 -0.004945099 0.05244499 0.001251816 -0.004945099 0.05244499 0.001251816 -0.004945099 0.05244499 0.001820564 -0.004793465 0.05244237 0.001820564 -0.004793465 0.05244237 0.001820564 -0.004793465 0.05244237 0.002364635 -0.004568815 0.0524407 0.002364635 -0.004568815 0.0524407 0.002364635 -0.004568815 0.0524407 0.002364635 -0.004568815 0.0524407 0.007951855 0.01022201 0.05254989 0.007951855 0.01022201 0.05254989 0.007951855 0.01022201 0.05254989 0.007951855 0.01022201 0.05254989 0.007951855 0.01022201 0.05254989 0.004793941 3.41877e-4 0.05247282 0.004793941 3.41877e-4 0.05247282 0.004793941 3.41877e-4 0.05247282 0.004793941 3.41877e-4 0.05247282 0.004642307 9.10595e-4 0.05247968 0.004642307 9.10595e-4 0.05247968 0.004642307 9.10595e-4 0.05247968 0.004417717 0.001454651 0.05248677 0.004417717 0.001454651 0.05248677 0.004417717 0.001454651 0.05248677 0.004417717 0.001454651 0.05248677 0.004124045 0.001964747 0.05249404 0.004124045 0.001964747 0.05249404 0.004124045 0.001964747 0.05249404 0.003766298 0.002432107 0.05250138 0.003766298 0.002432107 0.05250138 0.003766298 0.002432107 0.05250138 0.003766298 0.002432107 0.05250138 0.003350615 0.002848803 0.05250859 0.003350615 0.002848803 0.05250859 0.003350615 0.002848803 0.05250859 0.002884089 0.003207683 0.05251562 0.002884089 0.003207683 0.05251562 0.002884089 0.003207683 0.05251562 0.002374708 0.003502547 0.0525223 0.002374708 0.003502547 0.0525223 0.002374708 0.003502547 0.0525223 0.001831173 0.003728449 0.0525285 0.001831173 0.003728449 0.0525285 0.001831173 0.003728449 0.0525285 0.00184369 0.006386697 0.05255526 0.00184369 0.006386697 0.05255526 0.00184369 0.006386697 0.05255526 0.001826941 0.006647229 0.052558 0.001826941 0.006647229 0.052558 0.001826941 0.006647229 0.052558 0.001743376 0.006894528 0.0525611 0.001743376 0.006894528 0.0525611 0.001743376 0.006894528 0.0525611 0.001598596 0.007111728 0.05256438 0.001598596 0.007111728 0.05256438 0.001598596 0.007111728 0.05256438 0.001402556 0.007284045 0.05256754 0.001402556 0.007284045 0.05256754 0.001402556 0.007284045 0.05256754 0.001168549 0.007399797 0.0525704 0.001168549 0.007399797 0.0525704 0.001168549 0.007399797 0.0525704 9.12633e-4 0.007450997 0.05257278 9.12633e-4 0.007450997 0.05257278 9.12633e-4 0.007450997 0.05257278 9.12633e-4 0.007450997 0.05257278 0.00590521 0.0110951 0.0525735 0.00590521 0.0110951 0.0525735 0.00590521 0.0110951 0.0525735 0.00590521 0.0110951 0.0525735 0.00590521 0.0110951 0.0525735 0.006450474 0.01096457 0.05256825 0.006450474 0.01096457 0.05256825 0.006450474 0.01096457 0.05256825 0.006450474 0.01096457 0.05256825 0.006450474 0.01096457 0.05256825 0.006977736 0.01077383 0.05256253 0.006977736 0.01077383 0.05256253 0.006977736 0.01077383 0.05256253 0.006977736 0.01077383 0.05256253 0.006977736 0.01077383 0.05256253 0.007480263 0.01052528 0.05255639 0.007480263 0.01052528 0.05255639 0.007480263 0.01052528 0.05255639 6.52135e-4 0.007434248 0.05257445 6.52135e-4 0.007434248 0.05257445 6.52135e-4 0.007434248 0.05257445 6.52135e-4 0.007434248 0.05257445 4.04834e-4 0.007350623 0.0525754 4.04834e-4 0.007350623 0.0525754 4.04834e-4 0.007350623 0.0525754 4.04834e-4 0.007350623 0.0525754 1.87601e-4 0.007205843 0.05257552 1.87601e-4 0.007205843 0.05257552 1.87601e-4 0.007205843 0.05257552 1.87601e-4 0.007205843 0.05257552 1.52378e-5 0.007009804 0.05257481 1.52378e-5 0.007009804 0.05257481 1.52378e-5 0.007009804 0.05257481 1.52378e-5 0.007009804 0.05257481 1.52378e-5 0.007009804 0.05257481 1.52378e-5 0.007009804 0.05257481 -0.002583265 0.002855777 0.05255156 -0.002583265 0.002855777 0.05255156 -0.002583265 0.002855777 0.05255156 -0.002583265 0.002855777 0.05255156 -0.00300002 0.002440035 0.05255037 -0.00300002 0.002440035 0.05255037 -0.00300002 0.002440035 0.05255037 -0.00300002 0.002440035 0.05255037 -0.0033589 0.001973509 0.05254822 -0.0033589 0.001973509 0.05254822 -0.0033589 0.001973509 0.05254822 -0.0033589 0.001973509 0.05254822 -0.003653824 0.001464128 0.05254524 -0.003653824 0.001464128 0.05254524 -0.003653824 0.001464128 0.05254524 -0.003879785 9.20609e-4 0.05254137 -0.003879785 9.20609e-4 0.05254137 -0.003879785 9.20609e-4 0.05254137 -0.003879785 9.20609e-4 0.05254137 -0.005695521 0.01113259 0.05265772 -0.005695521 0.01113259 0.05265772 -0.005695521 0.01113259 0.05265772 -0.005187809 0.01137053 0.05265647 -0.005187809 0.01137053 0.05265647 -0.005187809 0.01137053 0.05265647 -0.004656672 0.01155012 0.05265444 -0.004656672 0.01155012 0.05265444 -0.004656672 0.01155012 0.05265444 -0.004108726 0.01166915 0.0526517 -0.004108726 0.01166915 0.0526517 -0.004108726 0.01166915 0.0526517 -0.003550946 0.01172602 0.05264824 -0.003550946 0.01172602 0.05264824 -0.003550946 0.01172602 0.05264824 -8.39723e-4 -0.008173286 0.05242747 -8.39723e-4 -0.008173286 0.05242747 -8.39723e-4 -0.008173286 0.05242747 -8.39723e-4 -0.008173286 0.05242747 -8.39723e-4 -0.008173286 0.05242747 -8.39723e-4 -0.008173286 0.05242747 -6.43673e-4 -0.008345663 0.05242425 -6.43673e-4 -0.008345663 0.05242425 -6.43673e-4 -0.008345663 0.05242425 -6.43673e-4 -0.008345663 0.05242425 -6.43673e-4 -0.008345663 0.05242425 -4.09692e-4 -0.008461415 0.05242145 -4.09692e-4 -0.008461415 0.05242145 -4.09692e-4 -0.008461415 0.05242145 -4.09692e-4 -0.008461415 0.05242145 -1.53724e-4 -0.008512616 0.05241906 -1.53724e-4 -0.008512616 0.05241906 -1.53724e-4 -0.008512616 0.05241906 -1.53724e-4 -0.008512616 0.05241906 1.06785e-4 -0.008495867 0.05241733 1.06785e-4 -0.008495867 0.05241733 1.06785e-4 -0.008495867 0.05241733 1.06785e-4 -0.008495867 0.05241733 3.54081e-4 -0.008412241 0.05241638 3.54081e-4 -0.008412241 0.05241638 3.54081e-4 -0.008412241 0.05241638 3.54081e-4 -0.008412241 0.05241638 5.71313e-4 -0.008267462 0.05241626 5.71313e-4 -0.008267462 0.05241626 5.71313e-4 -0.008267462 0.05241626 5.71313e-4 -0.008267462 0.05241626 0.007297039 -0.00199449 0.0524311 0.007297039 -0.00199449 0.0524311 0.007297039 -0.00199449 0.0524311 0.007297039 -0.00199449 0.0524311 0.007297039 -0.00199449 0.0524311 0.007297039 -0.00199449 0.0524311 0.007297039 -0.00199449 0.0524311 0.007297039 -0.00199449 0.0524311 0.00755757 -0.001977741 0.05242937 0.00755757 -0.001977741 0.05242937 0.00755757 -0.001977741 0.05242937 0.007804811 -0.001894116 0.05242848 0.007804811 -0.001894116 0.05242848 0.007804811 -0.001894116 0.05242848 0.008022069 -0.001749336 0.05242836 0.008022069 -0.001749336 0.05242836 0.008022069 -0.001749336 0.05242836 0.008022069 -0.001749336 0.05242836 -0.007357418 -7.23213e-4 0.05254989 -0.007357418 -7.23213e-4 0.05254989 -0.007357418 -7.23213e-4 0.05254989 -0.007357418 -7.23213e-4 0.05254989 -0.007161378 -8.9556e-4 0.05254673 -0.007161378 -8.9556e-4 0.05254673 -0.007161378 -8.9556e-4 0.05254673 -0.007161378 -8.9556e-4 0.05254673 -0.006927371 -0.001011252 0.05254387 -0.006927371 -0.001011252 0.05254387 -0.006927371 -0.001011252 0.05254387 -0.006671428 -0.001062512 0.05254149 -0.006671428 -0.001062512 0.05254149 -0.006671428 -0.001062512 0.05254149 -0.006671428 -0.001062512 0.05254149 -0.006671428 -0.001062512 0.05254149 -0.006671428 -0.001062512 0.05254149 -0.006671428 -0.001062512 0.05254149 0.001676738 0.005896747 0.0525515 0.001676738 0.005896747 0.0525515 0.001676738 0.005896747 0.0525515 0.00179249 0.006130754 0.05255305 0.00179249 0.006130754 0.05255305 0.00179249 0.006130754 0.05255305 0.008194446 -0.001553297 0.05242908 0.008194446 -0.001553297 0.05242908 0.008194446 -0.001553297 0.05242908 0.008194446 -0.001553297 0.05242908 0.008310198 -0.001319289 0.05243062 0.008310198 -0.001319289 0.05243062 0.008310198 -0.001319289 0.05243062 0.008310198 -0.001319289 0.05243062 0.008361458 -0.001063346 0.05243283 0.008361458 -0.001063346 0.05243283 0.008361458 -0.001063346 0.05243283 0.008344709 -8.02882e-4 0.05243557 0.008344709 -8.02882e-4 0.05243557 0.008344709 -8.02882e-4 0.05243557 0.008261084 -5.5559e-4 0.05243867 0.008261084 -5.5559e-4 0.05243867 0.008261084 -5.5559e-4 0.05243867 0.008116304 -3.38376e-4 0.05244195 0.008116304 -3.38376e-4 0.05244195 0.008116304 -3.38376e-4 0.05244195 0.008116304 -3.38376e-4 0.05244195 0.007920265 -1.66044e-4 0.05244511 0.007920265 -1.66044e-4 0.05244511 0.007920265 -1.66044e-4 0.05244511 0.007920265 -1.66044e-4 0.05244511 0.007686316 -5.03063e-5 0.05244797 0.007686316 -5.03063e-5 0.05244797 0.007686316 -5.03063e-5 0.05244797 0.007686316 -5.03063e-5 0.05244797 0.007430315 9.23872e-7 0.05245029 0.007430315 9.23872e-7 0.05245029 0.007430315 9.23872e-7 0.05245029 0.007430315 9.23872e-7 0.05245029 0.007430315 9.23872e-7 0.05245029 7.43679e-4 -0.008071422 0.05241703 7.43679e-4 -0.008071422 0.05241703 7.43679e-4 -0.008071422 0.05241703 7.43679e-4 -0.008071422 0.05241703 8.59427e-4 -0.007837414 0.05241852 8.59427e-4 -0.007837414 0.05241852 8.59427e-4 -0.007837414 0.05241852 8.59427e-4 -0.007837414 0.05241852 9.10674e-4 -0.007581472 0.05242079 9.10674e-4 -0.007581472 0.05242079 9.10674e-4 -0.007581472 0.05242079 8.93926e-4 -0.00732094 0.05242353 8.93926e-4 -0.00732094 0.05242353 8.93926e-4 -0.00732094 0.05242353 8.10326e-4 -0.0070737 0.05242663 8.10326e-4 -0.0070737 0.05242663 8.10326e-4 -0.0070737 0.05242663 8.10326e-4 -0.0070737 0.05242663 8.10326e-4 -0.0070737 0.05242663 6.65571e-4 -0.006856441 0.05242985 6.65571e-4 -0.006856441 0.05242985 6.65571e-4 -0.006856441 0.05242985 6.65571e-4 -0.006856441 0.05242985 4.69517e-4 -0.006684124 0.05243301 4.69517e-4 -0.006684124 0.05243301 4.69517e-4 -0.006684124 0.05243301 2.35537e-4 -0.006568372 0.05243587 2.35537e-4 -0.006568372 0.05243587 2.35537e-4 -0.006568372 0.05243587 2.35537e-4 -0.006568372 0.05243587 0.002874732 -0.004275143 0.05243998 0.002874732 -0.004275143 0.05243998 0.002874732 -0.004275143 0.05243998 0.002874732 -0.004275143 0.05243998 0.003342151 -0.003917336 0.05244022 0.003342151 -0.003917336 0.05244022 0.003342151 -0.003917336 0.05244022 0.003758907 -0.003501653 0.05244141 0.003758907 -0.003501653 0.05244141 0.003758907 -0.003501653 0.05244141 0.004117846 -0.003035068 0.05244356 0.004117846 -0.003035068 0.05244356 0.004117846 -0.003035068 0.05244356 0.00441277 -0.002525687 0.0524466 0.00441277 -0.002525687 0.0524466 0.00441277 -0.002525687 0.0524466 0.00441277 -0.002525687 0.0524466 0.004638671 -0.001982212 0.05245047 0.004638671 -0.001982212 0.05245047 0.004638671 -0.001982212 0.05245047 0.004638671 -0.001982212 0.05245047 0.004638671 -0.001982212 0.05245047 0.007041096 -0.00194329 0.05243349 0.007041096 -0.00194329 0.05243349 0.007041096 -0.00194329 0.05243349 0.007169842 -1.58548e-5 0.05245202 0.007169842 -1.58548e-5 0.05245202 0.007169842 -1.58548e-5 0.05245202 0.007169842 -1.58548e-5 0.05245202 0.006922543 -9.94652e-5 0.05245298 0.006922543 -9.94652e-5 0.05245298 0.006922543 -9.94652e-5 0.05245298 0.006705284 -2.44237e-4 0.0524531 0.006705284 -2.44237e-4 0.0524531 0.006705284 -2.44237e-4 0.0524531 -0.006410896 -0.001045703 0.05253976 -0.006410896 -0.001045703 0.05253976 -0.006410896 -0.001045703 0.05253976 -0.006410896 -0.001045703 0.05253976 -0.006410896 -0.001045703 0.05253976 -0.004034996 -0.00140345 0.05251896 -0.004034996 -0.00140345 0.05251896 -0.004034996 -0.00140345 0.05251896 -0.004034996 -0.00140345 0.05251896 -0.003883361 -0.001972138 0.05251216 -0.003883361 -0.001972138 0.05251216 -0.003883361 -0.001972138 0.05251216 -0.003658831 -0.00251621 0.05250501 -0.003658831 -0.00251621 0.05250501 -0.003658831 -0.00251621 0.05250501 -0.003365159 -0.003026306 0.05249774 -0.003365159 -0.003026306 0.05249774 -0.003365159 -0.003026306 0.05249774 -0.003007411 -0.003493666 0.05249041 -0.003007411 -0.003493666 0.05249041 -0.003007411 -0.003493666 0.05249041 -0.002591729 -0.003910422 0.0524832 -0.002591729 -0.003910422 0.0524832 -0.002591729 -0.003910422 0.0524832 -0.002591729 -0.003910422 0.0524832 -2.80938e-4 -0.00653392 0.05243998 -2.80938e-4 -0.00653392 0.05243998 -2.80938e-4 -0.00653392 0.05243998 -2.80938e-4 -0.00653392 0.05243998 -2.80938e-4 -0.00653392 0.05243998 -5.28231e-4 -0.006617546 0.05244094 -5.28231e-4 -0.006617546 0.05244094 -5.28231e-4 -0.006617546 0.05244094 -5.28231e-4 -0.006617546 0.05244094 -7.45463e-4 -0.006762325 0.05244106 -7.45463e-4 -0.006762325 0.05244106 -7.45463e-4 -0.006762325 0.05244106 -7.45463e-4 -0.006762325 0.05244106 -9.17831e-4 -0.006958365 0.05244028 -9.17831e-4 -0.006958365 0.05244028 -9.17831e-4 -0.006958365 0.05244028 -0.001033544 -0.007192373 0.05243873 -0.001033544 -0.007192373 0.05243873 -0.001033544 -0.007192373 0.05243873 -0.001084804 -0.007448315 0.05243653 -0.001084804 -0.007448315 0.05243653 -0.001084804 -0.007448315 0.05243653 -0.001084804 -0.007448315 0.05243653 -0.001068055 -0.007708847 0.05243378 -0.001068055 -0.007708847 0.05243378 -0.001068055 -0.007708847 0.05243378 -9.84477e-4 -0.007956087 0.05243068 -9.84477e-4 -0.007956087 0.05243068 -9.84477e-4 -0.007956087 0.05243068 -9.84477e-4 -0.007956087 0.05243068 -0.00403285 3.52263e-4 0.05253672 -0.00403285 3.52263e-4 0.05253672 -0.00403285 3.52263e-4 0.05253672 -0.005707383 3.76433e-4 0.05254906 -0.005707383 3.76433e-4 0.05254906 -0.005707383 3.76433e-4 0.05254906 -0.005707383 3.76433e-4 0.05254906 -0.005852103 5.93647e-4 0.05255234 -0.005852103 5.93647e-4 0.05255234 -0.005852103 5.93647e-4 0.05255234 -0.005852103 5.93647e-4 0.05255234 -0.006048202 7.65987e-4 0.0525555 -0.006048202 7.65987e-4 0.0525555 -0.006048202 7.65987e-4 0.0525555 -0.00628215 8.81717e-4 0.05255836 -0.00628215 8.81717e-4 0.05255836 -0.00628215 8.81717e-4 0.05255836 -0.00628215 8.81717e-4 0.05255836 -0.00628215 8.81717e-4 0.05255836 -0.006538093 9.32947e-4 0.05256074 -0.006538093 9.32947e-4 0.05256074 -0.006538093 9.32947e-4 0.05256074 -0.006538093 9.32947e-4 0.05256074 -0.006798624 9.16175e-4 0.05256241 -0.006798624 9.16175e-4 0.05256241 -0.006798624 9.16175e-4 0.05256241 -0.006798624 9.16175e-4 0.05256241 -0.007045924 8.32565e-4 0.05256336 -0.007045924 8.32565e-4 0.05256336 -0.007045924 8.32565e-4 0.05256336 -0.007263183 6.87785e-4 0.05256348 -0.007263183 6.87785e-4 0.05256348 -0.007263183 6.87785e-4 0.05256348 -0.0074355 4.91731e-4 0.05256271 -0.0074355 4.91731e-4 0.05256271 -0.0074355 4.91731e-4 0.05256271 -0.007551252 2.57745e-4 0.05256122 -0.007551252 2.57745e-4 0.05256122 -0.007551252 2.57745e-4 0.05256122 -0.007551252 2.57745e-4 0.05256122 -0.007602512 1.78814e-6 0.05255895 -0.007602512 1.78814e-6 0.05255895 -0.007602512 1.78814e-6 0.05255895 -0.007585763 -2.58706e-4 0.05255621 -0.007585763 -2.58706e-4 0.05255621 -0.007585763 -2.58706e-4 0.05255621 -0.007585763 -2.58706e-4 0.05255621 -0.007502138 -5.05991e-4 0.05255311 -0.007502138 -5.05991e-4 0.05255311 -0.007502138 -5.05991e-4 0.05255311 -0.007502138 -5.05991e-4 0.05255311 -0.007502138 -5.05991e-4 0.05255311 -0.006615459 0.01049435 0.05265796 -0.006615459 0.01049435 0.05265796 -0.006615459 0.01049435 0.05265796 -0.006173431 0.01083934 0.05265825 -0.006173431 0.01083934 0.05265825 -0.006173431 0.01083934 0.05265825 -0.001061618 0.003731846 0.05254942 -0.001061618 0.003731846 0.05254942 -0.001061618 0.003731846 0.05254942 -0.001061618 0.003731846 0.05254942 -1.51763e-4 0.006519854 0.05257105 -1.51763e-4 0.006519854 0.05257105 -1.51763e-4 0.006519854 0.05257105 -1.51763e-4 0.006519854 0.05257105 -1.51763e-4 0.006519854 0.05257105 -4.92916e-4 0.00388354 0.05254685 -4.92916e-4 0.00388354 0.05254685 -4.92916e-4 0.00388354 0.05254685 -4.92916e-4 0.00388354 0.05254685 -1.35016e-4 0.006259381 0.05256825 -1.35016e-4 0.006259381 0.05256825 -1.35016e-4 0.006259381 0.05256825 -1.35016e-4 0.006259381 0.05256825 -1.35016e-4 0.006259381 0.05256825 9.07595e-5 0.003959655 0.0525434 9.07595e-5 0.003959655 0.0525434 9.07595e-5 0.003959655 0.0525434 9.07595e-5 0.003959655 0.0525434 -5.14118e-5 0.006012082 0.05256515 -5.14118e-5 0.006012082 0.05256515 -5.14118e-5 0.006012082 0.05256515 -5.14118e-5 0.006012082 0.05256515 -5.14118e-5 0.006012082 0.05256515 9.33504e-5 0.005794882 0.05256193 9.33504e-5 0.005794882 0.05256193 9.33504e-5 0.005794882 0.05256193 9.33504e-5 0.005794882 0.05256193 9.33504e-5 0.005794882 0.05256193 0.008386492 0.009867846 0.05254316 0.008386492 0.009867846 0.05254316 0.008386492 0.009867846 0.05254316 0.008386492 0.009867846 0.05254316 0.008778691 0.009467244 0.0525363 0.008778691 0.009467244 0.0525363 0.008778691 0.009467244 0.0525363 0.006807088 -0.001827538 0.05243635 0.006807088 -0.001827538 0.05243635 0.006807088 -0.001827538 0.05243635 0.006807088 -0.001827538 0.05243635 0.004791736 -0.001413822 0.05245506 0.004791736 -0.001413822 0.05245506 0.004791736 -0.001413822 0.05245506 0.006611049 -0.00165522 0.05243951 0.006611049 -0.00165522 0.05243951 0.006611049 -0.00165522 0.05243951 0.006611049 -0.00165522 0.05243951 0.004869282 -8.30382e-4 0.05246043 0.004869282 -8.30382e-4 0.05246043 0.004869282 -8.30382e-4 0.05246043 0.006382703 -0.001190721 0.05244582 0.006382703 -0.001190721 0.05244582 0.006382703 -0.001190721 0.05244582 0.006466269 -0.001437962 0.05244272 0.006466269 -0.001437962 0.05244272 0.006466269 -0.001437962 0.05244272 0.006466269 -0.001437962 0.05244272 0.006365954 -9.30235e-4 0.05244857 0.006365954 -9.30235e-4 0.05244857 0.006365954 -9.30235e-4 0.05244857 -0.006163597 -9.62131e-4 0.05253887 -0.006163597 -9.62131e-4 0.05253887 -0.006163597 -9.62131e-4 0.05253887 -0.004110395 -2.31214e-4 0.05253136 -0.004110395 -2.31214e-4 0.05253136 -0.004110395 -2.31214e-4 0.05253136 -0.005658268 -3.87318e-4 0.05254101 -0.005658268 -3.87318e-4 0.05254101 -0.005658268 -3.87318e-4 0.05254101 -0.005607008 -1.31361e-4 0.05254322 -0.005607008 -1.31361e-4 0.05254322 -0.005607008 -1.31361e-4 0.05254322 -0.005623757 1.29141e-4 0.05254596 -0.005623757 1.29141e-4 0.05254596 -0.005623757 1.29141e-4 0.05254596 0.01189661 -0.0290727 0.007017016 0.01189661 -0.0290727 0.007017016 0.01189661 -0.0290727 0.007017016 0.01189661 -0.0290727 0.007017016 0.01189661 -0.0290727 0.007017016 0.01189661 -0.0290727 0.007017016 0.01188504 -0.02923345 0.006907105 0.01188504 -0.02923345 0.006907105 0.01188504 -0.02923345 0.006907105 0.01188504 -0.02923345 0.006907105 0.01188504 -0.02923345 0.006907105 0.01190501 -0.02896618 0.007180273 0.01190501 -0.02896618 0.007180273 0.01190501 -0.02896618 0.007180273 0.01190501 -0.02896618 0.007180273 0.01190501 -0.02896618 0.007180273 0.01190894 -0.02893018 0.007371962 0.01190894 -0.02893018 0.007371962 0.01190894 -0.02893018 0.007371962 0.01190894 -0.02893018 0.007371962 0.01190894 -0.02893018 0.007371962 0.01190894 -0.02893018 0.007371962 0.01265996 -0.02986168 0.04686015 0.01265996 -0.02986168 0.04686015 0.01265996 -0.02986168 0.04686015 0.01265996 -0.02986168 0.04686015 0.01265996 -0.02986168 0.04686015 0.01265996 -0.02986168 0.04686015 0.01265996 -0.02986168 0.04686015 0.01237446 -0.02946233 0.0073632 0.01237446 -0.02946233 0.0073632 0.01237446 -0.02946233 0.0073632 0.01237446 -0.02946233 0.0073632 0.01237446 -0.02946233 0.0073632 0.01237446 -0.02946233 0.0073632 0.01237446 -0.02946233 0.0073632 0.01237446 -0.02946233 0.0073632 0.01237446 -0.02946233 0.0073632 0.01203292 -0.03590846 0.01857 0.01203292 -0.03590846 0.01857 0.01203292 -0.03590846 0.01857 0.01203292 -0.03590846 0.01857 0.01201879 -0.03617399 0.01902043 0.01201879 -0.03617399 0.01902043 0.01201879 -0.03617399 0.01902043 0.01200002 -0.03650355 0.01942628 0.01200002 -0.03650355 0.01942628 0.01200002 -0.03650355 0.01942628 0.01200002 -0.03650355 0.01942628 0.01197701 -0.03688973 0.01977837 0.01197701 -0.03688973 0.01977837 0.01197701 -0.03688973 0.01977837 0.01195031 -0.03732395 0.02006888 0.01195031 -0.03732395 0.02006888 0.01195031 -0.03732395 0.02006888 0.01195031 -0.03732395 0.02006888 0.01192057 -0.03779649 0.02029132 0.01192057 -0.03779649 0.02029132 0.01192057 -0.03779649 0.02029132 0.01192057 -0.03779649 0.02029132 0.01188838 -0.03829675 0.02044069 0.01188838 -0.03829675 0.02044069 0.01188838 -0.03829675 0.02044069 0.01185446 -0.03881365 0.02051365 0.01185446 -0.03881365 0.02051365 0.01185446 -0.03881365 0.02051365 0.0118196 -0.0393356 0.02050864 0.0118196 -0.0393356 0.02050864 0.0118196 -0.0393356 0.02050864 0.01176911 -0.03926503 0.01352876 0.01176911 -0.03926503 0.01352876 0.01176911 -0.03926503 0.01352876 0.01180398 -0.03874307 0.01353377 0.01180398 -0.03874307 0.01353377 0.01180398 -0.03874307 0.01353377 0.01183903 -0.03822779 0.01361668 0.01183903 -0.03822779 0.01361668 0.01183903 -0.03822779 0.01361668 0.01187348 -0.03773063 0.0137757 0.01187348 -0.03773063 0.0137757 0.01187348 -0.03773063 0.0137757 0.0119065 -0.03726267 0.01400715 0.0119065 -0.03726267 0.01400715 0.0119065 -0.03726267 0.01400715 0.01193743 -0.03683441 0.01430594 0.01193743 -0.03683441 0.01430594 0.01193743 -0.03683441 0.01430594 0.01193743 -0.03683441 0.01430594 0.01193743 -0.03683441 0.01430594 0.01196557 -0.03645539 0.01466542 0.01196557 -0.03645539 0.01466542 0.01196557 -0.03645539 0.01466542 0.01196557 -0.03645539 0.01466542 0.01196557 -0.03645539 0.01466542 0.0119903 -0.03613412 0.01507753 0.0119903 -0.03613412 0.01507753 0.0119903 -0.03613412 0.01507753 0.01201099 -0.03587776 0.01553303 0.01201099 -0.03587776 0.01553303 0.01201099 -0.03587776 0.01553303 0.01201099 -0.03587776 0.01553303 0.01202726 -0.03569197 0.01602178 0.01202726 -0.03569197 0.01602178 0.01202726 -0.03569197 0.01602178 0.01202726 -0.03569197 0.01602178 0.0120387 -0.03558099 0.01653283 0.0120387 -0.03558099 0.01653283 0.0120387 -0.03558099 0.01653283 0.01204508 -0.03554731 0.01705485 0.01204508 -0.03554731 0.01705485 0.01204508 -0.03554731 0.01705485 0.01204621 -0.03559154 0.01757609 0.01204621 -0.03559154 0.01757609 0.01204621 -0.03559154 0.01757609 0.01204621 -0.03559154 0.01757609 0.01204621 -0.03559154 0.01757609 0.01204216 -0.03571283 0.01808488 0.01204216 -0.03571283 0.01808488 0.01204216 -0.03571283 0.01808488 0.01204216 -0.03571283 0.01808488 0.01204216 -0.03571283 0.01808488 0.01163333 -0.04194456 0.01896488 0.01163333 -0.04194456 0.01896488 0.01163333 -0.04194456 0.01896488 0.01163333 -0.04194456 0.01896488 0.01161259 -0.04220092 0.01850938 0.01161259 -0.04220092 0.01850938 0.01161259 -0.04220092 0.01850938 0.01161259 -0.04220092 0.01850938 0.01161259 -0.04220092 0.01850938 0.01159638 -0.04238665 0.01802062 0.01159638 -0.04238665 0.01802062 0.01159638 -0.04238665 0.01802062 0.01159638 -0.04238665 0.01802062 0.01159638 -0.04238665 0.01802062 0.01158493 -0.04249769 0.01750957 0.01158493 -0.04249769 0.01750957 0.01158493 -0.04249769 0.01750957 0.01157855 -0.04253143 0.01698756 0.01157855 -0.04253143 0.01698756 0.01157855 -0.04253143 0.01698756 0.01157736 -0.04248708 0.01646637 0.01157736 -0.04248708 0.01646637 0.01157736 -0.04248708 0.01646637 0.01158142 -0.04236578 0.01595753 0.01158142 -0.04236578 0.01595753 0.01158142 -0.04236578 0.01595753 0.01158142 -0.04236578 0.01595753 0.01159065 -0.04217022 0.01547247 0.01159065 -0.04217022 0.01547247 0.01159065 -0.04217022 0.01547247 0.01159065 -0.04217022 0.01547247 0.01160478 -0.04190468 0.01502197 0.01160478 -0.04190468 0.01502197 0.01160478 -0.04190468 0.01502197 0.01160478 -0.04190468 0.01502197 0.01162362 -0.04157513 0.01461613 0.01162362 -0.04157513 0.01461613 0.01162362 -0.04157513 0.01461613 0.01162362 -0.04157513 0.01461613 0.01164656 -0.04118889 0.01426404 0.01164656 -0.04118889 0.01426404 0.01164656 -0.04118889 0.01426404 0.01167327 -0.04075473 0.01397353 0.01167327 -0.04075473 0.01397353 0.01167327 -0.04075473 0.01397353 0.01170301 -0.04028218 0.01375108 0.01170301 -0.04028218 0.01375108 0.01170301 -0.04028218 0.01375108 0.01170301 -0.04028218 0.01375108 0.0117352 -0.03978186 0.01360172 0.0117352 -0.03978186 0.01360172 0.0117352 -0.03978186 0.01360172 0.01178455 -0.03985089 0.02042573 0.01178455 -0.03985089 0.02042573 0.01178455 -0.03985089 0.02042573 0.01178455 -0.03985089 0.02042573 0.0117501 -0.04034805 0.02026671 0.0117501 -0.04034805 0.02026671 0.0117501 -0.04034805 0.02026671 0.01171708 -0.040816 0.02003526 0.01171708 -0.040816 0.02003526 0.01171708 -0.040816 0.02003526 0.01171708 -0.040816 0.02003526 0.01171708 -0.040816 0.02003526 0.01168614 -0.04124426 0.01973646 0.01168614 -0.04124426 0.01973646 0.01168614 -0.04124426 0.01973646 0.01168614 -0.04124426 0.01973646 0.01168614 -0.04124426 0.01973646 0.01165801 -0.04162323 0.01937699 0.01165801 -0.04162323 0.01937699 0.01165801 -0.04162323 0.01937699 0.01165801 -0.04162323 0.01937699 0.01165801 -0.04162323 0.01937699 0.01219439 -0.02932953 0.04686892 0.01219439 -0.02932953 0.04686892 0.01219439 -0.02932953 0.04686892 0.01219439 -0.02932953 0.04686892 0.01219439 -0.02932953 0.04686892 0.01219439 -0.02932953 0.04686892 0.01219439 -0.02932953 0.04686892 0.01251643 -0.02985548 0.04721486 0.01251643 -0.02985548 0.04721486 0.01251643 -0.02985548 0.04721486 0.01251643 -0.02985548 0.04721486 0.01251643 -0.02985548 0.04721486 0.01251643 -0.02985548 0.04721486 0.01235532 -0.02984577 0.04732447 0.01235532 -0.02984577 0.04732447 0.01235532 -0.02984577 0.04732447 0.01235532 -0.02984577 0.04732447 0.01235532 -0.02984577 0.04732447 0.01235532 -0.02984577 0.04732447 0.01216471 -0.02983343 0.04736405 0.01216471 -0.02983343 0.04736405 0.01216471 -0.02983343 0.04736405 0.01216471 -0.02983343 0.04736405 0.01262336 -0.02986109 0.04705178 0.01262336 -0.02986109 0.04705178 0.01262336 -0.02986109 0.04705178 0.01262336 -0.02986109 0.04705178 0.01262336 -0.02986109 0.04705178 0.0122258 -0.02944898 0.007010877 0.0122258 -0.02944898 0.007010877 0.0122258 -0.02944898 0.007010877 0.0122258 -0.02944898 0.007010877 0.01233512 -0.02945786 0.007172226 0.01233512 -0.02945786 0.007172226 0.01233512 -0.02945786 0.007172226 0.01233512 -0.02945786 0.007172226 0.01233512 -0.02945786 0.007172226 0.01206314 -0.02943712 0.006903767 0.01206314 -0.02943712 0.006903767 0.01206314 -0.02943712 0.006903767 0.01206314 -0.02943712 0.006903767 0.01217716 -0.02964216 0.04732787 0.01217716 -0.02964216 0.04732787 0.01217716 -0.02964216 0.04732787 0.01217716 -0.02964216 0.04732787 0.01217716 -0.02964216 0.04732787 0.01217716 -0.02964216 0.04732787 0.01218724 -0.0294792 0.047221 0.01218724 -0.0294792 0.047221 0.01218724 -0.0294792 0.047221 0.01218724 -0.0294792 0.047221 0.01218724 -0.0294792 0.047221 0.01218724 -0.0294792 0.047221 0.01219326 -0.02936941 0.04705989 0.01219326 -0.02936941 0.04705989 0.01219326 -0.02936941 0.04705989 0.01219326 -0.02936941 0.04705989 0.01219326 -0.02936941 0.04705989 0.01219326 -0.02936941 0.04705989 0.0123828 -0.02938026 0.04686701 0.0123828 -0.02938026 0.04686701 0.0123828 -0.02938026 0.04686701 0.0123828 -0.02938026 0.04686701 0.0123828 -0.02938026 0.04686701 0.01236879 -0.02938002 0.04694038 0.01236879 -0.02938002 0.04694038 0.01236879 -0.02938002 0.04694038 0.01236879 -0.02938002 0.04694038 0.01236879 -0.02938002 0.04694038 0.01232784 -0.02937787 0.04700273 0.01232784 -0.02937787 0.04700273 0.01232784 -0.02937787 0.04700273 0.01232784 -0.02937787 0.04700273 0.01232784 -0.02937787 0.04700273 0.01226621 -0.02937418 0.04704475 0.01226621 -0.02937418 0.04704475 0.01226621 -0.02937418 0.04704475 0.01226621 -0.02937418 0.04704475 0.01226621 -0.02937418 0.04704475 0.01253741 -0.02949917 0.04686468 0.01253741 -0.02949917 0.04686468 0.01253741 -0.02949917 0.04686468 0.01253741 -0.02949917 0.04686468 0.01253741 -0.02949917 0.04686468 0.01253741 -0.02949917 0.04686468 0.01251155 -0.02949875 0.04700022 0.01251155 -0.02949875 0.04700022 0.01251155 -0.02949875 0.04700022 0.01251155 -0.02949875 0.04700022 0.01251155 -0.02949875 0.04700022 0.01263475 -0.02966827 0.0468623 0.01263475 -0.02966827 0.0468623 0.01263475 -0.02966827 0.0468623 0.01263475 -0.02966827 0.0468623 0.01260095 -0.02966767 0.04703933 0.01260095 -0.02966767 0.04703933 0.01260095 -0.02966767 0.04703933 0.01260095 -0.02966767 0.04703933 0.01260095 -0.02966767 0.04703933 0.01260095 -0.02966767 0.04703933 0.012322 -0.02948796 0.04719305 0.012322 -0.02948796 0.04719305 0.012322 -0.02948796 0.04719305 0.012322 -0.02948796 0.04719305 0.012322 -0.02948796 0.04719305 0.012322 -0.02948796 0.04719305 0.0123533 -0.02965354 0.04729127 0.0123533 -0.02965354 0.04729127 0.0123533 -0.02965354 0.04729127 0.0123533 -0.02965354 0.04729127 0.0123533 -0.02965354 0.04729127 0.0123533 -0.02965354 0.04729127 0.01243591 -0.02949482 0.0471155 0.01243591 -0.02949482 0.0471155 0.01243591 -0.02949482 0.0471155 0.01243591 -0.02949482 0.0471155 0.01243591 -0.02949482 0.0471155 0.01243591 -0.02949482 0.0471155 0.01250213 -0.02966254 0.04719001 0.01250213 -0.02966254 0.04719001 0.01250213 -0.02966254 0.04719001 0.01250213 -0.02966254 0.04719001 0.01250213 -0.02966254 0.04719001 0.01250213 -0.02966254 0.04719001 0.01234924 -0.02926886 0.007365345 0.01234924 -0.02926886 0.007365345 0.01234924 -0.02926886 0.007365345 0.01234924 -0.02926886 0.007365345 0.01234924 -0.02926886 0.007365345 0.01225191 -0.02909982 0.007367789 0.01225191 -0.02909982 0.007367789 0.01225191 -0.02909982 0.007367789 0.01225191 -0.02909982 0.007367789 0.01225191 -0.02909982 0.007367789 0.01225191 -0.02909982 0.007367789 0.01209729 -0.02898085 0.007370114 0.01209729 -0.02898085 0.007370114 0.01209729 -0.02898085 0.007370114 0.01209729 -0.02898085 0.007370114 0.01209729 -0.02898085 0.007370114 0.01234775 -0.02928268 0.007292032 0.01234775 -0.02928268 0.007292032 0.01234775 -0.02928268 0.007292032 0.01234775 -0.02928268 0.007292032 0.01234775 -0.02928268 0.007292032 0.01234453 -0.02932339 0.007229506 0.01234453 -0.02932339 0.007229506 0.01234453 -0.02932339 0.007229506 0.01234453 -0.02932339 0.007229506 0.01234453 -0.02932339 0.007229506 0.01234012 -0.02938497 0.007187485 0.01234012 -0.02938497 0.007187485 0.01234012 -0.02938497 0.007187485 0.01234012 -0.02938497 0.007187485 0.01224917 -0.02912533 0.007232248 0.01224917 -0.02912533 0.007232248 0.01224917 -0.02912533 0.007232248 0.01224917 -0.02912533 0.007232248 0.01224917 -0.02912533 0.007232248 0.01224917 -0.02912533 0.007232248 0.01209366 -0.02901417 0.007192969 0.01209366 -0.02901417 0.007192969 0.01209366 -0.02901417 0.007192969 0.01209366 -0.02901417 0.007192969 0.01209366 -0.02901417 0.007192969 0.01209366 -0.02901417 0.007192969 0.01223498 -0.02931427 0.00703907 0.01223498 -0.02931427 0.00703907 0.01223498 -0.02931427 0.00703907 0.01223498 -0.02931427 0.00703907 0.01223498 -0.02931427 0.00703907 0.01223498 -0.02931427 0.00703907 0.01207518 -0.02926111 0.006940603 0.01207518 -0.02926111 0.006940603 0.01207518 -0.02926111 0.006940603 0.01207518 -0.02926111 0.006940603 0.01207518 -0.02926111 0.006940603 0.01224321 -0.02920061 0.007116794 0.01224321 -0.02920061 0.007116794 0.01224321 -0.02920061 0.007116794 0.01224321 -0.02920061 0.007116794 0.01224321 -0.02920061 0.007116794 0.01208591 -0.02911257 0.007042169 0.01208591 -0.02911257 0.007042169 0.01208591 -0.02911257 0.007042169 0.01208591 -0.02911257 0.007042169 0.01208591 -0.02911257 0.007042169 0.01208591 -0.02911257 0.007042169 0.01301652 -0.03624057 0.01901257 0.01301652 -0.03624057 0.01901257 0.01301652 -0.03624057 0.01901257 0.01323837 -0.03293401 0.0191642 0.01323837 -0.03293401 0.0191642 0.01323837 -0.03293401 0.0191642 0.01323837 -0.03293401 0.0191642 0.01299774 -0.03657013 0.01941841 0.01299774 -0.03657013 0.01941841 0.01299774 -0.03657013 0.01941841 0.01283681 -0.03829437 0.01360881 0.01283681 -0.03829437 0.01360881 0.01283681 -0.03829437 0.01360881 0.01315921 -0.03347212 0.01369065 0.01315921 -0.03347212 0.01369065 0.01315921 -0.03347212 0.01369065 0.0128712 -0.03779715 0.01376777 0.0128712 -0.03779715 0.01376777 0.0128712 -0.03779715 0.01376777 0.01241099 -0.04532009 0.01904493 0.01241099 -0.04532009 0.01904493 0.01241099 -0.04532009 0.01904493 0.01263105 -0.04201108 0.01895701 0.01263105 -0.04201108 0.01895701 0.01263105 -0.04201108 0.01895701 0.01263105 -0.04201108 0.01895701 0.01265573 -0.04168981 0.01936912 0.01265573 -0.04168981 0.01936912 0.01265573 -0.04168981 0.01936912 0.01265573 -0.04168981 0.01936912 0.01241105 -0.04467147 0.01358276 0.01241105 -0.04467147 0.01358276 0.01241105 -0.04467147 0.01358276 0.01273298 -0.03984844 0.01359385 0.01273298 -0.03984844 0.01359385 0.01273298 -0.03984844 0.01359385 0.01273298 -0.03984844 0.01359385 0.01270079 -0.04034876 0.01374322 0.01270079 -0.04034876 0.01374322 0.01270079 -0.04034876 0.01374322 0.01312845 -0.03386324 0.01309984 0.01312845 -0.03386324 0.01309984 0.01312845 -0.03386324 0.01309984 0.01312845 -0.03386324 0.01309984 0.01312845 -0.03386324 0.01309984 0.01312845 -0.03386324 0.01309984 0.01280176 -0.03880965 0.0135259 0.01280176 -0.03880965 0.0135259 0.01280176 -0.03880965 0.0135259 0.01278591 -0.03868597 0.01047682 0.01278591 -0.03868597 0.01047682 0.01278591 -0.03868597 0.01047682 0.01283347 -0.03798329 0.01056027 0.01283347 -0.03798329 0.01056027 0.01283347 -0.03798329 0.01056027 0.01283347 -0.03798329 0.01056027 0.01288074 -0.03729373 0.01071941 0.01288074 -0.03729373 0.01071941 0.01288074 -0.03729373 0.01071941 0.01288074 -0.03729373 0.01071941 0.01292717 -0.0366255 0.01095229 0.01292717 -0.0366255 0.01095229 0.01292717 -0.0366255 0.01095229 0.01292717 -0.0366255 0.01095229 0.01297217 -0.0359863 0.01125621 0.01297217 -0.0359863 0.01125621 0.01297217 -0.0359863 0.01125621 0.01297217 -0.0359863 0.01125621 0.01297217 -0.0359863 0.01125621 0.01301532 -0.03538364 0.01162767 0.01301532 -0.03538364 0.01162767 0.01301532 -0.03538364 0.01162767 0.01301532 -0.03538364 0.01162767 0.01305609 -0.03482466 0.01206231 0.01305609 -0.03482466 0.01206231 0.01305609 -0.03482466 0.01206231 0.01305609 -0.03482466 0.01206231 0.01309394 -0.03431588 0.01255494 0.01309394 -0.03431588 0.01255494 0.01309394 -0.03431588 0.01255494 0.01276689 -0.03933155 0.01352089 0.01276689 -0.03933155 0.01352089 0.01276689 -0.03933155 0.01352089 0.01276689 -0.03933155 0.01352089 0.01243335 -0.04426842 0.01299965 0.01243335 -0.04426842 0.01299965 0.01243335 -0.04426842 0.01299965 0.01243335 -0.04426842 0.01299965 0.01246005 -0.04380482 0.01246356 0.01246005 -0.04380482 0.01246356 0.01246005 -0.04380482 0.01246356 0.01246005 -0.04380482 0.01246356 0.01249086 -0.0432862 0.01198083 0.01249086 -0.0432862 0.01198083 0.01249086 -0.0432862 0.01198083 0.01249086 -0.0432862 0.01198083 0.01252537 -0.04271852 0.0115571 0.01252537 -0.04271852 0.0115571 0.01252537 -0.04271852 0.0115571 0.01252537 -0.04271852 0.0115571 0.01256322 -0.04210847 0.01119732 0.01256322 -0.04210847 0.01119732 0.01256322 -0.04210847 0.01119732 0.01260399 -0.04146331 0.01090568 0.01260399 -0.04146331 0.01090568 0.01260399 -0.04146331 0.01090568 0.01260399 -0.04146331 0.01090568 0.01264715 -0.04079043 0.01068574 0.01264715 -0.04079043 0.01068574 0.01264715 -0.04079043 0.01068574 0.01264715 -0.04079043 0.01068574 0.01269221 -0.04009783 0.01053994 0.01269221 -0.04009783 0.01053994 0.01269221 -0.04009783 0.01053994 0.01269221 -0.04009783 0.01053994 0.01273864 -0.0393936 0.01047003 0.01273864 -0.0393936 0.01047003 0.01273864 -0.0393936 0.01047003 0.01318573 -0.03394341 0.02102702 0.01318573 -0.03394341 0.02102702 0.01318573 -0.03394341 0.02102702 0.01318573 -0.03394341 0.02102702 0.01318573 -0.03394341 0.02102702 0.01318573 -0.03394341 0.02102702 0.01315903 -0.03440696 0.02156311 0.01315903 -0.03440696 0.02156311 0.01315903 -0.03440696 0.02156311 0.01312822 -0.03492563 0.02204585 0.01312822 -0.03492563 0.02204585 0.01312822 -0.03492563 0.02204585 0.01312822 -0.03492563 0.02204585 0.01312822 -0.03492563 0.02204585 0.0130937 -0.03549325 0.02246958 0.0130937 -0.03549325 0.02246958 0.0130937 -0.03549325 0.02246958 0.0130937 -0.03549325 0.02246958 0.0130937 -0.03549325 0.02246958 0.01305586 -0.0361033 0.02282935 0.01305586 -0.0361033 0.02282935 0.01305586 -0.0361033 0.02282935 0.01305586 -0.0361033 0.02282935 0.01301509 -0.03674852 0.02312093 0.01301509 -0.03674852 0.02312093 0.01301509 -0.03674852 0.02312093 0.01301509 -0.03674852 0.02312093 0.01297193 -0.0374214 0.02334094 0.01297193 -0.0374214 0.02334094 0.01297193 -0.0374214 0.02334094 0.01297193 -0.0374214 0.02334094 0.01292687 -0.03811401 0.02348673 0.01292687 -0.03811401 0.02348673 0.01292687 -0.03811401 0.02348673 0.01288044 -0.03881824 0.02355664 0.01288044 -0.03881824 0.02355664 0.01288044 -0.03881824 0.02355664 0.01285219 -0.03888022 0.02050578 0.01285219 -0.03888022 0.02050578 0.01285219 -0.03888022 0.02050578 0.0128861 -0.03836333 0.02043277 0.0128861 -0.03836333 0.02043277 0.0128861 -0.03836333 0.02043277 0.01320803 -0.03354036 0.02044385 0.01320803 -0.03354036 0.02044385 0.01320803 -0.03354036 0.02044385 0.01320803 -0.03354036 0.02044385 0.01281732 -0.03940212 0.02050077 0.01281732 -0.03940212 0.02050077 0.01281732 -0.03940212 0.02050077 0.01283317 -0.0395258 0.02354979 0.01283317 -0.0395258 0.02354979 0.01283317 -0.0395258 0.02354979 0.01278561 -0.04022848 0.02346634 0.01278561 -0.04022848 0.02346634 0.01278561 -0.04022848 0.02346634 0.01273834 -0.04091805 0.02330726 0.01273834 -0.04091805 0.02330726 0.01273834 -0.04091805 0.02330726 0.01269197 -0.04158633 0.02307438 0.01269197 -0.04158633 0.02307438 0.01269197 -0.04158633 0.02307438 0.01264691 -0.04222553 0.0227704 0.01264691 -0.04222553 0.0227704 0.01264691 -0.04222553 0.0227704 0.01260375 -0.04282814 0.02239894 0.01260375 -0.04282814 0.02239894 0.01260375 -0.04282814 0.02239894 0.01256304 -0.04338717 0.02196437 0.01256304 -0.04338717 0.02196437 0.01256304 -0.04338717 0.02196437 0.01256304 -0.04338717 0.02196437 0.0125252 -0.0438959 0.02147173 0.0125252 -0.0438959 0.02147173 0.0125252 -0.0438959 0.02147173 0.01249068 -0.04434853 0.02092683 0.01249068 -0.04434853 0.02092683 0.01249068 -0.04434853 0.02092683 0.01245987 -0.04473972 0.02033603 0.01245987 -0.04473972 0.02033603 0.01245987 -0.04473972 0.02033603 0.01278227 -0.03991746 0.0204178 0.01278227 -0.03991746 0.0204178 0.01278227 -0.03991746 0.0204178 0.01294809 -0.03739053 0.02006101 0.01294809 -0.03739053 0.02006101 0.01294809 -0.03739053 0.02006101 0.01322561 -0.03320258 0.01982051 0.01322561 -0.03320258 0.01982051 0.01322561 -0.03320258 0.01982051 0.01322561 -0.03320258 0.01982051 0.01291829 -0.03786307 0.0202834 0.01291829 -0.03786307 0.0202834 0.01291829 -0.03786307 0.0202834 0.01297473 -0.03695631 0.0197705 0.01297473 -0.03695631 0.0197705 0.01297473 -0.03695631 0.0197705 0.01297473 -0.03695631 0.0197705 0.01304399 -0.03565812 0.01756817 0.01304399 -0.03565812 0.01756817 0.01304399 -0.03565812 0.01756817 0.01324862 -0.03261625 0.01778399 0.01324862 -0.03261625 0.01778399 0.01324862 -0.03261625 0.01778399 0.01324862 -0.03261625 0.01778399 0.01303988 -0.03577941 0.01807701 0.01303988 -0.03577941 0.01807701 0.01303988 -0.03577941 0.01807701 0.01303988 -0.03577941 0.01807701 0.01324605 -0.03273779 0.01848274 0.01324605 -0.03273779 0.01848274 0.01324605 -0.03273779 0.01848274 0.01324605 -0.03273779 0.01848274 0.0130307 -0.03597503 0.01856207 0.0130307 -0.03597503 0.01856207 0.0130307 -0.03597503 0.01856207 0.0130307 -0.03597503 0.01856207 0.01300871 -0.03594434 0.01552516 0.01300871 -0.03594434 0.01552516 0.01300871 -0.03594434 0.01552516 0.01322573 -0.03270936 0.01566684 0.01322573 -0.03270936 0.01566684 0.01322573 -0.03270936 0.01566684 0.01322573 -0.03270936 0.01566684 0.01302498 -0.03575855 0.01601392 0.01302498 -0.03575855 0.01601392 0.01302498 -0.03575855 0.01601392 0.01302498 -0.03575855 0.01601392 0.01323843 -0.03260189 0.01636773 0.01323843 -0.03260189 0.01636773 0.01323843 -0.03260189 0.01636773 0.01323843 -0.03260189 0.01636773 0.01303642 -0.03564757 0.01652497 0.01303642 -0.03564757 0.01652497 0.01303642 -0.03564757 0.01652497 0.01303642 -0.03564757 0.01652497 0.01324611 -0.03257077 0.01707625 0.01324611 -0.03257077 0.01707625 0.01324611 -0.03257077 0.01707625 0.0130428 -0.03561383 0.01704692 0.0130428 -0.03561383 0.01704692 0.0130428 -0.03561383 0.01704692 0.01293522 -0.03690099 0.01429808 0.01293522 -0.03690099 0.01429808 0.01293522 -0.03690099 0.01429808 0.01318585 -0.03314697 0.01432037 0.01318585 -0.03314697 0.01432037 0.01318585 -0.03314697 0.01432037 0.01296335 -0.03652197 0.01465755 0.01296335 -0.03652197 0.01465755 0.01296335 -0.03652197 0.01465755 0.01296335 -0.03652197 0.01465755 0.01320815 -0.03289169 0.01498168 0.01320815 -0.03289169 0.01498168 0.01320815 -0.03289169 0.01498168 0.01320815 -0.03289169 0.01498168 0.01298803 -0.0362007 0.01506966 0.01298803 -0.0362007 0.01506966 0.01298803 -0.0362007 0.01506966 0.01298803 -0.0362007 0.01506966 0.01290428 -0.03732925 0.01399928 0.01290428 -0.03732925 0.01399928 0.01290428 -0.03732925 0.01399928 0.0127148 -0.04088258 0.02002739 0.0127148 -0.04088258 0.02002739 0.0127148 -0.04088258 0.02002739 0.01274788 -0.04041463 0.02025884 0.01274788 -0.04041463 0.02025884 0.01274788 -0.04041463 0.02025884 0.01274788 -0.04041463 0.02025884 0.01243323 -0.04506486 0.0197063 0.01243323 -0.04506486 0.0197063 0.01243323 -0.04506486 0.0197063 0.01268386 -0.04131084 0.01972854 0.01268386 -0.04131084 0.01972854 0.01268386 -0.04131084 0.01972854 0.01268386 -0.04131084 0.01972854 0.01258265 -0.04256421 0.01750171 0.01258265 -0.04256421 0.01750171 0.01258265 -0.04256421 0.01750171 0.01258265 -0.04256421 0.01750171 0.0125941 -0.04245322 0.01801276 0.0125941 -0.04245322 0.01801276 0.0125941 -0.04245322 0.01801276 0.0125941 -0.04245322 0.01801276 0.01238065 -0.04560989 0.01765888 0.01238065 -0.04560989 0.01765888 0.01238065 -0.04560989 0.01765888 0.01238065 -0.04560989 0.01765888 0.01261037 -0.0422675 0.01850152 0.01261037 -0.0422675 0.01850152 0.01261037 -0.0422675 0.01850152 0.01239341 -0.04550248 0.01835983 0.01239341 -0.04550248 0.01835983 0.01239341 -0.04550248 0.01835983 0.01258838 -0.0422368 0.01546454 0.01258838 -0.0422368 0.01546454 0.01258838 -0.0422368 0.01546454 0.01258838 -0.0422368 0.01546454 0.0125792 -0.04243236 0.01594966 0.0125792 -0.04243236 0.01594966 0.0125792 -0.04243236 0.01594966 0.01237303 -0.04547405 0.01554393 0.01237303 -0.04547405 0.01554393 0.01237303 -0.04547405 0.01554393 0.01237303 -0.04547405 0.01554393 0.01257508 -0.04255366 0.01645845 0.01257508 -0.04255366 0.01645845 0.01257508 -0.04255366 0.01645845 0.01237046 -0.04559558 0.01624262 0.01237046 -0.04559558 0.01624262 0.01237046 -0.04559558 0.01624262 0.01237046 -0.04559558 0.01624262 0.01257628 -0.04259794 0.01697969 0.01257628 -0.04259794 0.01697969 0.01257628 -0.04259794 0.01697969 0.01237303 -0.04564106 0.01695042 0.01237303 -0.04564106 0.01695042 0.01237303 -0.04564106 0.01695042 0.01264435 -0.04125547 0.01425617 0.01264435 -0.04125547 0.01425617 0.01264435 -0.04125547 0.01425617 0.01264435 -0.04125547 0.01425617 0.01262134 -0.04164171 0.01460826 0.01262134 -0.04164171 0.01460826 0.01262134 -0.04164171 0.01460826 0.01262134 -0.04164171 0.01460826 0.01239347 -0.04500925 0.01420617 0.01239347 -0.04500925 0.01420617 0.01239347 -0.04500925 0.01420617 0.01239347 -0.04500925 0.01420617 0.01260256 -0.04197126 0.01501405 0.01260256 -0.04197126 0.01501405 0.01260256 -0.04197126 0.01501405 0.01260256 -0.04197126 0.01501405 0.01238071 -0.04527783 0.01486241 0.01238071 -0.04527783 0.01486241 0.01238071 -0.04527783 0.01486241 0.01267099 -0.04082131 0.01396566 0.01267099 -0.04082131 0.01396566 0.01267099 -0.04082131 0.01396566 0.01682448 -0.03824955 0.01052874 0.01682448 -0.03824955 0.01052874 0.01682448 -0.03824955 0.01052874 0.01687175 -0.03756004 0.01068782 0.01687175 -0.03756004 0.01068782 0.01687175 -0.03756004 0.01068782 0.01687175 -0.03756004 0.01068782 0.01691818 -0.03689175 0.01092076 0.01691818 -0.03689175 0.01092076 0.01691818 -0.03689175 0.01092076 0.01696318 -0.03625255 0.01122468 0.01696318 -0.03625255 0.01122468 0.01696318 -0.03625255 0.01122468 0.01700633 -0.03564995 0.01159614 0.01700633 -0.03564995 0.01159614 0.01700633 -0.03564995 0.01159614 0.01700633 -0.03564995 0.01159614 0.0170471 -0.03509098 0.01203072 0.0170471 -0.03509098 0.01203072 0.0170471 -0.03509098 0.01203072 0.01708489 -0.03458219 0.01252341 0.01708489 -0.03458219 0.01252341 0.01708489 -0.03458219 0.01252341 0.0171194 -0.03412955 0.01306831 0.0171194 -0.03412955 0.01306831 0.0171194 -0.03412955 0.01306831 0.01715022 -0.03373837 0.01365906 0.01715022 -0.03373837 0.01365906 0.01715022 -0.03373837 0.01365906 0.01717686 -0.03341329 0.01428884 0.01717686 -0.03341329 0.01428884 0.01717686 -0.03341329 0.01428884 0.01719915 -0.033158 0.01495015 0.01719915 -0.033158 0.01495015 0.01719915 -0.033158 0.01495015 0.01721668 -0.03297561 0.01563531 0.01721668 -0.03297561 0.01563531 0.01721668 -0.03297561 0.01563531 0.01721668 -0.03297561 0.01563531 0.01722943 -0.0328682 0.0163362 0.01722943 -0.0328682 0.0163362 0.01722943 -0.0328682 0.0163362 0.01722943 -0.0328682 0.0163362 0.01722943 -0.0328682 0.0163362 0.01723706 -0.03283709 0.01704472 0.01723706 -0.03283709 0.01704472 0.01723706 -0.03283709 0.01704472 0.01723706 -0.03283709 0.01704472 0.01677691 -0.03895229 0.01044529 0.01677691 -0.03895229 0.01044529 0.01677691 -0.03895229 0.01044529 0.01677691 -0.03895229 0.01044529 0.01672965 -0.03965985 0.0104385 0.01672965 -0.03965985 0.0104385 0.01672965 -0.03965985 0.0104385 0.01672965 -0.03965985 0.0104385 0.01668322 -0.04036408 0.01050841 0.01668322 -0.04036408 0.01050841 0.01668322 -0.04036408 0.01050841 0.01663815 -0.04105669 0.01065421 0.01663815 -0.04105669 0.01065421 0.01663815 -0.04105669 0.01065421 0.01663815 -0.04105669 0.01065421 0.016595 -0.04172956 0.01087415 0.016595 -0.04172956 0.01087415 0.016595 -0.04172956 0.01087415 0.01655423 -0.04237478 0.01116573 0.01655423 -0.04237478 0.01116573 0.01655423 -0.04237478 0.01116573 0.01655423 -0.04237478 0.01116573 0.01651638 -0.04298484 0.01152551 0.01651638 -0.04298484 0.01152551 0.01651638 -0.04298484 0.01152551 0.01651638 -0.04298484 0.01152551 0.01648187 -0.04355245 0.0119493 0.01648187 -0.04355245 0.0119493 0.01648187 -0.04355245 0.0119493 0.01648187 -0.04355245 0.0119493 0.01645106 -0.04407113 0.01243203 0.01645106 -0.04407113 0.01243203 0.01645106 -0.04407113 0.01243203 0.01645106 -0.04407113 0.01243203 0.01642435 -0.04453468 0.01296812 0.01642435 -0.04453468 0.01296812 0.01642435 -0.04453468 0.01296812 0.01640212 -0.04493772 0.01355123 0.01640212 -0.04493772 0.01355123 0.01640212 -0.04493772 0.01355123 0.01640212 -0.04493772 0.01355123 0.01638448 -0.0452755 0.01417464 0.01638448 -0.0452755 0.01417464 0.01638448 -0.0452755 0.01417464 0.01637172 -0.04554408 0.01483088 0.01637172 -0.04554408 0.01483088 0.01637172 -0.04554408 0.01483088 0.01637172 -0.04554408 0.01483088 0.01636403 -0.0457403 0.0155124 0.01636403 -0.0457403 0.0155124 0.01636403 -0.0457403 0.0155124 0.01636403 -0.0457403 0.0155124 0.01636147 -0.04586184 0.01621109 0.01636147 -0.04586184 0.01621109 0.01636147 -0.04586184 0.01621109 0.01636403 -0.04590731 0.01691883 0.01636403 -0.04590731 0.01691883 0.01636403 -0.04590731 0.01691883 0.01636403 -0.04590731 0.01691883 0.01636403 -0.04590731 0.01691883 0.01677662 -0.04049479 0.02343481 0.01677662 -0.04049479 0.02343481 0.01677662 -0.04049479 0.02343481 0.01672935 -0.04118436 0.02327573 0.01672935 -0.04118436 0.02327573 0.01672935 -0.04118436 0.02327573 0.01668292 -0.04185259 0.02304279 0.01668292 -0.04185259 0.02304279 0.01668292 -0.04185259 0.02304279 0.01663792 -0.04249179 0.02273887 0.01663792 -0.04249179 0.02273887 0.01663792 -0.04249179 0.02273887 0.01659476 -0.04309445 0.02236741 0.01659476 -0.04309445 0.02236741 0.01659476 -0.04309445 0.02236741 0.01655405 -0.04365342 0.02193284 0.01655405 -0.04365342 0.02193284 0.01655405 -0.04365342 0.02193284 0.01655405 -0.04365342 0.02193284 0.0165162 -0.04416221 0.0214402 0.0165162 -0.04416221 0.0214402 0.0165162 -0.04416221 0.0214402 0.0165162 -0.04416221 0.0214402 0.0165162 -0.04416221 0.0214402 0.01648169 -0.04461485 0.0208953 0.01648169 -0.04461485 0.0208953 0.01648169 -0.04461485 0.0208953 0.01645094 -0.04500603 0.0203045 0.01645094 -0.04500603 0.0203045 0.01645094 -0.04500603 0.0203045 0.01645094 -0.04500603 0.0203045 0.01642423 -0.04533112 0.01967471 0.01642423 -0.04533112 0.01967471 0.01642423 -0.04533112 0.01967471 0.01642423 -0.04533112 0.01967471 0.016402 -0.0455864 0.0190134 0.016402 -0.0455864 0.0190134 0.016402 -0.0455864 0.0190134 0.016402 -0.0455864 0.0190134 0.01638442 -0.04576879 0.0183283 0.01638442 -0.04576879 0.0183283 0.01638442 -0.04576879 0.0183283 0.01638442 -0.04576879 0.0183283 0.01637166 -0.0458762 0.01762735 0.01637166 -0.0458762 0.01762735 0.01637166 -0.0458762 0.01762735 0.01637166 -0.0458762 0.01762735 0.01682418 -0.03979212 0.02351826 0.01682418 -0.03979212 0.02351826 0.01682418 -0.03979212 0.02351826 0.01682418 -0.03979212 0.02351826 0.01687145 -0.03908449 0.02352505 0.01687145 -0.03908449 0.02352505 0.01687145 -0.03908449 0.02352505 0.01687145 -0.03908449 0.02352505 0.01691788 -0.03838026 0.0234552 0.01691788 -0.03838026 0.0234552 0.01691788 -0.03838026 0.0234552 0.01696294 -0.03768765 0.0233094 0.01696294 -0.03768765 0.0233094 0.01696294 -0.03768765 0.0233094 0.01700609 -0.03701484 0.0230894 0.01700609 -0.03701484 0.0230894 0.01700609 -0.03701484 0.0230894 0.01700609 -0.03701484 0.0230894 0.01704686 -0.03636962 0.02279782 0.01704686 -0.03636962 0.02279782 0.01704686 -0.03636962 0.02279782 0.01704686 -0.03636962 0.02279782 0.01708471 -0.03575956 0.02243804 0.01708471 -0.03575956 0.02243804 0.01708471 -0.03575956 0.02243804 0.01708471 -0.03575956 0.02243804 0.01711922 -0.03519195 0.02201431 0.01711922 -0.03519195 0.02201431 0.01711922 -0.03519195 0.02201431 0.01711922 -0.03519195 0.02201431 0.01715004 -0.03467327 0.02153152 0.01715004 -0.03467327 0.02153152 0.01715004 -0.03467327 0.02153152 0.01715004 -0.03467327 0.02153152 0.01715004 -0.03467327 0.02153152 0.01717674 -0.03420972 0.02099543 0.01717674 -0.03420972 0.02099543 0.01717674 -0.03420972 0.02099543 0.01717674 -0.03420972 0.02099543 0.01719897 -0.03380668 0.02041232 0.01719897 -0.03380668 0.02041232 0.01719897 -0.03380668 0.02041232 0.01719897 -0.03380668 0.02041232 0.01719897 -0.03380668 0.02041232 0.01721662 -0.0334689 0.01978898 0.01721662 -0.0334689 0.01978898 0.01721662 -0.0334689 0.01978898 0.01721662 -0.0334689 0.01978898 0.01721662 -0.0334689 0.01978898 0.01722937 -0.03320032 0.01913267 0.01722937 -0.03320032 0.01913267 0.01722937 -0.03320032 0.01913267 0.01722937 -0.03320032 0.01913267 0.01723706 -0.03300404 0.01845121 0.01723706 -0.03300404 0.01845121 0.01723706 -0.03300404 0.01845121 0.01723706 -0.03300404 0.01845121 0.01723963 -0.03288251 0.01775246 0.01723963 -0.03288251 0.01775246 0.01723963 -0.03288251 0.01775246 0.01723963 -0.03288251 0.01775246 0.01766937 -0.02967798 0.04507565 0.01766937 -0.02967798 0.04507565 0.01766937 -0.02967798 0.04507565 0.01766937 -0.02967798 0.04507565 0.0174092 -0.02931398 0.009078443 0.0174092 -0.02931398 0.009078443 0.0174092 -0.02931398 0.009078443 0.0174092 -0.02931398 0.009078443 7.97415e-4 0.005430281 0.05505335 7.97415e-4 0.005430281 0.05505335 7.97415e-4 0.005430281 0.05505335 5.41445e-4 0.005481541 0.05505573 5.41445e-4 0.005481541 0.05505573 5.41445e-4 0.005481541 0.05505573 6.97446e-4 0.003933668 0.05503892 6.97446e-4 0.003933668 0.05503892 6.97446e-4 0.003933668 0.05503892 3.07462e-4 0.005597233 0.05505859 3.07462e-4 0.005597233 0.05505859 3.07462e-4 0.005597233 0.05505859 3.07462e-4 0.005597233 0.05505859 -1.33692e-4 0.006494581 0.05507087 -1.33692e-4 0.006494581 0.05507087 -1.33692e-4 0.006494581 0.05507087 -1.33692e-4 0.006494581 0.05507087 -1.33692e-4 0.006494581 0.05507087 -0.001043558 0.003706574 0.05504924 -0.001043558 0.003706574 0.05504924 -0.001043558 0.003706574 0.05504924 -0.001043558 0.003706574 0.05504924 -4.74845e-4 0.003858268 0.05504667 -4.74845e-4 0.003858268 0.05504667 -4.74845e-4 0.003858268 0.05504667 -4.74845e-4 0.003858268 0.05504667 0.007575631 -0.002003014 0.05492919 0.007575631 -0.002003014 0.05492919 0.007575631 -0.002003014 0.05492919 0.007575631 -0.002003014 0.05492919 0.007575631 -0.002003014 0.05492919 0.010773 -0.002165436 0.05490446 0.010773 -0.002165436 0.05490446 0.010773 -0.002165436 0.05490446 0.010773 -0.002165436 0.05490446 0.00782293 -0.001919388 0.05492824 0.00782293 -0.001919388 0.05492824 0.00782293 -0.001919388 0.05492824 0.006629109 -0.001680493 0.05493932 0.006629109 -0.001680493 0.05493932 0.006629109 -0.001680493 0.05493932 0.006629109 -0.001680493 0.05493932 0.006484329 -0.001463294 0.05494254 0.006484329 -0.001463294 0.05494254 0.006484329 -0.001463294 0.05494254 0.004809796 -0.001439094 0.05495488 0.004809796 -0.001439094 0.05495488 0.004809796 -0.001439094 0.05495488 0.004809796 -0.001439094 0.05495488 -0.00401473 3.26984e-4 0.05503654 -0.00401473 3.26984e-4 0.05503654 -0.00401473 3.26984e-4 0.05503654 -0.005689322 3.51146e-4 0.05504888 -0.005689322 3.51146e-4 0.05504888 -0.005689322 3.51146e-4 0.05504888 -0.005605697 1.03861e-4 0.05504578 -0.005605697 1.03861e-4 0.05504578 -0.005605697 1.03861e-4 0.05504578 -0.00690931 -0.001036524 0.05504369 -0.00690931 -0.001036524 0.05504369 -0.00690931 -0.001036524 0.05504369 -0.00690931 -0.001036524 0.05504369 -0.007143318 -9.20832e-4 0.05504655 -0.007143318 -9.20832e-4 0.05504655 -0.007143318 -9.20832e-4 0.05504655 -0.01009994 -7.72774e-4 0.05506938 -0.01009994 -7.72774e-4 0.05506938 -0.01009994 -7.72774e-4 0.05506938 -0.01009994 -7.72774e-4 0.05506938 -2.35834e-6 -0.006542444 0.05493807 -2.35834e-6 -0.006542444 0.05493807 -2.35834e-6 -0.006542444 0.05493807 -2.35834e-6 -0.006542444 0.05493807 0.002382695 -0.004594087 0.05494052 0.002382695 -0.004594087 0.05494052 0.002382695 -0.004594087 0.05494052 0.002382695 -0.004594087 0.05494052 0.002382695 -0.004594087 0.05494052 0.001838624 -0.004818737 0.05494219 0.001838624 -0.004818737 0.05494219 0.001838624 -0.004818737 0.05494219 0.001838624 -0.004818737 0.05494219 0.001269876 -0.004970371 0.05494475 0.001269876 -0.004970371 0.05494475 0.001269876 -0.004970371 0.05494475 6.86231e-4 -0.005046546 0.05494821 6.86231e-4 -0.005046546 0.05494821 6.86231e-4 -0.005046546 0.05494821 9.76131e-5 -0.005045831 0.0549525 9.76131e-5 -0.005045831 0.0549525 9.76131e-5 -0.005045831 0.0549525 -4.85867e-4 -0.004968345 0.0549575 -4.85867e-4 -0.004968345 0.0549575 -4.85867e-4 -0.004968345 0.0549575 -0.001054227 -0.00481528 0.05496311 -0.001054227 -0.00481528 0.05496311 -0.001054227 -0.00481528 0.05496311 -0.001597702 -0.004589438 0.05496937 -0.001597702 -0.004589438 0.05496937 -0.001597702 -0.004589438 0.05496937 -0.002107143 -0.004294514 0.05497598 -0.002107143 -0.004294514 0.05497598 -0.002107143 -0.004294514 0.05497598 -0.002107143 -0.004294514 0.05497598 -8.24439e-5 0.006750524 0.05507308 -8.24439e-5 0.006750524 0.05507308 -8.24439e-5 0.006750524 0.05507308 -8.24439e-5 0.006750524 0.05507308 -8.24439e-5 0.006750524 0.05507308 -0.002097785 0.003188252 0.05505162 -0.002097785 0.003188252 0.05505162 -0.002097785 0.003188252 0.05505162 -0.002097785 0.003188252 0.05505162 -0.001587629 0.003481984 0.0550509 -0.001587629 0.003481984 0.0550509 -0.001587629 0.003481984 0.0550509 3.33076e-5 0.006984531 0.05507457 3.33076e-5 0.006984531 0.05507457 3.33076e-5 0.006984531 0.05507457 3.33076e-5 0.006984531 0.05507457 3.33076e-5 0.006984531 0.05507457 -0.00334084 0.001948237 0.05504804 -0.00334084 0.001948237 0.05504804 -0.00334084 0.001948237 0.05504804 -0.00334084 0.001948237 0.05504804 -0.002981901 0.002414762 0.05505019 -0.002981901 0.002414762 0.05505019 -0.002981901 0.002414762 0.05505019 -0.002981901 0.002414762 0.05505019 -0.002565205 0.002830505 0.05505138 -0.002565205 0.002830505 0.05505138 -0.002565205 0.002830505 0.05505138 -0.005800485 0.007918417 0.05512619 -0.005800485 0.007918417 0.05512619 -0.005800485 0.007918417 0.05512619 -0.005800485 0.007918417 0.05512619 -0.006515502 0.007345974 0.05512559 -0.006515502 0.007345974 0.05512559 -0.006515502 0.007345974 0.05512559 -0.006515502 0.007345974 0.05512559 -0.006520032 9.07674e-4 0.0550605 -0.006520032 9.07674e-4 0.0550605 -0.006520032 9.07674e-4 0.0550605 -0.006520032 9.07674e-4 0.0550605 -0.006520032 9.07674e-4 0.0550605 -0.003861725 8.95336e-4 0.05504119 -0.003861725 8.95336e-4 0.05504119 -0.003861725 8.95336e-4 0.05504119 -0.003861725 8.95336e-4 0.05504119 -0.003635764 0.001438856 0.05504506 -0.003635764 0.001438856 0.05504506 -0.003635764 0.001438856 0.05504506 2.0567e-4 0.007180571 0.05507534 2.0567e-4 0.007180571 0.05507534 2.0567e-4 0.007180571 0.05507534 4.22902e-4 0.007325351 0.05507522 4.22902e-4 0.007325351 0.05507522 4.22902e-4 0.007325351 0.05507522 6.70202e-4 0.007408976 0.05507427 6.70202e-4 0.007408976 0.05507427 6.70202e-4 0.007408976 0.05507427 6.70202e-4 0.007408976 0.05507427 9.30703e-4 0.007425725 0.05507254 9.30703e-4 0.007425725 0.05507254 9.30703e-4 0.007425725 0.05507254 9.30703e-4 0.007425725 0.05507254 -0.007178008 0.00671333 0.05512398 -0.007178008 0.00671333 0.05512398 -0.007178008 0.00671333 0.05512398 -0.007178008 0.00671333 0.05512398 -0.007782816 0.006025373 0.05512136 -0.007782816 0.006025373 0.05512136 -0.007782816 0.006025373 0.05512136 -0.008325338 0.005287349 0.05511784 -0.008325338 0.005287349 0.05511784 -0.008325338 0.005287349 0.05511784 -0.008801519 0.004504859 0.05511337 -0.008801519 0.004504859 0.05511337 -0.008801519 0.004504859 0.05511337 -0.009207665 0.003683805 0.05510801 -0.009207665 0.003683805 0.05510801 -0.009207665 0.003683805 0.05510801 -0.009540736 0.002830564 0.05510181 -0.009540736 0.002830564 0.05510181 -0.009540736 0.002830564 0.05510181 -0.009798169 0.001951456 0.05509477 -0.009798169 0.001951456 0.05509477 -0.009798169 0.001951456 0.05509477 -0.006780564 8.90903e-4 0.05506223 -0.006780564 8.90903e-4 0.05506223 -0.006780564 8.90903e-4 0.05506223 -0.006872594 -0.008131921 0.05497169 -0.006872594 -0.008131921 0.05497169 -0.006872594 -0.008131921 0.05497169 -0.006872594 -0.008131921 0.05497169 -0.006872594 -0.008131921 0.05497169 -1.35654e-4 -0.008537888 0.05491888 -1.35654e-4 -0.008537888 0.05491888 -1.35654e-4 -0.008537888 0.05491888 -1.35654e-4 -0.008537888 0.05491888 -3.91622e-4 -0.008486688 0.0549212 -3.91622e-4 -0.008486688 0.0549212 -3.91622e-4 -0.008486688 0.0549212 -3.91622e-4 -0.008486688 0.0549212 -3.91622e-4 -0.008486688 0.0549212 -6.25604e-4 -0.008370935 0.05492407 -6.25604e-4 -0.008370935 0.05492407 -6.25604e-4 -0.008370935 0.05492407 -6.25604e-4 -0.008370935 0.05492407 -8.21652e-4 -0.008198559 0.05492722 -8.21652e-4 -0.008198559 0.05492722 -8.21652e-4 -0.008198559 0.05492722 -8.21652e-4 -0.008198559 0.05492722 -8.21652e-4 -0.008198559 0.05492722 -0.006653368 -0.001087784 0.05504131 -0.006653368 -0.001087784 0.05504131 -0.006653368 -0.001087784 0.05504131 -0.006653368 -0.001087784 0.05504131 -0.006653368 -0.001087784 0.05504131 -0.006653368 -0.001087784 0.05504131 -0.006653368 -0.001087784 0.05504131 -0.006653368 -0.001087784 0.05504131 -0.007505178 -0.007469534 0.05498296 -0.007505178 -0.007469534 0.05498296 -0.007505178 -0.007469534 0.05498296 0.01083624 5.747e-4 0.0549317 0.01083624 5.747e-4 0.0549317 0.01083624 5.747e-4 0.0549317 0.01083624 5.747e-4 0.0549317 0.01083624 5.747e-4 0.0549317 0.01069802 0.001480162 0.05494183 0.01069802 0.001480162 0.05494183 0.01069802 0.001480162 0.05494183 0.01048141 0.002370119 0.05495238 0.01048141 0.002370119 0.05495238 0.01048141 0.002370119 0.05495238 0.01048141 0.002370119 0.05495238 0.0101881 0.003237783 0.05496329 0.0101881 0.003237783 0.05496329 0.0101881 0.003237783 0.05496329 0.009820222 0.0040766 0.05497443 0.009820222 0.0040766 0.05497443 0.009820222 0.0040766 0.05497443 0.009820222 0.0040766 0.05497443 0.009380638 0.004880189 0.05498576 0.009380638 0.004880189 0.05498576 0.009380638 0.004880189 0.05498576 0.009380638 0.004880189 0.05498576 0.008872687 0.005642354 0.05499714 0.008872687 0.005642354 0.05499714 0.008872687 0.005642354 0.05499714 0.008300244 0.006357371 0.05500847 0.008300244 0.006357371 0.05500847 0.008300244 0.006357371 0.05500847 0.008300244 0.006357371 0.05500847 0.007448375 -2.43559e-5 0.05495011 0.007448375 -2.43559e-5 0.05495011 0.007448375 -2.43559e-5 0.05495011 0.007704377 -7.55861e-5 0.05494773 0.007704377 -7.55861e-5 0.05494773 0.007704377 -7.55861e-5 0.05494773 0.007938325 -1.91309e-4 0.05494487 0.007938325 -1.91309e-4 0.05494487 0.007938325 -1.91309e-4 0.05494487 0.007938325 -1.91309e-4 0.05494487 0.01089501 -3.39374e-4 0.05492204 0.01089501 -3.39374e-4 0.05492204 0.01089501 -3.39374e-4 0.05492204 0.00766766 0.007019817 0.05501973 0.00766766 0.007019817 0.05501973 0.00766766 0.007019817 0.05501973 0.00766766 0.007019817 0.05501973 0.00766766 0.007019817 0.05501973 0.001097321 0.00992006 0.05509656 0.001097321 0.00992006 0.05509656 0.001097321 0.00992006 0.05509656 0.001097321 0.00992006 0.05509656 0.001186609 0.007374525 0.05507022 0.001186609 0.007374525 0.05507022 0.001186609 0.007374525 0.05507022 0.001186609 0.007374525 0.05507022 0.001420617 0.007258772 0.05506736 0.001420617 0.007258772 0.05506736 0.001420617 0.007258772 0.05506736 0.001420617 0.007258772 0.05506736 0.001616656 0.007086455 0.0550642 0.001616656 0.007086455 0.0550642 0.001616656 0.007086455 0.0550642 0.001616656 0.007086455 0.0550642 0.001761436 0.006869196 0.05506092 0.001761436 0.006869196 0.05506092 0.001761436 0.006869196 0.05506092 0.001845061 0.006621956 0.05505782 0.001845061 0.006621956 0.05505782 0.001845061 0.006621956 0.05505782 0.00186181 0.006361424 0.05505508 0.00186181 0.006361424 0.05505508 0.00186181 0.006361424 0.05505508 0.00186181 0.006361424 0.05505508 0.001849234 0.003703176 0.05502825 0.001849234 0.003703176 0.05502825 0.001849234 0.003703176 0.05502825 0.001849234 0.003703176 0.05502825 0.001849234 0.003703176 0.05502825 0.002392768 0.003477275 0.05502206 0.002392768 0.003477275 0.05502206 0.002392768 0.003477275 0.05502206 0.00290215 0.003182351 0.05501538 0.00290215 0.003182351 0.05501538 0.00290215 0.003182351 0.05501538 0.003368675 0.002823531 0.05500841 0.003368675 0.002823531 0.05500841 0.003368675 0.002823531 0.05500841 0.003368675 0.002823531 0.05500841 0.003784418 0.002406835 0.05500119 0.003784418 0.002406835 0.05500119 0.003784418 0.002406835 0.05500119 0.004142105 0.001939415 0.05499386 0.004142105 0.001939415 0.05499386 0.004142105 0.001939415 0.05499386 0.004142105 0.001939415 0.05499386 0.004435777 0.001429378 0.05498659 0.004435777 0.001429378 0.05498659 0.004435777 0.001429378 0.05498659 0.004660367 8.85315e-4 0.05497944 0.004660367 8.85315e-4 0.05497944 0.004660367 8.85315e-4 0.05497944 0.004812002 3.16605e-4 0.05497264 0.004812002 3.16605e-4 0.05497264 0.004812002 3.16605e-4 0.05497264 0.004812002 3.16605e-4 0.05497264 0.00181055 0.006105482 0.05505287 0.00181055 0.006105482 0.05505287 0.00181055 0.006105482 0.05505287 0.00181055 0.006105482 0.05505287 0.001694798 0.005871474 0.05505132 0.001694798 0.005871474 0.05505132 0.001694798 0.005871474 0.05505132 0.001694798 0.005871474 0.05505132 0.001522421 0.005675435 0.05505061 0.001522421 0.005675435 0.05505061 0.001522421 0.005675435 0.05505061 0.001522421 0.005675435 0.05505061 0.006595492 -0.00903058 0.05486524 0.006595492 -0.00903058 0.05486524 0.006595492 -0.00903058 0.05486524 0.006595492 -0.00903058 0.05486524 0.007310569 -0.008458077 0.05486583 0.007310569 -0.008458077 0.05486583 0.007310569 -0.008458077 0.05486583 0.007315099 -0.002019762 0.05493092 0.007315099 -0.002019762 0.05493092 0.007315099 -0.002019762 0.05493092 0.007315099 -0.002019762 0.05493092 0.007315099 -0.002019762 0.05493092 0.007315099 -0.002019762 0.05493092 0.007315099 -0.002019762 0.05493092 5.89383e-4 -0.008292734 0.05491608 5.89383e-4 -0.008292734 0.05491608 5.89383e-4 -0.008292734 0.05491608 5.89383e-4 -0.008292734 0.05491608 3.72151e-4 -0.008437514 0.0549162 3.72151e-4 -0.008437514 0.0549162 3.72151e-4 -0.008437514 0.0549162 1.24854e-4 -0.008521139 0.05491715 1.24854e-4 -0.008521139 0.05491715 1.24854e-4 -0.008521139 0.05491715 1.24854e-4 -0.008521139 0.05491715 0.007973074 -0.007825493 0.05486744 0.007973074 -0.007825493 0.05486744 0.007973074 -0.007825493 0.05486744 0.008577883 -0.007137537 0.05487 0.008577883 -0.007137537 0.05487 0.008577883 -0.007137537 0.05487 0.009120404 -0.006399512 0.05487358 0.009120404 -0.006399512 0.05487358 0.009120404 -0.006399512 0.05487358 0.009596586 -0.005617022 0.05487805 0.009596586 -0.005617022 0.05487805 0.009596586 -0.005617022 0.05487805 0.01000273 -0.004795968 0.05488342 0.01000273 -0.004795968 0.05488342 0.01000273 -0.004795968 0.05488342 0.0103358 -0.003942668 0.05488961 0.0103358 -0.003942668 0.05488961 0.0103358 -0.003942668 0.05488961 0.01059317 -0.003063619 0.05489665 0.01059317 -0.003063619 0.05489665 0.01059317 -0.003063619 0.05489665 0.01087391 -0.001255095 0.05491292 0.01087391 -0.001255095 0.05491292 0.01087391 -0.001255095 0.05491292 0.008379518 -0.001088619 0.05493265 0.008379518 -0.001088619 0.05493265 0.008379518 -0.001088619 0.05493265 0.008328258 -0.001344561 0.05493038 0.008328258 -0.001344561 0.05493038 0.008328258 -0.001344561 0.05493038 0.008212506 -0.001578569 0.05492889 0.008212506 -0.001578569 0.05492889 0.008212506 -0.001578569 0.05492889 0.00804013 -0.001774609 0.05492812 0.00804013 -0.001774609 0.05492812 0.00804013 -0.001774609 0.05492812 0.008134424 -3.63655e-4 0.05494171 0.008134424 -3.63655e-4 0.05494171 0.008134424 -3.63655e-4 0.05494171 0.008279144 -5.80877e-4 0.05493849 0.008279144 -5.80877e-4 0.05493849 0.008279144 -5.80877e-4 0.05493849 0.00836277 -8.28169e-4 0.05493539 0.00836277 -8.28169e-4 0.05493539 0.00836277 -8.28169e-4 0.05493539 -0.006184697 -0.00873667 0.0549606 -0.006184697 -0.00873667 0.0549606 -0.006184697 -0.00873667 0.0549606 -0.005446672 -0.009279191 0.05494976 -0.005446672 -0.009279191 0.05494976 -0.005446672 -0.009279191 0.05494976 -0.004664182 -0.009755253 0.05493927 -0.004664182 -0.009755253 0.05493927 -0.004664182 -0.009755253 0.05493927 -0.003843188 -0.01016134 0.05492925 -0.003843188 -0.01016134 0.05492925 -0.003843188 -0.01016134 0.05492925 -0.002989888 -0.01049435 0.05491971 -0.002989888 -0.01049435 0.05491971 -0.002989888 -0.01049435 0.05491971 -0.002110838 -0.01075166 0.05491077 -0.002110838 -0.01075166 0.05491077 -0.002110838 -0.01075166 0.05491077 -0.001212656 -0.01093143 0.05490243 -0.001212656 -0.01093143 0.05490243 -0.001212656 -0.01093143 0.05490243 -3.02274e-4 -0.01103222 0.05489486 -3.02274e-4 -0.01103222 0.05489486 -3.02274e-4 -0.01103222 0.05489486 6.13469e-4 -0.01105326 0.05488801 6.13469e-4 -0.01105326 0.05488801 6.13469e-4 -0.01105326 0.05488801 0.001527547 -0.01099443 0.05488198 0.001527547 -0.01099443 0.05488198 0.001527547 -0.01099443 0.05488198 0.002433001 -0.01085621 0.05487686 0.002433001 -0.01085621 0.05487686 0.002433001 -0.01085621 0.05487686 0.003323018 -0.01063948 0.05487263 0.003323018 -0.01063948 0.05487263 0.003323018 -0.01063948 0.05487263 0.004190802 -0.01034611 0.05486929 0.004190802 -0.01034611 0.05486929 0.004190802 -0.01034611 0.05486929 0.005029618 -0.009978175 0.05486696 0.005029618 -0.009978175 0.05486696 0.005029618 -0.009978175 0.05486696 0.005029618 -0.009978175 0.05486696 0.005833268 -0.00953859 0.05486559 0.005833268 -0.00953859 0.05486559 0.005833268 -0.00953859 0.05486559 0.007059156 -0.001968562 0.0549333 0.007059156 -0.001968562 0.0549333 0.007059156 -0.001968562 0.0549333 0.007059156 -0.001968562 0.0549333 0.004656791 -0.002007484 0.05495023 0.004656791 -0.002007484 0.05495023 0.004656791 -0.002007484 0.05495023 0.004656791 -0.002007484 0.05495023 0.004656791 -0.002007484 0.05495023 0.00443083 -0.002550959 0.05494636 0.00443083 -0.002550959 0.05494636 0.00443083 -0.002550959 0.05494636 0.004135906 -0.0030604 0.05494338 0.004135906 -0.0030604 0.05494338 0.004135906 -0.0030604 0.05494338 0.003776967 -0.003526926 0.05494123 0.003776967 -0.003526926 0.05494123 0.003776967 -0.003526926 0.05494123 0.003360271 -0.003942668 0.05494004 0.003360271 -0.003942668 0.05494004 0.003360271 -0.003942668 0.05494004 0.002892851 -0.004300415 0.0549398 0.002892851 -0.004300415 0.0549398 0.002892851 -0.004300415 0.0549398 0.002892851 -0.004300415 0.0549398 2.53608e-4 -0.006593644 0.05493569 2.53608e-4 -0.006593644 0.05493569 2.53608e-4 -0.006593644 0.05493569 4.87587e-4 -0.006709396 0.05493283 4.87587e-4 -0.006709396 0.05493283 4.87587e-4 -0.006709396 0.05493283 6.8364e-4 -0.006881713 0.05492967 6.8364e-4 -0.006881713 0.05492967 6.8364e-4 -0.006881713 0.05492967 6.8364e-4 -0.006881713 0.05492967 8.28394e-4 -0.007098972 0.05492645 8.28394e-4 -0.007098972 0.05492645 8.28394e-4 -0.007098972 0.05492645 9.11996e-4 -0.007346212 0.05492335 9.11996e-4 -0.007346212 0.05492335 9.11996e-4 -0.007346212 0.05492335 9.11996e-4 -0.007346212 0.05492335 9.28743e-4 -0.007606744 0.05492055 9.28743e-4 -0.007606744 0.05492055 9.28743e-4 -0.007606744 0.05492055 9.28743e-4 -0.007606744 0.05492055 8.77497e-4 -0.007862687 0.05491834 8.77497e-4 -0.007862687 0.05491834 8.77497e-4 -0.007862687 0.05491834 8.77497e-4 -0.007862687 0.05491834 7.61747e-4 -0.008096694 0.05491685 7.61747e-4 -0.008096694 0.05491685 7.61747e-4 -0.008096694 0.05491685 7.61747e-4 -0.008096694 0.05491685 0.004888117 -2.67059e-4 0.05496615 0.004888117 -2.67059e-4 0.05496615 0.004888117 -2.67059e-4 0.05496615 0.006551027 -4.65564e-4 0.05495214 0.006551027 -4.65564e-4 0.05495214 0.006551027 -4.65564e-4 0.05495214 0.006723344 -2.69502e-4 0.05495285 0.006723344 -2.69502e-4 0.05495285 0.006723344 -2.69502e-4 0.05495285 0.006940603 -1.24738e-4 0.0549528 0.006940603 -1.24738e-4 0.0549528 0.006940603 -1.24738e-4 0.0549528 0.007187902 -4.11197e-5 0.05495184 0.007187902 -4.11197e-5 0.05495184 0.007187902 -4.11197e-5 0.05495184 0.007187902 -4.11197e-5 0.05495184 0.006979763 0.007624566 0.05503082 0.006979763 0.007624566 0.05503082 0.006979763 0.007624566 0.05503082 0.006241738 0.008167028 0.05504167 0.006241738 0.008167028 0.05504167 0.006241738 0.008167028 0.05504167 0.005459249 0.00864309 0.05505216 0.005459249 0.00864309 0.05505216 0.005459249 0.00864309 0.05505216 0.004638254 0.009049236 0.05506217 0.004638254 0.009049236 0.05506217 0.004638254 0.009049236 0.05506217 0.003784954 0.009382188 0.05507171 0.003784954 0.009382188 0.05507171 0.003784954 0.009382188 0.05507171 0.002905845 0.009639561 0.05508065 0.002905845 0.009639561 0.05508065 0.002905845 0.009639561 0.05508065 0.002007722 0.009819269 0.05508899 0.002007722 0.009819269 0.05508899 0.002007722 0.009819269 0.05508899 0.002007722 0.009819269 0.05508899 -9.66407e-4 -0.007981359 0.0549305 -9.66407e-4 -0.007981359 0.0549305 -9.66407e-4 -0.007981359 0.0549305 -9.66407e-4 -0.007981359 0.0549305 -0.001049995 -0.00773406 0.0549336 -0.001049995 -0.00773406 0.0549336 -0.001049995 -0.00773406 0.0549336 -0.001049995 -0.00773406 0.0549336 -0.001066744 -0.007473587 0.05493634 -0.001066744 -0.007473587 0.05493634 -0.001066744 -0.007473587 0.05493634 -0.001066744 -0.007473587 0.05493634 -0.001015484 -0.007217645 0.05493855 -0.001015484 -0.007217645 0.05493855 -0.001015484 -0.007217645 0.05493855 -0.001015484 -0.007217645 0.05493855 -8.99762e-4 -0.006983637 0.0549401 -8.99762e-4 -0.006983637 0.0549401 -8.99762e-4 -0.006983637 0.0549401 -7.27395e-4 -0.006787598 0.05494081 -7.27395e-4 -0.006787598 0.05494081 -7.27395e-4 -0.006787598 0.05494081 -5.10161e-4 -0.006642818 0.05494076 -5.10161e-4 -0.006642818 0.05494076 -5.10161e-4 -0.006642818 0.05494076 -5.10161e-4 -0.006642818 0.05494076 -5.10161e-4 -0.006642818 0.05494076 -2.6287e-4 -0.006559193 0.0549398 -2.6287e-4 -0.006559193 0.0549398 -2.6287e-4 -0.006559193 0.0549398 -2.6287e-4 -0.006559193 0.0549398 -2.6287e-4 -0.006559193 0.0549398 -0.002573668 -0.003935694 0.05498301 -0.002573668 -0.003935694 0.05498301 -0.002573668 -0.003935694 0.05498301 -0.002573668 -0.003935694 0.05498301 -0.002989351 -0.003518939 0.05499023 -0.002989351 -0.003518939 0.05499023 -0.002989351 -0.003518939 0.05499023 -0.003347098 -0.003051578 0.05499756 -0.003347098 -0.003051578 0.05499756 -0.003347098 -0.003051578 0.05499756 -0.00364077 -0.002541482 0.05500483 -0.00364077 -0.002541482 0.05500483 -0.00364077 -0.002541482 0.05500483 -0.003865301 -0.001997411 0.05501198 -0.003865301 -0.001997411 0.05501198 -0.003865301 -0.001997411 0.05501198 -0.004016935 -0.001428723 0.05501878 -0.004016935 -0.001428723 0.05501878 -0.004016935 -0.001428723 0.05501878 -0.004016935 -0.001428723 0.05501878 -0.006392836 -0.001070976 0.05503958 -0.006392836 -0.001070976 0.05503958 -0.006392836 -0.001070976 0.05503958 -0.006392836 -0.001070976 0.05503958 -0.00626409 8.56429e-4 0.05505818 -0.00626409 8.56429e-4 0.05505818 -0.00626409 8.56429e-4 0.05505818 -0.00626409 8.56429e-4 0.05505818 -0.006030082 7.40699e-4 0.05505526 -0.006030082 7.40699e-4 0.05505526 -0.006030082 7.40699e-4 0.05505526 -0.006030082 7.40699e-4 0.05505526 -0.006030082 7.40699e-4 0.05505526 -0.005834043 5.68367e-4 0.0550521 -0.005834043 5.68367e-4 0.0550521 -0.005834043 5.68367e-4 0.0550521 -0.005834043 5.68367e-4 0.0550521 1.81586e-4 0.009941101 0.05510342 1.81586e-4 0.009941101 0.05510342 1.81586e-4 0.009941101 0.05510342 1.81586e-4 0.009941101 0.05510342 -7.3251e-4 0.009882271 0.05510944 -7.3251e-4 0.009882271 0.05510944 -7.3251e-4 0.009882271 0.05510944 -0.001637995 0.009744048 0.05511456 -0.001637995 0.009744048 0.05511456 -0.001637995 0.009744048 0.05511456 -0.001637995 0.009744048 0.05511456 -0.002527952 0.009527385 0.05511879 -0.002527952 0.009527385 0.05511879 -0.002527952 0.009527385 0.05511879 -0.002527952 0.009527385 0.05511879 -0.002527952 0.009527385 0.05511879 -0.003395736 0.009233951 0.05512213 -0.003395736 0.009233951 0.05512213 -0.003395736 0.009233951 0.05512213 -0.003395736 0.009233951 0.05512213 -0.004234611 0.008866071 0.05512446 -0.004234611 0.008866071 0.05512446 -0.004234611 0.008866071 0.05512446 -0.005038201 0.008426427 0.05512583 -0.005038201 0.008426427 0.05512583 -0.005038201 0.008426427 0.05512583 -0.01004117 -0.001686811 0.05505973 -0.01004117 -0.001686811 0.05505973 -0.01004117 -0.001686811 0.05505973 -0.009902954 -0.002592265 0.05504959 -0.009902954 -0.002592265 0.05504959 -0.009902954 -0.002592265 0.05504959 -0.00968635 -0.003482222 0.05503904 -0.00968635 -0.003482222 0.05503904 -0.00968635 -0.003482222 0.05503904 -0.009393036 -0.004349946 0.05502814 -0.009393036 -0.004349946 0.05502814 -0.009393036 -0.004349946 0.05502814 -0.009025156 -0.005188763 0.05501699 -0.009025156 -0.005188763 0.05501699 -0.009025156 -0.005188763 0.05501699 -0.008585572 -0.005992352 0.05500566 -0.008585572 -0.005992352 0.05500566 -0.008585572 -0.005992352 0.05500566 -0.008077621 -0.006754517 0.05499428 -0.008077621 -0.006754517 0.05499428 -0.008077621 -0.006754517 0.05499428 -0.01007884 1.42947e-4 0.0550785 -0.01007884 1.42947e-4 0.0550785 -0.01007884 1.42947e-4 0.0550785 -0.007339358 -7.48493e-4 0.05504971 -0.007339358 -7.48493e-4 0.05504971 -0.007339358 -7.48493e-4 0.05504971 -0.007339358 -7.48493e-4 0.05504971 -0.007484078 -5.31278e-4 0.05505293 -0.007484078 -5.31278e-4 0.05505293 -0.007484078 -5.31278e-4 0.05505293 -0.007567703 -2.83994e-4 0.05505603 -0.007567703 -2.83994e-4 0.05505603 -0.007567703 -2.83994e-4 0.05505603 -0.007584452 -2.34917e-5 0.05505877 -0.007584452 -2.34917e-5 0.05505877 -0.007584452 -2.34917e-5 0.05505877 -0.007584452 -2.34917e-5 0.05505877 -0.007533192 2.3248e-4 0.05506104 -0.007533192 2.3248e-4 0.05506104 -0.007533192 2.3248e-4 0.05506104 -0.009977936 0.001053333 0.05508697 -0.009977936 0.001053333 0.05508697 -0.009977936 0.001053333 0.05508697 -0.009977936 0.001053333 0.05508697 -0.00741744 4.66458e-4 0.05506253 -0.00741744 4.66458e-4 0.05506253 -0.00741744 4.66458e-4 0.05506253 -0.007245063 6.62513e-4 0.05506324 -0.007245063 6.62513e-4 0.05506324 -0.007245063 6.62513e-4 0.05506324 -0.007245063 6.62513e-4 0.05506324 -0.007027864 8.07285e-4 0.05506318 -0.007027864 8.07285e-4 0.05506318 -0.007027864 8.07285e-4 0.05506318 -0.007027864 8.07285e-4 0.05506318 1.08827e-4 0.003934383 0.05504322 1.08827e-4 0.003934383 0.05504322 1.08827e-4 0.003934383 0.05504322 1.08827e-4 0.003934383 0.05504322 1.08827e-4 0.003934383 0.05504322 1.1142e-4 0.00576961 0.05506175 1.1142e-4 0.00576961 0.05506175 1.1142e-4 0.00576961 0.05506175 1.1142e-4 0.00576961 0.05506175 -3.33427e-5 0.005986809 0.05506497 -3.33427e-5 0.005986809 0.05506497 -3.33427e-5 0.005986809 0.05506497 -3.33427e-5 0.005986809 0.05506497 -1.16947e-4 0.006234109 0.05506807 -1.16947e-4 0.006234109 0.05506807 -1.16947e-4 0.006234109 0.05506807 0.001280903 0.003856182 0.05503392 0.001280903 0.003856182 0.05503392 0.001280903 0.003856182 0.05503392 0.001305162 0.005530655 0.05505067 0.001305162 0.005530655 0.05505067 0.001305162 0.005530655 0.05505067 0.001057922 0.00544703 0.05505162 0.001057922 0.00544703 0.05505162 0.001057922 0.00544703 0.05505162 0.006825149 -0.00185281 0.05493617 0.006825149 -0.00185281 0.05493617 0.006825149 -0.00185281 0.05493617 0.006825149 -0.00185281 0.05493617 0.004887402 -8.55647e-4 0.05496025 0.004887402 -8.55647e-4 0.05496025 0.004887402 -8.55647e-4 0.05496025 0.006400763 -0.001215994 0.05494564 0.006400763 -0.001215994 0.05494564 0.006400763 -0.001215994 0.05494564 0.006384015 -9.55507e-4 0.05494838 0.006384015 -9.55507e-4 0.05494838 0.006384015 -9.55507e-4 0.05494838 0.006435275 -6.99557e-4 0.05495059 0.006435275 -6.99557e-4 0.05495059 0.006435275 -6.99557e-4 0.05495059 -0.006145536 -9.8741e-4 0.05503863 -0.006145536 -9.8741e-4 0.05503863 -0.006145536 -9.8741e-4 0.05503863 -0.006145536 -9.8741e-4 0.05503863 -0.006145536 -9.8741e-4 0.05503863 -0.00409305 -8.4509e-4 0.05502521 -0.00409305 -8.4509e-4 0.05502521 -0.00409305 -8.4509e-4 0.05502521 -0.00409305 -8.4509e-4 0.05502521 -0.005928337 -8.42631e-4 0.05503857 -0.005928337 -8.42631e-4 0.05503857 -0.005928337 -8.42631e-4 0.05503857 -0.005928337 -8.42631e-4 0.05503857 -0.004092335 -2.56486e-4 0.05503118 -0.004092335 -2.56486e-4 0.05503118 -0.004092335 -2.56486e-4 0.05503118 -0.005640208 -4.12598e-4 0.05504083 -0.005640208 -4.12598e-4 0.05504083 -0.005640208 -4.12598e-4 0.05504083 -0.00575596 -6.46584e-4 0.05503928 -0.00575596 -6.46584e-4 0.05503928 -0.00575596 -6.46584e-4 0.05503928 -0.005588948 -1.56634e-4 0.05504304 -0.005588948 -1.56634e-4 0.05504304 -0.005588948 -1.56634e-4 0.05504304 -0.006428956 -0.03265732 0.001216351 -0.006428956 -0.03265732 0.001216351 -0.006428956 -0.03265732 0.001216351 -0.006450891 -0.03299069 0.001250743 -0.006450891 -0.03299069 0.001250743 -0.006450891 -0.03299069 0.001250743 -0.006471276 -0.0333082 0.001358628 -0.006471276 -0.0333082 0.001358628 -0.006471276 -0.0333082 0.001358628 -0.006471276 -0.0333082 0.001358628 -0.006488919 -0.03359371 0.001534581 -0.006488919 -0.03359371 0.001534581 -0.006488919 -0.03359371 0.001534581 -0.006488919 -0.03359371 0.001534581 -0.006503045 -0.03383308 0.00176984 -0.006503045 -0.03383308 0.00176984 -0.006503045 -0.03383308 0.00176984 -0.006503045 -0.03383308 0.00176984 -0.00651288 -0.03401428 0.002052485 -0.00651288 -0.03401428 0.002052485 -0.00651288 -0.03401428 0.002052485 -0.006518006 -0.03412818 0.00236845 -0.006518006 -0.03412818 0.00236845 -0.006518006 -0.03412818 0.00236845 -0.006518065 -0.03416907 0.002701818 -0.006518065 -0.03416907 0.002701818 -0.006518065 -0.03416907 0.002701818 -0.006518065 -0.03416907 0.002701818 -0.006406426 -0.03232467 0.001257181 -0.006406426 -0.03232467 0.001257181 -0.006406426 -0.03232467 0.001257181 -0.006384491 -0.03200948 0.001371145 -0.006384491 -0.03200948 0.001371145 -0.006384491 -0.03200948 0.001371145 -0.006384491 -0.03200948 0.001371145 -0.006364226 -0.03172749 0.001552581 -0.006364226 -0.03172749 0.001552581 -0.006364226 -0.03172749 0.001552581 -0.006364226 -0.03172749 0.001552581 -0.006346702 -0.03149294 0.001792371 -0.006346702 -0.03149294 0.001792371 -0.006346702 -0.03149294 0.001792371 -0.006346702 -0.03149294 0.001792371 -0.006332755 -0.03131753 0.002078413 -0.006332755 -0.03131753 0.002078413 -0.006332755 -0.03131753 0.002078413 -0.006323039 -0.03121006 0.002396523 -0.006323039 -0.03121006 0.002396523 -0.006323039 -0.03121006 0.002396523 -0.006318151 -0.03117585 0.002730667 -0.006318151 -0.03117585 0.002730667 -0.006318151 -0.03117585 0.002730667 -0.006318151 -0.03117585 0.002730667 -0.00640726 -0.0326876 0.004216134 -0.00640726 -0.0326876 0.004216134 -0.00640726 -0.0326876 0.004216134 -0.006385266 -0.03235423 0.004181742 -0.006385266 -0.03235423 0.004181742 -0.006385266 -0.03235423 0.004181742 -0.006364941 -0.03203678 0.004073858 -0.006364941 -0.03203678 0.004073858 -0.006364941 -0.03203678 0.004073858 -0.006364941 -0.03203678 0.004073858 -0.006347298 -0.03175121 0.003897905 -0.006347298 -0.03175121 0.003897905 -0.006347298 -0.03175121 0.003897905 -0.006347298 -0.03175121 0.003897905 -0.006333172 -0.03151184 0.003662645 -0.006333172 -0.03151184 0.003662645 -0.006333172 -0.03151184 0.003662645 -0.006323337 -0.03133064 0.00338 -0.006323337 -0.03133064 0.00338 -0.006323337 -0.03133064 0.00338 -0.006323337 -0.03133064 0.00338 -0.006318211 -0.0312168 0.003064036 -0.006318211 -0.0312168 0.003064036 -0.006318211 -0.0312168 0.003064036 -0.006429791 -0.03302025 0.004175305 -0.006429791 -0.03302025 0.004175305 -0.006429791 -0.03302025 0.004175305 -0.006451725 -0.0333355 0.004061341 -0.006451725 -0.0333355 0.004061341 -0.006451725 -0.0333355 0.004061341 -0.006471931 -0.03361743 0.003879904 -0.006471931 -0.03361743 0.003879904 -0.006471931 -0.03361743 0.003879904 -0.006489515 -0.03385204 0.003640115 -0.006489515 -0.03385204 0.003640115 -0.006489515 -0.03385204 0.003640115 -0.006489515 -0.03385204 0.003640115 -0.006503462 -0.03402739 0.003354012 -0.006503462 -0.03402739 0.003354012 -0.006503462 -0.03402739 0.003354012 -0.006503462 -0.03402739 0.003354012 -0.006513178 -0.03413492 0.003035962 -0.006513178 -0.03413492 0.003035962 -0.006513178 -0.03413492 0.003035962 -0.00707376 -0.04266494 0.004120051 -0.00707376 -0.04266494 0.004120051 -0.00707376 -0.04266494 0.004120051 -0.00707376 -0.04266494 0.004120051 -0.007051765 -0.04233151 0.004085659 -0.007051765 -0.04233151 0.004085659 -0.007051765 -0.04233151 0.004085659 -0.007051765 -0.04233151 0.004085659 -0.00703144 -0.04201412 0.003977775 -0.00703144 -0.04201412 0.003977775 -0.00703144 -0.04201412 0.003977775 -0.007013797 -0.04172855 0.003801822 -0.007013797 -0.04172855 0.003801822 -0.007013797 -0.04172855 0.003801822 -0.006999671 -0.04148912 0.003566622 -0.006999671 -0.04148912 0.003566622 -0.006999671 -0.04148912 0.003566622 -0.006999671 -0.04148912 0.003566622 -0.006989777 -0.04130798 0.003283917 -0.006989777 -0.04130798 0.003283917 -0.006989777 -0.04130798 0.003283917 -0.00698471 -0.04119408 0.002967953 -0.00698471 -0.04119408 0.002967953 -0.00698471 -0.04119408 0.002967953 -0.00698471 -0.04119408 0.002967953 -0.006984591 -0.04115319 0.002634584 -0.006984591 -0.04115319 0.002634584 -0.006984591 -0.04115319 0.002634584 -0.00709623 -0.04299759 0.004079222 -0.00709623 -0.04299759 0.004079222 -0.00709623 -0.04299759 0.004079222 -0.00709623 -0.04299759 0.004079222 -0.007118165 -0.04331278 0.003965258 -0.007118165 -0.04331278 0.003965258 -0.007118165 -0.04331278 0.003965258 -0.007118165 -0.04331278 0.003965258 -0.007118165 -0.04331278 0.003965258 -0.007138431 -0.04359471 0.003783822 -0.007138431 -0.04359471 0.003783822 -0.007138431 -0.04359471 0.003783822 -0.007155954 -0.04382932 0.003544092 -0.007155954 -0.04382932 0.003544092 -0.007155954 -0.04382932 0.003544092 -0.007169961 -0.04400473 0.003257989 -0.007169961 -0.04400473 0.003257989 -0.007169961 -0.04400473 0.003257989 -0.007169961 -0.04400473 0.003257989 -0.007179617 -0.0441122 0.002939879 -0.007179617 -0.0441122 0.002939879 -0.007179617 -0.0441122 0.002939879 -0.007179617 -0.0441122 0.002939879 -0.007184565 -0.04414635 0.002605736 -0.007184565 -0.04414635 0.002605736 -0.007184565 -0.04414635 0.002605736 -0.007095396 -0.0426346 0.001120269 -0.007095396 -0.0426346 0.001120269 -0.007095396 -0.0426346 0.001120269 -0.00711739 -0.04296797 0.001154661 -0.00711739 -0.04296797 0.001154661 -0.00711739 -0.04296797 0.001154661 -0.00711739 -0.04296797 0.001154661 -0.007137715 -0.04328548 0.001262545 -0.007137715 -0.04328548 0.001262545 -0.007137715 -0.04328548 0.001262545 -0.007137715 -0.04328548 0.001262545 -0.007155358 -0.04357105 0.001438498 -0.007155358 -0.04357105 0.001438498 -0.007155358 -0.04357105 0.001438498 -0.007155358 -0.04357105 0.001438498 -0.007169485 -0.04381042 0.001673758 -0.007169485 -0.04381042 0.001673758 -0.007169485 -0.04381042 0.001673758 -0.007169485 -0.04381042 0.001673758 -0.007179379 -0.04399156 0.001956403 -0.007179379 -0.04399156 0.001956403 -0.007179379 -0.04399156 0.001956403 -0.007179379 -0.04399156 0.001956403 -0.007184445 -0.04410547 0.002272367 -0.007184445 -0.04410547 0.002272367 -0.007184445 -0.04410547 0.002272367 -0.007072925 -0.04230195 0.001161098 -0.007072925 -0.04230195 0.001161098 -0.007072925 -0.04230195 0.001161098 -0.007072925 -0.04230195 0.001161098 -0.007050991 -0.04198676 0.001275062 -0.007050991 -0.04198676 0.001275062 -0.007050991 -0.04198676 0.001275062 -0.007030725 -0.04170477 0.001456499 -0.007030725 -0.04170477 0.001456499 -0.007030725 -0.04170477 0.001456499 -0.007030725 -0.04170477 0.001456499 -0.007013201 -0.04147022 0.001696288 -0.007013201 -0.04147022 0.001696288 -0.007013201 -0.04147022 0.001696288 -0.006999194 -0.04129481 0.00198239 -0.006999194 -0.04129481 0.00198239 -0.006999194 -0.04129481 0.00198239 -0.006999194 -0.04129481 0.00198239 -0.006989538 -0.04118734 0.002300441 -0.006989538 -0.04118734 0.002300441 -0.006989538 -0.04118734 0.002300441 -0.006989538 -0.04118734 0.002300441 -0.006719589 -0.04316037 0.05311626 -0.006719589 -0.04316037 0.05311626 -0.006719589 -0.04316037 0.05311626 -0.006697595 -0.04282695 0.05308187 -0.006697595 -0.04282695 0.05308187 -0.006697595 -0.04282695 0.05308187 -0.006677269 -0.04250949 0.05297398 -0.006677269 -0.04250949 0.05297398 -0.006677269 -0.04250949 0.05297398 -0.006677269 -0.04250949 0.05297398 -0.006659626 -0.04222393 0.05279803 -0.006659626 -0.04222393 0.05279803 -0.006659626 -0.04222393 0.05279803 -0.006659626 -0.04222393 0.05279803 -0.0066455 -0.04198455 0.05256283 -0.0066455 -0.04198455 0.05256283 -0.0066455 -0.04198455 0.05256283 -0.006635665 -0.04180341 0.05228012 -0.006635665 -0.04180341 0.05228012 -0.006635665 -0.04180341 0.05228012 -0.006635665 -0.04180341 0.05228012 -0.006630539 -0.04168951 0.05196416 -0.006630539 -0.04168951 0.05196416 -0.006630539 -0.04168951 0.05196416 -0.006630539 -0.04168951 0.05196416 -0.00663042 -0.04164856 0.05163079 -0.00663042 -0.04164856 0.05163079 -0.00663042 -0.04164856 0.05163079 -0.00663042 -0.04164856 0.05163079 -0.00674206 -0.04349303 0.05307543 -0.00674206 -0.04349303 0.05307543 -0.00674206 -0.04349303 0.05307543 -0.006763994 -0.04380822 0.05296146 -0.006763994 -0.04380822 0.05296146 -0.006763994 -0.04380822 0.05296146 -0.00678426 -0.04409015 0.05278003 -0.00678426 -0.04409015 0.05278003 -0.00678426 -0.04409015 0.05278003 -0.00678426 -0.04409015 0.05278003 -0.006801843 -0.04432469 0.0525403 -0.006801843 -0.04432469 0.0525403 -0.006801843 -0.04432469 0.0525403 -0.006801843 -0.04432469 0.0525403 -0.006815791 -0.04450017 0.05225419 -0.006815791 -0.04450017 0.05225419 -0.006815791 -0.04450017 0.05225419 -0.006815791 -0.04450017 0.05225419 -0.006825447 -0.04460763 0.05193608 -0.006825447 -0.04460763 0.05193608 -0.006825447 -0.04460763 0.05193608 -0.006825447 -0.04460763 0.05193608 -0.006830394 -0.04464179 0.05160194 -0.006830394 -0.04464179 0.05160194 -0.006830394 -0.04464179 0.05160194 -0.006741285 -0.04313004 0.05011647 -0.006741285 -0.04313004 0.05011647 -0.006741285 -0.04313004 0.05011647 -0.006763219 -0.0434634 0.05015087 -0.006763219 -0.0434634 0.05015087 -0.006763219 -0.0434634 0.05015087 -0.006763219 -0.0434634 0.05015087 -0.006783545 -0.04378086 0.05025875 -0.006783545 -0.04378086 0.05025875 -0.006783545 -0.04378086 0.05025875 -0.006801247 -0.04406642 0.0504347 -0.006801247 -0.04406642 0.0504347 -0.006801247 -0.04406642 0.0504347 -0.006815314 -0.0443058 0.05066996 -0.006815314 -0.0443058 0.05066996 -0.006815314 -0.0443058 0.05066996 -0.006815314 -0.0443058 0.05066996 -0.006825208 -0.04448699 0.05095261 -0.006825208 -0.04448699 0.05095261 -0.006825208 -0.04448699 0.05095261 -0.006830275 -0.0446009 0.05126857 -0.006830275 -0.0446009 0.05126857 -0.006830275 -0.0446009 0.05126857 -0.006718754 -0.04279738 0.0501573 -0.006718754 -0.04279738 0.0501573 -0.006718754 -0.04279738 0.0501573 -0.00669682 -0.04248213 0.05027127 -0.00669682 -0.04248213 0.05027127 -0.00669682 -0.04248213 0.05027127 -0.00669682 -0.04248213 0.05027127 -0.006676554 -0.0422002 0.0504527 -0.006676554 -0.0422002 0.0504527 -0.006676554 -0.0422002 0.0504527 -0.00665903 -0.04196566 0.05069249 -0.00665903 -0.04196566 0.05069249 -0.00665903 -0.04196566 0.05069249 -0.00665903 -0.04196566 0.05069249 -0.006645023 -0.04179024 0.0509786 -0.006645023 -0.04179024 0.0509786 -0.006645023 -0.04179024 0.0509786 -0.006645023 -0.04179024 0.0509786 -0.006635367 -0.04168277 0.05129665 -0.006635367 -0.04168277 0.05129665 -0.006635367 -0.04168277 0.05129665 -0.006074786 -0.03315269 0.05021256 -0.006074786 -0.03315269 0.05021256 -0.006074786 -0.03315269 0.05021256 -0.00609678 -0.03348612 0.05024695 -0.00609678 -0.03348612 0.05024695 -0.00609678 -0.03348612 0.05024695 -0.006117105 -0.03380358 0.05035483 -0.006117105 -0.03380358 0.05035483 -0.006117105 -0.03380358 0.05035483 -0.006134748 -0.03408914 0.05053079 -0.006134748 -0.03408914 0.05053079 -0.006134748 -0.03408914 0.05053079 -0.006134748 -0.03408914 0.05053079 -0.006148874 -0.03432852 0.05076599 -0.006148874 -0.03432852 0.05076599 -0.006148874 -0.03432852 0.05076599 -0.006158709 -0.03450971 0.05104869 -0.006158709 -0.03450971 0.05104869 -0.006158709 -0.03450971 0.05104869 -0.006158709 -0.03450971 0.05104869 -0.006163835 -0.03462362 0.05136466 -0.006163835 -0.03462362 0.05136466 -0.006163835 -0.03462362 0.05136466 -0.006163835 -0.03462362 0.05136466 -0.006163895 -0.03466445 0.05169802 -0.006163895 -0.03466445 0.05169802 -0.006163895 -0.03466445 0.05169802 -0.006163895 -0.03466445 0.05169802 -0.006052255 -0.03282004 0.05025339 -0.006052255 -0.03282004 0.05025339 -0.006052255 -0.03282004 0.05025339 -0.006052255 -0.03282004 0.05025339 -0.006030321 -0.03250485 0.05036735 -0.006030321 -0.03250485 0.05036735 -0.006030321 -0.03250485 0.05036735 -0.006010055 -0.03222292 0.05054879 -0.006010055 -0.03222292 0.05054879 -0.006010055 -0.03222292 0.05054879 -0.006010055 -0.03222292 0.05054879 -0.005992531 -0.03198832 0.05078858 -0.005992531 -0.03198832 0.05078858 -0.005992531 -0.03198832 0.05078858 -0.005978584 -0.0318129 0.05107462 -0.005978584 -0.0318129 0.05107462 -0.005978584 -0.0318129 0.05107462 -0.005978584 -0.0318129 0.05107462 -0.005968868 -0.03170543 0.05139273 -0.005968868 -0.03170543 0.05139273 -0.005968868 -0.03170543 0.05139273 -0.005963981 -0.03167128 0.05172687 -0.005963981 -0.03167128 0.05172687 -0.005963981 -0.03167128 0.05172687 -0.00605309 -0.03318303 0.05321234 -0.00605309 -0.03318303 0.05321234 -0.00605309 -0.03318303 0.05321234 -0.006031095 -0.03284966 0.05317795 -0.006031095 -0.03284966 0.05317795 -0.006031095 -0.03284966 0.05317795 -0.00601077 -0.03253221 0.05307006 -0.00601077 -0.03253221 0.05307006 -0.00601077 -0.03253221 0.05307006 -0.00601077 -0.03253221 0.05307006 -0.005993127 -0.03224664 0.05289411 -0.005993127 -0.03224664 0.05289411 -0.005993127 -0.03224664 0.05289411 -0.005993127 -0.03224664 0.05289411 -0.005979001 -0.03200727 0.05265885 -0.005979001 -0.03200727 0.05265885 -0.005979001 -0.03200727 0.05265885 -0.005979001 -0.03200727 0.05265885 -0.005969166 -0.03182607 0.05237621 -0.005969166 -0.03182607 0.05237621 -0.005969166 -0.03182607 0.05237621 -0.005969166 -0.03182607 0.05237621 -0.00596404 -0.03171217 0.05206024 -0.00596404 -0.03171217 0.05206024 -0.00596404 -0.03171217 0.05206024 -0.00607562 -0.03351569 0.05317151 -0.00607562 -0.03351569 0.05317151 -0.00607562 -0.03351569 0.05317151 -0.00607562 -0.03351569 0.05317151 -0.006097555 -0.03383088 0.05305755 -0.006097555 -0.03383088 0.05305755 -0.006097555 -0.03383088 0.05305755 -0.006097555 -0.03383088 0.05305755 -0.00611782 -0.03411287 0.05287611 -0.00611782 -0.03411287 0.05287611 -0.00611782 -0.03411287 0.05287611 -0.00611782 -0.03411287 0.05287611 -0.006135344 -0.03434741 0.05263632 -0.006135344 -0.03434741 0.05263632 -0.006135344 -0.03434741 0.05263632 -0.006135344 -0.03434741 0.05263632 -0.006149291 -0.03452283 0.05235022 -0.006149291 -0.03452283 0.05235022 -0.006149291 -0.03452283 0.05235022 -0.006149291 -0.03452283 0.05235022 -0.006159007 -0.03463035 0.05203217 -0.006159007 -0.03463035 0.05203217 -0.006159007 -0.03463035 0.05203217 -0.006159007 -0.03463035 0.05203217</float_array>
          <technique_common>
            <accessor source="#Leg_A-mesh-positions-array" count="5094" stride="3">
              <param name="X" type="float"/>
              <param name="Y" type="float"/>
              <param name="Z" type="float"/>
            </accessor>
          </technique_common>
        </source>
        <source id="Leg_A-mesh-normals">
          <float_array id="Leg_A-mesh-normals-array" count="8514">0.007223546 -0.01010978 0.9999228 0.007225632 -0.01011049 0.9999228 0.007228016 -0.01011455 0.9999228 0.00722748 -0.01011037 0.9999229 0.007230043 -0.01010966 0.9999228 0.007226526 -0.01011037 0.9999228 0.007228255 -0.01011031 0.9999228 0.00722897 -0.01011073 0.9999228 0.007227778 -0.0101121 0.9999228 0.007233917 -0.01011246 0.9999228 0.007226526 -0.0101096 0.9999228 0.00722438 -0.01010936 0.9999229 0.007230162 -0.01011055 0.9999228 0.007236003 -0.01010322 0.9999229 0.007218897 -0.01011717 0.9999228 0.007233262 -0.01010614 0.9999229 0.007227718 -0.01011061 0.9999228 0.007227599 -0.01011079 0.9999228 0.007227122 -0.01011019 0.9999228 0.007227838 -0.01011043 0.9999228 0.007228016 -0.01011139 0.9999228 0.007226407 -0.01010668 0.9999228 0.007229328 -0.01011353 0.9999228 0.007227778 -0.01011043 0.9999229 0.007226586 -0.01011037 0.9999229 0.007229804 -0.01011055 0.9999228 0.007227659 -0.01011037 0.9999228 0.007226943 -0.01011055 0.9999228 0.007226705 -0.01011252 0.9999228 0.007227182 -0.01011002 0.9999228 0.007230281 -0.01010555 0.9999229 0.007228553 -0.0101099 0.9999229 0.007227003 -0.01011037 0.9999228 0.007227599 -0.01011037 0.9999228 0.00722891 -0.01011031 0.9999228 0.007227122 -0.01011049 0.9999229 0.007234156 -0.01010942 0.9999228 0.007215797 -0.01011282 0.9999229 0.007230997 -0.0101096 0.9999228 0.007227778 -0.01011037 0.9999229 0.007225692 -0.01011073 0.9999228 0.007225513 -0.01011103 0.9999228 0.007233858 -0.01010888 0.9999228 0.0072245 -0.01011109 0.9999229 0.007228314 -0.01011043 0.9999228 0.007227659 -0.01011037 0.9999229 0.007226884 -0.01011109 0.9999228 0.007227897 -0.01011025 0.9999228 0.00722301 -0.01011359 0.9999228 0.007229864 -0.01010835 0.9999228 0.007228434 -0.01011115 0.9999228 0.007227182 -0.01011037 0.9999228 0.007227838 -0.01010996 0.9999229 0.007228255 -0.01011025 0.9999228 0.007229685 -0.01010775 0.9999229 0.007224261 -0.01011407 0.9999228 0.007230281 -0.01010793 0.9999228 0.00722444 -0.01011639 0.9999228 0.007227718 -0.01011037 0.9999229 0.007228016 -0.01011061 0.9999228 0.007227838 -0.01011043 0.9999229 0.00722742 -0.01011037 0.9999228 0.007226228 -0.01010984 0.9999229 0.007229626 -0.01011109 0.9999228 0.007227599 -0.01011061 0.9999228 0.007223129 -0.01010835 0.9999228 0.007234156 -0.01011276 0.9999227 0.007223129 -0.0101093 0.9999228 0.007237672 -0.01011353 0.9999227 0.007233977 -0.01011264 0.9999228 0.007227897 -0.01011019 0.9999229 0.007226467 -0.0101099 0.9999228 0.007230699 -0.01011037 0.9999228 0.007217764 -0.01010942 0.9999229 0.007224321 -0.01010769 0.9999228 0.007227778 -0.01011043 0.9999228 0.007227718 -0.01010495 0.9999228 0.007227957 -0.01011168 0.9999228 0.007228553 -0.01011264 0.9999228 0.007226884 -0.01010835 0.9999228 0.007228136 -0.01011091 0.9999228 0.007226884 -0.010109 0.9999228 0.007227897 -0.01011037 0.9999229 0.007223367 -0.01011371 0.9999228 0.007231771 -0.0101071 0.9999228 0.007226705 -0.01011222 0.9999228 0.007228612 -0.01010942 0.9999229 0.007228255 -0.01011019 0.9999228 0.007227241 -0.01011139 0.9999228 0.00722742 -0.01011019 0.9999228 0.007228016 -0.01011019 0.9999229 0.007228016 -0.01011031 0.9999228 0.007227838 -0.01011049 0.9999229 0.007227897 -0.01011037 0.9999229 0.007229745 -0.01010155 0.9999229 0.007226884 -0.0101149 0.9999228 0.007228195 -0.01010763 0.9999229 0.00722754 -0.01011353 0.9999228 0.007228136 -0.01011091 0.9999228 0.00722754 -0.01010978 0.9999228 0.007228136 -0.01011079 0.9999228 0.007228374 -0.0101124 0.9999228 0.007226228 -0.01010811 0.9999228 0.007227838 -0.01011037 0.9999228 0.007226645 -0.01011162 0.9999228 0.007228732 -0.0101093 0.9999228 0.007226884 -0.0101118 0.9999228 0.007229447 -0.01010781 0.9999228 0.007226526 -0.01011276 0.9999228 0.007227838 -0.01010674 0.9999229 0.007228195 -0.01010429 0.9999229 0.00722742 -0.01011854 0.9999227 0.007228612 -0.01008039 0.9999232 0.007227778 -0.0101099 0.9999228 0.00722748 -0.01011162 0.9999228 0.007227659 -0.01011258 0.9999228 0.007227659 -0.01010912 0.9999228 0.007231593 -0.01007127 0.9999232 0.00722754 -0.01011174 0.9999228 0.007227718 -0.01010656 0.9999229 0.007227838 -0.01011353 0.9999228 0.007227659 -0.0101099 0.9999228 0.007226765 -0.01009929 0.999923 0.007227718 -0.01011037 0.9999228 0.007225513 -0.01010608 0.9999229 0.007229447 -0.01011472 0.9999228 0.007229208 -0.01011216 0.9999228 0.007224917 -0.01010638 0.9999229 0.007230043 -0.01011329 0.9999228 0.007226049 -0.01010864 0.9999229 0.00722742 -0.0101099 0.9999229 0.007228195 -0.01011168 0.9999228 0.007227122 -0.0101099 0.9999229 0.00723344 -0.01011478 0.9999227 0.007227718 -0.01011037 0.9999228 0.007228434 -0.01011031 0.9999228 0.007227838 -0.01010936 0.9999228 0.007227897 -0.01011019 0.9999228 0.007228791 -0.01010912 0.9999228 0.007228255 -0.01011067 0.9999228 0.007227659 -0.01011073 0.9999228 0.007227778 -0.01011049 0.9999228 0.007217049 -0.01009154 0.9999231 0.007223844 -0.01011031 0.9999228 0.007226765 -0.01011055 0.9999229 0.007227897 -0.0101124 0.9999228 0.007228374 -0.01011115 0.9999228 0.007228314 -0.01011049 0.9999228 0.007228553 -0.0101087 0.9999229 0.007227718 -0.01011127 0.9999228 0.007227659 -0.01010966 0.9999228 0.007227599 -0.01011145 0.9999228 0.007227659 -0.01011157 0.9999228 0.007227897 -0.01010954 0.9999229 0.007227957 -0.01011127 0.9999228 0.007228493 -0.01010686 0.9999228 0.00722754 -0.01011222 0.9999228 0.007227659 -0.01010894 0.9999228 0.007228612 -0.01010835 0.9999229 0.00722748 -0.0101121 0.9999228 0.00722742 -0.01011365 0.9999228 0.007228076 -0.01010745 0.9999229 0.007227838 -0.01010954 0.9999228 0.007227361 -0.01011478 0.9999228 0.00722754 -0.01011121 0.9999228 0.007228016 -0.01010954 0.9999229 0.007228016 -0.01011151 0.9999228 0.007228374 -0.01010882 0.9999228 0.007228434 -0.01010882 0.9999229 0.007227301 -0.01011329 0.9999228 0.007227957 -0.01010853 0.9999228 0.007228016 -0.0101093 0.9999229 0.007227778 -0.01010984 0.9999229 0.007227778 -0.01010972 0.9999228 0.007227718 -0.01011085 0.9999228 0.007227838 -0.01010966 0.9999229 -0.007241308 0.01010769 -0.9999228 -0.007216989 0.01011252 -0.9999229 -0.007225513 0.0101118 -0.9999229 -0.007227718 0.01011067 -0.9999228 -0.00722754 0.01010626 -0.9999229 -0.007222831 0.01011186 -0.9999229 -0.007224559 0.01011145 -0.9999229 -0.007233858 0.01011103 -0.9999228 -0.00722599 0.01011049 -0.9999229 -0.007227718 0.01011186 -0.9999228 -0.007219016 0.01010793 -0.9999229 -0.00722146 0.01010882 -0.9999229 -0.007232904 0.01011097 -0.9999228 -0.007227361 0.01011019 -0.9999228 -0.007227838 0.01011025 -0.9999228 -0.007226765 0.01010811 -0.9999228 -0.00722897 0.01011294 -0.9999228 -0.007226467 0.01010715 -0.9999228 -0.007228136 0.01011091 -0.9999228 -0.007222175 0.01011157 -0.9999229 -0.007228553 0.01011049 -0.9999228 -0.007230699 0.01010984 -0.9999228 -0.007230699 0.01011002 -0.9999228 -0.007223069 0.01011121 -0.9999228 -0.007232367 0.01010972 -0.9999228 -0.007214426 0.01011222 -0.9999229 -0.007230281 0.01011019 -0.9999228 -0.007227301 0.01011037 -0.9999228 -0.00722754 0.01011043 -0.9999228 -0.007221162 0.01010996 -0.9999229 -0.007227599 0.01011103 -0.9999228 -0.00722748 0.01011013 -0.9999229 -0.007230162 0.01010698 -0.9999229 -0.00722891 0.01010805 -0.9999228 -0.00722754 0.01011025 -0.9999228 -0.007229745 0.01011043 -0.9999228 -0.007227838 0.01011043 -0.9999229 -0.007228076 0.01011037 -0.9999228 -0.007240235 0.01010912 -0.9999227 -0.00722301 0.01011109 -0.9999228 -0.007223784 0.01011109 -0.9999228 -0.007236182 0.01010906 -0.9999228 -0.007219433 0.01011157 -0.9999229 -0.007234275 0.01010966 -0.9999228 -0.007227063 0.01011049 -0.9999228 -0.007210791 0.01011079 -0.999923 -0.007241666 0.01011019 -0.9999227 -0.007223546 0.01011043 -0.9999228 -0.007226347 0.01011043 -0.9999228 -0.00722742 0.01011043 -0.9999228 -0.007232785 0.01011049 -0.9999228 -0.007222294 0.01011019 -0.9999229 -0.007227063 0.01011043 -0.9999228 -0.007231116 0.01011055 -0.9999228 -0.007224738 0.01011019 -0.9999228 -0.007231831 0.01011031 -0.9999228 -0.007220864 0.01011055 -0.9999228 -0.007240176 0.01011019 -0.9999228 -0.007124125 0.01011216 -0.9999236 -0.007220089 0.01011037 -0.9999228 -0.007224023 0.01011031 -0.9999228 -0.007230877 0.01011043 -0.9999228 -0.007234573 0.01011055 -0.9999228 -0.007197797 0.01011002 -0.9999231 -0.007228076 0.01011049 -0.9999228 -0.007229685 0.01011067 -0.9999228 -0.007227778 0.01011037 -0.9999228 -0.007229328 0.01011234 -0.9999228 -0.007225513 0.01010614 -0.9999229 -0.007229149 0.01011371 -0.9999228 -0.007224738 0.01010292 -0.9999229 -0.007228434 0.01011317 -0.9999228 -0.007228851 0.0101158 -0.9999228 -0.00722742 0.01011049 -0.9999229 -0.007227659 0.01011025 -0.9999228 -0.00719279 0.01014345 -0.9999228 -0.007227063 0.01011389 -0.9999228 -0.007227897 0.01010799 -0.9999229 -0.007226049 0.01011639 -0.9999228 -0.007230758 0.01010239 -0.9999229 -0.00722742 0.01011061 -0.9999229 -0.007231771 0.01010346 -0.9999228 -0.007224023 0.01011532 -0.9999228 -0.007226645 0.01011228 -0.9999228 -0.007229268 0.01010853 -0.9999229 -0.007229387 0.01010888 -0.9999229 -0.007225215 0.01011228 -0.9999228 -0.007229506 0.01010918 -0.9999229 -0.007224142 0.0101127 -0.9999228 -0.007225394 0.01011151 -0.9999228 -0.007237434 0.01010334 -0.9999228 -0.007226943 0.01011306 -0.9999228 -0.007229089 0.01010787 -0.9999228 -0.007229685 0.01010781 -0.9999228 -0.007222652 0.01011717 -0.9999228 -0.007231295 0.0101062 -0.9999229 -0.007227599 0.01011061 -0.9999228 -0.00722742 0.01011031 -0.9999229 -0.007231175 0.01011663 -0.9999227 -0.007224798 0.01010465 -0.9999229 -0.007228314 0.0101118 -0.9999228 -0.007228732 0.01011329 -0.9999228 -0.007227957 0.01010465 -0.9999228 -0.007227718 0.01011461 -0.9999228 -0.007227301 0.01012879 -0.9999226 -0.007228672 0.01010465 -0.9999229 -0.007227718 0.01011407 -0.9999228 -0.007227241 0.01011383 -0.9999228 -0.007227361 0.01012098 -0.9999228 -0.00722754 0.01011109 -0.9999228 -0.007248938 0.01012724 -0.9999225 -0.007222473 0.01010453 -0.9999229 -0.007232785 0.01011556 -0.9999228 -0.007229506 0.0101121 -0.9999228 -0.007220745 0.01010173 -0.999923 -0.007233083 0.01011765 -0.9999228 -0.007226645 0.01010864 -0.9999228 -0.007225513 0.0101071 -0.9999229 -0.007229506 0.01011466 -0.9999228 -0.007228791 0.01011037 -0.9999228 -0.007228136 0.01011109 -0.9999228 -0.007221341 0.01004272 -0.9999236 -0.007229089 0.01012563 -0.9999227 -0.007227897 0.01010972 -0.9999229 -0.007227718 0.01010304 -0.9999229 -0.007227182 0.01011967 -0.9999228 -0.007227957 0.01010727 -0.9999228 -0.007209897 0.01010698 -0.999923 -0.007230758 0.01011097 -0.9999228 -0.007233321 0.01011151 -0.9999227 -0.007217466 0.01010841 -0.9999229 -0.007230341 0.01011085 -0.9999228 -0.007231771 0.01011133 -0.9999228 -0.007221698 0.01010912 -0.9999229 -0.007237136 0.01011919 -0.9999227 -0.007227599 0.01011037 -0.9999228 -0.007222533 0.01012307 -0.9999227 -0.007228076 0.01011061 -0.9999228 -0.007229745 0.01010608 -0.9999228 -0.007226288 0.01011323 -0.9999228 -0.00722891 0.01010906 -0.9999228 -0.007229685 0.01010793 -0.9999228 -0.007224619 0.01011449 -0.9999228 -0.007227897 0.01011043 -0.9999229 -0.007223188 0.01011055 -0.9999228 -0.0072335 0.01011085 -0.9999228 -0.007208526 0.01010745 -0.999923 -0.007228076 0.01011079 -0.9999228 -0.007255077 0.0101127 -0.9999226 -0.007227599 0.01011037 -0.9999229 -0.007227897 0.01011043 -0.9999229 -0.00722742 0.01011359 -0.9999228 -0.007227838 0.01011329 -0.9999228 -0.007227897 0.01010912 -0.9999228 -0.007227122 0.01011484 -0.9999228 -0.007227957 0.01010811 -0.9999228 -0.007227897 0.01010519 -0.9999228 -0.007226943 0.01011174 -0.9999228 -0.007227122 0.01011341 -0.9999228 -0.007228255 0.01010692 -0.9999229 -0.007228076 0.01011115 -0.9999228 -0.007228493 0.01010894 -0.9999229 -0.007228136 0.01010364 -0.9999229 -0.007227718 0.01011234 -0.9999228 -0.007227182 0.01011502 -0.9999228 -0.007237315 0.01010924 -0.9999228 -0.007225453 0.01011151 -0.9999229 -0.007217884 0.01011216 -0.9999229 -0.007235169 0.01010984 -0.9999227 -0.007236659 0.01010978 -0.9999228 -0.00722748 0.01012051 -0.9999227 -0.007228314 0.01010775 -0.9999228 -0.007226526 0.0101161 -0.9999228 -0.007228016 0.01010632 -0.9999228 -0.007227778 0.01010972 -0.9999228 -0.007228255 0.01010787 -0.9999229 -0.007227182 0.01011484 -0.9999228 -0.007227301 0.01011323 -0.9999228 -0.007229566 0.01010429 -0.9999228 -0.00722903 0.0101087 -0.9999229 -0.00722754 0.01011556 -0.9999228 -0.007227957 0.01010704 -0.9999228 -0.007227718 0.010109 -0.9999229 -0.007227659 0.01011413 -0.9999228 -0.007228314 0.01010692 -0.9999228 -0.007227182 0.01011443 -0.9999228 -0.007231175 0.01007509 -0.9999231 -0.00722742 0.01010906 -0.9999228 -0.007228255 0.01010459 -0.9999229 -0.007243931 0.01011759 -0.9999226 -0.007235825 0.01011365 -0.9999227 -0.007227659 0.01011037 -0.9999229 -0.007188558 0.01010179 -0.9999232 -0.007226884 0.01011031 -0.9999228 -0.9840145 0.1778656 0.008911252 -0.9197453 0.392372 0.01061558 -0.9197502 0.3923606 0.01061642 -0.8093692 0.5871819 0.01178872 -0.8093572 0.5871986 0.01178759 -0.6583845 0.7525802 0.0123685 -0.6583975 0.7525689 0.01236963 -0.4744051 0.8802203 0.01233059 -0.4743692 0.8802397 0.01232784 -0.2666629 0.9637193 0.01167041 -0.2666424 0.9637249 0.01166892 -0.04546666 0.9989115 0.01042586 -0.04551053 0.9989094 0.01042908 -0.9840137 0.1778698 0.008911252 -0.998939 -0.04555279 0.00676006 -0.9989388 -0.04555922 0.00676012 -0.9637691 -0.2667037 0.004270136 -0.9637745 -0.2666845 0.004269182 -0.8802861 -0.4744407 0.0015648 -0.8802782 -0.4744553 0.001565337 -0.7526331 -0.6584391 -0.001217603 -0.7526265 -0.6584466 -0.001217365 -0.5872649 -0.8093853 -0.003938853 -0.5872523 -0.8093944 -0.0039379 -0.392439 -0.9197554 -0.006461799 -0.3924595 -0.9197466 -0.00646305 -0.1779276 -0.9840055 -0.008663415 -0.1779483 -0.9840018 -0.008664667 0.9840179 -0.177847 -0.008910775 0.9197491 -0.3923636 -0.01061493 0.9197471 -0.392368 -0.01061511 0.8093567 -0.5871992 -0.01178687 0.8093506 -0.5872077 -0.01178765 0.6583826 -0.7525818 -0.01236855 0.6584059 -0.7525615 -0.01236635 0.4743861 -0.8802306 -0.01232665 0.4743691 -0.8802399 -0.01232796 0.2666441 -0.9637244 -0.01167041 0.2666459 -0.963724 -0.01167041 0.04548871 -0.9989104 -0.01042747 0.04544448 -0.9989125 -0.01043015 0.9840171 -0.1778509 -0.008911073 0.9989393 0.0455498 -0.00676012 0.9989393 0.04554837 -0.006760299 0.9637722 0.2666924 -0.004270076 0.9637718 0.2666942 -0.004270076 0.8802821 0.4744483 -0.001565873 0.8802819 0.4744486 -0.001565873 0.7526423 0.6584285 0.001217007 0.7526426 0.6584282 0.001216948 0.5872561 0.8093916 0.003938913 0.5872585 0.8093899 0.003938794 0.392462 0.9197455 0.006462693 0.392441 0.9197546 0.006464421 0.1779494 0.9840015 0.008664608 0.1779714 0.9839977 0.008662879 -0.1779696 -0.9839979 -0.008665919 -0.3924834 -0.9197364 -0.006465435 -0.3924451 -0.9197528 -0.006462991 -0.5872778 -0.809376 -0.003938674 -0.587248 -0.8093976 -0.003936707 -0.7526397 -0.6584315 -0.00121504 -0.7526596 -0.6584089 -0.001216888 -0.8802731 -0.474465 0.001565456 -0.8802781 -0.4744557 0.001564919 -0.963769 -0.2667044 0.004269361 -0.9637672 -0.2667106 0.004269599 -0.9989389 -0.04555869 0.006760001 -0.9989387 -0.04556298 0.006760179 -0.1779052 -0.9840096 -0.008662045 0.04553294 -0.9989085 -0.01042765 0.0455107 -0.9989095 -0.01042914 0.2666214 -0.9637308 -0.01167178 0.2666009 -0.9637364 -0.01167297 0.4743956 -0.8802255 -0.01233065 0.474411 -0.8802171 -0.01232933 0.6583862 -0.7525787 -0.01236867 0.6583769 -0.7525869 -0.01236963 0.8093621 -0.5871919 -0.01178753 0.8093545 -0.5872022 -0.0117883 0.8093549 -0.5872018 -0.0117883 0.8093624 -0.5871915 -0.01178747 0.9197451 -0.3923727 -0.01061546 0.9197466 -0.3923693 -0.01061517 0.9840152 -0.1778621 -0.008910834 0.9840142 -0.1778674 -0.008911132 0.1779705 0.9839978 0.008661627 0.3924428 0.9197539 0.006461858 0.3924238 0.9197619 0.006463408 0.5872862 0.8093698 0.003938198 0.5872701 0.8093814 0.003940284 0.7526485 0.6584215 0.001218199 0.7526559 0.658413 0.001217186 0.8802658 0.4744786 -0.001564919 0.8802789 0.4744542 -0.001567125 0.9637715 0.2666954 -0.004270553 0.9637692 0.2667036 -0.004269897 0.9989391 0.04555386 -0.006760239 0.9989387 0.04556262 -0.006759524 0.1779059 0.9840094 0.008666336 -0.04551082 0.9989094 0.01043218 -0.04546672 0.9989115 0.0104286 -0.2666428 0.9637249 0.01167136 -0.2666224 0.9637304 0.01167035 -0.4743776 0.8802352 0.0123279 -0.4744111 0.8802171 0.01233035 -0.6583915 0.752574 0.01236945 -0.65838 0.7525842 0.01236861 -0.8093569 0.5871989 0.01178765 -0.8093572 0.5871987 0.01178753 -0.9197469 0.3923687 0.01061564 -0.9197473 0.3923677 0.01061558 -0.9840157 0.1778591 0.008911311 -0.9840142 0.1778668 0.008910775 -0.9840148 0.1778638 0.008911252 -0.9197482 0.3923654 0.01061552 -0.9197453 0.3923724 0.01061522 -0.809354 0.5872031 0.01178729 -0.8093603 0.5871942 0.01178795 -0.6583936 0.7525723 0.01236879 -0.6584173 0.7525515 0.01237094 -0.4744017 0.8802222 0.01233202 -0.4743672 0.8802407 0.01232928 -0.2666427 0.9637249 0.01167178 -0.2666231 0.9637303 0.01167035 -0.04546689 0.9989114 0.01042729 -0.0455107 0.9989095 0.01043057 -0.9840152 0.1778621 0.00891149 -0.9989386 -0.04556339 0.006759881 -0.9989386 -0.04556238 0.006759941 -0.9637704 -0.2666992 0.004269778 -0.9637719 -0.2666939 0.004269301 -0.8802934 -0.4744273 0.001565158 -0.8802792 -0.4744536 0.001566827 -0.7526314 -0.6584411 -0.001215934 -0.7526544 -0.6584148 -0.00121808 -0.5872408 -0.8094028 -0.003940582 -0.5872089 -0.809426 -0.003938496 -0.3924456 -0.9197525 -0.006461679 -0.3924862 -0.9197352 -0.006464183 -0.1779711 -0.9839977 -0.008664488 -0.1779257 -0.9840059 -0.008661866 0.984013 -0.177874 -0.008911073 0.9197479 -0.3923662 -0.01061546 0.919744 -0.3923753 -0.01061558 0.8093634 -0.5871897 -0.01178759 0.809344 -0.5872166 -0.0117892 0.6583835 -0.7525811 -0.0123707 0.6584036 -0.7525634 -0.01236844 0.4744295 -0.8802073 -0.01232928 0.474426 -0.880209 -0.01232945 0.2666377 -0.9637262 -0.01167184 0.2666177 -0.9637317 -0.01167327 0.04544538 -0.9989125 -0.01043021 0.04548978 -0.9989104 -0.01042747 0.9840139 -0.1778692 -0.00891143 0.9989391 0.0455538 -0.006759583 0.9989392 0.04555183 -0.006759881 0.9637706 0.2666987 -0.004269182 0.9637728 0.2666902 -0.004270493 0.880277 0.4744578 -0.001566052 0.8802784 0.4744551 -0.001566529 0.7526399 0.6584314 0.001216053 0.752636 0.6584358 0.001216709 0.5872805 0.809374 0.00393778 0.5872647 0.8093854 0.003939092 0.3924232 0.9197621 0.006463468 0.3924269 0.9197606 0.006463289 0.177969 0.9839981 0.008662939 0.1779466 0.9840021 0.008664727 -0.1779488 -0.9840016 -0.008664548 -0.39248 -0.9197379 -0.006463885 -0.3924602 -0.9197464 -0.006462872 -0.5872362 -0.8094062 -0.00393927 -0.5872514 -0.8093951 -0.003940463 -0.7526409 -0.6584302 -0.00121814 -0.7526308 -0.6584418 -0.001217246 -0.880275 -0.4744614 0.001565575 -0.8802706 -0.4744694 0.001566171 -0.9637753 -0.2666814 0.004270374 -0.9637755 -0.2666808 0.004270434 -0.9989386 -0.04556387 0.006760001 -0.9989389 -0.04555606 0.006759583 -0.1779274 -0.9840056 -0.008663415 0.04548841 -0.9989105 -0.01042884 0.04548817 -0.9989104 -0.01042884 0.2666272 -0.9637291 -0.01167166 0.2666484 -0.9637233 -0.01167029 0.4743788 -0.8802345 -0.0123279 0.474378 -0.880235 -0.01232796 0.6583797 -0.7525844 -0.01236748 0.6583816 -0.7525829 -0.01236724 0.8093613 -0.5871929 -0.01178681 0.8093528 -0.5872045 -0.01178771 0.9197541 -0.3923516 -0.01061558 0.9197582 -0.3923422 -0.01061481 0.9840161 -0.1778569 -0.008910894 0.9840151 -0.1778627 -0.008911311 0.1779713 0.9839977 0.008662939 0.3924447 0.919753 0.00646311 0.3924452 0.9197528 0.006462991 0.5872402 0.8094033 0.003939151 0.5872541 0.8093931 0.00393784 0.7526397 0.6584315 0.001216173 0.7526381 0.6584335 0.001216411 0.8802793 0.4744535 -0.001566171 0.8802758 0.47446 -0.001565515 0.9637754 0.2666813 -0.004270017 0.9637767 0.2666762 -0.004270434 0.9989391 0.04555213 -0.006760179 0.9989389 0.04555588 -0.006759822 0.1779494 0.9840015 0.008664608 -0.04551082 0.9989094 0.01043069 -0.04544425 0.9989125 0.01042574 -0.2666426 0.9637249 0.01166892 -0.2666836 0.9637134 0.01167184 -0.4743543 0.8802478 0.01232898 -0.4743732 0.8802375 0.01233047 -0.6584122 0.752556 0.01236957 -0.6583746 0.7525889 0.01236623 -0.809356 0.5872001 0.0117858 -0.8093732 0.5871765 0.01178771 -0.9197471 0.392368 0.01061588 -0.9197455 0.3923718 0.01061552 -0.9840127 0.1778755 0.008911311 -0.9840123 0.1778782 0.008911192 -0.06665349 -0.99773 -0.00960654 -0.06668311 -0.9977279 -0.009606778 0.9977596 -0.0664348 -0.007883489 0.9977517 -0.0665543 -0.007885813 0.9977495 -0.06658661 -0.007886886 0.9977508 -0.06656897 -0.007885634 0.9977503 -0.06657534 -0.00788629 0.9977506 -0.06657147 -0.007885456 0.9977503 -0.06657481 -0.00788623 0.99775 -0.06657868 -0.007888019 0.9977501 -0.06657767 -0.007887065 0.9977505 -0.06657254 -0.007885098 0.9977505 -0.06657254 -0.007885098 0.007227778 -0.01011049 0.9999228 0.007227838 -0.01011049 0.9999228 0.007226288 -0.01011252 0.9999228 0.007229506 -0.01010769 0.9999229 0.007226526 -0.01011168 0.9999228 0.007228732 -0.0101099 0.9999228 0.007226705 -0.01011407 0.9999228 0.00722891 -0.01010495 0.9999229 0.007225096 -0.01011818 0.9999228 0.007228732 -0.01010662 0.9999229 0.007227838 -0.01011049 0.9999228 0.007230222 -0.01011353 0.9999228 0.007226407 -0.01010912 0.9999228 0.007227182 -0.01011204 0.9999228 0.007226407 -0.010109 0.9999229 0.007227301 -0.01010906 0.9999229 0.007228076 -0.01011091 0.9999228 0.007224142 -0.0101099 0.9999229 0.007228016 -0.01011055 0.9999228 0.007227778 -0.01011049 0.9999228 0.8093745 -0.5871747 -0.01178687 0.9197493 -0.3923629 -0.01061499 0.9197415 -0.3923811 -0.01061558 0.9840129 -0.1778745 -0.008911192 0.9840142 -0.1778673 -0.008910834 0.809356 -0.5872001 -0.01178836 0.6584111 -0.752557 -0.01236927 0.6584134 -0.752555 -0.01236921 0.4743373 -0.8802569 -0.01233029 0.4743367 -0.8802573 -0.01232957 0.2666427 -0.9637248 -0.01167261 0.2666853 -0.963713 -0.0116716 0.04548895 -0.9989104 -0.01042866 0.04548889 -0.9989105 -0.01042836 -0.9977505 0.06657272 0.007885038 -0.9977505 0.0665723 0.007884442 -0.9977503 0.06657564 0.007886052 -0.9977512 0.0665611 0.00788027 -0.9977488 0.06659752 0.007891952 -0.9977502 0.06657618 0.00788635 -0.9977507 0.06656855 0.007883965 -0.9977492 0.0665915 0.007886052 -0.9977522 0.06654667 0.007883489 -0.9977475 0.06661719 0.007885754 -0.9977494 0.06658881 0.007885575 -0.880289 -0.4744352 0.001566529 -0.9637718 -0.2666941 0.004270195 -0.9637773 -0.2666745 0.004269838 -0.9989388 -0.04555797 0.00676006 -0.9989392 -0.04555088 0.006760001 -0.8802928 -0.4744283 0.001566112 -0.7526292 -0.6584436 -0.001216888 -0.7526475 -0.6584226 -0.001217544 -0.587237 -0.8094056 -0.003940284 -0.5872408 -0.8094028 -0.003940045 -0.3924592 -0.9197468 -0.006463885 -0.3923821 -0.9197797 -0.00646156 -0.1778839 -0.9840134 -0.008661866 -0.1779704 -0.9839977 -0.008664131 -0.06703656 -0.9919299 -0.1076162 -0.06703305 -0.9919342 -0.1075793 -0.06587398 -0.9518356 -0.2994491 -0.06587374 -0.9518306 -0.2994649 -0.06218445 -0.8751749 -0.4797939 -0.06218928 -0.8751496 -0.4798394 -0.05610728 -0.7648259 -0.6417892 -0.05610418 -0.7648579 -0.6417513 -0.06703543 -0.9919287 -0.1076277 -0.06703561 -0.9919321 -0.107597 -0.06587594 -0.951829 -0.2994695 -0.06587576 -0.9518554 -0.2993856 -0.06218528 -0.8751751 -0.4797932 -0.06218516 -0.8751475 -0.4798437 -0.05610436 -0.7648316 -0.6417827 -0.05610424 -0.7648404 -0.6417722 -0.05223733 -0.6983486 -0.7138491 -0.05223745 -0.6983503 -0.7138475 -0.05223661 -0.6983529 -0.7138449 -0.052239 -0.69835 -0.7138477 -0.04787021 -0.6251542 -0.7790319 -0.04787099 -0.6251311 -0.7790504 -0.03779375 -0.4613976 -0.8863882 -0.03779244 -0.4614314 -0.8863707 -0.02626246 -0.2799416 -0.9596579 -0.02626264 -0.2799457 -0.9596565 -0.01372587 -0.08773547 -0.9960492 -0.01372569 -0.08773064 -0.9960497 -0.0478698 -0.6251721 -0.7790176 -0.0478692 -0.6251544 -0.7790318 -0.03779119 -0.4613977 -0.8863883 -0.03779137 -0.4614006 -0.8863867 -0.02626246 -0.2799391 -0.9596585 -0.02626299 -0.2799437 -0.9596571 -0.01372605 -0.08773964 -0.9960489 -0.01372557 -0.08773303 -0.9960495 -0.06664711 -0.9977305 -0.009602785 -0.06664729 -0.9977305 -0.0096035 -0.06664764 -0.9977304 -0.00960344 -0.06657338 -0.9977353 -0.009615659 -0.06664985 -0.9977302 -0.00960499 -0.06668663 -0.997728 -0.009580433 -0.06660693 -0.9977333 -0.00957942 -0.06668996 -0.997727 -0.00966227 -0.06665104 -0.9977301 -0.00960642 -0.06664574 -0.9977305 -0.009606838 -0.06664454 -0.9977306 -0.009610474 -0.06706732 -0.9977023 -0.009609162 -0.06633752 -0.9977511 -0.009601116 -0.06679701 -0.9977203 -0.00962466 -0.06659853 -0.9977337 -0.009598672 -0.06664431 -0.9977306 -0.00961256 -0.06664156 -0.9977308 -0.009606122 -0.06664907 -0.9977304 -0.009598553 -0.06664794 -0.9977304 -0.009603202 -0.06664866 -0.9977304 -0.00960654 -0.9977477 0.06660807 0.007944166 -0.9977505 0.06657338 0.0078727 -0.9977505 0.06657296 0.007877469 -0.9977504 0.06657332 0.007890701 -0.9977504 0.06657302 0.007885456 -0.9977505 0.06657278 0.007882535 -0.9977508 0.06657105 0.007864713 -0.9977502 0.06657499 0.007897198 -0.9977502 0.06657528 0.007895112 -0.9977515 0.06656372 0.007840812 -0.9977504 0.06657385 0.007886767 -0.9977502 0.06657284 0.007918953 -0.9977505 0.06657361 0.007883906 -0.9977494 0.06658524 0.007916569 -0.9977493 0.06658774 0.007895469 -0.9977515 0.06655883 0.007870316 -0.997749 0.06659078 0.00790745 -0.9977504 0.06657361 0.007885158 -0.9977527 0.06657618 0.007566571 -0.9977505 0.06657195 0.007897257 -0.9977506 0.0665723 0.007876932 -0.9977505 0.06657308 0.007886707 -0.9977502 0.0665766 0.007886052 -0.9977508 0.06656563 0.007890582 -0.9977498 0.06658411 0.00788021 -0.99775 0.06658053 0.007884085 -0.9977503 0.06657409 0.007887184 -0.9977502 0.06657576 0.007891178 -0.9977505 0.06657117 0.007888913 -0.9977504 0.06657451 0.007882535 -0.9977504 0.06657338 0.007897853 -0.9977496 0.0665856 0.007882773 -0.9977521 0.06654864 0.007884323 -0.9977505 0.06656968 0.007906854 -0.9977498 0.06658834 0.007852315 -0.9977507 0.06656646 0.007902085 -0.9977508 0.06656825 0.007885634 -0.9977505 0.06657165 0.007883965 -0.9977504 0.06657463 0.007878959 -0.9977506 0.06657069 0.007884383 -0.9977504 0.06657487 0.007882595 -0.9977511 0.06657695 0.007771909 -0.9977505 0.06657272 0.007885158 -0.9977505 0.06657242 0.007882893 -0.9977495 0.06658482 0.007901251 -0.9977511 0.06656461 0.007868885 -0.9977499 0.06657773 0.007899761 -0.9977505 0.06657242 0.00788474 -0.9977498 0.06657677 0.007936 -0.9977505 0.06657242 0.007874488 -0.9977506 0.06657183 0.007875502 -0.9977504 0.06657183 0.007899641 -0.9977499 0.06657862 0.007894396 -0.9977514 0.06657433 0.007756829 -0.9977504 0.06657308 0.007885754 -0.9977505 0.06657248 0.007885158 -0.9977503 0.0665766 0.007882356 -0.9977506 0.06656944 0.007891118 -0.9977504 0.06657469 0.007881164 -0.9977504 0.06657338 0.007883846 -0.9977496 0.06657582 0.007964134 -0.9977507 0.06656867 0.007884204 -0.9977505 0.06657326 0.007876634 -0.9977505 0.0665732 0.007875263 -0.9977503 0.0665751 0.007891178 -0.9977503 0.06657433 0.007894694 -0.9977502 0.06657552 0.007887482 -0.9977507 0.06656986 0.007877588 -0.9977501 0.06657671 0.007899165 -0.9977505 0.06657224 0.007883191 -0.9977504 0.0665732 0.007885038 -0.9977506 0.0665698 0.007888197 -0.9977506 0.06657481 0.00785309 -0.9977505 0.06657344 0.007874906 -0.9977503 0.06657296 0.007906734 -0.9977504 0.06657272 0.007894396 -0.9977491 0.06657469 0.008045136 -0.9977504 0.06657356 0.007886111 -0.9977503 0.06657522 0.007880508 -0.9977506 0.06657129 0.007883608 -0.9977503 0.06657606 0.007884085 -0.9977504 0.06657421 0.007884204 -0.9977507 0.0665695 0.007879316 -0.9977497 0.06658351 0.007887661 -0.9977497 0.06658303 0.007887899 -0.9977514 0.06655955 0.007878541 -0.9977504 0.06657308 0.007882893 -0.9977504 0.06657177 0.007895231 -0.9977498 0.06658262 0.007881343 -0.9977487 0.06655991 0.008209526 -0.997755 0.06649488 0.007971107 -0.997749 0.06659626 0.007874846 -0.9977501 0.06657946 0.007879197 -0.9977507 0.06656807 0.007893025 -0.9977506 0.06657016 0.007885634 -0.9977505 0.06657391 0.007880568 -0.9977506 0.06657004 0.007888257 -0.9977499 0.06658393 0.007872223 -0.997751 0.06656116 0.007903754 -0.9977499 0.06658279 0.007863223 -0.9977505 0.0665723 0.007886886 -0.9977504 0.06657278 0.007884144 -0.9977511 0.06657058 0.007822751 -0.9977499 0.06657636 0.007922589 -0.9977506 0.06657111 0.007869005 -0.9977504 0.06657361 0.00788474 -0.9977496 0.06657063 0.008018732 -0.9977504 0.06657278 0.007899761 -0.9977505 0.06657236 0.00787431 -0.9977507 0.06657397 0.007837474 -0.9977505 0.06657367 0.007882714 -0.9977502 0.06657212 0.007933318 -0.9977506 0.06657242 0.007867693 -0.9977506 0.06657207 0.007868528 -0.9977504 0.06657189 0.007901132 -0.9977505 0.06657308 0.007877469 -0.9977504 0.06657332 0.007879614 -0.9977504 0.06657272 0.007893264 -0.9977504 0.06657236 0.007888853 -0.9977505 0.06657403 0.007870972 -0.9977504 0.06657379 0.007887959 -0.9977504 0.06657308 0.007891952 -0.9977505 0.06657344 0.007877051 -0.9977504 0.06657302 0.007891654 -0.9977505 0.06657183 0.007897198 -0.9977504 0.06657367 0.007887899 -0.9977505 0.06657302 0.007879912 -0.9977505 0.0665726 0.007887065 -0.9977506 0.0665723 0.007873177 -0.9977506 0.06657338 0.007858633 -0.9977501 0.06657248 0.007939457 -0.9977502 0.06657379 0.007904708 -0.9977506 0.06657505 0.007842779 -0.9977509 0.0665704 0.007858097 -0.9977504 0.06657207 0.007894098 -0.9977501 0.06657695 0.007900714 -0.9977504 0.06657266 0.007886767 -0.9977506 0.06657177 0.007879316 -0.9977504 0.06657528 0.007876157 -0.9977506 0.06657016 0.007891535 -0.9977504 0.06657451 0.007884502 -0.9977506 0.06657123 0.007875025 -0.9977504 0.06657493 0.007885813 -0.9977505 0.06657385 0.007882237 -0.9977504 0.06657391 0.007887959 -0.9977504 0.06657254 0.007894873 -0.9977505 0.06657159 0.007889986 -0.9977502 0.06657463 0.007894694 -0.9977507 0.06656944 0.007880985 -0.9977504 0.06657367 0.0078817 -0.9977505 0.06657236 0.007879674 -0.9977504 0.06657332 0.007889688 -0.9977505 0.06657063 0.00789535 -0.9977503 0.06657552 0.0078758 -0.9977502 0.0665723 0.007916927 -0.9977505 0.06657111 0.007901847 -0.9977528 0.06656658 0.007636904 -0.9977505 0.06657421 0.007873177 -0.0420162 -0.7126522 0.7002582 -0.04201632 -0.7126492 0.7002612 0.9977504 -0.06657314 -0.007885515 0.9977508 -0.06656795 -0.007882714 0.9977502 -0.06657516 -0.007893562 0.9977505 -0.06657224 -0.007888376 0.9977503 -0.06657397 -0.007891833 0.9977504 -0.06657332 -0.007885575 0.9977507 -0.06657099 -0.007872581 0.9977504 -0.06657338 -0.007889926 0.9977503 -0.06657391 -0.007891237 0.9977505 -0.06657326 -0.007873833 0.9977504 -0.06657254 -0.007900655 0.9977504 -0.06657284 -0.007883608 0.9977505 -0.0665726 -0.007884442 -0.06561827 -0.9939185 0.08843219 -0.06561917 -0.9939233 0.0883786 -0.06167912 -0.9576923 0.2811074 -0.06167799 -0.9576897 0.281116 -0.05537199 -0.8847087 0.4628439 -0.05537295 -0.8847001 0.4628603 -0.04693371 -0.7776529 0.6269397 -0.04693114 -0.7776479 0.6269462 0.007226943 -0.01011055 0.9999229 0.007220864 -0.01011025 0.9999228 0.007228851 -0.01011061 0.9999228 0.007220566 -0.01011067 0.9999229 0.007229566 -0.01011025 0.9999228 0.007234156 -0.01011061 0.9999228 0.007230401 -0.01010984 0.9999228 0.007229089 -0.01011061 0.9999228 0.00722444 -0.01011168 0.9999229 0.007235884 -0.01010835 0.9999228 0.007213711 -0.0101124 0.9999229 0.007233917 -0.01011037 0.9999228 0.007228314 -0.01010918 0.9999228 0.00722754 -0.01011067 0.9999229 0.007219612 -0.01011168 0.9999229 0.007247209 -0.01010894 0.9999226 0.007229149 -0.01010942 0.9999229 0.007224977 -0.01011133 0.9999229 0.007218122 -0.01011228 0.9999229 0.007221937 -0.01011204 0.9999228 0.007219076 -0.01011168 0.9999228 0.007226884 -0.01011842 0.9999228 0.007204055 -0.01010543 0.999923 0.007326424 -0.01008391 0.9999223 0.007516026 -0.01004505 0.9999214 0.00722754 -0.01011061 0.9999229 0.007233023 -0.01024395 0.9999214 0.007333993 -0.00999248 0.9999232 0.007276356 -0.01009088 0.9999227 0.007219851 -0.01013594 0.9999226 0.007179021 -0.01013582 0.9999229 0.00723195 -0.01011097 0.9999228 0.007228434 -0.01011121 0.9999228 0.007226169 -0.01011335 0.9999228 0.007231295 -0.01003468 0.9999235 0.007228493 -0.01012223 0.9999227 0.007226109 -0.01010888 0.9999229 0.007227361 -0.01009553 0.9999229 0.007229506 -0.01012235 0.9999226 0.007224261 -0.01009726 0.9999229 0.00723803 -0.01011496 0.9999228 0.007231771 -0.01010966 0.9999228 0.007211089 -0.01010942 0.999923 0.007241964 -0.01010936 0.9999228 0.007232189 -0.010109 0.9999228 0.007203996 -0.01011234 0.9999229 0.007254838 -0.01011186 0.9999226 0.007325112 -0.01010274 0.9999222 0.00722438 -0.01011061 0.9999229 0.007219135 -0.01010984 0.9999229 0.007231533 -0.01010942 0.9999228 0.007221341 -0.01012605 0.9999227 0.007235229 -0.0100888 0.9999229 0.0072335 -0.01010459 0.9999228 0.007226049 -0.01011407 0.9999228 0.007227718 -0.01012504 0.9999226 0.007224559 -0.01011145 0.9999228 0.007230043 -0.01011157 0.9999228 0.007215142 -0.01011031 0.9999229 0.0072425 -0.01011282 0.9999227 0.007204771 -0.01009935 0.9999231 0.00723195 -0.01011115 0.9999228 0.007254958 -0.0101273 0.9999224 0.0072245 -0.01010078 0.999923 0.007155358 -0.01008403 0.9999236 0.007604598 -0.01017862 0.9999193 0.007228374 -0.01011037 0.9999228 0.007632672 -0.009964704 0.9999213 0.007245123 -0.01010489 0.9999227 0.007253885 -0.01011931 0.9999225 0.00718367 -0.01012307 0.9999231 0.007242023 -0.01009684 0.9999228 0.007233917 -0.01011663 0.9999228 0.007230103 -0.01010912 0.9999228 0.007230579 -0.010104 0.9999229 0.00722438 -0.0101161 0.9999228 0.007226407 -0.01010763 0.9999228 0.007229208 -0.01010924 0.9999229 0.007226586 -0.01011049 0.9999228 0.007234811 -0.01010948 0.9999228 0.00722295 -0.01009899 0.9999229 0.007208943 -0.01010608 0.9999231 0.007238507 -0.01010823 0.9999228 0.007230281 -0.01010841 0.9999229 0.007231831 -0.01010787 0.9999228 0.007222294 -0.01011484 0.9999228 0.00722754 -0.01009911 0.9999229 0.007224082 -0.01011127 0.9999228 0.00723046 -0.01011532 0.9999227 0.007227599 -0.01008731 0.999923 0.00722593 -0.01010811 0.9999228 0.007238686 -0.01003062 0.9999235 -0.03669404 -0.6407818 0.7668457 -0.03669428 -0.6407763 0.7668503 -0.02504193 -0.4792569 0.8773174 -0.02504235 -0.479228 0.8773332 -0.01242917 -0.2992901 0.9540812 -0.01242953 -0.2992821 0.9540838 6.58978e-4 -0.1078562 0.9941664 6.61897e-4 -0.1078544 0.9941665 0.9977504 -0.06657302 -0.007885932 0.9977503 -0.06657403 -0.007902324 0.9977506 -0.06657195 -0.007867693 0.9977504 -0.06657344 -0.007893741 0.9977502 -0.06657385 -0.00790733 0.9977505 -0.06657314 -0.007884085 0.9977505 -0.06657302 -0.007876336 0.9977505 -0.06657308 -0.007870137 0.9977506 -0.06657326 -0.007855892 0.9977502 -0.06657236 -0.007924079 0.9977506 -0.06657361 -0.007868826 0.9977505 -0.06657266 -0.007885098 0.9977504 -0.06657278 -0.007884562 0.06664681 0.9977304 0.009608089 0.06664681 0.9977304 0.009608089 -0.6583876 0.7525775 0.01236653 -0.6583893 0.7525761 0.01237052 -0.6151756 0.7882924 0.01241528 -0.6151582 0.7883059 0.01241743 -0.5230006 0.8522423 0.012398 -0.5230049 0.8522395 0.0123974 -0.424297 0.9054407 0.01222199 -0.4243069 0.905436 0.01222091 -0.320266 0.9472531 0.01189148 -0.3202545 0.9472569 0.01189279 -0.2121686 0.9771664 0.01141375 -0.2121549 0.9771694 0.01141506 -0.10141 0.9947862 0.01079285 -0.1014227 0.9947849 0.01079183 0.01059728 0.9998936 0.0100333 0.01061052 0.9998934 0.01003491 0.7526427 0.6584281 0.001217782 0.7526423 0.6584286 0.00121653 0.1225116 0.9924249 0.009150445 0.1224985 0.9924266 0.009149491 0.2328278 0.9724839 0.008149862 0.2328401 0.972481 0.008151412 0.3402474 0.9403096 0.007049739 0.3402335 0.9403146 0.007048428 0.4434058 0.8963019 0.005857467 0.4433975 0.8963061 0.005856513 0.5409615 0.8410348 0.004592359 0.5409791 0.8410236 0.004594564 0.631727 0.7751842 0.00327295 0.6317132 0.7751954 0.003271102 0.7145466 0.6995853 0.001908004 0.7145574 0.6995743 0.001909077 0.0666477 0.9977304 0.009606361 0.06664776 0.9977304 0.009606361 -0.007196545 0.01010906 -0.9999231 -0.007234036 0.01011359 -0.9999228 -0.007243871 0.01011651 -0.9999226 -0.00723344 0.01011115 -0.9999228 -0.007216513 0.01016145 -0.9999224 -0.007193028 0.01010996 -0.9999231 -0.007273256 0.01011461 -0.9999225 -0.007225215 0.01009964 -0.9999229 -0.007230818 0.01010012 -0.9999229 -0.007214844 0.010091 -0.9999231 -0.007255792 0.01009535 -0.9999228 -0.007233858 0.01010394 -0.9999229 -0.007216632 0.01010704 -0.9999229 -0.007218062 0.01010721 -0.9999229 -0.007231593 0.01011055 -0.9999228 -0.007240414 0.01011049 -0.9999228 -0.007229089 0.01010817 -0.9999228 -0.007181227 0.01009988 -0.9999232 -0.007246136 0.01011234 -0.9999226 -0.007221341 0.01011228 -0.9999228 -0.007242441 0.01011413 -0.9999226 -0.007216572 0.01010483 -0.9999229 -0.007236719 0.01011264 -0.9999227 -0.007228791 0.01011443 -0.9999228 -0.007228732 0.01010632 -0.9999228 -0.007228195 0.0101093 -0.9999228 -0.007218182 0.01011586 -0.9999229 -0.007238805 0.01010572 -0.9999228 -0.007225394 0.01011663 -0.9999228 -0.00721848 0.01010805 -0.9999229 -0.007238268 0.01010662 -0.9999228 -0.007233977 0.01011615 -0.9999227 -0.007227957 0.01011133 -0.9999228 -0.0072214 0.01011699 -0.9999228 -0.007220327 0.01016777 -0.9999223 -0.007194995 0.01008462 -0.9999234 -0.00728625 0.01004379 -0.9999231 -0.007271409 0.01012891 -0.9999223 -0.007157206 0.01001429 -0.9999243 -0.007627427 0.01051068 -0.9999157 -0.006390094 0.00990498 -0.9999306 -0.00727868 0.01012897 -0.9999223 -0.007265746 0.01011925 -0.9999224 -0.006998419 0.010095 -0.9999247 -0.007227361 0.0101096 -0.9999228 -0.007227718 0.01012074 -0.9999227 -0.00722891 0.01011002 -0.9999228 -0.007178008 0.01010859 -0.9999232 -0.007244169 0.01010382 -0.9999228 -0.007218956 0.01011234 -0.9999229 -0.007233738 0.01010906 -0.9999228 -0.007234036 0.01011103 -0.9999227 -0.007226943 0.01011067 -0.9999229 -0.007220864 0.01011061 -0.9999228 -0.007227659 0.01010996 -0.9999228 -0.007643401 0.009859442 -0.9999222 -0.007117569 0.01017332 -0.999923 -0.007272601 0.01008677 -0.9999227 -0.007209837 0.01013547 -0.9999226 -0.007241129 0.01009863 -0.9999229 -0.007246017 0.0101059 -0.9999227 -0.007228016 0.01010996 -0.9999228 -0.007225751 0.01011389 -0.9999228 -0.007150352 0.01011723 -0.9999234 -0.007289946 0.01010119 -0.9999225 -0.007227361 0.01011019 -0.9999228 -0.00722891 0.01011025 -0.9999228 -0.007220149 0.01011347 -0.9999229 -0.007194042 0.01012617 -0.9999229 -0.007272541 0.01006603 -0.999923 -0.007223963 0.01012051 -0.9999228 -0.007241606 0.01010906 -0.9999227 -0.007220804 0.01010626 -0.9999229 -0.007227778 0.01010841 -0.9999228 -0.007137358 0.010109 -0.9999235 -0.007204353 0.01003938 -0.9999237 -0.007270872 0.01018851 -0.9999217 -0.00720942 0.01008933 -0.9999232 -0.007262766 0.0101304 -0.9999224 -0.007211804 0.01009196 -0.9999231 -0.007216513 0.01010483 -0.999923 -0.007228612 0.01010835 -0.9999229 -0.007238566 0.01014482 -0.9999223 -0.007218897 0.01009088 -0.9999231 -0.007046341 0.01003605 -0.9999249 -0.007295489 0.01012599 -0.9999222 -0.007237136 0.01012319 -0.9999226 -0.007261097 0.01014375 -0.9999222 -0.007180571 0.01005816 -0.9999237 -0.00727266 0.01013916 -0.9999222 -0.007201194 0.01009565 -0.9999231 -0.00721687 0.01010847 -0.9999229 -0.007263183 0.01013219 -0.9999224 -0.007220864 0.01011317 -0.9999229 -0.007118225 0.01008719 -0.9999238 -0.007217347 0.01011222 -0.9999228 -0.007255792 0.01013493 -0.9999224 -0.007224202 0.01009058 -0.999923 -0.007225334 0.01011735 -0.9999228 -0.007231831 0.01011961 -0.9999226 -0.007228136 0.01018768 -0.999922 -0.00719285 0.01018697 -0.9999223 -0.007228076 0.01014488 -0.9999225 -0.007252275 0.01008796 -0.9999229 -0.007229387 0.01008719 -0.999923 -0.007226347 0.0101186 -0.9999227 -0.007220685 0.01019155 -0.999922 -0.007226824 0.01010435 -0.9999229 -0.007227838 0.01011466 -0.9999228 -0.007237851 0.01010686 -0.9999228 -0.007234036 0.01009911 -0.9999229 -0.007160305 0.01014775 -0.9999229 -0.007440984 0.009953439 -0.9999229 -0.007229506 0.01010942 -0.9999228 -0.007201671 0.01015806 -0.9999225 -0.007213056 0.01009744 -0.9999231 -0.007270693 0.01008439 -0.9999228 -0.007191956 0.01012349 -0.9999229 -0.007219374 0.01012682 -0.9999227 -0.007218539 0.0101189 -0.9999228 -0.007274329 0.01007068 -0.9999229 -0.007294356 0.01010173 -0.9999224 -0.007007122 0.01015776 -0.9999239 -0.007223188 0.01011812 -0.9999228 -0.007218003 0.010122 -0.9999228 -0.007225632 0.0101484 -0.9999225 -0.007227838 0.01010948 -0.9999228 -0.007229328 0.01020348 -0.9999218 -0.007197618 0.01021081 -0.999922 -0.007207214 0.01009303 -0.9999232 -0.007245004 0.01010477 -0.9999228 -0.007222115 0.01010239 -0.999923 -0.007237136 0.01011651 -0.9999226 -0.007220268 0.01011985 -0.9999228 -0.00723046 0.01011711 -0.9999227 -0.007296562 0.01006084 -0.9999228 -0.007202923 0.01009339 -0.9999231 -0.007229328 0.0101093 -0.9999229 -0.007214188 0.01010936 -0.9999229 -0.00722593 0.0101099 -0.9999229 -0.007237434 0.01010733 -0.9999228 -0.007213175 0.01010668 -0.9999229 -0.007475197 0.01013529 -0.9999207 -0.007236957 0.01011341 -0.9999228 -0.007219851 0.01011574 -0.9999229 -0.007224678 0.01011097 -0.9999229 -0.007212102 0.01011288 -0.9999229 -0.007227182 0.01011157 -0.9999228 -0.007237493 0.01009786 -0.9999228 -0.007249355 0.01010847 -0.9999226 -0.007231235 0.01011002 -0.9999228 -0.007207572 0.0101093 -0.999923 -0.007229149 0.01011055 -0.9999228 -0.007114112 0.01006853 -0.9999241 -0.007228136 0.01016587 -0.9999222 -0.007222533 0.01009213 -0.999923 -0.007242262 0.01005887 -0.9999232 -0.007225871 0.0101155 -0.9999228 -0.00722146 0.01012045 -0.9999228 -0.007224678 0.01010322 -0.9999229 -0.007229626 0.01011556 -0.9999228 -0.007229864 0.01009219 -0.9999229 -0.007229447 0.01010233 -0.9999229 -0.007231354 0.01010459 -0.9999229 -0.007231593 0.01005828 -0.9999234 -0.007228195 0.01010358 -0.9999229 -0.007223904 0.01011568 -0.9999228 -0.007246553 0.01013725 -0.9999224 -0.007238984 0.01012164 -0.9999226 -0.007229983 0.01011627 -0.9999228 -0.00722438 0.01010245 -0.9999229 -0.007234215 0.01007515 -0.9999231 -0.6583904 0.7525752 0.01236951 -0.6583877 0.7525775 0.01236677 -0.6151593 0.7883052 0.01241809 -0.6151582 0.7883059 0.01241838 -0.5230045 0.8522398 0.01239871 -0.523014 0.852234 0.01239764 -0.4242976 0.9054404 0.01222193 -0.424295 0.9054415 0.01222193 -0.3202548 0.9472568 0.01189279 -0.3202656 0.9472532 0.01189178 -0.2121681 0.9771665 0.01141244 -0.2121561 0.9771692 0.01141411 -0.1014226 0.994785 0.01079154 -0.1014232 0.9947849 0.01079159 0.01059728 0.9998936 0.0100336 0.0105971 0.9998936 0.0100336 0.7526425 0.6584283 0.001217305 0.7526429 0.658428 0.001216828 0.1224853 0.9924283 0.009149491 0.122498 0.9924266 0.009150385 0.2328525 0.9724779 0.008151113 0.2328155 0.9724868 0.008147299 0.3402349 0.9403141 0.007045567 0.3402569 0.9403061 0.00704807 0.4433972 0.8963062 0.005857467 0.443408 0.8963008 0.005858778 0.5409605 0.8410356 0.004594624 0.540961 0.8410353 0.004594981 0.6317194 0.7751903 0.00327301 0.6317203 0.7751895 0.00327301 0.7145596 0.699572 0.001909732 0.7145512 0.6995806 0.001908779 -0.03102004 -0.5627455 0.8260481 -0.005913674 -0.2045672 0.9788348 -0.005913496 -0.2045646 0.9788352 -0.03101837 -0.5627225 0.8260638 -0.05139517 -0.8351361 0.5476371 -0.05139452 -0.8351224 0.5476579 -0.06395828 -0.9805405 0.1856064 -0.06395912 -0.980552 0.1855457 -0.9977504 0.06657284 0.007885217 -0.9977508 0.06656748 0.00788623 -0.9977512 0.06656014 0.007887959 -0.99775 0.06658059 0.007882893 -0.9977508 0.06656885 0.007886409 -0.9977498 0.06658238 0.007882237 -0.9977508 0.066567 0.007886767 -0.9977506 0.06657105 0.007885813 -0.9977505 0.0665732 0.007885098 -0.9977505 0.06657248 0.007885217 -0.9977505 0.06657254 0.007884979 -0.9977503 0.06657522 0.007888138 -0.9977506 0.06657034 0.007886707 -0.9977502 0.0665751 0.007885098 -0.9977508 0.06656843 0.007881879 -0.9977508 0.06656807 0.007880091 -0.9977495 0.06658673 0.00789833 -0.9977508 0.06656962 0.007882535 -0.9977512 0.06656181 0.007877767 -0.99775 0.06657963 0.007890999 -0.9977505 0.06657165 0.007883489 -0.99775 0.0665791 0.007889628 -0.9977526 0.06654292 0.007869958 -0.9977468 0.06662487 0.007909953 -0.9977561 0.06649327 0.007845997 -0.9977483 0.06659936 0.007935464 -0.9977506 0.06657135 0.007879316 -0.9977499 0.06658172 0.007882356 -0.9977504 0.06657373 0.007883965 -0.9977506 0.06657046 0.00788629 -0.9977509 0.06656563 0.00789076 -0.9977505 0.0665735 0.007883131 -0.9977504 0.06657469 0.007883071 -0.9977501 0.06657975 0.007878839 -0.9977511 0.06656265 0.00789529 -0.99775 0.06657958 0.007877826 -0.997751 0.06656426 0.007894277 -0.9977502 0.06657743 0.007878661 -0.9977504 0.06657367 0.007883608 -0.9977502 0.06657594 0.007886469 -0.9977501 0.06657791 0.007887482 -0.9977511 0.06656306 0.007882595 -0.9977498 0.06658345 0.007888376 -0.9977513 0.06656092 0.0078817 -0.9977501 0.06657809 0.007887244 -0.9977505 0.06657195 0.007885217 -0.06664812 -0.9977303 -0.009606003 -0.06664764 -0.9977304 -0.009606659 -0.5603246 0.04539132 -0.8270285 -0.2016972 0.02290081 -0.9791802 -0.201673 0.02290219 -0.9791851 -0.5603686 0.04539501 -0.8269985 -0.8336081 0.06097102 -0.548981 -0.8335989 0.06096804 -0.5489953 -0.9799922 0.06726622 -0.1873251 -0.979982 0.06726521 -0.1873785 -0.007227957 0.01011055 -0.9999228 -0.007228374 0.01011037 -0.9999228 -0.825567 0.04973506 0.5621083 -0.9771655 0.06332087 0.2028251 -0.9771722 0.06332105 0.2027934 -0.8255764 0.0497353 0.5620943 -0.5483296 0.02858066 0.8357738 -0.5483316 0.0285806 0.8357725 -0.1875611 0.003071486 0.9822481 -0.1875696 0.003072023 0.9822466 -0.04303663 -0.5459101 -0.8367378 -0.02008742 -0.184685 -0.9825925 -0.0200926 -0.1847317 -0.9825837 -0.04303729 -0.5459039 -0.8367418 -0.05943286 -0.823974 -0.563502 -0.05942851 -0.823951 -0.5635361 -0.06677627 -0.9765779 -0.2045395 -0.06677842 -0.9765875 -0.2044935 -0.2600939 -0.964452 -0.04673022 -0.230983 -0.9657074 -0.1185582 -0.176799 -0.9687956 -0.1737157 -0.1054131 -0.9732759 -0.2040154 -0.6068499 -0.7866793 -0.1134417 -0.6068409 -0.7866884 -0.1134268 -0.8562213 -0.4905748 -0.1619308 -0.8561855 -0.4906491 -0.1618953 -0.9746225 -0.1250561 -0.1856669 -0.9746235 -0.125002 -0.1856976 -0.1687507 -0.8116636 -0.5592187 -0.1686952 -0.8116523 -0.5592517 -0.2052201 -0.5278061 -0.8241999 -0.2051674 -0.527733 -0.8242599 -0.2107368 -0.1685107 -0.9629092 -0.2107338 -0.1685278 -0.9629069 -0.3706697 -0.7990087 -0.473486 -0.3705994 -0.798977 -0.4735947 -0.50517 -0.5089308 -0.6969884 -0.5053091 -0.50895 -0.6968735 -0.5627607 -0.1465112 -0.8135325 -0.5627408 -0.1464315 -0.8135606 -0.5244084 -0.7902209 -0.3170914 -0.5244174 -0.7902311 -0.3170513 -0.7337532 -0.495914 -0.4644089 -0.7337186 -0.4958992 -0.4644793 -0.8309267 -0.1311888 -0.5406945 -0.8309485 -0.131209 -0.540656 -0.8666399 -0.4989328 0.001219332 -0.9915791 -0.1293701 0.005859315 -0.9915783 -0.1293768 0.005859375 -0.8666084 -0.4989874 0.001219034 -0.6097527 -0.7925837 -0.003606319 -0.6098049 -0.7925434 -0.003605961 -0.2599994 -0.9655767 -0.007883906 -0.2599968 -0.9655773 -0.007883787 -0.9905558 -0.1296653 0.04456573 -0.9880638 -0.1007552 0.1165268 -0.9840046 -0.04653865 0.1719565 -0.979024 0.02453106 0.2022631 -0.8605727 -0.497079 0.1110281 -0.8605626 -0.4970856 0.1110758 -0.6004508 -0.7835732 0.159599 -0.6004647 -0.7835722 0.1595521 -0.2538109 -0.9496557 0.1836685 -0.2538063 -0.9496528 0.1836898 -0.8279104 -0.06018495 0.557622 -0.8278843 -0.06015789 0.5576637 -0.5518643 -0.1345892 0.8230016 -0.5518722 -0.1345887 0.8229963 -0.1968434 -0.1880203 0.9622375 -0.196854 -0.1880292 0.9622336 -0.8419919 -0.2617067 0.4717619 -0.8420458 -0.2617527 0.4716403 -0.572793 -0.4341254 0.6953009 -0.5728451 -0.4341641 0.695234 -0.2214483 -0.5395678 0.8122975 -0.2214946 -0.5396026 0.8122618 -0.853514 -0.4153002 0.3147057 -0.8535082 -0.4152882 0.3147372 -0.5899817 -0.6620716 0.4621502 -0.5898349 -0.6620491 0.4623698 -0.2414644 -0.8069565 0.5389956 -0.2414305 -0.8069425 0.5390318 0.9977505 -0.06657248 -0.00787723 0.9977506 -0.06657183 -0.007874846 0.9977505 -0.06657224 -0.007879555 0.9977506 -0.06657242 -0.007872879 0.9977505 -0.06657278 -0.007879495 0.9977504 -0.06657397 -0.007885515 0.9977504 -0.06657403 -0.007886588 0.9977509 -0.06656408 -0.007902741 0.9977499 -0.0665813 -0.00787729 0.9977505 -0.06657081 -0.00789082 0.9977504 -0.0665732 -0.007893919 0.9977501 -0.06657856 -0.007877945 0.9977525 -0.06653732 -0.007920503 0.9977493 -0.06659352 -0.007862269 0.9977506 -0.06657338 -0.007853567 0.9977504 -0.06657338 -0.007888853 0.9977505 -0.06657409 -0.007882475 0.9977504 -0.06657379 -0.007884204 0.9977504 -0.06657516 -0.007880091 0.9977506 -0.06657034 -0.007888972 0.9977505 -0.06657087 -0.007888078 0.9977507 -0.06656849 -0.007889032 0.9977501 -0.06657731 -0.007885336 0.9977504 -0.06657487 -0.00788629 0.9977506 -0.06656956 -0.00788623 0.9977508 -0.0665673 -0.00788635 0.9977516 -0.06655687 -0.007880628 0.9977519 -0.06655448 -0.007858216 0.9977507 -0.06656962 -0.007875025 0.9977519 -0.06655377 -0.00785923 0.9977498 -0.06658124 -0.007895171 0.99775 -0.06657987 -0.007893741 0.9977511 -0.06656479 -0.007868051 0.9977504 -0.06657505 -0.007885515 0.9977505 -0.0665735 -0.007872641 0.9977504 -0.06657254 -0.007902622 0.9977506 -0.06657093 -0.007885575 0.9977501 -0.06657946 -0.007884144 0.9977505 -0.06657183 -0.007884025 0.9977506 -0.06657135 -0.007884383 0.9977505 -0.0665723 -0.007885098 0.9977508 -0.06656867 -0.007879614 0.9977505 -0.06657129 -0.007883846 0.9977504 -0.06657385 -0.007889926 0.9977506 -0.06657117 -0.007885038 0.9977503 -0.06657487 -0.0078938 0.9977505 -0.06657272 -0.007886409 0.9977503 -0.06657373 -0.007888436 0.9977506 -0.06657117 -0.007886588 0.9977505 -0.06657165 -0.007883012 0.9977506 -0.06657278 -0.007874906 0.9977504 -0.06657296 -0.00790292 0.9977505 -0.06657278 -0.007875859 0.9977504 -0.06657278 -0.007883489 0.9977504 -0.06657403 -0.00788623 0.9977505 -0.06657242 -0.007883489 0.9977504 -0.06657308 -0.00788629 0.9977505 -0.06657266 -0.007883429 0.9977505 -0.06657153 -0.007889211 0.9977504 -0.06657308 -0.007885694 0.9977504 -0.06657439 -0.00788486 0.9977503 -0.06657409 -0.007886946 0.9977503 -0.06657415 -0.007888495 0.9977503 -0.06657534 -0.007881164 0.9977504 -0.06657421 -0.00788331 0.9977504 -0.06657332 -0.007891416 0.9977504 -0.06657183 -0.007897019 0.9977505 -0.06657141 -0.007892012 0.9977505 -0.0665735 -0.007874667 0.9977505 -0.06657403 -0.007882595 0.9977505 -0.06657385 -0.007880866 0.9977505 -0.06657302 -0.007876992 0.9977505 -0.06657326 -0.00787729 0.9977505 -0.06657218 -0.007888257 0.9977505 -0.0665723 -0.007884383 0.9977504 -0.06657218 -0.007903635 0.9977505 -0.06657338 -0.007880032 0.9977506 -0.06657391 -0.007867097 0.9977505 -0.06657397 -0.007880449 0.9977505 -0.06656992 -0.007897496 0.9977505 -0.06657379 -0.007881104 0.9977504 -0.06657385 -0.00788623 0.9977505 -0.06657254 -0.00788635 0.9977504 -0.06657385 -0.007884681 0.9977505 -0.0665723 -0.007888615 0.9977505 -0.06657242 -0.007876873 0.9977505 -0.06657069 -0.00789237 0.9977505 -0.06657177 -0.007889926 0.9977505 -0.06657183 -0.00789237 0.9977506 -0.06657105 -0.007889151 0.9977506 -0.06657123 -0.007884323 0.9977504 -0.06657373 -0.007875621 0.9977504 -0.06657421 -0.007874011 0.9977504 -0.06657367 -0.00788033 0.9977506 -0.06657123 -0.007888436 0.9977505 -0.06657099 -0.007886707 0.9977505 -0.0665732 -0.007878243 0.9977505 -0.06657296 -0.007869839 0.9977505 -0.06656873 -0.007912874 0.9977504 -0.06657338 -0.007886767 -2.05174e-5 -0.1179181 0.9930233 -0.007268607 -0.2243571 0.97448 -0.007268667 -0.2243566 0.97448 -0.01443099 -0.3281504 0.9445152 -0.01443022 -0.3281515 0.944515 -0.02142477 -0.4281215 0.9034673 -0.02142477 -0.4281194 0.9034683 -0.028167 -0.523059 0.8518309 -0.02816915 -0.5230398 0.8518427 -0.03458112 -0.6118344 0.7902296 -0.03457844 -0.6118583 0.7902113 -0.04058563 -0.6934909 0.7193214 -0.04058963 -0.6934766 0.719335 -0.04612082 -0.7669708 0.6400225 -0.04611647 -0.7669922 0.6399972 -0.05110538 -0.8314821 0.5531961 -0.05110555 -0.8314796 0.5531998 -0.05549693 -0.8862468 0.459877 -0.05549937 -0.8862359 0.4598976 -0.05924075 -0.9306136 0.3611772 -0.05924391 -0.9306119 0.3611811 -0.06228905 -0.9640625 0.2582706 -0.06228363 -0.9640746 0.2582269 -0.06459844 -0.9862251 0.1522732 -0.06460505 -0.9862167 0.1523256 -0.06616336 -0.9968137 0.04455316 -0.0661605 -0.9968147 0.04453486 -1.97166e-5 -0.1179229 0.9930227 0.007227897 -0.01011246 0.9999228 0.00722742 -0.01011002 0.9999228 0.01439076 0.09782189 0.9950999 0.01439142 0.0978192 0.9951002 0.02138572 0.2046077 0.9786104 0.02138477 0.2046138 0.9786092 0.02812701 0.3089818 0.950652 0.02812862 0.30898 0.9506525 0.0345447 0.4097797 0.9115301 0.03454518 0.4097693 0.9115349 0.0405544 0.505717 0.8617457 0.04055386 0.505715 0.861747 0.04608792 0.5957434 0.8018515 0.04608631 0.5957528 0.8018446 0.05107963 0.6788007 0.732544 0.05107909 0.6788015 0.7325432 0.05547398 0.7538837 0.6546618 0.0554763 0.7538784 0.6546677 0.05921983 0.820119 0.5691204 0.05921483 0.8201375 0.5690943 0.06226456 0.8767846 0.4768354 0.06226778 0.8767759 0.4768511 0.06458777 0.9231274 0.3790308 0.06458753 0.9231229 0.3790419 0.06614947 0.9586549 0.2767762 0.06614959 0.9586561 0.2767723 0.0669372 0.9829575 0.1712136 0.06694036 0.9829519 0.1712442 0.06694322 0.9957177 0.06375831 0.06693857 0.9957191 0.06373971 1.92357e-5 0.1179227 -0.9930229 0.007266938 0.2243427 -0.9744833 0.007269084 0.2243568 -0.97448 0.01443481 0.3281651 -0.9445102 0.01443064 0.3281617 -0.9445114 0.02142471 0.4281123 -0.9034716 0.02142161 0.4281003 -0.9034774 0.02816402 0.5230419 -0.8518415 0.02816587 0.5230472 -0.8518383 0.0345776 0.6118574 -0.790212 0.03457605 0.6118456 -0.7902212 0.040582 0.6934719 -0.7193399 0.04058897 0.6934912 -0.7193208 0.046117 0.7669732 -0.6400198 0.04611909 0.7669735 -0.6400192 0.05110818 0.8314825 -0.5531952 0.051113 0.8314897 -0.553184 0.05550318 0.8862451 -0.4598795 0.05549871 0.8862338 -0.4599018 0.05923944 0.9306083 -0.3611909 0.0592401 0.930612 -0.3611814 0.06228637 0.96407 -0.2582432 0.06228196 0.9640628 -0.2582713 0.06459754 0.9862191 -0.1523126 0.06460994 0.9862269 -0.1522561 0.06616765 0.9968153 -0.04451048 0.0661565 0.9968131 -0.04457557 2.11597e-5 0.1179279 -0.9930223 -0.00722891 0.01010602 -0.9999228 -0.007227718 0.01011091 -0.9999228 -0.01439249 -0.09782487 -0.9950997 -0.01439028 -0.09782034 -0.9951002 -0.02138525 -0.2046067 -0.9786106 -0.02138572 -0.2046045 -0.9786112 -0.02812802 -0.3089995 -0.9506462 -0.02812933 -0.3089978 -0.9506468 -0.03454035 -0.4097501 -0.9115437 -0.03454762 -0.4097703 -0.9115344 -0.04055613 -0.5057162 -0.8617462 -0.04055315 -0.5057166 -0.861746 -0.04609006 -0.5957638 -0.8018362 -0.04608803 -0.595762 -0.8018377 -0.05108171 -0.6787919 -0.7325519 -0.0510841 -0.6788005 -0.7325438 -0.05547821 -0.753885 -0.65466 -0.05547678 -0.7538785 -0.6546674 -0.05922067 -0.820129 -0.5691057 -0.05922377 -0.8201411 -0.5690881 -0.06227499 -0.8767842 -0.4768348 -0.06226646 -0.8767657 -0.4768701 -0.06458634 -0.9231113 -0.3790704 -0.06459474 -0.9231237 -0.3790387 -0.06615728 -0.9586665 -0.2767346 -0.06614577 -0.9586516 -0.2767889 -0.06693315 -0.9829522 -0.1712453 -0.0669372 -0.9829573 -0.1712152 -0.06693863 -0.995719 -0.0637409 -0.06694298 -0.9957201 -0.06371939 -0.01707679 -0.1386906 -0.9901886 -0.02654922 -0.2844344 -0.9583279 -0.02655273 -0.284424 -0.9583308 -0.03542965 -0.4237869 -0.9050688 -0.0354321 -0.4237999 -0.9050626 -0.04351848 -0.5536942 -0.8315823 -0.0435149 -0.5536796 -0.8315922 -0.05062818 -0.6712328 -0.7395156 -0.05061221 -0.6712144 -0.7395334 -0.05659294 -0.7737369 -0.6309744 -0.05660259 -0.7737459 -0.6309624 -0.06132256 -0.8590204 -0.5082554 -0.06132602 -0.859026 -0.5082456 -0.06467378 -0.9250446 -0.3743124 -0.0647127 -0.9250716 -0.3742393 -0.0666179 -0.970461 -0.2318784 -0.0665909 -0.970454 -0.2319151 -0.06700694 -0.9941897 -0.08424389 -0.0669924 -0.9941892 -0.08426201 -0.01708567 -0.1386989 -0.9901872 -0.007233023 0.01010429 -0.9999229 -0.007225811 0.01011419 -0.9999228 0.002785325 0.1587074 -0.9873217 0.002785623 0.1587008 -0.9873229 0.01273375 0.3037498 -0.9526668 0.01274043 0.3037575 -0.9526643 0.02240675 0.4419929 -0.8967387 0.0223959 0.441987 -0.8967419 0.03156656 0.5703892 -0.8207678 0.03157997 0.570408 -0.8207542 0.04003775 0.6860598 -0.7264427 0.04002887 0.6860393 -0.7264625 0.04759132 0.7863574 -0.6159361 0.04759484 0.7863602 -0.6159323 0.05409461 0.8691049 -0.491661 0.05411016 0.8691216 -0.49163 0.05940461 0.9324548 -0.3563694 0.05940413 0.932452 -0.3563772 0.06337302 0.974963 -0.2131458 0.06335854 0.9749621 -0.213154 0.06591206 0.9956957 -0.06515866 0.06591063 0.9956955 -0.06516343 0.01707839 0.1386986 0.9901874 0.02654725 0.2844261 0.9583303 0.0265516 0.2844156 0.9583334 0.03542965 0.4237945 0.9050652 0.03543341 0.4237927 0.9050658 0.0435186 0.5536953 0.8315815 0.04352134 0.5536924 0.8315832 0.05063486 0.6711931 0.7395513 0.05062419 0.6712142 0.7395327 0.05660855 0.7737751 0.630926 0.05661642 0.7737641 0.630939 0.06133782 0.8589963 0.5082942 0.06132286 0.8590087 0.5082752 0.06467342 0.9250764 0.3742341 0.06468439 0.9250587 0.3742759 0.06659018 0.9704647 0.2318711 0.06659013 0.9704656 0.2318674 0.067007 0.9941801 0.08435732 0.0669918 0.9941846 0.08431577 0.01707929 0.1386972 0.9901877 0.007229089 -0.01011067 0.9999228 0.007226943 -0.01010698 0.9999229 -0.002785265 -0.1586965 0.9873236 -0.002784192 -0.1586955 0.9873237 -0.01273506 -0.303735 0.9526715 -0.01273083 -0.3037455 0.9526683 -0.02239757 -0.4420253 0.896723 -0.02240794 -0.4419998 0.8967353 -0.03157681 -0.5703899 0.8207669 -0.03157323 -0.570389 0.8207678 -0.04003798 -0.6860688 0.7264341 -0.04003971 -0.68606 0.7264424 -0.04760348 -0.7863211 0.6159814 -0.04758131 -0.7863571 0.6159373 -0.0540843 -0.8691322 0.4916137 -0.05410838 -0.8691105 0.4916496 -0.05940467 -0.9324529 0.3563745 -0.05940556 -0.9324558 0.3563665 -0.06337338 -0.9749559 0.2131778 -0.06334549 -0.9749739 0.2131042 -0.06589692 -0.9957001 0.06510919 -0.065912 -0.9956981 0.06512224 0.06664717 0.9977304 0.00960648 0.0666477 0.9977304 0.009606063 0.9977504 -0.06657385 -0.007885217 0.997751 -0.06656527 -0.007883787 0.9977493 -0.06659013 -0.007888972 0.9977514 -0.06655877 -0.007882833 0.9977509 -0.06656563 -0.007882952 0.9977498 -0.06658309 -0.007887244 0.9977509 -0.06656479 -0.007884204 0.9977502 -0.06657558 -0.007885038 0.9977508 -0.0665673 -0.007883846 0.9977503 -0.06657451 -0.007886946 0.9977504 -0.06657427 -0.007884323 0.9977507 -0.06656849 -0.007885217 0.9977498 -0.06658226 -0.007887065 0.9977505 -0.06657266 -0.007885277 0.9977504 -0.06657278 -0.007885396 0.9977502 -0.06658327 -0.007835209 0.9977505 -0.06656926 -0.007909715 0.9977505 -0.06657409 -0.007872462 0.9977504 -0.06657236 -0.007889866 0.9977504 -0.06657457 -0.007879853 0.9977506 -0.0665698 -0.007893502 0.9977503 -0.06657499 -0.007883667 0.9977505 -0.06657385 -0.007882535 0.9977506 -0.06656885 -0.007890105 0.9977508 -0.06656628 -0.007889211 0.99775 -0.06657999 -0.00788182 0.9977501 -0.06657797 -0.007882416 0.9977508 -0.06656658 -0.007886052 0.9977502 -0.06657701 -0.00788623 0.9977507 -0.06656932 -0.007885694 0.9977496 -0.06658774 -0.007878959 0.9977524 -0.06654214 -0.007893443 0.9977502 -0.0665754 -0.007889509 0.997751 -0.06656366 -0.007894933 0.9977508 -0.06656712 -0.007885217 0.9977497 -0.06658315 -0.007887184 0.9977498 -0.06658136 -0.007886946 0.9977504 -0.06657451 -0.007885158 0.9977516 -0.06655651 -0.007877588 0.9977504 -0.0665732 -0.007885336 0.9977498 -0.06658244 -0.007890522 0.9977509 -0.06656658 -0.007881283 0.9977505 -0.06657272 -0.007884621 0.9977506 -0.06657135 -0.00788486 0.9977501 -0.06657761 -0.007889747 0.9977504 -0.06657379 -0.007887542 0.9977505 -0.06657266 -0.007885217 0.9977504 -0.06657284 -0.007882773 0.9977508 -0.06656992 -0.007867515 0.9977502 -0.06657528 -0.007896542 0.9977502 -0.06657654 -0.007884085 0.9977504 -0.06657451 -0.007885396 0.9977506 -0.06657034 -0.007885277 0.997751 -0.0665642 -0.007887303 0.9977502 -0.06657713 -0.007883429 0.9977504 -0.06657367 -0.007885336 0.9977501 -0.06657832 -0.007884919 0.9977505 -0.06657236 -0.00788486 0.9977511 -0.06656259 -0.007887721 0.9977492 -0.06659191 -0.007882237 0.9977511 -0.06656312 -0.00788623 0.9977505 -0.06657224 -0.007885158 0.05223727 0.6983498 0.7138479 0.05223792 0.698353 0.7138447 0.0420171 0.7126581 -0.7002522 0.04201543 0.7126489 -0.7002615 0.7106274 -0.05422323 0.701476 0.7106265 -0.05422312 0.701477 0.7526447 0.6584259 0.001217365 0.7526423 0.6584285 0.001216828 0.700405 -0.03992491 -0.7126282 0.7004052 -0.0399248 -0.712628 0.007271528 -0.01011192 0.9999225 0.007230699 -0.01011109 0.9999228 0.007215559 -0.0101093 0.9999229 0.0072214 -0.01014173 0.9999226 0.007228136 -0.01008325 0.9999231 0.007229983 -0.01011854 0.9999227 0.007233262 -0.01010257 0.9999228 0.007260084 -0.0101549 0.9999221 0.007211744 -0.01009678 0.9999231 0.007216155 -0.01011073 0.9999229 0.007229089 -0.01011013 0.9999228 0.007234215 -0.01011079 0.9999228 0.007220506 -0.01012074 0.9999228 0.00723493 -0.01009255 0.999923 0.007222056 -0.01013267 0.9999226 0.007202386 -0.01011651 0.999923 0.007262349 -0.01011401 0.9999225 0.00678879 -0.01005661 0.9999265 0.006952583 -0.01015049 0.9999243 0.007265627 -0.01010411 0.9999226 0.007221102 -0.01010024 0.9999229 0.007861971 -0.0100578 0.9999186 0.007210135 -0.01010972 0.9999229 0.007229506 -0.01011073 0.9999228 0.007192671 -0.01011645 0.9999231 0.007244408 -0.0101065 0.9999227 0.007229745 -0.01011002 0.9999228 0.007227897 -0.01011598 0.9999228 0.007229685 -0.01012462 0.9999227 0.007224619 -0.01014095 0.9999226 0.007236242 -0.01000779 0.9999238 0.00725609 -0.01010978 0.9999226 0.007200121 -0.0101121 0.9999231 0.007244765 -0.01010632 0.9999228 0.007229268 -0.01011079 0.9999228 0.007229328 -0.0101099 0.9999228 0.007221221 -0.01011455 0.9999228 0.007232904 -0.01010847 0.9999228 0.007255196 -0.01007241 0.999923 0.00722295 -0.01003795 0.9999235 0.007229328 -0.01010423 0.9999228 0.007227241 -0.01015061 0.9999224 0.007229149 -0.01010936 0.9999229 0.007235407 -0.01010936 0.9999228 0.007163941 -0.01009315 0.9999234 0.007214903 -0.01011437 0.9999229 0.00720936 -0.01010781 0.9999229 0.00725609 -0.0101062 0.9999226 0.007211327 -0.01012027 0.9999229 0.007231593 -0.01010793 0.9999228 0.007229149 -0.01011073 0.9999228 0.00722897 -0.01008206 0.9999231 0.00722295 -0.01010638 0.9999229 0.007228374 -0.01010227 0.9999229 0.007227182 -0.01011073 0.9999228 0.007228672 -0.01003599 0.9999235 0.007232069 -0.0101037 0.9999228 0.007224738 -0.01015222 0.9999224 0.00722903 -0.01006758 0.9999233 0.007231652 -0.01014918 0.9999224 0.007228136 -0.01010304 0.9999229 0.007225632 -0.01011067 0.9999229 0.007236897 -0.01010578 0.9999228 0.007218837 -0.01010555 0.9999229 0.007217228 -0.01010346 0.999923 0.007237017 -0.01011615 0.9999226 0.007242321 -0.0101071 0.9999227 0.007241606 -0.01011675 0.9999226 0.007223904 -0.01011264 0.9999229 0.00720793 -0.0101071 0.9999229 0.007228553 -0.01011043 0.9999228 0.007222712 -0.01011037 0.9999228 0.007369577 -0.01011115 0.9999218 0.007215023 -0.0101124 0.9999229 0.007279276 -0.01011395 0.9999225 0.007210075 -0.01011031 0.999923 0.007229149 -0.01011133 0.9999228 0.007225155 -0.01012396 0.9999228 0.007227182 -0.01014369 0.9999225 0.007247924 -0.01001137 0.9999237 0.00723046 -0.01011037 0.9999228 0.00722593 -0.01011204 0.9999228 0.007213294 -0.01010996 0.9999229 0.0072335 -0.01011079 0.9999228 0.00723356 -0.01010984 0.9999228 0.007230281 -0.01011443 0.9999228 0.007228374 -0.01010859 0.9999229 0.007226765 -0.01011103 0.9999228 0.007224798 -0.009974062 0.9999242 0.007224977 -0.01007705 0.9999232 0.007234156 -0.01010227 0.9999228 0.007228612 -0.01014018 0.9999225 0.007223308 -0.01009452 0.999923 0.007226169 -0.01010924 0.9999228 0.007225513 -0.01010704 0.9999229 0.007230997 -0.01012021 0.9999226 0.007220089 -0.01010495 0.9999229 0.007236599 -0.01014548 0.9999223 0.007225513 -0.01011651 0.9999228 0.007227659 -0.01010906 0.9999229 0.007229208 -0.01012057 0.9999227 0.007227182 -0.01010835 0.9999228 0.007229208 -0.0101096 0.9999228 0.007230162 -0.01011413 0.9999228 0.007226705 -0.01011091 0.9999229 0.007210552 -0.01010972 0.999923 0.007233917 -0.01011061 0.9999228 0.00723952 -0.01011091 0.9999227 0.007219135 -0.01011443 0.9999229 0.007224321 -0.01010864 0.9999229 0.007239639 -0.01010173 0.9999228 0.007217824 -0.01012301 0.9999228 0.007235288 -0.01009982 0.9999229 0.007225096 -0.01011198 0.9999229 0.007228553 -0.0101068 0.9999228 0.007224738 -0.01020902 0.9999219 0.007226765 -0.01010417 0.9999229 0.007224977 -0.01011604 0.9999228 0.007227659 -0.01010036 0.9999229 0.007238745 -0.01011598 0.9999226 0.007210373 -0.01013749 0.9999227 0.007385015 -0.0101782 0.999921 0.007212638 -0.01010042 0.9999231 0.007255375 -0.01013332 0.9999223 0.007197141 -0.01008158 0.9999233 0.007238507 -0.01010775 0.9999228 0.00721091 -0.01010513 0.9999229 0.007237911 -0.01011735 0.9999226 0.007249355 -0.01012974 0.9999225 0.007229089 -0.01008766 0.9999231 0.00723195 -0.01009714 0.9999229 0.007249772 -0.01014763 0.9999223 0.007229983 -0.01011151 0.9999228 0.007221579 -0.0101006 0.9999229 0.007216513 -0.01013922 0.9999226 0.007237195 -0.01007634 0.9999231 0.007235884 -0.0101087 0.9999228 0.007230401 -0.01009523 0.999923 0.007219314 -0.01014566 0.9999226 0.007245242 -0.01008659 0.9999229 0.007210075 -0.01012438 0.9999228 0.007226824 -0.01013076 0.9999226 0.007220983 -0.01011228 0.9999228 0.007239639 -0.01008695 0.9999229 0.007422327 -0.009891867 0.9999235 0.007146775 -0.01017725 0.9999228 0.007193803 -0.01010245 0.9999231 0.007266223 -0.01009464 0.9999228 0.007235348 -0.01009494 0.9999229 0.007209658 -0.01012325 0.9999228 0.007191836 -0.01012676 0.9999229 0.007240295 -0.01010787 0.9999227 0.007257401 -0.01009279 0.9999228 0.007229268 -0.01010423 0.9999229 0.007119774 -0.01033139 0.9999213 0.007181465 -0.0100978 0.9999232 0.007234215 -0.01010096 0.9999229 0.007227838 -0.01010763 0.9999229 0.007222294 -0.01013237 0.9999226 0.007221758 -0.01010549 0.9999229 0.007219672 -0.01016879 0.9999223 0.007227241 -0.01005184 0.9999234 0.007227718 -0.01016563 0.9999223 0.007230341 -0.01010876 0.9999228 0.007221579 -0.01010394 0.9999229 0.00722903 -0.01011979 0.9999227 0.007230937 -0.01015418 0.9999224 0.00722742 -0.0101782 0.9999222 0.007225513 -0.01005411 0.9999234 0.007235229 -0.0101602 0.9999222 0.007231831 -0.01012551 0.9999226 0.007216989 -0.0100677 0.9999233 0.007226705 -0.01011472 0.9999228 0.007228434 -0.01011079 0.9999228 0.007242262 -0.01025938 0.9999212 0.007231414 -0.01011848 0.9999228 0.007226049 -0.01010316 0.9999229 0.007230222 -0.01011037 0.9999228 0.007235705 -0.01011204 0.9999228 0.007235586 -0.01011425 0.9999228 0.007223188 -0.01010817 0.9999228 0.007214903 -0.01010757 0.9999229 0.00723046 -0.01011002 0.9999228 0.007231473 -0.01010453 0.9999228 0.007211625 -0.01010483 0.999923 0.007247805 -0.01010096 0.9999228 0.007228493 -0.01012021 0.9999227 0.007224798 -0.01010221 0.9999229 0.007230162 -0.01012033 0.9999228 0.007229626 -0.01010495 0.9999228 0.007228672 -0.01010274 0.9999229 0.007225155 -0.01008266 0.9999231 0.007217884 -0.01016533 0.9999223 0.007227301 -0.01013582 0.9999225 0.007217824 -0.0101186 0.9999228 0.007223844 -0.01010906 0.9999228 0.007250666 -0.01010817 0.9999226 0.007234811 -0.01010817 0.9999228 0.007210552 -0.01010757 0.9999229 0.007303655 -0.01011198 0.9999223 0.007383882 -0.01012444 0.9999215 0.007214486 -0.01011389 0.9999229 0.007220327 -0.01010799 0.9999229 0.007223963 -0.0101087 0.9999228 0.007230937 -0.01011455 0.9999227 0.007220268 -0.01011359 0.9999228 0.007224738 -0.01011186 0.9999228 0.007233321 -0.01011395 0.9999227 0.007221758 -0.01008129 0.9999231 0.007231354 -0.01009678 0.9999229 0.007215142 -0.01013952 0.9999226 0.007219851 -0.01011687 0.9999228 0.007217824 -0.01012223 0.9999228 0.007246613 -0.01009297 0.9999228 0.007229804 -0.01011741 0.9999227 0.007234156 -0.01007258 0.9999231 0.007228553 -0.01009887 0.9999229 0.007233977 -0.01018303 0.999922 0.007227659 -0.01012206 0.9999227 0.007225632 -0.01013368 0.9999226 0.00723052 -0.01008296 0.9999231 0.007219791 -0.01009654 0.9999231 0.007224917 -0.0101028 0.9999229 0.007229447 -0.01009124 0.999923 0.001250267 0.9999482 0.01010626 -0.1293032 0.9915445 0.01096498 -0.1292786 0.9915478 0.01095896 -0.2575969 0.9661825 0.01163017 -0.2576066 0.9661799 0.01163256 -0.3815183 0.924282 0.01210469 -0.3815284 0.924278 0.01210761 -0.4989114 0.8665647 0.01237237 -0.4989022 0.8665701 0.01236951 -0.6077527 0.7940291 0.01242244 -0.6077524 0.7940295 0.01242256 -0.7061962 0.7079101 0.01226317 -0.7062039 0.7079023 0.01226532 -0.7925723 0.609662 0.01189571 -0.7925763 0.6096568 0.01189786 -0.8653827 0.5009835 0.0113244 -0.8653767 0.5009941 0.01132076 -0.9233761 0.3837518 0.01055479 -0.9233754 0.3837531 0.01055419 -0.9655741 0.2599509 0.009607553 -0.9655758 0.2599445 0.009608924 -0.9912561 0.131678 0.008497476 -0.9912552 0.1316855 0.008496046 0.001262903 0.9999482 0.0101031 0.1317515 0.9912413 0.009071946 0.1317651 0.9912395 0.009068429 0.2600252 0.9655697 0.007881581 0.2600252 0.9655697 0.007881879 0.3838269 0.9233818 0.006560444 0.3838153 0.9233866 0.006563603 0.5010547 0.8654004 0.005129516 0.5010723 0.8653903 0.005124509 0.6097345 0.7925977 0.00360316 0.609727 0.7926034 0.003605604 0.7079798 0.7062299 0.002022027 0.7079769 0.7062327 0.002022564 0.7940999 0.6077873 4.0482e-4 0.7940945 0.6077944 4.06327e-4 0.8666192 0.4989687 -0.001218378 0.8666212 0.4989652 -0.001220047 0.9243349 0.381572 -0.002824008 0.9243343 0.3815735 -0.002823472 0.9662243 0.2576656 -0.004378914 0.9662247 0.257664 -0.00437963 0.9915807 0.1293585 -0.00586009 0.9915803 0.1293606 -0.005859315 0.9999731 -0.001179277 -0.007239699 0.9999732 -0.00118041 -0.007240593 -0.001237273 -0.9999483 -0.0100975 0.1292775 -0.991548 -0.01095575 0.1292649 -0.9915496 -0.01095867 0.2576076 -0.9661797 -0.01163011 0.2575954 -0.966183 -0.01163274 0.3815255 -0.9242792 -0.01210486 0.3815451 -0.9242711 -0.01209968 0.498892 -0.866576 -0.01236474 0.498882 -0.8665817 -0.01236712 0.6077579 -0.7940254 -0.01242059 0.6077585 -0.7940248 -0.01242047 0.706204 -0.7079023 -0.01226139 0.7062057 -0.7079005 -0.01226019 0.7925735 -0.6096606 -0.01189166 0.7925673 -0.6096686 -0.0118944 0.8653738 -0.500999 -0.01132166 0.8653782 -0.5009916 -0.01131999 0.923378 -0.3837471 -0.01055383 0.9233791 -0.3837445 -0.01055389 0.9655804 -0.2599276 -0.009607195 0.9655795 -0.2599309 -0.009608209 0.9912542 -0.1316922 -0.00849688 0.991254 -0.1316938 -0.008497059 -0.001250445 -0.9999483 -0.01009988 -0.1317648 -0.9912396 -0.009068608 -0.1317653 -0.9912394 -0.009068727 -0.2599992 -0.9655768 -0.007882535 -0.2599998 -0.9655765 -0.007882237 -0.3838286 -0.9233812 -0.006560504 -0.383827 -0.9233818 -0.006560742 -0.501064 -0.8653951 -0.005127012 -0.501083 -0.8653841 -0.005132198 -0.6097472 -0.7925879 -0.003610372 -0.6097423 -0.7925916 -0.003610014 -0.7079679 -0.7062418 -0.002026379 -0.7079541 -0.7062556 -0.002022087 -0.7940846 -0.6078071 -4.04208e-4 -0.7940966 -0.6077916 -4.08512e-4 -0.8666315 -0.4989474 0.001216888 -0.8666217 -0.4989645 0.001221358 -0.9243336 -0.3815749 0.002824962 -0.9243373 -0.3815663 0.002823114 -0.9662223 -0.2576731 0.004378736 -0.9662216 -0.2576756 0.00437951 -0.9915812 -0.1293538 0.005860149 -0.9915817 -0.1293506 0.005859017 -0.9999731 0.001175761 0.007240056 -0.9999731 0.001175522 0.007240056 0.06420218 -0.9978812 -0.01054936 0.3202452 -0.9472602 -0.01188868 0.3202212 -0.9472682 -0.01189112 0.5545088 -0.8320853 -0.01242005 0.554527 -0.8320732 -0.01241767 0.7510013 -0.6601899 -0.01210063 0.7509882 -0.6602048 -0.01210266 0.8962998 -0.4433131 -0.01096016 0.8963018 -0.4433093 -0.01096051 0.980515 -0.196235 -0.00907135 0.9805166 -0.1962265 -0.00907135 0.06414496 -0.9978849 -0.01055502 -0.1963201 -0.9805031 -0.008496344 -0.1963218 -0.9805028 -0.008496582 -0.4434304 -0.8962897 -0.005858957 -0.4433783 -0.8963155 -0.005853593 -0.6602234 -0.751064 -0.002817928 -0.6602569 -0.7510346 -0.002822339 -0.8321515 -0.5545483 4.07086e-4 -0.8321537 -0.554545 4.06712e-4 -0.9473063 -0.3203091 0.003608763 -0.947315 -0.3202832 0.003606915 -0.9979143 -0.06421923 0.006562829 -0.9979128 -0.06424188 0.006564557 -0.06417304 0.997883 0.01055502 -0.3202494 0.9472586 0.0118944 -0.3202287 0.9472657 0.01189172 -0.5545177 0.8320794 0.01242089 -0.5545136 0.832082 0.01242071 -0.7509911 0.6602014 0.01210349 -0.750981 0.6602129 0.01210284 -0.8963065 0.4432997 0.0109604 -0.8963094 0.4432938 0.01096111 -0.9805161 0.1962291 0.009072065 -0.9805154 0.196233 0.009072124 -0.06414461 0.9978849 0.0105521 0.1963492 0.9804973 0.008493125 0.1963499 0.9804973 0.008493304 0.4433657 0.8963217 0.005856812 0.4433712 0.8963191 0.005856096 0.6602634 0.7510289 0.002819359 0.6602563 0.7510353 0.002820491 0.8321585 0.5545379 -4.08565e-4 0.8321506 0.5545497 -4.0648e-4 0.9473065 0.3203086 -0.003607511 0.9473094 0.3202996 -0.00360912 0.9979132 0.06423568 -0.006564319 0.9979124 0.06424725 -0.006563723 0.06417232 -0.9978832 -0.01055216 0.3202465 -0.9472596 -0.01189136 0.3202249 -0.9472669 -0.0118941 0.5545281 -0.8320723 -0.01242268 0.5545452 -0.8320609 -0.01242035 0.7509779 -0.6602166 -0.0121029 0.7509773 -0.660217 -0.01210278 0.896302 -0.443309 -0.01096034 0.8963086 -0.4432955 -0.01095789 0.9805129 -0.1962453 -0.009069621 0.9805092 -0.1962641 -0.009072065 0.06417196 -0.9978832 -0.01055222 -0.1963222 -0.9805027 -0.008493483 -0.1963773 -0.9804916 -0.008498966 -0.4434024 -0.8963036 -0.005861997 -0.4433996 -0.8963049 -0.005861699 -0.6602554 -0.7510359 -0.002824783 -0.6602405 -0.751049 -0.002822697 -0.8321446 -0.5545587 4.06953e-4 -0.8321536 -0.5545452 4.05505e-4 -0.9473094 -0.3203 0.003607451 -0.9473029 -0.3203192 0.003609061 -0.9979137 -0.06422865 0.006564617 -0.9979129 -0.06423997 0.006564795 -0.06411719 0.9978867 0.01055186 -0.3202541 0.9472572 0.01189166 -0.3202763 0.9472495 0.0118941 -0.5545312 0.8320702 0.01242256 -0.5545109 0.8320839 0.01241987 -0.75098 0.660214 0.01210236 -0.7509965 0.6601954 0.0121051 -0.896304 0.4433047 0.01096212 -0.8963014 0.4433101 0.01096183 -0.9805134 0.1962428 0.009071946 -0.9805148 0.196236 0.009072363 -0.06414353 0.9978849 0.01055496 0.1962901 0.9805091 0.00849694 0.1963238 0.9805024 0.008493244 0.4433963 0.8963066 0.005855739 0.4433922 0.8963087 0.005856335 0.6602716 0.7510216 0.002819776 0.6602562 0.7510352 0.002822577 0.8321554 0.5545426 -4.07054e-4 0.8321456 0.554557 -4.0504e-4 0.9473087 0.3203017 -0.003607034 0.9473109 0.3202953 -0.003607213 0.9979115 0.06426262 -0.006563067 0.9979124 0.06424903 -0.006563246 0.997915 0.06420856 -0.006564199 0.9472983 0.3203328 -0.003609776 0.9472931 0.3203481 -0.003607869 0.8321534 0.5545455 -4.07272e-4 0.8321642 0.5545293 -4.09613e-4 0.6602702 0.7510229 0.002819538 0.6602834 0.7510114 0.002817511 0.4434183 0.8962957 0.005853593 0.4433966 0.8963065 0.005856394 0.196292 0.9805088 0.008493125 0.1962634 0.9805144 0.008497238 0.9979149 0.06420904 -0.006564259 0.9805162 -0.1962286 -0.009072184 0.9805178 -0.1962208 -0.009071469 0.896288 -0.4433372 -0.01096183 0.8962938 -0.4433254 -0.01096051 0.7509986 -0.660193 -0.01210224 0.7510126 -0.6601771 -0.01210027 0.5545222 -0.8320763 -0.01241779 0.5545017 -0.83209 -0.01241999 0.3202542 -0.9472571 -0.01189154 0.3202284 -0.9472658 -0.01189368 0.06417286 -0.997883 -0.01055514 0.06417292 -0.9978831 -0.01055532 -0.9979137 -0.06422817 0.00656408 -0.9473057 -0.3203107 0.003609359 -0.9473077 -0.3203049 0.003609001 -0.8321442 -0.5545592 4.08324e-4 -0.8321527 -0.5545464 4.06835e-4 -0.6602635 -0.7510287 -0.002822279 -0.6602606 -0.7510313 -0.00282222 -0.4433987 -0.8963054 -0.005858957 -0.4433975 -0.896306 -0.00585848 -0.1963206 -0.980503 -0.008496224 -0.1963222 -0.9805027 -0.008496522 -0.9979143 -0.06421959 0.006563305 -0.9805142 0.1962392 0.009072184 -0.9805151 0.1962342 0.009072721 -0.896296 0.4433209 0.01096326 -0.8962935 0.4433258 0.01096278 -0.7510144 0.6601749 0.01210623 -0.7509794 0.6602149 0.01210099 -0.5545243 0.832075 0.01241779 -0.5545418 0.8320632 0.01242011 -0.3202242 0.9472672 0.01189154 -0.3202487 0.9472589 0.01189452 -0.06414502 0.9978849 0.01055568 -0.06414473 0.9978848 0.01055502 -0.9979132 -0.06423574 0.006564199 -0.9473157 -0.3202812 0.003608345 -0.9473171 -0.3202772 0.003607988 -0.8321442 -0.5545592 4.06206e-4 -0.8321321 -0.5545775 4.08523e-4 -0.6602246 -0.751063 -0.00282073 -0.6602242 -0.7510634 -0.002820551 -0.4434055 -0.8963021 -0.005856215 -0.4434294 -0.8962901 -0.005858778 -0.1963222 -0.9805027 -0.008496344 -0.1963212 -0.9805029 -0.008496224 -0.9979132 -0.0642361 0.006564259 -0.9805132 0.1962437 0.009070277 -0.9805157 0.1962316 0.009071528 -0.8963042 0.4433044 0.01096147 -0.896291 0.443331 0.01095843 -0.7509903 0.6602024 0.0121001 -0.751014 0.6601754 0.01210397 -0.5544918 0.8320966 0.0124222 -0.5545152 0.832081 0.01242494 -0.3202999 0.9472415 0.01189714 -0.3202751 0.9472499 0.01189416 -0.06414353 0.9978849 0.01055479 -0.06411558 0.9978867 0.01055204 0.9979139 0.06422495 -0.006563723 0.9473031 0.3203185 -0.003608107 0.9473025 0.32032 -0.003607988 0.8321292 0.5545816 -4.06751e-4 0.8321395 0.5545663 -4.08571e-4 0.6602667 0.751026 0.002820014 0.6602492 0.7510414 0.002822756 0.4433934 0.896308 0.005858898 0.4434193 0.8962953 0.005855858 0.1963165 0.9805038 0.008493006 0.196318 0.9805036 0.008493483 0.9979146 0.06421405 -0.006564915 0.9805158 -0.1962307 -0.009071409 0.9805151 -0.1962344 -0.009071946 0.8962885 -0.443336 -0.01096117 0.8962958 -0.4433213 -0.01095944 0.751021 -0.6601675 -0.01210111 0.7510091 -0.6601809 -0.01210296 0.5544813 -0.8321036 -0.01242029 0.5544838 -0.8321019 -0.01242023 0.3203212 -0.9472344 -0.01189154 0.3202964 -0.9472428 -0.0118941 0.06411904 -0.9978865 -0.01055473 0.06411796 -0.9978865 -0.01055502 -0.02307599 -0.9996843 -0.009942889 0.06414502 -0.9978848 -0.01055407 0.06415271 -0.9978844 -0.01055246 0.1508847 -0.9884893 -0.01108378 0.1508776 -0.9884903 -0.01108723 0.2364746 -0.9715693 -0.01153504 0.2364676 -0.9715709 -0.01153767 0.320245 -0.94726 -0.0118972 0.3202607 -0.947255 -0.0118916 0.4015879 -0.9157398 -0.01216095 0.4015827 -0.915742 -0.01216304 0.4798786 -0.8772482 -0.01233989 0.4798777 -0.8772487 -0.0123403 0.5545127 -0.8320825 -0.01242268 0.5545124 -0.8320828 -0.01242315 0.6249345 -0.7805786 -0.01241159 0.6249459 -0.7805694 -0.01240605 0.6905941 -0.723138 -0.01230025 0.6905828 -0.7231487 -0.0123046 0.7510014 -0.6601896 -0.01210469 0.7510007 -0.6601905 -0.0121048 0.8056821 -0.5922305 -0.01181268 0.8056843 -0.5922275 -0.01181089 0.8542426 -0.519749 -0.01142948 0.8542407 -0.519752 -0.01142925 0.8963004 -0.4433119 -0.01096051 0.896295 -0.4433229 -0.01096332 0.9315294 -0.3635174 -0.01041072 0.93153 -0.3635154 -0.01040953 0.9596756 -0.2809399 -0.009777903 0.9596762 -0.2809377 -0.009777963 0.9805148 -0.1962357 -0.009071946 0.9805146 -0.1962367 -0.009071946 0.9938936 -0.1100302 -0.008296906 0.9938936 -0.1100308 -0.008297204 -0.02305966 -0.9996848 -0.00993669 -0.1101002 -0.9938775 -0.009248971 -0.1101009 -0.9938774 -0.009249269 -0.1962874 -0.9805096 -0.008491158 -0.1963114 -0.9805048 -0.008499503 -0.2810477 -0.9596632 -0.007676184 -0.2810261 -0.9596696 -0.007668137 -0.3635712 -0.9315418 -0.006786644 -0.363592 -0.9315336 -0.006794989 -0.4434095 -0.8963 -0.00586152 -0.4433972 -0.8963062 -0.005856812 -0.5198169 -0.8542639 -0.004879474 -0.5198212 -0.8542612 -0.004881262 -0.5923038 -0.8057055 -0.003866314 -0.5922989 -0.8057091 -0.003864049 -0.6602614 -0.7510306 -0.002820193 -0.6602703 -0.7510227 -0.002821981 -0.7232127 -0.6906232 -0.001756191 -0.7232056 -0.6906306 -0.001753687 -0.7806439 -0.6249757 -6.75168e-4 -0.7806466 -0.6249723 -6.77322e-4 -0.8321462 -0.5545564 4.06877e-4 -0.8321372 -0.5545697 4.11946e-4 -0.877305 -0.4799311 0.0014925 -0.877302 -0.4799366 0.001493573 -0.9157902 -0.4016489 0.002562761 -0.9157973 -0.4016327 0.002556979 -0.9473057 -0.3203105 0.003607273 -0.9473036 -0.320317 0.00360912 -0.9716128 -0.2365314 0.004631876 -0.9716131 -0.2365304 0.004631876 -0.9885245 -0.1509563 0.005619525 -0.9885248 -0.1509543 0.005619287 -0.9979141 -0.06422215 0.006564021 -0.9979141 -0.06422197 0.006564378 -0.9997081 0.02297902 0.007459461 -0.9997082 0.0229817 0.007458448 0.02305954 0.9996846 0.009945571 -0.06416076 0.9978837 0.01055794 -0.06416088 0.9978837 0.01055854 -0.1508864 0.9884889 0.01109021 -0.1508617 0.9884929 0.0110805 -0.2364732 0.9715696 0.01152861 -0.2364801 0.9715679 0.01153153 -0.3202447 0.9472603 0.01189076 -0.3202466 0.9472596 0.01189196 -0.4015893 0.9157392 0.01216095 -0.4015965 0.9157359 0.01216286 -0.4798727 0.8772513 0.01233959 -0.479875 0.8772501 0.01234012 -0.5545248 0.8320745 0.01242327 -0.5545162 0.8320803 0.01242017 -0.6249368 0.7805768 0.01240825 -0.6249382 0.7805758 0.01240867 -0.6905838 0.7231478 0.01230245 -0.6905832 0.7231484 0.01230263 -0.7510006 0.6601908 0.01210248 -0.7510002 0.6601911 0.01210343 -0.8056853 0.5922261 0.01181155 -0.8056845 0.5922273 0.01181101 -0.8542403 0.5197529 0.01142936 -0.8542401 0.5197532 0.01142925 -0.8962948 0.4433234 0.01096057 -0.8962925 0.4433279 0.01095926 -0.9315325 0.3635095 0.01040732 -0.9315351 0.3635028 0.01041013 -0.9596753 0.280941 0.009778678 -0.9596747 0.2809432 0.009777247 -0.9805147 0.1962366 0.009071171 -0.9805151 0.1962342 0.009071946 -0.9938933 0.1100333 0.008296966 -0.993893 0.1100366 0.008295953 0.02306771 0.9996846 0.009942412 0.1101086 0.9938766 0.00925529 0.1101093 0.9938765 0.009254515 0.1963038 0.9805064 0.008495926 0.1963184 0.9805034 0.008491039 0.2810311 0.9596681 0.007667422 0.2810177 0.9596719 0.007673323 0.36358 0.9315382 0.006792962 0.3635929 0.9315332 0.006786763 0.4434021 0.8963037 0.005853235 0.4433929 0.8963083 0.005859434 0.5198244 0.8542593 0.004881441 0.5198299 0.8542558 0.004878938 0.5922984 0.8057096 0.003864288 0.5922927 0.8057136 0.003866791 0.660266 0.7510265 0.002822577 0.6602742 0.7510195 0.00281763 0.7232087 0.6906273 0.001752257 0.7232054 0.6906307 0.001753747 0.7806434 0.6249764 6.74768e-4 0.780641 0.6249793 6.75745e-4 0.8321451 0.5545579 -4.08277e-4 0.8321415 0.5545634 -4.06906e-4 0.8773046 0.4799318 -0.00148791 0.8773065 0.4799285 -0.001488566 0.9157865 0.4016575 -0.002557873 0.9157868 0.4016568 -0.002559006 0.9473088 0.3203015 -0.003609299 0.9473078 0.3203046 -0.003608286 0.9716134 0.2365295 -0.004631221 0.9716131 0.2365308 -0.004631221 0.988525 0.1509531 -0.00561887 0.9885241 0.1509588 -0.005617678 0.9979139 0.06422477 -0.00656259 0.9979142 0.06421995 -0.006564378 0.9997079 -0.02299058 -0.007459044 0.999708 -0.02298927 -0.007458806 0.01464486 0.1016694 0.9947105 0.02883458 0.3199853 0.9469837 0.02883446 0.3199659 0.9469902 0.04157876 0.522235 0.8517875 0.04157984 0.5223048 0.8517446 0.0522359 0.6983473 0.7138506 0.05223542 0.6983218 0.7138754 0.0602793 0.8394656 0.5400592 0.0602793 0.8394207 0.540129 0.06529599 0.9383794 0.3393828 0.06529402 0.9384027 0.3393185 0.06703722 0.9903278 0.1214781 0.0670402 0.9903192 0.1215468 0.01464504 0.101672 0.9947103 -2.80534e-4 -0.1217696 0.9925584 -2.80254e-4 -0.1217629 0.9925593 -0.01518934 -0.3390533 0.9406446 -0.01519024 -0.3390784 0.9406355 -0.02933871 -0.5393927 0.8415432 -0.0293377 -0.5393673 0.8415594 -0.0420168 -0.7126533 0.7002571 -0.04201686 -0.7126561 0.7002542 -0.05258643 -0.8501872 0.5238477 -0.05258667 -0.8501775 0.5238637 -0.05258667 -0.8501777 0.5238633 -0.05258643 -0.8501874 0.5238474 -0.06052106 -0.9450966 0.3211383 -0.06052148 -0.945068 0.3212221 -0.06542062 -0.9925813 0.102482 -0.06541824 -0.9925971 0.1023301 -0.01464444 -0.1016677 -0.9947106 -0.02883517 -0.3199977 -0.9469795 -0.02883404 -0.31999 -0.9469821 -0.04157644 -0.5222514 -0.8517775 -0.04157894 -0.5222759 -0.8517624 -0.05223709 -0.6983497 -0.7138481 -0.05223971 -0.6983751 -0.713823 -0.0602774 -0.8394087 -0.5401478 -0.06027644 -0.8393963 -0.5401672 -0.06529629 -0.9384217 -0.3392654 -0.06529444 -0.938408 -0.339304 -0.06703716 -0.9903271 -0.1214837 -0.06703567 -0.9903237 -0.1215123 -0.01464408 -0.1016632 -0.9947112 2.79565e-4 0.1217577 -0.9925599 2.79708e-4 0.1217581 -0.9925598 0.01518911 0.3390573 -0.9406432 0.01519095 0.3390838 -0.9406336 0.0293411 0.5394133 -0.8415299 0.02933806 0.539381 -0.8415507 0.04201424 0.7126309 -0.70028 0.04201716 0.712656 -0.7002542 0.05258989 0.8502141 -0.5238037 0.05258345 0.8501645 -0.523885 0.06051701 0.9450659 -0.3212293 0.06051999 0.945084 -0.3211756 0.06541764 0.9925805 -0.1024913 0.06542223 0.9925934 -0.1023642 -0.01464426 -0.1016587 -0.9947116 -0.02883613 -0.3200005 -0.9469785 -0.0288366 -0.3200054 -0.9469768 -0.04158174 -0.5222933 -0.8517516 -0.04157805 -0.5222584 -0.8517732 -0.05223596 -0.6983276 -0.7138699 -0.05223798 -0.6983475 -0.7138502 -0.06027865 -0.83943 -0.5401146 -0.06027746 -0.8394129 -0.5401412 -0.06529593 -0.9384088 -0.3393014 -0.06529414 -0.9383973 -0.3393337 -0.06703716 -0.9903228 -0.121519 -0.06704014 -0.9903338 -0.1214272 -0.01464492 -0.1016625 -0.9947112 2.79701e-4 0.1217553 -0.9925602 2.8052e-4 0.1217637 -0.9925591 0.01519089 0.3390834 -0.9406337 0.01519125 0.3390836 -0.9406337 0.02933955 0.5393892 -0.8415453 0.02933681 0.5393651 -0.8415609 0.04201602 0.7126555 -0.7002549 0.04201674 0.7126646 -0.7002455 0.05258417 0.8501547 -0.5239008 0.05258506 0.850166 -0.5238824 0.06051975 0.9450804 -0.3211859 0.06052273 0.9450997 -0.3211287 0.06542062 0.9925917 -0.102381 0.06541627 0.9925831 -0.1024676 0.01464521 0.1016738 0.99471 0.02883374 0.3199839 0.9469841 0.02883327 0.3199714 0.9469884 0.04157817 0.522261 0.8517715 0.04157751 0.5222526 0.8517767 0.05223965 0.6983911 0.7138074 0.0522384 0.6983577 0.7138401 0.06027746 0.839409 0.5401474 0.06027776 0.8394113 0.5401439 0.06529587 0.9384073 0.3393056 0.06529533 0.9384253 0.3392562 0.0670371 0.9903163 0.1215722 0.06703561 0.9903215 0.1215297 0.01464468 0.1016665 0.9947108 -2.79708e-4 -0.1217581 0.9925598 -2.79625e-4 -0.1217544 0.9925603 -0.01519042 -0.3390731 0.9406374 -0.01519048 -0.3390736 0.9406372 -0.02933722 -0.539362 0.8415629 -0.0293371 -0.539369 0.8415585 -0.04201984 -0.7127081 0.700201 -0.04201781 -0.7126373 0.7002733 -0.05258792 -0.8501521 0.5239045 -0.05258923 -0.8502027 0.5238222 -0.06052154 -0.9450856 0.3211703 -0.06052148 -0.9450681 0.321222 -0.06542205 -0.9925914 0.1023838 -0.06542199 -0.9925916 0.1023815 -0.01464366 -0.1016247 -0.994715 -0.02883702 -0.32 -0.9469787 -0.02883744 -0.3200147 -0.9469736 -0.04158133 -0.5222598 -0.8517721 -0.04157423 -0.5222504 -0.8517782 -0.05223721 -0.6983383 -0.7138592 -0.05224204 -0.698395 -0.7138034 -0.0602833 -0.8394365 -0.5401042 -0.06027758 -0.8394057 -0.5401524 -0.0652973 -0.9384036 -0.3393157 -0.06529402 -0.9383868 -0.3393626 -0.06703847 -0.9903284 -0.1214729 -0.06703704 -0.9903239 -0.1215106 -0.01464289 -0.1016415 -0.9947134 2.77257e-4 0.1217272 -0.9925636 2.81589e-4 0.1217494 -0.9925609 0.01519381 0.3390825 -0.940634 0.01518625 0.3390571 -0.9406432 0.0293405 0.5394086 -0.8415328 0.02933835 0.5394064 -0.8415344 0.04201519 0.7126497 -0.7002608 0.04201602 0.7126671 -0.700243 0.05258649 0.8501629 -0.5238873 0.05258238 0.8501629 -0.5238876 0.06052309 0.9450985 -0.3211322 0.0605179 0.9450768 -0.321197 0.06541764 0.9925816 -0.1024817 0.06541669 0.9925869 -0.1024313 0.01464504 0.1016632 0.9947112 0.02883309 0.3199456 0.9469971 0.02883428 0.3200052 0.946977 0.04157781 0.5222762 0.8517623 0.04157578 0.5222424 0.851783 0.05223983 0.6983733 0.7138248 0.05224013 0.6983631 0.7138348 0.06027662 0.8393965 0.5401669 0.06027501 0.8394501 0.5400838 0.06529283 0.9384086 0.3393025 0.06529486 0.9383664 0.3394191 0.06703913 0.9903209 0.121533 0.06703734 0.990328 0.1214765 0.01464384 0.101692 0.9947081 -2.81615e-4 -0.1217824 0.9925569 -2.81602e-4 -0.121777 0.9925575 -0.0151875 -0.3390371 0.9406505 -0.01518839 -0.3390577 0.940643 -0.02933996 -0.5394067 0.841534 -0.02934092 -0.5394142 0.8415293 -0.04201567 -0.7126621 0.7002482 -0.04201716 -0.7126501 0.7002604 -0.05258601 -0.850168 0.523879 -0.05258959 -0.8501873 0.5238472 -0.06051969 -0.9450882 0.3211632 -0.06052118 -0.9450609 0.3212434 -0.06542032 -0.9925819 0.1024764 -0.06541919 -0.9925919 0.1023798 0.01464504 0.1016741 0.99471 0.0288338 0.3199881 0.9469828 0.02883458 0.3199843 0.9469839 0.04157829 0.5222467 0.8517803 0.04157763 0.5222658 0.8517686 0.05223768 0.6983625 0.7138355 0.0522359 0.6983091 0.7138879 0.06028127 0.8394349 0.5401066 0.06027758 0.8394281 0.5401177 0.06529796 0.9383938 0.3393426 0.0652976 0.9383964 0.3393355 0.06704014 0.9903222 0.1215222 0.06703555 0.9903318 0.1214464 0.01464551 0.1016777 0.9947096 -2.80527e-4 -0.1217584 0.9925597 -2.81612e-4 -0.1217815 0.9925569 -0.01519 -0.3390918 0.9406307 -0.01518768 -0.339041 0.9406491 -0.02933776 -0.5393751 0.8415544 -0.02934032 -0.5394142 0.8415292 -0.04201537 -0.7126638 0.7002465 -0.04201382 -0.7126339 0.700277 -0.05258727 -0.8501933 0.5238378 -0.05258649 -0.8501721 0.5238722 -0.06051874 -0.9450638 0.3212352 -0.06051981 -0.9450949 0.3211436 -0.06541913 -0.9925901 0.1023985 -0.06541949 -0.9925848 0.1024496 -0.01464313 -0.101643 -0.9947133 -0.02883923 -0.3200222 -0.9469711 -0.02883189 -0.3199791 -0.9469858 -0.04157996 -0.5222616 -0.8517712 -0.0415793 -0.5222818 -0.8517587 -0.05223441 -0.6983302 -0.7138673 -0.05223959 -0.6983405 -0.7138569 -0.06027728 -0.8394209 -0.5401289 -0.06027871 -0.8394325 -0.5401107 -0.06529676 -0.9384063 -0.339308 -0.0652951 -0.938391 -0.3393508 -0.06703555 -0.9903222 -0.1215248 -0.06703752 -0.9903301 -0.1214594 -0.01464128 -0.1016228 -0.9947153 2.80539e-4 0.1217523 -0.9925605 2.77257e-4 0.1217381 -0.9925622 0.01519119 0.3390828 -0.9406339 0.01518684 0.339049 -0.9406462 0.02933347 0.5393468 -0.8415728 0.02934348 0.5394141 -0.8415293 0.04201883 0.7126818 -0.7002279 0.04201698 0.712636 -0.7002747 0.05258494 0.8501864 -0.5238492 0.0525884 0.850203 -0.523822 0.06052154 0.9450662 -0.3212277 0.06052166 0.9450776 -0.3211938 0.0654214 0.9925937 -0.1023614 0.06541937 0.9925833 -0.1024634 -0.9977506 0.06657344 0.007856369 -0.9977505 0.06657463 0.007865488 -0.9977505 0.06657278 0.007885932 -0.9977504 0.06657212 0.007890284 -0.9977504 0.06657421 0.007881045 -0.9977504 0.06657451 0.007873415 -0.9977505 0.06657141 0.007894337 -0.9977505 0.06657189 0.007887482 -0.9977505 0.06657344 0.00787425 -0.9977504 0.0665735 0.007888793 -0.9977504 0.06657308 0.007890939 -0.9977504 0.06657373 0.007878839 -0.9977505 0.06657332 0.007882595 -0.9977504 0.06657266 0.007891058 -0.9977504 0.06657332 0.007889151 -0.9977505 0.06657373 0.007880747 -0.9977505 0.0665729 0.007883489 -0.9977504 0.06657314 0.007884442 -0.9977505 0.0665723 0.007888257 -0.9977504 0.06657254 0.007890105 -0.9977504 0.06657457 0.007878839 -0.9977502 0.06657451 0.007889628 -0.9977504 0.06657469 0.007878541 -0.9977504 0.06657439 0.007885038 -0.9977502 0.06657594 0.007890582 -0.9977504 0.06657481 0.007870137 -0.9977508 0.06657236 0.007852017 -0.9977502 0.06656926 0.007939279 -0.9977502 0.06657475 0.007897019 -0.9977505 0.0665751 0.007866978 -0.9977504 0.06657379 0.007879376 -0.9977504 0.0665735 0.007889747 -0.9977504 0.0665729 0.007899701 -0.9977505 0.06657278 0.007873833 -0.9977505 0.06657314 0.007877051 -0.9977505 0.0665729 0.007887661 -0.9977505 0.0665735 0.007880091 -0.9977505 0.0665735 0.007877826 -0.9977505 0.0665723 0.007885754 -0.9977504 0.06657177 0.007896602 -0.9977504 0.06657409 0.007881164 -0.9977504 0.06657409 0.007883667 -0.9977504 0.06657236 0.007898032 -0.9977504 0.06657236 0.007892787 -0.9977505 0.06657296 0.007887482 -0.9977505 0.06657284 0.00787872 -0.9977504 0.06657403 0.007876038 -0.9977504 0.0665732 0.007885336 -0.9977504 0.06657451 0.007882654 -0.9977505 0.0665735 0.0078758 -0.9977504 0.06657445 0.007875084 -0.9977499 0.06657534 0.007942914 -0.9977511 0.06656712 0.007862865 -0.9977501 0.06657499 0.007909238 -0.9977501 0.06657516 0.00791043 -0.9977506 0.06656914 0.00790143 -0.9977503 0.06657856 0.007866561 -0.9977503 0.06657505 0.007881641 -0.9977504 0.06657195 0.007902443 -0.9977505 0.06657385 0.007878065 -0.9977506 0.06657224 0.007879614 -0.9977505 0.06657391 0.007879257 -0.9977503 0.06657516 0.007879734 -0.9977505 0.06657159 0.007881283 -0.9977505 0.06657361 0.007883608 -0.9977505 0.06657278 0.007887303 -0.9977505 0.06657326 0.007877707 -0.9977503 0.06657403 0.007893741 -0.9977504 0.06657153 0.007903873 -0.9977505 0.0665726 0.007882177 -0.9977504 0.06657314 0.007890403 -0.9977505 0.06657201 0.007891416 -0.9977503 0.06657606 0.007872939 -0.9977505 0.06657212 0.007879912 -0.9977506 0.0665698 0.00789684 -0.9977504 0.06657606 0.007866561 -0.9977507 0.06656867 0.007888913 -0.9977501 0.06657779 0.007879793 -0.9977509 0.06656652 0.007879793 -0.9977502 0.06657654 0.007884681 -0.9977504 0.0665726 0.007887959 -0.9977506 0.06657135 0.007876515 -0.9977505 0.06657302 0.007879972 -0.9977504 0.0665754 0.007883429 -0.9977503 0.06657391 0.007894635 -0.9977506 0.06657183 0.00788486 -0.9977505 0.0665726 0.007876753 -0.9977504 0.06657445 0.007892012 -0.9977505 0.06657087 0.007895946 -0.9977503 0.06657606 0.007879912 -0.9977505 0.06657141 0.00788021 -0.9977505 0.06657248 0.007883906 -0.9977505 0.0665726 0.0078848 -0.9977504 0.06657391 0.007884621 -0.9977506 0.06657081 0.007882654 -0.9977505 0.06657272 0.007884204 -0.9977504 0.0665726 0.007892429 -0.9977505 0.06657099 0.007890224 -0.9977504 0.06657671 0.007874727 -0.9977505 0.06657075 0.007898986 -0.9977503 0.06657385 0.007892847 -0.9977505 0.0665735 0.00787872 -0.9977499 0.06658399 0.007862806 -0.9977505 0.06656527 0.007940888 -0.02057558 0.9997357 0.01025718 -0.1938406 0.9809678 0.01131999 -0.1938245 0.980971 0.01131832 -0.3612648 0.9323856 0.01203751 -0.3612797 0.9323798 0.012039 -0.5176844 0.8554821 0.01239204 -0.5177068 0.8554685 0.01239442 -0.6583921 0.7525736 0.01237064 -0.6583653 0.7525971 0.01236742 -0.7790817 0.6268082 0.01196831 -0.7790873 0.6268013 0.0119692 -0.8761047 0.4819907 0.01120632 -0.8761041 0.481992 0.01120615 -0.9465048 0.3225318 0.01010268 -0.9465052 0.3225308 0.01010274 -0.9881432 0.1532891 0.008692502 -0.9881432 0.1532889 0.008692562 -0.02057546 0.9997358 0.0102573 0.1533417 0.9881333 0.00888288 0.1533257 0.9881358 0.00888437 0.3226383 0.9464947 0.00723958 0.3226374 0.9464949 0.00723952 0.4820677 0.8761175 0.005375504 0.4820699 0.8761163 0.005375385 0.6268689 0.7791175 0.003347694 0.6268804 0.7791083 0.003346204 0.7526506 0.6584192 0.001216769 0.7526416 0.6584295 0.001218259 0.8555268 0.5177577 -9.48007e-4 0.8555287 0.5177547 -9.48381e-4 0.9324343 0.3613266 -0.003086209 0.9324395 0.3613131 -0.00308746 0.9810023 0.1939283 -0.005130052 0.9810038 0.1939209 -0.005130827 0.9810037 0.1939214 -0.005130767 0.9810022 0.1939287 -0.005129992 0.9997624 0.02063822 -0.007017791 0.9997625 0.02063685 -0.00701797 0.02059173 -0.9997354 -0.01025581 0.1938695 -0.980962 -0.01131868 0.1938692 -0.9809621 -0.01131856 0.3612681 -0.9323844 -0.01203751 0.3612398 -0.9323952 -0.01204013 0.5177074 -0.8554681 -0.01239317 0.5177081 -0.8554676 -0.01239311 0.6583768 -0.7525869 -0.01236951 0.6583966 -0.7525696 -0.01236712 0.7790778 -0.6268131 -0.01196801 0.7790712 -0.6268213 -0.01196914 0.8761078 -0.4819851 -0.01120609 0.8761061 -0.4819881 -0.01120638 0.9465021 -0.3225398 -0.01010298 0.9465022 -0.3225395 -0.01010298 0.9881449 -0.1532785 -0.008692264 0.9881449 -0.1532786 -0.008692502 0.02054244 -0.9997364 -0.01026004 -0.1533755 -0.988128 -0.008885562 -0.1533265 -0.9881358 -0.00888139 -0.3226361 -0.9464955 -0.007236599 -0.3226217 -0.9465004 -0.007235467 -0.4820592 -0.8761222 -0.00537151 -0.4820715 -0.8761155 -0.005372643 -0.6268761 -0.7791118 -0.003345191 -0.6268781 -0.7791102 -0.003345429 -0.7526491 -0.6584208 -0.001216232 -0.7526472 -0.658423 -0.001215934 -0.8555372 -0.5177406 9.50007e-4 -0.8555277 -0.5177564 9.51475e-4 -0.9324308 -0.3613355 0.003088235 -0.9324417 -0.3613075 0.003085911 -0.9810019 -0.1939309 0.005129575 -0.9810014 -0.1939326 0.005129635 -0.9997625 -0.02063566 0.007017731 -0.9997624 -0.0206381 0.00701797</float_array>
          <technique_common>
            <accessor source="#Leg_A-mesh-normals-array" count="2838" stride="3">
              <param name="X" type="float"/>
              <param name="Y" type="float"/>
              <param name="Z" type="float"/>
            </accessor>
          </technique_common>
        </source>
        <vertices id="Leg_A-mesh-vertices">
          <input semantic="POSITION" source="#Leg_A-mesh-positions"/>
        </vertices>
        <triangles count="2832">
          <input semantic="VERTEX" source="#Leg_A-mesh-vertices" offset="0"/>
          <input semantic="NORMAL" source="#Leg_A-mesh-normals" offset="1"/>
          <p>0 0 3 0 6 0 9 1 12 1 16 1 20 2 23 2 26 2 29 3 33 3 37 3 37 4 33 4 41 4 41 5 33 5 45 5 45 6 33 6 49 6 53 7 16 7 12 7 57 8 60 8 63 8 66 9 69 9 33 9 69 10 72 10 33 10 72 11 75 11 33 11 75 12 49 12 33 12 79 13 84 13 88 13 78 14 87 14 91 14 78 15 91 15 94 15 78 16 94 16 97 16 78 17 97 17 100 17 78 18 100 18 104 18 107 19 110 19 113 19 107 20 113 20 116 20 107 21 116 21 120 21 107 22 120 22 123 22 107 23 123 23 126 23 107 24 126 24 129 24 133 25 136 25 139 25 133 26 139 26 143 26 133 27 143 27 146 27 133 28 146 28 149 28 133 29 149 29 152 29 133 30 152 30 110 30 155 31 6 31 3 31 155 32 3 32 159 32 155 33 159 33 162 33 155 34 162 34 165 34 155 35 165 35 33 35 156 36 34 36 30 36 168 37 171 37 174 37 168 38 174 38 177 38 168 39 177 39 181 39 168 40 181 40 184 40 168 41 184 41 187 41 168 42 187 42 190 42 168 43 190 43 194 43 168 44 194 44 197 44 168 45 197 45 200 45 168 46 200 46 3 46 168 47 3 47 0 47 168 48 0 48 203 48 168 49 203 49 206 49 168 50 206 50 209 50 168 51 209 51 212 51 168 52 212 52 215 52 168 53 215 53 218 53 168 54 218 54 221 54 168 55 221 55 225 55 168 56 225 56 228 56 168 57 228 57 231 57 235 58 168 58 231 58 235 59 231 59 83 59 235 60 83 60 78 60 235 61 78 61 241 61 235 62 241 62 244 62 235 63 244 63 247 63 235 64 247 64 250 64 235 65 250 65 253 65 235 66 253 66 256 66 235 67 256 67 260 67 236 68 261 68 265 68 268 69 66 69 33 69 268 70 33 70 271 70 268 71 271 71 274 71 268 72 274 72 277 72 268 73 277 73 280 73 283 74 286 74 129 74 283 75 129 75 126 75 283 76 126 76 289 76 283 77 289 77 293 77 283 78 293 78 296 78 283 79 296 79 299 79 283 80 299 80 303 80 283 81 303 81 171 81 283 82 171 82 168 82 126 83 123 83 306 83 126 84 306 84 309 84 126 85 309 85 312 85 126 86 312 86 315 86 126 87 315 87 318 87 126 88 318 88 321 88 126 89 321 89 324 89 126 90 324 90 327 90 126 91 327 91 331 91 126 92 331 92 12 92 126 93 12 93 9 93 126 94 9 94 335 94 126 95 335 95 338 95 126 96 338 96 341 96 126 97 341 97 344 97 110 98 107 98 348 98 110 99 348 99 351 99 110 100 351 100 354 100 110 101 354 101 358 101 110 102 358 102 362 102 110 103 362 103 365 103 110 104 365 104 368 104 110 105 368 105 371 105 110 106 371 106 374 106 110 107 374 107 377 107 110 108 377 108 133 108 380 109 20 109 26 109 380 110 26 110 383 110 380 111 383 111 386 111 380 112 386 112 126 112 380 113 126 113 344 113 200 114 197 114 390 114 200 115 390 115 394 115 200 116 394 116 397 116 139 117 400 117 404 117 139 118 404 118 407 118 139 119 407 119 410 119 139 120 410 120 413 120 139 121 413 121 417 121 139 122 417 122 53 122 139 123 53 123 12 123 139 124 12 124 420 124 139 125 420 125 423 125 139 126 423 126 427 126 139 127 427 127 430 127 139 128 430 128 433 128 139 129 433 129 436 129 139 130 436 130 439 130 139 131 439 131 442 131 139 132 442 132 446 132 139 133 446 133 143 133 449 134 235 134 264 134 449 135 264 135 453 135 449 136 453 136 457 136 449 137 457 137 460 137 449 138 460 138 463 138 449 139 463 139 466 139 449 140 466 140 139 140 449 141 139 141 136 141 449 142 136 142 470 142 94 143 280 143 97 143 97 144 280 144 277 144 23 145 20 145 473 145 473 146 20 146 476 146 473 147 476 147 479 147 479 148 476 148 482 148 482 149 476 149 485 149 482 150 485 150 488 150 488 151 485 151 491 151 488 152 491 152 494 152 494 153 491 153 497 153 494 154 497 154 500 154 500 155 497 155 503 155 503 156 497 156 397 156 503 157 397 157 394 157 506 158 510 158 513 158 513 159 510 159 404 159 513 160 404 160 400 160 57 161 63 161 516 161 516 162 63 162 510 162 516 163 510 163 506 163 63 164 60 164 520 164 520 165 60 165 523 165 520 166 523 166 526 166 526 167 523 167 529 167 526 168 529 168 532 168 532 169 529 169 535 169 532 170 535 170 538 170 532 171 538 171 541 171 541 172 538 172 544 172 541 173 544 173 547 173 547 174 104 174 541 174 541 175 104 175 100 175 553 176 557 176 560 176 556 177 564 177 559 177 567 178 569 178 574 178 577 179 580 179 583 179 589 180 592 180 593 180 596 181 601 181 604 181 608 182 601 182 596 182 613 183 601 183 608 183 580 184 577 184 617 184 621 185 622 185 625 185 601 186 631 186 634 186 601 187 638 187 631 187 601 188 613 188 638 188 641 189 644 189 647 189 641 190 647 190 650 190 641 191 650 191 654 191 641 192 654 192 658 192 641 193 658 193 661 193 641 194 661 194 665 194 552 195 559 195 667 195 552 196 667 196 670 196 552 197 670 197 673 197 552 198 673 198 676 198 552 199 676 199 679 199 553 200 680 200 684 200 552 201 683 201 687 201 552 202 687 202 690 202 552 203 690 203 693 203 552 204 693 204 697 204 552 205 697 205 701 205 702 206 665 206 707 206 702 207 707 207 710 207 702 208 710 208 713 208 702 209 713 209 716 209 702 210 716 210 720 210 702 211 720 211 724 211 730 212 733 212 569 212 730 213 569 213 567 213 730 214 567 214 738 214 730 215 738 215 742 215 730 216 742 216 745 216 730 217 745 217 748 217 730 218 748 218 752 218 730 219 752 219 559 219 730 220 559 220 564 220 697 221 753 221 756 221 697 222 756 222 759 222 697 223 759 223 762 223 697 224 762 224 766 224 697 225 766 225 770 225 697 226 770 226 774 226 697 227 774 227 779 227 697 228 779 228 782 228 697 229 782 229 785 229 697 230 785 230 701 230 786 231 753 231 697 231 786 232 697 232 790 232 786 233 790 233 794 233 799 234 787 234 795 234 798 235 794 235 802 235 798 236 802 236 805 236 798 237 805 237 808 237 798 238 808 238 812 238 799 239 813 239 817 239 823 240 825 240 827 240 823 241 827 241 798 241 823 242 798 242 816 242 823 243 816 243 830 243 823 244 830 244 833 244 823 245 833 245 837 245 823 246 837 246 840 246 823 247 840 247 843 247 823 248 843 248 847 248 823 249 847 249 647 249 823 250 647 250 644 250 823 251 644 251 853 251 647 252 854 252 857 252 647 253 857 253 860 253 647 254 860 254 863 254 647 255 863 255 583 255 647 256 583 256 580 256 647 257 580 257 866 257 647 258 866 258 870 258 647 259 870 259 873 259 647 260 873 260 876 260 647 261 876 261 879 261 647 262 879 262 882 262 647 263 882 263 885 263 647 264 885 264 888 264 647 265 888 265 891 265 648 266 892 266 651 266 665 267 702 267 895 267 665 268 895 268 898 268 665 269 898 269 901 269 665 270 901 270 905 270 665 271 905 271 909 271 665 272 909 272 912 272 665 273 912 273 915 273 665 274 915 274 919 274 665 275 919 275 923 275 665 276 923 276 926 276 665 277 926 277 641 277 927 278 854 278 647 278 927 279 647 279 933 279 927 280 933 280 936 280 927 281 936 281 589 281 927 282 589 282 593 282 693 283 937 283 943 283 693 284 943 284 946 284 693 285 946 285 697 285 722 286 717 286 951 286 720 287 950 287 954 287 720 288 954 288 957 288 720 289 957 289 960 289 720 290 960 290 963 290 720 291 963 291 966 291 720 292 966 292 970 292 720 293 970 293 973 293 720 294 973 294 977 294 720 295 977 295 580 295 720 296 580 296 617 296 721 297 618 297 982 297 720 298 981 298 985 298 720 299 985 299 988 299 720 300 988 300 991 300 720 301 991 301 994 301 720 302 994 302 995 302 733 303 1002 303 1005 303 733 304 1005 304 1008 304 733 305 1008 305 1011 305 733 306 1011 306 1014 306 733 307 1014 307 1017 307 733 308 1017 308 1021 308 733 309 1021 309 569 309 1023 310 1026 310 725 310 1022 311 724 311 720 311 1022 312 720 312 1031 312 1022 313 1031 313 1034 313 1022 314 1034 314 1037 314 1022 315 1037 315 1041 315 1022 316 1041 316 1044 316 1022 317 1044 317 1047 317 1022 318 1047 318 1002 318 1022 319 1002 319 733 319 1048 320 1052 320 1055 320 1055 321 1052 321 690 321 1055 322 690 322 687 322 1061 323 1066 323 1070 323 1069 324 1064 324 573 324 1070 325 574 325 1073 325 1073 326 574 326 569 326 1073 327 569 327 1076 327 1079 328 1080 328 1085 328 1085 329 1080 329 593 329 1085 330 593 330 592 330 1088 331 1089 331 1094 331 1094 332 1089 332 1095 332 1094 333 1095 333 1100 333 1100 334 1095 334 1101 334 1100 335 1101 335 1106 335 1106 336 1101 336 1080 336 1106 337 1080 337 1079 337 943 338 937 338 1109 338 1109 339 937 339 1089 339 1109 340 1089 340 1088 340 604 341 601 341 1110 341 1110 342 601 342 1114 342 1110 343 1114 343 1117 343 1117 344 1114 344 1048 344 1118 345 1049 345 1056 345 995 346 994 346 1121 346 1121 347 994 347 1127 347 1121 348 1127 348 1128 348 1128 349 1127 349 1131 349 1131 350 1127 350 621 350 1131 351 621 351 625 351 1135 352 1138 352 1143 352 1143 353 1138 353 1144 353 1143 354 1144 354 1149 354 1149 355 1144 355 1150 355 1149 356 1150 356 1155 356 1155 357 1150 357 622 357 1155 358 622 358 621 358 1156 359 1159 359 1165 359 1165 360 1159 360 1135 360 1165 361 1135 361 1143 361 569 362 1166 362 1076 362 1076 363 1166 363 1156 363 1076 364 1156 364 1165 364 635 365 1172 365 602 365 601 366 1171 366 1176 366 601 367 1176 367 1180 367 1179 368 1175 368 1065 368 1180 369 1066 369 1061 369 175 370 815 370 180 370 178 371 814 371 810 371 179 372 811 372 183 372 182 373 809 373 807 373 182 374 807 374 186 374 185 375 806 375 804 375 185 376 804 376 189 376 188 377 803 377 797 377 188 378 797 378 193 378 192 379 796 379 793 379 191 380 792 380 196 380 195 381 791 381 698 381 195 382 698 382 199 382 815 383 175 383 818 383 819 384 176 384 173 384 819 385 173 385 832 385 831 386 172 386 305 386 831 387 305 387 836 387 835 388 304 388 302 388 834 389 301 389 839 389 838 390 300 390 298 390 838 391 298 391 842 391 841 392 297 392 295 392 841 393 295 393 846 393 844 394 294 394 291 394 845 395 292 395 849 395 848 396 290 396 128 396 848 397 128 397 649 397 483 398 1078 398 481 398 480 399 1077 399 1084 399 480 400 1084 400 475 400 474 401 1083 401 591 401 474 402 591 402 25 402 24 403 590 403 588 403 24 404 588 404 28 404 27 405 587 405 935 405 27 406 935 406 385 406 384 407 934 407 932 407 384 408 932 408 389 408 388 409 931 409 646 409 387 410 645 410 127 410 1078 411 483 411 1104 411 1105 412 484 412 490 412 1105 413 490 413 1099 413 1098 414 489 414 496 414 1098 415 496 415 1093 415 1092 416 495 416 502 416 1092 417 502 417 1087 417 1086 418 501 418 505 418 1086 419 505 419 1108 419 1107 420 504 420 396 420 1107 421 396 421 942 421 941 422 395 422 393 422 940 423 392 423 945 423 944 424 391 424 198 424 944 425 198 425 696 425 52 426 610 426 46 426 48 427 611 427 598 427 47 428 597 428 42 428 44 429 599 429 606 429 43 430 605 430 38 430 39 431 607 431 1111 431 40 432 1112 432 31 432 32 433 1113 433 1119 433 32 434 1119 434 157 434 158 435 1120 435 1057 435 158 436 1057 436 7 436 8 437 1058 437 689 437 8 438 689 438 2 438 609 439 51 439 614 439 612 440 50 440 76 440 612 441 76 441 636 441 637 442 77 442 73 442 637 443 73 443 629 443 630 444 74 444 70 444 630 445 70 445 632 445 633 446 71 446 67 446 633 447 67 447 1169 447 1170 448 68 449 269 450 1170 448 269 450 1173 451 1174 452 270 452 281 452 1174 453 281 453 1062 453 1063 454 282 454 95 454 1063 455 95 455 571 455 223 456 750 456 226 456 227 457 751 457 746 457 227 458 746 458 229 458 230 459 747 459 743 459 230 460 743 460 232 460 233 461 744 461 739 461 234 462 740 462 85 462 86 463 741 463 736 463 86 464 736 464 89 464 90 465 737 465 565 465 90 466 565 466 92 466 93 467 566 467 572 467 93 468 572 468 96 468 749 469 222 469 558 469 561 470 224 470 219 470 561 471 219 471 668 471 669 472 220 472 216 472 669 473 216 473 671 473 672 474 217 474 213 474 672 475 213 475 674 475 675 476 214 476 210 476 675 477 210 477 677 477 678 478 211 478 207 478 678 479 207 479 681 479 682 480 208 480 204 480 682 481 204 481 685 481 686 482 205 482 1 482 686 483 1 483 688 483 524 484 1146 484 531 484 530 485 1145 485 1140 485 530 486 1140 486 537 486 536 487 1139 487 1137 487 536 488 1137 488 540 488 539 489 1136 489 1161 489 539 490 1161 490 546 490 545 491 1160 491 1158 491 545 492 1158 492 549 492 548 493 1157 493 1168 493 548 494 1168 494 106 494 105 495 1167 495 570 495 105 496 570 496 82 496 1146 497 524 497 1151 497 1152 498 525 498 62 498 1152 499 62 499 624 499 623 500 61 500 59 500 623 501 59 501 628 501 627 502 58 502 519 502 626 503 518 503 1134 503 1132 504 517 504 508 504 1133 505 509 505 1130 505 1129 506 507 506 515 506 1129 507 515 507 1124 507 1122 508 514 508 402 508 1123 509 403 509 998 509 997 510 401 510 142 510 996 511 141 511 723 511 262 512 1046 512 267 512 266 513 1045 513 1043 513 266 514 1043 514 456 514 455 515 1042 515 1040 515 454 516 1039 516 459 516 458 517 1038 517 1036 517 458 518 1036 518 462 518 461 519 1035 519 1033 519 461 520 1033 520 465 520 464 521 1032 521 1030 521 464 522 1030 522 469 522 467 523 1029 523 718 523 468 524 719 524 140 524 1046 525 262 525 999 525 1000 526 263 526 258 526 1001 527 259 527 1004 527 1003 528 257 528 255 528 1003 529 255 529 1007 529 1006 530 254 530 252 530 1006 531 252 531 1010 531 1009 532 251 532 249 532 1009 533 249 533 1013 533 1012 534 248 534 246 534 1012 535 246 535 1016 535 1015 536 245 536 243 536 1015 537 243 537 1020 537 1019 538 242 538 81 538 1018 539 80 539 568 539 112 540 662 540 114 540 115 541 663 541 659 541 115 542 659 542 117 542 118 543 660 543 655 543 119 544 656 544 121 544 122 545 657 545 652 545 122 546 652 546 124 546 125 547 653 547 893 547 125 548 893 548 307 548 308 549 894 549 889 549 308 550 889 550 310 550 311 551 890 551 887 551 311 552 887 552 314 552 662 553 112 553 666 553 664 554 111 554 153 554 664 555 153 555 705 555 706 556 154 556 150 556 706 557 150 557 708 557 709 558 151 558 147 558 709 559 147 559 711 559 712 560 148 560 144 560 712 561 144 561 714 561 715 562 145 562 447 562 715 563 447 563 947 563 948 564 448 564 443 564 949 565 444 565 952 565 953 566 445 566 440 566 953 567 440 567 955 567 14 568 975 568 421 568 422 569 976 569 971 569 422 570 971 570 424 570 425 571 972 571 967 571 426 572 968 572 428 572 429 573 969 573 964 573 429 574 964 574 431 574 432 575 965 575 961 575 432 576 961 576 434 576 435 577 962 577 958 577 435 578 958 578 437 578 438 579 959 579 956 579 438 580 956 580 441 580 974 581 13 581 579 581 582 582 15 582 333 582 581 583 332 583 867 583 868 584 334 584 328 584 869 585 329 585 871 585 872 586 330 586 325 586 872 587 325 587 874 587 875 588 326 588 322 588 875 589 322 589 877 589 878 590 323 590 319 590 878 591 319 591 880 591 881 592 320 592 316 592 881 593 316 593 883 593 884 594 317 594 313 594 884 595 313 595 886 595 775 596 771 596 1183 596 1183 597 771 597 1185 597 1192 598 1194 598 1198 598 1191 599 1197 599 1202 599 1189 600 1201 600 1206 600 1190 601 1207 601 1211 601 1190 602 1211 602 1215 602 1190 603 1215 603 1219 603 1190 604 1219 604 1222 604 1190 605 1222 605 1226 605 1189 606 1225 606 728 606 1190 607 729 607 563 607 1190 608 563 608 1231 608 1232 609 1237 609 1188 609 1232 610 1188 610 1229 610 1232 611 1229 611 1241 611 1232 612 1241 612 1244 612 1232 613 1244 613 1247 613 1232 614 1247 614 1250 614 1232 615 1250 615 1253 615 1232 616 1253 616 1257 616 1232 617 1257 617 1181 617 1232 618 1181 618 1184 618 1232 619 1184 619 1260 619 1260 620 1184 620 1264 620 1260 621 1264 621 1268 621 1260 622 1268 622 1271 622 1260 623 1271 623 1274 623 1260 624 1274 624 1277 624 1260 625 1277 625 1280 625 1260 626 1280 626 1283 626 1260 627 1283 627 1286 627 1260 628 1286 628 1291 628 700 629 1245 629 550 629 551 630 1246 630 1242 630 551 631 1242 631 554 631 555 632 1243 632 1230 632 555 633 1230 633 562 633 1245 634 700 634 1249 634 1248 635 699 635 784 635 1248 636 784 636 1252 636 1251 637 783 637 781 637 1251 638 781 638 1256 638 1254 639 780 639 777 639 1255 640 778 640 1259 640 1258 641 776 641 773 641 1258 642 773 642 1182 642 1289 643 1284 643 800 643 1289 644 800 644 829 644 1289 645 829 645 1296 645 1289 646 1296 646 1300 646 1288 647 1299 647 1303 647 1289 648 1304 648 1308 648 1289 649 1308 649 1312 649 1288 650 1311 650 1316 650 1290 651 1317 651 1321 651 1288 652 1320 652 1325 652 1288 653 1325 653 1328 653 1276 654 754 654 1278 654 1279 655 755 655 788 655 1279 656 788 656 1281 656 1282 657 789 657 801 657 1282 658 801 658 1285 658 754 659 1276 659 758 659 757 660 1275 660 1273 660 757 661 1273 661 761 661 760 662 1272 662 1270 662 760 663 1270 663 765 663 764 664 1269 664 1267 664 763 665 1266 665 769 665 767 666 1265 666 1186 666 768 667 1187 667 772 667 1331 668 1327 668 1334 668 1334 669 1327 669 1324 669 1333 670 1323 670 1338 670 1337 671 1322 671 1319 671 1336 672 1318 672 1341 672 1341 673 1318 673 1315 673 1340 674 1314 674 1345 674 1344 675 1313 675 1310 675 1196 676 1347 676 1200 676 1200 677 1347 677 1353 677 1199 678 1352 678 1205 678 1204 679 1351 679 1357 679 1203 680 1355 680 1209 680 1210 681 1356 681 1361 681 1208 682 1360 682 1214 682 1213 683 1359 683 1365 683 1212 684 1363 684 1217 684 1218 685 1364 685 1368 685 1343 686 1309 686 1372 686 1372 687 1309 687 1307 687 1371 688 1306 688 1376 688 1375 689 1305 689 1302 689 1374 690 1301 690 1379 690 1379 691 1301 691 1298 691 1378 692 1297 692 1383 692 1383 693 1297 693 1295 693 1382 694 1294 694 826 694 826 695 1294 695 828 695 1216 696 1367 696 1221 696 1221 697 1367 697 1385 697 1220 698 1384 698 1224 698 1224 699 1384 699 1389 699 1223 700 1388 700 1228 700 1228 701 1388 701 1394 701 1227 702 1393 702 732 702 731 703 1392 703 734 703 1398 704 1403 704 1405 704 1398 705 1405 705 1410 705 1398 706 1410 706 1415 706 1398 707 1415 707 1418 707 1399 708 1419 708 1430 708 1431 709 1420 709 1433 709 1428 710 1432 710 1436 710 1429 711 1437 711 1441 711 1430 712 1442 712 1447 712 1427 713 1446 713 1457 713 1461 714 1457 714 1446 714 1463 715 1448 715 1465 715 1460 716 1464 716 1468 716 1462 717 1469 717 1473 717 1461 718 1472 718 1292 718 1461 719 1292 719 1287 719 1461 720 1287 720 1326 720 1461 721 1326 721 1330 721 1346 722 1195 722 1238 722 1238 723 1195 723 1193 723 1478 724 1483 724 1487 724 239 725 452 725 1491 725 239 726 1491 726 1495 726 239 727 1495 727 1498 727 239 728 1498 728 1502 728 239 729 1502 729 1505 729 239 730 1505 730 1509 730 239 731 1509 731 1513 731 239 732 1513 732 1516 732 240 733 1517 733 1521 733 1525 734 239 734 1520 734 1525 735 1520 735 1529 735 1525 736 1529 736 1236 736 1524 737 1235 737 1533 737 1525 738 1534 738 1537 738 1525 739 1537 739 1542 739 1524 740 1541 740 1545 740 1525 741 1546 741 1550 741 1556 742 1560 742 1564 742 1554 743 1563 743 1568 743 1554 744 1568 744 1025 744 1554 745 1025 745 735 745 1554 746 735 746 1395 746 1554 747 1395 747 1391 747 1553 748 1390 748 1386 748 1554 749 1387 749 1369 749 1554 750 1369 750 1366 750 1554 751 1366 751 1362 751 1554 752 1362 752 1358 752 1554 753 1358 753 1354 753 1554 754 1354 754 1349 754 1348 755 1571 755 1576 755 1349 756 1577 756 1581 756 1349 757 1581 757 1585 757 1348 758 1584 758 1588 758 1349 759 1589 759 1593 759 1349 760 1593 760 1597 760 1349 761 1597 761 1601 761 1349 762 1601 762 1605 762 1349 763 1605 763 1608 763 1349 764 1608 764 1611 764 1350 765 1612 765 1555 765 1240 766 1236 766 1529 766 1240 767 1529 767 1617 767 1239 768 1616 768 1621 768 1240 769 1622 769 1626 769 1239 770 1625 770 1571 770 1240 771 1572 771 1349 771 1631 772 1635 772 1639 772 1631 773 1639 773 1643 773 1631 774 1643 774 1647 774 1631 775 1647 775 1650 775 1631 776 1650 776 1653 776 1632 777 1654 777 1659 777 1631 778 1658 778 1663 778 1667 779 1525 779 1550 779 1667 780 1550 780 1671 780 1667 781 1671 781 1675 781 1667 782 1675 782 1488 782 1667 783 1488 783 1484 783 1666 784 1483 784 1678 784 1667 785 1679 785 1683 785 1667 786 1683 786 1686 786 1667 787 1686 787 1690 787 1667 788 1690 788 1693 788 1667 789 1693 789 1696 789 1667 790 1696 790 1699 790 1667 791 1699 791 1703 791 1667 792 1703 792 1639 792 1667 793 1639 793 1635 793 452 794 1025 794 1568 794 451 795 1567 795 1707 795 452 796 1708 796 1712 796 452 797 1712 797 1716 797 452 798 1716 798 1719 798 452 799 1719 799 1491 799 1723 800 1728 800 1406 800 1725 801 1407 801 1733 801 1725 802 1733 802 1736 802 1725 803 1736 803 1739 803 1725 804 1739 804 1743 804 1725 805 1743 805 1746 805 1725 806 1746 806 1749 806 1725 807 1749 807 1754 807 1724 808 1753 808 1757 808 1725 809 1758 809 1762 809 1725 810 1762 810 1663 810 1725 811 1663 811 1658 811 1725 812 1658 812 1767 812 1722 813 1766 813 1771 813 1413 814 1777 814 1782 814 1411 815 1781 815 1785 815 1411 816 1785 816 1788 816 1412 817 1789 817 1792 817 1412 818 1792 818 1796 818 1412 819 1796 819 1799 819 1412 820 1799 820 1803 820 1411 821 1802 821 1807 821 1412 822 1808 822 1812 822 1411 823 1811 823 1815 823 1412 824 1816 824 1484 824 1412 825 1484 825 1479 825 1408 826 1729 826 1822 826 1407 827 1821 827 1826 827 1407 828 1826 828 1776 828 1407 829 1776 829 1412 829 1615 830 1528 830 1830 830 1831 831 1529 831 1834 831 1831 832 1834 832 1838 832 1839 833 1835 833 1843 833 1838 834 1842 834 1846 834 1846 835 1842 835 1850 835 1846 836 1850 836 1853 836 1853 837 1850 837 1857 837 1853 838 1857 838 1861 838 1861 839 1857 839 1864 839 1861 840 1864 840 1867 840 1867 841 1864 841 1871 841 1867 842 1871 842 1875 842 1875 843 1871 843 1878 843 1875 844 1878 844 1881 844 1881 845 1878 845 1884 845 1881 846 1884 846 1888 846 1888 847 1884 847 1892 847 1888 848 1892 848 1896 848 1896 849 1892 849 1900 849 1896 850 1900 850 1903 850 1903 851 1900 851 1907 851 1903 852 1907 852 1911 852 1911 853 1907 853 1914 853 1911 854 1914 854 1559 854 1559 855 1914 855 1563 855 1772 856 1768 856 1918 856 1918 857 1768 857 1924 857 1917 858 1923 858 1929 858 1928 859 1922 859 1933 859 1929 860 1934 860 1938 860 1938 861 1934 861 1942 861 1938 862 1942 862 1945 862 1945 863 1942 863 1949 863 1945 864 1949 864 1953 864 1953 865 1949 865 1957 865 1953 866 1957 866 1961 866 1961 867 1957 867 1965 867 1961 868 1965 868 1969 868 1969 869 1965 869 1973 869 1969 870 1973 870 1976 870 1976 871 1973 871 1979 871 1976 872 1979 872 1983 872 1983 873 1979 873 1987 873 1983 874 1987 874 1991 874 1991 875 1987 875 1994 875 1991 876 1994 876 1997 876 1997 877 1994 877 2000 877 1997 878 2000 878 2004 878 2004 879 2000 879 2008 879 2005 880 2009 880 1817 880 1816 881 2008 881 1484 881 1740 882 2011 882 1745 882 1745 883 2011 883 2015 883 2017 884 2026 884 2031 884 2017 885 2031 885 2034 885 2017 886 2034 886 2036 886 2017 887 2036 887 2039 887 2017 888 2039 888 2013 888 2017 889 2013 889 2010 889 2017 890 2010 890 2043 890 2017 891 2043 891 2047 891 2017 892 2047 892 2050 892 2017 893 2050 893 1400 893 2017 894 1400 894 2054 894 2063 895 2054 895 1397 895 1397 896 2054 896 1400 896 1404 897 1401 897 1731 897 1732 898 1402 898 2052 898 1730 899 2051 899 1735 899 1735 900 2051 900 2049 900 1734 901 2048 901 1738 901 1738 902 2048 902 2046 902 1737 903 2045 903 1742 903 1741 904 2044 904 2012 904 2028 905 2022 905 2064 905 2028 906 2064 906 2068 906 2028 907 2068 907 2071 907 2028 908 2071 908 2074 908 2028 909 2074 909 2077 909 2028 910 2077 910 2080 910 2028 911 2080 911 2084 911 2028 912 2084 912 2087 912 2028 913 2087 913 2090 913 2028 914 2090 914 2093 914 2028 915 2093 915 2096 915 2028 916 2096 916 2099 916 2028 917 2099 917 2102 917 2028 918 2102 918 2105 918 2028 919 2105 919 2108 919 2028 920 2108 920 2111 920 2028 921 2111 921 2114 921 2028 922 2114 922 2117 922 2028 923 2117 923 2120 923 2028 924 2120 924 2123 924 2028 925 2123 925 2126 925 2028 926 2126 926 2129 926 2028 927 2129 927 2132 927 2029 928 2133 928 2136 928 2030 929 2137 929 2141 929 2028 930 2140 930 1761 930 2145 931 2152 931 2155 931 2149 932 2156 932 2160 932 2148 933 2159 933 2164 933 2146 934 2163 934 2167 934 2146 935 2167 935 2171 935 2146 936 2171 936 2175 936 2146 937 2175 937 2179 937 2146 938 2179 938 2182 938 2147 939 2183 939 2188 939 2146 940 2187 940 2191 940 2146 941 2191 941 2194 941 2146 942 2194 942 2197 942 2146 943 2197 943 2200 943 2146 944 2200 944 2203 944 2146 945 2203 945 2206 945 2146 946 2206 946 2209 946 2146 947 2209 947 2213 947 2146 948 2213 948 2216 948 2146 949 2216 949 2219 949 2146 950 2219 950 2222 950 2146 951 2222 951 2225 951 2148 952 2226 952 2230 952 2146 953 2229 953 2022 953 2182 954 2179 954 2233 954 2182 955 2233 955 2236 955 2182 956 2236 956 2239 956 2182 957 2239 957 2242 957 2182 958 2242 958 2245 958 2182 959 2245 959 2248 959 2182 960 2248 960 2251 960 2022 961 2229 961 2255 961 2022 962 2255 962 2258 962 2022 963 2258 963 2261 963 2022 964 2261 964 2264 964 2022 965 2264 965 2267 965 2022 966 2267 966 2270 966 2024 967 2271 967 2275 967 2022 968 2274 968 2278 968 2022 969 2278 969 2281 969 2023 970 2282 970 2065 970 1660 971 1761 971 2140 971 1661 972 2142 972 2286 972 1660 973 2285 973 2289 973 1660 974 2289 974 2292 974 1660 975 2292 975 2295 975 1660 976 2295 976 2298 976 1660 977 2298 977 2301 977 1660 978 2301 978 2304 978 1660 979 2304 979 2307 979 1660 980 2307 980 2310 980 1660 981 2310 981 2313 981 1660 982 2313 982 2316 982 1660 983 2316 983 2251 983 2251 984 2316 984 2319 984 2251 985 2319 985 2322 985 2251 986 2322 986 2325 986 2251 987 2325 987 2328 987 2251 988 2328 988 2331 988 2251 989 2331 989 2334 989 2251 990 2334 990 2337 990 2251 991 2337 991 2340 991 2251 992 2340 992 2344 992 2251 993 2344 993 2347 993 2251 994 2347 994 2350 994 2251 995 2350 995 2354 995 2252 996 2355 996 2183 996 1744 997 2014 997 1748 997 1748 998 2014 998 2042 998 1747 999 2040 999 1751 999 1752 1000 2041 1000 2038 1000 1750 1001 2037 1001 1756 1001 1756 1002 2037 1002 2035 1002 1755 1003 2032 1003 1759 1003 1760 1004 2033 1004 2027 1004 822 1005 285 1005 1329 1005 822 1006 1329 1006 1332 1006 822 1007 1332 1007 1335 1007 822 1008 1335 1008 1339 1008 822 1009 1339 1009 1342 1009 822 1010 1342 1010 1370 1010 822 1011 1370 1011 1373 1011 822 1012 1373 1012 1377 1012 822 1013 1377 1013 1381 1013 821 1014 1380 1014 824 1014 285 1015 170 1015 1329 1015 1329 1016 170 1016 2363 1016 1329 1017 2363 1017 1459 1017 908 1018 367 1018 910 1018 910 1019 367 1019 363 1019 1028 1020 1024 1020 472 1020 472 1021 1024 1021 450 1021 1027 1022 471 1022 727 1022 727 1023 471 1023 138 1023 726 1024 137 1024 704 1024 704 1025 137 1025 135 1025 703 1026 134 1026 897 1026 897 1027 134 1027 379 1027 896 1028 378 1028 900 1028 900 1029 378 1029 376 1029 899 1030 375 1030 903 1030 903 1031 375 1031 373 1031 902 1032 372 1032 906 1032 906 1033 372 1033 370 1033 904 1034 369 1034 907 1034 907 1035 369 1035 366 1035 852 1036 288 1036 820 1036 820 1037 288 1037 284 1037 911 1038 364 1038 913 1038 913 1039 364 1039 359 1039 914 1040 361 1040 917 1040 916 1041 360 1041 355 1041 918 1042 357 1042 921 1042 920 1043 356 1043 352 1043 922 1044 353 1044 924 1044 924 1045 353 1045 349 1045 925 1046 350 1046 639 1046 639 1047 350 1047 108 1047 640 1048 109 1048 642 1048 642 1049 109 1049 130 1049 643 1050 131 1050 850 1050 851 1051 132 1051 287 1051 2365 1052 2181 1052 2367 1052 2367 1053 2181 1053 2176 1053 2374 1054 2379 1054 2384 1054 2375 1055 2385 1055 2380 1055 2390 1056 2394 1056 2398 1056 2400 1057 2379 1057 2403 1057 2406 1058 2413 1058 2417 1058 2403 1059 2379 1059 2419 1059 2420 1060 2380 1060 2385 1060 2423 1061 2426 1061 2431 1061 2434 1062 2384 1062 2379 1062 2438 1063 2443 1063 2447 1063 2439 1064 2448 1064 2452 1064 2438 1065 2451 1065 2455 1065 2438 1066 2455 1066 2458 1066 2438 1067 2458 1067 2460 1067 2438 1068 2460 1068 2462 1068 2438 1069 2462 1069 2465 1069 2438 1070 2465 1070 2469 1070 2475 1071 2478 1071 2481 1071 2475 1072 2481 1072 2484 1072 2475 1073 2484 1073 2488 1073 2475 1074 2488 1074 2491 1074 2475 1075 2491 1075 2495 1075 2475 1076 2495 1076 2498 1076 2475 1077 2498 1077 2501 1077 2475 1078 2501 1078 2504 1078 2475 1079 2504 1079 2507 1079 2475 1080 2507 1080 2510 1080 2475 1081 2510 1081 2513 1081 2475 1082 2513 1082 2516 1082 2475 1083 2516 1083 2519 1083 2475 1084 2519 1084 2522 1084 2475 1085 2522 1085 2526 1085 2475 1086 2526 1086 2369 1086 2475 1087 2369 1087 2533 1087 2474 1088 2532 1088 2537 1088 2475 1089 2538 1089 2542 1089 2476 1090 2543 1090 2546 1090 2371 1091 2527 1091 2550 1091 2370 1092 2549 1092 2553 1092 2372 1093 2554 1093 2558 1093 2561 1094 2397 1094 2393 1094 2563 1095 2394 1095 2567 1095 2564 1096 2568 1096 2572 1096 2562 1097 2571 1097 2575 1097 2366 1098 2369 1098 2557 1098 2366 1099 2557 1099 2563 1099 2366 1100 2563 1100 2576 1100 2366 1101 2576 1101 2579 1101 2579 1102 2583 1102 2584 1102 2579 1103 2584 1103 2587 1103 2579 1104 2587 1104 2590 1104 2579 1105 2590 1105 2593 1105 2579 1106 2593 1106 2597 1106 2579 1107 2597 1107 2366 1107 2056 1108 1634 1108 2602 1108 2058 1109 2604 1109 2609 1109 2055 1110 2608 1110 2612 1110 2057 1111 2613 1111 2616 1111 2056 1112 2615 1112 2618 1112 2057 1113 2619 1113 2623 1113 2056 1114 2622 1114 2627 1114 2056 1115 2627 1115 2634 1115 2056 1116 2634 1116 2638 1116 2056 1117 2638 1117 2641 1117 2056 1118 2641 1118 2644 1118 2056 1119 2644 1119 2018 1119 2602 1120 1634 1120 1628 1120 2602 1121 1628 1121 2650 1121 2603 1122 2651 1122 2655 1122 2602 1123 2654 1123 2658 1123 2602 1124 2658 1124 2662 1124 2504 1125 2400 1125 2403 1125 2504 1126 2403 1126 2666 1126 2504 1127 2666 1127 2669 1127 2504 1128 2669 1128 2507 1128 2019 1129 2645 1129 2672 1129 2020 1130 2673 1130 2677 1130 2018 1131 2676 1131 2680 1131 2018 1132 2680 1132 2683 1132 2018 1133 2683 1133 2686 1133 2018 1134 2686 1134 2689 1134 2018 1135 2689 1135 2693 1135 2021 1136 2694 1136 2698 1136 2018 1137 2697 1137 2704 1137 2632 1138 2626 1138 2706 1138 2635 1139 2707 1139 2711 1139 2634 1140 2710 1140 2714 1140 2634 1141 2714 1141 2717 1141 2634 1142 2717 1142 2720 1142 2635 1143 2721 1143 2726 1143 2634 1144 2725 1144 2729 1144 2634 1145 2729 1145 2732 1145 2635 1146 2733 1146 2439 1146 2634 1147 2438 1147 2469 1147 2631 1148 2468 1148 2736 1148 2634 1149 2737 1149 2740 1149 2634 1150 2740 1150 2743 1150 2634 1151 2743 1151 2746 1151 2634 1152 2746 1152 2749 1152 2634 1153 2749 1153 2754 1153 2633 1154 2753 1154 2760 1154 2477 1155 2703 1155 2763 1155 2478 1156 2764 1156 2767 1156 2478 1157 2767 1157 2770 1157 2478 1158 2770 1158 2414 1158 2478 1159 2414 1159 2407 1159 2661 1160 2771 1160 2778 1160 2662 1161 2779 1161 2782 1161 2662 1162 2782 1162 2785 1162 2662 1163 2785 1163 2788 1163 2662 1164 2788 1164 2791 1164 2662 1165 2791 1165 2794 1165 2664 1166 2795 1166 2444 1166 2662 1167 2443 1167 2438 1167 2661 1168 2437 1168 2799 1168 2662 1169 2800 1169 2803 1169 2663 1170 2804 1170 2808 1170 2662 1171 2807 1171 2811 1171 2662 1172 2811 1172 2814 1172 2662 1173 2814 1173 2817 1173 2663 1174 2818 1174 2821 1174 2663 1175 2821 1175 2825 1175 2660 1176 2824 1176 2601 1176 2583 1177 2828 1177 2829 1177 2583 1178 2829 1178 2833 1178 2583 1179 2833 1179 2837 1179 2583 1180 2837 1180 2841 1180 2582 1181 2840 1181 2846 1181 1627 1182 2846 1182 2851 1182 1628 1183 2852 1183 2855 1183 1628 1184 2855 1184 2858 1184 1628 1185 2858 1185 2861 1185 1628 1186 2861 1186 2865 1186 1628 1187 2865 1187 2868 1187 1628 1188 2868 1188 2871 1188 1629 1189 2872 1189 2877 1189 1628 1190 2876 1190 2650 1190 1628 1191 2878 1191 2847 1191 2847 1192 2878 1192 2881 1192 2847 1193 2881 1193 2583 1193 2583 1194 2881 1194 2584 1194 2390 1195 2398 1195 2886 1195 2887 1196 2399 1196 2892 1196 2886 1197 2890 1197 2895 1197 2896 1198 2891 1198 2901 1198 2895 1199 2900 1199 2905 1199 2904 1200 2899 1200 2908 1200 2905 1201 2909 1201 2379 1201 2380 1202 2910 1202 2915 1202 2379 1203 2914 1203 2434 1203 2478 1204 2475 1204 2704 1204 2704 1205 2475 1205 2918 1205 2704 1206 2918 1206 2018 1206 2021 1207 2919 1207 2922 1207 2760 1208 2753 1208 2925 1208 2926 1209 2754 1209 2927 1209 2926 1210 2927 1210 2933 1210 2934 1211 2939 1211 2927 1211 2927 1212 2939 1212 2943 1212 2927 1213 2943 1213 2933 1213 2407 1214 2418 1214 2934 1214 2934 1215 2418 1215 2946 1215 2934 1216 2946 1216 2939 1216 2779 1217 2772 1217 2431 1217 2431 1218 2772 1218 2947 1218 2431 1219 2947 1219 2423 1219 2431 1220 2426 1220 2952 1220 2952 1221 2426 1221 2953 1221 2952 1222 2953 1222 2956 1222 2952 1223 2956 1223 2828 1223 2828 1224 2956 1224 2959 1224 2828 1225 2959 1225 2829 1225 2880 1226 1630 1226 2254 1226 2254 1227 1630 1227 1662 1227 2879 1228 2253 1228 2883 1228 2883 1229 2253 1229 2250 1229 2882 1230 2249 1230 2586 1230 2586 1231 2249 1231 2247 1231 2585 1232 2246 1232 2589 1232 2589 1233 2246 1233 2244 1233 2588 1234 2243 1234 2592 1234 2592 1235 2243 1235 2241 1235 2591 1236 2240 1236 2595 1236 2595 1237 2240 1237 2238 1237 2594 1238 2237 1238 2598 1238 2598 1239 2237 1239 2235 1239 2596 1240 2234 1240 2364 1240 2364 1241 2234 1241 2180 1241 2921 1242 2151 1242 2016 1242 2016 1243 2151 1243 2025 1243 2368 1244 2178 1244 2530 1244 2529 1245 2177 1245 2172 1245 2531 1246 2174 1246 2535 1246 2534 1247 2173 1247 2168 1247 2536 1248 2169 1248 2539 1248 2540 1249 2170 1249 2165 1249 2541 1250 2166 1250 2544 1250 2544 1251 2166 1251 2161 1251 2545 1252 2162 1252 2472 1252 2472 1253 2162 1253 2157 1253 2473 1254 2158 1254 2916 1254 2916 1255 2158 1255 2153 1255 2917 1256 2154 1256 2920 1256 2920 1257 2154 1257 2150 1257 2963 1258 1532 1258 2970 1258 2969 1259 1530 1259 1234 1259 2968 1260 1233 1260 1261 1260 1531 1261 2962 1261 1535 1261 1536 1262 2964 1262 2973 1262 1536 1263 2973 1263 1538 1263 1539 1264 2974 1264 2978 1264 1540 1265 2979 1265 1543 1265 2990 1266 2998 1266 3002 1266 2990 1267 3002 1267 3006 1267 2990 1268 3006 1268 3010 1268 2990 1269 3010 1269 3013 1269 2990 1270 3013 1270 3017 1270 2989 1271 3016 1271 3020 1271 2990 1272 3021 1272 3024 1272 2990 1273 3024 1273 3027 1273 2990 1274 3027 1274 3030 1274 2990 1275 3030 1275 1445 1275 2998 1276 1451 1276 3033 1276 2998 1277 3033 1277 3036 1277 2998 1278 3036 1278 3039 1278 2998 1279 3039 1279 3042 1279 2998 1280 3042 1280 3045 1280 2998 1281 3045 1281 3050 1281 2997 1282 3049 1282 3054 1282 2998 1283 3055 1283 3058 1283 2998 1284 3058 1284 3062 1284 2998 1285 3062 1285 3066 1285 2998 1286 3066 1286 3069 1286 2998 1287 3069 1287 3072 1287 2998 1288 3072 1288 3077 1288 2997 1289 3076 1289 3081 1289 2999 1290 3082 1290 3003 1290 1451 1291 3086 1291 3091 1291 1450 1292 3090 1292 3095 1292 1451 1293 3096 1293 3099 1293 1451 1294 3099 1294 3102 1294 1451 1295 3102 1295 3105 1295 1451 1296 3105 1296 3109 1296 1451 1297 3109 1297 3113 1297 1451 1298 3113 1298 3117 1298 1451 1299 3117 1299 3121 1299 1451 1300 3121 1300 3124 1300 1451 1301 3124 1301 3127 1301 1451 1302 3127 1302 3131 1302 1451 1303 3131 1303 3134 1303 1451 1304 3134 1304 3033 1304 1445 1305 3030 1305 3138 1305 1445 1306 3138 1306 3141 1306 1445 1307 3141 1307 3146 1307 1444 1308 3145 1308 3150 1308 1445 1309 3151 1309 3156 1309 1444 1310 3155 1310 3085 1310 1445 1311 3086 1311 1451 1311 1547 1312 1544 1312 3157 1312 3157 1313 1544 1313 2980 1313 3164 1314 1422 1314 3174 1314 3170 1315 1421 1315 1416 1315 3171 1316 1417 1316 3178 1316 1423 1317 3165 1317 1434 1317 1435 1318 3169 1318 3182 1318 1435 1319 3182 1319 1438 1319 1440 1320 3184 1320 2987 1320 1439 1321 2986 1321 1443 1321 1409 1322 1476 1322 1414 1322 1414 1323 1476 1323 3176 1323 3187 1324 1466 1324 3189 1324 3192 1325 1467 1325 1449 1325 3192 1326 1449 1326 2991 1326 1466 1327 3187 1327 1471 1327 1470 1328 3185 1328 3196 1328 1470 1329 3196 1329 1475 1329 1474 1330 3194 1330 1262 1330 1474 1331 1262 1331 1293 1331 1673 1332 3200 1332 1486 1332 1485 1333 3198 1333 3177 1333 1485 1334 3177 1334 1477 1334 3199 1335 1672 1335 3204 1335 3205 1336 1674 1336 1668 1336 3206 1337 1669 1337 3210 1337 3211 1338 1670 1338 1548 1338 3212 1339 1549 1339 3158 1339 3163 1340 3217 1340 3222 1340 3161 1341 3221 1341 3227 1341 3160 1342 3226 1342 3233 1342 3159 1343 3231 1343 3213 1343 3236 1344 3224 1344 3218 1344 3225 1345 3237 1345 3244 1345 3246 1346 3239 1346 3247 1346 3246 1347 3247 1347 3254 1347 3255 1348 3249 1348 2984 1348 3256 1349 2985 1349 3183 1349 3257 1350 3214 1350 3232 1350 3215 1351 3258 1351 3207 1351 3209 1352 3259 1352 3264 1352 3208 1353 3263 1353 3201 1353 3203 1354 3265 1354 3173 1354 3202 1355 3172 1355 3179 1355 3270 1356 3235 1356 3228 1356 3234 1357 3269 1357 3260 1357 3262 1358 3271 1358 3276 1358 3261 1359 3275 1359 3266 1359 3268 1360 3277 1360 3167 1360 3267 1361 3166 1361 3175 1361 3243 1362 3230 1362 3223 1362 3229 1363 3242 1363 3272 1363 3274 1364 3245 1364 3252 1364 3273 1365 3251 1365 3278 1365 3280 1366 3253 1366 3181 1366 3279 1367 3180 1367 3168 1367 3241 1368 3283 1368 3248 1368 3250 1369 3285 1369 2996 1369 3250 1370 2996 1370 2988 1370 3282 1371 3240 1371 3291 1371 3287 1372 3238 1372 3219 1372 3288 1373 3220 1373 3296 1373 3293 1374 3216 1374 3162 1374 3293 1375 3162 1375 2983 1375 2995 1376 3284 1376 3301 1376 2994 1377 3300 1377 3306 1377 2993 1378 3305 1378 3310 1378 2992 1379 3309 1379 3193 1379 3290 1380 3299 1380 3281 1380 3298 1381 3289 1381 3316 1381 3312 1382 3286 1382 3294 1382 3313 1383 3295 1383 3322 1383 3318 1384 3292 1384 2981 1384 3319 1385 2982 1385 2977 1385 3327 1386 3191 1386 3307 1386 3190 1387 3326 1387 3188 1387 3186 1388 3323 1388 3332 1388 3186 1389 3332 1389 3197 1389 3195 1390 3329 1390 2971 1390 3195 1391 2971 1391 1263 1391 3337 1392 3308 1392 3302 1392 3308 1393 3337 1393 3328 1393 3324 1394 3334 1394 3342 1394 3325 1395 3343 1395 3333 1395 3330 1396 3339 1396 2965 1396 3331 1397 2966 1397 2972 1397 3315 1398 3304 1398 3297 1398 3303 1399 3314 1399 3338 1399 3336 1400 3311 1400 3321 1400 3335 1401 3320 1401 3344 1401 3341 1402 3317 1402 2976 1402 3340 1403 2975 1403 2967 1403 3345 1404 3348 1404 3352 1404 3355 1405 3358 1405 3361 1405 3366 1406 3370 1406 3374 1406 3377 1407 3381 1407 3384 1407 3386 1408 3358 1408 3355 1408 3386 1409 3355 1409 3392 1409 3386 1410 3392 1410 3396 1410 3386 1411 3396 1411 3398 1411 3386 1412 3398 1412 3402 1412 3385 1413 3401 1413 3405 1413 3386 1414 3406 1414 3410 1414 3385 1415 3409 1415 3414 1415 3388 1416 3415 1416 3419 1416 3387 1417 3418 1417 3422 1417 3428 1418 3381 1418 3377 1418 3428 1419 3377 1419 3432 1419 3428 1420 3432 1420 3436 1420 3428 1421 3436 1421 3440 1421 3428 1422 3440 1422 3444 1422 3428 1423 3444 1423 3447 1423 3428 1424 3447 1424 3451 1424 3428 1425 3451 1425 3455 1425 3427 1426 3454 1426 3458 1426 3428 1427 3459 1427 3462 1427 3428 1428 3462 1428 3396 1428 3428 1429 3396 1429 3392 1429 3464 1430 3469 1430 3472 1430 3465 1431 3473 1431 3478 1431 3464 1432 3477 1432 3482 1432 3464 1433 3482 1433 3487 1433 3463 1434 3486 1434 3490 1434 3464 1435 3491 1435 3494 1435 3464 1436 3494 1436 3497 1436 3464 1437 3497 1437 3500 1437 3464 1438 3500 1438 3503 1438 3464 1439 3503 1439 3506 1439 3511 1440 3500 1440 3497 1440 3511 1441 3497 1441 3514 1441 3511 1442 3514 1442 3518 1442 3511 1443 3518 1443 3521 1443 3511 1444 3521 1444 3524 1444 3511 1445 3524 1445 3527 1445 3511 1446 3527 1446 3530 1446 3511 1447 3530 1447 3534 1447 3511 1448 3534 1448 3537 1448 3511 1449 3537 1449 3540 1449 3511 1450 3540 1450 3543 1450 3511 1451 3543 1451 3546 1451 3547 1452 3550 1452 3554 1452 3554 1453 3550 1453 3506 1453 3554 1454 3506 1454 3503 1454 3547 1455 3557 1455 3550 1455 3550 1456 3557 1456 3352 1456 3550 1457 3352 1457 3348 1457 3561 1458 3564 1458 3568 1458 3568 1459 3564 1459 3572 1459 3568 1460 3572 1460 3576 1460 3576 1461 3572 1461 3348 1461 3576 1462 3348 1462 3345 1462 3580 1463 3583 1463 3587 1463 3587 1464 3583 1464 3591 1464 3587 1465 3591 1465 3595 1465 3595 1466 3591 1466 3599 1466 3595 1467 3599 1467 3602 1467 3602 1468 3599 1468 3564 1468 3602 1469 3564 1469 3561 1469 3605 1470 3608 1470 3611 1470 3611 1471 3608 1471 3615 1471 3611 1472 3615 1472 3619 1472 3619 1473 3615 1473 3583 1473 3619 1474 3583 1474 3580 1474 3361 1475 3358 1475 3623 1475 3623 1476 3358 1476 3608 1476 3623 1477 3608 1477 3605 1477 3628 1478 3632 1478 3635 1478 3635 1479 3632 1479 3546 1479 3635 1480 3546 1480 3543 1480 3628 1481 3635 1481 3639 1481 3639 1482 3635 1482 3366 1482 3639 1483 3366 1483 3374 1483 3643 1484 3647 1484 3651 1484 3651 1485 3647 1485 3654 1485 3651 1486 3654 1486 3657 1486 3657 1487 3654 1487 3370 1487 3657 1488 3370 1488 3366 1488 3661 1489 3664 1489 3668 1489 3668 1490 3664 1490 3671 1490 3668 1491 3671 1491 3675 1491 3675 1492 3671 1492 3678 1492 3675 1493 3678 1493 3681 1493 3681 1494 3678 1494 3643 1494 3681 1495 3643 1495 3651 1495 3685 1496 3689 1496 3693 1496 3693 1497 3689 1497 3697 1497 3693 1498 3697 1498 3700 1498 3700 1499 3697 1499 3661 1499 3700 1500 3661 1500 3668 1500 3384 1501 3703 1501 3377 1501 3377 1502 3703 1502 3685 1502 3377 1503 3685 1503 3693 1503 3394 1504 3704 1504 3397 1504 3400 1505 3706 1505 3709 1505 3399 1506 3708 1506 3403 1506 3404 1507 3710 1507 3712 1507 3404 1508 3712 1508 3407 1508 3408 1509 3713 1509 3715 1509 3408 1510 3715 1510 3411 1510 3412 1511 3716 1511 3718 1511 3413 1512 3719 1512 3416 1512 3417 1513 3720 1513 3722 1513 3417 1514 3722 1514 3420 1514 3421 1515 3723 1515 3725 1515 3421 1516 3725 1516 3423 1516 3424 1517 3726 1517 3728 1517 3424 1518 3728 1518 3389 1518 3390 1519 3729 1519 3731 1519 3390 1520 3731 1520 3359 1520 3360 1521 3732 1521 3734 1521 3360 1522 3734 1522 3609 1522 3610 1523 3735 1523 3737 1523 3610 1524 3737 1524 3616 1524 3617 1525 3738 1525 3740 1525 3618 1526 3741 1526 3584 1526 3586 1527 3742 1527 3746 1527 3585 1528 3745 1528 3592 1528 3594 1529 3747 1529 3750 1529 3593 1530 3749 1530 3600 1530 3704 1531 3394 1531 3752 1531 3753 1532 3395 1532 3460 1532 3753 1533 3460 1533 3756 1533 3757 1534 3461 1534 3456 1534 3757 1535 3456 1535 3760 1535 3761 1536 3457 1536 3452 1536 3761 1537 3452 1537 3763 1537 3765 1538 3453 1538 3449 1538 3764 1539 3448 1539 3767 1539 3768 1540 3450 1540 3445 1540 3768 1541 3445 1541 3770 1541 3771 1542 3446 1542 3441 1542 3772 1543 3442 1543 3774 1543 3776 1544 3443 1544 3438 1544 3775 1545 3437 1545 3778 1545 3779 1546 3439 1546 3433 1546 3780 1547 3434 1547 3782 1547 3783 1548 3435 1548 3429 1548 3784 1549 3430 1549 3786 1549 3787 1550 3431 1550 3375 1550 3787 1551 3375 1551 3789 1551 3791 1552 3376 1552 3691 1552 3790 1553 3690 1553 3793 1553 3794 1554 3692 1554 3698 1554 3794 1555 3698 1555 3796 1555 3797 1556 3699 1556 3665 1556 3798 1557 3666 1557 3800 1557 3801 1558 3667 1558 3672 1558 3802 1559 3674 1559 3805 1559 3804 1560 3673 1560 3680 1560 3804 1561 3680 1561 3809 1561 3513 1562 3812 1562 3516 1562 3517 1563 3813 1563 3815 1563 3517 1564 3815 1564 3519 1564 3520 1565 3816 1565 3818 1565 3520 1566 3818 1566 3522 1566 3523 1567 3819 1567 3821 1567 3523 1568 3821 1568 3525 1568 3526 1569 3822 1569 3824 1569 3526 1570 3824 1570 3528 1570 3529 1571 3825 1571 3827 1571 3529 1572 3827 1572 3531 1572 3532 1573 3828 1573 3831 1573 3533 1574 3832 1574 3535 1574 3536 1575 3833 1575 3836 1575 3536 1576 3836 1576 3538 1576 3539 1577 3837 1577 3839 1577 3539 1578 3839 1578 3541 1578 3542 1579 3840 1579 3843 1579 3542 1580 3843 1580 3633 1580 3634 1581 3844 1581 3847 1581 3634 1582 3847 1582 3364 1582 3365 1583 3848 1583 3851 1583 3365 1584 3851 1584 3655 1584 3656 1585 3852 1585 3855 1585 3656 1586 3855 1586 3648 1586 3650 1587 3856 1587 3808 1587 3649 1588 3807 1588 3679 1588 3812 1589 3513 1589 3859 1589 3862 1590 3515 1590 3498 1590 3862 1591 3498 1591 3865 1591 3866 1592 3499 1592 3495 1592 3866 1593 3495 1593 3868 1593 3869 1594 3496 1594 3492 1594 3869 1595 3492 1595 3871 1595 3872 1596 3493 1596 3488 1596 3872 1597 3488 1597 3874 1597 3876 1598 3489 1598 3484 1598 3875 1599 3483 1599 3878 1599 3880 1600 3485 1600 3480 1600 3879 1601 3479 1601 3882 1601 3883 1602 3481 1602 3474 1602 3884 1603 3475 1603 3887 1603 3888 1604 3476 1604 3470 1604 3888 1605 3470 1605 3891 1605 3892 1606 3471 1606 3466 1606 3893 1607 3467 1607 3895 1607 3897 1608 3468 1608 3508 1608 3896 1609 3507 1609 3900 1609 3902 1610 3509 1610 3552 1610 3901 1611 3551 1611 3905 1611 3906 1612 3553 1612 3349 1612 3907 1613 3350 1613 3909 1613 3911 1614 3351 1614 3574 1614 3910 1615 3573 1615 3913 1615 3914 1616 3575 1616 3565 1616 3915 1617 3566 1617 3918 1617 3919 1618 3567 1618 3601 1618 3919 1619 3601 1619 3751 1619 3502 1620 3022 1620 3504 1620 3505 1621 3023 1621 3018 1621 3505 1622 3018 1622 3555 1622 3556 1623 3019 1623 3014 1623 3556 1624 3014 1624 3548 1624 3549 1625 3015 1625 3011 1625 3549 1626 3011 1626 3558 1626 3560 1627 3012 1627 3008 1627 3559 1628 3007 1628 3353 1628 3354 1629 3009 1629 3004 1629 3354 1630 3004 1630 3346 1630 3347 1631 3005 1631 3000 1631 3347 1632 3000 1632 3577 1632 3579 1633 3001 1633 3079 1633 3578 1634 3078 1634 3569 1634 3570 1635 3080 1635 3073 1635 3571 1636 3074 1636 3562 1636 3563 1637 3075 1637 3071 1637 3563 1638 3071 1638 3604 1638 3022 1639 3502 1639 3026 1639 3025 1640 3501 1640 3512 1640 3025 1641 3512 1641 3029 1641 3028 1642 3510 1642 3544 1642 3028 1643 3544 1643 3135 1643 3137 1644 3545 1644 3630 1644 3136 1645 3629 1645 3139 1645 3140 1646 3631 1646 3626 1646 3140 1647 3626 1647 3142 1647 3143 1648 3627 1648 3636 1648 3144 1649 3637 1649 3147 1649 3148 1650 3638 1650 3371 1650 3149 1651 3372 1651 3152 1651 3154 1652 3373 1652 3368 1652 3153 1653 3367 1653 3083 1653 3084 1654 3369 1654 3652 1654 3084 1655 3652 1655 3087 1655 3089 1656 3653 1656 3645 1656 3088 1657 3644 1657 3092 1657 3094 1658 3646 1658 3641 1658 3093 1659 3640 1659 3097 1659 3098 1660 3642 1660 3676 1660 3098 1661 3676 1661 3100 1661 3426 1662 3132 1662 3378 1662 3379 1663 3133 1663 3128 1663 3380 1664 3129 1664 3382 1664 3383 1665 3130 1665 3125 1665 3383 1666 3125 1666 3701 1666 3702 1667 3126 1667 3122 1667 3702 1668 3122 1668 3682 1668 3684 1669 3123 1669 3119 1669 3683 1670 3118 1670 3686 1670 3687 1671 3120 1671 3114 1671 3688 1672 3115 1672 3694 1672 3695 1673 3116 1673 3110 1673 3696 1674 3111 1674 3658 1674 3660 1675 3112 1675 3107 1675 3659 1676 3106 1676 3662 1676 3663 1677 3108 1677 3103 1677 3663 1678 3103 1678 3669 1678 3670 1679 3104 1679 3101 1679 3670 1680 3101 1680 3677 1680 3132 1681 3426 1681 3032 1681 3031 1682 3425 1682 3391 1682 3031 1683 3391 1683 3034 1683 3035 1684 3393 1684 3356 1684 3035 1685 3356 1685 3037 1685 3038 1686 3357 1686 3362 1686 3038 1687 3362 1687 3040 1687 3041 1688 3363 1688 3624 1688 3041 1689 3624 1689 3043 1689 3044 1690 3625 1690 3606 1690 3044 1691 3606 1691 3046 1691 3048 1692 3607 1692 3613 1692 3047 1693 3612 1693 3051 1693 3053 1694 3614 1694 3621 1694 3052 1695 3620 1695 3056 1695 3057 1696 3622 1696 3581 1696 3057 1697 3581 1697 3059 1697 3061 1698 3582 1698 3589 1698 3060 1699 3588 1699 3063 1699 3065 1700 3590 1700 3597 1700 3064 1701 3596 1701 3067 1701 3068 1702 3598 1702 3603 1702 3068 1703 3603 1703 3070 1703 1665 1704 2060 1704 1523 1704 1523 1705 2060 1705 2360 1705 1426 1706 1454 1706 3850 1706 1426 1707 3850 1707 3846 1707 1425 1708 3845 1708 3841 1708 1426 1709 3842 1709 3838 1709 1426 1710 3838 1710 3835 1710 1425 1711 3834 1711 3829 1711 1426 1712 3830 1712 3826 1712 1426 1713 3826 1713 3823 1713 1426 1714 3823 1714 3820 1714 1426 1715 3820 1715 3817 1715 1426 1716 3817 1716 3814 1716 1426 1717 3814 1717 3861 1717 1425 1718 3860 1718 3863 1718 1426 1719 3864 1719 3923 1719 1454 1720 3927 1720 3754 1720 1455 1721 3755 1721 3759 1721 1454 1722 3758 1722 3762 1722 1454 1723 3762 1723 3766 1723 1454 1724 3766 1724 3769 1724 1454 1725 3769 1725 3773 1725 1454 1726 3773 1726 3777 1726 1454 1727 3777 1727 3781 1727 1454 1728 3781 1728 3785 1728 1454 1729 3785 1729 3788 1729 1454 1730 3788 1730 3792 1730 1454 1731 3792 1731 3795 1731 1454 1732 3795 1732 3799 1732 1454 1733 3799 1733 3803 1733 1454 1734 3803 1734 3806 1734 1454 1735 3806 1735 3811 1735 1453 1736 3810 1736 3857 1736 1456 1737 3858 1737 3854 1737 1453 1738 3853 1738 3849 1738 3927 1739 3908 1739 3912 1739 3927 1740 3912 1740 3917 1740 3926 1741 3916 1741 3748 1741 3926 1742 3748 1742 3743 1742 3927 1743 3744 1743 3739 1743 3927 1744 3739 1744 3736 1744 3927 1745 3736 1745 3733 1745 3927 1746 3733 1746 3730 1746 3927 1747 3730 1747 3727 1747 3927 1748 3727 1748 3724 1748 3927 1749 3724 1749 3721 1749 3927 1750 3721 1750 3717 1750 3927 1751 3717 1751 3714 1751 3927 1752 3714 1752 3711 1752 3927 1753 3711 1753 3707 1753 3927 1754 3707 1754 3705 1754 3927 1755 3705 1755 3754 1755 3923 1756 3864 1756 3867 1756 3923 1757 3867 1757 3870 1757 3923 1758 3870 1758 3873 1758 3923 1759 3873 1759 3877 1759 3923 1760 3877 1760 3881 1760 3923 1761 3881 1761 3886 1761 3922 1762 3885 1762 3889 1762 3923 1763 3890 1763 3894 1763 3923 1764 3894 1764 3899 1764 3922 1765 3898 1765 3903 1765 3923 1766 3904 1766 3908 1766 3923 1767 3908 1767 3927 1767 169 1768 237 1768 2358 1768 2359 1769 238 1769 1522 1769 2053 1770 2059 1770 1633 1770 1633 1771 2059 1771 1664 1771 1424 1772 3920 1772 1396 1772 1396 1773 3920 1773 2061 1773 3921 1774 3925 1774 2062 1774 2062 1775 3925 1775 2362 1775 3924 1776 1452 1776 2361 1776 2361 1777 1452 1777 1458 1777 3928 1778 3931 1778 3934 1778 3934 1779 3931 1779 3937 1779 3942 1780 3947 1780 3950 1780 3954 1781 3959 1781 3963 1781 3966 1782 3970 1782 3973 1782 3977 1783 3980 1783 3983 1783 3987 1784 3990 1784 3994 1784 3998 1785 4003 1785 4007 1785 3997 1786 4006 1786 4010 1786 3997 1787 4010 1787 4014 1787 3997 1788 4014 1788 4017 1788 3997 1789 4017 1789 4019 1789 3997 1790 4019 1790 4022 1790 3997 1791 4022 1791 4025 1791 3997 1792 4025 1792 4029 1792 4033 1793 4037 1793 4041 1793 4033 1794 4041 1794 3947 1794 4032 1795 3946 1795 3941 1795 4044 1796 4049 1796 4053 1796 4045 1797 4054 1797 4057 1797 4045 1798 4057 1798 4037 1798 4046 1799 4038 1799 4034 1799 4060 1800 4064 1800 4068 1800 4060 1801 4068 1801 4074 1801 4060 1802 4074 1802 4077 1802 4060 1803 4077 1803 4050 1803 4060 1804 4050 1804 4045 1804 4060 1805 4045 1805 4080 1805 4060 1806 4080 1806 4083 1806 4060 1807 4083 1807 4086 1807 4061 1808 4087 1808 4091 1808 4069 1809 4065 1809 4095 1809 4068 1810 4094 1810 4098 1810 4068 1811 4098 1811 4101 1811 4068 1812 4101 1812 4104 1812 4068 1813 4104 1813 4107 1813 4068 1814 4107 1814 4110 1814 4068 1815 4110 1815 4113 1815 4068 1816 4113 1816 4116 1816 4121 1817 4125 1817 4129 1817 4120 1818 4128 1818 4134 1818 4119 1819 4133 1819 4137 1819 4120 1820 4138 1820 4145 1820 4120 1821 4145 1821 4150 1821 4155 1822 4158 1822 4162 1822 4153 1823 4161 1823 4165 1823 4153 1824 4165 1824 4168 1824 4154 1825 4169 1825 4173 1825 4153 1826 4172 1826 4176 1826 4153 1827 4176 1827 4179 1827 4153 1828 4179 1828 4183 1828 4153 1829 4183 1829 4186 1829 4153 1830 4186 1830 4189 1830 4153 1831 4189 1831 4193 1831 4197 1832 4202 1832 4090 1832 4198 1833 4091 1833 4206 1833 4197 1834 4205 1834 4210 1834 4196 1835 4209 1835 4213 1835 4197 1836 4214 1836 4217 1836 4197 1837 4217 1837 4220 1837 4197 1838 4220 1838 4223 1838 4197 1839 4223 1839 4227 1839 4197 1840 4227 1840 4232 1840 4197 1841 4232 1841 4235 1841 4197 1842 4235 1842 4238 1842 4197 1843 4238 1843 4242 1843 4197 1844 4242 1844 4245 1844 4197 1845 4245 1845 4249 1845 4197 1846 4249 1846 4252 1846 4197 1847 4252 1847 4255 1847 4197 1848 4255 1848 4183 1848 4197 1849 4183 1849 4179 1849 4229 1850 4224 1850 4260 1850 4227 1851 4259 1851 4263 1851 4228 1852 4264 1852 4268 1852 4271 1853 4275 1853 4280 1853 4271 1854 4280 1854 4286 1854 4271 1855 4286 1855 4289 1855 4271 1856 4289 1856 4292 1856 4272 1857 4293 1857 4125 1857 4280 1858 4275 1858 4296 1858 4280 1859 4296 1859 4299 1859 4280 1860 4299 1860 4302 1860 4280 1861 4302 1861 4305 1861 4280 1862 4305 1862 4308 1862 4280 1863 4308 1863 4311 1863 4280 1864 4311 1864 4314 1864 4280 1865 4314 1865 3959 1865 4281 1866 3960 1866 3955 1866 4317 1867 4320 1867 4323 1867 4317 1868 4323 1868 4326 1868 4317 1869 4326 1869 4329 1869 4317 1870 4329 1870 3963 1870 4317 1871 3963 1871 3959 1871 4193 1872 4189 1872 4332 1872 4193 1873 4332 1873 4335 1873 4193 1874 4335 1874 4338 1874 4193 1875 4338 1875 4320 1875 4193 1876 4320 1876 4317 1876 4124 1877 4120 1877 4341 1877 4124 1878 4341 1878 4344 1878 4124 1879 4344 1879 4347 1879 4124 1880 4347 1880 4350 1880 4124 1881 4350 1881 4353 1881 4124 1882 4353 1882 4356 1882 4124 1883 4356 1883 4359 1883 4124 1884 4359 1884 4362 1884 4124 1885 4362 1885 4365 1885 4124 1886 4365 1886 4368 1886 4124 1887 4368 1887 4371 1887 4124 1888 4371 1888 4374 1888 4124 1889 4374 1889 4377 1889 4124 1890 4377 1890 4380 1890 4124 1891 4380 1891 4384 1891 4124 1892 4384 1892 4271 1892 4279 1893 4387 1893 4391 1893 4280 1894 4392 1894 4396 1894 4280 1895 4396 1895 4399 1895 4280 1896 4399 1896 4402 1896 4280 1897 4402 1897 4405 1897 4280 1898 4405 1898 4409 1898 4279 1899 4408 1899 4001 1899 4280 1900 4002 1900 3997 1900 4280 1901 3997 1901 4412 1901 4280 1902 4412 1902 4415 1902 4280 1903 4415 1903 4418 1903 4280 1904 4418 1904 4422 1904 4280 1905 4422 1905 4425 1905 4282 1906 4426 1906 4430 1906 4280 1907 4429 1907 4433 1907 4282 1908 4434 1908 4438 1908 4278 1909 4437 1909 4285 1909 4255 1910 4441 1910 4444 1910 4255 1911 4444 1911 4447 1911 4255 1912 4447 1912 4450 1912 4255 1913 4450 1913 4453 1913 4255 1914 4453 1914 4183 1914 4202 1915 4197 1915 4457 1915 4202 1916 4457 1916 4460 1916 4202 1917 4460 1917 4463 1917 4202 1918 4463 1918 4466 1918 4202 1919 4466 1919 4469 1919 4202 1920 4469 1920 4472 1920 4202 1921 4472 1921 4475 1921 4147 1922 4139 1922 4480 1922 4144 1923 4479 1923 4483 1923 4145 1924 4484 1924 4487 1924 4146 1925 4488 1925 4492 1925 4145 1926 4491 1926 4495 1926 4145 1927 4495 1927 4498 1927 4145 1928 4498 1928 4501 1928 4146 1929 4502 1929 4507 1929 4145 1930 4506 1930 3997 1930 4145 1931 3997 1931 4029 1931 4142 1932 4028 1932 4511 1932 4145 1933 4512 1933 4515 1933 4145 1934 4515 1934 4518 1934 4145 1935 4518 1935 4521 1935 4145 1936 4521 1936 4524 1936 4145 1937 4524 1937 4528 1937 4144 1938 4527 1938 4531 1938 4074 1939 4068 1939 4536 1939 4073 1940 4535 1940 4539 1940 4074 1941 4540 1941 4544 1941 4074 1942 4544 1942 3980 1942 4074 1943 3980 1943 3977 1943 4201 1944 4548 1944 4552 1944 4201 1945 4552 1945 4555 1945 4202 1946 4556 1946 4560 1946 4201 1947 4559 1947 4564 1947 4202 1948 4565 1948 4568 1948 4202 1949 4568 1949 4571 1949 4202 1950 4571 1950 4060 1950 4202 1951 4060 1951 4090 1951 4143 1952 3986 1952 3993 1952 4145 1953 3994 1953 4574 1953 4145 1954 4574 1954 4577 1954 4145 1955 4577 1955 4580 1955 4145 1956 4580 1956 4583 1956 4145 1957 4583 1957 4586 1957 4145 1958 4586 1958 4589 1958 4145 1959 4589 1959 4592 1959 4145 1960 4592 1960 4150 1960 4595 1961 3994 1961 3990 1961 4595 1962 3990 1962 4598 1962 4595 1963 4598 1963 4602 1963 4595 1964 4602 1964 4605 1964 4595 1965 4605 1965 4608 1965 4595 1966 4608 1966 4612 1966 4595 1967 4612 1967 4616 1967 4616 1968 4612 1968 4619 1968 4616 1969 4619 1969 4623 1969 4615 1970 4622 1970 4626 1970 4616 1971 4627 1971 4116 1971 4616 1972 4116 1972 4113 1972 3934 1973 3937 1973 4630 1973 4630 1974 3937 1974 4635 1974 4631 1975 4636 1975 4640 1975 4630 1976 4639 1976 3950 1976 3951 1977 4640 1977 4643 1977 3951 1978 4643 1978 3943 1978 4227 1979 4267 1979 4646 1979 4646 1980 4267 1980 4649 1980 4646 1981 4649 1981 3934 1981 3934 1982 4649 1982 4652 1982 3934 1983 4652 1983 3928 1983 4392 1984 4388 1984 3973 1984 3973 1985 4388 1985 4655 1985 3973 1986 4655 1986 3966 1986 3973 1987 3970 1987 4659 1987 4659 1988 3970 1988 4662 1988 4659 1989 4662 1989 4665 1989 4659 1990 4665 1990 4441 1990 4441 1991 4665 1991 4668 1991 4441 1992 4668 1992 4444 1992 4532 1993 4528 1993 4672 1993 4672 1994 4528 1994 4677 1994 4671 1995 4676 1995 4680 1995 4684 1996 4687 1996 4677 1996 4677 1997 4687 1997 4690 1997 4677 1998 4690 1998 4681 1998 3977 1999 3983 1999 4684 1999 4684 2000 3983 2000 4693 2000 4684 2001 4693 2001 4687 2001 2456 2002 4013 2002 2459 2002 2461 2003 4015 2003 4011 2003 2461 2004 4011 2004 2463 2004 2464 2005 4012 2005 4008 2005 2464 2006 4008 2006 2466 2006 2467 2007 4009 2007 4004 2007 2467 2008 4004 2008 2470 2008 2471 2009 4005 2009 4410 2009 2471 2010 4410 2010 2738 2010 2739 2011 4411 2011 4406 2011 2739 2012 4406 2012 2741 2012 2742 2013 4407 2013 4403 2013 2742 2014 4403 2014 2744 2014 2745 2015 4404 2015 4400 2015 2745 2016 4400 2016 2747 2016 2748 2017 4401 2017 4397 2017 2748 2018 4397 2018 2750 2018 2752 2019 4398 2019 4394 2019 2751 2020 4393 2020 2755 2020 2756 2021 4395 2021 3974 2021 2757 2022 3975 2022 2928 2022 2929 2023 3976 2023 4660 2023 2929 2024 4660 2024 2935 2024 4013 2025 2456 2025 4016 2025 4018 2026 2457 2026 2453 2026 4018 2027 2453 2027 4020 2027 4021 2028 2454 2028 2449 2028 4021 2029 2449 2029 4023 2029 4024 2030 2450 2030 2445 2030 4024 2031 2445 2031 4026 2031 4027 2032 2446 2032 2441 2032 4027 2033 2441 2033 4030 2033 4031 2034 2442 2034 2792 2034 4031 2035 2792 2035 4513 2035 4514 2036 2793 2036 2789 2036 4514 2037 2789 2037 4516 2037 4517 2038 2790 2038 2786 2038 4517 2039 2786 2039 4519 2039 4520 2040 2787 2040 2783 2040 4520 2041 2783 2041 4522 2041 4523 2042 2784 2042 2780 2042 4523 2043 2780 2043 4525 2043 4526 2044 2781 2044 2776 2044 4526 2045 2776 2045 4529 2045 4530 2046 2777 2046 2429 2046 4530 2047 2429 2047 4678 2047 4679 2048 2430 2048 2951 2048 4679 2049 2951 2049 4686 2049 2377 2050 4633 2050 2903 2050 2902 2051 4632 2051 3952 2051 2902 2052 3952 2052 2893 2052 2894 2053 3953 2053 3948 2053 2894 2054 3948 2054 2884 2054 2885 2055 3949 2055 4042 2055 2885 2056 4042 2056 2388 2056 2389 2057 4043 2057 4039 2057 2389 2058 4039 2058 2391 2058 2392 2059 4040 2059 4058 2059 2392 2060 4058 2060 2565 2060 2566 2061 4059 2061 4055 2061 2566 2062 4055 2062 2569 2062 2570 2063 4056 2063 4051 2063 2570 2064 4051 2064 2573 2064 2574 2065 4052 2065 4078 2065 2574 2066 4078 2066 2577 2066 2578 2067 4079 2067 4075 2067 2578 2068 4075 2068 2580 2068 2581 2069 4076 2069 3978 2069 2581 2070 3978 2070 2826 2070 2827 2071 3979 2071 4685 2071 2827 2072 4685 2072 2950 2072 4634 2073 2378 2073 3935 2073 3936 2074 2381 2074 2401 2074 3936 2075 2401 2075 4647 2075 4648 2076 2402 2076 2505 2076 4648 2077 2505 2077 4230 2077 4231 2078 2506 2078 2502 2078 4231 2079 2502 2079 4233 2079 4234 2080 2503 2080 2499 2080 4234 2081 2499 2081 4236 2081 4237 2082 2500 2082 2496 2082 4237 2083 2496 2083 4239 2083 4241 2084 2497 2084 2493 2084 4240 2085 2492 2085 4243 2085 4244 2086 2494 2086 2489 2086 4244 2087 2489 2087 4246 2087 4248 2088 2490 2088 2486 2088 4247 2089 2485 2089 4250 2089 4251 2090 2487 2090 2482 2090 4251 2091 2482 2091 4253 2091 4254 2092 2483 2092 2479 2092 4254 2093 2479 2093 4256 2093 4257 2094 2480 2094 2408 2094 4258 2095 2409 2095 4442 2095 4443 2096 2410 2096 2936 2096 4443 2097 2936 2097 4661 2097 2702 2098 4455 2098 2761 2098 2762 2099 4456 2099 4451 2099 2762 2100 4451 2100 2765 2100 2766 2101 4452 2101 4448 2101 2766 2102 4448 2102 2768 2102 2769 2103 4449 2103 4445 2103 2769 2104 4445 2104 2411 2104 2412 2105 4446 2105 4669 2105 2412 2106 4669 2106 2415 2106 2416 2107 4670 2107 4666 2107 2416 2108 4666 2108 2944 2108 4454 2109 2701 2109 4184 2109 4185 2110 2705 2110 2699 2110 4185 2111 2699 2111 4187 2111 4188 2112 2700 2112 2695 2112 4188 2113 2695 2113 4190 2113 4191 2114 2696 2114 2690 2114 4192 2115 2691 2115 4333 2115 4334 2116 2692 2116 2687 2116 4334 2117 2687 2117 4336 2117 4337 2118 2688 2118 2684 2118 4337 2119 2684 2119 4339 2119 4340 2120 2685 2120 2682 2120 4340 2121 2682 2121 4322 2121 2637 2122 3957 2122 2639 2122 2640 2123 3958 2123 3964 2123 2640 2124 3964 2124 2642 2124 2643 2125 3965 2125 4330 2125 2643 2126 4330 2126 2646 2126 2647 2127 4331 2127 4327 2127 2647 2128 4327 2128 2674 2128 2675 2129 4328 2129 4324 2129 2675 2130 4324 2130 2678 2130 2679 2131 4325 2131 4321 2131 2679 2132 4321 2132 2681 2132 3956 2133 2636 2133 4284 2133 4283 2134 2630 2134 2758 2134 4283 2135 2758 2135 4389 2135 4390 2136 2759 2136 2923 2136 4390 2137 2923 2137 4656 2137 4658 2138 2924 2138 2931 2138 4657 2139 2930 2139 3967 2139 3969 2140 2932 2140 2941 2140 3968 2141 2940 2141 3971 2141 3972 2142 2942 2142 2937 2142 3972 2143 2937 2143 4663 2143 4664 2144 2938 2144 2945 2144 4664 2145 2945 2145 4667 2145 2845 2146 4117 2146 2849 2146 2850 2147 4118 2147 4628 2147 2850 2148 4628 2148 2853 2148 2854 2149 4629 2149 4624 2149 2854 2150 4624 2150 2856 2150 2857 2151 4625 2151 4620 2151 2857 2152 4620 2152 2859 2152 2860 2153 4621 2153 4613 2153 2860 2154 4613 2154 2862 2154 2864 2155 4614 2155 4610 2155 2863 2156 4609 2156 2866 2156 4117 2157 2845 2157 4070 2157 4071 2158 2848 2158 2842 2158 4072 2159 2843 2159 4537 2159 4538 2160 2844 2160 2838 2160 4538 2161 2838 2161 4541 2161 4543 2162 2839 2162 2835 2162 4542 2163 2834 2163 4545 2163 4546 2164 2836 2164 2830 2164 4547 2165 2831 2165 3981 2165 3982 2166 2832 2166 2960 2166 3982 2167 2960 2167 3984 2167 3985 2168 2961 2168 2958 2168 3985 2169 2958 2169 4695 2169 2665 2170 4533 2170 2773 2170 2774 2171 4534 2171 4673 2171 2775 2172 4674 2172 2948 2172 2949 2173 4675 2173 4682 2173 2949 2174 4682 2174 2424 2174 2425 2175 4683 2175 4691 2175 2425 2176 4691 2176 2427 2176 2428 2177 4692 2177 4688 2177 2428 2178 4688 2178 2954 2178 2955 2179 4689 2179 4694 2179 2955 2180 4694 2180 2957 2180 4533 2181 2665 2181 4149 2181 4148 2182 2659 2182 2656 2182 4148 2183 2656 2183 3988 2183 3989 2184 2657 2184 2652 2184 3989 2185 2652 2185 3991 2185 3992 2186 2653 2186 2648 2186 3992 2187 2648 2187 4599 2187 4601 2188 2649 2188 2874 2188 4600 2189 2873 2189 4603 2189 4604 2190 2875 2190 2869 2190 4604 2191 2869 2191 4606 2191 4607 2192 2870 2192 2867 2192 4607 2193 2867 2193 4611 2193 2816 2194 4486 2194 2820 2194 2819 2195 4485 2195 4482 2195 2819 2196 4482 2196 2823 2196 2822 2197 4481 2197 4141 2197 2822 2198 4141 2198 2600 2198 2599 2199 4140 2199 4136 2199 2599 2200 4136 2200 2607 2200 2606 2201 4135 2201 4132 2201 2605 2202 4131 2202 2611 2202 2610 2203 4130 2203 4126 2203 2610 2204 4126 2204 2614 2204 4486 2205 2816 2205 4490 2205 4489 2206 2815 2206 2813 2206 4489 2207 2813 2207 4494 2207 4493 2208 2812 2208 2810 2208 4493 2209 2810 2209 4497 2209 4496 2210 2809 2210 2806 2210 4496 2211 2806 2211 4500 2211 4499 2212 2805 2212 2802 2212 4499 2213 2802 2213 4505 2213 4504 2214 2801 2214 2798 2214 4503 2215 2797 2215 4510 2215 4508 2216 2796 2216 2435 2216 4509 2217 2436 2217 3999 2217 2716 2218 4428 2218 2719 2218 2718 2219 4427 2219 4424 2219 2718 2220 4424 2220 2724 2220 2722 2221 4423 2221 4420 2221 2723 2222 4421 2222 2728 2222 2727 2223 4419 2223 4417 2223 2727 2224 4417 2224 2731 2224 2730 2225 4416 2225 4414 2225 2730 2226 4414 2226 2735 2226 2734 2227 4413 2227 4000 2227 2734 2228 4000 2228 2440 2228 4428 2229 2716 2229 4432 2229 4431 2230 2715 2230 2713 2230 4431 2231 2713 2231 4436 2231 4435 2232 2712 2232 2709 2232 4435 2233 2709 2233 4440 2233 4439 2234 2708 2234 2629 2234 4439 2235 2629 2235 4288 2235 4287 2236 2628 2236 2625 2236 4287 2237 2625 2237 4291 2237 4290 2238 2624 2238 2621 2238 4290 2239 2621 2239 4295 2239 4294 2240 2620 2240 2617 2240 4294 2241 2617 2241 4127 2241 2509 2242 4222 2242 2512 2242 2511 2243 4221 2243 4219 2243 2511 2244 4219 2244 2515 2244 2514 2245 4218 2245 4216 2245 2514 2246 4216 2246 2518 2246 2517 2247 4215 2247 4212 2247 2517 2248 4212 2248 2521 2248 2520 2249 4211 2249 4208 2249 2520 2250 4208 2250 2524 2250 2523 2251 4207 2251 4093 2251 2523 2252 4093 2252 2528 2252 4222 2253 2509 2253 4226 2253 4225 2254 2508 2254 2671 2254 4225 2255 2671 2255 4262 2255 4261 2256 2670 2256 2668 2256 4261 2257 2668 2257 4266 2257 4265 2258 2667 2258 2405 2258 4265 2259 2405 2259 4270 2259 4269 2260 2404 2260 2422 2260 4269 2261 2422 2261 4651 2261 4650 2262 2421 2262 2387 2262 4650 2263 2387 2263 4654 2263 4653 2264 2386 2264 2376 2264 4653 2265 2376 2265 3930 2265 2889 2266 4645 2266 2898 2266 2897 2267 4644 2267 4642 2267 2897 2268 4642 2268 2907 2268 2906 2269 4641 2269 4638 2269 2906 2270 4638 2270 2913 2270 2912 2271 4637 2271 3940 2271 2911 2272 3939 2272 2433 2272 2432 2273 3938 2273 3933 2273 2432 2274 3933 2274 2383 2274 2382 2275 3932 2275 3929 2275 2382 2276 3929 2276 2373 2276 4645 2277 2889 2277 3945 2277 3944 2278 2888 2278 2396 2278 3944 2279 2396 2279 4036 2279 4035 2280 2395 2280 2560 2280 4035 2281 2560 2281 4048 2281 4047 2282 2559 2282 2556 2282 4047 2283 2556 2283 4082 2283 4081 2284 2555 2284 2552 2284 4081 2285 2552 2285 4085 2285 4084 2286 2551 2286 2548 2286 4084 2287 2548 2287 4089 2287 4088 2288 2547 2288 2525 2288 4088 2289 2525 2289 4092 2289 4203 2290 2357 2290 4551 2290 4549 2291 2356 2291 2351 2291 4550 2292 2352 2292 4553 2292 4554 2293 2353 2293 2348 2293 4554 2294 2348 2294 4557 2294 4558 2295 2349 2295 2345 2295 4558 2296 2345 2296 4561 2296 4562 2297 2346 2297 2341 2297 4563 2298 2342 2298 4566 2298 4567 2299 2343 2299 2338 2299 4567 2300 2338 2300 4569 2300 4570 2301 2339 2301 2335 2301 4570 2302 2335 2302 4572 2302 4573 2303 2336 2303 2332 2303 4573 2304 2332 2304 4062 2304 4063 2305 2333 2305 2329 2305 4063 2306 2329 2306 4066 2306 4067 2307 2330 2307 2326 2307 4067 2308 2326 2308 4096 2308 4097 2309 2327 2309 2323 2309 4097 2310 2323 2310 4099 2310 4100 2311 2324 2311 2320 2311 4100 2312 2320 2312 4102 2312 4103 2313 2321 2313 2317 2313 4103 2314 2317 2314 4105 2314 4106 2315 2318 2315 2314 2315 4106 2316 2314 2316 4108 2316 4109 2317 2315 2317 2311 2317 4109 2318 2311 2318 4111 2318 4112 2319 2312 2319 2308 2319 4112 2320 2308 2320 4114 2320 4115 2321 2309 2321 2305 2321 4115 2322 2305 2322 4617 2322 4618 2323 2306 2323 2302 2323 4618 2324 2302 2324 4596 2324 2357 2325 4203 2325 2184 2325 2186 2326 4204 2326 4477 2326 2185 2327 4476 2327 2189 2327 2190 2328 4478 2328 4473 2328 2190 2329 4473 2329 2192 2329 2193 2330 4474 2330 4470 2330 2193 2331 4470 2331 2195 2331 2196 2332 4471 2332 4467 2332 2196 2333 4467 2333 2198 2333 2199 2334 4468 2334 4464 2334 2199 2335 4464 2335 2201 2335 2202 2336 4465 2336 4461 2336 2202 2337 4461 2337 2204 2337 2205 2338 4462 2338 4458 2338 2205 2339 4458 2339 2207 2339 2208 2340 4459 2340 4199 2340 2208 2341 4199 2341 2210 2341 2211 2342 4200 2342 4180 2342 2212 2343 4181 2343 2214 2343 2215 2344 4182 2344 4177 2344 2215 2345 4177 2345 2217 2345 2218 2346 4178 2346 4174 2346 2218 2347 4174 2347 2220 2347 2221 2348 4175 2348 4170 2348 2221 2349 4170 2349 2223 2349 2224 2350 4171 2350 4166 2350 2224 2351 4166 2351 2227 2351 2228 2352 4167 2352 4163 2352 2228 2353 4163 2353 2231 2353 2232 2354 4164 2354 4159 2354 2232 2355 4159 2355 2256 2355 2257 2356 4160 2356 4156 2356 2257 2357 4156 2357 2259 2357 2260 2358 4157 2358 4194 2358 2260 2359 4194 2359 2262 2359 2263 2360 4195 2360 4319 2360 2263 2361 4319 2361 2266 2361 4363 2362 2100 2362 4366 2362 4367 2363 2101 2363 2097 2363 4367 2364 2097 2364 4369 2364 4370 2365 2098 2365 2094 2365 4370 2366 2094 2366 4372 2366 4373 2367 2095 2367 2091 2367 4373 2368 2091 2368 4375 2368 4376 2369 2092 2369 2088 2369 4376 2370 2088 2370 4378 2370 4379 2371 2089 2371 2085 2371 4379 2372 2085 2372 4381 2372 4382 2373 2086 2373 2081 2373 4383 2374 2082 2374 4385 2374 4386 2375 2083 2375 2078 2375 4386 2376 2078 2376 4273 2376 4274 2377 2079 2377 2075 2377 4274 2378 2075 2378 4276 2378 4277 2379 2076 2379 2072 2379 4277 2380 2072 2380 4297 2380 4298 2381 2073 2381 2069 2381 4298 2382 2069 2382 4300 2382 4301 2383 2070 2383 2066 2383 4301 2384 2066 2384 4303 2384 4304 2385 2067 2385 2283 2385 4304 2386 2283 2386 4306 2386 4307 2387 2284 2387 2279 2387 4307 2388 2279 2388 4309 2388 4310 2389 2280 2389 2276 2389 4310 2390 2276 2390 4312 2390 4313 2391 2277 2391 2272 2391 4313 2392 2272 2392 4315 2392 4316 2393 2273 2393 2268 2393 4316 2394 2268 2394 3961 2394 3962 2395 2269 2395 2265 2395 3962 2396 2265 2396 4318 2396 2100 2397 4363 2397 2103 2397 2104 2398 4364 2398 4360 2398 2104 2399 4360 2399 2106 2399 2107 2400 4361 2400 4357 2400 2107 2401 4357 2401 2109 2401 2110 2402 4358 2402 4354 2402 2110 2403 4354 2403 2112 2403 2113 2404 4355 2404 4351 2404 2113 2405 4351 2405 2115 2405 2116 2406 4352 2406 4348 2406 2116 2407 4348 2407 2118 2407 2119 2408 4349 2408 4345 2408 2119 2409 4345 2409 2121 2409 2122 2410 4346 2410 4342 2410 2122 2411 4342 2411 2124 2411 2125 2412 4343 2412 4122 2412 2125 2413 4122 2413 2127 2413 2128 2414 4123 2414 4151 2414 2128 2415 4151 2415 2130 2415 2131 2416 4152 2416 4593 2416 2131 2417 4593 2417 2134 2417 2135 2418 4594 2418 4590 2418 2135 2419 4590 2419 2138 2419 2139 2420 4591 2420 4587 2420 2139 2421 4587 2421 2143 2421 2144 2422 4588 2422 4584 2422 2144 2423 4584 2423 2287 2423 2288 2424 4585 2424 4581 2424 2288 2425 4581 2425 2290 2425 2291 2426 4582 2426 4578 2426 2291 2427 4578 2427 2293 2427 2294 2428 4579 2428 4575 2428 2294 2429 4575 2429 2296 2429 2297 2430 4576 2430 3995 2430 2297 2431 3995 2431 2299 2431 2300 2432 3996 2432 4597 2432 2300 2433 4597 2433 2303 2433 4696 2434 1561 2434 4699 2434 4700 2435 1562 2435 1912 2435 4700 2436 1912 2436 4702 2436 4703 2437 1913 2437 1904 2437 4704 2438 1905 2438 4706 2438 4708 2439 1906 2439 1898 2439 4707 2440 1897 2440 4710 2440 4712 2441 1899 2441 1890 2441 4711 2442 1889 2442 4714 2442 4715 2443 1891 2443 1882 2443 4715 2444 1882 2444 4717 2444 4718 2445 1883 2445 1877 2445 4718 2446 1877 2446 4722 2446 1561 2447 4696 2447 1565 2447 1566 2448 4697 2448 4724 2448 1566 2449 4724 2449 1704 2449 1705 2450 4725 2450 4727 2450 1706 2451 4728 2451 1709 2451 1711 2452 4729 2452 4732 2452 1710 2453 4731 2453 1713 2453 1714 2454 4733 2454 4735 2454 1715 2455 4736 2455 1717 2455 1718 2456 4737 2457 4739 2458 1718 2456 4739 2458 1489 2459 1490 2460 4740 2460 4742 2460 1490 2461 4742 2461 1492 2461 1493 2462 4743 2462 4745 2462 1494 2463 4746 2463 1496 2463 4750 2464 1518 2464 4752 2464 4753 2465 1519 2465 1514 2465 4753 2466 1514 2466 4755 2466 4757 2467 1515 2467 1511 2467 4756 2468 1510 2468 4759 2468 4761 2469 1512 2469 1507 2469 4760 2470 1506 2470 4763 2470 4764 2471 1508 2471 1503 2471 4764 2472 1503 2472 4766 2472 4767 2473 1504 2473 1499 2473 4768 2474 1500 2474 4770 2474 4771 2475 1501 2475 1497 2475 4771 2476 1497 2476 4747 2476 1518 2477 4750 2477 1527 2477 1526 2478 4749 2478 4773 2478 1526 2479 4773 2479 1832 2479 1833 2480 4774 2480 4776 2480 1833 2481 4776 2481 1840 2481 1841 2482 4777 2482 4779 2482 1841 2483 4779 2483 1847 2483 1848 2484 4780 2484 4782 2484 1849 2485 4783 2485 1854 2485 1856 2486 4784 2486 4787 2486 1855 2487 4786 2487 1862 2487 1863 2488 4788 2488 4790 2488 1863 2489 4790 2489 1868 2489 1869 2490 4791 2490 4720 2490 1870 2491 4721 2491 1876 2491 4795 2492 1828 2492 4797 2492 4798 2493 1829 2493 1836 2493 4798 2494 1836 2494 4801 2494 4802 2495 1837 2495 1844 2495 4802 2496 1844 2496 4804 2496 4805 2497 1845 2497 1851 2497 4805 2498 1851 2498 4807 2498 4808 2499 1852 2499 1858 2499 4809 2500 1859 2500 4811 2500 4812 2501 1860 2501 1865 2501 4812 2502 1865 2502 4814 2502 4815 2503 1866 2503 1873 2503 4816 2504 1874 2504 4819 2504 1827 2505 4794 2505 1614 2505 1613 2506 4793 2506 4821 2506 1613 2507 4821 2507 1618 2507 1619 2508 4822 2508 4825 2508 1620 2509 4826 2509 1623 2509 1624 2510 4827 2510 4830 2510 1624 2511 4830 2511 1569 2511 1570 2512 4831 2512 4833 2512 1570 2513 4833 2513 1573 2513 1574 2514 4834 2514 4836 2514 1575 2515 4837 2515 1578 2515 1579 2516 4838 2516 4840 2516 1580 2517 4841 2517 1582 2517 1583 2518 4842 2518 4844 2518 1583 2519 4844 2519 1586 2519 4847 2520 1609 2520 4850 2520 4851 2521 1610 2521 1606 2521 4851 2522 1606 2522 4854 2522 4856 2523 1607 2523 1603 2523 4855 2524 1602 2524 4858 2524 4860 2525 1604 2525 1599 2525 4859 2526 1598 2526 4862 2526 4864 2527 1600 2527 1595 2527 4863 2528 1594 2528 4866 2528 4868 2529 1596 2529 1591 2529 4867 2530 1590 2530 4870 2530 4871 2531 1592 2531 1587 2531 4871 2532 1587 2532 4845 2532 1609 2533 4847 2533 1551 2533 1552 2534 4848 2534 4873 2534 1552 2535 4873 2535 1557 2535 1558 2536 4874 2536 4877 2536 1558 2537 4877 2537 1908 2537 1909 2538 4878 2538 4880 2538 1910 2539 4881 2539 1901 2539 1902 2540 4882 2540 4884 2540 1902 2541 4884 2541 1893 2541 1894 2542 4885 2542 4887 2542 1895 2543 4888 2543 1885 2543 1887 2544 4889 2544 4892 2544 1886 2545 4891 2545 1879 2545 1880 2546 4893 2546 4818 2546 1880 2547 4818 2547 1872 2547 4896 2548 1769 2548 4898 2548 4899 2549 1770 2549 1915 2549 4899 2550 1915 2550 4901 2550 4903 2551 1916 2551 1926 2551 4902 2552 1925 2552 4905 2552 4906 2553 1927 2553 1935 2553 4907 2554 1936 2554 4909 2554 4910 2555 1937 2555 1943 2555 4910 2556 1943 2556 4912 2556 4913 2557 1944 2557 1950 2557 4914 2558 1951 2558 4916 2558 4918 2559 1952 2559 1960 2559 4917 2560 1959 2560 4922 2560 1769 2561 4896 2561 1721 2561 1720 2562 4895 2562 4924 2562 1720 2563 4924 2563 1726 2563 1727 2564 4925 2564 4927 2564 1727 2565 4927 2565 1818 2565 1819 2566 4928 2566 4930 2566 1820 2567 4931 2567 1823 2567 1824 2568 4932 2568 4934 2568 1825 2569 4935 2569 1773 2569 1775 2570 4936 2570 4939 2570 1774 2571 4938 2571 1778 2571 1779 2572 4940 2572 4942 2572 1780 2573 4943 2573 1783 2573 1784 2574 4944 2574 4946 2574 1784 2575 4946 2575 1786 2575 4949 2576 1809 2576 4952 2576 4954 2577 1810 2577 1805 2577 4953 2578 1804 2578 4956 2578 4957 2579 1806 2579 1800 2579 4957 2580 1800 2580 4959 2580 4960 2581 1801 2581 1797 2581 4960 2582 1797 2582 4962 2582 4963 2583 1798 2583 1793 2583 4964 2584 1794 2584 4966 2584 4967 2585 1795 2585 1790 2585 4967 2586 1790 2586 4969 2586 4970 2587 1791 2587 1787 2587 4970 2588 1787 2588 4947 2588 1809 2589 4949 2589 1813 2589 1814 2590 4950 2590 4972 2590 1814 2591 4972 2591 2001 2591 2003 2592 4973 2592 4976 2592 2002 2593 4975 2593 1995 2593 1996 2594 4977 2594 4979 2594 1996 2595 4979 2595 1988 2595 1989 2596 4980 2596 4982 2596 1990 2597 4983 2597 1980 2597 1982 2598 4984 2598 4987 2598 1981 2599 4986 2599 1974 2599 1975 2600 4988 2600 4990 2600 1975 2601 4990 2601 1966 2601 1967 2602 4991 2602 4920 2602 1968 2603 4921 2603 1958 2603 4993 2604 2006 2604 4996 2604 4997 2605 2007 2605 1998 2605 4997 2606 1998 2606 4999 2606 5000 2607 1999 2607 1992 2607 5000 2608 1992 2608 5002 2608 5004 2609 1993 2609 1985 2609 5003 2610 1984 2610 5006 2610 5007 2611 1986 2611 1977 2611 5007 2612 1977 2612 5009 2612 5011 2613 1978 2613 1971 2613 5010 2614 1970 2614 5013 2614 5014 2615 1972 2615 1963 2615 5015 2616 1964 2616 5019 2616 2006 2617 4993 2617 1480 2617 1482 2618 4994 2618 5022 2618 1481 2619 5021 2619 1676 2619 1677 2620 5023 2620 5025 2620 1677 2621 5025 2621 1680 2621 1681 2622 5026 2622 5028 2622 1682 2623 5029 2623 1684 2623 1685 2624 5030 2624 5032 2624 1685 2625 5032 2625 1687 2625 1688 2626 5033 2626 5035 2626 1689 2627 5036 2627 1691 2627 1692 2628 5037 2628 5039 2628 1692 2629 5039 2629 1694 2629 1695 2630 5040 2630 5042 2630 1695 2631 5042 2631 1697 2631 5046 2632 1651 2632 5048 2632 5049 2633 1652 2633 1648 2633 5049 2634 1648 2634 5051 2634 5052 2635 1649 2635 1644 2635 5053 2636 1645 2636 5055 2636 5056 2637 1646 2637 1640 2637 5057 2638 1641 2638 5059 2638 5060 2639 1642 2639 1636 2639 5061 2640 1637 2640 5063 2640 5064 2641 1638 2641 1700 2641 5065 2642 1701 2642 5067 2642 5068 2643 1702 2643 1698 2643 5068 2644 1698 2644 5043 2644 1651 2645 5046 2645 1657 2645 1655 2646 5045 2646 5070 2646 1656 2647 5071 2647 1763 2647 1765 2648 5072 2648 5075 2648 1764 2649 5074 2649 1919 2649 1920 2650 5076 2650 5078 2650 1921 2651 5079 2651 1930 2651 1931 2652 5080 2652 5082 2652 1932 2653 5083 2653 1939 2653 1940 2654 5084 2654 5086 2654 1941 2655 5087 2655 1946 2655 1948 2656 5088 2656 5091 2656 1947 2657 5090 2657 1954 2657 1956 2658 5092 2658 5018 2658 1955 2659 5017 2659 1962 2659 4754 2660 4775 2660 4751 2660 4775 2661 4754 2661 4778 2661 4778 2662 4754 2662 4758 2662 4778 2663 4758 2663 4781 2663 4781 2664 4758 2664 4762 2664 4781 2665 4762 2665 4785 2665 4785 2666 4762 2666 4765 2666 4785 2667 4765 2667 4789 2667 4789 2668 4765 2668 4769 2668 4789 2669 4769 2669 4792 2669 4792 2670 4769 2670 4772 2670 4792 2671 4772 2671 4723 2671 4723 2672 4772 2672 4748 2672 4723 2673 4748 2673 4719 2673 4719 2674 4748 2674 4744 2674 4719 2675 4744 2675 4716 2675 4716 2676 4744 2676 4741 2676 4716 2677 4741 2677 4713 2677 4713 2678 4741 2678 4738 2678 4713 2679 4738 2679 4709 2679 4709 2680 4738 2680 4734 2680 4709 2681 4734 2681 4705 2681 4705 2682 4734 2682 4730 2682 4705 2683 4730 2683 4701 2683 4701 2684 4730 2684 4726 2684 4701 2685 4726 2685 4698 2685 4800 2686 4824 2686 4796 2686 4823 2687 4799 2687 4828 2687 4829 2688 4800 2688 4803 2688 4829 2689 4803 2689 4832 2689 4832 2690 4803 2690 4806 2690 4832 2691 4806 2691 4835 2691 4835 2692 4806 2692 4810 2692 4835 2693 4810 2693 4839 2693 4839 2694 4810 2694 4813 2694 4839 2695 4813 2695 4843 2695 4843 2696 4813 2696 4817 2696 4843 2697 4817 2697 4846 2697 4846 2698 4817 2698 4820 2698 4846 2699 4820 2699 4872 2699 4872 2700 4820 2700 4894 2700 4872 2701 4894 2701 4869 2701 4869 2702 4894 2702 4890 2702 4869 2703 4890 2703 4865 2703 4865 2704 4890 2704 4886 2704 4865 2705 4886 2705 4861 2705 4861 2706 4886 2706 4883 2706 4861 2707 4883 2707 4857 2707 4857 2708 4883 2708 4879 2708 4857 2709 4879 2709 4853 2709 4853 2710 4879 2710 4876 2710 4852 2711 4875 2711 4849 2711 4900 2712 4926 2712 4897 2712 4926 2713 4900 2713 4929 2713 4929 2714 4900 2714 4904 2714 4929 2715 4904 2715 4933 2715 4933 2716 4904 2716 4908 2716 4933 2717 4908 2717 4937 2717 4937 2718 4908 2718 4911 2718 4937 2719 4911 2719 4941 2719 4941 2720 4911 2720 4915 2720 4941 2721 4915 2721 4945 2721 4945 2722 4915 2722 4919 2722 4945 2723 4919 2723 4948 2723 4948 2724 4919 2724 4923 2724 4948 2725 4923 2725 4971 2725 4971 2726 4923 2726 4992 2726 4971 2727 4992 2727 4968 2727 4968 2728 4992 2728 4989 2728 4968 2729 4989 2729 4965 2729 4965 2730 4989 2730 4985 2730 4965 2731 4985 2731 4961 2731 4961 2732 4985 2732 4981 2732 4961 2733 4981 2733 4958 2733 4958 2734 4981 2734 4978 2734 4958 2735 4978 2735 4955 2735 4955 2736 4978 2736 4974 2736 4955 2737 4974 2737 4951 2737 5050 2738 5073 2738 5047 2738 5073 2739 5050 2739 5077 2739 5077 2740 5050 2740 5054 2740 5077 2741 5054 2741 5081 2741 5081 2742 5054 2742 5058 2742 5081 2743 5058 2743 5085 2743 5085 2744 5058 2744 5062 2744 5085 2745 5062 2745 5089 2745 5089 2746 5062 2746 5066 2746 5089 2747 5066 2747 5093 2747 5093 2748 5066 2748 5069 2748 5093 2749 5069 2749 5020 2749 5020 2750 5069 2750 5044 2750 5020 2751 5044 2751 5016 2751 5016 2752 5044 2752 5041 2752 5016 2753 5041 2753 5012 2753 5012 2754 5041 2754 5038 2754 5012 2755 5038 2755 5008 2755 5008 2756 5038 2756 5034 2756 5008 2757 5034 2757 5005 2757 5005 2758 5034 2758 5031 2758 5005 2759 5031 2759 5001 2759 5001 2760 5031 2760 5027 2760 5001 2761 5027 2761 4998 2761 4998 2762 5027 2762 5024 2762 4998 2763 5024 2763 4995 2763 603 2764 166 2764 1115 2764 1116 2765 167 2765 163 2765 1116 2766 163 2766 1050 2766 1051 2767 164 2767 160 2767 1051 2768 160 2768 1053 2768 1054 2769 161 2769 4 2769 1054 2770 4 2770 691 2770 692 2771 5 2771 201 2771 692 2772 201 2772 694 2772 695 2773 202 2773 398 2773 695 2774 398 2774 938 2774 939 2775 399 2775 498 2775 939 2776 498 2776 1090 2776 1091 2777 499 2777 492 2777 1091 2778 492 2778 1096 2778 1097 2779 493 2779 486 2779 1097 2780 486 2780 1102 2780 166 2781 603 2781 36 2781 35 2782 600 2782 1177 2782 35 2783 1177 2783 272 2783 273 2784 1178 2784 1059 2784 273 2785 1059 2785 275 2785 276 2786 1060 2786 1067 2786 276 2787 1067 2787 278 2787 279 2788 1068 2788 1071 2788 279 2789 1071 2789 98 2789 99 2790 1072 2790 1074 2790 99 2791 1074 2791 101 2791 102 2792 1075 2792 1162 2792 103 2793 1163 2793 542 2793 543 2794 1164 2794 1141 2794 543 2795 1141 2795 533 2795 534 2796 1142 2797 1147 2798 534 2796 1147 2798 527 2799 528 2800 1148 2800 1154 2800 528 2801 1154 2801 522 2801 576 2802 55 2802 615 2802 616 2803 56 2803 418 2803 616 2804 418 2804 978 2804 980 2805 419 2805 415 2805 979 2806 414 2806 983 2806 984 2807 416 2807 411 2807 984 2808 411 2808 986 2808 987 2809 412 2809 408 2809 987 2810 408 2810 989 2810 990 2811 409 2811 405 2811 990 2812 405 2812 992 2812 993 2813 406 2813 511 2813 993 2814 511 2814 1125 2814 1126 2815 512 2815 64 2815 1126 2816 64 2816 619 2816 620 2817 65 2817 521 2817 620 2818 521 2818 1153 2818 54 2819 575 2819 17 2819 19 2820 578 2820 585 2820 18 2821 584 2821 10 2821 11 2822 586 2822 864 2822 11 2823 864 2823 336 2823 337 2824 865 2824 861 2824 337 2825 861 2825 339 2825 340 2826 862 2826 858 2826 340 2827 858 2827 342 2827 343 2828 859 2828 855 2828 343 2829 855 2829 345 2829 347 2830 856 2830 929 2830 346 2831 928 2831 381 2831 382 2832 930 2832 594 2832 382 2833 594 2833 21 2833 22 2834 595 2834 1081 2834 22 2835 1081 2835 477 2835 478 2836 1082 2836 1103 2836 478 2837 1103 2837 487 2837</p>
        </triangles>
      </mesh>
    </geometry>
  </library_geometries>
  <library_visual_scenes>
    <visual_scene id="Scene" name="Scene">
      <node id="leg_a" name="leg_a" type="NODE">
        <matrix sid="transform">0.9999999 0 0 2.91038e-11 0 0.9999999 0 2.91038e-11 0 0 1 0 0 0 0 1</matrix>
        <instance_geometry url="#Leg_A-mesh" name="leg_a"/>
      </node>
    </visual_scene>
  </library_visual_scenes>
  <scene>
    <instance_visual_scene url="#Scene"/>
  </scene>
</COLLADA>