<?xml version="1.0" encoding="utf-8"?>
<COLLADA xmlns="http://www.collada.org/2005/11/COLLADASchema" version="1.4.1" xmlns:xsi="http://www.w3.org/2001/XMLSchema-instance">
  <asset>
    <contributor>
      <author>Blender User</author>
      <authoring_tool>Blender 4.2.22 LTS commit date:2026-06-22, commit time:11:10, hash:88937221abfc</authoring_tool>
    </contributor>
    <created>2026-08-07T15:00:10</created>
    <modified>2026-08-07T15:00:10</modified>
    <unit name="meter" meter="1"/>
    <up_axis>Z_UP</up_axis>
  </asset>
  <library_images/>
  <library_geometries>
    <geometry id="Leg_B_006-mesh" name="Leg_B.006">
      <mesh>
        <source id="Leg_B_006-mesh-positions">
          <float_array id="Leg_B_006-mesh-positions-array" count="14460">0.0175572 -0.05706858 -0.01024997 0.0175572 -0.05706858 -0.01024997 0.0175572 -0.05706858 -0.01024997 0.01529735 -0.09750545 -0.01024997 0.01529735 -0.09750545 -0.01024997 0.01529735 -0.09750545 -0.01024997 0.01529735 -0.09750545 -0.01024997 0.01794779 -0.05007946 -0.01424998 0.01794779 -0.05007946 -0.01424998 0.01794779 -0.05007946 -0.01424998 0.01794779 -0.05007946 -0.01424998 0.01529544 -0.09753948 0.005155384 0.01529544 -0.09753948 0.005155384 0.01529544 -0.09753948 0.005155384 0.01529544 -0.09753948 0.005155384 0.01529735 -0.09750545 0.005414187 0.01529735 -0.09750545 0.005414187 0.01529735 -0.09750545 0.005414187 0.01529735 -0.09750545 0.01024997 0.01529735 -0.09750545 0.01024997 0.01529735 -0.09750545 0.01024997 0.01529735 -0.09750545 0.01024997 0.0175572 -0.05706858 0.01024997 0.0175572 -0.05706858 0.01024997 0.0175572 -0.05706858 0.01024997 0.0175572 -0.05706858 0.01024997 0.01794779 -0.05007946 0.01424998 0.01794779 -0.05007946 0.01424998 0.01794779 -0.05007946 0.01424998 0.01487886 -0.1049938 -0.002999961 0.01487886 -0.1049938 -0.002999961 0.01487886 -0.1049938 -0.002999961 0.01487886 -0.1049938 -0.009421527 0.01487886 -0.1049938 -0.009421527 0.01487886 -0.1049938 -0.009421527 0.0149765 -0.1032465 -0.004999995 0.0149765 -0.1032465 -0.004999995 0.0149765 -0.1032465 -0.004999995 0.0149765 -0.1032465 -0.004999995 0.01497858 -0.103209 -0.004666209 0.01497858 -0.103209 -0.004666209 0.01497858 -0.103209 -0.004666209 0.01497858 -0.103209 -0.004666209 0.01498478 -0.1030982 -0.004349112 0.01498478 -0.1030982 -0.004349112 0.01498478 -0.1030982 -0.004349112 0.01498478 -0.1030982 -0.004349112 0.01499474 -0.1029198 -0.004064738 0.01499474 -0.1029198 -0.004064738 0.01499474 -0.1029198 -0.004064738 0.01500803 -0.1026827 -0.003827214 0.01500803 -0.1026827 -0.003827214 0.01500803 -0.1026827 -0.003827214 0.01502388 -0.1023986 -0.003648519 0.01502388 -0.1023986 -0.003648519 0.01502388 -0.1023986 -0.003648519 0.01504158 -0.1020821 -0.003537595 0.01504158 -0.1020821 -0.003537595 0.01504158 -0.1020821 -0.003537595 0.01516264 -0.09991592 -0.002999961 0.01516264 -0.09991592 -0.002999961 0.01516264 -0.09991592 -0.002999961 0.01516264 -0.09991592 -0.002999961 0.01506018 -0.1017488 -0.003499984 0.01506018 -0.1017488 -0.003499984 0.01506018 -0.1017488 -0.003499984 0.01507884 -0.1014156 -0.003537595 0.01507884 -0.1014156 -0.003537595 0.01507884 -0.1014156 -0.003537595 0.01507884 -0.1014156 -0.003537595 0.01509654 -0.101099 -0.003648519 0.01509654 -0.101099 -0.003648519 0.01509654 -0.101099 -0.003648519 0.0151124 -0.1008151 -0.003827214 0.0151124 -0.1008151 -0.003827214 0.0151124 -0.1008151 -0.003827214 0.01512563 -0.100578 -0.004064738 0.01512563 -0.100578 -0.004064738 0.01512563 -0.100578 -0.004064738 0.01512563 -0.100578 -0.004064738 0.01513564 -0.1003995 -0.004349112 0.01513564 -0.1003995 -0.004349112 0.01513564 -0.1003995 -0.004349112 0.01514178 -0.1002888 -0.004666209 0.01514178 -0.1002888 -0.004666209 0.01514178 -0.1002888 -0.004666209 0.01514178 -0.1002888 -0.004666209 0.01514393 -0.1002512 -0.004999995 0.01514393 -0.1002512 -0.004999995 0.01514393 -0.1002512 -0.004999995 0.01514393 -0.1002512 -0.004999995 0.0152899 -0.09763926 -0.004914164 0.0152899 -0.09763926 -0.004914164 0.0152899 -0.09763926 -0.004914164 0.0152899 -0.09763926 -0.004914164 0.01528102 -0.09779793 -0.004707098 0.01528102 -0.09779793 -0.004707098 0.01528102 -0.09779793 -0.004707098 0.01528102 -0.09779793 -0.004707098 0.01528102 -0.09779793 -0.004707098 0.0152021 -0.09920996 -0.003292858 0.0152021 -0.09920996 -0.003292858 0.0152021 -0.09920996 -0.003292858 0.01519054 -0.09941673 -0.003133952 0.01519054 -0.09941673 -0.003133952 0.01519054 -0.09941673 -0.003133952 0.01519054 -0.09941673 -0.003133952 0.01517707 -0.09965753 -0.003034055 0.01517707 -0.09965753 -0.003034055 0.01517707 -0.09965753 -0.003034055 0.01529735 -0.09750545 -0.005414187 0.01529735 -0.09750545 -0.005414187 0.01529735 -0.09750545 -0.005414187 0.01529544 -0.09753948 -0.005155384 0.01529544 -0.09753948 -0.005155384 0.01529544 -0.09753948 -0.005155384 0.01529544 -0.09753948 -0.005155384 0.01529544 -0.09753948 -0.005155384 0.01514178 -0.1002888 -0.005333721 0.01514178 -0.1002888 -0.005333721 0.01514178 -0.1002888 -0.005333721 0.01514178 -0.1002888 -0.005333721 0.01513564 -0.1003995 -0.005650818 0.01513564 -0.1003995 -0.005650818 0.01513564 -0.1003995 -0.005650818 0.01513564 -0.1003995 -0.005650818 0.01512563 -0.100578 -0.005935192 0.01512563 -0.100578 -0.005935192 0.01512563 -0.100578 -0.005935192 0.01512563 -0.100578 -0.005935192 0.0151124 -0.1008151 -0.006172716 0.0151124 -0.1008151 -0.006172716 0.0151124 -0.1008151 -0.006172716 0.0151124 -0.1008151 -0.006172716 0.01509654 -0.101099 -0.006351411 0.01509654 -0.101099 -0.006351411 0.01509654 -0.101099 -0.006351411 0.01510202 -0.101 -0.01424998 0.01510202 -0.101 -0.01424998 0.01510202 -0.101 -0.01424998 0.01771277 -0.05428528 -0.005333721 0.01771277 -0.05428528 -0.005333721 0.01771277 -0.05428528 -0.005333721 0.01771277 -0.05428528 -0.005333721 0.01771068 -0.05432283 -0.004999995 0.01771068 -0.05432283 -0.004999995 0.01771068 -0.05432283 -0.004999995 0.01771068 -0.05432283 -0.004999995 0.01771068 -0.05432283 0.004999995 0.01771068 -0.05432283 0.004999995 0.01771068 -0.05432283 0.004999995 0.01771068 -0.05432283 0.004999995 0.01771277 -0.05428528 0.005333721 0.01771277 -0.05428528 0.005333721 0.01771277 -0.05428528 0.005333721 0.01771277 -0.05428528 0.005333721 0.01771897 -0.05417454 0.005650818 0.01771897 -0.05417454 0.005650818 0.01771897 -0.05417454 0.005650818 0.01771897 -0.05417454 0.005650818 0.01771897 -0.05417454 -0.005650818 0.01771897 -0.05417454 -0.005650818 0.01771897 -0.05417454 -0.005650818 0.01771897 -0.05417454 -0.005650818 0.01771897 -0.05417454 -0.005650818 0.01514393 -0.1002512 0.004999995 0.01514393 -0.1002512 0.004999995 0.01514393 -0.1002512 0.004999995 0.01514393 -0.1002512 0.004999995 0.01516264 -0.09991592 0.002999961 0.01516264 -0.09991592 0.002999961 0.01516264 -0.09991592 0.002999961 0.01517707 -0.09965753 0.003034055 0.01517707 -0.09965753 0.003034055 0.01517707 -0.09965753 0.003034055 0.01519054 -0.09941673 0.003133952 0.01519054 -0.09941673 0.003133952 0.01519054 -0.09941673 0.003133952 0.0152021 -0.09920996 0.003292858 0.0152021 -0.09920996 0.003292858 0.0152021 -0.09920996 0.003292858 0.0152021 -0.09920996 0.003292858 0.01528102 -0.09779793 0.004707098 0.01528102 -0.09779793 0.004707098 0.01528102 -0.09779793 0.004707098 0.0152899 -0.09763926 0.004914164 0.0152899 -0.09763926 0.004914164 0.0152899 -0.09763926 0.004914164 0.0152899 -0.09763926 0.004914164 0.0151124 -0.1008151 0.006172716 0.0151124 -0.1008151 0.006172716 0.0151124 -0.1008151 0.006172716 0.01512563 -0.100578 0.005935192 0.01512563 -0.100578 0.005935192 0.01512563 -0.100578 0.005935192 0.01512563 -0.100578 0.005935192 0.01513564 -0.1003995 0.005650818 0.01513564 -0.1003995 0.005650818 0.01513564 -0.1003995 0.005650818 0.01514178 -0.1002888 0.005333721 0.01514178 -0.1002888 0.005333721 0.01514178 -0.1002888 0.005333721 0.01514178 -0.1002888 0.005333721 0.01510202 -0.101 0.01424998 0.01510202 -0.101 0.01424998 0.01510202 -0.101 0.01424998 0.01510202 -0.101 0.01424998 0.01491153 -0.1044089 0.01083576 0.01491153 -0.1044089 0.01083576 0.01491153 -0.1044089 0.01083576 0.01497858 -0.103209 0.005333721 0.01497858 -0.103209 0.005333721 0.01497858 -0.103209 0.005333721 0.01497858 -0.103209 0.005333721 0.01497858 -0.103209 0.005333721 0.01498478 -0.1030982 0.005650818 0.01498478 -0.1030982 0.005650818 0.01498478 -0.1030982 0.005650818 0.01498478 -0.1030982 0.005650818 0.01498478 -0.1030982 0.005650818 0.01499474 -0.1029198 0.005935192 0.01499474 -0.1029198 0.005935192 0.01499474 -0.1029198 0.005935192 0.01500803 -0.1026827 0.006172716 0.01500803 -0.1026827 0.006172716 0.01500803 -0.1026827 0.006172716 0.01502388 -0.1023986 0.006351411 0.01502388 -0.1023986 0.006351411 0.01502388 -0.1023986 0.006351411 0.01504158 -0.1020821 0.006462335 0.01504158 -0.1020821 0.006462335 0.01504158 -0.1020821 0.006462335 0.01506018 -0.1017488 0.006499946 0.01506018 -0.1017488 0.006499946 0.01506018 -0.1017488 0.006499946 0.01507884 -0.1014156 0.006462335 0.01507884 -0.1014156 0.006462335 0.01507884 -0.1014156 0.006462335 0.01507884 -0.1014156 0.006462335 0.01509654 -0.101099 0.006351411 0.01509654 -0.101099 0.006351411 0.01509654 -0.101099 0.006351411 0.0149765 -0.1032465 0.004999995 0.0149765 -0.1032465 0.004999995 0.0149765 -0.1032465 0.004999995 0.0149765 -0.1032465 0.004999995 0.01489764 -0.1046572 0.01053267 0.01489764 -0.1046572 0.01053267 0.01489764 -0.1046572 0.01053267 0.01488733 -0.1048418 0.01018691 0.01488733 -0.1048418 0.01018691 0.01488733 -0.1048418 0.01018691 0.01488101 -0.1049554 0.009811699 0.01488101 -0.1049554 0.009811699 0.01488101 -0.1049554 0.009811699 0.01488101 -0.1049554 0.009811699 0.01487886 -0.1049938 0.009421527 0.01487886 -0.1049938 0.009421527 0.01487886 -0.1049938 0.009421527 0.01487886 -0.1049938 0.009421527 0.01487886 -0.1049938 0.002999961 0.01487886 -0.1049938 0.002999961 0.01487886 -0.1049938 0.002999961 0.01772892 -0.05399608 0.005935192 0.01772892 -0.05399608 0.005935192 0.01772892 -0.05399608 0.005935192 0.01774215 -0.05375897 0.006172716 0.01774215 -0.05375897 0.006172716 0.01774215 -0.05375897 0.006172716 0.01774215 -0.05375897 0.006172716 0.01775807 -0.05347502 0.006351411 0.01775807 -0.05347502 0.006351411 0.01775807 -0.05347502 0.006351411 0.01775807 -0.05347502 0.006351411 0.01777577 -0.05315846 0.006462335 0.01777577 -0.05315846 0.006462335 0.01777577 -0.05315846 0.006462335 0.01779437 -0.05282521 0.006499946 0.01779437 -0.05282521 0.006499946 0.01779437 -0.05282521 0.006499946 0.01781296 -0.0524919 0.006462335 0.01781296 -0.0524919 0.006462335 0.01781296 -0.0524919 0.006462335 0.01783066 -0.05217534 0.006351411 0.01783066 -0.05217534 0.006351411 0.01783066 -0.05217534 0.006351411 0.01784652 -0.05189144 0.006172716 0.01784652 -0.05189144 0.006172716 0.01784652 -0.05189144 0.006172716 0.01785981 -0.05165427 0.005935192 0.01785981 -0.05165427 0.005935192 0.01785981 -0.05165427 0.005935192 0.01785981 -0.05165427 0.005935192 0.01786977 -0.05147582 0.005650818 0.01786977 -0.05147582 0.005650818 0.01786977 -0.05147582 0.005650818 0.01786977 -0.05147582 0.005650818 0.01787596 -0.05136507 0.005333721 0.01787596 -0.05136507 0.005333721 0.01787596 -0.05136507 0.005333721 0.01787805 -0.05132752 0.004999995 0.01787805 -0.05132752 0.004999995 0.01787805 -0.05132752 0.004999995 0.01787805 -0.05132752 0.004999995 0.01787805 -0.05132752 -0.004999995 0.01787805 -0.05132752 -0.004999995 0.01787805 -0.05132752 -0.004999995 0.01787805 -0.05132752 -0.004999995 0.01514178 -0.1002888 0.004666209 0.01514178 -0.1002888 0.004666209 0.01514178 -0.1002888 0.004666209 0.01514178 -0.1002888 0.004666209 0.01513564 -0.1003995 0.004349172 0.01513564 -0.1003995 0.004349172 0.01513564 -0.1003995 0.004349172 0.01513564 -0.1003995 0.004349172 0.01512563 -0.100578 0.004064738 0.01512563 -0.100578 0.004064738 0.01512563 -0.100578 0.004064738 0.01512563 -0.100578 0.004064738 0.0151124 -0.1008151 0.003827214 0.0151124 -0.1008151 0.003827214 0.0151124 -0.1008151 0.003827214 0.0151124 -0.1008151 0.003827214 0.01509654 -0.101099 0.003648519 0.01509654 -0.101099 0.003648519 0.01509654 -0.101099 0.003648519 0.01507884 -0.1014156 0.003537595 0.01507884 -0.1014156 0.003537595 0.01507884 -0.1014156 0.003537595 0.01506018 -0.1017488 0.003499984 0.01506018 -0.1017488 0.003499984 0.01506018 -0.1017488 0.003499984 0.01504158 -0.1020821 0.003537595 0.01504158 -0.1020821 0.003537595 0.01504158 -0.1020821 0.003537595 0.01502388 -0.1023986 0.003648519 0.01502388 -0.1023986 0.003648519 0.01502388 -0.1023986 0.003648519 0.01502388 -0.1023986 0.003648519 0.01500803 -0.1026827 0.003827214 0.01500803 -0.1026827 0.003827214 0.01500803 -0.1026827 0.003827214 0.01499474 -0.1029198 0.004064738 0.01499474 -0.1029198 0.004064738 0.01499474 -0.1029198 0.004064738 0.01499474 -0.1029198 0.004064738 0.01498478 -0.1030982 0.004349172 0.01498478 -0.1030982 0.004349172 0.01498478 -0.1030982 0.004349172 0.01498478 -0.1030982 0.004349172 0.01497858 -0.103209 0.004666209 0.01497858 -0.103209 0.004666209 0.01497858 -0.103209 0.004666209 0.01497858 -0.103209 0.004666209 0.01507884 -0.1014156 -0.006462335 0.01507884 -0.1014156 -0.006462335 0.01507884 -0.1014156 -0.006462335 0.01506018 -0.1017488 -0.006499946 0.01506018 -0.1017488 -0.006499946 0.01506018 -0.1017488 -0.006499946 0.01504158 -0.1020821 -0.006462335 0.01504158 -0.1020821 -0.006462335 0.01504158 -0.1020821 -0.006462335 0.01502388 -0.1023986 -0.006351411 0.01502388 -0.1023986 -0.006351411 0.01502388 -0.1023986 -0.006351411 0.01500803 -0.1026827 -0.006172716 0.01500803 -0.1026827 -0.006172716 0.01500803 -0.1026827 -0.006172716 0.01499474 -0.1029198 -0.005935192 0.01499474 -0.1029198 -0.005935192 0.01499474 -0.1029198 -0.005935192 0.01499474 -0.1029198 -0.005935192 0.01498478 -0.1030982 -0.005650818 0.01498478 -0.1030982 -0.005650818 0.01498478 -0.1030982 -0.005650818 0.01498478 -0.1030982 -0.005650818 0.01497858 -0.103209 -0.005333721 0.01497858 -0.103209 -0.005333721 0.01497858 -0.103209 -0.005333721 0.01497858 -0.103209 -0.005333721 0.01491153 -0.1044089 -0.01083576 0.01491153 -0.1044089 -0.01083576 0.01491153 -0.1044089 -0.01083576 0.01488101 -0.1049554 -0.009811699 0.01488101 -0.1049554 -0.009811699 0.01488101 -0.1049554 -0.009811699 0.01488733 -0.1048418 -0.01018691 0.01488733 -0.1048418 -0.01018691 0.01488733 -0.1048418 -0.01018691 0.01488733 -0.1048418 -0.01018691 0.01489764 -0.1046572 -0.01053267 0.01489764 -0.1046572 -0.01053267 0.01489764 -0.1046572 -0.01053267 0.01489764 -0.1046572 -0.01053267 0.01787596 -0.05136507 -0.005333721 0.01787596 -0.05136507 -0.005333721 0.01787596 -0.05136507 -0.005333721 0.01786977 -0.05147582 -0.005650818 0.01786977 -0.05147582 -0.005650818 0.01786977 -0.05147582 -0.005650818 0.01786977 -0.05147582 -0.005650818 0.01785981 -0.05165427 -0.005935192 0.01785981 -0.05165427 -0.005935192 0.01785981 -0.05165427 -0.005935192 0.01784652 -0.05189144 -0.006172716 0.01784652 -0.05189144 -0.006172716 0.01784652 -0.05189144 -0.006172716 0.01783066 -0.05217534 -0.006351411 0.01783066 -0.05217534 -0.006351411 0.01783066 -0.05217534 -0.006351411 0.01781296 -0.0524919 -0.006462335 0.01781296 -0.0524919 -0.006462335 0.01781296 -0.0524919 -0.006462335 0.01779437 -0.05282521 -0.006499946 0.01779437 -0.05282521 -0.006499946 0.01779437 -0.05282521 -0.006499946 0.01777577 -0.05315846 -0.006462335 0.01777577 -0.05315846 -0.006462335 0.01777577 -0.05315846 -0.006462335 0.01777577 -0.05315846 -0.006462335 0.01775807 -0.05347502 -0.006351411 0.01775807 -0.05347502 -0.006351411 0.01775807 -0.05347502 -0.006351411 0.01774215 -0.05375897 -0.006172716 0.01774215 -0.05375897 -0.006172716 0.01774215 -0.05375897 -0.006172716 0.01772892 -0.05399608 -0.005935192 0.01772892 -0.05399608 -0.005935192 0.01772892 -0.05399608 -0.005935192 0.01772892 -0.05399608 -0.005935192 0.01772892 -0.05399608 -0.005935192 0.01779437 -0.05282521 -0.003499984 0.01779437 -0.05282521 -0.003499984 0.01779437 -0.05282521 -0.003499984 0.01777577 -0.05315846 0.003537595 0.01777577 -0.05315846 0.003537595 0.01777577 -0.05315846 0.003537595 0.01777577 -0.05315846 0.003537595 0.01777577 -0.05315846 -0.003537595 0.01777577 -0.05315846 -0.003537595 0.01777577 -0.05315846 -0.003537595 0.01775807 -0.05347502 0.003648519 0.01775807 -0.05347502 0.003648519 0.01775807 -0.05347502 0.003648519 0.01775807 -0.05347502 -0.003648519 0.01775807 -0.05347502 -0.003648519 0.01775807 -0.05347502 -0.003648519 0.01775807 -0.05347502 -0.003648519 0.01774215 -0.05375897 0.003827214 0.01774215 -0.05375897 0.003827214 0.01774215 -0.05375897 0.003827214 0.01774215 -0.05375897 -0.003827214 0.01774215 -0.05375897 -0.003827214 0.01774215 -0.05375897 -0.003827214 0.01774215 -0.05375897 -0.003827214 0.01772892 -0.05399608 0.004064738 0.01772892 -0.05399608 0.004064738 0.01772892 -0.05399608 0.004064738 0.01772892 -0.05399608 0.004064738 0.01772892 -0.05399608 -0.004064738 0.01772892 -0.05399608 -0.004064738 0.01772892 -0.05399608 -0.004064738 0.01771897 -0.05417454 0.004349172 0.01771897 -0.05417454 0.004349172 0.01771897 -0.05417454 0.004349172 0.01771897 -0.05417454 0.004349172 0.01771897 -0.05417454 -0.004349112 0.01771897 -0.05417454 -0.004349112 0.01771897 -0.05417454 -0.004349112 0.01771897 -0.05417454 -0.004349112 0.01771897 -0.05417454 -0.004349112 0.01771277 -0.05428528 0.004666209 0.01771277 -0.05428528 0.004666209 0.01771277 -0.05428528 0.004666209 0.01771277 -0.05428528 0.004666209 0.01771277 -0.05428528 0.004666209 0.01771277 -0.05428528 -0.004666209 0.01771277 -0.05428528 -0.004666209 0.01771277 -0.05428528 -0.004666209 0.01771277 -0.05428528 -0.004666209 0.01771277 -0.05428528 -0.004666209 0.01771277 -0.05428528 -0.004666209 0.01779437 -0.05282521 0.003499984 0.01779437 -0.05282521 0.003499984 0.01779437 -0.05282521 0.003499984 0.01781296 -0.0524919 -0.003537595 0.01781296 -0.0524919 -0.003537595 0.01781296 -0.0524919 -0.003537595 0.01781296 -0.0524919 0.003537595 0.01781296 -0.0524919 0.003537595 0.01781296 -0.0524919 0.003537595 0.01783066 -0.05217534 -0.003648519 0.01783066 -0.05217534 -0.003648519 0.01783066 -0.05217534 -0.003648519 0.01783066 -0.05217534 0.003648519 0.01783066 -0.05217534 0.003648519 0.01783066 -0.05217534 0.003648519 0.01784652 -0.05189144 -0.003827214 0.01784652 -0.05189144 -0.003827214 0.01784652 -0.05189144 -0.003827214 0.01784652 -0.05189144 0.003827214 0.01784652 -0.05189144 0.003827214 0.01784652 -0.05189144 0.003827214 0.01785981 -0.05165427 -0.004064738 0.01785981 -0.05165427 -0.004064738 0.01785981 -0.05165427 -0.004064738 0.01785981 -0.05165427 -0.004064738 0.01785981 -0.05165427 0.004064738 0.01785981 -0.05165427 0.004064738 0.01785981 -0.05165427 0.004064738 0.01786977 -0.05147582 -0.004349112 0.01786977 -0.05147582 -0.004349112 0.01786977 -0.05147582 -0.004349112 0.01786977 -0.05147582 -0.004349112 0.01786977 -0.05147582 0.004349172 0.01786977 -0.05147582 0.004349172 0.01786977 -0.05147582 0.004349172 0.01786977 -0.05147582 0.004349172 0.01787596 -0.05136507 -0.004666209 0.01787596 -0.05136507 -0.004666209 0.01787596 -0.05136507 -0.004666209 0.01787596 -0.05136507 0.004666209 0.01787596 -0.05136507 0.004666209 0.01787596 -0.05136507 0.004666209 0.01787596 -0.05136507 0.004666209 -0.01325345 -0.09761965 0.003292858 -0.01325345 -0.09761965 0.003292858 -0.01325345 -0.09761965 0.003292858 -0.01317453 -0.09620767 0.004707098 -0.01317453 -0.09620767 0.004707098 -0.01317453 -0.09620767 0.004707098 -0.01317453 -0.09620767 0.004707098 -0.0132929 -0.09832566 0.002999961 -0.0132929 -0.09832566 0.002999961 -0.0132929 -0.09832566 0.002999961 -0.01357668 -0.1034035 0.002999961 -0.01357668 -0.1034035 0.002999961 -0.01357668 -0.1034035 0.002999961 -0.01278156 -0.0891757 0 -0.01278156 -0.0891757 0 -0.01278156 -0.0891757 0 -0.01277935 -0.08913666 5.21649e-4 -0.01277935 -0.08913666 5.21649e-4 -0.01277935 -0.08913666 5.21649e-4 -0.0131582 -0.09591519 0.01024997 -0.0131582 -0.09591519 0.01024997 -0.0131582 -0.09591519 0.01024997 -0.0131582 -0.09591519 0.005414187 -0.0131582 -0.09591519 0.005414187 -0.0131582 -0.09591519 0.005414187 -0.0131601 -0.09594923 0.005155384 -0.0131601 -0.09594923 0.005155384 -0.0131601 -0.09594923 0.005155384 -0.01316565 -0.09604895 0.004914164 -0.01316565 -0.09604895 0.004914164 -0.01316565 -0.09604895 0.004914164 -0.01326501 -0.09782642 0.003133952 -0.01326501 -0.09782642 0.003133952 -0.01326501 -0.09782642 0.003133952 -0.01326501 -0.09782642 0.003133952 -0.01327848 -0.09806722 0.003034055 -0.01327848 -0.09806722 0.003034055 -0.01327848 -0.09806722 0.003034055 -0.01357668 -0.1034035 -0.002999961 -0.01357668 -0.1034035 -0.002999961 -0.01357668 -0.1034035 -0.002999961 -0.0132929 -0.09832566 -0.002999961 -0.0132929 -0.09832566 -0.002999961 -0.0132929 -0.09832566 -0.002999961 -0.01327848 -0.09806722 -0.003034055 -0.01327848 -0.09806722 -0.003034055 -0.01327848 -0.09806722 -0.003034055 -0.01326501 -0.09782642 -0.003133952 -0.01326501 -0.09782642 -0.003133952 -0.01326501 -0.09782642 -0.003133952 -0.01325345 -0.09761965 -0.003292858 -0.01325345 -0.09761965 -0.003292858 -0.01325345 -0.09761965 -0.003292858 -0.01325345 -0.09761965 -0.003292858 -0.01317453 -0.09620767 -0.004707098 -0.01317453 -0.09620767 -0.004707098 -0.01317453 -0.09620767 -0.004707098 -0.01316565 -0.09604895 -0.004914164 -0.01316565 -0.09604895 -0.004914164 -0.01316565 -0.09604895 -0.004914164 -0.01316565 -0.09604895 -0.004914164 -0.0131601 -0.09594923 -0.005155384 -0.0131601 -0.09594923 -0.005155384 -0.0131601 -0.09594923 -0.005155384 -0.0131582 -0.09591519 -0.005414187 -0.0131582 -0.09591519 -0.005414187 -0.0131582 -0.09591519 -0.005414187 -0.0131582 -0.09591519 -0.005414187 -0.0131582 -0.09591519 -0.01024997 -0.0131582 -0.09591519 -0.01024997 -0.0131582 -0.09591519 -0.01024997 -0.01089835 -0.05547827 -0.01024997 -0.01089835 -0.05547827 -0.01024997 -0.01089835 -0.05547827 -0.01024997 -0.01089835 -0.05547827 -0.01024997 -0.01089835 -0.05547827 -0.01024997 -0.01089835 -0.05547827 0.01024997 -0.01089835 -0.05547827 0.01024997 -0.01089835 -0.05547827 0.01024997 -0.01089835 -0.05547827 0.01024997 -0.01089835 -0.05547827 0.01024997 -0.01239097 -0.08218663 0 -0.01239097 -0.08218663 0 -0.01239097 -0.08218663 0 -0.01239311 -0.08222562 -5.21646e-4 -0.01239311 -0.08222562 -5.21646e-4 -0.01239311 -0.08222562 -5.21646e-4 -0.01239961 -0.08234184 -0.001031637 -0.01239961 -0.08234184 -0.001031637 -0.01239961 -0.08234184 -0.001031637 -0.01241028 -0.0825327 -0.001518547 -0.01241028 -0.0825327 -0.001518547 -0.01241028 -0.0825327 -0.001518547 -0.01241028 -0.0825327 -0.001518547 -0.01242488 -0.08279383 -0.001971602 -0.01242488 -0.08279383 -0.001971602 -0.01242488 -0.08279383 -0.001971602 -0.01242488 -0.08279383 -0.001971602 -0.01244306 -0.08311945 -0.002380549 -0.01244306 -0.08311945 -0.002380549 -0.01244306 -0.08311945 -0.002380549 -0.01244306 -0.08311945 -0.002380549 -0.01246446 -0.08350235 -0.002736389 -0.01246446 -0.08350235 -0.002736389 -0.01246446 -0.08350235 -0.002736389 -0.01246446 -0.08350235 -0.002736389 -0.0124886 -0.08393388 -0.003031075 -0.0124886 -0.08393388 -0.003031075 -0.0124886 -0.08393388 -0.003031075 -0.01251488 -0.08440446 -0.003258049 -0.01251488 -0.08440446 -0.003258049 -0.01251488 -0.08440446 -0.003258049 -0.01254278 -0.08490353 -0.003412187 -0.01254278 -0.08490353 -0.003412187 -0.01254278 -0.08490353 -0.003412187 -0.01257163 -0.08542001 -0.003490209 -0.01257163 -0.08542001 -0.003490209 -0.01257163 -0.08542001 -0.003490209 -0.01257163 -0.08542001 -0.003490209 -0.01260083 -0.08594232 -0.003490209 -0.01260083 -0.08594232 -0.003490209 -0.01260083 -0.08594232 -0.003490209 -0.01260083 -0.08594232 -0.003490209 -0.01262968 -0.08645874 -0.003412187 -0.01262968 -0.08645874 -0.003412187 -0.01262968 -0.08645874 -0.003412187 -0.01262968 -0.08645874 -0.003412187 -0.01265758 -0.08695787 -0.003258049 -0.01265758 -0.08695787 -0.003258049 -0.01265758 -0.08695787 -0.003258049 -0.01268392 -0.08742839 -0.003031075 -0.01268392 -0.08742839 -0.003031075 -0.01268392 -0.08742839 -0.003031075 -0.012708 -0.08785998 -0.002736389 -0.012708 -0.08785998 -0.002736389 -0.012708 -0.08785998 -0.002736389 -0.012708 -0.08785998 -0.002736389 -0.0127294 -0.08824282 -0.002380549 -0.0127294 -0.08824282 -0.002380549 -0.0127294 -0.08824282 -0.002380549 -0.01274764 -0.0885685 -0.001971602 -0.01274764 -0.0885685 -0.001971602 -0.01274764 -0.0885685 -0.001971602 -0.01276218 -0.08882963 -0.001518547 -0.01276218 -0.08882963 -0.001518547 -0.01276218 -0.08882963 -0.001518547 -0.01277285 -0.08902049 -0.001031637 -0.01277285 -0.08902049 -0.001031637 -0.01277285 -0.08902049 -0.001031637 -0.01277935 -0.08913666 -5.21646e-4 -0.01277935 -0.08913666 -5.21646e-4 -0.01277935 -0.08913666 -5.21646e-4 -0.01262968 -0.08645874 0.003412246 -0.01262968 -0.08645874 0.003412246 -0.01262968 -0.08645874 0.003412246 -0.01262968 -0.08645874 0.003412246 -0.01260083 -0.08594232 0.003490209 -0.01260083 -0.08594232 0.003490209 -0.01260083 -0.08594232 0.003490209 -0.01260083 -0.08594232 0.003490209 -0.01257163 -0.08542001 0.003490209 -0.01257163 -0.08542001 0.003490209 -0.01257163 -0.08542001 0.003490209 -0.01257163 -0.08542001 0.003490209 -0.01254278 -0.08490353 0.003412246 -0.01254278 -0.08490353 0.003412246 -0.01254278 -0.08490353 0.003412246 -0.01251488 -0.08440446 0.003258049 -0.01251488 -0.08440446 0.003258049 -0.01251488 -0.08440446 0.003258049 -0.0124886 -0.08393388 0.003031075 -0.0124886 -0.08393388 0.003031075 -0.0124886 -0.08393388 0.003031075 -0.0124886 -0.08393388 0.003031075 -0.01246446 -0.08350235 0.002736389 -0.01246446 -0.08350235 0.002736389 -0.01246446 -0.08350235 0.002736389 -0.01246446 -0.08350235 0.002736389 -0.01244306 -0.08311945 0.002380549 -0.01244306 -0.08311945 0.002380549 -0.01244306 -0.08311945 0.002380549 -0.01244306 -0.08311945 0.002380549 -0.01242488 -0.08279383 0.001971602 -0.01242488 -0.08279383 0.001971602 -0.01242488 -0.08279383 0.001971602 -0.01242488 -0.08279383 0.001971602 -0.01241028 -0.0825327 0.001518547 -0.01241028 -0.0825327 0.001518547 -0.01241028 -0.0825327 0.001518547 -0.01239961 -0.08234184 0.001031637 -0.01239961 -0.08234184 0.001031637 -0.01239961 -0.08234184 0.001031637 -0.01239311 -0.08222562 5.21649e-4 -0.01239311 -0.08222562 5.21649e-4 -0.01239311 -0.08222562 5.21649e-4 -0.01277285 -0.08902049 0.001031637 -0.01277285 -0.08902049 0.001031637 -0.01277285 -0.08902049 0.001031637 -0.01277285 -0.08902049 0.001031637 -0.01276218 -0.08882963 0.001518547 -0.01276218 -0.08882963 0.001518547 -0.01276218 -0.08882963 0.001518547 -0.01274764 -0.0885685 0.001971602 -0.01274764 -0.0885685 0.001971602 -0.01274764 -0.0885685 0.001971602 -0.0127294 -0.08824282 0.002380549 -0.0127294 -0.08824282 0.002380549 -0.0127294 -0.08824282 0.002380549 -0.0127294 -0.08824282 0.002380549 -0.012708 -0.08785998 0.002736389 -0.012708 -0.08785998 0.002736389 -0.012708 -0.08785998 0.002736389 -0.012708 -0.08785998 0.002736389 -0.01268392 -0.08742839 0.003031075 -0.01268392 -0.08742839 0.003031075 -0.01268392 -0.08742839 0.003031075 -0.01265758 -0.08695787 0.003258049 -0.01265758 -0.08695787 0.003258049 -0.01265758 -0.08695787 0.003258049 0.02879714 0.009641766 0.006839036 0.02879714 0.009641766 0.006839036 0.02879714 0.009641766 0.006839036 0.02857953 0.005747973 0.00146234 0.02857953 0.005747973 0.00146234 0.02857953 0.005747973 0.00146234 0.02856087 0.005414724 0.00149995 0.02856087 0.005414724 0.00149995 0.02856087 0.005414724 0.00149995 0.02856087 0.005414724 0.00149995 0.0280252 -0.004170238 0 0.0280252 -0.004170238 0 0.0280252 -0.004170238 0 0.02786338 -0.007065713 0 0.02786338 -0.007065713 0 0.02786338 -0.007065713 0 0.02786338 -0.007065713 0 0.02802741 -0.00413084 4.51486e-4 0.02802741 -0.00413084 4.51486e-4 0.02802741 -0.00413084 4.51486e-4 0.02802741 -0.00413084 -4.51484e-4 0.02802741 -0.00413084 -4.51484e-4 0.02802741 -0.00413084 -4.51484e-4 0.02802741 -0.00413084 -4.51484e-4 0.02830666 8.65067e-4 8.89253e-4 0.02830666 8.65067e-4 8.89253e-4 0.02830666 8.65067e-4 8.89253e-4 0.02850872 0.004480957 0.001172721 0.02850872 0.004480957 0.001172721 0.02850872 0.004480957 0.001172721 0.02849549 0.004243791 9.35235e-4 0.02849549 0.004243791 9.35235e-4 0.02849549 0.004243791 9.35235e-4 0.02831315 9.82178e-4 4.51486e-4 0.02831315 9.82178e-4 4.51486e-4 0.02831315 9.82178e-4 4.51486e-4 0.02830666 8.65067e-4 -8.89251e-4 0.02830666 8.65067e-4 -8.89251e-4 0.02830666 8.65067e-4 -8.89251e-4 0.02831315 9.82178e-4 -4.51484e-4 0.02831315 9.82178e-4 -4.51484e-4 0.02831315 9.82178e-4 -4.51484e-4 0.02831315 9.82178e-4 -4.51484e-4 0.02849549 0.004243791 -9.35233e-4 0.02849549 0.004243791 -9.35233e-4 0.02849549 0.004243791 -9.35233e-4 0.02856087 0.005414724 -0.00149995 0.02856087 0.005414724 -0.00149995 0.02856087 0.005414724 -0.00149995 0.02856087 0.005414724 -0.00149995 0.02828145 4.14292e-4 -0.001671195 0.02828145 4.14292e-4 -0.001671195 0.02828145 4.14292e-4 -0.001671195 0.02828145 4.14292e-4 -0.001671195 0.02828145 4.14292e-4 -0.001671195 0.02854228 0.005081474 -0.00146234 0.02854228 0.005081474 -0.00146234 0.02854228 0.005081474 -0.00146234 0.02854228 0.005081474 -0.00146234 0.02812069 -0.002462148 -0.002443194 0.02812069 -0.002462148 -0.002443194 0.02812069 -0.002462148 -0.002443194 0.02811813 -0.002508044 -0.005827248 0.02811813 -0.002508044 -0.005827248 0.02811813 -0.002508044 -0.005827248 0.02810484 -0.002745211 -0.006064713 0.02810484 -0.002745211 -0.006064713 0.02810484 -0.002745211 -0.006064713 0.02813398 -0.002224087 0.005648493 0.02813398 -0.002224087 0.005648493 0.02813398 -0.002224087 0.005648493 0.02815169 -0.001907587 0.005537569 0.02815169 -0.001907587 0.005537569 0.02815169 -0.001907587 0.005537569 0.02814513 -0.002025067 0.002560496 0.02814513 -0.002025067 0.002560496 0.02814513 -0.002025067 0.002560496 0.02831536 0.001021564 0 0.02831536 0.001021564 0 0.02831536 0.001021564 0 0.02831536 0.001021564 0 0.02848547 0.004065394 6.50826e-4 0.02848547 0.004065394 6.50826e-4 0.02848547 0.004065394 6.50826e-4 0.02847927 0.003954648 3.33782e-4 0.02847927 0.003954648 3.33782e-4 0.02847927 0.003954648 3.33782e-4 0.02847719 0.003917098 0 0.02847719 0.003917098 0 0.02847719 0.003917098 0 0.02847927 0.003954648 -3.3378e-4 0.02847927 0.003954648 -3.3378e-4 0.02847927 0.003954648 -3.3378e-4 0.02848547 0.004065394 -6.50824e-4 0.02848547 0.004065394 -6.50824e-4 0.02848547 0.004065394 -6.50824e-4 0.02879714 0.009641766 -0.006839036 0.02879714 0.009641766 -0.006839036 0.02879714 0.009641766 -0.006839036 0.02826356 9.43153e-5 -0.001991689 0.02826356 9.43153e-5 -0.001991689 0.02826356 9.43153e-5 -0.001991689 0.02826356 9.43153e-5 -0.001991689 0.02857953 0.005747973 -0.00146234 0.02857953 0.005747973 -0.00146234 0.02857953 0.005747973 -0.00146234 0.02857953 0.005747973 -0.00146234 0.02859723 0.006064534 -0.001351416 0.02859723 0.006064534 -0.001351416 0.02859723 0.006064534 -0.001351416 0.02861309 0.00634849 -0.001172721 0.02861309 0.00634849 -0.001172721 0.02861309 0.00634849 -0.001172721 0.02862632 0.006585657 -9.35233e-4 0.02862632 0.006585657 -9.35233e-4 0.02862632 0.006585657 -9.35233e-4 0.02863633 0.006764113 -6.50824e-4 0.02863633 0.006764113 -6.50824e-4 0.02863633 0.006764113 -6.50824e-4 0.02863633 0.006764113 -6.50824e-4 0.02864247 0.006874859 -3.3378e-4 0.02864247 0.006874859 -3.3378e-4 0.02864247 0.006874859 -3.3378e-4 0.02864247 0.006874859 -3.3378e-4 0.02864462 0.00691241 0 0.02864462 0.00691241 0 0.02864462 0.00691241 0 0.02864462 0.00691241 0 0.02883988 0.01040697 -0.004178881 0.02883988 0.01040697 -0.004178881 0.02883988 0.01040697 -0.004178881 0.02883988 0.01040697 -0.004178881 0.02883815 0.01037555 -0.004738748 0.02883815 0.01037555 -0.004738748 0.02883815 0.01037555 -0.004738748 0.02883291 0.0102818 -0.005291521 0.02883291 0.0102818 -0.005291521 0.02883291 0.0102818 -0.005291521 0.02882426 0.01012682 -0.005830287 0.02882426 0.01012682 -0.005830287 0.02882426 0.01012682 -0.005830287 0.02881228 0.00991255 -0.006348311 0.02881228 0.00991255 -0.006348311 0.02881228 0.00991255 -0.006348311 0.02864247 0.006874859 3.33782e-4 0.02864247 0.006874859 3.33782e-4 0.02864247 0.006874859 3.33782e-4 0.02864247 0.006874859 3.33782e-4 0.02863633 0.006764113 6.50826e-4 0.02863633 0.006764113 6.50826e-4 0.02863633 0.006764113 6.50826e-4 0.02863633 0.006764113 6.50826e-4 0.02863633 0.006764113 6.50826e-4 0.02862632 0.006585657 9.35235e-4 0.02862632 0.006585657 9.35235e-4 0.02862632 0.006585657 9.35235e-4 0.02862632 0.006585657 9.35235e-4 0.02883988 0.01040697 0.004178881 0.02883988 0.01040697 0.004178881 0.02883988 0.01040697 0.004178881 0.02861309 0.00634849 0.001172721 0.02861309 0.00634849 0.001172721 0.02861309 0.00634849 0.001172721 0.02859723 0.006064534 0.001351416 0.02859723 0.006064534 0.001351416 0.02859723 0.006064534 0.001351416 0.02859723 0.006064534 0.001351416 0.02881228 0.00991255 0.006348311 0.02881228 0.00991255 0.006348311 0.02881228 0.00991255 0.006348311 0.02882426 0.01012682 0.005830287 0.02882426 0.01012682 0.005830287 0.02882426 0.01012682 0.005830287 0.02883291 0.0102818 0.005291521 0.02883291 0.0102818 0.005291521 0.02883291 0.0102818 0.005291521 0.02883815 0.01037555 0.004738748 0.02883815 0.01037555 0.004738748 0.02883815 0.01037555 0.004738748 0.02641659 -0.03295427 -0.01424998 0.02641659 -0.03295427 -0.01424998 0.02641659 -0.03295427 -0.01424998 0.02641659 -0.03295427 0.01424998 0.02641659 -0.03295427 0.01424998 0.02641659 -0.03295427 0.01424998 0.0283935 0.002419412 0.01424998 0.0283935 0.002419412 0.01424998 0.0283935 0.002419412 0.01424998 0.0283935 0.002419412 0.01424998 0.02810484 -0.002745211 0.007935225 0.02810484 -0.002745211 0.007935225 0.02810484 -0.002745211 0.007935225 0.02810484 -0.002745211 0.007935225 0.02809488 -0.002923667 0.007650792 0.02809488 -0.002923667 0.007650792 0.02809488 -0.002923667 0.007650792 0.02808868 -0.003034412 0.007333755 0.02808868 -0.003034412 0.007333755 0.02808868 -0.003034412 0.007333755 0.02808868 -0.003034412 0.007333755 0.0280866 -0.003071963 0.006999969 0.0280866 -0.003071963 0.006999969 0.0280866 -0.003071963 0.006999969 0.0280866 -0.003071963 0.006999969 0.0280866 -0.003071963 0.006999969 0.02772754 -0.009497165 0.001172721 0.02772754 -0.009497165 0.001172721 0.02772754 -0.009497165 0.001172721 0.02771425 -0.009734332 9.35235e-4 0.02771425 -0.009734332 9.35235e-4 0.02771425 -0.009734332 9.35235e-4 0.02770429 -0.009912729 6.50826e-4 0.02770429 -0.009912729 6.50826e-4 0.02770429 -0.009912729 6.50826e-4 0.02769809 -0.01002353 3.33782e-4 0.02769809 -0.01002353 3.33782e-4 0.02769809 -0.01002353 3.33782e-4 0.02769809 -0.01002353 3.33782e-4 0.02769601 -0.01006108 0 0.02769601 -0.01006108 0 0.02769601 -0.01006108 0 0.02769601 -0.01006108 0 0.02769809 -0.01002353 -3.3378e-4 0.02769809 -0.01002353 -3.3378e-4 0.02769809 -0.01002353 -3.3378e-4 0.02770429 -0.009912729 -6.50824e-4 0.02770429 -0.009912729 -6.50824e-4 0.02770429 -0.009912729 -6.50824e-4 0.02771425 -0.009734332 -9.35233e-4 0.02771425 -0.009734332 -9.35233e-4 0.02771425 -0.009734332 -9.35233e-4 0.02772754 -0.009497165 -0.001172721 0.02772754 -0.009497165 -0.001172721 0.02772754 -0.009497165 -0.001172721 0.0280866 -0.003071963 -0.006999969 0.0280866 -0.003071963 -0.006999969 0.0280866 -0.003071963 -0.006999969 0.0280866 -0.003071963 -0.006999969 0.0280866 -0.003071963 -0.006999969 0.0280866 -0.003071963 -0.006999969 0.02808868 -0.003034412 -0.007333755 0.02808868 -0.003034412 -0.007333755 0.02808868 -0.003034412 -0.007333755 0.02809488 -0.002923667 -0.007650792 0.02809488 -0.002923667 -0.007650792 0.02809488 -0.002923667 -0.007650792 0.02810484 -0.002745211 -0.007935225 0.02810484 -0.002745211 -0.007935225 0.02810484 -0.002745211 -0.007935225 0.02810484 -0.002745211 -0.007935225 0.0283935 0.002419412 -0.01424998 0.0283935 0.002419412 -0.01424998 0.0283935 0.002419412 -0.01424998 0.0283935 0.002419412 -0.01424998 0.0283935 0.002419412 -0.01424998 0.02811813 -0.002508044 -0.00817269 0.02811813 -0.002508044 -0.00817269 0.02811813 -0.002508044 -0.00817269 0.02811813 -0.002508044 -0.00817269 0.02813398 -0.002224087 -0.008351445 0.02813398 -0.002224087 -0.008351445 0.02813398 -0.002224087 -0.008351445 0.02815169 -0.001907587 -0.008462369 0.02815169 -0.001907587 -0.008462369 0.02815169 -0.001907587 -0.008462369 0.02817028 -0.001574277 -0.008499979 0.02817028 -0.001574277 -0.008499979 0.02817028 -0.001574277 -0.008499979 0.02818894 -0.001241028 -0.008462369 0.02818894 -0.001241028 -0.008462369 0.02818894 -0.001241028 -0.008462369 0.02820664 -9.24514e-4 -0.008351445 0.02820664 -9.24514e-4 -0.008351445 0.02820664 -9.24514e-4 -0.008351445 0.0282225 -6.40563e-4 -0.00817269 0.0282225 -6.40563e-4 -0.00817269 0.0282225 -6.40563e-4 -0.00817269 0.02823573 -4.03411e-4 -0.007935225 0.02823573 -4.03411e-4 -0.007935225 0.02823573 -4.03411e-4 -0.007935225 0.02824568 -2.24975e-4 -0.007650792 0.02824568 -2.24975e-4 -0.007650792 0.02824568 -2.24975e-4 -0.007650792 0.02824568 -2.24975e-4 -0.007650792 0.02825188 -1.14227e-4 -0.007333755 0.02825188 -1.14227e-4 -0.007333755 0.02825188 -1.14227e-4 -0.007333755 0.02825188 -1.14227e-4 -0.007333755 0.02825403 -7.66594e-5 -0.006999969 0.02825403 -7.66594e-5 -0.006999969 0.02825403 -7.66594e-5 -0.006999969 0.02825403 -7.66594e-5 -0.006999969 0.02825403 -7.66594e-5 -0.006999969 0.02774339 -0.009213209 -0.001351416 0.02774339 -0.009213209 -0.001351416 0.02774339 -0.009213209 -0.001351416 0.02774339 -0.009213209 -0.001351416 0.0277611 -0.008896648 -0.00146234 0.0277611 -0.008896648 -0.00146234 0.0277611 -0.008896648 -0.00146234 0.0277611 -0.008896648 -0.00146234 0.02777969 -0.008563399 -0.00149995 0.02777969 -0.008563399 -0.00149995 0.02777969 -0.008563399 -0.00149995 0.02779835 -0.008230149 -0.00146234 0.02779835 -0.008230149 -0.00146234 0.02779835 -0.008230149 -0.00146234 0.02781605 -0.007913589 -0.001351416 0.02781605 -0.007913589 -0.001351416 0.02781605 -0.007913589 -0.001351416 0.02783191 -0.007629632 -0.001172721 0.02783191 -0.007629632 -0.001172721 0.02783191 -0.007629632 -0.001172721 0.02784514 -0.007392466 -9.35233e-4 0.02784514 -0.007392466 -9.35233e-4 0.02784514 -0.007392466 -9.35233e-4 0.02785509 -0.007214069 -6.50824e-4 0.02785509 -0.007214069 -6.50824e-4 0.02785509 -0.007214069 -6.50824e-4 0.02786129 -0.007103264 -3.3378e-4 0.02786129 -0.007103264 -3.3378e-4 0.02786129 -0.007103264 -3.3378e-4 0.02786129 -0.007103264 -3.3378e-4 0.02803397 -0.004013717 -8.89251e-4 0.02803397 -0.004013717 -8.89251e-4 0.02803397 -0.004013717 -8.89251e-4 0.02803397 -0.004013717 -8.89251e-4 0.02804464 -0.003822445 -0.001299977 0.02804464 -0.003822445 -0.001299977 0.02804464 -0.003822445 -0.001299977 0.02805918 -0.003562927 -0.001671195 0.02805918 -0.003562927 -0.001671195 0.02805918 -0.003562927 -0.001671195 0.02807706 -0.003242969 -0.001991689 0.02807706 -0.003242969 -0.001991689 0.02807706 -0.003242969 -0.001991689 0.02809774 -0.002872288 -0.002251625 0.02809774 -0.002872288 -0.002251625 0.02809774 -0.002872288 -0.002251625 0.02809774 -0.002872288 -0.002251625 0.02809488 -0.002923667 -0.006349146 0.02809488 -0.002923667 -0.006349146 0.02809488 -0.002923667 -0.006349146 0.02808868 -0.003034412 -0.006666183 0.02808868 -0.003034412 -0.006666183 0.02808868 -0.003034412 -0.006666183 0.02808868 -0.003034412 -0.006666183 0.02808868 -0.003034412 -0.006666183 0.02825188 -1.14227e-4 -0.006666183 0.02825188 -1.14227e-4 -0.006666183 0.02825188 -1.14227e-4 -0.006666183 0.02825188 -1.14227e-4 -0.006666183 0.02825188 -1.14227e-4 -0.006666183 0.02824568 -2.24975e-4 -0.006349146 0.02824568 -2.24975e-4 -0.006349146 0.02824568 -2.24975e-4 -0.006349146 0.02824568 -2.24975e-4 -0.006349146 0.02824282 -2.76366e-4 -0.002251625 0.02824282 -2.76366e-4 -0.002251625 0.02824282 -2.76366e-4 -0.002251625 0.02808868 -0.003034412 0.006666183 0.02808868 -0.003034412 0.006666183 0.02808868 -0.003034412 0.006666183 0.02808868 -0.003034412 0.006666183 0.02809774 -0.002872288 0.002251625 0.02809774 -0.002872288 0.002251625 0.02809774 -0.002872288 0.002251625 0.02809774 -0.002872288 0.002251625 0.02809774 -0.002872288 0.002251625 0.02807706 -0.003242969 0.001991689 0.02807706 -0.003242969 0.001991689 0.02807706 -0.003242969 0.001991689 0.02805918 -0.003562927 0.001671195 0.02805918 -0.003562927 0.001671195 0.02805918 -0.003562927 0.001671195 0.02804464 -0.003822445 0.001299977 0.02804464 -0.003822445 0.001299977 0.02804464 -0.003822445 0.001299977 0.02803397 -0.004013717 8.89253e-4 0.02803397 -0.004013717 8.89253e-4 0.02803397 -0.004013717 8.89253e-4 0.02786129 -0.007103264 3.33782e-4 0.02786129 -0.007103264 3.33782e-4 0.02786129 -0.007103264 3.33782e-4 0.02785509 -0.007214069 6.50826e-4 0.02785509 -0.007214069 6.50826e-4 0.02785509 -0.007214069 6.50826e-4 0.02784514 -0.007392466 9.35235e-4 0.02784514 -0.007392466 9.35235e-4 0.02784514 -0.007392466 9.35235e-4 0.02783191 -0.007629632 0.001172721 0.02783191 -0.007629632 0.001172721 0.02783191 -0.007629632 0.001172721 0.02781605 -0.007913589 0.001351416 0.02781605 -0.007913589 0.001351416 0.02781605 -0.007913589 0.001351416 0.02779835 -0.008230149 0.00146234 0.02779835 -0.008230149 0.00146234 0.02779835 -0.008230149 0.00146234 0.02777969 -0.008563399 0.00149995 0.02777969 -0.008563399 0.00149995 0.02777969 -0.008563399 0.00149995 0.0277611 -0.008896648 0.00146234 0.0277611 -0.008896648 0.00146234 0.0277611 -0.008896648 0.00146234 0.02774339 -0.009213209 0.001351416 0.02774339 -0.009213209 0.001351416 0.02774339 -0.009213209 0.001351416 0.02825403 -7.66594e-5 0.006999969 0.02825403 -7.66594e-5 0.006999969 0.02825403 -7.66594e-5 0.006999969 0.02825403 -7.66594e-5 0.006999969 0.02825403 -7.66594e-5 0.006999969 0.02825188 -1.14227e-4 0.007333755 0.02825188 -1.14227e-4 0.007333755 0.02825188 -1.14227e-4 0.007333755 0.02825188 -1.14227e-4 0.007333755 0.02824568 -2.24975e-4 0.007650792 0.02824568 -2.24975e-4 0.007650792 0.02824568 -2.24975e-4 0.007650792 0.02824568 -2.24975e-4 0.007650792 0.02823573 -4.03411e-4 0.007935225 0.02823573 -4.03411e-4 0.007935225 0.02823573 -4.03411e-4 0.007935225 0.0282225 -6.40563e-4 0.00817269 0.0282225 -6.40563e-4 0.00817269 0.0282225 -6.40563e-4 0.00817269 0.02820664 -9.24514e-4 0.008351445 0.02820664 -9.24514e-4 0.008351445 0.02820664 -9.24514e-4 0.008351445 0.02818894 -0.001241028 0.008462369 0.02818894 -0.001241028 0.008462369 0.02818894 -0.001241028 0.008462369 0.02817028 -0.001574277 0.008499979 0.02817028 -0.001574277 0.008499979 0.02817028 -0.001574277 0.008499979 0.02815169 -0.001907587 0.008462369 0.02815169 -0.001907587 0.008462369 0.02815169 -0.001907587 0.008462369 0.02813398 -0.002224087 0.008351445 0.02813398 -0.002224087 0.008351445 0.02813398 -0.002224087 0.008351445 0.02811813 -0.002508044 0.00817269 0.02811813 -0.002508044 0.00817269 0.02811813 -0.002508044 0.00817269 0.02811813 -0.002508044 0.00817269 0.02875816 0.008944749 0.00771445 0.02875816 0.008944749 0.00771445 0.02875816 0.008944749 0.00771445 0.02877902 0.009317815 0.007296323 0.02877902 0.009317815 0.007296323 0.02877902 0.009317815 0.007296323 0.02877902 0.009317815 0.007296323 0.02826356 9.43153e-5 0.001991689 0.02826356 9.43153e-5 0.001991689 0.02826356 9.43153e-5 0.001991689 0.02826356 9.43153e-5 0.001991689 0.02852457 0.004764914 0.001351416 0.02852457 0.004764914 0.001351416 0.02852457 0.004764914 0.001351416 0.02852457 0.004764914 0.001351416 0.02829593 6.73829e-4 0.001299977 0.02829593 6.73829e-4 0.001299977 0.02829593 6.73829e-4 0.001299977 0.02829593 6.73829e-4 0.001299977 0.02829593 6.73829e-4 0.001299977 0.02829593 6.73829e-4 0.001299977 0.02854228 0.005081474 0.00146234 0.02854228 0.005081474 0.00146234 0.02854228 0.005081474 0.00146234 0.02854228 0.005081474 0.00146234 0.02828145 4.14292e-4 0.001671195 0.02828145 4.14292e-4 0.001671195 0.02828145 4.14292e-4 0.001671195 0.02829593 6.73829e-4 -0.001299977 0.02829593 6.73829e-4 -0.001299977 0.02829593 6.73829e-4 -0.001299977 0.02850872 0.004480957 -0.001172721 0.02850872 0.004480957 -0.001172721 0.02850872 0.004480957 -0.001172721 0.02852457 0.004764914 -0.001351416 0.02852457 0.004764914 -0.001351416 0.02852457 0.004764914 -0.001351416 0.02877902 0.009317815 -0.007296323 0.02877902 0.009317815 -0.007296323 0.02877902 0.009317815 -0.007296323 0.02877902 0.009317815 -0.007296323 0.02875816 0.008944749 -0.00771445 0.02875816 0.008944749 -0.00771445 0.02875816 0.008944749 -0.00771445 0.02875816 0.008944749 -0.00771445 0.02813398 -0.002224087 -0.005648493 0.02813398 -0.002224087 -0.005648493 0.02813398 -0.002224087 -0.005648493 0.02814513 -0.002025067 -0.002560496 0.02814513 -0.002025067 -0.002560496 0.02814513 -0.002025067 -0.002560496 0.02815169 -0.001907587 -0.005537569 0.02815169 -0.001907587 -0.005537569 0.02815169 -0.001907587 -0.005537569 0.02817028 -0.001574277 -0.005499958 0.02817028 -0.001574277 -0.005499958 0.02817028 -0.001574277 -0.005499958 0.02817028 -0.001574277 -0.002599954 0.02817028 -0.001574277 -0.002599954 0.02817028 -0.001574277 -0.002599954 0.02818894 -0.001241028 -0.005537569 0.02818894 -0.001241028 -0.005537569 0.02818894 -0.001241028 -0.005537569 0.0281955 -0.001123487 -0.002560496 0.0281955 -0.001123487 -0.002560496 0.0281955 -0.001123487 -0.002560496 0.02820664 -9.24514e-4 -0.005648493 0.02820664 -9.24514e-4 -0.005648493 0.02820664 -9.24514e-4 -0.005648493 0.02821993 -6.86462e-4 -0.002443194 0.02821993 -6.86462e-4 -0.002443194 0.02821993 -6.86462e-4 -0.002443194 0.0282225 -6.40563e-4 -0.005827248 0.0282225 -6.40563e-4 -0.005827248 0.0282225 -6.40563e-4 -0.005827248 0.02823573 -4.03411e-4 -0.006064713 0.02823573 -4.03411e-4 -0.006064713 0.02823573 -4.03411e-4 -0.006064713 0.02810484 -0.002745211 0.006064713 0.02810484 -0.002745211 0.006064713 0.02810484 -0.002745211 0.006064713 0.02812069 -0.002462148 0.002443194 0.02812069 -0.002462148 0.002443194 0.02812069 -0.002462148 0.002443194 0.02809488 -0.002923667 0.006349146 0.02809488 -0.002923667 0.006349146 0.02809488 -0.002923667 0.006349146 0.02809488 -0.002923667 0.006349146 0.02811813 -0.002508044 0.005827248 0.02811813 -0.002508044 0.005827248 0.02811813 -0.002508044 0.005827248 0.02817028 -0.001574277 0.002599954 0.02817028 -0.001574277 0.002599954 0.02817028 -0.001574277 0.002599954 0.02817028 -0.001574277 0.005499958 0.02817028 -0.001574277 0.005499958 0.02817028 -0.001574277 0.005499958 0.0281955 -0.001123487 0.002560496 0.0281955 -0.001123487 0.002560496 0.0281955 -0.001123487 0.002560496 0.02818894 -0.001241028 0.005537569 0.02818894 -0.001241028 0.005537569 0.02818894 -0.001241028 0.005537569 0.02821993 -6.86462e-4 0.002443194 0.02821993 -6.86462e-4 0.002443194 0.02821993 -6.86462e-4 0.002443194 0.02820664 -9.24514e-4 0.005648493 0.02820664 -9.24514e-4 0.005648493 0.02820664 -9.24514e-4 0.005648493 0.0282225 -6.40563e-4 0.005827248 0.0282225 -6.40563e-4 0.005827248 0.0282225 -6.40563e-4 0.005827248 0.02824282 -2.76366e-4 0.002251625 0.02824282 -2.76366e-4 0.002251625 0.02824282 -2.76366e-4 0.002251625 0.02823573 -4.03411e-4 0.006064713 0.02823573 -4.03411e-4 0.006064713 0.02823573 -4.03411e-4 0.006064713 0.02823573 -4.03411e-4 0.006064713 0.02824568 -2.24975e-4 0.006349146 0.02824568 -2.24975e-4 0.006349146 0.02824568 -2.24975e-4 0.006349146 0.02824568 -2.24975e-4 0.006349146 0.02825188 -1.14227e-4 0.006666183 0.02825188 -1.14227e-4 0.006666183 0.02825188 -1.14227e-4 0.006666183 0.02825188 -1.14227e-4 0.006666183 0.02825188 -1.14227e-4 0.006666183 0.03355312 0.005135715 0.00149995 0.03355312 0.005135715 0.00149995 0.03355312 0.005135715 0.00149995 0.03355312 0.005135715 0.00149995 0.03357172 0.005469024 0.00146234 0.03357172 0.005469024 0.00146234 0.03357172 0.005469024 0.00146234 0.03357172 0.005469024 0.00146234 0.03378933 0.009362757 0.006839036 0.03378933 0.009362757 0.006839036 0.03378933 0.009362757 0.006839036 0.03301966 -0.004409849 4.51486e-4 0.03301966 -0.004409849 4.51486e-4 0.03301966 -0.004409849 4.51486e-4 0.03301966 -0.004409849 4.51486e-4 0.03285562 -0.007344722 0 0.03285562 -0.007344722 0 0.03285562 -0.007344722 0 0.03285562 -0.007344722 0 0.03301745 -0.004449248 0 0.03301745 -0.004449248 0 0.03301745 -0.004449248 0 0.03301966 -0.004409849 -4.51484e-4 0.03301966 -0.004409849 -4.51484e-4 0.03301966 -0.004409849 -4.51484e-4 0.03348767 0.003964841 9.35235e-4 0.03348767 0.003964841 9.35235e-4 0.03348767 0.003964841 9.35235e-4 0.0335009 0.004201948 0.001172721 0.0335009 0.004201948 0.001172721 0.0335009 0.004201948 0.001172721 0.03329885 5.86076e-4 8.89253e-4 0.03329885 5.86076e-4 8.89253e-4 0.03329885 5.86076e-4 8.89253e-4 0.0333054 7.03187e-4 4.51486e-4 0.0333054 7.03187e-4 4.51486e-4 0.0333054 7.03187e-4 4.51486e-4 0.0333054 7.03187e-4 4.51486e-4 0.03348767 0.003964841 -9.35233e-4 0.03348767 0.003964841 -9.35233e-4 0.03348767 0.003964841 -9.35233e-4 0.0333054 7.03187e-4 -4.51484e-4 0.0333054 7.03187e-4 -4.51484e-4 0.0333054 7.03187e-4 -4.51484e-4 0.03329885 5.86076e-4 -8.89251e-4 0.03329885 5.86076e-4 -8.89251e-4 0.03329885 5.86076e-4 -8.89251e-4 0.03353446 0.004802465 -0.00146234 0.03353446 0.004802465 -0.00146234 0.03353446 0.004802465 -0.00146234 0.03353446 0.004802465 -0.00146234 0.03327363 1.353e-4 -0.001671195 0.03327363 1.353e-4 -0.001671195 0.03327363 1.353e-4 -0.001671195 0.03327363 1.353e-4 -0.001671195 0.03355312 0.005135715 -0.00149995 0.03355312 0.005135715 -0.00149995 0.03355312 0.005135715 -0.00149995 0.03355312 0.005135715 -0.00149995 0.03309708 -0.00302422 -0.006064713 0.03309708 -0.00302422 -0.006064713 0.03309708 -0.00302422 -0.006064713 0.03311032 -0.002787053 -0.005827248 0.03311032 -0.002787053 -0.005827248 0.03311032 -0.002787053 -0.005827248 0.03311288 -0.002741158 -0.002443194 0.03311288 -0.002741158 -0.002443194 0.03311288 -0.002741158 -0.002443194 0.03313732 -0.002304077 0.002560496 0.03313732 -0.002304077 0.002560496 0.03313732 -0.002304077 0.002560496 0.03314387 -0.002186536 0.005537569 0.03314387 -0.002186536 0.005537569 0.03314387 -0.002186536 0.005537569 0.03312617 -0.002503097 0.005648493 0.03312617 -0.002503097 0.005648493 0.03312617 -0.002503097 0.005648493 0.03330761 7.42616e-4 0 0.03330761 7.42616e-4 0 0.03330761 7.42616e-4 0 0.03330761 7.42616e-4 0 0.03347772 0.003786385 -6.50824e-4 0.03347772 0.003786385 -6.50824e-4 0.03347772 0.003786385 -6.50824e-4 0.03347152 0.003675639 -3.3378e-4 0.03347152 0.003675639 -3.3378e-4 0.03347152 0.003675639 -3.3378e-4 0.03346943 0.003638088 0 0.03346943 0.003638088 0 0.03346943 0.003638088 0 0.03347152 0.003675639 3.33782e-4 0.03347152 0.003675639 3.33782e-4 0.03347152 0.003675639 3.33782e-4 0.03347772 0.003786385 6.50826e-4 0.03347772 0.003786385 6.50826e-4 0.03347772 0.003786385 6.50826e-4 0.03378933 0.009362757 -0.006839036 0.03378933 0.009362757 -0.006839036 0.03378933 0.009362757 -0.006839036 0.03378933 0.009362757 -0.006839036 0.03378933 0.009362757 -0.006839036 0.03378933 0.009362757 -0.006839036 0.03380447 0.009633541 -0.006348311 0.03380447 0.009633541 -0.006348311 0.03380447 0.009633541 -0.006348311 0.03381645 0.009847819 -0.005830287 0.03381645 0.009847819 -0.005830287 0.03381645 0.009847819 -0.005830287 0.03381645 0.009847819 -0.005830287 0.03382509 0.01000279 -0.005291521 0.03382509 0.01000279 -0.005291521 0.03382509 0.01000279 -0.005291521 0.03382509 0.01000279 -0.005291521 0.03383034 0.01009654 -0.004738748 0.03383034 0.01009654 -0.004738748 0.03383034 0.01009654 -0.004738748 0.03383034 0.01009654 -0.004738748 0.03383213 0.01012796 -0.004178881 0.03383213 0.01012796 -0.004178881 0.03383213 0.01012796 -0.004178881 0.03383213 0.01012796 -0.004178881 0.0336368 0.0066334 0 0.0336368 0.0066334 0 0.0336368 0.0066334 0 0.0336368 0.0066334 0 0.03363472 0.006595849 -3.3378e-4 0.03363472 0.006595849 -3.3378e-4 0.03363472 0.006595849 -3.3378e-4 0.03363472 0.006595849 -3.3378e-4 0.03362852 0.006485104 -6.50824e-4 0.03362852 0.006485104 -6.50824e-4 0.03362852 0.006485104 -6.50824e-4 0.03361856 0.006306648 -9.35233e-4 0.03361856 0.006306648 -9.35233e-4 0.03361856 0.006306648 -9.35233e-4 0.03360527 0.00606954 -0.001172721 0.03360527 0.00606954 -0.001172721 0.03360527 0.00606954 -0.001172721 0.03358942 0.005785584 -0.001351416 0.03358942 0.005785584 -0.001351416 0.03358942 0.005785584 -0.001351416 0.03358942 0.005785584 -0.001351416 0.03357172 0.005469024 -0.00146234 0.03357172 0.005469024 -0.00146234 0.03357172 0.005469024 -0.00146234 0.03325575 -1.84676e-4 -0.001991689 0.03325575 -1.84676e-4 -0.001991689 0.03325575 -1.84676e-4 -0.001991689 0.03325575 -1.84676e-4 -0.001991689 0.03325575 -1.84676e-4 -0.001991689 0.03325575 -1.84676e-4 -0.001991689 0.03361856 0.006306648 9.35235e-4 0.03361856 0.006306648 9.35235e-4 0.03361856 0.006306648 9.35235e-4 0.03361856 0.006306648 9.35235e-4 0.03361856 0.006306648 9.35235e-4 0.03362852 0.006485104 6.50826e-4 0.03362852 0.006485104 6.50826e-4 0.03362852 0.006485104 6.50826e-4 0.03362852 0.006485104 6.50826e-4 0.03362852 0.006485104 6.50826e-4 0.03363472 0.006595849 3.33782e-4 0.03363472 0.006595849 3.33782e-4 0.03363472 0.006595849 3.33782e-4 0.03363472 0.006595849 3.33782e-4 0.03383213 0.01012796 0.004178881 0.03383213 0.01012796 0.004178881 0.03383213 0.01012796 0.004178881 0.03358942 0.005785584 0.001351416 0.03358942 0.005785584 0.001351416 0.03358942 0.005785584 0.001351416 0.03360527 0.00606954 0.001172721 0.03360527 0.00606954 0.001172721 0.03360527 0.00606954 0.001172721 0.03383034 0.01009654 0.004738748 0.03383034 0.01009654 0.004738748 0.03383034 0.01009654 0.004738748 0.03382509 0.01000279 0.005291521 0.03382509 0.01000279 0.005291521 0.03382509 0.01000279 0.005291521 0.03381645 0.009847819 0.005830287 0.03381645 0.009847819 0.005830287 0.03381645 0.009847819 0.005830287 0.03380447 0.009633541 0.006348311 0.03380447 0.009633541 0.006348311 0.03380447 0.009633541 0.006348311 0.03124141 -0.03622859 -0.01424998 0.03124141 -0.03622859 -0.01424998 0.03124141 -0.03622859 -0.01424998 0.03124141 -0.03622859 -0.01424998 0.03338569 0.002140402 -0.01424998 0.03338569 0.002140402 -0.01424998 0.03338569 0.002140402 -0.01424998 0.03338569 0.002140402 -0.01424998 0.03309708 -0.00302422 -0.007935225 0.03309708 -0.00302422 -0.007935225 0.03309708 -0.00302422 -0.007935225 0.03309708 -0.00302422 -0.007935225 0.03308707 -0.003202617 -0.007650792 0.03308707 -0.003202617 -0.007650792 0.03308707 -0.003202617 -0.007650792 0.03308093 -0.003313422 -0.007333755 0.03308093 -0.003313422 -0.007333755 0.03308093 -0.003313422 -0.007333755 0.03308093 -0.003313422 -0.007333755 0.03307878 -0.003350973 -0.006999969 0.03307878 -0.003350973 -0.006999969 0.03307878 -0.003350973 -0.006999969 0.03307878 -0.003350973 -0.006999969 0.03307878 -0.003350973 -0.006999969 0.03271973 -0.009776175 -0.001172721 0.03271973 -0.009776175 -0.001172721 0.03271973 -0.009776175 -0.001172721 0.03270649 -0.01001328 -9.35233e-4 0.03270649 -0.01001328 -9.35233e-4 0.03270649 -0.01001328 -9.35233e-4 0.03269648 -0.01019173 -6.50824e-4 0.03269648 -0.01019173 -6.50824e-4 0.03269648 -0.01019173 -6.50824e-4 0.03269034 -0.01030248 -3.3378e-4 0.03269034 -0.01030248 -3.3378e-4 0.03269034 -0.01030248 -3.3378e-4 0.03269034 -0.01030248 -3.3378e-4 0.0326882 -0.01034003 0 0.0326882 -0.01034003 0 0.0326882 -0.01034003 0 0.0326882 -0.01034003 0 0.03269034 -0.01030248 3.33782e-4 0.03269034 -0.01030248 3.33782e-4 0.03269034 -0.01030248 3.33782e-4 0.03269648 -0.01019173 6.50826e-4 0.03269648 -0.01019173 6.50826e-4 0.03269648 -0.01019173 6.50826e-4 0.03270649 -0.01001328 9.35235e-4 0.03270649 -0.01001328 9.35235e-4 0.03270649 -0.01001328 9.35235e-4 0.03271973 -0.009776175 0.001172721 0.03271973 -0.009776175 0.001172721 0.03271973 -0.009776175 0.001172721 0.03307878 -0.003350973 0.006999969 0.03307878 -0.003350973 0.006999969 0.03307878 -0.003350973 0.006999969 0.03307878 -0.003350973 0.006999969 0.03307878 -0.003350973 0.006999969 0.03307878 -0.003350973 0.006999969 0.03308093 -0.003313422 0.007333755 0.03308093 -0.003313422 0.007333755 0.03308093 -0.003313422 0.007333755 0.03308707 -0.003202617 0.007650792 0.03308707 -0.003202617 0.007650792 0.03308707 -0.003202617 0.007650792 0.03308707 -0.003202617 0.007650792 0.03309708 -0.00302422 0.007935225 0.03309708 -0.00302422 0.007935225 0.03309708 -0.00302422 0.007935225 0.03309708 -0.00302422 0.007935225 0.03338569 0.002140402 0.01424998 0.03338569 0.002140402 0.01424998 0.03338569 0.002140402 0.01424998 0.03338569 0.002140402 0.01424998 0.03124141 -0.03622859 0.01424998 0.03124141 -0.03622859 0.01424998 0.03124141 -0.03622859 0.01424998 0.03324621 -3.55666e-4 -0.006999969 0.03324621 -3.55666e-4 -0.006999969 0.03324621 -3.55666e-4 -0.006999969 0.03324621 -3.55666e-4 -0.006999969 0.03324621 -3.55666e-4 -0.006999969 0.03324413 -3.93218e-4 -0.007333755 0.03324413 -3.93218e-4 -0.007333755 0.03324413 -3.93218e-4 -0.007333755 0.03324413 -3.93218e-4 -0.007333755 0.03323793 -5.03982e-4 -0.007650792 0.03323793 -5.03982e-4 -0.007650792 0.03323793 -5.03982e-4 -0.007650792 0.03322798 -6.82403e-4 -0.007935225 0.03322798 -6.82403e-4 -0.007935225 0.03322798 -6.82403e-4 -0.007935225 0.03321468 -9.19555e-4 -0.00817269 0.03321468 -9.19555e-4 -0.00817269 0.03321468 -9.19555e-4 -0.00817269 0.03319883 -0.001203477 -0.008351445 0.03319883 -0.001203477 -0.008351445 0.03319883 -0.001203477 -0.008351445 0.03318113 -0.001520037 -0.008462369 0.03318113 -0.001520037 -0.008462369 0.03318113 -0.001520037 -0.008462369 0.03316253 -0.001853287 -0.008499979 0.03316253 -0.001853287 -0.008499979 0.03316253 -0.001853287 -0.008499979 0.03314387 -0.002186536 -0.008462369 0.03314387 -0.002186536 -0.008462369 0.03314387 -0.002186536 -0.008462369 0.03312617 -0.002503097 -0.008351445 0.03312617 -0.002503097 -0.008351445 0.03312617 -0.002503097 -0.008351445 0.03311032 -0.002787053 -0.00817269 0.03311032 -0.002787053 -0.00817269 0.03311032 -0.002787053 -0.00817269 0.03311032 -0.002787053 -0.00817269 0.03306925 -0.003521919 -0.001991689 0.03306925 -0.003521919 -0.001991689 0.03306925 -0.003521919 -0.001991689 0.03305137 -0.003841876 -0.001671195 0.03305137 -0.003841876 -0.001671195 0.03305137 -0.003841876 -0.001671195 0.03303688 -0.004101455 -0.001299977 0.03303688 -0.004101455 -0.001299977 0.03303688 -0.004101455 -0.001299977 0.03302615 -0.004292666 -8.89251e-4 0.03302615 -0.004292666 -8.89251e-4 0.03302615 -0.004292666 -8.89251e-4 0.03285354 -0.007382273 -3.3378e-4 0.03285354 -0.007382273 -3.3378e-4 0.03285354 -0.007382273 -3.3378e-4 0.03284734 -0.007493078 -6.50824e-4 0.03284734 -0.007493078 -6.50824e-4 0.03284734 -0.007493078 -6.50824e-4 0.03283739 -0.007671475 -9.35233e-4 0.03283739 -0.007671475 -9.35233e-4 0.03283739 -0.007671475 -9.35233e-4 0.03282409 -0.007908582 -0.001172721 0.03282409 -0.007908582 -0.001172721 0.03282409 -0.007908582 -0.001172721 0.03280824 -0.008192598 -0.001351416 0.03280824 -0.008192598 -0.001351416 0.03280824 -0.008192598 -0.001351416 0.03279054 -0.008509099 -0.00146234 0.03279054 -0.008509099 -0.00146234 0.03279054 -0.008509099 -0.00146234 0.03277194 -0.008842408 -0.00149995 0.03277194 -0.008842408 -0.00149995 0.03277194 -0.008842408 -0.00149995 0.03275328 -0.009175658 -0.00146234 0.03275328 -0.009175658 -0.00146234 0.03275328 -0.009175658 -0.00146234 0.03273558 -0.009492158 -0.001351416 0.03273558 -0.009492158 -0.001351416 0.03273558 -0.009492158 -0.001351416 0.03308999 -0.003151237 -0.002251625 0.03308999 -0.003151237 -0.002251625 0.03308999 -0.003151237 -0.002251625 0.03308999 -0.003151237 -0.002251625 0.03308093 -0.003313422 -0.006666183 0.03308093 -0.003313422 -0.006666183 0.03308093 -0.003313422 -0.006666183 0.03308093 -0.003313422 -0.006666183 0.03308707 -0.003202617 -0.006349146 0.03308707 -0.003202617 -0.006349146 0.03308707 -0.003202617 -0.006349146 0.03323507 -5.55358e-4 -0.002251625 0.03323507 -5.55358e-4 -0.002251625 0.03323507 -5.55358e-4 -0.002251625 0.03323507 -5.55358e-4 -0.002251625 0.03323507 -5.55358e-4 -0.002251625 0.03323793 -5.03982e-4 -0.006349146 0.03323793 -5.03982e-4 -0.006349146 0.03323793 -5.03982e-4 -0.006349146 0.03323793 -5.03982e-4 -0.006349146 0.03323793 -5.03982e-4 -0.006349146 0.03324413 -3.93218e-4 -0.006666183 0.03324413 -3.93218e-4 -0.006666183 0.03324413 -3.93218e-4 -0.006666183 0.03324413 -3.93218e-4 -0.006666183 0.03324413 -3.93218e-4 -0.006666183 0.03273558 -0.009492158 0.001351416 0.03273558 -0.009492158 0.001351416 0.03273558 -0.009492158 0.001351416 0.03275328 -0.009175658 0.00146234 0.03275328 -0.009175658 0.00146234 0.03275328 -0.009175658 0.00146234 0.03277194 -0.008842408 0.00149995 0.03277194 -0.008842408 0.00149995 0.03277194 -0.008842408 0.00149995 0.03279054 -0.008509099 0.00146234 0.03279054 -0.008509099 0.00146234 0.03279054 -0.008509099 0.00146234 0.03280824 -0.008192598 0.001351416 0.03280824 -0.008192598 0.001351416 0.03280824 -0.008192598 0.001351416 0.03282409 -0.007908582 0.001172721 0.03282409 -0.007908582 0.001172721 0.03282409 -0.007908582 0.001172721 0.03283739 -0.007671475 9.35235e-4 0.03283739 -0.007671475 9.35235e-4 0.03283739 -0.007671475 9.35235e-4 0.03284734 -0.007493078 6.50826e-4 0.03284734 -0.007493078 6.50826e-4 0.03284734 -0.007493078 6.50826e-4 0.03285354 -0.007382273 3.33782e-4 0.03285354 -0.007382273 3.33782e-4 0.03285354 -0.007382273 3.33782e-4 0.03285354 -0.007382273 3.33782e-4 0.03302615 -0.004292666 8.89253e-4 0.03302615 -0.004292666 8.89253e-4 0.03302615 -0.004292666 8.89253e-4 0.03302615 -0.004292666 8.89253e-4 0.03303688 -0.004101455 0.001299977 0.03303688 -0.004101455 0.001299977 0.03303688 -0.004101455 0.001299977 0.03305137 -0.003841876 0.001671195 0.03305137 -0.003841876 0.001671195 0.03305137 -0.003841876 0.001671195 0.03306925 -0.003521919 0.001991689 0.03306925 -0.003521919 0.001991689 0.03306925 -0.003521919 0.001991689 0.03308999 -0.003151237 0.002251625 0.03308999 -0.003151237 0.002251625 0.03308999 -0.003151237 0.002251625 0.03308999 -0.003151237 0.002251625 0.03308999 -0.003151237 0.002251625 0.03308093 -0.003313422 0.006666183 0.03308093 -0.003313422 0.006666183 0.03308093 -0.003313422 0.006666183 0.03308093 -0.003313422 0.006666183 0.03308093 -0.003313422 0.006666183 0.03311032 -0.002787053 0.00817269 0.03311032 -0.002787053 0.00817269 0.03311032 -0.002787053 0.00817269 0.03311032 -0.002787053 0.00817269 0.03312617 -0.002503097 0.008351445 0.03312617 -0.002503097 0.008351445 0.03312617 -0.002503097 0.008351445 0.03314387 -0.002186536 0.008462369 0.03314387 -0.002186536 0.008462369 0.03314387 -0.002186536 0.008462369 0.03316253 -0.001853287 0.008499979 0.03316253 -0.001853287 0.008499979 0.03316253 -0.001853287 0.008499979 0.03318113 -0.001520037 0.008462369 0.03318113 -0.001520037 0.008462369 0.03318113 -0.001520037 0.008462369 0.03319883 -0.001203477 0.008351445 0.03319883 -0.001203477 0.008351445 0.03319883 -0.001203477 0.008351445 0.03321468 -9.19555e-4 0.00817269 0.03321468 -9.19555e-4 0.00817269 0.03321468 -9.19555e-4 0.00817269 0.03322798 -6.82403e-4 0.007935225 0.03322798 -6.82403e-4 0.007935225 0.03322798 -6.82403e-4 0.007935225 0.03322798 -6.82403e-4 0.007935225 0.03323793 -5.03982e-4 0.007650792 0.03323793 -5.03982e-4 0.007650792 0.03323793 -5.03982e-4 0.007650792 0.03323793 -5.03982e-4 0.007650792 0.03324413 -3.93218e-4 0.007333755 0.03324413 -3.93218e-4 0.007333755 0.03324413 -3.93218e-4 0.007333755 0.03324413 -3.93218e-4 0.007333755 0.03324621 -3.55666e-4 0.006999969 0.03324621 -3.55666e-4 0.006999969 0.03324621 -3.55666e-4 0.006999969 0.03324621 -3.55666e-4 0.006999969 0.03324621 -3.55666e-4 0.006999969 0.03325575 -1.84676e-4 0.001991689 0.03325575 -1.84676e-4 0.001991689 0.03325575 -1.84676e-4 0.001991689 0.03325575 -1.84676e-4 0.001991689 0.03377121 0.009038805 0.007296323 0.03377121 0.009038805 0.007296323 0.03377121 0.009038805 0.007296323 0.03375041 0.00866574 0.00771445 0.03375041 0.00866574 0.00771445 0.03375041 0.00866574 0.00771445 0.03375041 0.00866574 0.00771445 0.03353446 0.004802465 0.00146234 0.03353446 0.004802465 0.00146234 0.03353446 0.004802465 0.00146234 0.03353446 0.004802465 0.00146234 0.03328818 3.94822e-4 0.001299977 0.03328818 3.94822e-4 0.001299977 0.03328818 3.94822e-4 0.001299977 0.03328818 3.94822e-4 0.001299977 0.03351682 0.004485905 0.001351416 0.03351682 0.004485905 0.001351416 0.03351682 0.004485905 0.001351416 0.03327363 1.353e-4 0.001671195 0.03327363 1.353e-4 0.001671195 0.03327363 1.353e-4 0.001671195 0.03327363 1.353e-4 0.001671195 0.03351682 0.004485905 -0.001351416 0.03351682 0.004485905 -0.001351416 0.03351682 0.004485905 -0.001351416 0.0335009 0.004201948 -0.001172721 0.0335009 0.004201948 -0.001172721 0.0335009 0.004201948 -0.001172721 0.03328818 3.94822e-4 -0.001299977 0.03328818 3.94822e-4 -0.001299977 0.03328818 3.94822e-4 -0.001299977 0.03328818 3.94822e-4 -0.001299977 0.03377121 0.009038805 -0.007296323 0.03377121 0.009038805 -0.007296323 0.03377121 0.009038805 -0.007296323 0.03377121 0.009038805 -0.007296323 0.03375041 0.00866574 -0.00771445 0.03375041 0.00866574 -0.00771445 0.03375041 0.00866574 -0.00771445 0.03314387 -0.002186536 -0.005537569 0.03314387 -0.002186536 -0.005537569 0.03314387 -0.002186536 -0.005537569 0.03313732 -0.002304077 -0.002560496 0.03313732 -0.002304077 -0.002560496 0.03313732 -0.002304077 -0.002560496 0.03312617 -0.002503097 -0.005648493 0.03312617 -0.002503097 -0.005648493 0.03312617 -0.002503097 -0.005648493 0.03321468 -9.19555e-4 -0.005827248 0.03321468 -9.19555e-4 -0.005827248 0.03321468 -9.19555e-4 -0.005827248 0.03321212 -9.65453e-4 -0.002443194 0.03321212 -9.65453e-4 -0.002443194 0.03321212 -9.65453e-4 -0.002443194 0.03319883 -0.001203477 -0.005648493 0.03319883 -0.001203477 -0.005648493 0.03319883 -0.001203477 -0.005648493 0.03318768 -0.001402497 -0.002560496 0.03318768 -0.001402497 -0.002560496 0.03318768 -0.001402497 -0.002560496 0.03318113 -0.001520037 -0.005537569 0.03318113 -0.001520037 -0.005537569 0.03318113 -0.001520037 -0.005537569 0.03316253 -0.001853287 -0.002599954 0.03316253 -0.001853287 -0.002599954 0.03316253 -0.001853287 -0.002599954 0.03316253 -0.001853287 -0.005499958 0.03316253 -0.001853287 -0.005499958 0.03316253 -0.001853287 -0.005499958 0.03322798 -6.82403e-4 -0.006064713 0.03322798 -6.82403e-4 -0.006064713 0.03322798 -6.82403e-4 -0.006064713 0.03322798 -6.82403e-4 -0.006064713 0.03322798 -6.82403e-4 -0.006064713 0.03308707 -0.003202617 0.006349146 0.03308707 -0.003202617 0.006349146 0.03308707 -0.003202617 0.006349146 0.03308707 -0.003202617 0.006349146 0.03311288 -0.002741158 0.002443194 0.03311288 -0.002741158 0.002443194 0.03311288 -0.002741158 0.002443194 0.03311288 -0.002741158 0.002443194 0.03309708 -0.00302422 0.006064713 0.03309708 -0.00302422 0.006064713 0.03309708 -0.00302422 0.006064713 0.03309708 -0.00302422 0.006064713 0.03311032 -0.002787053 0.005827248 0.03311032 -0.002787053 0.005827248 0.03311032 -0.002787053 0.005827248 0.03321468 -9.19555e-4 0.005827248 0.03321468 -9.19555e-4 0.005827248 0.03321468 -9.19555e-4 0.005827248 0.03319883 -0.001203477 0.005648493 0.03319883 -0.001203477 0.005648493 0.03319883 -0.001203477 0.005648493 0.03321212 -9.65453e-4 0.002443194 0.03321212 -9.65453e-4 0.002443194 0.03321212 -9.65453e-4 0.002443194 0.03318113 -0.001520037 0.005537569 0.03318113 -0.001520037 0.005537569 0.03318113 -0.001520037 0.005537569 0.03318768 -0.001402497 0.002560496 0.03318768 -0.001402497 0.002560496 0.03318768 -0.001402497 0.002560496 0.03316253 -0.001853287 0.005499958 0.03316253 -0.001853287 0.005499958 0.03316253 -0.001853287 0.005499958 0.03316253 -0.001853287 0.002599954 0.03316253 -0.001853287 0.002599954 0.03316253 -0.001853287 0.002599954 0.03323793 -5.03982e-4 0.006349146 0.03323793 -5.03982e-4 0.006349146 0.03323793 -5.03982e-4 0.006349146 0.03323793 -5.03982e-4 0.006349146 0.03323793 -5.03982e-4 0.006349146 0.03322798 -6.82403e-4 0.006064713 0.03322798 -6.82403e-4 0.006064713 0.03322798 -6.82403e-4 0.006064713 0.03322798 -6.82403e-4 0.006064713 0.03323507 -5.55358e-4 0.002251625 0.03323507 -5.55358e-4 0.002251625 0.03323507 -5.55358e-4 0.002251625 0.03323507 -5.55358e-4 0.002251625 0.03324413 -3.93218e-4 0.006666183 0.03324413 -3.93218e-4 0.006666183 0.03324413 -3.93218e-4 0.006666183 0.03324413 -3.93218e-4 0.006666183 0.03324413 -3.93218e-4 0.006666183 -0.01549994 -0.0482102 -0.01424998 -0.01549994 -0.0482102 -0.01424998 -0.01549994 -0.0482102 -0.01424998 -0.01549994 -0.0482102 -0.01424998 -0.01763761 -0.08646017 -0.006463706 -0.01763761 -0.08646017 -0.006463706 -0.01763761 -0.08646017 -0.006463706 -0.01763761 -0.08646017 -0.006463706 -0.01759827 -0.08575618 -0.006540358 -0.01759827 -0.08575618 -0.006540358 -0.01759827 -0.08575618 -0.006540358 -0.01759827 -0.08575618 -0.006540358 -0.01755869 -0.08504807 -0.006540358 -0.01755869 -0.08504807 -0.006540358 -0.01755869 -0.08504807 -0.006540358 -0.01755869 -0.08504807 -0.006540358 -0.01751935 -0.08434414 -0.006463706 -0.01751935 -0.08434414 -0.006463706 -0.01751935 -0.08434414 -0.006463706 -0.01748067 -0.08365255 -0.006311237 -0.01748067 -0.08365255 -0.006311237 -0.01748067 -0.08365255 -0.006311237 -0.01744318 -0.08298152 -0.00608474 -0.01744318 -0.08298152 -0.00608474 -0.01744318 -0.08298152 -0.00608474 -0.01744318 -0.08298152 -0.00608474 -0.01740723 -0.08233886 -0.005786955 -0.01740723 -0.08233886 -0.005786955 -0.01740723 -0.08233886 -0.005786955 -0.01737338 -0.08173209 -0.00542134 -0.01737338 -0.08173209 -0.00542134 -0.01737338 -0.08173209 -0.00542134 -0.01734185 -0.08116835 -0.004992127 -0.01734185 -0.08116835 -0.004992127 -0.01734185 -0.08116835 -0.004992127 -0.01731312 -0.08065432 -0.004504382 -0.01731312 -0.08065432 -0.004504382 -0.01731312 -0.08065432 -0.004504382 -0.01728749 -0.0801959 -0.003963887 -0.01728749 -0.0801959 -0.003963887 -0.01728749 -0.0801959 -0.003963887 -0.01726531 -0.07979846 -0.003376841 -0.01726531 -0.07979846 -0.003376841 -0.01726531 -0.07979846 -0.003376841 -0.01726531 -0.07979846 -0.003376841 -0.01724678 -0.07946681 -0.002750217 -0.01724678 -0.07946681 -0.002750217 -0.01724678 -0.07946681 -0.002750217 -0.01724678 -0.07946681 -0.002750217 -0.01723212 -0.07920473 -0.002091407 -0.01723212 -0.07920473 -0.002091407 -0.01723212 -0.07920473 -0.002091407 -0.01723212 -0.07920473 -0.002091407 -0.01722151 -0.07901525 -0.00140804 -0.01722151 -0.07901525 -0.00140804 -0.01722151 -0.07901525 -0.00140804 -0.01721513 -0.07890069 -7.08178e-4 -0.01721513 -0.07890069 -7.08178e-4 -0.01721513 -0.07890069 -7.08178e-4 -0.01721298 -0.07886236 0 -0.01721298 -0.07886236 0 -0.01721298 -0.07886236 0 -0.01549994 -0.0482102 0.01424998 -0.01549994 -0.0482102 0.01424998 -0.01549994 -0.0482102 0.01424998 -0.01549994 -0.0482102 0.01424998 -0.01834571 -0.09913074 -0.01424998 -0.01834571 -0.09913074 -0.01424998 -0.01834571 -0.09913074 -0.01424998 -0.01794391 -0.09194195 0 -0.01794391 -0.09194195 0 -0.01794391 -0.09194195 0 -0.01794391 -0.09194195 0 -0.01794183 -0.09190362 -7.08178e-4 -0.01794183 -0.09190362 -7.08178e-4 -0.01794183 -0.09190362 -7.08178e-4 -0.01794183 -0.09190362 -7.08178e-4 -0.01793539 -0.09178906 -0.00140804 -0.01793539 -0.09178906 -0.00140804 -0.01793539 -0.09178906 -0.00140804 -0.01793539 -0.09178906 -0.00140804 -0.01792484 -0.09159964 -0.002091407 -0.01792484 -0.09159964 -0.002091407 -0.01792484 -0.09159964 -0.002091407 -0.01792484 -0.09159964 -0.002091407 -0.01791018 -0.0913375 -0.002750217 -0.01791018 -0.0913375 -0.002750217 -0.01791018 -0.0913375 -0.002750217 -0.01789164 -0.0910058 -0.003376841 -0.01789164 -0.0910058 -0.003376841 -0.01789164 -0.0910058 -0.003376841 -0.01786941 -0.09060841 -0.003963887 -0.01786941 -0.09060841 -0.003963887 -0.01786941 -0.09060841 -0.003963887 -0.01784378 -0.09014999 -0.004504382 -0.01784378 -0.09014999 -0.004504382 -0.01784378 -0.09014999 -0.004504382 -0.01781505 -0.0896359 -0.004992127 -0.01781505 -0.0896359 -0.004992127 -0.01781505 -0.0896359 -0.004992127 -0.01778358 -0.08907216 -0.00542134 -0.01778358 -0.08907216 -0.00542134 -0.01778358 -0.08907216 -0.00542134 -0.01778358 -0.08907216 -0.00542134 -0.01774966 -0.08846545 -0.005786955 -0.01774966 -0.08846545 -0.005786955 -0.01774966 -0.08846545 -0.005786955 -0.01771372 -0.08782279 -0.00608474 -0.01771372 -0.08782279 -0.00608474 -0.01771372 -0.08782279 -0.00608474 -0.01767623 -0.08715176 -0.006311237 -0.01767623 -0.08715176 -0.006311237 -0.01767623 -0.08715176 -0.006311237 -0.01853621 -0.1025396 -0.01083576 -0.01853621 -0.1025396 -0.01083576 -0.01853621 -0.1025396 -0.01083576 -0.01855009 -0.102788 -0.01053267 -0.01855009 -0.102788 -0.01053267 -0.01855009 -0.102788 -0.01053267 -0.0185604 -0.1029725 -0.01018691 -0.0185604 -0.1029725 -0.01018691 -0.0185604 -0.1029725 -0.01018691 -0.0185604 -0.1029725 -0.01018691 -0.01856672 -0.1030861 -0.009811699 -0.01856672 -0.1030861 -0.009811699 -0.01856672 -0.1030861 -0.009811699 -0.01856672 -0.1030861 -0.009811699 -0.01856887 -0.1031245 -0.009421527 -0.01856887 -0.1031245 -0.009421527 -0.01856887 -0.1031245 -0.009421527 -0.01856887 -0.1031245 0.009421527 -0.01856887 -0.1031245 0.009421527 -0.01856887 -0.1031245 0.009421527 -0.01856672 -0.1030861 0.009811699 -0.01856672 -0.1030861 0.009811699 -0.01856672 -0.1030861 0.009811699 -0.01856672 -0.1030861 0.009811699 -0.0185604 -0.1029725 0.01018691 -0.0185604 -0.1029725 0.01018691 -0.0185604 -0.1029725 0.01018691 -0.0185604 -0.1029725 0.01018691 -0.01855009 -0.102788 0.01053267 -0.01855009 -0.102788 0.01053267 -0.01855009 -0.102788 0.01053267 -0.01853621 -0.1025396 0.01083576 -0.01853621 -0.1025396 0.01083576 -0.01853621 -0.1025396 0.01083576 -0.01834571 -0.09913074 0.01424998 -0.01834571 -0.09913074 0.01424998 -0.01834571 -0.09913074 0.01424998 -0.01721513 -0.07890069 7.0818e-4 -0.01721513 -0.07890069 7.0818e-4 -0.01721513 -0.07890069 7.0818e-4 -0.01722151 -0.07901525 0.00140804 -0.01722151 -0.07901525 0.00140804 -0.01722151 -0.07901525 0.00140804 -0.01722151 -0.07901525 0.00140804 -0.01723212 -0.07920473 0.002091407 -0.01723212 -0.07920473 0.002091407 -0.01723212 -0.07920473 0.002091407 -0.01724678 -0.07946681 0.002750217 -0.01724678 -0.07946681 0.002750217 -0.01724678 -0.07946681 0.002750217 -0.01724678 -0.07946681 0.002750217 -0.01726531 -0.07979846 0.003376841 -0.01726531 -0.07979846 0.003376841 -0.01726531 -0.07979846 0.003376841 -0.01728749 -0.0801959 0.003963887 -0.01728749 -0.0801959 0.003963887 -0.01728749 -0.0801959 0.003963887 -0.01731312 -0.08065432 0.004504382 -0.01731312 -0.08065432 0.004504382 -0.01731312 -0.08065432 0.004504382 -0.01734185 -0.08116835 0.004992127 -0.01734185 -0.08116835 0.004992127 -0.01734185 -0.08116835 0.004992127 -0.01737338 -0.08173209 0.00542134 -0.01737338 -0.08173209 0.00542134 -0.01737338 -0.08173209 0.00542134 -0.01740723 -0.08233886 0.005786955 -0.01740723 -0.08233886 0.005786955 -0.01740723 -0.08233886 0.005786955 -0.01740723 -0.08233886 0.005786955 -0.01744318 -0.08298152 0.00608474 -0.01744318 -0.08298152 0.00608474 -0.01744318 -0.08298152 0.00608474 -0.01748067 -0.08365255 0.006311237 -0.01748067 -0.08365255 0.006311237 -0.01748067 -0.08365255 0.006311237 -0.01751935 -0.08434414 0.006463706 -0.01751935 -0.08434414 0.006463706 -0.01751935 -0.08434414 0.006463706 -0.01751935 -0.08434414 0.006463706 -0.01755869 -0.08504807 0.006540358 -0.01755869 -0.08504807 0.006540358 -0.01755869 -0.08504807 0.006540358 -0.01759827 -0.08575618 0.006540358 -0.01759827 -0.08575618 0.006540358 -0.01759827 -0.08575618 0.006540358 -0.01759827 -0.08575618 0.006540358 -0.01763761 -0.08646017 0.006463706 -0.01763761 -0.08646017 0.006463706 -0.01763761 -0.08646017 0.006463706 -0.01763761 -0.08646017 0.006463706 -0.01767623 -0.08715176 0.006311237 -0.01767623 -0.08715176 0.006311237 -0.01767623 -0.08715176 0.006311237 -0.01767623 -0.08715176 0.006311237 -0.01771372 -0.08782279 0.00608474 -0.01771372 -0.08782279 0.00608474 -0.01771372 -0.08782279 0.00608474 -0.01774966 -0.08846545 0.005786955 -0.01774966 -0.08846545 0.005786955 -0.01774966 -0.08846545 0.005786955 -0.01774966 -0.08846545 0.005786955 -0.01778358 -0.08907216 0.00542134 -0.01778358 -0.08907216 0.00542134 -0.01778358 -0.08907216 0.00542134 -0.01781505 -0.0896359 0.004992127 -0.01781505 -0.0896359 0.004992127 -0.01781505 -0.0896359 0.004992127 -0.01784378 -0.09014999 0.004504382 -0.01784378 -0.09014999 0.004504382 -0.01784378 -0.09014999 0.004504382 -0.01786941 -0.09060841 0.003963887 -0.01786941 -0.09060841 0.003963887 -0.01786941 -0.09060841 0.003963887 -0.01789164 -0.0910058 0.003376841 -0.01789164 -0.0910058 0.003376841 -0.01789164 -0.0910058 0.003376841 -0.01789164 -0.0910058 0.003376841 -0.01791018 -0.0913375 0.002750217 -0.01791018 -0.0913375 0.002750217 -0.01791018 -0.0913375 0.002750217 -0.01791018 -0.0913375 0.002750217 -0.01792484 -0.09159964 0.002091407 -0.01792484 -0.09159964 0.002091407 -0.01792484 -0.09159964 0.002091407 -0.01792484 -0.09159964 0.002091407 -0.01793539 -0.09178906 0.00140804 -0.01793539 -0.09178906 0.00140804 -0.01793539 -0.09178906 0.00140804 -0.01793539 -0.09178906 0.00140804 -0.01794183 -0.09190362 7.0818e-4 -0.01794183 -0.09190362 7.0818e-4 -0.01794183 -0.09190362 7.0818e-4 -0.01794183 -0.09190362 7.0818e-4 0.009806811 -0.05237883 -0.003499984 0.009806811 -0.05237883 -0.003499984 0.009806811 -0.05237883 -0.003499984 0.009788215 -0.05271208 -0.003537595 0.009788215 -0.05271208 -0.003537595 0.009788215 -0.05271208 -0.003537595 0.009788215 -0.05271208 -0.003537595 0.009770512 -0.05302858 -0.003648519 0.009770512 -0.05302858 -0.003648519 0.009770512 -0.05302858 -0.003648519 0.009770512 -0.05302858 -0.003648519 0.009754657 -0.05331259 -0.003827214 0.009754657 -0.05331259 -0.003827214 0.009754657 -0.05331259 -0.003827214 0.009741365 -0.0535497 -0.004064738 0.009741365 -0.0535497 -0.004064738 0.009741365 -0.0535497 -0.004064738 0.009741365 -0.0535497 -0.004064738 0.009731411 -0.0537281 -0.004349112 0.009731411 -0.0537281 -0.004349112 0.009731411 -0.0537281 -0.004349112 0.009731411 -0.0537281 -0.004349112 0.009725213 -0.0538389 -0.004666209 0.009725213 -0.0538389 -0.004666209 0.009725213 -0.0538389 -0.004666209 0.009723126 -0.05387645 -0.004999995 0.009723126 -0.05387645 -0.004999995 0.009723126 -0.05387645 -0.004999995 0.009825468 -0.05204552 -0.003537595 0.009825468 -0.05204552 -0.003537595 0.009825468 -0.05204552 -0.003537595 0.00984317 -0.05172896 -0.003648519 0.00984317 -0.05172896 -0.003648519 0.00984317 -0.05172896 -0.003648519 0.009859025 -0.051445 -0.003827214 0.009859025 -0.051445 -0.003827214 0.009859025 -0.051445 -0.003827214 0.009872257 -0.05120784 -0.004064738 0.009872257 -0.05120784 -0.004064738 0.009872257 -0.05120784 -0.004064738 0.009882271 -0.05102944 -0.004349112 0.009882271 -0.05102944 -0.004349112 0.009882271 -0.05102944 -0.004349112 0.009882271 -0.05102944 -0.004349112 0.00988841 -0.05091869 -0.004666209 0.00988841 -0.05091869 -0.004666209 0.00988841 -0.05091869 -0.004666209 0.00988841 -0.05091869 -0.004666209 0.009890556 -0.05088114 -0.004999995 0.009890556 -0.05088114 -0.004999995 0.009890556 -0.05088114 -0.004999995 0.009806811 -0.05237883 -0.006499946 0.009806811 -0.05237883 -0.006499946 0.009806811 -0.05237883 -0.006499946 0.009825468 -0.05204552 -0.006462335 0.009825468 -0.05204552 -0.006462335 0.009825468 -0.05204552 -0.006462335 0.00984317 -0.05172896 -0.006351411 0.00984317 -0.05172896 -0.006351411 0.00984317 -0.05172896 -0.006351411 0.009859025 -0.051445 -0.006172716 0.009859025 -0.051445 -0.006172716 0.009859025 -0.051445 -0.006172716 0.009872257 -0.05120784 -0.005935192 0.009872257 -0.05120784 -0.005935192 0.009872257 -0.05120784 -0.005935192 0.009872257 -0.05120784 -0.005935192 0.009882271 -0.05102944 -0.005650818 0.009882271 -0.05102944 -0.005650818 0.009882271 -0.05102944 -0.005650818 0.00988841 -0.05091869 -0.005333721 0.00988841 -0.05091869 -0.005333721 0.00988841 -0.05091869 -0.005333721 0.009788215 -0.05271208 -0.006462335 0.009788215 -0.05271208 -0.006462335 0.009788215 -0.05271208 -0.006462335 0.009770512 -0.05302858 -0.006351411 0.009770512 -0.05302858 -0.006351411 0.009770512 -0.05302858 -0.006351411 0.009770512 -0.05302858 -0.006351411 0.009754657 -0.05331259 -0.006172716 0.009754657 -0.05331259 -0.006172716 0.009754657 -0.05331259 -0.006172716 0.009741365 -0.0535497 -0.005935192 0.009741365 -0.0535497 -0.005935192 0.009741365 -0.0535497 -0.005935192 0.009731411 -0.0537281 -0.005650818 0.009731411 -0.0537281 -0.005650818 0.009731411 -0.0537281 -0.005650818 0.009731411 -0.0537281 -0.005650818 0.009725213 -0.0538389 -0.005333721 0.009725213 -0.0538389 -0.005333721 0.009725213 -0.0538389 -0.005333721 0.009725213 -0.0538389 -0.005333721 0.009806811 -0.05237883 0.006499946 0.009806811 -0.05237883 0.006499946 0.009806811 -0.05237883 0.006499946 0.009788215 -0.05271208 0.006462335 0.009788215 -0.05271208 0.006462335 0.009788215 -0.05271208 0.006462335 0.009788215 -0.05271208 0.006462335 0.009770512 -0.05302858 0.006351411 0.009770512 -0.05302858 0.006351411 0.009770512 -0.05302858 0.006351411 0.009770512 -0.05302858 0.006351411 0.009754657 -0.05331259 0.006172716 0.009754657 -0.05331259 0.006172716 0.009754657 -0.05331259 0.006172716 0.009741365 -0.0535497 0.005935192 0.009741365 -0.0535497 0.005935192 0.009741365 -0.0535497 0.005935192 0.009741365 -0.0535497 0.005935192 0.009731411 -0.0537281 0.005650818 0.009731411 -0.0537281 0.005650818 0.009731411 -0.0537281 0.005650818 0.009731411 -0.0537281 0.005650818 0.009725213 -0.0538389 0.005333721 0.009725213 -0.0538389 0.005333721 0.009725213 -0.0538389 0.005333721 0.009723126 -0.05387645 0.004999995 0.009723126 -0.05387645 0.004999995 0.009723126 -0.05387645 0.004999995 0.009825468 -0.05204552 0.006462335 0.009825468 -0.05204552 0.006462335 0.009825468 -0.05204552 0.006462335 0.00984317 -0.05172896 0.006351411 0.00984317 -0.05172896 0.006351411 0.00984317 -0.05172896 0.006351411 0.009859025 -0.051445 0.006172716 0.009859025 -0.051445 0.006172716 0.009859025 -0.051445 0.006172716 0.009872257 -0.05120784 0.005935192 0.009872257 -0.05120784 0.005935192 0.009872257 -0.05120784 0.005935192 0.009882271 -0.05102944 0.005650818 0.009882271 -0.05102944 0.005650818 0.009882271 -0.05102944 0.005650818 0.009882271 -0.05102944 0.005650818 0.00988841 -0.05091869 0.005333721 0.00988841 -0.05091869 0.005333721 0.00988841 -0.05091869 0.005333721 0.00988841 -0.05091869 0.005333721 0.009890556 -0.05088114 0.004999995 0.009890556 -0.05088114 0.004999995 0.009890556 -0.05088114 0.004999995 0.009806811 -0.05237883 0.003499984 0.009806811 -0.05237883 0.003499984 0.009806811 -0.05237883 0.003499984 0.009825468 -0.05204552 0.003537595 0.009825468 -0.05204552 0.003537595 0.009825468 -0.05204552 0.003537595 0.00984317 -0.05172896 0.003648519 0.00984317 -0.05172896 0.003648519 0.00984317 -0.05172896 0.003648519 0.009859025 -0.051445 0.003827214 0.009859025 -0.051445 0.003827214 0.009859025 -0.051445 0.003827214 0.009872257 -0.05120784 0.004064738 0.009872257 -0.05120784 0.004064738 0.009872257 -0.05120784 0.004064738 0.009872257 -0.05120784 0.004064738 0.009882271 -0.05102944 0.004349172 0.009882271 -0.05102944 0.004349172 0.009882271 -0.05102944 0.004349172 0.00988841 -0.05091869 0.004666209 0.00988841 -0.05091869 0.004666209 0.00988841 -0.05091869 0.004666209 0.009788215 -0.05271208 0.003537595 0.009788215 -0.05271208 0.003537595 0.009788215 -0.05271208 0.003537595 0.009770512 -0.05302858 0.003648519 0.009770512 -0.05302858 0.003648519 0.009770512 -0.05302858 0.003648519 0.009770512 -0.05302858 0.003648519 0.009754657 -0.05331259 0.003827214 0.009754657 -0.05331259 0.003827214 0.009754657 -0.05331259 0.003827214 0.009741365 -0.0535497 0.004064738 0.009741365 -0.0535497 0.004064738 0.009741365 -0.0535497 0.004064738 0.009731411 -0.0537281 0.004349172 0.009731411 -0.0537281 0.004349172 0.009731411 -0.0537281 0.004349172 0.009731411 -0.0537281 0.004349172 0.009725213 -0.0538389 0.004666209 0.009725213 -0.0538389 0.004666209 0.009725213 -0.0538389 0.004666209 0.009725213 -0.0538389 0.004666209 0.007072687 -0.1013025 -0.006499946 0.007072687 -0.1013025 -0.006499946 0.007072687 -0.1013025 -0.006499946 0.007091283 -0.1009692 -0.006462335 0.007091283 -0.1009692 -0.006462335 0.007091283 -0.1009692 -0.006462335 0.007091283 -0.1009692 -0.006462335 0.007108986 -0.1006526 -0.006351411 0.007108986 -0.1006526 -0.006351411 0.007108986 -0.1006526 -0.006351411 0.007108986 -0.1006526 -0.006351411 0.007124841 -0.1003687 -0.006172716 0.007124841 -0.1003687 -0.006172716 0.007124841 -0.1003687 -0.006172716 0.007124841 -0.1003687 -0.006172716 0.007138133 -0.1001315 -0.005935192 0.007138133 -0.1001315 -0.005935192 0.007138133 -0.1001315 -0.005935192 0.007138133 -0.1001315 -0.005935192 0.007148087 -0.09995311 -0.005650818 0.007148087 -0.09995311 -0.005650818 0.007148087 -0.09995311 -0.005650818 0.007148087 -0.09995311 -0.005650818 0.007154285 -0.09984236 -0.005333721 0.007154285 -0.09984236 -0.005333721 0.007154285 -0.09984236 -0.005333721 0.007154285 -0.09984236 -0.005333721 0.007156372 -0.09980475 -0.004999995 0.007156372 -0.09980475 -0.004999995 0.007156372 -0.09980475 -0.004999995 0.007156372 -0.09980475 -0.004999995 0.00705403 -0.1016357 -0.006462335 0.00705403 -0.1016357 -0.006462335 0.00705403 -0.1016357 -0.006462335 0.00705403 -0.1016357 -0.006462335 0.007036328 -0.1019523 -0.006351411 0.007036328 -0.1019523 -0.006351411 0.007036328 -0.1019523 -0.006351411 0.007020473 -0.1022362 -0.006172716 0.007020473 -0.1022362 -0.006172716 0.007020473 -0.1022362 -0.006172716 0.007007241 -0.1024734 -0.005935192 0.007007241 -0.1024734 -0.005935192 0.007007241 -0.1024734 -0.005935192 0.006997227 -0.1026518 -0.005650818 0.006997227 -0.1026518 -0.005650818 0.006997227 -0.1026518 -0.005650818 0.006997227 -0.1026518 -0.005650818 0.006991088 -0.1027626 -0.005333721 0.006991088 -0.1027626 -0.005333721 0.006991088 -0.1027626 -0.005333721 0.006991088 -0.1027626 -0.005333721 0.006988942 -0.1028001 -0.004999995 0.006988942 -0.1028001 -0.004999995 0.006988942 -0.1028001 -0.004999995 0.006988942 -0.1028001 -0.004999995 0.007072687 -0.1013025 -0.003499984 0.007072687 -0.1013025 -0.003499984 0.007072687 -0.1013025 -0.003499984 0.00705403 -0.1016357 -0.003537595 0.00705403 -0.1016357 -0.003537595 0.00705403 -0.1016357 -0.003537595 0.00705403 -0.1016357 -0.003537595 0.007036328 -0.1019523 -0.003648519 0.007036328 -0.1019523 -0.003648519 0.007036328 -0.1019523 -0.003648519 0.007020473 -0.1022362 -0.003827214 0.007020473 -0.1022362 -0.003827214 0.007020473 -0.1022362 -0.003827214 0.007007241 -0.1024734 -0.004064738 0.007007241 -0.1024734 -0.004064738 0.007007241 -0.1024734 -0.004064738 0.007007241 -0.1024734 -0.004064738 0.006997227 -0.1026518 -0.004349112 0.006997227 -0.1026518 -0.004349112 0.006997227 -0.1026518 -0.004349112 0.006997227 -0.1026518 -0.004349112 0.006991088 -0.1027626 -0.004666209 0.006991088 -0.1027626 -0.004666209 0.006991088 -0.1027626 -0.004666209 0.006991088 -0.1027626 -0.004666209 0.007091283 -0.1009692 -0.003537595 0.007091283 -0.1009692 -0.003537595 0.007091283 -0.1009692 -0.003537595 0.007091283 -0.1009692 -0.003537595 0.007108986 -0.1006526 -0.003648519 0.007108986 -0.1006526 -0.003648519 0.007108986 -0.1006526 -0.003648519 0.007108986 -0.1006526 -0.003648519 0.007124841 -0.1003687 -0.003827214 0.007124841 -0.1003687 -0.003827214 0.007124841 -0.1003687 -0.003827214 0.007138133 -0.1001315 -0.004064738 0.007138133 -0.1001315 -0.004064738 0.007138133 -0.1001315 -0.004064738 0.007148087 -0.09995311 -0.004349112 0.007148087 -0.09995311 -0.004349112 0.007148087 -0.09995311 -0.004349112 0.007148087 -0.09995311 -0.004349112 0.007154285 -0.09984236 -0.004666209 0.007154285 -0.09984236 -0.004666209 0.007154285 -0.09984236 -0.004666209 0.007072687 -0.1013025 0.003499984 0.007072687 -0.1013025 0.003499984 0.007072687 -0.1013025 0.003499984 0.007091283 -0.1009692 0.003537595 0.007091283 -0.1009692 0.003537595 0.007091283 -0.1009692 0.003537595 0.007091283 -0.1009692 0.003537595 0.007108986 -0.1006526 0.003648519 0.007108986 -0.1006526 0.003648519 0.007108986 -0.1006526 0.003648519 0.007108986 -0.1006526 0.003648519 0.007124841 -0.1003687 0.003827214 0.007124841 -0.1003687 0.003827214 0.007124841 -0.1003687 0.003827214 0.007124841 -0.1003687 0.003827214 0.007138133 -0.1001315 0.004064738 0.007138133 -0.1001315 0.004064738 0.007138133 -0.1001315 0.004064738 0.007138133 -0.1001315 0.004064738 0.007148087 -0.09995311 0.004349172 0.007148087 -0.09995311 0.004349172 0.007148087 -0.09995311 0.004349172 0.007148087 -0.09995311 0.004349172 0.007154285 -0.09984236 0.004666209 0.007154285 -0.09984236 0.004666209 0.007154285 -0.09984236 0.004666209 0.007154285 -0.09984236 0.004666209 0.007156372 -0.09980475 0.004999995 0.007156372 -0.09980475 0.004999995 0.007156372 -0.09980475 0.004999995 0.007156372 -0.09980475 0.004999995 0.00705403 -0.1016357 0.003537595 0.00705403 -0.1016357 0.003537595 0.00705403 -0.1016357 0.003537595 0.00705403 -0.1016357 0.003537595 0.007036328 -0.1019523 0.003648519 0.007036328 -0.1019523 0.003648519 0.007036328 -0.1019523 0.003648519 0.007020473 -0.1022362 0.003827214 0.007020473 -0.1022362 0.003827214 0.007020473 -0.1022362 0.003827214 0.007020473 -0.1022362 0.003827214 0.007007241 -0.1024734 0.004064738 0.007007241 -0.1024734 0.004064738 0.007007241 -0.1024734 0.004064738 0.006997227 -0.1026518 0.004349172 0.006997227 -0.1026518 0.004349172 0.006997227 -0.1026518 0.004349172 0.006997227 -0.1026518 0.004349172 0.006991088 -0.1027626 0.004666209 0.006991088 -0.1027626 0.004666209 0.006991088 -0.1027626 0.004666209 0.006991088 -0.1027626 0.004666209 0.006988942 -0.1028001 0.004999995 0.006988942 -0.1028001 0.004999995 0.006988942 -0.1028001 0.004999995 0.006988942 -0.1028001 0.004999995 0.007072687 -0.1013025 0.006499946 0.007072687 -0.1013025 0.006499946 0.007072687 -0.1013025 0.006499946 0.00705403 -0.1016357 0.006462335 0.00705403 -0.1016357 0.006462335 0.00705403 -0.1016357 0.006462335 0.00705403 -0.1016357 0.006462335 0.007036328 -0.1019523 0.006351411 0.007036328 -0.1019523 0.006351411 0.007036328 -0.1019523 0.006351411 0.007020473 -0.1022362 0.006172716 0.007020473 -0.1022362 0.006172716 0.007020473 -0.1022362 0.006172716 0.007007241 -0.1024734 0.005935192 0.007007241 -0.1024734 0.005935192 0.007007241 -0.1024734 0.005935192 0.007007241 -0.1024734 0.005935192 0.006997227 -0.1026518 0.005650818 0.006997227 -0.1026518 0.005650818 0.006997227 -0.1026518 0.005650818 0.006997227 -0.1026518 0.005650818 0.006991088 -0.1027626 0.005333721 0.006991088 -0.1027626 0.005333721 0.006991088 -0.1027626 0.005333721 0.006991088 -0.1027626 0.005333721 0.007091283 -0.1009692 0.006462335 0.007091283 -0.1009692 0.006462335 0.007091283 -0.1009692 0.006462335 0.007091283 -0.1009692 0.006462335 0.007108986 -0.1006526 0.006351411 0.007108986 -0.1006526 0.006351411 0.007108986 -0.1006526 0.006351411 0.007108986 -0.1006526 0.006351411 0.007124841 -0.1003687 0.006172716 0.007124841 -0.1003687 0.006172716 0.007124841 -0.1003687 0.006172716 0.007138133 -0.1001315 0.005935192 0.007138133 -0.1001315 0.005935192 0.007138133 -0.1001315 0.005935192 0.007148087 -0.09995311 0.005650818 0.007148087 -0.09995311 0.005650818 0.007148087 -0.09995311 0.005650818 0.007148087 -0.09995311 0.005650818 0.007154285 -0.09984236 0.005333721 0.007154285 -0.09984236 0.005333721 0.007154285 -0.09984236 0.005333721 0.02635395 -0.03351145 0.01424998 0.02635395 -0.03351145 0.01424998 0.02635395 -0.03351145 0.01424998 0.02622932 -0.03405815 0.01424998 0.02622932 -0.03405815 0.01424998 0.02622932 -0.03405815 0.01424998 0.0260443 -0.03458744 0.01424998 0.0260443 -0.03458744 0.01424998 0.0260443 -0.03458744 0.01424998 0.02580118 -0.03509271 0.01424998 0.02580118 -0.03509271 0.01424998 0.02580118 -0.03509271 0.01424998 0.02550297 -0.03556752 0.01424998 0.02550297 -0.03556752 0.01424998 0.02550297 -0.03556752 0.01424998 0.02515351 -0.03600597 0.01424998 0.02515351 -0.03600597 0.01424998 0.02515351 -0.03600597 0.01424998 0.02475714 -0.03640258 0.01424998 0.02475714 -0.03640258 0.01424998 0.02475714 -0.03640258 0.01424998 0.03117877 -0.03678578 0.01424998 0.03117877 -0.03678578 0.01424998 0.03117877 -0.03678578 0.01424998 0.02958196 -0.0396769 0.01424998 0.02958196 -0.0396769 0.01424998 0.02958196 -0.0396769 0.01424998 0.01677536 -0.0435394 0.01424998 0.01677536 -0.0435394 0.01424998 0.01677536 -0.0435394 0.01424998 0.01633709 -0.0438891 0.01424998 0.01633709 -0.0438891 0.01424998 0.01633709 -0.0438891 0.01424998 0.0158624 -0.04418754 0.01424998 0.0158624 -0.04418754 0.01424998 0.0158624 -0.04418754 0.01424998 0.01535731 -0.04443097 0.01424998 0.01535731 -0.04443097 0.01424998 0.01535731 -0.04443097 0.01424998 0.01482814 -0.04461628 0.01424998 0.01482814 -0.04461628 0.01424998 0.01482814 -0.04461628 0.01424998 0.01428151 -0.04474121 0.01424998 0.01428151 -0.04474121 0.01424998 0.01428151 -0.04474121 0.01424998 0.01372432 -0.04480415 0.01424998 0.01372432 -0.04480415 0.01424998 0.01372432 -0.04480415 0.01424998 0.01316362 -0.04480427 0.01424998 0.01316362 -0.04480427 0.01424998 0.01316362 -0.04480427 0.01424998 0.02997833 -0.03928029 0.01424998 0.02997833 -0.03928029 0.01424998 0.02997833 -0.03928029 0.01424998 0.03032779 -0.03884184 0.01424998 0.03032779 -0.03884184 0.01424998 0.03032779 -0.03884184 0.01424998 0.03062593 -0.03836697 0.01424998 0.03062593 -0.03836697 0.01424998 0.03062593 -0.03836697 0.01424998 0.03086912 -0.03786176 0.01424998 0.03086912 -0.03786176 0.01424998 0.03086912 -0.03786176 0.01424998 0.03105413 -0.03733247 0.01424998 0.03105413 -0.03733247 0.01424998 0.03105413 -0.03733247 0.01424998 -0.02858138 -0.03138297 0.01424998 -0.02858138 -0.03138297 0.01424998 -0.02858138 -0.03138297 0.01424998 -0.02858138 -0.03138297 0.01424998 -0.02858138 -0.03138297 0.01424998 -0.0285812 -0.03194367 0.01424998 -0.0285812 -0.03194367 0.01424998 -0.0285812 -0.03194367 0.01424998 -0.02215683 -0.03227835 0.01424998 -0.02215683 -0.03227835 0.01424998 -0.02215683 -0.03227835 0.01424998 -0.02250659 -0.03184008 0.01424998 -0.02250659 -0.03184008 0.01424998 -0.02250659 -0.03184008 0.01424998 -0.02280503 -0.03136545 0.01424998 -0.02280503 -0.03136545 0.01424998 -0.02280503 -0.03136545 0.01424998 -0.0230484 -0.0308603 0.01424998 -0.0230484 -0.0308603 0.01424998 -0.0230484 -0.0308603 0.01424998 -0.0230484 -0.0308603 0.01424998 -0.02323377 -0.03033113 0.01424998 -0.02323377 -0.03033113 0.01424998 -0.02323377 -0.03033113 0.01424998 -0.0233587 -0.0297845 0.01424998 -0.0233587 -0.0297845 0.01424998 -0.0233587 -0.0297845 0.01424998 -0.02342158 -0.02922731 0.01424998 -0.02342158 -0.02922731 0.01424998 -0.02342158 -0.02922731 0.01424998 -0.02342176 -0.02866667 0.01424998 -0.02342176 -0.02866667 0.01424998 -0.02342176 -0.02866667 0.01424998 -0.02342176 -0.02866667 0.01424998 -0.02342176 -0.02866667 0.01424998 -0.02152854 0.005209386 0.01424998 -0.02152854 0.005209386 0.01424998 -0.02152854 0.005209386 0.01424998 -0.02152854 0.005209386 0.01424998 -0.02152854 0.005209386 0.01424998 -0.02652078 0.005488336 0.01424998 -0.02652078 0.005488336 0.01424998 -0.02652078 0.005488336 0.01424998 -0.02652078 0.005488336 0.01424998 -0.01015776 -0.04350095 0.01424998 -0.01015776 -0.04350095 0.01424998 -0.01015776 -0.04350095 0.01424998 -0.01071494 -0.04343831 0.01424998 -0.01071494 -0.04343831 0.01424998 -0.01071494 -0.04343831 0.01424998 -0.01126164 -0.04331368 0.01424998 -0.01126164 -0.04331368 0.01424998 -0.01126164 -0.04331368 0.01424998 -0.01179093 -0.04312866 0.01424998 -0.01179093 -0.04312866 0.01424998 -0.01179093 -0.04312866 0.01424998 -0.01229619 -0.04288548 0.01424998 -0.01229619 -0.04288548 0.01424998 -0.01229619 -0.04288548 0.01424998 -0.01277101 -0.04258733 0.01424998 -0.01277101 -0.04258733 0.01424998 -0.01277101 -0.04258733 0.01424998 -0.01320952 -0.04223781 0.01424998 -0.01320952 -0.04223781 0.01424998 -0.01320952 -0.04223781 0.01424998 -0.01360607 -0.04184144 0.01424998 -0.01360607 -0.04184144 0.01424998 -0.01360607 -0.04184144 0.01424998 -0.02731645 -0.03499472 0.01424998 -0.02731645 -0.03499472 0.01424998 -0.02731645 -0.03499472 0.01424998 -0.02851831 -0.0325008 0.01424998 -0.02851831 -0.0325008 0.01424998 -0.02851831 -0.0325008 0.01424998 -0.02839338 -0.03304743 0.01424998 -0.02839338 -0.03304743 0.01424998 -0.02839338 -0.03304743 0.01424998 -0.02820801 -0.0335766 0.01424998 -0.02820801 -0.0335766 0.01424998 -0.02820801 -0.0335766 0.01424998 -0.02796465 -0.03408175 0.01424998 -0.02796465 -0.03408175 0.01424998 -0.02796465 -0.03408175 0.01424998 -0.02766621 -0.03455638 0.01424998 -0.02766621 -0.03455638 0.01424998 -0.02766621 -0.03455638 0.01424998 0.03117877 -0.03678578 -0.01424998 0.03117877 -0.03678578 -0.01424998 0.03117877 -0.03678578 -0.01424998 0.02475714 -0.03640258 -0.01424998 0.02475714 -0.03640258 -0.01424998 0.02475714 -0.03640258 -0.01424998 0.02515351 -0.03600597 -0.01424998 0.02515351 -0.03600597 -0.01424998 0.02515351 -0.03600597 -0.01424998 0.02550297 -0.03556752 -0.01424998 0.02550297 -0.03556752 -0.01424998 0.02550297 -0.03556752 -0.01424998 0.02580118 -0.03509271 -0.01424998 0.02580118 -0.03509271 -0.01424998 0.02580118 -0.03509271 -0.01424998 0.0260443 -0.03458744 -0.01424998 0.0260443 -0.03458744 -0.01424998 0.0260443 -0.03458744 -0.01424998 0.02622932 -0.03405815 -0.01424998 0.02622932 -0.03405815 -0.01424998 0.02622932 -0.03405815 -0.01424998 0.02635395 -0.03351145 -0.01424998 0.02635395 -0.03351145 -0.01424998 0.02635395 -0.03351145 -0.01424998 0.01316362 -0.04480427 -0.01424998 0.01316362 -0.04480427 -0.01424998 0.01316362 -0.04480427 -0.01424998 0.01372432 -0.04480415 -0.01424998 0.01372432 -0.04480415 -0.01424998 0.01372432 -0.04480415 -0.01424998 0.01428151 -0.04474121 -0.01424998 0.01428151 -0.04474121 -0.01424998 0.01428151 -0.04474121 -0.01424998 0.01482814 -0.04461628 -0.01424998 0.01482814 -0.04461628 -0.01424998 0.01482814 -0.04461628 -0.01424998 0.01535731 -0.04443097 -0.01424998 0.01535731 -0.04443097 -0.01424998 0.01535731 -0.04443097 -0.01424998 0.0158624 -0.04418754 -0.01424998 0.0158624 -0.04418754 -0.01424998 0.0158624 -0.04418754 -0.01424998 0.01633709 -0.0438891 -0.01424998 0.01633709 -0.0438891 -0.01424998 0.01633709 -0.0438891 -0.01424998 0.01677536 -0.0435394 -0.01424998 0.01677536 -0.0435394 -0.01424998 0.01677536 -0.0435394 -0.01424998 0.02958196 -0.0396769 -0.01424998 0.02958196 -0.0396769 -0.01424998 0.02958196 -0.0396769 -0.01424998 0.03105413 -0.03733247 -0.01424998 0.03105413 -0.03733247 -0.01424998 0.03105413 -0.03733247 -0.01424998 0.03086912 -0.03786176 -0.01424998 0.03086912 -0.03786176 -0.01424998 0.03086912 -0.03786176 -0.01424998 0.03062593 -0.03836697 -0.01424998 0.03062593 -0.03836697 -0.01424998 0.03062593 -0.03836697 -0.01424998 0.03032779 -0.03884184 -0.01424998 0.03032779 -0.03884184 -0.01424998 0.03032779 -0.03884184 -0.01424998 0.02997833 -0.03928029 -0.01424998 0.02997833 -0.03928029 -0.01424998 0.02997833 -0.03928029 -0.01424998 -0.02858138 -0.03138297 -0.01424998 -0.02858138 -0.03138297 -0.01424998 -0.02858138 -0.03138297 -0.01424998 -0.02858138 -0.03138297 -0.01424998 -0.02858138 -0.03138297 -0.01424998 -0.02652078 0.005488336 -0.01424998 -0.02652078 0.005488336 -0.01424998 -0.02652078 0.005488336 -0.01424998 -0.02652078 0.005488336 -0.01424998 -0.02152854 0.005209386 -0.01424998 -0.02152854 0.005209386 -0.01424998 -0.02152854 0.005209386 -0.01424998 -0.02342176 -0.02866667 -0.01424998 -0.02342176 -0.02866667 -0.01424998 -0.02342176 -0.02866667 -0.01424998 -0.02342176 -0.02866667 -0.01424998 -0.02342176 -0.02866667 -0.01424998 -0.02342176 -0.02866667 -0.01424998 -0.02342158 -0.02922731 -0.01424998 -0.02342158 -0.02922731 -0.01424998 -0.02342158 -0.02922731 -0.01424998 -0.0233587 -0.0297845 -0.01424998 -0.0233587 -0.0297845 -0.01424998 -0.0233587 -0.0297845 -0.01424998 -0.02323377 -0.03033113 -0.01424998 -0.02323377 -0.03033113 -0.01424998 -0.02323377 -0.03033113 -0.01424998 -0.02323377 -0.03033113 -0.01424998 -0.0230484 -0.0308603 -0.01424998 -0.0230484 -0.0308603 -0.01424998 -0.0230484 -0.0308603 -0.01424998 -0.02280503 -0.03136545 -0.01424998 -0.02280503 -0.03136545 -0.01424998 -0.02280503 -0.03136545 -0.01424998 -0.02250659 -0.03184008 -0.01424998 -0.02250659 -0.03184008 -0.01424998 -0.02250659 -0.03184008 -0.01424998 -0.02215683 -0.03227835 -0.01424998 -0.02215683 -0.03227835 -0.01424998 -0.02215683 -0.03227835 -0.01424998 -0.0285812 -0.03194367 -0.01424998 -0.0285812 -0.03194367 -0.01424998 -0.0285812 -0.03194367 -0.01424998 -0.02731645 -0.03499472 -0.01424998 -0.02731645 -0.03499472 -0.01424998 -0.02731645 -0.03499472 -0.01424998 -0.01360607 -0.04184144 -0.01424998 -0.01360607 -0.04184144 -0.01424998 -0.01360607 -0.04184144 -0.01424998 -0.01320952 -0.04223781 -0.01424998 -0.01320952 -0.04223781 -0.01424998 -0.01320952 -0.04223781 -0.01424998 -0.01277101 -0.04258733 -0.01424998 -0.01277101 -0.04258733 -0.01424998 -0.01277101 -0.04258733 -0.01424998 -0.01229619 -0.04288548 -0.01424998 -0.01229619 -0.04288548 -0.01424998 -0.01229619 -0.04288548 -0.01424998 -0.01179093 -0.04312866 -0.01424998 -0.01179093 -0.04312866 -0.01424998 -0.01179093 -0.04312866 -0.01424998 -0.01126164 -0.04331368 -0.01424998 -0.01126164 -0.04331368 -0.01424998 -0.01126164 -0.04331368 -0.01424998 -0.01071494 -0.04343831 -0.01424998 -0.01071494 -0.04343831 -0.01424998 -0.01071494 -0.04343831 -0.01424998 -0.01015776 -0.04350095 -0.01424998 -0.01015776 -0.04350095 -0.01424998 -0.01015776 -0.04350095 -0.01424998 -0.02766621 -0.03455638 -0.01424998 -0.02766621 -0.03455638 -0.01424998 -0.02766621 -0.03455638 -0.01424998 -0.02796465 -0.03408175 -0.01424998 -0.02796465 -0.03408175 -0.01424998 -0.02796465 -0.03408175 -0.01424998 -0.02820801 -0.0335766 -0.01424998 -0.02820801 -0.0335766 -0.01424998 -0.02820801 -0.0335766 -0.01424998 -0.02839338 -0.03304743 -0.01424998 -0.02839338 -0.03304743 -0.01424998 -0.02839338 -0.03304743 -0.01424998 -0.02851831 -0.0325008 -0.01424998 -0.02851831 -0.0325008 -0.01424998 -0.02851831 -0.0325008 -0.01424998 -0.01344156 -0.08306366 0.002380549 -0.01344156 -0.08306366 0.002380549 -0.01344156 -0.08306366 0.002380549 -0.01344156 -0.08306366 0.002380549 -0.01323831 -0.07942789 0.002091407 -0.01323831 -0.07942789 0.002091407 -0.01323831 -0.07942789 0.002091407 -0.01323831 -0.07942789 0.002091407 -0.01342332 -0.08273804 0.001971602 -0.01342332 -0.08273804 0.001971602 -0.01342332 -0.08273804 0.001971602 -0.01342332 -0.08273804 0.001971602 -0.01351332 -0.08434867 -0.003258049 -0.01351332 -0.08434867 -0.003258049 -0.01351332 -0.08434867 -0.003258049 -0.01327151 -0.08002167 -0.003376841 -0.01327151 -0.08002167 -0.003376841 -0.01327151 -0.08002167 -0.003376841 -0.01354122 -0.08484774 -0.003412187 -0.01354122 -0.08484774 -0.003412187 -0.01354122 -0.08484774 -0.003412187 -0.01372784 -0.08818703 0.002380549 -0.01372784 -0.08818703 0.002380549 -0.01372784 -0.08818703 0.002380549 -0.01374608 -0.08851265 0.001971602 -0.01374608 -0.08851265 0.001971602 -0.01374608 -0.08851265 0.001971602 -0.01393103 -0.0918228 0.002091407 -0.01393103 -0.0918228 0.002091407 -0.01393103 -0.0918228 0.002091407 -0.01393103 -0.0918228 0.002091407 -0.01365607 -0.08690202 -0.003258049 -0.01365607 -0.08690202 -0.003258049 -0.01365607 -0.08690202 -0.003258049 -0.01362812 -0.08640295 -0.003412187 -0.01362812 -0.08640295 -0.003412187 -0.01362812 -0.08640295 -0.003412187 -0.01389783 -0.09122902 -0.003376841 -0.01389783 -0.09122902 -0.003376841 -0.01389783 -0.09122902 -0.003376841 -0.01329374 -0.08041906 -0.003963887 -0.01329374 -0.08041906 -0.003963887 -0.01329374 -0.08041906 -0.003963887 -0.01329374 -0.08041906 -0.003963887 -0.01331937 -0.08087748 -0.004504382 -0.01331937 -0.08087748 -0.004504382 -0.01331937 -0.08087748 -0.004504382 -0.0133481 -0.08139157 -0.004992127 -0.0133481 -0.08139157 -0.004992127 -0.0133481 -0.08139157 -0.004992127 -0.0133481 -0.08139157 -0.004992127 -0.01337957 -0.08195531 -0.00542134 -0.01337957 -0.08195531 -0.00542134 -0.01337957 -0.08195531 -0.00542134 -0.01341348 -0.08256208 -0.005786955 -0.01341348 -0.08256208 -0.005786955 -0.01341348 -0.08256208 -0.005786955 -0.01341348 -0.08256208 -0.005786955 -0.01344943 -0.08320468 -0.00608474 -0.01344943 -0.08320468 -0.00608474 -0.01344943 -0.08320468 -0.00608474 -0.01348692 -0.08387577 -0.006311237 -0.01348692 -0.08387577 -0.006311237 -0.01348692 -0.08387577 -0.006311237 -0.01352554 -0.0845673 -0.006463706 -0.01352554 -0.0845673 -0.006463706 -0.01352554 -0.0845673 -0.006463706 -0.01352554 -0.0845673 -0.006463706 -0.01356488 -0.08527129 -0.006540358 -0.01356488 -0.08527129 -0.006540358 -0.01356488 -0.08527129 -0.006540358 -0.01357007 -0.08536422 -0.003490209 -0.01357007 -0.08536422 -0.003490209 -0.01357007 -0.08536422 -0.003490209 -0.01359927 -0.08588653 -0.003490209 -0.01359927 -0.08588653 -0.003490209 -0.01359927 -0.08588653 -0.003490209 -0.01360446 -0.0859794 -0.006540358 -0.01360446 -0.0859794 -0.006540358 -0.01360446 -0.0859794 -0.006540358 -0.0136438 -0.08668339 -0.006463706 -0.0136438 -0.08668339 -0.006463706 -0.0136438 -0.08668339 -0.006463706 -0.01368248 -0.08737492 -0.006311237 -0.01368248 -0.08737492 -0.006311237 -0.01368248 -0.08737492 -0.006311237 -0.01371997 -0.08804601 -0.00608474 -0.01371997 -0.08804601 -0.00608474 -0.01371997 -0.08804601 -0.00608474 -0.01375591 -0.08868867 -0.005786955 -0.01375591 -0.08868867 -0.005786955 -0.01375591 -0.08868867 -0.005786955 -0.01375591 -0.08868867 -0.005786955 -0.01378983 -0.08929538 -0.00542134 -0.01378983 -0.08929538 -0.00542134 -0.01378983 -0.08929538 -0.00542134 -0.0138213 -0.08985912 -0.004992127 -0.0138213 -0.08985912 -0.004992127 -0.0138213 -0.08985912 -0.004992127 -0.01385003 -0.09037321 -0.004504382 -0.01385003 -0.09037321 -0.004504382 -0.01385003 -0.09037321 -0.004504382 -0.01387566 -0.09083163 -0.003963887 -0.01387566 -0.09083163 -0.003963887 -0.01387566 -0.09083163 -0.003963887 -0.01329374 -0.08041906 0.003963887 -0.01329374 -0.08041906 0.003963887 -0.01329374 -0.08041906 0.003963887 -0.01329374 -0.08041906 0.003963887 -0.01327151 -0.08002167 0.003376841 -0.01327151 -0.08002167 0.003376841 -0.01327151 -0.08002167 0.003376841 -0.01327151 -0.08002167 0.003376841 -0.01354122 -0.08484774 0.003412246 -0.01354122 -0.08484774 0.003412246 -0.01354122 -0.08484774 0.003412246 -0.01357007 -0.08536422 0.003490209 -0.01357007 -0.08536422 0.003490209 -0.01357007 -0.08536422 0.003490209 -0.01356488 -0.08527129 0.006540358 -0.01356488 -0.08527129 0.006540358 -0.01356488 -0.08527129 0.006540358 -0.01356488 -0.08527129 0.006540358 -0.01352554 -0.0845673 0.006463706 -0.01352554 -0.0845673 0.006463706 -0.01352554 -0.0845673 0.006463706 -0.01348692 -0.08387577 0.006311237 -0.01348692 -0.08387577 0.006311237 -0.01348692 -0.08387577 0.006311237 -0.01344943 -0.08320468 0.00608474 -0.01344943 -0.08320468 0.00608474 -0.01344943 -0.08320468 0.00608474 -0.01344943 -0.08320468 0.00608474 -0.01341348 -0.08256208 0.005786955 -0.01341348 -0.08256208 0.005786955 -0.01341348 -0.08256208 0.005786955 -0.01337957 -0.08195531 0.00542134 -0.01337957 -0.08195531 0.00542134 -0.01337957 -0.08195531 0.00542134 -0.0133481 -0.08139157 0.004992127 -0.0133481 -0.08139157 0.004992127 -0.0133481 -0.08139157 0.004992127 -0.0133481 -0.08139157 0.004992127 -0.01331937 -0.08087748 0.004504382 -0.01331937 -0.08087748 0.004504382 -0.01331937 -0.08087748 0.004504382 -0.01359927 -0.08588653 0.003490209 -0.01359927 -0.08588653 0.003490209 -0.01359927 -0.08588653 0.003490209 -0.01362812 -0.08640295 0.003412246 -0.01362812 -0.08640295 0.003412246 -0.01362812 -0.08640295 0.003412246 -0.01362812 -0.08640295 0.003412246 -0.01389783 -0.09122902 0.003376841 -0.01389783 -0.09122902 0.003376841 -0.01389783 -0.09122902 0.003376841 -0.01387566 -0.09083163 0.003963887 -0.01387566 -0.09083163 0.003963887 -0.01387566 -0.09083163 0.003963887 -0.01385003 -0.09037321 0.004504382 -0.01385003 -0.09037321 0.004504382 -0.01385003 -0.09037321 0.004504382 -0.0138213 -0.08985912 0.004992127 -0.0138213 -0.08985912 0.004992127 -0.0138213 -0.08985912 0.004992127 -0.01378983 -0.08929538 0.00542134 -0.01378983 -0.08929538 0.00542134 -0.01378983 -0.08929538 0.00542134 -0.01378983 -0.08929538 0.00542134 -0.01375591 -0.08868867 0.005786955 -0.01375591 -0.08868867 0.005786955 -0.01375591 -0.08868867 0.005786955 -0.01371997 -0.08804601 0.00608474 -0.01371997 -0.08804601 0.00608474 -0.01371997 -0.08804601 0.00608474 -0.01371997 -0.08804601 0.00608474 -0.01368248 -0.08737492 0.006311237 -0.01368248 -0.08737492 0.006311237 -0.01368248 -0.08737492 0.006311237 -0.0136438 -0.08668339 0.006463706 -0.0136438 -0.08668339 0.006463706 -0.0136438 -0.08668339 0.006463706 -0.01360446 -0.0859794 0.006540358 -0.01360446 -0.0859794 0.006540358 -0.01360446 -0.0859794 0.006540358 -0.01351332 -0.08434867 0.003258049 -0.01351332 -0.08434867 0.003258049 -0.01351332 -0.08434867 0.003258049 -0.01325297 -0.07968997 0.002750217 -0.01325297 -0.07968997 0.002750217 -0.01325297 -0.07968997 0.002750217 -0.01348704 -0.08387809 0.003031075 -0.01348704 -0.08387809 0.003031075 -0.01348704 -0.08387809 0.003031075 -0.01346296 -0.08344656 0.002736389 -0.01346296 -0.08344656 0.002736389 -0.01346296 -0.08344656 0.002736389 -0.01346296 -0.08344656 0.002736389 -0.01340872 -0.08247685 0.001518547 -0.01340872 -0.08247685 0.001518547 -0.01340872 -0.08247685 0.001518547 -0.01340872 -0.08247685 0.001518547 -0.01322776 -0.07923847 0.00140804 -0.01322776 -0.07923847 0.00140804 -0.01322776 -0.07923847 0.00140804 -0.01339805 -0.08228605 0.001031637 -0.01339805 -0.08228605 0.001031637 -0.01339805 -0.08228605 0.001031637 -0.01322138 -0.07912391 7.0818e-4 -0.01322138 -0.07912391 7.0818e-4 -0.01322138 -0.07912391 7.0818e-4 -0.01339155 -0.08216983 5.21649e-4 -0.01339155 -0.08216983 5.21649e-4 -0.01339155 -0.08216983 5.21649e-4 -0.0133894 -0.08213078 0 -0.0133894 -0.08213078 0 -0.0133894 -0.08213078 0 -0.01321923 -0.07908558 0 -0.01321923 -0.07908558 0 -0.01321923 -0.07908558 0 -0.01339155 -0.08216983 -5.21646e-4 -0.01339155 -0.08216983 -5.21646e-4 -0.01339155 -0.08216983 -5.21646e-4 -0.01322138 -0.07912391 -7.08178e-4 -0.01322138 -0.07912391 -7.08178e-4 -0.01322138 -0.07912391 -7.08178e-4 -0.01339805 -0.08228605 -0.001031637 -0.01339805 -0.08228605 -0.001031637 -0.01339805 -0.08228605 -0.001031637 -0.01322776 -0.07923847 -0.00140804 -0.01322776 -0.07923847 -0.00140804 -0.01322776 -0.07923847 -0.00140804 -0.01322776 -0.07923847 -0.00140804 -0.01340872 -0.08247685 -0.001518547 -0.01340872 -0.08247685 -0.001518547 -0.01340872 -0.08247685 -0.001518547 -0.01342332 -0.08273804 -0.001971602 -0.01342332 -0.08273804 -0.001971602 -0.01342332 -0.08273804 -0.001971602 -0.01342332 -0.08273804 -0.001971602 -0.01323831 -0.07942789 -0.002091407 -0.01323831 -0.07942789 -0.002091407 -0.01323831 -0.07942789 -0.002091407 -0.01323831 -0.07942789 -0.002091407 -0.01344156 -0.08306366 -0.002380549 -0.01344156 -0.08306366 -0.002380549 -0.01344156 -0.08306366 -0.002380549 -0.01344156 -0.08306366 -0.002380549 -0.01325297 -0.07968997 -0.002750217 -0.01325297 -0.07968997 -0.002750217 -0.01325297 -0.07968997 -0.002750217 -0.01325297 -0.07968997 -0.002750217 -0.01346296 -0.08344656 -0.002736389 -0.01346296 -0.08344656 -0.002736389 -0.01346296 -0.08344656 -0.002736389 -0.01346296 -0.08344656 -0.002736389 -0.01348704 -0.08387809 -0.003031075 -0.01348704 -0.08387809 -0.003031075 -0.01348704 -0.08387809 -0.003031075 -0.01348704 -0.08387809 -0.003031075 -0.01391643 -0.09156072 0.002750217 -0.01391643 -0.09156072 0.002750217 -0.01391643 -0.09156072 0.002750217 -0.01391643 -0.09156072 0.002750217 -0.01391643 -0.09156072 0.002750217 -0.01365607 -0.08690202 0.003258049 -0.01365607 -0.08690202 0.003258049 -0.01365607 -0.08690202 0.003258049 -0.01365607 -0.08690202 0.003258049 -0.01368236 -0.0873726 0.003031075 -0.01368236 -0.0873726 0.003031075 -0.01368236 -0.0873726 0.003031075 -0.01368236 -0.0873726 0.003031075 -0.01370644 -0.08780413 0.002736389 -0.01370644 -0.08780413 0.002736389 -0.01370644 -0.08780413 0.002736389 -0.01370644 -0.08780413 0.002736389 -0.01394164 -0.09201222 0.00140804 -0.01394164 -0.09201222 0.00140804 -0.01394164 -0.09201222 0.00140804 -0.01394164 -0.09201222 0.00140804 -0.01376068 -0.08877384 0.001518547 -0.01376068 -0.08877384 0.001518547 -0.01376068 -0.08877384 0.001518547 -0.01376068 -0.08877384 0.001518547 -0.01394802 -0.09212678 7.0818e-4 -0.01394802 -0.09212678 7.0818e-4 -0.01394802 -0.09212678 7.0818e-4 -0.01394802 -0.09212678 7.0818e-4 -0.01377129 -0.08896464 0.001031637 -0.01377129 -0.08896464 0.001031637 -0.01377129 -0.08896464 0.001031637 -0.01377779 -0.08908087 5.21649e-4 -0.01377779 -0.08908087 5.21649e-4 -0.01377779 -0.08908087 5.21649e-4 -0.01395016 -0.09216511 0 -0.01395016 -0.09216511 0 -0.01395016 -0.09216511 0 -0.01395016 -0.09216511 0 -0.01377999 -0.08911991 0 -0.01377999 -0.08911991 0 -0.01377999 -0.08911991 0 -0.01394802 -0.09212678 -7.08178e-4 -0.01394802 -0.09212678 -7.08178e-4 -0.01394802 -0.09212678 -7.08178e-4 -0.01394802 -0.09212678 -7.08178e-4 -0.01377779 -0.08908087 -5.21646e-4 -0.01377779 -0.08908087 -5.21646e-4 -0.01377779 -0.08908087 -5.21646e-4 -0.01394164 -0.09201222 -0.00140804 -0.01394164 -0.09201222 -0.00140804 -0.01394164 -0.09201222 -0.00140804 -0.01394164 -0.09201222 -0.00140804 -0.01377129 -0.08896464 -0.001031637 -0.01377129 -0.08896464 -0.001031637 -0.01377129 -0.08896464 -0.001031637 -0.01376068 -0.08877384 -0.001518547 -0.01376068 -0.08877384 -0.001518547 -0.01376068 -0.08877384 -0.001518547 -0.01393103 -0.0918228 -0.002091407 -0.01393103 -0.0918228 -0.002091407 -0.01393103 -0.0918228 -0.002091407 -0.01393103 -0.0918228 -0.002091407 -0.01374608 -0.08851265 -0.001971602 -0.01374608 -0.08851265 -0.001971602 -0.01374608 -0.08851265 -0.001971602 -0.01391643 -0.09156072 -0.002750217 -0.01391643 -0.09156072 -0.002750217 -0.01391643 -0.09156072 -0.002750217 -0.01391643 -0.09156072 -0.002750217 -0.01372784 -0.08818703 -0.002380549 -0.01372784 -0.08818703 -0.002380549 -0.01372784 -0.08818703 -0.002380549 -0.01372784 -0.08818703 -0.002380549 -0.01370644 -0.08780413 -0.002736389 -0.01370644 -0.08780413 -0.002736389 -0.01370644 -0.08780413 -0.002736389 -0.01368236 -0.0873726 -0.003031075 -0.01368236 -0.0873726 -0.003031075 -0.01368236 -0.0873726 -0.003031075 -0.02150064 0.005708575 0 -0.02150064 0.005708575 0 -0.02150064 0.005708575 0 -0.02141696 0.007206261 0 -0.02141696 0.007206261 0 -0.02141696 0.007206261 0 -0.02150279 0.00567013 5.87369e-4 -0.02150279 0.00567013 5.87369e-4 -0.02150279 0.00567013 5.87369e-4 -0.02150279 0.00567013 -5.87366e-4 -0.02150279 0.00567013 -5.87366e-4 -0.02150279 0.00567013 -5.87366e-4 -0.02112489 0.01243174 -0.006839036 -0.02112489 0.01243174 -0.006839036 -0.02112489 0.01243174 -0.006839036 -0.02130728 0.009169101 -2.58818e-4 -0.02130728 0.009169101 -2.58818e-4 -0.02130728 0.009169101 -2.58818e-4 -0.02131283 0.009069383 -4.99999e-4 -0.02131283 0.009069383 -4.99999e-4 -0.02131283 0.009069383 -4.99999e-4 -0.02131283 0.009069383 -4.99999e-4 -0.02132171 0.008910715 -7.07105e-4 -0.02132171 0.008910715 -7.07105e-4 -0.02132171 0.008910715 -7.07105e-4 -0.02132171 0.008910715 -7.07105e-4 -0.02199429 -0.003124237 -0.001164674 -0.02199429 -0.003124237 -0.001164674 -0.02199429 -0.003124237 -0.001164674 -0.02200067 -0.003238856 -5.87366e-4 -0.02200067 -0.003238856 -5.87366e-4 -0.02200067 -0.003238856 -5.87366e-4 -0.02212792 -0.005514979 -9.65924e-4 -0.02212792 -0.005514979 -9.65924e-4 -0.02212792 -0.005514979 -9.65924e-4 -0.02214235 -0.005773425 -9.99998e-4 -0.02214235 -0.005773425 -9.99998e-4 -0.02214235 -0.005773425 -9.99998e-4 -0.02153432 0.005106627 -0.002249956 -0.02153432 0.005106627 -0.002249956 -0.02153432 0.005106627 -0.002249956 -0.02153432 0.005106627 -0.002249956 -0.02151978 0.005366623 -0.001722037 -0.02151978 0.005366623 -0.001722037 -0.02151978 0.005366623 -0.001722037 -0.02150923 0.00555551 -0.001164674 -0.02150923 0.00555551 -0.001164674 -0.02150923 0.00555551 -0.001164674 -0.02178454 6.29182e-4 -0.004461467 -0.02178454 6.29182e-4 -0.004461467 -0.02178454 6.29182e-4 -0.004461467 -0.02177965 7.16416e-4 -0.006133913 -0.02177965 7.16416e-4 -0.006133913 -0.02177965 7.16416e-4 -0.006133913 -0.02177965 7.16416e-4 -0.006133913 -0.02176618 9.57215e-4 -0.006034016 -0.02176618 9.57215e-4 -0.006034016 -0.02176618 9.57215e-4 -0.006034016 -0.02211445 -0.005274236 -8.66024e-4 -0.02211445 -0.005274236 -8.66024e-4 -0.02211445 -0.005274236 -8.66024e-4 -0.02211445 -0.005274236 -8.66024e-4 -0.02153432 0.005106627 0.002249956 -0.02153432 0.005106627 0.002249956 -0.02153432 0.005106627 0.002249956 -0.02153432 0.005106627 0.002249956 -0.02151978 0.005366623 0.001722037 -0.02151978 0.005366623 0.001722037 -0.02151978 0.005366623 0.001722037 -0.02151978 0.005366623 0.001722037 -0.02150923 0.00555551 0.001164674 -0.02150923 0.00555551 0.001164674 -0.02150923 0.00555551 0.001164674 -0.0217123 0.001921594 0.006292879 -0.0217123 0.001921594 0.006292879 -0.0217123 0.001921594 0.006292879 -0.0217123 0.001921594 0.006292879 -0.02172386 0.001714825 0.006133913 -0.02172386 0.001714825 0.006133913 -0.02172386 0.001714825 0.006133913 -0.02171897 0.001802086 0.004461467 -0.02171897 0.001802086 0.004461467 -0.02171897 0.001802086 0.004461467 -0.02171897 0.001802086 0.004461467 -0.02171897 0.001802086 0.004461467 -0.02180755 2.17194e-4 0.006999969 -0.02180755 2.17194e-4 0.006999969 -0.02180755 2.17194e-4 0.006999969 -0.02180755 2.17194e-4 0.006999969 -0.02180755 2.17194e-4 0.006999969 -0.02217024 -0.006272673 8.66026e-4 -0.02217024 -0.006272673 8.66026e-4 -0.02217024 -0.006272673 8.66026e-4 -0.02217024 -0.006272673 8.66026e-4 -0.02217024 -0.006272673 8.66026e-4 -0.02217024 -0.006272673 8.66026e-4 -0.02217024 -0.006272673 8.66026e-4 -0.02187728 -0.001030862 0.00389707 -0.02187728 -0.001030862 0.00389707 -0.02187728 -0.001030862 0.00389707 -0.02187728 -0.001030862 0.00389707 -0.02184784 -5.03753e-4 0.004157423 -0.02184784 -5.03753e-4 0.004157423 -0.02184784 -5.03753e-4 0.004157423 -0.02181673 5.27656e-5 0.004346609 -0.02181673 5.27656e-5 0.004346609 -0.02181673 5.27656e-5 0.004346609 -0.02181673 5.27656e-5 0.004346609 -0.02200287 -0.003277301 0 -0.02200287 -0.003277301 0 -0.02200287 -0.003277301 0 -0.02200287 -0.003277301 0 -0.02200287 -0.003277301 0 -0.02200287 -0.003277301 0 -0.02200067 -0.003238856 5.87369e-4 -0.02200067 -0.003238856 5.87369e-4 -0.02200067 -0.003238856 5.87369e-4 -0.02211445 -0.005274236 8.66026e-4 -0.02211445 -0.005274236 8.66026e-4 -0.02211445 -0.005274236 8.66026e-4 -0.02211445 -0.005274236 8.66026e-4 -0.02210289 -0.005067408 7.07108e-4 -0.02210289 -0.005067408 7.07108e-4 -0.02210289 -0.005067408 7.07108e-4 -0.02210289 -0.005067408 7.07108e-4 -0.02210289 -0.005067408 7.07108e-4 -0.02209401 -0.00490874 5.00001e-4 -0.02209401 -0.00490874 5.00001e-4 -0.02209401 -0.00490874 5.00001e-4 -0.02209401 -0.00490874 5.00001e-4 -0.02208846 -0.004809021 2.5882e-4 -0.02208846 -0.004809021 2.5882e-4 -0.02208846 -0.004809021 2.5882e-4 -0.02208846 -0.004809021 2.5882e-4 -0.02208656 -0.004774987 0 -0.02208656 -0.004774987 0 -0.02208656 -0.004774987 0 -0.02208656 -0.004774987 0 -0.02208846 -0.004809021 -2.58818e-4 -0.02208846 -0.004809021 -2.58818e-4 -0.02208846 -0.004809021 -2.58818e-4 -0.02209401 -0.00490874 -4.99999e-4 -0.02209401 -0.00490874 -4.99999e-4 -0.02209401 -0.00490874 -4.99999e-4 -0.02209401 -0.00490874 -4.99999e-4 -0.02209401 -0.00490874 -4.99999e-4 -0.02210289 -0.005067408 -7.07105e-4 -0.02210289 -0.005067408 -7.07105e-4 -0.02210289 -0.005067408 -7.07105e-4 -0.02210289 -0.005067408 -7.07105e-4 -0.02112489 0.01243174 0.006839036 -0.02112489 0.01243174 0.006839036 -0.02112489 0.01243174 0.006839036 -0.02114301 0.01210778 0.007296323 -0.02114301 0.01210778 0.007296323 -0.02114301 0.01210778 0.007296323 -0.02114301 0.01210778 0.007296323 -0.02169597 0.002214074 0.006999969 -0.02169597 0.002214074 0.006999969 -0.02169597 0.002214074 0.006999969 -0.02169597 0.002214074 0.006999969 -0.02169597 0.002214074 0.006999969 -0.02169597 0.002214074 0.006999969 -0.02132171 0.008910715 7.07108e-4 -0.02132171 0.008910715 7.07108e-4 -0.02132171 0.008910715 7.07108e-4 -0.02132171 0.008910715 7.07108e-4 -0.02132171 0.008910715 7.07108e-4 -0.02131283 0.009069383 5.00001e-4 -0.02131283 0.009069383 5.00001e-4 -0.02131283 0.009069383 5.00001e-4 -0.02130728 0.009169101 2.5882e-4 -0.02130728 0.009169101 2.5882e-4 -0.02130728 0.009169101 2.5882e-4 -0.02130538 0.009203135 0 -0.02130538 0.009203135 0 -0.02130538 0.009203135 0 -0.02173727 0.001474022 -0.007965862 -0.02173727 0.001474022 -0.007965862 -0.02173727 0.001474022 -0.007965862 -0.02173727 0.001474022 -0.007965862 -0.02175176 0.001215636 -0.007999956 -0.02175176 0.001215636 -0.007999956 -0.02175176 0.001215636 -0.007999956 -0.02175176 0.001215636 -0.007999956 -0.02176618 9.57215e-4 -0.007965862 -0.02176618 9.57215e-4 -0.007965862 -0.02176618 9.57215e-4 -0.007965862 -0.02176618 9.57215e-4 -0.007965862 -0.02177965 7.16416e-4 -0.007865965 -0.02177965 7.16416e-4 -0.007865965 -0.02177965 7.16416e-4 -0.007865965 -0.02177965 7.16416e-4 -0.007865965 -0.02179121 5.09629e-4 -0.007707059 -0.02179121 5.09629e-4 -0.007707059 -0.02179121 5.09629e-4 -0.007707059 -0.02179121 5.09629e-4 -0.007707059 -0.0218001 3.50953e-4 -0.007499992 -0.0218001 3.50953e-4 -0.007499992 -0.0218001 3.50953e-4 -0.007499992 -0.0218001 3.50953e-4 -0.007499992 -0.02180564 2.51221e-4 -0.007258772 -0.02180564 2.51221e-4 -0.007258772 -0.02180564 2.51221e-4 -0.007258772 -0.02180564 2.51221e-4 -0.007258772 -0.02180755 2.17194e-4 -0.006999969 -0.02180755 2.17194e-4 -0.006999969 -0.02180755 2.17194e-4 -0.006999969 -0.02180755 2.17194e-4 -0.006999969 -0.02180755 2.17194e-4 -0.006999969 -0.02181673 5.27656e-5 -0.004346609 -0.02181673 5.27656e-5 -0.004346609 -0.02181673 5.27656e-5 -0.004346609 -0.02181673 5.27656e-5 -0.004346609 -0.02184784 -5.03753e-4 -0.004157423 -0.02184784 -5.03753e-4 -0.004157423 -0.02184784 -5.03753e-4 -0.004157423 -0.02187728 -0.001030862 -0.00389707 -0.02187728 -0.001030862 -0.00389707 -0.02187728 -0.001030862 -0.00389707 -0.02190458 -0.001519501 -0.003570079 -0.02190458 -0.001519501 -0.003570079 -0.02190458 -0.001519501 -0.003570079 -0.02192932 -0.00196135 -0.003181934 -0.02192932 -0.00196135 -0.003181934 -0.02192932 -0.00196135 -0.003181934 -0.02195096 -0.00234884 -0.002739369 -0.02195096 -0.00234884 -0.002739369 -0.02195096 -0.00234884 -0.002739369 -0.02196919 -0.002675354 -0.002249956 -0.02196919 -0.002675354 -0.002249956 -0.02196919 -0.002675354 -0.002249956 -0.02198374 -0.00293529 -0.001722037 -0.02198374 -0.00293529 -0.001722037 -0.02198374 -0.00293529 -0.001722037 -0.02215677 -0.006031811 -9.65924e-4 -0.02215677 -0.006031811 -9.65924e-4 -0.02215677 -0.006031811 -9.65924e-4 -0.02215677 -0.006031811 -9.65924e-4 -0.02217024 -0.006272673 -8.66024e-4 -0.02217024 -0.006272673 -8.66024e-4 -0.02217024 -0.006272673 -8.66024e-4 -0.02217024 -0.006272673 -8.66024e-4 -0.0221818 -0.006479442 -7.07105e-4 -0.0221818 -0.006479442 -7.07105e-4 -0.0221818 -0.006479442 -7.07105e-4 -0.0221818 -0.006479442 -7.07105e-4 -0.02219069 -0.006638109 -4.99999e-4 -0.02219069 -0.006638109 -4.99999e-4 -0.02219069 -0.006638109 -4.99999e-4 -0.02219623 -0.006737828 -2.58818e-4 -0.02219623 -0.006737828 -2.58818e-4 -0.02219623 -0.006737828 -2.58818e-4 -0.02219623 -0.006737828 -2.58818e-4 -0.02219814 -0.006771862 0 -0.02219814 -0.006771862 0 -0.02219814 -0.006771862 0 -0.02219623 -0.006737828 2.5882e-4 -0.02219623 -0.006737828 2.5882e-4 -0.02219623 -0.006737828 2.5882e-4 -0.02219623 -0.006737828 2.5882e-4 -0.02219069 -0.006638109 5.00001e-4 -0.02219069 -0.006638109 5.00001e-4 -0.02219069 -0.006638109 5.00001e-4 -0.02219069 -0.006638109 5.00001e-4 -0.0221818 -0.006479442 7.07108e-4 -0.0221818 -0.006479442 7.07108e-4 -0.0221818 -0.006479442 7.07108e-4 -0.0221818 -0.006479442 7.07108e-4 -0.0221818 -0.006479442 7.07108e-4 -0.02215677 -0.006031811 9.65927e-4 -0.02215677 -0.006031811 9.65927e-4 -0.02215677 -0.006031811 9.65927e-4 -0.02215677 -0.006031811 9.65927e-4 -0.02215677 -0.006031811 9.65927e-4 -0.02214235 -0.005773425 0.000999987 -0.02214235 -0.005773425 0.000999987 -0.02214235 -0.005773425 0.000999987 -0.02214235 -0.005773425 0.000999987 -0.02198374 -0.00293529 0.001722037 -0.02198374 -0.00293529 0.001722037 -0.02198374 -0.00293529 0.001722037 -0.02198374 -0.00293529 0.001722037 -0.02196919 -0.002675354 0.002249956 -0.02196919 -0.002675354 0.002249956 -0.02196919 -0.002675354 0.002249956 -0.02195096 -0.00234884 0.002739369 -0.02195096 -0.00234884 0.002739369 -0.02195096 -0.00234884 0.002739369 -0.02195096 -0.00234884 0.002739369 -0.02192932 -0.00196135 0.003181934 -0.02192932 -0.00196135 0.003181934 -0.02192932 -0.00196135 0.003181934 -0.02190458 -0.001519501 0.003570079 -0.02190458 -0.001519501 0.003570079 -0.02190458 -0.001519501 0.003570079 -0.02190458 -0.001519501 0.003570079 -0.02116388 0.01173472 -0.00771445 -0.02116388 0.01173472 -0.00771445 -0.02116388 0.01173472 -0.00771445 -0.02114301 0.01210778 -0.007296323 -0.02114301 0.01210778 -0.007296323 -0.02114301 0.01210778 -0.007296323 -0.02169597 0.002214074 -0.006999969 -0.02169597 0.002214074 -0.006999969 -0.02169597 0.002214074 -0.006999969 -0.02169597 0.002214074 -0.006999969 -0.02169597 0.002214074 -0.006999969 -0.02169597 0.002214074 -0.006999969 -0.02169787 0.002180039 -0.007258772 -0.02169787 0.002180039 -0.007258772 -0.02169787 0.002180039 -0.007258772 -0.02170342 0.002080261 -0.007499992 -0.02170342 0.002080261 -0.007499992 -0.02170342 0.002080261 -0.007499992 -0.02170342 0.002080261 -0.007499992 -0.0217123 0.001921594 -0.007707059 -0.0217123 0.001921594 -0.007707059 -0.0217123 0.001921594 -0.007707059 -0.02172386 0.001714825 -0.007865965 -0.02172386 0.001714825 -0.007865965 -0.02172386 0.001714825 -0.007865965 -0.02133327 0.008703947 -8.66024e-4 -0.02133327 0.008703947 -8.66024e-4 -0.02133327 0.008703947 -8.66024e-4 -0.02133327 0.008703947 -8.66024e-4 -0.02134668 0.008463144 -9.65924e-4 -0.02134668 0.008463144 -9.65924e-4 -0.02134668 0.008463144 -9.65924e-4 -0.02136117 0.008204698 -9.99998e-4 -0.02136117 0.008204698 -9.99998e-4 -0.02136117 0.008204698 -9.99998e-4 -0.02137559 0.007946252 -9.65924e-4 -0.02137559 0.007946252 -9.65924e-4 -0.02137559 0.007946252 -9.65924e-4 -0.02138906 0.00770545 -8.66024e-4 -0.02138906 0.00770545 -8.66024e-4 -0.02138906 0.00770545 -8.66024e-4 -0.02138906 0.00770545 -8.66024e-4 -0.02140063 0.007498681 -7.07105e-4 -0.02140063 0.007498681 -7.07105e-4 -0.02140063 0.007498681 -7.07105e-4 -0.02140951 0.007340013 -4.99999e-4 -0.02140951 0.007340013 -4.99999e-4 -0.02140951 0.007340013 -4.99999e-4 -0.02141505 0.007240295 -2.58818e-4 -0.02141505 0.007240295 -2.58818e-4 -0.02141505 0.007240295 -2.58818e-4 -0.02141505 0.007240295 -2.58818e-4 -0.02155256 0.004780113 -0.002739369 -0.02155256 0.004780113 -0.002739369 -0.02155256 0.004780113 -0.002739369 -0.02155256 0.004780113 -0.002739369 -0.02155256 0.004780113 -0.002739369 -0.02157419 0.004392623 -0.003181934 -0.02157419 0.004392623 -0.003181934 -0.02157419 0.004392623 -0.003181934 -0.02157419 0.004392623 -0.003181934 -0.02159887 0.003950774 -0.003570079 -0.02159887 0.003950774 -0.003570079 -0.02159887 0.003950774 -0.003570079 -0.02162617 0.003462076 -0.00389707 -0.02162617 0.003462076 -0.00389707 -0.02162617 0.003462076 -0.00389707 -0.02165567 0.002934992 -0.004157423 -0.02165567 0.002934992 -0.004157423 -0.02165567 0.002934992 -0.004157423 -0.02165567 0.002934992 -0.004157423 -0.02168673 0.002378523 -0.004346609 -0.02168673 0.002378523 -0.004346609 -0.02168673 0.002378523 -0.004346609 -0.02168673 0.002378523 -0.004346609 -0.02168673 0.002378523 -0.004346609 -0.02169787 0.002180039 -0.006741166 -0.02169787 0.002180039 -0.006741166 -0.02169787 0.002180039 -0.006741166 -0.02169787 0.002180039 -0.006741166 -0.02110981 0.01270252 -0.006348311 -0.02110981 0.01270252 -0.006348311 -0.02110981 0.01270252 -0.006348311 -0.02109783 0.0129168 -0.005830287 -0.02109783 0.0129168 -0.005830287 -0.02109783 0.0129168 -0.005830287 -0.02108913 0.01307177 -0.005291521 -0.02108913 0.01307177 -0.005291521 -0.02108913 0.01307177 -0.005291521 -0.02108389 0.01316553 -0.004738748 -0.02108389 0.01316553 -0.004738748 -0.02108389 0.01316553 -0.004738748 -0.02108216 0.01319688 -0.004178881 -0.02108216 0.01319688 -0.004178881 -0.02108216 0.01319688 -0.004178881 -0.02108216 0.01319688 -0.004178881 -0.02108216 0.01319688 0.004178881 -0.02108216 0.01319688 0.004178881 -0.02108216 0.01319688 0.004178881 -0.02108389 0.01316553 0.004738748 -0.02108389 0.01316553 0.004738748 -0.02108389 0.01316553 0.004738748 -0.02108389 0.01316553 0.004738748 -0.02108913 0.01307177 0.005291521 -0.02108913 0.01307177 0.005291521 -0.02108913 0.01307177 0.005291521 -0.02109783 0.0129168 0.005830287 -0.02109783 0.0129168 0.005830287 -0.02109783 0.0129168 0.005830287 -0.02110981 0.01270252 0.006348311 -0.02110981 0.01270252 0.006348311 -0.02110981 0.01270252 0.006348311 -0.02180564 2.51221e-4 -0.006741166 -0.02180564 2.51221e-4 -0.006741166 -0.02180564 2.51221e-4 -0.006741166 -0.02180564 2.51221e-4 -0.006741166 -0.02180564 2.51221e-4 -0.006741166 -0.0218001 3.50953e-4 -0.006499946 -0.0218001 3.50953e-4 -0.006499946 -0.0218001 3.50953e-4 -0.006499946 -0.0218001 3.50953e-4 -0.006499946 -0.02179121 5.09629e-4 -0.006292879 -0.02179121 5.09629e-4 -0.006292879 -0.02179121 5.09629e-4 -0.006292879 -0.02179121 5.09629e-4 -0.006292879 -0.02169787 0.002180039 0.006741166 -0.02169787 0.002180039 0.006741166 -0.02169787 0.002180039 0.006741166 -0.02169787 0.002180039 0.006741166 -0.02169787 0.002180039 0.006741166 -0.02168673 0.002378523 0.004346609 -0.02168673 0.002378523 0.004346609 -0.02168673 0.002378523 0.004346609 -0.02168673 0.002378523 0.004346609 -0.02168673 0.002378523 0.004346609 -0.02165567 0.002934992 0.004157423 -0.02165567 0.002934992 0.004157423 -0.02165567 0.002934992 0.004157423 -0.02162617 0.003462076 0.00389707 -0.02162617 0.003462076 0.00389707 -0.02162617 0.003462076 0.00389707 -0.02159887 0.003950774 0.003570079 -0.02159887 0.003950774 0.003570079 -0.02159887 0.003950774 0.003570079 -0.02157419 0.004392623 0.003181934 -0.02157419 0.004392623 0.003181934 -0.02157419 0.004392623 0.003181934 -0.02157419 0.004392623 0.003181934 -0.02155256 0.004780113 0.002739369 -0.02155256 0.004780113 0.002739369 -0.02155256 0.004780113 0.002739369 -0.02155256 0.004780113 0.002739369 -0.02141505 0.007240295 2.5882e-4 -0.02141505 0.007240295 2.5882e-4 -0.02141505 0.007240295 2.5882e-4 -0.02140951 0.007340013 5.00001e-4 -0.02140951 0.007340013 5.00001e-4 -0.02140951 0.007340013 5.00001e-4 -0.02140063 0.007498681 7.07108e-4 -0.02140063 0.007498681 7.07108e-4 -0.02140063 0.007498681 7.07108e-4 -0.02140063 0.007498681 7.07108e-4 -0.02138906 0.00770545 8.66026e-4 -0.02138906 0.00770545 8.66026e-4 -0.02138906 0.00770545 8.66026e-4 -0.02137559 0.007946252 9.65927e-4 -0.02137559 0.007946252 9.65927e-4 -0.02137559 0.007946252 9.65927e-4 -0.02136117 0.008204698 0.000999987 -0.02136117 0.008204698 0.000999987 -0.02136117 0.008204698 0.000999987 -0.02134668 0.008463144 9.65927e-4 -0.02134668 0.008463144 9.65927e-4 -0.02134668 0.008463144 9.65927e-4 -0.02133327 0.008703947 8.66026e-4 -0.02133327 0.008703947 8.66026e-4 -0.02133327 0.008703947 8.66026e-4 -0.02133327 0.008703947 8.66026e-4 -0.02178454 6.29182e-4 0.004461467 -0.02178454 6.29182e-4 0.004461467 -0.02178454 6.29182e-4 0.004461467 -0.02177965 7.16416e-4 0.006133913 -0.02177965 7.16416e-4 0.006133913 -0.02177965 7.16416e-4 0.006133913 -0.02177965 7.16416e-4 0.006133913 -0.02179121 5.09629e-4 0.006292879 -0.02179121 5.09629e-4 0.006292879 -0.02179121 5.09629e-4 0.006292879 -0.02179121 5.09629e-4 0.006292879 -0.0218001 3.50953e-4 0.006499946 -0.0218001 3.50953e-4 0.006499946 -0.0218001 3.50953e-4 0.006499946 -0.0218001 3.50953e-4 0.006499946 -0.02180564 2.51221e-4 0.006741166 -0.02180564 2.51221e-4 0.006741166 -0.02180564 2.51221e-4 0.006741166 -0.02180564 2.51221e-4 0.006741166 -0.02180564 2.51221e-4 0.006741166 -0.02180564 2.51221e-4 0.007258772 -0.02180564 2.51221e-4 0.007258772 -0.02180564 2.51221e-4 0.007258772 -0.02180564 2.51221e-4 0.007258772 -0.0218001 3.50953e-4 0.007499992 -0.0218001 3.50953e-4 0.007499992 -0.0218001 3.50953e-4 0.007499992 -0.0218001 3.50953e-4 0.007499992 -0.02179121 5.09629e-4 0.007707059 -0.02179121 5.09629e-4 0.007707059 -0.02179121 5.09629e-4 0.007707059 -0.02179121 5.09629e-4 0.007707059 -0.02177965 7.16416e-4 0.007865965 -0.02177965 7.16416e-4 0.007865965 -0.02177965 7.16416e-4 0.007865965 -0.02177965 7.16416e-4 0.007865965 -0.02176618 9.57215e-4 0.007965922 -0.02176618 9.57215e-4 0.007965922 -0.02176618 9.57215e-4 0.007965922 -0.02176618 9.57215e-4 0.007965922 -0.02175176 0.001215636 0.007999956 -0.02175176 0.001215636 0.007999956 -0.02175176 0.001215636 0.007999956 -0.02175176 0.001215636 0.007999956 -0.02173727 0.001474022 0.007965922 -0.02173727 0.001474022 0.007965922 -0.02173727 0.001474022 0.007965922 -0.02173727 0.001474022 0.007965922 -0.02172386 0.001714825 0.007865965 -0.02172386 0.001714825 0.007865965 -0.02172386 0.001714825 0.007865965 -0.0217123 0.001921594 0.007707059 -0.0217123 0.001921594 0.007707059 -0.0217123 0.001921594 0.007707059 -0.0217123 0.001921594 0.007707059 -0.02170342 0.002080261 0.007499992 -0.02170342 0.002080261 0.007499992 -0.02170342 0.002080261 0.007499992 -0.02170342 0.002080261 0.007499992 -0.02169787 0.002180039 0.007258772 -0.02169787 0.002180039 0.007258772 -0.02169787 0.002180039 0.007258772 -0.02169787 0.002180039 0.007258772 -0.02116388 0.01173472 0.00771445 -0.02116388 0.01173472 0.00771445 -0.02116388 0.01173472 0.00771445 -0.02199429 -0.003124237 0.001164674 -0.02199429 -0.003124237 0.001164674 -0.02199429 -0.003124237 0.001164674 -0.02212792 -0.005514979 9.65927e-4 -0.02212792 -0.005514979 9.65927e-4 -0.02212792 -0.005514979 9.65927e-4 -0.02170342 0.002080261 -0.006499946 -0.02170342 0.002080261 -0.006499946 -0.02170342 0.002080261 -0.006499946 -0.02170342 0.002080261 -0.006499946 -0.02170342 0.002080261 -0.006499946 -0.02171897 0.001802086 -0.004461467 -0.02171897 0.001802086 -0.004461467 -0.02171897 0.001802086 -0.004461467 -0.0217123 0.001921594 -0.006292879 -0.0217123 0.001921594 -0.006292879 -0.0217123 0.001921594 -0.006292879 -0.0217123 0.001921594 -0.006292879 -0.02175176 0.001215636 -0.004499971 -0.02175176 0.001215636 -0.004499971 -0.02175176 0.001215636 -0.004499971 -0.02173727 0.001474022 -0.006034016 -0.02173727 0.001474022 -0.006034016 -0.02173727 0.001474022 -0.006034016 -0.02172386 0.001714825 -0.006133913 -0.02172386 0.001714825 -0.006133913 -0.02172386 0.001714825 -0.006133913 -0.02175176 0.001215636 -0.005999982 -0.02175176 0.001215636 -0.005999982 -0.02175176 0.001215636 -0.005999982 -0.02170342 0.002080261 0.006499946 -0.02170342 0.002080261 0.006499946 -0.02170342 0.002080261 0.006499946 -0.02170342 0.002080261 0.006499946 -0.02170342 0.002080261 0.006499946 -0.02175176 0.001215636 0.004499971 -0.02175176 0.001215636 0.004499971 -0.02175176 0.001215636 0.004499971 -0.02173727 0.001474022 0.006034016 -0.02173727 0.001474022 0.006034016 -0.02173727 0.001474022 0.006034016 -0.02175176 0.001215636 0.005999982 -0.02175176 0.001215636 0.005999982 -0.02175176 0.001215636 0.005999982 -0.02176618 9.57215e-4 0.006034016 -0.02176618 9.57215e-4 0.006034016 -0.02176618 9.57215e-4 0.006034016 -0.02669292 0.002408325 -0.01046001 -0.02669292 0.002408325 -0.01046001 -0.02669292 0.002408325 -0.01046001 -0.02669292 0.002408325 -0.01046001 -0.0266422 0.003315091 -0.01034045 -0.0266422 0.003315091 -0.01034045 -0.0266422 0.003315091 -0.01034045 -0.02659231 0.004207968 -0.0101422 -0.02659231 0.004207968 -0.0101422 -0.02659231 0.004207968 -0.0101422 -0.02654355 0.005080223 -0.009866714 -0.02654355 0.005080223 -0.009866714 -0.02654355 0.005080223 -0.009866714 -0.02649635 0.005925178 -0.009516179 -0.02649635 0.005925178 -0.009516179 -0.02649635 0.005925178 -0.009516179 -0.02645099 0.006736397 -0.009093225 -0.02645099 0.006736397 -0.009093225 -0.02645099 0.006736397 -0.009093225 -0.02640789 0.007507741 -0.008601069 -0.02640789 0.007507741 -0.008601069 -0.02640789 0.007507741 -0.008601069 -0.02640789 0.007507741 -0.008601069 -0.02636736 0.008233368 -0.008043408 -0.02636736 0.008233368 -0.008043408 -0.02636736 0.008233368 -0.008043408 -0.02632969 0.008907675 -0.007424592 -0.02632969 0.008907675 -0.007424592 -0.02632969 0.008907675 -0.007424592 -0.02629512 0.009525537 -0.006749212 -0.02629512 0.009525537 -0.006749212 -0.02629512 0.009525537 -0.006749212 -0.02626401 0.0100823 -0.006022512 -0.02626401 0.0100823 -0.006022512 -0.02626401 0.0100823 -0.006022512 -0.02626401 0.0100823 -0.006022512 -0.02623659 0.01057374 -0.005249977 -0.02623659 0.01057374 -0.005249977 -0.02623659 0.01057374 -0.005249977 -0.02623659 0.01057374 -0.005249977 -0.02615809 0.01197826 0 -0.02615809 0.01197826 0 -0.02615809 0.01197826 0 -0.02615809 0.01197826 0 -0.02615809 0.01197826 0 -0.02615606 0.01201373 0.00771445 -0.02615606 0.01201373 0.00771445 -0.02615606 0.01201373 0.00771445 -0.02613526 0.01238679 0.007296323 -0.02613526 0.01238679 0.007296323 -0.02613526 0.01238679 0.007296323 -0.02611714 0.01271075 0.006839036 -0.02611714 0.01271075 0.006839036 -0.02611714 0.01271075 0.006839036 -0.026102 0.01298153 0.006348311 -0.026102 0.01298153 0.006348311 -0.026102 0.01298153 0.006348311 -0.02609002 0.01319575 0.005830287 -0.02609002 0.01319575 0.005830287 -0.02609002 0.01319575 0.005830287 -0.02608138 0.01335072 0.005291521 -0.02608138 0.01335072 0.005291521 -0.02608138 0.01335072 0.005291521 -0.02607613 0.01344454 0.004738748 -0.02607613 0.01344454 0.004738748 -0.02607613 0.01344454 0.004738748 -0.02607434 0.01347589 0.004178881 -0.02607434 0.01347589 0.004178881 -0.02607434 0.01347589 0.004178881 -0.02607434 0.01347589 0.004178881 -0.02607434 0.01347589 -0.004178881 -0.02607434 0.01347589 -0.004178881 -0.02607434 0.01347589 -0.004178881 -0.02607613 0.01344454 -0.004738748 -0.02607613 0.01344454 -0.004738748 -0.02607613 0.01344454 -0.004738748 -0.02607613 0.01344454 -0.004738748 -0.02608138 0.01335072 -0.005291521 -0.02608138 0.01335072 -0.005291521 -0.02608138 0.01335072 -0.005291521 -0.02609002 0.01319575 -0.005830287 -0.02609002 0.01319575 -0.005830287 -0.02609002 0.01319575 -0.005830287 -0.026102 0.01298153 -0.006348311 -0.026102 0.01298153 -0.006348311 -0.026102 0.01298153 -0.006348311 -0.02611714 0.01271075 -0.006839036 -0.02611714 0.01271075 -0.006839036 -0.02611714 0.01271075 -0.006839036 -0.02613526 0.01238679 -0.007296323 -0.02613526 0.01238679 -0.007296323 -0.02613526 0.01238679 -0.007296323 -0.02615606 0.01201373 -0.00771445 -0.02615606 0.01201373 -0.00771445 -0.02615606 0.01201373 -0.00771445 -0.02615606 0.01201373 -0.00771445 -0.02615606 0.01201373 -0.00771445 -0.02616029 0.01193833 -9.15134e-4 -0.02616029 0.01193833 -9.15134e-4 -0.02616029 0.01193833 -9.15134e-4 -0.02616029 0.01193833 -9.15134e-4 -0.02616029 0.01193833 -9.15134e-4 -0.02621299 0.01099604 -0.004437446 -0.02621299 0.01099604 -0.004437446 -0.02621299 0.01099604 -0.004437446 -0.02619338 0.01134604 -0.003591179 -0.02619338 0.01134604 -0.003591179 -0.02619338 0.01134604 -0.003591179 -0.02617806 0.01162099 -0.002717554 -0.02617806 0.01162099 -0.002717554 -0.02617806 0.01162099 -0.002717554 -0.02616697 0.011819 -0.001823246 -0.02616697 0.011819 -0.001823246 -0.02616697 0.011819 -0.001823246 -0.02616697 0.011819 -0.001823246 -0.02732986 -0.008988976 0 -0.02732986 -0.008988976 0 -0.02732986 -0.008988976 0 -0.02732765 -0.0089491 -9.15134e-4 -0.02732765 -0.0089491 -9.15134e-4 -0.02732765 -0.0089491 -9.15134e-4 -0.02732092 -0.008829712 -0.001823246 -0.02732092 -0.008829712 -0.001823246 -0.02732092 -0.008829712 -0.001823246 -0.02730989 -0.008631765 -0.002717554 -0.02730989 -0.008631765 -0.002717554 -0.02730989 -0.008631765 -0.002717554 -0.02729451 -0.00835675 -0.003591179 -0.02729451 -0.00835675 -0.003591179 -0.02729451 -0.00835675 -0.003591179 -0.02727496 -0.008006751 -0.004437446 -0.02727496 -0.008006751 -0.004437446 -0.02727496 -0.008006751 -0.004437446 -0.02727496 -0.008006751 -0.004437446 -0.02725136 -0.007584452 -0.005249977 -0.02725136 -0.007584452 -0.005249977 -0.02725136 -0.007584452 -0.005249977 -0.02722388 -0.007093012 -0.006022512 -0.02722388 -0.007093012 -0.006022512 -0.02722388 -0.007093012 -0.006022512 -0.02722388 -0.007093012 -0.006022512 -0.02719277 -0.006536245 -0.006749212 -0.02719277 -0.006536245 -0.006749212 -0.02719277 -0.006536245 -0.006749212 -0.02715826 -0.005918383 -0.007424592 -0.02715826 -0.005918383 -0.007424592 -0.02715826 -0.005918383 -0.007424592 -0.02712059 -0.005244076 -0.008043408 -0.02712059 -0.005244076 -0.008043408 -0.02712059 -0.005244076 -0.008043408 -0.02707999 -0.004518508 -0.008601069 -0.02707999 -0.004518508 -0.008601069 -0.02707999 -0.004518508 -0.008601069 -0.0270369 -0.003747165 -0.009093225 -0.0270369 -0.003747165 -0.009093225 -0.0270369 -0.003747165 -0.009093225 -0.02699154 -0.002935886 -0.009516179 -0.02699154 -0.002935886 -0.009516179 -0.02699154 -0.002935886 -0.009516179 -0.02694433 -0.00209093 -0.009866714 -0.02694433 -0.00209093 -0.009866714 -0.02694433 -0.00209093 -0.009866714 -0.02689558 -0.001218676 -0.0101422 -0.02689558 -0.001218676 -0.0101422 -0.02689558 -0.001218676 -0.0101422 -0.02684569 -3.25835e-4 -0.01034045 -0.02684569 -3.25835e-4 -0.01034045 -0.02684569 -3.25835e-4 -0.01034045 -0.02679502 5.80933e-4 -0.01046001 -0.02679502 5.80933e-4 -0.01046001 -0.02679502 5.80933e-4 -0.01046001 -0.02679502 5.80933e-4 -0.01046001 -0.02674394 0.001494586 -0.01049995 -0.02674394 0.001494586 -0.01049995 -0.02674394 0.001494586 -0.01049995 -0.02674394 0.001494586 -0.01049995 -0.02623659 0.01057374 0.005249977 -0.02623659 0.01057374 0.005249977 -0.02623659 0.01057374 0.005249977 -0.02623659 0.01057374 0.005249977 -0.02626401 0.0100823 0.006022512 -0.02626401 0.0100823 0.006022512 -0.02626401 0.0100823 0.006022512 -0.02626401 0.0100823 0.006022512 -0.02629512 0.009525537 0.006749212 -0.02629512 0.009525537 0.006749212 -0.02629512 0.009525537 0.006749212 -0.02632969 0.008907675 0.007424592 -0.02632969 0.008907675 0.007424592 -0.02632969 0.008907675 0.007424592 -0.02636736 0.008233368 0.008043408 -0.02636736 0.008233368 0.008043408 -0.02636736 0.008233368 0.008043408 -0.02636736 0.008233368 0.008043408 -0.02640789 0.007507741 0.008601069 -0.02640789 0.007507741 0.008601069 -0.02640789 0.007507741 0.008601069 -0.02645099 0.006736397 0.009093225 -0.02645099 0.006736397 0.009093225 -0.02645099 0.006736397 0.009093225 -0.02649635 0.005925178 0.009516179 -0.02649635 0.005925178 0.009516179 -0.02649635 0.005925178 0.009516179 -0.02654355 0.005080223 0.009866714 -0.02654355 0.005080223 0.009866714 -0.02654355 0.005080223 0.009866714 -0.02659231 0.004207968 0.0101422 -0.02659231 0.004207968 0.0101422 -0.02659231 0.004207968 0.0101422 -0.0266422 0.003315091 0.01034045 -0.0266422 0.003315091 0.01034045 -0.0266422 0.003315091 0.01034045 -0.02669292 0.002408325 0.01046001 -0.02669292 0.002408325 0.01046001 -0.02669292 0.002408325 0.01046001 -0.02669292 0.002408325 0.01046001 -0.02616029 0.01193833 9.15136e-4 -0.02616029 0.01193833 9.15136e-4 -0.02616029 0.01193833 9.15136e-4 -0.02616697 0.011819 0.001823306 -0.02616697 0.011819 0.001823306 -0.02616697 0.011819 0.001823306 -0.02617806 0.01162099 0.002717554 -0.02617806 0.01162099 0.002717554 -0.02617806 0.01162099 0.002717554 -0.02619338 0.01134604 0.003591179 -0.02619338 0.01134604 0.003591179 -0.02619338 0.01134604 0.003591179 -0.02621299 0.01099604 0.004437446 -0.02621299 0.01099604 0.004437446 -0.02621299 0.01099604 0.004437446 -0.02674394 0.001494586 0.01049995 -0.02674394 0.001494586 0.01049995 -0.02674394 0.001494586 0.01049995 -0.02674394 0.001494586 0.01049995 -0.02679502 5.80933e-4 0.01046001 -0.02679502 5.80933e-4 0.01046001 -0.02679502 5.80933e-4 0.01046001 -0.02679502 5.80933e-4 0.01046001 -0.02684569 -3.25835e-4 0.01034045 -0.02684569 -3.25835e-4 0.01034045 -0.02684569 -3.25835e-4 0.01034045 -0.02689558 -0.001218676 0.0101422 -0.02689558 -0.001218676 0.0101422 -0.02689558 -0.001218676 0.0101422 -0.02694433 -0.00209093 0.009866714 -0.02694433 -0.00209093 0.009866714 -0.02694433 -0.00209093 0.009866714 -0.02699154 -0.002935886 0.009516179 -0.02699154 -0.002935886 0.009516179 -0.02699154 -0.002935886 0.009516179 -0.0270369 -0.003747165 0.009093225 -0.0270369 -0.003747165 0.009093225 -0.0270369 -0.003747165 0.009093225 -0.02707999 -0.004518508 0.008601069 -0.02707999 -0.004518508 0.008601069 -0.02707999 -0.004518508 0.008601069 -0.02712059 -0.005244076 0.008043408 -0.02712059 -0.005244076 0.008043408 -0.02712059 -0.005244076 0.008043408 -0.02715826 -0.005918383 0.007424592 -0.02715826 -0.005918383 0.007424592 -0.02715826 -0.005918383 0.007424592 -0.02719277 -0.006536245 0.006749212 -0.02719277 -0.006536245 0.006749212 -0.02719277 -0.006536245 0.006749212 -0.02719277 -0.006536245 0.006749212 -0.02722388 -0.007093012 0.006022512 -0.02722388 -0.007093012 0.006022512 -0.02722388 -0.007093012 0.006022512 -0.02725136 -0.007584452 0.005249977 -0.02725136 -0.007584452 0.005249977 -0.02725136 -0.007584452 0.005249977 -0.02725136 -0.007584452 0.005249977 -0.02727496 -0.008006751 0.004437446 -0.02727496 -0.008006751 0.004437446 -0.02727496 -0.008006751 0.004437446 -0.02729451 -0.00835675 0.003591179 -0.02729451 -0.00835675 0.003591179 -0.02729451 -0.00835675 0.003591179 -0.02730989 -0.008631765 0.002717554 -0.02730989 -0.008631765 0.002717554 -0.02730989 -0.008631765 0.002717554 -0.02732092 -0.008829712 0.001823306 -0.02732092 -0.008829712 0.001823306 -0.02732092 -0.008829712 0.001823306 -0.02732765 -0.0089491 9.15136e-4 -0.02732765 -0.0089491 9.15136e-4 -0.02732765 -0.0089491 9.15136e-4 -0.02384281 0.008602619 9.65927e-4 -0.02384281 0.008602619 9.65927e-4 -0.02384281 0.008602619 9.65927e-4 -0.02384281 0.008602619 9.65927e-4 -0.02366417 0.01179885 9.15136e-4 -0.02366417 0.01179885 9.15136e-4 -0.02366417 0.01179885 9.15136e-4 -0.02366417 0.01179885 9.15136e-4 -0.02366417 0.01179885 9.15136e-4 -0.02382934 0.008843421 8.66026e-4 -0.02382934 0.008843421 8.66026e-4 -0.02382934 0.008843421 8.66026e-4 -0.02412229 0.00360161 0.00389707 -0.02412229 0.00360161 0.00389707 -0.02412229 0.00360161 0.00389707 -0.02412229 0.00360161 0.00389707 -0.02415174 0.003074526 0.004157423 -0.02415174 0.003074526 0.004157423 -0.02415174 0.003074526 0.004157423 -0.02415174 0.003074526 0.004157423 -0.02424788 0.001355111 0.005999982 -0.02424788 0.001355111 0.005999982 -0.02424788 0.001355111 0.005999982 -0.02418285 0.002517998 0.004346609 -0.02418285 0.002517998 0.004346609 -0.02418285 0.002517998 0.004346609 -0.0242151 0.001941561 0.004461467 -0.0242151 0.001941561 0.004461467 -0.0242151 0.001941561 0.004461467 -0.02424788 0.001355111 0.004499971 -0.02424788 0.001355111 0.004499971 -0.02424788 0.001355111 0.004499971 -0.02389669 0.007638216 7.07108e-4 -0.02389669 0.007638216 7.07108e-4 -0.02389669 0.007638216 7.07108e-4 -0.02390557 0.007479548 5.00001e-4 -0.02390557 0.007479548 5.00001e-4 -0.02390557 0.007479548 5.00001e-4 -0.02399891 0.005809664 5.87369e-4 -0.02399891 0.005809664 5.87369e-4 -0.02399891 0.005809664 5.87369e-4 -0.02437341 -8.91341e-4 0.00389707 -0.02437341 -8.91341e-4 0.00389707 -0.02437341 -8.91341e-4 0.00389707 -0.02434396 -3.64257e-4 0.004157423 -0.02434396 -3.64257e-4 0.004157423 -0.02434396 -3.64257e-4 0.004157423 -0.02431285 1.92246e-4 0.004346609 -0.02431285 1.92246e-4 0.004346609 -0.02431285 1.92246e-4 0.004346609 -0.0242806 7.68678e-4 0.004461467 -0.0242806 7.68678e-4 0.004461467 -0.0242806 7.68678e-4 0.004461467 -0.02449893 -0.003137826 0 -0.02449893 -0.003137826 0 -0.02449893 -0.003137826 0 -0.02458262 -0.004635512 0 -0.02458262 -0.004635512 0 -0.02458262 -0.004635512 0 -0.02458262 -0.004635512 0 -0.02458453 -0.004669487 2.5882e-4 -0.02458453 -0.004669487 2.5882e-4 -0.02458453 -0.004669487 2.5882e-4 -0.0242623 0.001096725 -0.006034016 -0.0242623 0.001096725 -0.006034016 -0.0242623 0.001096725 -0.006034016 -0.0242623 0.001096725 -0.006034016 -0.02424788 0.001355111 -0.004499971 -0.02424788 0.001355111 -0.004499971 -0.02424788 0.001355111 -0.004499971 -0.02424788 0.001355111 -0.005999982 -0.02424788 0.001355111 -0.005999982 -0.02424788 0.001355111 -0.005999982 -0.02465289 -0.005892336 9.65927e-4 -0.02465289 -0.005892336 9.65927e-4 -0.02465289 -0.005892336 9.65927e-4 -0.02465289 -0.005892336 9.65927e-4 -0.02466636 -0.006133139 8.66026e-4 -0.02466636 -0.006133139 8.66026e-4 -0.02466636 -0.006133139 8.66026e-4 -0.02466636 -0.006133139 8.66026e-4 -0.02466636 -0.006133139 8.66026e-4 -0.02483153 -0.009088575 9.15136e-4 -0.02483153 -0.009088575 9.15136e-4 -0.02483153 -0.009088575 9.15136e-4 -0.02385723 0.008344173 -9.99998e-4 -0.02385723 0.008344173 -9.99998e-4 -0.02385723 0.008344173 -9.99998e-4 -0.02384281 0.008602619 -9.65924e-4 -0.02384281 0.008602619 -9.65924e-4 -0.02384281 0.008602619 -9.65924e-4 -0.02367085 0.01167947 -0.001823246 -0.02367085 0.01167947 -0.001823246 -0.02367085 0.01167947 -0.001823246 -0.02367085 0.01167947 -0.001823246 -0.02383357 0.008768141 -0.007424592 -0.02383357 0.008768141 -0.007424592 -0.02383357 0.008768141 -0.007424592 -0.02387124 0.008093833 -0.008043408 -0.02387124 0.008093833 -0.008043408 -0.02387124 0.008093833 -0.008043408 -0.02387124 0.008093833 -0.008043408 -0.02387124 0.008093833 -0.008043408 -0.02387124 0.008093833 -0.008043408 -0.02400529 0.005694985 -0.001164674 -0.02400529 0.005694985 -0.001164674 -0.02400529 0.005694985 -0.001164674 -0.02430176 3.90702e-4 -0.007258772 -0.02430176 3.90702e-4 -0.007258772 -0.02430176 3.90702e-4 -0.007258772 -0.02430176 3.90702e-4 -0.007258772 -0.02430176 3.90702e-4 -0.007258772 -0.02430176 3.90702e-4 -0.007258772 -0.02440071 -0.001379966 -0.003570079 -0.02440071 -0.001379966 -0.003570079 -0.02440071 -0.001379966 -0.003570079 -0.02440071 -0.001379966 -0.003570079 -0.02437341 -8.91341e-4 -0.00389707 -0.02437341 -8.91341e-4 -0.00389707 -0.02437341 -8.91341e-4 -0.00389707 -0.02434396 -3.64257e-4 -0.004157423 -0.02434396 -3.64257e-4 -0.004157423 -0.02434396 -3.64257e-4 -0.004157423 -0.02434396 -3.64257e-4 -0.004157423 -0.02430367 3.56705e-4 -0.006999969 -0.02430367 3.56705e-4 -0.006999969 -0.02430367 3.56705e-4 -0.006999969 -0.02430367 3.56705e-4 -0.006999969 -0.02430367 3.56705e-4 -0.006999969 -0.02429616 4.90464e-4 -0.007499992 -0.02429616 4.90464e-4 -0.007499992 -0.02429616 4.90464e-4 -0.007499992 -0.02429616 4.90464e-4 -0.007499992 -0.02429616 4.90464e-4 -0.007499992 -0.02429616 4.90464e-4 -0.007499992 -0.02446532 -0.002535879 -0.002249956 -0.02446532 -0.002535879 -0.002249956 -0.02446532 -0.002535879 -0.002249956 -0.02446532 -0.002535879 -0.002249956 -0.02444708 -0.002209365 -0.002739369 -0.02444708 -0.002209365 -0.002739369 -0.02444708 -0.002209365 -0.002739369 -0.02444708 -0.002209365 -0.002739369 -0.02442538 -0.001821875 -0.003181934 -0.02442538 -0.001821875 -0.003181934 -0.02442538 -0.001821875 -0.003181934 -0.02462446 -0.00538361 -0.008043408 -0.02462446 -0.00538361 -0.008043408 -0.02462446 -0.00538361 -0.008043408 -0.02466213 -0.006057918 -0.007424592 -0.02466213 -0.006057918 -0.007424592 -0.02466213 -0.006057918 -0.007424592 -0.02463847 -0.00563395 -9.99998e-4 -0.02463847 -0.00563395 -9.99998e-4 -0.02463847 -0.00563395 -9.99998e-4 -0.02449041 -0.002984762 -0.001164674 -0.02449041 -0.002984762 -0.001164674 -0.02449041 -0.002984762 -0.001164674 -0.02447986 -0.002795815 -0.001722037 -0.02447986 -0.002795815 -0.001722037 -0.02447986 -0.002795815 -0.001722037 -0.02428728 6.49125e-4 -0.007707059 -0.02428728 6.49125e-4 -0.007707059 -0.02428728 6.49125e-4 -0.007707059 -0.02428728 6.49125e-4 -0.007707059 -0.02427577 8.55897e-4 -0.007865965 -0.02427577 8.55897e-4 -0.007865965 -0.02427577 8.55897e-4 -0.007865965 -0.0242623 0.001096725 -0.007965862 -0.0242623 0.001096725 -0.007965862 -0.0242623 0.001096725 -0.007965862 -0.02424788 0.001355111 -0.007999956 -0.02424788 0.001355111 -0.007999956 -0.02424788 0.001355111 -0.007999956 -0.02424788 0.001355111 -0.007999956 -0.0246967 -0.006675779 -0.006749212 -0.0246967 -0.006675779 -0.006749212 -0.0246967 -0.006675779 -0.006749212 -0.0246967 -0.006675779 -0.006749212 -0.02472782 -0.007232487 -0.006022512 -0.02472782 -0.007232487 -0.006022512 -0.02472782 -0.007232487 -0.006022512 -0.02475523 -0.007723927 -0.005249977 -0.02475523 -0.007723927 -0.005249977 -0.02475523 -0.007723927 -0.005249977 -0.02475523 -0.007723927 -0.005249977 -0.02477884 -0.008146226 -0.004437446 -0.02477884 -0.008146226 -0.004437446 -0.02477884 -0.008146226 -0.004437446 -0.02479839 -0.008496224 -0.003591179 -0.02479839 -0.008496224 -0.003591179 -0.02479839 -0.008496224 -0.003591179 -0.02481377 -0.00877124 -0.002717554 -0.02481377 -0.00877124 -0.002717554 -0.02481377 -0.00877124 -0.002717554 -0.02482485 -0.008969187 -0.001823246 -0.02482485 -0.008969187 -0.001823246 -0.02482485 -0.008969187 -0.001823246 -0.02465289 -0.005892336 -9.65924e-4 -0.02465289 -0.005892336 -9.65924e-4 -0.02465289 -0.005892336 -9.65924e-4 -0.02462446 -0.00538361 0.008043408 -0.02462446 -0.00538361 0.008043408 -0.02462446 -0.00538361 0.008043408 -0.02424788 0.001355111 0.007999956 -0.02424788 0.001355111 0.007999956 -0.02424788 0.001355111 0.007999956 -0.02424788 0.001355111 0.007999956 -0.0242623 0.001096725 0.007965922 -0.0242623 0.001096725 0.007965922 -0.0242623 0.001096725 0.007965922 -0.0242623 0.001096725 0.007965922 -0.02427577 8.55897e-4 0.007865965 -0.02427577 8.55897e-4 0.007865965 -0.02427577 8.55897e-4 0.007865965 -0.02427577 8.55897e-4 0.007865965 -0.02428728 6.49125e-4 0.007707059 -0.02428728 6.49125e-4 0.007707059 -0.02428728 6.49125e-4 0.007707059 -0.02428728 6.49125e-4 0.007707059 -0.02428728 6.49125e-4 0.007707059 -0.02463847 -0.00563395 0.000999987 -0.02463847 -0.00563395 0.000999987 -0.02463847 -0.00563395 0.000999987 -0.02463847 -0.00563395 0.000999987 -0.02466213 -0.006057918 0.007424592 -0.02466213 -0.006057918 0.007424592 -0.02466213 -0.006057918 0.007424592 -0.02368193 0.01148152 -0.002717554 -0.02368193 0.01148152 -0.002717554 -0.02368193 0.01148152 -0.002717554 -0.02369731 0.0112065 -0.003591179 -0.02369731 0.0112065 -0.003591179 -0.02369731 0.0112065 -0.003591179 -0.02369731 0.0112065 -0.003591179 -0.02371686 0.0108565 -0.004437446 -0.02371686 0.0108565 -0.004437446 -0.02371686 0.0108565 -0.004437446 -0.02371686 0.0108565 -0.004437446 -0.02374047 0.01043421 -0.005249977 -0.02374047 0.01043421 -0.005249977 -0.02374047 0.01043421 -0.005249977 -0.02376794 0.00994277 -0.006022512 -0.02376794 0.00994277 -0.006022512 -0.02376794 0.00994277 -0.006022512 -0.02379906 0.009386062 -0.006749212 -0.02379906 0.009386062 -0.006749212 -0.02379906 0.009386062 -0.006749212 -0.02424788 0.001355111 -0.01049995 -0.02424788 0.001355111 -0.01049995 -0.02424788 0.001355111 -0.01049995 -0.02424788 0.001355111 -0.01049995 -0.02424788 0.001355111 -0.01049995 -0.02424788 0.001355111 -0.01049995 -0.0242334 0.001613497 -0.007965862 -0.0242334 0.001613497 -0.007965862 -0.0242334 0.001613497 -0.007965862 -0.0242334 0.001613497 -0.007965862 -0.02421998 0.0018543 -0.007865965 -0.02421998 0.0018543 -0.007865965 -0.02421998 0.0018543 -0.007865965 -0.02421998 0.0018543 -0.007865965 -0.02420842 0.002061128 -0.007707059 -0.02420842 0.002061128 -0.007707059 -0.02420842 0.002061128 -0.007707059 -0.02420842 0.002061128 -0.007707059 -0.02419954 0.002219796 -0.007499992 -0.02419954 0.002219796 -0.007499992 -0.02419954 0.002219796 -0.007499992 -0.02419394 0.002319514 -0.007258772 -0.02419394 0.002319514 -0.007258772 -0.02419394 0.002319514 -0.007258772 -0.02419203 0.002353549 -0.006999969 -0.02419203 0.002353549 -0.006999969 -0.02419203 0.002353549 -0.006999969 -0.02418285 0.002517998 -0.004346609 -0.02418285 0.002517998 -0.004346609 -0.02418285 0.002517998 -0.004346609 -0.02418285 0.002517998 -0.004346609 -0.02418285 0.002517998 -0.004346609 -0.02415174 0.003074526 -0.004157423 -0.02415174 0.003074526 -0.004157423 -0.02415174 0.003074526 -0.004157423 -0.02412229 0.00360161 -0.00389707 -0.02412229 0.00360161 -0.00389707 -0.02412229 0.00360161 -0.00389707 -0.02409499 0.004090249 -0.003570079 -0.02409499 0.004090249 -0.003570079 -0.02409499 0.004090249 -0.003570079 -0.02407032 0.004532158 -0.003181934 -0.02407032 0.004532158 -0.003181934 -0.02407032 0.004532158 -0.003181934 -0.02407032 0.004532158 -0.003181934 -0.02404862 0.004919648 -0.002739369 -0.02404862 0.004919648 -0.002739369 -0.02404862 0.004919648 -0.002739369 -0.02403038 0.005246162 -0.002249956 -0.02403038 0.005246162 -0.002249956 -0.02403038 0.005246162 -0.002249956 -0.0240159 0.005506098 -0.001722037 -0.0240159 0.005506098 -0.001722037 -0.0240159 0.005506098 -0.001722037 -0.02419394 0.002319514 -0.006741166 -0.02419394 0.002319514 -0.006741166 -0.02419394 0.002319514 -0.006741166 -0.02419394 0.002319514 -0.006741166 -0.02419394 0.002319514 -0.006741166 -0.02419954 0.002219796 -0.006499946 -0.02419954 0.002219796 -0.006499946 -0.02419954 0.002219796 -0.006499946 -0.02419954 0.002219796 -0.006499946 -0.02419954 0.002219796 -0.006499946 -0.02420842 0.002061128 -0.006292879 -0.02420842 0.002061128 -0.006292879 -0.02420842 0.002061128 -0.006292879 -0.02387124 0.008093833 0.008043408 -0.02387124 0.008093833 0.008043408 -0.02387124 0.008093833 0.008043408 -0.02387124 0.008093833 0.008043408 -0.02387124 0.008093833 0.008043408 -0.02383357 0.008768141 0.007424592 -0.02383357 0.008768141 0.007424592 -0.02383357 0.008768141 0.007424592 -0.02385723 0.008344173 0.000999987 -0.02385723 0.008344173 0.000999987 -0.02385723 0.008344173 0.000999987 -0.02385723 0.008344173 0.000999987 -0.02385723 0.008344173 0.000999987 -0.02385723 0.008344173 0.000999987 -0.02385723 0.008344173 0.000999987 -0.02420842 0.002061128 0.007707059 -0.02420842 0.002061128 0.007707059 -0.02420842 0.002061128 0.007707059 -0.02420842 0.002061128 0.007707059 -0.02421998 0.0018543 0.007865965 -0.02421998 0.0018543 0.007865965 -0.02421998 0.0018543 0.007865965 -0.02421998 0.0018543 0.007865965 -0.0242334 0.001613497 0.007965922 -0.0242334 0.001613497 0.007965922 -0.0242334 0.001613497 0.007965922 -0.0242334 0.001613497 0.007965922 -0.02379906 0.009386062 0.006749212 -0.02379906 0.009386062 0.006749212 -0.02379906 0.009386062 0.006749212 -0.02376794 0.00994277 0.006022512 -0.02376794 0.00994277 0.006022512 -0.02376794 0.00994277 0.006022512 -0.02374047 0.01043421 0.005249977 -0.02374047 0.01043421 0.005249977 -0.02374047 0.01043421 0.005249977 -0.02371686 0.0108565 0.004437446 -0.02371686 0.0108565 0.004437446 -0.02371686 0.0108565 0.004437446 -0.02369731 0.0112065 0.003591179 -0.02369731 0.0112065 0.003591179 -0.02369731 0.0112065 0.003591179 -0.02368193 0.01148152 0.002717554 -0.02368193 0.01148152 0.002717554 -0.02368193 0.01148152 0.002717554 -0.02367085 0.01167947 0.001823306 -0.02367085 0.01167947 0.001823306 -0.02367085 0.01167947 0.001823306 -0.02366197 0.01183873 0 -0.02366197 0.01183873 0 -0.02366197 0.01183873 0 -0.02366197 0.01183873 0 -0.02380144 0.00934261 0 -0.02380144 0.00934261 0 -0.02380144 0.00934261 0 -0.02380335 0.009308636 2.5882e-4 -0.02380335 0.009308636 2.5882e-4 -0.02380335 0.009308636 2.5882e-4 -0.02380895 0.009208858 5.00001e-4 -0.02380895 0.009208858 5.00001e-4 -0.02380895 0.009208858 5.00001e-4 -0.02380895 0.009208858 5.00001e-4 -0.02381783 0.00905019 7.07108e-4 -0.02381783 0.00905019 7.07108e-4 -0.02381783 0.00905019 7.07108e-4 -0.02366417 0.01179885 -9.15134e-4 -0.02366417 0.01179885 -9.15134e-4 -0.02366417 0.01179885 -9.15134e-4 -0.02382934 0.008843421 -8.66024e-4 -0.02382934 0.008843421 -8.66024e-4 -0.02382934 0.008843421 -8.66024e-4 -0.02381783 0.00905019 -7.07105e-4 -0.02381783 0.00905019 -7.07105e-4 -0.02381783 0.00905019 -7.07105e-4 -0.02381783 0.00905019 -7.07105e-4 -0.02380895 0.009208858 -4.99999e-4 -0.02380895 0.009208858 -4.99999e-4 -0.02380895 0.009208858 -4.99999e-4 -0.02380335 0.009308636 -2.58818e-4 -0.02380335 0.009308636 -2.58818e-4 -0.02380335 0.009308636 -2.58818e-4 -0.02458393 -0.004657983 0.008601069 -0.02458393 -0.004657983 0.008601069 -0.02458393 -0.004657983 0.008601069 -0.02454078 -0.00388664 0.009093225 -0.02454078 -0.00388664 0.009093225 -0.02454078 -0.00388664 0.009093225 -0.02449548 -0.00307542 0.009516179 -0.02449548 -0.00307542 0.009516179 -0.02449548 -0.00307542 0.009516179 -0.02444821 -0.002230465 0.009866714 -0.02444821 -0.002230465 0.009866714 -0.02444821 -0.002230465 0.009866714 -0.02439951 -0.001358211 0.0101422 -0.02439951 -0.001358211 0.0101422 -0.02439951 -0.001358211 0.0101422 -0.02434962 -4.65331e-4 0.01034045 -0.02434962 -4.65331e-4 0.01034045 -0.02434962 -4.65331e-4 0.01034045 -0.0242989 4.41422e-4 0.01046001 -0.0242989 4.41422e-4 0.01046001 -0.0242989 4.41422e-4 0.01046001 -0.02424788 0.001355111 0.01049995 -0.02424788 0.001355111 0.01049995 -0.02424788 0.001355111 0.01049995 -0.0241968 0.002268791 0.01046001 -0.0241968 0.002268791 0.01046001 -0.0241968 0.002268791 0.01046001 -0.02414613 0.003175556 0.01034045 -0.02414613 0.003175556 0.01034045 -0.02414613 0.003175556 0.01034045 -0.02409619 0.004068493 0.0101422 -0.02409619 0.004068493 0.0101422 -0.02409619 0.004068493 0.0101422 -0.02404749 0.004940748 0.009866714 -0.02404749 0.004940748 0.009866714 -0.02404749 0.004940748 0.009866714 -0.02400022 0.005785703 0.009516179 -0.02400022 0.005785703 0.009516179 -0.02400022 0.005785703 0.009516179 -0.02395492 0.006596922 0.009093225 -0.02395492 0.006596922 0.009093225 -0.02395492 0.006596922 0.009093225 -0.02391177 0.007368266 0.008601069 -0.02391177 0.007368266 0.008601069 -0.02391177 0.007368266 0.008601069 -0.02391177 0.007368266 0.008601069 -0.02387171 0.008085787 9.65927e-4 -0.02387171 0.008085787 9.65927e-4 -0.02387171 0.008085787 9.65927e-4 -0.02400529 0.005694985 0.001164674 -0.02400529 0.005694985 0.001164674 -0.02400529 0.005694985 0.001164674 -0.02400529 0.005694985 0.001164674 -0.0240159 0.005506098 0.001722037 -0.0240159 0.005506098 0.001722037 -0.0240159 0.005506098 0.001722037 -0.02403038 0.005246162 0.002249956 -0.02403038 0.005246162 0.002249956 -0.02403038 0.005246162 0.002249956 -0.02404862 0.004919648 0.002739369 -0.02404862 0.004919648 0.002739369 -0.02404862 0.004919648 0.002739369 -0.02404862 0.004919648 0.002739369 -0.02407032 0.004532158 0.003181934 -0.02407032 0.004532158 0.003181934 -0.02407032 0.004532158 0.003181934 -0.02409499 0.004090249 0.003570079 -0.02409499 0.004090249 0.003570079 -0.02409499 0.004090249 0.003570079 -0.02409499 0.004090249 0.003570079 -0.0242334 0.001613497 0.006034016 -0.0242334 0.001613497 0.006034016 -0.0242334 0.001613497 0.006034016 -0.02421998 0.0018543 0.006133913 -0.02421998 0.0018543 0.006133913 -0.02421998 0.0018543 0.006133913 -0.02420842 0.002061128 0.006292879 -0.02420842 0.002061128 0.006292879 -0.02420842 0.002061128 0.006292879 -0.02420842 0.002061128 0.006292879 -0.02419954 0.002219796 0.006499946 -0.02419954 0.002219796 0.006499946 -0.02419954 0.002219796 0.006499946 -0.02419394 0.002319514 0.006741166 -0.02419394 0.002319514 0.006741166 -0.02419394 0.002319514 0.006741166 -0.02419203 0.002353549 0.006999969 -0.02419203 0.002353549 0.006999969 -0.02419203 0.002353549 0.006999969 -0.02419394 0.002319514 0.007258772 -0.02419394 0.002319514 0.007258772 -0.02419394 0.002319514 0.007258772 -0.02419394 0.002319514 0.007258772 -0.02419394 0.002319514 0.007258772 -0.02419954 0.002219796 0.007499992 -0.02419954 0.002219796 0.007499992 -0.02419954 0.002219796 0.007499992 -0.02419954 0.002219796 0.007499992 -0.02419954 0.002219796 0.007499992 -0.02399891 0.005809664 -5.87366e-4 -0.02399891 0.005809664 -5.87366e-4 -0.02399891 0.005809664 -5.87366e-4 -0.02390557 0.007479548 -4.99999e-4 -0.02390557 0.007479548 -4.99999e-4 -0.02390557 0.007479548 -4.99999e-4 -0.02389669 0.007638216 -7.07105e-4 -0.02389669 0.007638216 -7.07105e-4 -0.02389669 0.007638216 -7.07105e-4 -0.02389669 0.007638216 -7.07105e-4 -0.02388513 0.007844984 -8.66024e-4 -0.02388513 0.007844984 -8.66024e-4 -0.02388513 0.007844984 -8.66024e-4 -0.02387171 0.008085787 -9.65924e-4 -0.02387171 0.008085787 -9.65924e-4 -0.02387171 0.008085787 -9.65924e-4 -0.02391177 0.007368266 -0.008601069 -0.02391177 0.007368266 -0.008601069 -0.02391177 0.007368266 -0.008601069 -0.02395492 0.006596922 -0.009093225 -0.02395492 0.006596922 -0.009093225 -0.02395492 0.006596922 -0.009093225 -0.02400022 0.005785703 -0.009516179 -0.02400022 0.005785703 -0.009516179 -0.02400022 0.005785703 -0.009516179 -0.02404749 0.004940748 -0.009866714 -0.02404749 0.004940748 -0.009866714 -0.02404749 0.004940748 -0.009866714 -0.02409619 0.004068493 -0.0101422 -0.02409619 0.004068493 -0.0101422 -0.02409619 0.004068493 -0.0101422 -0.02409619 0.004068493 -0.0101422 -0.02414613 0.003175556 -0.01034045 -0.02414613 0.003175556 -0.01034045 -0.02414613 0.003175556 -0.01034045 -0.0241968 0.002268791 -0.01046001 -0.0241968 0.002268791 -0.01046001 -0.0241968 0.002268791 -0.01046001 -0.02429616 4.90464e-4 0.007499992 -0.02429616 4.90464e-4 0.007499992 -0.02429616 4.90464e-4 0.007499992 -0.02429616 4.90464e-4 0.007499992 -0.02429616 4.90464e-4 0.007499992 -0.02430176 3.90702e-4 0.007258772 -0.02430176 3.90702e-4 0.007258772 -0.02430176 3.90702e-4 0.007258772 -0.02430176 3.90702e-4 0.007258772 -0.02430367 3.56705e-4 0.006999969 -0.02430367 3.56705e-4 0.006999969 -0.02430367 3.56705e-4 0.006999969 -0.02430367 3.56705e-4 0.006999969 -0.02430176 3.90702e-4 0.006741166 -0.02430176 3.90702e-4 0.006741166 -0.02430176 3.90702e-4 0.006741166 -0.02430176 3.90702e-4 0.006741166 -0.02429616 4.90464e-4 0.006499946 -0.02429616 4.90464e-4 0.006499946 -0.02429616 4.90464e-4 0.006499946 -0.02429616 4.90464e-4 0.006499946 -0.02428728 6.49125e-4 0.006292879 -0.02428728 6.49125e-4 0.006292879 -0.02428728 6.49125e-4 0.006292879 -0.02428728 6.49125e-4 0.006292879 -0.02427577 8.55897e-4 0.006133913 -0.02427577 8.55897e-4 0.006133913 -0.02427577 8.55897e-4 0.006133913 -0.0242623 0.001096725 0.006034016 -0.0242623 0.001096725 0.006034016 -0.0242623 0.001096725 0.006034016 -0.02440071 -0.001379966 0.003570079 -0.02440071 -0.001379966 0.003570079 -0.02440071 -0.001379966 0.003570079 -0.02442538 -0.001821875 0.003181934 -0.02442538 -0.001821875 0.003181934 -0.02442538 -0.001821875 0.003181934 -0.02444708 -0.002209365 0.002739369 -0.02444708 -0.002209365 0.002739369 -0.02444708 -0.002209365 0.002739369 -0.02446532 -0.002535879 0.002249956 -0.02446532 -0.002535879 0.002249956 -0.02446532 -0.002535879 0.002249956 -0.02447986 -0.002795815 0.001722037 -0.02447986 -0.002795815 0.001722037 -0.02447986 -0.002795815 0.001722037 -0.02449041 -0.002984762 0.001164674 -0.02449041 -0.002984762 0.001164674 -0.02449041 -0.002984762 0.001164674 -0.02462399 -0.005375504 9.65927e-4 -0.02462399 -0.005375504 9.65927e-4 -0.02462399 -0.005375504 9.65927e-4 -0.02449679 -0.003099381 -5.87366e-4 -0.02449679 -0.003099381 -5.87366e-4 -0.02449679 -0.003099381 -5.87366e-4 -0.02459901 -0.004927933 -7.07105e-4 -0.02459901 -0.004927933 -7.07105e-4 -0.02459901 -0.004927933 -7.07105e-4 -0.02459901 -0.004927933 -7.07105e-4 -0.02459013 -0.004769265 -4.99999e-4 -0.02459013 -0.004769265 -4.99999e-4 -0.02459013 -0.004769265 -4.99999e-4 -0.02458453 -0.004669487 -2.58818e-4 -0.02458453 -0.004669487 -2.58818e-4 -0.02458453 -0.004669487 -2.58818e-4 -0.02458453 -0.004669487 -2.58818e-4 -0.02462399 -0.005375504 -9.65924e-4 -0.02462399 -0.005375504 -9.65924e-4 -0.02462399 -0.005375504 -9.65924e-4 -0.02461057 -0.005134701 -8.66024e-4 -0.02461057 -0.005134701 -8.66024e-4 -0.02461057 -0.005134701 -8.66024e-4 -0.0242989 4.41422e-4 -0.01046001 -0.0242989 4.41422e-4 -0.01046001 -0.0242989 4.41422e-4 -0.01046001 -0.02434962 -4.65331e-4 -0.01034045 -0.02434962 -4.65331e-4 -0.01034045 -0.02434962 -4.65331e-4 -0.01034045 -0.02434962 -4.65331e-4 -0.01034045 -0.02439951 -0.001358211 -0.0101422 -0.02439951 -0.001358211 -0.0101422 -0.02439951 -0.001358211 -0.0101422 -0.02444821 -0.002230465 -0.009866714 -0.02444821 -0.002230465 -0.009866714 -0.02444821 -0.002230465 -0.009866714 -0.02444821 -0.002230465 -0.009866714 -0.02449548 -0.00307542 -0.009516179 -0.02449548 -0.00307542 -0.009516179 -0.02449548 -0.00307542 -0.009516179 -0.02449548 -0.00307542 -0.009516179 -0.02454078 -0.00388664 -0.009093225 -0.02454078 -0.00388664 -0.009093225 -0.02454078 -0.00388664 -0.009093225 -0.02458393 -0.004657983 -0.008601069 -0.02458393 -0.004657983 -0.008601069 -0.02458393 -0.004657983 -0.008601069 -0.02482485 -0.008969187 0.001823306 -0.02482485 -0.008969187 0.001823306 -0.02482485 -0.008969187 0.001823306 -0.02481377 -0.00877124 0.002717554 -0.02481377 -0.00877124 0.002717554 -0.02481377 -0.00877124 0.002717554 -0.02479839 -0.008496224 0.003591179 -0.02479839 -0.008496224 0.003591179 -0.02479839 -0.008496224 0.003591179 -0.02477884 -0.008146226 0.004437446 -0.02477884 -0.008146226 0.004437446 -0.02477884 -0.008146226 0.004437446 -0.02477884 -0.008146226 0.004437446 -0.02475523 -0.007723927 0.005249977 -0.02475523 -0.007723927 0.005249977 -0.02475523 -0.007723927 0.005249977 -0.02472782 -0.007232487 0.006022512 -0.02472782 -0.007232487 0.006022512 -0.02472782 -0.007232487 0.006022512 -0.02472782 -0.007232487 0.006022512 -0.0246967 -0.006675779 0.006749212 -0.0246967 -0.006675779 0.006749212 -0.0246967 -0.006675779 0.006749212 -0.02483373 -0.009128451 0 -0.02483373 -0.009128451 0 -0.02483373 -0.009128451 0 -0.02483373 -0.009128451 0 -0.02483373 -0.009128451 0 -0.02467793 -0.006339907 7.07108e-4 -0.02467793 -0.006339907 7.07108e-4 -0.02467793 -0.006339907 7.07108e-4 -0.02467793 -0.006339907 7.07108e-4 -0.02467793 -0.006339907 7.07108e-4 -0.02468675 -0.006498575 5.00001e-4 -0.02468675 -0.006498575 5.00001e-4 -0.02468675 -0.006498575 5.00001e-4 -0.02468675 -0.006498575 5.00001e-4 -0.02468675 -0.006498575 5.00001e-4 -0.02469235 -0.006598353 2.5882e-4 -0.02469235 -0.006598353 2.5882e-4 -0.02469235 -0.006598353 2.5882e-4 -0.02469426 -0.006632387 0 -0.02469426 -0.006632387 0 -0.02469426 -0.006632387 0 -0.02469426 -0.006632387 0 -0.02469235 -0.006598353 -2.58818e-4 -0.02469235 -0.006598353 -2.58818e-4 -0.02469235 -0.006598353 -2.58818e-4 -0.02483153 -0.009088575 -9.15134e-4 -0.02483153 -0.009088575 -9.15134e-4 -0.02483153 -0.009088575 -9.15134e-4 -0.02468675 -0.006498575 -4.99999e-4 -0.02468675 -0.006498575 -4.99999e-4 -0.02468675 -0.006498575 -4.99999e-4 -0.02468675 -0.006498575 -4.99999e-4 -0.02467793 -0.006339907 -7.07105e-4 -0.02467793 -0.006339907 -7.07105e-4 -0.02467793 -0.006339907 -7.07105e-4 -0.02467793 -0.006339907 -7.07105e-4 -0.02466636 -0.006133139 -8.66024e-4 -0.02466636 -0.006133139 -8.66024e-4 -0.02466636 -0.006133139 -8.66024e-4 -0.02466636 -0.006133139 -8.66024e-4 -0.02430176 3.90702e-4 -0.006741166 -0.02430176 3.90702e-4 -0.006741166 -0.02430176 3.90702e-4 -0.006741166 -0.02430176 3.90702e-4 -0.006741166 -0.02431285 1.92246e-4 -0.004346609 -0.02431285 1.92246e-4 -0.004346609 -0.02431285 1.92246e-4 -0.004346609 -0.02429616 4.90464e-4 -0.006499946 -0.02429616 4.90464e-4 -0.006499946 -0.02429616 4.90464e-4 -0.006499946 -0.02429616 4.90464e-4 -0.006499946 -0.0242806 7.68678e-4 -0.004461467 -0.0242806 7.68678e-4 -0.004461467 -0.0242806 7.68678e-4 -0.004461467 -0.02428728 6.49125e-4 -0.006292879 -0.02428728 6.49125e-4 -0.006292879 -0.02428728 6.49125e-4 -0.006292879 -0.02428728 6.49125e-4 -0.006292879 -0.02427577 8.55897e-4 -0.006133913 -0.02427577 8.55897e-4 -0.006133913 -0.02427577 8.55897e-4 -0.006133913 -0.02427577 8.55897e-4 -0.006133913 -0.0242151 0.001941561 -0.004461467 -0.0242151 0.001941561 -0.004461467 -0.0242151 0.001941561 -0.004461467 -0.02421998 0.0018543 -0.006133913 -0.02421998 0.0018543 -0.006133913 -0.02421998 0.0018543 -0.006133913 -0.0242334 0.001613497 -0.006034016 -0.0242334 0.001613497 -0.006034016 -0.0242334 0.001613497 -0.006034016 -0.02388513 0.007844984 8.66026e-4 -0.02388513 0.007844984 8.66026e-4 -0.02388513 0.007844984 8.66026e-4 -0.02388513 0.007844984 8.66026e-4 -0.02399677 0.005848109 0 -0.02399677 0.005848109 0 -0.02399677 0.005848109 0 -0.02391117 0.00737977 2.5882e-4 -0.02391117 0.00737977 2.5882e-4 -0.02391117 0.00737977 2.5882e-4 -0.02391308 0.007345795 0 -0.02391308 0.007345795 0 -0.02391308 0.007345795 0 -0.02391308 0.007345795 0 -0.02391117 0.00737977 -2.58818e-4 -0.02391117 0.00737977 -2.58818e-4 -0.02391117 0.00737977 -2.58818e-4 -0.02461057 -0.005134701 8.66026e-4 -0.02461057 -0.005134701 8.66026e-4 -0.02461057 -0.005134701 8.66026e-4 -0.02449679 -0.003099381 5.87369e-4 -0.02449679 -0.003099381 5.87369e-4 -0.02449679 -0.003099381 5.87369e-4 -0.02459901 -0.004927933 7.07108e-4 -0.02459901 -0.004927933 7.07108e-4 -0.02459901 -0.004927933 7.07108e-4 -0.02459013 -0.004769265 5.00001e-4 -0.02459013 -0.004769265 5.00001e-4 -0.02459013 -0.004769265 5.00001e-4 -0.02459013 -0.004769265 5.00001e-4</float_array>
          <technique_common>
            <accessor source="#Leg_B_006-mesh-positions-array" count="4820" stride="3">
              <param name="X" type="float"/>
              <param name="Y" type="float"/>
              <param name="Z" type="float"/>
            </accessor>
          </technique_common>
        </source>
        <source id="Leg_B_006-mesh-normals">
          <float_array id="Leg_B_006-mesh-normals-array" count="8265">0.9984421 -0.05579924 5.3896e-7 0.9984404 -0.05582922 0 0.9984421 -0.05579918 -5.16503e-7 0.998442 -0.05579936 0 0.9984422 -0.0557962 2.45697e-6 0.9984421 -0.0557993 -3.02527e-7 0.9984424 -0.05579167 1.30996e-5 0.9984419 -0.05580157 -1.1578e-5 0.998442 -0.05580091 -5.25564e-6 0.9984421 -0.05579727 4.60306e-7 0.9984421 -0.05580002 -3.32642e-6 0.9984428 -0.05578708 -4.41492e-5 0.9984419 -0.05580198 -3.8549e-6 0.9984418 -0.05580377 1.14671e-5 0.9984425 -0.05579191 -1.66427e-5 0.9984413 -0.05581384 5.5405e-6 0.998442 -0.05580079 1.80041e-6 0.9984425 -0.05579072 -4.87445e-6 0.9984394 -0.05584657 7.13196e-6 0.9984421 -0.05579692 0 0.9984394 -0.05584615 -6.15702e-5 0.9984419 -0.05580198 3.10529e-6 0.9984434 -0.05577492 6.15617e-5 0.9984427 -0.05578631 1.28926e-5 0.9984403 -0.05582922 0 0.9984415 -0.05580896 -4.54027e-7 0.9984421 -0.05579739 1.30206e-7 0.9984412 -0.05581474 -8.94428e-6 0.9984427 -0.05578732 5.80727e-6 0.9984419 -0.05580323 -1.24298e-6 0.9984416 -0.05580681 -1.06193e-5 0.9984425 -0.05579024 1.20701e-5 0.998442 -0.05579906 1.5406e-7 0.998442 -0.0557993 8.55996e-7 0.9984332 -0.05595743 -2.44304e-5 0.9984421 -0.05579864 0 0.9984431 -0.05577963 7.54275e-6 0.9984409 -0.05582016 -8.67099e-6 0.998442 -0.05579912 0 0.998442 -0.05579912 0 0.9984409 -0.05582016 8.67099e-6 0.9984421 -0.05579745 0 0.9984427 -0.05578708 1.71916e-6 0.9984424 -0.05579328 4.26151e-7 0.998441 -0.05581933 -7.88125e-6 0.9984421 -0.05579859 -4.67717e-7 0.9984422 -0.05579632 1.86261e-5 0.9984422 -0.05579775 -8.53308e-6 0.9984421 -0.05579787 3.41109e-7 0.9984416 -0.05580693 1.06193e-5 0.9984418 -0.05580365 1.24298e-6 0.9984427 -0.05578738 -5.80728e-6 0.9984412 -0.05581539 8.94425e-6 0.9984421 -0.05579948 0 0.9984368 -0.05589205 -7.90553e-7 0.9984456 -0.05573481 -1.4285e-5 0.99844 -0.05583518 3.89405e-6 0.9984425 -0.05579107 0 0.9984419 -0.05580323 -2.9042e-7 0.9984425 -0.05579167 -9.77523e-7 0.9984419 -0.05580312 -3.47794e-7 0.9984416 -0.0558086 0 0.9984427 -0.05578815 -5.02149e-7 0.9984421 -0.05579888 -9.25039e-7 0.998442 -0.0557993 -8.55996e-7 0.9984421 -0.0557993 1.49548e-6 0.9984422 -0.05579549 1.26021e-7 0.9984419 -0.05580079 9.028e-7 0.9984425 -0.05579054 6.6886e-7 0.9984421 -0.05579841 1.63318e-6 0.9984419 -0.05580067 0 0.9984422 -0.05579775 -3.3758e-6 0.9984422 -0.05579525 -6.32125e-6 0.9984409 -0.05581992 6.45309e-6 0.9984435 -0.05577421 -5.3447e-7 0.9984418 -0.05580383 2.10591e-6 0.9984418 -0.05580413 -2.0284e-6 0.9984414 -0.05580979 4.98418e-6 0.9984433 -0.05577754 -7.5031e-6 0.9984416 -0.05580866 3.19351e-6 0.9984429 -0.05578446 -2.35068e-6 0.9984419 -0.05580049 5.28827e-7 0.9984381 -0.05586892 3.34308e-6 0.998442 -0.05580061 0 0.9984421 -0.05579972 0 0.9984397 -0.0558418 -7.13198e-6 0.9984425 -0.05579072 4.87445e-6 0.9984418 -0.05580323 -1.80042e-6 0.9984414 -0.0558117 -5.5405e-6 0.9984425 -0.0557909 1.66427e-5 0.9984418 -0.05580371 -1.14671e-5 0.9984419 -0.05580019 3.85487e-6 0.9984414 -0.0558108 4.41504e-5 0.998442 -0.05579924 3.32642e-6 0.9984422 -0.05579733 -4.60306e-7 0.9984419 -0.0558018 5.25566e-6 0.9984418 -0.05580288 1.1578e-5 0.9984428 -0.05578583 -1.30996e-5 0.9984421 -0.0557993 3.02527e-7 0.9984419 -0.05580317 -2.45698e-6 0.9984419 -0.05580282 0 0.9984418 -0.05580335 3.47795e-7 0.9984425 -0.05579143 9.77522e-7 0.9984415 -0.05580943 2.9042e-7 0.9984425 -0.05579113 0 0.9984401 -0.05583518 -3.89404e-6 0.9984465 -0.05572026 1.4285e-5 0.9984369 -0.05589199 7.90552e-7 0.998442 -0.05579948 0 0.9984428 -0.05578434 -1.63317e-6 0.9984419 -0.05580061 -6.68862e-7 0.998442 -0.05580079 -9.02799e-7 0.9984422 -0.05579692 -1.26021e-7 0.998442 -0.05579948 -1.49548e-6 0.9984412 -0.05581444 -3.34309e-6 0.9984419 -0.05580049 -5.28827e-7 0.9984424 -0.05579286 2.35068e-6 0.9984416 -0.0558086 -3.19351e-6 0.9984432 -0.0557776 7.5031e-6 0.9984421 -0.05579918 -4.98418e-6 0.9984415 -0.05580878 2.0284e-6 0.9984421 -0.05579888 -2.10591e-6 0.9984427 -0.0557878 5.34469e-7 0.9984409 -0.05581986 -6.45309e-6 0.9984423 -0.05579519 6.32124e-6 0.9984446 -0.05575358 3.37581e-6 0.9984417 -0.05580461 0 0.9984421 -0.05579978 0 0.998442 -0.05580043 0 0.9984422 -0.05579572 0 0.9984401 -0.05583387 0 0.9984427 -0.05578941 0 0.9984427 -0.05578631 0 0.9984427 -0.05578845 0 0.9984418 -0.05580526 0 0.99844 -0.05583435 0 0.99844 -0.0558362 0 0.9984459 -0.05572998 0 0.9984423 -0.05579406 0 0.9984424 -0.05579388 0 0.9984423 -0.05579555 0 0.9984419 -0.05580151 0 0.9984419 -0.05580258 0 0.9984411 -0.05581563 0 0.9984436 -0.05577194 0 0.9984439 -0.05576723 0 0.9984408 -0.05582129 0 0.9984405 -0.05582791 0 0.9984442 -0.05576121 0 0.9984424 -0.05579245 0 0.9984419 -0.05580151 0 0.9984419 -0.05580067 0 0.9984429 -0.05578386 0 0.9984383 -0.05586564 0 0.03945618 0.7060073 -0.7071048 0.03945559 0.7059991 -0.7071129 0 0 -1 0.9984422 -0.0557959 0 0.998442 -0.0557996 0 0.9984421 -0.05579864 1.32441e-6 0.9984422 -0.05579686 -1.9025e-6 0.9984422 -0.0557959 1.42703e-5 0.998442 -0.05580002 -6.56793e-7 0.998442 -0.05580115 -4.37707e-6 0.9984423 -0.05579471 1.44435e-5 0.9984424 -0.05579251 2.71492e-6 0.998442 -0.05580013 -3.09974e-6 0.9984421 -0.05579954 0 0.998442 -0.05580013 3.09974e-6 0.9984423 -0.05579477 -2.71494e-6 0.9984424 -0.05579316 -1.44435e-5 0.998442 -0.05580061 4.37707e-6 0.998442 -0.05579894 6.56793e-7 0.9984422 -0.05579477 -1.42703e-5 0.9984418 -0.05580359 1.9025e-6 0.9984424 -0.05579382 -1.32441e-6 0.9984419 -0.05580043 0 0.998442 -0.05579912 0 0.9984423 -0.0557956 8.29598e-6 0.998442 -0.05580008 -4.07272e-7 0.9984422 -0.0557959 4.91814e-6 0.9984417 -0.05580443 -1.19313e-5 0.9984419 -0.05580031 -6.38465e-7 0.9984421 -0.05579805 -5.74273e-6 0.9984422 -0.05579698 1.40152e-5 0.9984419 -0.05580174 -1.27152e-5 0.9984421 -0.05579918 -3.02705e-6 0.9984419 -0.05580073 5.066e-6 0.9984416 -0.05580711 -3.90951e-5 0.9984465 -0.05571907 2.84764e-4 0.9984421 -0.05579918 -8.4076e-7 0.9984411 -0.0558167 2.08811e-5 0.9984425 -0.05579024 -5.03232e-6 0.9984422 -0.05579596 -7.43774e-6 0.9984421 -0.0557987 -3.16244e-7 0.9984415 -0.05580884 1.05136e-5 0.9984424 -0.0557937 -3.26667e-6 0.998442 -0.05579996 -2.01882e-6 0.9984424 -0.05579203 -6.18599e-6 0.9984425 -0.05579262 7.24673e-7 0.9984458 -0.05573117 -2.84772e-4 0.9984416 -0.05580717 3.90951e-5 0.9984422 -0.0557962 -5.066e-6 0.9984419 -0.05580067 3.02705e-6 0.9984419 -0.05580252 1.27152e-5 0.9984422 -0.05579662 -1.40152e-5 0.9984421 -0.05579918 5.74273e-6 0.998442 -0.05579936 6.38466e-7 0.9984418 -0.05580371 1.19313e-5 0.9984422 -0.05579757 -4.91815e-6 0.9984421 -0.05579853 4.07272e-7 0.9984423 -0.05579543 -8.29598e-6 0.9984422 -0.05579626 6.18598e-6 0.9984423 -0.05579537 2.01882e-6 0.9984422 -0.05579513 3.26667e-6 0.9984414 -0.0558114 -1.05136e-5 0.9984421 -0.05579876 3.16244e-7 0.9984423 -0.05579394 7.43775e-6 0.9984426 -0.05578935 5.03233e-6 0.9984411 -0.05581712 -2.08811e-5 0.998442 -0.05579918 8.4076e-7 0.03397279 0.6078895 -0.7932946 0.03396803 0.6077957 -0.7933666 0.02135139 0.3820452 -0.923897 0.02135527 0.3821148 -0.9238682 0.007283091 0.1303198 -0.9914453 0.007283389 0.1303281 -0.9914442 0.039456 0.7060073 0.7071047 0.03945577 0.7059991 0.7071129 0 0 1 0.007282853 0.1303181 0.9914456 0.007283627 0.1303263 0.9914444 0.02135372 0.3820909 0.9238781 0.02135294 0.3820722 0.9238858 0.03397166 0.6078599 0.7933173 0.0339691 0.6078265 0.7933431 0.05579853 0.9984421 0 0.05579859 0.9984421 0 0.04426729 0.7920979 0.6087869 0.04426592 0.7920691 0.6088244 0.0515533 0.9224674 0.3826176 0.05155134 0.9224351 0.3826956 0.0553227 0.9899119 0.130437 0.05532139 0.9899056 0.1304852 0.05579853 0.9984421 0 0.05532246 0.9899201 -0.130375 0.05532145 0.9898977 -0.1305463 0.0515533 0.9224674 -0.3826176 0.05155164 0.9224352 -0.3826957 0.04426401 0.7920368 -0.6088665 0.04426902 0.7921288 -0.6087464 -0.9984425 0.05578964 -6.75704e-6 -0.9984421 0.05580008 4.16781e-6 -0.998442 0.05580002 -4.16781e-6 -0.9984421 0.05579853 -3.20844e-6 -0.998442 0.05579972 7.41695e-6 -0.9984421 0.05579864 -7.37872e-6 -0.9984422 0.0557962 6.66799e-5 -0.9984419 0.05580061 2.77813e-7 -0.9984414 0.05581033 1.47579e-6 -0.9984419 0.05580186 -2.13068e-6 -0.9984425 0.05578994 9.22789e-6 -0.9984417 0.05580526 -1.11589e-5 -0.9984421 0.05579882 7.22865e-6 -0.9984421 0.05579876 -7.22865e-6 -0.9984416 0.0558052 1.11589e-5 -0.9984426 0.05579 -9.22789e-6 -0.9984419 0.05580186 2.13068e-6 -0.9984427 0.05578923 -5.72867e-6 -0.9984421 0.05579996 1.82133e-7 -0.9984411 0.05581611 6.75704e-6 -0.9984437 0.05577003 -9.72726e-6 -0.9984402 0.05583244 6.97978e-6 -0.9984424 0.05579233 1.7953e-6 -0.9984425 0.05579262 -4.94446e-6 -0.9984432 0.05577862 -2.9573e-6 -0.9984408 0.05582183 -5.18287e-6 -0.998442 0.05579912 -1.45365e-7 -0.9984396 0.05584383 -1.09564e-5 -0.9984452 0.05574303 1.85591e-5 -0.9984439 0.05576658 -5.40541e-7 -0.9984467 0.05571722 2.18049e-5 -0.9984421 0.05579853 7.57104e-6 -0.9984415 0.05580914 9.4506e-6 -0.9984345 0.0559346 7.01853e-5 -0.9984421 0.05579882 0 -0.998442 0.05580037 -2.6823e-6 -0.9984416 0.05580657 -1.20151e-5 -0.9984422 0.05579644 1.80449e-5 -0.9984423 0.05579555 1.77842e-6 -0.9984415 0.05580955 -2.14326e-6 -0.9984425 0.05579066 0 -0.9984416 0.05580723 -9.37435e-6 -0.9984423 0.05579382 8.62977e-6 -0.9984421 0.05579936 0 -0.9984421 0.05579835 2.70522e-7 -0.9984427 0.05578762 -3.94804e-6 -0.9984409 0.05581873 -1.83737e-5 -0.9984424 0.05579185 1.98174e-5 -0.998442 0.05579984 -1.06276e-6 -0.9984406 0.05582618 -4.29949e-7 -0.9984419 0.05580139 -2.36079e-6 -0.9984428 0.05578643 4.09012e-7 -0.9984418 0.05580478 -1.03574e-6 -0.9984422 0.0557965 9.00218e-7 -0.9984418 0.05580276 -2.62466e-7 -0.9984421 0.05579829 1.02391e-6 -0.9984421 0.05579817 0 -0.9984421 0.0557993 1.81028e-7 -0.9984418 0.05580389 -1.77475e-5 -0.9984422 0.05579662 1.27162e-5 -0.9984421 0.05579799 1.88228e-6 -0.9984421 0.05579936 0 -0.9984384 0.05586349 -1.67617e-5 -0.998443 0.05578303 -1.1332e-6 -0.9984409 0.05582082 1.55688e-5 -0.9984436 0.05577266 -9.80148e-6 -0.9984403 0.05583018 1.12163e-5 -0.9984435 0.05577409 -8.3346e-6 -0.9984414 0.0558117 3.71735e-6 -0.9984425 0.05579024 -3.62569e-6 -0.9984416 0.05580794 5.58143e-7 -0.9984415 0.05580919 3.49392e-6 -0.9984415 0.05580973 3.67515e-6 -0.9984425 0.0557897 -2.80123e-7 -0.9984411 0.05581587 2.14344e-5 -0.9984421 0.05579835 -6.80455e-7 -0.9984424 0.05579352 -3.46472e-6 -0.9984419 0.05580216 6.83436e-7 -0.9984425 0.05579137 -1.71244e-6 -0.9984421 0.05579835 1.99205e-6 -0.9984412 0.05581414 4.21833e-6 -0.9984426 0.05578917 -6.46258e-6 -0.9984427 0.05578845 -3.22287e-6 -0.9984421 0.05580002 5.93552e-7 -0.9984436 0.05577039 -3.27283e-7 -0.9984421 0.05579739 9.07442e-7 -0.9984416 0.0558077 4.9039e-7 -0.9984422 0.0557968 0 -0.9984422 0.05579686 2.71893e-7 -0.9984424 0.05579251 2.82202e-7 -0.9984473 0.05570495 7.62021e-7 -0.998417 0.05624562 -1.00547e-5 -0.9984416 0.05580663 3.24956e-7 -0.9984321 0.05597686 -1.34709e-6 -0.9984453 0.05574065 -7.68226e-7 -0.9984412 0.05581343 4.33202e-7 -0.9984188 0.05621308 1.00388e-5 -0.9984415 0.0558086 -3.28871e-7 -0.9984433 0.05577576 0 -0.9984411 0.05581521 -4.90389e-7 -0.9984419 0.05580204 -9.07443e-7 -0.9984416 0.05580615 3.27281e-7 -0.9984419 0.05580115 -5.93552e-7 -0.9984434 0.05577385 3.22288e-6 -0.9984425 0.05579 6.46258e-6 -0.9984413 0.05581259 -4.21834e-6 -0.9984424 0.05579471 -1.99205e-6 -0.9984425 0.05579137 1.71244e-6 -0.9984412 0.0558145 -6.83434e-7 -0.998443 0.05578267 3.46473e-6 -0.9984413 0.05581223 6.80453e-7 -0.9984425 0.05578982 -2.14344e-5 -0.9984426 0.0557903 2.80126e-7 -0.9984413 0.05581319 -3.67517e-6 -0.9984415 0.05580896 -3.4939e-6 -0.9984416 0.05580723 -5.58146e-7 -0.998443 0.05578172 3.62568e-6 -0.9984409 0.05581969 -3.71735e-6 -0.9984434 0.05577409 8.3346e-6 -0.9984403 0.05583024 -1.12163e-5 -0.9984436 0.05577248 9.80145e-6 -0.9984408 0.05582088 -1.55688e-5 -0.9984422 0.05579704 1.13321e-6 -0.9984409 0.05582034 1.67619e-5 -0.9984421 0.05579876 -3.92507e-7 -0.9984421 0.05579882 9.51474e-6 -0.998442 0.05579924 3.08471e-7 -0.9984421 0.055799 -3.05463e-6 -0.998442 0.05579984 2.30855e-7 -0.9984418 0.05580252 -1.12369e-5 -0.9984422 0.05579793 -9.54864e-7 -0.9984421 0.05579882 6.3554e-5 -0.998442 0.0557993 -1.34211e-4 -0.9984421 0.05579847 -4.65427e-6 -0.9984419 0.05580121 9.29195e-6 -0.9984421 0.05579876 7.31474e-7 -0.9984421 0.055799 2.83949e-6 -0.9984421 0.05579876 5.18056e-6 -0.9984421 0.05579829 9.0038e-6 -0.9984419 0.05580306 -4.95729e-5 -0.9984421 0.05579906 -3.17345e-7 -0.9984421 0.05579888 4.33545e-6 -0.9984421 0.05579841 2.29142e-7 -0.998439 0.05585545 -9.95463e-5 -0.9984421 0.05579894 2.45724e-7 -0.9984427 0.05578744 -1.39501e-7 -0.9984414 0.05581027 -1.47579e-6 -0.9984424 0.05579364 -2.55559e-6 -0.9984414 0.05581182 0 -0.9984409 0.05582088 0 -0.9984425 0.05579203 -1.25718e-6 -0.9984424 0.05579227 -3.09994e-7 -0.9984423 0.055794 5.7869e-7 -0.9984411 0.055817 -3.58366e-7 -0.9984433 0.05577635 -6.43001e-7 -0.9984424 0.05579364 4.93112e-7 -0.9984408 0.05582332 4.67823e-7 -0.998444 0.05576366 -2.50837e-7 -0.9984418 0.0558024 -2.85408e-7 -0.9984467 0.05571734 -7.62021e-7 -0.9984421 0.05579721 4.89073e-7 -0.9984427 0.05578833 -3.01072e-7 -0.9984422 0.05579489 -2.77813e-7 -0.9984409 0.05581963 1.9044e-6 -0.998443 0.05578207 0 -0.9984412 0.05581444 0 -0.9984413 0.05581283 1.68719e-6 -0.9984422 0.05579555 8.7066e-7 -0.9984431 0.05578052 -1.55368e-6 -0.9984409 0.05581986 3.59296e-7 -0.9984424 0.05579394 4.39405e-7 -0.9984435 0.05577278 -9.24321e-7 -0.9984408 0.05582082 -4.67823e-7 -0.9984423 0.05579453 -4.33203e-7 -0.9984425 0.0557903 7.68224e-7 -0.9984388 0.05585867 1.3471e-6 0.9984428 -0.05578613 3.16243e-6 0.9984421 -0.05580008 -3.99416e-6 0.998442 -0.05580002 4.06335e-6 0.9984419 -0.05580198 -2.00751e-6 0.9984419 -0.05580228 2.57747e-5 0.9984418 -0.05580228 -2.57747e-5 0.9984424 -0.05579334 -1.12061e-4 0.9984443 -0.05575817 -3.95436e-6 0.998442 -0.0557999 6.90561e-7 0.9984423 -0.05579483 1.21754e-5 0.9984419 -0.05580174 -7.09833e-6 0.9984423 -0.05579477 2.62584e-5 0.9984419 -0.05580037 -1.50261e-5 0.9984421 -0.05579853 1.50261e-5 0.9984422 -0.05579477 -2.62584e-5 0.9984422 -0.05579692 7.09834e-6 0.9984422 -0.05579727 -1.21754e-5 0.9984351 -0.05592477 4.96675e-5 0.9984502 -0.055655 -3.47249e-5 0.9984405 -0.05582726 7.54798e-6 0.9984452 -0.05574262 -7.70459e-6 0.9984422 -0.05579662 1.65352e-6 0.9984426 -0.05578982 9.9089e-6 0.9984421 -0.05579692 -1.74941e-6 0.9984421 -0.05579817 4.08122e-6 0.9984419 -0.05580103 -1.09454e-6 0.9984418 -0.05580347 -4.97172e-7 0.9984422 -0.05579674 -4.16202e-6 0.9984412 -0.05581545 -3.14778e-6 0.9984421 -0.05579829 3.29909e-6 0.9984424 -0.05579316 2.01435e-6 0.9984347 -0.05593186 -4.89137e-5 0.9984433 -0.0557776 7.43779e-6 0.9984411 -0.05581629 -1.46095e-5 0.9984411 -0.0558182 9.25407e-6 0.9984424 -0.05579388 1.69847e-6 0.9984419 -0.0558021 2.60615e-6 0.998442 -0.05579996 0 0.9984417 -0.05580413 5.87486e-6 0.9984423 -0.05579501 -5.24409e-6 0.9984416 -0.05580729 6.43505e-6 0.998443 -0.05578118 -1.08182e-5 0.9984418 -0.05580365 -2.64656e-6 0.998442 -0.05579924 0 0.9984418 -0.05580377 1.58455e-5 0.9984419 -0.05579996 3.35031e-6 0.9984424 -0.0557937 -1.72142e-5 0.998442 -0.05579936 0 0.9984418 -0.05580258 5.01694e-6 0.9984418 -0.05580401 1.33538e-5 0.9984425 -0.0557909 -1.89836e-5 0.9984419 -0.05580133 7.18117e-6 0.9984422 -0.05579751 -8.12927e-6 0.9984416 -0.05580657 2.80589e-5 0.9984426 -0.05578929 -2.76603e-5 0.9984413 -0.05581146 -1.79311e-5 0.998442 -0.05579906 1.56706e-7 0.9984412 -0.05581605 1.90255e-5 0.9984422 -0.05579608 -4.66496e-6 0.9984445 -0.05575627 -3.05346e-5 0.998442 -0.05580025 0 0.998442 -0.05579924 0 0.9984416 -0.05580687 -5.49399e-6 0.9984416 -0.0558058 -1.94526e-6 0.9984437 -0.05576848 1.3739e-5 0.9984412 -0.0558145 -1.18088e-5 0.9984415 -0.05580979 -9.03778e-7 0.9984427 -0.05578738 5.70854e-6 0.9984419 -0.05580061 -4.21597e-6 0.9984416 -0.05580759 -3.00474e-6 0.9984433 -0.05577766 9.30874e-6 0.9984388 -0.05585849 -4.07032e-5 0.9984498 -0.05566078 1.23038e-4 0.9984408 -0.05582237 -7.15089e-7 0.9984431 -0.05577963 -1.14023e-6 0.9984384 -0.05586451 -4.48275e-6 0.9984537 -0.05559146 1.3407e-5 0.9984419 -0.05580055 -5.81439e-7 0.9984411 -0.05581706 -8.35332e-6 0.9984432 -0.05577868 1.42164e-5 0.9984419 -0.0558024 2.49907e-6 0.9984423 -0.05579537 -3.86334e-6 0.9984422 -0.05579668 1.22965e-6 0.9984417 -0.05580508 -1.03617e-5 0.9984416 -0.05580711 -3.45066e-6 0.998442 -0.05579924 -7.45049e-6 0.9984425 -0.05579102 1.59744e-5 0.9984426 -0.05578953 1.19869e-5 0.9984425 -0.0557906 -3.91514e-7 0.998457 -0.05553072 -1.05569e-5 0.998442 -0.05580061 -1.02954e-6 0.9984391 -0.05585062 -8.02046e-7 0.9984412 -0.05581557 -3.91709e-7 0.9984413 -0.05581361 -8.0173e-7 0.9984429 -0.05578351 -5.94608e-7 0.9984345 -0.05593395 1.21681e-6 0.9984426 -0.05578964 -1.19869e-5 0.9984439 -0.05576509 -1.59745e-5 0.9984413 -0.05581229 7.45047e-6 0.9984422 -0.05579662 3.45067e-6 0.998441 -0.05581748 1.03617e-5 0.9984422 -0.05579668 -1.22965e-6 0.9984425 -0.05579012 3.86334e-6 0.998442 -0.05580085 -2.49907e-6 0.9984432 -0.05577963 -1.42164e-5 0.9984419 -0.0558024 8.35335e-6 0.9984419 -0.05580174 5.81439e-7 0.9984517 -0.0556271 -1.3407e-5 0.9984382 -0.05586928 4.48275e-6 0.9984428 -0.05578565 1.14022e-6 0.9984417 -0.05580484 7.1509e-7 0.9984425 -0.05579161 3.91514e-7 0.9984498 -0.05566036 1.0541e-5 0.9984544 -0.05557715 -1.23046e-4 0.9984374 -0.05588334 4.07025e-5 0.9984432 -0.05577802 -9.3088e-6 0.9984415 -0.05580741 3.00472e-6 0.9984419 -0.05580067 4.21597e-6 0.9984428 -0.05578726 -5.70852e-6 0.9984419 -0.05580043 9.03782e-7 0.9984406 -0.05582439 1.18088e-5 0.9984437 -0.05576968 -1.3739e-5 0.9984416 -0.05580568 1.94526e-6 0.9984418 -0.05580526 5.494e-6 0.9984421 -0.05579805 -3.21709e-6 0.9984418 -0.05580431 1.3409e-5 0.9984421 -0.05579894 6.26579e-7 0.9984421 -0.05579847 -5.1087e-6 0.9984421 -0.05579936 0 0.9984419 -0.05580013 2.93125e-5 0.9984419 -0.05580198 -1.10397e-5 0.998442 -0.0557993 5.01648e-6 0.9984422 -0.05579727 -1.10012e-6 0.9984421 -0.05579847 -1.2223e-5 0.9984416 -0.05580604 2.47065e-4 0.9984421 -0.05579841 -2.04124e-5 0.998442 -0.0557993 -2.94135e-7 0.9984419 -0.05580103 1.43904e-5 0.9984419 -0.05580073 2.93058e-6 0.9984419 -0.05580133 1.15817e-5 0.9984421 -0.05579948 -6.06688e-7 0.998442 -0.0557996 -1.80913e-5 0.9984421 -0.0557987 0 0.9984357 -0.05591398 5.01022e-5 0.9984422 -0.05579513 -6.90561e-7 0.998443 -0.05578374 -7.23338e-7 0.9984404 -0.05582934 -3.21489e-6 0.9984419 -0.05580186 -6.60883e-7 0.9984416 -0.05580753 -3.59085e-7 0.9984424 -0.05579233 8.76151e-7 0.9984423 -0.05579555 1.18296e-6 0.9984425 -0.0557909 0 0.998442 -0.05579942 0 0.9984424 -0.05579358 -1.20661e-6 0.9984439 -0.05576717 0 0.9984427 -0.05578774 1.83189e-6 0.9984403 -0.05583119 -1.11629e-6 0.998443 -0.05578404 1.02954e-6 0.9984415 -0.05580872 9.56954e-7 0.9984383 -0.05586606 -7.7759e-7 0.9984443 -0.05575817 3.95436e-6 0.9984422 -0.05579626 3.66065e-6 0.9984412 -0.05581444 -1.63165e-6 0.9984419 -0.05580186 6.60883e-7 0.9984423 -0.05579525 1.707e-6 0.9984417 -0.05580478 -1.64896e-6 0.998442 -0.05580019 -1.58752e-6 0.9984418 -0.05580526 0 0.9984423 -0.05579519 0 0.9984428 -0.05578714 8.99153e-7 0.9984439 -0.05576723 0 0.9984407 -0.0558241 -2.95136e-6 0.9984424 -0.05579388 5.88308e-7 0.9984403 -0.05583047 -1.21727e-6 0.9984402 -0.05583316 5.94606e-7 0.9984424 -0.05579471 8.01731e-7 0.05544775 0.9921684 0.1119256 0.05266642 0.9424005 0.3303145 0.05266648 0.942401 0.3303129 0.04724645 0.8454161 0.5320145 0.04724633 0.8454124 0.5320205 0.03945577 0.7060109 0.7071011 0.03945612 0.7060163 0.7070956 0.02968525 0.5311807 0.8467384 0.02968484 0.5312035 0.846724 0.01842838 0.3297721 0.9438807 0.01842862 0.3297568 0.9438861 0.00624758 0.1117924 0.993712 0.006247639 0.1117887 0.9937124 0.05545037 0.9921625 0.1119769 0.05545061 0.9921677 -0.1119319 0.05544739 0.9921633 -0.1119726 0.05266636 0.9423994 -0.3303176 0.05266648 0.942401 -0.3303129 0.04724633 0.8454136 -0.5320186 0.04724645 0.8454147 -0.5320168 0.03945589 0.7060123 -0.7070997 0.039456 0.7060144 -0.7070975 0.02968657 0.531203 -0.8467245 0.02968353 0.5311802 -0.8467388 0.01842743 0.329755 -0.9438867 0.01842963 0.3297746 -0.9438799 0.006247162 0.111787 -0.9937126 0.006247937 0.1117936 -0.9937119 -0.05544739 -0.9921633 -0.1119726 -0.05266648 -0.9424013 -0.3303121 -0.05266636 -0.9424012 -0.3303125 -0.04724729 -0.8454335 -0.5319868 -0.0472474 -0.8454342 -0.5319858 -0.03945571 -0.706012 -0.7071 -0.03945243 -0.7059932 -0.707119 -0.0296837 -0.531183 -0.846737 -0.02968925 -0.5312249 -0.8467106 -0.01843029 -0.3297699 -0.9438815 -0.01842868 -0.3297589 -0.9438853 -0.006247282 -0.1117876 -0.9937126 -0.006247878 -0.1117922 -0.9937121 -0.05545079 -0.9921684 -0.1119256 -0.05545049 -0.9921637 0.111967 -0.05544769 -0.992168 0.1119298 -0.05266648 -0.9424012 0.3303126 -0.05266642 -0.9424012 0.3303125 -0.04724735 -0.8454342 0.5319858 -0.04724735 -0.8454342 0.5319858 -0.03945446 -0.7059899 0.707122 -0.03945362 -0.7060142 0.7070979 -0.02968585 -0.5312229 0.8467119 -0.02968704 -0.531184 0.8467363 -0.01842957 -0.3297567 0.9438861 -0.01842945 -0.3297721 0.9438807 -0.00624758 -0.1117927 0.993712 -0.006247639 -0.1117876 0.9937126 0.006247341 0.1117869 -0.9937127 0.01842957 0.3297725 -0.9438806 0.01842933 0.3297721 -0.9438807 0.02968657 0.5312018 -0.8467252 0.02968627 0.5312014 -0.8467255 0.03945463 0.7059895 -0.7071226 0.03945457 0.7059904 -0.7071216 0.04724651 0.8454138 -0.5320182 0.04724627 0.8454139 -0.5320181 0.05266726 0.9424151 -0.3302729 0.05266726 0.9424149 -0.3302732 0.05544739 0.9921585 -0.1120143 0.05545026 0.992163 -0.1119728 0.006247162 0.1117868 -0.9937126 -0.00624758 -0.1117918 -0.9937121 -0.00624758 -0.1117921 -0.993712 -0.0184285 -0.3297579 -0.9438858 -0.01842874 -0.3297585 -0.9438855 -0.02968758 -0.5312216 -0.8467127 -0.02968758 -0.5312223 -0.8467122 -0.03945487 -0.7059901 -0.7071219 -0.03945404 -0.7059891 -0.707123 -0.04724514 -0.8453935 -0.5320506 -0.04724889 -0.8454146 -0.5320166 -0.05267071 -0.9424291 -0.3302324 -0.05266737 -0.942415 -0.3302727 -0.05544722 -0.9921583 -0.1120165 -0.05545079 -0.9921631 -0.1119722 -0.00624758 -0.1117947 0.9937118 -0.01842862 -0.3297581 0.9438857 -0.01842862 -0.3297583 0.9438856 -0.0296877 -0.5312232 0.8467117 -0.0296874 -0.5312226 0.846712 -0.03945463 -0.7059882 0.7071238 -0.03945428 -0.7059896 0.7071225 -0.04724639 -0.8454146 0.5320169 -0.04724752 -0.8453925 0.5320519 -0.05267035 -0.9424149 0.3302726 -0.05266803 -0.9424291 0.3302325 -0.05544745 -0.9921633 0.1119721 -0.05545008 -0.992158 0.112017 -0.006247878 -0.1117947 0.9937117 0.00624758 0.1117897 0.9937123 0.00624758 0.1117896 0.9937124 0.01842939 0.3297723 0.9438807 0.01842939 0.3297725 0.9438806 0.02968651 0.531203 0.8467243 0.02968657 0.5312021 0.8467249 0.0394544 0.7059889 0.7071232 0.03945434 0.7059901 0.7071219 0.04724645 0.8454136 0.5320186 0.04724645 0.845413 0.5320193 0.05266731 0.9424148 0.3302735 0.05266731 0.9424148 0.3302736 0.05544739 0.9921632 0.1119733 0.05545032 0.9921584 0.1120135 0.05544745 0.9921634 0.1119706 0.05266642 0.9424004 0.3303149 0.05266636 0.9424006 0.3303141 0.0472474 0.8454353 0.5319838 0.04724729 0.8454328 0.5319878 0.03945451 0.7059901 0.7071219 0.03945457 0.7059918 0.7071203 0.02968639 0.5312029 0.8467244 0.02968645 0.5312025 0.8467246 0.01842939 0.3297722 0.9438806 0.01842939 0.3297712 0.943881 0.006247341 0.111788 0.9937126 0.006247401 0.1117829 0.9937131 0.05544734 0.9921635 0.1119704 0.05544734 0.9921634 -0.1119709 0.05544751 0.9921634 -0.1119707 0.05266648 0.942401 -0.330313 0.0526663 0.9423999 -0.330316 0.04724735 0.8454344 -0.5319854 0.0472474 0.8454338 -0.5319862 0.03945457 0.7059912 -0.7071208 0.03945451 0.7059909 -0.7071211 0.02968645 0.5312023 -0.8467249 0.02968639 0.531203 -0.8467245 0.01842939 0.3297718 -0.9438809 0.01842939 0.3297715 -0.9438809 0.006247043 0.1117826 -0.9937131 0.006247639 0.1117876 -0.9937126 -0.05544418 -0.9921585 -0.1120154 -0.05266439 -0.9424151 -0.3302732 -0.05266791 -0.9424283 -0.330235 -0.04724633 -0.8454148 -0.5320166 -0.04724252 -0.8453931 -0.5320516 -0.03945237 -0.70599 -0.7071222 -0.03945249 -0.7059924 -0.7071198 -0.02968597 -0.5312231 -0.8467118 -0.02968603 -0.5312221 -0.8467124 -0.01842689 -0.329743 -0.9438909 -0.01842856 -0.3297562 -0.9438863 -0.00624752 -0.1117928 -0.993712 -0.006248176 -0.1117978 -0.9937114 -0.05545085 -0.9921683 -0.1119256 -0.05545032 -0.9921581 0.1120166 -0.05544471 -0.9921686 0.1119255 -0.05266511 -0.9424284 0.3302351 -0.0526672 -0.9424147 0.3302739 -0.0472452 -0.8453931 0.5320511 -0.04724371 -0.8454145 0.5320174 -0.03945231 -0.7059897 0.7071223 -0.03945249 -0.7059924 0.7071198 -0.02968591 -0.5312234 0.8467116 -0.02968609 -0.5312221 0.8467124 -0.01842761 -0.3297558 0.9438865 -0.01842778 -0.3297429 0.9438909 -0.006247878 -0.1117981 0.9937113 -0.006247878 -0.1117932 0.9937118 0.006247043 0.1117897 -0.9937123 0.01842939 0.3297725 -0.9438806 0.01842963 0.3297721 -0.9438807 0.02968609 0.5311987 -0.8467272 0.02968633 0.5311983 -0.8467274 0.03945481 0.7059916 -0.7071204 0.03945446 0.7059925 -0.7071195 0.04724621 0.8454129 -0.5320197 0.04724657 0.8454129 -0.5320196 0.0526672 0.9424151 -0.3302729 0.05266755 0.9424149 -0.3302732 0.05544722 0.9921585 -0.1120143 0.05545049 0.992163 -0.1119728 0.00624758 0.1117896 -0.9937123 -0.006247878 -0.1117946 -0.9937118 -0.00624758 -0.1117948 -0.9937117 -0.01842862 -0.3297579 -0.9438858 -0.01842862 -0.3297585 -0.9438855 -0.02968722 -0.5312189 -0.8467143 -0.02968782 -0.5312192 -0.8467141 -0.03945451 -0.7059923 -0.7071197 -0.03945463 -0.7059909 -0.7071211 -0.04724502 -0.8453925 -0.532052 -0.04724872 -0.8454141 -0.5320176 -0.05267113 -0.942429 -0.3302323 -0.05266726 -0.9424151 -0.3302728 -0.05544751 -0.9921583 -0.1120165 -0.05544996 -0.9921631 -0.1119722 -0.00624746 -0.1117932 0.9937119 -0.01842874 -0.3297581 0.9438857 -0.01842874 -0.3297583 0.9438856 -0.02968746 -0.5312224 0.8467121 -0.02968758 -0.5312215 0.8467127 -0.03945446 -0.7059891 0.707123 -0.03945451 -0.7059901 0.7071219 -0.04724615 -0.8454147 0.5320169 -0.04724794 -0.8453925 0.5320519 -0.05267006 -0.9424149 0.3302726 -0.05544745 -0.9921633 0.111972 -0.05545037 -0.992158 0.1120167 -0.006247758 -0.1117933 0.993712 0.00624746 0.1117883 0.9937124 0.006247341 0.1117883 0.9937125 0.01842951 0.3297725 0.9438806 0.02968627 0.5312023 0.8467248 0.02968645 0.531201 0.8467257 0.03945463 0.7059897 0.7071223 0.03945463 0.7059901 0.7071219 0.04724633 0.8454136 0.5320186 0.04724657 0.845413 0.5320193 0.0526672 0.9424148 0.3302735 0.05266743 0.9424148 0.3302736 0.05544757 0.9921631 0.1119731 0.05544996 0.9921584 0.1120134 -0.9984405 0.05582857 1.09922e-4 -0.9984425 0.0557903 -4.03383e-5 -0.9984422 0.05579668 0 -0.9984416 0.05580741 1.59628e-5 -0.9984423 0.05579435 -7.78635e-6 -0.9984418 0.05580407 1.62095e-5 -0.9984421 0.05579924 -5.05234e-6 -0.9984421 0.05579811 -1.21923e-6 -0.9984421 0.05579978 3.35618e-6 -0.9984422 0.05579608 -1.59702e-5 -0.9984419 0.05580031 4.09086e-6 -0.998442 0.05579912 2.5516e-6 -0.998442 0.05579918 -9.03938e-7 -0.9984418 0.05580395 6.82968e-6 -0.998442 0.05579996 5.27853e-6 -0.9984421 0.05579817 -7.73663e-6 -0.9984421 0.05579936 0 -0.9984431 0.0557807 5.26009e-6 -0.9984416 0.05580615 -4.29371e-6 -0.9984425 0.05579137 2.65109e-6 -0.9984419 0.05580121 0 -0.9984418 0.05580359 -5.22034e-7 -0.998442 0.05579984 -1.09886e-6 -0.9984421 0.05579859 2.09433e-6 -0.9984425 0.05579143 4.44842e-6 -0.9984419 0.05580139 3.41967e-7 -0.9984421 0.05579745 -4.57334e-6 -0.998442 0.05579948 0 -0.9984415 0.05581015 -5.70378e-6 -0.9984427 0.05578696 1.95481e-5 -0.998442 0.0557993 -1.17265e-6 -0.998442 0.05580109 -1.98703e-7 -0.9984422 0.05579644 8.23018e-6 -0.9984415 0.05580878 -1.59478e-5 -0.9984431 0.05577963 2.36627e-5 -0.9984426 0.05578881 1.13278e-5 -0.9984421 0.055799 0 -0.9984427 0.05578678 -1.13278e-5 -0.9984431 0.05578148 -2.36626e-5 -0.9984415 0.05580878 1.59478e-5 -0.9984421 0.05579966 -8.2302e-6 -0.998442 0.05580067 1.98703e-7 -0.9984422 0.05579662 7.73662e-6 -0.9984419 0.05580145 -5.27853e-6 -0.9984418 0.05580365 -6.8297e-6 -0.9984421 0.055799 9.03939e-7 -0.9984421 0.05580008 -2.5516e-6 -0.998442 0.0557993 -4.09086e-6 -0.9984422 0.05579608 1.59702e-5 -0.9984421 0.05579882 -3.35617e-6 -0.998442 0.05579912 1.21924e-6 -0.998442 0.05579924 5.05235e-6 -0.9984418 0.05580389 -1.62094e-5 -0.9984422 0.05579572 7.78638e-6 -0.9984416 0.05580598 -1.59628e-5 -0.9984422 0.05579632 0 -0.9984425 0.0557909 4.03388e-5 -0.9984405 0.05582863 -1.09922e-4 -0.998442 0.0557993 1.17265e-6 -0.9984426 0.05578941 -1.95482e-5 -0.9984416 0.055808 5.70377e-6 -0.998442 0.05579948 0 -0.9984422 0.05579745 4.57334e-6 -0.998442 0.05579966 -3.41967e-7 -0.9984424 0.05579322 -4.44842e-6 -0.9984421 0.05579853 -2.09433e-6 -0.9984418 0.05580264 1.09886e-6 -0.9984419 0.05580109 5.22035e-7 -0.9984419 0.05580168 0 -0.9984424 0.0557931 -2.65109e-6 -0.9984418 0.05580472 4.29371e-6 -0.9984431 0.05578136 -5.26009e-6 -0.05579972 -0.9984421 0 -0.05579936 -0.9984421 -2.54439e-6 -0.05580192 -0.9984419 0 -0.05580198 -0.9984419 0 -0.05579972 -0.998442 2.16463e-6 -0.0557993 -0.9984421 0 -0.0394563 -0.7060016 -0.7071103 -0.03945583 -0.7060077 -0.7071042 -0.05553084 -0.9936295 -0.09806472 -0.05553084 -0.9936356 -0.09800344 -0.05339729 -0.955456 -0.2902634 -0.05339699 -0.9554646 -0.2902351 -0.04920923 -0.8805317 -0.4714258 -0.04921001 -0.8805387 -0.4714128 -0.04313445 -0.7718222 -0.6343737 -0.04313397 -0.7718038 -0.6343961 -0.03945654 -0.7060061 0.7071058 -0.03945565 -0.7060039 0.707108 -0.05553102 -0.993633 0.09803003 -0.05553072 -0.9936344 0.0980162 -0.05339759 -0.9554662 0.2902296 -0.05339682 -0.9554584 0.2902554 -0.04920756 -0.8805023 0.471481 -0.04921114 -0.8805614 0.4713704 -0.04313236 -0.7717856 0.6344184 -0.04313617 -0.7718448 0.6343462 0.006247341 0.1117926 -0.993712 0.01842749 0.3297415 -0.9438914 0.01843047 0.3297736 -0.9438802 0.0296899 0.5312347 -0.8467044 0.02968597 0.5312026 -0.8467246 0.03945535 0.7060181 -0.7070938 0.03945314 0.7059988 -0.7071132 0.0472415 0.8453707 -0.532087 0.04724973 0.8454257 -0.5319989 0.05267137 0.9424341 -0.3302177 0.052666 0.9424015 -0.3303117 0.05544692 0.992164 -0.1119662 0.05544447 0.9921566 -0.1120326 0.00624758 0.1117926 -0.993712 -0.006246924 -0.1117825 -0.9937131 -0.006247282 -0.1117854 -0.9937128 -0.01842904 -0.3297588 -0.9438853 -0.01842898 -0.32976 -0.9438849 -0.02968823 -0.5312262 -0.8467097 -0.0296902 -0.5312412 -0.8467002 -0.03945642 -0.7059895 -0.7071225 -0.03945702 -0.705999 -0.707113 -0.04724806 -0.8454023 -0.5320366 -0.04724699 -0.8454062 -0.5320301 -0.05266863 -0.9424164 -0.3302686 -0.05266821 -0.9424082 -0.3302922 -0.05544883 -0.9921646 -0.1119593 -0.05544829 -0.9921612 -0.1119898 -0.006247103 -0.1117843 0.993713 -0.01842898 -0.3297592 0.9438852 -0.01842921 -0.3297607 0.9438847 -0.02968895 -0.5312417 0.8467 -0.02968901 -0.5312197 0.8467138 -0.03945672 -0.7059955 0.7071164 -0.03945636 -0.7059879 0.7071241 -0.04724735 -0.845392 0.5320527 -0.04724764 -0.8454159 0.5320149 -0.05266857 -0.942415 0.3302729 -0.05266821 -0.9424082 0.3302924 -0.05544894 -0.992164 0.1119642 -0.05544817 -0.9921612 0.1119899 -0.006247103 -0.1117868 0.9937127 0.006247639 0.1117933 0.9937118 0.006247341 0.1117939 0.9937118 0.01842927 0.3297744 0.9438799 0.01842862 0.3297404 0.9438918 0.0296877 0.5311945 0.8467296 0.02968817 0.5312397 0.8467013 0.03945392 0.7059941 0.7071179 0.03945416 0.7060202 0.7070919 0.04724472 0.8454287 0.5319948 0.04724657 0.8453672 0.532092 0.05266946 0.9424004 0.3303143 0.05266803 0.9424352 0.3302152 0.0554465 0.9921556 0.1120403 0.05544459 0.9921638 0.1119686 0.01842749 0.3297421 -0.9438912 0.01843065 0.3297742 -0.94388 0.02969002 0.5312326 -0.8467056 0.02968549 0.5312008 -0.8467259 0.03945541 0.7060178 -0.7070942 0.03945291 0.7059985 -0.7071136 0.04724138 0.8453711 -0.5320864 0.04724979 0.8454261 -0.5319983 0.05266612 0.9424015 -0.3303117 0.05544716 0.9921639 -0.1119662 0.05544394 0.9921566 -0.1120326 0.00624752 0.1117926 -0.993712 -0.01842916 -0.3297594 -0.9438852 -0.01842904 -0.3297607 -0.9438847 -0.02968829 -0.5312243 -0.8467109 -0.0296899 -0.5312393 -0.8467015 -0.0394566 -0.7059891 -0.7071228 -0.03945678 -0.7059985 -0.7071133 -0.04724794 -0.8454027 -0.5320358 -0.04724705 -0.8454065 -0.5320297 -0.05266851 -0.9424164 -0.3302686 -0.05544906 -0.9921646 -0.1119593 -0.05544811 -0.9921613 -0.1119898 -0.006247222 -0.1117843 0.993713 -0.01842886 -0.3297585 0.9438855 -0.01842916 -0.3297601 0.9438849 -0.02968919 -0.5312431 0.8466992 -0.02968901 -0.5312212 0.8467129 -0.03945672 -0.7059946 0.7071173 -0.03945636 -0.7059867 0.7071251 -0.04724735 -0.8453923 0.5320522 -0.04724758 -0.8454164 0.5320141 -0.05266863 -0.942415 0.3302729 -0.05544877 -0.992164 0.1119642 -0.05544835 -0.9921612 0.1119899 -0.006247282 -0.1117868 0.9937127 0.00624752 0.1117933 0.9937118 0.00624752 0.1117939 0.9937118 0.01842921 0.3297738 0.9438801 0.01842874 0.3297398 0.943892 0.02968788 0.5311959 0.8467287 0.02968817 0.5312413 0.8467004 0.03945398 0.705993 0.707119 0.0394541 0.7060192 0.707093 0.04724478 0.845429 0.5319942 0.04724639 0.8453677 0.5320914 0.05266958 0.9424004 0.3303143 0.05266785 0.9424353 0.3302152 0.05544656 0.9921556 0.1120403 0.05544477 0.9921638 0.1119686 -0.006247878 -0.1117916 0.9937121 -0.01842904 -0.3297456 0.94389 -0.01843035 -0.3297811 0.9438776 -0.02968764 -0.5312176 0.8467152 -0.02968811 -0.5312103 0.8467197 -0.03945463 -0.7059712 0.7071408 -0.03945767 -0.7060202 0.7070916 -0.04724335 -0.8453354 0.5321429 -0.04724943 -0.8454552 0.5319522 -0.05266863 -0.9424247 0.3302448 -0.05266827 -0.9424487 0.3301765 -0.05544644 -0.9921635 0.111971 -0.05545026 -0.9921466 0.1121183 -0.006247878 -0.1117916 0.9937121 0.006247401 0.1117831 0.993713 0.006247282 0.1117868 0.9937127 0.01843017 0.3297807 0.9438777 0.01842957 0.3297674 0.9438824 0.02968907 0.5312435 0.8466989 0.02968627 0.5311715 0.8467441 0.0394569 0.7059995 0.7071124 0.03945684 0.7060199 0.707092 0.04724514 0.845378 0.5320752 0.04724448 0.8453968 0.5320453 0.05266767 0.9424403 0.3302007 0.05266541 0.9423947 0.3303309 0.05544722 0.9921754 0.1118646 0.05544948 0.9921515 0.1120755 0.006246984 0.1117806 -0.9937133 0.01843023 0.3297816 -0.9438774 0.01842945 0.3297668 -0.9438827 0.02968603 0.5311864 -0.8467348 0.02968966 0.5312319 -0.8467061 0.03945773 0.7060126 -0.7070993 0.03945565 0.7059985 -0.7071135 0.04724752 0.84542 -0.5320083 0.04724216 0.8453579 -0.5321075 0.0526672 0.9424273 -0.3302378 0.05266582 0.9424083 -0.3302922 0.05544656 0.9921653 -0.1119537 0.05545008 0.9921611 -0.1119897 0.00624752 0.1117854 -0.9937128 -0.006247282 -0.111783 -0.993713 -0.006248056 -0.111795 -0.9937117 -0.01842975 -0.3297533 -0.9438872 -0.01842933 -0.3297669 -0.9438825 -0.02968692 -0.5312015 -0.8467253 -0.02968907 -0.5312317 -0.8467064 -0.03945553 -0.7059847 -0.7071272 -0.03945755 -0.7060206 -0.7070913 -0.04724436 -0.845351 -0.5321182 -0.04724812 -0.8454357 -0.5319833 -0.05266982 -0.9424423 -0.3301945 -0.0526666 -0.9424218 -0.3302537 -0.05544543 -0.9921461 -0.1121252 -0.05545115 -0.9921611 -0.1119898 -0.006247937 -0.1117916 0.9937121 -0.01842904 -0.329745 0.9438902 -0.01843017 -0.3297805 0.9438778 -0.02968788 -0.5312193 0.8467141 -0.02968806 -0.5312117 0.8467187 -0.03945469 -0.7059701 0.7071418 -0.03945749 -0.7060192 0.7070927 -0.04724347 -0.8453359 0.5321425 -0.04724943 -0.8454555 0.5319516 -0.05266869 -0.9424247 0.3302448 -0.0554465 -0.9921635 0.111971 -0.05545008 -0.9921466 0.1121183 -0.006247758 -0.1117916 0.9937121 0.006247341 0.1117831 0.993713 0.006247341 0.1117868 0.9937127 0.01843011 0.3297801 0.9438779 0.01842951 0.3297668 0.9438825 0.02968931 0.531245 0.8466979 0.02968633 0.5311729 0.8467433 0.03945696 0.7059985 0.7071134 0.03945684 0.7060188 0.7070931 0.04724514 0.8453783 0.5320745 0.04724442 0.8453972 0.5320448 0.05266779 0.9424403 0.3302007 0.05266523 0.9423947 0.3303309 0.05544704 0.9921754 0.1118646 0.05544966 0.9921515 0.1120755 0.006246805 0.1117806 -0.9937133 0.01843041 0.3297822 -0.9438772 0.01842939 0.3297674 -0.9438824 0.02968615 0.5311844 -0.8467361 0.02968937 0.5312299 -0.8467074 0.03945767 0.7060123 -0.7070996 0.03945565 0.7059982 -0.7071138 0.04724752 0.8454204 -0.5320078 0.04724228 0.8453583 -0.5321068 0.05266684 0.9424273 -0.3302378 0.052666 0.9424083 -0.3302922 0.0554468 0.9921653 -0.1119537 0.05544972 0.9921611 -0.1119897 0.00624746 0.1117854 -0.9937128 -0.00624746 -0.111783 -0.993713 -0.006247997 -0.111795 -0.9937117 -0.01842969 -0.3297539 -0.9438871 -0.01842939 -0.3297676 -0.9438822 -0.02968668 -0.5311995 -0.8467265 -0.02968901 -0.5312297 -0.8467076 -0.03945565 -0.7059844 -0.7071275 -0.03945732 -0.7060202 -0.7070918 -0.04724442 -0.8453513 -0.5321176 -0.04724818 -0.845436 -0.5319827 -0.05266958 -0.9424424 -0.3301945 -0.05266678 -0.9424218 -0.3302537 -0.05544573 -0.9921461 -0.1121252 -0.05545097 -0.9921611 -0.1119898 0.9984419 -0.05580031 9.05666e-6 0.9984418 -0.05580258 1.22805e-5 0.998442 -0.05580061 1.81074e-5 0.9984419 -0.05580252 -1.56394e-5 0.9984419 -0.05580127 -1.97264e-5 0.9984419 -0.05580109 -3.07083e-5 0.9984421 -0.05579781 1.61218e-5 0.9984421 -0.05579733 2.86312e-5 0.998442 -0.05580002 4.4367e-7 0.9984419 -0.05580043 -1.48586e-5 0.9984421 -0.05579948 -1.0789e-5 0.998442 -0.05579978 -7.45308e-6 0.9984421 -0.05579853 4.11559e-7 0.9984421 -0.0557987 7.26617e-6 0.9984421 -0.05579978 -4.22147e-7 0.9984421 -0.05579918 1.37313e-5 0.9984419 -0.05580055 1.16746e-5 0.998442 -0.0557999 -2.60286e-5 0.9984422 -0.05579745 8.5212e-7 0.9984421 -0.05579715 2.61215e-5 0.9984419 -0.05580222 -2.22636e-5 0.9984418 -0.05580204 1.63253e-5 0.9984419 -0.05580133 2.2482e-5 0.9984419 -0.05580139 -1.88944e-5 0.9984418 -0.05580258 -1.07454e-5 0.9984418 -0.05580252 -9.05665e-6 0.998442 -0.0557993 9.05649e-6 0.9984417 -0.05580562 1.22805e-5 0.998442 -0.05580067 1.81074e-5 0.9984419 -0.05580174 -1.56395e-5 0.9984419 -0.05580157 -1.97265e-5 0.9984422 -0.05579799 1.61219e-5 0.9984421 -0.05579996 4.43669e-7 0.9984419 -0.05580055 -1.48587e-5 0.998442 -0.05579912 -1.07889e-5 0.9984419 -0.05579984 -7.45309e-6 0.9984421 -0.05579859 4.1156e-7 0.998442 -0.05579972 -4.22147e-7 0.998442 -0.05579948 1.37314e-5 0.998442 -0.05580031 1.16746e-5 0.9984421 -0.05579733 8.52118e-7 0.9984419 -0.05580139 -2.22637e-5 0.9984418 -0.05580258 1.63253e-5 0.998442 -0.05580079 2.24818e-5 0.9984419 -0.05580204 -1.88946e-5 0.998442 -0.05579984 -1.07455e-5 0.9984419 -0.05580103 -9.05641e-6 0.9984419 -0.05580103 7.24513e-5 0.9984419 -0.05580121 -3.68406e-5 0.9984422 -0.0557959 1.4171e-5 0.9984422 -0.0557959 0 0.9984421 -0.05579954 -2.1087e-5 0.9984421 -0.05579948 4.09448e-6 0.9984421 -0.05579799 8.57113e-6 0.9984421 -0.05579829 5.45358e-6 0.9984419 -0.05580025 -1.06479e-5 0.998442 -0.0557999 -8.49048e-6 0.9984421 -0.05579978 8.82737e-6 0.9984421 -0.0557996 -3.72656e-6 0.9984419 -0.05580103 -1.36525e-5 0.998442 -0.05580115 0 0.9984421 -0.0557996 1.77303e-5 0.998442 -0.05579912 3.92327e-6 0.998442 -0.05580061 -5.30656e-6 0.9984419 -0.05580079 -7.09858e-6 0.9984421 -0.05579781 1.49974e-5 0.9984421 -0.05579811 0 0.9984421 -0.05579888 -1.48425e-5 0.9984421 -0.05579894 -5.44181e-6 0.9984422 -0.05579656 3.42118e-5 0.9984422 -0.0557962 1.88945e-5 0.998442 -0.05580002 -2.76306e-5 0.998442 -0.05579954 -7.24493e-5 0.9984419 -0.05580055 7.24506e-5 0.9984423 -0.05579578 1.4171e-5 0.9984421 -0.05579924 -2.10871e-5 0.9984421 -0.05579924 4.09446e-6 0.9984422 -0.05579793 8.57118e-6 0.9984421 -0.05579817 5.45357e-6 0.998442 -0.05580073 -1.06479e-5 0.998442 -0.05580013 -8.49051e-6 0.998442 -0.05579948 8.82733e-6 0.9984421 -0.05579942 -3.72655e-6 0.998442 -0.05580115 -1.36525e-5 0.9984419 -0.05580127 0 0.998442 -0.05579954 1.77303e-5 0.998442 -0.05579924 3.92327e-6 0.998442 -0.05580049 -5.30655e-6 0.9984421 -0.05579829 1.49973e-5 0.9984421 -0.0557987 0 0.998442 -0.05579906 -1.48425e-5 0.9984421 -0.05579882 -5.4418e-6 0.9984422 -0.0557968 3.42114e-5 0.9984423 -0.05579578 1.88946e-5 0.9984419 -0.05580139 -2.76305e-5 0 0 -1 0 0 -1 -2.98203e-7 0 1 -6.28669e-7 0 1 6.0423e-7 0 1 2.97752e-7 0 1 -6.01344e-7 0 1 -3.63399e-7 0 1 0 0 1 -2.12799e-6 0 1 1.30536e-6 0 1 -1.44191e-6 0 1 -2.02052e-7 0 1 0 0 1 6.68261e-7 0 1 0 0 1 1.28165e-6 0 1 -4.2298e-7 0 1 5.41952e-7 0 1 1.58446e-7 0 1 4.25711e-7 0 1 -1.55193e-6 0 1 0 0 1 -3.63407e-7 0 1 3.00674e-7 0 1 -5.95519e-7 0 1 6.04205e-7 0 1 -6.28686e-7 0 1 -4.9749e-7 0 1 0 0 1 1.46023e-6 0 1 1.41886e-6 0 1 1.07762e-6 0 1 -3.67018e-6 0 1 1.82752e-6 0 1 1.06401e-6 0 1 -1.38791e-6 0 1 -1.45106e-7 0 1 9.42385e-7 0 1 2.60426e-7 0 1 -2.20429e-6 0 1 1.0106e-6 0 1 1.5096e-6 0 1 -2.52495e-7 0 -1 -3.63399e-7 0 -1 -2.97752e-7 0 -1 1.25734e-6 0 -1 -2.9347e-7 0 -1 0 0 -1 6.68111e-7 0 -1 -1.77358e-7 0 -1 -3.36754e-7 0 -1 2.49057e-6 0 -1 -3.13286e-6 0 -1 1.596e-6 0 -1 -5.55166e-7 0 -1 0 0 -1 -2.41845e-7 0 -1 7.75966e-7 0 -1 7.09518e-7 0 -1 4.75337e-7 0 -1 -1.98716e-6 0 -1 1.69192e-6 0 -1 -2.56329e-7 0 -1 1.37918e-7 0 -1 -3.43115e-7 0 -1 6.28686e-7 0 -1 5.95519e-7 0 -1 -3.00674e-7 0 -1 -2.52491e-7 0 -1 1.45106e-7 0 -1 -1.11033e-6 0 -1 -2.66003e-6 0 -1 2.08859e-6 0 -1 7.86466e-7 0 -1 -2.96346e-6 0 -1 1.56074e-6 0 -1 1.53709e-6 0 -1 0 0 -1 1.0064e-6 0 -1 6.06361e-7 0 -1 1.69561e-7 0 -1 -2.64253e-6 0 -1 -2.60426e-7 0 -1 7.06788e-7 0 -1 0 0 -1 -0.05579894 -0.9984421 0 -0.05579894 -0.9984421 0 0.6665495 -0.7454608 0 0.6665496 -0.7454608 0 -0.9984421 0.0557987 -2.08631e-5 -0.998442 0.05580008 1.49997e-5 -0.9984421 0.05579906 2.08631e-5 -0.998442 0.0557996 -4.99991e-5 -0.9984374 0.05588352 -6.68863e-5 -0.9984432 0.05577826 1.39921e-5 -0.9984414 0.05580991 2.81456e-6 -0.9984425 0.05579096 8.51173e-6 -0.9984415 0.05581063 -2.17726e-5 -0.9984422 0.05579531 1.1596e-5 -0.9984421 0.05579847 1.88956e-6 -0.9984421 0.05579864 3.16991e-7 -0.9984422 0.05579662 -2.01739e-5 -0.998442 0.05580002 5.1542e-6 -0.9984415 0.05580925 7.12493e-7 -0.9984419 0.05580157 -2.10223e-7 -0.9984421 0.05579918 -2.10752e-7 -0.9984425 0.05579251 2.08476e-7 -0.9984417 0.05580478 -2.44314e-6 -0.9984424 0.05579358 6.28833e-6 -0.9984415 0.05580884 -1.40821e-5 -0.9984424 0.05579334 1.38787e-5 -0.9984422 0.0557968 4.35659e-6 -0.9984418 0.0558024 -2.18365e-5 -0.998442 0.05579984 1.1604e-5 -0.9984421 0.0557987 0 -0.9984421 0.05579978 -5.15421e-6 -0.9984422 0.0557965 2.01739e-5 -0.9984421 0.05579864 -3.16991e-7 -0.9984421 0.05579853 -1.88957e-6 -0.9984424 0.0557937 -1.1596e-5 -0.9984413 0.05581271 2.17725e-5 -0.9984425 0.05579113 -8.51175e-6 -0.9984415 0.05580979 -2.81456e-6 -0.9984433 0.05577808 -1.39921e-5 -0.9984374 0.05588352 6.68863e-5 -0.9984421 0.05579936 -1.16041e-5 -0.9984418 0.0558027 2.18365e-5 -0.9984421 0.05579745 -4.35659e-6 -0.9984425 0.05579262 -1.38787e-5 -0.9984415 0.05580884 1.40821e-5 -0.9984424 0.05579364 -6.28834e-6 -0.9984418 0.05580395 2.44314e-6 -0.9984424 0.05579334 -2.08476e-7 -0.9984421 0.05579918 2.10752e-7 -0.9984419 0.05580157 2.10223e-7 -0.9984415 0.05580925 -7.12493e-7 -0.9984419 0.05580025 -1.49997e-5 -0.998442 0.055799 4.12656e-6 -0.998442 0.05580055 1.33145e-5 -0.9984419 0.05580145 3.13177e-6 -0.998442 0.05580043 1.35341e-6 -0.9984419 0.05580097 1.59103e-5 -0.9984421 0.05579781 7.11813e-6 -0.998442 0.05579966 6.21377e-7 -0.9984421 0.05579954 2.33461e-6 -0.9984421 0.05579859 7.61581e-6 -0.9984422 0.05579745 -5.76525e-6 -0.9984421 0.05579698 1.13781e-6 -0.9984421 0.055799 -3.76335e-6 -0.9984421 0.05579859 -3.42986e-6 -0.9984421 0.05579823 5.4284e-6 -0.9984422 0.05579727 5.76525e-6 -0.998442 0.05579948 -7.61581e-6 -0.9984421 0.05579888 -2.33461e-6 -0.998442 0.05580025 -5.05111e-6 -0.9984421 0.05579847 -1.39109e-6 -0.9984421 0.055799 2.08631e-5 -0.9984419 0.05580115 -3.13177e-6 -0.998442 0.05580085 -2.70682e-6 -0.9984419 0.05580097 -1.63182e-5 -0.998442 0.05579978 -1.61443e-6 -0.9984421 0.05579894 -1.74966e-5 -0.9984421 0.05579948 3.61747e-6 -0.9984428 0.05578696 7.7155e-5 -0.998442 0.05579948 -2.77389e-6 -0.9984418 0.05580288 -2.14946e-5 -0.9984421 0.05579972 -4.57951e-6 -0.9984419 0.05580013 -1.63182e-5 -0.998442 0.05579912 -3.17962e-6 -0.9984421 0.05579739 9.47089e-6 -0.9984422 0.05579686 6.4465e-6 -0.9984419 0.05580329 -2.26547e-5 -0.9984419 0.05580121 5.18872e-6 -0.998442 0.05580121 5.03504e-6 -0.9984417 0.05580455 -1.44519e-5 -0.9984418 0.05580431 -5.05291e-6 -0.998442 0.05579972 1.43826e-5 -0.998442 0.05580091 -5.90442e-6 -0.9984419 0.05580168 -5.11437e-6 -0.9984421 0.05579799 1.91877e-5 -0.9984421 0.05579739 3.31403e-6 -0.9984421 0.05579936 -8.89763e-6 -0.9984421 0.05579835 1.64188e-6 -0.9984418 0.05580365 -1.36197e-5 -0.9984421 0.05579912 1.82711e-5 -0.998442 0.05579972 -4.62033e-6 -0.9984422 0.05579698 1.41267e-5 -0.9984421 0.05579715 2.18706e-6 -0.008313894 -0.1488099 -0.9888309 -0.01644229 -0.2942987 -0.9555721 -0.01644623 -0.2942858 -0.955576 -0.02421015 -0.4332229 -0.9009617 -0.02420896 -0.4331955 -0.9009749 -0.03143256 -0.5624511 -0.8262329 -0.03141784 -0.5624251 -0.8262512 -0.03793644 -0.6791142 -0.7330517 -0.03794294 -0.6791366 -0.7330307 -0.04361039 -0.7805727 -0.623542 -0.04365497 -0.7806399 -0.6234548 -0.04835355 -0.8646615 -0.5000226 -0.048334 -0.8646633 -0.5000214 -0.05195361 -0.9294189 -0.365351 -0.05195355 -0.9294161 -0.3653579 -0.05441331 -0.9734194 -0.2224723 -0.05440598 -0.9734158 -0.2224898 -0.05564862 -0.9956511 -0.07471394 -0.05564886 -0.9956465 -0.07477504 -0.008317708 -0.1488131 -0.9888303 4.3465e-7 0 -1 -4.88988e-7 0 -1 0.008315265 0.148813 -0.9888304 0.008319497 0.1488103 -0.9888308 0.01645427 0.2943117 -0.9555679 0.01645052 0.2942874 -0.9555754 0.02421671 0.4332181 -0.9009637 0.02420532 0.4331955 -0.9009749 0.03142756 0.5624407 -0.8262402 0.03143191 0.5624508 -0.8262332 0.03795129 0.6790999 -0.7330641 0.03795665 0.6791076 -0.7330569 0.04363 0.7806105 -0.6234932 0.04364258 0.7806274 -0.6234712 0.04834079 0.8646644 -0.5000187 0.04832112 0.8646643 -0.500021 0.0519396 0.9294149 -0.3653633 0.05194699 0.9294153 -0.365361 0.0544067 0.9734218 -0.2224637 0.05439907 0.9734222 -0.2224635 0.05564105 0.9956463 -0.07478296 0.05564153 0.9956469 -0.07477521 0.008319377 0.1488071 0.9888314 0.01645374 0.2943013 0.9555711 0.01645058 0.2942944 0.9555733 0.02421534 0.4332025 0.9009713 0.02420657 0.4332085 0.9009687 0.0314275 0.5624379 0.8262422 0.03143203 0.5624508 0.8262332 0.03795123 0.6791087 0.7330561 0.03795558 0.6790927 0.7330706 0.04363089 0.7806304 0.6234682 0.04364198 0.7806138 0.6234882 0.04833966 0.8646444 0.5000535 0.04832184 0.8646758 0.5000008 0.05194026 0.9294269 0.3653328 0.05194646 0.9294062 0.3653846 0.05440628 0.9734151 0.222493 0.05439949 0.9734281 0.2224375 0.05564111 0.9956457 0.07479321 0.05564159 0.995649 0.07474744 0.008315563 0.1488185 0.9888297 -1.62996e-7 0 1 -0.008317232 -0.1488104 0.9888308 -0.008314251 -0.1488144 0.9888303 -0.01644182 -0.2942964 0.9555729 -0.01644623 -0.2942858 0.955576 -0.02421092 -0.4332307 0.9009578 -0.02420914 -0.4331969 0.9009742 -0.03143143 -0.562439 0.8262411 -0.03141874 -0.5624368 0.8262431 -0.03793764 -0.6791356 0.7330318 -0.03794157 -0.6791089 0.7330564 -0.04361337 -0.7806363 0.623462 -0.04365211 -0.780585 0.6235236 -0.04835313 -0.8646485 0.500045 -0.04833459 -0.8646761 0.499999 -0.05195349 -0.9294164 0.3653573 -0.05195367 -0.929416 0.3653585 -0.05441302 -0.9734129 0.2225007 -0.05440634 -0.9734217 0.2224638 -0.0556488 -0.9956511 0.07471424 -0.05564868 -0.9956466 0.0747748 0.006032764 0.1079488 0.9941382 0.01199454 0.2146371 0.9766203 0.01199579 0.2146341 0.9766209 0.01781815 0.3188058 0.9476526 0.01781874 0.3188047 0.9476529 0.02343153 0.4192289 0.9075781 0.02342844 0.4192318 0.9075769 0.02876746 0.5147679 0.8568468 0.02876889 0.5147396 0.8568638 0.03377097 0.6042392 0.796087 0.03377133 0.6042257 0.7960972 0.03837686 0.6866293 0.7259941 0.03837752 0.6866384 0.7259855 0.0425322 0.7609734 0.6473875 0.04252952 0.7609708 0.6473907 0.04618591 0.8263977 0.5611897 0.04618638 0.8264055 0.5611782 0.04930174 0.8821496 0.4683818 0.04930496 0.8821172 0.4684425 0.0518428 0.9275227 0.370154 0.05183815 0.9275327 0.3701295 0.05376684 0.9620431 0.2675489 0.05376017 0.9620521 0.2675175 0.05505907 0.9852957 0.1617435 0.05506604 0.9852883 0.1617863 0.05571925 0.9969768 0.05415505 0.05571192 0.9969776 0.05414766 0.006032943 0.1079419 0.9941389 -0.006032824 -0.1079473 0.9941384 -0.006032586 -0.1079532 0.9941378 -0.011994 -0.2146327 0.9766212 -0.0119943 -0.2146301 0.9766218 -0.01781618 -0.3188048 0.9476531 -0.01781469 -0.3187994 0.9476548 -0.02342808 -0.4192517 0.9075678 -0.02342933 -0.4192469 0.90757 -0.02876561 -0.5147317 0.8568688 -0.02876633 -0.5147492 0.8568581 -0.03376734 -0.6042318 0.7960928 -0.03376966 -0.6042348 0.7960905 -0.03837388 -0.6866171 0.7260057 -0.03837043 -0.6866485 0.7259764 -0.04252386 -0.7609786 0.647382 -0.04252648 -0.7609729 0.6473883 -0.04618221 -0.8263909 0.5612001 -0.04618579 -0.8263965 0.5611914 -0.04930067 -0.8821324 0.4684144 -0.04929524 -0.882152 0.4683779 -0.05183029 -0.9275175 0.3701688 -0.05182725 -0.9275266 0.3701466 -0.05375665 -0.9620554 0.2675062 -0.05376344 -0.9620467 0.2675365 -0.05506259 -0.9852929 0.1617594 -0.05506402 -0.9852852 0.1618064 -0.05571758 -0.9969792 0.05411154 -0.05571562 -0.9969785 0.05412709 -0.006032168 -0.1079466 -0.9941384 -0.01199352 -0.21463 -0.9766219 -0.01199465 -0.2146337 -0.976621 -0.01781606 -0.3188035 -0.9476534 -0.01781475 -0.3187998 -0.9476547 -0.02342754 -0.419239 -0.9075736 -0.0234301 -0.4192622 -0.9075628 -0.02876538 -0.5147303 -0.8568695 -0.02876639 -0.5147492 -0.8568581 -0.03376698 -0.6042317 -0.796093 -0.03376972 -0.6042352 -0.7960901 -0.03837472 -0.6866343 -0.7259896 -0.03836911 -0.6866279 -0.7259959 -0.04252356 -0.7609723 -0.6473894 -0.04252713 -0.7609828 -0.6473768 -0.04618209 -0.8263856 -0.5612078 -0.04618567 -0.8263962 -0.5611916 -0.04930186 -0.8821543 -0.4683731 -0.04929435 -0.8821351 -0.46841 -0.05183088 -0.927529 -0.3701397 -0.05182689 -0.9275197 -0.3701638 -0.05375605 -0.9620445 -0.2675456 -0.05376404 -0.9620573 -0.2674984 -0.05506259 -0.9852929 -0.1617593 -0.05506408 -0.9852851 -0.1618065 -0.05571764 -0.9969789 -0.05411618 -0.05571562 -0.9969785 -0.05412709 -0.006033301 -0.1079531 -0.9941377 -1.60306e-7 0 -1 0.006033062 0.1079453 -0.9941385 0.006032407 0.1079443 -0.9941387 0.01199465 0.2146335 -0.976621 0.01199585 0.2146337 -0.976621 0.01781779 0.3187999 -0.9476546 0.01781892 0.3188113 -0.9476508 0.02343237 0.4192407 -0.9075726 0.0234279 0.419224 -0.9075806 0.02876698 0.5147622 -0.8568503 0.02876943 0.5147487 -0.8568583 0.03377032 0.6042316 -0.7960929 0.03377133 0.6042261 -0.7960969 0.03837728 0.686635 -0.7259887 0.03837704 0.686628 -0.7259954 0.04253268 0.7609841 -0.6473748 0.04252886 0.7609608 -0.6474024 0.04618632 0.8264018 -0.5611836 0.04618573 0.8263958 -0.5611926 0.04930049 0.8821282 -0.4684222 0.04930639 0.8821426 -0.4683948 0.05184286 0.9275238 -0.3701514 0.05183815 0.9275329 -0.3701291 0.0537675 0.962054 -0.2675095 0.05375957 0.9620416 -0.2675556 0.05505865 0.9852885 -0.1617879 0.05506634 0.9852948 -0.1617461 0.05571937 0.9969787 -0.05412179 0.05571186 0.9969766 -0.0541681 0.0557996 0.9984421 0 0.0557996 0.9984421 0 -0.6665482 0.745462 0 -0.666548 0.7454622 0 -0.4341363 0.9008472 0 -0.5322703 0.8465746 0 -0.5322736 0.8465725 0 -0.6236999 0.781664 0 -0.6236963 0.7816668 0 -0.3305135 0.9438013 0 -0.3305146 0.9438009 0 -0.2227972 0.9748649 0 -0.2227988 0.9748645 0 -0.1122279 0.9936825 0 -0.1122283 0.9936825 0 -2.72404e-4 1 0 -2.72404e-4 1 0 0.7454609 0.6665494 0 0.7454609 0.6665494 0 0.3300176 0.9439748 0 0.2222502 0.9749897 0 0.2222509 0.9749895 0 0.1116859 0.9937435 0 0.4336717 0.9010711 0 0.5317898 0.8468765 0 0.5317897 0.8468765 0 0.6232779 0.7820006 0 0.6232796 0.7819992 0 0.7069107 0.7073029 0 0.7069125 0.7073011 0 -0.9439754 0.3300158 0 -0.9749889 0.222254 0 -0.9749873 0.2222609 0 -0.9937433 0.1116885 0 -0.9937425 0.1116957 0 -0.901085 0.4336424 0 -0.8468664 0.5318058 0 -0.7819982 0.6232808 0 -0.7820017 0.6232764 0 -0.7073151 0.7068984 0 0.9984419 -0.05580157 7.35508e-6 0.9984421 -0.05579948 -7.35508e-6 0.9984444 -0.05575704 2.01688e-5 0.9984405 -0.05582755 -1.20363e-5 0.9984419 -0.0558018 -3.67927e-6 0.9984416 -0.05580604 -4.01642e-5 0.9984408 -0.05582159 3.03529e-6 0.9984422 -0.0557968 6.48559e-6 0.9984419 -0.0558021 2.77027e-6 0.9984416 -0.05580848 2.50017e-7 0.9984425 -0.05579054 -9.99831e-6 0.9984415 -0.0558077 -3.03529e-6 0.9984416 -0.05580717 -6.48559e-6 0.998442 -0.0557999 -2.77027e-6 0.9984453 -0.05574071 0 0.998442 -0.05579918 0 0.9984419 -0.05580163 -1.01763e-6 0.9984422 -0.05579596 -1.29136e-6 0.9984418 -0.05580371 -1.83495e-6 0.9984413 -0.05581068 2.69624e-6 0.9984418 -0.05580425 -1.1669e-5 0.9984448 -0.05574977 8.82636e-5 0.9984412 -0.05581533 -5.11734e-5 0.9984427 -0.05578786 3.71857e-5 0.9984424 -0.05579322 1.31318e-6 0.9984424 -0.05579316 -1.31318e-6 0.9984428 -0.05578523 -3.71857e-5 0.9984414 -0.05581182 5.11734e-5 0.9984444 -0.05575639 -8.82637e-5 0.9984416 -0.05580645 1.1669e-5 0.9984421 -0.05579864 3.93083e-7 0.9984421 -0.05579847 -1.6518e-7 0.9984405 -0.055826 1.20363e-5 0.9984444 -0.05575698 -2.01687e-5 0.9984422 -0.05579751 -2.60337e-6 0.9984375 -0.05587995 2.1898e-4 0.9984435 -0.05577248 -5.65628e-5 0.9984413 -0.05581194 1.37684e-5 0.9984421 -0.0557993 2.38643e-5 0.9984418 -0.05580306 4.01139e-7 0.9984419 -0.05580031 5.10474e-6 0.9984422 -0.05579596 -6.76128e-6 0.9984421 -0.05579888 -1.70062e-6 0.9984418 -0.05580347 2.1377e-5 0.9984421 -0.05579918 -1.79547e-6 0.9984421 -0.05579727 -6.20628e-6 0.998442 -0.05579996 2.91635e-6 0.9984422 -0.0557965 -8.68761e-6 0.9984419 -0.05580252 1.05045e-5 0.9984423 -0.05579423 -1.15734e-5 0.9984416 -0.05580675 5.16968e-6 0.9984421 -0.05579924 3.64427e-6 0.9984434 -0.05577558 -4.27148e-5 0.9984414 -0.05581092 2.07314e-5 0.9984417 -0.0558049 7.69239e-6 0.9984425 -0.05578964 -1.17046e-5 0.9984416 -0.05580627 1.31287e-6 0.9984426 -0.05578935 -6.69573e-6 0.9984413 -0.0558111 7.94876e-6 0.9984427 -0.05578738 -2.28439e-6 0.9984391 -0.05585241 3.55192e-5 0.9984611 -0.05545592 -1.12458e-4 0.9984438 -0.05576711 -2.753e-4 0.998442 -0.05580103 1.61847e-5 0.9984425 -0.05579191 -1.98367e-5 0.9984307 -0.05600136 3.10863e-4 0.9984418 -0.05580431 2.22198e-5 0.9984418 -0.05580228 -1.0817e-5 0.9984413 -0.05581355 6.85638e-5 0.9984435 -0.05577415 -1.46729e-5 0.9984421 -0.05579847 0 0.998439 -0.05585318 -1.92592e-5 0.9984446 -0.05575257 1.71091e-5 0.9984403 -0.05583095 -1.57403e-5 0.9984441 -0.05576115 1.81383e-5 0.9984407 -0.05582326 -4.40019e-6 0.998442 -0.05579924 -3.92443e-7 0.9984421 -0.05579853 -3.62374e-7 0.9984421 -0.05579847 1.6518e-7 0.9984421 -0.05579847 3.68683e-5 0.9984421 -0.05579817 -1.06838e-5 0.9984415 -0.05580967 -8.43111e-7 0.9984412 -0.05581402 1.27595e-5 0.9984419 -0.05580306 1.45694e-6 0.9984429 -0.05578464 -3.47923e-6 0.9984412 -0.05581557 1.50766e-5 0.9984434 -0.05577582 -1.83924e-5 0.9984418 -0.05580371 4.16083e-7 0.9984422 -0.05579704 2.71914e-6 0.9984346 -0.05593323 -5.77181e-6 0.9984459 -0.05572992 -2.30978e-5 0.9984405 -0.05582755 8.46473e-6 0.9984421 -0.05579715 3.48261e-6 0.9984426 -0.05579048 8.11925e-7 0.9984413 -0.05581325 2.37552e-6 0.9984362 -0.05590385 9.48178e-6 0.9984439 -0.05576509 2.55023e-6 0.9984424 -0.05579298 2.77456e-6 0.9984409 -0.05581963 -5.65243e-6 0.9984425 -0.05579113 1.77824e-6 0.9984425 -0.05579155 4.92751e-6 0.9984415 -0.05580973 -2.27946e-6 0.9984421 -0.055799 0 0.9984416 -0.05580818 2.27946e-6 0.9984422 -0.05579704 -4.9275e-6 0.9984423 -0.05579423 -1.77824e-6 0.9984415 -0.05581057 5.65243e-6 0.9984422 -0.0557962 -2.77456e-6 0.9984447 -0.05575245 9.85478e-7 0.9984418 -0.05580449 -3.09341e-6 0.9984415 -0.05580961 -2.16731e-6 0.9984416 -0.05580741 -6.79295e-6 0.9984419 -0.05580079 8.27285e-7 0.9984362 -0.05590397 -9.48179e-6 0.9984413 -0.05581325 -2.37552e-6 0.9984428 -0.05578631 -8.11926e-7 0.9984419 -0.05580127 -3.48261e-6 0.9984409 -0.05582088 -8.4647e-6 0.998445 -0.0557475 2.30978e-5 0.9984442 -0.05576056 5.77201e-6 0.9984417 -0.05580538 -2.71914e-6 0.9984416 -0.05580562 -4.16084e-7 0.9984434 -0.05577576 1.83924e-5 0.9984411 -0.05581647 -1.50766e-5 0.9984429 -0.05578339 3.47923e-6 0.998442 -0.05580043 -1.45694e-6 0.9984409 -0.05581843 -1.27596e-5 0.9984418 -0.05580389 8.43107e-7 0.9984417 -0.05580455 1.06838e-5 0.9984484 -0.05568706 -3.68681e-5 0.9984424 -0.05579316 -8.27284e-7 0.9984415 -0.05581021 6.79294e-6 0.9984418 -0.05580508 2.16731e-6 0.9984417 -0.05580449 3.09341e-6 0.9984447 -0.05575239 -9.85477e-7 0.9984421 -0.05579698 6.76128e-6 0.9984421 -0.05579918 -5.10474e-6 0.9984418 -0.05580306 -4.01139e-7 0.9984421 -0.0557993 -2.38643e-5 0.9984413 -0.05581194 -1.37684e-5 0.9984435 -0.05577254 5.65629e-5 0.9984375 -0.05588001 -2.1898e-4 0.9984421 -0.05579924 3.92443e-7 0.9984408 -0.05582326 4.4002e-6 0.9984441 -0.05576097 -1.81382e-5 0.9984402 -0.05583119 1.57403e-5 0.9984443 -0.05575895 -1.71091e-5 0.9984395 -0.0558443 1.92593e-5 0.9984421 -0.05579835 0 0.9984418 -0.05580508 1.46728e-5 0.9984421 -0.0557999 -5.10413e-6 0.9984416 -0.05580729 4.00577e-5 0.9984419 -0.0558018 3.67927e-6 0.9984424 -0.05579376 9.99829e-6 0.9984455 -0.05573666 -5.78941e-6 0.9984426 -0.05578994 2.28054e-6 0.9984385 -0.0558626 -7.17948e-6 0.9984419 -0.05580139 2.2228e-6 0.998441 -0.05581837 3.01745e-6 0.9984452 -0.05574452 0 0.9984424 -0.05579352 2.71025e-6 0.9984424 -0.05579441 0 0.9984419 -0.05580246 0 0.9984425 -0.05578982 1.01909e-6 0.9984477 -0.05569857 -1.81701e-5 0.9984377 -0.05587619 7.17947e-6 0.9984416 -0.05580711 -2.83056e-6 0.9984416 -0.05580562 -1.44536e-6 0.998442 -0.05580073 0 0.9984431 -0.05577909 -5.90397e-6 0.9984416 -0.05580842 -2.50017e-7 0.9008508 0.4341288 0 0.8465782 0.5322643 0 0.7816699 0.6236925 0 0.7816698 0.6236925 0 0.9008537 0.4341229 0 0.943789 0.3305487 0 0.9437867 0.3305552 0 0.9748699 0.2227756 0 0.9748698 0.2227756 0 0.9936831 0.1122234 0 0.9936822 0.1122306 0 1 2.76842e-4 0 -0.7454612 -0.666549 0 -0.7454611 -0.6665492 0 -0.998442 0.0557993 -9.35754e-7 -0.9984424 0.05579364 -1.61097e-6 -0.9984416 0.05580705 1.72218e-6 -0.9984421 0.05579793 4.47044e-7 -0.9984426 0.05579 -5.16387e-7 -0.9984415 0.05580937 -1.90972e-6 -0.9984418 0.05580478 -1.80556e-6 -0.9984423 0.05579578 9.92764e-7 -0.9984427 0.05578786 2.78486e-6 -0.9984413 0.05581372 -9.34021e-6 -0.9984422 0.0557962 2.07858e-5 -0.9984417 0.05580544 -6.35553e-5 -0.9984408 0.05582159 1.76581e-7 -0.9984425 0.05578923 1.29063e-6 -0.9984427 0.05578643 1.9248e-6 -0.9984411 0.05581682 -1.41899e-6 -0.9984431 0.05578082 4.45814e-6 -0.998441 0.05581784 -4.61302e-6 -0.9984444 0.05575746 7.69008e-6 -0.9984422 0.0557971 0 -0.9984438 0.05576872 -7.69008e-6 -0.998441 0.05581784 4.61302e-6 -0.9984433 0.05577737 -4.45814e-6 -0.9984411 0.05581682 1.41899e-6 -0.9984426 0.05579048 -1.9248e-6 -0.9984426 0.05578923 -1.29063e-6 -0.9984415 0.05580967 -1.76581e-7 -0.9984498 0.05566102 -1.12548e-6 -0.9984422 0.05579793 9.79579e-7 -0.998442 0.05579996 -1.15524e-6 -0.9984412 0.0558148 4.05559e-6 -0.9984433 0.05577766 -9.41922e-7 -0.998444 0.05576324 -8.89212e-7 -0.9984378 0.05587393 1.62831e-6 -0.9984421 0.05579948 0 -0.9984424 0.05579298 1.02972e-5 -0.9984416 0.05580776 -1.24439e-5 -0.9984424 0.05579316 8.29911e-6 -0.9984419 0.05580174 -7.12773e-6 -0.9984421 0.055799 4.93554e-6 -0.9984421 0.05579918 -1.74037e-6 -0.9984421 0.05579888 7.08561e-6 -0.998442 0.05579978 -5.35695e-6 -0.9984421 0.05579948 -7.48702e-7 -0.998442 0.05580079 -9.01878e-6 -0.9984422 0.05579656 1.50073e-5 -0.998442 0.05580061 -7.69358e-6 -0.9984421 0.05579936 5.02564e-6 -0.9984419 0.05580115 -1.19559e-5 -0.9984422 0.05579632 2.08042e-5 -0.9984421 0.05579882 1.15001e-6 -0.9984419 0.05580282 -2.79748e-5 -0.9984427 0.05578738 6.72608e-5 -0.9984411 0.05581641 -6.70009e-5 -0.9984381 0.05587083 6.35544e-5 -0.9984422 0.05579626 -2.07858e-5 -0.9984415 0.05581027 9.34026e-6 -0.9984426 0.05578905 -2.78485e-6 -0.9984423 0.05579584 -9.92765e-7 -0.9984417 0.05580478 1.80556e-6 -0.9984415 0.05580937 1.90972e-6 -0.9984426 0.05579 5.16387e-7 -0.9984421 0.05579793 -4.47043e-7 -0.9984416 0.05580711 -1.72218e-6 -0.9984424 0.05579364 1.61097e-6 -0.9984421 0.0557993 9.35754e-7 -0.9984468 0.05571424 1.12548e-6 -0.9984393 0.05584919 -1.62831e-6 -0.9984446 0.05575519 8.89213e-7 -0.9984422 0.05579662 9.41921e-7 -0.9984418 0.05580401 -4.05559e-6 -0.9984421 0.05579835 1.15524e-6 -0.9984422 0.0557968 -9.79579e-7 -0.9984411 0.05581653 6.7001e-5 -0.9984427 0.05578738 -6.72609e-5 -0.9984418 0.05580288 2.79748e-5 -0.9984421 0.05579882 -1.15001e-6 -0.9984422 0.05579632 -2.08042e-5 -0.9984419 0.05580115 1.19559e-5 -0.998442 0.05579936 -5.02564e-6 -0.998442 0.05580061 7.69358e-6 -0.9984422 0.05579656 -1.50073e-5 -0.9984419 0.05580061 9.01878e-6 -0.998442 0.05579954 7.487e-7 -0.9984421 0.05579996 5.35696e-6 -0.9984422 0.05579739 -7.08561e-6 -0.998442 0.05580061 1.74037e-6 -0.9984421 0.05579823 -4.93554e-6 -0.9984418 0.05580252 7.12774e-6 -0.9984424 0.05579477 -8.29909e-6 -0.9984417 0.05580472 1.2444e-5 -0.9984423 0.05579584 -1.02972e-5 -1 -2.76833e-4 0 -1 -2.69548e-4 0 -0.9936818 -0.1122339 0 -0.9936827 -0.1122267 0 -0.9748727 -0.2227629 0 -0.9748696 -0.2227767 0 -0.9437857 -0.330558 0 -0.9437834 -0.3305644 0 -0.9008537 -0.4341229 0 -0.9008508 -0.4341288 0 -0.846575 -0.5322695 0 -0.8465782 -0.5322643 0 -0.7816757 -0.6236853 0 -0.7816722 -0.6236897 0 0.7073079 -0.7069057 0 0.7073115 -0.706902 0 0.7819976 -0.6232816 0 0.7819905 -0.6232905 0 0.8468706 -0.531799 0 0.9010801 -0.4336528 0 0.901083 -0.4336469 0 0.9439731 -0.3300223 0 0.9439754 -0.3300158 0 0.9749902 -0.2222482 0 0.9749917 -0.2222413 0 0.9937426 -0.1116949 0 0.9937418 -0.1117022 0 0.05579835 0.9984421 0 0.05579835 0.9984421 0 0.03945779 0.7060053 0.7071066 0.03945755 0.7060053 0.7071065 0.04160863 0.7444905 0.6663354 0.04160225 0.7444621 0.6663673 0.04550457 0.8142874 0.5786755 0.04550725 0.8143007 0.5786567 0.04883623 0.8738635 0.4837124 0.04883629 0.8738632 0.4837129 0.05155062 0.922433 0.3827011 0.05155062 0.9224333 0.3827001 0.05361759 0.9594198 0.2768372 0.05362081 0.9594263 0.2768144 0.05501335 0.9843419 0.1674655 0.05500686 0.9843336 0.167516 0.05570739 0.9968687 0.05612045 0.05571043 0.9968702 0.05609047 0.03945779 0.7060053 -0.7071066 0.03945767 0.7060053 -0.7071065 0.05571037 0.9968685 -0.05612039 0.05570745 0.9968705 -0.05609059 0.05500727 0.9843422 -0.1674658 0.05501282 0.9843334 -0.1675157 0.05362039 0.9594197 -0.2768372 0.05361795 0.9594262 -0.2768151 0.05155056 0.9224337 -0.3826994 0.05155074 0.9224326 -0.3827018 0.04883623 0.8738629 -0.4837135 0.04883623 0.873865 -0.4837098 0.04550665 0.8142867 -0.5786766 0.04550492 0.8143016 -0.5786556 0.04160374 0.7444909 -0.6663351 0.04160702 0.7444611 -0.6663681 0.05580121 0.9984419 0 0.05580115 0.998442 0 0.03945517 0.7060046 -0.7071074 0.03945761 0.706005 -0.7071068 0.05571353 0.9968717 -0.05606341 0.05571055 0.9968729 -0.05604439 0.05500978 0.9843344 -0.1675105 0.05500978 0.9843334 -0.1675166 0.05361783 0.9594262 -0.2768151 0.05361777 0.9594264 -0.2768148 0.05155074 0.9224355 -0.382695 0.0515505 0.9224339 -0.3826989 0.04883593 0.8738621 -0.483715 0.04883813 0.8738516 -0.4837338 0.04550921 0.8142892 -0.5786728 0.04550945 0.8142893 -0.5786727 0.04160767 0.7444753 -0.6663523 0.04160749 0.7444754 -0.6663523 0.03945517 0.7060046 0.7071074 0.03945744 0.706005 0.7071068 0.04160767 0.7444761 0.6663514 0.04160755 0.7444751 0.6663526 0.04550945 0.8142892 0.5786728 0.04550933 0.8142893 0.5786727 0.04883885 0.8738636 0.4837121 0.04883533 0.8738493 0.4837381 0.05155044 0.9224336 0.3826993 0.05155056 0.9224357 0.3826945 0.05361783 0.9594262 0.2768151 0.05361789 0.9594264 0.2768144 0.05500972 0.9843336 0.1675153 0.05500984 0.9843342 0.1675118 0.05571043 0.9968712 0.05607372 0.05571347 0.9968733 0.0560339 -0.9984421 0.05579906 -1.33073e-5 -0.9984407 0.05582314 3.04622e-5 -0.998443 0.05578339 -2.08744e-5 -0.9984417 0.05580538 6.97776e-6 -0.998442 0.05580073 0 -0.9984419 0.05580025 3.72364e-5 -0.9984407 0.05582273 -9.40418e-6 -0.9984427 0.05578768 5.77636e-7 -0.9984418 0.05580377 2.93473e-6 -0.9984419 0.05580073 0 -0.9984421 0.05579787 -7.17903e-6 -0.9984423 0.05579501 0 -0.9984421 0.05579847 -3.25291e-5 -0.9984427 0.05578756 -3.54724e-5 -0.9984421 0.05579727 6.03121e-7 -0.9984418 0.05580383 1.03761e-6 -0.9984419 0.05580013 1.20715e-6 -0.9984425 0.05579245 -2.49325e-7 -0.9984413 0.05581206 2.54792e-6 -0.9984375 0.05587977 -7.06955e-7 -0.998439 0.05585283 -4.7898e-5 -0.9984425 0.05579149 1.90145e-5 -0.9984424 0.05579292 -7.67329e-6 -0.99844 0.05583441 6.7857e-5 -0.9984422 0.0557959 0 -0.9984421 0.05579817 0 -0.9984413 0.05581206 -4.8271e-6 -0.9984416 0.05580842 -2.29848e-6 -0.9984421 0.05579799 1.19507e-6 -0.9984419 0.0558024 -3.02995e-5 -0.9984421 0.05579876 1.11183e-5 -0.998442 0.05579954 1.40463e-5 -0.998442 0.05580049 -3.96039e-5 -0.9984412 0.05581492 -1.42687e-6 -0.9984426 0.05578976 2.3015e-6 -0.9984428 0.05578649 6.77408e-6 -0.9984418 0.05580341 -5.92259e-6 -0.9984421 0.05579853 6.39275e-7 -0.9984421 0.05579906 -1.33358e-6 -0.998442 0.05580073 -3.14836e-6 -0.9984426 0.05578941 -2.08668e-6 -0.998442 0.05580073 3.96041e-5 -0.998442 0.0557996 -1.40463e-5 -0.9984421 0.05579876 -1.11183e-5 -0.998442 0.05579966 -1.43968e-7 -0.9984419 0.05580222 0 -0.9984385 0.0558626 -2.25403e-5 -0.9984441 0.05576133 5.06553e-6 -0.9984398 0.05583953 -7.17082e-6 -0.9984439 0.05576723 6.68283e-6 -0.9984407 0.05582267 -1.59316e-5 -0.9984415 0.05580765 -4.82185e-6 -0.9984421 0.05579799 0 -0.998442 0.05580043 1.54427e-4 -0.9984423 0.05579578 -7.31096e-5 -0.9984421 0.05579829 -1.45646e-5 -0.9984421 0.05579942 -7.22617e-6 -0.9984419 0.05580121 2.40514e-5 -0.9984421 0.05579763 1.08053e-5 -0.9984421 0.05579739 1.85782e-6 -0.9984427 0.05578804 -1.44012e-5 -0.9984416 0.0558086 1.33175e-5 -0.998443 0.0557816 -1.5182e-5 -0.9984417 0.05580651 3.02628e-6 -0.9984423 0.05579483 1.47626e-6 -0.9984408 0.05582249 7.74339e-6 -0.9984433 0.05577784 -4.16334e-6 -0.9984421 0.05579853 3.56787e-6 -0.9984414 0.05581039 -2.29041e-6 -0.9984377 0.05587708 -1.54034e-6 -0.9984429 0.055785 6.50636e-6 -0.9984416 0.05580735 -1.03761e-6 -0.9984421 0.05579841 -1.2104e-6 -0.9984421 0.05579835 1.45646e-5 -0.9984422 0.05579584 7.31097e-5 -0.9984419 0.05580061 -1.54427e-4 -0.9984419 0.05580198 -8.5345e-7 -0.9984416 0.0558058 -2.1222e-6 -0.9984427 0.05578929 2.95796e-6 -0.9984418 0.05580323 -6.33691e-7 -0.9984423 0.05579483 2.73613e-6 -0.9984421 0.05579847 -2.59648e-6 -0.9984422 0.05579584 4.11359e-6 -0.9984421 0.05579799 -3.04438e-6 -0.998442 0.05579948 1.35096e-4 -0.998442 0.05579966 -3.21807e-5 -0.9984418 0.05580371 7.40511e-6 -0.9984419 0.0558018 -3.5675e-6 -0.9984413 0.05581331 3.94718e-5 -0.998442 0.05579936 -7.80055e-6 -0.998442 0.05579996 2.82141e-6 -0.9984421 0.055799 1.30763e-5 -0.9984421 0.05579763 -2.0167e-5 -0.9984422 0.05579656 4.64111e-6 -0.998442 0.05580091 -5.81558e-6 -0.9984416 0.05580645 3.1177e-5 -0.9984419 0.05580097 7.65252e-6 -0.998442 0.05579984 5.21976e-6 -0.9984421 0.05579829 -7.12925e-7 -0.9984421 0.055799 -7.70684e-6 -0.9984418 0.05580383 1.3767e-5 -0.9984424 0.055794 -9.42148e-6 -0.9984423 0.05579549 -4.61712e-6 -0.9984415 0.05580949 4.90052e-6 -0.9984422 0.0557965 0 -0.9984425 0.05579227 0 -0.9984421 0.05579936 -3.43212e-6 -0.9984418 0.05580371 -5.61589e-6 -0.9984422 0.05579489 1.64888e-6 -0.9984419 0.05580061 0 -0.9984421 0.05579763 2.2307e-6 -0.9984419 0.05580037 -8.62141e-6 -0.9984422 0.05579757 1.43937e-5 -0.9984424 0.05579411 -4.27292e-5 -0.998442 0.05580085 -5.8796e-6 -0.9984419 0.0558018 1.23308e-5 -0.9984425 0.0557906 -2.21389e-5 -0.9984424 0.05579477 -2.83258e-6 -0.998443 0.05578267 -1.45644e-5 -0.9984274 0.05606049 4.47943e-4 -0.9984422 0.05579721 -1.05981e-5 -0.9984414 0.05580961 2.37122e-5 -0.9984437 0.0557686 -2.80059e-5 -0.9984415 0.05580884 -8.3485e-6 -0.9984428 0.05578571 -5.13906e-6 -0.9984411 0.055817 1.78007e-5 -0.9984419 0.05580133 9.62676e-6 -0.9984422 0.05579608 -1.25449e-5 -0.9984441 0.05576133 -4.35109e-5 -0.9984411 0.05581516 4.64253e-5 -0.9984419 0.05580145 -4.87812e-6 -0.9984419 0.05580109 -3.10324e-5 -0.998442 0.05579948 4.64245e-6 -0.9984422 0.05579733 -1.18775e-6 -0.9984422 0.05579632 4.2729e-5 -0.9984416 0.05580574 -2.76112e-5 -0.9984425 0.0557897 1.97435e-5 -0.9984419 0.05580204 -6.43552e-6 -0.998442 0.05579966 -3.93124e-7 -0.9984418 0.05580341 -9.90865e-6 -0.9984429 0.05578446 6.29923e-5 -0.9984427 0.05578893 1.09995e-4 -0.9984545 0.05557662 1.74136e-4 -0.9984414 0.05581021 -1.63588e-5 -0.998441 0.05581879 -2.16261e-7 -0.9984424 0.05579167 1.65976e-7 -0.9984423 0.05579525 6.6915e-6 -0.9984413 0.05581223 -1.9285e-5 -0.9984422 0.05579715 5.57097e-6 -0.9984419 0.05580037 5.08431e-6 -0.9984425 0.05578953 -6.67857e-6 -0.998442 0.0557996 4.21168e-6 -0.9984427 0.05578833 -6.979e-6 -0.9984405 0.05582708 -3.87639e-5 -0.9984429 0.05578309 1.66249e-5 -0.9984414 0.05581015 -1.40269e-5 -0.9984421 0.05579775 5.97055e-6 -0.9984422 0.0557968 9.74693e-6 -0.998442 0.0557996 1.62367e-5 -0.9984422 0.05579543 4.45813e-6 -0.9984422 0.05579704 -1.55416e-5 -0.9984422 0.05579525 -5.24163e-6 -0.9984419 0.05580109 6.93644e-6 -0.9984421 0.05579894 2.1936e-6 -0.9984422 0.0557959 -1.62366e-5 -0.9984419 0.05580312 4.31545e-5 -0.9984421 0.0557999 1.0006e-5 -0.9984427 0.05578893 -1.57055e-4 -0.9984417 0.05580562 5.17905e-5 -0.9984418 0.05580252 5.66153e-5 -0.9984424 0.0557937 -5.40536e-5 -0.9984418 0.05580461 2.22345e-5 -0.9984421 0.05579954 1.63264e-6 -0.9984421 0.05580008 -1.00132e-5 -0.998442 0.0557993 0 -0.9984421 0.05579894 2.13308e-5 -0.998442 0.05579948 -5.15868e-6 -0.9984419 0.05580073 3.14835e-6 -0.998442 0.05579912 1.33358e-6 -0.9984422 0.05579638 -6.39276e-7 -0.9984417 0.0558055 5.92259e-6 -0.998443 0.05578064 -6.77408e-6 -0.9984422 0.0557971 -2.3015e-6 -0.9984412 0.05581408 1.42687e-6 -0.998442 0.05580079 8.63938e-6 -0.9984429 0.05578339 7.01459e-5 -0.9984415 0.05580973 -4.94573e-5 -0.9984418 0.05580455 -1.24068e-5 -0.9984421 0.0557987 3.98212e-5 -0.9984421 0.05579864 -3.98212e-5 -0.9984418 0.0558052 -8.4699e-6 -0.9984422 0.05579608 9.18125e-6 -0.9984424 0.05579328 3.59507e-5 -0.998442 0.05579912 -4.62485e-5 -0.9984421 0.05579924 3.22981e-5 -0.9984421 0.05580002 5.09422e-6 -0.9984443 0.05576032 2.24646e-7 -0.9984416 0.0558055 1.08127e-6 -0.9984427 0.05578714 -6.68007e-7 -0.9984428 0.05578464 1.84853e-6 -0.9984385 0.05586266 -5.24783e-6 -0.9984417 0.05580538 -1.59272e-6 -0.9984421 0.05579978 -1.03787e-6 -0.9984426 0.05578994 2.13677e-6 -0.9984416 0.05580741 2.94887e-6 -0.9984421 0.05579864 1.30169e-6 -0.9984421 0.05579972 8.56426e-7 -0.9984445 0.05575543 -9.69353e-6 -0.9984407 0.05582273 0 -0.9984419 0.05580168 5.26804e-6 -0.9984423 0.05579525 -1.66643e-6 -0.9984418 0.05580377 -9.18051e-6 -0.9984421 0.05579978 1.48641e-5 -0.9984422 0.05579626 3.92301e-7 -0.9984415 0.05580949 -3.35204e-5 -0.9984415 0.05580919 -1.56132e-5 -0.9984425 0.05579113 3.11177e-5 -0.9984424 0.05579245 -2.25871e-6 -0.9984419 0.05580145 -4.31544e-5 -0.9984422 0.05579644 -4.65522e-6 -0.9984422 0.05579751 -1.19561e-5 -0.9984421 0.05579841 -2.24623e-6 -0.9984421 0.05579739 5.24163e-6 -0.9984421 0.05579704 1.55416e-5 -0.0553267 -0.9898973 0.1305472 -0.05155634 -0.922437 0.3826907 -0.0515567 -0.9224379 0.3826885 -0.04427218 -0.7921056 0.6087764 -0.04426866 -0.7921364 0.6087366 -0.03396743 -0.6078092 0.7933564 -0.03396958 -0.6077762 0.7933816 -0.02135467 -0.3820747 0.9238847 -0.02135235 -0.3821165 0.9238675 -0.007282137 -0.13032 0.9914453 -0.007282197 -0.1303204 0.9914453 -0.05531537 -0.9899122 0.1304379 -0.05531442 -0.9898979 -0.1305475 -0.05532759 -0.9899116 -0.1304379 -0.05155634 -0.922437 -0.3826906 -0.0515567 -0.9224379 -0.3826885 -0.04427391 -0.7921362 -0.6087366 -0.04426699 -0.7921068 -0.6087752 -0.03396564 -0.6077776 -0.7933807 -0.0339713 -0.6078071 -0.7933577 -0.02135705 -0.3821171 -0.9238671 -0.02135002 -0.3820742 -0.9238851 -0.007282137 -0.1303197 -0.9914454 -0.007282137 -0.1303192 -0.9914454 0.05531483 0.9898981 -0.1305452 0.05154407 0.9224197 -0.3827341 0.0515505 0.9224342 -0.3826981 0.04426878 0.7921388 -0.6087335 0.04427516 0.7921631 -0.6087014 0.03397268 0.6078337 -0.7933374 0.03396219 0.6077799 -0.793379 0.02134895 0.3820551 -0.9238929 0.02135235 0.3820754 -0.9238845 0.007283687 0.1303336 -0.9914435 0.007282435 0.130326 -0.9914445 0.05532091 0.9899045 -0.130495 0.05532062 0.9898976 0.1305463 0.05531513 0.9899046 0.1304957 0.05154526 0.9224391 0.3826867 0.05154931 0.9224147 0.3827453 0.04427039 0.7921667 0.6086971 0.04427367 0.7921362 0.6087365 0.03396964 0.6077782 0.79338 0.0339654 0.6078364 0.7933356 0.02134996 0.3820739 0.9238852 0.02135127 0.3820561 0.9238925 0.00728327 0.1303267 0.9914444 0.007282972 0.1303341 0.9914434 -0.05532085 -0.9899051 0.1304897 -0.05155056 -0.9224383 0.3826882 -0.05155026 -0.9224372 0.3826909 -0.04426854 -0.7921371 0.6087357 -0.04427194 -0.7921072 0.6087744 -0.03396964 -0.6077792 0.7933792 -0.03396719 -0.6078045 0.79336 -0.02135229 -0.3820753 0.9238846 -0.02135121 -0.3820965 0.9238759 -0.007282495 -0.1303277 0.9914442 -0.007282614 -0.1303278 0.9914443 -0.05532115 -0.989905 0.1304904 -0.05532103 -0.9899048 -0.1304915 -0.05532091 -0.9899051 -0.1304899 -0.05155044 -0.9224375 -0.38269 -0.05155044 -0.9224389 -0.3826866 -0.04426681 -0.7921073 -0.6087746 -0.04427367 -0.7921362 -0.6087365 -0.03397107 -0.6078048 -0.7933596 -0.03396588 -0.6077799 -0.793379 -0.02135342 -0.3820959 -0.9238759 -0.02135014 -0.3820768 -0.923884 -0.007282495 -0.1303268 -0.9914444 -0.007282495 -0.1303271 -0.9914444 0.05532062 0.9898979 -0.1305445 0.0515505 0.9224374 -0.3826901 0.05155086 0.9224382 -0.3826887 0.04426711 0.7921048 -0.6087779 0.04426705 0.7921063 -0.6087759 0.03396725 0.6078039 -0.7933604 0.03397327 0.6078407 -0.7933319 0.02135598 0.3820945 -0.9238765 0.02135574 0.3820952 -0.9238762 0.007284104 0.1303268 -0.9914444 0.00728178 0.130312 -0.9914464 0.05532729 0.9899047 -0.1304902 0.05532687 0.9898968 0.1305505 0.05532103 0.9899058 0.1304842 0.05155062 0.9224371 0.3826908 0.05155074 0.9224386 0.3826877 0.04426705 0.7921063 0.608776 0.04426705 0.792105 0.6087777 0.04426705 0.792105 0.6087775 0.04426705 0.7921063 0.6087759 0.03396916 0.6078373 0.7933348 0.0339713 0.6078058 0.7933589 0.02135598 0.382095 0.9238763 0.02135574 0.3820952 0.9238762 0.007283389 0.1303125 0.9914462 0.007282614 0.1303278 0.9914443 -0.007282257 -0.1303178 -0.9914456 -0.02135002 -0.3820779 -0.9238836 -0.02135378 -0.3820981 -0.9238752 -0.03396749 -0.607806 -0.7933589 -0.03396719 -0.6078059 -0.7933589 -0.04426723 -0.7921088 -0.6087727 -0.04427343 -0.7921354 -0.6087375 -0.05155575 -0.922437 -0.3826906 -0.05154997 -0.9224176 -0.3827381 -0.05532115 -0.989905 -0.1304903 -0.05532109 -0.9899047 -0.1304924 -0.00728321 -0.1303253 -0.9914445 0.007282972 0.1303182 -0.9914455 0.007284045 0.1303253 -0.9914446 0.02135592 0.3820973 -0.9238754 0.02134901 0.3820573 -0.923892 0.03396362 0.6078051 -0.7933597 0.03396922 0.6078324 -0.7933385 0.04426717 0.792109 -0.6087725 0.04427379 0.7921354 -0.6087376 0.05155718 0.9224577 -0.3826404 0.05154412 0.9224175 -0.3827393 0.05531466 0.9898977 -0.1305485 0.05532753 0.9899122 -0.130434 0.007283687 0.1303163 0.9914458 0.02135401 0.3820567 0.9238923 0.02135145 0.3820978 0.9238752 0.03396493 0.607832 0.7933391 0.03396725 0.6078043 0.7933601 0.04426878 0.7921356 0.6087376 0.04427158 0.7921087 0.6087725 0.05155521 0.9224167 0.3827396 0.05154603 0.9224585 0.3826398 0.05531579 0.9899127 0.130434 0.05532675 0.989897 0.1305487 0.007282674 0.1303238 0.9914448 -0.007282614 -0.1303161 0.9914458 -0.007282674 -0.1303237 0.9914448 -0.02135109 -0.3820979 0.9238752 -0.0213527 -0.3820784 0.9238833 -0.03396719 -0.6078057 0.793359 -0.03396725 -0.6078041 0.7933602 -0.04426896 -0.7921354 0.608738 -0.04427152 -0.7921087 0.6087724 -0.05155497 -0.9224179 0.3827368 -0.05155038 -0.9224365 0.3826924 -0.05532151 -0.9899047 0.1304927 -0.05532085 -0.9899051 0.1304899 -0.007282257 -0.1303161 -0.9914458 -0.02135038 -0.3820779 -0.9238836 -0.02135312 -0.3820981 -0.9238752 -0.03396755 -0.6078047 -0.7933599 -0.03396719 -0.6078045 -0.7933599 -0.04427295 -0.7921354 -0.6087375 -0.05155593 -0.9224366 -0.3826915 -0.0515502 -0.9224175 -0.3827386 -0.05532097 -0.989905 -0.1304903 -0.007283389 -0.1303237 -0.9914448 0.007282614 0.1303165 -0.9914457 0.007283389 0.1303237 -0.9914448 0.02135628 0.3820973 -0.9238754 0.02134919 0.3820573 -0.923892 0.03396332 0.6078042 -0.7933604 0.03396886 0.607832 -0.7933388 0.04427361 0.7921354 -0.6087376 0.05155748 0.9224573 -0.3826414 0.05154383 0.9224172 -0.3827397 0.05532717 0.9899122 -0.130434 0.007283508 0.1303181 0.9914455 0.02135366 0.3820567 0.9238923 0.02135127 0.3820978 0.9238752 0.03396522 0.6078338 0.7933377 0.03396737 0.607806 0.7933588 0.04426884 0.7921352 0.6087383 0.04427188 0.7921077 0.6087738 0.05154639 0.9224585 0.3826398 0.05531543 0.9899128 0.130434 0.05532699 0.9898971 0.1305485 0.007283389 0.1303255 0.9914446 -0.007282972 -0.1303178 0.9914456 -0.007282137 -0.1303253 0.9914445 -0.02135145 -0.3820979 0.9238752 -0.02135252 -0.3820784 0.9238833 -0.03396749 -0.6078079 0.7933573 -0.03396731 -0.6078068 0.7933582 -0.04426866 -0.7921348 0.6087386 -0.04427164 -0.7921078 0.6087738 -0.05155056 -0.9224365 0.3826924 -0.05532121 -0.9899047 0.1304925 -0.05532109 -0.9899051 0.1304897 -0.003649413 -0.06530064 -0.9978591 -0.01088559 -0.1947878 -0.9807851 -0.01088446 -0.1947824 -0.9807862 -0.01793342 -0.320932 -0.9469325 -0.01794046 -0.3209551 -0.9469246 -0.0246849 -0.4416114 -0.8968669 -0.02467846 -0.4415913 -0.8968769 -0.0309993 -0.5546936 -0.831477 -0.03099906 -0.5546928 -0.8314777 -0.03678995 -0.6583188 -0.7518398 -0.03679496 -0.6583316 -0.7518282 -0.04195618 -0.7506747 -0.6593385 -0.04195111 -0.7506626 -0.6593526 -0.04639434 -0.8301675 -0.5555803 -0.04639995 -0.8301793 -0.5555621 -0.05004978 -0.8954789 -0.4422812 -0.05004352 -0.8954687 -0.4423024 -0.05283683 -0.9454516 -0.3214493 -0.05283695 -0.9454516 -0.3214492 -0.05472648 -0.9792634 -0.1950599 -0.05472636 -0.9792629 -0.1950622 -0.05567848 -0.9963029 -0.06542629 -0.05567854 -0.9963029 -0.06542581 -0.003649175 -0.06530076 -0.997859 0.003649175 0.06530076 -0.997859 0.003649353 0.06530064 -0.997859 0.01088589 0.1947872 -0.9807851 0.01088416 0.1947826 -0.980786 0.01793378 0.3209394 -0.9469299 0.01793628 0.3209474 -0.9469273 0.02467858 0.4415913 -0.8968769 0.0246849 0.4416112 -0.896867 0.03100651 0.5547048 -0.8314694 0.03100264 0.5546927 -0.8314776 0.03679496 0.6583318 -0.7518281 0.03679043 0.6583185 -0.7518399 0.04195106 0.7506628 -0.6593524 0.04195088 0.7506628 -0.6593523 0.04639482 0.8301795 -0.5555623 0.04639494 0.8301798 -0.555562 0.05004417 0.8954784 -0.4422828 0.05003827 0.8954685 -0.4423035 0.05283129 0.9454523 -0.3214481 0.05283093 0.9454515 -0.3214504 0.05471998 0.9792584 -0.1950864 0.0547263 0.9792628 -0.1950624 0.05567866 0.9963045 -0.06540149 0.05567282 0.9963032 -0.06542611 0.003649353 0.0652998 0.9978591 0.01088529 0.1947831 0.980786 0.01088482 0.1947884 0.980785 0.0179342 0.3209481 0.946927 0.01793569 0.3209387 0.9469302 0.02467978 0.4416117 0.8968668 0.02468377 0.4415918 0.8968765 0.03100597 0.5546925 0.8314776 0.03100329 0.554705 0.8314694 0.03679442 0.6583178 0.7518404 0.03679108 0.6583324 0.7518277 0.04195111 0.7506635 0.6593517 0.04195094 0.7506626 0.6593526 0.04639464 0.83018 0.5555617 0.04639488 0.8301791 0.555563 0.05004364 0.8954679 0.4423041 0.05003887 0.8954785 0.4422832 0.05283135 0.9454517 0.32145 0.05283093 0.9454522 0.3214483 0.05472028 0.9792633 0.195062 0.05472606 0.9792582 0.1950863 0.05567872 0.9963029 0.06542575 0.0556727 0.9963049 0.06540125 0.003649473 0.06529998 0.9978591 -0.003649473 -0.06529992 0.9978591 -0.003649115 -0.06529986 0.9978591 -0.01088529 -0.1947835 0.9807859 -0.01088446 -0.1947879 0.9807851 -0.01793473 -0.3209553 0.9469245 -0.01793938 -0.3209318 0.9469324 -0.02468377 -0.4415917 0.8968765 -0.0246796 -0.4416118 0.8968667 -0.03099936 -0.5546931 0.8314774 -0.03099894 -0.5546934 0.8314773 -0.03679072 -0.6583316 0.7518284 -0.03679418 -0.6583182 0.7518401 -0.04195541 -0.7506633 0.6593514 -0.04195183 -0.7506749 0.6593386 -0.04639494 -0.8301793 0.5555626 -0.04639935 -0.8301666 0.5555812 -0.05004918 -0.8954676 0.4423042 -0.05004411 -0.8954795 0.4422805 -0.05283683 -0.9454516 0.3214491 -0.05283695 -0.9454516 0.3214492 -0.0547266 -0.9792634 0.1950601 -0.0547263 -0.979263 0.1950618 -0.05567848 -0.9963029 0.06542521 -0.05567848 -0.9963029 0.06542694 0.002434313 0.04355525 0.9990481 0.007284522 0.130319 0.9914454 0.007282555 0.1303215 0.9914451 0.01207673 0.2161024 0.976296 0.01207858 0.2160995 0.9762967 0.01678085 0.3002382 0.9537167 0.01678085 0.3002389 0.9537165 0.02135515 0.3820891 0.9238788 0.02135586 0.3820887 0.9238789 0.02576732 0.4610269 0.8870121 0.02576738 0.4610268 0.887012 0.02998369 0.5364635 0.8433907 0.02998393 0.5364632 0.8433909 0.03397101 0.6078041 0.7933601 0.03396755 0.6078119 0.7933542 0.03769737 0.674543 0.7372725 0.03770077 0.6745349 0.7372798 0.04114359 0.7361326 0.6755857 0.04114741 0.7361242 0.6755946 0.04427689 0.7921075 0.6087737 0.04426372 0.7921329 0.6087415 0.047055 0.8420826 0.5372922 0.04706418 0.8420674 0.5373152 0.04949849 0.8856235 0.4617584 0.04949355 0.8856297 0.4617473 0.0515511 0.9224479 0.382665 0.05156195 0.9224348 0.3826951 0.053227 0.9522249 0.3007239 0.05321609 0.9522343 0.3006958 0.05447578 0.9747744 0.2164424 0.05447572 0.974775 0.2164399 0.05532103 0.9899013 0.1305193 0.05532068 0.9899014 0.1305181 0.05574476 0.9974915 0.04362708 0.05573934 0.9974924 0.04361277 0.002434194 0.04355609 0.9990481 -0.002434551 -0.04355537 0.9990481 -0.002434015 -0.04355525 0.9990481 -0.007283866 -0.1303212 0.9914451 -0.007283985 -0.1303191 0.9914454 -0.01207911 -0.2161023 0.976296 -0.01207798 -0.2161028 0.9762959 -0.01678055 -0.3002339 0.953718 -0.016779 -0.3002387 0.9537166 -0.0213533 -0.3820844 0.9238808 -0.02135282 -0.3820824 0.9238815 -0.02576524 -0.4610334 0.8870088 -0.025765 -0.461034 0.8870084 -0.02998059 -0.5364634 0.843391 -0.0299803 -0.5364633 0.843391 -0.03396838 -0.6078203 0.7933478 -0.03397494 -0.6078042 0.7933599 -0.03770482 -0.6745281 0.7372858 -0.03770095 -0.6745368 0.737278 -0.041143 -0.7361227 0.6755966 -0.04113894 -0.7361332 0.6755854 -0.04426789 -0.7921242 0.6087526 -0.04427695 -0.792107 0.6087744 -0.0470702 -0.8420736 0.5373048 -0.04706525 -0.8420825 0.5372914 -0.04949927 -0.8856301 0.4617459 -0.0515567 -0.9224413 0.3826801 -0.05155676 -0.9224416 0.3826795 -0.05322176 -0.9522291 0.3007112 -0.05321586 -0.9522352 0.300693 -0.05447542 -0.9747751 0.2164394 -0.05447691 -0.9747738 0.2164453 -0.05532222 -0.989901 0.1305198 -0.05532127 -0.9899013 0.1305187 -0.05574548 -0.9974914 0.04362994 -0.0557506 -0.9974904 0.04364562 -0.002434611 -0.04355537 -0.9990481 -0.007282912 -0.1303193 -0.9914454 -0.007283926 -0.1303211 -0.9914452 -0.01207828 -0.2161029 -0.976296 -0.01207858 -0.2161022 -0.976296 -0.01678162 -0.300239 -0.9537164 -0.01677811 -0.3002338 -0.9537181 -0.02135246 -0.3820829 -0.9238814 -0.02135342 -0.382084 -0.923881 -0.02576565 -0.4610351 -0.8870078 -0.02576476 -0.4610327 -0.887009 -0.02997976 -0.5364642 -0.8433905 -0.02998083 -0.5364629 -0.8433913 -0.03396749 -0.607805 -0.7933596 -0.03397554 -0.6078198 -0.7933478 -0.03770494 -0.6745355 -0.7372791 -0.03770023 -0.6745284 -0.7372856 -0.04114395 -0.7361307 -0.6755878 -0.04113817 -0.7361245 -0.6755949 -0.04426711 -0.7921085 -0.6087731 -0.04427796 -0.7921229 -0.6087536 -0.04707032 -0.8420813 -0.5372929 -0.04706496 -0.8420746 -0.5373038 -0.04949927 -0.88563 -0.461746 -0.04949921 -0.8856304 -0.4617453 -0.0515567 -0.9224416 -0.3826796 -0.05155682 -0.922441 -0.3826806 -0.053222 -0.9522344 -0.3006945 -0.0532155 -0.9522296 -0.3007107 -0.05447554 -0.9747743 -0.2164434 -0.05447679 -0.9747749 -0.2164401 -0.05532234 -0.9899012 -0.130519 -0.05532133 -0.989901 -0.1305202 -0.05574542 -0.9974908 -0.04364383 -0.05575066 -0.997491 -0.04363131 -0.002433538 -0.04355525 -0.9990481 0.002435326 0.04355537 -0.9990481 0.0024333 0.04355597 -0.9990481 0.007284641 0.1303213 -0.9914451 0.007283031 0.1303192 -0.9914454 0.01207733 0.2160996 -0.9762967 0.0120778 0.2161021 -0.9762961 0.01678085 0.3002389 -0.9537164 0.01678091 0.3002381 -0.9537167 0.02135515 0.3820884 -0.923879 0.02135598 0.3820896 -0.9238786 0.02576774 0.4610275 -0.8870117 0.0257672 0.4610263 -0.8870124 0.02998334 0.536463 -0.8433911 0.02998417 0.5364642 -0.8433904 0.03397142 0.6078121 -0.793354 0.03396737 0.6078041 -0.7933603 0.03769689 0.674535 -0.7372798 0.03770101 0.6745423 -0.737273 0.0411427 0.736124 -0.6755951 0.04114824 0.7361329 -0.6755851 0.04427826 0.7921324 -0.6087412 0.04426246 0.7921077 -0.6087746 0.04705405 0.8420675 -0.5373158 0.04706501 0.8420816 -0.5372929 0.04949903 0.8856307 -0.4617446 0.04949337 0.8856232 -0.4617598 0.05155044 0.9224364 -0.3826926 0.0515626 0.9224463 -0.3826672 0.05322754 0.9522341 -0.3006945 0.05321562 0.9522252 -0.3007248 0.05447572 0.9747749 -0.21644 0.05447578 0.9747746 -0.2164418 0.05532103 0.9899014 -0.1305174 0.05532062 0.9899012 -0.1305195 0.05574488 0.9974921 -0.04361224 0.05573922 0.9974918 -0.04362696 0.004863142 0.08702105 -0.9961946 0.0144416 0.2584137 -0.9659264 0.01444149 0.2584139 -0.9659264 0.0235812 0.4219569 -0.9063092 0.02358126 0.4219585 -0.9063085 0.03200387 0.5726692 -0.8191617 0.03200376 0.5726674 -0.819163 0.03945577 0.7060137 -0.7070983 0.03945583 0.7060142 -0.7070978 0.04570686 0.8178692 -0.5735861 0.0457102 0.817884 -0.5735648 0.05057305 0.9048944 -0.4226213 0.05057305 0.9048939 -0.4226222 0.05389964 0.9644158 -0.258838 0.05389964 0.9644151 -0.2588403 0.05558902 0.9946443 -0.08713555 0.05558913 0.9946444 -0.08713477 0.004863262 0.08702093 -0.9961947 -0.004863023 -0.08701795 -0.996195 -0.0048635 -0.08702081 -0.9961947 -0.0144428 -0.2584224 -0.9659242 -0.01444154 -0.2584134 -0.9659265 -0.02358204 -0.4219705 -0.9063029 -0.02358192 -0.4219705 -0.9063029 -0.03200381 -0.572669 -0.8191618 -0.03200381 -0.5726685 -0.8191621 -0.03945475 -0.705997 -0.707115 -0.03945499 -0.7059963 -0.7071157 -0.04570776 -0.8178846 -0.5735639 -0.04571121 -0.8179006 -0.5735411 -0.05057317 -0.9048938 -0.4226222 -0.05056971 -0.9048814 -0.4226494 -0.05389732 -0.964424 -0.2588077 -0.05389708 -0.9644237 -0.258809 -0.05558586 -0.9946416 -0.08716845 -0.05558907 -0.9946445 -0.08713436 -0.004863262 -0.08701843 0.9961949 -0.0144422 -0.258413 0.9659266 -0.01444196 -0.2584218 0.9659242 -0.02358198 -0.4219706 0.9063029 -0.02358198 -0.4219705 0.9063029 -0.03200376 -0.5726694 0.8191615 -0.03200387 -0.5726692 0.8191616 -0.03945487 -0.7059956 0.7071163 -0.03945481 -0.7059965 0.7071155 -0.04570865 -0.8179011 0.5735405 -0.04571032 -0.8178849 0.5735633 -0.05057245 -0.9048814 0.4226492 -0.05057042 -0.9048938 0.4226226 -0.05389726 -0.9644236 0.2588093 -0.0538972 -0.9644241 0.2588073 -0.05558604 -0.9946446 0.08713424 -0.05558896 -0.9946414 0.08716863 -0.004863262 -0.08702141 0.9961947 0.004863202 0.08702141 0.9961946 0.004863202 0.08702158 0.9961946 0.01444137 0.258413 0.9659267 0.01444154 0.2584137 0.9659264 0.02358126 0.4219578 0.9063088 0.02358138 0.4219576 0.906309 0.03200381 0.5726686 0.8191621 0.03200381 0.5726687 0.819162 0.03945577 0.7060129 0.707099 0.03945583 0.7060137 0.7070982 0.04570782 0.8178845 0.5735642 0.04570937 0.8178692 0.5735859 0.05057305 0.9048944 0.422621 0.05057299 0.9048933 0.4226235 0.05389964 0.9644157 0.2588381 0.05389964 0.9644156 0.2588388 0.05558907 0.9946445 0.08713448 0.05558913 0.9946444 0.08713477</float_array>
          <technique_common>
            <accessor source="#Leg_B_006-mesh-normals-array" count="2755" stride="3">
              <param name="X" type="float"/>
              <param name="Y" type="float"/>
              <param name="Z" type="float"/>
            </accessor>
          </technique_common>
        </source>
        <vertices id="Leg_B_006-mesh-vertices">
          <input semantic="POSITION" source="#Leg_B_006-mesh-positions"/>
        </vertices>
        <triangles count="2824">
          <input semantic="VERTEX" source="#Leg_B_006-mesh-vertices" offset="0"/>
          <input semantic="NORMAL" source="#Leg_B_006-mesh-normals" offset="1"/>
          <p>1 0 5 0 10 0 14 1 17 1 21 1 20 2 24 2 28 2 30 3 32 3 38 3 30 4 38 4 42 4 30 5 42 5 46 5 30 6 46 6 49 6 30 7 49 7 52 7 30 8 52 8 55 8 30 9 55 9 58 9 30 10 58 10 61 10 61 11 58 11 64 11 61 12 64 12 66 12 61 13 66 13 70 13 61 14 70 14 73 14 61 15 73 15 76 15 61 16 76 16 80 16 61 17 80 17 83 17 61 18 83 18 87 18 61 19 87 19 93 19 62 20 94 20 99 20 61 21 98 21 102 21 61 22 102 22 106 22 61 23 106 23 109 23 6 24 112 24 117 24 5 25 116 25 93 25 5 26 93 26 87 26 5 27 87 27 118 27 5 28 118 28 122 28 5 29 122 29 126 29 5 30 126 30 130 30 5 31 130 31 134 31 5 32 134 32 138 32 5 33 138 33 10 33 23 34 142 34 146 34 24 35 147 35 150 35 24 36 150 36 155 36 24 37 155 37 159 37 24 38 159 38 28 38 1 39 10 39 164 39 1 40 164 40 143 40 1 41 143 41 24 41 165 42 171 42 174 42 165 43 174 43 177 43 165 44 177 44 181 44 165 45 181 45 184 45 165 46 184 46 188 46 165 47 188 47 13 47 165 48 13 48 20 48 20 49 189 49 192 49 20 50 192 50 196 50 20 51 196 51 199 51 20 52 199 52 165 52 205 53 207 53 214 53 204 54 213 54 218 54 205 55 219 55 222 55 205 56 222 56 225 56 205 57 225 57 228 57 205 58 228 58 231 58 205 59 231 59 233 59 205 60 233 60 235 60 205 61 235 61 239 61 205 62 239 62 189 62 205 63 189 63 20 63 205 64 20 64 28 64 245 65 214 65 207 65 245 66 207 66 246 66 245 67 246 67 249 67 245 68 249 68 252 68 245 69 252 69 256 69 245 70 256 70 261 70 28 71 159 71 265 71 28 72 265 72 269 72 28 73 269 73 273 73 28 74 273 74 276 74 28 75 276 75 278 75 28 76 278 76 280 76 28 77 280 77 283 77 28 78 283 78 286 78 28 79 286 79 289 79 28 80 289 80 293 80 28 81 293 81 297 81 28 82 297 82 301 82 28 83 301 83 305 83 28 84 305 84 10 84 171 85 165 85 308 85 171 86 308 86 312 86 171 87 312 87 316 87 171 88 316 88 320 88 171 89 320 89 324 89 171 90 324 90 327 90 171 91 327 91 331 91 171 92 331 92 335 92 261 93 171 93 335 93 261 94 335 94 339 94 261 95 339 95 342 95 261 96 342 96 346 96 261 97 346 97 350 97 261 98 350 98 354 98 261 99 354 99 245 99 138 100 134 100 355 100 138 101 355 101 359 101 138 102 359 102 363 102 138 103 363 103 366 103 138 104 366 104 369 104 138 105 369 105 373 105 138 106 373 106 377 106 138 107 377 107 381 107 138 108 381 108 382 108 38 109 32 109 385 109 38 110 385 110 388 110 38 111 388 111 392 111 38 112 392 112 382 112 38 113 382 113 381 113 10 114 305 114 396 114 10 115 396 115 399 115 10 116 399 116 403 116 10 117 403 117 406 117 10 118 406 118 409 118 10 119 409 119 412 119 10 120 412 120 416 120 10 121 416 121 421 121 10 122 421 122 424 122 10 123 424 123 427 123 10 124 427 124 432 124 9 125 431 125 163 125 434 126 439 126 442 126 442 127 439 127 445 127 442 128 445 128 449 128 449 129 445 129 452 129 449 130 452 130 456 130 456 131 452 131 460 131 456 132 460 132 463 132 463 133 460 133 467 133 463 134 467 134 472 134 472 135 467 135 476 135 471 136 475 136 481 136 483 137 477 137 151 137 482 138 150 138 147 138 439 139 434 139 485 139 485 140 434 140 487 140 485 141 487 141 490 141 490 142 487 142 493 142 490 143 493 143 496 143 496 144 493 144 499 144 496 145 499 145 502 145 502 146 499 146 505 146 502 147 505 147 509 147 509 148 505 148 512 148 509 149 512 149 516 149 516 150 512 150 520 150 516 151 520 151 524 151 524 152 520 152 305 152 523 153 304 153 300 153 528 154 530 154 180 154 180 155 530 155 182 155 534 156 169 156 537 156 537 156 169 156 260 156 542 157 545 157 548 157 542 158 548 158 551 158 542 159 551 159 554 159 542 160 554 160 557 160 542 161 557 161 533 161 542 162 533 162 529 162 542 163 529 163 561 163 542 164 561 164 564 164 542 165 564 165 536 165 542 166 536 166 538 166 542 167 538 167 566 167 542 168 566 168 570 168 542 169 570 169 573 169 542 170 573 170 576 170 542 171 576 171 580 171 542 172 580 172 583 172 542 173 583 173 587 173 542 174 587 174 590 174 542 175 590 175 594 175 542 176 594 176 597 176 599 177 604 177 608 177 599 178 608 178 611 178 599 179 611 179 614 179 599 180 614 180 617 180 599 181 617 181 621 181 599 182 621 182 625 182 599 183 625 183 629 183 599 184 629 184 633 184 599 185 633 185 636 185 599 186 636 186 639 186 599 187 639 187 643 187 600 188 644 188 648 188 601 189 649 189 653 189 597 190 599 190 652 190 597 191 652 191 656 191 597 192 656 192 659 192 597 193 659 193 663 193 597 194 663 194 666 194 597 195 666 195 669 195 597 196 669 196 672 196 597 197 672 197 675 197 597 198 675 198 678 198 597 199 678 199 542 199 606 200 682 200 686 200 605 201 685 201 689 201 604 202 688 202 691 202 604 203 691 203 694 203 604 204 694 204 697 204 604 205 697 205 701 205 604 206 701 206 705 206 604 207 705 207 709 207 604 208 709 208 713 208 604 209 713 209 716 209 604 210 716 210 719 210 604 211 719 211 608 211 548 212 545 212 725 212 548 213 725 213 728 213 548 214 728 214 731 214 548 215 731 215 735 215 548 216 735 216 739 216 548 217 739 217 742 217 548 218 742 218 745 218 548 219 745 219 681 219 548 220 681 220 604 220 527 221 179 221 560 221 559 222 178 222 176 222 558 223 175 223 563 223 563 224 175 224 173 224 562 225 172 225 535 225 535 226 172 226 170 226 581 227 579 227 95 227 95 228 579 228 101 228 568 229 565 229 59 229 59 229 565 229 29 229 569 230 60 230 571 230 571 231 60 231 107 231 572 232 108 232 574 232 574 233 108 233 103 233 575 234 105 234 578 234 577 235 104 235 100 235 593 236 111 236 596 236 596 237 111 237 4 237 582 238 97 238 585 238 584 239 96 239 91 239 586 240 92 240 588 240 588 241 92 241 113 241 589 242 115 242 592 242 591 243 114 243 110 243 547 244 19 244 550 244 550 244 19 244 16 244 549 245 15 245 553 245 553 246 15 246 12 246 552 247 11 247 556 247 556 248 11 248 187 248 555 249 185 249 531 249 532 250 186 250 183 250 748 251 751 251 754 251 758 252 762 252 765 252 758 253 768 253 762 253 772 254 775 254 778 254 781 255 772 255 778 255 784 256 788 256 791 256 795 257 800 257 804 257 807 258 810 258 813 258 816 259 819 259 822 259 826 260 781 260 778 260 826 261 778 261 829 261 826 262 829 262 832 262 826 263 832 263 835 263 826 264 835 264 838 264 826 265 838 265 841 265 826 266 841 266 791 266 826 267 791 267 788 267 844 268 848 268 799 268 844 269 799 269 794 269 844 270 794 270 852 270 844 271 852 271 855 271 844 272 855 272 858 272 844 273 858 273 861 273 844 274 861 274 865 274 844 275 865 275 869 275 844 276 869 276 873 276 844 277 873 277 877 277 844 278 877 278 880 278 844 279 880 279 883 279 844 280 883 280 886 280 844 281 886 281 889 281 877 282 873 282 893 282 877 283 893 283 898 283 876 284 897 284 901 284 905 285 877 285 902 285 905 286 902 286 908 286 905 287 908 287 912 287 905 288 912 288 751 288 751 289 748 289 915 289 751 290 915 290 918 290 751 291 918 291 921 291 751 292 921 292 924 292 751 293 924 293 905 293 927 294 930 294 933 294 927 295 933 295 937 295 927 296 937 296 941 296 927 297 941 297 945 297 927 298 945 298 950 298 927 299 950 299 953 299 927 300 953 300 956 300 927 301 956 301 959 301 927 302 959 302 963 302 927 303 963 303 967 303 927 304 967 304 970 304 927 305 970 305 973 305 927 306 973 306 976 306 927 307 976 307 979 307 927 308 979 308 984 308 927 309 984 309 988 309 927 310 988 310 991 310 927 311 991 311 994 311 927 312 994 312 999 312 1000 313 995 313 1004 313 999 314 1003 314 1007 314 999 315 1007 315 1010 315 999 316 1010 316 1013 316 999 317 1013 317 1016 317 999 318 1016 318 1019 318 999 319 1019 319 1022 319 999 320 1022 320 1025 320 999 321 1025 321 1029 321 999 322 1029 322 1033 322 999 323 1033 323 1038 323 984 324 979 324 1042 324 983 325 1041 325 1045 325 984 326 1046 326 1049 326 984 327 1049 327 1052 327 984 328 1052 328 1055 328 984 329 1055 329 1058 329 984 330 1058 330 1061 330 984 331 1061 331 1064 331 984 332 1064 332 1068 332 984 333 1068 333 762 333 984 334 762 334 768 334 985 335 769 335 1072 335 984 336 1071 336 1075 336 984 337 1075 337 1078 337 984 338 1078 338 1081 338 1084 339 807 339 813 339 1084 340 813 340 1088 340 1084 341 1088 341 1092 341 1085 342 1093 342 985 342 1084 343 984 343 1081 343 847 344 1037 344 1097 344 848 345 1098 345 1102 345 848 346 1102 346 1105 346 949 347 1108 347 1112 347 950 348 1113 348 1117 348 950 349 1117 349 1120 349 950 350 1120 350 1123 350 950 351 1123 351 1126 351 950 352 1126 352 765 352 950 353 765 353 762 353 950 354 762 354 1129 354 950 355 1129 355 1132 355 950 356 1132 356 1135 356 950 357 1135 357 1138 357 950 358 1138 358 1141 358 950 359 1141 359 1144 359 950 360 1144 360 1147 360 950 361 1147 361 1150 361 950 362 1150 362 1153 362 950 363 1153 363 953 363 933 364 1158 364 1162 364 933 365 1162 365 1166 365 933 366 1166 366 1169 366 933 367 1169 367 1172 367 933 368 1172 368 1175 368 933 369 1175 369 1178 369 933 370 1178 370 1181 370 933 371 1181 371 1184 371 933 372 1184 372 1187 372 933 373 1187 373 1190 373 934 374 1191 374 938 374 933 375 1194 375 1158 375 1158 376 1194 376 1198 376 1158 377 1198 377 1202 377 1202 378 1198 378 748 378 1202 379 748 379 754 379 775 380 772 380 1205 380 1205 381 772 381 1210 381 1206 382 1211 382 1215 382 1216 383 1212 383 755 383 754 384 1210 384 1219 384 754 385 1219 385 1202 385 784 386 791 386 1222 386 1222 387 791 387 1225 387 1222 388 1225 388 799 388 799 389 1225 389 1228 389 799 390 1228 390 803 390 848 391 844 391 1038 391 1038 392 844 392 1232 392 1038 393 1232 393 999 393 998 394 1231 394 1236 394 810 395 807 395 1239 395 1239 396 807 396 1242 396 1239 397 1242 397 1245 397 1245 398 1242 398 1248 398 1248 399 1242 399 1251 399 1248 400 1251 400 1254 400 1254 401 1251 401 1257 401 1254 402 1257 402 1260 402 1260 403 1257 403 1263 403 1260 404 1263 404 1266 404 1266 405 1263 405 1269 405 1269 406 1263 406 1105 406 1269 407 1105 407 1102 407 1272 408 1275 408 1278 408 1278 409 1275 409 1113 409 1279 410 1114 410 1109 410 816 411 822 411 1282 411 1282 412 822 412 1275 412 1282 413 1275 413 1272 413 822 414 819 414 1285 414 1285 415 819 415 1288 415 1285 416 1288 416 1291 416 1291 417 1288 417 1294 417 1291 418 1294 418 1297 418 1297 419 1294 419 1300 419 1297 420 1300 420 1303 420 1297 421 1303 421 1306 421 1306 422 1303 422 1310 422 1306 423 1310 423 1314 423 1306 424 1314 424 1202 424 1202 425 1314 425 1319 425 1201 426 1318 426 1157 426 1322 427 1324 427 1330 427 1334 428 1335 428 1341 428 1335 429 1344 429 1341 429 1347 430 1350 430 1351 430 1347 431 1351 431 1354 431 1360 432 1361 432 1364 432 1370 433 1372 433 1377 433 1381 434 1384 434 1387 434 1390 435 1393 435 1396 435 1397 436 1361 436 1360 436 1397 437 1360 437 1403 437 1397 438 1403 438 1406 438 1397 439 1406 439 1409 439 1397 440 1409 440 1412 440 1397 441 1412 441 1415 441 1397 442 1415 442 1347 442 1397 443 1347 443 1354 443 1419 444 1424 444 1427 444 1421 445 1428 445 1432 445 1418 446 1431 446 1435 446 1420 447 1436 447 1440 447 1420 448 1440 448 1441 448 1420 449 1441 449 1445 449 1420 450 1445 450 1449 450 1420 451 1449 451 1452 451 1420 452 1452 452 1455 452 1420 453 1455 453 1458 453 1420 454 1458 454 1462 454 1420 455 1462 455 1376 455 1420 456 1376 456 1371 456 1420 457 1371 457 1467 457 1439 458 1471 458 1476 458 1440 459 1477 459 1481 459 1440 460 1481 460 1441 460 1487 461 1324 461 1488 461 1487 462 1488 462 1491 462 1487 463 1491 463 1472 463 1487 464 1472 464 1440 464 1324 465 1487 465 1496 465 1324 466 1496 466 1499 466 1324 467 1499 467 1502 467 1324 468 1502 468 1505 468 1324 469 1505 469 1330 469 1508 470 1512 470 1516 470 1508 471 1516 471 1520 471 1508 472 1520 472 1524 472 1508 473 1524 473 1528 473 1508 474 1528 474 1532 474 1508 475 1532 475 1535 475 1508 476 1535 476 1538 476 1508 477 1538 477 1542 477 1508 478 1542 478 1546 478 1508 479 1546 479 1549 479 1508 480 1549 480 1552 480 1508 481 1552 481 1555 481 1508 482 1555 482 1558 482 1508 483 1558 483 1563 483 1508 484 1563 484 1567 484 1508 485 1567 485 1570 485 1509 486 1571 486 1575 486 1508 487 1574 487 1578 487 1508 488 1578 488 1582 488 1512 489 1584 489 1588 489 1512 490 1588 490 1592 490 1512 491 1592 491 1595 491 1512 492 1595 492 1598 492 1512 493 1598 493 1601 493 1512 494 1601 494 1604 494 1512 495 1604 495 1608 495 1512 496 1608 496 1612 496 1512 497 1612 497 1615 497 1512 498 1615 498 1618 498 1513 499 1619 499 1517 499 1528 500 1622 500 1625 500 1528 501 1625 501 1628 501 1528 502 1628 502 1631 502 1528 503 1631 503 1344 503 1528 504 1344 504 1335 504 1528 505 1335 505 1632 505 1528 506 1632 506 1635 506 1528 507 1635 507 1638 507 1528 508 1638 508 1641 508 1528 509 1641 509 1644 509 1528 510 1644 510 1647 510 1528 511 1647 511 1651 511 1528 512 1651 512 1655 512 1528 513 1655 513 1658 513 1528 514 1658 514 1532 514 1661 515 1622 515 1528 515 1662 516 1529 516 1666 516 1661 517 1665 517 1669 517 1661 518 1669 518 1381 518 1661 519 1381 519 1387 519 1466 520 1670 520 1675 520 1468 521 1676 521 1681 521 1465 522 1680 522 1583 522 1563 523 1558 523 1687 523 1563 524 1687 524 1690 524 1563 525 1690 525 1692 525 1563 526 1692 526 1694 526 1563 527 1694 527 1697 527 1563 528 1697 528 1700 528 1563 529 1700 529 1703 529 1563 530 1703 530 1706 530 1563 531 1706 531 1709 531 1563 532 1709 532 1335 532 1563 533 1335 533 1334 533 1562 534 1333 534 1715 534 1563 535 1716 535 1719 535 1563 536 1719 536 1722 536 1563 537 1722 537 1725 537 1563 538 1725 538 1729 538 1564 539 1730 539 1735 539 1579 540 1575 540 1739 540 1578 541 1738 541 1742 541 1578 542 1742 542 1745 542 1578 543 1745 543 1747 543 1578 544 1747 544 1749 544 1578 545 1749 545 1752 545 1578 546 1752 546 1755 546 1578 547 1755 547 1758 547 1578 548 1758 548 1762 548 1578 549 1762 549 1766 549 1578 550 1766 550 1771 550 1322 551 1330 551 1776 551 1776 552 1330 552 1781 552 1776 553 1781 553 1771 553 1771 554 1781 554 1785 554 1771 555 1785 555 1578 555 1789 556 1791 556 1796 556 1796 557 1791 557 1351 557 1796 558 1351 558 1350 558 1776 559 1797 559 1322 559 1322 560 1797 560 1791 560 1321 561 1790 561 1788 561 1369 562 1803 562 1371 562 1371 563 1803 563 1806 563 1371 564 1806 564 1807 564 1807 565 1806 565 1360 565 1807 566 1360 566 1364 566 1467 567 1584 567 1420 567 1420 568 1584 568 1814 568 1584 569 1512 569 1814 569 1814 570 1512 570 1817 570 1820 571 1823 571 1826 571 1826 572 1823 572 1387 572 1826 573 1387 573 1384 573 1827 574 1830 574 1833 574 1833 575 1830 575 1836 575 1833 576 1836 576 1839 576 1839 577 1836 577 1843 577 1839 578 1843 578 1846 578 1846 579 1843 579 1823 579 1846 580 1823 580 1820 580 1676 581 1672 581 1849 581 1848 582 1671 582 1830 582 1848 583 1830 583 1827 583 1734 584 1728 584 1855 584 1856 585 1729 585 1860 585 1855 586 1859 586 1863 586 1864 587 1860 587 1867 587 1867 588 1860 588 1390 588 1867 589 1390 589 1396 589 1868 590 1871 590 1874 590 1874 591 1871 591 1877 591 1874 592 1877 592 1880 592 1880 593 1877 593 1884 593 1880 594 1884 594 1887 594 1887 595 1884 595 1393 595 1887 596 1393 596 1390 596 1890 597 1895 597 1899 597 1898 598 1894 598 1868 598 1898 599 1868 599 1874 599 1770 600 1902 600 1775 600 1776 601 1903 601 1889 601 1776 602 1889 602 1898 602 964 603 1540 603 969 603 968 604 1539 604 1537 604 968 605 1537 605 972 605 971 606 1536 606 1534 606 971 607 1534 607 975 607 974 608 1533 608 1531 608 974 609 1531 609 978 609 977 610 1530 610 1657 610 977 611 1657 611 1040 611 1039 612 1656 612 1654 612 1039 613 1654 613 1044 613 1043 614 1653 614 1650 614 1043 615 1650 615 1047 615 1541 616 965 616 1544 616 1545 617 966 617 962 617 1543 618 961 618 1548 618 1547 619 960 619 958 619 1547 620 958 620 1551 620 1550 621 957 621 955 621 1550 622 955 622 1554 622 1553 623 954 623 952 623 1553 624 952 624 1557 624 1556 625 951 625 1152 625 1556 626 1152 626 1686 626 1685 627 1151 627 1149 627 1685 628 1149 628 1689 628 1688 629 1148 629 1145 629 1688 630 1145 630 1691 630 759 631 1711 631 1128 631 1127 632 1710 632 1708 632 1127 633 1708 633 1131 633 1130 634 1707 634 1705 634 1130 635 1705 635 1134 635 1133 636 1704 636 1702 636 1133 637 1702 637 1137 637 1136 638 1701 638 1699 638 1136 639 1699 639 1140 639 1139 640 1698 640 1696 640 1139 641 1696 641 1143 641 1142 642 1695 642 1693 642 1142 643 1693 643 1146 643 1712 644 761 644 1338 644 1337 645 760 645 1067 645 1336 646 1066 646 1634 646 1633 647 1065 647 1063 647 1633 648 1063 648 1637 648 1636 649 1062 649 1060 649 1636 650 1060 650 1640 650 1639 651 1059 651 1057 651 1639 652 1057 652 1643 652 1642 653 1056 653 1054 653 1642 654 1054 654 1646 654 1645 655 1053 655 1051 655 1645 656 1051 656 1649 656 1648 657 1050 657 1048 657 1648 658 1048 658 1652 658 1246 659 1818 659 1243 659 1244 660 1819 660 1824 660 1244 661 1824 661 1237 661 1238 662 1825 662 1382 662 1238 663 1382 663 808 663 809 664 1383 664 1379 664 809 665 1379 665 811 665 812 666 1380 666 1667 666 812 667 1667 667 1086 667 1087 668 1668 668 1663 668 1087 669 1663 669 1089 669 1090 670 1664 670 1525 670 1091 671 1527 671 982 671 1818 672 1246 672 1845 672 1847 673 1247 673 1252 673 1847 674 1252 674 1840 674 1841 675 1253 675 1258 675 1841 676 1258 676 1834 676 1835 677 1259 677 1264 677 1835 678 1264 678 1828 678 1829 679 1265 679 1267 679 1829 680 1267 680 1850 680 1851 681 1268 681 1099 681 1852 682 1100 682 1677 682 1679 683 1101 683 1095 683 1678 684 1094 684 1682 684 1683 685 1096 685 1034 685 1684 686 1036 686 1587 686 1012 687 1605 687 1014 687 1015 688 1606 688 1602 688 1015 689 1602 689 1017 689 1018 690 1603 690 1599 690 1018 691 1599 691 1020 691 1021 692 1600 692 1596 692 1021 693 1596 693 1023 693 1024 694 1597 694 1593 694 1024 695 1593 695 1026 695 1027 696 1594 696 1589 696 1028 697 1590 697 1030 697 1031 698 1591 698 1585 698 1032 699 1586 699 1035 699 1605 700 1012 700 1609 700 1607 701 1011 701 1008 701 1607 702 1008 702 1610 702 1611 703 1009 703 1005 703 1611 704 1005 704 1613 704 1614 705 1006 705 1001 705 1614 706 1001 706 1616 706 1617 707 1002 707 992 707 1617 708 992 708 1514 708 1515 709 993 709 989 709 1515 710 989 710 1518 710 1519 711 990 711 986 711 1519 712 986 712 1521 712 1522 713 987 713 980 713 1523 714 981 714 1526 714 833 715 1405 715 837 715 836 716 1404 716 1402 716 836 717 1402 717 840 717 839 718 1401 718 1359 718 839 719 1359 719 790 719 789 720 1358 720 1805 720 789 721 1805 721 1224 721 1223 722 1804 722 1802 722 1223 723 1802 723 1227 723 1226 724 1801 724 1368 724 1226 725 1368 725 802 725 801 726 1367 726 1375 726 801 727 1375 727 792 727 1405 728 833 728 1407 728 1408 729 834 729 831 729 1408 730 831 730 1411 730 1410 731 830 731 828 731 1410 732 828 732 1414 732 1413 733 827 733 777 733 1413 734 777 734 1346 734 1345 735 776 735 774 735 1345 736 774 736 1349 736 1348 737 773 737 1204 737 1348 738 1204 738 1795 738 1794 739 1203 739 1214 739 1794 740 1214 740 1787 740 1786 741 1213 741 752 741 1786 742 752 742 1320 742 870 743 1483 743 892 743 890 744 1482 744 1479 744 891 745 1480 745 896 745 895 746 1478 746 1475 746 894 747 1474 747 900 747 899 748 1473 748 1493 748 899 749 1493 749 907 749 906 750 1492 750 1490 750 906 751 1490 751 911 751 910 752 1489 752 1327 752 909 753 1326 753 750 753 749 754 1325 754 1323 754 749 755 1323 755 753 755 1484 756 872 756 1444 756 1443 757 871 757 868 757 1442 758 867 758 1448 758 1447 759 866 759 864 759 1446 760 863 760 1451 760 1450 761 862 761 860 761 1450 762 860 762 1454 762 1453 763 859 763 857 763 1453 764 857 764 1457 764 1456 765 856 765 854 765 1456 766 854 766 1461 766 1459 767 853 767 850 767 1460 768 851 768 1464 768 1463 769 849 769 793 769 1463 770 793 770 1378 770 1179 771 1743 771 1182 771 1183 772 1744 772 1740 772 1183 773 1740 773 1185 773 1186 774 1741 774 1736 774 1186 775 1736 775 1188 775 1189 776 1737 776 1572 776 1189 777 1572 777 935 777 936 778 1573 778 1568 778 936 779 1568 779 939 779 940 780 1569 780 1565 780 940 781 1565 781 942 781 943 782 1566 782 1559 782 944 783 1561 783 948 783 1743 784 1179 784 1746 784 1748 785 1180 785 1176 785 1748 786 1176 786 1750 786 1751 787 1177 787 1173 787 1751 788 1173 788 1753 788 1754 789 1174 789 1170 789 1754 790 1170 790 1756 790 1757 791 1171 791 1167 791 1757 792 1167 792 1759 792 1760 793 1168 793 1163 793 1761 794 1164 794 1763 794 1765 795 1165 795 1160 795 1764 796 1159 796 1767 796 1768 797 1161 797 1154 797 1769 798 1156 798 1774 798 1287 799 1878 799 1292 799 1293 800 1879 800 1872 800 1293 801 1872 801 1298 801 1299 802 1873 802 1869 802 1299 803 1869 803 1301 803 1302 804 1870 804 1896 804 1302 805 1896 805 1307 805 1309 806 1897 806 1892 806 1308 807 1891 807 1311 807 1312 808 1893 808 1904 808 1313 697 1905 697 1315 697 1316 809 1906 809 1772 809 1317 810 1773 810 1155 810 1878 811 1287 811 1885 811 1883 812 1286 812 817 812 1883 813 817 813 1391 813 1392 703 818 703 814 703 1392 814 814 814 1394 814 1395 815 815 815 1280 815 1395 816 1280 816 1865 816 1866 817 1281 817 1270 817 1866 818 1270 818 1861 818 1862 819 1271 819 1276 819 1862 820 1276 820 1853 820 1854 821 1277 821 1106 821 1854 822 1106 822 1731 822 1732 823 1107 823 946 823 1733 824 947 824 1560 824 1910 825 1914 825 1918 825 1909 826 1917 826 1922 826 1909 827 1922 827 1925 827 1909 828 1925 828 1928 828 1909 829 1928 829 1932 829 1909 830 1932 830 1935 830 1909 831 1935 831 1938 831 1909 832 1938 832 1941 832 1909 833 1941 833 1944 833 1909 834 1944 834 1947 834 1909 835 1947 835 1951 835 1909 836 1951 836 1955 836 1909 837 1955 837 1959 837 1909 838 1959 838 1962 838 1909 839 1962 839 1965 839 1909 840 1965 840 1968 840 1909 841 1968 841 1971 841 1975 842 1979 842 1983 842 1975 843 1983 843 1987 843 1975 844 1987 844 1991 844 1975 845 1991 845 1994 845 1975 846 1994 846 1997 846 1975 847 1997 847 2000 847 1975 848 2000 848 2003 848 1975 849 2003 849 2006 849 1975 850 2006 850 2010 850 1975 851 2010 851 2013 851 1975 852 2013 852 2016 852 1975 853 2016 853 2019 853 1975 854 2019 854 1913 854 1975 855 1913 855 1909 855 1979 856 1975 856 2022 856 1979 857 2022 857 2025 857 1979 858 2025 858 2029 858 1979 859 2029 859 2033 859 1979 860 2033 860 2036 860 1979 861 2036 861 2039 861 1979 862 2039 862 2043 862 1979 863 2043 863 2047 863 1979 864 2047 864 2050 864 1979 865 2050 865 2053 865 1979 866 2053 866 2056 866 1971 867 1968 867 2059 867 1971 868 2059 868 2063 868 1971 869 2063 869 2066 869 1971 870 2066 870 2070 870 1971 871 2070 871 2073 871 1971 872 2073 872 2076 872 1971 873 2076 873 2079 873 1971 874 2079 874 2082 874 1971 875 2082 875 2085 875 1971 876 2085 876 2089 876 1971 877 2089 877 2092 877 1971 878 2092 878 2095 878 1971 879 2095 879 2099 879 1971 880 2099 880 2102 880 1971 881 2102 881 2105 881 1972 882 2106 882 2110 882 2056 883 1971 883 2109 883 2056 884 2109 884 2114 884 2056 885 2114 885 2117 885 2056 886 2117 886 2121 886 2056 887 2121 887 2124 887 2056 888 2124 888 2127 888 2056 889 2127 889 2130 889 2056 890 2130 890 2133 890 2056 891 2133 891 2137 891 2056 892 2137 892 2141 892 2056 893 2141 893 2145 893 2056 894 2145 894 2149 894 2056 895 2149 895 2153 895 2056 896 2153 896 1979 896 34 897 31 897 2035 897 2035 898 31 898 567 898 2035 899 567 899 2038 899 2038 900 567 900 539 900 2038 901 539 901 259 901 259 902 539 902 262 902 383 903 2020 903 139 903 139 904 2020 904 1974 904 33 905 2034 905 387 905 387 906 2034 906 2032 906 386 907 2031 907 391 907 390 908 2030 908 2028 908 389 909 2026 909 394 909 395 910 2027 910 2024 910 393 911 2023 911 384 911 384 912 2023 912 2021 912 2051 913 208 913 2055 913 2055 914 208 914 206 914 2037 915 258 915 2042 915 2041 916 257 916 255 916 2040 917 253 917 2045 917 2046 918 254 918 251 918 2044 919 250 919 2049 919 2049 920 250 920 248 920 2048 921 247 921 2052 921 2052 922 247 922 209 922 2154 923 440 923 2157 923 2159 924 441 924 447 924 2158 925 446 925 2161 925 2162 926 448 926 453 926 2163 927 454 927 2165 927 2166 928 455 928 461 928 2166 929 461 929 2168 929 2169 930 462 930 468 930 2170 931 469 931 2172 931 2174 932 470 932 479 932 2173 933 478 933 2176 933 2177 934 480 934 145 934 2177 935 145 935 2180 935 440 936 2154 936 433 936 435 937 2156 937 2183 937 435 938 2183 938 488 938 489 939 2184 939 2186 939 489 940 2186 940 494 940 495 941 2187 941 2189 941 495 942 2189 942 500 942 501 943 2190 943 2192 943 501 944 2192 944 506 944 508 945 2193 945 2196 945 507 946 2195 946 513 946 515 947 2197 947 2200 947 514 948 2199 948 521 948 522 949 2201 949 2204 949 522 950 2204 950 307 950 2207 951 413 951 2209 951 2210 952 414 952 410 952 2210 953 410 953 2212 953 2213 954 411 954 407 954 2213 955 407 955 2215 955 2216 956 408 956 404 956 2216 957 404 957 2218 957 2219 958 405 958 400 958 2220 959 401 959 2222 959 2223 960 402 960 397 960 2223 961 397 961 2225 961 2226 962 398 962 306 962 2226 963 306 963 2203 963 413 964 2207 964 417 964 415 965 2205 965 2227 965 415 966 2227 966 418 966 419 967 2228 967 2230 967 420 968 2231 968 422 968 423 969 2232 969 2234 969 423 970 2234 970 425 970 426 971 2235 971 2237 971 426 972 2237 972 428 972 430 973 2238 973 2241 973 429 974 2240 974 160 974 161 975 2242 975 2244 975 162 976 2245 976 140 976 141 977 2246 977 2179 977 141 978 2179 978 144 978 2248 923 274 923 2251 923 2253 979 275 979 271 979 2252 980 270 980 2255 980 2256 981 272 981 266 981 2257 982 267 982 2259 982 2260 983 268 983 263 983 2260 984 263 984 2262 984 2263 985 264 985 156 985 2264 986 157 986 2266 986 2268 932 158 932 153 932 2267 987 152 987 2270 987 2271 988 154 988 149 988 2271 989 149 989 2274 989 274 990 2248 990 277 990 279 937 2250 937 2277 937 279 938 2277 938 281 938 282 991 2278 991 2280 991 282 992 2280 992 284 992 285 993 2281 993 2283 993 285 994 2283 994 287 994 288 995 2284 995 2286 995 288 996 2286 996 290 996 292 997 2287 997 2290 997 291 998 2289 998 294 998 296 999 2291 999 2294 999 295 948 2293 948 298 948 299 1000 2295 1000 2298 1000 299 1001 2298 1001 303 1001 2301 1002 491 1002 2303 1002 2304 1003 492 1003 497 1003 2304 1004 497 1004 2306 1004 2307 1005 498 1005 503 1005 2307 1006 503 1006 2309 1006 2310 1007 504 1007 510 1007 2310 1008 510 1008 2312 1008 2313 1009 511 1009 517 1009 2314 1010 518 1010 2316 1010 2317 1011 519 1011 525 1011 2317 961 525 961 2319 961 2320 1012 526 1012 302 1012 2320 1013 302 1013 2297 1013 491 1014 2301 1014 486 1014 484 1015 2299 1015 2321 1015 484 1016 2321 1016 436 1016 437 1017 2322 1017 2324 1017 438 1018 2325 1018 443 1018 444 1019 2326 1019 2328 1019 444 1020 2328 1020 450 1020 451 1021 2329 1021 2331 1021 451 1022 2331 1022 457 1022 459 1023 2332 1023 2335 1023 458 1024 2334 1024 464 1024 465 1025 2336 1025 2338 1025 466 1026 2339 1026 473 1026 474 1027 2340 1027 2273 1027 474 1028 2273 1028 148 1028 2344 1029 356 1029 2347 1029 2348 1030 357 1030 135 1030 2348 1031 135 1031 2350 1031 2351 1032 136 1032 131 1032 2352 1033 132 1033 2354 1033 2356 1034 133 1034 128 1034 2355 1035 127 1035 2358 1035 2360 1036 129 1036 124 1036 2359 1037 123 1037 2362 1037 2364 1038 125 1038 120 1038 2363 1039 119 1039 2366 1039 2367 1040 121 1040 88 1040 2368 1041 89 1041 2371 1041 356 1042 2344 1042 360 1042 358 1043 2342 1043 2373 1043 358 1044 2373 1044 361 1044 362 1045 2374 1045 2377 1045 362 1046 2377 1046 364 1046 365 1047 2378 1047 2380 1047 365 1048 2380 1048 367 1048 368 1049 2381 1049 2383 1049 368 1050 2383 1050 370 1050 371 1051 2384 1051 2386 1051 372 1052 2387 1052 374 1052 375 1053 2388 1053 2390 1053 376 1054 2391 1054 378 1054 379 1055 2392 1055 2394 1055 380 1056 2395 1056 36 1056 2398 1057 56 1057 2401 1057 2402 1058 57 1058 53 1058 2402 1059 53 1059 2405 1059 2406 1060 54 1060 50 1060 2406 1061 50 1061 2408 1061 2409 1062 51 1062 47 1062 2409 1063 47 1063 2411 1063 2412 1064 48 1064 43 1064 2413 1065 44 1065 2415 1065 2416 1066 45 1066 39 1066 2417 1067 40 1067 2419 1067 2420 1068 41 1068 35 1068 2421 1069 37 1069 2396 1069 56 1070 2398 1070 63 1070 65 1071 2400 1071 2425 1071 65 1072 2425 1072 67 1072 68 1073 2426 1073 2428 1073 69 1074 2429 1074 71 1074 72 1075 2430 1075 2432 1075 72 1076 2432 1076 74 1076 75 1077 2433 1077 2435 1077 75 1078 2435 1078 77 1078 79 1079 2436 1079 2439 1079 78 1080 2438 1080 81 1080 82 1081 2440 1081 2442 1081 82 1082 2442 1082 84 1082 85 1083 2443 1083 2370 1083 86 1084 2372 1084 90 1084 2446 1085 328 1085 2449 1085 2450 1086 329 1086 325 1086 2450 1087 325 1087 2452 1087 2453 1088 326 1088 321 1088 2454 1089 322 1089 2456 1089 2458 1090 323 1090 318 1090 2457 1091 317 1091 2460 1091 2462 1092 319 1092 314 1092 2461 1093 313 1093 2464 1093 2466 1094 315 1094 310 1094 2465 1039 309 1039 2468 1039 2469 1095 311 1095 166 1095 2470 1096 167 1096 2473 1096 328 1097 2446 1097 332 1097 330 1098 2444 1098 2475 1098 330 1099 2475 1099 333 1099 334 1100 2476 1100 2479 1100 334 1101 2479 1101 336 1101 338 1102 2480 1102 2483 1102 337 1103 2482 1103 340 1103 341 1104 2484 1104 2486 1104 341 1105 2486 1105 343 1105 344 1106 2487 1106 2489 1106 345 1107 2490 1107 347 1107 348 1108 2491 1108 2493 1108 349 1109 2494 1109 351 1109 352 1110 2495 1110 2497 1110 353 1111 2498 1111 243 1111 2501 1112 229 1112 2504 1112 2505 1113 230 1113 226 1113 2505 1114 226 1114 2508 1114 2509 1115 227 1115 223 1115 2509 1116 223 1116 2511 1116 2512 1117 224 1117 220 1117 2512 1118 220 1118 2514 1118 2515 1119 221 1119 215 1119 2516 1120 216 1120 2518 1120 2519 1121 217 1121 210 1121 2520 1122 211 1122 2522 1122 2523 1123 212 1123 242 1123 2524 1124 244 1124 2499 1124 229 1125 2501 1125 232 1125 234 1126 2503 1126 2528 1126 234 1127 2528 1127 236 1127 237 1128 2529 1128 2531 1128 238 1129 2532 1129 240 1129 241 1130 2533 1130 2535 1130 241 1131 2535 1131 190 1131 191 1132 2536 1132 2538 1132 191 1133 2538 1133 193 1133 195 1134 2539 1134 2542 1134 194 1135 2541 1135 197 1135 198 1136 2543 1136 2545 1136 198 1137 2545 1137 200 1137 201 1138 2546 1138 2472 1138 202 1139 2474 1139 168 1139 2160 1140 2182 1140 2155 1140 2182 1141 2160 1141 2185 1141 2185 1142 2160 1142 2164 1142 2185 1143 2164 1143 2188 1143 2188 1144 2164 1144 2167 1144 2188 1145 2167 1145 2191 1145 2191 1146 2167 1146 2171 1146 2191 1147 2171 1147 2194 1147 2194 1148 2171 1148 2175 1148 2194 1149 2175 1149 2198 1149 2198 1150 2175 1150 2178 1150 2198 1151 2178 1151 2202 1151 2202 1152 2178 1152 2181 1152 2202 1153 2181 1153 2224 1153 2224 1154 2181 1154 2247 1154 2224 1155 2247 1155 2221 1155 2221 1156 2247 1156 2243 1156 2221 1157 2243 1157 2217 1157 2217 1158 2243 1158 2239 1158 2217 1159 2239 1159 2214 1159 2214 1160 2239 1160 2236 1160 2214 1161 2236 1161 2211 1161 2211 1162 2236 1162 2233 1162 2211 1163 2233 1163 2208 1163 2208 1164 2233 1164 2229 1164 2208 1165 2229 1165 2206 1165 2254 1166 2276 1166 2249 1166 2276 1167 2254 1167 2279 1167 2279 1168 2254 1168 2258 1168 2279 1169 2258 1169 2282 1169 2282 1170 2258 1170 2261 1170 2282 1145 2261 1145 2285 1145 2285 1171 2261 1171 2265 1171 2285 1147 2265 1147 2288 1147 2288 1172 2265 1172 2269 1172 2288 1173 2269 1173 2292 1173 2292 1174 2269 1174 2272 1174 2292 1175 2272 1175 2296 1175 2296 1176 2272 1176 2275 1176 2296 1153 2275 1153 2318 1153 2318 1177 2275 1177 2341 1177 2318 1178 2341 1178 2315 1178 2315 1179 2341 1179 2337 1179 2315 1157 2337 1157 2311 1157 2311 1180 2337 1180 2333 1180 2311 1159 2333 1159 2308 1159 2308 1181 2333 1181 2330 1181 2308 1182 2330 1182 2305 1182 2305 1183 2330 1183 2327 1183 2305 1184 2327 1184 2302 1184 2302 1185 2327 1185 2323 1185 2302 1186 2323 1186 2300 1186 2404 1187 2424 1187 2399 1187 2423 1188 2403 1188 2427 1188 2427 1189 2403 1189 2407 1189 2427 1190 2407 1190 2431 1190 2431 1191 2407 1191 2410 1191 2431 1192 2410 1192 2434 1192 2434 1193 2410 1193 2414 1193 2434 1194 2414 1194 2437 1194 2437 1195 2414 1195 2418 1195 2437 1196 2418 1196 2441 1196 2441 1197 2418 1197 2422 1197 2441 1198 2422 1198 2369 1198 2369 1199 2422 1199 2397 1199 2369 1200 2397 1200 2365 1200 2365 1201 2397 1201 2393 1201 2365 1202 2393 1202 2361 1202 2361 1203 2393 1203 2389 1203 2361 1204 2389 1204 2357 1204 2357 1205 2389 1205 2385 1205 2357 1206 2385 1206 2353 1206 2353 1207 2385 1207 2382 1207 2353 1208 2382 1208 2349 1208 2349 1209 2382 1209 2379 1209 2349 1210 2379 1210 2345 1210 2345 1211 2379 1211 2375 1211 2346 1212 2376 1212 2343 1212 2507 1213 2527 1213 2502 1213 2526 1188 2506 1188 2530 1188 2530 1214 2506 1214 2510 1214 2530 1190 2510 1190 2534 1190 2534 1215 2510 1215 2513 1215 2534 1216 2513 1216 2537 1216 2537 1217 2513 1217 2517 1217 2537 1218 2517 1218 2540 1218 2540 1219 2517 1219 2521 1219 2540 1220 2521 1220 2544 1220 2544 1221 2521 1221 2525 1221 2544 1222 2525 1222 2471 1222 2471 1223 2525 1223 2500 1223 2471 1224 2500 1224 2467 1224 2467 1225 2500 1225 2496 1225 2467 1226 2496 1226 2463 1226 2463 1227 2496 1227 2492 1227 2463 1204 2492 1204 2459 1204 2459 1228 2492 1228 2488 1228 2459 1229 2488 1229 2455 1229 2455 1230 2488 1230 2485 1230 2455 1231 2485 1231 2451 1231 2451 1232 2485 1232 2481 1232 2451 1233 2481 1233 2447 1233 2447 1234 2481 1234 2477 1234 2448 1212 2478 1212 2445 1212 603 1235 22 1235 546 1235 546 1236 22 1236 18 1236 0 229 598 229 3 229 3 229 598 229 595 229 1580 1237 1576 1237 931 1237 1580 229 931 229 928 229 1580 1238 928 1238 2547 1238 1580 1239 2547 1239 2550 1239 1580 1240 2550 1240 2553 1240 1580 1241 2553 1241 2556 1241 1580 229 2556 229 2559 229 1580 229 2559 229 2562 229 1580 1242 2562 1242 2565 1242 1580 229 2565 229 2568 229 26 1243 2571 1243 2574 1243 26 229 2574 229 2577 229 26 1244 2577 1244 2580 1244 26 1245 2580 1245 2583 1245 26 1246 2583 1246 2586 1246 26 1247 2586 1247 2589 1247 26 1248 2589 1248 2592 1248 26 1249 2592 1249 2595 1249 26 229 2595 229 1969 229 26 229 1969 229 2054 229 26 1250 2054 1250 203 1250 2574 1251 2571 1251 2598 1251 2574 1252 2598 1252 2601 1252 2574 1253 2601 1253 2604 1253 2574 1254 2604 1254 2607 1254 2574 1255 2607 1255 2610 1255 2574 1256 2610 1256 2568 1256 2574 1257 2568 1257 2565 1257 2613 229 2618 229 2621 229 2613 1258 2621 1258 2624 1258 2613 229 2624 229 2627 229 2613 229 2627 229 2630 229 2613 1259 2630 1259 2634 1259 2613 1260 2634 1260 2637 1260 2613 1261 2637 1261 2640 1261 2613 1262 2640 1262 2643 1262 2613 229 2643 229 2648 229 2613 1263 2648 1263 2653 1263 1969 1264 2595 1264 2657 1264 1969 1265 2657 1265 2660 1265 1969 1266 2660 1266 2663 1266 1969 1267 2663 1267 2666 1267 1969 1268 2666 1268 2669 1268 1969 1269 2669 1269 2672 1269 1969 1270 2672 1270 2675 1270 1969 1271 2675 1271 2678 1271 1969 1272 2678 1272 2681 1272 2678 229 2621 229 2618 229 2678 1273 2618 1273 2684 1273 2678 1274 2684 1274 2687 1274 2678 229 2687 229 2690 229 2678 1275 2690 1275 2693 1275 2678 1276 2693 1276 2696 1276 2678 1277 2696 1277 2681 1277 1506 1278 2699 1278 2702 1278 1506 1279 2702 1279 2705 1279 1506 156 2705 156 2708 156 1506 156 2708 156 2711 156 1506 156 2711 156 2714 156 1506 1280 2714 1280 2717 1280 1506 156 2717 156 2720 156 1506 1281 2720 1281 925 1281 1506 156 925 156 996 156 1506 1282 996 1282 1510 1282 7 1283 137 1283 1973 1283 7 156 1973 156 1907 156 7 156 1907 156 2723 156 7 1284 2723 1284 2726 1284 7 1285 2726 1285 2729 1285 7 1286 2729 1286 2732 1286 7 1287 2732 1287 2735 1287 7 1288 2735 1288 2738 1288 7 1289 2738 1289 2741 1289 7 1290 2741 1290 2744 1290 7 1291 2744 1291 2747 1291 2744 1292 2702 1292 2699 1292 2744 1293 2699 1293 2750 1293 2744 1294 2750 1294 2753 1294 2744 1295 2753 1295 2756 1295 2744 1296 2756 1296 2759 1296 2744 1297 2759 1297 2762 1297 2744 1298 2762 1298 2747 1298 2765 1299 2770 1299 2774 1299 2765 1300 2774 1300 2777 1300 2765 1301 2777 1301 2783 1301 2765 156 2783 156 2786 156 2765 1302 2786 1302 2789 1302 2765 1303 2789 1303 2793 1303 2765 156 2793 156 2796 156 2765 156 2796 156 2799 156 2765 156 2799 156 2802 156 2765 1304 2802 1304 2805 1304 1907 1305 2808 1305 2811 1305 1907 1306 2811 1306 2814 1306 1907 1307 2814 1307 2817 1307 1907 1308 2817 1308 2820 1308 1907 1309 2820 1309 2823 1309 1907 1310 2823 1310 2826 1310 1907 1311 2826 1311 2829 1311 1907 1312 2829 1312 2832 1312 1907 1313 2832 1313 2723 1313 2811 1314 2808 1314 2835 1314 2811 1315 2835 1315 2838 1315 2811 1316 2838 1316 2841 1316 2811 1317 2841 1317 2844 1317 2811 1318 2844 1318 2847 1318 2811 1319 2847 1319 2805 1319 2811 1320 2805 1320 2802 1320 602 1321 2 1321 607 1321 607 1322 2 1322 25 1322 27 1323 8 1323 2572 1323 2572 1324 8 1324 2748 1324 2853 1325 2857 1325 2861 1325 2864 1326 2867 1326 2870 1326 2873 1327 2876 1327 2880 1327 2883 1328 2886 1328 2889 1328 2892 1329 2896 1329 2899 1329 2893 1330 2900 1330 2903 1330 2893 1331 2903 1331 2907 1331 2893 1332 2907 1332 2910 1332 2893 1333 2910 1333 2913 1333 2893 1334 2913 1334 2917 1334 2893 1335 2917 1335 2920 1335 2893 1336 2920 1336 2923 1336 2893 1337 2923 1337 2870 1337 2893 1338 2870 1338 2867 1338 2926 1339 2923 1339 2920 1339 2926 1340 2920 1340 2929 1340 2926 1341 2929 1341 2932 1341 2926 1342 2932 1342 2935 1342 2926 1343 2935 1343 2938 1343 2926 1344 2938 1344 2942 1344 2926 1345 2942 1345 2945 1345 2926 1346 2945 1346 2948 1346 2926 1347 2948 1347 2951 1347 2926 1348 2951 1348 2954 1348 2926 1349 2954 1349 2889 1349 2926 1350 2889 1350 2886 1350 2958 1351 2962 1351 2965 1351 2958 1352 2965 1352 2968 1352 2958 1353 2968 1353 2972 1353 2958 1354 2972 1354 2975 1354 2958 1355 2975 1355 2978 1355 2958 1356 2978 1356 2982 1356 2958 1357 2982 1357 2985 1357 2958 1358 2985 1358 2988 1358 2958 1359 2988 1359 2992 1359 2957 1360 2991 1360 2995 1360 2998 1350 3001 1350 3005 1350 2998 1361 3005 1361 3008 1361 2998 1362 3008 1362 3011 1362 2998 1363 3011 1363 3014 1363 2998 1364 3014 1364 3018 1364 2998 1365 3018 1365 3021 1365 2998 1366 3021 1366 3025 1366 2998 1367 3025 1367 3028 1367 2998 1368 3028 1368 3031 1368 2998 1369 3031 1369 3034 1369 2998 1370 3034 1370 2972 1370 2998 1371 2972 1371 2968 1371 2965 1372 2962 1372 3037 1372 3037 1373 2962 1373 3040 1373 3037 1374 3040 1374 3043 1374 2857 1375 2853 1375 3040 1375 3040 1376 2853 1376 3047 1376 3040 1377 3047 1377 3043 1377 2861 1378 2857 1378 3051 1378 3051 1379 2857 1379 3054 1379 3051 1380 3054 1380 3057 1380 3057 1381 3054 1381 3060 1381 3057 1382 3060 1382 3063 1382 3063 1383 3060 1383 3066 1383 3066 1384 3060 1384 3069 1384 3066 1385 3069 1385 3072 1385 3072 1386 3069 1386 3075 1386 3072 1387 3075 1387 3078 1387 3078 1388 3075 1388 3082 1388 3078 1389 3082 1389 3085 1389 3085 1390 3082 1390 3089 1390 3089 1391 3082 1391 3093 1391 3089 1392 3093 1392 3097 1392 3097 1393 3093 1393 3101 1393 3097 1394 3101 1394 3105 1394 3105 1395 3101 1395 3109 1395 3109 1396 3101 1396 2867 1396 3109 1397 2867 1397 2864 1397 3005 1398 3001 1398 3113 1398 3114 1399 3002 1399 3118 1399 3113 1400 3117 1400 3122 1400 2873 1401 2880 1401 3126 1401 3126 1402 2880 1402 3113 1402 3126 1403 3113 1403 3122 1403 2880 1404 2876 1404 3130 1404 3130 1405 2876 1405 3134 1405 3130 1406 3134 1406 3138 1406 3138 1407 3134 1407 3141 1407 3138 1408 3141 1408 3144 1408 3138 1409 3144 1409 3148 1409 3148 1410 3144 1410 3151 1410 3148 1411 3151 1411 3155 1411 3155 1412 3151 1412 3158 1412 3155 1413 3158 1413 3162 1413 3162 1414 3158 1414 3165 1414 3162 1415 3165 1415 3168 1415 3162 1416 3168 1416 3172 1416 3172 1417 3168 1417 3175 1417 3172 1418 3175 1418 3179 1418 3179 1419 3175 1419 3183 1419 3179 1420 3183 1420 3186 1420 3179 1421 3186 1421 2889 1421 2889 1422 3186 1422 3189 1422 2889 1423 3189 1423 2883 1423 690 1424 2963 1424 692 1424 693 1425 2964 1425 3035 1425 693 1426 3035 1426 695 1426 696 1427 3036 1427 3041 1427 696 1428 3041 1428 698 1428 700 1429 3042 1429 3045 1429 699 1430 3044 1430 702 1430 703 1431 3046 1431 2850 1431 704 1432 2851 1432 706 1432 707 1433 2852 1433 2858 1433 708 1434 2859 1434 710 1434 712 1435 2860 1435 3049 1435 711 1436 3048 1436 714 1436 715 1437 3050 1437 3055 1437 715 1438 3055 1438 717 1438 718 1439 3056 1439 3061 1439 718 1440 3061 1440 720 1440 721 1441 3062 1441 3065 1441 721 1442 3065 1442 610 1442 2963 1443 690 1443 2967 1443 2966 1444 687 1444 683 1444 2966 1445 683 1445 2996 1445 2997 1446 684 1446 679 1446 2997 1447 679 1447 2999 1447 3000 1448 680 1448 743 1448 3000 1449 743 1449 3115 1449 3116 1450 744 1450 740 1450 3116 1451 740 1451 3119 1451 3121 1452 741 1452 737 1452 3120 1453 736 1453 3123 1453 3124 1454 738 1454 732 1454 3125 1455 733 1455 2871 1455 2872 1456 734 1456 729 1456 2872 1457 729 1457 2874 1457 2875 1458 730 1458 726 1458 2875 1459 726 1459 3131 1459 3132 1460 727 1460 722 1460 3133 1461 723 1461 3139 1461 3140 1462 724 1462 543 1462 3140 1463 543 1463 3142 1463 3143 1464 544 1464 541 1464 3143 1465 541 1465 3150 1465 647 1466 2884 1466 650 1466 651 1467 2885 1467 2881 1467 651 1468 2881 1468 654 1468 655 1469 2882 1469 3187 1469 655 1470 3187 1470 657 1470 658 1471 3188 1471 3184 1471 658 1472 3184 1472 660 1472 662 1473 3185 1473 3181 1473 661 1474 3180 1474 664 1474 665 1475 3182 1475 3173 1475 665 1476 3173 1476 667 1476 668 1477 3174 1477 3166 1477 668 1478 3166 1478 670 1478 671 1479 3167 1479 3163 1479 671 1480 3163 1480 673 1480 674 1481 3164 1481 3156 1481 674 1482 3156 1482 676 1482 677 1483 3157 1483 3149 1483 677 1484 3149 1484 540 1484 2884 1485 647 1485 2925 1485 2924 229 646 229 642 229 2924 1486 642 1486 2921 1486 2922 1487 645 1487 640 1487 2922 1488 640 1488 2868 1488 2869 1489 641 1489 637 1489 2869 1490 637 1490 2862 1490 2863 1491 638 1491 634 1491 2863 1492 634 1492 3106 1492 3108 1493 635 1493 631 1493 3107 1494 630 1494 3102 1494 3104 1495 632 1495 627 1495 3103 1496 626 1496 3094 1496 3095 1497 628 1497 622 1497 3096 1498 623 1498 3086 1498 3088 1499 624 1499 619 1499 3087 1500 618 1500 3083 1500 3084 1501 620 1501 615 1501 3084 1502 615 1502 3076 1502 3077 1503 616 1503 612 1503 3077 1504 612 1504 3070 1504 3071 1505 613 1505 609 1505 3071 1506 609 1506 3064 1506 2928 1507 1911 1507 2930 1507 2931 1508 1912 1508 2017 1508 2931 1509 2017 1509 2933 1509 2934 1510 2018 1510 2014 1510 2934 1511 2014 1511 2936 1511 2937 1512 2015 1512 2011 1512 2937 1513 2011 1513 2939 1513 2940 1514 2012 1514 2007 1514 2941 1515 2008 1515 2943 1515 2944 1516 2009 1516 2004 1516 2944 1517 2004 1517 2946 1517 2947 1518 2005 1518 2001 1518 2947 1519 2001 1519 2949 1519 2950 1520 2002 1520 1998 1520 2950 1521 1998 1521 2952 1521 2953 1522 1999 1522 1995 1522 2953 1523 1995 1523 2887 1523 2888 1524 1996 1524 1992 1524 2888 1525 1992 1525 3176 1525 3177 1526 1993 1526 1988 1526 3178 1527 1989 1527 3169 1527 3171 1528 1990 1528 1985 1528 3170 1529 1984 1529 3159 1529 3161 1530 1986 1530 1981 1530 3160 1531 1980 1531 3152 1531 3153 1532 1982 1532 1976 1532 3154 1533 1978 1533 3146 1533 1911 1534 2928 1534 1916 1534 1915 229 2927 229 2918 229 1915 229 2918 229 1919 229 1921 1535 2919 1535 2915 1535 1920 1536 2914 1536 1923 1536 1924 1537 2916 1537 2911 1537 1924 1538 2911 1538 1926 1538 1927 1539 2912 1539 2908 1539 1927 1540 2908 1540 1929 1540 1930 1541 2909 1541 2904 1541 1931 1542 2905 1542 1933 1542 1934 1543 2906 1543 2901 1543 1934 1544 2901 1544 1936 1544 1937 1545 2902 1545 2897 1545 1937 1546 2897 1546 1939 1546 1940 1547 2898 1547 2894 1547 1940 1548 2894 1548 1942 1548 1943 1549 2895 1549 2890 1549 1943 1550 2890 1550 1945 1550 1946 1551 2891 1551 2865 1551 1946 1552 2865 1552 1948 1552 1950 1553 2866 1553 3099 1553 1949 1554 3098 1554 1952 1554 1953 1555 3100 1555 3090 1555 1954 1556 3091 1556 1956 1556 1957 1557 3092 1557 3079 1557 1958 1558 3080 1558 1960 1558 1961 1559 3081 1559 3073 1559 1961 1560 3073 1560 1963 1560 1964 1561 3074 1561 3067 1561 1964 1562 3067 1562 1966 1562 2971 1563 2097 1563 2973 1563 2974 1564 2098 1564 2093 1564 2974 1565 2093 1565 2976 1565 2977 1566 2094 1566 2090 1566 2977 1567 2090 1567 2979 1567 2981 1568 2091 1568 2087 1568 2980 1569 2086 1569 2983 1569 2984 1570 2088 1570 2083 1570 2984 1571 2083 1571 2986 1571 2987 1572 2084 1572 2080 1572 2987 1573 2080 1573 2989 1573 2990 1574 2081 1574 2077 1574 2990 1575 2077 1575 2993 1575 2994 1576 2078 1576 2074 1576 2994 1577 2074 1577 2955 1577 2956 1578 2075 1578 2071 1578 2956 1579 2071 1579 2959 1579 2960 1580 2072 1580 2067 1580 2961 1581 2068 1581 3038 1581 3039 1582 2069 1582 2064 1582 3039 1583 2064 1583 2854 1583 2856 1584 2065 1584 2061 1584 2855 1585 2060 1585 3052 1585 3053 1586 2062 1586 2057 1586 3053 1587 2057 1587 3058 1587 3059 1588 2058 1588 1967 1588 3059 1589 1967 1589 3068 1589 2096 1590 2970 1590 2101 1590 2100 156 2969 156 3032 156 2100 1591 3032 1591 2103 1591 2104 1592 3033 1592 3029 1592 2104 1593 3029 1593 2107 1593 2108 1594 3030 1594 3026 1594 2108 1595 3026 1595 2111 1595 2112 1596 3027 1596 3022 1596 2113 1597 3023 1597 2115 1597 2116 1598 3024 1598 3019 1598 2116 1599 3019 1599 2118 1599 2119 1600 3020 1600 3015 1600 2120 1601 3016 1601 2122 1601 2123 1602 3017 1602 3012 1602 2123 1603 3012 1603 2125 1603 2126 1604 3013 1604 3009 1604 2126 1605 3009 1605 2128 1605 2129 1606 3010 1606 3006 1606 2129 1607 3006 1607 2131 1607 2132 1608 3007 1608 3003 1608 2132 1609 3003 1609 2134 1609 2136 1610 3004 1610 3111 1610 2135 1611 3110 1611 2138 1611 2139 1612 3112 1612 2877 1612 2140 1613 2878 1613 2142 1613 2143 1614 2879 1614 3127 1614 2144 1615 3128 1615 2146 1615 2147 1616 3129 1616 3135 1616 2148 1617 3136 1617 2150 1617 2152 1618 3137 1618 3147 1618 2151 1619 3145 1619 1977 1619 2596 1620 2724 1620 2658 1620 2658 1621 2724 1621 2833 1621 2703 1622 2746 1622 2566 1622 2566 1623 2746 1623 2576 1623 2737 1624 2581 1624 2739 1624 2740 1625 2582 1625 2578 1625 2740 1626 2578 1626 2742 1626 2743 1627 2579 1627 2575 1627 2743 1628 2575 1628 2745 1628 2581 1624 2737 1624 2585 1624 2584 1629 2736 1629 2734 1629 2584 1630 2734 1630 2588 1630 2587 1631 2733 1631 2731 1631 2587 1632 2731 1632 2591 1632 2590 1633 2730 1633 2728 1633 2590 1634 2728 1634 2594 1634 2593 1635 2727 1635 2725 1635 2593 1636 2725 1636 2597 1636 2813 1637 2803 1637 2680 1637 2680 1638 2803 1638 2622 1638 2824 1639 2665 1639 2828 1639 2827 1640 2664 1640 2662 1640 2827 1641 2662 1641 2831 1641 2830 1642 2661 1642 2659 1642 2830 1642 2659 1642 2834 1642 2665 1639 2824 1639 2667 1639 2668 1643 2825 1643 2821 1643 2668 1643 2821 1643 2670 1643 2671 1644 2822 1644 2818 1644 2671 1645 2818 1645 2673 1645 2674 1646 2819 1646 2815 1646 2674 1647 2815 1647 2676 1647 2677 1648 2816 1648 2812 1648 2677 1649 2812 1649 2679 1649 2716 1650 2551 1650 2718 1650 2719 1651 2552 1651 2548 1651 2719 1652 2548 1652 2721 1652 2722 1653 2549 1653 929 1653 2722 1654 929 1654 926 1654 2551 1650 2716 1650 2555 1650 2554 1655 2715 1655 2713 1655 2554 1655 2713 1655 2558 1655 2557 1656 2712 1656 2710 1656 2557 1656 2710 1656 2561 1656 2560 1657 2709 1657 2707 1657 2560 1658 2707 1658 2564 1658 2563 1659 2706 1659 2704 1659 2563 1659 2704 1659 2567 1659 3190 1660 3195 1660 3196 1660 3190 1661 3199 1661 3195 1661 3204 1662 3205 1662 3208 1662 3204 1663 3208 1663 3213 1663 3218 1664 3221 1664 3222 1664 3226 1665 3218 1665 3222 1665 3229 1666 3195 1666 3232 1666 3232 1667 3195 1667 3235 1667 3235 1668 3195 1668 3199 1668 3240 1669 3244 1669 3247 1669 3222 1670 3221 1670 3248 1670 3252 1671 3256 1671 3195 1671 3256 1672 3260 1672 3195 1672 3260 1673 3196 1673 3195 1673 3264 1674 3267 1674 3271 1674 3278 1675 2645 1675 2780 1675 3278 1676 2780 1676 3286 1676 3278 1677 3286 1677 3290 1677 3278 1678 3290 1678 3293 1678 3278 1679 3293 1679 3296 1679 3300 1680 3306 1680 3307 1680 3303 1681 3308 1681 3312 1681 3302 1682 3311 1682 3317 1682 3300 1683 3316 1683 3320 1683 3300 1684 3320 1684 3324 1684 3300 1685 3324 1685 3328 1685 3300 1686 3328 1686 3331 1686 3301 1687 3332 1687 3336 1687 3302 1688 3337 1688 3249 1688 3300 1689 3248 1689 3221 1689 3342 1690 3345 1690 3349 1690 3342 1691 3349 1691 3354 1691 3342 1692 3354 1692 3358 1692 3342 1693 3358 1693 3361 1693 3342 1694 3361 1694 3364 1694 2779 1695 3367 1695 3372 1695 2781 1696 3373 1696 3378 1696 2780 1697 3377 1697 3382 1697 2780 1698 3382 1698 3386 1698 2780 1699 3386 1699 3390 1699 2780 1700 3390 1700 3394 1700 2780 1701 3394 1701 3398 1701 2780 1702 3398 1702 3402 1702 2780 1703 3402 1703 3406 1703 2780 1704 3406 1704 3409 1704 2780 1705 3409 1705 3412 1705 2780 1706 3412 1706 3415 1706 2780 1707 3415 1707 3418 1707 2780 1708 3418 1708 3421 1708 2780 1709 3421 1709 3424 1709 2780 1710 3424 1710 3218 1710 2780 1711 3218 1711 3226 1711 2780 1712 3226 1712 3428 1712 2780 1713 3428 1713 3432 1713 2780 1714 3432 1714 3436 1714 2780 1715 3436 1715 3439 1715 2780 1716 3439 1716 3443 1716 2780 1717 3443 1717 3446 1717 2780 1718 3446 1718 3450 1718 2780 1719 3450 1719 3454 1719 2780 1720 3454 1720 3459 1720 2778 1721 3458 1721 3284 1721 3464 1722 3467 1722 3472 1722 3463 1723 3471 1723 3475 1723 3463 1724 3475 1724 3479 1724 3283 1725 3462 1725 3478 1725 3286 1726 3479 1726 3482 1726 3286 1727 3482 1727 3486 1727 3285 1728 3485 1728 3289 1728 2776 1729 3489 1729 3492 1729 2776 1730 3492 1730 3495 1730 2776 1731 3495 1731 3499 1731 2776 1732 3499 1732 3502 1732 2776 1733 3502 1733 3506 1733 2776 1734 3506 1734 3509 1734 2776 1735 3509 1735 3368 1735 2776 1736 3368 1736 2780 1736 3495 1737 3492 1737 3204 1737 3495 1738 3204 1738 3213 1738 3494 1739 3212 1739 3512 1739 3495 1740 3513 1740 3516 1740 3495 1741 3516 1741 3520 1741 3495 1742 3520 1742 3524 1742 3495 1743 3524 1743 3528 1743 3495 1744 3528 1744 3531 1744 3495 1745 3531 1745 3534 1745 3495 1746 3534 1746 3538 1746 3495 1747 3538 1747 3195 1747 3495 1748 3195 1748 3229 1748 3494 1749 3228 1749 3539 1749 3496 1750 3540 1750 3545 1750 3495 1751 3544 1751 3548 1751 3495 1752 3548 1752 3551 1752 3495 1753 3551 1753 3554 1753 3495 1754 3554 1754 3559 1754 3493 1755 3558 1755 3563 1755 3364 1756 3205 1756 3204 1756 3364 1757 3204 1757 3569 1757 3364 1758 3569 1758 3572 1758 3364 1759 3572 1759 3575 1759 3364 1760 3575 1760 3578 1760 3364 1761 3578 1761 3582 1761 3364 1762 3582 1762 3585 1762 3364 1763 3585 1763 3589 1763 3364 1764 3589 1764 3592 1764 3364 1765 3592 1765 3595 1765 3364 1766 3595 1766 3598 1766 3364 1767 3598 1767 3342 1767 3403 1768 3399 1768 3603 1768 3402 1769 3602 1769 3607 1769 3402 1770 3607 1770 3611 1770 3402 1771 3611 1771 3244 1771 3402 1772 3244 1772 3240 1772 3347 1773 3612 1773 3617 1773 3349 1774 3618 1774 3622 1774 3349 1775 3622 1775 3625 1775 3349 1776 3625 1776 3628 1776 3349 1777 3628 1777 3631 1777 3349 1778 3631 1778 3635 1778 3350 1779 3636 1779 3253 1779 3349 1780 3252 1780 3195 1780 3349 1781 3195 1781 3641 1781 3349 1782 3641 1782 3644 1782 3349 1783 3644 1783 3648 1783 3349 1784 3648 1784 3651 1784 3349 1785 3651 1785 3654 1785 3349 1786 3654 1786 3656 1786 3349 1787 3656 1787 3658 1787 3349 1788 3658 1788 3662 1788 3348 1789 3661 1789 3353 1789 3296 1790 3667 1790 3671 1790 3296 1791 3671 1791 3675 1791 3296 1792 3675 1792 3679 1792 3296 1793 3679 1793 3683 1793 3297 1794 3684 1794 3279 1794 2645 1795 3278 1795 3688 1795 2645 1796 3688 1796 3692 1796 2645 1797 3692 1797 3696 1797 2645 1798 3696 1798 3700 1798 2645 1799 3700 1799 3703 1799 2646 1800 3704 1800 3707 1800 2644 1801 3706 1801 3709 1801 2651 1802 2645 1802 3710 1802 2651 1803 3710 1803 3713 1803 2651 1804 3713 1804 3716 1804 2651 1805 3716 1805 3720 1805 2651 1806 3720 1806 3725 1806 2650 1807 3724 1807 3348 1807 2651 1808 3349 1808 3345 1808 2652 1809 3346 1809 3730 1809 3471 1810 3466 1810 3733 1810 3733 1811 3466 1811 3734 1811 3733 1812 3734 1812 3306 1812 3306 1813 3734 1813 3307 1813 3564 1814 3560 1814 3738 1814 3737 1815 3559 1815 3742 1815 3737 1816 3742 1816 3745 1816 3750 1817 3752 1817 3742 1817 3742 1818 3752 1818 3755 1818 3742 1819 3755 1819 3745 1819 3240 1820 3247 1820 3750 1820 3750 1821 3247 1821 3759 1821 3750 1822 3759 1822 3752 1822 3618 1823 3613 1823 3271 1823 3272 1824 3614 1824 3762 1824 3270 1825 3761 1825 3263 1825 3271 1826 3267 1826 3767 1826 3767 1827 3267 1827 3769 1827 3767 1822 3769 1822 3773 1822 3767 1828 3773 1828 3667 1828 3667 1829 3773 1829 3777 1829 3667 1830 3777 1830 3671 1830 2794 1831 2629 1831 2798 1831 2797 1832 2628 1832 2626 1832 2797 1832 2626 1832 2801 1832 2800 1833 2625 1833 2623 1833 2800 1834 2623 1834 2804 1834 2629 1835 2794 1835 2631 1835 2632 1836 2795 1836 2790 1836 2633 1837 2791 1837 2635 1837 2636 1838 2792 1838 2787 1838 2636 1839 2787 1839 2638 1839 2639 1840 2788 1840 2784 1840 2639 1841 2784 1841 2641 1841 2642 1842 2785 1842 2782 1842 2642 1842 2782 1842 2647 1842 2682 1843 2809 1843 1970 1843 1970 1844 2809 1844 1908 1844 2772 1845 2766 1845 3780 1845 2772 1846 3780 1846 3784 1846 2772 1847 3784 1847 3787 1847 2772 1848 3787 1848 3790 1848 2772 1849 3790 1849 3793 1849 2772 1850 3793 1850 3796 1850 2772 1851 3796 1851 3800 1851 2772 1852 3800 1852 3803 1852 2772 1853 3803 1853 3806 1853 2772 1854 3806 1854 3809 1854 2772 1855 3809 1855 3812 1855 2773 1856 3813 1856 3817 1856 3821 1857 3825 1857 3828 1857 3821 1858 3828 1858 3831 1858 3821 1859 3831 1859 3834 1859 3821 1860 3834 1860 3837 1860 3821 1861 3837 1861 3840 1861 3821 1862 3840 1862 3843 1862 3821 1863 3843 1863 3847 1863 3821 1864 3847 1864 3850 1864 3821 1865 3850 1865 3854 1865 3821 1866 3854 1866 3857 1866 3821 1867 3857 1867 3860 1867 3821 1868 3860 1868 3863 1868 3821 1869 3863 1869 3866 1869 3821 1870 3866 1870 3869 1870 3821 1871 3869 1871 3873 1871 3822 1872 3874 1872 3879 1872 3873 1873 2772 1873 3816 1873 3873 1874 3816 1874 3882 1874 3873 1875 3882 1875 3885 1875 3873 1876 3885 1876 3888 1876 3873 1877 3888 1877 3892 1877 3872 1878 3891 1878 3878 1878 2766 1879 2614 1879 3895 1879 2766 1880 3895 1880 3898 1880 2766 1881 3898 1881 3901 1881 2766 1882 3901 1882 3904 1882 2766 1883 3904 1883 3907 1883 2766 1884 3907 1884 3911 1884 2766 1885 3911 1885 3914 1885 2766 1886 3914 1886 3918 1886 2766 1887 3918 1887 3921 1887 2766 1888 3921 1888 3924 1888 2766 1889 3924 1889 3927 1889 2766 1890 3927 1890 3930 1890 2766 1891 3930 1891 3933 1891 2766 1892 3933 1892 3936 1892 2766 1893 3936 1893 3939 1893 2766 1894 3939 1894 3942 1894 2766 1895 3942 1895 3945 1895 2766 1896 3945 1896 3948 1896 2767 1897 3949 1897 3952 1897 2768 1898 3953 1898 3781 1898 2655 1899 3956 1899 3960 1899 2656 1900 3961 1900 3964 1900 2656 1901 3964 1901 3967 1901 2656 1902 3967 1902 3971 1902 2656 1903 3971 1903 3974 1903 2656 1904 3974 1904 3977 1904 2656 1905 3977 1905 3980 1905 2656 1906 3980 1906 3983 1906 2656 1907 3983 1907 3986 1907 2656 1908 3986 1908 3989 1908 2656 1909 3989 1909 3992 1909 2656 1910 3992 1910 2614 1910 3825 1911 3821 1911 3996 1911 3825 1912 3996 1912 3999 1912 3825 1913 3999 1913 4002 1913 3825 1914 4002 1914 4005 1914 3825 1915 4005 1915 4008 1915 3825 1916 4008 1916 3957 1916 3825 1917 3957 1917 2656 1917 2615 1918 3993 1918 4011 1918 2616 1919 4012 1919 4016 1919 2614 1920 4015 1920 4019 1920 2614 1921 4019 1921 4022 1921 2614 1922 4022 1922 4025 1922 2614 1923 4025 1923 4028 1923 2614 1924 4028 1924 4031 1924 2614 1925 4031 1925 4034 1925 2614 1926 4034 1926 4037 1926 2614 1927 4037 1927 4040 1927 2614 1928 4040 1928 4044 1928 2614 1929 4044 1929 4047 1929 2614 1930 4047 1930 4051 1930 2614 1931 4051 1931 4054 1931 2614 1932 4054 1932 4057 1932 2614 1933 4057 1933 4060 1933 2614 1934 4060 1934 4063 1934 2614 1935 4063 1935 4066 1935 2614 1936 4066 1936 3895 1936 2617 1937 2769 1937 2620 1937 2620 1938 2769 1938 2807 1938 2619 1939 2806 1939 2686 1939 2686 1940 2806 1940 2849 1940 2685 1941 2848 1941 2689 1941 2689 1942 2848 1942 2846 1942 2688 1943 2845 1943 2692 1943 2692 1944 2845 1944 2843 1944 2691 1945 2842 1945 2695 1945 2695 1946 2842 1946 2840 1946 2694 1947 2839 1947 2698 1947 2698 1948 2839 1948 2837 1948 2697 1949 2836 1949 2683 1949 2683 1950 2836 1950 2810 1950 2573 1951 2749 1951 2599 1951 2599 1952 2749 1952 2763 1952 2600 1953 2764 1953 2602 1953 2602 1954 2764 1954 2760 1954 2603 1955 2761 1955 2605 1955 2605 1955 2761 1955 2757 1955 2606 1956 2758 1956 2608 1956 2608 1957 2758 1957 2754 1957 2609 1958 2755 1958 2611 1958 2611 1959 2755 1959 2751 1959 2612 1960 2752 1960 2569 1960 2569 1961 2752 1961 2700 1961 2570 1962 2701 1962 1581 1962 1581 1963 2701 1963 1507 1963 904 1964 1486 1964 875 1964 875 1965 1486 1965 1438 1965 932 1966 1577 1966 1192 1966 1192 1967 1577 1967 1782 1967 1193 1968 1784 1968 1196 1968 1195 1969 1783 1969 1779 1969 1197 1970 1780 1970 746 1970 746 1971 1780 1971 1328 1971 747 1972 1329 1972 913 1972 913 1973 1329 1973 1503 1973 914 1974 1504 1974 916 1974 916 1975 1504 1975 1500 1975 917 1976 1501 1976 919 1976 919 1977 1501 1977 1497 1977 920 1978 1498 1978 922 1978 922 1979 1498 1979 1494 1979 923 1980 1495 1980 903 1980 903 1981 1495 1981 1485 1981 997 1982 1233 1982 1511 1982 1511 1983 1233 1983 1815 1983 874 1984 1437 1984 879 1984 879 1985 1437 1985 1434 1985 878 1986 1433 1986 882 1986 882 1987 1433 1987 1430 1987 881 1988 1429 1988 885 1988 885 1989 1429 1989 1426 1989 884 1990 1425 1990 888 1990 888 1991 1425 1991 1423 1991 887 1992 1422 1992 843 1992 843 1993 1422 1993 1417 1993 842 1994 1416 1994 1230 1994 1230 1995 1416 1995 1813 1995 1229 1996 1812 1996 1235 1996 1234 1997 1811 1997 1816 1997 3846 1998 3584 1998 3849 1998 3849 1999 3584 1999 3581 1999 2771 2000 3870 2000 2775 2000 2775 2001 3870 2001 3487 2001 3848 2002 3579 2002 3852 2002 3853 2003 3580 2003 3577 2003 3851 2004 3576 2004 3856 2004 3856 2005 3576 2005 3574 2005 3855 2006 3573 2006 3859 2006 3859 2007 3573 2007 3571 2007 3858 2008 3570 2008 3862 2008 3862 2009 3570 2009 3568 2009 3861 2010 3567 2010 3865 2010 3865 2011 3567 2011 3203 2011 3864 2012 3202 2012 3868 2012 3868 2013 3202 2013 3491 2013 3867 2014 3490 2014 3871 2014 3871 2015 3490 2015 3488 2015 2654 2016 2649 2016 3823 2016 3823 2017 2649 2017 3728 2017 3824 2018 3729 2018 3826 2018 3826 2019 3729 2019 3343 2019 3827 2020 3344 2020 3829 2020 3829 2021 3344 2021 3340 2021 3830 2022 3341 2022 3832 2022 3832 2023 3341 2023 3596 2023 3833 2024 3597 2024 3835 2024 3835 2025 3597 2025 3593 2025 3836 2026 3594 2026 3838 2026 3838 2027 3594 2027 3590 2027 3839 2028 3591 2028 3841 2028 3841 2029 3591 2029 3586 2029 3842 2030 3587 2030 3844 2030 3845 2031 3588 2031 3583 2031 4069 2032 4074 2032 4078 2032 4082 2033 4086 2033 4089 2033 4086 2034 4092 2034 4089 2034 4092 2035 4095 2035 4089 2035 4095 2036 4098 2036 4089 2036 4101 2037 4104 2037 4107 2037 4110 2038 4089 2038 4113 2038 4113 2039 4089 2039 4116 2039 4116 2040 4089 2040 4119 2040 4119 2041 4089 2041 4098 2041 4122 2042 4126 2042 4129 2042 4133 2043 4136 2043 4139 2043 4143 2044 4147 2044 4151 2044 4154 2045 4157 2045 4160 2045 4154 2046 4160 2046 4164 2046 4154 2047 4164 2047 4169 2047 4154 2048 4169 2048 4173 2048 4178 2049 4182 2049 4186 2049 4178 2050 4186 2050 4190 2050 4177 2051 4189 2051 4194 2051 4199 2052 4204 2052 4208 2052 4200 2053 4209 2053 4212 2053 4200 2054 4212 2054 4182 2054 4201 2055 4183 2055 4179 2055 4215 2056 4218 2056 4221 2056 4215 2057 4221 2057 4224 2057 4215 2058 4224 2058 4227 2058 4215 2059 4227 2059 4205 2059 4215 2060 4205 2060 4200 2060 4215 2061 4200 2061 4231 2061 4215 2062 4231 2062 4234 2062 4215 2063 4234 2063 4237 2063 4215 2064 4237 2064 4241 2064 4221 2065 4218 2065 4245 2065 4221 2066 4245 2066 4248 2066 4221 2067 4248 2067 4252 2067 4221 2068 4252 2068 4255 2068 4221 2069 4255 2069 4258 2069 4221 2070 4258 2070 4261 2070 4221 2071 4261 2071 4264 2071 4221 2072 4264 2072 4267 2072 4270 2073 4274 2073 4278 2073 4270 2074 4278 2074 4282 2074 4270 2075 4282 2075 4286 2075 4270 2076 4286 2076 4290 2076 4270 2077 4290 2077 4294 2077 4160 2078 4297 2078 4300 2078 4161 2079 4301 2079 4305 2079 4160 2080 4304 2080 4308 2080 4160 2081 4308 2081 4311 2081 4160 2082 4311 2082 4314 2082 4160 2083 4314 2083 4164 2083 4169 2084 4318 2084 4241 2084 4168 2085 4240 2085 4323 2085 4170 2086 4324 2086 4328 2086 4169 2087 4327 2087 4332 2087 4169 2088 4332 2088 4335 2088 4169 2089 4335 2089 4338 2089 4169 2090 4338 2090 4341 2090 4169 2091 4341 2091 4346 2091 4169 2092 4346 2092 4349 2092 4169 2093 4349 2093 4352 2093 4169 2094 4352 2094 4355 2094 4169 2095 4355 2095 4359 2095 4169 2096 4359 2096 4362 2096 4169 2097 4362 2097 4365 2097 4169 2098 4365 2098 4368 2098 4169 2099 4368 2099 4173 2099 4346 2100 4341 2100 4373 2100 4345 2101 4372 2101 4377 2101 4346 2102 4378 2102 4381 2102 4385 2103 4389 2103 4394 2103 4385 2104 4394 2104 4400 2104 4385 2105 4400 2105 4403 2105 4386 2106 4404 2106 4408 2106 4384 2107 4407 2107 4273 2107 4394 2108 4389 2108 4411 2108 4394 2109 4411 2109 4414 2109 4394 2110 4414 2110 4417 2110 4394 2111 4417 2111 4420 2111 4394 2112 4420 2112 4423 2112 4394 2113 4423 2113 4426 2113 4394 2114 4426 2114 4429 2114 4394 2115 4429 2115 4074 2115 4395 2116 4075 2116 4070 2116 4433 2117 4436 2117 4439 2117 4433 2118 4439 2118 4443 2118 4433 2119 4443 2119 4446 2119 4433 2120 4446 2120 4078 2120 4433 2121 4078 2121 4074 2121 4449 2122 4160 2122 4157 2122 4449 2123 4157 2123 4452 2123 4449 2124 4452 2124 4456 2124 4449 2125 4456 2125 4459 2125 4449 2126 4459 2126 4462 2126 4449 2127 4462 2127 4436 2127 4449 2128 4436 2128 4433 2128 4274 2129 4270 2129 4465 2129 4274 2130 4465 2130 4468 2130 4274 2131 4468 2131 4471 2131 4274 2132 4471 2132 4474 2132 4274 2133 4474 2133 4477 2133 4274 2134 4477 2134 4480 2134 4274 2135 4480 2135 4483 2135 4274 2136 4483 2136 4486 2136 4274 2137 4486 2137 4489 2137 4274 2138 4489 2138 4492 2138 4274 2139 4492 2139 4495 2139 4274 2140 4495 2140 4498 2140 4274 2141 4498 2141 4501 2141 4274 2142 4501 2142 4504 2142 4274 2143 4504 2143 4508 2143 4274 2144 4508 2144 4385 2144 4394 2145 4511 2145 4515 2145 4394 2146 4515 2146 4518 2146 4394 2147 4518 2147 4521 2147 4394 2148 4521 2148 4525 2148 4394 2149 4525 2149 4528 2149 4394 2150 4528 2150 4532 2150 4392 2151 4531 2151 4081 2151 4394 2152 4082 2152 4089 2152 4394 2153 4089 2153 4535 2153 4394 2154 4535 2154 4538 2154 4394 2155 4538 2155 4542 2155 4394 2156 4542 2156 4545 2156 4394 2157 4545 2157 4548 2157 4394 2158 4548 2158 4551 2158 4394 2159 4551 2159 4555 2159 4396 2160 4556 2160 4561 2160 4393 2161 4560 2161 4399 2161 4173 2162 4564 2162 4567 2162 4173 2163 4567 2163 4571 2163 4173 2164 4571 2164 4574 2164 4173 2165 4574 2165 4577 2165 4173 2166 4577 2166 4154 2166 4318 2167 4169 2167 4580 2167 4318 2168 4580 2168 4583 2168 4318 2169 4583 2169 4586 2169 4318 2170 4586 2170 4589 2170 4318 2171 4589 2171 4592 2171 4319 2172 4593 2172 4596 2172 4319 2173 4596 2173 4599 2173 4291 2174 4287 2174 4604 2174 4290 2175 4603 2175 4608 2175 4290 2176 4608 2176 4612 2176 4290 2177 4612 2177 4616 2177 4290 2178 4616 2178 4620 2178 4290 2179 4620 2179 4624 2179 4290 2180 4624 2180 4627 2180 4290 2181 4627 2181 4630 2181 4290 2182 4630 2182 4089 2182 4290 2183 4089 2183 4110 2183 4290 2184 4110 2184 4633 2184 4290 2185 4633 2185 4636 2185 4290 2186 4636 2186 4639 2186 4290 2187 4639 2187 4642 2187 4290 2188 4642 2188 4645 2188 4290 2189 4645 2189 4648 2189 4290 2190 4648 2190 4651 2190 4654 2191 4224 2191 4658 2191 4654 2192 4658 2192 4661 2192 4654 2193 4661 2193 4665 2193 4654 2194 4665 2194 4126 2194 4654 2195 4126 2195 4122 2195 4224 2196 4221 2196 4668 2196 4224 2197 4668 2197 4671 2197 4224 2198 4671 2198 4658 2198 4317 2199 4674 2199 4677 2199 4319 2200 4678 2200 4681 2200 4319 2201 4681 2201 4684 2201 4320 2202 4685 2202 4689 2202 4318 2203 4688 2203 4692 2203 4318 2204 4692 2204 4695 2204 4318 2205 4695 2205 4215 2205 4318 2206 4215 2206 4241 2206 4290 2207 4143 2207 4151 2207 4290 2208 4151 2208 4698 2208 4290 2209 4698 2209 4701 2209 4290 2210 4701 2210 4704 2210 4290 2211 4704 2211 4708 2211 4290 2212 4708 2212 4711 2212 4290 2213 4711 2213 4715 2213 4290 2214 4715 2214 4718 2214 4290 2215 4718 2215 4294 2215 4721 2216 4151 2216 4147 2216 4722 2217 4148 2217 4727 2217 4723 2218 4728 2218 4733 2218 4721 2219 4732 2219 4736 2219 4721 2220 4736 2220 4740 2220 4721 2221 4740 2221 4743 2221 4721 2222 4743 2222 4746 2222 4746 2223 4743 2223 4750 2223 4746 2224 4750 2224 4754 2224 4746 2225 4754 2225 4758 2225 4746 2226 4758 2226 4267 2226 4746 2227 4267 2227 4264 2227 4195 2228 4190 2228 4762 2228 4762 2229 4190 2229 4765 2229 4762 2230 4765 2230 4769 2230 4769 2231 4765 2231 4772 2231 4769 2232 4772 2232 4776 2232 4776 2233 4772 2233 4780 2233 4780 2234 4772 2234 4136 2234 4780 2235 4136 2235 4133 2235 4346 2236 4381 2236 4783 2236 4783 2237 4381 2237 4786 2237 4783 2238 4786 2238 4136 2238 4136 2239 4786 2239 4789 2239 4136 2240 4789 2240 4139 2240 4515 2241 4511 2241 4107 2241 4107 2242 4511 2242 4793 2242 4107 2243 4793 2243 4101 2243 4107 2244 4104 2244 4796 2244 4796 2245 4104 2245 4799 2245 4796 2246 4799 2246 4803 2246 4796 2247 4803 2247 4564 2247 4564 2248 4803 2248 4806 2248 4564 2249 4806 2249 4567 2249 4651 2250 4648 2250 4809 2250 4809 2251 4648 2251 4812 2251 4809 2252 4812 2252 4815 2252 4122 2253 4129 2253 4812 2253 4812 2254 4129 2254 4819 2254 4812 2255 4819 2255 4815 2255 3325 2256 4663 2256 3330 2256 3329 2257 4662 2257 4660 2257 3329 2258 4660 2258 3335 2258 3333 2259 4659 2259 4656 2259 3334 2260 4657 2260 3339 2260 3338 2261 4655 2261 4670 2261 3338 2262 4670 2262 3251 2262 3250 2263 4669 2263 4667 2263 3250 2264 4667 2264 3224 2264 3223 2265 4666 2265 4220 2265 3223 2266 4220 2266 3227 2266 4664 2267 3327 2267 4124 2267 4123 2268 3326 2268 3322 2268 4125 2269 3323 2269 4128 2269 4127 2270 3321 2270 3319 2270 4127 2271 3319 2271 4818 2271 4817 2272 3318 2272 3315 2272 4816 2273 3314 2273 4814 2273 4813 2274 3313 2274 3310 2274 4813 2275 3310 2275 4808 2275 4807 2276 3309 2276 3736 2276 4807 2277 3736 2277 4650 2277 4649 2278 3735 2278 3468 2278 4649 2279 3468 2279 4289 2279 3445 2280 4735 2280 3449 2280 3447 2281 4734 2281 4730 2281 3448 2282 4731 2282 3453 2282 3452 2283 4729 2283 4726 2283 3451 2284 4725 2284 3457 2284 3456 2285 4724 2285 4146 2285 3455 2286 4145 2286 3282 2286 3280 2287 4144 2287 4141 2287 3281 2288 4142 2288 3461 2288 3460 2289 4140 2289 4288 2289 3460 2290 4288 2290 3465 2290 4735 2291 3445 2291 4739 2291 4737 2292 3444 2292 3441 2292 4738 2293 3442 2293 4742 2293 4741 2294 3440 2294 3438 2294 4741 2295 3438 2295 4749 2295 4747 2296 3437 2296 3434 2296 4748 2297 3435 2297 4753 2297 4751 2298 3433 2298 3430 2298 4752 2299 3431 2299 4757 2299 4755 2300 3429 2300 3426 2300 4756 2301 3427 2301 4266 2301 4265 2302 3425 2302 3225 2302 4265 2303 3225 2303 4219 2303 3365 2304 4461 2304 3207 2304 3206 2305 4460 2305 4458 2305 3206 2306 4458 2306 3211 2306 3210 2307 4457 2307 4455 2307 3209 2308 4454 2308 3215 2308 3214 2309 4453 2309 4451 2309 3214 2310 4451 2310 3515 2310 3514 2311 4450 2311 4156 2311 3514 2312 4156 2312 3518 2312 3517 2313 4155 2313 4153 2313 3517 2314 4153 2314 3521 2314 4461 2315 3365 2315 4434 2315 4435 2316 3366 2316 3363 2316 4435 2317 3363 2317 4438 2317 4437 2318 3362 2318 3360 2318 4437 2319 3360 2319 4442 2319 4440 2320 3359 2320 3356 2320 4441 2321 3357 2321 4445 2321 4444 2322 3355 2322 3664 2322 4444 2323 3664 2323 4077 2323 4076 2324 3663 2324 3660 2324 4076 2325 3660 2325 4068 2325 4067 2326 3659 2326 3657 2326 4067 2327 3657 2327 4391 2327 3194 2328 4798 2328 3640 2328 3639 2329 4797 2329 4103 2329 3639 2330 4103 2330 3643 2330 3642 2331 4102 2331 4100 2331 3642 2332 4100 2332 3647 2332 3645 2333 4099 2333 4791 2333 3646 2334 4792 2334 3650 2334 3649 2335 4790 2335 4510 2335 3649 2336 4510 2336 3653 2336 3652 2337 4509 2337 4390 2337 3652 2338 4390 2338 3655 2338 4798 2339 3194 2339 4802 2339 4800 2340 3193 2340 3536 2340 4801 2341 3537 2341 4805 2341 4804 2342 3535 2342 3533 2342 4804 2343 3533 2343 4566 2343 4565 2344 3532 2345 3530 2346 4565 2344 3530 2346 4570 2347 4569 2348 3529 2348 3527 2348 4568 2349 3526 2349 4573 2349 4572 2350 3525 2350 3523 2350 4572 2351 3523 2351 4576 2351 4575 2352 3522 2352 3519 2352 4575 2353 3519 2353 4152 2353 3760 2354 4787 2354 3753 2354 3754 2355 4788 2355 4784 2355 3754 2356 4784 2356 3756 2356 3757 2357 4785 2357 4379 2357 3757 2358 4379 2358 3746 2358 3747 2359 4380 2359 4374 2359 3748 2360 4375 2360 3739 2360 3741 2361 4376 2361 4370 2361 3740 2362 4369 2362 3565 2362 3566 2363 4371 2363 4340 2363 3566 2364 4340 2364 3498 2364 4787 2365 3760 2365 4138 2365 4137 2366 3758 2366 3245 2366 4137 2367 3245 2367 4130 2367 4132 2368 3246 2368 3242 2368 4131 2369 3241 2369 4777 2369 4778 2370 3243 2370 3608 2370 4779 2371 3609 2371 4773 2371 4774 2372 3610 2372 3604 2372 4775 2373 3605 2373 4766 2373 4768 2374 3606 2374 3600 2374 4767 2375 3599 2375 4759 2375 4760 2376 3601 2376 3396 2376 4761 2377 3397 2377 4193 2377 3371 2378 4235 2378 3375 2378 3376 2379 4236 2379 4232 2379 3376 2380 4232 2380 3379 2380 3381 2381 4233 2381 4229 2381 3380 2382 4228 2382 3383 2382 3385 2383 4230 2383 4197 2383 3384 2384 4196 2384 3387 2384 3389 2385 4198 2385 4175 2385 3388 2386 4174 2386 3391 2386 3393 2387 4176 2387 4192 2387 3392 2388 4191 2388 3395 2388 4235 2389 3371 2389 4238 2389 4239 2390 3374 2390 3369 2390 4239 2391 3369 2391 4321 2391 4322 2392 3370 2392 3510 2392 4322 2393 3510 2393 4325 2393 4326 2394 3511 2394 3507 2394 4326 2395 3507 2395 4329 2395 4331 2396 3508 2396 3504 2396 4330 2397 3503 2397 4333 2397 4334 2398 3505 2398 3500 2398 4334 2399 3500 2399 4336 2399 4337 2400 3501 2400 3497 2400 4337 2401 3497 2401 4339 2401 3708 2402 4405 2402 3711 2402 3712 2403 4406 2403 4401 2403 3712 2404 4401 2404 3714 2404 3715 2405 4402 2405 4397 2405 3715 2406 4397 2406 3717 2406 3718 2359 4398 2359 4557 2359 3719 2407 4558 2407 3721 2407 3723 2408 4559 2408 4553 2408 3722 2409 4552 2409 3726 2409 3727 2410 4554 2410 4550 2410 3727 2364 4550 2364 3352 2364 4405 2411 3708 2411 4272 2411 4271 2412 3705 2412 3701 2412 4271 2413 3701 2413 4275 2413 4277 2414 3702 2414 3698 2414 4276 2415 3697 2415 4279 2415 4280 2416 3699 2416 3693 2416 4281 2417 3694 2417 4283 2417 4284 2372 3695 2372 3689 2372 4285 2418 3690 2418 4600 2418 4602 2419 3691 2419 3686 2419 4601 2420 3685 2420 4605 2420 4606 2376 3687 2376 3276 2376 4607 2421 3277 2421 4611 2421 3772 2422 4628 2422 3775 2422 3776 2423 4629 2423 4625 2423 3776 2424 4625 2424 3668 2424 3670 2425 4626 2425 4622 2425 3669 2426 4621 2426 3672 2426 3674 2427 4623 2427 4618 2427 3673 2428 4617 2428 3676 2428 3678 2385 4619 2385 4614 2385 3677 2429 4613 2429 3680 2429 3682 2430 4615 2430 4610 2430 3681 2431 4609 2431 3275 2431 4628 2432 3772 2432 4087 2432 4088 2433 3774 2433 3770 2433 4088 2434 3770 2434 4533 2434 4534 2435 3771 2435 3268 2435 4534 2436 3268 2436 4536 2436 4537 2437 3269 2437 3265 2437 4537 2438 3265 2438 4539 2438 4541 2439 3266 2439 3764 2439 4540 2440 3763 2440 4543 2440 4544 2398 3765 2398 3615 2398 4544 2441 3615 2441 4546 2441 4547 2442 3616 2442 3351 2442 4547 2443 3351 2443 4549 2443 3768 2444 4093 2444 3273 2444 3274 2445 4094 2445 4090 2445 3274 2446 4090 2446 3619 2446 3621 2447 4091 2447 4084 2447 3620 2448 4083 2448 3623 2448 3624 2449 4085 2449 4079 2449 3624 2450 4079 2450 3626 2450 3627 2451 4080 2451 4529 2451 3627 2452 4529 2452 3629 2452 3630 2453 4530 2453 4526 2453 3630 2454 4526 2454 3632 2454 3634 2455 4527 2455 4523 2455 3633 2456 4522 2456 3637 2456 3638 2457 4524 2457 4519 2457 3638 2458 4519 2458 3254 2458 3255 2459 4520 2459 4516 2459 3255 2460 4516 2460 3257 2460 3258 2461 4517 2461 4512 2461 3259 2462 4513 2462 3261 2462 3262 2463 4514 2463 4105 2463 3262 2464 4105 2464 3197 2464 3198 2465 4106 2465 4795 2465 3198 2466 4795 2466 3192 2466 4093 2467 3768 2467 4097 2467 4096 2468 3766 2468 3665 2468 4096 2469 3665 2469 4117 2469 4118 2470 3666 2470 3294 2470 4118 2471 3294 2471 4114 2471 4115 2472 3295 2472 3291 2472 4115 2473 3291 2473 4111 2473 4112 2474 3292 2474 3287 2474 4112 2475 3287 2475 4108 2475 4109 2476 3288 2476 3483 2476 4109 2477 3483 2477 4631 2477 4632 2478 3484 2478 3480 2478 4632 2479 3480 2479 4634 2479 4635 2480 3481 2480 3476 2480 4635 2481 3476 2481 4637 2481 4638 2482 3477 2482 3473 2482 4638 2483 3473 2483 4640 2483 4641 2484 3474 2484 3469 2484 4641 2485 3469 2485 4643 2485 4644 2486 3470 2486 3731 2486 4644 2487 3731 2487 4646 2487 4647 2488 3732 2488 3304 2488 4647 2489 3304 2489 4810 2489 4811 2490 3305 2490 3299 2490 4811 2491 3299 2491 4121 2491 3749 2492 4770 2492 3238 2492 3239 2493 4771 2493 4763 2493 3239 2494 4763 2494 3400 2494 3401 2495 4764 2495 4187 2495 3401 2496 4187 2496 3404 2496 3405 2497 4188 2497 4184 2497 3405 2498 4184 2498 3407 2498 3408 2499 4185 2499 4180 2499 3408 2500 4180 2500 3410 2500 3411 2501 4181 2501 4210 2501 3411 2502 4210 2502 3413 2502 3414 2503 4211 2503 4206 2503 3414 2504 4206 2504 3416 2504 3417 2505 4207 2505 4202 2505 3417 2506 4202 2506 3419 2506 3420 2507 4203 2507 4225 2507 3420 2508 4225 2508 3422 2508 3423 2509 4226 2509 4222 2509 3423 2510 4222 2510 3216 2510 3217 2511 4223 2511 4652 2511 3217 2512 4652 2512 3219 2512 3220 2513 4653 2513 4120 2513 3220 2514 4120 2514 3298 2514 4770 2515 3749 2515 4134 2515 4135 2516 3751 2516 3743 2516 4135 2517 3743 2517 4781 2517 4782 2518 3744 2518 3561 2518 4782 2519 3561 2519 4342 2519 4343 2520 3562 2520 3555 2520 4344 2521 3556 2521 4347 2521 4348 2522 3557 2522 3552 2522 4348 2523 3552 2523 4350 2523 4351 2524 3553 2524 3549 2524 4351 2525 3549 2525 4353 2525 4354 2526 3550 2526 3546 2526 4354 2527 3546 2527 4356 2527 4357 2528 3547 2528 3541 2528 4358 2529 3542 2529 4360 2529 4361 2530 3543 2530 3230 2530 4361 2531 3230 2531 4363 2531 4364 2532 3231 2532 3233 2532 4364 2533 3233 2533 4366 2533 4367 2534 3234 2534 3236 2534 4367 2535 3236 2535 4171 2535 4172 2536 3237 2536 3200 2536 4172 2537 3200 2537 4562 2537 4563 2538 3201 2538 3191 2538 4563 2539 3191 2539 4794 2539 4315 2540 3946 2540 4672 2540 4673 2541 3947 2541 3943 2541 4673 2542 3943 2542 4675 2542 4676 2543 3944 2543 3940 2543 4676 2544 3940 2544 4679 2544 4680 2545 3941 2545 3937 2545 4680 2546 3937 2546 4682 2546 4683 2547 3938 2547 3934 2547 4683 2548 3934 2548 4686 2548 4687 2549 3935 2549 3931 2549 4687 2550 3931 2550 4690 2550 4691 2551 3932 2551 3928 2551 4691 2552 3928 2552 4693 2552 4694 2553 3929 2553 3925 2553 4694 2554 3925 2554 4213 2554 4214 2555 3926 2555 3922 2555 4214 2556 3922 2556 4216 2556 4217 2557 3923 2557 3919 2557 4217 2558 3919 2558 4242 2558 4243 2559 3920 2559 3915 2559 4244 2560 3916 2560 4246 2560 4247 2561 3917 2561 3912 2561 4247 2562 3912 2562 4249 2562 4250 2563 3913 2563 3908 2563 4251 2564 3909 2564 4253 2564 4254 2565 3910 2565 3905 2565 4254 2566 3905 2566 4256 2566 4257 2567 3906 2567 3902 2567 4257 2568 3902 2568 4259 2568 4260 2569 3903 2569 3899 2569 4260 2570 3899 2570 4262 2570 4263 2571 3900 2571 3896 2571 4263 2572 3896 2572 4744 2572 4745 2573 3897 2573 3893 2573 4745 2574 3893 2574 4719 2574 3946 2575 4315 2575 3950 2575 3951 2576 4316 2576 4597 2576 3951 2577 4597 2577 3778 2577 3779 2578 4598 2578 4594 2578 3779 2579 4594 2579 3782 2579 3783 2580 4595 2580 4590 2580 3783 2581 4590 2581 3785 2581 3786 2582 4591 2582 4587 2582 3786 2583 4587 2583 3788 2583 3789 2584 4588 2584 4584 2584 3789 2585 4584 2585 3791 2585 3792 2586 4585 2586 4581 2586 3792 2587 4581 2587 3794 2587 3795 2588 4582 2588 4578 2588 3795 2589 4578 2589 3797 2589 3799 2590 4579 2590 4166 2590 3798 2591 4165 2591 3801 2591 3802 2592 4167 2592 4162 2592 3802 2593 4162 2593 3804 2593 3805 2594 4163 2594 4312 2594 3805 2595 4312 2595 3807 2595 3808 2596 4313 2596 4309 2596 3808 2597 4309 2597 3810 2597 3811 2598 4310 2598 4306 2598 3811 2599 4306 2599 3814 2599 3815 2600 4307 2600 4302 2600 3815 2600 4302 2600 3880 2600 3881 2601 4303 2601 4298 2601 3881 2602 4298 2602 3883 2602 3884 2603 4299 2603 4295 2603 3884 2604 4295 2604 3886 2604 3887 2605 4296 2605 4158 2605 3887 2606 4158 2606 3889 2606 3890 2607 4159 2607 4447 2607 3890 2608 4447 2608 3875 2608 3876 2609 4448 2609 4430 2609 3877 2610 4431 2610 3819 2610 4485 2611 3990 2611 4487 2611 4488 2612 3991 2612 3987 2612 4488 2613 3987 2613 4490 2613 4491 2614 3988 2614 3984 2614 4491 2615 3984 2615 4493 2615 4494 2616 3985 2616 3981 2616 4494 2617 3981 2617 4496 2617 4497 2618 3982 2618 3978 2618 4497 2619 3978 2619 4499 2619 4500 2620 3979 2620 3975 2620 4500 2621 3975 2621 4502 2621 4503 2622 3976 2622 3972 2622 4503 2623 3972 2623 4505 2623 4506 2624 3973 2624 3968 2624 4507 2625 3969 2625 4382 2625 4383 2626 3970 2626 3965 2626 4383 2627 3965 2627 4387 2627 4388 2628 3966 2628 3962 2628 4388 2629 3962 2629 4409 2629 4410 2630 3963 2630 3958 2630 4410 2631 3958 2631 4412 2631 4413 2632 3959 2632 3954 2632 4413 2633 3954 2633 4415 2633 4416 2634 3955 2634 4006 2634 4416 2635 4006 2635 4418 2635 4419 2636 4007 2636 4003 2636 4419 2637 4003 2637 4421 2637 4422 2638 4004 2638 4000 2638 4422 2639 4000 2639 4424 2639 4425 2640 4001 2640 3997 2640 4425 2641 3997 2641 4427 2641 4428 2642 3998 2642 3994 2642 4428 2643 3994 2643 4071 2643 4072 2644 3995 2644 3818 2644 4073 2645 3820 2645 4432 2645 3990 2646 4485 2646 4010 2646 4009 2647 4484 2647 4481 2647 4009 2648 4481 2648 4013 2648 4014 2649 4482 2649 4478 2649 4014 2650 4478 2650 4017 2650 4018 2651 4479 2651 4475 2651 4018 2652 4475 2652 4020 2652 4021 2653 4476 2653 4472 2653 4021 2654 4472 2654 4023 2654 4024 2655 4473 2655 4469 2655 4024 2656 4469 2656 4026 2656 4027 2657 4470 2657 4466 2657 4027 2658 4466 2658 4029 2658 4030 2659 4467 2659 4463 2659 4030 2660 4463 2660 4032 2660 4033 2661 4464 2661 4268 2661 4033 2662 4268 2662 4035 2662 4036 2663 4269 2663 4292 2663 4036 2664 4292 2664 4038 2664 4039 2665 4293 2665 4716 2665 4039 2666 4716 2666 4041 2666 4043 2667 4717 2667 4713 2667 4042 2668 4712 2668 4045 2668 4046 2669 4714 2669 4709 2669 4046 2670 4709 2670 4048 2670 4050 2671 4710 2671 4706 2671 4049 2672 4705 2672 4052 2672 4053 2673 4707 2673 4702 2673 4053 2674 4702 2674 4055 2674 4056 2675 4703 2675 4699 2675 4056 2676 4699 2676 4058 2676 4059 2677 4700 2677 4696 2677 4059 2678 4696 2678 4061 2678 4062 2679 4697 2679 4149 2679 4062 2680 4149 2680 4064 2680 4065 2681 4150 2681 4720 2681 4065 2682 4720 2682 3894 2682 1283 2683 1388 2683 820 2683 821 2684 1389 2684 1857 2684 821 2685 1857 2685 1273 2685 1274 2686 1858 2686 1726 2686 1274 2687 1726 2687 1110 2687 1111 2688 1727 2688 1723 2688 1111 2689 1723 2689 1115 2689 1116 2690 1724 2690 1720 2690 1116 2691 1720 2691 1118 2691 1119 2692 1721 2692 1717 2692 1119 2693 1717 2693 1121 2693 1122 2694 1718 2694 1713 2694 1122 2695 1713 2695 1124 2695 1125 2696 1714 2696 1331 2696 1125 2697 1331 2697 763 2697 764 2698 1332 2698 1340 2698 764 2699 1340 2699 757 2699 1388 2700 1283 2700 1886 2700 1888 2701 1284 2701 1289 2701 1888 2702 1289 2702 1881 2702 1882 2703 1290 2703 1295 2703 1882 2704 1295 2704 1875 2704 1876 2705 1296 2705 1304 2705 1876 2706 1304 2706 1900 2706 1901 2707 1305 2707 1199 2707 1901 2708 1199 2708 1777 2708 1778 2709 1200 2709 1217 2709 1778 2710 1217 2710 1798 2710 1799 2711 1218 2711 1207 2711 1800 2712 1208 2712 1792 2712 1793 2713 1209 2713 770 2713 1793 2714 770 2714 1352 2714 1353 2715 771 2715 779 2715 1353 2716 779 2716 1355 2716 1356 2717 780 2717 824 2717 1357 2718 825 2718 1400 2718 1250 2719 1837 2719 1255 2719 1256 2720 1838 2720 1831 2720 1256 2721 1831 2721 1261 2721 1262 2722 1832 2722 1673 2722 1262 2723 1673 2723 1103 2723 1104 2724 1674 2724 1469 2724 1104 2725 1469 2725 845 2725 846 2726 1470 2726 1373 2726 846 2727 1373 2727 796 2727 798 2728 1374 2728 1809 2728 797 2729 1808 2729 1220 2729 1221 2730 1810 2730 1365 2730 1221 2731 1365 2731 782 2731 783 2732 1366 2732 1362 2732 783 2733 1362 2733 785 2733 787 2734 1363 2734 1399 2734 786 2735 1398 2735 823 2735 1837 2736 1250 2736 1844 2736 1842 2737 1249 2737 1240 2737 1842 2738 1240 2738 1821 2738 1822 2739 1241 2739 805 2739 1822 2740 805 2740 1385 2740 1386 2741 806 2741 1082 2741 1386 2742 1082 2742 1659 2742 1660 2743 1083 2743 1079 2743 1660 2744 1079 2744 1620 2744 1621 2745 1080 2745 1076 2745 1621 2746 1076 2746 1623 2746 1624 2747 1077 2747 1073 2747 1624 2748 1073 2748 1626 2748 1627 2749 1074 2749 1069 2749 1627 2750 1069 2750 1629 2750 1630 2751 1070 2751 766 2751 1630 2752 766 2752 1342 2752 1343 2753 767 2753 756 2753 1343 2754 756 2754 1339 2754</p>
        </triangles>
      </mesh>
    </geometry>
  </library_geometries>
  <library_visual_scenes>
    <visual_scene id="Scene" name="Scene">
      <node id="leg_b_004" name="leg_b.004" type="NODE">
        <matrix sid="transform">1 -1.86265e-9 0 -1.39698e-9 1.86265e-9 1 0 -1.49012e-8 0 0 1 9.31323e-10 0 0 0 1</matrix>
        <instance_geometry url="#Leg_B_006-mesh" name="leg_b.004"/>
      </node>
    </visual_scene>
  </library_visual_scenes>
  <scene>
    <instance_visual_scene url="#Scene"/>
  </scene>
</COLLADA>