<?xml version="1.0" encoding="utf-8"?>
<COLLADA xmlns="http://www.collada.org/2005/11/COLLADASchema" version="1.4.1" xmlns:xsi="http://www.w3.org/2001/XMLSchema-instance">
  <asset>
    <contributor>
      <author>Blender User</author>
      <authoring_tool>Blender 4.2.22 LTS commit date:2026-06-22, commit time:11:10, hash:88937221abfc</authoring_tool>
    </contributor>
    <created>2026-08-07T15:00:10</created>
    <modified>2026-08-07T15:00:10</modified>
    <unit name="meter" meter="1"/>
    <up_axis>Z_UP</up_axis>
  </asset>
  <library_images/>
  <library_geometries>
    <geometry id="Leg_A_006-mesh" name="Leg_A.006">
      <mesh>
        <source id="Leg_A_006-mesh-positions">
          <float_array id="Leg_A_006-mesh-positions-array" count="16038">0.001030087 -0.007003664 0.002313196 0.001030087 -0.007003664 0.002313196 0.001030087 -0.007003664 0.002313196 0.0015347 -0.002018153 0.002359986 0.0015347 -0.002018153 0.002359986 0.0015347 -0.002018153 0.002359986 0.001014769 -0.00666815 0.002316713 0.001014769 -0.00666815 0.002316713 0.001014769 -0.00666815 0.002316713 0.001014769 -0.00666815 0.002316713 6.21113e-4 0.002604901 0.002413332 6.21113e-4 0.002604901 0.002413332 6.21113e-4 0.002604901 0.002413332 3.66552e-4 0.005567789 0.002445101 3.66552e-4 0.005567789 0.002445101 3.66552e-4 0.005567789 0.002445101 3.66552e-4 0.005567789 0.002445101 1.73264e-4 0.002674341 0.002417266 1.73264e-4 0.002674341 0.002417266 1.73264e-4 0.002674341 0.002417266 1.73264e-4 0.002674341 0.002417266 0.002496957 8.04855e-4 0.002381563 0.002496957 8.04855e-4 0.002381563 0.002496957 8.04855e-4 0.002381563 0.005876421 6.2545e-4 0.002355277 0.005876421 6.2545e-4 0.002355277 0.005876421 6.2545e-4 0.002355277 0.005876421 6.2545e-4 0.002355277 0.006129264 8.46618e-4 0.002355694 0.006129264 8.46618e-4 0.002355694 0.006129264 8.46618e-4 0.002355694 7.65894e-4 -0.006048798 0.002324759 7.65894e-4 -0.006048798 0.002324759 7.65894e-4 -0.006048798 0.002324759 -1.73302e-4 -0.002513825 0.002367317 -1.73302e-4 -0.002513825 0.002367317 -1.73302e-4 -0.002513825 0.002367317 5.44743e-4 -0.005796015 0.002328932 5.44743e-4 -0.005796015 0.002328932 5.44743e-4 -0.005796015 0.002328932 2.72877e-4 -0.005598783 0.002332866 2.72877e-4 -0.005598783 0.002332866 2.72877e-4 -0.005598783 0.002332866 2.72877e-4 -0.005598783 0.002332866 -3.60494e-5 -0.005466997 0.002336442 -3.60494e-5 -0.005466997 0.002336442 -3.60494e-5 -0.005466997 0.002336442 -3.60494e-5 -0.005466997 0.002336442 -3.66569e-4 -0.005407214 0.002339422 -3.66569e-4 -0.005407214 0.002339422 -3.66569e-4 -0.005407214 0.002339422 -3.66569e-4 -0.005407214 0.002339422 -2.79825e-4 0.002664983 0.002420425 -2.79825e-4 0.002664983 0.002420425 -2.79825e-4 0.002664983 0.002420425 -2.79825e-4 0.002664983 0.002420425 -0.005592465 0.001105606 0.002443075 -0.005592465 0.001105606 0.002443075 -0.005592465 0.001105606 0.002443075 -0.005502879 7.81959e-4 0.002439141 -0.005502879 7.81959e-4 0.002439141 -0.005502879 7.81959e-4 0.002439141 -0.002524614 7.01194e-4 0.002416789 -0.002524614 7.01194e-4 0.002416789 -0.002524614 7.01194e-4 0.002416789 -0.002524614 7.01194e-4 0.002416789 -0.001574277 -0.005892634 0.002343237 -0.001574277 -0.005892634 0.002343237 -0.001574277 -0.005892634 0.002343237 -0.001321494 -0.005671441 0.002343654 -0.001321494 -0.005671441 0.002343654 -0.001321494 -0.005671441 0.002343654 -0.001025795 -0.005512118 0.002343118 -0.001025795 -0.005512118 0.002343118 -0.001025795 -0.005512118 0.002343118 -7.02122e-4 -0.005422532 0.002341687 -7.02122e-4 -0.005422532 0.002341687 -7.02122e-4 -0.005422532 0.002341687 -0.00708425 -9.50319e-4 0.002433061 -0.00708425 -9.50319e-4 0.002433061 -0.00708425 -9.50319e-4 0.002433061 -0.00169897 -0.007758855 0.002325296 -0.00169897 -0.007758855 0.002325296 -0.00169897 -0.007758855 0.002325296 -0.001858294 -0.007463157 0.002329409 -0.001858294 -0.007463157 0.002329409 -0.001858294 -0.007463157 0.002329409 -0.001947879 -0.007139503 0.002333343 -0.001947879 -0.007139503 0.002333343 -0.001947879 -0.007139503 0.002333343 -0.001947879 -0.007139503 0.002333343 -0.001963138 -0.006803929 0.002336859 -0.001963138 -0.006803929 0.002336859 -0.001963138 -0.006803929 0.002336859 -0.001800239 -0.001795649 0.002386331 -0.001800239 -0.001795649 0.002386331 -0.001800239 -0.001795649 0.002386331 -0.002098619 -0.001454591 0.002391934 -0.002098619 -0.001454591 0.002391934 -0.002098619 -0.001454591 0.002391934 -0.002098619 -0.001454591 0.002391934 -0.006748676 -9.35006e-4 0.002430796 -0.006748676 -9.35006e-4 0.002430796 -0.006748676 -9.35006e-4 0.002430796 0.007572352 0.01083308 0.002446234 0.007572352 0.01083308 0.002446234 0.007572352 0.01083308 0.002446234 5.66501e-4 0.008560955 0.00247395 5.66501e-4 0.008560955 0.00247395 5.66501e-4 0.008560955 0.00247395 5.66501e-4 0.008560955 0.00247395 8.97021e-4 0.008501231 0.00247091 8.97021e-4 0.008501231 0.00247091 8.97021e-4 0.008501231 0.00247091 0.001205921 0.008369386 0.002467393 0.001205921 0.008369386 0.002467393 0.001205921 0.008369386 0.002467393 0.001477777 0.008172214 0.0024634 0.001477777 0.008172214 0.0024634 0.001477777 0.008172214 0.0024634 0.001477777 0.008172214 0.0024634 0.001698911 0.00791943 0.002459228 0.001698911 0.00791943 0.002459228 0.001698911 0.00791943 0.002459228 0.001698911 0.00791943 0.002459228 0.00708419 0.001110792 0.002351462 0.00708419 0.001110792 0.002351462 0.00708419 0.001110792 0.002351462 0.008006989 0.01047891 0.002439558 0.008006989 0.01047891 0.002439558 0.008006989 0.01047891 0.002439558 0.008006989 0.01047891 0.002439558 -0.006074965 0.01174366 0.002554118 -0.006074965 0.01174366 0.002554118 -0.006074965 0.01174366 0.002554118 -0.006552875 0.0114504 0.002554595 -0.006552875 0.0114504 0.002554595 -0.006552875 0.0114504 0.002554595 -0.006884276 0.002042829 0.00246185 -0.006884276 0.002042829 0.00246185 -0.006884276 0.002042829 0.00246185 -0.006884276 0.002042829 0.00246185 -6.4126e-4 0.008075535 0.002477765 -6.4126e-4 0.008075535 0.002477765 -6.4126e-4 0.008075535 0.002477765 -3.88452e-4 0.008296728 0.002478182 -3.88452e-4 0.008296728 0.002478182 -3.88452e-4 0.008296728 0.002478182 -9.27653e-5 0.008456051 0.002477645 -9.27653e-5 0.008456051 0.002477645 -9.27653e-5 0.008456051 0.002477645 2.30949e-4 0.008545637 0.002476215 2.30949e-4 0.008545637 0.002476215 2.30949e-4 0.008545637 0.002476215 9.25235e-4 -0.006344437 0.002320647 9.25235e-4 -0.006344437 0.002320647 9.25235e-4 -0.006344437 0.002320647 0.001146972 -0.002252817 0.002360403 0.001146972 -0.002252817 0.002360403 0.001146972 -0.002252817 0.002360403 7.24398e-4 -0.002416551 0.002361774 7.24398e-4 -0.002416551 0.002361774 7.24398e-4 -0.002416551 0.002361774 7.24398e-4 -0.002416551 0.002361774 2.79807e-4 -0.002504408 0.002364099 2.79807e-4 -0.002504408 0.002364099 2.79807e-4 -0.002504408 0.002364099 0.01281827 -0.02182072 0.002078175 0.01281827 -0.02182072 0.002078175 0.01281827 -0.02182072 0.002078175 0.008465588 -1.50064e-4 0.002328753 0.008465588 -1.50064e-4 0.002328753 0.008465588 -1.50064e-4 0.002328753 0.008480846 -4.85597e-4 0.002325236 0.008480846 -4.85597e-4 0.002325236 0.008480846 -4.85597e-4 0.002325236 0.008421063 -8.16118e-4 0.002322316 0.008421063 -8.16118e-4 0.002322316 0.008421063 -8.16118e-4 0.002322316 0.008289277 -0.001125037 0.00232017 0.008289277 -0.001125037 0.00232017 0.008289277 -0.001125037 0.00232017 0.008091986 -0.001396894 0.002318859 0.008091986 -0.001396894 0.002318859 0.008091986 -0.001396894 0.002318859 0.007839202 -0.001618087 0.002318441 0.007839202 -0.001618087 0.002318441 0.007839202 -0.001618087 0.002318441 0.007543504 -0.00177741 0.002318978 0.007543504 -0.00177741 0.002318978 0.007543504 -0.00177741 0.002318978 0.007543504 -0.00177741 0.002318978 0.007219791 -0.001866996 0.002320408 0.007219791 -0.001866996 0.002320408 0.007219791 -0.001866996 0.002320408 0.006884217 -0.001882314 0.002322673 0.006884217 -0.001882314 0.002322673 0.006884217 -0.001882314 0.002322673 0.006884217 -0.001882314 0.002322673 0.001875817 -0.001719772 0.002360522 0.001875817 -0.001719772 0.002360522 0.001875817 -0.001719772 0.002360522 9.70319e-4 -0.007334172 0.002310276 9.70319e-4 -0.007334172 0.002310276 9.70319e-4 -0.007334172 0.002310276 9.70319e-4 -0.007334172 0.002310276 8.3849e-4 -0.007643163 0.00230813 8.3849e-4 -0.007643163 0.00230813 8.3849e-4 -0.007643163 0.00230813 6.41222e-4 -0.007915019 0.002306818 6.41222e-4 -0.007915019 0.002306818 6.41222e-4 -0.007915019 0.002306818 3.88413e-4 -0.008136153 0.002306401 3.88413e-4 -0.008136153 0.002306401 3.88413e-4 -0.008136153 0.002306401 9.27474e-5 -0.008295536 0.002306938 9.27474e-5 -0.008295536 0.002306938 9.27474e-5 -0.008295536 0.002306938 -2.30987e-4 -0.008385121 0.002308368 -2.30987e-4 -0.008385121 0.002308368 -2.30987e-4 -0.008385121 0.002308368 -5.66519e-4 -0.00840044 0.002310633 -5.66519e-4 -0.00840044 0.002310633 -5.66519e-4 -0.00840044 0.002310633 -5.66519e-4 -0.00840044 0.002310633 -8.97039e-4 -0.008340656 0.002313613 -8.97039e-4 -0.008340656 0.002313613 -8.97039e-4 -0.008340656 0.002313613 -0.00120598 -0.00820887 0.00231719 -0.00120598 -0.00820887 0.00231719 -0.00120598 -0.00820887 0.00231719 -0.001477837 -0.008011639 0.002321124 -0.001477837 -0.008011639 0.002321124 -0.001477837 -0.008011639 0.002321124 -0.001477837 -0.008011639 0.002321124 -0.01561754 -0.01992338 0.002302885 -0.01561754 -0.01992338 0.002302885 -0.01561754 -0.01992338 0.002302885 -0.01561754 -0.01992338 0.002302885 -0.01561754 -0.01992338 0.002302885 -0.01561754 -0.01992338 0.002302885 -0.007414758 -8.90565e-4 0.002436041 -0.007414758 -8.90565e-4 0.002436041 -0.007414758 -8.90565e-4 0.002436041 -0.007723689 -7.58775e-4 0.002439618 -0.007723689 -7.58775e-4 0.002439618 -0.007723689 -7.58775e-4 0.002439618 -0.007995545 -5.6154e-4 0.002443552 -0.007995545 -5.6154e-4 0.002443552 -0.007995545 -5.6154e-4 0.002443552 -0.008216679 -3.08755e-4 0.002447724 -0.008216679 -3.08755e-4 0.002447724 -0.008216679 -3.08755e-4 0.002447724 -0.008216679 -3.08755e-4 0.002447724 -0.008376061 -1.31006e-5 0.002451896 -0.008376061 -1.31006e-5 0.002451896 -0.008376061 -1.31006e-5 0.002451896 -0.008465588 3.10607e-4 0.00245577 -0.008465588 3.10607e-4 0.00245577 -0.008465588 3.10607e-4 0.00245577 -0.008480906 6.4614e-4 0.002459287 -0.008480906 6.4614e-4 0.002459287 -0.008480906 6.4614e-4 0.002459287 -0.008421123 9.76661e-4 0.002462208 -0.008421123 9.76661e-4 0.002462208 -0.008421123 9.76661e-4 0.002462208 -0.008421123 9.76661e-4 0.002462208 -0.001771569 -0.006164491 0.002341926 -0.001771569 -0.006164491 0.002341926 -0.001771569 -0.006164491 0.002341926 -6.21131e-4 -0.002444326 0.002371251 -6.21131e-4 -0.002444326 0.002371251 -6.21131e-4 -0.002444326 0.002371251 -0.001050055 -0.002298176 0.002375841 -0.001050055 -0.002298176 0.002375841 -0.001050055 -0.002298176 0.002375841 -0.001447141 -0.002079725 0.002380907 -0.001447141 -0.002079725 0.002380907 -0.001447141 -0.002079725 0.002380907 -0.001903355 -0.006473422 0.00233978 -0.001903355 -0.006473422 0.00233978 -0.001903355 -0.006473422 0.00233978 0.01448452 0.003122508 0.002318322 0.01448452 0.003122508 0.002318322 0.01448452 0.003122508 0.002318322 0.008399248 0.01007831 0.002432644 0.008399248 0.01007831 0.002432644 0.008399248 0.01007831 0.002432644 0.007414698 0.001051068 0.002348482 0.007414698 0.001051068 0.002348482 0.007414698 0.001051068 0.002348482 0.007414698 0.001051068 0.002348482 0.007723629 9.19319e-4 0.002344906 0.007723629 9.19319e-4 0.002344906 0.007723629 9.19319e-4 0.002344906 0.007723629 9.19319e-4 0.002344906 0.007995486 7.22084e-4 0.002340972 0.007995486 7.22084e-4 0.002340972 0.007995486 7.22084e-4 0.002340972 0.008216679 4.69306e-4 0.0023368 0.008216679 4.69306e-4 0.0023368 0.008216679 4.69306e-4 0.0023368 0.008376002 1.73637e-4 0.002332687 0.008376002 1.73637e-4 0.002332687 0.008376002 1.73637e-4 0.002332687 0.001858294 0.007623732 0.002455115 0.001858294 0.007623732 0.002455115 0.001858294 0.007623732 0.002455115 0.00194782 0.007300019 0.002451181 0.00194782 0.007300019 0.002451181 0.00194782 0.007300019 0.002451181 0.001963138 0.006964504 0.002447664 0.001963138 0.006964504 0.002447664 0.001963138 0.006964504 0.002447664 0.001903355 0.006633996 0.002444803 0.001903355 0.006633996 0.002444803 0.001903355 0.006633996 0.002444803 0.001771509 0.006325006 0.002442598 0.001771509 0.006325006 0.002442598 0.001771509 0.006325006 0.002442598 0.001574277 0.006053149 0.002441287 0.001574277 0.006053149 0.002441287 0.001574277 0.006053149 0.002441287 0.001321434 0.005832016 0.002440869 0.001321434 0.005832016 0.002440869 0.001321434 0.005832016 0.002440869 0.001025795 0.005672633 0.002441406 0.001025795 0.005672633 0.002441406 0.001025795 0.005672633 0.002441406 0.001025795 0.005672633 0.002441406 7.02083e-4 0.005583047 0.002442836 7.02083e-4 0.005583047 0.002442836 7.02083e-4 0.005583047 0.002442836 7.02083e-4 0.005583047 0.002442836 0.001050055 0.002458691 0.002408742 0.001050055 0.002458691 0.002408742 0.001050055 0.002458691 0.002408742 0.001447081 0.00224024 0.002403676 0.001447081 0.00224024 0.002403676 0.001447081 0.00224024 0.002403676 0.001800179 0.001956164 0.002398252 0.001800179 0.001956164 0.002398252 0.001800179 0.001956164 0.002398252 0.00209856 0.001615107 0.002392649 0.00209856 0.001615107 0.002392649 0.00209856 0.001615107 0.002392649 0.00209856 0.001615107 0.002392649 0.00710082 0.01113635 0.002452731 0.00710082 0.01113635 0.002452731 0.00710082 0.01113635 0.002452731 0.006598234 0.01138496 0.00245887 0.006598234 0.01138496 0.00245887 0.006598234 0.01138496 0.00245887 0.006071031 0.01157563 0.002464592 0.006071031 0.01157563 0.002464592 0.006071031 0.01157563 0.002464592 0.005525708 0.01170617 0.002469897 0.005525708 0.01170617 0.002469897 0.005525708 0.01170617 0.002469897 0.005525708 0.01170617 0.002469897 0.004969239 0.01177483 0.002474606 0.004969239 0.01177483 0.002474606 0.004969239 0.01177483 0.002474606 0.004969239 0.01177483 0.002474606 -0.003369748 0.01233124 0.002540528 -0.003369748 0.01233124 0.002540528 -0.003369748 0.01233124 0.002540528 -0.003930389 0.01233714 0.002544641 -0.003930389 0.01233714 0.002544641 -0.003930389 0.01233714 0.002544641 -0.004488229 0.01228022 0.002548098 -0.004488229 0.01228022 0.002548098 -0.004488229 0.01228022 0.002548098 -0.005036115 0.01216125 0.00255084 -0.005036115 0.01216125 0.00255084 -0.005036115 0.01216125 0.00255084 -0.005036115 0.01216125 0.00255084 -0.005567312 0.0119816 0.002552866 -0.005567312 0.0119816 0.002552866 -0.005567312 0.0119816 0.002552866 -0.005567312 0.0119816 0.002552866 0.002333223 0.001227378 0.002386987 0.002333223 0.001227378 0.002386987 0.002333223 0.001227378 0.002386987 0.006424903 0.001005947 0.002355217 0.006424903 0.001005947 0.002355217 0.006424903 0.001005947 0.002355217 0.006748676 0.001095533 0.002353727 0.006748676 0.001095533 0.002353727 0.006748676 0.001095533 0.002353727 0.006748676 0.001095533 0.002353727 0.006553709 -0.00182259 0.002325654 0.006553709 -0.00182259 0.002325654 0.006553709 -0.00182259 0.002325654 0.006553709 -0.00182259 0.002325654 0.006244778 -0.001690745 0.00232923 0.006244778 -0.001690745 0.00232923 0.006244778 -0.001690745 0.00232923 0.002159893 -0.001366674 0.002362012 0.002159893 -0.001366674 0.002362012 0.002159893 -0.001366674 0.002362012 -0.006553769 0.001983106 0.00245887 -0.006553769 0.001983106 0.00245887 -0.006553769 0.001983106 0.00245887 -0.006553769 0.001983106 0.00245887 -0.002159953 0.00152719 0.002422511 -0.002159953 0.00152719 0.002422511 -0.002159953 0.00152719 0.002422511 -0.001875817 0.001880288 0.002424061 -0.001875817 0.001880288 0.002424061 -0.001875817 0.001880288 0.002424061 -0.0015347 0.002178668 0.002424597 -0.0015347 0.002178668 0.002424597 -0.0015347 0.002178668 0.002424597 -0.001146972 0.002413332 0.00242418 -0.001146972 0.002413332 0.00242418 -0.001146972 0.002413332 0.00242418 -0.001146972 0.002413332 0.00242418 -7.24437e-4 0.002577126 0.002422749 -7.24437e-4 0.002577126 0.002422749 -7.24437e-4 0.002577126 0.002422749 3.60315e-5 0.005627512 0.002448081 3.60315e-5 0.005627512 0.002448081 3.60315e-5 0.005627512 0.002448081 -2.72916e-4 0.005759298 0.002451658 -2.72916e-4 0.005759298 0.002451658 -2.72916e-4 0.005759298 0.002451658 -2.72916e-4 0.005759298 0.002451658 -5.44781e-4 0.00595653 0.002455651 -5.44781e-4 0.00595653 0.002455651 -5.44781e-4 0.00595653 0.002455651 -5.44781e-4 0.00595653 0.002455651 -7.65912e-4 0.006209313 0.002459764 -7.65912e-4 0.006209313 0.002459764 -7.65912e-4 0.006209313 0.002459764 -7.65912e-4 0.006209313 0.002459764 -9.25273e-4 0.006504952 0.002463936 -9.25273e-4 0.006504952 0.002463936 -9.25273e-4 0.006504952 0.002463936 -0.001014769 0.006828725 0.00246787 -0.001014769 0.006828725 0.00246787 -0.001014769 0.006828725 0.00246787 -0.001014769 0.006828725 0.00246787 -0.001030087 0.007164239 0.002471327 -0.001030087 0.007164239 0.002471327 -0.001030087 0.007164239 0.002471327 -9.70337e-4 0.007494747 0.002474248 -9.70337e-4 0.007494747 0.002474248 -9.70337e-4 0.007494747 0.002474248 -8.38529e-4 0.007803678 0.002476453 -8.38529e-4 0.007803678 0.002476453 -8.38529e-4 0.007803678 0.002476453 -0.01395136 0.005019843 0.002543032 -0.01395136 0.005019843 0.002543032 -0.01395136 0.005019843 0.002543032 -0.01395136 0.005019843 0.002543032 -0.01395136 0.005019843 0.002543032 -0.008289277 0.001285552 0.002464354 -0.008289277 0.001285552 0.002464354 -0.008289277 0.001285552 0.002464354 -0.008092045 0.001557409 0.002465724 -0.008092045 0.001557409 0.002465724 -0.008092045 0.001557409 0.002465724 -0.007839202 0.001778602 0.002466082 -0.007839202 0.001778602 0.002466082 -0.007839202 0.001778602 0.002466082 -0.007543563 0.001937985 0.002465605 -0.007543563 0.001937985 0.002465605 -0.007543563 0.001937985 0.002465605 -0.007219791 0.002027571 0.002464175 -0.007219791 0.002027571 0.002464175 -0.007219791 0.002027571 0.002464175 -0.007219791 0.002027571 0.002464175 -0.006994903 0.01110547 0.002554297 -0.006994903 0.01110547 0.002554297 -0.006994903 0.01110547 0.002554297 0.00567919 3.53591e-4 0.002353966 0.00567919 3.53591e-4 0.002353966 0.00567919 3.53591e-4 0.002353966 0.00567919 3.53591e-4 0.002353966 0.002584815 3.60275e-4 0.002376437 0.002584815 3.60275e-4 0.002376437 0.002584815 3.60275e-4 0.002376437 0.005547344 4.46463e-5 0.00235182 0.005547344 4.46463e-5 0.00235182 0.005547344 4.46463e-5 0.00235182 0.005487561 -2.85882e-4 0.002348899 0.005487561 -2.85882e-4 0.002348899 0.005487561 -2.85882e-4 0.002348899 0.002594113 -9.28202e-5 0.002371788 0.002594113 -9.28202e-5 0.002371788 0.002594113 -9.28202e-5 0.002371788 0.005502879 -6.21408e-4 0.002345383 0.005502879 -6.21408e-4 0.002345383 0.005502879 -6.21408e-4 0.002345383 0.002524614 -5.40651e-4 0.002367734 0.002524614 -5.40651e-4 0.002367734 0.002524614 -5.40651e-4 0.002367734 0.005592405 -9.45115e-4 0.002341449 0.005592405 -9.45115e-4 0.002341449 0.005592405 -9.45115e-4 0.002341449 0.002378404 -9.69613e-4 0.002364456 0.002378404 -9.69613e-4 0.002364456 0.002378404 -9.69613e-4 0.002364456 0.005751788 -0.00124073 0.002337336 0.005751788 -0.00124073 0.002337336 0.005751788 -0.00124073 0.002337336 0.005751788 -0.00124073 0.002337336 0.005972921 -0.001493513 0.002333164 0.005972921 -0.001493513 0.002333164 0.005972921 -0.001493513 0.002333164 0.005972921 -0.001493513 0.002333164 -0.005972921 0.001654088 0.00245136 -0.005972921 0.001654088 0.00245136 -0.005972921 0.001654088 0.00245136 -0.005972921 0.001654088 0.00245136 -0.002378404 0.001130104 0.002420067 -0.002378404 0.001130104 0.002420067 -0.002378404 0.001130104 0.002420067 -0.006244838 0.00185132 0.002455294 -0.006244838 0.00185132 0.002455294 -0.006244838 0.00185132 0.002455294 -0.005751788 0.001401305 0.002447187 -0.005751788 0.001401305 0.002447187 -0.005751788 0.001401305 0.002447187 -0.005751788 0.001401305 0.002447187 -0.002594113 2.53364e-4 0.002412796 -0.002594113 2.53364e-4 0.002412796 -0.002594113 2.53364e-4 0.002412796 -0.00548762 4.46433e-4 0.002435624 -0.00548762 4.46433e-4 0.002435624 -0.00548762 4.46433e-4 0.002435624 -0.002584815 -1.99731e-4 0.002408146 -0.002584815 -1.99731e-4 0.002408146 -0.002584815 -1.99731e-4 0.002408146 -0.005547404 1.15905e-4 0.002432703 -0.005547404 1.15905e-4 0.002432703 -0.005547404 1.15905e-4 0.002432703 -0.005547404 1.15905e-4 0.002432703 -0.002496957 -6.44311e-4 0.00240302 -0.002496957 -6.44311e-4 0.00240302 -0.002496957 -6.44311e-4 0.00240302 -0.00567919 -1.93032e-4 0.002430558 -0.00567919 -1.93032e-4 0.002430558 -0.00567919 -1.93032e-4 0.002430558 -0.00567919 -1.93032e-4 0.002430558 -0.005876481 -4.64898e-4 0.002429246 -0.005876481 -4.64898e-4 0.002429246 -0.005876481 -4.64898e-4 0.002429246 -0.002333223 -0.001066863 0.002397537 -0.002333223 -0.001066863 0.002397537 -0.002333223 -0.001066863 0.002397537 -0.006129264 -6.86075e-4 0.002428829 -0.006129264 -6.86075e-4 0.002428829 -0.006129264 -6.86075e-4 0.002428829 -0.006424963 -8.4543e-4 0.002429366 -0.006424963 -8.4543e-4 0.002429366 -0.006424963 -8.4543e-4 0.002429366 0.00452423 -0.03509849 -0.002996444 0.00452423 -0.03509849 -0.002996444 0.00452423 -0.03509849 -0.002996444 0.004392385 -0.03540742 -0.00299865 0.004392385 -0.03540742 -0.00299865 0.004392385 -0.03540742 -0.00299865 -6.02652e-4 -0.008349835 -0.002688944 -6.02652e-4 -0.008349835 -0.002688944 -6.02652e-4 -0.008349835 -0.002688944 0.004332661 -0.03573799 -0.003001511 0.004332661 -0.03573799 -0.003001511 0.004332661 -0.03573799 -0.003001511 -0.001984 -0.007088959 -0.002666175 -0.001984 -0.007088959 -0.002666175 -0.001984 -0.007088959 -0.002666175 -0.00712037 -8.99759e-4 -0.002566516 -0.00712037 -8.99759e-4 -0.002566516 -0.00712037 -8.99759e-4 -0.002566516 -0.001999258 -0.006753385 -0.002662718 -0.001999258 -0.006753385 -0.002662718 -0.001999258 -0.006753385 -0.002662718 -0.001999258 -0.006753385 -0.002662718 1.3713e-4 0.002724885 -0.002582311 1.3713e-4 0.002724885 -0.002582311 1.3713e-4 0.002724885 -0.002582311 1.3713e-4 0.002724885 -0.002582311 3.30418e-4 0.005618333 -0.002554476 3.30418e-4 0.005618333 -0.002554476 3.30418e-4 0.005618333 -0.002554476 3.30418e-4 0.005618333 -0.002554476 5.84959e-4 0.002655446 -0.002586245 5.84959e-4 0.002655446 -0.002586245 5.84959e-4 0.002655446 -0.002586245 5.84959e-4 0.002655446 -0.002586245 0.006093084 8.97155e-4 -0.002643823 0.006093084 8.97155e-4 -0.002643823 0.006093084 8.97155e-4 -0.002643823 0.006093084 8.97155e-4 -0.002643823 0.005840301 6.76002e-4 -0.00264424 0.005840301 6.76002e-4 -0.00264424 0.005840301 6.76002e-4 -0.00264424 0.005840301 6.76002e-4 -0.00264424 0.002460777 8.55415e-4 -0.002618014 0.002460777 8.55415e-4 -0.002618014 0.002460777 8.55415e-4 -0.002618014 2.36744e-4 -0.005548179 -0.002666652 2.36744e-4 -0.005548179 -0.002666652 2.36744e-4 -0.005548179 -0.002666652 2.36744e-4 -0.005548179 -0.002666652 -2.09435e-4 -0.002463221 -0.00263226 -2.09435e-4 -0.002463221 -0.00263226 -2.09435e-4 -0.002463221 -0.00263226 5.0861e-4 -0.00574547 -0.002670645 5.0861e-4 -0.00574547 -0.002670645 5.0861e-4 -0.00574547 -0.002670645 5.0861e-4 -0.00574547 -0.002670645 -7.21826e-5 -0.005416393 -0.002663135 -7.21826e-5 -0.005416393 -0.002663135 -7.21826e-5 -0.005416393 -0.002663135 -7.21826e-5 -0.005416393 -0.002663135 -4.02723e-4 -0.005356669 -0.002660095 -4.02723e-4 -0.005356669 -0.002660095 -4.02723e-4 -0.005356669 -0.002660095 -3.15979e-4 0.002715528 -0.002579152 -3.15979e-4 0.002715528 -0.002579152 -3.15979e-4 0.002715528 -0.002579152 -0.002560794 7.51754e-4 -0.002582728 -0.002560794 7.51754e-4 -0.002582728 -0.002560794 7.51754e-4 -0.002582728 -0.005539059 8.32511e-4 -0.002560436 -0.005539059 8.32511e-4 -0.002560436 -0.005539059 8.32511e-4 -0.002560436 -0.005628585 0.00115621 -0.002556502 -0.005628585 0.00115621 -0.002556502 -0.005628585 0.00115621 -0.002556502 -0.005628585 0.00115621 -0.002556502 -0.001061975 -0.005461573 -0.0026564 -0.001061975 -0.005461573 -0.0026564 -0.001061975 -0.005461573 -0.0026564 -0.001357614 -0.005620896 -0.002655863 -0.001357614 -0.005620896 -0.002655863 -0.001357614 -0.005620896 -0.002655863 -7.38255e-4 -0.005371987 -0.00265783 -7.38255e-4 -0.005371987 -0.00265783 -7.38255e-4 -0.005371987 -0.00265783 0.007536232 0.01088362 -0.002553284 0.007536232 0.01088362 -0.002553284 0.007536232 0.01088362 -0.002553284 0.007970869 0.01052945 -0.002560019 0.007970869 0.01052945 -0.002560019 0.007970869 0.01052945 -0.002560019 0.007970869 0.01052945 -0.002560019 0.00704807 0.001161396 -0.002648055 0.00704807 0.001161396 -0.002648055 0.00704807 0.001161396 -0.002648055 0.00704807 0.001161396 -0.002648055 0.00166279 0.007969975 -0.00254029 0.00166279 0.007969975 -0.00254029 0.00166279 0.007969975 -0.00254029 0.00166279 0.007969975 -0.00254029 0.001441657 0.008222758 -0.002536118 0.001441657 0.008222758 -0.002536118 0.001441657 0.008222758 -0.002536118 0.0011698 0.00841999 -0.002532184 0.0011698 0.00841999 -0.002532184 0.0011698 0.00841999 -0.002532184 8.60867e-4 0.008551776 -0.002528607 8.60867e-4 0.008551776 -0.002528607 8.60867e-4 0.008551776 -0.002528607 8.60867e-4 0.008551776 -0.002528607 5.30347e-4 0.0086115 -0.002525627 5.30347e-4 0.0086115 -0.002525627 5.30347e-4 0.0086115 -0.002525627 -2.67121e-4 -0.008334577 -0.002691209 -2.67121e-4 -0.008334577 -0.002691209 -2.67121e-4 -0.008334577 -0.002691209 5.66142e-5 -0.008244991 -0.002692639 5.66142e-5 -0.008244991 -0.002692639 5.66142e-5 -0.008244991 -0.002692639 3.5228e-4 -0.008085608 -0.002693176 3.5228e-4 -0.008085608 -0.002693176 3.5228e-4 -0.008085608 -0.002693176 6.05089e-4 -0.007864475 -0.002692759 6.05089e-4 -0.007864475 -0.002692759 6.05089e-4 -0.007864475 -0.002692759 8.02357e-4 -0.007592558 -0.002691447 8.02357e-4 -0.007592558 -0.002691447 8.02357e-4 -0.007592558 -0.002691447 8.02357e-4 -0.007592558 -0.002691447 9.34165e-4 -0.007283627 -0.002689242 9.34165e-4 -0.007283627 -0.002689242 9.34165e-4 -0.007283627 -0.002689242 9.93933e-4 -0.00695312 -0.002686381 9.93933e-4 -0.00695312 -0.002686381 9.93933e-4 -0.00695312 -0.002686381 9.93933e-4 -0.00695312 -0.002686381 0.001498579 -0.001967608 -0.002639591 0.001498579 -0.001967608 -0.002639591 0.001498579 -0.001967608 -0.002639591 0.001839697 -0.001669228 -0.002639055 0.001839697 -0.001669228 -0.002639055 0.001839697 -0.001669228 -0.002639055 0.006848096 -0.001831769 -0.002676904 0.006848096 -0.001831769 -0.002676904 0.006848096 -0.001831769 -0.002676904 0.004721462 -0.03482663 -0.002995133 0.004721462 -0.03482663 -0.002995133 0.004721462 -0.03482663 -0.002995133 -0.006111145 0.0117942 -0.002445459 -0.006111145 0.0117942 -0.002445459 -0.006111145 0.0117942 -0.002445459 1.94816e-4 0.008596181 -0.002523362 1.94816e-4 0.008596181 -0.002523362 1.94816e-4 0.008596181 -0.002523362 -1.28899e-4 0.008506596 -0.002521932 -1.28899e-4 0.008506596 -0.002521932 -1.28899e-4 0.008506596 -0.002521932 -4.24605e-4 0.008347272 -0.002521395 -4.24605e-4 0.008347272 -0.002521395 -4.24605e-4 0.008347272 -0.002521395 -6.77394e-4 0.00812608 -0.002521812 -6.77394e-4 0.00812608 -0.002521812 -6.77394e-4 0.00812608 -0.002521812 -0.006920397 0.002093374 -0.002537667 -0.006920397 0.002093374 -0.002537667 -0.006920397 0.002093374 -0.002537667 -0.006920397 0.002093374 -0.002537667 -0.006589055 0.01150095 -0.002444922 -0.006589055 0.01150095 -0.002444922 -0.006589055 0.01150095 -0.002444922 0.003754734 -0.04438984 -0.003084838 0.003754734 -0.04438984 -0.003084838 0.003754734 -0.04438984 -0.003084838 0.003754734 -0.04438984 -0.003084838 -0.01719802 -0.04299181 -0.002919256 -0.01719802 -0.04299181 -0.002919256 -0.01719802 -0.04299181 -0.002919256 -0.01719802 -0.04299181 -0.002919256 -0.001894474 -0.007412672 -0.002670109 -0.001894474 -0.007412672 -0.002670109 -0.001894474 -0.007412672 -0.002670109 -0.001735091 -0.007708311 -0.002674281 -0.001735091 -0.007708311 -0.002674281 -0.001735091 -0.007708311 -0.002674281 -0.001735091 -0.007708311 -0.002674281 -0.001513957 -0.007961094 -0.002678394 -0.001513957 -0.007961094 -0.002678394 -0.001513957 -0.007961094 -0.002678394 -0.001242101 -0.008158326 -0.002682387 -0.001242101 -0.008158326 -0.002682387 -0.001242101 -0.008158326 -0.002682387 -9.33172e-4 -0.008290112 -0.002685964 -9.33172e-4 -0.008290112 -0.002685964 -9.33172e-4 -0.008290112 -0.002685964 -9.33172e-4 -0.008290112 -0.002685964 0.007719933 -0.03531175 -0.003021717 0.007719933 -0.03531175 -0.003021717 0.007719933 -0.03531175 -0.003021717 0.007719933 -0.03531175 -0.003021717 0.00756061 -0.03501605 -0.003017604 0.00756061 -0.03501605 -0.003017604 0.00756061 -0.03501605 -0.003017604 0.00756061 -0.03501605 -0.003017604 0.007339417 -0.03476327 -0.003013432 0.007339417 -0.03476327 -0.003013432 0.007339417 -0.03476327 -0.003013432 0.007067561 -0.03456604 -0.003009438 0.007067561 -0.03456604 -0.003009438 0.007067561 -0.03456604 -0.003009438 0.007067561 -0.03456604 -0.003009438 0.00675863 -0.03443425 -0.003005921 0.00675863 -0.03443425 -0.003005921 0.00675863 -0.03443425 -0.003005921 0.00675863 -0.03443425 -0.003005921 0.006428122 -0.03437453 -0.003002882 0.006428122 -0.03437453 -0.003002882 0.006428122 -0.03437453 -0.003002882 0.005929231 -0.03434121 -0.002998948 0.005929231 -0.03434121 -0.002998948 0.005929231 -0.03434121 -0.002998948 0.005593717 -0.03435653 -0.002996683 0.005593717 -0.03435653 -0.002996683 0.005593717 -0.03435653 -0.002996683 0.005593717 -0.03435653 -0.002996683 0.005270004 -0.03444612 -0.002995252 0.005270004 -0.03444612 -0.002995252 0.005270004 -0.03444612 -0.002995252 0.005270004 -0.03444612 -0.002995252 0.004974305 -0.03460544 -0.002994716 0.004974305 -0.03460544 -0.002994716 0.004974305 -0.03460544 -0.002994716 0.007809519 -0.03563547 -0.00302565 0.007809519 -0.03563547 -0.00302565 0.007809519 -0.03563547 -0.00302565 0.007809519 -0.03563547 -0.00302565 0.007809519 -0.03563547 -0.00302565 0.007183611 -0.001816451 -0.002679169 0.007183611 -0.001816451 -0.002679169 0.007183611 -0.001816451 -0.002679169 0.007183611 -0.001816451 -0.002679169 0.007507383 -0.001726865 -0.002680599 0.007507383 -0.001726865 -0.002680599 0.007507383 -0.001726865 -0.002680599 0.007507383 -0.001726865 -0.002680599 0.007824778 -0.03597098 -0.003029108 0.007824778 -0.03597098 -0.003029108 0.007824778 -0.03597098 -0.003029108 0.007824778 -0.03597098 -0.003029108 0.007803082 -0.001567482 -0.002681136 0.007803082 -0.001567482 -0.002681136 0.007803082 -0.001567482 -0.002681136 0.008055865 -0.001346349 -0.002680718 0.008055865 -0.001346349 -0.002680718 0.008055865 -0.001346349 -0.002680718 0.008253097 -0.001074492 -0.002679407 0.008253097 -0.001074492 -0.002679407 0.008253097 -0.001074492 -0.002679407 0.008384943 -7.65565e-4 -0.002677202 0.008384943 -7.65565e-4 -0.002677202 0.008384943 -7.65565e-4 -0.002677202 0.008444726 -4.35044e-4 -0.002674281 0.008444726 -4.35044e-4 -0.002674281 0.008444726 -4.35044e-4 -0.002674281 0.01444834 0.003173053 -0.002681195 0.01444834 0.003173053 -0.002681195 0.01444834 0.003173053 -0.002681195 0.01444834 0.003173053 -0.002681195 0.01444834 0.003173053 -0.002681195 0.01444834 0.003173053 -0.002681195 0.01444834 0.003173053 -0.002681195 0.01123785 -0.04488915 -0.003143966 0.01123785 -0.04488915 -0.003143966 0.01123785 -0.04488915 -0.003143966 0.007246851 -0.04462289 -0.003112435 0.007246851 -0.04462289 -0.003112435 0.007246851 -0.04462289 -0.003112435 0.008429408 -9.95188e-5 -0.002670824 0.008429408 -9.95188e-5 -0.002670824 0.008429408 -9.95188e-5 -0.002670824 0.008339881 2.24197e-4 -0.00266689 0.008339881 2.24197e-4 -0.00266689 0.008339881 2.24197e-4 -0.00266689 0.008180499 5.19859e-4 -0.002662718 0.008180499 5.19859e-4 -0.002662718 0.008180499 5.19859e-4 -0.002662718 0.007959365 7.72636e-4 -0.002658605 0.007959365 7.72636e-4 -0.002658605 0.007959365 7.72636e-4 -0.002658605 0.007959365 7.72636e-4 -0.002658605 0.007687509 9.69863e-4 -0.002654612 0.007687509 9.69863e-4 -0.002654612 0.007687509 9.69863e-4 -0.002654612 0.007687509 9.69863e-4 -0.002654612 0.007378578 0.001101613 -0.002651035 0.007378578 0.001101613 -0.002651035 0.007378578 0.001101613 -0.002651035 0.008363127 0.01012885 -0.002566874 0.008363127 0.01012885 -0.002566874 0.008363127 0.01012885 -0.002566874 0.008363127 0.01012885 -0.002566874 0.002062439 0.001665651 -0.002606928 0.002062439 0.001665651 -0.002606928 0.002062439 0.001665651 -0.002606928 0.001764059 0.002006709 -0.002601325 0.001764059 0.002006709 -0.002601325 0.001764059 0.002006709 -0.002601325 0.001410961 0.002290785 -0.002595901 0.001410961 0.002290785 -0.002595901 0.001410961 0.002290785 -0.002595901 0.001013934 0.002509236 -0.002590835 0.001013934 0.002509236 -0.002590835 0.001013934 0.002509236 -0.002590835 6.6595e-4 0.005633592 -0.002556741 6.6595e-4 0.005633592 -0.002556741 6.6595e-4 0.005633592 -0.002556741 6.6595e-4 0.005633592 -0.002556741 9.89664e-4 0.005723237 -0.002558171 9.89664e-4 0.005723237 -0.002558171 9.89664e-4 0.005723237 -0.002558171 0.001285314 0.005882561 -0.002558648 0.001285314 0.005882561 -0.002558648 0.001285314 0.005882561 -0.002558648 0.001538157 0.006103694 -0.00255829 0.001538157 0.006103694 -0.00255829 0.001538157 0.006103694 -0.00255829 0.001735389 0.00637561 -0.00255692 0.001735389 0.00637561 -0.00255692 0.001735389 0.00637561 -0.00255692 0.001867234 0.006684541 -0.002554774 0.001867234 0.006684541 -0.002554774 0.001867234 0.006684541 -0.002554774 0.001926958 0.007015049 -0.002551853 0.001926958 0.007015049 -0.002551853 0.001926958 0.007015049 -0.002551853 0.001911699 0.007350564 -0.002548336 0.001911699 0.007350564 -0.002548336 0.001911699 0.007350564 -0.002548336 0.001822113 0.007674276 -0.002544462 0.001822113 0.007674276 -0.002544462 0.001822113 0.007674276 -0.002544462 0.001822113 0.007674276 -0.002544462 -0.005603432 0.01203215 -0.002446711 -0.005603432 0.01203215 -0.002446711 -0.005603432 0.01203215 -0.002446711 -0.005072295 0.01221179 -0.002448737 -0.005072295 0.01221179 -0.002448737 -0.005072295 0.01221179 -0.002448737 -0.005072295 0.01221179 -0.002448737 -0.00452435 0.01233077 -0.002451479 -0.00452435 0.01233077 -0.002451479 -0.00452435 0.01233077 -0.002451479 -0.00452435 0.01233077 -0.002451479 -0.003966569 0.01238769 -0.002454936 -0.003966569 0.01238769 -0.002454936 -0.003966569 0.01238769 -0.002454936 -0.003405869 0.01238179 -0.002459049 -0.003405869 0.01238179 -0.002459049 -0.003405869 0.01238179 -0.002459049 0.004933118 0.01182538 -0.002524971 0.004933118 0.01182538 -0.002524971 0.004933118 0.01182538 -0.002524971 0.005489587 0.01175671 -0.00252968 0.005489587 0.01175671 -0.00252968 0.005489587 0.01175671 -0.00252968 0.005489587 0.01175671 -0.00252968 0.006034851 0.01162624 -0.002534925 0.006034851 0.01162624 -0.002534925 0.006034851 0.01162624 -0.002534925 0.006034851 0.01162624 -0.002534925 0.006562113 0.0114355 -0.002540647 0.006562113 0.0114355 -0.002540647 0.006562113 0.0114355 -0.002540647 0.0070647 0.01118689 -0.002546846 0.0070647 0.01118689 -0.002546846 0.0070647 0.01118689 -0.002546846 0.002297043 0.001277923 -0.002612531 0.002297043 0.001277923 -0.002612531 0.002297043 0.001277923 -0.002612531 0.002297043 0.001277923 -0.002612531 0.006712496 0.001146078 -0.00264579 0.006712496 0.001146078 -0.00264579 0.006712496 0.001146078 -0.00264579 0.006388783 0.001056492 -0.00264436 0.006388783 0.001056492 -0.00264436 0.006388783 0.001056492 -0.00264436 0.002123773 -0.00131607 -0.002637505 0.002123773 -0.00131607 -0.002637505 0.002123773 -0.00131607 -0.002637505 0.006208658 -0.0016402 -0.002670347 0.006208658 -0.0016402 -0.002670347 0.006208658 -0.0016402 -0.002670347 0.006208658 -0.0016402 -0.002670347 0.006517589 -0.001771986 -0.002673923 0.006517589 -0.001771986 -0.002673923 0.006517589 -0.001771986 -0.002673923 0.006517589 -0.001771986 -0.002673923 -8.74662e-4 0.007854223 -0.002523124 -8.74662e-4 0.007854223 -0.002523124 -8.74662e-4 0.007854223 -0.002523124 -0.001006424 0.007545292 -0.002525269 -0.001006424 0.007545292 -0.002525269 -0.001006424 0.007545292 -0.002525269 -0.001066207 0.007214784 -0.00252819 -0.001066207 0.007214784 -0.00252819 -0.001066207 0.007214784 -0.00252819 -0.001066207 0.007214784 -0.00252819 -0.001050949 0.00687927 -0.002531707 -0.001050949 0.00687927 -0.002531707 -0.001050949 0.00687927 -0.002531707 -9.61407e-4 0.006555557 -0.002535641 -9.61407e-4 0.006555557 -0.002535641 -9.61407e-4 0.006555557 -0.002535641 -9.61407e-4 0.006555557 -0.002535641 -8.02066e-4 0.006259858 -0.002539753 -8.02066e-4 0.006259858 -0.002539753 -8.02066e-4 0.006259858 -0.002539753 -8.02066e-4 0.006259858 -0.002539753 -5.80915e-4 0.006007075 -0.002543926 -5.80915e-4 0.006007075 -0.002543926 -5.80915e-4 0.006007075 -0.002543926 -5.80915e-4 0.006007075 -0.002543926 -3.09049e-4 0.005809843 -0.00254786 -3.09049e-4 0.005809843 -0.00254786 -3.09049e-4 0.005809843 -0.00254786 -1.22398e-7 0.005678057 -0.002551436 -1.22398e-7 0.005678057 -0.002551436 -1.22398e-7 0.005678057 -0.002551436 -1.22398e-7 0.005678057 -0.002551436 -7.6057e-4 0.00262767 -0.002576828 -7.6057e-4 0.00262767 -0.002576828 -7.6057e-4 0.00262767 -0.002576828 -7.6057e-4 0.00262767 -0.002576828 -0.001183152 0.002463877 -0.002575397 -0.001183152 0.002463877 -0.002575397 -0.001183152 0.002463877 -0.002575397 -0.00157088 0.002229273 -0.00257498 -0.00157088 0.002229273 -0.00257498 -0.00157088 0.002229273 -0.00257498 -0.001911997 0.001930832 -0.002575516 -0.001911997 0.001930832 -0.002575516 -0.001911997 0.001930832 -0.002575516 -0.002196073 0.001577734 -0.002577066 -0.002196073 0.001577734 -0.002577066 -0.002196073 0.001577734 -0.002577066 -0.006589889 0.00203365 -0.002540647 -0.006589889 0.00203365 -0.002540647 -0.006589889 0.00203365 -0.002540647 -0.006589889 0.00203365 -0.002540647 -0.008517026 6.96708e-4 -0.00254023 -0.008517026 6.96708e-4 -0.00254023 -0.008517026 6.96708e-4 -0.00254023 -0.008501708 3.61167e-4 -0.002543747 -0.008501708 3.61167e-4 -0.002543747 -0.008501708 3.61167e-4 -0.002543747 -0.008412182 3.74518e-5 -0.002547681 -0.008412182 3.74518e-5 -0.002547681 -0.008412182 3.74518e-5 -0.002547681 -0.008412182 3.74518e-5 -0.002547681 -0.008252799 -2.5821e-4 -0.002551853 -0.008252799 -2.5821e-4 -0.002551853 -0.008252799 -2.5821e-4 -0.002551853 -0.008031666 -5.10995e-4 -0.002555966 -0.008031666 -5.10995e-4 -0.002555966 -0.008031666 -5.10995e-4 -0.002555966 -0.007759809 -7.08223e-4 -0.002559959 -0.007759809 -7.08223e-4 -0.002559959 -0.007759809 -7.08223e-4 -0.002559959 -0.007450878 -8.40013e-4 -0.002563476 -0.007450878 -8.40013e-4 -0.002563476 -0.007450878 -8.40013e-4 -0.002563476 -0.01398748 0.005070388 -0.002456486 -0.01398748 0.005070388 -0.002456486 -0.01398748 0.005070388 -0.002456486 -0.007031083 0.01115602 -0.00244522 -0.007031083 0.01115602 -0.00244522 -0.007031083 0.01115602 -0.00244522 -0.007255971 0.002078115 -0.002535402 -0.007255971 0.002078115 -0.002535402 -0.007255971 0.002078115 -0.002535402 -0.007579684 0.00198853 -0.002533972 -0.007579684 0.00198853 -0.002533972 -0.007579684 0.00198853 -0.002533972 -0.007875382 0.001829147 -0.002533435 -0.007875382 0.001829147 -0.002533435 -0.007875382 0.001829147 -0.002533435 -0.008128166 0.001608014 -0.002533853 -0.008128166 0.001608014 -0.002533853 -0.008128166 0.001608014 -0.002533853 -0.008325397 0.001336157 -0.002535164 -0.008325397 0.001336157 -0.002535164 -0.008325397 0.001336157 -0.002535164 -0.008325397 0.001336157 -0.002535164 -0.008457243 0.001027166 -0.002537369 -0.008457243 0.001027166 -0.002537369 -0.008457243 0.001027166 -0.002537369 6.88265e-4 -0.002366006 -0.002637743 6.88265e-4 -0.002366006 -0.002637743 6.88265e-4 -0.002366006 -0.002637743 6.88265e-4 -0.002366006 -0.002637743 0.001110792 -0.002202272 -0.002639174 0.001110792 -0.002202272 -0.002639174 0.001110792 -0.002202272 -0.002639174 9.78672e-4 -0.006617605 -0.002682864 9.78672e-4 -0.006617605 -0.002682864 9.78672e-4 -0.006617605 -0.002682864 9.78672e-4 -0.006617605 -0.002682864 -0.001086235 -0.002247571 -0.002623736 -0.001086235 -0.002247571 -0.002623736 -0.001086235 -0.002247571 -0.002623736 -0.001939535 -0.006422877 -0.002659797 -0.001939535 -0.006422877 -0.002659797 -0.001939535 -0.006422877 -0.002659797 -0.001483261 -0.00202912 -0.00261867 -0.001483261 -0.00202912 -0.00261867 -0.001483261 -0.00202912 -0.00261867 -0.001836359 -0.001745104 -0.002613246 -0.001836359 -0.001745104 -0.002613246 -0.001836359 -0.001745104 -0.002613246 -0.00213474 -0.001403987 -0.002607643 -0.00213474 -0.001403987 -0.002607643 -0.00213474 -0.001403987 -0.002607643 0.005511224 9.51911e-5 -0.002647757 0.005511224 9.51911e-5 -0.002647757 0.005511224 9.51911e-5 -0.002647757 0.002548635 4.10835e-4 -0.00262314 0.002548635 4.10835e-4 -0.00262314 0.002548635 4.10835e-4 -0.00262314 0.005643069 4.04136e-4 -0.002645552 0.005643069 4.04136e-4 -0.002645552 0.005643069 4.04136e-4 -0.002645552 0.005715668 -0.001190185 -0.002662241 0.005715668 -0.001190185 -0.002662241 0.005715668 -0.001190185 -0.002662241 0.005715668 -0.001190185 -0.002662241 0.002342283 -9.19061e-4 -0.002635061 0.002342283 -9.19061e-4 -0.002635061 0.002342283 -9.19061e-4 -0.002635061 0.005556285 -8.94563e-4 -0.002658069 0.005556285 -8.94563e-4 -0.002658069 0.005556285 -8.94563e-4 -0.002658069 0.005556285 -8.94563e-4 -0.002658069 0.002488434 -4.90098e-4 -0.002631783 0.002488434 -4.90098e-4 -0.002631783 0.002488434 -4.90098e-4 -0.002631783 0.005466759 -5.70855e-4 -0.002654135 0.005466759 -5.70855e-4 -0.002654135 0.005466759 -5.70855e-4 -0.002654135 0.002557992 -4.22677e-5 -0.002627789 0.002557992 -4.22677e-5 -0.002627789 0.002557992 -4.22677e-5 -0.002627789 0.00545144 -2.3533e-4 -0.002650678 0.00545144 -2.3533e-4 -0.002650678 0.00545144 -2.3533e-4 -0.002650678 0.005936801 -0.001442968 -0.002666354 0.005936801 -0.001442968 -0.002666354 0.005936801 -0.001442968 -0.002666354 7.29761e-4 -0.005998253 -0.002674818 7.29761e-4 -0.005998253 -0.002674818 7.29761e-4 -0.005998253 -0.002674818 2.43674e-4 -0.002453863 -0.002635419 2.43674e-4 -0.002453863 -0.002635419 2.43674e-4 -0.002453863 -0.002635419 2.43674e-4 -0.002453863 -0.002635419 8.89102e-4 -0.006293892 -0.00267893 8.89102e-4 -0.006293892 -0.00267893 8.89102e-4 -0.006293892 -0.00267893 8.89102e-4 -0.006293892 -0.00267893 -0.006280958 0.001901865 -0.002544224 -0.006280958 0.001901865 -0.002544224 -0.006280958 0.001901865 -0.002544224 -0.006280958 0.001901865 -0.002544224 -0.002414584 0.001180708 -0.00257945 -0.002414584 0.001180708 -0.00257945 -0.002414584 0.001180708 -0.00257945 -0.002414584 0.001180708 -0.00257945 -0.006009101 0.001704633 -0.002548217 -0.006009101 0.001704633 -0.002548217 -0.006009101 0.001704633 -0.002548217 -0.005787968 0.001451849 -0.00255233 -0.005787968 0.001451849 -0.00255233 -0.005787968 0.001451849 -0.00255233 -0.005787968 0.001451849 -0.00255233 -0.005912601 -4.14346e-4 -0.002570331 -0.005912601 -4.14346e-4 -0.002570331 -0.005912601 -4.14346e-4 -0.002570331 -0.005912601 -4.14346e-4 -0.002570331 -0.00571537 -1.4248e-4 -0.002569019 -0.00571537 -1.4248e-4 -0.002569019 -0.00571537 -1.4248e-4 -0.002569019 -0.00571537 -1.4248e-4 -0.002569019 -0.002533078 -5.93766e-4 -0.002596557 -0.002533078 -5.93766e-4 -0.002596557 -0.002533078 -5.93766e-4 -0.002596557 -0.005583524 1.66457e-4 -0.002566814 -0.005583524 1.66457e-4 -0.002566814 -0.005583524 1.66457e-4 -0.002566814 -0.002620935 -1.49179e-4 -0.002591431 -0.002620935 -1.49179e-4 -0.002591431 -0.002620935 -1.49179e-4 -0.002591431 -0.005523741 4.96993e-4 -0.002563893 -0.005523741 4.96993e-4 -0.002563893 -0.005523741 4.96993e-4 -0.002563893 -0.002630293 3.03916e-4 -0.002586781 -0.002630293 3.03916e-4 -0.002586781 -0.002630293 3.03916e-4 -0.002586781 -0.006461083 -7.94877e-4 -0.002570211 -0.006461083 -7.94877e-4 -0.002570211 -0.006461083 -7.94877e-4 -0.002570211 -0.006165385 -6.35507e-4 -0.002570748 -0.006165385 -6.35507e-4 -0.002570748 -0.006165385 -6.35507e-4 -0.002570748 -0.002369403 -0.001016318 -0.00260204 -0.002369403 -0.001016318 -0.00260204 -0.002369403 -0.001016318 -0.00260204 -0.002369403 -0.001016318 -0.00260204 -0.006784856 -8.84462e-4 -0.002568781 -0.006784856 -8.84462e-4 -0.002568781 -0.006784856 -8.84462e-4 -0.002568781 -0.001610457 -0.005842089 -0.00265628 -0.001610457 -0.005842089 -0.00265628 -0.001610457 -0.005842089 -0.00265628 -0.001807689 -0.006113946 -0.002657592 -0.001807689 -0.006113946 -0.002657592 -0.001807689 -0.006113946 -0.002657592 -6.57285e-4 -0.002393782 -0.002628326 -6.57285e-4 -0.002393782 -0.002628326 -6.57285e-4 -0.002393782 -0.002628326 0.005999743 -0.0344398 0.006750226 0.005999743 -0.0344398 0.006750226 0.005999743 -0.0344398 0.006750226 0.006498575 -0.03447312 0.006746292 0.006498575 -0.03447312 0.006746292 0.006498575 -0.03447312 0.006746292 0.006498575 -0.03447312 0.006746292 0.00357002 -0.04830819 0.006627559 0.00357002 -0.04830819 0.006627559 0.00357002 -0.04830819 0.006627559 0.00357002 -0.04830819 0.006627559 0.00357002 -0.04830819 0.006627559 0.00357002 -0.04830819 0.006627559 0.003527224 -0.04824829 7.06482e-4 0.003527224 -0.04824829 7.06482e-4 0.003527224 -0.04824829 7.06482e-4 0.003526985 -0.04820603 3.167e-4 0.003526985 -0.04820603 3.167e-4 0.003526985 -0.04820603 3.167e-4 0.003526985 -0.04820603 3.167e-4 0.003531813 -0.04808866 -5.73645e-5 0.003531813 -0.04808866 -5.73645e-5 0.003531813 -0.04808866 -5.73645e-5 0.003531813 -0.04808866 -5.73645e-5 0.003531813 -0.04808866 -5.73645e-5 0.003541648 -0.04790079 -4.01332e-4 0.003541648 -0.04790079 -4.01332e-4 0.003541648 -0.04790079 -4.01332e-4 0.003541648 -0.04790079 -4.01332e-4 0.003556072 -0.04764956 -7.02001e-4 0.003556072 -0.04764956 -7.02001e-4 0.003556072 -0.04764956 -7.02001e-4 0.003556072 -0.04764956 -7.02001e-4 0.003664672 -0.04580676 -0.002512693 0.003664672 -0.04580676 -0.002512693 0.003664672 -0.04580676 -0.002512693 0.00368309 -0.04550188 -0.002758502 0.00368309 -0.04550188 -0.002758502 0.00368309 -0.04550188 -0.002758502 0.00368309 -0.04550188 -0.002758502 0.003704786 -0.04515504 -0.002939939 0.003704786 -0.04515504 -0.002939939 0.003704786 -0.04515504 -0.002939939 0.003704786 -0.04515504 -0.002939939 0.003728985 -0.04477953 -0.003050148 0.003728985 -0.04477953 -0.003050148 0.003728985 -0.04477953 -0.003050148 0.003728985 -0.04477953 -0.003050148 0.004403114 -0.03583651 0.006747663 0.004403114 -0.03583651 0.006747663 0.004403114 -0.03583651 0.006747663 -0.01608306 -0.02745443 0.006980478 -0.01608306 -0.02745443 0.006980478 -0.01608306 -0.02745443 0.006980478 -0.01608306 -0.02745443 0.006980478 -0.01738268 -0.04691016 0.006793141 -0.01738268 -0.04691016 0.006793141 -0.01738268 -0.04691016 0.006793141 -0.01738268 -0.04691016 0.006793141 0.004462897 -0.03550601 0.006750583 0.004462897 -0.03550601 0.006750583 0.004462897 -0.03550601 0.006750583 0.004594683 -0.03519707 0.006752729 0.004594683 -0.03519707 0.006752729 0.004594683 -0.03519707 0.006752729 0.004791975 -0.03492522 0.00675404 0.004791975 -0.03492522 0.00675404 0.004791975 -0.03492522 0.00675404 0.005044758 -0.03470402 0.006754457 0.005044758 -0.03470402 0.006754457 0.005044758 -0.03470402 0.006754457 0.005044758 -0.03470402 0.006754457 0.005340456 -0.0345447 0.006753921 0.005340456 -0.0345447 0.006753921 0.005340456 -0.0345447 0.006753921 0.005340456 -0.0345447 0.006753921 0.005664169 -0.03445512 0.00675249 0.005664169 -0.03445512 0.00675249 0.005664169 -0.03445512 0.00675249 0.01185393 -0.02931845 0.006759703 0.01185393 -0.02931845 0.006759703 0.01185393 -0.02931845 0.006759703 0.01185393 -0.02931845 0.006759703 0.006829082 -0.03453284 0.006743311 0.006829082 -0.03453284 0.006743311 0.006829082 -0.03453284 0.006743311 0.006829082 -0.03453284 0.006743311 0.007138073 -0.03466463 0.006739735 0.007138073 -0.03466463 0.006739735 0.007138073 -0.03466463 0.006739735 0.00740993 -0.03486186 0.006735742 0.00740993 -0.03486186 0.006735742 0.00740993 -0.03486186 0.006735742 0.00740993 -0.03486186 0.006735742 0.007631063 -0.03511464 0.006731629 0.007631063 -0.03511464 0.006731629 0.007631063 -0.03511464 0.006731629 0.007631063 -0.03511464 0.006731629 0.007790446 -0.03541028 0.006727457 0.007790446 -0.03541028 0.006727457 0.007790446 -0.03541028 0.006727457 0.007790446 -0.03541028 0.006727457 0.007879972 -0.03573405 0.006723523 0.007879972 -0.03573405 0.006723523 0.007879972 -0.03573405 0.006723523 0.007895231 -0.03606957 0.006720066 0.007895231 -0.03606957 0.006720066 0.007895231 -0.03606957 0.006720066 0.007062137 -0.04854118 0.006599962 0.007062137 -0.04854118 0.006599962 0.007062137 -0.04854118 0.006599962 0.007062137 -0.04854118 0.006599962 0.007062137 -0.04854118 0.006599962 0.007062137 -0.04854118 0.006599962 0.01055425 -0.04877418 0.006572365 0.01055425 -0.04877418 0.006572365 0.01055425 -0.04877418 0.006572365 0.007221102 -0.04501253 -0.003077745 0.007221102 -0.04501253 -0.003077745 0.007221102 -0.04501253 -0.003077745 0.007221102 -0.04501253 -0.003077745 0.007196962 -0.04538804 -0.002967536 0.007196962 -0.04538804 -0.002967536 0.007196962 -0.04538804 -0.002967536 0.007196962 -0.04538804 -0.002967536 0.007175207 -0.04573488 -0.002786099 0.007175207 -0.04573488 -0.002786099 0.007175207 -0.04573488 -0.002786099 0.007156789 -0.04603981 -0.00254029 0.007156789 -0.04603981 -0.00254029 0.007156789 -0.04603981 -0.00254029 0.007156789 -0.04603981 -0.00254029 0.007048189 -0.04788255 -7.29598e-4 0.007048189 -0.04788255 -7.29598e-4 0.007048189 -0.04788255 -7.29598e-4 0.007048189 -0.04788255 -7.29598e-4 0.007048189 -0.04788255 -7.29598e-4 0.007033765 -0.04813379 -4.28931e-4 0.007033765 -0.04813379 -4.28931e-4 0.007033765 -0.04813379 -4.28931e-4 0.007033765 -0.04813379 -4.28931e-4 0.007033765 -0.04813379 -4.28931e-4 0.00702399 -0.04832172 -8.4962e-5 0.00702399 -0.04832172 -8.4962e-5 0.00702399 -0.04832172 -8.4962e-5 0.00702399 -0.04832172 -8.4962e-5 0.00702399 -0.04832172 -8.4962e-5 0.007019102 -0.04843902 2.89102e-4 0.007019102 -0.04843902 2.89102e-4 0.007019102 -0.04843902 2.89102e-4 0.007019102 -0.04843902 2.89102e-4 0.00701934 -0.04848134 6.78884e-4 0.00701934 -0.04848134 6.78884e-4 0.00701934 -0.04848134 6.78884e-4 0.01101034 -0.04874765 6.47345e-4 0.01101034 -0.04874765 6.47345e-4 0.01101034 -0.04874765 6.47345e-4 0.01101011 -0.04870533 2.57563e-4 0.01101011 -0.04870533 2.57563e-4 0.01101011 -0.04870533 2.57563e-4 0.01101011 -0.04870533 2.57563e-4 0.01101499 -0.04858797 -1.16504e-4 0.01101499 -0.04858797 -1.16504e-4 0.01101499 -0.04858797 -1.16504e-4 0.01101499 -0.04858797 -1.16504e-4 0.01102477 -0.0484001 -4.60471e-4 0.01102477 -0.0484001 -4.60471e-4 0.01102477 -0.0484001 -4.60471e-4 0.01102477 -0.0484001 -4.60471e-4 0.01102477 -0.0484001 -4.60471e-4 0.01103919 -0.04814887 -7.6114e-4 0.01103919 -0.04814887 -7.6114e-4 0.01103919 -0.04814887 -7.6114e-4 0.01103919 -0.04814887 -7.6114e-4 0.01103919 -0.04814887 -7.6114e-4 -0.01742547 -0.04685026 8.72072e-4 -0.01742547 -0.04685026 8.72072e-4 -0.01742547 -0.04685026 8.72072e-4 -0.01742547 -0.04685026 8.72072e-4 -0.01742547 -0.04685026 8.72072e-4 -0.01742547 -0.04685026 8.72072e-4 -0.01742547 -0.04685026 8.72072e-4 -0.01742577 -0.046808 4.82292e-4 -0.01742577 -0.046808 4.82292e-4 -0.01742577 -0.046808 4.82292e-4 -0.01742577 -0.046808 4.82292e-4 -0.01742088 -0.04669064 1.08226e-4 -0.01742088 -0.04669064 1.08226e-4 -0.01742088 -0.04669064 1.08226e-4 -0.01741105 -0.04650276 -2.35742e-4 -0.01741105 -0.04650276 -2.35742e-4 -0.01741105 -0.04650276 -2.35742e-4 -0.01741105 -0.04650276 -2.35742e-4 -0.01739668 -0.04625153 -5.3641e-4 -0.01739668 -0.04625153 -5.3641e-4 -0.01739668 -0.04625153 -5.3641e-4 -0.01739668 -0.04625153 -5.3641e-4 -0.01728802 -0.04440873 -0.002347111 -0.01728802 -0.04440873 -0.002347111 -0.01728802 -0.04440873 -0.002347111 0.01114779 -0.04630607 -0.002571821 0.01114779 -0.04630607 -0.002571821 0.01114779 -0.04630607 -0.002571821 0.01114779 -0.04630607 -0.002571821 0.01116621 -0.04600119 -0.00281763 0.01116621 -0.04600119 -0.00281763 0.01116621 -0.04600119 -0.00281763 0.01118791 -0.04565435 -0.002999126 0.01118791 -0.04565435 -0.002999126 0.01118791 -0.04565435 -0.002999126 0.01118791 -0.04565435 -0.002999126 0.01121211 -0.04527884 -0.003109276 0.01121211 -0.04527884 -0.003109276 0.01121211 -0.04527884 -0.003109276 0.01121211 -0.04527884 -0.003109276 -0.01726961 -0.04410386 -0.002592921 -0.01726961 -0.04410386 -0.002592921 -0.01726961 -0.04410386 -0.002592921 -0.01726961 -0.04410386 -0.002592921 -0.01724791 -0.04375702 -0.002774357 -0.01724791 -0.04375702 -0.002774357 -0.01724791 -0.04375702 -0.002774357 -0.01724791 -0.04375702 -0.002774357 -0.01722377 -0.04338151 -0.002884566 -0.01722377 -0.04338151 -0.002884566 -0.01722377 -0.04338151 -0.002884566 -0.01722377 -0.04338151 -0.002884566 0.01136577 -0.04924476 0.04981505 0.01136577 -0.04924476 0.04981505 0.01136577 -0.04924476 0.04981505 0.01138865 -0.04927682 0.05298638 0.01138865 -0.04927682 0.05298638 0.01138865 -0.04927682 0.05298638 0.01138865 -0.04927682 0.05298638 -0.01704716 -0.04737949 0.05321115 -0.01704716 -0.04737949 0.05321115 -0.01704716 -0.04737949 0.05321115 -0.01704716 -0.04737949 0.05321115 -0.01704716 -0.04737949 0.05321115 -0.01708996 -0.04731965 0.04729002 -0.01708996 -0.04731965 0.04729002 -0.01708996 -0.04731965 0.04729002 -0.01708996 -0.04731965 0.04729002 -0.01708996 -0.04731965 0.04729002 -0.01708996 -0.04731965 0.04729002 -0.01708996 -0.04731965 0.04729002 -0.01708996 -0.04731965 0.04729002 0.01084703 -0.04918366 0.04706925 0.01084703 -0.04918366 0.04706925 0.01084703 -0.04918366 0.04706925 0.01084703 -0.04918366 0.04706925 0.01103764 -0.049196 0.04702967 0.01103764 -0.049196 0.04702967 0.01103764 -0.049196 0.04702967 0.01103764 -0.049196 0.04702967 0.01103764 -0.049196 0.04702967 0.01631838 -0.0495271 0.04477602 0.01631838 -0.0495271 0.04477602 0.01631838 -0.0495271 0.04477602 0.01631838 -0.0495271 0.04477602 0.01631838 -0.0495271 0.04477602 0.01631838 -0.0495271 0.04477602 0.01631838 -0.0495271 0.04477602 0.01631838 -0.0495271 0.04477602 0.01119869 -0.04920572 0.04692 0.01119869 -0.04920572 0.04692 0.01119869 -0.04920572 0.04692 0.01119869 -0.04920572 0.04692 0.01130568 -0.04921132 0.04675698 0.01130568 -0.04921132 0.04675698 0.01130568 -0.04921132 0.04675698 0.01130568 -0.04921132 0.04675698 0.01130568 -0.04921132 0.04675698 0.01134228 -0.04921191 0.04656535 0.01134228 -0.04921191 0.04656535 0.01134228 -0.04921191 0.04656535 0.01134228 -0.04921191 0.04656535 0.01134228 -0.04921191 0.04656535 0.01105678 -0.04881256 0.007068395 0.01105678 -0.04881256 0.007068395 0.01105678 -0.04881256 0.007068395 0.01105678 -0.04881256 0.007068395 0.01105678 -0.04881256 0.007068395 0.01105678 -0.04881256 0.007068395 0.01105678 -0.04881256 0.007068395 0.01105678 -0.04881256 0.007068395 0.01105678 -0.04881256 0.007068395 0.0160582 -0.0491631 0.00877881 0.0160582 -0.0491631 0.00877881 0.0160582 -0.0491631 0.00877881 0.0160582 -0.0491631 0.00877881 0.0160582 -0.0491631 0.00877881 0.0160582 -0.0491631 0.00877881 0.0160582 -0.0491631 0.00877881 0.01103329 -0.04877966 0.003818631 0.01103329 -0.04877966 0.003818631 0.01103329 -0.04877966 0.003818631 0.01103329 -0.04877966 0.003818631 0.01103329 -0.04877966 0.003818631 0.01103329 -0.04877966 0.003818631 0.01101744 -0.04880803 0.006877362 0.01101744 -0.04880803 0.006877362 0.01101744 -0.04880803 0.006877362 0.01101744 -0.04880803 0.006877362 0.01101744 -0.04880803 0.006877362 0.01090812 -0.04879921 0.006716012 0.01090812 -0.04879921 0.006716012 0.01090812 -0.04879921 0.006716012 0.01090812 -0.04879921 0.006716012 0.01074546 -0.04878729 0.006608903 0.01074546 -0.04878729 0.006608903 0.01074546 -0.04878729 0.006608903 0.01074546 -0.04878729 0.006608903 -0.01579034 -0.02786386 0.04747736 -0.01579034 -0.02786386 0.04747736 -0.01579034 -0.02786386 0.04747736 -0.01607036 -0.03238147 0.05018389 -0.01607036 -0.03238147 0.05018389 -0.01607036 -0.03238147 0.05018389 -0.01607036 -0.03238147 0.05018389 -0.01577788 -0.02767258 0.04744112 -0.01577788 -0.02767258 0.04744112 -0.01577788 -0.02767258 0.04744112 -0.01632833 -0.03054624 0.002049803 -0.01632833 -0.03054624 0.002049803 -0.01632833 -0.03054624 0.002049803 -0.01632833 -0.03054624 0.002049803 -0.01632833 -0.03054624 0.002049803 -0.01631861 -0.03043878 0.002367854 -0.01631861 -0.03043878 0.002367854 -0.01631861 -0.03043878 0.002367854 -0.01631861 -0.03043878 0.002367854 -0.01631373 -0.03040462 0.002701997 -0.01631373 -0.03040462 0.002701997 -0.01631373 -0.03040462 0.002701997 -0.01631379 -0.03044551 0.003035366 -0.01631379 -0.03044551 0.003035366 -0.01631379 -0.03044551 0.003035366 -0.01631379 -0.03044551 0.003035366 -0.01631891 -0.03055942 0.00335133 -0.01631891 -0.03055942 0.00335133 -0.01631891 -0.03055942 0.00335133 -0.01631891 -0.03055942 0.00335133 -0.01631891 -0.03055942 0.00335133 -0.01632881 -0.03074055 0.003634035 -0.01632881 -0.03074055 0.003634035 -0.01632881 -0.03074055 0.003634035 -0.01632881 -0.03074055 0.003634035 -0.01634287 -0.03097999 0.003869235 -0.01634287 -0.03097999 0.003869235 -0.01634287 -0.03097999 0.003869235 -0.01634287 -0.03097999 0.003869235 -0.01636058 -0.03126555 0.004045188 -0.01636058 -0.03126555 0.004045188 -0.01636058 -0.03126555 0.004045188 -0.01636058 -0.03126555 0.004045188 -0.0163809 -0.03158295 0.004153072 -0.0163809 -0.03158295 0.004153072 -0.0163809 -0.03158295 0.004153072 -0.0163809 -0.03158295 0.004153072 -0.0163809 -0.03158295 0.004153072 -0.0157364 -0.02193903 0.004283547 -0.0157364 -0.02193903 0.004283547 -0.0157364 -0.02193903 0.004283547 -0.0157364 -0.02193903 0.004283547 -0.0157364 -0.02193903 0.004283547 -0.0164029 -0.03191637 0.004187464 -0.0164029 -0.03191637 0.004187464 -0.0164029 -0.03191637 0.004187464 -0.0164029 -0.03191637 0.004187464 -0.0164029 -0.03191637 0.004187464 -0.0164029 -0.03191637 0.004187464 -0.01607006 -0.02726387 0.007020354 -0.01607006 -0.02726387 0.007020354 -0.01607006 -0.02726387 0.007020354 -0.01607006 -0.02726387 0.007020354 -0.01607006 -0.02726387 0.007020354 -0.01605844 -0.02710312 0.007130324 -0.01605844 -0.02710312 0.007130324 -0.01605844 -0.02710312 0.007130324 -0.01605844 -0.02710312 0.007130324 -0.01605004 -0.02699661 0.007293581 -0.01605004 -0.02699661 0.007293581 -0.01605004 -0.02699661 0.007293581 -0.01605004 -0.02699661 0.007293581 -0.01605004 -0.02699661 0.007293581 -0.01604616 -0.02696061 0.00748527 -0.01604616 -0.02696061 0.00748527 -0.01604616 -0.02696061 0.00748527 -0.01604616 -0.02696061 0.00748527 -0.01576066 -0.02735996 0.04698216 -0.01576066 -0.02735996 0.04698216 -0.01576066 -0.02735996 0.04698216 -0.01709103 -0.04186338 0.001091659 -0.01709103 -0.04186338 0.001091659 -0.01709103 -0.04186338 0.001091659 -0.01709103 -0.04186338 0.001091659 -0.01709103 -0.04186338 0.001091659 -0.01709103 -0.04186338 0.001091659 -0.01709103 -0.04186338 0.001091659 -0.01709103 -0.04186338 0.001091659 -0.0170685 -0.04153072 0.001132428 -0.0170685 -0.04153072 0.001132428 -0.0170685 -0.04153072 0.001132428 -0.0170685 -0.04153072 0.001132428 -0.0170685 -0.04153072 0.001132428 -0.01644653 -0.0322194 0.001222074 -0.01644653 -0.0322194 0.001222074 -0.01644653 -0.0322194 0.001222074 -0.01644653 -0.0322194 0.001222074 -0.01644653 -0.0322194 0.001222074 -0.01642453 -0.03188604 0.001187682 -0.01642453 -0.03188604 0.001187682 -0.01642453 -0.03188604 0.001187682 -0.01642453 -0.03188604 0.001187682 -0.01642453 -0.03188604 0.001187682 -0.01713401 -0.04282349 0.003755211 -0.01713401 -0.04282349 0.003755211 -0.01713401 -0.04282349 0.003755211 -0.01713401 -0.04282349 0.003755211 -0.01713401 -0.04282349 0.003755211 -0.01713401 -0.04282349 0.003755211 -0.01715159 -0.04305803 0.003515422 -0.01715159 -0.04305803 0.003515422 -0.01715159 -0.04305803 0.003515422 -0.01715159 -0.04305803 0.003515422 -0.01716554 -0.04323351 0.00322932 -0.01716554 -0.04323351 0.00322932 -0.01716554 -0.04323351 0.00322932 -0.01717525 -0.04334098 0.00291121 -0.01717525 -0.04334098 0.00291121 -0.01717525 -0.04334098 0.00291121 -0.01717525 -0.04334098 0.00291121 -0.01717525 -0.04334098 0.00291121 -0.01718014 -0.04337513 0.002577126 -0.01718014 -0.04337513 0.002577126 -0.01718014 -0.04337513 0.002577126 -0.01718014 -0.04337513 0.002577126 -0.01718008 -0.04333424 0.002243697 -0.01718008 -0.04333424 0.002243697 -0.01718008 -0.04333424 0.002243697 -0.01718008 -0.04333424 0.002243697 -0.01717495 -0.04322034 0.001927733 -0.01717495 -0.04322034 0.001927733 -0.01717495 -0.04322034 0.001927733 -0.01717495 -0.04322034 0.001927733 -0.01717495 -0.04322034 0.001927733 -0.01716506 -0.04303914 0.001645088 -0.01716506 -0.04303914 0.001645088 -0.01716506 -0.04303914 0.001645088 -0.01715099 -0.04279977 0.001409888 -0.01715099 -0.04279977 0.001409888 -0.01715099 -0.04279977 0.001409888 -0.01715099 -0.04279977 0.001409888 -0.01713335 -0.0425142 0.001233935 -0.01713335 -0.0425142 0.001233935 -0.01713335 -0.0425142 0.001233935 -0.01713335 -0.0425142 0.001233935 -0.01711297 -0.04219675 0.00112605 -0.01711297 -0.04219675 0.00112605 -0.01711297 -0.04219675 0.00112605 -0.01711297 -0.04219675 0.00112605 -0.01706933 -0.04189366 0.004091382 -0.01706933 -0.04189366 0.004091382 -0.01706933 -0.04189366 0.004091382 -0.01706933 -0.04189366 0.004091382 -0.01706933 -0.04189366 0.004091382 -0.01709187 -0.04222631 0.004050612 -0.01709187 -0.04222631 0.004050612 -0.01709187 -0.04222631 0.004050612 -0.01709187 -0.04222631 0.004050612 -0.0171138 -0.0425415 0.003936588 -0.0171138 -0.0425415 0.003936588 -0.0171138 -0.0425415 0.003936588 -0.0171138 -0.0425415 0.003936588 -0.01358997 0.004514336 0.05253916 -0.01358997 0.004514336 0.05253916 -0.01358997 0.004514336 0.05253916 -0.01358997 0.004514336 0.05253916 -0.01358997 0.004514336 0.05253916 -0.01358997 0.004514336 0.05253916 -0.01358997 0.004514336 0.05253916 -0.01358997 0.004514336 0.05253916 -0.01358997 0.004514336 0.05253916 -0.01525616 -0.02042889 0.05229902 -0.01525616 -0.02042889 0.05229902 -0.01525616 -0.02042889 0.05229902 -0.01525616 -0.02042889 0.05229902 -0.01525616 -0.02042889 0.05229902 -0.01596474 -0.03105485 0.05234754 -0.01596474 -0.03105485 0.05234754 -0.01596474 -0.03105485 0.05234754 -0.01596474 -0.03105485 0.05234754 -0.01596474 -0.03105485 0.05234754 -0.01597464 -0.03123599 0.05263024 -0.01597464 -0.03123599 0.05263024 -0.01597464 -0.03123599 0.05263024 -0.01597464 -0.03123599 0.05263024 -0.01598876 -0.03147536 0.05286544 -0.01598876 -0.03147536 0.05286544 -0.01598876 -0.03147536 0.05286544 -0.01598876 -0.03147536 0.05286544 -0.01600641 -0.03176093 0.05304139 -0.01600641 -0.03176093 0.05304139 -0.01600641 -0.03176093 0.05304139 -0.01600641 -0.03176093 0.05304139 -0.01602673 -0.03207838 0.05314928 -0.01602673 -0.03207838 0.05314928 -0.01602673 -0.03207838 0.05314928 -0.01602673 -0.03207838 0.05314928 -0.01604866 -0.03241175 0.05318367 -0.01604866 -0.03241175 0.05318367 -0.01604866 -0.03241175 0.05318367 -0.01604866 -0.03241175 0.05318367 -0.01604866 -0.03241175 0.05318367 -0.01604866 -0.03241175 0.05318367 -0.01355379 0.004463791 0.0575388 -0.01355379 0.004463791 0.0575388 -0.01355379 0.004463791 0.0575388 -0.01355379 0.004463791 0.0575388 -0.01355379 0.004463791 0.0575388 -0.01540392 -0.02240413 0.05027997 -0.01540392 -0.02240413 0.05027997 -0.01540392 -0.02240413 0.05027997 -0.01540392 -0.02240413 0.05027997 -0.01540392 -0.02240413 0.05027997 -0.01540392 -0.02240413 0.05027997 -0.01540392 -0.02240413 0.05027997 -0.01540392 -0.02240413 0.05027997 -0.01576179 -0.02739983 0.04717314 -0.01576179 -0.02739983 0.04717314 -0.01576179 -0.02739983 0.04717314 -0.01576179 -0.02739983 0.04717314 -0.01576179 -0.02739983 0.04717314 -0.01576781 -0.02750962 0.04733431 -0.01576781 -0.02750962 0.04733431 -0.01576781 -0.02750962 0.04733431 -0.01576781 -0.02750962 0.04733431 -0.01604789 -0.03204882 0.05022472 -0.01604789 -0.03204882 0.05022472 -0.01604789 -0.03204882 0.05022472 -0.01604789 -0.03204882 0.05022472 -0.01604789 -0.03204882 0.05022472 -0.0160259 -0.03173357 0.05033868 -0.0160259 -0.03173357 0.05033868 -0.0160259 -0.03173357 0.05033868 -0.0160259 -0.03173357 0.05033868 -0.0160259 -0.03173357 0.05033868 -0.01600569 -0.03145164 0.05052012 -0.01600569 -0.03145164 0.05052012 -0.01600569 -0.03145164 0.05052012 -0.01600569 -0.03145164 0.05052012 -0.01600569 -0.03145164 0.05052012 -0.01598817 -0.03121709 0.05075991 -0.01598817 -0.03121709 0.05075991 -0.01598817 -0.03121709 0.05075991 -0.01598817 -0.03121709 0.05075991 -0.01597416 -0.03104168 0.05104601 -0.01597416 -0.03104168 0.05104601 -0.01597416 -0.03104168 0.05104601 -0.01597416 -0.03104168 0.05104601 -0.01597416 -0.03104168 0.05104601 -0.0159645 -0.03093421 0.05136406 -0.0159645 -0.03093421 0.05136406 -0.0159645 -0.03093421 0.05136406 -0.0159645 -0.03093421 0.05136406 -0.01595956 -0.0309 0.0516982 -0.01595956 -0.0309 0.0516982 -0.01595956 -0.0309 0.0516982 -0.01595956 -0.0309 0.0516982 -0.01595968 -0.03094094 0.05203157 -0.01595968 -0.03094094 0.05203157 -0.01595968 -0.03094094 0.05203157 -0.01595968 -0.03094094 0.05203157 -0.016402 -0.03155338 0.001228511 -0.016402 -0.03155338 0.001228511 -0.016402 -0.03155338 0.001228511 -0.016402 -0.03155338 0.001228511 -0.01638013 -0.03123819 0.001342475 -0.01638013 -0.03123819 0.001342475 -0.01638013 -0.03123819 0.001342475 -0.01638013 -0.03123819 0.001342475 -0.01638013 -0.03123819 0.001342475 -0.01635986 -0.03095626 0.001523911 -0.01635986 -0.03095626 0.001523911 -0.01635986 -0.03095626 0.001523911 -0.01635986 -0.03095626 0.001523911 -0.01634228 -0.03072166 0.001763701 -0.01634228 -0.03072166 0.001763701 -0.01634228 -0.03072166 0.001763701 -0.01671516 -0.04238909 0.05308759 -0.01671516 -0.04238909 0.05308759 -0.01671516 -0.04238909 0.05308759 -0.01671516 -0.04238909 0.05308759 -0.01671516 -0.04238909 0.05308759 -0.01671516 -0.04238909 0.05308759 -0.01671516 -0.04238909 0.05308759 -0.01673769 -0.04272174 0.05304682 -0.01673769 -0.04272174 0.05304682 -0.01673769 -0.04272174 0.05304682 -0.01673769 -0.04272174 0.05304682 -0.0170418 -0.0473451 0.05360162 -0.0170418 -0.0473451 0.05360162 -0.0170418 -0.0473451 0.05360162 -0.0170418 -0.0473451 0.05360162 -0.0170418 -0.0473451 0.05360162 -0.01703149 -0.04723531 0.0539779 -0.01703149 -0.04723531 0.0539779 -0.01703149 -0.04723531 0.0539779 -0.01703149 -0.04723531 0.0539779 -0.0170167 -0.04705446 0.05432546 -0.0170167 -0.04705446 0.05432546 -0.0170167 -0.04705446 0.05432546 -0.0170167 -0.04705446 0.05432546 -0.01699793 -0.04680931 0.05463087 -0.01699793 -0.04680931 0.05463087 -0.01699793 -0.04680931 0.05463087 -0.0168628 -0.04500353 0.05647671 -0.0168628 -0.04500353 0.05647671 -0.0168628 -0.04500353 0.05647671 -0.0168628 -0.04500353 0.05647671 -0.01684081 -0.04470366 0.05672836 -0.01684081 -0.04470366 0.05672836 -0.01684081 -0.04470366 0.05672836 -0.01684081 -0.04470366 0.05672836 -0.01681643 -0.04436051 0.05691647 -0.01681643 -0.04436051 0.05691647 -0.01681643 -0.04436051 0.05691647 -0.01681643 -0.04436051 0.05691647 -0.01679062 -0.04398733 0.05703389 -0.01679062 -0.04398733 0.05703389 -0.01679062 -0.04398733 0.05703389 -0.01679062 -0.04398733 0.05703389 -0.01676434 -0.04359847 0.05707603 -0.01676434 -0.04359847 0.05707603 -0.01676434 -0.04359847 0.05707603 -0.0160712 -0.0327444 0.05314284 -0.0160712 -0.0327444 0.05314284 -0.0160712 -0.0327444 0.05314284 -0.0160712 -0.0327444 0.05314284 -0.0160712 -0.0327444 0.05314284 -0.01669323 -0.04205566 0.0530532 -0.01669323 -0.04205566 0.0530532 -0.01669323 -0.04205566 0.0530532 -0.01669323 -0.04205566 0.0530532 -0.01669323 -0.04205566 0.0530532 -0.01679742 -0.04355347 0.05251163 -0.01679742 -0.04355347 0.05251163 -0.01679742 -0.04355347 0.05251163 -0.01679742 -0.04355347 0.05251163 -0.01679742 -0.04355347 0.05251163 -0.01681137 -0.04372888 0.05222553 -0.01681137 -0.04372888 0.05222553 -0.01681137 -0.04372888 0.05222553 -0.01681137 -0.04372888 0.05222553 -0.01681137 -0.04372888 0.05222553 -0.01682108 -0.04383635 0.05190742 -0.01682108 -0.04383635 0.05190742 -0.01682108 -0.04383635 0.05190742 -0.01682108 -0.04383635 0.05190742 -0.01682597 -0.0438705 0.05157333 -0.01682597 -0.0438705 0.05157333 -0.01682597 -0.0438705 0.05157333 -0.01682597 -0.0438705 0.05157333 -0.01682591 -0.04382961 0.0512399 -0.01682591 -0.04382961 0.0512399 -0.01682591 -0.04382961 0.0512399 -0.01682591 -0.04382961 0.0512399 -0.01682078 -0.04371577 0.05092394 -0.01682078 -0.04371577 0.05092394 -0.01682078 -0.04371577 0.05092394 -0.01682078 -0.04371577 0.05092394 -0.01682078 -0.04371577 0.05092394 -0.01681095 -0.04353457 0.05064129 -0.01681095 -0.04353457 0.05064129 -0.01681095 -0.04353457 0.05064129 -0.01679682 -0.0432952 0.05040609 -0.01679682 -0.0432952 0.05040609 -0.01679682 -0.0432952 0.05040609 -0.01679682 -0.0432952 0.05040609 -0.01679682 -0.0432952 0.05040609 -0.01677918 -0.04300963 0.05023014 -0.01677918 -0.04300963 0.05023014 -0.01677918 -0.04300963 0.05023014 -0.01677918 -0.04300963 0.05023014 -0.01677918 -0.04300963 0.05023014 -0.01675885 -0.04269218 0.05012226 -0.01675885 -0.04269218 0.05012226 -0.01675885 -0.04269218 0.05012226 -0.01675885 -0.04269218 0.05012226 -0.01673686 -0.04235875 0.05008786 -0.01673686 -0.04235875 0.05008786 -0.01673686 -0.04235875 0.05008786 -0.01673686 -0.04235875 0.05008786 -0.01673686 -0.04235875 0.05008786 -0.01673686 -0.04235875 0.05008786 -0.01675963 -0.04303693 0.05293279 -0.01675963 -0.04303693 0.05293279 -0.01675963 -0.04303693 0.05293279 -0.01675963 -0.04303693 0.05293279 -0.01677989 -0.04331892 0.05275142 -0.01677989 -0.04331892 0.05275142 -0.01677989 -0.04331892 0.05275142 -0.01677989 -0.04331892 0.05275142 -0.01677989 -0.04331892 0.05275142 -0.01704734 -0.04156023 0.00405699 -0.01704734 -0.04156023 0.00405699 -0.01704734 -0.04156023 0.00405699 -0.01704734 -0.04156023 0.00405699 -0.01704734 -0.04156023 0.00405699 -0.01642537 -0.03224903 0.004146635 -0.01642537 -0.03224903 0.004146635 -0.01642537 -0.03224903 0.004146635 -0.01642537 -0.03224903 0.004146635 -0.01642537 -0.03224903 0.004146635 -0.01702702 -0.04124283 0.003949105 -0.01702702 -0.04124283 0.003949105 -0.01702702 -0.04124283 0.003949105 -0.01702702 -0.04124283 0.003949105 -0.01702702 -0.04124283 0.003949105 -0.0164473 -0.03256422 0.004032671 -0.0164473 -0.03256422 0.004032671 -0.0164473 -0.03256422 0.004032671 -0.0164473 -0.03256422 0.004032671 -0.0164473 -0.03256422 0.004032671 -0.01700937 -0.04095727 0.003773152 -0.01700937 -0.04095727 0.003773152 -0.01700937 -0.04095727 0.003773152 -0.01700937 -0.04095727 0.003773152 -0.01646757 -0.03284615 0.003851234 -0.01646757 -0.03284615 0.003851234 -0.01646757 -0.03284615 0.003851234 -0.01646757 -0.03284615 0.003851234 -0.01646757 -0.03284615 0.003851234 -0.01699525 -0.04071789 0.003537952 -0.01699525 -0.04071789 0.003537952 -0.01699525 -0.04071789 0.003537952 -0.01699525 -0.04071789 0.003537952 -0.01648509 -0.03308075 0.003611445 -0.01648509 -0.03308075 0.003611445 -0.01648509 -0.03308075 0.003611445 -0.01648509 -0.03308075 0.003611445 -0.01648509 -0.03308075 0.003611445 -0.01698541 -0.0405367 0.003255307 -0.01698541 -0.0405367 0.003255307 -0.01698541 -0.0405367 0.003255307 -0.0164991 -0.03325617 0.003325402 -0.0164991 -0.03325617 0.003325402 -0.0164991 -0.03325617 0.003325402 -0.0164991 -0.03325617 0.003325402 -0.01698029 -0.04042279 0.002939343 -0.01698029 -0.04042279 0.002939343 -0.01698029 -0.04042279 0.002939343 -0.01698029 -0.04042279 0.002939343 -0.01650875 -0.03336364 0.003007292 -0.01650875 -0.03336364 0.003007292 -0.01650875 -0.03336364 0.003007292 -0.01650875 -0.03336364 0.003007292 -0.01698017 -0.0403819 0.002605915 -0.01698017 -0.0403819 0.002605915 -0.01698017 -0.0403819 0.002605915 -0.01698017 -0.0403819 0.002605915 -0.01651364 -0.03339779 0.002673149 -0.01651364 -0.03339779 0.002673149 -0.01651364 -0.03339779 0.002673149 -0.01651364 -0.03339779 0.002673149 -0.01698511 -0.04041606 0.002271831 -0.01698511 -0.04041606 0.002271831 -0.01698511 -0.04041606 0.002271831 -0.01651358 -0.0333569 0.00233978 -0.01651358 -0.0333569 0.00233978 -0.01651358 -0.0333569 0.00233978 -0.01651358 -0.0333569 0.00233978 -0.01699483 -0.04052352 0.001953721 -0.01699483 -0.04052352 0.001953721 -0.01699483 -0.04052352 0.001953721 -0.01650846 -0.033243 0.002023816 -0.01650846 -0.033243 0.002023816 -0.01650846 -0.033243 0.002023816 -0.01650846 -0.033243 0.002023816 -0.01700878 -0.04069894 0.001667618 -0.01700878 -0.04069894 0.001667618 -0.01700878 -0.04069894 0.001667618 -0.01700878 -0.04069894 0.001667618 -0.01649862 -0.03306186 0.00174117 -0.01649862 -0.03306186 0.00174117 -0.01649862 -0.03306186 0.00174117 -0.01702636 -0.04093354 0.001427829 -0.01702636 -0.04093354 0.001427829 -0.01702636 -0.04093354 0.001427829 -0.01702636 -0.04093354 0.001427829 -0.01702636 -0.04093354 0.001427829 -0.01648449 -0.03282248 0.001505911 -0.01648449 -0.03282248 0.001505911 -0.01648449 -0.03282248 0.001505911 -0.01648449 -0.03282248 0.001505911 -0.01648449 -0.03282248 0.001505911 -0.01704657 -0.04121547 0.001246452 -0.01704657 -0.04121547 0.001246452 -0.01704657 -0.04121547 0.001246452 -0.01704657 -0.04121547 0.001246452 -0.01646685 -0.03253686 0.001329958 -0.01646685 -0.03253686 0.001329958 -0.01646685 -0.03253686 0.001329958 -0.01646685 -0.03253686 0.001329958 -0.0166729 -0.04173821 0.05294531 -0.0166729 -0.04173821 0.05294531 -0.0166729 -0.04173821 0.05294531 -0.01609313 -0.03305965 0.05302888 -0.01609313 -0.03305965 0.05302888 -0.01609313 -0.03305965 0.05302888 -0.01609313 -0.03305965 0.05302888 -0.01609313 -0.03305965 0.05302888 -0.0166552 -0.04145264 0.05276936 -0.0166552 -0.04145264 0.05276936 -0.0166552 -0.04145264 0.05276936 -0.0166552 -0.04145264 0.05276936 -0.0166552 -0.04145264 0.05276936 -0.0161134 -0.03334158 0.05284744 -0.0161134 -0.03334158 0.05284744 -0.0161134 -0.03334158 0.05284744 -0.0161134 -0.03334158 0.05284744 -0.01664108 -0.04121327 0.05253416 -0.01664108 -0.04121327 0.05253416 -0.01664108 -0.04121327 0.05253416 -0.01613092 -0.03357619 0.05260765 -0.01613092 -0.03357619 0.05260765 -0.01613092 -0.03357619 0.05260765 -0.01613092 -0.03357619 0.05260765 -0.01663124 -0.04103213 0.05225151 -0.01663124 -0.04103213 0.05225151 -0.01663124 -0.04103213 0.05225151 -0.01663124 -0.04103213 0.05225151 -0.01614493 -0.03375154 0.05232161 -0.01614493 -0.03375154 0.05232161 -0.01614493 -0.03375154 0.05232161 -0.01662611 -0.04091823 0.05193555 -0.01662611 -0.04091823 0.05193555 -0.01662611 -0.04091823 0.05193555 -0.01615458 -0.03385907 0.0520035 -0.01615458 -0.03385907 0.0520035 -0.01615458 -0.03385907 0.0520035 -0.01615458 -0.03385907 0.0520035 -0.01662606 -0.04087734 0.05160212 -0.01662606 -0.04087734 0.05160212 -0.01662606 -0.04087734 0.05160212 -0.01662606 -0.04087734 0.05160212 -0.01615953 -0.03389322 0.05166935 -0.01615953 -0.03389322 0.05166935 -0.01615953 -0.03389322 0.05166935 -0.01615953 -0.03389322 0.05166935 -0.01615953 -0.03389322 0.05166935 -0.01663094 -0.04091149 0.05126804 -0.01663094 -0.04091149 0.05126804 -0.01663094 -0.04091149 0.05126804 -0.01663094 -0.04091149 0.05126804 -0.01663094 -0.04091149 0.05126804 -0.01615941 -0.03385233 0.05133599 -0.01615941 -0.03385233 0.05133599 -0.01615941 -0.03385233 0.05133599 -0.01615941 -0.03385233 0.05133599 -0.01615941 -0.03385233 0.05133599 -0.01664066 -0.04101896 0.05094993 -0.01664066 -0.04101896 0.05094993 -0.01664066 -0.04101896 0.05094993 -0.01664066 -0.04101896 0.05094993 -0.01615428 -0.03373843 0.05102002 -0.01615428 -0.03373843 0.05102002 -0.01615428 -0.03373843 0.05102002 -0.01615428 -0.03373843 0.05102002 -0.01615428 -0.03373843 0.05102002 -0.01665461 -0.04119437 0.05066382 -0.01665461 -0.04119437 0.05066382 -0.01665461 -0.04119437 0.05066382 -0.01665461 -0.04119437 0.05066382 -0.01665461 -0.04119437 0.05066382 -0.01614445 -0.03355723 0.05073738 -0.01614445 -0.03355723 0.05073738 -0.01614445 -0.03355723 0.05073738 -0.01614445 -0.03355723 0.05073738 -0.01614445 -0.03355723 0.05073738 -0.01667213 -0.04142898 0.05042403 -0.01667213 -0.04142898 0.05042403 -0.01667213 -0.04142898 0.05042403 -0.01667213 -0.04142898 0.05042403 -0.01667213 -0.04142898 0.05042403 -0.01613032 -0.03331786 0.05050212 -0.01613032 -0.03331786 0.05050212 -0.01613032 -0.03331786 0.05050212 -0.01613032 -0.03331786 0.05050212 -0.01613032 -0.03331786 0.05050212 -0.01669239 -0.04171091 0.05024266 -0.01669239 -0.04171091 0.05024266 -0.01669239 -0.04171091 0.05024266 -0.01669239 -0.04171091 0.05024266 -0.01611268 -0.03303229 0.05032616 -0.01611268 -0.03303229 0.05032616 -0.01611268 -0.03303229 0.05032616 -0.01611268 -0.03303229 0.05032616 -0.01611268 -0.03303229 0.05032616 -0.01671433 -0.0420261 0.05012863 -0.01671433 -0.0420261 0.05012863 -0.01671433 -0.0420261 0.05012863 -0.01671433 -0.0420261 0.05012863 -0.01671433 -0.0420261 0.05012863 -0.01671433 -0.0420261 0.05012863 -0.01609236 -0.03271484 0.05021828 -0.01609236 -0.03271484 0.05021828 -0.01609236 -0.03271484 0.05021828 -0.01609236 -0.03271484 0.05021828 -0.01609236 -0.03271484 0.05021828 0.01143795 -0.04870665 0.05440616 0.01143795 -0.04870665 0.05440616 0.01143795 -0.04870665 0.05440616 0.01143795 -0.04870665 0.05440616 0.01157301 -0.04690086 0.056252 0.01157301 -0.04690086 0.056252 0.01157301 -0.04690086 0.056252 0.01157301 -0.04690086 0.056252 0.0148459 0.002617001 0.05231446 0.0148459 0.002617001 0.05231446 0.0148459 0.002617001 0.05231446 0.0148459 0.002617001 0.05231446 0.0148459 0.002617001 0.05231446 0.0148459 0.002617001 0.05231446 0.0148459 0.002617001 0.05231446 0.0148459 0.002617001 0.05231446 0.0148459 0.002617001 0.05231446 0.01488202 0.002566397 0.05731409 0.01488202 0.002566397 0.05731409 0.01488202 0.002566397 0.05731409 0.01488202 0.002566397 0.05731409 0.01167148 -0.0454958 0.05685132 0.01167148 -0.0454958 0.05685132 0.01167148 -0.0454958 0.05685132 0.01167148 -0.0454958 0.05685132 0.01167148 -0.0454958 0.05685132 0.01167148 -0.0454958 0.05685132 0.01164525 -0.04588466 0.05680912 0.01164525 -0.04588466 0.05680912 0.01164525 -0.04588466 0.05680912 0.01161938 -0.04625785 0.05669176 0.01161938 -0.04625785 0.05669176 0.01161938 -0.04625785 0.05669176 0.01161938 -0.04625785 0.05669176 0.01159501 -0.04660099 0.05650359 0.01159501 -0.04660099 0.05650359 0.01159501 -0.04660099 0.05650359 0.01159501 -0.04660099 0.05650359 0.01141917 -0.0489518 0.05410069 0.01141917 -0.0489518 0.05410069 0.01141917 -0.0489518 0.05410069 0.01141917 -0.0489518 0.05410069 0.01140433 -0.04913264 0.05375319 0.01140433 -0.04913264 0.05375319 0.01140433 -0.04913264 0.05375319 0.01140433 -0.04913264 0.05375319 0.01140433 -0.04913264 0.05375319 0.01139408 -0.04924243 0.05337691 0.01139408 -0.04924243 0.05337691 0.01139408 -0.04924243 0.05337691 0.01317971 -0.02232623 0.05207431 0.01317971 -0.02232623 0.05207431 0.01317971 -0.02232623 0.05207431 0.01317971 -0.02232623 0.05207431 0.01317971 -0.02232623 0.05207431 0.01317971 -0.02232623 0.05207431 0.01303195 -0.02430146 0.05005526 0.01303195 -0.02430146 0.05005526 0.01303195 -0.02430146 0.05005526 0.01303195 -0.02430146 0.05005526 0.01303195 -0.02430146 0.05005526 0.01303195 -0.02430146 0.05005526 0.009120404 -0.006319224 0.05726587 0.009120404 -0.006319224 0.05726587 0.009120404 -0.006319224 0.05726587 0.009120404 -0.006319224 0.05726587 0.008577823 -0.007057249 0.05726236 0.008577823 -0.007057249 0.05726236 0.008577823 -0.007057249 0.05726236 0.007973015 -0.007745206 0.05725973 0.007973015 -0.007745206 0.05725973 0.007973015 -0.007745206 0.05725973 0.007310569 -0.00837785 0.05725812 0.007310569 -0.00837785 0.05725812 0.007310569 -0.00837785 0.05725812 0.006595492 -0.008950293 0.05725753 0.006595492 -0.008950293 0.05725753 0.006595492 -0.008950293 0.05725753 0.005833268 -0.009458303 0.05725789 0.005833268 -0.009458303 0.05725789 0.005833268 -0.009458303 0.05725789 0.005833268 -0.009458303 0.05725789 0.005029618 -0.009897947 0.05725926 0.005029618 -0.009897947 0.05725926 0.005029618 -0.009897947 0.05725926 0.004190742 -0.01026582 0.05726158 0.004190742 -0.01026582 0.05726158 0.004190742 -0.01026582 0.05726158 0.003323018 -0.01055926 0.05726492 0.003323018 -0.01055926 0.05726492 0.003323018 -0.01055926 0.05726492 0.003323018 -0.01055926 0.05726492 0.002433001 -0.01077592 0.05726915 0.002433001 -0.01077592 0.05726915 0.002433001 -0.01077592 0.05726915 0.002433001 -0.01077592 0.05726915 0.001527547 -0.0109142 0.05727428 0.001527547 -0.0109142 0.05727428 0.001527547 -0.0109142 0.05727428 6.13462e-4 -0.01097303 0.0572803 6.13462e-4 -0.01097303 0.0572803 6.13462e-4 -0.01097303 0.0572803 -3.02284e-4 -0.01095193 0.05728715 -3.02284e-4 -0.01095193 0.05728715 -3.02284e-4 -0.01095193 0.05728715 -0.001212656 -0.01085114 0.05729472 -0.001212656 -0.01085114 0.05729472 -0.001212656 -0.01085114 0.05729472 -0.002110838 -0.01067137 0.05730307 -0.002110838 -0.01067137 0.05730307 -0.002110838 -0.01067137 0.05730307 -0.002989888 -0.01041406 0.05731201 -0.002989888 -0.01041406 0.05731201 -0.002989888 -0.01041406 0.05731201 -0.003843188 -0.01008105 0.05732154 -0.003843188 -0.01008105 0.05732154 -0.003843188 -0.01008105 0.05732154 -0.004664182 -0.009674966 0.05733162 -0.004664182 -0.009674966 0.05733162 -0.004664182 -0.009674966 0.05733162 -0.005446732 -0.009198904 0.05734205 -0.005446732 -0.009198904 0.05734205 -0.005446732 -0.009198904 0.05734205 -0.006184697 -0.008656442 0.0573529 -0.006184697 -0.008656442 0.0573529 -0.006184697 -0.008656442 0.0573529 -0.006872653 -0.008051693 0.05736398 -0.006872653 -0.008051693 0.05736398 -0.006872653 -0.008051693 0.05736398 -0.007505178 -0.007389247 0.05737525 -0.007505178 -0.007389247 0.05737525 -0.007505178 -0.007389247 0.05737525 -0.008077681 -0.00667423 0.05738657 -0.008077681 -0.00667423 0.05738657 -0.008077681 -0.00667423 0.05738657 -0.008077681 -0.00667423 0.05738657 -0.008585572 -0.005912065 0.05739796 -0.008585572 -0.005912065 0.05739796 -0.008585572 -0.005912065 0.05739796 -0.008585572 -0.005912065 0.05739796 -0.009025156 -0.005108475 0.05740928 -0.009025156 -0.005108475 0.05740928 -0.009025156 -0.005108475 0.05740928 -0.009025156 -0.005108475 0.05740928 -0.009025156 -0.005108475 0.05740928 0.008796751 0.009522199 0.05742841 0.008796751 0.009522199 0.05742841 0.008796751 0.009522199 0.05742841 0.008796751 0.009522199 0.05742841 0.008796751 0.009522199 0.05742841 0.008404552 0.009922862 0.05743527 0.008404552 0.009922862 0.05743527 0.008404552 0.009922862 0.05743527 0.007969915 0.01027697 0.057442 0.007969915 0.01027697 0.057442 0.007969915 0.01027697 0.057442 0.007969915 0.01027697 0.057442 0.007498323 0.0105803 0.0574485 0.007498323 0.0105803 0.0574485 0.007498323 0.0105803 0.0574485 0.007498323 0.0105803 0.0574485 0.006995797 0.01082885 0.05745464 0.006995797 0.01082885 0.05745464 0.006995797 0.01082885 0.05745464 0.006468534 0.01101958 0.05746036 0.006468534 0.01101958 0.05746036 0.006468534 0.01101958 0.05746036 0.006468534 0.01101958 0.05746036 0.005923271 0.01115012 0.05746561 0.005923271 0.01115012 0.05746561 0.005923271 0.01115012 0.05746561 0.005923271 0.01115012 0.05746561 0.005366802 0.01121872 0.05747032 0.005366802 0.01121872 0.05747032 0.005366802 0.01121872 0.05747032 0.005366802 0.01121872 0.05747032 -0.002972245 0.01177513 0.05753624 -0.002972245 0.01177513 0.05753624 -0.002972245 0.01177513 0.05753624 0.001097321 0.01000034 0.05748885 0.001097321 0.01000034 0.05748885 0.001097321 0.01000034 0.05748885 0.001097321 0.01000034 0.05748885 0.001097321 0.01000034 0.05748885 0.002007722 0.009899556 0.05748128 0.002007722 0.009899556 0.05748128 0.002007722 0.009899556 0.05748128 0.002905845 0.009719789 0.05747294 0.002905845 0.009719789 0.05747294 0.002905845 0.009719789 0.05747294 0.003784954 0.009462475 0.057464 0.003784954 0.009462475 0.057464 0.003784954 0.009462475 0.057464 0.004638195 0.009129464 0.05745446 0.004638195 0.009129464 0.05745446 0.004638195 0.009129464 0.05745446 0.005459249 0.008723378 0.05744445 0.005459249 0.008723378 0.05744445 0.005459249 0.008723378 0.05744445 0.006241738 0.008247315 0.05743396 0.006241738 0.008247315 0.05743396 0.006241738 0.008247315 0.05743396 0.006979703 0.007704794 0.05742317 0.006979703 0.007704794 0.05742317 0.006979703 0.007704794 0.05742317 0.00766766 0.007100045 0.05741208 0.00766766 0.007100045 0.05741208 0.00766766 0.007100045 0.05741208 0.008300244 0.006437659 0.05740082 0.008300244 0.006437659 0.05740082 0.008300244 0.006437659 0.05740082 0.008872687 0.005722641 0.05738943 0.008872687 0.005722641 0.05738943 0.008872687 0.005722641 0.05738943 0.009380638 0.004960477 0.05737805 0.009380638 0.004960477 0.05737805 0.009380638 0.004960477 0.05737805 0.009820222 0.004156887 0.05736672 0.009820222 0.004156887 0.05736672 0.009820222 0.004156887 0.05736672 0.01018804 0.003318071 0.05735558 0.01018804 0.003318071 0.05735558 0.01018804 0.003318071 0.05735558 0.01048141 0.002450346 0.05734473 0.01048141 0.002450346 0.05734473 0.01048141 0.002450346 0.05734473 -0.003532886 0.01178103 0.05754035 -0.003532886 0.01178103 0.05754035 -0.003532886 0.01178103 0.05754035 -0.004090666 0.01172417 0.05754381 -0.004090666 0.01172417 0.05754381 -0.004090666 0.01172417 0.05754381 -0.004638612 0.01160514 0.05754655 -0.004638612 0.01160514 0.05754655 -0.004638612 0.01160514 0.05754655 -0.005169749 0.01142555 0.05754858 -0.005169749 0.01142555 0.05754858 -0.005169749 0.01142555 0.05754858 -0.005677461 0.01118761 0.05754983 -0.005677461 0.01118761 0.05754983 -0.005677461 0.01118761 0.05754983 -0.006155371 0.01089429 0.05755037 -0.006155371 0.01089429 0.05755037 -0.006155371 0.01089429 0.05755037 -0.006597399 0.01054936 0.05755007 -0.006597399 0.01054936 0.05755007 -0.006597399 0.01054936 0.05755007 -0.006597399 0.01054936 0.05755007 0.01069802 0.001560389 0.05733412 0.01069802 0.001560389 0.05733412 0.01069802 0.001560389 0.05733412 0.01083624 6.54975e-4 0.05732399 0.01083624 6.54975e-4 0.05732399 0.01083624 6.54975e-4 0.05732399 0.01089501 -2.5911e-4 0.05731433 0.01089501 -2.5911e-4 0.05731433 0.01089501 -2.5911e-4 0.05731433 0.01087385 -0.001174747 0.05730521 0.01087385 -0.001174747 0.05730521 0.01087385 -0.001174747 0.05730521 0.010773 -0.002085208 0.05729675 0.010773 -0.002085208 0.05729675 0.010773 -0.002085208 0.05729675 0.01059317 -0.002983331 0.05728894 0.01059317 -0.002983331 0.05728894 0.01059317 -0.002983331 0.05728894 0.01033574 -0.00386238 0.05728191 0.01033574 -0.00386238 0.05728191 0.01033574 -0.00386238 0.05728191 0.01000273 -0.004715681 0.05727571 0.01000273 -0.004715681 0.05727571 0.01000273 -0.004715681 0.05727571 0.009596586 -0.005536735 0.05727034 0.009596586 -0.005536735 0.05727034 0.009596586 -0.005536735 0.05727034 0.009596586 -0.005536735 0.05727034 -0.009393036 -0.004269659 0.05742043 -0.009393036 -0.004269659 0.05742043 -0.009393036 -0.004269659 0.05742043 -0.009393036 -0.004269659 0.05742043 -0.00968635 -0.003401994 0.05743134 -0.00968635 -0.003401994 0.05743134 -0.00968635 -0.003401994 0.05743134 -0.009903013 -0.002511978 0.05744189 -0.009903013 -0.002511978 0.05744189 -0.009903013 -0.002511978 0.05744189 -0.01004123 -0.001606523 0.05745202 -0.01004123 -0.001606523 0.05745202 -0.01004123 -0.001606523 0.05745202 -0.01004123 -0.001606523 0.05745202 -0.01009994 -6.92499e-4 0.05746167 -0.01009994 -6.92499e-4 0.05746167 -0.01009994 -6.92499e-4 0.05746167 -0.01009994 -6.92499e-4 0.05746167 -0.01007884 2.23212e-4 0.05747079 -0.01007884 2.23212e-4 0.05747079 -0.01007884 2.23212e-4 0.05747079 -0.009977996 0.00113362 0.05747926 -0.009977996 0.00113362 0.05747926 -0.009977996 0.00113362 0.05747926 -0.009798169 0.002031743 0.05748707 -0.009798169 0.002031743 0.05748707 -0.009798169 0.002031743 0.05748707 -0.009540736 0.002910792 0.0574941 -0.009540736 0.002910792 0.0574941 -0.009540736 0.002910792 0.0574941 -0.009207665 0.003764092 0.0575003 -0.009207665 0.003764092 0.0575003 -0.009207665 0.003764092 0.0575003 -0.008801519 0.004585087 0.05750566 -0.008801519 0.004585087 0.05750566 -0.008801519 0.004585087 0.05750566 -0.008325397 0.005367636 0.05751013 -0.008325397 0.005367636 0.05751013 -0.008325397 0.005367636 0.05751013 -0.007782816 0.006105661 0.05751371 -0.007782816 0.006105661 0.05751371 -0.007782816 0.006105661 0.05751371 -0.007178008 0.006793618 0.05751627 -0.007178008 0.006793618 0.05751627 -0.007178008 0.006793618 0.05751627 -0.007178008 0.006793618 0.05751627 -0.006515562 0.007426261 0.05751788 -0.006515562 0.007426261 0.05751788 -0.006515562 0.007426261 0.05751788 -0.006515562 0.007426261 0.05751788 -0.005800485 0.007998704 0.05751848 -0.005800485 0.007998704 0.05751848 -0.005800485 0.007998704 0.05751848 -0.005038201 0.008506715 0.05751812 -0.005038201 0.008506715 0.05751812 -0.005038201 0.008506715 0.05751812 -0.004234611 0.008946299 0.05751675 -0.004234611 0.008946299 0.05751675 -0.004234611 0.008946299 0.05751675 -0.003395736 0.009314239 0.05751442 -0.003395736 0.009314239 0.05751442 -0.003395736 0.009314239 0.05751442 -0.003395736 0.009314239 0.05751442 -0.002528011 0.009607613 0.05751109 -0.002528011 0.009607613 0.05751109 -0.002528011 0.009607613 0.05751109 -0.001637995 0.009824275 0.05750685 -0.001637995 0.009824275 0.05750685 -0.001637995 0.009824275 0.05750685 -7.32522e-4 0.009962558 0.05750173 -7.32522e-4 0.009962558 0.05750173 -7.32522e-4 0.009962558 0.05750173 -7.32522e-4 0.009962558 0.05750173 1.81575e-4 0.01002138 0.05749571 1.81575e-4 0.01002138 0.05749571 1.81575e-4 0.01002138 0.05749571 1.81575e-4 0.01002138 0.05749571 0.01269948 -0.02383643 0.004058778 0.01269948 -0.02383643 0.004058778 0.01269948 -0.02383643 0.004058778 0.01269948 -0.02383643 0.004058778 0.01269948 -0.02383643 0.004058778 -0.003008365 0.01182568 0.0525366 -0.003008365 0.01182568 0.0525366 -0.003008365 0.01182568 0.0525366 0.005330681 0.01126927 0.05247074 0.005330681 0.01126927 0.05247074 0.005330681 0.01126927 0.05247074 0.005330681 0.01126927 0.05247074 0.005330681 0.01126927 0.05247074 7.61254e-4 0.005561113 0.05244606 7.61254e-4 0.005561113 0.05244606 7.61254e-4 0.005561113 0.05244606 6.61289e-4 0.0040645 0.05243164 6.61289e-4 0.0040645 0.05243164 6.61289e-4 0.0040645 0.05243164 6.61289e-4 0.0040645 0.05243164 6.61289e-4 0.0040645 0.05243164 6.61289e-4 0.0040645 0.05243164 5.05289e-4 0.005612313 0.05244839 5.05289e-4 0.005612313 0.05244839 5.05289e-4 0.005612313 0.05244839 5.05289e-4 0.005612313 0.05244839 0.001021742 0.005577862 0.05244433 0.001021742 0.005577862 0.05244433 0.001021742 0.005577862 0.05244433 0.001021742 0.005577862 0.05244433 0.001021742 0.005577862 0.05244433 -0.001623809 0.003612756 0.05244356 -0.001623809 0.003612756 0.05244356 -0.001623809 0.003612756 0.05244356 -0.002133905 0.003319084 0.05244427 -0.002133905 0.003319084 0.05244427 -0.002133905 0.003319084 0.05244427 -0.002133905 0.003319084 0.05244427 -0.002133905 0.003319084 0.05244427 -0.002133905 0.003319084 0.05244427 -1.18607e-4 0.006881356 0.05246573 -1.18607e-4 0.006881356 0.05246573 -1.18607e-4 0.006881356 0.05246573 -1.18607e-4 0.006881356 0.05246573 -1.18607e-4 0.006881356 0.05246573 0.001244723 0.003987014 0.05242663 0.001244723 0.003987014 0.05242663 0.001244723 0.003987014 0.05242663 0.001486241 0.005806267 0.05244326 0.001486241 0.005806267 0.05244326 0.001486241 0.005806267 0.05244326 0.001486241 0.005806267 0.05244326 0.004851996 -1.36224e-4 0.05235886 0.004851996 -1.36224e-4 0.05235886 0.004851996 -1.36224e-4 0.05235886 0.004851996 -1.36224e-4 0.05235886 0.006514847 -3.34741e-4 0.05234485 0.006514847 -3.34741e-4 0.05234485 0.006514847 -3.34741e-4 0.05234485 0.006514847 -3.34741e-4 0.05234485 0.006399095 -5.68734e-4 0.0523433 0.006399095 -5.68734e-4 0.0523433 0.006399095 -5.68734e-4 0.0523433 0.006399095 -5.68734e-4 0.0523433 0.001269042 0.005661487 0.05244338 0.001269042 0.005661487 0.05244338 0.001269042 0.005661487 0.05244338 -0.005964457 -7.11808e-4 0.05243122 -0.005964457 -7.11808e-4 0.05243122 -0.005964457 -7.11808e-4 0.05243122 -0.005792081 -5.15756e-4 0.05243194 -0.005792081 -5.15756e-4 0.05243194 -0.005792081 -5.15756e-4 0.05243194 -0.00412923 -7.14265e-4 0.05241793 -0.00412923 -7.14265e-4 0.05241793 -0.00412923 -7.14265e-4 0.05241793 2.7131e-4 0.005728065 0.05245125 2.7131e-4 0.005728065 0.05245125 2.7131e-4 0.005728065 0.05245125 -3.85036e-5 -0.006411612 0.05233079 -3.85036e-5 -0.006411612 0.05233079 -3.85036e-5 -0.006411612 0.05233079 -3.85036e-5 -0.006411612 0.05233079 -3.85036e-5 -0.006411612 0.05233079 -0.002143263 -0.004163682 0.0523687 -0.002143263 -0.004163682 0.0523687 -0.002143263 -0.004163682 0.0523687 -0.002143263 -0.004163682 0.0523687 -0.002143263 -0.004163682 0.0523687 -0.001633882 -0.004458606 0.05236202 -0.001633882 -0.004458606 0.05236202 -0.001633882 -0.004458606 0.05236202 -0.001633882 -0.004458606 0.05236202 -0.001090347 -0.004684507 0.05235582 -0.001090347 -0.004684507 0.05235582 -0.001090347 -0.004684507 0.05235582 -5.22012e-4 -0.004837512 0.05235016 -5.22012e-4 -0.004837512 0.05235016 -5.22012e-4 -0.004837512 0.05235016 6.14608e-5 -0.004914999 0.05234515 6.14608e-5 -0.004914999 0.05234515 6.14608e-5 -0.004914999 0.05234515 6.50069e-4 -0.004915714 0.05234092 6.50069e-4 -0.004915714 0.05234092 6.50069e-4 -0.004915714 0.05234092 0.001233696 -0.004839539 0.05233746 0.001233696 -0.004839539 0.05233746 0.001233696 -0.004839539 0.05233746 0.001802444 -0.004687905 0.0523349 0.001802444 -0.004687905 0.0523349 0.001802444 -0.004687905 0.0523349 0.001802444 -0.004687905 0.0523349 0.002346575 -0.004463255 0.05233323 0.002346575 -0.004463255 0.05233323 0.002346575 -0.004463255 0.05233323 0.002346575 -0.004463255 0.05233323 0.002346575 -0.004463255 0.05233323 0.007933735 0.01032757 0.05244237 0.007933735 0.01032757 0.05244237 0.007933735 0.01032757 0.05244237 0.007933735 0.01032757 0.05244237 0.007933735 0.01032757 0.05244237 0.004775881 4.47425e-4 0.0523653 0.004775881 4.47425e-4 0.0523653 0.004775881 4.47425e-4 0.0523653 0.004775881 4.47425e-4 0.0523653 0.004624247 0.001016139 0.05237215 0.004624247 0.001016139 0.05237215 0.004624247 0.001016139 0.05237215 0.004624247 0.001016139 0.05237215 0.004399657 0.001560151 0.05237931 0.004399657 0.001560151 0.05237931 0.004399657 0.001560151 0.05237931 0.004399657 0.001560151 0.05237931 0.004105985 0.002070248 0.05238658 0.004105985 0.002070248 0.05238658 0.004105985 0.002070248 0.05238658 0.003748238 0.002537667 0.05239391 0.003748238 0.002537667 0.05239391 0.003748238 0.002537667 0.05239391 0.003332555 0.002954363 0.05240106 0.003332555 0.002954363 0.05240106 0.003332555 0.002954363 0.05240106 0.003332555 0.002954363 0.05240106 0.002866029 0.003313183 0.05240809 0.002866029 0.003313183 0.05240809 0.002866029 0.003313183 0.05240809 0.002356648 0.003608107 0.05241477 0.002356648 0.003608107 0.05241477 0.002356648 0.003608107 0.05241477 0.001813113 0.003834009 0.05242097 0.001813113 0.003834009 0.05242097 0.001813113 0.003834009 0.05242097 0.001813113 0.003834009 0.05242097 0.00182563 0.006492257 0.05244773 0.00182563 0.006492257 0.05244773 0.00182563 0.006492257 0.05244773 0.00182563 0.006492257 0.05244773 0.001808881 0.006752789 0.05245053 0.001808881 0.006752789 0.05245053 0.001808881 0.006752789 0.05245053 0.001725316 0.007000029 0.05245363 0.001725316 0.007000029 0.05245363 0.001725316 0.007000029 0.05245363 0.001580536 0.007217288 0.05245685 0.001580536 0.007217288 0.05245685 0.001580536 0.007217288 0.05245685 0.001384496 0.007389605 0.05246001 0.001384496 0.007389605 0.05246001 0.001384496 0.007389605 0.05246001 0.001150488 0.007505357 0.05246287 0.001150488 0.007505357 0.05246287 0.001150488 0.007505357 0.05246287 8.94546e-4 0.007556557 0.05246526 8.94546e-4 0.007556557 0.05246526 8.94546e-4 0.007556557 0.05246526 0.005887091 0.01120066 0.05246603 0.005887091 0.01120066 0.05246603 0.005887091 0.01120066 0.05246603 0.005887091 0.01120066 0.05246603 0.005887091 0.01120066 0.05246603 0.006432414 0.01107013 0.05246073 0.006432414 0.01107013 0.05246073 0.006432414 0.01107013 0.05246073 0.006432414 0.01107013 0.05246073 0.006432414 0.01107013 0.05246073 0.006959617 0.01087939 0.052455 0.006959617 0.01087939 0.052455 0.006959617 0.01087939 0.052455 0.006959617 0.01087939 0.052455 0.006959617 0.01087939 0.052455 0.007462203 0.01063084 0.05244886 0.007462203 0.01063084 0.05244886 0.007462203 0.01063084 0.05244886 6.34045e-4 0.007539808 0.05246698 6.34045e-4 0.007539808 0.05246698 6.34045e-4 0.007539808 0.05246698 6.34045e-4 0.007539808 0.05246698 3.86742e-4 0.007456183 0.05246788 3.86742e-4 0.007456183 0.05246788 3.86742e-4 0.007456183 0.05246788 3.86742e-4 0.007456183 0.05246788 1.6951e-4 0.007311403 0.052468 1.6951e-4 0.007311403 0.052468 1.6951e-4 0.007311403 0.052468 1.6951e-4 0.007311403 0.052468 -2.84476e-6 0.007115364 0.05246728 -2.84476e-6 0.007115364 0.05246728 -2.84476e-6 0.007115364 0.05246728 -2.84476e-6 0.007115364 0.05246728 -2.84476e-6 0.007115364 0.05246728 -2.84476e-6 0.007115364 0.05246728 -2.84476e-6 0.007115364 0.05246728 -0.002601385 0.002961337 0.05244404 -0.002601385 0.002961337 0.05244404 -0.002601385 0.002961337 0.05244404 -0.003018081 0.002545595 0.05244284 -0.003018081 0.002545595 0.05244284 -0.003018081 0.002545595 0.05244284 -0.003018081 0.002545595 0.05244284 -0.00337696 0.002079069 0.05244076 -0.00337696 0.002079069 0.05244076 -0.00337696 0.002079069 0.05244076 -0.00337696 0.002079069 0.05244076 -0.003671944 0.001569688 0.05243772 -0.003671944 0.001569688 0.05243772 -0.003671944 0.001569688 0.05243772 -0.003671944 0.001569688 0.05243772 -0.003671944 0.001569688 0.05243772 -0.003897845 0.001026153 0.05243384 -0.003897845 0.001026153 0.05243384 -0.003897845 0.001026153 0.05243384 -0.003897845 0.001026153 0.05243384 -0.003897845 0.001026153 0.05243384 -0.005713641 0.01123815 0.05255025 -0.005713641 0.01123815 0.05255025 -0.005713641 0.01123815 0.05255025 -0.005713641 0.01123815 0.05255025 -0.005205869 0.01147609 0.052549 -0.005205869 0.01147609 0.052549 -0.005205869 0.01147609 0.052549 -0.005205869 0.01147609 0.052549 -0.004674732 0.01165568 0.05254697 -0.004674732 0.01165568 0.05254697 -0.004674732 0.01165568 0.05254697 -0.004674732 0.01165568 0.05254697 -0.004126787 0.01177471 0.05254417 -0.004126787 0.01177471 0.05254417 -0.004126787 0.01177471 0.05254417 -0.003569006 0.01183158 0.05254071 -0.003569006 0.01183158 0.05254071 -0.003569006 0.01183158 0.05254071 -8.57812e-4 -0.008067786 0.05231994 -8.57812e-4 -0.008067786 0.05231994 -8.57812e-4 -0.008067786 0.05231994 -8.57812e-4 -0.008067786 0.05231994 -8.57812e-4 -0.008067786 0.05231994 -8.57812e-4 -0.008067786 0.05231994 -6.61761e-4 -0.008240103 0.05231678 -6.61761e-4 -0.008240103 0.05231678 -6.61761e-4 -0.008240103 0.05231678 -6.61761e-4 -0.008240103 0.05231678 -4.27781e-4 -0.008355855 0.05231392 -4.27781e-4 -0.008355855 0.05231392 -4.27781e-4 -0.008355855 0.05231392 -4.27781e-4 -0.008355855 0.05231392 -1.71796e-4 -0.008407056 0.05231153 -1.71796e-4 -0.008407056 0.05231153 -1.71796e-4 -0.008407056 0.05231153 8.87051e-5 -0.008390307 0.05230981 8.87051e-5 -0.008390307 0.05230981 8.87051e-5 -0.008390307 0.05230981 3.36007e-4 -0.008306682 0.05230891 3.36007e-4 -0.008306682 0.05230891 3.36007e-4 -0.008306682 0.05230891 5.5324e-4 -0.008161902 0.05230879 5.5324e-4 -0.008161902 0.05230879 5.5324e-4 -0.008161902 0.05230879 5.5324e-4 -0.008161902 0.05230879 0.007278978 -0.00188899 0.05232357 0.007278978 -0.00188899 0.05232357 0.007278978 -0.00188899 0.05232357 0.007278978 -0.00188899 0.05232357 0.007278978 -0.00188899 0.05232357 0.007278978 -0.00188899 0.05232357 0.007278978 -0.00188899 0.05232357 0.007539451 -0.001872181 0.05232191 0.007539451 -0.001872181 0.05232191 0.007539451 -0.001872181 0.05232191 0.00778675 -0.001788556 0.05232095 0.00778675 -0.001788556 0.05232095 0.00778675 -0.001788556 0.05232095 0.00778675 -0.001788556 0.05232095 0.008004009 -0.001643836 0.05232083 0.008004009 -0.001643836 0.05232083 0.008004009 -0.001643836 0.05232083 0.008004009 -0.001643836 0.05232083 0.008004009 -0.001643836 0.05232083 -0.007375478 -6.17662e-4 0.05244237 -0.007375478 -6.17662e-4 0.05244237 -0.007375478 -6.17662e-4 0.05244237 -0.007375478 -6.17662e-4 0.05244237 -0.007375478 -6.17662e-4 0.05244237 -0.007179439 -7.9001e-4 0.05243921 -0.007179439 -7.9001e-4 0.05243921 -0.007179439 -7.9001e-4 0.05243921 -0.007179439 -7.9001e-4 0.05243921 -0.00694549 -9.0574e-4 0.05243635 -0.00694549 -9.0574e-4 0.05243635 -0.00694549 -9.0574e-4 0.05243635 -0.006689488 -9.56964e-4 0.05243396 -0.006689488 -9.56964e-4 0.05243396 -0.006689488 -9.56964e-4 0.05243396 -0.006689488 -9.56964e-4 0.05243396 -0.006689488 -9.56964e-4 0.05243396 -0.006689488 -9.56964e-4 0.05243396 -0.006689488 -9.56964e-4 0.05243396 -0.006689488 -9.56964e-4 0.05243396 -0.006689488 -9.56964e-4 0.05243396 0.001658618 0.006002306 0.05244398 0.001658618 0.006002306 0.05244398 0.001658618 0.006002306 0.05244398 0.001658618 0.006002306 0.05244398 0.00177437 0.006236314 0.05244553 0.00177437 0.006236314 0.05244553 0.00177437 0.006236314 0.05244553 0.00177437 0.006236314 0.05244553 0.00177437 0.006236314 0.05244553 0.008176326 -0.001447737 0.05232155 0.008176326 -0.001447737 0.05232155 0.008176326 -0.001447737 0.05232155 0.008176326 -0.001447737 0.05232155 0.008292138 -0.001213788 0.0523231 0.008292138 -0.001213788 0.0523231 0.008292138 -0.001213788 0.0523231 0.008292138 -0.001213788 0.0523231 0.008292138 -0.001213788 0.0523231 0.008343338 -9.57834e-4 0.0523253 0.008343338 -9.57834e-4 0.0523253 0.008343338 -9.57834e-4 0.0523253 0.008343338 -9.57834e-4 0.0523253 0.00832659 -6.97336e-4 0.0523281 0.00832659 -6.97336e-4 0.0523281 0.00832659 -6.97336e-4 0.0523281 0.008243024 -4.50044e-4 0.0523312 0.008243024 -4.50044e-4 0.0523312 0.008243024 -4.50044e-4 0.0523312 0.008098244 -2.32827e-4 0.05233442 0.008098244 -2.32827e-4 0.05233442 0.008098244 -2.32827e-4 0.05233442 0.008098244 -2.32827e-4 0.05233442 0.007902204 -6.04944e-5 0.05233758 0.007902204 -6.04944e-5 0.05233758 0.007902204 -6.04944e-5 0.05233758 0.007902204 -6.04944e-5 0.05233758 0.007668197 5.52436e-5 0.05234044 0.007668197 5.52436e-5 0.05234044 0.007668197 5.52436e-5 0.05234044 0.007668197 5.52436e-5 0.05234044 0.007412254 1.06475e-4 0.05234283 0.007412254 1.06475e-4 0.05234283 0.007412254 1.06475e-4 0.05234283 0.007412254 1.06475e-4 0.05234283 0.007412254 1.06475e-4 0.05234283 7.25595e-4 -0.007965862 0.05230951 7.25595e-4 -0.007965862 0.05230951 7.25595e-4 -0.007965862 0.05230951 7.25595e-4 -0.007965862 0.05230951 7.25595e-4 -0.007965862 0.05230951 8.41337e-4 -0.007731854 0.05231106 8.41337e-4 -0.007731854 0.05231106 8.41337e-4 -0.007731854 0.05231106 8.41337e-4 -0.007731854 0.05231106 8.92587e-4 -0.007475912 0.05231326 8.92587e-4 -0.007475912 0.05231326 8.92587e-4 -0.007475912 0.05231326 8.92587e-4 -0.007475912 0.05231326 8.7584e-4 -0.00721544 0.052316 8.7584e-4 -0.00721544 0.052316 8.7584e-4 -0.00721544 0.052316 8.7584e-4 -0.00721544 0.052316 7.92251e-4 -0.00696814 0.0523191 7.92251e-4 -0.00696814 0.0523191 7.92251e-4 -0.00696814 0.0523191 6.47491e-4 -0.006750941 0.05232238 6.47491e-4 -0.006750941 0.05232238 6.47491e-4 -0.006750941 0.05232238 4.5144e-4 -0.006578564 0.05232554 4.5144e-4 -0.006578564 0.05232554 4.5144e-4 -0.006578564 0.05232554 2.17461e-4 -0.006462812 0.0523284 2.17461e-4 -0.006462812 0.0523284 2.17461e-4 -0.006462812 0.0523284 0.002856671 -0.004169583 0.05233252 0.002856671 -0.004169583 0.05233252 0.002856671 -0.004169583 0.05233252 0.002856671 -0.004169583 0.05233252 0.002856671 -0.004169583 0.05233252 0.003324091 -0.003811836 0.05233275 0.003324091 -0.003811836 0.05233275 0.003324091 -0.003811836 0.05233275 0.003324091 -0.003811836 0.05233275 0.003740847 -0.003396093 0.05233395 0.003740847 -0.003396093 0.05233395 0.003740847 -0.003396093 0.05233395 0.003740847 -0.003396093 0.05233395 0.003740847 -0.003396093 0.05233395 0.004099726 -0.002929568 0.05233603 0.004099726 -0.002929568 0.05233603 0.004099726 -0.002929568 0.05233603 0.00439465 -0.002420186 0.05233907 0.00439465 -0.002420186 0.05233907 0.00439465 -0.002420186 0.05233907 0.004620611 -0.001876652 0.05234295 0.004620611 -0.001876652 0.05234295 0.004620611 -0.001876652 0.05234295 0.004620611 -0.001876652 0.05234295 0.004620611 -0.001876652 0.05234295 0.007022976 -0.00183773 0.05232596 0.007022976 -0.00183773 0.05232596 0.007022976 -0.00183773 0.05232596 0.007151782 8.96979e-5 0.0523445 0.007151782 8.96979e-5 0.0523445 0.007151782 8.96979e-5 0.0523445 0.006904423 6.08736e-6 0.05234545 0.006904423 6.08736e-6 0.05234545 0.006904423 6.08736e-6 0.05234545 0.006904423 6.08736e-6 0.05234545 0.006687223 -1.38688e-4 0.05234557 0.006687223 -1.38688e-4 0.05234557 0.006687223 -1.38688e-4 0.05234557 -0.006429016 -9.4021e-4 0.05243229 -0.006429016 -9.4021e-4 0.05243229 -0.006429016 -9.4021e-4 0.05243229 -0.006429016 -9.4021e-4 0.05243229 -0.004053115 -0.001297891 0.05241149 -0.004053115 -0.001297891 0.05241149 -0.004053115 -0.001297891 0.05241149 -0.004053115 -0.001297891 0.05241149 -0.003901481 -0.001866638 0.05240464 -0.003901481 -0.001866638 0.05240464 -0.003901481 -0.001866638 0.05240464 -0.003676891 -0.00241065 0.05239748 -0.003676891 -0.00241065 0.05239748 -0.003676891 -0.00241065 0.05239748 -0.003676891 -0.00241065 0.05239748 -0.003383219 -0.002920746 0.05239021 -0.003383219 -0.002920746 0.05239021 -0.003383219 -0.002920746 0.05239021 -0.003025472 -0.003388166 0.05238294 -0.003025472 -0.003388166 0.05238294 -0.003025472 -0.003388166 0.05238294 -0.003025472 -0.003388166 0.05238294 -0.002609789 -0.003804862 0.05237573 -0.002609789 -0.003804862 0.05237573 -0.002609789 -0.003804862 0.05237573 -0.002609789 -0.003804862 0.05237573 -2.99026e-4 -0.00642836 0.05233246 -2.99026e-4 -0.00642836 0.05233246 -2.99026e-4 -0.00642836 0.05233246 -2.99026e-4 -0.00642836 0.05233246 -2.99026e-4 -0.00642836 0.05233246 -5.46307e-4 -0.006511986 0.05233341 -5.46307e-4 -0.006511986 0.05233341 -5.46307e-4 -0.006511986 0.05233341 -5.46307e-4 -0.006511986 0.05233341 -7.6354e-4 -0.006656765 0.05233353 -7.6354e-4 -0.006656765 0.05233353 -7.6354e-4 -0.006656765 0.05233353 -9.35915e-4 -0.006852805 0.05233281 -9.35915e-4 -0.006852805 0.05233281 -9.35915e-4 -0.006852805 0.05233281 -0.001051604 -0.007086813 0.05233126 -0.001051604 -0.007086813 0.05233126 -0.001051604 -0.007086813 0.05233126 -0.001051604 -0.007086813 0.05233126 -0.001051604 -0.007086813 0.05233126 -0.001102864 -0.007342755 0.05232906 -0.001102864 -0.007342755 0.05232906 -0.001102864 -0.007342755 0.05232906 -0.001086115 -0.007603287 0.05232626 -0.001086115 -0.007603287 0.05232626 -0.001086115 -0.007603287 0.05232626 -0.001086115 -0.007603287 0.05232626 -0.001086115 -0.007603287 0.05232626 -0.00100255 -0.007850527 0.05232316 -0.00100255 -0.007850527 0.05232316 -0.00100255 -0.007850527 0.05232316 -0.00100255 -0.007850527 0.05232316 -0.00405091 4.57816e-4 0.05242919 -0.00405091 4.57816e-4 0.05242919 -0.00405091 4.57816e-4 0.05242919 -0.005725443 4.81979e-4 0.05244159 -0.005725443 4.81979e-4 0.05244159 -0.005725443 4.81979e-4 0.05244159 -0.005870223 6.99195e-4 0.05244481 -0.005870223 6.99195e-4 0.05244481 -0.005870223 6.99195e-4 0.05244481 -0.006066262 8.71536e-4 0.05244797 -0.006066262 8.71536e-4 0.05244797 -0.006066262 8.71536e-4 0.05244797 -0.00630021 9.87266e-4 0.05245083 -0.00630021 9.87266e-4 0.05245083 -0.00630021 9.87266e-4 0.05245083 -0.00630021 9.87266e-4 0.05245083 -0.00630021 9.87266e-4 0.05245083 -0.006556212 0.001038491 0.05245321 -0.006556212 0.001038491 0.05245321 -0.006556212 0.001038491 0.05245321 -0.006556212 0.001038491 0.05245321 -0.006816685 0.001021683 0.05245488 -0.006816685 0.001021683 0.05245488 -0.006816685 0.001021683 0.05245488 -0.006816685 0.001021683 0.05245488 -0.007064044 9.38118e-4 0.05245584 -0.007064044 9.38118e-4 0.05245584 -0.007064044 9.38118e-4 0.05245584 -0.007064044 9.38118e-4 0.05245584 -0.007064044 9.38118e-4 0.05245584 -0.007281243 7.93334e-4 0.05245596 -0.007281243 7.93334e-4 0.05245596 -0.007281243 7.93334e-4 0.05245596 -0.007281243 7.93334e-4 0.05245596 -0.00745362 5.97282e-4 0.05245524 -0.00745362 5.97282e-4 0.05245524 -0.00745362 5.97282e-4 0.05245524 -0.007569372 3.63296e-4 0.05245369 -0.007569372 3.63296e-4 0.05245369 -0.007569372 3.63296e-4 0.05245369 -0.007620632 1.07337e-4 0.05245149 -0.007620632 1.07337e-4 0.05245149 -0.007620632 1.07337e-4 0.05245149 -0.007620632 1.07337e-4 0.05245149 -0.007603824 -1.53161e-4 0.05244874 -0.007603824 -1.53161e-4 0.05244874 -0.007603824 -1.53161e-4 0.05244874 -0.007520258 -4.00445e-4 0.05244565 -0.007520258 -4.00445e-4 0.05244565 -0.007520258 -4.00445e-4 0.05244565 -0.007520258 -4.00445e-4 0.05244565 -0.006633579 0.01059991 0.05255043 -0.006633579 0.01059991 0.05255043 -0.006633579 0.01059991 0.05255043 -0.006191492 0.0109449 0.05255073 -0.006191492 0.0109449 0.05255073 -0.006191492 0.0109449 0.05255073 -0.001079738 0.003837406 0.05244189 -0.001079738 0.003837406 0.05244189 -0.001079738 0.003837406 0.05244189 -0.001079738 0.003837406 0.05244189 -1.69837e-4 0.006625413 0.05246353 -1.69837e-4 0.006625413 0.05246353 -1.69837e-4 0.006625413 0.05246353 -1.69837e-4 0.006625413 0.05246353 -5.10999e-4 0.00398904 0.05243933 -5.10999e-4 0.00398904 0.05243933 -5.10999e-4 0.00398904 0.05243933 -1.53091e-4 0.006364881 0.05246078 -1.53091e-4 0.006364881 0.05246078 -1.53091e-4 0.006364881 0.05246078 -1.53091e-4 0.006364881 0.05246078 7.26803e-5 0.004065215 0.05243587 7.26803e-5 0.004065215 0.05243587 7.26803e-5 0.004065215 0.05243587 7.26803e-5 0.004065215 0.05243587 -6.95015e-5 0.006117641 0.05245769 -6.95015e-5 0.006117641 0.05245769 -6.95015e-5 0.006117641 0.05245769 -6.95015e-5 0.006117641 0.05245769 7.52583e-5 0.005900382 0.05245441 7.52583e-5 0.005900382 0.05245441 7.52583e-5 0.005900382 0.05245441 7.52583e-5 0.005900382 0.05245441 7.52583e-5 0.005900382 0.05245441 0.008368372 0.009973406 0.05243569 0.008368372 0.009973406 0.05243569 0.008368372 0.009973406 0.05243569 0.008760631 0.009572744 0.05242878 0.008760631 0.009572744 0.05242878 0.008760631 0.009572744 0.05242878 0.006789028 -0.001721978 0.05232882 0.006789028 -0.001721978 0.05232882 0.006789028 -0.001721978 0.05232882 0.006789028 -0.001721978 0.05232882 0.004773676 -0.001308262 0.0523476 0.004773676 -0.001308262 0.0523476 0.004773676 -0.001308262 0.0523476 0.006592988 -0.001549661 0.05233198 0.006592988 -0.001549661 0.05233198 0.006592988 -0.001549661 0.05233198 0.004851222 -7.24832e-4 0.0523529 0.004851222 -7.24832e-4 0.0523529 0.004851222 -7.24832e-4 0.0523529 0.006364583 -0.001085162 0.05233836 0.006364583 -0.001085162 0.05233836 0.006364583 -0.001085162 0.05233836 0.006448209 -0.001332461 0.0523352 0.006448209 -0.001332461 0.0523352 0.006448209 -0.001332461 0.0523352 0.006347835 -8.24685e-4 0.0523411 0.006347835 -8.24685e-4 0.0523411 0.006347835 -8.24685e-4 0.0523411 0.006347835 -8.24685e-4 0.0523411 -0.006181716 -8.56584e-4 0.05243134 -0.006181716 -8.56584e-4 0.05243134 -0.006181716 -8.56584e-4 0.05243134 -0.004128456 -1.25665e-4 0.05242389 -0.004128456 -1.25665e-4 0.05242389 -0.004128456 -1.25665e-4 0.05242389 -0.005676329 -2.8177e-4 0.05243349 -0.005676329 -2.8177e-4 0.05243349 -0.005676329 -2.8177e-4 0.05243349 -0.005625128 -2.58111e-5 0.05243569 -0.005625128 -2.58111e-5 0.05243569 -0.005625128 -2.58111e-5 0.05243569 -0.005641818 2.34687e-4 0.05243849 -0.005641818 2.34687e-4 0.05243849 -0.005641818 2.34687e-4 0.05243849 0.01187855 -0.0289672 0.006909549 0.01187855 -0.0289672 0.006909549 0.01187855 -0.0289672 0.006909549 0.01187855 -0.0289672 0.006909549 0.01187855 -0.0289672 0.006909549 0.01187855 -0.0289672 0.006909549 0.01186692 -0.02912795 0.006799578 0.01186692 -0.02912795 0.006799578 0.01186692 -0.02912795 0.006799578 0.01186692 -0.02912795 0.006799578 0.01186692 -0.02912795 0.006799578 0.01188689 -0.02886068 0.007072746 0.01188689 -0.02886068 0.007072746 0.01188689 -0.02886068 0.007072746 0.01188689 -0.02886068 0.007072746 0.01188689 -0.02886068 0.007072746 0.01189088 -0.02882462 0.007264435 0.01189088 -0.02882462 0.007264435 0.01189088 -0.02882462 0.007264435 0.01189088 -0.02882462 0.007264435 0.01189088 -0.02882462 0.007264435 0.01189088 -0.02882462 0.007264435 0.0126419 -0.02975612 0.04675269 0.0126419 -0.02975612 0.04675269 0.0126419 -0.02975612 0.04675269 0.0126419 -0.02975612 0.04675269 0.0126419 -0.02975612 0.04675269 0.0126419 -0.02975612 0.04675269 0.0126419 -0.02975612 0.04675269 0.0126419 -0.02975612 0.04675269 0.0123564 -0.02935677 0.007255733 0.0123564 -0.02935677 0.007255733 0.0123564 -0.02935677 0.007255733 0.0123564 -0.02935677 0.007255733 0.0123564 -0.02935677 0.007255733 0.0123564 -0.02935677 0.007255733 0.0123564 -0.02935677 0.007255733 0.0123564 -0.02935677 0.007255733 0.0123564 -0.02935677 0.007255733 0.0123564 -0.02935677 0.007255733 0.01201486 -0.03580296 0.01846247 0.01201486 -0.03580296 0.01846247 0.01201486 -0.03580296 0.01846247 0.01201486 -0.03580296 0.01846247 0.01201486 -0.03580296 0.01846247 0.01200067 -0.03606843 0.01891297 0.01200067 -0.03606843 0.01891297 0.01200067 -0.03606843 0.01891297 0.01200067 -0.03606843 0.01891297 0.01198196 -0.03639805 0.01931875 0.01198196 -0.03639805 0.01931875 0.01198196 -0.03639805 0.01931875 0.01198196 -0.03639805 0.01931875 0.01195895 -0.03678423 0.01967084 0.01195895 -0.03678423 0.01967084 0.01195895 -0.03678423 0.01967084 0.01195895 -0.03678423 0.01967084 0.01193225 -0.03721839 0.01996135 0.01193225 -0.03721839 0.01996135 0.01193225 -0.03721839 0.01996135 0.01193225 -0.03721839 0.01996135 0.01190251 -0.03769093 0.0201838 0.01190251 -0.03769093 0.0201838 0.01190251 -0.03769093 0.0201838 0.01190251 -0.03769093 0.0201838 0.01190251 -0.03769093 0.0201838 0.01187032 -0.03819125 0.02033317 0.01187032 -0.03819125 0.02033317 0.01187032 -0.03819125 0.02033317 0.01187032 -0.03819125 0.02033317 0.01183634 -0.03870815 0.02040618 0.01183634 -0.03870815 0.02040618 0.01183634 -0.03870815 0.02040618 0.01183634 -0.03870815 0.02040618 0.01180154 -0.03923004 0.02040112 0.01180154 -0.03923004 0.02040112 0.01180154 -0.03923004 0.02040112 0.01175105 -0.03915947 0.01342123 0.01175105 -0.03915947 0.01342123 0.01175105 -0.03915947 0.01342123 0.01175105 -0.03915947 0.01342123 0.01178592 -0.03863757 0.0134263 0.01178592 -0.03863757 0.0134263 0.01178592 -0.03863757 0.0134263 0.01182097 -0.03812223 0.01350921 0.01182097 -0.03812223 0.01350921 0.01182097 -0.03812223 0.01350921 0.01185536 -0.03762507 0.01366817 0.01185536 -0.03762507 0.01366817 0.01185536 -0.03762507 0.01366817 0.01185536 -0.03762507 0.01366817 0.01188844 -0.03715711 0.01389968 0.01188844 -0.03715711 0.01389968 0.01188844 -0.03715711 0.01389968 0.01188844 -0.03715711 0.01389968 0.01191937 -0.03672885 0.01419848 0.01191937 -0.03672885 0.01419848 0.01191937 -0.03672885 0.01419848 0.01194751 -0.03634989 0.01455795 0.01194751 -0.03634989 0.01455795 0.01194751 -0.03634989 0.01455795 0.01197218 -0.03602862 0.01497 0.01197218 -0.03602862 0.01497 0.01197218 -0.03602862 0.01497 0.01199293 -0.0357722 0.0154255 0.01199293 -0.0357722 0.0154255 0.01199293 -0.0357722 0.0154255 0.01200914 -0.03558647 0.01591426 0.01200914 -0.03558647 0.01591426 0.01200914 -0.03558647 0.01591426 0.01200914 -0.03558647 0.01591426 0.01200914 -0.03558647 0.01591426 0.01202058 -0.03547549 0.01642531 0.01202058 -0.03547549 0.01642531 0.01202058 -0.03547549 0.01642531 0.01202058 -0.03547549 0.01642531 0.01202696 -0.03544175 0.01694732 0.01202696 -0.03544175 0.01694732 0.01202696 -0.03544175 0.01694732 0.01202696 -0.03544175 0.01694732 0.01202696 -0.03544175 0.01694732 0.01202815 -0.03548598 0.01746857 0.01202815 -0.03548598 0.01746857 0.01202815 -0.03548598 0.01746857 0.0120241 -0.03560727 0.01797741 0.0120241 -0.03560727 0.01797741 0.0120241 -0.03560727 0.01797741 0.0120241 -0.03560727 0.01797741 0.0120241 -0.03560727 0.01797741 0.01161521 -0.041839 0.01885741 0.01161521 -0.041839 0.01885741 0.01161521 -0.041839 0.01885741 0.01161521 -0.041839 0.01885741 0.01159453 -0.04209536 0.01840186 0.01159453 -0.04209536 0.01840186 0.01159453 -0.04209536 0.01840186 0.01159453 -0.04209536 0.01840186 0.01157826 -0.04228115 0.01791316 0.01157826 -0.04228115 0.01791316 0.01157826 -0.04228115 0.01791316 0.01157826 -0.04228115 0.01791316 0.01157826 -0.04228115 0.01791316 0.01156681 -0.04239213 0.01740205 0.01156681 -0.04239213 0.01740205 0.01156681 -0.04239213 0.01740205 0.01156681 -0.04239213 0.01740205 0.01156044 -0.04242587 0.01688009 0.01156044 -0.04242587 0.01688009 0.01156044 -0.04242587 0.01688009 0.01156044 -0.04242587 0.01688009 0.0115593 -0.04238158 0.01635885 0.0115593 -0.04238158 0.01635885 0.0115593 -0.04238158 0.01635885 0.0115593 -0.04238158 0.01635885 0.01156336 -0.04226028 0.01585 0.01156336 -0.04226028 0.01585 0.01156336 -0.04226028 0.01585 0.01157259 -0.04206466 0.01536494 0.01157259 -0.04206466 0.01536494 0.01157259 -0.04206466 0.01536494 0.01157259 -0.04206466 0.01536494 0.01158672 -0.04179912 0.01491445 0.01158672 -0.04179912 0.01491445 0.01158672 -0.04179912 0.01491445 0.0116055 -0.04146963 0.01450866 0.0116055 -0.04146963 0.01450866 0.0116055 -0.04146963 0.01450866 0.0116055 -0.04146963 0.01450866 0.0116285 -0.04108339 0.01415652 0.0116285 -0.04108339 0.01415652 0.0116285 -0.04108339 0.01415652 0.0116285 -0.04108339 0.01415652 0.01165521 -0.04064917 0.013866 0.01165521 -0.04064917 0.013866 0.01165521 -0.04064917 0.013866 0.01165521 -0.04064917 0.013866 0.01168495 -0.04017663 0.01364362 0.01168495 -0.04017663 0.01364362 0.01168495 -0.04017663 0.01364362 0.01171714 -0.03967636 0.01349425 0.01171714 -0.03967636 0.01349425 0.01171714 -0.03967636 0.01349425 0.01171714 -0.03967636 0.01349425 0.01176649 -0.03974539 0.02031821 0.01176649 -0.03974539 0.02031821 0.01176649 -0.03974539 0.02031821 0.01173204 -0.04024255 0.02015924 0.01173204 -0.04024255 0.02015924 0.01173204 -0.04024255 0.02015924 0.01173204 -0.04024255 0.02015924 0.01169902 -0.0407105 0.01992774 0.01169902 -0.0407105 0.01992774 0.01169902 -0.0407105 0.01992774 0.01169902 -0.0407105 0.01992774 0.01166808 -0.0411387 0.01962894 0.01166808 -0.0411387 0.01962894 0.01166808 -0.0411387 0.01962894 0.01166808 -0.0411387 0.01962894 0.01163995 -0.04151773 0.01926946 0.01163995 -0.04151773 0.01926946 0.01163995 -0.04151773 0.01926946 0.01217633 -0.02922397 0.04676139 0.01217633 -0.02922397 0.04676139 0.01217633 -0.02922397 0.04676139 0.01217633 -0.02922397 0.04676139 0.01217633 -0.02922397 0.04676139 0.01217633 -0.02922397 0.04676139 0.01217633 -0.02922397 0.04676139 0.01217633 -0.02922397 0.04676139 0.01249831 -0.02974998 0.04710733 0.01249831 -0.02974998 0.04710733 0.01249831 -0.02974998 0.04710733 0.01249831 -0.02974998 0.04710733 0.01249831 -0.02974998 0.04710733 0.01249831 -0.02974998 0.04710733 0.01233726 -0.02974027 0.04721701 0.01233726 -0.02974027 0.04721701 0.01233726 -0.02974027 0.04721701 0.01233726 -0.02974027 0.04721701 0.01233726 -0.02974027 0.04721701 0.01233726 -0.02974027 0.04721701 0.01214665 -0.02972793 0.04725658 0.01214665 -0.02972793 0.04725658 0.01214665 -0.02972793 0.04725658 0.01214665 -0.02972793 0.04725658 0.0126053 -0.02975553 0.04694426 0.0126053 -0.02975553 0.04694426 0.0126053 -0.02975553 0.04694426 0.0126053 -0.02975553 0.04694426 0.01220774 -0.02934348 0.00690335 0.01220774 -0.02934348 0.00690335 0.01220774 -0.02934348 0.00690335 0.01220774 -0.02934348 0.00690335 0.01220774 -0.02934348 0.00690335 0.01220774 -0.02934348 0.00690335 0.01231706 -0.0293523 0.0070647 0.01231706 -0.0293523 0.0070647 0.01231706 -0.0293523 0.0070647 0.01231706 -0.0293523 0.0070647 0.01231706 -0.0293523 0.0070647 0.01204508 -0.02933156 0.00679624 0.01204508 -0.02933156 0.00679624 0.01204508 -0.02933156 0.00679624 0.01204508 -0.02933156 0.00679624 0.01204508 -0.02933156 0.00679624 0.0121591 -0.02953666 0.04722034 0.0121591 -0.02953666 0.04722034 0.0121591 -0.02953666 0.04722034 0.0121591 -0.02953666 0.04722034 0.0121591 -0.02953666 0.04722034 0.01216912 -0.0293737 0.04711353 0.01216912 -0.0293737 0.04711353 0.01216912 -0.0293737 0.04711353 0.01216912 -0.0293737 0.04711353 0.01216912 -0.0293737 0.04711353 0.01216912 -0.0293737 0.04711353 0.0121752 -0.02926391 0.04695236 0.0121752 -0.02926391 0.04695236 0.0121752 -0.02926391 0.04695236 0.0121752 -0.02926391 0.04695236 0.0121752 -0.02926391 0.04695236 0.01236474 -0.0292747 0.04675954 0.01236474 -0.0292747 0.04675954 0.01236474 -0.0292747 0.04675954 0.01236474 -0.0292747 0.04675954 0.01235073 -0.02927446 0.04683285 0.01235073 -0.02927446 0.04683285 0.01235073 -0.02927446 0.04683285 0.01235073 -0.02927446 0.04683285 0.01235073 -0.02927446 0.04683285 0.01230978 -0.02927237 0.04689526 0.01230978 -0.02927237 0.04689526 0.01230978 -0.02927237 0.04689526 0.01230978 -0.02927237 0.04689526 0.01230978 -0.02927237 0.04689526 0.01224815 -0.02926862 0.04693722 0.01224815 -0.02926862 0.04693722 0.01224815 -0.02926862 0.04693722 0.01224815 -0.02926862 0.04693722 0.01224815 -0.02926862 0.04693722 0.01251935 -0.02939367 0.04675722 0.01251935 -0.02939367 0.04675722 0.01251935 -0.02939367 0.04675722 0.01251935 -0.02939367 0.04675722 0.01251935 -0.02939367 0.04675722 0.01249349 -0.02939325 0.0468927 0.01249349 -0.02939325 0.0468927 0.01249349 -0.02939325 0.0468927 0.01249349 -0.02939325 0.0468927 0.01249349 -0.02939325 0.0468927 0.01249349 -0.02939325 0.0468927 0.01261669 -0.02956271 0.04675477 0.01261669 -0.02956271 0.04675477 0.01261669 -0.02956271 0.04675477 0.01261669 -0.02956271 0.04675477 0.01261669 -0.02956271 0.04675477 0.01261669 -0.02956271 0.04675477 0.01258289 -0.02956217 0.04693186 0.01258289 -0.02956217 0.04693186 0.01258289 -0.02956217 0.04693186 0.01258289 -0.02956217 0.04693186 0.01258289 -0.02956217 0.04693186 0.01258289 -0.02956217 0.04693186 0.01230394 -0.0293824 0.04708558 0.01230394 -0.0293824 0.04708558 0.01230394 -0.0293824 0.04708558 0.01230394 -0.0293824 0.04708558 0.01230394 -0.0293824 0.04708558 0.01230394 -0.0293824 0.04708558 0.01233524 -0.02954804 0.04718381 0.01233524 -0.02954804 0.04718381 0.01233524 -0.02954804 0.04718381 0.01233524 -0.02954804 0.04718381 0.01233524 -0.02954804 0.04718381 0.01233524 -0.02954804 0.04718381 0.01241785 -0.02938932 0.04700803 0.01241785 -0.02938932 0.04700803 0.01241785 -0.02938932 0.04700803 0.01241785 -0.02938932 0.04700803 0.01241785 -0.02938932 0.04700803 0.01241785 -0.02938932 0.04700803 0.01248407 -0.02955698 0.04708248 0.01248407 -0.02955698 0.04708248 0.01248407 -0.02955698 0.04708248 0.01248407 -0.02955698 0.04708248 0.01248407 -0.02955698 0.04708248 0.01233118 -0.02916336 0.007257878 0.01233118 -0.02916336 0.007257878 0.01233118 -0.02916336 0.007257878 0.01233118 -0.02916336 0.007257878 0.01223385 -0.02899432 0.007260262 0.01223385 -0.02899432 0.007260262 0.01223385 -0.02899432 0.007260262 0.01223385 -0.02899432 0.007260262 0.01223385 -0.02899432 0.007260262 0.01207923 -0.02887535 0.007262587 0.01207923 -0.02887535 0.007262587 0.01207923 -0.02887535 0.007262587 0.01207923 -0.02887535 0.007262587 0.01207923 -0.02887535 0.007262587 0.01207923 -0.02887535 0.007262587 0.01232969 -0.02917712 0.007184505 0.01232969 -0.02917712 0.007184505 0.01232969 -0.02917712 0.007184505 0.01232969 -0.02917712 0.007184505 0.01232969 -0.02917712 0.007184505 0.01232647 -0.02921789 0.007122039 0.01232647 -0.02921789 0.007122039 0.01232647 -0.02921789 0.007122039 0.01232647 -0.02921789 0.007122039 0.01232647 -0.02921789 0.007122039 0.012322 -0.02927941 0.007079958 0.012322 -0.02927941 0.007079958 0.012322 -0.02927941 0.007079958 0.012322 -0.02927941 0.007079958 0.01223105 -0.02901977 0.007124722 0.01223105 -0.02901977 0.007124722 0.01223105 -0.02901977 0.007124722 0.01223105 -0.02901977 0.007124722 0.01223105 -0.02901977 0.007124722 0.01223105 -0.02901977 0.007124722 0.0120756 -0.02890861 0.007085502 0.0120756 -0.02890861 0.007085502 0.0120756 -0.02890861 0.007085502 0.0120756 -0.02890861 0.007085502 0.0120756 -0.02890861 0.007085502 0.0120756 -0.02890861 0.007085502 0.01221692 -0.02920871 0.006931543 0.01221692 -0.02920871 0.006931543 0.01221692 -0.02920871 0.006931543 0.01221692 -0.02920871 0.006931543 0.01221692 -0.02920871 0.006931543 0.01221692 -0.02920871 0.006931543 0.01205712 -0.02915555 0.006833076 0.01205712 -0.02915555 0.006833076 0.01205712 -0.02915555 0.006833076 0.01205712 -0.02915555 0.006833076 0.01205712 -0.02915555 0.006833076 0.01205712 -0.02915555 0.006833076 0.01222515 -0.02909505 0.007009267 0.01222515 -0.02909505 0.007009267 0.01222515 -0.02909505 0.007009267 0.01222515 -0.02909505 0.007009267 0.01222515 -0.02909505 0.007009267 0.01206785 -0.02900701 0.006934702 0.01206785 -0.02900701 0.006934702 0.01206785 -0.02900701 0.006934702 0.01206785 -0.02900701 0.006934702 0.01206785 -0.02900701 0.006934702 0.01299846 -0.03613501 0.01890504 0.01299846 -0.03613501 0.01890504 0.01299846 -0.03613501 0.01890504 0.01299846 -0.03613501 0.01890504 0.01322031 -0.03282845 0.01905673 0.01322031 -0.03282845 0.01905673 0.01322031 -0.03282845 0.01905673 0.01322031 -0.03282845 0.01905673 0.01297968 -0.03646457 0.01931089 0.01297968 -0.03646457 0.01931089 0.01297968 -0.03646457 0.01931089 0.01281869 -0.03818881 0.01350128 0.01281869 -0.03818881 0.01350128 0.01281869 -0.03818881 0.01350128 0.01281869 -0.03818881 0.01350128 0.01314115 -0.03336656 0.01358312 0.01314115 -0.03336656 0.01358312 0.01314115 -0.03336656 0.01358312 0.01314115 -0.03336656 0.01358312 0.01314115 -0.03336656 0.01358312 0.01285314 -0.03769165 0.01366031 0.01285314 -0.03769165 0.01366031 0.01285314 -0.03769165 0.01366031 0.01285314 -0.03769165 0.01366031 0.01239287 -0.04521459 0.01893746 0.01239287 -0.04521459 0.01893746 0.01239287 -0.04521459 0.01893746 0.01239287 -0.04521459 0.01893746 0.01261299 -0.04190558 0.01884949 0.01261299 -0.04190558 0.01884949 0.01261299 -0.04190558 0.01884949 0.01263767 -0.04158431 0.01926159 0.01263767 -0.04158431 0.01926159 0.01263767 -0.04158431 0.01926159 0.01263767 -0.04158431 0.01926159 0.01239299 -0.04456591 0.01347529 0.01239299 -0.04456591 0.01347529 0.01239299 -0.04456591 0.01347529 0.01239299 -0.04456591 0.01347529 0.01239299 -0.04456591 0.01347529 0.01271492 -0.03974294 0.01348632 0.01271492 -0.03974294 0.01348632 0.01271492 -0.03974294 0.01348632 0.01271492 -0.03974294 0.01348632 0.01268267 -0.0402432 0.01363575 0.01268267 -0.0402432 0.01363575 0.01268267 -0.0402432 0.01363575 0.01311033 -0.03375774 0.01299232 0.01311033 -0.03375774 0.01299232 0.01311033 -0.03375774 0.01299232 0.01311033 -0.03375774 0.01299232 0.01311033 -0.03375774 0.01299232 0.01278364 -0.03870409 0.01341837 0.01278364 -0.03870409 0.01341837 0.01278364 -0.03870409 0.01341837 0.01276785 -0.03858047 0.01036936 0.01276785 -0.03858047 0.01036936 0.01276785 -0.03858047 0.01036936 0.01281535 -0.03787773 0.0104528 0.01281535 -0.03787773 0.0104528 0.01281535 -0.03787773 0.0104528 0.01281535 -0.03787773 0.0104528 0.01286262 -0.03718823 0.01061189 0.01286262 -0.03718823 0.01061189 0.01286262 -0.03718823 0.01061189 0.01286262 -0.03718823 0.01061189 0.01290905 -0.03651994 0.01084476 0.01290905 -0.03651994 0.01084476 0.01290905 -0.03651994 0.01084476 0.01290905 -0.03651994 0.01084476 0.01295411 -0.03588074 0.01114875 0.01295411 -0.03588074 0.01114875 0.01295411 -0.03588074 0.01114875 0.01295411 -0.03588074 0.01114875 0.01295411 -0.03588074 0.01114875 0.01299726 -0.03527814 0.0115202 0.01299726 -0.03527814 0.0115202 0.01299726 -0.03527814 0.0115202 0.01299726 -0.03527814 0.0115202 0.01299726 -0.03527814 0.0115202 0.01303803 -0.03471916 0.01195478 0.01303803 -0.03471916 0.01195478 0.01303803 -0.03471916 0.01195478 0.01303803 -0.03471916 0.01195478 0.01307582 -0.03421032 0.01244741 0.01307582 -0.03421032 0.01244741 0.01307582 -0.03421032 0.01244741 0.01274883 -0.03922605 0.01341336 0.01274883 -0.03922605 0.01341336 0.01274883 -0.03922605 0.01341336 0.01274883 -0.03922605 0.01341336 0.01274883 -0.03922605 0.01341336 0.01241528 -0.04416286 0.01289212 0.01241528 -0.04416286 0.01289212 0.01241528 -0.04416286 0.01289212 0.01244199 -0.04369932 0.01235604 0.01244199 -0.04369932 0.01235604 0.01244199 -0.04369932 0.01235604 0.01244199 -0.04369932 0.01235604 0.0124728 -0.04318064 0.0118733 0.0124728 -0.04318064 0.0118733 0.0124728 -0.04318064 0.0118733 0.0124728 -0.04318064 0.0118733 0.01250731 -0.04261296 0.01144957 0.01250731 -0.04261296 0.01144957 0.01250731 -0.04261296 0.01144957 0.01254516 -0.04200297 0.0110898 0.01254516 -0.04200297 0.0110898 0.01254516 -0.04200297 0.0110898 0.01258593 -0.04135775 0.01079821 0.01258593 -0.04135775 0.01079821 0.01258593 -0.04135775 0.01079821 0.01258593 -0.04135775 0.01079821 0.01262903 -0.04068493 0.01057821 0.01262903 -0.04068493 0.01057821 0.01262903 -0.04068493 0.01057821 0.01262903 -0.04068493 0.01057821 0.01267409 -0.03999227 0.01043242 0.01267409 -0.03999227 0.01043242 0.01267409 -0.03999227 0.01043242 0.01272058 -0.03928804 0.0103625 0.01272058 -0.03928804 0.0103625 0.01272058 -0.03928804 0.0103625 0.01272058 -0.03928804 0.0103625 0.01316767 -0.03383785 0.0209195 0.01316767 -0.03383785 0.0209195 0.01316767 -0.03383785 0.0209195 0.01316767 -0.03383785 0.0209195 0.01316767 -0.03383785 0.0209195 0.01316767 -0.03383785 0.0209195 0.01316767 -0.03383785 0.0209195 0.01314097 -0.03430145 0.02145558 0.01314097 -0.03430145 0.02145558 0.01314097 -0.03430145 0.02145558 0.01314097 -0.03430145 0.02145558 0.01311016 -0.03482007 0.02193832 0.01311016 -0.03482007 0.02193832 0.01311016 -0.03482007 0.02193832 0.01311016 -0.03482007 0.02193832 0.01307564 -0.03538775 0.02236205 0.01307564 -0.03538775 0.02236205 0.01307564 -0.03538775 0.02236205 0.01307564 -0.03538775 0.02236205 0.0130378 -0.03599774 0.02272182 0.0130378 -0.03599774 0.02272182 0.0130378 -0.03599774 0.02272182 0.0130378 -0.03599774 0.02272182 0.01299703 -0.03664302 0.02301341 0.01299703 -0.03664302 0.02301341 0.01299703 -0.03664302 0.02301341 0.01299703 -0.03664302 0.02301341 0.01295387 -0.03731584 0.02323341 0.01295387 -0.03731584 0.02323341 0.01295387 -0.03731584 0.02323341 0.01295387 -0.03731584 0.02323341 0.01290881 -0.03800845 0.0233792 0.01290881 -0.03800845 0.0233792 0.01290881 -0.03800845 0.0233792 0.01286238 -0.03871268 0.02344912 0.01286238 -0.03871268 0.02344912 0.01286238 -0.03871268 0.02344912 0.01286238 -0.03871268 0.02344912 0.01283413 -0.03877472 0.02039825 0.01283413 -0.03877472 0.02039825 0.01283413 -0.03877472 0.02039825 0.01283413 -0.03877472 0.02039825 0.01286804 -0.03825783 0.0203253 0.01286804 -0.03825783 0.0203253 0.01286804 -0.03825783 0.0203253 0.01286804 -0.03825783 0.0203253 0.01286804 -0.03825783 0.0203253 0.01318991 -0.0334348 0.02033632 0.01318991 -0.0334348 0.02033632 0.01318991 -0.0334348 0.02033632 0.01279926 -0.03929662 0.02039325 0.01279926 -0.03929662 0.02039325 0.01279926 -0.03929662 0.02039325 0.01279926 -0.03929662 0.02039325 0.01281511 -0.0394203 0.02344232 0.01281511 -0.0394203 0.02344232 0.01281511 -0.0394203 0.02344232 0.01276755 -0.04012298 0.02335888 0.01276755 -0.04012298 0.02335888 0.01276755 -0.04012298 0.02335888 0.01276755 -0.04012298 0.02335888 0.01276755 -0.04012298 0.02335888 0.01272028 -0.04081249 0.02319973 0.01272028 -0.04081249 0.02319973 0.01272028 -0.04081249 0.02319973 0.01272028 -0.04081249 0.02319973 0.01267385 -0.04148077 0.02296686 0.01267385 -0.04148077 0.02296686 0.01267385 -0.04148077 0.02296686 0.01262885 -0.04212003 0.02266287 0.01262885 -0.04212003 0.02266287 0.01262885 -0.04212003 0.02266287 0.01258569 -0.04272264 0.02229148 0.01258569 -0.04272264 0.02229148 0.01258569 -0.04272264 0.02229148 0.01254492 -0.04328161 0.02185684 0.01254492 -0.04328161 0.02185684 0.01254492 -0.04328161 0.02185684 0.01250708 -0.0437904 0.02136421 0.01250708 -0.0437904 0.02136421 0.01250708 -0.0437904 0.02136421 0.01250708 -0.0437904 0.02136421 0.01247256 -0.04424303 0.0208193 0.01247256 -0.04424303 0.0208193 0.01247256 -0.04424303 0.0208193 0.01247256 -0.04424303 0.0208193 0.01244181 -0.04463416 0.0202285 0.01244181 -0.04463416 0.0202285 0.01244181 -0.04463416 0.0202285 0.01276421 -0.0398119 0.02031034 0.01276421 -0.0398119 0.02031034 0.01276421 -0.0398119 0.02031034 0.01276421 -0.0398119 0.02031034 0.01293003 -0.03728497 0.01995348 0.01293003 -0.03728497 0.01995348 0.01293003 -0.03728497 0.01995348 0.01293003 -0.03728497 0.01995348 0.01320755 -0.03309708 0.01971298 0.01320755 -0.03309708 0.01971298 0.01320755 -0.03309708 0.01971298 0.01320755 -0.03309708 0.01971298 0.01320755 -0.03309708 0.01971298 0.01290023 -0.03775751 0.02017593 0.01290023 -0.03775751 0.02017593 0.01290023 -0.03775751 0.02017593 0.01290023 -0.03775751 0.02017593 0.01295667 -0.03685075 0.01966297 0.01295667 -0.03685075 0.01966297 0.01295667 -0.03685075 0.01966297 0.01302587 -0.03555256 0.01746064 0.01302587 -0.03555256 0.01746064 0.01302587 -0.03555256 0.01746064 0.01302587 -0.03555256 0.01746064 0.01323056 -0.03251069 0.01767647 0.01323056 -0.03251069 0.01767647 0.01323056 -0.03251069 0.01767647 0.01302182 -0.03567391 0.01796948 0.01302182 -0.03567391 0.01796948 0.01302182 -0.03567391 0.01796948 0.01322799 -0.03263229 0.01837521 0.01322799 -0.03263229 0.01837521 0.01322799 -0.03263229 0.01837521 0.01322799 -0.03263229 0.01837521 0.01301264 -0.03586947 0.01845461 0.01301264 -0.03586947 0.01845461 0.01301264 -0.03586947 0.01845461 0.01301264 -0.03586947 0.01845461 0.01299065 -0.03583878 0.01541763 0.01299065 -0.03583878 0.01541763 0.01299065 -0.03583878 0.01541763 0.01320761 -0.0326038 0.01555931 0.01320761 -0.0326038 0.01555931 0.01320761 -0.0326038 0.01555931 0.01300692 -0.03565305 0.01590639 0.01300692 -0.03565305 0.01590639 0.01300692 -0.03565305 0.01590639 0.01322031 -0.03249639 0.01626026 0.01322031 -0.03249639 0.01626026 0.01322031 -0.03249639 0.01626026 0.01322031 -0.03249639 0.01626026 0.01301836 -0.03554201 0.01641744 0.01301836 -0.03554201 0.01641744 0.01301836 -0.03554201 0.01641744 0.01301836 -0.03554201 0.01641744 0.01322799 -0.03246521 0.01696872 0.01322799 -0.03246521 0.01696872 0.01322799 -0.03246521 0.01696872 0.01322799 -0.03246521 0.01696872 0.01302474 -0.03550833 0.01693946 0.01302474 -0.03550833 0.01693946 0.01302474 -0.03550833 0.01693946 0.01291716 -0.03679543 0.01419055 0.01291716 -0.03679543 0.01419055 0.01291716 -0.03679543 0.01419055 0.01316779 -0.03304141 0.01421284 0.01316779 -0.03304141 0.01421284 0.01316779 -0.03304141 0.01421284 0.01316779 -0.03304141 0.01421284 0.01294523 -0.03641647 0.01455003 0.01294523 -0.03641647 0.01455003 0.01294523 -0.03641647 0.01455003 0.01319003 -0.03278619 0.01487416 0.01319003 -0.03278619 0.01487416 0.01319003 -0.03278619 0.01487416 0.01319003 -0.03278619 0.01487416 0.01296997 -0.03609514 0.01496213 0.01296997 -0.03609514 0.01496213 0.01296997 -0.03609514 0.01496213 0.01288622 -0.03722369 0.01389175 0.01288622 -0.03722369 0.01389175 0.01288622 -0.03722369 0.01389175 0.01288622 -0.03722369 0.01389175 0.01288622 -0.03722369 0.01389175 0.01269674 -0.04077708 0.01991987 0.01269674 -0.04077708 0.01991987 0.01269674 -0.04077708 0.01991987 0.01272982 -0.04030913 0.02015131 0.01272982 -0.04030913 0.02015131 0.01272982 -0.04030913 0.02015131 0.01272982 -0.04030913 0.02015131 0.01241517 -0.0449593 0.01959878 0.01241517 -0.0449593 0.01959878 0.01241517 -0.0449593 0.01959878 0.01241517 -0.0449593 0.01959878 0.0126658 -0.04120528 0.01962107 0.0126658 -0.04120528 0.01962107 0.0126658 -0.04120528 0.01962107 0.01256459 -0.04245871 0.01739418 0.01256459 -0.04245871 0.01739418 0.01256459 -0.04245871 0.01739418 0.01256459 -0.04245871 0.01739418 0.01257604 -0.04234772 0.01790523 0.01257604 -0.04234772 0.01790523 0.01257604 -0.04234772 0.01790523 0.01236259 -0.04550433 0.01755136 0.01236259 -0.04550433 0.01755136 0.01236259 -0.04550433 0.01755136 0.01236259 -0.04550433 0.01755136 0.01259225 -0.04216194 0.01839399 0.01259225 -0.04216194 0.01839399 0.01259225 -0.04216194 0.01839399 0.01237529 -0.04539698 0.01825231 0.01237529 -0.04539698 0.01825231 0.01237529 -0.04539698 0.01825231 0.01237529 -0.04539698 0.01825231 0.01257032 -0.04213124 0.01535707 0.01257032 -0.04213124 0.01535707 0.01257032 -0.04213124 0.01535707 0.01257032 -0.04213124 0.01535707 0.01256108 -0.04232686 0.01584213 0.01256108 -0.04232686 0.01584213 0.01256108 -0.04232686 0.01584213 0.01256108 -0.04232686 0.01584213 0.01235496 -0.04536849 0.01543641 0.01235496 -0.04536849 0.01543641 0.01235496 -0.04536849 0.01543641 0.01235496 -0.04536849 0.01543641 0.01235496 -0.04536849 0.01543641 0.01255702 -0.04244816 0.01635098 0.01255702 -0.04244816 0.01635098 0.01255702 -0.04244816 0.01635098 0.0123524 -0.04549002 0.01613515 0.0123524 -0.04549002 0.01613515 0.0123524 -0.04549002 0.01613515 0.01255822 -0.04249244 0.01687216 0.01255822 -0.04249244 0.01687216 0.01255822 -0.04249244 0.01687216 0.01255822 -0.04249244 0.01687216 0.01235496 -0.0455355 0.0168429 0.01235496 -0.0455355 0.0168429 0.01235496 -0.0455355 0.0168429 0.01235496 -0.0455355 0.0168429 0.01262623 -0.04114997 0.01414865 0.01262623 -0.04114997 0.01414865 0.01262623 -0.04114997 0.01414865 0.01260328 -0.04153621 0.01450073 0.01260328 -0.04153621 0.01450073 0.01260328 -0.04153621 0.01450073 0.01237541 -0.04490369 0.01409864 0.01237541 -0.04490369 0.01409864 0.01237541 -0.04490369 0.01409864 0.0125845 -0.0418657 0.01490658 0.0125845 -0.0418657 0.01490658 0.0125845 -0.0418657 0.01490658 0.01236265 -0.04517227 0.01475495 0.01236265 -0.04517227 0.01475495 0.01236265 -0.04517227 0.01475495 0.01236265 -0.04517227 0.01475495 0.01265293 -0.04071575 0.01385813 0.01265293 -0.04071575 0.01385813 0.01265293 -0.04071575 0.01385813 0.01265293 -0.04071575 0.01385813 0.01680636 -0.03814405 0.01042127 0.01680636 -0.03814405 0.01042127 0.01680636 -0.03814405 0.01042127 0.01680636 -0.03814405 0.01042127 0.01685363 -0.03745454 0.01058036 0.01685363 -0.03745454 0.01058036 0.01685363 -0.03745454 0.01058036 0.01690006 -0.03678625 0.01081323 0.01690006 -0.03678625 0.01081323 0.01690006 -0.03678625 0.01081323 0.01690006 -0.03678625 0.01081323 0.01694512 -0.03614705 0.01111721 0.01694512 -0.03614705 0.01111721 0.01694512 -0.03614705 0.01111721 0.01694512 -0.03614705 0.01111721 0.01698827 -0.03554445 0.01148867 0.01698827 -0.03554445 0.01148867 0.01698827 -0.03554445 0.01148867 0.01698827 -0.03554445 0.01148867 0.01698827 -0.03554445 0.01148867 0.01702904 -0.03498542 0.01192325 0.01702904 -0.03498542 0.01192325 0.01702904 -0.03498542 0.01192325 0.01702904 -0.03498542 0.01192325 0.01702904 -0.03498542 0.01192325 0.01706683 -0.03447663 0.01241588 0.01706683 -0.03447663 0.01241588 0.01706683 -0.03447663 0.01241588 0.01710134 -0.034024 0.01296079 0.01710134 -0.034024 0.01296079 0.01710134 -0.034024 0.01296079 0.0171321 -0.03363287 0.01355159 0.0171321 -0.03363287 0.01355159 0.0171321 -0.03363287 0.01355159 0.0171321 -0.03363287 0.01355159 0.0171588 -0.03330773 0.01418131 0.0171588 -0.03330773 0.01418131 0.0171588 -0.03330773 0.01418131 0.0171588 -0.03330773 0.01418131 0.01718103 -0.0330525 0.01484262 0.01718103 -0.0330525 0.01484262 0.01718103 -0.0330525 0.01484262 0.01718103 -0.0330525 0.01484262 0.01719862 -0.03287011 0.01552778 0.01719862 -0.03287011 0.01552778 0.01719862 -0.03287011 0.01552778 0.01719862 -0.03287011 0.01552778 0.01719862 -0.03287011 0.01552778 0.01721131 -0.0327627 0.01622873 0.01721131 -0.0327627 0.01622873 0.01721131 -0.0327627 0.01622873 0.01721131 -0.0327627 0.01622873 0.017219 -0.03273153 0.01693719 0.017219 -0.03273153 0.01693719 0.017219 -0.03273153 0.01693719 0.017219 -0.03273153 0.01693719 0.017219 -0.03273153 0.01693719 0.01675885 -0.03884673 0.01033782 0.01675885 -0.03884673 0.01033782 0.01675885 -0.03884673 0.01033782 0.01675885 -0.03884673 0.01033782 0.01671159 -0.03955435 0.01033097 0.01671159 -0.03955435 0.01033097 0.01671159 -0.03955435 0.01033097 0.0166651 -0.04025858 0.01040089 0.0166651 -0.04025858 0.01040089 0.0166651 -0.04025858 0.01040089 0.0166651 -0.04025858 0.01040089 0.01662003 -0.04095119 0.01054668 0.01662003 -0.04095119 0.01054668 0.01662003 -0.04095119 0.01054668 0.01662003 -0.04095119 0.01054668 0.01657694 -0.04162406 0.01076668 0.01657694 -0.04162406 0.01076668 0.01657694 -0.04162406 0.01076668 0.01653617 -0.04226928 0.01105827 0.01653617 -0.04226928 0.01105827 0.01653617 -0.04226928 0.01105827 0.01649832 -0.04287928 0.01141804 0.01649832 -0.04287928 0.01141804 0.01649832 -0.04287928 0.01141804 0.01649832 -0.04287928 0.01141804 0.01649832 -0.04287928 0.01141804 0.01646375 -0.04344695 0.01184177 0.01646375 -0.04344695 0.01184177 0.01646375 -0.04344695 0.01184177 0.01646375 -0.04344695 0.01184177 0.01646375 -0.04344695 0.01184177 0.016433 -0.04396563 0.01232451 0.016433 -0.04396563 0.01232451 0.016433 -0.04396563 0.01232451 0.01640629 -0.04442918 0.01286059 0.01640629 -0.04442918 0.01286059 0.01640629 -0.04442918 0.01286059 0.016384 -0.04483222 0.01344376 0.016384 -0.04483222 0.01344376 0.016384 -0.04483222 0.01344376 0.01636642 -0.04517 0.01406711 0.01636642 -0.04517 0.01406711 0.01636642 -0.04517 0.01406711 0.01636642 -0.04517 0.01406711 0.01635366 -0.04543858 0.01472336 0.01635366 -0.04543858 0.01472336 0.01635366 -0.04543858 0.01472336 0.01635366 -0.04543858 0.01472336 0.01634597 -0.0456348 0.01540488 0.01634597 -0.0456348 0.01540488 0.01634597 -0.0456348 0.01540488 0.01634597 -0.0456348 0.01540488 0.01634335 -0.04575634 0.01610362 0.01634335 -0.04575634 0.01610362 0.01634335 -0.04575634 0.01610362 0.01634335 -0.04575634 0.01610362 0.01634335 -0.04575634 0.01610362 0.01634591 -0.04580181 0.01681137 0.01634591 -0.04580181 0.01681137 0.01634591 -0.04580181 0.01681137 0.01634591 -0.04580181 0.01681137 0.01634591 -0.04580181 0.01681137 0.01675856 -0.04038929 0.02332729 0.01675856 -0.04038929 0.02332729 0.01675856 -0.04038929 0.02332729 0.01671129 -0.0410788 0.0231682 0.01671129 -0.0410788 0.0231682 0.01671129 -0.0410788 0.0231682 0.01671129 -0.0410788 0.0231682 0.01666486 -0.04174709 0.02293533 0.01666486 -0.04174709 0.02293533 0.01666486 -0.04174709 0.02293533 0.01666486 -0.04174709 0.02293533 0.0166198 -0.04238629 0.02263134 0.0166198 -0.04238629 0.02263134 0.0166198 -0.04238629 0.02263134 0.0166198 -0.04238629 0.02263134 0.01657664 -0.04298895 0.02225989 0.01657664 -0.04298895 0.02225989 0.01657664 -0.04298895 0.02225989 0.01657664 -0.04298895 0.02225989 0.01653593 -0.04354792 0.02182531 0.01653593 -0.04354792 0.02182531 0.01653593 -0.04354792 0.02182531 0.01653593 -0.04354792 0.02182531 0.01649808 -0.04405671 0.02133268 0.01649808 -0.04405671 0.02133268 0.01649808 -0.04405671 0.02133268 0.01649808 -0.04405671 0.02133268 0.01646363 -0.04450935 0.02078777 0.01646363 -0.04450935 0.02078777 0.01646363 -0.04450935 0.02078777 0.01646363 -0.04450935 0.02078777 0.01643282 -0.04490047 0.02019697 0.01643282 -0.04490047 0.02019697 0.01643282 -0.04490047 0.02019697 0.01643282 -0.04490047 0.02019697 0.01640617 -0.04522562 0.01956725 0.01640617 -0.04522562 0.01956725 0.01640617 -0.04522562 0.01956725 0.01640617 -0.04522562 0.01956725 0.01638388 -0.04548084 0.01890593 0.01638388 -0.04548084 0.01890593 0.01638388 -0.04548084 0.01890593 0.01638388 -0.04548084 0.01890593 0.0163663 -0.04566323 0.01822078 0.0163663 -0.04566323 0.01822078 0.0163663 -0.04566323 0.01822078 0.0163663 -0.04566323 0.01822078 0.0163663 -0.04566323 0.01822078 0.0163536 -0.0457707 0.01751983 0.0163536 -0.0457707 0.01751983 0.0163536 -0.0457707 0.01751983 0.0163536 -0.0457707 0.01751983 0.0163536 -0.0457707 0.01751983 0.01680612 -0.03968662 0.02341073 0.01680612 -0.03968662 0.02341073 0.01680612 -0.03968662 0.02341073 0.01685339 -0.03897899 0.02341759 0.01685339 -0.03897899 0.02341759 0.01685339 -0.03897899 0.02341759 0.01685339 -0.03897899 0.02341759 0.01689982 -0.03827476 0.02334767 0.01689982 -0.03827476 0.02334767 0.01689982 -0.03827476 0.02334767 0.01694488 -0.03758215 0.02320188 0.01694488 -0.03758215 0.02320188 0.01694488 -0.03758215 0.02320188 0.01694488 -0.03758215 0.02320188 0.01698803 -0.03690928 0.02298188 0.01698803 -0.03690928 0.02298188 0.01698803 -0.03690928 0.02298188 0.0170288 -0.03626406 0.02269029 0.0170288 -0.03626406 0.02269029 0.0170288 -0.03626406 0.02269029 0.01706665 -0.03565406 0.02233052 0.01706665 -0.03565406 0.02233052 0.01706665 -0.03565406 0.02233052 0.01706665 -0.03565406 0.02233052 0.01710116 -0.03508639 0.02190679 0.01710116 -0.03508639 0.02190679 0.01710116 -0.03508639 0.02190679 0.01710116 -0.03508639 0.02190679 0.01710116 -0.03508639 0.02190679 0.01713192 -0.03456777 0.02142405 0.01713192 -0.03456777 0.02142405 0.01713192 -0.03456777 0.02142405 0.01713192 -0.03456777 0.02142405 0.01715868 -0.03410416 0.02088797 0.01715868 -0.03410416 0.02088797 0.01715868 -0.03410416 0.02088797 0.01715868 -0.03410416 0.02088797 0.01718091 -0.03370112 0.02030479 0.01718091 -0.03370112 0.02030479 0.01718091 -0.03370112 0.02030479 0.01718091 -0.03370112 0.02030479 0.01719856 -0.03336334 0.01968145 0.01719856 -0.03336334 0.01968145 0.01719856 -0.03336334 0.01968145 0.01719856 -0.03336334 0.01968145 0.01719856 -0.03336334 0.01968145 0.01721131 -0.03309476 0.01902514 0.01721131 -0.03309476 0.01902514 0.01721131 -0.03309476 0.01902514 0.01721131 -0.03309476 0.01902514 0.01721131 -0.03309476 0.01902514 0.01721131 -0.03309476 0.01902514 0.017219 -0.03289854 0.01834368 0.017219 -0.03289854 0.01834368 0.017219 -0.03289854 0.01834368 0.017219 -0.03289854 0.01834368 0.01722157 -0.03277701 0.01764494 0.01722157 -0.03277701 0.01764494 0.01722157 -0.03277701 0.01764494 0.01722157 -0.03277701 0.01764494 0.01722157 -0.03277701 0.01764494 0.01765131 -0.02957248 0.04496818 0.01765131 -0.02957248 0.04496818 0.01765131 -0.02957248 0.04496818 0.01765131 -0.02957248 0.04496818 0.01765131 -0.02957248 0.04496818 0.01739114 -0.02920848 0.008970975 0.01739114 -0.02920848 0.008970975 0.01739114 -0.02920848 0.008970975 0.01739114 -0.02920848 0.008970975 0.01739114 -0.02920848 0.008970975 0.01739114 -0.02920848 0.008970975 0.01739114 -0.02920848 0.008970975 7.79341e-4 0.00553584 0.05494582 7.79341e-4 0.00553584 0.05494582 7.79341e-4 0.00553584 0.05494582 7.79341e-4 0.00553584 0.05494582 5.23356e-4 0.005587041 0.05494821 5.23356e-4 0.005587041 0.05494821 5.23356e-4 0.005587041 0.05494821 6.79356e-4 0.004039227 0.05493146 6.79356e-4 0.004039227 0.05493146 6.79356e-4 0.004039227 0.05493146 6.79356e-4 0.004039227 0.05493146 2.89377e-4 0.005702793 0.05495107 2.89377e-4 0.005702793 0.05495107 2.89377e-4 0.005702793 0.05495107 2.89377e-4 0.005702793 0.05495107 -1.51771e-4 0.006600141 0.05496335 -1.51771e-4 0.006600141 0.05496335 -1.51771e-4 0.006600141 0.05496335 -1.51771e-4 0.006600141 0.05496335 -1.51771e-4 0.006600141 0.05496335 -0.001061618 0.003812134 0.05494171 -0.001061618 0.003812134 0.05494171 -0.001061618 0.003812134 0.05494171 -0.001061618 0.003812134 0.05494171 -4.92933e-4 0.003963768 0.05493915 -4.92933e-4 0.003963768 0.05493915 -4.92933e-4 0.003963768 0.05493915 -4.92933e-4 0.003963768 0.05493915 0.007557511 -0.001897454 0.05482167 0.007557511 -0.001897454 0.05482167 0.007557511 -0.001897454 0.05482167 0.01075494 -0.002059936 0.05479693 0.01075494 -0.002059936 0.05479693 0.01075494 -0.002059936 0.05479693 0.007804811 -0.001813828 0.05482077 0.007804811 -0.001813828 0.05482077 0.007804811 -0.001813828 0.05482077 0.006611049 -0.001574933 0.0548318 0.006611049 -0.001574933 0.0548318 0.006611049 -0.001574933 0.0548318 0.006466269 -0.001357734 0.05483502 0.006466269 -0.001357734 0.05483502 0.006466269 -0.001357734 0.05483502 0.004791736 -0.001333534 0.05484735 0.004791736 -0.001333534 0.05484735 0.004791736 -0.001333534 0.05484735 0.004791736 -0.001333534 0.05484735 -0.00403285 4.32533e-4 0.05492901 -0.00403285 4.32533e-4 0.05492901 -0.00403285 4.32533e-4 0.05492901 -0.005707383 4.56695e-4 0.05494135 -0.005707383 4.56695e-4 0.05494135 -0.005707383 4.56695e-4 0.05494135 -0.005623757 2.09411e-4 0.05493825 -0.005623757 2.09411e-4 0.05493825 -0.005623757 2.09411e-4 0.05493825 -0.00692743 -9.31016e-4 0.05493617 -0.00692743 -9.31016e-4 0.05493617 -0.00692743 -9.31016e-4 0.05493617 -0.00692743 -9.31016e-4 0.05493617 -0.007161378 -8.15286e-4 0.05493903 -0.007161378 -8.15286e-4 0.05493903 -0.007161378 -8.15286e-4 0.05493903 -0.007161378 -8.15286e-4 0.05493903 -0.01011806 -6.67222e-4 0.05496191 -0.01011806 -6.67222e-4 0.05496191 -0.01011806 -6.67222e-4 0.05496191 -0.01011806 -6.67222e-4 0.05496191 -2.0437e-5 -0.006436884 0.05483055 -2.0437e-5 -0.006436884 0.05483055 -2.0437e-5 -0.006436884 0.05483055 -2.0437e-5 -0.006436884 0.05483055 0.002364635 -0.004488587 0.05483305 0.002364635 -0.004488587 0.05483305 0.002364635 -0.004488587 0.05483305 0.002364635 -0.004488587 0.05483305 0.001820504 -0.004713177 0.05483472 0.001820504 -0.004713177 0.05483472 0.001820504 -0.004713177 0.05483472 0.001820504 -0.004713177 0.05483472 0.001251757 -0.004864811 0.05483728 0.001251757 -0.004864811 0.05483728 0.001251757 -0.004864811 0.05483728 6.68157e-4 -0.004940986 0.05484074 6.68157e-4 -0.004940986 0.05484074 6.68157e-4 -0.004940986 0.05484074 7.95275e-5 -0.004940271 0.05484497 7.95275e-5 -0.004940271 0.05484497 7.95275e-5 -0.004940271 0.05484497 -5.03946e-4 -0.004862785 0.05484998 -5.03946e-4 -0.004862785 0.05484998 -5.03946e-4 -0.004862785 0.05484998 -0.001072287 -0.00470978 0.05485564 -0.001072287 -0.00470978 0.05485564 -0.001072287 -0.00470978 0.05485564 -0.001615822 -0.004483878 0.05486184 -0.001615822 -0.004483878 0.05486184 -0.001615822 -0.004483878 0.05486184 -0.002125203 -0.004188954 0.05486851 -0.002125203 -0.004188954 0.05486851 -0.002125203 -0.004188954 0.05486851 -0.002125203 -0.004188954 0.05486851 -1.0052e-4 0.006856083 0.05496555 -1.0052e-4 0.006856083 0.05496555 -1.0052e-4 0.006856083 0.05496555 -1.0052e-4 0.006856083 0.05496555 -1.0052e-4 0.006856083 0.05496555 -1.0052e-4 0.006856083 0.05496555 -1.0052e-4 0.006856083 0.05496555 -0.002115845 0.003293812 0.05494409 -0.002115845 0.003293812 0.05494409 -0.002115845 0.003293812 0.05494409 -0.002115845 0.003293812 0.05494409 -0.002115845 0.003293812 0.05494409 -0.001605749 0.003587484 0.05494338 -0.001605749 0.003587484 0.05494338 -0.001605749 0.003587484 0.05494338 -0.001605749 0.003587484 0.05494338 1.52218e-5 0.007090091 0.0549671 1.52218e-5 0.007090091 0.0549671 1.52218e-5 0.007090091 0.0549671 1.52218e-5 0.007090091 0.0549671 1.52218e-5 0.007090091 0.0549671 -0.0033589 0.002053797 0.05494058 -0.0033589 0.002053797 0.05494058 -0.0033589 0.002053797 0.05494058 -0.00300002 0.002520322 0.05494266 -0.00300002 0.002520322 0.05494266 -0.00300002 0.002520322 0.05494266 -0.00300002 0.002520322 0.05494266 -0.002583265 0.002936065 0.05494385 -0.002583265 0.002936065 0.05494385 -0.002583265 0.002936065 0.05494385 -0.002583265 0.002936065 0.05494385 -0.002583265 0.002936065 0.05494385 -0.005818545 0.008023977 0.05501872 -0.005818545 0.008023977 0.05501872 -0.005818545 0.008023977 0.05501872 -0.005818545 0.008023977 0.05501872 -0.005818545 0.008023977 0.05501872 -0.006533622 0.007451474 0.05501806 -0.006533622 0.007451474 0.05501806 -0.006533622 0.007451474 0.05501806 -0.006533622 0.007451474 0.05501806 -0.006538152 0.001013219 0.05495303 -0.006538152 0.001013219 0.05495303 -0.006538152 0.001013219 0.05495303 -0.006538152 0.001013219 0.05495303 -0.003879785 0.001000881 0.05493366 -0.003879785 0.001000881 0.05493366 -0.003879785 0.001000881 0.05493366 -0.003879785 0.001000881 0.05493366 -0.003879785 0.001000881 0.05493366 -0.003879785 0.001000881 0.05493366 -0.003653883 0.001544415 0.05493754 -0.003653883 0.001544415 0.05493754 -0.003653883 0.001544415 0.05493754 -0.003653883 0.001544415 0.05493754 1.87597e-4 0.007286131 0.05496782 1.87597e-4 0.007286131 0.05496782 1.87597e-4 0.007286131 0.05496782 4.04809e-4 0.007430911 0.0549677 4.04809e-4 0.007430911 0.0549677 4.04809e-4 0.007430911 0.0549677 6.52111e-4 0.007514536 0.05496674 6.52111e-4 0.007514536 0.05496674 6.52111e-4 0.007514536 0.05496674 9.12613e-4 0.007531285 0.05496507 9.12613e-4 0.007531285 0.05496507 9.12613e-4 0.007531285 0.05496507 9.12613e-4 0.007531285 0.05496507 -0.007196068 0.00681889 0.05501645 -0.007196068 0.00681889 0.05501645 -0.007196068 0.00681889 0.05501645 -0.007800877 0.006130933 0.05501389 -0.007800877 0.006130933 0.05501389 -0.007800877 0.006130933 0.05501389 -0.008343458 0.005392909 0.05501037 -0.008343458 0.005392909 0.05501037 -0.008343458 0.005392909 0.05501037 -0.008819639 0.004610419 0.05500584 -0.008819639 0.004610419 0.05500584 -0.008819639 0.004610419 0.05500584 -0.009225785 0.003789365 0.05500054 -0.009225785 0.003789365 0.05500054 -0.009225785 0.003789365 0.05500054 -0.009558796 0.002936065 0.05499428 -0.009558796 0.002936065 0.05499428 -0.009558796 0.002936065 0.05499428 -0.009816229 0.002057015 0.05498725 -0.009816229 0.002057015 0.05498725 -0.009816229 0.002057015 0.05498725 -0.006798624 9.96452e-4 0.0549547 -0.006798624 9.96452e-4 0.0549547 -0.006798624 9.96452e-4 0.0549547 -0.006798624 9.96452e-4 0.0549547 -0.006890714 -0.008026421 0.05486416 -0.006890714 -0.008026421 0.05486416 -0.006890714 -0.008026421 0.05486416 -0.006890714 -0.008026421 0.05486416 -1.5373e-4 -0.008432328 0.05481135 -1.5373e-4 -0.008432328 0.05481135 -1.5373e-4 -0.008432328 0.05481135 -1.5373e-4 -0.008432328 0.05481135 -1.5373e-4 -0.008432328 0.05481135 -4.09715e-4 -0.008381128 0.05481374 -4.09715e-4 -0.008381128 0.05481374 -4.09715e-4 -0.008381128 0.05481374 -4.09715e-4 -0.008381128 0.05481374 -6.43694e-4 -0.008265376 0.0548166 -6.43694e-4 -0.008265376 0.0548166 -6.43694e-4 -0.008265376 0.0548166 -8.39746e-4 -0.008093059 0.05481976 -8.39746e-4 -0.008093059 0.05481976 -8.39746e-4 -0.008093059 0.05481976 -8.39746e-4 -0.008093059 0.05481976 -0.006671428 -9.8224e-4 0.05493378 -0.006671428 -9.8224e-4 0.05493378 -0.006671428 -9.8224e-4 0.05493378 -0.006671428 -9.8224e-4 0.05493378 -0.006671428 -9.8224e-4 0.05493378 -0.006671428 -9.8224e-4 0.05493378 -0.006671428 -9.8224e-4 0.05493378 -0.006671428 -9.8224e-4 0.05493378 -0.007523298 -0.007363975 0.05487543 -0.007523298 -0.007363975 0.05487543 -0.007523298 -0.007363975 0.05487543 0.01081818 6.80251e-4 0.05482417 0.01081818 6.80251e-4 0.05482417 0.01081818 6.80251e-4 0.05482417 0.01081818 6.80251e-4 0.05482417 0.01081818 6.80251e-4 0.05482417 0.01081818 6.80251e-4 0.05482417 0.01067996 0.001585662 0.05483436 0.01067996 0.001585662 0.05483436 0.01067996 0.001585662 0.05483436 0.01046335 0.002475619 0.05484491 0.01046335 0.002475619 0.05484491 0.01046335 0.002475619 0.05484491 0.01046335 0.002475619 0.05484491 0.01016998 0.003343343 0.05485582 0.01016998 0.003343343 0.05485582 0.01016998 0.003343343 0.05485582 0.01016998 0.003343343 0.05485582 0.009802162 0.004182159 0.0548669 0.009802162 0.004182159 0.0548669 0.009802162 0.004182159 0.0548669 0.009802162 0.004182159 0.0548669 0.009362578 0.004985749 0.05487823 0.009362578 0.004985749 0.05487823 0.009362578 0.004985749 0.05487823 0.009362578 0.004985749 0.05487823 0.008854627 0.005747914 0.05488961 0.008854627 0.005747914 0.05488961 0.008854627 0.005747914 0.05488961 0.008282184 0.006462931 0.054901 0.008282184 0.006462931 0.054901 0.008282184 0.006462931 0.054901 0.007430315 8.11912e-5 0.05484259 0.007430315 8.11912e-5 0.05484259 0.007430315 8.11912e-5 0.05484259 0.007430315 8.11912e-5 0.05484259 0.007686257 2.99598e-5 0.05484026 0.007686257 2.99598e-5 0.05484026 0.007686257 2.99598e-5 0.05484026 0.007920265 -8.5763e-5 0.0548374 0.007920265 -8.5763e-5 0.0548374 0.007920265 -8.5763e-5 0.0548374 0.007920265 -8.5763e-5 0.0548374 0.01087695 -2.33827e-4 0.05481451 0.01087695 -2.33827e-4 0.05481451 0.01087695 -2.33827e-4 0.05481451 0.0076496 0.007125377 0.05491226 0.0076496 0.007125377 0.05491226 0.0076496 0.007125377 0.05491226 0.0076496 0.007125377 0.05491226 0.0076496 0.007125377 0.05491226 0.0076496 0.007125377 0.05491226 0.001079201 0.01002562 0.05498909 0.001079201 0.01002562 0.05498909 0.001079201 0.01002562 0.05498909 0.001079201 0.01002562 0.05498909 0.001168549 0.007480084 0.05496269 0.001168549 0.007480084 0.05496269 0.001168549 0.007480084 0.05496269 0.001168549 0.007480084 0.05496269 0.001402556 0.007364332 0.05495983 0.001402556 0.007364332 0.05495983 0.001402556 0.007364332 0.05495983 0.001402556 0.007364332 0.05495983 0.001598596 0.007192015 0.05495667 0.001598596 0.007192015 0.05495667 0.001598596 0.007192015 0.05495667 0.001598596 0.007192015 0.05495667 0.001743376 0.006974756 0.05495345 0.001743376 0.006974756 0.05495345 0.001743376 0.006974756 0.05495345 0.001826941 0.006727516 0.05495029 0.001826941 0.006727516 0.05495029 0.001826941 0.006727516 0.05495029 0.00184369 0.006466984 0.05494755 0.00184369 0.006466984 0.05494755 0.00184369 0.006466984 0.05494755 0.00184369 0.006466984 0.05494755 0.001831173 0.003808736 0.05492079 0.001831173 0.003808736 0.05492079 0.001831173 0.003808736 0.05492079 0.001831173 0.003808736 0.05492079 0.002374708 0.003582835 0.05491459 0.002374708 0.003582835 0.05491459 0.002374708 0.003582835 0.05491459 0.002884089 0.003287911 0.05490791 0.002884089 0.003287911 0.05490791 0.002884089 0.003287911 0.05490791 0.002884089 0.003287911 0.05490791 0.003350615 0.002929031 0.05490088 0.003350615 0.002929031 0.05490088 0.003350615 0.002929031 0.05490088 0.003766298 0.002512395 0.05489367 0.003766298 0.002512395 0.05489367 0.003766298 0.002512395 0.05489367 0.004124045 0.002044975 0.0548864 0.004124045 0.002044975 0.0548864 0.004124045 0.002044975 0.0548864 0.004124045 0.002044975 0.0548864 0.004417717 0.001534879 0.05487906 0.004417717 0.001534879 0.05487906 0.004417717 0.001534879 0.05487906 0.004417717 0.001534879 0.05487906 0.004417717 0.001534879 0.05487906 0.004642307 9.90867e-4 0.05487197 0.004642307 9.90867e-4 0.05487197 0.004642307 9.90867e-4 0.05487197 0.004642307 9.90867e-4 0.05487197 0.004793941 4.22157e-4 0.05486512 0.004793941 4.22157e-4 0.05486512 0.004793941 4.22157e-4 0.05486512 0.004793941 4.22157e-4 0.05486512 0.00179243 0.006211042 0.05494534 0.00179243 0.006211042 0.05494534 0.00179243 0.006211042 0.05494534 0.00179243 0.006211042 0.05494534 0.001676678 0.005977034 0.05494379 0.001676678 0.005977034 0.05494379 0.001676678 0.005977034 0.05494379 0.001676678 0.005977034 0.05494379 0.001504302 0.005780994 0.05494308 0.001504302 0.005780994 0.05494308 0.001504302 0.005780994 0.05494308 0.006577432 -0.00892502 0.05475771 0.006577432 -0.00892502 0.05475771 0.006577432 -0.00892502 0.05475771 0.006577432 -0.00892502 0.05475771 0.007292509 -0.008352518 0.05475836 0.007292509 -0.008352518 0.05475836 0.007292509 -0.008352518 0.05475836 0.007297039 -0.001914262 0.05482339 0.007297039 -0.001914262 0.05482339 0.007297039 -0.001914262 0.05482339 0.007297039 -0.001914262 0.05482339 0.007297039 -0.001914262 0.05482339 0.007297039 -0.001914262 0.05482339 0.007297039 -0.001914262 0.05482339 5.71306e-4 -0.008187174 0.05480861 5.71306e-4 -0.008187174 0.05480861 5.71306e-4 -0.008187174 0.05480861 5.71306e-4 -0.008187174 0.05480861 3.54074e-4 -0.008331954 0.05480867 3.54074e-4 -0.008331954 0.05480867 3.54074e-4 -0.008331954 0.05480867 1.06772e-4 -0.008415579 0.05480962 1.06772e-4 -0.008415579 0.05480962 1.06772e-4 -0.008415579 0.05480962 1.06772e-4 -0.008415579 0.05480962 0.007954955 -0.007719933 0.05475991 0.007954955 -0.007719933 0.05475991 0.007954955 -0.007719933 0.05475991 0.008559763 -0.007031977 0.05476254 0.008559763 -0.007031977 0.05476254 0.008559763 -0.007031977 0.05476254 0.009102344 -0.006293952 0.05476605 0.009102344 -0.006293952 0.05476605 0.009102344 -0.006293952 0.05476605 0.009578466 -0.005511462 0.05477052 0.009578466 -0.005511462 0.05477052 0.009578466 -0.005511462 0.05477052 0.009984672 -0.004690408 0.05477589 0.009984672 -0.004690408 0.05477589 0.009984672 -0.004690408 0.05477589 0.01031768 -0.003837108 0.05478215 0.01031768 -0.003837108 0.05478215 0.01031768 -0.003837108 0.05478215 0.01057511 -0.002958059 0.05478918 0.01057511 -0.002958059 0.05478918 0.01057511 -0.002958059 0.05478918 0.01085579 -0.001149535 0.05480539 0.01085579 -0.001149535 0.05480539 0.01085579 -0.001149535 0.05480539 0.008361458 -9.8311e-4 0.05482512 0.008361458 -9.8311e-4 0.05482512 0.008361458 -9.8311e-4 0.05482512 0.008361458 -9.8311e-4 0.05482512 0.008310198 -0.001239061 0.05482292 0.008310198 -0.001239061 0.05482292 0.008310198 -0.001239061 0.05482292 0.008194446 -0.001473009 0.05482137 0.008194446 -0.001473009 0.05482137 0.008194446 -0.001473009 0.05482137 0.008022069 -0.001669108 0.05482065 0.008022069 -0.001669108 0.05482065 0.008022069 -0.001669108 0.05482065 0.008116304 -2.58103e-4 0.05483424 0.008116304 -2.58103e-4 0.05483424 0.008116304 -2.58103e-4 0.05483424 0.008261084 -4.75328e-4 0.05483096 0.008261084 -4.75328e-4 0.05483096 0.008261084 -4.75328e-4 0.05483096 0.00834465 -7.22619e-4 0.05482786 0.00834465 -7.22619e-4 0.05482786 0.00834465 -7.22619e-4 0.05482786 0.00834465 -7.22619e-4 0.05482786 -0.006202757 -0.008631169 0.05485308 -0.006202757 -0.008631169 0.05485308 -0.006202757 -0.008631169 0.05485308 -0.005464792 -0.009173631 0.05484223 -0.005464792 -0.009173631 0.05484223 -0.005464792 -0.009173631 0.05484223 -0.004682302 -0.009649693 0.0548318 -0.004682302 -0.009649693 0.0548318 -0.004682302 -0.009649693 0.0548318 -0.003861248 -0.01005584 0.05482172 -0.003861248 -0.01005584 0.05482172 -0.003861248 -0.01005584 0.05482172 -0.003008008 -0.01038879 0.05481219 -0.003008008 -0.01038879 0.05481219 -0.003008008 -0.01038879 0.05481219 -0.002128899 -0.01064616 0.05480325 -0.002128899 -0.01064616 0.05480325 -0.002128899 -0.01064616 0.05480325 -0.001230776 -0.01082587 0.05479496 -0.001230776 -0.01082587 0.05479496 -0.001230776 -0.01082587 0.05479496 -3.20351e-4 -0.01092666 0.05478733 -3.20351e-4 -0.01092666 0.05478733 -3.20351e-4 -0.01092666 0.05478733 5.95395e-4 -0.01094776 0.05478048 5.95395e-4 -0.01094776 0.05478048 5.95395e-4 -0.01094776 0.05478048 0.001509428 -0.01088887 0.05477452 0.001509428 -0.01088887 0.05477452 0.001509428 -0.01088887 0.05477452 0.002414941 -0.01075065 0.05476933 0.002414941 -0.01075065 0.05476933 0.002414941 -0.01075065 0.05476933 0.003304958 -0.01053398 0.0547651 0.003304958 -0.01053398 0.0547651 0.003304958 -0.01053398 0.0547651 0.004172682 -0.01024055 0.05476182 0.004172682 -0.01024055 0.05476182 0.004172682 -0.01024055 0.05476182 0.005011558 -0.009872615 0.05475944 0.005011558 -0.009872615 0.05475944 0.005011558 -0.009872615 0.05475944 0.005011558 -0.009872615 0.05475944 0.005815148 -0.009433031 0.05475807 0.005815148 -0.009433031 0.05475807 0.005815148 -0.009433031 0.05475807 0.007041037 -0.001863002 0.05482578 0.007041037 -0.001863002 0.05482578 0.007041037 -0.001863002 0.05482578 0.007041037 -0.001863002 0.05482578 0.004638671 -0.001901924 0.05484277 0.004638671 -0.001901924 0.05484277 0.004638671 -0.001901924 0.05484277 0.004638671 -0.001901924 0.05484277 0.00441277 -0.002445459 0.05483889 0.00441277 -0.002445459 0.05483889 0.00441277 -0.002445459 0.05483889 0.004117846 -0.00295484 0.05483585 0.004117846 -0.00295484 0.05483585 0.004117846 -0.00295484 0.05483585 0.004117846 -0.00295484 0.05483585 0.003758907 -0.003421366 0.05483376 0.003758907 -0.003421366 0.05483376 0.003758907 -0.003421366 0.05483376 0.003342151 -0.003837108 0.05483257 0.003342151 -0.003837108 0.05483257 0.003342151 -0.003837108 0.05483257 0.003342151 -0.003837108 0.05483257 0.003342151 -0.003837108 0.05483257 0.002874732 -0.004194855 0.05483227 0.002874732 -0.004194855 0.05483227 0.002874732 -0.004194855 0.05483227 0.002874732 -0.004194855 0.05483227 2.35527e-4 -0.006488084 0.05482822 2.35527e-4 -0.006488084 0.05482822 2.35527e-4 -0.006488084 0.05482822 4.69506e-4 -0.006603837 0.05482536 4.69506e-4 -0.006603837 0.05482536 4.69506e-4 -0.006603837 0.05482536 6.65558e-4 -0.006776213 0.0548222 6.65558e-4 -0.006776213 0.0548222 6.65558e-4 -0.006776213 0.0548222 6.65558e-4 -0.006776213 0.0548222 8.10318e-4 -0.006993412 0.05481892 8.10318e-4 -0.006993412 0.05481892 8.10318e-4 -0.006993412 0.05481892 8.10318e-4 -0.006993412 0.05481892 8.93907e-4 -0.007240712 0.05481582 8.93907e-4 -0.007240712 0.05481582 8.93907e-4 -0.007240712 0.05481582 8.93907e-4 -0.007240712 0.05481582 9.10654e-4 -0.007501184 0.05481308 9.10654e-4 -0.007501184 0.05481308 9.10654e-4 -0.007501184 0.05481308 9.10654e-4 -0.007501184 0.05481308 8.59424e-4 -0.007757127 0.05481088 8.59424e-4 -0.007757127 0.05481088 8.59424e-4 -0.007757127 0.05481088 8.59424e-4 -0.007757127 0.05481088 7.43661e-4 -0.007991135 0.05480933 7.43661e-4 -0.007991135 0.05480933 7.43661e-4 -0.007991135 0.05480933 7.43661e-4 -0.007991135 0.05480933 0.004870057 -1.61508e-4 0.05485868 0.004870057 -1.61508e-4 0.05485868 0.004870057 -1.61508e-4 0.05485868 0.006532907 -3.60017e-4 0.05484461 0.006532907 -3.60017e-4 0.05484461 0.006532907 -3.60017e-4 0.05484461 0.006705284 -1.63957e-4 0.05484539 0.006705284 -1.63957e-4 0.05484539 0.006705284 -1.63957e-4 0.05484539 0.006922543 -1.91888e-5 0.05484527 0.006922543 -1.91888e-5 0.05484527 0.006922543 -1.91888e-5 0.05484527 0.007169842 6.44294e-5 0.05484431 0.007169842 6.44294e-5 0.05484431 0.007169842 6.44294e-5 0.05484431 0.007169842 6.44294e-5 0.05484431 0.007169842 6.44294e-5 0.05484431 0.006961643 0.007730066 0.05492335 0.006961643 0.007730066 0.05492335 0.006961643 0.007730066 0.05492335 0.006223678 0.008272588 0.05493414 0.006223678 0.008272588 0.05493414 0.006223678 0.008272588 0.05493414 0.005441129 0.00874865 0.05494463 0.005441129 0.00874865 0.05494463 0.005441129 0.00874865 0.05494463 0.004620134 0.009154736 0.05495464 0.004620134 0.009154736 0.05495464 0.004620134 0.009154736 0.05495464 0.003766834 0.009487748 0.05496418 0.003766834 0.009487748 0.05496418 0.003766834 0.009487748 0.05496418 0.002887785 0.009745121 0.05497318 0.002887785 0.009745121 0.05497318 0.002887785 0.009745121 0.05497318 0.001989603 0.009924829 0.05498147 0.001989603 0.009924829 0.05498147 0.001989603 0.009924829 0.05498147 0.001989603 0.009924829 0.05498147 -9.84485e-4 -0.0078758 0.05482298 -9.84485e-4 -0.0078758 0.05482298 -9.84485e-4 -0.0078758 0.05482298 -9.84485e-4 -0.0078758 0.05482298 -9.84485e-4 -0.0078758 0.05482298 -0.001068055 -0.00762856 0.05482608 -0.001068055 -0.00762856 0.05482608 -0.001068055 -0.00762856 0.05482608 -0.001068055 -0.00762856 0.05482608 -0.001084804 -0.007368028 0.05482888 -0.001084804 -0.007368028 0.05482888 -0.001084804 -0.007368028 0.05482888 -0.001084804 -0.007368028 0.05482888 -0.001033544 -0.007112085 0.05483108 -0.001033544 -0.007112085 0.05483108 -0.001033544 -0.007112085 0.05483108 -0.001033544 -0.007112085 0.05483108 -9.17849e-4 -0.006878077 0.05483257 -9.17849e-4 -0.006878077 0.05483257 -9.17849e-4 -0.006878077 0.05483257 -9.17849e-4 -0.006878077 0.05483257 -7.45473e-4 -0.006682038 0.05483335 -7.45473e-4 -0.006682038 0.05483335 -7.45473e-4 -0.006682038 0.05483335 -5.28241e-4 -0.006537258 0.05483323 -5.28241e-4 -0.006537258 0.05483323 -5.28241e-4 -0.006537258 0.05483323 -5.28241e-4 -0.006537258 0.05483323 -2.80959e-4 -0.006453633 0.05483227 -2.80959e-4 -0.006453633 0.05483227 -2.80959e-4 -0.006453633 0.05483227 -2.80959e-4 -0.006453633 0.05483227 -0.002591729 -0.003830134 0.05487549 -0.002591729 -0.003830134 0.05487549 -0.002591729 -0.003830134 0.05487549 -0.002591729 -0.003830134 0.05487549 -0.003007411 -0.003413438 0.0548827 -0.003007411 -0.003413438 0.0548827 -0.003007411 -0.003413438 0.0548827 -0.003007411 -0.003413438 0.0548827 -0.003365159 -0.002946019 0.05489003 -0.003365159 -0.002946019 0.05489003 -0.003365159 -0.002946019 0.05489003 -0.003365159 -0.002946019 0.05489003 -0.003658831 -0.002435922 0.0548973 -0.003658831 -0.002435922 0.0548973 -0.003658831 -0.002435922 0.0548973 -0.003883421 -0.001891911 0.05490446 -0.003883421 -0.001891911 0.05490446 -0.003883421 -0.001891911 0.05490446 -0.004035055 -0.001323163 0.05491131 -0.004035055 -0.001323163 0.05491131 -0.004035055 -0.001323163 0.05491131 -0.004035055 -0.001323163 0.05491131 -0.006410896 -9.65478e-4 0.05493205 -0.006410896 -9.65478e-4 0.05493205 -0.006410896 -9.65478e-4 0.05493205 -0.006410896 -9.65478e-4 0.05493205 -0.00628215 9.61982e-4 0.05495065 -0.00628215 9.61982e-4 0.05495065 -0.00628215 9.61982e-4 0.05495065 -0.00628215 9.61982e-4 0.05495065 -0.006048202 8.46252e-4 0.05494779 -0.006048202 8.46252e-4 0.05494779 -0.006048202 8.46252e-4 0.05494779 -0.006048202 8.46252e-4 0.05494779 -0.005852162 6.73919e-4 0.05494463 -0.005852162 6.73919e-4 0.05494463 -0.005852162 6.73919e-4 0.05494463 1.63508e-4 0.01004666 0.05499589 1.63508e-4 0.01004666 0.05499589 1.63508e-4 0.01004666 0.05499589 1.63508e-4 0.01004666 0.05499589 -7.50588e-4 0.009987831 0.05500191 -7.50588e-4 0.009987831 0.05500191 -7.50588e-4 0.009987831 0.05500191 -0.001656055 0.009849548 0.05500704 -0.001656055 0.009849548 0.05500704 -0.001656055 0.009849548 0.05500704 -0.001656055 0.009849548 0.05500704 -0.002546072 0.009632945 0.05501133 -0.002546072 0.009632945 0.05501133 -0.002546072 0.009632945 0.05501133 -0.002546072 0.009632945 0.05501133 -0.002546072 0.009632945 0.05501133 -0.003413796 0.009339511 0.05501461 -0.003413796 0.009339511 0.05501461 -0.003413796 0.009339511 0.05501461 -0.003413796 0.009339511 0.05501461 -0.004252672 0.008971571 0.05501693 -0.004252672 0.008971571 0.05501693 -0.004252672 0.008971571 0.05501693 -0.005056262 0.008531987 0.0550183 -0.005056262 0.008531987 0.0550183 -0.005056262 0.008531987 0.0550183 -0.01005929 -0.001581251 0.0549522 -0.01005929 -0.001581251 0.0549522 -0.01005929 -0.001581251 0.0549522 -0.009921073 -0.002486705 0.05494207 -0.009921073 -0.002486705 0.05494207 -0.009921073 -0.002486705 0.05494207 -0.00970447 -0.003376722 0.05493152 -0.00970447 -0.003376722 0.05493152 -0.00970447 -0.003376722 0.05493152 -0.009411096 -0.004244387 0.05492061 -0.009411096 -0.004244387 0.05492061 -0.009411096 -0.004244387 0.05492061 -0.009043216 -0.005083203 0.05490946 -0.009043216 -0.005083203 0.05490946 -0.009043216 -0.005083203 0.05490946 -0.008603692 -0.005886793 0.0548982 -0.008603692 -0.005886793 0.0548982 -0.008603692 -0.005886793 0.0548982 -0.008603692 -0.005886793 0.0548982 -0.008095741 -0.006648957 0.05488681 -0.008095741 -0.006648957 0.05488681 -0.008095741 -0.006648957 0.05488681 -0.0100969 2.48496e-4 0.05497097 -0.0100969 2.48496e-4 0.05497097 -0.0100969 2.48496e-4 0.05497097 -0.007357418 -6.42946e-4 0.05494219 -0.007357418 -6.42946e-4 0.05494219 -0.007357418 -6.42946e-4 0.05494219 -0.007502198 -4.25729e-4 0.0549454 -0.007502198 -4.25729e-4 0.0549454 -0.007502198 -4.25729e-4 0.0549454 -0.007585763 -1.78445e-4 0.0549485 -0.007585763 -1.78445e-4 0.0549485 -0.007585763 -1.78445e-4 0.0549485 -0.007602572 8.20609e-5 0.05495131 -0.007602572 8.20609e-5 0.05495131 -0.007602572 8.20609e-5 0.05495131 -0.007551252 3.38027e-4 0.05495351 -0.007551252 3.38027e-4 0.05495351 -0.007551252 3.38027e-4 0.05495351 -0.009996056 0.001158893 0.05497944 -0.009996056 0.001158893 0.05497944 -0.009996056 0.001158893 0.05497944 -0.009996056 0.001158893 0.05497944 -0.00743556 5.72006e-4 0.05495506 -0.00743556 5.72006e-4 0.05495506 -0.00743556 5.72006e-4 0.05495506 -0.007263183 7.68066e-4 0.05495578 -0.007263183 7.68066e-4 0.05495578 -0.007263183 7.68066e-4 0.05495578 -0.007263183 7.68066e-4 0.05495578 -0.007045924 9.12834e-4 0.05495566 -0.007045924 9.12834e-4 0.05495566 -0.007045924 9.12834e-4 0.05495566 -0.007045924 9.12834e-4 0.05495566 9.07469e-5 0.004039943 0.05493569 9.07469e-5 0.004039943 0.05493569 9.07469e-5 0.004039943 0.05493569 9.07469e-5 0.004039943 0.05493569 9.33455e-5 0.00587511 0.05495423 9.33455e-5 0.00587511 0.05495423 9.33455e-5 0.00587511 0.05495423 -5.14349e-5 0.006092369 0.05495744 -5.14349e-5 0.006092369 0.05495744 -5.14349e-5 0.006092369 0.05495744 -1.35024e-4 0.006339609 0.0549606 -1.35024e-4 0.006339609 0.0549606 -1.35024e-4 0.006339609 0.0549606 -1.35024e-4 0.006339609 0.0549606 0.001262843 0.003961741 0.05492645 0.001262843 0.003961741 0.05492645 0.001262843 0.003961741 0.05492645 0.001287102 0.005636215 0.0549432 0.001287102 0.005636215 0.0549432 0.001287102 0.005636215 0.0549432 0.001287102 0.005636215 0.0549432 0.001039803 0.005552589 0.05494415 0.001039803 0.005552589 0.05494415 0.001039803 0.005552589 0.05494415 0.001039803 0.005552589 0.05494415 0.006807088 -0.00174725 0.05482864 0.006807088 -0.00174725 0.05482864 0.006807088 -0.00174725 0.05482864 0.004869282 -7.501e-4 0.05485272 0.004869282 -7.501e-4 0.05485272 0.004869282 -7.501e-4 0.05485272 0.006382703 -0.001110434 0.05483812 0.006382703 -0.001110434 0.05483812 0.006382703 -0.001110434 0.05483812 0.006382703 -0.001110434 0.05483812 0.006365895 -8.49962e-4 0.05484092 0.006365895 -8.49962e-4 0.05484092 0.006365895 -8.49962e-4 0.05484092 0.006417155 -5.94011e-4 0.05484312 0.006417155 -5.94011e-4 0.05484312 0.006417155 -5.94011e-4 0.05484312 -0.006163656 -8.8186e-4 0.05493116 -0.006163656 -8.8186e-4 0.05493116 -0.006163656 -8.8186e-4 0.05493116 -0.006163656 -8.8186e-4 0.05493116 -0.004111111 -7.39541e-4 0.05491775 -0.004111111 -7.39541e-4 0.05491775 -0.004111111 -7.39541e-4 0.05491775 -0.004111111 -7.39541e-4 0.05491775 -0.005946397 -7.37085e-4 0.05493104 -0.005946397 -7.37085e-4 0.05493104 -0.005946397 -7.37085e-4 0.05493104 -0.005946397 -7.37085e-4 0.05493104 -0.004110395 -1.50941e-4 0.05492371 -0.004110395 -1.50941e-4 0.05492371 -0.004110395 -1.50941e-4 0.05492371 -0.005658268 -3.07046e-4 0.0549333 -0.005658268 -3.07046e-4 0.0549333 -0.005658268 -3.07046e-4 0.0549333 -0.005774021 -5.41032e-4 0.05493175 -0.005774021 -5.41032e-4 0.05493175 -0.005774021 -5.41032e-4 0.05493175 -0.005607008 -5.10873e-5 0.05493551 -0.005607008 -5.10873e-5 0.05493551 -0.005607008 -5.10873e-5 0.05493551 -0.006447017 -0.03255176 0.001108825 -0.006447017 -0.03255176 0.001108825 -0.006447017 -0.03255176 0.001108825 -0.006469011 -0.03288519 0.001143217 -0.006469011 -0.03288519 0.001143217 -0.006469011 -0.03288519 0.001143217 -0.006469011 -0.03288519 0.001143217 -0.006469011 -0.03288519 0.001143217 -0.006489336 -0.03320264 0.001251161 -0.006489336 -0.03320264 0.001251161 -0.006489336 -0.03320264 0.001251161 -0.006489336 -0.03320264 0.001251161 -0.006489336 -0.03320264 0.001251161 -0.006489336 -0.03320264 0.001251161 -0.006506979 -0.03348815 0.001427114 -0.006506979 -0.03348815 0.001427114 -0.006506979 -0.03348815 0.001427114 -0.006506979 -0.03348815 0.001427114 -0.006521105 -0.03372758 0.001662313 -0.006521105 -0.03372758 0.001662313 -0.006521105 -0.03372758 0.001662313 -0.006521105 -0.03372758 0.001662313 -0.006521105 -0.03372758 0.001662313 -0.00653094 -0.03390872 0.001944959 -0.00653094 -0.03390872 0.001944959 -0.00653094 -0.03390872 0.001944959 -0.00653094 -0.03390872 0.001944959 -0.00653094 -0.03390872 0.001944959 -0.006536066 -0.03402262 0.002260923 -0.006536066 -0.03402262 0.002260923 -0.006536066 -0.03402262 0.002260923 -0.006536066 -0.03402262 0.002260923 -0.006536185 -0.03406357 0.002594292 -0.006536185 -0.03406357 0.002594292 -0.006536185 -0.03406357 0.002594292 -0.006424486 -0.03221917 0.001149654 -0.006424486 -0.03221917 0.001149654 -0.006424486 -0.03221917 0.001149654 -0.006424486 -0.03221917 0.001149654 -0.006402611 -0.03190392 0.001263618 -0.006402611 -0.03190392 0.001263618 -0.006402611 -0.03190392 0.001263618 -0.006402611 -0.03190392 0.001263618 -0.006402611 -0.03190392 0.001263618 -0.006382346 -0.03162199 0.001445055 -0.006382346 -0.03162199 0.001445055 -0.006382346 -0.03162199 0.001445055 -0.006382346 -0.03162199 0.001445055 -0.006382346 -0.03162199 0.001445055 -0.006382346 -0.03162199 0.001445055 -0.006364762 -0.03138738 0.001684844 -0.006364762 -0.03138738 0.001684844 -0.006364762 -0.03138738 0.001684844 -0.006364762 -0.03138738 0.001684844 -0.006364762 -0.03138738 0.001684844 -0.006350815 -0.03121197 0.001970946 -0.006350815 -0.03121197 0.001970946 -0.006350815 -0.03121197 0.001970946 -0.006350815 -0.03121197 0.001970946 -0.006341159 -0.0311045 0.002288997 -0.006341159 -0.0311045 0.002288997 -0.006341159 -0.0311045 0.002288997 -0.006341159 -0.0311045 0.002288997 -0.006341159 -0.0311045 0.002288997 -0.006336212 -0.03107035 0.00262314 -0.006336212 -0.03107035 0.00262314 -0.006336212 -0.03107035 0.00262314 -0.006336212 -0.03107035 0.00262314 -0.00642538 -0.0325821 0.004108607 -0.00642538 -0.0325821 0.004108607 -0.00642538 -0.0325821 0.004108607 -0.006403386 -0.03224867 0.004074215 -0.006403386 -0.03224867 0.004074215 -0.006403386 -0.03224867 0.004074215 -0.006403386 -0.03224867 0.004074215 -0.006403386 -0.03224867 0.004074215 -0.006383061 -0.03193122 0.003966331 -0.006383061 -0.03193122 0.003966331 -0.006383061 -0.03193122 0.003966331 -0.006383061 -0.03193122 0.003966331 -0.006383061 -0.03193122 0.003966331 -0.006365358 -0.03164571 0.003790378 -0.006365358 -0.03164571 0.003790378 -0.006365358 -0.03164571 0.003790378 -0.006365358 -0.03164571 0.003790378 -0.006351292 -0.03140634 0.003555178 -0.006351292 -0.03140634 0.003555178 -0.006351292 -0.03140634 0.003555178 -0.006351292 -0.03140634 0.003555178 -0.006351292 -0.03140634 0.003555178 -0.006341397 -0.03122514 0.003272473 -0.006341397 -0.03122514 0.003272473 -0.006341397 -0.03122514 0.003272473 -0.006341397 -0.03122514 0.003272473 -0.006336331 -0.03111124 0.002956509 -0.006336331 -0.03111124 0.002956509 -0.006336331 -0.03111124 0.002956509 -0.006447851 -0.03291475 0.004067778 -0.006447851 -0.03291475 0.004067778 -0.006447851 -0.03291475 0.004067778 -0.006447851 -0.03291475 0.004067778 -0.006469786 -0.03322994 0.003953814 -0.006469786 -0.03322994 0.003953814 -0.006469786 -0.03322994 0.003953814 -0.006469786 -0.03322994 0.003953814 -0.006469786 -0.03322994 0.003953814 -0.006490051 -0.03351187 0.003772377 -0.006490051 -0.03351187 0.003772377 -0.006490051 -0.03351187 0.003772377 -0.006490051 -0.03351187 0.003772377 -0.006490051 -0.03351187 0.003772377 -0.006507575 -0.03374648 0.003532648 -0.006507575 -0.03374648 0.003532648 -0.006507575 -0.03374648 0.003532648 -0.006507575 -0.03374648 0.003532648 -0.006507575 -0.03374648 0.003532648 -0.006507575 -0.03374648 0.003532648 -0.006521582 -0.03392189 0.003246545 -0.006521582 -0.03392189 0.003246545 -0.006521582 -0.03392189 0.003246545 -0.006521582 -0.03392189 0.003246545 -0.006521582 -0.03392189 0.003246545 -0.006521582 -0.03392189 0.003246545 -0.006531238 -0.03402936 0.002928435 -0.006531238 -0.03402936 0.002928435 -0.006531238 -0.03402936 0.002928435 -0.006531238 -0.03402936 0.002928435 -0.00709182 -0.04255944 0.004012525 -0.00709182 -0.04255944 0.004012525 -0.00709182 -0.04255944 0.004012525 -0.007069826 -0.04222601 0.003978133 -0.007069826 -0.04222601 0.003978133 -0.007069826 -0.04222601 0.003978133 -0.007069826 -0.04222601 0.003978133 -0.007069826 -0.04222601 0.003978133 -0.0070495 -0.04190856 0.003870248 -0.0070495 -0.04190856 0.003870248 -0.0070495 -0.04190856 0.003870248 -0.0070495 -0.04190856 0.003870248 -0.007031857 -0.04162299 0.003694295 -0.007031857 -0.04162299 0.003694295 -0.007031857 -0.04162299 0.003694295 -0.007031857 -0.04162299 0.003694295 -0.007017731 -0.04138362 0.003459095 -0.007017731 -0.04138362 0.003459095 -0.007017731 -0.04138362 0.003459095 -0.007017731 -0.04138362 0.003459095 -0.007007896 -0.04120248 0.00317645 -0.007007896 -0.04120248 0.00317645 -0.007007896 -0.04120248 0.00317645 -0.00700277 -0.04108858 0.002860486 -0.00700277 -0.04108858 0.002860486 -0.00700277 -0.04108858 0.002860486 -0.00700277 -0.04108858 0.002860486 -0.007002711 -0.04104769 0.002527058 -0.007002711 -0.04104769 0.002527058 -0.007002711 -0.04104769 0.002527058 -0.00711435 -0.04289203 0.003971755 -0.00711435 -0.04289203 0.003971755 -0.00711435 -0.04289203 0.003971755 -0.00711435 -0.04289203 0.003971755 -0.007136285 -0.04320728 0.003857731 -0.007136285 -0.04320728 0.003857731 -0.007136285 -0.04320728 0.003857731 -0.007136285 -0.04320728 0.003857731 -0.007156491 -0.04348921 0.003676354 -0.007156491 -0.04348921 0.003676354 -0.007156491 -0.04348921 0.003676354 -0.007156491 -0.04348921 0.003676354 -0.007174074 -0.04372376 0.003436565 -0.007174074 -0.04372376 0.003436565 -0.007174074 -0.04372376 0.003436565 -0.007174074 -0.04372376 0.003436565 -0.007174074 -0.04372376 0.003436565 -0.007188022 -0.04389923 0.003150463 -0.007188022 -0.04389923 0.003150463 -0.007188022 -0.04389923 0.003150463 -0.007197737 -0.0440067 0.002832353 -0.007197737 -0.0440067 0.002832353 -0.007197737 -0.0440067 0.002832353 -0.007202625 -0.04404085 0.002498269 -0.007202625 -0.04404085 0.002498269 -0.007202625 -0.04404085 0.002498269 -0.007202625 -0.04404085 0.002498269 -0.007113516 -0.0425291 0.001012802 -0.007113516 -0.0425291 0.001012802 -0.007113516 -0.0425291 0.001012802 -0.00713545 -0.04286247 0.001047194 -0.00713545 -0.04286247 0.001047194 -0.00713545 -0.04286247 0.001047194 -0.00713545 -0.04286247 0.001047194 -0.007155835 -0.04317992 0.001155078 -0.007155835 -0.04317992 0.001155078 -0.007155835 -0.04317992 0.001155078 -0.007155835 -0.04317992 0.001155078 -0.007155835 -0.04317992 0.001155078 -0.007155835 -0.04317992 0.001155078 -0.007173478 -0.04346549 0.001331031 -0.007173478 -0.04346549 0.001331031 -0.007173478 -0.04346549 0.001331031 -0.007173478 -0.04346549 0.001331031 -0.007187604 -0.04370486 0.001566231 -0.007187604 -0.04370486 0.001566231 -0.007187604 -0.04370486 0.001566231 -0.007187604 -0.04370486 0.001566231 -0.007187604 -0.04370486 0.001566231 -0.007197439 -0.04388606 0.001848876 -0.007197439 -0.04388606 0.001848876 -0.007197439 -0.04388606 0.001848876 -0.007197439 -0.04388606 0.001848876 -0.007202565 -0.04399996 0.00216484 -0.007202565 -0.04399996 0.00216484 -0.007202565 -0.04399996 0.00216484 -0.007202565 -0.04399996 0.00216484 -0.007090985 -0.04219645 0.001053571 -0.007090985 -0.04219645 0.001053571 -0.007090985 -0.04219645 0.001053571 -0.007069051 -0.04188126 0.001167595 -0.007069051 -0.04188126 0.001167595 -0.007069051 -0.04188126 0.001167595 -0.007069051 -0.04188126 0.001167595 -0.007069051 -0.04188126 0.001167595 -0.007048845 -0.04159927 0.001348972 -0.007048845 -0.04159927 0.001348972 -0.007048845 -0.04159927 0.001348972 -0.007048845 -0.04159927 0.001348972 -0.007031261 -0.04136472 0.001588761 -0.007031261 -0.04136472 0.001588761 -0.007031261 -0.04136472 0.001588761 -0.007031261 -0.04136472 0.001588761 -0.007031261 -0.04136472 0.001588761 -0.007017314 -0.04118931 0.001874864 -0.007017314 -0.04118931 0.001874864 -0.007017314 -0.04118931 0.001874864 -0.007017314 -0.04118931 0.001874864 -0.007007598 -0.04108178 0.002192974 -0.007007598 -0.04108178 0.002192974 -0.007007598 -0.04108178 0.002192974 -0.007007598 -0.04108178 0.002192974 -0.006737649 -0.04305481 0.05300873 -0.006737649 -0.04305481 0.05300873 -0.006737649 -0.04305481 0.05300873 -0.006737649 -0.04305481 0.05300873 -0.006715655 -0.04272145 0.05297434 -0.006715655 -0.04272145 0.05297434 -0.006715655 -0.04272145 0.05297434 -0.006715655 -0.04272145 0.05297434 -0.006715655 -0.04272145 0.05297434 -0.006695389 -0.04240399 0.05286645 -0.006695389 -0.04240399 0.05286645 -0.006695389 -0.04240399 0.05286645 -0.006695389 -0.04240399 0.05286645 -0.006695389 -0.04240399 0.05286645 -0.006695389 -0.04240399 0.05286645 -0.006677687 -0.04211843 0.0526905 -0.006677687 -0.04211843 0.0526905 -0.006677687 -0.04211843 0.0526905 -0.006677687 -0.04211843 0.0526905 -0.00666356 -0.04187905 0.0524553 -0.00666356 -0.04187905 0.0524553 -0.00666356 -0.04187905 0.0524553 -0.00666356 -0.04187905 0.0524553 -0.00666356 -0.04187905 0.0524553 -0.006653726 -0.04169785 0.05217266 -0.006653726 -0.04169785 0.05217266 -0.006653726 -0.04169785 0.05217266 -0.006653726 -0.04169785 0.05217266 -0.0066486 -0.04158395 0.05185669 -0.0066486 -0.04158395 0.05185669 -0.0066486 -0.04158395 0.05185669 -0.00664854 -0.04154306 0.05152326 -0.00664854 -0.04154306 0.05152326 -0.00664854 -0.04154306 0.05152326 -0.00664854 -0.04154306 0.05152326 -0.006760179 -0.04338747 0.05296796 -0.006760179 -0.04338747 0.05296796 -0.006760179 -0.04338747 0.05296796 -0.006760179 -0.04338747 0.05296796 -0.006782114 -0.04370266 0.052854 -0.006782114 -0.04370266 0.052854 -0.006782114 -0.04370266 0.052854 -0.006782114 -0.04370266 0.052854 -0.006782114 -0.04370266 0.052854 -0.00680238 -0.04398465 0.05267256 -0.00680238 -0.04398465 0.05267256 -0.00680238 -0.04398465 0.05267256 -0.00680238 -0.04398465 0.05267256 -0.00680238 -0.04398465 0.05267256 -0.006819903 -0.04421919 0.05243277 -0.006819903 -0.04421919 0.05243277 -0.006819903 -0.04421919 0.05243277 -0.006819903 -0.04421919 0.05243277 -0.006819903 -0.04421919 0.05243277 -0.006833851 -0.04439461 0.05214667 -0.006833851 -0.04439461 0.05214667 -0.006833851 -0.04439461 0.05214667 -0.006833851 -0.04439461 0.05214667 -0.006843566 -0.04450207 0.05182856 -0.006843566 -0.04450207 0.05182856 -0.006843566 -0.04450207 0.05182856 -0.006843566 -0.04450207 0.05182856 -0.006843566 -0.04450207 0.05182856 -0.006848454 -0.04453623 0.05149447 -0.006848454 -0.04453623 0.05149447 -0.006848454 -0.04453623 0.05149447 -0.006759345 -0.04302448 0.05000901 -0.006759345 -0.04302448 0.05000901 -0.006759345 -0.04302448 0.05000901 -0.006781339 -0.0433579 0.0500434 -0.006781339 -0.0433579 0.0500434 -0.006781339 -0.0433579 0.0500434 -0.006781339 -0.0433579 0.0500434 -0.006781339 -0.0433579 0.0500434 -0.006781339 -0.0433579 0.0500434 -0.006801664 -0.04367536 0.05015128 -0.006801664 -0.04367536 0.05015128 -0.006801664 -0.04367536 0.05015128 -0.006801664 -0.04367536 0.05015128 -0.006801664 -0.04367536 0.05015128 -0.006801664 -0.04367536 0.05015128 -0.006819307 -0.04396092 0.05032724 -0.006819307 -0.04396092 0.05032724 -0.006819307 -0.04396092 0.05032724 -0.006819307 -0.04396092 0.05032724 -0.006833434 -0.0442003 0.05056244 -0.006833434 -0.0442003 0.05056244 -0.006833434 -0.0442003 0.05056244 -0.006833434 -0.0442003 0.05056244 -0.006833434 -0.0442003 0.05056244 -0.006843268 -0.04438143 0.05084514 -0.006843268 -0.04438143 0.05084514 -0.006843268 -0.04438143 0.05084514 -0.006843268 -0.04438143 0.05084514 -0.006848394 -0.04449534 0.05116105 -0.006848394 -0.04449534 0.05116105 -0.006848394 -0.04449534 0.05116105 -0.006736814 -0.04269188 0.05004978 -0.006736814 -0.04269188 0.05004978 -0.006736814 -0.04269188 0.05004978 -0.006736814 -0.04269188 0.05004978 -0.00671488 -0.04237663 0.0501638 -0.00671488 -0.04237663 0.0501638 -0.00671488 -0.04237663 0.0501638 -0.00671488 -0.04237663 0.0501638 -0.00671488 -0.04237663 0.0501638 -0.00671488 -0.04237663 0.0501638 -0.006694614 -0.0420947 0.05034518 -0.006694614 -0.0420947 0.05034518 -0.006694614 -0.0420947 0.05034518 -0.006694614 -0.0420947 0.05034518 -0.006677091 -0.0418601 0.05058497 -0.006677091 -0.0418601 0.05058497 -0.006677091 -0.0418601 0.05058497 -0.006677091 -0.0418601 0.05058497 -0.006677091 -0.0418601 0.05058497 -0.006677091 -0.0418601 0.05058497 -0.006663143 -0.04168468 0.05087107 -0.006663143 -0.04168468 0.05087107 -0.006663143 -0.04168468 0.05087107 -0.006663143 -0.04168468 0.05087107 -0.006663143 -0.04168468 0.05087107 -0.006653428 -0.04157721 0.05118918 -0.006653428 -0.04157721 0.05118918 -0.006653428 -0.04157721 0.05118918 -0.006653428 -0.04157721 0.05118918 -0.006092846 -0.03304719 0.05010503 -0.006092846 -0.03304719 0.05010503 -0.006092846 -0.03304719 0.05010503 -0.00611484 -0.03338056 0.05013948 -0.00611484 -0.03338056 0.05013948 -0.00611484 -0.03338056 0.05013948 -0.00611484 -0.03338056 0.05013948 -0.00611484 -0.03338056 0.05013948 -0.006135165 -0.03369802 0.05024737 -0.006135165 -0.03369802 0.05024737 -0.006135165 -0.03369802 0.05024737 -0.006135165 -0.03369802 0.05024737 -0.006135165 -0.03369802 0.05024737 -0.006135165 -0.03369802 0.05024737 -0.006152808 -0.03398358 0.05042332 -0.006152808 -0.03398358 0.05042332 -0.006152808 -0.03398358 0.05042332 -0.006152808 -0.03398358 0.05042332 -0.006152808 -0.03398358 0.05042332 -0.006166934 -0.03422302 0.05065852 -0.006166934 -0.03422302 0.05065852 -0.006166934 -0.03422302 0.05065852 -0.006166934 -0.03422302 0.05065852 -0.006176769 -0.03440415 0.05094116 -0.006176769 -0.03440415 0.05094116 -0.006176769 -0.03440415 0.05094116 -0.006176769 -0.03440415 0.05094116 -0.006176769 -0.03440415 0.05094116 -0.006181895 -0.03451806 0.05125713 -0.006181895 -0.03451806 0.05125713 -0.006181895 -0.03451806 0.05125713 -0.006181895 -0.03451806 0.05125713 -0.006181895 -0.03451806 0.05125713 -0.006182014 -0.03455895 0.0515905 -0.006182014 -0.03455895 0.0515905 -0.006182014 -0.03455895 0.0515905 -0.006070375 -0.03271454 0.05014586 -0.006070375 -0.03271454 0.05014586 -0.006070375 -0.03271454 0.05014586 -0.006070375 -0.03271454 0.05014586 -0.006048381 -0.03239935 0.05025982 -0.006048381 -0.03239935 0.05025982 -0.006048381 -0.03239935 0.05025982 -0.006048381 -0.03239935 0.05025982 -0.006048381 -0.03239935 0.05025982 -0.006048381 -0.03239935 0.05025982 -0.006028175 -0.03211736 0.05044126 -0.006028175 -0.03211736 0.05044126 -0.006028175 -0.03211736 0.05044126 -0.006028175 -0.03211736 0.05044126 -0.006028175 -0.03211736 0.05044126 -0.006010651 -0.03188282 0.05068105 -0.006010651 -0.03188282 0.05068105 -0.006010651 -0.03188282 0.05068105 -0.006010651 -0.03188282 0.05068105 -0.006010651 -0.03188282 0.05068105 -0.005996644 -0.0317074 0.05096715 -0.005996644 -0.0317074 0.05096715 -0.005996644 -0.0317074 0.05096715 -0.005996644 -0.0317074 0.05096715 -0.005986988 -0.03159987 0.0512852 -0.005986988 -0.03159987 0.0512852 -0.005986988 -0.03159987 0.0512852 -0.005986988 -0.03159987 0.0512852 -0.005986988 -0.03159987 0.0512852 -0.005982041 -0.03156578 0.05161935 -0.005982041 -0.03156578 0.05161935 -0.005982041 -0.03156578 0.05161935 -0.005982041 -0.03156578 0.05161935 -0.00607115 -0.03307753 0.05310481 -0.00607115 -0.03307753 0.05310481 -0.00607115 -0.03307753 0.05310481 -0.006049215 -0.0327441 0.05307042 -0.006049215 -0.0327441 0.05307042 -0.006049215 -0.0327441 0.05307042 -0.006049215 -0.0327441 0.05307042 -0.006049215 -0.0327441 0.05307042 -0.00602889 -0.03242665 0.05296254 -0.00602889 -0.03242665 0.05296254 -0.00602889 -0.03242665 0.05296254 -0.00602889 -0.03242665 0.05296254 -0.00602889 -0.03242665 0.05296254 -0.006011247 -0.03214108 0.05278658 -0.006011247 -0.03214108 0.05278658 -0.006011247 -0.03214108 0.05278658 -0.006011247 -0.03214108 0.05278658 -0.005997121 -0.03190171 0.05255138 -0.005997121 -0.03190171 0.05255138 -0.005997121 -0.03190171 0.05255138 -0.005997121 -0.03190171 0.05255138 -0.005987286 -0.03172057 0.05226868 -0.005987286 -0.03172057 0.05226868 -0.005987286 -0.03172057 0.05226868 -0.005987286 -0.03172057 0.05226868 -0.00598216 -0.03160667 0.05195271 -0.00598216 -0.03160667 0.05195271 -0.00598216 -0.03160667 0.05195271 -0.00598216 -0.03160667 0.05195271 -0.00609368 -0.03341013 0.05306398 -0.00609368 -0.03341013 0.05306398 -0.00609368 -0.03341013 0.05306398 -0.00609368 -0.03341013 0.05306398 -0.00609368 -0.03341013 0.05306398 -0.006115615 -0.03372538 0.05295002 -0.006115615 -0.03372538 0.05295002 -0.006115615 -0.03372538 0.05295002 -0.006115615 -0.03372538 0.05295002 -0.006115615 -0.03372538 0.05295002 -0.00613588 -0.03400731 0.05276864 -0.00613588 -0.03400731 0.05276864 -0.00613588 -0.03400731 0.05276864 -0.00613588 -0.03400731 0.05276864 -0.00613588 -0.03400731 0.05276864 -0.006153404 -0.03424191 0.05252879 -0.006153404 -0.03424191 0.05252879 -0.006153404 -0.03424191 0.05252879 -0.006153404 -0.03424191 0.05252879 -0.006153404 -0.03424191 0.05252879 -0.006167411 -0.03441733 0.05224275 -0.006167411 -0.03441733 0.05224275 -0.006167411 -0.03441733 0.05224275 -0.006167411 -0.03441733 0.05224275 -0.006177067 -0.03452479 0.05192464 -0.006177067 -0.03452479 0.05192464 -0.006177067 -0.03452479 0.05192464 -0.006177067 -0.03452479 0.05192464</float_array>
          <technique_common>
            <accessor source="#Leg_A_006-mesh-positions-array" count="5346" stride="3">
              <param name="X" type="float"/>
              <param name="Y" type="float"/>
              <param name="Z" type="float"/>
            </accessor>
          </technique_common>
        </source>
        <source id="Leg_A_006-mesh-normals">
          <float_array id="Leg_A_006-mesh-normals-array" count="8514">0.00723052 -0.01011019 0.9999228 0.007225394 -0.01011061 0.9999229 0.007228255 -0.01011091 0.9999228 0.007230699 -0.0101093 0.9999228 0.00722742 -0.01011008 0.9999228 0.007226765 -0.01011055 0.9999229 0.00722742 -0.01011043 0.9999229 0.007229983 -0.01011085 0.9999228 0.007227599 -0.01011145 0.9999228 0.007230758 -0.0101121 0.9999228 0.007226109 -0.01010966 0.9999228 0.007224738 -0.01010954 0.9999229 0.007231712 -0.01011061 0.9999228 0.007226347 -0.01010465 0.9999229 0.007223069 -0.01011633 0.9999228 0.007233023 -0.01010614 0.9999228 0.007227659 -0.01011061 0.9999229 0.007227659 -0.01011079 0.9999228 0.007227599 -0.01010787 0.9999228 0.00722754 -0.01011329 0.9999228 0.007228255 -0.0101099 0.9999229 0.007227003 -0.01010864 0.9999229 0.007228672 -0.01011222 0.9999228 0.007227778 -0.01011043 0.9999228 0.007227957 -0.01011037 0.9999229 0.007228791 -0.01011043 0.9999228 0.007227718 -0.01011043 0.9999228 0.007226705 -0.01011186 0.9999228 0.007226824 -0.01011186 0.9999228 0.007228612 -0.01010918 0.9999229 0.00722754 -0.01011127 0.9999228 0.007231175 -0.01011037 0.9999228 0.007226943 -0.01011037 0.9999228 0.007227599 -0.01011037 0.9999228 0.007229328 -0.01011043 0.9999228 0.007227361 -0.01011043 0.9999229 0.007215917 -0.0101118 0.9999229 0.00721091 -0.01011359 0.9999229 0.007232546 -0.01011008 0.9999228 0.00723046 -0.0101099 0.9999228 0.007224977 -0.01011109 0.9999228 0.007227897 -0.01011049 0.9999229 0.007230758 -0.01010942 0.9999228 0.007224142 -0.01011097 0.9999229 0.007228732 -0.01011031 0.9999228 0.007227838 -0.01011037 0.9999229 0.007227241 -0.01011097 0.9999228 0.007227599 -0.01011037 0.9999228 0.007226467 -0.01011192 0.9999228 0.007227957 -0.01010954 0.9999229 0.007229149 -0.01010972 0.9999228 0.007226705 -0.01011133 0.9999228 0.007229447 -0.0101093 0.9999228 0.007227361 -0.01010984 0.9999229 0.007228434 -0.01011031 0.9999228 0.007226109 -0.01011222 0.9999228 0.007225334 -0.01010996 0.9999229 0.00723952 -0.01010888 0.9999228 0.007227718 -0.01011037 0.9999229 0.007228374 -0.01010978 0.9999228 0.007227897 -0.01011043 0.9999229 0.007226407 -0.01011073 0.9999228 0.007226884 -0.01010954 0.9999229 0.007229745 -0.01011079 0.9999228 0.007226407 -0.01011109 0.9999229 0.007225394 -0.01010864 0.9999228 0.007230699 -0.0101118 0.9999228 0.007225334 -0.0101099 0.9999229 0.007249951 -0.01011604 0.9999226 0.007226824 -0.01011091 0.9999228 0.007228136 -0.01011031 0.9999228 0.00722742 -0.01011013 0.9999229 0.007230401 -0.01011043 0.9999228 0.00721848 -0.01010984 0.9999229 0.007232844 -0.01010161 0.9999228 0.007227838 -0.01011043 0.9999228 0.007226049 -0.01010662 0.9999229 0.007228016 -0.01011055 0.9999228 0.007228314 -0.01011198 0.9999228 0.007227599 -0.01010954 0.9999229 0.007228314 -0.01011168 0.9999228 0.007226884 -0.01010775 0.9999228 0.007227897 -0.01011037 0.9999228 0.007216095 -0.01011681 0.9999228 0.007235825 -0.0101059 0.9999228 0.007225573 -0.01011204 0.9999229 0.007227063 -0.01011031 0.9999229 0.00722903 -0.01010978 0.9999228 0.00722599 -0.01011174 0.9999229 0.007227182 -0.01011085 0.9999229 0.007228851 -0.01010918 0.9999228 0.007227718 -0.01011055 0.9999228 0.007229804 -0.01010936 0.9999228 0.007227838 -0.01011043 0.9999228 0.007226943 -0.01010757 0.9999229 0.007227361 -0.01011335 0.9999228 0.00722903 -0.01010513 0.9999229 0.007227301 -0.01011425 0.9999228 0.007228076 -0.01011055 0.9999228 0.007227659 -0.01010912 0.9999228 0.007228076 -0.0101118 0.9999228 0.00722897 -0.01011133 0.9999228 0.007226347 -0.0101087 0.9999228 0.007227838 -0.01011019 0.9999229 0.007226765 -0.01011043 0.9999229 0.007228195 -0.01010918 0.9999228 0.007226884 -0.01011264 0.9999228 0.007229328 -0.01010781 0.9999229 0.007227003 -0.01011097 0.9999228 0.007227897 -0.01010721 0.9999228 0.007227838 -0.01010829 0.9999229 0.00722742 -0.01011925 0.9999228 0.007228851 -0.01006937 0.9999232 0.007227778 -0.01011055 0.9999228 0.007227301 -0.01012063 0.9999227 0.007227659 -0.01011168 0.9999228 0.007227599 -0.01011002 0.9999228 0.007231712 -0.0100798 0.9999231 0.00722742 -0.01011216 0.9999228 0.007227718 -0.01010715 0.9999228 0.007227897 -0.01011335 0.9999228 0.00722754 -0.01010996 0.9999229 0.007228136 -0.01010686 0.9999229 0.007227718 -0.01011043 0.9999229 0.007224857 -0.01010721 0.9999229 0.00723052 -0.01011377 0.9999228 0.007228016 -0.01011139 0.9999228 0.007225871 -0.01010775 0.9999228 0.007228612 -0.01011139 0.9999228 0.007227599 -0.01011013 0.9999229 0.007226526 -0.01011031 0.9999229 0.007227301 -0.01010918 0.9999228 0.007230699 -0.01011216 0.9999228 0.007221937 -0.01010727 0.9999229 0.00722754 -0.01011037 0.9999229 0.007228136 -0.01010888 0.9999228 0.007228434 -0.01011073 0.9999228 0.007228791 -0.01010805 0.9999228 0.007227301 -0.01011121 0.9999228 0.007227838 -0.0101099 0.9999229 0.00722742 -0.01011049 0.9999229 0.007227778 -0.01011043 0.9999228 0.007221519 -0.01011121 0.9999229 0.007223844 -0.01011019 0.9999228 0.007226884 -0.01011049 0.9999229 0.007227838 -0.01011329 0.9999228 0.007228314 -0.01011162 0.9999228 0.007227957 -0.01010984 0.9999229 0.007228374 -0.01010942 0.9999229 0.007227659 -0.01011139 0.9999228 0.007227897 -0.01010936 0.9999228 0.007227659 -0.01011008 0.9999229 0.007227659 -0.01011073 0.9999228 0.007227778 -0.01011055 0.9999229 0.007227599 -0.01011228 0.9999228 0.007228136 -0.0101087 0.9999228 0.007227897 -0.01011043 0.9999229 0.007228016 -0.01010584 0.9999229 0.007226884 -0.01011288 0.9999228 0.007228136 -0.01011031 0.9999228 0.007227718 -0.01011055 0.9999228 0.007228255 -0.0101087 0.9999229 0.00722742 -0.01011085 0.9999229 0.007227838 -0.01011294 0.9999228 0.007227659 -0.01010972 0.9999229 0.007227957 -0.01010942 0.9999228 0.007227599 -0.01011139 0.9999228 0.007227957 -0.01010942 0.9999229 0.007228136 -0.01010954 0.9999229 0.007227361 -0.01011234 0.9999228 0.007227659 -0.01010948 0.9999228 0.007227659 -0.01010966 0.9999228 0.007228434 -0.01010721 0.9999229 0.00722748 -0.01011353 0.9999228 0.007227838 -0.01010996 0.9999228 0.007227838 -0.01011037 0.9999228 -0.007238209 0.01010853 -0.9999228 -0.00721693 0.01011115 -0.9999229 -0.007226228 0.01011306 -0.9999228 -0.007230579 0.01011055 -0.9999228 -0.007227599 0.01010757 -0.9999229 -0.007222652 0.01011228 -0.9999229 -0.007230877 0.01011055 -0.9999228 -0.007230699 0.01011055 -0.9999228 -0.007225871 0.01011025 -0.9999229 -0.007227599 0.01011413 -0.9999228 -0.007221758 0.01010924 -0.9999228 -0.007222235 0.01010876 -0.9999228 -0.007229745 0.01011055 -0.9999228 -0.007229924 0.01011037 -0.9999228 -0.007227778 0.01011031 -0.9999228 -0.007227838 0.01010984 -0.9999228 -0.007228434 0.01011192 -0.9999228 -0.007225811 0.01010626 -0.9999228 -0.007230877 0.010118 -0.9999228 -0.007226526 0.01011091 -0.9999228 -0.007226943 0.01011055 -0.9999228 -0.007229626 0.01011013 -0.9999228 -0.007230699 0.01011013 -0.9999228 -0.007223606 0.01011079 -0.9999229 -0.007232189 0.01011025 -0.9999228 -0.007215261 0.01011145 -0.9999229 -0.007229506 0.01011025 -0.9999228 -0.00722903 0.01011031 -0.9999228 -0.00722754 0.01011043 -0.9999229 -0.007226288 0.01011025 -0.9999229 -0.007225573 0.01011478 -0.9999228 -0.007227897 0.01011002 -0.9999229 -0.007229328 0.01010966 -0.9999228 -0.007227957 0.01010847 -0.9999228 -0.007227778 0.01011043 -0.9999229 -0.007225811 0.01011031 -0.9999228 -0.007227897 0.01011043 -0.9999228 -0.007228374 0.01011031 -0.9999228 -0.007178902 0.0101149 -0.9999231 -0.007229387 0.01011073 -0.9999228 -0.007226407 0.01011073 -0.9999229 -0.007237851 0.01010924 -0.9999228 -0.007215142 0.01011174 -0.9999229 -0.007234632 0.01010996 -0.9999228 -0.007226884 0.01011055 -0.9999229 -0.007211804 0.01011073 -0.9999229 -0.007235705 0.01011031 -0.9999228 -0.007228732 0.01011031 -0.9999228 -0.007224619 0.01011043 -0.9999228 -0.007227003 0.01011043 -0.9999228 -0.007231056 0.01011043 -0.9999228 -0.007225155 0.01011031 -0.9999228 -0.007227838 0.01011043 -0.9999229 -0.007228434 0.01011043 -0.9999228 -0.00722301 0.01011013 -0.9999228 -0.007238209 0.01011025 -0.9999227 -0.007225692 0.01011049 -0.9999229 -0.007234275 0.01011025 -0.9999228 -0.007155716 0.0101118 -0.9999233 -0.007220387 0.01011037 -0.9999229 -0.007226228 0.01011037 -0.9999229 -0.007233083 0.01011043 -0.9999228 -0.007229924 0.01011031 -0.9999228 -0.007220566 0.01011013 -0.9999229 -0.007227957 0.01011043 -0.9999228 -0.007229864 0.01011079 -0.9999228 -0.007227778 0.01011037 -0.9999229 -0.007228016 0.01011216 -0.9999228 -0.00722748 0.01010793 -0.9999228 -0.007229208 0.01011437 -0.9999228 -0.007225215 0.01010406 -0.9999229 -0.007227897 0.01011186 -0.9999228 -0.007229745 0.01011508 -0.9999228 -0.00722593 0.01010608 -0.9999229 -0.007227659 0.01011025 -0.9999229 -0.00716263 0.01016032 -0.9999228 -0.007227361 0.01011067 -0.9999228 -0.007227957 0.01011049 -0.9999228 -0.007226586 0.01011437 -0.9999228 -0.007235109 0.01008605 -0.9999231 -0.007227241 0.01011073 -0.9999228 -0.007232069 0.0101062 -0.9999228 -0.007223665 0.01011514 -0.9999228 -0.007228434 0.01010942 -0.9999228 -0.007229149 0.01010918 -0.9999228 -0.007225155 0.0101118 -0.9999229 -0.007229864 0.01010918 -0.9999228 -0.007225632 0.01011216 -0.9999228 -0.007222712 0.01011317 -0.9999228 -0.007238566 0.01010543 -0.9999228 -0.007228791 0.01010495 -0.9999229 -0.007228076 0.01010966 -0.9999228 -0.007228612 0.0101093 -0.9999228 -0.007228016 0.01010954 -0.9999228 -0.007223546 0.0101152 -0.9999228 -0.007231652 0.01010686 -0.9999228 -0.007227599 0.01011043 -0.9999229 -0.00722903 0.01011157 -0.9999228 -0.007229268 0.01011347 -0.9999228 -0.007225453 0.01010483 -0.9999229 -0.007228612 0.01011317 -0.9999228 -0.007228255 0.01011139 -0.9999228 -0.007227778 0.01010811 -0.9999229 -0.007228612 0.01007872 -0.9999232 -0.007227122 0.01012498 -0.9999227 -0.007228374 0.01010811 -0.9999229 -0.007227599 0.0101127 -0.9999228 -0.00722754 0.0101149 -0.9999228 -0.00722754 0.01011848 -0.9999228 -0.007227957 0.01009678 -0.9999229 -0.00723654 0.01011961 -0.9999227 -0.007227241 0.01010805 -0.9999229 -0.007228732 0.01011317 -0.9999228 -0.007230401 0.01011228 -0.9999228 -0.007222414 0.0101034 -0.9999229 -0.007229626 0.01011383 -0.9999228 -0.007228553 0.01010972 -0.9999228 -0.007224202 0.01010572 -0.9999229 -0.007230043 0.01011437 -0.9999228 -0.007229924 0.01011615 -0.9999228 -0.007228076 0.01011079 -0.9999228 -0.007224559 0.01007086 -0.9999232 -0.007228076 0.01011663 -0.9999227 -0.007228076 0.0101155 -0.9999228 -0.007227718 0.01010233 -0.9999229 -0.00722742 0.01011484 -0.9999228 -0.007232129 0.0100845 -0.9999231 -0.007212042 0.0101068 -0.999923 -0.007235348 0.01011186 -0.9999228 -0.007234156 0.01011168 -0.9999228 -0.007219493 0.01010864 -0.9999229 -0.007229268 0.01011061 -0.9999228 -0.007231235 0.01011103 -0.9999228 -0.007219552 0.01010888 -0.9999229 -0.007249891 0.01012742 -0.9999225 -0.007227838 0.01011037 -0.9999228 -0.00722438 0.01011598 -0.9999228 -0.007227659 0.01011073 -0.9999228 -0.007227957 0.01010876 -0.9999228 -0.007227718 0.01011341 -0.9999228 -0.007230103 0.01010751 -0.9999229 -0.007227718 0.0101099 -0.9999228 -0.007225811 0.01011264 -0.9999228 -0.007227897 0.01011043 -0.9999229 -0.007224202 0.01011055 -0.9999229 -0.007232785 0.01011061 -0.9999228 -0.007188618 0.01010769 -0.9999231 -0.007228195 0.01011049 -0.9999228 -0.007175803 0.01010733 -0.9999232 -0.007229745 0.01011055 -0.9999228 -0.007227838 0.01011055 -0.9999228 -0.007228016 0.01011031 -0.9999229 -0.007228136 0.01011508 -0.9999228 -0.007228076 0.01010692 -0.9999228 -0.00722748 0.01011282 -0.9999228 -0.007227957 0.01010847 -0.9999228 -0.007227778 0.01010626 -0.9999228 -0.007227241 0.01011359 -0.9999228 -0.007227003 0.01011222 -0.9999228 -0.007228076 0.01010733 -0.9999228 -0.00722748 0.01011329 -0.9999228 -0.007228791 0.01010704 -0.9999229 -0.007227778 0.0101121 -0.9999228 -0.007227718 0.01011043 -0.9999228 -0.007227957 0.01010936 -0.9999229 -0.007223844 0.01011091 -0.9999228 -0.007224619 0.01011103 -0.9999229 -0.007227063 0.01011115 -0.9999228 -0.007231771 0.01010996 -0.9999228 -0.00724852 0.01010942 -0.9999227 -0.007226765 0.01011949 -0.9999227 -0.007227957 0.01011061 -0.9999228 -0.007227182 0.01011246 -0.9999228 -0.007228374 0.01010906 -0.9999228 -0.007228016 0.01011127 -0.9999228 -0.007228434 0.01010763 -0.9999229 -0.007227182 0.01011204 -0.9999228 -0.007227063 0.01011484 -0.9999228 -0.007229089 0.01010656 -0.9999228 -0.007229268 0.01010656 -0.9999228 -0.007227301 0.01011347 -0.9999228 -0.007227897 0.01010751 -0.9999229 -0.007228016 0.01010751 -0.9999229 -0.007227063 0.01011759 -0.9999227 -0.007228136 0.01010876 -0.9999229 -0.007227241 0.01011276 -0.9999228 -0.007232904 0.01005733 -0.9999234 -0.007227897 0.01010781 -0.9999228 -0.007227599 0.01010823 -0.9999228 -0.00724399 0.01011657 -0.9999226 -0.007223904 0.01010549 -0.9999229 -0.007229566 0.01011145 -0.9999228 -0.007242023 0.01011615 -0.9999227 -0.00722593 0.01010984 -0.9999229 -0.9840151 0.1778623 0.008910119 -0.9197357 0.3923947 0.01061469 -0.9197437 0.3923763 0.01061517 -0.8093531 0.5872043 0.01178747 -0.8093755 0.5871732 0.01178991 -0.6584057 0.7525618 0.01237046 -0.6583877 0.7525774 0.01236903 -0.4744036 0.8802212 0.01233011 -0.4743703 0.8802391 0.01232737 -0.2666531 0.963722 0.01167005 -0.2666333 0.9637274 0.01166856 -0.04546964 0.9989113 0.01042568 -0.04551517 0.9989093 0.01042926 -0.9840158 0.1778581 0.008910119 -0.9989385 -0.04556578 0.006758809 -0.9989384 -0.04556739 0.006758868 -0.9637598 -0.2667376 0.004268705 -0.9637668 -0.2667124 0.00426805 -0.8802958 -0.4744226 0.001564323 -0.880286 -0.4744411 0.001564919 -0.7526276 -0.6584453 -0.001218199 -0.7526326 -0.6584396 -0.001218199 -0.5872863 -0.8093697 -0.003939211 -0.5872443 -0.8094002 -0.003936231 -0.3924254 -0.9197612 -0.006460726 -0.3924677 -0.9197431 -0.006463348 -0.1779276 -0.9840055 -0.008663594 -0.1779493 -0.9840016 -0.008664846 0.9840162 -0.1778562 -0.008909702 0.9197401 -0.3923843 -0.01061397 0.9197397 -0.3923854 -0.01061403 0.8093788 -0.5871688 -0.01178574 0.8093368 -0.5872266 -0.01179027 0.6583729 -0.7525903 -0.01237064 0.6584307 -0.7525399 -0.01236546 0.4743846 -0.8802314 -0.01232594 0.4743704 -0.8802391 -0.01232737 0.2666474 -0.9637235 -0.01166999 0.2666344 -0.9637272 -0.01167118 0.04548954 -0.9989105 -0.01042759 0.04544717 -0.9989124 -0.01043021 0.9840154 -0.1778603 -0.008910119 0.9989385 0.04556703 -0.006758809 0.9989382 0.04557383 -0.006758689 0.9637643 0.266721 -0.004268288 0.9637786 0.2666698 -0.004272937 0.8802901 0.4744331 -0.001568436 0.8802615 0.4744865 -0.001564204 0.7526378 0.6584337 0.00121814 0.7526684 0.6583988 0.001214444 0.5872606 0.8093883 0.003937304 0.5872592 0.8093894 0.003937125 0.3924674 0.9197432 0.006461799 0.392425 0.9197614 0.006465196 0.1779496 0.9840015 0.008664965 0.1779699 0.9839978 0.008663058 -0.1779708 -0.9839977 -0.008665919 -0.3924853 -0.9197356 -0.006465911 -0.3924465 -0.9197522 -0.006463587 -0.5872748 -0.8093782 -0.003939509 -0.5872465 -0.8093986 -0.003937482 -0.7526296 -0.6584432 -0.001216411 -0.7526486 -0.6584213 -0.001217782 -0.880284 -0.4744448 0.0015648 -0.8802887 -0.4744358 0.001564145 -0.9637632 -0.266725 0.004267871 -0.9637614 -0.2667318 0.004268348 -0.9989412 -0.04550582 0.006759405 -0.9989383 -0.04557001 0.006762981 -0.1778942 -0.9840115 -0.008661687 0.04551148 -0.9989095 -0.01042789 0.04549211 -0.9989103 -0.01042896 0.2666483 -0.9637233 -0.01167154 0.2666118 -0.9637334 -0.01167386 0.4743693 -0.8802397 -0.01233202 0.4744123 -0.8802165 -0.01232874 0.658401 -0.7525658 -0.01236778 0.6583874 -0.7525778 -0.01236885 0.8093397 -0.5872228 -0.01178771 0.8093469 -0.5872128 -0.01178669 0.919759 -0.3923403 -0.01061433 0.9197592 -0.39234 -0.01061433 0.9840151 -0.1778622 -0.008910059 0.9840145 -0.1778652 -0.008910357 0.1779693 0.983998 0.008661448 0.3924444 0.919753 0.006462216 0.3924255 0.9197611 0.006463706 0.5872749 0.8093782 0.003939509 0.5872601 0.8093887 0.003940939 0.752638 0.6584336 0.001219093 0.752678 0.6583877 0.001214206 0.8802791 0.4744537 -0.001568198 0.880263 0.4744835 -0.001565694 0.963765 0.2667189 -0.004269242 0.9637771 0.2666749 -0.004272997 0.9989413 0.04550582 -0.006763577 0.9989383 0.04556959 -0.00675863 0.1779051 0.9840095 0.008666813 -0.04551428 0.9989092 0.01043206 -0.04547005 0.9989113 0.01042878 -0.2666311 0.9637281 0.01167136 -0.2666106 0.9637337 0.01166999 -0.474396 0.8802254 0.01232707 -0.4744303 0.8802068 0.01233005 -0.6583855 0.7525793 0.01236897 -0.6583745 0.752589 0.01236778 -0.8093553 0.5872012 0.01178693 -0.8093544 0.5872024 0.01178675 -0.919737 0.3923919 0.01061475 -0.9197586 0.3923408 0.01061809 -0.9840158 0.1778581 0.008913993 -0.9840146 0.1778652 0.008913636 -0.9840161 0.1778563 0.00891 -0.9197376 0.3923904 0.01061463 -0.9197588 0.3923405 0.01061815 -0.8093742 0.587175 0.01178991 -0.8093476 0.5872117 0.01178687 -0.6583876 0.7525775 0.0123679 -0.6584115 0.7525566 0.0123701 -0.4744033 0.8802213 0.01233142 -0.4743706 0.8802389 0.01232874 -0.2666317 0.9637278 0.01167148 -0.2666277 0.9637289 0.01167112 -0.04546999 0.9989114 0.01042753 -0.04551237 0.9989094 0.01043063 -0.9840173 0.1778502 0.008910238 -0.9989385 -0.04556536 0.00675863 -0.9989383 -0.04557055 0.006758749 -0.9637777 -0.2666727 0.004269003 -0.9637786 -0.2666699 0.004268586 -0.8802951 -0.4744239 0.001564264 -0.8802574 -0.4744942 0.001568436 -0.7526389 -0.6584326 -0.001213967 -0.752657 -0.6584118 -0.001215636 -0.5872458 -0.8093993 -0.003938674 -0.5872145 -0.8094218 -0.003936588 -0.3924244 -0.9197616 -0.006460666 -0.392487 -0.9197349 -0.006464481 -0.1779708 -0.9839977 -0.008664727 -0.1779263 -0.9840057 -0.008662104 0.9840052 -0.1779169 -0.008914649 0.9197388 -0.3923875 -0.01061838 0.9197639 -0.3923287 -0.01061433 0.8093448 -0.5872156 -0.01178675 0.8093332 -0.5872316 -0.01178878 0.6584132 -0.7525552 -0.01237004 0.6584158 -0.7525528 -0.01237046 0.4744037 -0.880221 -0.01233065 0.4744311 -0.8802064 -0.01232874 0.2666323 -0.9637278 -0.01167142 0.2666112 -0.9637335 -0.01167279 0.04544728 -0.9989123 -0.01043015 0.04549217 -0.9989103 -0.01042753 0.9840129 -0.1778745 -0.008910715 0.9989385 0.04556745 -0.006758689 0.9989382 0.04557394 -0.006758749 0.9637649 0.2667193 -0.00426799 0.9637802 0.2666641 -0.004273116 0.8802847 0.4744432 -0.001568377 0.8802626 0.4744845 -0.001564979 0.7526369 0.6584347 0.001217007 0.7526423 0.6584284 0.001217067 0.5872589 0.8093897 0.003938376 0.5872731 0.8093794 0.003937065 0.3924471 0.9197519 0.006461977 0.3924236 0.919762 0.006463766 0.1779724 0.9839974 0.008663237 0.1779495 0.9840015 0.008664846 -0.1779507 -0.9840013 -0.008664011 -0.3924633 -0.919745 -0.006463229 -0.3924664 -0.9197436 -0.006463348 -0.5872312 -0.8094098 -0.003939986 -0.5872437 -0.8094007 -0.003941237 -0.7526683 -0.6583989 -0.001218497 -0.7526284 -0.6584446 -0.001215159 -0.8802633 -0.474483 0.001567959 -0.8802838 -0.4744449 0.001565456 -0.9637827 -0.2666549 0.004269599 -0.9637661 -0.2667149 0.004272878 -0.9989382 -0.0455712 0.006762862 -0.9989384 -0.04556852 0.006762742 -0.1779265 -0.9840057 -0.008662819 0.04548937 -0.9989104 -0.01042926 0.04549217 -0.9989103 -0.0104289 0.2666289 -0.9637286 -0.0116716 0.2666496 -0.963723 -0.01167023 0.4743852 -0.880231 -0.01232737 0.4743596 -0.8802449 -0.01232922 0.6583746 -0.7525889 -0.01236939 0.6584049 -0.7525624 -0.01236665 0.809347 -0.5872126 -0.01178598 0.8093393 -0.5872232 -0.01178675 0.9197624 -0.392332 -0.01061421 0.9197655 -0.3923248 -0.01061367 0.984016 -0.1778574 -0.008909761 0.9840145 -0.1778654 -0.008910357 0.1779708 0.9839977 0.008662402 0.3924466 0.9197522 0.006461799 0.3924244 0.9197616 0.006463766 0.5872466 0.8093985 0.003939926 0.5872602 0.8093887 0.003938615 0.7526283 0.6584446 0.001217365 0.7526599 0.6584085 0.00121361 0.8802942 0.4744258 -0.00156933 0.8802632 0.4744833 -0.001564025 0.9637649 0.266719 -0.004268407 0.9637823 0.2666561 -0.004273593 0.9989411 0.04550796 -0.006763577 0.9989383 0.04557049 -0.006758689 0.1779399 0.9840032 0.008664965 -0.04551428 0.9989093 0.01043069 -0.04544782 0.9989123 0.0104255 -0.2666325 0.9637277 0.0116685 -0.2666906 0.9637116 0.01167309 -0.4743778 0.8802351 0.01233047 -0.474368 0.8802404 0.01232993 -0.6584006 0.752566 0.01236873 -0.6583626 0.7525995 0.01236557 -0.8093679 0.5871837 0.01178473 -0.8093838 0.5871618 0.01178658 -0.9197443 0.3923747 0.01061457 -0.9197435 0.3923765 0.01061451 -0.9840037 0.177925 0.008910596 -0.9840152 0.1778611 0.008914411 -0.06666809 -0.997729 -0.009605765 -0.06669765 -0.997727 -0.009606957 0.9977678 -0.06631278 -0.007879853 0.9977536 -0.06652522 -0.007886171 0.9977505 -0.06657308 -0.007886409 0.9977481 -0.06660658 -0.007888853 0.9977503 -0.06657522 -0.007885873 0.9977519 -0.06655198 -0.007881343 0.9977484 -0.06660193 -0.007893741 0.997753 -0.06653505 -0.007872879 0.9977478 -0.06660985 -0.007898807 0.9977506 -0.06657129 -0.007884323 0.9977505 -0.06657207 -0.007885098 0.007227718 -0.01011043 0.9999229 0.007227838 -0.01011049 0.9999228 0.007228732 -0.01011067 0.9999228 0.007228374 -0.01010948 0.9999228 0.007227182 -0.01011013 0.9999229 0.007227718 -0.01011008 0.9999229 0.00722742 -0.01011365 0.9999228 0.007228076 -0.01010733 0.9999229 0.007226347 -0.01011836 0.9999227 0.007228195 -0.01010727 0.9999229 0.007227778 -0.01011043 0.9999228 0.007230639 -0.01011478 0.9999227 0.007223248 -0.01010805 0.9999229 0.007230043 -0.01011204 0.9999228 0.007230222 -0.01011008 0.9999228 0.007225632 -0.01010876 0.9999229 0.007225573 -0.01011109 0.9999229 0.007230281 -0.01010978 0.9999228 0.007227659 -0.01011049 0.9999229 0.007227897 -0.01011049 0.9999228 0.8093732 -0.5871764 -0.01178717 0.9197402 -0.3923842 -0.01061588 0.9197327 -0.3924018 -0.0106163 0.9840139 -0.177869 -0.00891149 0.9840175 -0.1778488 -0.008910715 0.8093639 -0.5871894 -0.01178807 0.6584153 -0.7525533 -0.01236879 0.6584104 -0.7525576 -0.01236951 0.4743465 -0.8802519 -0.01232999 0.4743542 -0.8802479 -0.01232987 0.2666369 -0.9637264 -0.01167237 0.266667 -0.9637181 -0.01167213 0.04548925 -0.9989104 -0.01042926 0.04550045 -0.9989099 -0.01042819 -0.9977504 0.06657385 0.007885277 -0.9977504 0.06657367 0.007885336 -0.9977521 0.06655055 0.007874965 -0.9977529 0.06653696 0.007871806 -0.9977486 0.06659913 0.007892012 -0.997746 0.06663811 0.007903695 -0.9977514 0.06655949 0.007881522 -0.9977481 0.06660771 0.00788629 -0.9977509 0.06656485 0.007883131 -0.9977545 0.06651329 0.007881939 -0.9977347 0.06680709 0.007887184 -0.8802669 -0.4744766 0.001565635 -0.9637807 -0.2666624 0.004270553 -0.9637838 -0.266651 0.004270255 -0.9989386 -0.04556494 0.00676006 -0.998938 -0.045578 0.006759941 -0.8802946 -0.4744249 0.001564443 -0.752628 -0.6584449 -0.001218616 -0.752623 -0.6584508 -0.001217782 -0.5872587 -0.8093897 -0.003939807 -0.5872535 -0.8093936 -0.003939568 -0.3924611 -0.919746 -0.006463706 -0.3923944 -0.9197744 -0.006462395 -0.1778863 -0.984013 -0.008662521 -0.1779612 -0.9839994 -0.008663952 -0.06703567 -0.991932 -0.1075978 -0.06703609 -0.9919329 -0.1075881 -0.06587624 -0.9518246 -0.2994834 -0.06587344 -0.9518435 -0.2994239 -0.06218338 -0.8751755 -0.4797928 -0.06218963 -0.8751652 -0.4798109 -0.05610609 -0.7648161 -0.641801 -0.05610293 -0.7648491 -0.6417619 -0.06703537 -0.9919318 -0.1075996 -0.06703543 -0.991932 -0.1075972 -0.0658769 -0.9518454 -0.2994174 -0.06587594 -0.9518398 -0.2994355 -0.06218552 -0.8751634 -0.4798145 -0.06218558 -0.8751519 -0.4798355 -0.05610358 -0.7648164 -0.6418008 -0.05610471 -0.7648432 -0.6417689 -0.05223762 -0.6983498 -0.7138479 -0.05223739 -0.6983527 -0.7138451 -0.0522359 -0.6983512 -0.7138467 -0.0522387 -0.6983481 -0.7138496 -0.04787087 -0.6251636 -0.7790243 -0.04787021 -0.625126 -0.7790546 -0.03779417 -0.4614068 -0.8863834 -0.03779089 -0.4614161 -0.8863787 -0.02626276 -0.279949 -0.9596557 -0.02626216 -0.279942 -0.9596577 -0.01372581 -0.08773726 -0.9960491 -0.01372569 -0.08773356 -0.9960494 -0.04786926 -0.6251651 -0.7790234 -0.04786872 -0.625146 -0.7790386 -0.03779113 -0.4614001 -0.886387 -0.03779184 -0.4614089 -0.8863824 -0.02626276 -0.2799379 -0.9596589 -0.0262621 -0.2799351 -0.9596597 -0.01372587 -0.08773934 -0.996049 -0.01372563 -0.0877301 -0.9960498 -0.06664717 -0.9977305 -0.009602785 -0.06664729 -0.9977304 -0.009605526 -0.06664741 -0.9977304 -0.00960344 -0.06659173 -0.9977341 -0.009612202 -0.06664854 -0.9977303 -0.00960499 -0.06658816 -0.9977347 -0.009562969 -0.06662178 -0.9977331 -0.009507715 -0.066697 -0.9977262 -0.009706914 -0.06665033 -0.9977303 -0.009606182 -0.06664657 -0.9977304 -0.009607136 -0.06664568 -0.9977306 -0.009606957 -0.06705403 -0.9977032 -0.00960648 -0.06634789 -0.9977504 -0.00960505 -0.06676959 -0.997722 -0.00962007 -0.06663501 -0.9977312 -0.009605109 -0.06664216 -0.9977307 -0.00960952 -0.0666418 -0.9977307 -0.009609222 -0.06664812 -0.9977305 -0.009596288 -0.06664788 -0.9977304 -0.00960505 -0.06664866 -0.9977303 -0.009608268 -0.9977489 0.06659311 0.007914066 -0.9977508 0.06657284 0.007841765 -0.9977504 0.06657207 0.007910251 -0.9977508 0.06657135 0.007849931 -0.9977501 0.06657385 0.007921278 -0.9977511 0.06656968 0.007840394 -0.9977505 0.06657189 0.007877409 -0.9977501 0.06657433 0.007911682 -0.9977518 0.06656187 0.007816314 -0.997747 0.06660354 0.008066892 -0.9977504 0.06657314 0.007887125 -0.997752 0.06657689 0.007651209 -0.9977505 0.06657356 0.007885336 -0.9977485 0.06659591 0.007938563 -0.9977516 0.0665583 0.007857739 -0.9977505 0.06657272 0.007881939 -0.9977505 0.06657266 0.007887601 -0.9977504 0.06657296 0.007885098 -0.9977537 0.06657952 0.007400691 -0.997749 0.06656843 0.008110165 -0.9977506 0.06657171 0.007870912 -0.9977504 0.0665729 0.007886409 -0.9977486 0.06660294 0.007877409 -0.9977523 0.06654489 0.007898271 -0.9977493 0.06659007 0.007880866 -0.9977509 0.06656599 0.007889866 -0.9977503 0.06657558 0.007886946 -0.9977498 0.06658589 0.007858753 -0.9977502 0.06657493 0.007892549 -0.9977503 0.06657326 0.007894635 -0.9977502 0.06657338 0.00791198 -0.997751 0.06655836 0.007932722 -0.9977512 0.06656366 0.007864296 -0.9977508 0.06656217 0.00792098 -0.9977501 0.06658238 0.007854998 -0.9977514 0.06655561 0.007920622 -0.9977502 0.06658029 0.007849097 -0.9977503 0.06657856 0.007866919 -0.9977507 0.06656664 0.007912516 -0.9977506 0.06656622 0.007929623 -0.9977509 0.06657451 0.007818043 -0.9977515 0.06658703 0.007624566 -0.9977504 0.0665726 0.007887184 -0.9977505 0.06657207 0.007883667 -0.99775 0.06657791 0.007895231 -0.9977517 0.06655699 0.007857143 -0.9977495 0.06658434 0.007904767 -0.9977505 0.06657183 0.007884442 -0.9977499 0.06657195 0.007960379 -0.9977504 0.06657433 0.007875442 -0.997751 0.06657063 0.007833182 -0.9977499 0.06657546 0.007933557 -0.9977509 0.06657528 0.007805049 -0.9977495 0.06655108 0.008186876 -0.9977504 0.06657296 0.00788784 -0.9977504 0.06657445 0.007885217 -0.9977504 0.06657296 0.007884263 -0.9977519 0.06654566 0.00792545 -0.9977514 0.06655448 0.007915914 -0.9977505 0.06657385 0.007880449 -0.9977489 0.06657713 0.008045971 -0.99775 0.06657129 0.007958471 -0.9977511 0.06657212 0.007811844 -0.9977502 0.06657481 0.007898688 -0.9977505 0.06657409 0.007872283 -0.9977501 0.06657558 0.007911503 -0.9977499 0.06657713 0.007921338 -0.9977511 0.06656706 0.007855355 -0.9977502 0.06657433 0.007904946 -0.9977505 0.06657212 0.007885754 -0.9977504 0.0665729 0.007884204 -0.9977493 0.06656503 0.008091092 -0.9977509 0.06657654 0.007800281 -0.9977503 0.06657224 0.00791037 -0.9977503 0.06657195 0.007916033 -0.9977505 0.0665729 0.00787121 -0.9977487 0.06658864 0.007972896 -0.9977504 0.06657242 0.00788933 -0.9977498 0.06657856 0.007921397 -0.9977511 0.06656557 0.007864952 -0.9977503 0.06657457 0.007885575 -0.9977504 0.06657314 0.007889449 -0.9977515 0.06655746 0.007871568 -0.9977512 0.06656324 0.007881164 -0.9977483 0.06660342 0.007902085 -0.9977516 0.06655538 0.007881343 -0.9977504 0.06657338 0.007886767 -0.9977505 0.06657356 0.007880866 -0.9977493 0.06658953 0.007891654 -0.9977486 0.06656771 0.00815767 -0.997779 0.06610345 0.008224964 -0.9977443 0.06667321 0.007821559 -0.9977526 0.06653696 0.007916212 -0.9977487 0.06660223 0.007858812 -0.9977518 0.06654959 0.007905602 -0.9977501 0.06657874 0.007881999 -0.9977508 0.06656587 0.007898986 -0.9977489 0.06660127 0.007849454 -0.9977523 0.06653892 0.007937908 -0.997749 0.06659847 0.007845461 -0.9977505 0.06657201 0.007890164 -0.9977504 0.06657344 0.007880866 -0.9977514 0.06656903 0.0078094 -0.9977499 0.06657916 0.00790435 -0.9977514 0.06656432 0.007826983 -0.9977501 0.06657868 0.007884562 -0.9977483 0.06657069 0.008173823 -0.9977537 0.06657767 0.007423698 -0.9977508 0.06657642 0.007818162 -0.9977496 0.06657063 0.008008182 -0.9977502 0.06657195 0.00792247 -0.9977503 0.06657284 0.007908523 -0.9977508 0.06657332 0.007833838 -0.9977509 0.06657421 0.007820963 -0.9977506 0.06657308 0.007862687 -0.9977502 0.0665695 0.007950305 -0.9977505 0.0665695 0.007915794 -0.9977508 0.06657356 0.007838189 -0.9977506 0.0665735 0.007856488 -0.9977506 0.06657302 0.007862269 -0.9977503 0.06657254 0.007911324 -0.9977503 0.06657212 0.007917881 -0.9977503 0.06657195 0.007911026 -0.9977503 0.06657224 0.007910072 -0.9977506 0.06657242 0.007874429 -0.9977505 0.06657344 0.007868349 -0.9977502 0.06657338 0.00791186 -0.9977502 0.06657266 0.007909655 -0.997751 0.06657367 0.007808089 -0.9977508 0.06657248 0.007834792 -0.9977499 0.06657069 0.007973372 -0.9977508 0.06657505 0.0078184 -0.9977508 0.06657463 0.007814645 -0.9977511 0.06657224 0.007806479 -0.9977504 0.06658113 0.007836163 -0.9977503 0.06656968 0.00792706 -0.9977502 0.06657326 0.007909595 -0.9977504 0.0665732 0.007894217 -0.9977507 0.06657123 0.007873833 -0.9977503 0.06657505 0.007880091 -0.9977503 0.06657242 0.007903218 -0.9977503 0.06657248 0.007909297 -0.9977507 0.06657218 0.007865548 -0.9977506 0.06657493 0.007853984 -0.9977501 0.06657385 0.007919073 -0.9977502 0.06657171 0.007921397 -0.9977508 0.06657415 0.007836639 -0.9977508 0.06657296 0.007844209 -0.9977501 0.0665704 0.007954835 -0.99775 0.06657397 0.007938683 -0.9977511 0.06657344 0.007801651 -0.9977506 0.06657701 0.00783205 -0.9977504 0.06656873 0.00793296 -0.9977502 0.06657087 0.0079391 -0.9977495 0.06657272 0.008003652 -0.9977508 0.06657487 0.007814645 -0.9977539 0.06657379 0.007430911 -0.9977489 0.06656938 0.008120357 -0.04201555 -0.7126477 0.7002629 -0.04201674 -0.7126511 0.7002592 0.9977504 -0.06657344 -0.007884144 0.9977521 -0.06656092 -0.007787525 0.9977508 -0.06657189 -0.007846832 0.9977493 -0.06658065 -0.007960915 0.9977509 -0.06657105 -0.007843017 0.9977504 -0.06657344 -0.007889986 0.997751 -0.06657183 -0.007821083 0.9977501 -0.06657326 -0.007919669 0.9977505 -0.06657278 -0.007867932 0.9977503 -0.06657367 -0.007892072 0.9977502 -0.06657415 -0.007911205 0.9977505 -0.06657201 -0.007885873 0.9977505 -0.06657242 -0.007881879 -0.06561678 -0.9939169 0.08845281 -0.06562072 -0.9939226 0.08838427 -0.061679 -0.9576924 0.281107 -0.06167906 -0.9577025 0.2810724 -0.05537194 -0.8846981 0.4628642 -0.05537182 -0.8847045 0.462852 -0.04693275 -0.7776467 0.6269473 -0.04693508 -0.7776823 0.626903 0.00722599 -0.01011049 0.9999228 0.007256448 -0.01011031 0.9999226 0.007223248 -0.01011061 0.9999228 0.007218956 -0.01011121 0.9999228 0.007236599 -0.0101096 0.9999228 0.007225573 -0.01011061 0.9999228 0.007230639 -0.01011049 0.9999228 0.007226407 -0.01011049 0.9999229 0.007217586 -0.01011079 0.9999229 0.007236659 -0.01010829 0.9999228 0.007230103 -0.0101124 0.9999228 0.007220327 -0.01011043 0.9999229 0.00724709 -0.01010924 0.9999227 0.007216751 -0.01011073 0.9999229 0.007222056 -0.01011157 0.9999228 0.00722444 -0.01011091 0.9999229 0.007227301 -0.01010918 0.9999228 0.007257342 -0.01010864 0.9999226 0.007201492 -0.01011526 0.9999229 0.007237136 -0.01011192 0.9999227 0.007230997 -0.01011133 0.9999228 0.007194459 -0.0101121 0.9999231 0.007237017 -0.01010572 0.9999228 0.007194638 -0.01009947 0.9999232 0.007573008 -0.01004374 0.9999209 0.007227957 -0.01011049 0.9999228 0.007128596 -0.0102446 0.9999222 0.007298707 -0.009993612 0.9999235 0.0072847 -0.01009088 0.9999226 0.007214844 -0.010136 0.9999227 0.007194876 -0.01013571 0.9999228 0.007222592 -0.01012653 0.9999227 0.007227301 -0.01010763 0.9999229 0.007227361 -0.01011323 0.9999228 0.007236599 -0.01012009 0.9999226 0.00722438 -0.01009798 0.9999229 0.007227361 -0.01010841 0.9999228 0.007225334 -0.01009589 0.9999229 0.007229447 -0.01012229 0.9999227 0.007220983 -0.01009726 0.999923 0.007234871 -0.0101149 0.9999227 0.007225513 -0.0101096 0.9999229 0.007227122 -0.01010942 0.9999228 0.007235109 -0.01011025 0.9999228 0.007232129 -0.01011013 0.9999228 0.007208645 -0.0101124 0.999923 0.007183253 -0.01011186 0.9999232 0.007384479 -0.01010262 0.9999217 0.007224977 -0.01011043 0.9999229 0.007230162 -0.0101099 0.9999228 0.007222056 -0.0101093 0.9999229 0.007220804 -0.01012581 0.9999228 0.007237017 -0.01008892 0.999923 0.007232666 -0.01010423 0.9999228 0.007226049 -0.01011443 0.9999228 0.007226467 -0.0101248 0.9999227 0.007226407 -0.01011133 0.9999229 0.007229983 -0.01011133 0.9999228 0.00723046 -0.01011037 0.9999228 0.007226228 -0.01011282 0.9999228 0.007211327 -0.01010394 0.999923 0.007229328 -0.01011115 0.9999228 0.007239639 -0.01012068 0.9999226 0.007253527 -0.01010125 0.9999227 0.007176637 -0.01010316 0.9999232 0.007525384 -0.01010692 0.9999206 0.007226467 -0.01011031 0.9999228 0.007660686 -0.009964704 0.999921 0.007133662 -0.01012009 0.9999234 0.007233202 -0.01011109 0.9999228 0.007211744 -0.01012301 0.9999228 0.00723946 -0.01010137 0.9999228 0.00721395 -0.01011258 0.9999229 0.00722599 -0.01011288 0.9999228 0.007230639 -0.01010382 0.9999228 0.007226228 -0.0101158 0.9999228 0.007226407 -0.01010727 0.9999228 0.007227361 -0.01010888 0.9999228 0.007228672 -0.01011025 0.9999228 0.007234811 -0.01010942 0.9999228 0.007185041 -0.01010322 0.9999232 0.007220506 -0.01010489 0.9999229 0.007238507 -0.01010823 0.9999228 0.007243037 -0.01010829 0.9999227 0.007222592 -0.01011031 0.9999228 0.007220745 -0.01011478 0.9999228 0.007229149 -0.01009929 0.9999229 0.007220566 -0.01011127 0.9999229 0.007231533 -0.01010686 0.9999228 0.007230281 -0.01010334 0.9999229 0.00722742 -0.01010817 0.9999228 0.007243692 -0.01003152 0.9999235 -0.03669309 -0.6407557 0.7668676 -0.03669416 -0.6407741 0.766852 -0.02504259 -0.479229 0.8773326 -0.02504247 -0.479234 0.8773299 -0.01243185 -0.299282 0.9540838 -0.01242703 -0.2992842 0.9540832 6.564e-4 -0.1078701 0.9941649 6.62219e-4 -0.1078538 0.9941666 0.9977505 -0.06657302 -0.007888197 0.9977501 -0.06657445 -0.007911026 0.9977509 -0.06657111 -0.007845401 0.9977505 -0.06657266 -0.007884263 0.99775 -0.06657463 -0.007929503 0.9977504 -0.06657296 -0.007884562 0.9977504 -0.06657296 -0.00789833 0.9977508 -0.06657308 -0.007851362 0.9977511 -0.06657379 -0.007802784 0.997749 -0.06657004 -0.008092939 0.9977506 -0.06657415 -0.007852911 0.9977504 -0.06657242 -0.007887363 0.9977505 -0.06657224 -0.00788778 0.06664717 0.9977304 0.009608089 0.06664729 0.9977304 0.009608447 -0.6583878 0.7525774 0.01236826 -0.6583881 0.7525771 0.01236885 -0.6151667 0.7882995 0.01241672 -0.6151692 0.7882974 0.01241666 -0.5230063 0.8522388 0.01239693 -0.5229912 0.852248 0.01239919 -0.4242957 0.9054412 0.01222324 -0.424323 0.9054285 0.01222044 -0.3202723 0.947251 0.01189106 -0.3202494 0.9472587 0.01189363 -0.2121531 0.9771698 0.01141446 -0.2121481 0.977171 0.01141488 -0.1014099 0.9947862 0.01079285 -0.1014234 0.9947849 0.01079159 0.01059061 0.9998936 0.0100333 0.01060551 0.9998935 0.01003521 0.7526432 0.6584277 0.001218914 0.7526417 0.6584293 0.001214981 0.1225142 0.9924246 0.009151458 0.122493 0.9924272 0.009148836 0.2328227 0.9724851 0.008149564 0.2328359 0.9724819 0.008150815 0.3402374 0.9403132 0.007048904 0.3402382 0.9403129 0.007048845 0.4434038 0.8963029 0.005858361 0.4433919 0.8963087 0.00585711 0.5409734 0.8410273 0.004593133 0.5409904 0.8410162 0.004595279 0.6317331 0.775179 0.003273308 0.6316953 0.7752099 0.003269016 0.7145431 0.6995888 0.00190556 0.7145716 0.6995598 0.001909792 0.06664824 0.9977304 0.009607017 0.06664812 0.9977303 0.009606361 -0.007196724 0.01010751 -0.9999231 -0.00727123 0.01011103 -0.9999225 -0.007220149 0.01011031 -0.9999228 -0.0072335 0.01011121 -0.9999228 -0.007221043 0.01016116 -0.9999223 -0.007193803 0.01011031 -0.9999231 -0.007230818 0.01010805 -0.9999228 -0.007225215 0.01010197 -0.9999229 -0.007230877 0.01010012 -0.9999229 -0.007235467 0.01009118 -0.9999229 -0.007255852 0.01009523 -0.9999228 -0.007222592 0.010104 -0.9999229 -0.007204353 0.01010704 -0.999923 -0.007237792 0.01010721 -0.9999228 -0.007229268 0.01011043 -0.9999228 -0.007219552 0.01011037 -0.9999229 -0.007218658 0.01012122 -0.9999228 -0.007183134 0.01009976 -0.9999233 -0.007228255 0.01011228 -0.9999228 -0.007247209 0.01011538 -0.9999226 -0.007236242 0.01011377 -0.9999228 -0.007219433 0.01010143 -0.999923 -0.007229685 0.0101161 -0.9999228 -0.007234454 0.01011031 -0.9999228 -0.007223904 0.01011049 -0.9999229 -0.007229983 0.0101093 -0.9999228 -0.007235944 0.01010233 -0.9999229 -0.007215797 0.01011836 -0.9999228 -0.007246255 0.01010376 -0.9999227 -0.007228016 0.01010793 -0.9999229 -0.007222294 0.01010614 -0.9999229 -0.007231056 0.01013988 -0.9999225 -0.007227957 0.01011252 -0.9999228 -0.007213592 0.01012289 -0.9999228 -0.007228434 0.01017844 -0.9999222 -0.007229506 0.01010346 -0.9999228 -0.007181942 0.01009863 -0.9999232 -0.007249295 0.01012903 -0.9999225 -0.007186233 0.01001405 -0.9999241 -0.007675647 0.01051044 -0.9999154 -0.007377445 0.0100336 -0.9999225 -0.007249712 0.01013851 -0.9999224 -0.007260084 0.01010429 -0.9999227 -0.00723356 0.01014995 -0.9999223 -0.007226586 0.01010906 -0.9999228 -0.007211029 0.01012021 -0.9999228 -0.007227003 0.0101096 -0.9999228 -0.00718975 0.01010811 -0.9999232 -0.007279813 0.0101037 -0.9999225 -0.007217109 0.0101124 -0.9999229 -0.007222414 0.010109 -0.9999229 -0.007248997 0.01011109 -0.9999226 -0.00721842 0.01011067 -0.9999229 -0.007231712 0.01011067 -0.9999228 -0.007228016 0.01011025 -0.9999228 -0.007484614 0.009862482 -0.9999234 -0.007111132 0.01017379 -0.9999231 -0.007302582 0.01008766 -0.9999225 -0.007190823 0.01012265 -0.999923 -0.007230222 0.01009875 -0.9999229 -0.007221221 0.01011562 -0.9999228 -0.007227718 0.01011008 -0.9999228 -0.007212042 0.01011395 -0.9999229 -0.007229924 0.01011377 -0.9999228 -0.007233083 0.01010489 -0.9999229 -0.007226586 0.01011019 -0.9999229 -0.00722754 0.01011019 -0.9999228 -0.007229149 0.01011168 -0.9999228 -0.007215142 0.0101251 -0.9999228 -0.007251977 0.01006495 -0.9999231 -0.007198452 0.01011973 -0.9999229 -0.007227957 0.010109 -0.9999228 -0.007238447 0.01010322 -0.9999228 -0.007234513 0.01010882 -0.9999228 -0.007027447 0.010109 -0.9999243 -0.007165193 0.0100401 -0.999924 -0.007299482 0.01018935 -0.9999215 -0.007211506 0.01008886 -0.9999231 -0.00725454 0.01013052 -0.9999224 -0.007218718 0.01009219 -0.9999231 -0.007214367 0.01010423 -0.999923 -0.007232844 0.01010805 -0.9999228 -0.007244825 0.01014405 -0.9999223 -0.007188677 0.01008993 -0.9999234 -0.007144272 0.009929001 -0.9999252 -0.007275342 0.01015442 -0.999922 -0.007231831 0.01012331 -0.9999226 -0.007242381 0.0101301 -0.9999225 -0.007178068 0.01007032 -0.9999236 -0.007255733 0.01012796 -0.9999224 -0.007225453 0.01010775 -0.9999229 -0.007227957 0.01010853 -0.9999228 -0.007254481 0.01013207 -0.9999225 -0.007225036 0.01010525 -0.9999229 -0.007226526 0.01021039 -0.9999218 -0.007196009 0.01008003 -0.9999234 -0.007260084 0.01015055 -0.9999222 -0.007207751 0.01007854 -0.9999233 -0.007228016 0.01011645 -0.9999227 -0.007234334 0.01012653 -0.9999226 -0.007227897 0.0101875 -0.999922 -0.007229983 0.01017957 -0.9999221 -0.007237553 0.0101726 -0.9999221 -0.007236421 0.01006835 -0.9999232 -0.007229387 0.01008623 -0.9999231 -0.007224559 0.01011204 -0.9999229 -0.007166445 0.01025736 -0.9999218 -0.007229268 0.01010477 -0.9999228 -0.007233321 0.01011514 -0.9999228 -0.007214844 0.01010811 -0.9999229 -0.007251322 0.0101003 -0.9999227 -0.007160365 0.01015084 -0.9999229 -0.007330715 0.009971201 -0.9999235 -0.007221221 0.01011145 -0.9999229 -0.007174849 0.01015776 -0.9999227 -0.007275938 0.01009672 -0.9999226 -0.00721246 0.01009482 -0.9999231 -0.007265627 0.01011335 -0.9999225 -0.007197976 0.01012647 -0.9999228 -0.00718522 0.01011884 -0.999923 -0.00731635 0.0100708 -0.9999226 -0.007200121 0.01012676 -0.9999228 -0.00744909 0.01007235 -0.9999216 -0.00722748 0.01012539 -0.9999227 -0.007225513 0.01012176 -0.9999227 -0.007220983 0.01013004 -0.9999227 -0.007221519 0.01011371 -0.9999228 -0.007229149 0.01020759 -0.9999218 -0.007187247 0.01018488 -0.9999223 -0.007252871 0.01009255 -0.9999229 -0.007211089 0.01010423 -0.999923 -0.007245659 0.01010173 -0.9999228 -0.007199525 0.01012837 -0.9999228 -0.007230341 0.01012021 -0.9999227 -0.007242918 0.01010155 -0.9999228 -0.007222831 0.01006156 -0.9999234 -0.00726366 0.01013165 -0.9999224 -0.007225811 0.01010966 -0.9999229 -0.007234573 0.01010978 -0.9999228 -0.007230281 0.01011019 -0.9999228 -0.007212698 0.01010733 -0.9999229 -0.007213354 0.01010918 -0.9999229 -0.007167756 0.01013386 -0.999923 -0.007236838 0.01011103 -0.9999228 -0.007137596 0.01010566 -0.9999235 -0.007224619 0.01011198 -0.9999229 -0.007453978 0.01010882 -0.9999212 -0.007203221 0.01011198 -0.9999229 -0.007251024 0.01011365 -0.9999226 -0.007227838 0.01010841 -0.9999229 -0.007231235 0.01010954 -0.9999228 -0.007189512 0.01010847 -0.9999231 -0.007228314 0.01011055 -0.9999228 -0.00746423 0.01007497 -0.9999215 -0.007228136 0.01016616 -0.9999223 -0.007222473 0.01009202 -0.999923 -0.007235348 0.01005846 -0.9999232 -0.007225871 0.01010906 -0.9999229 -0.007225811 0.01012021 -0.9999227 -0.007224798 0.0101034 -0.9999229 -0.007225632 0.010122 -0.9999227 -0.007229804 0.01009184 -0.999923 -0.007215261 0.01010251 -0.999923 -0.007231295 0.01009804 -0.9999229 -0.007238268 0.01006579 -0.9999232 -0.007227957 0.0101059 -0.9999229 -0.007223904 0.01012188 -0.9999228 -0.007230699 0.01011902 -0.9999227 -0.007229626 0.01012122 -0.9999227 -0.007229983 0.0101096 -0.9999228 -0.007233202 0.01011663 -0.9999227 -0.007229804 0.01007419 -0.9999232 -0.6583898 0.7525756 0.01237154 -0.6583888 0.7525765 0.01236814 -0.61515 0.7883123 0.01242047 -0.6151705 0.7882963 0.01241797 -0.5230039 0.8522402 0.01239788 -0.5229989 0.8522433 0.01239907 -0.424295 0.9054417 0.01222366 -0.4243086 0.9054353 0.01222181 -0.3202586 0.9472556 0.01189237 -0.3202617 0.9472545 0.01189261 -0.2121682 0.9771665 0.01141279 -0.212163 0.9771677 0.01141387 -0.1014265 0.9947846 0.01079159 -0.1014229 0.994785 0.01079189 0.01060378 0.9998936 0.01003396 0.0106039 0.9998936 0.0100339 0.7526429 0.658428 0.00121808 0.7526416 0.6584293 0.00121808 0.1224845 0.9924283 0.009149193 0.122493 0.9924273 0.009150505 0.2328403 0.9724809 0.008150517 0.23281 0.9724882 0.008147001 0.3402355 0.9403139 0.007045626 0.3402624 0.9403042 0.007048785 0.4433941 0.8963077 0.005858421 0.4434044 0.8963025 0.005859673 0.5409706 0.8410291 0.004595339 0.5409572 0.8410377 0.00459361 0.6317235 0.775187 0.003271043 0.631722 0.7751881 0.003271043 0.7145563 0.6995754 0.001907467 0.7145651 0.6995664 0.001909136 -0.03102087 -0.5627571 0.8260401 -0.005913197 -0.2045593 0.9788363 -0.005912899 -0.2045557 0.9788371 -0.03101783 -0.5627126 0.8260706 -0.05139666 -0.8351526 0.5476117 -0.05139571 -0.8351421 0.5476279 -0.06395781 -0.9805341 0.1856403 -0.06395763 -0.9805403 0.1856072 -0.9977504 0.06657528 0.007885217 -0.9977519 0.06655001 0.007890939 -0.9977525 0.06654101 0.007893145 -0.9977492 0.06659108 0.007878959 -0.9977515 0.06655699 0.00788933 -0.9977495 0.06658792 0.007880032 -0.9977512 0.0665614 0.007888495 -0.9977486 0.06660091 0.00787729 -0.9977516 0.06655472 0.007891476 -0.9977505 0.06657266 0.007885336 -0.9977505 0.06657248 0.007885634 -0.9977518 0.06655687 0.00785613 -0.9977502 0.06657689 0.007889747 -0.9977515 0.06655913 0.007868111 -0.9977496 0.06658458 0.007897317 -0.9977504 0.0665735 0.007885158 -0.9977502 0.06657612 0.007889032 -0.9977509 0.06656605 0.007876515 -0.9977505 0.06657212 0.007884681 -0.9977512 0.06656283 0.00787729 -0.9977498 0.06658208 0.007889628 -0.9977508 0.066567 0.007879853 -0.9977479 0.06660783 0.007905662 -0.9977471 0.06662029 0.007913589 -0.9977671 0.06633949 0.007748961 -0.9977569 0.06647354 0.007909357 -0.9977471 0.06662559 0.007857441 -0.997751 0.06656414 0.007889866 -0.9977503 0.06657654 0.007877945 -0.9977518 0.06655001 0.007904827 -0.9977518 0.06655156 0.007896304 -0.9977504 0.06657284 0.007883846 -0.9977496 0.06658768 0.007870733 -0.9977498 0.06658327 0.007873058 -0.9977515 0.06655633 0.007901489 -0.9977496 0.06658887 0.007867336 -0.9977512 0.06655967 0.007903397 -0.9977509 0.06656646 0.007889568 -0.9977491 0.06659811 0.00784862 -0.9977503 0.06657582 0.007886826 -0.9977512 0.06656134 0.007880866 -0.9977492 0.06659102 0.00789088 -0.9977506 0.06657177 0.007885575 -0.9977499 0.06658017 0.007887125 -0.9977512 0.06656193 0.007881522 -0.9977506 0.06657159 0.007885158 -0.06664806 -0.9977303 -0.009606242 -0.06664752 -0.9977304 -0.009606659 -0.5603131 0.04539072 -0.8270363 -0.2017043 0.02290225 -0.9791787 -0.2017046 0.02290219 -0.9791786 -0.5604029 0.04539555 -0.8269752 -0.833594 0.06097215 -0.5490024 -0.8335869 0.06096857 -0.5490133 -0.9799942 0.0672658 -0.1873143 -0.9799757 0.06726527 -0.1874117 -0.00722748 0.01011073 -0.9999228 -0.007228374 0.01011037 -0.9999228 -0.8256066 0.04973787 0.5620498 -0.9771541 0.0633195 0.2028806 -0.9771544 0.06331914 0.2028796 -0.8256075 0.04973763 0.5620484 -0.5482925 0.02857816 0.8357982 -0.5483018 0.02857834 0.8357921 -0.1875783 0.003072619 0.9822449 -0.1875647 0.003071844 0.9822475 -0.04303967 -0.5459494 -0.836712 -0.020087 -0.1846885 -0.9825918 -0.02009528 -0.1847319 -0.9825835 -0.04303663 -0.5459104 -0.8367375 -0.05942988 -0.8239498 -0.5635378 -0.05942469 -0.8239178 -0.5635851 -0.06677961 -0.9765859 -0.2045004 -0.06677466 -0.9765912 -0.2044769 -0.2600453 -0.9644611 -0.04681134 -0.2310325 -0.965697 -0.1185465 -0.17684 -0.9687827 -0.1737462 -0.1054673 -0.9732719 -0.204006 -0.6068217 -0.7866931 -0.1134968 -0.6068596 -0.7866709 -0.1134476 -0.8561834 -0.4906434 -0.1619237 -0.8561688 -0.4906784 -0.1618942 -0.9746215 -0.1250445 -0.1856794 -0.9746205 -0.1250339 -0.1856915 -0.1687563 -0.8116437 -0.5592457 -0.1687 -0.8116459 -0.5592595 -0.2052756 -0.5277569 -0.8242176 -0.2052112 -0.527747 -0.82424 -0.2107429 -0.1685335 -0.9629039 -0.2107293 -0.1685343 -0.9629068 -0.3705945 -0.7990537 -0.4734693 -0.3705941 -0.7989794 -0.4735948 -0.505194 -0.5089203 -0.6969786 -0.5052297 -0.5089651 -0.6969201 -0.5627753 -0.1465016 -0.813524 -0.562679 -0.1464447 -0.8136008 -0.5243941 -0.7902029 -0.31716 -0.5244328 -0.7902494 -0.3169798 -0.7337763 -0.4959296 -0.4643555 -0.733712 -0.4959048 -0.4644838 -0.8309229 -0.1311971 -0.5406984 -0.8309407 -0.1312148 -0.5406664 -0.8666114 -0.4989824 0.001218616 -0.9915808 -0.1293576 0.005859434 -0.9915785 -0.1293743 0.005859255 -0.8665858 -0.4990267 0.001218438 -0.6097546 -0.7925822 -0.003606021 -0.6097595 -0.7925783 -0.003606319 -0.2599761 -0.965583 -0.007883667 -0.2600788 -0.9655553 -0.007883369 -0.9905503 -0.129655 0.04472023 -0.9880496 -0.1007888 0.1166183 -0.9840039 -0.04663568 0.1719349 -0.9789982 0.02467763 0.2023697 -0.8605398 -0.4971178 0.111109 -0.8605771 -0.4970778 0.1109999 -0.6004089 -0.7836108 0.159573 -0.60046 -0.7835894 0.1594853 -0.2538862 -0.9496428 0.1836314 -0.253743 -0.9496561 0.1837598 -0.8278545 -0.06007611 0.5577167 -0.8279221 -0.06022238 0.5576006 -0.5518891 -0.1346388 0.8229768 -0.5518373 -0.1345736 0.8230223 -0.1968433 -0.1880139 0.9622389 -0.1968637 -0.1880342 0.9622308 -0.8420351 -0.2617347 0.4716692 -0.8420295 -0.2617388 0.471677 -0.5727641 -0.4341025 0.695339 -0.5728531 -0.4341604 0.6952296 -0.2214379 -0.5395639 0.812303 -0.2214955 -0.5396053 0.8122597 -0.8535237 -0.4152502 0.3147452 -0.8535216 -0.415248 0.3147541 -0.5899703 -0.6620597 0.4621818 -0.5898342 -0.6620349 0.462391 -0.241411 -0.8069597 0.5390148 -0.24141 -0.806972 0.5389967 0.9977501 -0.06657373 -0.007922828 0.9977507 -0.06657689 -0.007817506 0.9977505 -0.06657528 -0.007867395 0.9977511 -0.06657373 -0.007802248 0.9977504 -0.0665751 -0.007885277 0.9977501 -0.06657624 -0.007897555 0.9977504 -0.06657499 -0.007883071 0.9977511 -0.06655949 -0.007916331 0.9977497 -0.06658649 -0.007868349 0.9977514 -0.06655359 -0.007917106 0.9977476 -0.06661999 -0.007845759 0.9977511 -0.06656175 -0.007888495 0.9977498 -0.06658339 -0.007875859 0.9977486 -0.06660574 -0.007840871 0.9977499 -0.06657344 -0.007960081 0.9977503 -0.06657302 -0.007904112 0.9977502 -0.06657767 -0.00786215 0.9977505 -0.06657308 -0.007882118 0.9977505 -0.06657052 -0.007890224 0.9977502 -0.06657785 -0.007876217 0.9977514 -0.06655681 -0.007899701 0.9977512 -0.0665602 -0.007897436 0.99775 -0.0665788 -0.007888674 0.9977495 -0.06658744 -0.007887125 0.9977502 -0.06657642 -0.007887363 0.9977517 -0.06655317 -0.007881999 0.9977477 -0.06660902 -0.007935166 0.9977387 -0.06673234 -0.008022487 0.9977575 -0.06647795 -0.007789373 0.997749 -0.06659036 -0.00791198 0.9977526 -0.0665456 -0.007842123 0.9977497 -0.06658208 -0.007898509 0.9977493 -0.06658768 -0.007911086 0.9977504 -0.06657493 -0.007887125 0.9977503 -0.0665872 -0.00778228 0.9977505 -0.06656968 -0.007900655 0.9977515 -0.06655693 -0.00788778 0.9977501 -0.06657832 -0.007883131 0.9977511 -0.06656336 -0.007883012 0.9977501 -0.06657838 -0.007887482 0.9977508 -0.06656777 -0.007880389 0.9977513 -0.06656044 -0.007875859 0.9977506 -0.06657117 -0.007888376 0.9977504 -0.06657248 -0.007889688 0.9977504 -0.0665729 -0.007894277 0.99775 -0.06657755 -0.007911503 0.9977507 -0.06657278 -0.00785458 0.9977501 -0.06657201 -0.007934391 0.9977514 -0.06656575 -0.007824599 0.9977506 -0.06657117 -0.007880091 0.9977504 -0.06656926 -0.007919728 0.9977503 -0.06657123 -0.007917463 0.9977508 -0.06657207 -0.00785309 0.9977507 -0.06657069 -0.007868587 0.9977502 -0.06657284 -0.007907509 0.9977508 -0.06656938 -0.007867634 0.9977508 -0.06656813 -0.007878661 0.9977507 -0.06656754 -0.007902622 0.9977503 -0.06657773 -0.007858335 0.9977506 -0.06657218 -0.007874667 0.9977505 -0.06657308 -0.007882475 0.9977505 -0.06657266 -0.007888019 0.9977503 -0.06657326 -0.007906913 0.9977501 -0.06657838 -0.007882833 0.9977501 -0.06657767 -0.007883906 0.9977503 -0.06657385 -0.007901608 0.9977505 -0.0665698 -0.007898449 0.9977504 -0.06657081 -0.007910132 0.9977505 -0.06657475 -0.007862806 0.9977505 -0.06657463 -0.007867753 0.9977505 -0.06657212 -0.007889747 0.9977498 -0.0665782 -0.007915437 0.9977508 -0.0665723 -0.00784862 0.9977506 -0.06656986 -0.007883369 0.9977505 -0.06656682 -0.007926642 0.9977503 -0.06658369 -0.007809817 0.9977506 -0.06657111 -0.007880687 0.9977505 -0.0665698 -0.007894873 0.9977505 -0.06656932 -0.007910609 0.9977505 -0.06657141 -0.007891356 0.9977505 -0.0665729 -0.007886826 0.9977504 -0.06657522 -0.007873952 0.9977506 -0.0665704 -0.007887184 0.9977505 -0.06657135 -0.007888019 0.9977505 -0.06657445 -0.007863938 0.9977508 -0.06657248 -0.007840692 0.9977508 -0.06656557 -0.007900953 0.9977508 -0.06656694 -0.007895827 0.9977508 -0.06656634 -0.007906675 0.9977505 -0.06657141 -0.007884979 0.9977506 -0.06657159 -0.007878959 0.9977506 -0.06657224 -0.007874786 0.9977503 -0.06657117 -0.007913291 0.9977504 -0.06657654 -0.007868111 0.9977506 -0.06656897 -0.007897377 0.9977506 -0.06656819 -0.007905066 0.9977505 -0.06657361 -0.007874965 0.9977508 -0.06657254 -0.007840156 0.9977507 -0.06656634 -0.007907032 0.9977506 -0.06657081 -0.007881402 -2.01969e-5 -0.1179166 0.9930235 -0.007268726 -0.2243595 0.9744793 -0.007268428 -0.2243592 0.9744795 -0.01443022 -0.3281485 0.944516 -0.01443004 -0.328153 0.9445143 -0.02142447 -0.4281156 0.90347 -0.02142393 -0.4281157 0.90347 -0.02816635 -0.5230643 0.8518278 -0.02816957 -0.5230432 0.8518406 -0.0345813 -0.6118294 0.7902335 -0.03457778 -0.611858 0.7902115 -0.0405848 -0.6934945 0.719318 -0.04058903 -0.6934758 0.7193358 -0.04611992 -0.7669705 0.6400229 -0.04611635 -0.7669962 0.6399924 -0.05110484 -0.8314869 0.5531889 -0.05110752 -0.8314742 0.5532076 -0.05549925 -0.8862433 0.4598834 -0.05549913 -0.8862414 0.459887 -0.05924022 -0.9306116 0.3611826 -0.05924314 -0.9306051 0.3611987 -0.06228935 -0.9640653 0.25826 -0.06228232 -0.9640774 0.2582165 -0.0645976 -0.9862258 0.1522691 -0.06460487 -0.9862166 0.1523259 -0.06616383 -0.9968138 0.04454946 -0.06616014 -0.9968147 0.04453462 -1.95561e-5 -0.1179217 0.993023 0.007227957 -0.01011252 0.9999228 0.00722742 -0.01011002 0.9999228 0.01439106 0.09782034 0.9951 0.01439011 0.0978204 0.9951001 0.02138501 0.2046086 0.9786103 0.02138483 0.2046115 0.9786096 0.02812767 0.3089865 0.9506504 0.02812922 0.3089755 0.9506539 0.03454583 0.4097744 0.9115325 0.03454554 0.4097673 0.9115358 0.0405547 0.5057228 0.8617424 0.04055386 0.5057157 0.8617466 0.0460875 0.5957477 0.8018482 0.04608631 0.5957554 0.8018426 0.05107939 0.6788021 0.7325426 0.051081 0.6787854 0.732558 0.0554766 0.7538869 0.654658 0.05547595 0.7538885 0.6546561 0.05921924 0.8201239 0.5691135 0.05921727 0.8201271 0.5691089 0.06226807 0.8767787 0.4768458 0.06226712 0.8767808 0.476842 0.06458669 0.9231257 0.3790352 0.06458741 0.9231224 0.3790428 0.06615018 0.9586597 0.2767595 0.0661484 0.9586535 0.2767814 0.06693607 0.9829571 0.1712161 0.06694066 0.9829519 0.1712443 0.06694293 0.9957178 0.06375622 0.06693857 0.9957204 0.06371945 1.89147e-5 0.1179206 -0.993023 0.007265925 0.22435 -0.9744817 0.007270932 0.2243573 -0.9744799 0.01443368 0.3281683 -0.9445091 0.01443177 0.3281566 -0.9445131 0.02142518 0.428112 -0.9034717 0.0214225 0.4281005 -0.9034773 0.02816504 0.523047 -0.8518384 0.02816498 0.5230414 -0.8518419 0.03457808 0.6118591 -0.7902106 0.03457731 0.6118478 -0.7902195 0.03457742 0.6118493 -0.7902184 0.0345782 0.6118606 -0.7902096 0.0405879 0.6934863 -0.7193257 0.04058444 0.6934835 -0.7193285 0.04058486 0.693484 -0.7193282 0.04058831 0.6934866 -0.7193253 0.04611742 0.7669789 -0.640013 0.046117 0.7669751 -0.6400175 0.05110573 0.831474 -0.5532082 0.05111151 0.831489 -0.553185 0.05550217 0.8862434 -0.4598828 0.05549925 0.886229 -0.4599109 0.05924063 0.9306117 -0.3611822 0.05923974 0.9306122 -0.361181 0.06228643 0.9640735 -0.2582301 0.06228077 0.9640631 -0.2582705 0.06459635 0.9862182 -0.1523193 0.06461042 0.9862269 -0.1522566 0.06616806 0.9968152 -0.04451304 0.06615525 0.9968132 -0.04457587 1.98771e-5 0.117924 -0.9930226 -0.007228851 0.01010602 -0.9999228 -0.007227182 0.01011621 -0.9999228 -0.0143907 -0.09782159 -0.9951 -0.01439118 -0.09782475 -0.9950997 -0.02138662 -0.2046073 -0.9786105 -0.02138477 -0.2046021 -0.9786117 -0.02812922 -0.3089983 -0.9506466 -0.02812808 -0.3090004 -0.9506459 -0.03454232 -0.4097511 -0.9115432 -0.03454542 -0.4097663 -0.9115363 -0.04055404 -0.5057153 -0.8617468 -0.04055696 -0.5057235 -0.8617418 -0.04609107 -0.595766 -0.8018346 -0.04608881 -0.5957541 -0.8018435 -0.05108231 -0.6787911 -0.7325526 -0.05108338 -0.6787963 -0.7325477 -0.05547916 -0.7538868 -0.6546579 -0.05547618 -0.7538816 -0.654664 -0.05922174 -0.8201339 -0.5690988 -0.05922365 -0.8201416 -0.5690872 -0.06227403 -0.8767815 -0.4768399 -0.06227058 -0.8767683 -0.4768644 -0.0645895 -0.9231137 -0.379064 -0.06459367 -0.9231272 -0.37903 -0.06615579 -0.9586606 -0.276755 -0.06614869 -0.9586542 -0.2767786 -0.06693595 -0.9829558 -0.1712238 -0.06693673 -0.9829555 -0.1712251 -0.06693887 -0.995718 -0.06375563 -0.06694275 -0.9957202 -0.06371915 -0.01708066 -0.1386902 -0.9901885 -0.02655661 -0.284435 -0.9583275 -0.02655172 -0.2844299 -0.9583291 -0.03542923 -0.4237856 -0.9050694 -0.03542655 -0.4237832 -0.9050707 -0.04351532 -0.5536946 -0.8315821 -0.04351425 -0.553685 -0.8315886 -0.05062514 -0.6712368 -0.7395122 -0.05062055 -0.6712116 -0.7395354 -0.05660307 -0.7737515 -0.6309554 -0.0566011 -0.7737509 -0.6309564 -0.06132161 -0.8590086 -0.5082753 -0.06133288 -0.8590242 -0.5082477 -0.06468123 -0.9250478 -0.3743034 -0.0647127 -0.9250659 -0.3742533 -0.06661844 -0.9704613 -0.2318773 -0.06658762 -0.9704542 -0.2319157 -0.06700313 -0.9941915 -0.08422589 -0.06700336 -0.9941884 -0.08426159 -0.0170837 -0.1386965 -0.9901876 -0.007232964 0.01010411 -0.9999229 -0.007226586 0.01011747 -0.9999228 0.002785325 0.1587038 -0.9873224 0.002787888 0.158702 -0.9873226 0.01273709 0.303746 -0.952668 0.01273441 0.3037491 -0.952667 0.02240347 0.441996 -0.8967372 0.02240461 0.442002 -0.8967343 0.03157395 0.5703985 -0.8207611 0.03157627 0.5703914 -0.8207659 0.04003638 0.6860615 -0.7264412 0.04002523 0.6860418 -0.7264603 0.04758936 0.7863565 -0.6159374 0.04759806 0.7863582 -0.6159346 0.05410361 0.8691229 -0.4916281 0.05410695 0.8691228 -0.4916282 0.05940264 0.9324476 -0.3563889 0.05940139 0.932447 -0.3563904 0.06337022 0.9749648 -0.2131384 0.06337052 0.9749585 -0.2131674 0.06592279 0.9956955 -0.06515127 0.06592249 0.9956948 -0.06516355 0.01707684 0.1386989 0.9901874 0.02654564 0.284429 0.9583296 0.02655106 0.2844209 0.9583319 0.03543132 0.4237931 0.9050658 0.03542917 0.4237865 0.9050689 0.04351902 0.5536913 0.8315841 0.04351884 0.5536972 0.8315802 0.05063289 0.6712082 0.7395377 0.05062997 0.6711941 0.7395507 0.0566169 0.7737742 0.6309263 0.05661529 0.7737697 0.630932 0.06133455 0.8590005 0.5082876 0.06133246 0.8589936 0.5082995 0.0646817 0.9250672 0.3742552 0.06468057 0.9250736 0.3742396 0.06658345 0.9704643 0.2318742 0.06658369 0.9704692 0.2318538 0.06699931 0.9941824 0.08433687 0.06700265 0.9941815 0.08434361 0.01707947 0.138696 0.9901878 0.007230758 -0.01011037 0.9999228 0.007225751 -0.01010483 0.9999229 -0.002785444 -0.158702 0.9873226 -0.002786755 -0.1586922 0.9873242 -0.01273858 -0.3037373 0.9526707 -0.01273453 -0.3037441 0.9526687 -0.02239948 -0.4420263 0.8967224 -0.02241426 -0.4419984 0.8967359 -0.03158199 -0.5703884 0.8207677 -0.03157198 -0.5703909 0.8207665 -0.04003643 -0.6860656 0.7264373 -0.04003572 -0.686062 0.7264407 -0.04760062 -0.7863332 0.6159662 -0.04758882 -0.786349 0.6159469 -0.05409467 -0.8691297 0.4916172 -0.0541076 -0.8691272 0.4916203 -0.0594002 -0.9324508 0.3563804 -0.05940169 -0.9324474 0.3563893 -0.06336951 -0.974965 0.2131373 -0.06335604 -0.9749639 0.2131463 -0.06590908 -0.9956998 0.06509959 -0.06592315 -0.9956974 0.06512165 0.06664741 0.9977304 0.009606599 0.06664794 0.9977303 0.009606361 0.9977505 -0.06657195 -0.007884979 0.9977516 -0.0665555 -0.007882416 0.9977476 -0.06661444 -0.007892429 0.9977505 -0.06657266 -0.007885456 0.997753 -0.06653493 -0.007876396 0.997748 -0.06660801 -0.007894039 0.997752 -0.06654989 -0.007877886 0.9977506 -0.06656926 -0.007884263 0.9977493 -0.06658923 -0.007891118 0.9977508 -0.06656849 -0.007882773 0.9977502 -0.0665757 -0.007887542 0.9977511 -0.06656485 -0.007881104 0.9977501 -0.0665782 -0.007886648 0.9977504 -0.0665729 -0.007885038 0.9977505 -0.06657278 -0.00788629 0.9977502 -0.06658035 -0.007854521 0.9977505 -0.06658035 -0.007827699 0.9977505 -0.06657284 -0.00787723 0.9977507 -0.06656497 -0.007914125 0.9977504 -0.06657671 -0.007867336 0.9977509 -0.06656229 -0.007913947 0.9977498 -0.06658691 -0.007853984 0.9977505 -0.06657069 -0.007886648 0.9977507 -0.06656765 -0.007889688 0.9977511 -0.06656229 -0.007895946 0.9977502 -0.06657636 -0.007883191 0.9977499 -0.06658309 -0.007875323 0.9977517 -0.06655263 -0.00789839 0.997749 -0.06659728 -0.00787276 0.9977502 -0.06657707 -0.007879555 0.9977499 -0.0665816 -0.007881879 0.9977584 -0.06644868 -0.007929861 0.9977394 -0.06674426 -0.007826685 0.9977359 -0.06678128 -0.007968485 0.9977566 -0.06648606 -0.007852435 0.9977502 -0.06657731 -0.007884681 0.9977478 -0.06661117 -0.007903754 0.9977503 -0.0665751 -0.007883071 0.9977521 -0.06654936 -0.007871866 0.9977511 -0.06656509 -0.007879495 0.9977489 -0.0665934 -0.007903516 0.9977502 -0.06657683 -0.007886707 0.9977507 -0.06656962 -0.007879555 0.9977511 -0.06656396 -0.007868289 0.9977496 -0.06658345 -0.007910668 0.9977512 -0.06656557 -0.007859051 0.9977501 -0.06657761 -0.007903873 0.9977508 -0.06656908 -0.007868647 0.99775 -0.06657713 -0.007907211 0.9977512 -0.06656706 -0.007845699 0.9977499 -0.06658178 -0.00788033 0.9977502 -0.06657576 -0.007883369 0.9977512 -0.06656062 -0.007889509 0.99775 -0.06657969 -0.007882773 0.9977517 -0.06655359 -0.007890522 0.9977489 -0.06659859 -0.007878541 0.9977524 -0.0665431 -0.007892072 0.9977489 -0.06659716 -0.007879674 0.9977514 -0.06655824 -0.007888197 0.9977504 -0.06657433 -0.007884442 0.9977485 -0.06660223 -0.007881045 0.9977506 -0.06657123 -0.007884979 0.05223745 0.6983515 0.7138463 0.05223816 0.6983542 0.7138436 0.04201698 0.7126548 -0.7002555 0.04201531 0.7126485 -0.7002621 0.710628 -0.05422329 0.7014755 0.7106267 -0.05422264 0.7014768 0.7526437 0.658427 0.001217424 0.7526422 0.6584287 0.001216948 0.7004044 -0.03992486 -0.7126287 0.7004052 -0.03992456 -0.712628 0.007196128 -0.01011198 0.999923 0.007249355 -0.01011103 0.9999227 0.007233321 -0.01010936 0.9999228 0.007227241 -0.01014202 0.9999225 0.00722742 -0.01008456 0.9999231 0.007225632 -0.01011842 0.9999228 0.007233262 -0.0101028 0.9999228 0.007253348 -0.01014202 0.9999223 0.007201194 -0.01010644 0.999923 0.007229626 -0.01010763 0.9999229 0.007242441 -0.01011294 0.9999227 0.007232189 -0.01011317 0.9999228 0.00720036 -0.01012331 0.9999229 0.0072636 -0.01010096 0.9999226 0.007201492 -0.0101208 0.9999229 0.007258832 -0.01012271 0.9999225 0.007215499 -0.01011151 0.9999229 0.007112681 -0.01005673 0.9999242 0.007312178 -0.01009708 0.9999223 0.007226526 -0.01011919 0.9999227 0.007228016 -0.01009047 0.999923 0.006875276 -0.009928941 0.9999271 0.00722295 -0.01010972 0.9999228 0.007228851 -0.01011073 0.9999228 0.007193922 -0.01011377 0.9999231 0.007243216 -0.01010674 0.9999227 0.007227957 -0.01011037 0.9999228 0.007222354 -0.01013368 0.9999226 0.007226049 -0.01010173 0.9999229 0.007228791 -0.0101425 0.9999225 0.007230639 -0.01011282 0.9999228 0.007230281 -0.01010978 0.9999228 0.007224082 -0.01011204 0.9999229 0.007232964 -0.01010638 0.9999228 0.007223069 -0.0101127 0.9999228 0.007233619 -0.0101068 0.9999228 0.007223427 -0.0101177 0.9999228 0.007223725 -0.01010817 0.9999228 0.007232844 -0.01007032 0.9999232 0.007226347 -0.009929537 0.9999246 0.007232606 -0.01010388 0.9999228 0.007227361 -0.01014989 0.9999225 0.007226407 -0.01010936 0.9999229 0.007235229 -0.01010936 0.9999228 0.007066071 -0.01010441 0.999924 0.007247984 -0.01011925 0.9999226 0.007209837 -0.01011645 0.9999229 0.007245659 -0.01010638 0.9999227 0.007184207 -0.01011514 0.9999231 0.007270514 -0.01011419 0.9999225 0.007226407 -0.01011073 0.9999228 0.007216334 -0.01008176 0.9999232 0.007237076 -0.01010638 0.9999228 0.007227659 -0.01010227 0.9999229 0.007228851 -0.01011073 0.9999228 0.007251203 -0.01003217 0.9999234 0.007225215 -0.01010173 0.9999229 0.007228195 -0.01015114 0.9999224 0.007226407 -0.01008486 0.9999231 0.007229149 -0.01013433 0.9999226 0.007230401 -0.01010298 0.9999228 0.00722754 -0.01011061 0.9999229 0.007227063 -0.01010519 0.9999228 0.007222056 -0.01010495 0.9999229 0.00724107 -0.01010292 0.9999228 0.007226824 -0.01011574 0.9999228 0.007212936 -0.01010674 0.9999229 0.0072425 -0.01011627 0.9999226 0.00721693 -0.01011252 0.9999229 0.007226943 -0.0101068 0.9999228 0.007232248 -0.01011049 0.9999228 0.007222771 -0.01011037 0.9999229 0.00736922 -0.01011115 0.9999218 0.007209241 -0.0101124 0.9999229 0.007220387 -0.01011538 0.9999229 0.007210075 -0.01010972 0.9999229 0.007227778 -0.01011073 0.9999228 0.007228851 -0.01010173 0.9999229 0.00722301 -0.01014405 0.9999225 0.00723499 -0.01001107 0.9999238 0.007254421 -0.01010978 0.9999226 0.007222294 -0.01011079 0.9999228 0.007223129 -0.01011121 0.9999228 0.007239758 -0.01011037 0.9999228 0.007220327 -0.01010942 0.9999229 0.007228076 -0.01011407 0.9999228 0.00722599 -0.01010835 0.9999228 0.007226705 -0.01011073 0.9999229 0.007223546 -0.0100938 0.9999231 0.007224917 -0.01009154 0.999923 0.007231295 -0.01008599 0.999923 0.00722444 -0.01013952 0.9999226 0.007211387 -0.0100947 0.9999231 0.007229506 -0.01010912 0.9999228 0.007225811 -0.01010757 0.9999229 0.007227897 -0.01010286 0.9999229 0.007225573 -0.01010471 0.9999229 0.007244586 -0.01014488 0.9999224 0.007220804 -0.01011246 0.9999228 0.007227659 -0.01010912 0.9999229 0.007228195 -0.01012068 0.9999228 0.007227063 -0.01010823 0.9999229 0.007227957 -0.0101096 0.9999228 0.00722742 -0.01011419 0.9999228 0.00722891 -0.01011091 0.9999228 0.007229983 -0.01011288 0.9999228 0.007219493 -0.0101121 0.9999229 0.007232606 -0.0101124 0.9999228 0.007221579 -0.01011699 0.9999228 0.007234573 -0.0101062 0.9999228 0.007231354 -0.01010644 0.9999229 0.007217705 -0.01012313 0.9999228 0.007230639 -0.01009976 0.9999229 0.007229268 -0.0101062 0.9999228 0.007229506 -0.01011359 0.9999228 0.007228016 -0.01020199 0.9999219 0.007229149 -0.01010471 0.9999229 0.00723052 -0.01011669 0.9999228 0.007221221 -0.01011252 0.9999229 0.007238507 -0.01009994 0.9999228 0.007231712 -0.01016974 0.9999222 0.007224857 -0.0100584 0.9999234 0.007216691 -0.01010799 0.9999229 0.007235467 -0.01011592 0.9999228 0.007239997 -0.01008105 0.999923 0.007235884 -0.01010739 0.9999228 0.007215023 -0.01011621 0.9999228 0.007229208 -0.01010578 0.9999228 0.007244288 -0.01014345 0.9999223 0.007229864 -0.01008701 0.9999231 0.007140576 -0.01006895 0.9999239 0.007323384 -0.01024961 0.9999207 0.007226228 -0.01011824 0.9999228 0.00721389 -0.0101009 0.999923 0.007229924 -0.01013916 0.9999225 0.007249772 -0.01007634 0.999923 0.00720036 -0.01004195 0.9999237 0.007234156 -0.01010596 0.9999228 0.007214605 -0.01013118 0.9999228 0.00723499 -0.01010149 0.9999228 0.007220268 -0.01010209 0.999923 0.00723499 -0.01012414 0.9999226 0.007229745 -0.01014286 0.9999225 0.007263839 -0.0100882 0.9999228 0.00744909 -0.00998336 0.9999225 0.00722599 -0.01015162 0.9999224 0.007204651 -0.0101177 0.9999229 0.007258892 -0.01009494 0.9999227 0.00721842 -0.01009476 0.999923 0.007208526 -0.01012325 0.9999228 0.007205843 -0.01012682 0.9999228 0.007266521 -0.01009553 0.9999226 0.007236599 -0.0100938 0.9999229 0.007229208 -0.01010918 0.9999228 0.007255077 -0.01020616 0.9999217 0.007188558 -0.01012438 0.999923 0.00725156 -0.01010066 0.9999227 0.007227659 -0.01009654 0.999923 0.007216811 -0.01013177 0.9999226 0.007226765 -0.01010519 0.9999229 0.007219731 -0.01017767 0.9999222 0.007228076 -0.0100528 0.9999234 0.007230937 -0.01016557 0.9999222 0.007225871 -0.01010936 0.9999228 0.007225275 -0.01010376 0.9999229 0.007235705 -0.01011991 0.9999227 0.007231473 -0.01015621 0.9999223 0.00722748 -0.01017957 0.9999222 0.007225811 -0.01005417 0.9999234 0.007235229 -0.01017868 0.9999221 0.007228493 -0.01010745 0.9999229 0.007212102 -0.01006752 0.9999234 0.00723052 -0.01011508 0.9999228 0.007227778 -0.01011073 0.9999228 0.007224977 -0.01026177 0.9999213 0.007229089 -0.01011848 0.9999228 0.007228314 -0.01010304 0.9999229 0.007234811 -0.01011049 0.9999228 0.007229149 -0.01011204 0.9999228 0.007245898 -0.01011419 0.9999227 0.007197797 -0.01010823 0.9999231 0.007247805 -0.01010936 0.9999227 0.007206618 -0.0101093 0.999923 0.007231533 -0.01010447 0.9999229 0.007211625 -0.01010453 0.999923 0.007247805 -0.0101006 0.9999228 0.007215976 -0.01012063 0.9999228 0.007224678 -0.01010173 0.9999229 0.00722748 -0.0101211 0.9999227 0.007226467 -0.0101009 0.9999229 0.007236838 -0.01010203 0.9999228 0.007231116 -0.01008087 0.9999231 0.007218122 -0.01014292 0.9999225 0.007224261 -0.01017183 0.9999222 0.007225334 -0.0101183 0.9999228 0.007223963 -0.01010906 0.9999229 0.007225811 -0.01010614 0.9999228 0.007288575 -0.0101062 0.9999225 0.007222533 -0.01010751 0.9999229 0.007247507 -0.01010644 0.9999227 0.007287859 -0.0101341 0.9999222 0.007228255 -0.0101118 0.9999228 0.007210671 -0.01010823 0.9999229 0.007223784 -0.01010864 0.9999229 0.007270395 -0.01011455 0.9999225 0.00722438 -0.01011371 0.9999228 0.007224738 -0.01010584 0.9999229 0.00721991 -0.01011413 0.9999228 0.007221758 -0.0101093 0.9999228 0.007223963 -0.0101028 0.9999229 0.007220327 -0.01013982 0.9999225 0.007229387 -0.01010209 0.9999229 0.00724256 -0.01011592 0.9999227 0.007216095 -0.01009309 0.9999231 0.007225453 -0.01013112 0.9999226 0.007234215 -0.01007527 0.9999232 0.007234513 -0.01010519 0.9999228 0.007231771 -0.01018291 0.9999221 0.007231712 -0.01011556 0.9999227 0.007225573 -0.0101335 0.9999226 0.007230281 -0.01008301 0.9999231 0.007235765 -0.01010304 0.9999228 0.007234215 -0.01010262 0.9999228 0.007220268 -0.01009202 0.9999231 0.001252591 0.9999482 0.01010471 -0.1292997 0.991545 0.01096433 -0.1292828 0.9915472 0.01096022 -0.2575948 0.9661831 0.01163095 -0.2576065 0.96618 0.01163405 -0.3815266 0.9242786 0.0121057 -0.381527 0.9242786 0.01210552 -0.4989061 0.8665679 0.0123704 -0.4988972 0.866573 0.01236778 -0.6077473 0.7940334 0.01242119 -0.6077576 0.7940255 0.01242315 -0.7062059 0.7079003 0.01226371 -0.7062059 0.7079003 0.01226389 -0.7925639 0.609673 0.0118944 -0.7925825 0.6096486 0.01190268 -0.8653943 0.5009634 0.01132988 -0.8653731 0.5010003 0.01131993 -0.9233756 0.3837527 0.01055359 -0.9233736 0.3837575 0.01055258 -0.9655689 0.2599701 0.009606242 -0.9655787 0.2599335 0.009614586 -0.9912577 0.1316661 0.008503437 -0.9912532 0.1317001 0.00849545 0.001265227 0.9999482 0.01010137 0.1317508 0.9912415 0.009070515 0.1317637 0.9912397 0.009067416 0.2600241 0.96557 0.007881045 0.2600128 0.965573 0.007884263 0.3838244 0.9233828 0.006563007 0.3838253 0.9233825 0.00656265 0.5010538 0.8654011 0.005129098 0.501081 0.8653852 0.005121767 0.6097472 0.7925879 0.003599703 0.6097227 0.7926067 0.003607809 0.7079761 0.7062336 0.002024173 0.7079752 0.7062345 0.002024173 0.7940937 0.6077952 4.0667e-4 0.7940891 0.6078014 4.08412e-4 0.8666228 0.4989624 -0.001216471 0.8666298 0.4989502 -0.001219809 0.9243345 0.381573 -0.002823293 0.9243318 0.3815795 -0.002821981 0.9662253 0.2576617 -0.004377782 0.9662256 0.2576604 -0.004377841 0.991581 0.129356 -0.005858421 0.9915808 0.1293576 -0.005858421 0.9999732 -0.001153051 -0.007238745 0.9999731 -0.001151978 -0.007238686 -0.001239955 -0.9999483 -0.01009845 0.1292703 -0.991549 -0.01095712 0.1292703 -0.9915489 -0.010957 0.2576144 -0.9661779 -0.0116285 0.2575931 -0.9661836 -0.01163285 0.3815243 -0.9242796 -0.01210618 0.381548 -0.9242699 -0.01210021 0.4988931 -0.8665755 -0.01236528 0.4988832 -0.866581 -0.01236754 0.6077473 -0.7940335 -0.01242095 0.6077553 -0.7940274 -0.01241856 0.7062063 -0.7079 -0.0122596 0.7062062 -0.7079002 -0.01225936 0.7925803 -0.6096519 -0.01189059 0.7925744 -0.6096594 -0.01189255 0.8653787 -0.5009905 -0.01131993 0.8653635 -0.5010168 -0.01132714 0.9233756 -0.3837527 -0.01056122 0.9233878 -0.3837235 -0.01055335 0.965577 -0.2599402 -0.009606659 0.9655759 -0.2599439 -0.009607553 0.9912531 -0.1317004 -0.008496105 0.9912536 -0.1316978 -0.008495628 -0.00125277 -0.9999483 -0.01010167 -0.1317639 -0.9912396 -0.009070515 -0.1317594 -0.9912403 -0.009069263 -0.2599989 -0.9655768 -0.007882118 -0.2600085 -0.9655742 -0.007884204 -0.3838353 -0.9233784 -0.006562352 -0.383824 -0.9233831 -0.006559789 -0.5010548 -0.8654005 -0.005126357 -0.5010738 -0.8653894 -0.005131542 -0.6097588 -0.7925789 -0.003609538 -0.6097393 -0.7925939 -0.003604888 -0.7079636 -0.7062461 -0.002020776 -0.7079741 -0.7062355 -0.002024292 -0.7940835 -0.6078087 -4.06678e-4 -0.7940891 -0.6078013 -4.08348e-4 -0.8666365 -0.4989386 0.001216948 -0.8666149 -0.4989762 0.001226544 -0.9243322 -0.3815785 0.002830803 -0.9243463 -0.3815444 0.002822577 -0.9662169 -0.2576931 0.004377424 -0.9662158 -0.2576976 0.004378199 -0.9915807 -0.129358 0.005858778 -0.9915813 -0.1293538 0.005858063 -0.9999731 0.001190185 0.007239043 -0.9999731 0.001186609 0.007239222 0.06419706 -0.9978815 -0.01055073 0.320245 -0.9472602 -0.01188957 0.320216 -0.9472699 -0.01189225 0.5545114 -0.8320836 -0.01242089 0.5545302 -0.832071 -0.01241844 0.7509815 -0.6602124 -0.01210105 0.750965 -0.6602311 -0.01210314 0.896316 -0.4432805 -0.01095998 0.8963173 -0.443278 -0.01095998 0.980511 -0.1962553 -0.009070754 0.9805114 -0.1962527 -0.009070754 0.06413912 -0.9978852 -0.01055651 -0.1963267 -0.9805018 -0.008498191 -0.1963279 -0.9805015 -0.008498251 -0.4434248 -0.8962925 -0.005860626 -0.4433736 -0.8963178 -0.005855679 -0.6602378 -0.7510515 -0.002820134 -0.6602546 -0.7510366 -0.00282216 -0.8321347 -0.5545735 4.06672e-4 -0.8321463 -0.5545561 4.05174e-4 -0.947325 -0.3202539 0.003607332 -0.9473234 -0.3202584 0.003607332 -0.9979141 -0.06422275 0.00656259 -0.9979093 -0.06429648 0.00657016 -0.06416755 0.9978834 0.01055365 -0.3202452 0.94726 0.01189243 -0.3202176 0.9472695 0.01188957 -0.5545095 0.8320848 0.0124185 -0.5545337 0.8320686 0.01242107 -0.7510096 0.6601803 0.01210302 -0.7509906 0.660202 0.01210063 -0.8962864 0.4433403 0.01095867 -0.8962896 0.4433341 0.01095998 -0.9805122 0.1962493 0.009070336 -0.9805274 0.196173 0.009078085 -0.06416791 0.9978834 0.01055365 0.1963526 0.9804967 0.008495032 0.1963559 0.9804959 0.008494794 0.4433768 0.8963162 0.005858421 0.4433758 0.8963168 0.005858421 0.6602499 0.7510408 0.002822101 0.6602497 0.7510409 0.00282216 0.8321477 0.5545542 -4.06739e-4 0.8321484 0.554553 -4.06785e-4 0.9472929 0.3203489 -0.003607034 0.9473193 0.3202702 -0.003615856 0.9979141 0.06422036 -0.006570994 0.9979092 0.06429839 -0.006561994 0.06416785 -0.9978834 -0.01055341 0.3202446 -0.9472603 -0.01189237 0.3202149 -0.9472703 -0.01189529 0.5545105 -0.8320842 -0.01242351 0.5545526 -0.8320561 -0.0124185 0.751016 -0.6601731 -0.01210087 0.7510078 -0.6601824 -0.0121029 0.8963054 -0.4433019 -0.01095998 0.8963101 -0.4432925 -0.01095867 0.9804983 -0.1963186 -0.009070694 0.9804975 -0.196322 -0.00907135 0.0641629 -0.9978836 -0.01055407 -0.1963105 -0.9805051 -0.008493661 -0.1963552 -0.9804961 -0.008498013 -0.4434302 -0.8962898 -0.005860567 -0.4434005 -0.8963045 -0.005857229 -0.6602482 -0.7510423 -0.002819061 -0.6602727 -0.7510207 -0.002821803 -0.8321408 -0.5545642 4.06685e-4 -0.8321455 -0.5545574 4.05179e-4 -0.9472998 -0.320328 0.003606438 -0.9472965 -0.320338 0.003607332 -0.997914 -0.0642234 0.006562769 -0.9979142 -0.06421941 0.00656259 -0.06410962 0.9978871 0.01055073 -0.3202691 0.947252 0.01189231 -0.3202707 0.9472514 0.01189255 -0.5545318 0.8320699 0.01242101 -0.5545324 0.8320695 0.01242101 -0.7509655 0.6602306 0.01210314 -0.7509676 0.6602282 0.01210308 -0.8963096 0.4432935 0.0109601 -0.8963108 0.443291 0.01095998 -0.9805128 0.196246 0.009070694 -0.980512 0.1962501 0.009070515 -0.06413376 0.9978855 0.0105533 0.1962986 0.9805074 0.008495509 0.1962978 0.9805075 0.00849533 0.4434007 0.8963044 0.005858182 0.4434024 0.8963035 0.005858182 0.6602681 0.7510247 0.002821862 0.6602481 0.7510423 0.002824425 0.8321378 0.5545688 -4.05008e-4 0.8321386 0.5545677 -4.05004e-4 0.9473206 0.3202664 -0.003607213 0.9473206 0.3202665 -0.003607213 0.9979088 0.06430536 -0.006561756 0.9979096 0.06429201 -0.006561934 0.9979141 0.06422042 -0.006562888 0.9472934 0.3203476 -0.003608167 0.947291 0.3203542 -0.003607094 0.8321841 0.5544995 -4.07629e-4 0.8321843 0.554499 -4.07715e-4 0.6602661 0.7510266 0.002821564 0.6602839 0.7510108 0.002819597 0.443401 0.8963043 0.005855798 0.4434016 0.896304 0.005855441 0.1962834 0.9805104 0.008492588 0.1962547 0.9805161 0.00849545 0.9979141 0.06422179 -0.006562709 0.9805133 -0.1962434 -0.009070634 0.980512 -0.1962499 -0.009071171 0.8962999 -0.4433131 -0.01096141 0.8963053 -0.4433022 -0.0109601 0.7509807 -0.6602132 -0.01210314 0.7510064 -0.660184 -0.01209855 0.5545311 -0.8320704 -0.01241558 0.5544909 -0.8320971 -0.01242083 0.3202681 -0.9472524 -0.01189237 0.3202408 -0.9472615 -0.01189547 0.06416386 -0.9978836 -0.01055675 0.06416261 -0.9978836 -0.01055663 -0.9979141 -0.06422215 0.006562709 -0.9473209 -0.3202656 0.003608167 -0.9473205 -0.3202673 0.003608167 -0.832138 -0.5545685 4.06575e-4 -0.8321376 -0.5545692 4.06401e-4 -0.6602692 -0.7510238 -0.002821922 -0.6602687 -0.7510243 -0.002821803 -0.4433996 -0.896305 -0.005858242 -0.4434003 -0.8963047 -0.005858004 -0.1962983 -0.9805075 -0.008495688 -0.1963273 -0.9805016 -0.008498609 -0.9979142 -0.0642206 0.00656259 -0.9805122 0.1962485 0.00907129 -0.9805272 0.1961733 0.009078681 -0.8963045 0.4433035 0.01096868 -0.8962733 0.4433668 0.01096183 -0.751032 0.6601549 0.01210486 -0.7510057 0.6601849 0.01210099 -0.5545325 0.8320695 0.01241838 -0.5545325 0.8320695 0.01241856 -0.3202157 0.94727 0.01188987 -0.3202435 0.9472607 0.01189219 -0.06413936 0.9978852 0.01055383 -0.06413894 0.9978853 0.010553 -0.9979143 -0.06421875 0.00656259 -0.9473211 -0.3202655 0.003607153 -0.9473174 -0.320276 0.003607988 -0.832147 -0.5545551 4.06915e-4 -0.8321475 -0.5545542 4.06784e-4 -0.6602191 -0.7510679 -0.002822816 -0.6602178 -0.751069 -0.002822518 -0.4433912 -0.896309 -0.005858123 -0.4434167 -0.8962964 -0.005860865 -0.1963273 -0.9805016 -0.008498013 -0.1963255 -0.980502 -0.008497953 -0.9979139 -0.0642243 0.006563127 -0.9805111 0.1962549 0.009069561 -0.9805144 0.1962381 0.009071052 -0.8963162 0.44328 0.01096129 -0.8963046 0.4433037 0.01095873 -0.7509704 0.660225 0.01210087 -0.750995 0.660197 0.01210516 -0.5545274 0.8320729 0.01242345 -0.5545259 0.8320738 0.01242363 -0.3202969 0.9472426 0.01189619 -0.3202695 0.9472519 0.01189225 -0.06413233 0.9978856 0.01055335 -0.06413745 0.9978853 0.01055401 0.997914 0.06422418 -0.006562709 0.9473202 0.320268 -0.003608405 0.9473208 0.320266 -0.003608167 0.8321026 0.5546216 -4.0586e-4 0.832147 0.5545551 -4.1532e-4 0.6602908 0.7510048 0.002813816 0.660217 0.7510697 0.00282514 0.4433993 0.8963051 0.005861043 0.4434245 0.8962926 0.005857586 0.1963093 0.9805053 0.008495271 0.1963254 0.9805021 0.008493363 0.9979141 0.06422269 -0.006562948 0.9805296 -0.1961621 -0.009069323 0.980513 -0.1962442 -0.009078741 0.8962744 -0.4433644 -0.01096791 0.8963111 -0.4432904 -0.01095867 0.7509842 -0.6602092 -0.0121085 0.7510334 -0.6601534 -0.01210105 0.7510299 -0.6601573 -0.01210159 0.7509807 -0.6602132 -0.01210904 0.5544707 -0.8321105 -0.0124253 0.5545257 -0.8320741 -0.01241856 0.3203227 -0.9472339 -0.01189011 0.3202962 -0.9472429 -0.01189285 0.06413799 -0.9978853 -0.01055383 0.06411075 -0.997887 -0.0105561 -0.02307021 -0.9996844 -0.009941339 0.06414508 -0.9978848 -0.01055401 0.06415259 -0.9978843 -0.01055091 0.150887 -0.988489 -0.011083 0.1508756 -0.9884907 -0.0110861 0.2364674 -0.971571 -0.01153492 0.2364658 -0.9715714 -0.01153618 0.3202489 -0.9472588 -0.01189488 0.3202638 -0.9472538 -0.01189023 0.4015852 -0.915741 -0.01215916 0.4015799 -0.9157434 -0.01216161 0.4798813 -0.8772467 -0.01233839 0.4798821 -0.8772463 -0.01233804 0.5545177 -0.8320794 -0.01242077 0.554506 -0.832087 -0.01242554 0.6249322 -0.7805805 -0.01241391 0.6249526 -0.7805643 -0.01240432 0.6905934 -0.7231388 -0.01229828 0.6905727 -0.7231582 -0.01230835 0.7509983 -0.6601932 -0.01210904 0.7510082 -0.6601821 -0.0121029 0.8056822 -0.5922303 -0.01181119 0.8056815 -0.5922313 -0.01181101 0.8542413 -0.5197511 -0.01142913 0.8542416 -0.5197506 -0.01142907 0.8962984 -0.4433162 -0.01096022 0.896299 -0.443315 -0.01096159 0.9315286 -0.3635191 -0.01040911 0.9315289 -0.3635185 -0.01040792 0.9596778 -0.2809323 -0.009776353 0.9596771 -0.2809348 -0.009777367 0.9805147 -0.1962364 -0.00907123 0.9805155 -0.1962326 -0.009070158 0.9938921 -0.1100437 -0.008295357 0.9938918 -0.1100467 -0.008296132 -0.02306151 -0.9996847 -0.00993812 -0.1100989 -0.9938776 -0.009249627 -0.1101023 -0.9938773 -0.009251058 -0.1962942 -0.9805083 -0.008492052 -0.196309 -0.9805052 -0.00849843 -0.281042 -0.9596649 -0.00767529 -0.2810257 -0.9596696 -0.007669568 -0.3635773 -0.9315394 -0.006788313 -0.3635923 -0.9315334 -0.006793975 -0.4434059 -0.8963018 -0.005861103 -0.4433979 -0.8963057 -0.005858004 -0.5198203 -0.8542617 -0.004881024 -0.5198194 -0.8542623 -0.004880547 -0.5922998 -0.8057084 -0.003865897 -0.5922989 -0.8057091 -0.003865897 -0.6602585 -0.7510331 -0.002822101 -0.6602581 -0.7510336 -0.002821743 -0.7232175 -0.6906182 -0.001756191 -0.7232159 -0.6906198 -0.00175631 -0.7806475 -0.6249712 -6.77549e-4 -0.780644 -0.6249756 -6.77801e-4 -0.8321446 -0.5545586 4.06482e-4 -0.8321372 -0.5545699 4.09937e-4 -0.8772994 -0.4799414 0.001490712 -0.8772994 -0.4799414 0.001490056 -0.9157952 -0.4016375 0.002559781 -0.9157981 -0.4016307 0.002556443 -0.9473046 -0.3203142 0.003606677 -0.9473044 -0.3203147 0.003607571 -0.971615 -0.2365225 0.004630565 -0.9716151 -0.2365221 0.004630565 -0.9885232 -0.1509649 0.005617797 -0.9885236 -0.1509628 0.005617439 -0.9979145 -0.06421655 0.006562411 -0.9979146 -0.06421434 0.00656265 -0.9997081 0.02298086 0.007457554 -0.9997081 0.02298319 0.007457375 0.02306145 0.9996846 0.009943604 -0.06416177 0.9978837 0.01055634 -0.0641635 0.9978836 0.01055699 -0.1508862 0.9884889 0.01109015 -0.1508573 0.9884935 0.01107788 -0.2364736 0.9715695 0.0115264 -0.2364889 0.9715659 0.0115323 -0.3202412 0.9472615 0.01189303 -0.3202407 0.9472616 0.01189237 -0.4015954 0.9157366 0.01216185 -0.4015946 0.9157367 0.01216143 -0.4798762 0.8772494 0.0123381 -0.479883 0.8772458 0.0123406 -0.5545172 0.8320796 0.01242351 -0.5545108 0.832084 0.01242077 -0.6249392 0.780575 0.01240903 -0.6249353 0.7805779 0.01240903 -0.6905851 0.7231466 0.01230287 -0.6905857 0.723146 0.01230281 -0.7510033 0.6601876 0.01210296 -0.7510058 0.6601848 0.01210319 -0.8056826 0.5922299 0.01181095 -0.8056855 0.5922259 0.01181089 -0.8542416 0.5197505 0.01142907 -0.8542398 0.5197536 0.01142764 -0.8962903 0.4433326 0.01095902 -0.8962898 0.4433333 0.0109589 -0.9315352 0.3635023 0.01040679 -0.9315366 0.3634987 0.0104078 -0.959671 0.2809553 0.009776592 -0.9596708 0.2809563 0.009776532 -0.9805157 0.1962312 0.009070515 -0.9805158 0.1962311 0.009070813 -0.9938945 0.1100223 0.008295536 -0.9938944 0.1100239 0.00829488 0.02306967 0.9996845 0.009941458 0.1101083 0.9938766 0.009253561 0.1101084 0.9938766 0.009253382 0.1963088 0.9805054 0.008495151 0.1963149 0.9805041 0.008492588 0.281026 0.9596696 0.007668972 0.2810208 0.9596711 0.007672667 0.363584 0.9315367 0.006791472 0.3635923 0.9315335 0.006788194 0.4434 0.8963047 0.00585556 0.4433931 0.8963083 0.005858123 0.5198265 0.854258 0.004881381 0.519827 0.8542577 0.004880368 0.5922994 0.8057088 0.003865897 0.5923008 0.8057078 0.003865957 0.660269 0.7510239 0.002821803 0.6602746 0.7510191 0.002819716 0.7232 0.6906364 0.001754581 0.7232081 0.6906281 0.00175023 0.7806472 0.6249716 6.71197e-4 0.7806372 0.6249842 6.77341e-4 0.8321381 0.5545684 -4.06687e-4 0.8321471 0.5545549 -4.13616e-4 0.8773117 0.4799188 -0.001495063 0.8773063 0.4799289 -0.001489281 0.9157853 0.4016601 -0.002558529 0.915786 0.4016584 -0.002557277 0.9473049 0.320313 -0.00360763 0.9473097 0.3202987 -0.003614664 0.9716162 0.2365176 -0.004637837 0.9716112 0.236538 -0.004630327 0.9885231 0.1509653 -0.005617916 0.9885233 0.1509641 -0.005617439 0.9979146 0.06421542 -0.006562411 0.9979144 0.06421726 -0.006562888 0.9997081 -0.02298182 -0.007457494 0.9997082 -0.02297961 -0.007457554 0.01464462 0.1016663 0.9947109 0.02883565 0.3199992 0.9469789 0.02883446 0.319967 0.9469899 0.04157853 0.5222287 0.8517913 0.04158103 0.5223202 0.8517351 0.05223506 0.6983337 0.7138639 0.05223435 0.6983056 0.7138915 0.06027901 0.8394635 0.5400626 0.06028044 0.8394361 0.5401049 0.06529563 0.9383746 0.3393959 0.06529486 0.9384085 0.3393025 0.06703752 0.990332 0.1214444 0.06704038 0.9903192 0.1215469 0.01464444 0.101666 0.9947109 -2.80468e-4 -0.121771 0.9925583 -2.80249e-4 -0.1217614 0.9925594 -0.01518976 -0.3390612 0.9406417 -0.01519054 -0.3390824 0.9406341 -0.02933824 -0.5393826 0.8415496 -0.02933818 -0.5393841 0.8415487 -0.04201644 -0.712663 0.7002472 -0.04201596 -0.7126555 0.7002548 -0.05258494 -0.8501671 0.5238804 -0.05258482 -0.8501644 0.5238851 -0.06052088 -0.9450919 0.3211523 -0.06052166 -0.9450837 0.3211759 -0.06541985 -0.9925847 0.10245 -0.06541764 -0.9925901 0.1023985 -0.01464498 -0.1016697 -0.9947105 -0.02883487 -0.3199939 -0.9469808 -0.02883327 -0.3199799 -0.9469856 -0.04157739 -0.5222583 -0.8517733 -0.04157906 -0.5222763 -0.8517621 -0.05223786 -0.6983582 -0.7138397 -0.05223959 -0.6983746 -0.7138236 -0.06027734 -0.8394029 -0.5401568 -0.06027835 -0.8394204 -0.5401295 -0.06529623 -0.9384174 -0.3392775 -0.0652942 -0.9384025 -0.3393194 -0.06703728 -0.9903271 -0.1214841 -0.06703561 -0.9903175 -0.1215634 -0.0146442 -0.1016648 -0.994711 2.79415e-4 0.1217514 -0.9925606 2.79848e-4 0.1217597 -0.9925596 0.01518952 0.3390668 -0.9406397 0.01519101 0.3390802 -0.9406349 0.02934044 0.5394023 -0.841537 0.02933734 0.5393722 -0.8415563 0.04201567 0.7126542 -0.7002561 0.04201722 0.7126567 -0.7002536 0.05258947 0.8502079 -0.5238139 0.05258446 0.8501722 -0.5238723 0.06051748 0.9450686 -0.3212211 0.06051927 0.9450735 -0.3212065 0.06541764 0.9925828 -0.1024691 0.06542283 0.9925915 -0.1023812 -0.01464462 -0.1016622 -0.9947113 -0.02883636 -0.3199999 -0.9469786 -0.02883565 -0.3199937 -0.9469808 -0.0415821 -0.5222969 -0.8517493 -0.0415768 -0.5222428 -0.8517827 -0.05223661 -0.6983377 -0.7138597 -0.05223923 -0.6983658 -0.7138321 -0.06027805 -0.8394219 -0.5401272 -0.06027787 -0.8394201 -0.5401301 -0.06529533 -0.9383971 -0.339334 -0.06529396 -0.9383919 -0.3393485 -0.06703758 -0.9903232 -0.1215159 -0.06704026 -0.9903317 -0.1214445 -0.01464474 -0.1016645 -0.994711 2.79781e-4 0.1217606 -0.9925595 2.8051e-4 0.1217595 -0.9925597 0.01519107 0.3390898 -0.9406314 0.01519089 0.3390765 -0.9406362 0.02933901 0.5393803 -0.8415511 0.02933603 0.5393512 -0.8415699 0.0420162 0.7126601 -0.7002501 0.04201662 0.712664 -0.7002462 0.05258429 0.8501572 -0.5238966 0.05258584 0.8501735 -0.5238701 0.06051999 0.9450798 -0.3211879 0.06052243 0.9450945 -0.3211439 0.06542062 0.9925919 -0.1023793 0.06541728 0.9925883 -0.102416 0.01464462 0.1016699 0.9947105 0.02883392 0.3199899 0.9469821 0.02883386 0.319982 0.9469848 0.04157781 0.5222565 0.8517744 0.04157757 0.5222533 0.8517764 0.05223852 0.6983757 0.7138225 0.05223864 0.6983563 0.7138414 0.06027728 0.8394045 0.5401544 0.0602771 0.8394041 0.540155 0.06529581 0.938407 0.3393067 0.06529498 0.938414 0.3392874 0.06703758 0.9903237 0.121511 0.06703597 0.9903278 0.1214783 0.01464486 0.1016652 0.994711 -2.79786e-4 -0.1217555 0.9925602 -2.79659e-4 -0.1217542 0.9925603 -0.01519125 -0.3390867 0.9406325 -0.01519119 -0.3390859 0.9406328 -0.02933686 -0.5393482 0.8415716 -0.02933877 -0.5393916 0.8415438 -0.04201745 -0.7126699 0.70024 -0.04201686 -0.7126382 0.7002725 -0.05258715 -0.8501617 0.523889 -0.05258786 -0.8501874 0.5238473 -0.06052118 -0.9450817 0.3211821 -0.06052142 -0.9450839 0.3211754 -0.06542068 -0.992592 0.1023784 -0.0654217 -0.9925881 0.1024159 -0.01464414 -0.1016392 -0.9947136 -0.02883589 -0.3199887 -0.9469824 -0.02883607 -0.3199994 -0.9469788 -0.04157781 -0.5222675 -0.8517675 -0.04158008 -0.5222426 -0.8517827 -0.05223751 -0.6983319 -0.7138655 -0.05224239 -0.6983897 -0.7138085 -0.06028121 -0.8394342 -0.5401078 -0.06027537 -0.8394061 -0.5401521 -0.0652948 -0.9384074 -0.3393057 -0.065297 -0.9384102 -0.3392975 -0.06703835 -0.9903264 -0.121489 -0.06703948 -0.9903172 -0.1215631 -0.01464527 -0.1016543 -0.994712 2.78339e-4 0.1217269 -0.9925637 2.79423e-4 0.1217493 -0.9925609 0.01519262 0.33908 -0.9406349 0.01518648 0.3390632 -0.9406411 0.0293402 0.5394045 -0.8415355 0.02933818 0.5394145 -0.8415293 0.04201531 0.7126321 -0.7002787 0.04201638 0.7126615 -0.7002488 0.05258446 0.8501642 -0.5238854 0.0525881 0.850186 -0.5238496 0.06052136 0.9450973 -0.3211359 0.0605179 0.9450768 -0.3211969 0.065418 0.992586 -0.1024384 0.06541663 0.9925868 -0.1024312 0.01464551 0.1016665 0.9947108 0.02883177 0.3199559 0.9469937 0.02883285 0.3199902 0.9469822 0.04157871 0.5222744 0.8517633 0.04157578 0.5222427 0.851783 0.05223709 0.698359 0.713839 0.05224138 0.6983808 0.7138174 0.06027454 0.839399 0.5401633 0.06027489 0.8394187 0.5401327 0.06529325 0.9384224 0.3392642 0.06529426 0.9383886 0.3393577 0.06703895 0.9903216 0.1215276 0.06703794 0.9903258 0.1214948 0.0146479 0.1016902 0.9947082 -2.81615e-4 -0.1217712 0.9925583 -2.81603e-4 -0.1217659 0.9925589 -0.01519012 -0.3390479 0.9406465 -0.01519048 -0.3390678 0.9406393 -0.02933895 -0.5394096 0.8415323 -0.02933967 -0.5393908 0.8415443 -0.04201608 -0.7126575 0.7002528 -0.04201662 -0.7126415 0.7002691 -0.05258679 -0.8501728 0.5238712 -0.05258572 -0.8501955 0.5238343 -0.0605219 -0.945088 0.3211631 -0.06052088 -0.9450556 0.321259 -0.06542199 -0.9925839 0.1024556 -0.06541925 -0.9925938 0.1023626 0.01464313 0.1016651 0.994711 0.02883321 0.3199824 0.9469847 0.02883505 0.3199898 0.9469822 0.04157841 0.5222489 0.8517791 0.04157853 0.5222507 0.8517779 0.05223655 0.6983591 0.7138389 0.05223828 0.6983233 0.7138738 0.06028008 0.8394421 0.5400956 0.06027752 0.8394173 0.5401346 0.06529599 0.9383972 0.3393337 0.06529468 0.9383855 0.339366 0.06704145 0.990322 0.1215236 0.06703716 0.9903361 0.1214108 0.01464575 0.1016797 0.9947094 -2.79427e-4 -0.1217513 0.9925607 -2.79446e-4 -0.1217815 0.9925569 -0.01519131 -0.3390973 0.9406287 -0.01518768 -0.3390414 0.9406489 -0.02933859 -0.5393592 0.8415647 -0.0293405 -0.5394064 0.8415343 -0.04201668 -0.7126516 0.7002588 -0.04201668 -0.7126568 0.7002535 -0.05258661 -0.8501837 0.5238535 -0.05258601 -0.8501644 0.5238847 -0.06051981 -0.9450691 0.3212191 -0.06052196 -0.9450948 0.3211433 -0.06541603 -0.9925928 0.1023736 -0.06542026 -0.9925845 0.1024508 -0.01464504 -0.1016415 -0.9947134 -0.02883791 -0.3200198 -0.9469719 -0.02883237 -0.3199844 -0.9469839 -0.04157781 -0.5222687 -0.8517668 -0.04157865 -0.5222744 -0.8517634 -0.05223608 -0.6983374 -0.7138602 -0.05223679 -0.6983321 -0.7138653 -0.06027847 -0.839431 -0.540113 -0.06027543 -0.8394169 -0.5401355 -0.06529504 -0.9384038 -0.3393155 -0.06529366 -0.9384022 -0.3393201 -0.06703782 -0.9903234 -0.1215137 -0.06703728 -0.9903259 -0.1214937 -0.014642 -0.1016285 -0.9947147 2.79454e-4 0.1217631 -0.9925593 2.81584e-4 0.1217471 -0.9925612 0.01519143 0.3390768 -0.9406361 0.01518684 0.3390485 -0.9406464 0.0293346 0.5393361 -0.8415795 0.02933889 0.5393989 -0.8415393 0.04202061 0.7126951 -0.7002143 0.04201394 0.7126331 -0.7002778 0.05258601 0.8501859 -0.5238498 0.05259054 0.8502029 -0.5238218 0.06051999 0.9450642 -0.3212336 0.0605247 0.9450817 -0.3211812 0.06542181 0.9925941 -0.1023575 0.0654174 0.992587 -0.102429 -0.9977499 0.06659662 0.007756829 -0.9977501 0.06659686 0.007730543 -0.9977501 0.06656497 0.008001685 -0.9977506 0.06656432 0.007939159 -0.9977504 0.06657946 0.007828295 -0.9977506 0.06657934 0.00780785 -0.9977506 0.06656777 0.007898449 -0.9977503 0.06656777 0.007952928 -0.9977503 0.0665763 0.007878005 -0.9977505 0.06657665 0.007839977 -0.9977505 0.0665692 0.007910072 -0.9977505 0.06656861 0.007911443 -0.9977505 0.0665751 0.007861018 -0.9977505 0.0665754 0.007860183 -0.9977505 0.06656891 0.007913231 -0.9977506 0.06656891 0.007908165 -0.9977505 0.06657636 0.00784862 -0.9977503 0.06657594 0.007873773 -0.9977503 0.06657677 0.007869184 -0.99775 0.06657612 0.00792104 -0.9977499 0.0665794 0.007897973 -0.9977506 0.06657922 0.007813453 -0.9977505 0.06656622 0.007933318 -0.99775 0.06656527 0.008004724 -0.99775 0.06659817 0.007732391 -0.9977496 0.06659662 0.007793068 -0.9977494 0.06656569 0.008078694 -0.9977501 0.06656312 0.00801295 -0.9977499 0.06658405 0.007852196 -0.9977505 0.06658416 0.007784903 -0.9977504 0.06656754 0.007928669 -0.9977506 0.06656736 0.007908225 -0.9977506 0.06657737 0.007831931 -0.9977504 0.06657618 0.00787115 -0.9977504 0.06656855 0.007941126 -0.9977506 0.06656831 0.007911026 -0.9977505 0.066576 0.007849395 -0.9977505 0.06657665 0.007855474 -0.9977505 0.06656867 0.007916152 -0.9977505 0.06656867 0.007916569 -0.9977505 0.06657612 0.007857024 -0.9977506 0.06657582 0.007842481 -0.9977506 0.06656831 0.007912278 -0.9977503 0.06656789 0.007942438 -0.9977504 0.06657612 0.007868409 -0.9977506 0.06657665 0.007832944 -0.9977506 0.06656754 0.007913231 -0.9977505 0.0665667 0.007926166 -0.9977505 0.06658446 0.007780015 -0.9977499 0.06658345 0.007860064 -0.9977499 0.0665664 0.008014738 -0.9977496 0.06656581 0.008042514 -0.9977507 0.06658464 0.007753014 -0.9977497 0.06659954 0.007755756 -0.9977501 0.06656616 0.007998764 -0.9977504 0.06656843 0.007929325 -0.9977504 0.06657868 0.007832467 -0.9977499 0.06657874 0.007898271 -0.9977501 0.0665763 0.007911026 -0.9977503 0.06657725 0.007868528 -0.9977505 0.06657499 0.007874548 -0.9977504 0.06657987 0.007847726 -0.9977505 0.06656867 0.007909595 -0.9977505 0.06656742 0.007914841 -0.9977505 0.06657534 0.0078606 -0.9977506 0.06657463 0.007856428 -0.9977504 0.06656944 0.007914423 -0.9977505 0.06656914 0.007913351 -0.9977505 0.06657725 0.007842361 -0.9977504 0.06657552 0.0078727 -0.9977502 0.06656849 0.007951974 -0.9977506 0.06656795 0.007904469 -0.9977505 0.0665813 0.007811248 -0.9977506 0.06657624 0.007833659 -0.9977506 0.06656539 0.007932007 -0.9977499 0.06656897 0.007986187 -0.9977502 0.06656253 0.008005619 -0.9977536 0.0665661 0.007525503 -0.9977498 0.06655967 0.008083581 -0.9977501 0.06656426 0.008007526 -0.9977499 0.06658291 0.00786221 -0.9977506 0.06658214 0.007776796 -0.9977508 0.06656485 0.00791943 -0.9977505 0.06656926 0.007916212 -0.9977505 0.06657689 0.007835805 -0.9977503 0.06657588 0.007873952 -0.9977504 0.06656867 0.007940709 -0.9977506 0.06656914 0.007907927 -0.9977506 0.06657534 0.007845699 -0.9977503 0.06657928 0.007856607 -0.9977505 0.06656795 0.007918179 -0.9977506 0.06656694 0.00791639 -0.9977505 0.06657665 0.007855653 -0.9977507 0.06657379 0.007848083 -0.9977505 0.06656873 0.007908523 -0.9977502 0.06656962 0.007941305 -0.9977504 0.06657558 0.007871806 -0.9977505 0.06657844 0.007834911 -0.9977508 0.06656533 0.007908821 -0.9977504 0.06657046 0.007922768 -0.9977507 0.06658071 0.007789075 -0.9977496 0.06658965 0.007863759 -0.9977498 0.06656861 0.008008658 -0.9977508 0.06654721 0.008049547 -0.02058243 0.9997356 0.0102573 -0.1938499 0.980966 0.01131981 -0.1938335 0.9809693 0.0113182 -0.3612568 0.9323887 0.01203703 -0.361271 0.9323832 0.01203846 -0.5176721 0.8554894 0.01239138 -0.5176972 0.8554742 0.01239407 -0.6584076 0.75256 0.01237004 -0.6583791 0.7525851 0.01236665 -0.7790709 0.6268217 0.01196748 -0.7790778 0.6268131 0.01196843 -0.8761116 0.4819784 0.01120525 -0.8761107 0.4819797 0.01120519 -0.9465088 0.3225203 0.01010167 -0.9465078 0.3225228 0.01010167 -0.9881378 0.153324 0.008691728 -0.9881444 0.1532807 0.008695423 -0.02058243 0.9997356 0.0102573 0.1533463 0.9881326 0.008882939 0.1533371 0.988134 0.008883953 0.3226386 0.9464946 0.007238507 0.3226382 0.9464948 0.007238447 0.482076 0.876113 0.005373716 0.4820564 0.8761237 0.005376219 0.6268723 0.7791149 0.00334841 0.6268815 0.7791075 0.003347158 0.7526485 0.6584215 0.001217901 0.7526412 0.6584299 0.001219093 0.8555216 0.5177663 -9.4696e-4 0.8555412 0.5177341 -9.50955e-4 0.9324433 0.3613032 -0.003088951 0.9324321 0.3613323 -0.003085911 0.9810037 0.1939219 -0.005129396 0.9810028 0.1939262 -0.005129039 0.9997624 0.02064192 -0.007016718 0.9997624 0.02064079 -0.007016777 0.02059936 -0.9997353 -0.01025593 0.1938571 -0.9809646 -0.01131916 0.1938655 -0.9809628 -0.01131832 0.3612713 -0.9323831 -0.01203703 0.3612421 -0.9323945 -0.01203989 0.517717 -0.8554622 -0.01239281 0.5176973 -0.8554742 -0.01239478 0.6583564 -0.7526047 -0.01237165 0.6583979 -0.7525684 -0.01236665 0.7790941 -0.6267928 -0.01196736 0.7790864 -0.6268025 -0.01196837 0.8761149 -0.481972 -0.01120525 0.8760958 -0.4820069 -0.01120901 0.9464944 -0.3225623 -0.0101059 0.9465065 -0.3225265 -0.01010221 0.9881446 -0.1532807 -0.008691608 0.9881447 -0.153279 -0.00869131 0.02054995 -0.9997362 -0.01026034 -0.1533863 -0.9881264 -0.008885502 -0.1533301 -0.9881351 -0.008880972 -0.3226246 -0.9464994 -0.007235884 -0.3226231 -0.9465 -0.007235586 -0.482063 -0.8761202 -0.005372047 -0.4820751 -0.8761135 -0.005373179 -0.6268827 -0.7791065 -0.003345906 -0.6268597 -0.779125 -0.003343641 -0.7526484 -0.6584216 -0.001213788 -0.7526485 -0.6584215 -0.001213788 -0.8555214 -0.5177666 9.52052e-4 -0.8555368 -0.5177415 9.49701e-4 -0.9324432 -0.3613036 0.003086805 -0.9324346 -0.3613258 0.003088712 -0.9810029 -0.1939257 0.005132794 -0.9810031 -0.1939247 0.005132794 -0.9997623 -0.02064061 0.00702089 -0.9997623 -0.02064156 0.00702089</float_array>
          <technique_common>
            <accessor source="#Leg_A_006-mesh-normals-array" count="2838" stride="3">
              <param name="X" type="float"/>
              <param name="Y" type="float"/>
              <param name="Z" type="float"/>
            </accessor>
          </technique_common>
        </source>
        <vertices id="Leg_A_006-mesh-vertices">
          <input semantic="POSITION" source="#Leg_A_006-mesh-positions"/>
        </vertices>
        <triangles count="2832">
          <input semantic="VERTEX" source="#Leg_A_006-mesh-vertices" offset="0"/>
          <input semantic="NORMAL" source="#Leg_A_006-mesh-normals" offset="1"/>
          <p>0 0 3 0 6 0 10 1 13 1 17 1 21 2 24 2 28 2 31 3 34 3 37 3 37 4 34 4 40 4 40 5 34 5 44 5 44 6 34 6 48 6 52 7 17 7 13 7 56 8 59 8 62 8 66 9 69 9 34 9 69 10 72 10 34 10 72 11 75 11 34 11 75 12 48 12 34 12 78 13 81 13 84 13 78 14 84 14 87 14 78 15 87 15 91 15 78 16 91 16 94 16 78 17 94 17 97 17 78 18 97 18 101 18 104 19 107 19 111 19 104 20 111 20 114 20 104 21 114 21 117 21 104 22 117 22 121 22 104 23 121 23 125 23 104 24 125 24 128 24 132 25 135 25 138 25 132 26 138 26 142 26 132 27 142 27 145 27 132 28 145 28 148 28 132 29 148 29 151 29 132 30 151 30 107 30 154 31 6 31 3 31 154 32 3 32 157 32 154 33 157 33 160 33 154 34 160 34 164 34 154 35 164 35 34 35 154 36 34 36 31 36 167 37 170 37 173 37 167 38 173 38 176 38 167 39 176 39 179 39 167 40 179 40 182 40 167 41 182 41 185 41 167 42 185 42 188 42 167 43 188 43 192 43 167 44 192 44 195 44 167 45 195 45 199 45 167 46 199 46 3 46 167 47 3 47 0 47 167 48 0 48 202 48 167 49 202 49 206 49 167 50 206 50 209 50 167 51 209 51 212 51 167 52 212 52 215 52 167 53 215 53 218 53 167 54 218 54 221 54 167 55 221 55 225 55 167 56 225 56 228 56 167 57 228 57 231 57 235 58 167 58 231 58 235 59 231 59 81 59 235 60 81 60 78 60 235 61 78 61 241 61 235 62 241 62 244 62 235 63 244 63 247 63 235 64 247 64 250 64 235 65 250 65 254 65 235 66 254 66 257 66 235 67 257 67 260 67 235 68 260 68 263 68 267 69 66 69 34 69 267 70 34 70 270 70 267 71 270 71 273 71 267 72 273 72 276 72 267 73 276 73 279 73 282 74 285 74 128 74 282 75 128 75 125 75 282 76 125 76 288 76 282 77 288 77 292 77 282 78 292 78 296 78 282 79 296 79 299 79 282 80 299 80 302 80 282 81 302 81 170 81 282 82 170 82 167 82 125 83 121 83 305 83 125 84 305 84 308 84 125 85 308 85 311 85 125 86 311 86 314 86 125 87 314 87 317 87 125 88 317 88 320 88 125 89 320 89 323 89 125 90 323 90 326 90 125 91 326 91 330 91 125 92 330 92 13 92 125 93 13 93 10 93 125 94 10 94 334 94 125 95 334 95 337 95 125 96 337 96 340 96 125 97 340 97 343 97 107 98 104 98 347 98 107 99 347 99 350 99 107 100 350 100 353 100 107 101 353 101 356 101 107 102 356 102 360 102 107 103 360 103 364 103 107 104 364 104 367 104 107 105 367 105 370 105 107 106 370 106 373 106 107 107 373 107 377 107 107 108 377 108 132 108 381 109 21 109 28 109 381 110 28 110 384 110 381 111 384 111 387 111 381 112 387 112 125 112 381 113 125 113 343 113 199 114 195 114 391 114 199 115 391 115 395 115 199 116 395 116 398 116 138 117 401 117 405 117 138 118 405 118 408 118 138 119 408 119 411 119 138 120 411 120 414 120 138 121 414 121 418 121 138 122 418 122 52 122 138 123 52 123 13 123 138 124 13 124 421 124 138 125 421 125 424 125 138 126 424 126 428 126 138 127 428 127 432 127 138 128 432 128 436 128 138 129 436 129 439 129 138 130 439 130 443 130 138 131 443 131 446 131 138 132 446 132 449 132 138 133 449 133 142 133 452 134 235 134 263 134 452 135 263 135 457 135 452 136 457 136 460 136 452 137 460 137 463 137 452 138 463 138 466 138 452 139 466 139 469 139 452 140 469 140 138 140 452 141 138 141 135 141 452 142 135 142 473 142 91 143 279 143 94 143 94 144 279 144 276 144 24 145 21 145 476 145 476 146 21 146 480 146 476 147 480 147 483 147 483 148 480 148 486 148 486 149 480 149 489 149 486 150 489 150 492 150 492 151 489 151 495 151 492 152 495 152 498 152 498 153 495 153 501 153 498 154 501 154 504 154 504 155 501 155 508 155 508 156 501 156 398 156 508 157 398 157 395 157 512 158 516 158 519 158 519 159 516 159 405 159 519 160 405 160 401 160 56 161 62 161 522 161 522 162 62 162 516 162 522 163 516 163 512 163 62 164 59 164 526 164 526 165 59 165 529 165 526 166 529 166 532 166 532 167 529 167 535 167 532 168 535 168 539 168 539 169 535 169 542 169 539 170 542 170 546 170 539 171 546 171 549 171 549 172 546 172 552 172 549 173 552 173 555 173 555 174 101 174 549 174 549 175 101 175 97 175 560 176 563 176 565 176 563 177 569 177 565 177 572 178 574 178 579 178 582 179 585 179 588 179 595 180 599 180 600 180 603 181 608 181 610 181 614 182 608 182 603 182 619 183 608 183 614 183 585 184 582 184 623 184 626 185 627 185 630 185 608 186 636 186 639 186 608 187 642 187 636 187 608 188 619 188 642 188 645 189 649 189 652 189 645 190 652 190 654 190 645 191 654 191 658 191 645 192 658 192 661 192 645 193 661 193 664 193 645 194 664 194 669 194 560 195 565 195 671 195 560 196 671 196 674 196 560 197 674 197 677 197 560 198 677 198 680 198 560 199 680 199 683 199 560 200 683 200 687 200 560 201 687 201 690 201 560 202 690 202 694 202 560 203 694 203 697 203 560 204 697 204 701 204 560 205 701 205 705 205 706 206 669 206 711 206 706 207 711 207 714 207 706 208 714 208 717 208 706 209 717 209 720 209 706 210 720 210 723 210 706 211 723 211 725 211 730 212 732 212 574 212 730 213 574 213 572 213 730 214 572 214 738 214 730 215 738 215 742 215 730 216 742 216 745 216 730 217 745 217 748 217 730 218 748 218 752 218 730 219 752 219 565 219 730 220 565 220 569 220 701 221 753 221 757 221 701 222 757 222 761 222 701 223 761 223 764 223 701 224 764 224 768 224 701 225 768 225 772 225 701 226 772 226 776 226 701 227 776 227 781 227 701 228 781 228 785 228 701 229 785 229 788 229 701 230 788 230 705 230 790 231 753 231 701 231 790 232 701 232 794 232 790 233 794 233 799 233 802 234 789 234 798 234 803 235 799 235 806 235 803 236 806 236 809 236 803 237 809 237 812 237 803 238 812 238 815 238 803 239 815 239 818 239 827 240 829 240 831 240 827 241 831 241 803 241 827 242 803 242 818 242 827 243 818 243 834 243 827 244 834 244 837 244 827 245 837 245 840 245 827 246 840 246 843 246 827 247 843 247 847 247 827 248 847 248 851 248 827 249 851 249 652 249 827 250 652 250 649 250 826 251 648 251 857 251 652 252 858 252 861 252 652 253 861 253 864 253 652 254 864 254 867 254 652 255 867 255 588 255 652 256 588 256 585 256 652 257 585 257 870 257 652 258 870 258 874 258 652 259 874 259 877 259 652 260 877 260 880 260 652 261 880 261 883 261 652 262 883 262 886 262 652 263 886 263 889 263 652 264 889 264 892 264 652 265 892 265 895 265 652 266 895 266 654 266 669 267 706 267 899 267 669 268 899 268 902 268 669 269 902 269 906 269 669 270 906 270 911 270 669 271 911 271 915 271 669 272 915 272 918 272 669 273 918 273 922 273 669 274 922 274 926 274 669 275 926 275 929 275 669 276 929 276 932 276 669 277 932 277 645 277 933 278 858 278 652 278 933 279 652 279 939 279 933 280 939 280 942 280 933 281 942 281 595 281 933 282 595 282 600 282 697 283 943 283 949 283 697 284 949 284 953 284 697 285 953 285 701 285 723 286 720 286 956 286 723 287 956 287 959 287 723 288 959 288 963 288 723 289 963 289 966 289 723 290 966 290 970 290 723 291 970 291 974 291 723 292 974 292 978 292 723 293 978 293 981 293 723 294 981 294 985 294 723 295 985 295 585 295 723 296 585 296 623 296 723 297 623 297 989 297 723 298 989 298 992 298 723 299 992 299 995 299 723 300 995 300 998 300 723 301 998 301 1001 301 723 302 1001 302 1002 302 732 303 1008 303 1011 303 732 304 1011 304 1015 304 732 305 1015 305 1018 305 732 306 1018 306 1021 306 732 307 1021 307 1024 307 732 308 1024 308 1027 308 732 309 1027 309 574 309 1028 310 1031 310 725 310 1028 311 725 311 723 311 1028 312 723 312 1036 312 1028 313 1036 313 1039 313 1028 314 1039 314 1042 314 1028 315 1042 315 1045 315 1028 316 1045 316 1049 316 1028 317 1049 317 1052 317 1028 318 1052 318 1008 318 1028 319 1008 319 732 319 1053 320 1057 320 1060 320 1060 321 1057 321 694 321 1060 322 694 322 690 322 1066 323 1069 323 1072 323 1072 324 1069 324 579 324 1072 325 579 325 1075 325 1075 326 579 326 574 326 1075 327 574 327 1078 327 1081 328 1082 328 1087 328 1087 329 1082 329 600 329 1087 330 600 330 599 330 1091 331 1092 331 1098 331 1098 332 1092 332 1099 332 1098 333 1099 333 1104 333 1104 334 1099 334 1105 334 1104 335 1105 335 1110 335 1110 336 1105 336 1082 336 1110 337 1082 337 1081 337 949 338 943 338 1113 338 1113 339 943 339 1092 339 1113 340 1092 340 1091 340 610 341 608 341 1114 341 1114 342 608 342 1117 342 1114 343 1117 343 1121 343 1121 344 1117 344 1053 344 1122 345 1054 345 1061 345 1002 346 1001 346 1125 346 1125 347 1001 347 1132 347 1125 348 1132 348 1133 348 1133 349 1132 349 1136 349 1136 350 1132 350 626 350 1136 351 626 351 630 351 1140 352 1144 352 1150 352 1150 353 1144 353 1151 353 1150 354 1151 354 1156 354 1156 355 1151 355 1157 355 1156 356 1157 356 1162 356 1162 357 1157 357 627 357 1162 358 627 358 626 358 1163 359 1166 359 1172 359 1172 360 1166 360 1140 360 1172 361 1140 361 1150 361 574 362 1173 362 1078 362 1078 363 1173 363 1163 363 1078 364 1163 364 1172 364 639 365 1178 365 608 365 608 366 1178 366 1181 366 608 367 1181 367 1184 367 1184 368 1181 368 1069 368 1184 369 1069 369 1066 369 174 370 817 370 178 370 177 371 816 371 814 371 177 372 814 372 181 372 180 373 813 373 811 373 180 374 811 374 184 374 183 375 810 375 808 375 183 376 808 376 187 376 186 377 807 377 801 377 186 378 801 378 191 378 190 379 800 379 797 379 189 380 796 380 194 380 193 381 795 381 702 381 193 382 702 382 198 382 817 383 174 383 819 383 820 384 175 384 172 384 820 385 172 385 836 385 835 386 171 386 304 386 835 387 304 387 839 387 838 388 303 388 301 388 838 389 301 389 842 389 841 390 300 390 298 390 841 391 298 391 846 391 845 392 297 392 295 392 844 393 294 393 850 393 848 394 293 394 290 394 849 395 291 395 853 395 852 396 289 396 127 396 852 397 127 397 653 397 487 398 1080 398 485 398 484 399 1079 399 1086 399 484 400 1086 400 479 400 478 401 1085 401 598 401 477 402 597 402 27 402 25 403 596 403 593 403 26 404 594 404 30 404 29 405 592 405 941 405 29 406 941 406 386 406 385 407 940 407 938 407 385 408 938 408 390 408 389 409 937 409 651 409 388 410 650 410 126 410 1080 411 487 411 1108 411 1109 412 488 412 494 412 1109 413 494 413 1103 413 1102 414 493 414 500 414 1102 415 500 415 1097 415 1096 416 499 416 507 416 1095 417 506 417 1090 417 1088 418 505 418 510 418 1089 419 511 419 1112 419 1111 420 509 420 397 420 1111 421 397 421 948 421 947 422 396 422 394 422 946 423 393 423 952 423 950 424 392 424 196 424 951 425 197 425 700 425 51 426 616 426 45 426 47 427 617 427 605 427 46 428 604 428 41 428 43 429 606 429 612 429 42 430 611 430 38 430 39 431 613 431 1115 431 39 432 1115 432 32 432 33 433 1116 433 1123 433 33 434 1123 434 155 434 156 435 1124 435 1062 435 156 436 1062 436 7 436 9 437 1063 437 693 437 8 438 692 438 2 438 615 439 50 439 620 439 618 440 49 440 76 440 618 441 76 441 640 441 641 442 77 442 73 442 641 443 73 443 634 443 635 444 74 444 70 444 635 445 70 445 637 445 638 446 71 446 67 446 638 447 67 447 1176 447 1177 448 68 448 268 448 1177 449 268 449 1179 449 1180 450 269 450 280 450 1180 451 280 451 1067 451 1068 452 281 452 92 452 1068 453 92 453 576 453 223 454 750 454 226 454 227 455 751 455 746 455 227 456 746 456 229 456 230 457 747 457 743 457 230 458 743 458 232 458 233 459 744 459 739 459 234 460 740 460 82 460 83 461 741 461 736 461 83 462 736 462 85 462 86 463 737 463 570 463 86 464 570 464 88 464 90 465 571 465 578 465 89 466 577 466 93 466 749 467 222 467 564 467 566 468 224 468 219 468 566 469 219 469 672 469 673 470 220 470 216 470 673 471 216 471 675 471 676 472 217 472 213 472 676 473 213 473 678 473 679 474 214 474 210 474 679 475 210 475 681 475 682 476 211 476 207 476 682 477 207 477 684 477 685 478 208 478 203 478 686 479 204 479 688 479 689 480 205 480 1 480 689 481 1 481 691 481 530 482 1153 482 538 482 536 483 1152 483 1146 483 537 484 1147 484 545 484 544 485 1145 485 1143 485 543 486 1142 486 548 486 547 487 1141 487 1168 487 547 488 1168 488 554 488 553 489 1167 489 1165 489 553 490 1165 490 557 490 556 491 1164 491 1175 491 556 492 1175 492 103 492 102 493 1174 493 575 493 102 494 575 494 80 494 1153 495 530 495 1158 495 1159 496 531 496 61 496 1159 497 61 497 629 497 628 498 60 498 58 498 628 499 58 499 633 499 632 500 57 500 525 500 631 501 524 501 1139 501 1137 502 523 502 514 502 1138 503 515 503 1135 503 1134 504 513 504 521 504 1134 505 521 505 1128 505 1126 506 520 506 403 506 1127 507 404 507 1005 507 1004 508 402 508 141 508 1003 509 140 509 724 509 261 510 1051 510 266 510 264 511 1050 511 1047 511 265 512 1048 512 459 512 458 513 1046 513 1044 513 458 514 1044 514 462 514 461 515 1043 515 1041 515 461 516 1041 516 465 516 464 517 1040 517 1038 517 464 518 1038 518 468 518 467 519 1037 519 1035 519 467 520 1035 520 472 520 470 521 1034 521 721 521 471 522 722 522 139 522 1051 523 261 523 1006 523 1007 524 262 524 259 524 1007 525 259 525 1010 525 1009 526 258 526 256 526 1009 527 256 527 1014 527 1013 528 255 528 253 528 1012 529 252 529 1017 529 1016 530 251 530 249 530 1016 531 249 531 1020 531 1019 532 248 532 246 532 1019 533 246 533 1023 533 1022 534 245 534 243 534 1022 535 243 535 1026 535 1025 536 242 536 79 536 1025 537 79 537 573 537 110 538 666 538 112 538 113 539 667 539 662 539 113 540 662 540 115 540 116 541 663 541 659 541 116 542 659 542 118 542 120 543 660 543 656 543 119 544 655 544 122 544 123 545 657 545 896 545 124 546 897 546 306 546 307 547 898 547 893 547 307 548 893 548 309 548 310 549 894 549 891 549 310 550 891 550 313 550 665 551 109 551 670 551 668 552 108 552 152 552 668 553 152 553 709 553 710 554 153 554 149 554 710 555 149 555 712 555 713 556 150 556 146 556 713 557 146 557 715 557 716 558 147 558 143 558 716 559 143 559 718 559 719 560 144 560 450 560 719 561 450 561 954 561 955 562 451 562 447 562 955 563 447 563 957 563 958 564 448 564 444 564 958 565 444 565 960 565 15 566 983 566 422 566 423 567 984 567 979 567 423 568 979 568 425 568 426 569 980 569 975 569 427 570 976 570 429 570 430 571 977 571 971 571 431 572 972 572 433 572 435 573 973 573 968 573 434 574 967 574 437 574 438 575 969 575 964 575 438 576 964 576 440 576 442 577 965 577 962 577 441 578 961 578 445 578 982 579 14 579 584 579 587 580 16 580 332 580 586 581 331 581 871 581 872 582 333 582 327 582 873 583 328 583 875 583 876 584 329 584 324 584 876 585 324 585 878 585 879 586 325 586 321 586 879 587 321 587 881 587 882 588 322 588 318 588 882 589 318 589 884 589 885 590 319 590 315 590 885 591 315 591 887 591 888 592 316 592 312 592 888 593 312 593 890 593 777 594 773 594 1187 594 1187 595 773 595 1189 595 1196 596 1198 596 1202 596 1195 597 1201 597 1206 597 1194 598 1205 598 1211 598 1193 599 1210 599 1214 599 1194 600 1215 600 1218 600 1194 601 1218 601 1222 601 1193 602 1221 602 1225 602 1195 603 1226 603 1230 603 1193 604 1229 604 728 604 1194 605 729 605 568 605 1194 606 568 606 1235 606 1236 607 1240 607 1192 607 1236 608 1192 608 1233 608 1236 609 1233 609 1244 609 1236 610 1244 610 1247 610 1236 611 1247 611 1250 611 1236 612 1250 612 1253 612 1236 613 1253 613 1257 613 1236 614 1257 614 1261 614 1236 615 1261 615 1185 615 1236 616 1185 616 1188 616 1236 617 1188 617 1264 617 1264 618 1188 618 1268 618 1264 619 1268 619 1272 619 1264 620 1272 620 1275 620 1264 621 1275 621 1279 621 1264 622 1279 622 1283 622 1264 623 1283 623 1287 623 1264 624 1287 624 1290 624 1264 625 1290 625 1293 625 1264 626 1293 626 1299 626 704 627 1248 627 558 627 559 628 1249 628 1245 628 559 629 1245 629 561 629 562 630 1246 630 1234 630 562 631 1234 631 567 631 1248 632 704 632 1252 632 1251 633 703 633 787 633 1251 634 787 634 1256 634 1254 635 786 635 783 635 1255 636 784 636 1260 636 1258 637 782 637 779 637 1259 638 780 638 1263 638 1262 639 778 639 775 639 1262 640 775 640 1186 640 1297 641 1291 641 804 641 1297 642 804 642 833 642 1297 643 833 643 1304 643 1298 644 1305 644 1309 644 1296 645 1308 645 1312 645 1296 646 1312 646 1315 646 1297 647 1316 647 1321 647 1296 648 1320 648 1325 648 1297 649 1326 649 1330 649 1298 650 1331 650 1335 650 1295 651 1334 651 1338 651 1281 652 754 652 1284 652 1285 653 756 653 791 653 1286 654 792 654 1288 654 1289 655 793 655 805 655 1289 656 805 656 1292 656 755 657 1282 657 760 657 759 658 1280 658 1278 658 758 659 1277 659 763 659 762 660 1276 660 1274 660 762 661 1274 661 767 661 766 662 1273 662 1271 662 765 663 1270 663 771 663 769 664 1269 664 1190 664 770 665 1191 665 774 665 1341 666 1337 666 1345 666 1345 667 1337 667 1333 667 1344 668 1332 668 1349 668 1349 669 1332 669 1329 669 1348 670 1327 670 1353 670 1354 671 1328 671 1324 671 1352 672 1323 672 1359 672 1358 673 1322 673 1319 673 1200 674 1361 674 1204 674 1204 675 1361 675 1369 675 1203 676 1368 676 1209 676 1208 677 1367 677 1372 677 1207 678 1371 678 1213 678 1213 679 1371 679 1375 679 1212 680 1374 680 1217 680 1217 681 1374 681 1379 681 1216 682 1378 682 1220 682 1220 683 1378 683 1383 683 1357 684 1317 684 1387 684 1388 685 1318 685 1314 685 1386 686 1313 686 1391 686 1391 687 1313 687 1311 687 1390 688 1310 688 1395 688 1395 689 1310 689 1307 689 1394 690 1306 690 1399 690 1399 691 1306 691 1303 691 1398 692 1302 692 830 692 830 693 1302 693 832 693 1219 694 1382 694 1224 694 1224 695 1382 695 1401 695 1223 696 1400 696 1228 696 1228 697 1400 697 1405 697 1227 698 1404 698 1232 698 1232 699 1404 699 1409 699 1231 700 1408 700 731 700 731 701 1408 701 733 701 1414 702 1418 702 1420 702 1414 703 1420 703 1425 703 1414 704 1425 704 1433 704 1414 705 1433 705 1436 705 1414 706 1436 706 1445 706 1446 707 1437 707 1450 707 1445 708 1449 708 1453 708 1447 709 1454 709 1458 709 1448 710 1459 710 1464 710 1445 711 1463 711 1478 711 1482 712 1478 712 1463 712 1484 713 1465 713 1486 713 1481 714 1485 714 1490 714 1483 715 1491 715 1495 715 1482 716 1494 716 1300 716 1482 717 1300 717 1294 717 1482 718 1294 718 1336 718 1482 719 1336 719 1340 719 1360 720 1199 720 1241 720 1241 721 1199 721 1197 721 1500 722 1504 722 1507 722 240 723 456 723 1512 723 239 724 1511 724 1516 724 239 725 1516 725 1519 725 239 726 1519 726 1522 726 240 727 1523 727 1528 727 239 728 1527 728 1532 728 238 729 1531 729 1535 729 240 730 1536 730 1540 730 237 731 1539 731 1543 731 1549 732 239 732 1544 732 1550 733 1545 733 1555 733 1549 734 1554 734 1239 734 1548 735 1238 735 1560 735 1549 736 1561 736 1565 736 1549 737 1565 737 1570 737 1548 738 1569 738 1573 738 1549 739 1574 739 1577 739 1584 740 1590 740 1595 740 1580 741 1593 741 1598 741 1582 742 1600 742 1030 742 1582 743 1030 743 735 743 1581 744 734 744 1410 744 1585 745 1411 745 1407 745 1581 746 1406 746 1402 746 1582 747 1403 747 1384 747 1582 748 1384 748 1381 748 1581 749 1380 749 1376 749 1582 750 1377 750 1373 750 1582 751 1373 751 1370 751 1582 752 1370 752 1362 752 1366 753 1606 753 1610 753 1362 754 1609 754 1613 754 1362 755 1613 755 1617 755 1363 756 1618 756 1622 756 1362 757 1621 757 1625 757 1364 758 1626 758 1631 758 1362 759 1630 759 1634 759 1362 760 1634 760 1638 760 1362 761 1638 761 1641 761 1364 762 1642 762 1645 762 1365 763 1646 763 1583 763 1243 764 1239 764 1554 764 1243 765 1554 765 1651 765 1242 766 1650 766 1654 766 1243 767 1655 767 1659 767 1242 768 1658 768 1604 768 1243 769 1605 769 1362 769 1666 770 1672 770 1676 770 1667 771 1678 771 1681 771 1668 772 1682 772 1686 772 1667 773 1685 773 1689 773 1668 774 1690 774 1694 774 1665 775 1693 775 1698 775 1667 776 1700 776 1705 776 1711 777 1549 777 1577 777 1711 778 1577 778 1717 778 1713 779 1718 779 1722 779 1711 780 1721 780 1507 780 1711 781 1507 781 1504 781 1708 782 1503 782 1726 782 1709 783 1727 783 1731 783 1712 784 1732 784 1737 784 1711 785 1736 785 1741 785 1711 786 1741 786 1746 786 1710 787 1745 787 1750 787 1710 788 1750 788 1753 788 1711 789 1754 789 1758 789 1710 790 1757 790 1677 790 1711 791 1678 791 1673 791 455 792 1030 792 1600 792 454 793 1599 793 1761 793 456 794 1762 794 1767 794 455 795 1766 795 1771 795 455 796 1771 796 1774 796 455 797 1774 797 1511 797 1779 798 1784 798 1421 798 1780 799 1422 799 1790 799 1779 800 1789 800 1793 800 1780 801 1794 801 1798 801 1780 802 1798 802 1801 802 1780 803 1801 803 1804 803 1781 804 1805 804 1809 804 1780 805 1808 805 1813 805 1779 806 1812 806 1816 806 1780 807 1817 807 1820 807 1780 808 1820 808 1705 808 1780 809 1705 809 1700 809 1778 810 1699 810 1824 810 1777 811 1823 811 1829 811 1431 812 1835 812 1840 812 1426 813 1839 813 1843 813 1430 814 1844 814 1848 814 1427 815 1847 815 1851 815 1430 816 1852 816 1857 816 1428 817 1856 817 1860 817 1428 818 1860 818 1865 818 1427 819 1864 819 1869 819 1430 820 1870 820 1874 820 1429 821 1873 821 1879 821 1428 822 1878 822 1504 822 1428 823 1504 823 1500 823 1423 824 1785 824 1884 824 1421 825 1883 825 1888 825 1423 826 1889 826 1834 826 1422 827 1833 827 1428 827 1649 828 1553 828 1892 828 1894 829 1556 829 1899 829 1893 830 1898 830 1904 830 1902 831 1897 831 1908 831 1903 832 1909 832 1912 832 1912 833 1909 833 1917 833 1913 834 1918 834 1922 834 1922 835 1918 835 1927 835 1921 836 1926 836 1930 836 1930 837 1926 837 1933 837 1930 838 1933 838 1937 838 1938 839 1934 839 1942 839 1937 840 1941 840 1946 840 1946 841 1941 841 1950 841 1946 842 1950 842 1953 842 1953 843 1950 843 1957 843 1953 844 1957 844 1960 844 1960 845 1957 845 1964 845 1960 846 1964 846 1968 846 1968 847 1964 847 1971 847 1968 848 1971 848 1975 848 1975 849 1971 849 1980 849 1976 850 1981 850 1985 850 1985 851 1981 851 1989 851 1984 852 1988 852 1588 852 1589 853 1989 853 1594 853 1830 854 1825 854 1992 854 1992 855 1825 855 1997 855 1992 856 1997 856 2002 856 2001 857 1996 857 2006 857 2001 858 2006 858 2009 858 2009 859 2006 859 2013 859 2009 860 2013 860 2017 860 2017 861 2013 861 2020 861 2017 862 2020 862 2023 862 2023 863 2020 863 2026 863 2023 864 2026 864 2030 864 2031 865 2027 865 2036 865 2030 866 2035 866 2040 866 2040 867 2035 867 2045 867 2041 868 2046 868 2050 868 2050 869 2046 869 2055 869 2049 870 2053 870 2058 870 2059 871 2054 871 2064 871 2060 872 2065 872 2070 872 2070 873 2065 873 2075 873 2069 874 2074 874 2079 874 2079 875 2074 875 2083 875 2078 876 2082 876 2088 876 2089 877 2084 877 2094 877 2090 878 2095 878 1880 878 1877 879 2093 879 1503 879 1799 880 2098 880 1803 880 1803 881 2098 881 2103 881 2107 882 2116 882 2121 882 2108 883 2122 883 2124 883 2108 884 2124 884 2127 884 2105 885 2126 885 2130 885 2108 886 2131 886 2101 886 2107 887 2100 887 2096 887 2108 888 2097 888 2135 888 2106 889 2134 889 2138 889 2107 890 2139 890 2143 890 2107 891 2143 891 1415 891 2107 892 1415 892 2147 892 2157 893 2147 893 1413 893 1413 894 2147 894 1415 894 1419 895 1416 895 1787 895 1788 896 1417 896 2145 896 1786 897 2144 897 1792 897 1792 898 2144 898 2142 898 1791 899 2141 899 1797 899 1796 900 2140 900 2137 900 1795 901 2136 901 1800 901 1800 902 2136 902 2099 902 2118 903 2113 903 2158 903 2118 904 2158 904 2162 904 2118 905 2162 905 2165 905 2118 906 2165 906 2168 906 2118 907 2168 907 2171 907 2118 908 2171 908 2174 908 2118 909 2174 909 2178 909 2118 910 2178 910 2181 910 2118 911 2181 911 2184 911 2119 912 2185 912 2189 912 2118 913 2188 913 2192 913 2118 914 2192 914 2195 914 2118 915 2195 915 2198 915 2118 916 2198 916 2201 916 2118 917 2201 917 2204 917 2118 918 2204 918 2207 918 2118 919 2207 919 2210 919 2118 920 2210 920 2213 920 2118 921 2213 921 2216 921 2118 922 2216 922 2219 922 2118 923 2219 923 2222 923 2118 924 2222 924 2225 924 2118 925 2225 925 2228 925 2118 926 2228 926 2232 926 2120 927 2233 927 2237 927 2118 928 2236 928 1819 928 2241 929 2246 929 2249 929 2243 930 2250 930 2254 930 2242 931 2253 931 2257 931 2242 932 2257 932 2260 932 2242 933 2260 933 2264 933 2242 934 2264 934 2268 934 2242 935 2268 935 2272 935 2242 936 2272 936 2275 936 2242 937 2275 937 2280 937 2242 938 2280 938 2283 938 2242 939 2283 939 2286 939 2242 940 2286 940 2289 940 2242 941 2289 941 2292 941 2242 942 2292 942 2295 942 2242 943 2295 943 2298 943 2242 944 2298 944 2301 944 2242 945 2301 945 2304 945 2242 946 2304 946 2307 946 2242 947 2307 947 2310 947 2242 948 2310 948 2313 948 2242 949 2313 949 2316 949 2242 950 2316 950 2319 950 2242 951 2319 951 2113 951 2275 952 2272 952 2322 952 2275 953 2322 953 2325 953 2275 954 2325 954 2328 954 2275 955 2328 955 2331 955 2275 956 2331 956 2334 956 2275 957 2334 957 2337 957 2275 958 2337 958 2340 958 2113 959 2319 959 2344 959 2113 960 2344 960 2347 960 2113 961 2347 961 2350 961 2113 962 2350 962 2353 962 2113 963 2353 963 2356 963 2113 964 2356 964 2359 964 2113 965 2359 965 2362 965 2113 966 2362 966 2365 966 2113 967 2365 967 2368 967 2114 968 2369 968 2159 968 1701 969 1819 969 2236 969 1703 970 2238 970 2373 970 1701 971 2372 971 2376 971 1701 972 2376 972 2379 972 1701 973 2379 973 2382 973 1702 974 2383 974 2387 974 1701 975 2386 975 2390 975 1701 976 2390 976 2393 976 1701 977 2393 977 2396 977 1701 978 2396 978 2399 978 1701 979 2399 979 2402 979 1701 980 2402 980 2405 980 1701 981 2405 981 2340 981 2340 982 2405 982 2408 982 2340 983 2408 983 2411 983 2340 984 2411 984 2414 984 2340 985 2414 985 2418 985 2340 986 2418 986 2422 986 2340 987 2422 987 2425 987 2340 988 2425 988 2428 988 2340 989 2428 989 2431 989 2340 990 2431 990 2435 990 2340 991 2435 991 2438 991 2340 992 2438 992 2441 992 2340 993 2441 993 2445 993 2341 994 2446 994 2276 994 1802 995 2102 995 1807 995 1807 996 2102 996 2133 996 1806 997 2132 997 1811 997 1811 998 2132 998 2129 998 1810 999 2128 999 1815 999 1815 1000 2128 1000 2125 1000 1814 1001 2123 1001 1818 1001 1818 1002 2123 1002 2117 1002 824 1003 284 1003 1339 1003 824 1004 1339 1004 1342 1004 825 1005 1343 1005 1347 1005 824 1006 1346 1006 1351 1006 823 1007 1350 1007 1355 1007 824 1008 1356 1008 1385 1008 824 1009 1385 1009 1389 1009 824 1010 1389 1010 1392 1010 825 1011 1393 1011 1397 1011 822 1012 1396 1012 828 1012 284 1013 169 1013 1339 1013 1339 1014 169 1014 2453 1014 1339 1015 2453 1015 1480 1015 914 1016 366 1016 916 1016 916 1017 366 1017 361 1017 1033 1018 1029 1018 475 1018 475 1019 1029 1019 453 1019 1032 1020 474 1020 727 1020 727 1021 474 1021 137 1021 726 1022 136 1022 708 1022 708 1023 136 1023 134 1023 707 1024 133 1024 901 1024 901 1025 133 1025 380 1025 900 1026 379 1026 905 1026 904 1027 378 1027 376 1027 903 1028 375 1028 909 1028 908 1029 374 1029 372 1029 907 1030 371 1030 912 1030 912 1031 371 1031 369 1031 910 1032 368 1032 913 1032 913 1033 368 1033 365 1033 856 1034 287 1034 821 1034 821 1035 287 1035 283 1035 917 1036 362 1036 919 1036 920 1037 363 1037 357 1037 921 1038 359 1038 924 1038 923 1039 358 1039 354 1039 925 1040 355 1040 927 1040 927 1041 355 1041 351 1041 928 1042 352 1042 930 1042 930 1043 352 1043 348 1043 931 1044 349 1044 643 1044 643 1045 349 1045 105 1045 644 1046 106 1046 646 1046 646 1047 106 1047 129 1047 647 1048 130 1048 854 1048 855 1049 131 1049 286 1049 2455 1050 2274 1050 2457 1050 2457 1051 2274 1051 2269 1051 2463 1052 2468 1052 2473 1052 2463 1053 2475 1053 2468 1053 2482 1054 2487 1054 2492 1054 2494 1055 2468 1055 2497 1055 2501 1056 2507 1056 2511 1056 2498 1057 2469 1057 2513 1057 2513 1058 2469 1058 2476 1058 2516 1059 2519 1059 2524 1059 2527 1060 2474 1060 2469 1060 2531 1061 2536 1061 2541 1061 2530 1062 2540 1062 2544 1062 2530 1063 2544 1063 2547 1063 2530 1064 2547 1064 2550 1064 2530 1065 2550 1065 2552 1065 2530 1066 2552 1066 2554 1066 2530 1067 2554 1067 2557 1067 2531 1068 2558 1068 2563 1068 2569 1069 2572 1069 2575 1069 2569 1070 2575 1070 2579 1070 2569 1071 2579 1071 2583 1071 2569 1072 2583 1072 2586 1072 2569 1073 2586 1073 2589 1073 2569 1074 2589 1074 2593 1074 2569 1075 2593 1075 2596 1075 2569 1076 2596 1076 2599 1076 2569 1077 2599 1077 2603 1077 2569 1078 2603 1078 2607 1078 2569 1079 2607 1079 2610 1079 2569 1080 2610 1080 2613 1080 2569 1081 2613 1081 2616 1081 2569 1082 2616 1082 2619 1082 2569 1083 2619 1083 2623 1083 2569 1084 2623 1084 2460 1084 2569 1085 2460 1085 2629 1085 2568 1086 2628 1086 2633 1086 2570 1087 2634 1087 2639 1087 2569 1088 2638 1088 2642 1088 2460 1089 2623 1089 2646 1089 2459 1090 2645 1090 2649 1090 2461 1091 2650 1091 2654 1091 2658 1092 2491 1092 2486 1092 2661 1093 2488 1093 2664 1093 2661 1094 2664 1094 2668 1094 2660 1095 2667 1095 2672 1095 2456 1096 2460 1096 2653 1096 2456 1097 2653 1097 2659 1097 2456 1098 2659 1098 2671 1098 2456 1099 2671 1099 2676 1099 2677 1100 2682 1100 2684 1100 2676 1101 2683 1101 2687 1101 2677 1102 2688 1102 2692 1102 2676 1103 2691 1103 2695 1103 2676 1104 2695 1104 2699 1104 2676 1105 2699 1105 2456 1105 2149 1106 1671 1106 2704 1106 2151 1107 2706 1107 2710 1107 2148 1108 2709 1108 2713 1108 2149 1109 2714 1109 2716 1109 2149 1110 2716 1110 2718 1110 2149 1111 2718 1111 2721 1111 2149 1112 2721 1112 2725 1112 2149 1113 2725 1113 2731 1113 2149 1114 2731 1114 2735 1114 2149 1115 2735 1115 2738 1115 2150 1116 2739 1116 2744 1116 2149 1117 2743 1117 2110 1117 2704 1118 1671 1118 1662 1118 2704 1119 1662 1119 2751 1119 2703 1120 2750 1120 2754 1120 2705 1121 2755 1121 2758 1121 2705 1122 2758 1122 2765 1122 2599 1123 2494 1123 2497 1123 2600 1124 2498 1124 2769 1124 2599 1125 2768 1125 2772 1125 2600 1126 2773 1126 2604 1126 2109 1127 2742 1127 2777 1127 2111 1128 2778 1128 2782 1128 2110 1129 2781 1129 2786 1129 2110 1130 2786 1130 2790 1130 2110 1131 2790 1131 2793 1131 2110 1132 2793 1132 2796 1132 2110 1133 2796 1133 2800 1133 2112 1134 2801 1134 2805 1134 2110 1135 2804 1135 2811 1135 2729 1136 2724 1136 2813 1136 2732 1137 2814 1137 2819 1137 2731 1138 2818 1138 2822 1138 2733 1139 2823 1139 2827 1139 2731 1140 2826 1140 2830 1140 2731 1141 2830 1141 2833 1141 2731 1142 2833 1142 2836 1142 2731 1143 2836 1143 2839 1143 2731 1144 2839 1144 2530 1144 2731 1145 2530 1145 2561 1145 2732 1146 2562 1146 2843 1146 2731 1147 2842 1147 2848 1147 2730 1148 2847 1148 2851 1148 2731 1149 2852 1149 2856 1149 2731 1150 2856 1150 2859 1150 2731 1151 2859 1151 2863 1151 2730 1152 2862 1152 2869 1152 2571 1153 2810 1153 2872 1153 2571 1154 2872 1154 2875 1154 2572 1155 2876 1155 2879 1155 2572 1156 2879 1156 2508 1156 2572 1157 2508 1157 2502 1157 2762 1158 2880 1158 2886 1158 2764 1159 2887 1159 2890 1159 2764 1160 2890 1160 2894 1160 2764 1161 2894 1161 2897 1161 2764 1162 2897 1162 2901 1162 2763 1163 2900 1163 2904 1163 2766 1164 2905 1164 2537 1164 2764 1165 2535 1165 2530 1165 2760 1166 2529 1166 2909 1166 2765 1167 2910 1167 2914 1167 2764 1168 2913 1168 2917 1168 2764 1169 2917 1169 2920 1169 2764 1170 2920 1170 2924 1170 2765 1171 2925 1171 2928 1171 2765 1172 2928 1172 2933 1172 2764 1173 2932 1173 2937 1173 2761 1174 2936 1174 2703 1174 2681 1175 2940 1175 2941 1175 2681 1176 2941 1176 2944 1176 2681 1177 2944 1177 2947 1177 2681 1178 2947 1178 2951 1178 2680 1179 2950 1179 2956 1179 1661 1180 2956 1180 2961 1180 1662 1181 2962 1181 2966 1181 1663 1182 2967 1182 2971 1182 1662 1183 2970 1183 2974 1183 1662 1184 2974 1184 2977 1184 1662 1185 2977 1185 2980 1185 1663 1186 2981 1186 2984 1186 1663 1187 2984 1187 2988 1187 1660 1188 2987 1188 2750 1188 1662 1189 2989 1189 2957 1189 2957 1190 2989 1190 2992 1190 2957 1191 2992 1191 2681 1191 2681 1192 2992 1192 2683 1192 2482 1193 2492 1193 2997 1193 2998 1194 2493 1194 3002 1194 2997 1195 3001 1195 3005 1195 3005 1196 3001 1196 3009 1196 3005 1197 3009 1197 3013 1197 3012 1198 3008 1198 3016 1198 3013 1199 3017 1199 2468 1199 2467 1200 3016 1200 3021 1200 2469 1201 3022 1201 2527 1201 2572 1202 2569 1202 2811 1202 2811 1203 2569 1203 3025 1203 2811 1204 3025 1204 2110 1204 2110 1205 3025 1205 3028 1205 2869 1206 2862 1206 3031 1206 3032 1207 2863 1207 3033 1207 3032 1208 3033 1208 3038 1208 3039 1209 3044 1209 3033 1209 3033 1210 3044 1210 3047 1210 3033 1211 3047 1211 3038 1211 2502 1212 2512 1212 3039 1212 3039 1213 2512 1213 3051 1213 3039 1214 3051 1214 3044 1214 2887 1215 2881 1215 2524 1215 2524 1216 2881 1216 3052 1216 2524 1217 3052 1217 2516 1217 2524 1218 2519 1218 3057 1218 3057 1219 2519 1219 3058 1219 3057 1220 3058 1220 3061 1220 3057 1221 3061 1221 2940 1221 2940 1222 3061 1222 3064 1222 2940 1223 3064 1223 2941 1223 2991 1224 1664 1224 2343 1224 2343 1225 1664 1225 1704 1225 2990 1226 2342 1226 2994 1226 2994 1227 2342 1227 2339 1227 2993 1228 2338 1228 2686 1228 2686 1229 2338 1229 2336 1229 2685 1230 2335 1230 2690 1230 2690 1231 2335 1231 2333 1231 2689 1232 2332 1232 2694 1232 2694 1233 2332 1233 2330 1233 2693 1234 2329 1234 2697 1234 2697 1235 2329 1235 2327 1235 2696 1236 2326 1236 2700 1236 2700 1237 2326 1237 2324 1237 2698 1238 2323 1238 2454 1238 2454 1239 2323 1239 2273 1239 3027 1240 2245 1240 2104 1240 2104 1241 2245 1241 2115 1241 2458 1242 2271 1242 2626 1242 2625 1243 2270 1243 2265 1243 2627 1244 2266 1244 2630 1244 2631 1245 2267 1245 2261 1245 2632 1246 2262 1246 2635 1246 2636 1247 2263 1247 2258 1247 2637 1248 2259 1248 2640 1248 2640 1249 2259 1249 2255 1249 2641 1250 2256 1250 2566 1250 2566 1251 2256 1251 2251 1251 2567 1252 2252 1252 3023 1252 3023 1253 2252 1253 2247 1253 3024 1254 2248 1254 3026 1254 3026 1255 2248 1255 2244 1255 3068 1256 1559 1256 3074 1256 3073 1257 1557 1257 1237 1257 3073 1258 1237 1258 1265 1258 1558 1259 3067 1259 1562 1259 1563 1260 3069 1260 3078 1260 1564 1261 3079 1261 1566 1261 1567 1262 3080 1262 3083 1262 1568 1263 3084 1263 1571 1263 3095 1264 3105 1264 3110 1264 3095 1265 3110 1265 3114 1265 3096 1266 3115 1266 3119 1266 3094 1267 3118 1267 3122 1267 3095 1268 3123 1268 3127 1268 3094 1269 3126 1269 3131 1269 3095 1270 3132 1270 3136 1270 3094 1271 3135 1271 3139 1271 3095 1272 3140 1272 3143 1272 3095 1273 3143 1273 1462 1273 3105 1274 1469 1274 3146 1274 3105 1275 3146 1275 3150 1275 3105 1276 3150 1276 3153 1276 3105 1277 3153 1277 3157 1277 3104 1278 3156 1278 3160 1278 3105 1279 3161 1279 3164 1279 3105 1280 3164 1280 3167 1280 3105 1281 3167 1281 3170 1281 3105 1282 3170 1282 3173 1282 3105 1283 3173 1283 3178 1283 3104 1284 3177 1284 3181 1284 3105 1285 3182 1285 3187 1285 3104 1286 3186 1286 3190 1286 3104 1287 3190 1287 3194 1287 3106 1288 3195 1288 3111 1288 1467 1289 3198 1289 3202 1289 1468 1290 3203 1290 3207 1290 1469 1291 3208 1291 3212 1291 1469 1292 3212 1292 3215 1292 1471 1293 3216 1293 3220 1293 1469 1294 3219 1294 3223 1294 1469 1295 3223 1295 3227 1295 1468 1296 3226 1296 3230 1296 1468 1297 3230 1297 3233 1297 1469 1298 3234 1298 3238 1298 1468 1299 3237 1299 3241 1299 1469 1300 3242 1300 3245 1300 1469 1301 3245 1301 3248 1301 1470 1302 3249 1302 3147 1302 1462 1303 3143 1303 3252 1303 1462 1304 3252 1304 3256 1304 1461 1305 3255 1305 3259 1305 1462 1306 3260 1306 3264 1306 1462 1307 3264 1307 3267 1307 1462 1308 3267 1308 3199 1308 1462 1309 3199 1309 1469 1309 1575 1310 1572 1310 3268 1310 3268 1311 1572 1311 3085 1311 3276 1312 1439 1312 3286 1312 3283 1313 1438 1313 1435 1313 3282 1314 1434 1314 3290 1314 1440 1315 3277 1315 1451 1315 1452 1316 3281 1316 3293 1316 1452 1317 3293 1317 1455 1317 1457 1318 3295 1318 3092 1318 1456 1319 3091 1319 1460 1319 1424 1320 1498 1320 1432 1320 1432 1321 1498 1321 3288 1321 3299 1322 1487 1322 3302 1322 3305 1323 1489 1323 1466 1323 3305 1324 1466 1324 3097 1324 1488 1325 3300 1325 1493 1325 1492 1326 3296 1326 3310 1326 1492 1327 3310 1327 1497 1327 1496 1328 3307 1328 1266 1328 1496 1329 1266 1329 1301 1329 1719 1330 3313 1330 1506 1330 1505 1331 3312 1331 3289 1331 1505 1332 3289 1332 1499 1332 3313 1333 1719 1333 3317 1333 3318 1334 1720 1334 1714 1334 3319 1335 1715 1335 3323 1335 3324 1336 1716 1336 1576 1336 3324 1337 1576 1337 3269 1337 3274 1338 3329 1338 3333 1338 3272 1339 3332 1339 3338 1339 3271 1340 3337 1340 3344 1340 3270 1341 3342 1341 3325 1341 3348 1342 3336 1342 3330 1342 3335 1343 3347 1343 3354 1343 3357 1344 3350 1344 3359 1344 3356 1345 3358 1345 3367 1345 3368 1346 3361 1346 3089 1346 3369 1347 3090 1347 3294 1347 3370 1348 3326 1348 3343 1348 3327 1349 3371 1349 3320 1349 3322 1350 3372 1350 3377 1350 3321 1351 3376 1351 3314 1351 3316 1352 3378 1352 3285 1352 3315 1353 3284 1353 3291 1353 3383 1354 3346 1354 3339 1354 3345 1355 3382 1355 3373 1355 3374 1356 3384 1356 3388 1356 3375 1357 3389 1357 3379 1357 3380 1358 3390 1358 3278 1358 3381 1359 3279 1359 3287 1359 3352 1360 3340 1360 3334 1360 3341 1361 3353 1361 3385 1361 3386 1362 3355 1362 3364 1362 3387 1363 3365 1363 3391 1363 3392 1364 3366 1364 3292 1364 3392 1365 3292 1365 3280 1365 3351 1366 3394 1366 3360 1366 3363 1367 3396 1367 3103 1367 3362 1368 3102 1368 3093 1368 3394 1369 3351 1369 3401 1369 3398 1370 3349 1370 3331 1370 3398 1371 3331 1371 3407 1371 3403 1372 3328 1372 3273 1372 3404 1373 3275 1373 3088 1373 3101 1374 3395 1374 3412 1374 3100 1375 3411 1375 3417 1375 3099 1376 3416 1376 3421 1376 3098 1377 3420 1377 3306 1377 3399 1378 3409 1378 3393 1378 3410 1379 3400 1379 3427 1379 3423 1380 3397 1380 3405 1380 3424 1381 3406 1381 3433 1381 3430 1382 3402 1382 3087 1382 3429 1383 3086 1383 3082 1383 3437 1384 3303 1384 3418 1384 3304 1385 3438 1385 3301 1385 3298 1386 3434 1386 3444 1386 3297 1387 3443 1387 3311 1387 3308 1388 3440 1388 3075 1388 3309 1389 3076 1389 1267 1389 3449 1390 3419 1390 3413 1390 3419 1391 3449 1391 3439 1391 3435 1392 3446 1392 3453 1392 3436 1393 3454 1393 3445 1393 3441 1394 3451 1394 3070 1394 3442 1395 3071 1395 3077 1395 3426 1396 3415 1396 3408 1396 3414 1397 3425 1397 3450 1397 3448 1398 3422 1398 3432 1398 3447 1399 3431 1399 3455 1399 3452 1400 3428 1400 3081 1400 3452 1401 3081 1401 3072 1401 3456 1402 3460 1402 3464 1402 3468 1403 3473 1403 3477 1403 3483 1404 3486 1404 3490 1404 3495 1405 3499 1405 3502 1405 3504 1406 3472 1406 3467 1406 3504 1407 3467 1407 3509 1407 3504 1408 3509 1408 3513 1408 3504 1409 3513 1409 3516 1409 3503 1410 3515 1410 3518 1410 3504 1411 3519 1411 3522 1411 3505 1412 3523 1412 3527 1412 3504 1413 3526 1413 3532 1413 3503 1414 3531 1414 3536 1414 3505 1415 3537 1415 3540 1415 3545 1416 3498 1416 3493 1416 3547 1417 3494 1417 3550 1417 3547 1418 3550 1418 3554 1418 3547 1419 3554 1419 3558 1419 3547 1420 3558 1420 3561 1420 3547 1421 3561 1421 3564 1421 3547 1422 3564 1422 3568 1422 3547 1423 3568 1423 3572 1423 3546 1424 3571 1424 3575 1424 3546 1425 3575 1425 3578 1425 3547 1426 3579 1426 3513 1426 3547 1427 3513 1427 3509 1427 3581 1428 3587 1428 3592 1428 3580 1429 3591 1429 3595 1429 3584 1430 3596 1430 3600 1430 3581 1431 3599 1431 3603 1431 3584 1432 3604 1432 3608 1432 3581 1433 3607 1433 3611 1433 3581 1434 3611 1434 3614 1434 3582 1435 3615 1435 3618 1435 3583 1436 3619 1436 3623 1436 3582 1437 3622 1437 3627 1437 3632 1438 3618 1438 3615 1438 3632 1439 3615 1439 3635 1439 3632 1440 3635 1440 3641 1440 3631 1441 3640 1441 3644 1441 3632 1442 3645 1442 3648 1442 3632 1443 3648 1443 3651 1443 3632 1444 3651 1444 3654 1444 3632 1445 3654 1445 3657 1445 3632 1446 3657 1446 3661 1446 3631 1447 3660 1447 3664 1447 3632 1448 3665 1448 3668 1448 3632 1449 3668 1449 3671 1449 3674 1450 3678 1450 3683 1450 3682 1451 3677 1451 3627 1451 3682 1452 3627 1452 3622 1452 3673 1453 3686 1453 3677 1453 3677 1454 3686 1454 3464 1454 3677 1455 3464 1455 3460 1455 3689 1456 3693 1456 3696 1456 3696 1457 3693 1457 3699 1457 3696 1458 3699 1458 3703 1458 3703 1459 3699 1459 3460 1459 3703 1460 3460 1460 3456 1460 3707 1461 3710 1461 3713 1461 3713 1462 3710 1462 3716 1462 3713 1463 3716 1463 3720 1463 3720 1464 3716 1464 3724 1464 3720 1465 3724 1465 3728 1465 3728 1466 3724 1466 3693 1466 3728 1467 3693 1467 3689 1467 3731 1468 3734 1468 3738 1468 3738 1469 3734 1469 3741 1469 3738 1470 3741 1470 3745 1470 3745 1471 3741 1471 3710 1471 3745 1472 3710 1472 3707 1472 3476 1473 3471 1473 3748 1473 3750 1474 3473 1474 3735 1474 3749 1475 3734 1475 3731 1475 3755 1476 3758 1476 3762 1476 3763 1477 3759 1477 3672 1477 3762 1478 3671 1478 3668 1478 3755 1479 3762 1479 3766 1479 3766 1480 3762 1480 3483 1480 3766 1481 3483 1481 3490 1481 3770 1482 3773 1482 3777 1482 3777 1483 3773 1483 3780 1483 3777 1484 3780 1484 3784 1484 3784 1485 3780 1485 3486 1485 3784 1486 3486 1486 3483 1486 3788 1487 3792 1487 3797 1487 3796 1488 3791 1488 3800 1488 3796 1489 3800 1489 3803 1489 3803 1490 3800 1490 3807 1490 3803 1491 3807 1491 3811 1491 3811 1492 3807 1492 3770 1492 3811 1493 3770 1493 3777 1493 3814 1494 3817 1494 3820 1494 3820 1495 3817 1495 3823 1495 3820 1496 3823 1496 3827 1496 3827 1497 3823 1497 3787 1497 3827 1498 3787 1498 3796 1498 3502 1499 3831 1499 3495 1499 3494 1500 3830 1500 3814 1500 3494 1501 3814 1501 3820 1501 3511 1502 3832 1502 3514 1502 3517 1503 3835 1503 3837 1503 3517 1504 3837 1504 3520 1504 3521 1505 3838 1505 3841 1505 3521 1506 3841 1506 3524 1506 3525 1507 3842 1507 3845 1507 3525 1508 3845 1508 3528 1508 3529 1509 3846 1509 3849 1509 3530 1510 3850 1510 3533 1510 3535 1511 3851 1511 3855 1511 3534 1512 3854 1512 3538 1512 3539 1513 3856 1513 3858 1513 3539 1514 3858 1514 3541 1514 3542 1515 3859 1515 3861 1515 3542 1516 3861 1516 3506 1516 3507 1517 3862 1517 3865 1517 3507 1518 3865 1518 3474 1518 3475 1519 3866 1519 3869 1519 3475 1520 3869 1520 3736 1520 3737 1521 3870 1521 3873 1521 3737 1522 3873 1522 3742 1522 3743 1523 3874 1523 3877 1523 3744 1524 3878 1524 3711 1524 3712 1525 3879 1525 3882 1525 3712 1526 3882 1526 3717 1526 3718 1527 3883 1527 3886 1527 3719 1528 3887 1528 3725 1528 3832 1529 3511 1529 3889 1529 3890 1530 3512 1530 3576 1530 3890 1531 3576 1531 3893 1531 3894 1532 3577 1532 3573 1532 3894 1533 3573 1533 3896 1533 3897 1534 3574 1534 3569 1534 3897 1535 3569 1535 3900 1535 3902 1536 3570 1536 3566 1536 3901 1537 3565 1537 3904 1537 3905 1538 3567 1538 3562 1538 3905 1539 3562 1539 3907 1539 3908 1540 3563 1540 3559 1540 3908 1541 3559 1541 3910 1541 3911 1542 3560 1542 3555 1542 3912 1543 3556 1543 3915 1543 3917 1544 3557 1544 3552 1544 3916 1545 3551 1545 3920 1545 3921 1546 3553 1546 3548 1546 3921 1547 3548 1547 3923 1547 3924 1548 3549 1548 3491 1548 3924 1549 3491 1549 3926 1549 3927 1550 3492 1550 3818 1550 3927 1551 3818 1551 3929 1551 3931 1552 3819 1552 3825 1552 3930 1553 3824 1553 3933 1553 3935 1554 3826 1554 3794 1554 3934 1555 3793 1555 3937 1555 3938 1556 3795 1556 3801 1556 3938 1557 3801 1557 3941 1557 3942 1558 3802 1558 3809 1558 3943 1559 3810 1559 3948 1559 3634 1560 3951 1560 3637 1560 3639 1561 3952 1561 3955 1561 3638 1562 3954 1562 3642 1562 3643 1563 3956 1563 3958 1563 3643 1564 3958 1564 3646 1564 3647 1565 3959 1565 3962 1565 3647 1566 3962 1566 3649 1566 3650 1567 3963 1567 3966 1567 3650 1568 3966 1568 3652 1568 3653 1569 3967 1570 3970 1571 3653 1569 3970 1571 3655 1572 3656 1573 3971 1574 3974 1575 3656 1573 3974 1575 3658 1576 3659 1577 3975 1577 3978 1577 3659 1578 3978 1578 3662 1578 3663 1579 3979 1579 3982 1579 3663 1580 3982 1580 3666 1580 3667 1581 3983 1581 3986 1581 3667 1582 3986 1582 3760 1582 3761 1583 3987 1583 3990 1583 3761 1584 3990 1584 3480 1584 3482 1585 3991 1585 3995 1585 3481 1586 3994 1586 3781 1586 3782 1587 3996 1587 3999 1587 3783 1588 4000 1588 3774 1588 3776 1589 4001 1589 3947 1589 3775 1590 3946 1590 3808 1590 3951 1591 3634 1591 4004 1591 4006 1592 3636 1592 3616 1592 4006 1593 3616 1593 4009 1593 4010 1594 3617 1594 3612 1594 4010 1595 3612 1595 4012 1595 4013 1596 3613 1596 3609 1596 4013 1597 3609 1597 4016 1597 4017 1598 3610 1598 3605 1598 4017 1599 3605 1599 4019 1599 4020 1600 3606 1600 3601 1600 4020 1601 3601 1601 4022 1601 4023 1602 3602 1602 3597 1602 4023 1603 3597 1603 4026 1603 4027 1604 3598 1604 3593 1604 4027 1605 3593 1605 4030 1605 4031 1606 3594 1606 3588 1606 4032 1607 3589 1607 4035 1607 4036 1608 3590 1608 3585 1608 4036 1609 3585 1609 4039 1609 4040 1610 3586 1610 3628 1610 4040 1611 3628 1611 4042 1611 4044 1612 3629 1612 3680 1612 4043 1613 3679 1613 4047 1613 4048 1614 3681 1614 3461 1614 4049 1615 3462 1615 4053 1615 4055 1616 3463 1616 3701 1616 4054 1617 3700 1617 4058 1617 4059 1618 3702 1618 3694 1618 4059 1619 3694 1619 4062 1619 4063 1620 3695 1620 3726 1620 4064 1621 3727 1621 3888 1621 3621 1622 3133 1622 3624 1622 3625 1623 3134 1623 3128 1623 3626 1624 3129 1624 3684 1624 3685 1625 3130 1625 3124 1625 3685 1626 3124 1626 3675 1626 3676 1627 3125 1627 3120 1627 3676 1628 3120 1628 3687 1628 3688 1629 3121 1629 3116 1629 3688 1630 3116 1630 3465 1630 3466 1631 3117 1631 3112 1631 3466 1632 3112 1632 3457 1632 3458 1633 3113 1633 3107 1633 3459 1634 3108 1634 3704 1634 3706 1635 3109 1635 3192 1635 3705 1636 3191 1636 3697 1636 3698 1637 3193 1637 3188 1637 3698 1638 3188 1638 3690 1638 3692 1639 3189 1639 3185 1639 3691 1640 3184 1640 3730 1640 3133 1641 3621 1641 3138 1641 3137 1642 3620 1642 3633 1642 3137 1643 3633 1643 3142 1643 3141 1644 3630 1644 3669 1644 3141 1645 3669 1645 3250 1645 3251 1646 3670 1646 3756 1646 3251 1647 3756 1647 3253 1647 3254 1648 3757 1648 3753 1648 3254 1649 3753 1649 3257 1649 3258 1650 3754 1650 3764 1650 3258 1651 3764 1651 3261 1651 3262 1652 3765 1652 3487 1652 3263 1653 3488 1653 3265 1653 3266 1654 3489 1654 3484 1654 3266 1655 3484 1655 3196 1655 3197 1656 3485 1656 3778 1656 3197 1657 3778 1657 3200 1657 3201 1658 3779 1658 3771 1658 3201 1659 3771 1659 3204 1659 3205 1660 3772 1660 3767 1660 3206 1661 3768 1661 3209 1661 3211 1662 3769 1662 3805 1662 3210 1663 3804 1663 3213 1663 3544 1664 3246 1664 3496 1664 3497 1665 3247 1665 3243 1665 3497 1666 3243 1666 3500 1666 3501 1667 3244 1667 3239 1667 3501 1668 3239 1668 3828 1668 3829 1669 3240 1669 3235 1669 3829 1670 3235 1670 3812 1670 3813 1671 3236 1671 3231 1671 3813 1672 3231 1672 3815 1672 3816 1673 3232 1673 3228 1673 3816 1674 3228 1674 3821 1674 3822 1675 3229 1675 3224 1675 3822 1676 3224 1676 3785 1676 3786 1677 3225 1677 3221 1677 3786 1678 3221 1678 3789 1678 3790 1679 3222 1679 3217 1679 3790 1680 3217 1680 3798 1680 3799 1681 3218 1681 3214 1681 3799 1682 3214 1682 3806 1682 3246 1683 3544 1683 3145 1683 3144 1684 3543 1684 3508 1684 3144 1685 3508 1685 3148 1685 3149 1686 3510 1686 3469 1686 3149 1687 3469 1687 3151 1687 3152 1688 3470 1688 3478 1688 3152 1689 3478 1689 3154 1689 3155 1690 3479 1690 3751 1690 3155 1691 3751 1691 3158 1691 3159 1692 3752 1692 3732 1692 3159 1693 3732 1693 3162 1693 3163 1694 3733 1694 3739 1694 3163 1695 3739 1695 3165 1695 3166 1696 3740 1696 3746 1696 3166 1697 3746 1697 3168 1697 3169 1698 3747 1698 3708 1698 3169 1699 3708 1699 3171 1699 3172 1700 3709 1700 3714 1700 3172 1701 3714 1701 3174 1701 3176 1702 3715 1702 3722 1702 3175 1703 3721 1703 3179 1703 3180 1704 3723 1704 3729 1704 3180 1705 3729 1705 3183 1705 1707 1706 2154 1706 1547 1706 1547 1707 2154 1707 2450 1707 1443 1708 1475 1708 3993 1708 1443 1709 3993 1709 3989 1709 1442 1710 3988 1710 3984 1710 1443 1711 3985 1711 3980 1711 1444 1712 3981 1712 3977 1712 1442 1713 3976 1713 3972 1713 1444 1714 3973 1714 3969 1714 1443 1715 3968 1715 3965 1715 1442 1716 3964 1716 3960 1716 1443 1717 3961 1717 3957 1717 1443 1718 3957 1718 3953 1718 1443 1719 3953 1719 4005 1719 1443 1720 4005 1720 4008 1720 1443 1721 4008 1721 4068 1721 1475 1722 4074 1722 3891 1722 1476 1723 3892 1723 3895 1723 1476 1724 3895 1724 3899 1724 1475 1725 3898 1725 3903 1725 1475 1726 3903 1726 3906 1726 1475 1727 3906 1727 3909 1727 1475 1728 3909 1728 3914 1728 1474 1729 3913 1729 3918 1729 1475 1730 3919 1730 3922 1730 1475 1731 3922 1731 3925 1731 1475 1732 3925 1732 3928 1732 1475 1733 3928 1733 3932 1733 1475 1734 3932 1734 3936 1734 1475 1735 3936 1735 3940 1735 1474 1736 3939 1736 3944 1736 1475 1737 3945 1737 3950 1737 1474 1738 3949 1738 4002 1738 1477 1739 4003 1739 3998 1739 1473 1740 3997 1740 3992 1740 4072 1741 4050 1741 4056 1741 4076 1742 4057 1742 4061 1742 4074 1743 4060 1743 3885 1743 4073 1744 3884 1744 3880 1744 4074 1745 3881 1745 3875 1745 4076 1746 3876 1746 3872 1746 4074 1747 3871 1747 3868 1747 4073 1748 3867 1748 3863 1748 4074 1749 3864 1749 3860 1749 4074 1750 3860 1750 3857 1750 4074 1751 3857 1751 3853 1751 4073 1752 3852 1752 3847 1752 4074 1753 3848 1753 3844 1753 4073 1754 3843 1754 3839 1754 4074 1755 3840 1755 3836 1755 4074 1756 3836 1756 3833 1756 4075 1757 3834 1757 3892 1757 4067 1758 4007 1758 4011 1758 4067 1759 4011 1759 4014 1759 4068 1760 4015 1760 4018 1760 4068 1761 4018 1761 4021 1761 4068 1762 4021 1762 4025 1762 4067 1763 4024 1763 4028 1763 4069 1764 4029 1764 4034 1764 4067 1765 4033 1765 4037 1765 4068 1766 4038 1766 4041 1766 4068 1767 4041 1767 4046 1767 4067 1768 4045 1768 4051 1768 4068 1769 4052 1769 4074 1769 168 1770 236 1770 2449 1770 2449 1771 236 1771 1546 1771 2146 1772 2152 1772 1669 1772 1670 1773 2153 1773 1706 1773 1441 1774 4065 1774 1412 1774 1412 1775 4065 1775 2155 1775 4066 1776 4071 1776 2156 1776 2156 1777 4071 1777 2452 1777 4070 1778 1472 1778 2451 1778 2451 1779 1472 1779 1479 1779 4077 1780 4081 1780 4084 1780 4084 1781 4081 1781 4088 1781 4093 1782 4098 1782 4101 1782 4105 1783 4108 1783 4111 1783 4114 1784 4117 1784 4120 1784 4124 1785 4127 1785 4130 1785 4134 1786 4137 1786 4142 1786 4146 1787 4150 1787 4154 1787 4145 1788 4153 1788 4157 1788 4145 1789 4157 1789 4161 1789 4145 1790 4161 1790 4164 1790 4145 1791 4164 1791 4166 1791 4145 1792 4166 1792 4169 1792 4145 1793 4169 1793 4172 1793 4145 1794 4172 1794 4176 1794 4182 1795 4188 1795 4192 1795 4181 1796 4191 1796 4098 1796 4179 1797 4097 1797 4092 1797 4196 1798 4200 1798 4203 1798 4197 1799 4204 1799 4208 1799 4196 1800 4207 1800 4187 1800 4195 1801 4186 1801 4180 1801 4212 1802 4217 1802 4221 1802 4212 1803 4221 1803 4226 1803 4213 1804 4227 1804 4232 1804 4212 1805 4231 1805 4200 1805 4212 1806 4200 1806 4196 1806 4212 1807 4196 1807 4235 1807 4212 1808 4235 1808 4238 1808 4212 1809 4238 1809 4241 1809 4212 1810 4241 1810 4244 1810 4221 1811 4217 1811 4248 1811 4221 1812 4248 1812 4251 1812 4221 1813 4251 1813 4254 1813 4221 1814 4254 1814 4257 1814 4221 1815 4257 1815 4260 1815 4221 1816 4260 1816 4263 1816 4221 1817 4263 1817 4266 1817 4221 1818 4266 1818 4270 1818 4274 1819 4279 1819 4283 1819 4273 1820 4282 1820 4286 1820 4273 1821 4286 1821 4290 1821 4273 1822 4290 1822 4297 1822 4273 1823 4297 1823 4301 1823 4307 1824 4310 1824 4314 1824 4306 1825 4313 1825 4318 1825 4304 1826 4317 1826 4321 1826 4306 1827 4322 1827 4326 1827 4305 1828 4325 1828 4329 1828 4305 1829 4329 1829 4332 1829 4305 1830 4332 1830 4335 1830 4305 1831 4335 1831 4339 1831 4305 1832 4339 1832 4342 1832 4305 1833 4342 1833 4346 1833 4350 1834 4356 1834 4244 1834 4351 1835 4245 1835 4360 1835 4350 1836 4359 1836 4364 1836 4349 1837 4363 1837 4367 1837 4350 1838 4368 1838 4371 1838 4350 1839 4371 1839 4374 1839 4350 1840 4374 1840 4377 1840 4350 1841 4377 1841 4381 1841 4350 1842 4381 1842 4385 1842 4350 1843 4385 1843 4388 1843 4350 1844 4388 1844 4392 1844 4350 1845 4392 1845 4395 1845 4350 1846 4395 1846 4398 1846 4350 1847 4398 1847 4402 1847 4352 1848 4403 1848 4408 1848 4350 1849 4407 1849 4411 1849 4350 1850 4411 1850 4335 1850 4350 1851 4335 1851 4332 1851 4381 1852 4377 1852 4415 1852 4382 1853 4416 1853 4420 1853 4381 1854 4419 1854 4423 1854 4426 1855 4430 1855 4434 1855 4426 1856 4434 1856 4440 1856 4426 1857 4440 1857 4444 1857 4426 1858 4444 1858 4447 1858 4427 1859 4448 1859 4278 1859 4434 1860 4430 1860 4451 1860 4434 1861 4451 1861 4454 1861 4434 1862 4454 1862 4457 1862 4434 1863 4457 1863 4460 1863 4434 1864 4460 1864 4463 1864 4434 1865 4463 1865 4466 1865 4434 1866 4466 1866 4469 1866 4434 1867 4469 1867 4108 1867 4434 1868 4108 1868 4105 1868 4472 1869 4475 1869 4479 1869 4472 1870 4479 1870 4482 1870 4472 1871 4482 1871 4485 1871 4472 1872 4485 1872 4111 1872 4472 1873 4111 1873 4108 1873 4346 1874 4342 1874 4488 1874 4346 1875 4488 1875 4491 1875 4346 1876 4491 1876 4494 1876 4346 1877 4494 1877 4475 1877 4346 1878 4475 1878 4472 1878 4277 1879 4273 1879 4498 1879 4277 1880 4498 1880 4501 1880 4277 1881 4501 1881 4504 1881 4277 1882 4504 1882 4507 1882 4277 1883 4507 1883 4510 1883 4277 1884 4510 1884 4513 1884 4277 1885 4513 1885 4516 1885 4277 1886 4516 1886 4519 1886 4277 1887 4519 1887 4522 1887 4277 1888 4522 1888 4525 1888 4277 1889 4525 1889 4528 1889 4277 1890 4528 1890 4531 1890 4277 1891 4531 1891 4534 1891 4277 1892 4534 1892 4537 1892 4277 1893 4537 1893 4541 1893 4277 1894 4541 1894 4426 1894 4433 1895 4544 1895 4548 1895 4434 1896 4549 1896 4552 1896 4434 1897 4552 1897 4555 1897 4434 1898 4555 1898 4559 1898 4434 1899 4559 1899 4562 1899 4435 1900 4563 1900 4567 1900 4436 1901 4568 1901 4150 1901 4434 1902 4149 1902 4145 1902 4434 1903 4145 1903 4571 1903 4434 1904 4571 1904 4574 1904 4434 1905 4574 1905 4577 1905 4436 1906 4578 1906 4582 1906 4434 1907 4581 1907 4585 1907 4436 1908 4586 1908 4590 1908 4434 1909 4589 1909 4593 1909 4434 1910 4593 1910 4597 1910 4437 1911 4598 1911 4441 1911 4411 1912 4601 1912 4604 1912 4411 1913 4604 1913 4607 1913 4411 1914 4607 1914 4610 1914 4411 1915 4610 1915 4613 1915 4412 1916 4614 1916 4336 1916 4356 1917 4350 1917 4618 1917 4356 1918 4618 1918 4621 1918 4356 1919 4621 1919 4624 1919 4356 1920 4624 1920 4627 1920 4356 1921 4627 1921 4630 1921 4356 1922 4630 1922 4633 1922 4356 1923 4633 1923 4636 1923 4294 1924 4289 1924 4640 1924 4296 1925 4641 1925 4645 1925 4297 1926 4646 1926 4649 1926 4297 1927 4649 1927 4653 1927 4298 1928 4654 1928 4658 1928 4297 1929 4657 1929 4661 1929 4297 1930 4661 1930 4664 1930 4297 1931 4664 1931 4668 1931 4298 1932 4669 1932 4146 1932 4297 1933 4145 1933 4176 1933 4293 1934 4175 1934 4672 1934 4298 1935 4673 1935 4677 1935 4297 1936 4676 1936 4680 1936 4297 1937 4680 1937 4684 1937 4297 1938 4684 1938 4687 1938 4297 1939 4687 1939 4691 1939 4296 1940 4690 1940 4694 1940 4226 1941 4221 1941 4699 1941 4225 1942 4698 1942 4702 1942 4226 1943 4703 1943 4706 1943 4226 1944 4706 1944 4127 1944 4226 1945 4127 1945 4124 1945 4355 1946 4709 1946 4713 1946 4355 1947 4713 1947 4716 1947 4356 1948 4717 1948 4721 1948 4355 1949 4720 1949 4725 1949 4356 1950 4726 1950 4729 1950 4356 1951 4729 1951 4732 1951 4356 1952 4732 1952 4212 1952 4356 1953 4212 1953 4244 1953 4295 1954 4133 1954 4141 1954 4297 1955 4142 1955 4735 1955 4297 1956 4735 1956 4738 1956 4297 1957 4738 1957 4741 1957 4297 1958 4741 1958 4744 1958 4297 1959 4744 1959 4747 1959 4297 1960 4747 1960 4750 1960 4297 1961 4750 1961 4754 1961 4297 1962 4754 1962 4301 1962 4757 1963 4142 1963 4137 1963 4757 1964 4137 1964 4760 1964 4757 1965 4760 1965 4763 1965 4757 1966 4763 1966 4766 1966 4757 1967 4766 1967 4769 1967 4757 1968 4769 1968 4772 1968 4757 1969 4772 1969 4776 1969 4776 1970 4772 1970 4779 1970 4776 1971 4779 1971 4782 1971 4776 1972 4782 1972 4787 1972 4775 1973 4786 1973 4269 1973 4776 1974 4270 1974 4266 1974 4084 1975 4088 1975 4790 1975 4790 1976 4088 1976 4794 1976 4790 1977 4794 1977 4797 1977 4790 1978 4797 1978 4101 1978 4101 1979 4797 1979 4800 1979 4102 1980 4801 1980 4094 1980 4381 1981 4423 1981 4804 1981 4804 1982 4423 1982 4807 1982 4804 1983 4807 1983 4084 1983 4084 1984 4807 1984 4811 1984 4085 1985 4812 1985 4078 1985 4549 1986 4545 1986 4120 1986 4120 1987 4545 1987 4815 1987 4120 1988 4815 1988 4114 1988 4120 1989 4117 1989 4818 1989 4818 1990 4117 1990 4821 1990 4818 1991 4821 1991 4825 1991 4818 1992 4825 1992 4601 1992 4601 1993 4825 1993 4828 1993 4601 1994 4828 1994 4604 1994 4695 1995 4691 1995 4832 1995 4832 1996 4691 1996 4836 1996 4831 1997 4835 1997 4839 1997 4843 1998 4846 1998 4836 1998 4836 1999 4846 1999 4849 1999 4836 2000 4849 2000 4840 2000 4124 2001 4130 2001 4843 2001 4843 2002 4130 2002 4852 2002 4843 2003 4852 2003 4846 2003 2548 2004 4160 2004 2551 2004 2553 2005 4162 2005 4158 2005 2553 2006 4158 2006 2555 2006 2556 2007 4159 2007 4155 2007 2556 2008 4155 2008 2559 2008 2560 2009 4156 2009 4151 2009 2560 2010 4151 2010 2564 2010 2565 2011 4152 2011 4569 2011 2565 2012 4569 2012 2844 2012 2845 2013 4570 2013 4564 2013 2846 2014 4565 2014 2849 2014 2850 2015 4566 2015 4560 2015 2850 2016 4560 2016 2853 2016 2854 2017 4561 2017 4556 2017 2855 2018 4557 2018 2857 2018 2858 2019 4558 2019 4553 2019 2858 2020 4553 2020 2860 2020 2861 2021 4554 2021 4550 2021 2861 2022 4550 2022 2864 2022 2865 2023 4551 2023 4121 2023 2866 2024 4122 2024 3034 2024 3035 2025 4123 2025 4819 2025 3035 2026 4819 2026 3040 2026 4160 2027 2548 2027 4163 2027 4165 2028 2549 2028 2545 2028 4165 2029 2545 2029 4167 2029 4168 2030 2546 2030 2542 2030 4168 2031 2542 2031 4170 2031 4171 2032 2543 2032 2538 2032 4171 2033 2538 2033 4173 2033 4174 2034 2539 2034 2533 2034 4174 2035 2533 2035 4177 2035 4178 2036 2534 2036 2902 2036 4178 2037 2902 2037 4674 2037 4675 2038 2903 2038 2898 2038 4675 2039 2898 2039 4678 2039 4679 2040 2899 2040 2895 2040 4679 2041 2895 2041 4681 2041 4682 2042 2896 2042 2891 2042 4683 2043 2892 2043 4685 2043 4686 2044 2893 2044 2888 2044 4686 2045 2888 2045 4688 2045 4689 2046 2889 2046 2884 2046 4689 2047 2884 2047 4692 2047 4693 2048 2885 2048 2522 2048 4693 2049 2522 2049 4837 2049 4838 2050 2523 2050 3056 2050 4838 2051 3056 2051 4845 2051 2465 2052 4792 2052 3011 2052 3010 2053 4791 2053 4103 2053 3010 2054 4103 2054 3003 2054 3004 2055 4104 2055 4099 2055 3004 2056 4099 2056 2995 2056 2996 2057 4100 2057 4193 2057 2996 2058 4193 2058 2480 2058 2481 2059 4194 2059 4189 2059 2481 2060 4189 2060 2483 2060 2484 2061 4190 2061 4209 2061 2485 2062 4210 2062 2662 2062 2663 2063 4211 2063 4205 2063 2663 2064 4205 2064 2665 2064 2666 2065 4206 2065 4201 2065 2666 2066 4201 2066 2669 2066 2670 2067 4202 2067 4233 2067 2670 2068 4233 2068 2673 2068 2674 2069 4234 2069 4228 2069 2675 2070 4229 2070 2678 2070 2679 2071 4230 2071 4125 2071 2679 2072 4125 2072 2938 2072 2939 2073 4126 2073 4844 2073 2939 2074 4844 2074 3055 2074 4793 2075 2466 2075 4086 2075 4087 2076 2470 2076 2495 2076 4087 2077 2495 2077 4805 2077 4806 2078 2496 2078 2601 2078 4806 2079 2601 2079 4383 2079 4384 2080 2602 2080 2597 2080 4384 2081 2597 2081 4386 2081 4387 2082 2598 2082 2594 2082 4387 2083 2594 2083 4389 2083 4391 2084 2595 2084 2591 2084 4390 2085 2590 2085 4393 2085 4394 2086 2592 2086 2587 2086 4394 2087 2587 2087 4396 2087 4397 2088 2588 2088 2584 2088 4397 2089 2584 2089 4399 2089 4401 2090 2585 2090 2581 2090 4400 2091 2580 2091 4404 2091 4405 2092 2582 2092 2576 2092 4406 2093 2577 2093 4409 2093 4410 2094 2578 2094 2573 2094 4410 2095 2573 2095 4413 2095 4414 2096 2574 2096 2503 2096 4414 2097 2503 2097 4602 2097 4603 2098 2504 2098 3041 2098 4603 2099 3041 2099 4820 2099 2809 2100 4616 2100 2870 2100 2871 2101 4617 2101 4611 2101 2871 2102 4611 2102 2873 2102 2874 2103 4612 2103 4608 2103 2874 2104 4608 2104 2877 2104 2878 2105 4609 2105 4605 2105 2878 2106 4605 2106 2505 2106 2506 2107 4606 2107 4829 2107 2506 2108 4829 2108 2509 2108 2510 2109 4830 2109 4826 2109 2510 2110 4826 2110 3048 2110 4615 2111 2808 2111 4337 2111 4338 2112 2812 2112 2806 2112 4338 2113 2806 2113 4340 2113 4341 2114 2807 2114 2802 2114 4341 2115 2802 2115 4343 2115 4344 2116 2803 2116 2797 2116 4345 2117 2798 2117 4489 2117 4490 2118 2799 2118 2794 2118 4490 2119 2794 2119 4492 2119 4493 2120 2795 2120 2791 2120 4493 2121 2791 2121 4495 2121 4497 2122 2792 2122 2789 2122 4496 2123 2788 2123 4478 2123 2734 2124 4106 2124 2736 2124 2737 2125 4107 2125 4112 2125 2737 2126 4112 2126 2740 2126 2741 2127 4113 2127 4486 2127 2741 2128 4486 2128 2745 2128 2746 2129 4487 2129 4483 2129 2746 2130 4483 2130 2779 2130 2780 2131 4484 2131 4480 2131 2780 2132 4480 2132 2783 2132 2784 2133 4481 2133 4476 2133 2785 2134 4477 2134 2787 2134 4106 2135 2734 2135 4439 2135 4438 2136 2728 2136 2867 2136 4438 2137 2867 2137 4546 2137 4547 2138 2868 2138 3029 2138 4547 2139 3029 2139 4816 2139 4817 2140 3030 2140 3036 2140 4817 2141 3036 2141 4115 2141 4116 2142 3037 2142 3045 2142 4116 2143 3045 2143 4118 2143 4119 2144 3046 2144 3042 2144 4119 2145 3042 2145 4822 2145 4824 2146 3043 2146 3050 2146 4823 2147 3049 2147 4827 2147 2955 2148 4271 2148 2959 2148 2960 2149 4272 2149 4788 2149 2960 2150 4788 2150 2963 2150 2964 2151 4789 2151 4783 2151 2965 2152 4784 2152 2968 2152 2969 2153 4785 2153 4780 2153 2969 2154 4780 2154 2972 2154 2973 2155 4781 2155 4773 2155 2973 2156 4773 2156 2975 2156 2976 2157 4774 2157 4770 2157 2976 2158 4770 2158 2978 2158 4271 2159 2955 2159 4222 2159 4223 2160 2958 2160 2952 2160 4224 2161 2953 2161 4700 2161 4701 2162 2954 2162 2948 2162 4701 2163 2948 2163 4704 2163 4705 2164 2949 2164 2945 2164 4705 2165 2945 2165 4707 2165 4708 2166 2946 2166 2942 2166 4708 2167 2942 2167 4128 2167 4129 2168 2943 2168 3065 2168 4129 2169 3065 2169 4131 2169 4132 2170 3066 2170 3063 2170 4132 2171 3063 2171 4854 2171 2767 2172 4696 2172 2882 2172 2883 2173 4697 2173 4833 2173 2883 2174 4833 2174 3053 2174 3054 2175 4834 2175 4841 2175 3054 2176 4841 2176 2517 2176 2518 2177 4842 2177 4850 2177 2518 2178 4850 2178 2520 2178 2521 2179 4851 2179 4847 2179 2521 2180 4847 2180 3059 2180 3060 2181 4848 2181 4853 2181 3060 2182 4853 2182 3062 2182 4696 2183 2767 2183 4300 2183 4299 2184 2759 2184 2756 2184 4299 2185 2756 2185 4135 2185 4136 2186 2757 2186 2752 2186 4136 2187 2752 2187 4138 2187 4140 2188 2753 2188 2748 2188 4139 2189 2747 2189 4761 2189 4762 2190 2749 2190 2985 2190 4762 2191 2985 2191 4764 2191 4765 2192 2986 2192 2982 2192 4765 2193 2982 2193 4767 2193 4768 2194 2983 2194 2979 2194 4768 2195 2979 2195 4771 2195 2927 2196 4648 2196 2931 2196 2930 2197 4647 2197 4644 2197 2929 2198 4643 2198 2935 2198 2934 2199 4642 2199 4292 2199 2934 2200 4292 2200 2702 2200 2701 2201 4291 2201 4288 2201 2701 2202 4288 2202 2708 2202 2707 2203 4287 2203 4285 2203 2707 2204 4285 2204 2712 2204 2711 2205 4284 2205 4280 2205 2711 2206 4280 2206 2715 2206 4648 2207 2927 2207 4652 2207 4651 2208 2926 2208 2923 2208 4650 2209 2922 2209 4656 2209 4655 2210 2921 2210 2919 2210 4655 2211 2919 2211 4660 2211 4659 2212 2918 2212 2916 2212 4659 2213 2916 2213 4663 2213 4662 2214 2915 2214 2912 2214 4662 2215 2912 2215 4667 2215 4666 2216 2911 2216 2908 2216 4665 2217 2907 2217 4671 2217 4670 2218 2906 2218 2528 2218 4670 2219 2528 2219 4147 2219 2825 2220 4588 2220 2829 2220 2828 2221 4587 2221 4584 2221 2828 2222 4584 2222 2832 2222 2831 2223 4583 2223 4580 2223 2831 2224 4580 2224 2835 2224 2834 2225 4579 2225 4576 2225 2834 2226 4576 2226 2838 2226 2837 2227 4575 2227 4573 2227 2837 2228 4573 2228 2841 2228 2840 2229 4572 2229 4148 2229 2840 2230 4148 2230 2532 2230 4588 2231 2825 2231 4592 2231 4591 2232 2824 2232 2821 2232 4591 2233 2821 2233 4596 2233 4595 2234 2820 2234 2817 2234 4594 2235 2816 2235 4600 2235 4599 2236 2815 2236 2727 2236 4599 2237 2727 2237 4443 2237 4442 2238 2726 2238 2723 2238 4442 2239 2723 2239 4446 2239 4445 2240 2722 2240 2720 2240 4445 2241 2720 2241 4450 2241 4449 2242 2719 2242 2717 2242 4449 2243 2717 2243 4281 2243 2606 2244 4376 2244 2609 2244 2608 2245 4375 2245 4373 2245 2608 2246 4373 2246 2612 2246 2611 2247 4372 2247 4370 2247 2611 2248 4370 2248 2615 2248 2614 2249 4369 2249 4366 2249 2614 2250 4366 2250 2618 2250 2617 2251 4365 2251 4362 2251 2617 2252 4362 2252 2621 2252 2620 2253 4361 2253 4247 2253 2620 2254 4247 2254 2624 2254 4376 2255 2606 2255 4380 2255 4378 2256 2605 2256 2775 2256 4379 2257 2776 2257 4418 2257 4417 2258 2774 2258 2771 2258 4417 2259 2771 2259 4422 2259 4421 2260 2770 2260 2500 2260 4421 2261 2500 2261 4425 2261 4424 2262 2499 2262 2515 2262 4424 2263 2515 2263 4810 2263 4809 2264 2514 2264 2479 2264 4808 2265 2478 2265 4814 2265 4813 2266 2477 2266 2464 2266 4813 2267 2464 2267 4080 2267 3000 2268 4803 2268 3007 2268 3006 2269 4802 2269 4799 2269 3006 2270 4799 2270 3015 2270 3014 2271 4798 2271 4796 2271 3014 2272 4796 2272 3020 2272 3019 2273 4795 2273 4091 2273 3018 2274 4090 2274 2526 2274 2525 2275 4089 2275 4083 2275 2525 2276 4083 2276 2472 2276 2471 2277 4082 2277 4079 2277 2471 2278 4079 2278 2462 2278 4803 2279 3000 2279 4096 2279 4095 2280 2999 2280 2490 2280 4095 2281 2490 2281 4185 2281 4183 2282 2489 2282 2656 2282 4184 2283 2657 2283 4199 2283 4198 2284 2655 2285 2652 2286 4198 2284 2652 2286 4237 2287 4236 2288 2651 2288 2648 2288 4236 2289 2648 2289 4240 2289 4239 2290 2647 2290 2644 2290 4239 2291 2644 2291 4243 2291 4242 2292 2643 2292 2622 2292 4242 2293 2622 2293 4246 2293 4357 2294 2448 2294 4712 2294 4710 2295 2447 2295 2442 2295 4711 2296 2443 2296 4714 2296 4715 2297 2444 2297 2439 2297 4715 2298 2439 2298 4718 2298 4719 2299 2440 2299 2436 2299 4719 2300 2436 2300 4722 2300 4723 2301 2437 2301 2432 2301 4724 2302 2433 2302 4727 2302 4728 2303 2434 2303 2429 2303 4728 2304 2429 2304 4730 2304 4731 2305 2430 2305 2426 2305 4731 2306 2426 2306 4733 2306 4734 2307 2427 2307 2423 2307 4734 2308 2423 2308 4214 2308 4215 2309 2424 2309 2419 2309 4216 2310 2420 2310 4218 2310 4220 2311 2421 2311 2416 2311 4219 2312 2415 2312 4249 2312 4250 2313 2417 2313 2412 2313 4250 2314 2412 2314 4252 2314 4253 2315 2413 2315 2409 2315 4253 2316 2409 2316 4255 2316 4256 2317 2410 2317 2406 2317 4256 2318 2406 2318 4258 2318 4259 2319 2407 2319 2403 2319 4259 2320 2403 2320 4261 2320 4262 2321 2404 2321 2400 2321 4262 2322 2400 2322 4264 2322 4265 2323 2401 2323 2397 2323 4265 2324 2397 2324 4267 2324 4268 2325 2398 2325 2394 2325 4268 2326 2394 2326 4777 2326 4778 2327 2395 2327 2391 2327 4778 2328 2391 2328 4758 2328 2448 2329 4357 2329 2277 2329 2279 2330 4358 2330 4638 2330 2278 2331 4637 2331 2281 2331 2282 2332 4639 2332 4634 2332 2282 2333 4634 2333 2284 2333 2285 2334 4635 2334 4631 2334 2285 2335 4631 2335 2287 2335 2288 2336 4632 2336 4628 2336 2288 2337 4628 2337 2290 2337 2291 2338 4629 2338 4625 2338 2291 2339 4625 2339 2293 2339 2294 2340 4626 2340 4622 2340 2294 2341 4622 2341 2296 2341 2297 2342 4623 2342 4619 2342 2297 2343 4619 2343 2299 2343 2300 2344 4620 2344 4353 2344 2300 2345 4353 2345 2302 2345 2303 2346 4354 2346 4333 2346 2303 2347 4333 2347 2305 2347 2306 2348 4334 2348 4330 2348 2306 2349 4330 2349 2308 2349 2309 2350 4331 2350 4327 2350 2309 2351 4327 2351 2311 2351 2312 2352 4328 2352 4323 2352 2312 2353 4323 2353 2314 2353 2315 2354 4324 2354 4319 2354 2315 2355 4319 2355 2317 2355 2318 2356 4320 2356 4315 2356 2318 2357 4315 2357 2320 2357 2321 2358 4316 2358 4311 2358 2321 2359 4311 2359 2345 2359 2346 2360 4312 2360 4308 2360 2346 2361 4308 2361 2348 2361 2349 2362 4309 2362 4347 2362 2349 2363 4347 2363 2351 2363 2352 2364 4348 2364 4474 2364 2352 2365 4474 2365 2355 2365 4520 2366 2196 2366 4523 2366 4524 2367 2197 2367 2193 2367 4524 2368 2193 2368 4526 2368 4527 2369 2194 2369 2190 2369 4527 2370 2190 2370 4529 2370 4530 2371 2191 2371 2186 2371 4530 2372 2186 2372 4532 2372 4533 2373 2187 2373 2182 2373 4533 2374 2182 2374 4535 2374 4536 2375 2183 2375 2179 2375 4536 2376 2179 2376 4538 2376 4539 2377 2180 2377 2175 2377 4540 2378 2176 2378 4542 2378 4543 2379 2177 2379 2172 2379 4543 2380 2172 2380 4428 2380 4429 2381 2173 2381 2169 2381 4429 2382 2169 2382 4431 2382 4432 2383 2170 2383 2166 2383 4432 2384 2166 2384 4452 2384 4453 2385 2167 2385 2163 2385 4453 2386 2163 2386 4455 2386 4456 2387 2164 2387 2160 2387 4456 2388 2160 2388 4458 2388 4459 2389 2161 2389 2370 2389 4459 2390 2370 2390 4461 2390 4462 2391 2371 2391 2366 2391 4462 2392 2366 2392 4464 2392 4465 2393 2367 2393 2363 2393 4465 2394 2363 2394 4467 2394 4468 2395 2364 2395 2360 2395 4468 2396 2360 2396 4470 2396 4471 2397 2361 2397 2357 2397 4471 2398 2357 2398 4109 2398 4110 2399 2358 2399 2354 2399 4110 2400 2354 2400 4473 2400 2196 2401 4520 2401 2199 2401 2200 2402 4521 2402 4517 2402 2200 2403 4517 2403 2202 2403 2203 2404 4518 2404 4514 2404 2203 2405 4514 2405 2205 2405 2206 2406 4515 2406 4511 2406 2206 2407 4511 2407 2208 2407 2209 2408 4512 2408 4508 2408 2209 2409 4508 2409 2211 2409 2212 2410 4509 2410 4505 2410 2212 2411 4505 2411 2214 2411 2215 2412 4506 2412 4502 2412 2215 2413 4502 2413 2217 2413 2218 2414 4503 2414 4499 2414 2218 2415 4499 2415 2220 2415 2221 2416 4500 2416 4275 2416 2221 2417 4275 2417 2223 2417 2224 2418 4276 2418 4302 2418 2224 2419 4302 2419 2226 2419 2227 2420 4303 2420 4755 2420 2227 2421 4755 2421 2229 2421 2230 2422 4756 2422 4751 2422 2231 2423 4752 2423 2234 2423 2235 2424 4753 2424 4748 2424 2235 2425 4748 2425 2239 2425 2240 2426 4749 2426 4745 2426 2240 2427 4745 2427 2374 2427 2375 2428 4746 2428 4742 2428 2375 2429 4742 2429 2377 2429 2378 2430 4743 2430 4739 2430 2378 2431 4739 2431 2380 2431 2381 2432 4740 2432 4736 2432 2381 2433 4736 2433 2384 2433 2385 2434 4737 2434 4143 2434 2385 2435 4143 2435 2388 2435 2389 2436 4144 2436 4759 2436 2389 2437 4759 2437 2392 2437 4855 2438 1591 2438 4858 2438 4859 2439 1592 2439 1986 2439 4859 2440 1986 2440 4863 2440 4864 2441 1987 2441 1977 2441 4865 2442 1978 2442 4869 2442 4870 2443 1979 2443 1969 2443 4870 2444 1969 2444 4873 2444 4874 2445 1970 2445 1961 2445 4875 2446 1962 2446 4878 2446 4879 2447 1963 2447 1954 2447 4880 2448 1955 2448 4883 2448 4885 2449 1956 2449 1949 2449 4884 2450 1948 2450 4888 2450 1591 2451 4855 2451 1596 2451 1597 2452 4856 2452 4890 2452 1597 2453 4890 2453 1759 2453 1760 2454 4891 2454 4894 2454 1760 2455 4894 2455 1763 2455 1765 2456 4895 2456 4900 2456 1764 2457 4899 2457 1768 2457 1770 2458 4901 2458 4906 2458 1769 2459 4905 2459 1772 2459 1773 2460 4907 2460 4910 2460 1773 2461 4910 2461 1508 2461 1510 2462 4911 2462 4915 2462 1509 2463 4914 2463 1513 2463 1514 2464 4916 2464 4919 2464 1515 2465 4920 2465 1517 2465 4924 2466 1541 2466 4926 2466 4927 2467 1542 2467 1537 2467 4927 2468 1537 2468 4931 2468 4932 2469 1538 2469 1533 2469 4932 2470 1533 2470 4936 2470 4937 2471 1534 2471 1529 2471 4937 2472 1529 2472 4940 2472 4942 2473 1530 2473 1525 2473 4941 2474 1524 2474 4945 2474 4946 2475 1526 2475 1520 2475 4946 2476 1520 2476 4949 2476 4950 2477 1521 2477 1518 2477 4950 2478 1518 2478 4921 2478 1541 2479 4924 2479 1552 2479 1551 2480 4923 2480 4952 2480 1551 2481 4952 2481 1895 2481 1896 2482 4953 2482 4956 2482 1896 2483 4956 2483 1905 2483 1907 2484 4957 2484 4962 2484 1906 2485 4961 2485 1914 2485 1916 2486 4963 2486 4967 2486 1915 2487 4966 2487 1923 2487 1925 2488 4968 2488 4973 2488 1924 2489 4972 2489 1931 2489 1932 2490 4974 2490 4978 2490 1932 2491 4978 2491 1939 2491 1940 2492 4979 2492 4887 2492 1940 2493 4887 2493 1947 2493 4983 2494 1890 2494 4985 2494 4986 2495 1891 2495 1900 2495 4986 2496 1900 2496 4990 2496 4991 2497 1901 2497 1910 2497 4991 2498 1910 2498 4994 2498 4995 2499 1911 2499 1919 2499 4995 2500 1919 2500 4998 2500 4999 2501 1920 2501 1928 2501 4999 2502 1928 2502 5002 2502 5003 2503 1929 2503 1935 2503 5003 2504 1935 2504 5005 2504 5006 2505 1936 2505 1944 2505 5007 2506 1945 2506 5010 2506 1890 2507 4983 2507 1648 2507 1647 2508 4982 2508 5012 2508 1647 2509 5012 2509 1652 2509 1653 2510 5013 2510 5016 2510 1653 2511 5016 2511 1656 2511 1657 2512 5017 2512 5020 2512 1657 2513 5020 2513 1601 2513 1603 2514 5021 2514 5025 2514 1602 2515 5024 2515 1607 2515 1608 2516 5026 2516 5029 2516 1608 2517 5029 2517 1611 2517 1612 2518 5030 2518 5032 2518 1612 2519 5032 2519 1614 2519 1616 2520 5033 2520 5036 2520 1615 2521 5035 2521 1619 2521 5039 2522 1643 2522 5042 2522 5043 2523 1644 2523 1639 2523 5043 2524 1639 2524 5046 2524 5048 2525 1640 2525 1636 2525 5047 2526 1635 2526 5052 2526 5053 2527 1637 2527 1632 2527 5053 2528 1632 2528 5056 2528 5057 2529 1633 2529 1627 2529 5058 2530 1628 2530 5061 2530 5062 2531 1629 2531 1623 2531 5062 2532 1623 2532 5065 2532 5066 2533 1624 2533 1620 2533 5066 2534 1620 2534 5037 2534 1643 2535 5039 2535 1578 2535 1579 2536 5040 2536 5069 2536 1579 2537 5069 2537 1586 2537 1587 2538 5070 2538 5072 2538 1587 2539 5072 2539 1982 2539 1983 2540 5073 2540 5077 2540 1983 2541 5077 2541 1972 2541 1973 2542 5078 2542 5081 2542 1974 2543 5082 2543 1965 2543 1966 2544 5083 2544 5086 2544 1967 2545 5087 2545 1958 2545 1959 2546 5088 2546 5090 2546 1959 2547 5090 2547 1951 2547 1952 2548 5091 2548 5009 2548 1952 2549 5009 2549 1943 2549 5096 2550 1827 2550 5098 2550 5099 2551 1828 2551 1990 2551 5099 2552 1990 2552 5103 2552 5104 2553 1991 2553 1998 2553 5105 2554 1999 2554 5109 2554 5110 2555 2000 2555 2007 2555 5110 2556 2007 2556 5113 2556 5115 2557 2008 2557 2015 2557 5114 2558 2014 2558 5118 2558 5119 2559 2016 2559 2021 2559 5119 2560 2021 2560 5122 2560 5123 2561 2022 2561 2029 2561 5123 2562 2029 2562 5127 2562 1826 2563 5095 2563 1776 2563 1775 2564 5094 2564 5129 2564 1775 2565 5129 2565 1782 2565 1783 2566 5130 2566 5133 2566 1783 2567 5133 2567 1881 2567 1882 2568 5134 2568 5138 2568 1882 2569 5138 2569 1885 2569 1887 2570 5139 2570 5144 2570 1886 2571 5143 2571 1831 2571 1832 2572 5145 2572 5148 2572 1832 2573 5148 2573 1836 2573 1838 2574 5149 2574 5153 2574 1837 2575 5152 2575 1841 2575 1842 2576 5154 2576 5157 2576 1842 2577 5157 2577 1845 2577 5160 2578 1871 2578 5163 2578 5165 2579 1872 2579 1867 2579 5164 2580 1866 2580 5169 2580 5170 2581 1868 2581 1861 2581 5171 2582 1862 2582 5175 2582 5176 2583 1863 2583 1858 2583 5176 2584 1858 2584 5179 2584 5180 2585 1859 2585 1853 2585 5181 2586 1854 2586 5184 2586 5185 2587 1855 2587 1849 2587 5185 2588 1849 2588 5188 2588 5189 2589 1850 2589 1846 2589 5189 2590 1846 2590 5158 2590 1871 2591 5160 2591 1875 2591 1876 2592 5161 2592 5191 2592 1876 2593 5191 2593 2085 2593 2087 2594 5192 2594 5196 2594 2086 2595 5195 2595 2076 2595 2077 2596 5197 2596 5201 2596 2077 2597 5201 2597 2066 2597 2067 2598 5202 2598 5205 2598 2068 2599 5206 2599 2056 2599 2057 2600 5207 2600 5211 2600 2057 2601 5211 2601 2047 2601 2048 2602 5212 2602 5216 2602 2048 2603 5216 2603 2037 2603 2038 2604 5217 2604 5125 2604 2039 2605 5126 2605 2028 2605 5220 2606 2091 2606 5223 2606 5224 2607 2092 2607 2080 2607 5224 2608 2080 2608 5228 2608 5230 2609 2081 2609 2072 2609 5229 2610 2071 2610 5234 2610 5236 2611 2073 2611 2062 2611 5235 2612 2061 2612 5239 2612 5240 2613 2063 2613 2051 2613 5240 2614 2051 2614 5243 2614 5245 2615 2052 2615 2043 2615 5244 2616 2042 2616 5248 2616 5249 2617 2044 2617 2033 2617 5250 2618 2034 2618 5254 2618 2091 2619 5220 2619 1501 2619 1502 2620 5221 2620 5256 2620 1502 2621 5256 2621 1723 2621 1724 2622 5257 2622 5260 2622 1725 2623 5261 2623 1728 2623 1729 2624 5262 2624 5266 2624 1730 2625 5267 2625 1733 2625 1734 2626 5268 2626 5271 2626 1735 2627 5272 2627 1738 2627 1740 2628 5273 2628 5277 2628 1739 2629 5276 2629 1742 2629 1743 2630 5278 2630 5280 2630 1744 2631 5281 2631 1747 2631 1749 2632 5282 2632 5286 2632 1748 2633 5285 2633 1751 2633 5290 2634 1691 2634 5292 2634 5293 2635 1692 2635 1687 2635 5293 2636 1687 2636 5297 2636 5298 2637 1688 2637 1683 2637 5298 2638 1683 2638 5302 2638 5303 2639 1684 2639 1679 2639 5303 2640 1679 2640 5306 2640 5307 2641 1680 2641 1674 2641 5307 2642 1674 2642 5310 2642 5311 2643 1675 2643 1755 2643 5311 2644 1755 2644 5314 2644 5315 2645 1756 2645 1752 2645 5315 2646 1752 2646 5287 2646 1691 2647 5290 2647 1697 2647 1695 2648 5289 2648 5318 2648 1696 2649 5319 2649 1821 2649 1822 2650 5320 2650 5323 2650 1822 2651 5323 2651 1993 2651 1994 2652 5324 2652 5328 2652 1995 2653 5329 2653 2003 2653 2004 2654 5330 2654 5333 2654 2005 2655 5334 2655 2010 2655 2011 2656 5335 2656 5338 2656 2012 2657 5339 2657 2018 2657 2019 2658 5340 2658 5342 2658 2019 2659 5342 2659 2024 2659 2025 2660 5343 2660 5253 2660 2025 2661 5253 2661 2032 2661 4929 2662 4954 2662 4925 2662 4955 2663 4930 2663 4960 2663 4958 2664 4928 2664 4933 2664 4959 2665 4934 2665 4964 2665 4965 2666 4935 2666 4939 2666 4965 2667 4939 2667 4971 2667 4970 2668 4938 2668 4944 2668 4969 2669 4943 2669 4975 2669 4976 2670 4944 2670 4947 2670 4977 2671 4948 2671 4981 2671 4980 2672 4947 2672 4951 2672 4980 2673 4951 2673 4889 2673 4889 2674 4951 2674 4922 2674 4889 2675 4922 2675 4886 2675 4886 2676 4922 2676 4917 2676 4886 2677 4917 2677 4881 2677 4882 2678 4918 2678 4913 2678 4881 2679 4912 2679 4877 2679 4877 2680 4912 2680 4909 2680 4876 2681 4908 2681 4871 2681 4871 2682 4908 2682 4902 2682 4872 2683 4904 2683 4868 2683 4867 2684 4903 2684 4897 2684 4866 2685 4896 2685 4860 2685 4862 2686 4898 2686 4893 2686 4861 2687 4892 2687 4857 2687 4987 2688 5014 2688 4984 2688 5015 2689 4988 2689 5018 2689 5019 2690 4989 2690 4993 2690 5019 2691 4993 2691 5023 2691 5022 2692 4992 2692 4996 2692 5022 2693 4996 2693 5027 2693 5028 2694 4997 2694 5001 2694 5027 2695 5000 2695 5031 2695 5031 2696 5000 2696 5004 2696 5031 2697 5004 2697 5034 2697 5034 2698 5004 2698 5008 2698 5034 2699 5008 2699 5038 2699 5038 2700 5008 2700 5011 2700 5038 2701 5011 2701 5067 2701 5067 2702 5011 2702 5092 2702 5068 2703 5093 2703 5064 2703 5063 2704 5092 2704 5089 2704 5063 2705 5089 2705 5059 2705 5059 2706 5089 2706 5084 2706 5060 2707 5085 2707 5055 2707 5054 2708 5084 2708 5079 2708 5054 2709 5079 2709 5050 2709 5051 2710 5080 2710 5076 2710 5049 2711 5075 2711 5045 2711 5044 2712 5074 2712 5071 2712 5044 2713 5071 2713 5041 2713 5101 2714 5131 2714 5097 2714 5132 2715 5102 2715 5137 2715 5135 2716 5100 2716 5106 2716 5136 2717 5107 2717 5141 2717 5142 2718 5108 2718 5112 2718 5140 2719 5111 2719 5146 2719 5146 2720 5111 2720 5116 2720 5147 2721 5117 2721 5150 2721 5150 2722 5117 2722 5120 2722 5151 2723 5121 2723 5156 2723 5155 2724 5120 2724 5124 2724 5155 2725 5124 2725 5159 2725 5159 2726 5124 2726 5128 2726 5159 2727 5128 2727 5190 2727 5190 2728 5128 2728 5218 2728 5190 2729 5218 2729 5186 2729 5187 2730 5219 2730 5215 2730 5186 2731 5214 2731 5183 2731 5182 2732 5213 2732 5208 2732 5183 2733 5209 2733 5177 2733 5178 2734 5210 2734 5204 2734 5178 2735 5204 2735 5174 2735 5173 2736 5203 2736 5200 2736 5172 2737 5199 2737 5167 2737 5166 2738 5198 2738 5193 2738 5168 2739 5194 2739 5162 2739 5294 2740 5321 2740 5291 2740 5322 2741 5295 2741 5325 2741 5326 2742 5296 2742 5299 2742 5327 2743 5301 2743 5332 2743 5331 2744 5300 2744 5304 2744 5331 2745 5304 2745 5336 2745 5337 2746 5305 2746 5309 2746 5336 2747 5308 2747 5341 2747 5341 2748 5308 2748 5312 2748 5341 2749 5312 2749 5344 2749 5345 2750 5313 2750 5317 2750 5344 2751 5316 2751 5255 2751 5255 2752 5316 2752 5288 2752 5255 2753 5288 2753 5251 2753 5251 2754 5288 2754 5283 2754 5252 2755 5284 2755 5247 2755 5246 2756 5283 2756 5279 2756 5246 2757 5279 2757 5241 2757 5241 2758 5279 2758 5274 2758 5242 2759 5275 2759 5238 2759 5237 2760 5274 2760 5269 2760 5237 2761 5269 2761 5232 2761 5233 2762 5270 2762 5265 2762 5231 2763 5264 2763 5227 2763 5226 2764 5263 2764 5259 2764 5225 2765 5258 2765 5222 2765 609 2766 165 2766 1118 2766 1120 2767 166 2767 162 2767 1119 2768 161 2768 1055 2768 1056 2769 163 2769 158 2769 1056 2770 158 2770 1058 2770 1059 2771 159 2771 4 2771 1059 2772 4 2772 695 2772 696 2773 5 2773 200 2773 696 2774 200 2774 698 2774 699 2775 201 2775 399 2775 699 2776 399 2776 944 2776 945 2777 400 2777 502 2777 945 2778 502 2778 1093 2778 1094 2779 503 2779 496 2779 1094 2780 496 2780 1100 2780 1101 2781 497 2781 490 2781 1101 2782 490 2782 1106 2782 165 2783 609 2783 36 2783 35 2784 607 2784 1182 2784 35 2785 1182 2785 271 2785 272 2786 1183 2786 1064 2786 272 2787 1064 2787 274 2787 275 2788 1065 2788 1070 2788 275 2789 1070 2789 277 2789 278 2790 1071 2790 1073 2790 278 2791 1073 2791 95 2791 96 2792 1074 2792 1076 2792 96 2793 1076 2793 98 2793 99 2794 1077 2794 1169 2794 100 2795 1170 2795 550 2795 551 2796 1171 2796 1148 2796 551 2797 1148 2797 540 2797 541 2798 1149 2798 1154 2798 541 2799 1154 2799 533 2799 534 2800 1155 2800 1161 2800 534 2801 1161 2801 528 2801 581 2802 54 2802 621 2802 622 2803 55 2803 419 2803 622 2804 419 2804 986 2804 988 2805 420 2805 416 2805 987 2806 415 2806 990 2806 991 2807 417 2807 412 2807 991 2808 412 2808 993 2808 994 2809 413 2809 409 2809 994 2810 409 2810 996 2810 997 2811 410 2811 406 2811 997 2812 406 2812 999 2812 1000 2813 407 2813 517 2813 1000 2814 517 2814 1129 2814 1130 2815 518 2815 63 2815 1131 2816 64 2816 624 2816 625 2817 65 2817 527 2817 625 2818 527 2818 1160 2818 53 2819 580 2819 18 2819 20 2820 583 2820 590 2820 19 2821 589 2821 11 2821 12 2822 591 2822 868 2822 12 2823 868 2823 335 2823 336 2824 869 2824 865 2824 336 2825 865 2825 338 2825 339 2826 866 2826 862 2826 339 2827 862 2827 341 2827 342 2828 863 2828 859 2828 342 2829 859 2829 344 2829 345 2830 860 2830 934 2830 346 2831 935 2831 382 2831 383 2832 936 2832 601 2832 383 2833 601 2833 22 2833 23 2834 602 2834 1083 2834 23 2835 1083 2835 481 2835 482 2836 1084 2836 1107 2836 482 2837 1107 2837 491 2837</p>
        </triangles>
      </mesh>
    </geometry>
  </library_geometries>
  <library_visual_scenes>
    <visual_scene id="Scene" name="Scene">
      <node id="leg_a_004" name="leg_a.004" type="NODE">
        <matrix sid="transform">1 0 0 4.36557e-10 0 1 0 -1.49012e-8 0 0 1 0 0 0 0 1</matrix>
        <instance_geometry url="#Leg_A_006-mesh" name="leg_a.004"/>
      </node>
    </visual_scene>
  </library_visual_scenes>
  <scene>
    <instance_visual_scene url="#Scene"/>
  </scene>
</COLLADA>