<?xml version="1.0" encoding="utf-8"?>
<COLLADA xmlns="http://www.collada.org/2005/11/COLLADASchema" version="1.4.1" xmlns:xsi="http://www.w3.org/2001/XMLSchema-instance">
  <asset>
    <contributor>
      <author>Blender User</author>
      <authoring_tool>Blender 4.2.22 LTS commit date:2026-06-22, commit time:11:10, hash:88937221abfc</authoring_tool>
    </contributor>
    <created>2026-08-07T15:00:10</created>
    <modified>2026-08-07T15:00:10</modified>
    <unit name="meter" meter="1"/>
    <up_axis>Z_UP</up_axis>
  </asset>
  <library_images/>
  <library_geometries>
    <geometry id="Leg_B_007-mesh" name="Leg_B.007">
      <mesh>
        <source id="Leg_B_007-mesh-positions">
          <float_array id="Leg_B_007-mesh-positions-array" count="14409">0.01755726 -0.05706858 -0.01024997 0.01755726 -0.05706858 -0.01024997 0.01755726 -0.05706858 -0.01024997 0.01529735 -0.0975055 -0.01024997 0.01529735 -0.0975055 -0.01024997 0.01529735 -0.0975055 -0.01024997 0.01794785 -0.05007952 -0.01424998 0.01794785 -0.05007952 -0.01424998 0.01794785 -0.05007952 -0.01424998 0.01794785 -0.05007952 -0.01424998 0.0152955 -0.09753948 0.005155384 0.0152955 -0.09753948 0.005155384 0.0152955 -0.09753948 0.005155384 0.0152955 -0.09753948 0.005155384 0.0152955 -0.09753948 0.005155384 0.01529735 -0.0975055 0.005414187 0.01529735 -0.0975055 0.005414187 0.01529735 -0.0975055 0.005414187 0.01529735 -0.0975055 0.005414187 0.01529735 -0.0975055 0.01024997 0.01529735 -0.0975055 0.01024997 0.01529735 -0.0975055 0.01024997 0.01529735 -0.0975055 0.01024997 0.01755726 -0.05706858 0.01024997 0.01755726 -0.05706858 0.01024997 0.01755726 -0.05706858 0.01024997 0.01794785 -0.05007952 0.01424998 0.01794785 -0.05007952 0.01424998 0.01794785 -0.05007952 0.01424998 0.01794785 -0.05007952 0.01424998 0.01794785 -0.05007952 0.01424998 0.01487886 -0.1049938 -0.002999961 0.01487886 -0.1049938 -0.002999961 0.01487886 -0.1049938 -0.002999961 0.01487886 -0.1049938 -0.009421527 0.01487886 -0.1049938 -0.009421527 0.01487886 -0.1049938 -0.009421527 0.01497656 -0.1032466 -0.004999995 0.01497656 -0.1032466 -0.004999995 0.01497656 -0.1032466 -0.004999995 0.01497656 -0.1032466 -0.004999995 0.01497864 -0.103209 -0.004666209 0.01497864 -0.103209 -0.004666209 0.01497864 -0.103209 -0.004666209 0.01497864 -0.103209 -0.004666209 0.01498484 -0.1030982 -0.004349172 0.01498484 -0.1030982 -0.004349172 0.01498484 -0.1030982 -0.004349172 0.01498484 -0.1030982 -0.004349172 0.0149948 -0.1029198 -0.004064738 0.0149948 -0.1029198 -0.004064738 0.0149948 -0.1029198 -0.004064738 0.01500803 -0.1026827 -0.003827214 0.01500803 -0.1026827 -0.003827214 0.01500803 -0.1026827 -0.003827214 0.01502394 -0.1023987 -0.003648519 0.01502394 -0.1023987 -0.003648519 0.01502394 -0.1023987 -0.003648519 0.01504158 -0.1020821 -0.003537595 0.01504158 -0.1020821 -0.003537595 0.01504158 -0.1020821 -0.003537595 0.01516264 -0.09991598 -0.002999961 0.01516264 -0.09991598 -0.002999961 0.01516264 -0.09991598 -0.002999961 0.01516264 -0.09991598 -0.002999961 0.01506024 -0.1017489 -0.003499984 0.01506024 -0.1017489 -0.003499984 0.01506024 -0.1017489 -0.003499984 0.01507884 -0.1014156 -0.003537595 0.01507884 -0.1014156 -0.003537595 0.01507884 -0.1014156 -0.003537595 0.01507884 -0.1014156 -0.003537595 0.01509654 -0.101099 -0.003648519 0.01509654 -0.101099 -0.003648519 0.01509654 -0.101099 -0.003648519 0.0151124 -0.1008151 -0.003827214 0.0151124 -0.1008151 -0.003827214 0.0151124 -0.1008151 -0.003827214 0.01512569 -0.100578 -0.004064738 0.01512569 -0.100578 -0.004064738 0.01512569 -0.100578 -0.004064738 0.01512569 -0.100578 -0.004064738 0.01513564 -0.1003995 -0.004349172 0.01513564 -0.1003995 -0.004349172 0.01513564 -0.1003995 -0.004349172 0.01514184 -0.1002888 -0.004666209 0.01514184 -0.1002888 -0.004666209 0.01514184 -0.1002888 -0.004666209 0.01514184 -0.1002888 -0.004666209 0.01514393 -0.1002512 -0.004999995 0.01514393 -0.1002512 -0.004999995 0.01514393 -0.1002512 -0.004999995 0.0152899 -0.09763926 -0.004914164 0.0152899 -0.09763926 -0.004914164 0.0152899 -0.09763926 -0.004914164 0.0152899 -0.09763926 -0.004914164 0.0152899 -0.09763926 -0.004914164 0.01528102 -0.09779793 -0.004707098 0.01528102 -0.09779793 -0.004707098 0.01528102 -0.09779793 -0.004707098 0.01528102 -0.09779793 -0.004707098 0.0152021 -0.09920996 -0.003292858 0.0152021 -0.09920996 -0.003292858 0.0152021 -0.09920996 -0.003292858 0.01519054 -0.09941673 -0.003133952 0.01519054 -0.09941673 -0.003133952 0.01519054 -0.09941673 -0.003133952 0.01519054 -0.09941673 -0.003133952 0.01517713 -0.09965753 -0.003034055 0.01517713 -0.09965753 -0.003034055 0.01517713 -0.09965753 -0.003034055 0.01529735 -0.0975055 -0.005414187 0.01529735 -0.0975055 -0.005414187 0.01529735 -0.0975055 -0.005414187 0.0152955 -0.09753948 -0.005155384 0.0152955 -0.09753948 -0.005155384 0.0152955 -0.09753948 -0.005155384 0.01514184 -0.1002888 -0.005333721 0.01514184 -0.1002888 -0.005333721 0.01514184 -0.1002888 -0.005333721 0.01513564 -0.1003995 -0.005650818 0.01513564 -0.1003995 -0.005650818 0.01513564 -0.1003995 -0.005650818 0.01513564 -0.1003995 -0.005650818 0.01512569 -0.100578 -0.005935192 0.01512569 -0.100578 -0.005935192 0.01512569 -0.100578 -0.005935192 0.0151124 -0.1008151 -0.006172716 0.0151124 -0.1008151 -0.006172716 0.0151124 -0.1008151 -0.006172716 0.01509654 -0.101099 -0.006351411 0.01509654 -0.101099 -0.006351411 0.01509654 -0.101099 -0.006351411 0.01509654 -0.101099 -0.006351411 0.01510208 -0.101 -0.01424998 0.01510208 -0.101 -0.01424998 0.01510208 -0.101 -0.01424998 0.01771277 -0.05428528 -0.005333721 0.01771277 -0.05428528 -0.005333721 0.01771277 -0.05428528 -0.005333721 0.01771068 -0.05432283 -0.004999995 0.01771068 -0.05432283 -0.004999995 0.01771068 -0.05432283 -0.004999995 0.01771068 -0.05432283 -0.004999995 0.01771068 -0.05432283 0.004999995 0.01771068 -0.05432283 0.004999995 0.01771068 -0.05432283 0.004999995 0.01771068 -0.05432283 0.004999995 0.01771277 -0.05428528 0.005333721 0.01771277 -0.05428528 0.005333721 0.01771277 -0.05428528 0.005333721 0.01771277 -0.05428528 0.005333721 0.01771897 -0.05417454 0.005650818 0.01771897 -0.05417454 0.005650818 0.01771897 -0.05417454 0.005650818 0.01771897 -0.05417454 0.005650818 0.01771897 -0.05417454 0.005650818 0.01771897 -0.05417454 -0.005650818 0.01771897 -0.05417454 -0.005650818 0.01771897 -0.05417454 -0.005650818 0.01771897 -0.05417454 -0.005650818 0.01771897 -0.05417454 -0.005650818 0.01514393 -0.1002512 0.004999995 0.01514393 -0.1002512 0.004999995 0.01514393 -0.1002512 0.004999995 0.01516264 -0.09991598 0.002999961 0.01516264 -0.09991598 0.002999961 0.01516264 -0.09991598 0.002999961 0.01517713 -0.09965753 0.003034055 0.01517713 -0.09965753 0.003034055 0.01517713 -0.09965753 0.003034055 0.01519054 -0.09941673 0.003133952 0.01519054 -0.09941673 0.003133952 0.01519054 -0.09941673 0.003133952 0.01519054 -0.09941673 0.003133952 0.0152021 -0.09920996 0.003292858 0.0152021 -0.09920996 0.003292858 0.0152021 -0.09920996 0.003292858 0.0152021 -0.09920996 0.003292858 0.01528102 -0.09779793 0.004707098 0.01528102 -0.09779793 0.004707098 0.01528102 -0.09779793 0.004707098 0.0152899 -0.09763926 0.004914164 0.0152899 -0.09763926 0.004914164 0.0152899 -0.09763926 0.004914164 0.0151124 -0.1008151 0.006172716 0.0151124 -0.1008151 0.006172716 0.0151124 -0.1008151 0.006172716 0.01512569 -0.100578 0.005935192 0.01512569 -0.100578 0.005935192 0.01512569 -0.100578 0.005935192 0.01512569 -0.100578 0.005935192 0.01513564 -0.1003995 0.005650818 0.01513564 -0.1003995 0.005650818 0.01513564 -0.1003995 0.005650818 0.01514184 -0.1002888 0.005333721 0.01514184 -0.1002888 0.005333721 0.01514184 -0.1002888 0.005333721 0.01514184 -0.1002888 0.005333721 0.01510208 -0.101 0.01424998 0.01510208 -0.101 0.01424998 0.01510208 -0.101 0.01424998 0.01491159 -0.1044089 0.01083576 0.01491159 -0.1044089 0.01083576 0.01491159 -0.1044089 0.01083576 0.01497864 -0.103209 0.005333721 0.01497864 -0.103209 0.005333721 0.01497864 -0.103209 0.005333721 0.01497864 -0.103209 0.005333721 0.01498484 -0.1030982 0.005650818 0.01498484 -0.1030982 0.005650818 0.01498484 -0.1030982 0.005650818 0.01498484 -0.1030982 0.005650818 0.0149948 -0.1029198 0.005935192 0.0149948 -0.1029198 0.005935192 0.0149948 -0.1029198 0.005935192 0.01500803 -0.1026827 0.006172716 0.01500803 -0.1026827 0.006172716 0.01500803 -0.1026827 0.006172716 0.01502394 -0.1023987 0.006351411 0.01502394 -0.1023987 0.006351411 0.01502394 -0.1023987 0.006351411 0.01504158 -0.1020821 0.006462335 0.01504158 -0.1020821 0.006462335 0.01504158 -0.1020821 0.006462335 0.01506024 -0.1017489 0.006499946 0.01506024 -0.1017489 0.006499946 0.01506024 -0.1017489 0.006499946 0.01507884 -0.1014156 0.006462335 0.01507884 -0.1014156 0.006462335 0.01507884 -0.1014156 0.006462335 0.01507884 -0.1014156 0.006462335 0.01509654 -0.101099 0.006351411 0.01509654 -0.101099 0.006351411 0.01509654 -0.101099 0.006351411 0.01497656 -0.1032466 0.004999995 0.01497656 -0.1032466 0.004999995 0.01497656 -0.1032466 0.004999995 0.01497656 -0.1032466 0.004999995 0.0148977 -0.1046572 0.01053267 0.0148977 -0.1046572 0.01053267 0.0148977 -0.1046572 0.01053267 0.01488739 -0.1048418 0.01018691 0.01488739 -0.1048418 0.01018691 0.01488739 -0.1048418 0.01018691 0.01488739 -0.1048418 0.01018691 0.01488101 -0.1049554 0.009811699 0.01488101 -0.1049554 0.009811699 0.01488101 -0.1049554 0.009811699 0.01488101 -0.1049554 0.009811699 0.01487886 -0.1049938 0.009421527 0.01487886 -0.1049938 0.009421527 0.01487886 -0.1049938 0.009421527 0.01487886 -0.1049938 0.009421527 0.01487886 -0.1049938 0.002999961 0.01487886 -0.1049938 0.002999961 0.01487886 -0.1049938 0.002999961 0.01772898 -0.05399608 0.005935192 0.01772898 -0.05399608 0.005935192 0.01772898 -0.05399608 0.005935192 0.01772898 -0.05399608 0.005935192 0.01774221 -0.05375897 0.006172716 0.01774221 -0.05375897 0.006172716 0.01774221 -0.05375897 0.006172716 0.01775807 -0.05347502 0.006351411 0.01775807 -0.05347502 0.006351411 0.01775807 -0.05347502 0.006351411 0.01775807 -0.05347502 0.006351411 0.01777577 -0.05315846 0.006462335 0.01777577 -0.05315846 0.006462335 0.01777577 -0.05315846 0.006462335 0.01779443 -0.05282521 0.006499946 0.01779443 -0.05282521 0.006499946 0.01779443 -0.05282521 0.006499946 0.01781302 -0.05249196 0.006462335 0.01781302 -0.05249196 0.006462335 0.01781302 -0.05249196 0.006462335 0.01783072 -0.0521754 0.006351411 0.01783072 -0.0521754 0.006351411 0.01783072 -0.0521754 0.006351411 0.01784658 -0.05189144 0.006172716 0.01784658 -0.05189144 0.006172716 0.01784658 -0.05189144 0.006172716 0.01785981 -0.05165427 0.005935192 0.01785981 -0.05165427 0.005935192 0.01785981 -0.05165427 0.005935192 0.01786983 -0.05147588 0.005650818 0.01786983 -0.05147588 0.005650818 0.01786983 -0.05147588 0.005650818 0.01787602 -0.05136507 0.005333721 0.01787602 -0.05136507 0.005333721 0.01787602 -0.05136507 0.005333721 0.01787602 -0.05136507 0.005333721 0.01787811 -0.05132752 0.004999995 0.01787811 -0.05132752 0.004999995 0.01787811 -0.05132752 0.004999995 0.01787811 -0.05132752 0.004999995 0.01787811 -0.05132752 -0.004999995 0.01787811 -0.05132752 -0.004999995 0.01787811 -0.05132752 -0.004999995 0.01787811 -0.05132752 -0.004999995 0.01787811 -0.05132752 -0.004999995 0.01514184 -0.1002888 0.004666209 0.01514184 -0.1002888 0.004666209 0.01514184 -0.1002888 0.004666209 0.01513564 -0.1003995 0.004349112 0.01513564 -0.1003995 0.004349112 0.01513564 -0.1003995 0.004349112 0.01513564 -0.1003995 0.004349112 0.01512569 -0.100578 0.004064738 0.01512569 -0.100578 0.004064738 0.01512569 -0.100578 0.004064738 0.0151124 -0.1008151 0.003827214 0.0151124 -0.1008151 0.003827214 0.0151124 -0.1008151 0.003827214 0.01509654 -0.101099 0.003648519 0.01509654 -0.101099 0.003648519 0.01509654 -0.101099 0.003648519 0.01509654 -0.101099 0.003648519 0.01507884 -0.1014156 0.003537595 0.01507884 -0.1014156 0.003537595 0.01507884 -0.1014156 0.003537595 0.01506024 -0.1017489 0.003499984 0.01506024 -0.1017489 0.003499984 0.01506024 -0.1017489 0.003499984 0.01504158 -0.1020821 0.003537595 0.01504158 -0.1020821 0.003537595 0.01504158 -0.1020821 0.003537595 0.01502394 -0.1023987 0.003648519 0.01502394 -0.1023987 0.003648519 0.01502394 -0.1023987 0.003648519 0.01500803 -0.1026827 0.003827214 0.01500803 -0.1026827 0.003827214 0.01500803 -0.1026827 0.003827214 0.0149948 -0.1029198 0.004064738 0.0149948 -0.1029198 0.004064738 0.0149948 -0.1029198 0.004064738 0.0149948 -0.1029198 0.004064738 0.01498484 -0.1030982 0.004349112 0.01498484 -0.1030982 0.004349112 0.01498484 -0.1030982 0.004349112 0.01498484 -0.1030982 0.004349112 0.01497864 -0.103209 0.004666209 0.01497864 -0.103209 0.004666209 0.01497864 -0.103209 0.004666209 0.01497864 -0.103209 0.004666209 0.01507884 -0.1014156 -0.006462335 0.01507884 -0.1014156 -0.006462335 0.01507884 -0.1014156 -0.006462335 0.01506024 -0.1017489 -0.006499946 0.01506024 -0.1017489 -0.006499946 0.01506024 -0.1017489 -0.006499946 0.01504158 -0.1020821 -0.006462335 0.01504158 -0.1020821 -0.006462335 0.01504158 -0.1020821 -0.006462335 0.01502394 -0.1023987 -0.006351411 0.01502394 -0.1023987 -0.006351411 0.01502394 -0.1023987 -0.006351411 0.01500803 -0.1026827 -0.006172716 0.01500803 -0.1026827 -0.006172716 0.01500803 -0.1026827 -0.006172716 0.0149948 -0.1029198 -0.005935192 0.0149948 -0.1029198 -0.005935192 0.0149948 -0.1029198 -0.005935192 0.0149948 -0.1029198 -0.005935192 0.01498484 -0.1030982 -0.005650818 0.01498484 -0.1030982 -0.005650818 0.01498484 -0.1030982 -0.005650818 0.01498484 -0.1030982 -0.005650818 0.01497864 -0.103209 -0.005333721 0.01497864 -0.103209 -0.005333721 0.01497864 -0.103209 -0.005333721 0.01497864 -0.103209 -0.005333721 0.01491159 -0.1044089 -0.01083576 0.01491159 -0.1044089 -0.01083576 0.01491159 -0.1044089 -0.01083576 0.01488101 -0.1049554 -0.009811699 0.01488101 -0.1049554 -0.009811699 0.01488101 -0.1049554 -0.009811699 0.01488101 -0.1049554 -0.009811699 0.01488739 -0.1048418 -0.01018691 0.01488739 -0.1048418 -0.01018691 0.01488739 -0.1048418 -0.01018691 0.01488739 -0.1048418 -0.01018691 0.0148977 -0.1046572 -0.01053267 0.0148977 -0.1046572 -0.01053267 0.0148977 -0.1046572 -0.01053267 0.01787602 -0.05136507 -0.005333721 0.01787602 -0.05136507 -0.005333721 0.01787602 -0.05136507 -0.005333721 0.01786983 -0.05147588 -0.005650818 0.01786983 -0.05147588 -0.005650818 0.01786983 -0.05147588 -0.005650818 0.01786983 -0.05147588 -0.005650818 0.01785981 -0.05165427 -0.005935192 0.01785981 -0.05165427 -0.005935192 0.01785981 -0.05165427 -0.005935192 0.01784658 -0.05189144 -0.006172716 0.01784658 -0.05189144 -0.006172716 0.01784658 -0.05189144 -0.006172716 0.01783072 -0.0521754 -0.006351411 0.01783072 -0.0521754 -0.006351411 0.01783072 -0.0521754 -0.006351411 0.01781302 -0.05249196 -0.006462335 0.01781302 -0.05249196 -0.006462335 0.01781302 -0.05249196 -0.006462335 0.01779443 -0.05282521 -0.006499946 0.01779443 -0.05282521 -0.006499946 0.01779443 -0.05282521 -0.006499946 0.01777577 -0.05315846 -0.006462335 0.01777577 -0.05315846 -0.006462335 0.01777577 -0.05315846 -0.006462335 0.01777577 -0.05315846 -0.006462335 0.01775807 -0.05347502 -0.006351411 0.01775807 -0.05347502 -0.006351411 0.01775807 -0.05347502 -0.006351411 0.01774221 -0.05375897 -0.006172716 0.01774221 -0.05375897 -0.006172716 0.01774221 -0.05375897 -0.006172716 0.01772898 -0.05399608 -0.005935192 0.01772898 -0.05399608 -0.005935192 0.01772898 -0.05399608 -0.005935192 0.01772898 -0.05399608 -0.005935192 0.01772898 -0.05399608 -0.005935192 0.01779443 -0.05282521 -0.003499984 0.01779443 -0.05282521 -0.003499984 0.01779443 -0.05282521 -0.003499984 0.01777577 -0.05315846 0.003537595 0.01777577 -0.05315846 0.003537595 0.01777577 -0.05315846 0.003537595 0.01777577 -0.05315846 0.003537595 0.01777577 -0.05315846 -0.003537595 0.01777577 -0.05315846 -0.003537595 0.01777577 -0.05315846 -0.003537595 0.01775807 -0.05347502 0.003648519 0.01775807 -0.05347502 0.003648519 0.01775807 -0.05347502 0.003648519 0.01775807 -0.05347502 0.003648519 0.01775807 -0.05347502 -0.003648519 0.01775807 -0.05347502 -0.003648519 0.01775807 -0.05347502 -0.003648519 0.01775807 -0.05347502 -0.003648519 0.01774221 -0.05375897 0.003827214 0.01774221 -0.05375897 0.003827214 0.01774221 -0.05375897 0.003827214 0.01774221 -0.05375897 -0.003827214 0.01774221 -0.05375897 -0.003827214 0.01774221 -0.05375897 -0.003827214 0.01772898 -0.05399608 0.004064738 0.01772898 -0.05399608 0.004064738 0.01772898 -0.05399608 0.004064738 0.01772898 -0.05399608 0.004064738 0.01772898 -0.05399608 -0.004064738 0.01772898 -0.05399608 -0.004064738 0.01772898 -0.05399608 -0.004064738 0.01771897 -0.05417454 0.004349112 0.01771897 -0.05417454 0.004349112 0.01771897 -0.05417454 0.004349112 0.01771897 -0.05417454 0.004349112 0.01771897 -0.05417454 -0.004349172 0.01771897 -0.05417454 -0.004349172 0.01771897 -0.05417454 -0.004349172 0.01771897 -0.05417454 -0.004349172 0.01771277 -0.05428528 0.004666209 0.01771277 -0.05428528 0.004666209 0.01771277 -0.05428528 0.004666209 0.01771277 -0.05428528 -0.004666209 0.01771277 -0.05428528 -0.004666209 0.01771277 -0.05428528 -0.004666209 0.01771277 -0.05428528 -0.004666209 0.01771277 -0.05428528 -0.004666209 0.01779443 -0.05282521 0.003499984 0.01779443 -0.05282521 0.003499984 0.01779443 -0.05282521 0.003499984 0.01781302 -0.05249196 -0.003537595 0.01781302 -0.05249196 -0.003537595 0.01781302 -0.05249196 -0.003537595 0.01781302 -0.05249196 0.003537595 0.01781302 -0.05249196 0.003537595 0.01781302 -0.05249196 0.003537595 0.01783072 -0.0521754 -0.003648519 0.01783072 -0.0521754 -0.003648519 0.01783072 -0.0521754 -0.003648519 0.01783072 -0.0521754 -0.003648519 0.01783072 -0.0521754 0.003648519 0.01783072 -0.0521754 0.003648519 0.01783072 -0.0521754 0.003648519 0.01784658 -0.05189144 -0.003827214 0.01784658 -0.05189144 -0.003827214 0.01784658 -0.05189144 -0.003827214 0.01784658 -0.05189144 0.003827214 0.01784658 -0.05189144 0.003827214 0.01784658 -0.05189144 0.003827214 0.01785981 -0.05165427 -0.004064738 0.01785981 -0.05165427 -0.004064738 0.01785981 -0.05165427 -0.004064738 0.01785981 -0.05165427 0.004064738 0.01785981 -0.05165427 0.004064738 0.01785981 -0.05165427 0.004064738 0.01786983 -0.05147588 -0.004349172 0.01786983 -0.05147588 -0.004349172 0.01786983 -0.05147588 -0.004349172 0.01786983 -0.05147588 0.004349112 0.01786983 -0.05147588 0.004349112 0.01786983 -0.05147588 0.004349112 0.01786983 -0.05147588 0.004349112 0.01786983 -0.05147588 0.004349112 0.01787602 -0.05136507 -0.004666209 0.01787602 -0.05136507 -0.004666209 0.01787602 -0.05136507 -0.004666209 0.01787602 -0.05136507 -0.004666209 0.01787602 -0.05136507 -0.004666209 0.01787602 -0.05136507 0.004666209 0.01787602 -0.05136507 0.004666209 0.01787602 -0.05136507 0.004666209 0.01787602 -0.05136507 0.004666209 -0.01325345 -0.09761965 0.003292858 -0.01325345 -0.09761965 0.003292858 -0.01325345 -0.09761965 0.003292858 -0.01317453 -0.09620767 0.004707098 -0.01317453 -0.09620767 0.004707098 -0.01317453 -0.09620767 0.004707098 -0.01329284 -0.09832566 0.002999961 -0.01329284 -0.09832566 0.002999961 -0.01329284 -0.09832566 0.002999961 -0.01357668 -0.1034035 0.002999961 -0.01357668 -0.1034035 0.002999961 -0.01357668 -0.1034035 0.002999961 -0.0127815 -0.08917576 0 -0.0127815 -0.08917576 0 -0.0127815 -0.08917576 0 -0.0127815 -0.08917576 0 -0.01277935 -0.08913671 5.21647e-4 -0.01277935 -0.08913671 5.21647e-4 -0.01277935 -0.08913671 5.21647e-4 -0.01315814 -0.09591525 0.01024997 -0.01315814 -0.09591525 0.01024997 -0.01315814 -0.09591525 0.01024997 -0.01315814 -0.09591525 0.005414187 -0.01315814 -0.09591525 0.005414187 -0.01315814 -0.09591525 0.005414187 -0.01316004 -0.09594923 0.005155384 -0.01316004 -0.09594923 0.005155384 -0.01316004 -0.09594923 0.005155384 -0.01316004 -0.09594923 0.005155384 -0.01316565 -0.09604901 0.004914164 -0.01316565 -0.09604901 0.004914164 -0.01316565 -0.09604901 0.004914164 -0.01316565 -0.09604901 0.004914164 -0.01326495 -0.09782642 0.003133952 -0.01326495 -0.09782642 0.003133952 -0.01326495 -0.09782642 0.003133952 -0.01326495 -0.09782642 0.003133952 -0.01327842 -0.09806728 0.003034055 -0.01327842 -0.09806728 0.003034055 -0.01327842 -0.09806728 0.003034055 -0.01327842 -0.09806728 0.003034055 -0.01357668 -0.1034035 -0.002999961 -0.01357668 -0.1034035 -0.002999961 -0.01357668 -0.1034035 -0.002999961 -0.01329284 -0.09832566 -0.002999961 -0.01329284 -0.09832566 -0.002999961 -0.01329284 -0.09832566 -0.002999961 -0.01327842 -0.09806728 -0.003034055 -0.01327842 -0.09806728 -0.003034055 -0.01327842 -0.09806728 -0.003034055 -0.01326495 -0.09782642 -0.003133952 -0.01326495 -0.09782642 -0.003133952 -0.01326495 -0.09782642 -0.003133952 -0.01325345 -0.09761965 -0.003292858 -0.01325345 -0.09761965 -0.003292858 -0.01325345 -0.09761965 -0.003292858 -0.01325345 -0.09761965 -0.003292858 -0.01317453 -0.09620767 -0.004707098 -0.01317453 -0.09620767 -0.004707098 -0.01317453 -0.09620767 -0.004707098 -0.01316565 -0.09604901 -0.004914164 -0.01316565 -0.09604901 -0.004914164 -0.01316565 -0.09604901 -0.004914164 -0.01316004 -0.09594923 -0.005155384 -0.01316004 -0.09594923 -0.005155384 -0.01316004 -0.09594923 -0.005155384 -0.01316004 -0.09594923 -0.005155384 -0.01315814 -0.09591525 -0.005414187 -0.01315814 -0.09591525 -0.005414187 -0.01315814 -0.09591525 -0.005414187 -0.01315814 -0.09591525 -0.01024997 -0.01315814 -0.09591525 -0.01024997 -0.01315814 -0.09591525 -0.01024997 -0.01089829 -0.05547833 -0.01024997 -0.01089829 -0.05547833 -0.01024997 -0.01089829 -0.05547833 -0.01024997 -0.01089829 -0.05547833 -0.01024997 -0.01089829 -0.05547833 0.01024997 -0.01089829 -0.05547833 0.01024997 -0.01089829 -0.05547833 0.01024997 -0.01089829 -0.05547833 0.01024997 -0.01239091 -0.08218663 0 -0.01239091 -0.08218663 0 -0.01239091 -0.08218663 0 -0.01239091 -0.08218663 0 -0.01239311 -0.08222568 -5.21648e-4 -0.01239311 -0.08222568 -5.21648e-4 -0.01239311 -0.08222568 -5.21648e-4 -0.01239961 -0.08234184 -0.001031637 -0.01239961 -0.08234184 -0.001031637 -0.01239961 -0.08234184 -0.001031637 -0.01239961 -0.08234184 -0.001031637 -0.01241028 -0.0825327 -0.001518547 -0.01241028 -0.0825327 -0.001518547 -0.01241028 -0.0825327 -0.001518547 -0.01241028 -0.0825327 -0.001518547 -0.01242488 -0.08279389 -0.001971602 -0.01242488 -0.08279389 -0.001971602 -0.01242488 -0.08279389 -0.001971602 -0.01242488 -0.08279389 -0.001971602 -0.01244306 -0.08311951 -0.002380549 -0.01244306 -0.08311951 -0.002380549 -0.01244306 -0.08311951 -0.002380549 -0.01244306 -0.08311951 -0.002380549 -0.01246446 -0.08350235 -0.002736389 -0.01246446 -0.08350235 -0.002736389 -0.01246446 -0.08350235 -0.002736389 -0.01246446 -0.08350235 -0.002736389 -0.01248854 -0.08393388 -0.003031075 -0.01248854 -0.08393388 -0.003031075 -0.01248854 -0.08393388 -0.003031075 -0.01251488 -0.08440446 -0.003258049 -0.01251488 -0.08440446 -0.003258049 -0.01251488 -0.08440446 -0.003258049 -0.01254278 -0.08490353 -0.003412187 -0.01254278 -0.08490353 -0.003412187 -0.01254278 -0.08490353 -0.003412187 -0.01257163 -0.08542001 -0.003490209 -0.01257163 -0.08542001 -0.003490209 -0.01257163 -0.08542001 -0.003490209 -0.01260083 -0.08594232 -0.003490209 -0.01260083 -0.08594232 -0.003490209 -0.01260083 -0.08594232 -0.003490209 -0.01260083 -0.08594232 -0.003490209 -0.01262968 -0.0864588 -0.003412187 -0.01262968 -0.0864588 -0.003412187 -0.01262968 -0.0864588 -0.003412187 -0.01262968 -0.0864588 -0.003412187 -0.01265758 -0.08695787 -0.003258049 -0.01265758 -0.08695787 -0.003258049 -0.01265758 -0.08695787 -0.003258049 -0.01268386 -0.08742845 -0.003031075 -0.01268386 -0.08742845 -0.003031075 -0.01268386 -0.08742845 -0.003031075 -0.01268386 -0.08742845 -0.003031075 -0.012708 -0.08785998 -0.002736389 -0.012708 -0.08785998 -0.002736389 -0.012708 -0.08785998 -0.002736389 -0.0127294 -0.08824288 -0.002380549 -0.0127294 -0.08824288 -0.002380549 -0.0127294 -0.08824288 -0.002380549 -0.01274758 -0.0885685 -0.001971602 -0.01274758 -0.0885685 -0.001971602 -0.01274758 -0.0885685 -0.001971602 -0.01276218 -0.08882969 -0.001518547 -0.01276218 -0.08882969 -0.001518547 -0.01276218 -0.08882969 -0.001518547 -0.01277285 -0.08902049 -0.001031637 -0.01277285 -0.08902049 -0.001031637 -0.01277285 -0.08902049 -0.001031637 -0.01277935 -0.08913671 -5.21648e-4 -0.01277935 -0.08913671 -5.21648e-4 -0.01277935 -0.08913671 -5.21648e-4 -0.01277935 -0.08913671 -5.21648e-4 -0.01262968 -0.0864588 0.003412187 -0.01262968 -0.0864588 0.003412187 -0.01262968 -0.0864588 0.003412187 -0.01262968 -0.0864588 0.003412187 -0.01260083 -0.08594232 0.003490209 -0.01260083 -0.08594232 0.003490209 -0.01260083 -0.08594232 0.003490209 -0.01260083 -0.08594232 0.003490209 -0.01257163 -0.08542001 0.003490209 -0.01257163 -0.08542001 0.003490209 -0.01257163 -0.08542001 0.003490209 -0.01254278 -0.08490353 0.003412187 -0.01254278 -0.08490353 0.003412187 -0.01254278 -0.08490353 0.003412187 -0.01251488 -0.08440446 0.003258049 -0.01251488 -0.08440446 0.003258049 -0.01251488 -0.08440446 0.003258049 -0.01248854 -0.08393388 0.003031075 -0.01248854 -0.08393388 0.003031075 -0.01248854 -0.08393388 0.003031075 -0.01246446 -0.08350235 0.002736389 -0.01246446 -0.08350235 0.002736389 -0.01246446 -0.08350235 0.002736389 -0.01246446 -0.08350235 0.002736389 -0.01244306 -0.08311951 0.002380549 -0.01244306 -0.08311951 0.002380549 -0.01244306 -0.08311951 0.002380549 -0.01244306 -0.08311951 0.002380549 -0.01242488 -0.08279389 0.001971602 -0.01242488 -0.08279389 0.001971602 -0.01242488 -0.08279389 0.001971602 -0.01242488 -0.08279389 0.001971602 -0.01241028 -0.0825327 0.001518547 -0.01241028 -0.0825327 0.001518547 -0.01241028 -0.0825327 0.001518547 -0.01241028 -0.0825327 0.001518547 -0.01239961 -0.08234184 0.001031637 -0.01239961 -0.08234184 0.001031637 -0.01239961 -0.08234184 0.001031637 -0.01239311 -0.08222568 5.21647e-4 -0.01239311 -0.08222568 5.21647e-4 -0.01239311 -0.08222568 5.21647e-4 -0.01239311 -0.08222568 5.21647e-4 -0.01277285 -0.08902049 0.001031637 -0.01277285 -0.08902049 0.001031637 -0.01277285 -0.08902049 0.001031637 -0.01277285 -0.08902049 0.001031637 -0.01276218 -0.08882969 0.001518547 -0.01276218 -0.08882969 0.001518547 -0.01276218 -0.08882969 0.001518547 -0.01274758 -0.0885685 0.001971602 -0.01274758 -0.0885685 0.001971602 -0.01274758 -0.0885685 0.001971602 -0.0127294 -0.08824288 0.002380549 -0.0127294 -0.08824288 0.002380549 -0.0127294 -0.08824288 0.002380549 -0.012708 -0.08785998 0.002736389 -0.012708 -0.08785998 0.002736389 -0.012708 -0.08785998 0.002736389 -0.012708 -0.08785998 0.002736389 -0.01268386 -0.08742845 0.003031075 -0.01268386 -0.08742845 0.003031075 -0.01268386 -0.08742845 0.003031075 -0.01265758 -0.08695787 0.003258049 -0.01265758 -0.08695787 0.003258049 -0.01265758 -0.08695787 0.003258049 0.02879714 0.009641706 0.006839036 0.02879714 0.009641706 0.006839036 0.02879714 0.009641706 0.006839036 0.02857953 0.005747973 0.00146234 0.02857953 0.005747973 0.00146234 0.02857953 0.005747973 0.00146234 0.02856093 0.005414724 0.00149995 0.02856093 0.005414724 0.00149995 0.02856093 0.005414724 0.00149995 0.02856093 0.005414724 0.00149995 0.02802526 -0.004170238 0 0.02802526 -0.004170238 0 0.02802526 -0.004170238 0 0.02786344 -0.007065773 0 0.02786344 -0.007065773 0 0.02786344 -0.007065773 0 0.02786344 -0.007065773 0 0.02802747 -0.00413084 4.51484e-4 0.02802747 -0.00413084 4.51484e-4 0.02802747 -0.00413084 4.51484e-4 0.02802747 -0.00413084 4.51484e-4 0.02802747 -0.00413084 -4.51485e-4 0.02802747 -0.00413084 -4.51485e-4 0.02802747 -0.00413084 -4.51485e-4 0.02830666 8.65043e-4 8.89251e-4 0.02830666 8.65043e-4 8.89251e-4 0.02830666 8.65043e-4 8.89251e-4 0.02850872 0.004480957 0.001172721 0.02850872 0.004480957 0.001172721 0.02850872 0.004480957 0.001172721 0.02849549 0.004243791 9.35234e-4 0.02849549 0.004243791 9.35234e-4 0.02849549 0.004243791 9.35234e-4 0.02831321 9.82154e-4 4.51484e-4 0.02831321 9.82154e-4 4.51484e-4 0.02831321 9.82154e-4 4.51484e-4 0.02830666 8.65043e-4 -8.89252e-4 0.02830666 8.65043e-4 -8.89252e-4 0.02830666 8.65043e-4 -8.89252e-4 0.02831321 9.82154e-4 -4.51485e-4 0.02831321 9.82154e-4 -4.51485e-4 0.02831321 9.82154e-4 -4.51485e-4 0.02831321 9.82154e-4 -4.51485e-4 0.02849549 0.004243791 -9.35235e-4 0.02849549 0.004243791 -9.35235e-4 0.02849549 0.004243791 -9.35235e-4 0.02856093 0.005414724 -0.00149995 0.02856093 0.005414724 -0.00149995 0.02856093 0.005414724 -0.00149995 0.02856093 0.005414724 -0.00149995 0.02828145 4.14268e-4 -0.001671195 0.02828145 4.14268e-4 -0.001671195 0.02828145 4.14268e-4 -0.001671195 0.02828145 4.14268e-4 -0.001671195 0.02828145 4.14268e-4 -0.001671195 0.02854228 0.005081415 -0.00146234 0.02854228 0.005081415 -0.00146234 0.02854228 0.005081415 -0.00146234 0.02854228 0.005081415 -0.00146234 0.02812069 -0.002462208 -0.002443194 0.02812069 -0.002462208 -0.002443194 0.02812069 -0.002462208 -0.002443194 0.02811813 -0.002508103 -0.005827248 0.02811813 -0.002508103 -0.005827248 0.02811813 -0.002508103 -0.005827248 0.0281049 -0.00274527 -0.006064713 0.0281049 -0.00274527 -0.006064713 0.0281049 -0.00274527 -0.006064713 0.02813398 -0.002224147 0.005648493 0.02813398 -0.002224147 0.005648493 0.02813398 -0.002224147 0.005648493 0.02815169 -0.001907587 0.005537569 0.02815169 -0.001907587 0.005537569 0.02815169 -0.001907587 0.005537569 0.02814513 -0.002025067 0.002560496 0.02814513 -0.002025067 0.002560496 0.02814513 -0.002025067 0.002560496 0.02831542 0.001021564 0 0.02831542 0.001021564 0 0.02831542 0.001021564 0 0.02831542 0.001021564 0 0.02848553 0.004065394 6.50825e-4 0.02848553 0.004065394 6.50825e-4 0.02848553 0.004065394 6.50825e-4 0.02847933 0.003954589 3.33781e-4 0.02847933 0.003954589 3.33781e-4 0.02847933 0.003954589 3.33781e-4 0.02847725 0.003917038 0 0.02847725 0.003917038 0 0.02847725 0.003917038 0 0.02847933 0.003954589 -3.33782e-4 0.02847933 0.003954589 -3.33782e-4 0.02847933 0.003954589 -3.33782e-4 0.02848553 0.004065394 -6.50826e-4 0.02848553 0.004065394 -6.50826e-4 0.02848553 0.004065394 -6.50826e-4 0.02879714 0.009641706 -0.006839036 0.02879714 0.009641706 -0.006839036 0.02879714 0.009641706 -0.006839036 0.02879714 0.009641706 -0.006839036 0.02879714 0.009641706 -0.006839036 0.02826356 9.4291e-5 -0.001991689 0.02826356 9.4291e-5 -0.001991689 0.02826356 9.4291e-5 -0.001991689 0.02826356 9.4291e-5 -0.001991689 0.02826356 9.4291e-5 -0.001991689 0.02857953 0.005747973 -0.00146234 0.02857953 0.005747973 -0.00146234 0.02857953 0.005747973 -0.00146234 0.02857953 0.005747973 -0.00146234 0.02859723 0.006064534 -0.001351416 0.02859723 0.006064534 -0.001351416 0.02859723 0.006064534 -0.001351416 0.02861309 0.00634849 -0.001172721 0.02861309 0.00634849 -0.001172721 0.02861309 0.00634849 -0.001172721 0.02862638 0.006585597 -9.35235e-4 0.02862638 0.006585597 -9.35235e-4 0.02862638 0.006585597 -9.35235e-4 0.02862638 0.006585597 -9.35235e-4 0.02863633 0.006764054 -6.50826e-4 0.02863633 0.006764054 -6.50826e-4 0.02863633 0.006764054 -6.50826e-4 0.02863633 0.006764054 -6.50826e-4 0.02864253 0.006874799 -3.33782e-4 0.02864253 0.006874799 -3.33782e-4 0.02864253 0.006874799 -3.33782e-4 0.02864253 0.006874799 -3.33782e-4 0.02864462 0.00691235 0 0.02864462 0.00691235 0 0.02864462 0.00691235 0 0.02864462 0.00691235 0 0.02883994 0.01040691 -0.004178881 0.02883994 0.01040691 -0.004178881 0.02883994 0.01040691 -0.004178881 0.02883994 0.01040691 -0.004178881 0.02883815 0.01037549 -0.004738748 0.02883815 0.01037549 -0.004738748 0.02883815 0.01037549 -0.004738748 0.02883291 0.01028174 -0.005291521 0.02883291 0.01028174 -0.005291521 0.02883291 0.01028174 -0.005291521 0.02883291 0.01028174 -0.005291521 0.02882426 0.01012676 -0.005830287 0.02882426 0.01012676 -0.005830287 0.02882426 0.01012676 -0.005830287 0.02882426 0.01012676 -0.005830287 0.02881228 0.00991255 -0.006348311 0.02881228 0.00991255 -0.006348311 0.02881228 0.00991255 -0.006348311 0.02864253 0.006874799 3.33781e-4 0.02864253 0.006874799 3.33781e-4 0.02864253 0.006874799 3.33781e-4 0.02864253 0.006874799 3.33781e-4 0.02863633 0.006764054 6.50825e-4 0.02863633 0.006764054 6.50825e-4 0.02863633 0.006764054 6.50825e-4 0.02863633 0.006764054 6.50825e-4 0.02862638 0.006585597 9.35234e-4 0.02862638 0.006585597 9.35234e-4 0.02862638 0.006585597 9.35234e-4 0.02862638 0.006585597 9.35234e-4 0.02883994 0.01040691 0.004178881 0.02883994 0.01040691 0.004178881 0.02883994 0.01040691 0.004178881 0.02861309 0.00634849 0.001172721 0.02861309 0.00634849 0.001172721 0.02861309 0.00634849 0.001172721 0.02859723 0.006064534 0.001351416 0.02859723 0.006064534 0.001351416 0.02859723 0.006064534 0.001351416 0.02859723 0.006064534 0.001351416 0.02881228 0.00991255 0.006348311 0.02881228 0.00991255 0.006348311 0.02881228 0.00991255 0.006348311 0.02882426 0.01012676 0.005830287 0.02882426 0.01012676 0.005830287 0.02882426 0.01012676 0.005830287 0.02883291 0.01028174 0.005291521 0.02883291 0.01028174 0.005291521 0.02883291 0.01028174 0.005291521 0.02883815 0.01037549 0.004738748 0.02883815 0.01037549 0.004738748 0.02883815 0.01037549 0.004738748 0.02641659 -0.03295427 -0.01424998 0.02641659 -0.03295427 -0.01424998 0.02641659 -0.03295427 -0.01424998 0.02641659 -0.03295427 0.01424998 0.02641659 -0.03295427 0.01424998 0.02641659 -0.03295427 0.01424998 0.0283935 0.002419412 0.01424998 0.0283935 0.002419412 0.01424998 0.0283935 0.002419412 0.01424998 0.0283935 0.002419412 0.01424998 0.0281049 -0.00274527 0.007935225 0.0281049 -0.00274527 0.007935225 0.0281049 -0.00274527 0.007935225 0.0281049 -0.00274527 0.007935225 0.02809494 -0.002923667 0.007650792 0.02809494 -0.002923667 0.007650792 0.02809494 -0.002923667 0.007650792 0.02808874 -0.003034412 0.007333755 0.02808874 -0.003034412 0.007333755 0.02808874 -0.003034412 0.007333755 0.02808874 -0.003034412 0.007333755 0.02808666 -0.003071963 0.006999969 0.02808666 -0.003071963 0.006999969 0.02808666 -0.003071963 0.006999969 0.02808666 -0.003071963 0.006999969 0.02808666 -0.003071963 0.006999969 0.02808666 -0.003071963 0.006999969 0.02772754 -0.009497225 0.001172721 0.02772754 -0.009497225 0.001172721 0.02772754 -0.009497225 0.001172721 0.02771431 -0.009734332 9.35234e-4 0.02771431 -0.009734332 9.35234e-4 0.02771431 -0.009734332 9.35234e-4 0.02770435 -0.009912788 6.50825e-4 0.02770435 -0.009912788 6.50825e-4 0.02770435 -0.009912788 6.50825e-4 0.02769815 -0.01002353 3.33781e-4 0.02769815 -0.01002353 3.33781e-4 0.02769815 -0.01002353 3.33781e-4 0.02769815 -0.01002353 3.33781e-4 0.02769601 -0.01006108 0 0.02769601 -0.01006108 0 0.02769601 -0.01006108 0 0.02769601 -0.01006108 0 0.02769815 -0.01002353 -3.33782e-4 0.02769815 -0.01002353 -3.33782e-4 0.02769815 -0.01002353 -3.33782e-4 0.02770435 -0.009912788 -6.50826e-4 0.02770435 -0.009912788 -6.50826e-4 0.02770435 -0.009912788 -6.50826e-4 0.02771431 -0.009734332 -9.35235e-4 0.02771431 -0.009734332 -9.35235e-4 0.02771431 -0.009734332 -9.35235e-4 0.02772754 -0.009497225 -0.001172721 0.02772754 -0.009497225 -0.001172721 0.02772754 -0.009497225 -0.001172721 0.02808666 -0.003071963 -0.006999969 0.02808666 -0.003071963 -0.006999969 0.02808666 -0.003071963 -0.006999969 0.02808666 -0.003071963 -0.006999969 0.02808666 -0.003071963 -0.006999969 0.02808874 -0.003034412 -0.007333755 0.02808874 -0.003034412 -0.007333755 0.02808874 -0.003034412 -0.007333755 0.02809494 -0.002923667 -0.007650792 0.02809494 -0.002923667 -0.007650792 0.02809494 -0.002923667 -0.007650792 0.0281049 -0.00274527 -0.007935225 0.0281049 -0.00274527 -0.007935225 0.0281049 -0.00274527 -0.007935225 0.0283935 0.002419412 -0.01424998 0.0283935 0.002419412 -0.01424998 0.0283935 0.002419412 -0.01424998 0.0283935 0.002419412 -0.01424998 0.02811813 -0.002508103 -0.00817269 0.02811813 -0.002508103 -0.00817269 0.02811813 -0.002508103 -0.00817269 0.02813398 -0.002224147 -0.008351445 0.02813398 -0.002224147 -0.008351445 0.02813398 -0.002224147 -0.008351445 0.02815169 -0.001907587 -0.008462369 0.02815169 -0.001907587 -0.008462369 0.02815169 -0.001907587 -0.008462369 0.02817034 -0.001574337 -0.008499979 0.02817034 -0.001574337 -0.008499979 0.02817034 -0.001574337 -0.008499979 0.02818894 -0.001241087 -0.008462369 0.02818894 -0.001241087 -0.008462369 0.02818894 -0.001241087 -0.008462369 0.02820664 -9.24538e-4 -0.008351445 0.02820664 -9.24538e-4 -0.008351445 0.02820664 -9.24538e-4 -0.008351445 0.0282225 -6.40588e-4 -0.00817269 0.0282225 -6.40588e-4 -0.00817269 0.0282225 -6.40588e-4 -0.00817269 0.02823579 -4.03436e-4 -0.007935225 0.02823579 -4.03436e-4 -0.007935225 0.02823579 -4.03436e-4 -0.007935225 0.02823579 -4.03436e-4 -0.007935225 0.02824574 -2.24999e-4 -0.007650792 0.02824574 -2.24999e-4 -0.007650792 0.02824574 -2.24999e-4 -0.007650792 0.02824574 -2.24999e-4 -0.007650792 0.02825194 -1.14251e-4 -0.007333755 0.02825194 -1.14251e-4 -0.007333755 0.02825194 -1.14251e-4 -0.007333755 0.02825194 -1.14251e-4 -0.007333755 0.02825403 -7.66838e-5 -0.006999969 0.02825403 -7.66838e-5 -0.006999969 0.02825403 -7.66838e-5 -0.006999969 0.02825403 -7.66838e-5 -0.006999969 0.02825403 -7.66838e-5 -0.006999969 0.02774339 -0.009213209 -0.001351416 0.02774339 -0.009213209 -0.001351416 0.02774339 -0.009213209 -0.001351416 0.0277611 -0.008896708 -0.00146234 0.0277611 -0.008896708 -0.00146234 0.0277611 -0.008896708 -0.00146234 0.02777975 -0.008563399 -0.00149995 0.02777975 -0.008563399 -0.00149995 0.02777975 -0.008563399 -0.00149995 0.02779835 -0.008230149 -0.00146234 0.02779835 -0.008230149 -0.00146234 0.02779835 -0.008230149 -0.00146234 0.02781605 -0.007913589 -0.001351416 0.02781605 -0.007913589 -0.001351416 0.02781605 -0.007913589 -0.001351416 0.02783191 -0.007629632 -0.001172721 0.02783191 -0.007629632 -0.001172721 0.02783191 -0.007629632 -0.001172721 0.0278452 -0.007392525 -9.35235e-4 0.0278452 -0.007392525 -9.35235e-4 0.0278452 -0.007392525 -9.35235e-4 0.02785515 -0.007214069 -6.50826e-4 0.02785515 -0.007214069 -6.50826e-4 0.02785515 -0.007214069 -6.50826e-4 0.02786135 -0.007103323 -3.33782e-4 0.02786135 -0.007103323 -3.33782e-4 0.02786135 -0.007103323 -3.33782e-4 0.02786135 -0.007103323 -3.33782e-4 0.02803403 -0.004013717 -8.89252e-4 0.02803403 -0.004013717 -8.89252e-4 0.02803403 -0.004013717 -8.89252e-4 0.0280447 -0.003822445 -0.001299977 0.0280447 -0.003822445 -0.001299977 0.0280447 -0.003822445 -0.001299977 0.02805918 -0.003562927 -0.001671195 0.02805918 -0.003562927 -0.001671195 0.02805918 -0.003562927 -0.001671195 0.02807706 -0.003242969 -0.001991689 0.02807706 -0.003242969 -0.001991689 0.02807706 -0.003242969 -0.001991689 0.0280978 -0.002872288 -0.002251625 0.0280978 -0.002872288 -0.002251625 0.0280978 -0.002872288 -0.002251625 0.0280978 -0.002872288 -0.002251625 0.0280978 -0.002872288 -0.002251625 0.02809494 -0.002923667 -0.006349146 0.02809494 -0.002923667 -0.006349146 0.02809494 -0.002923667 -0.006349146 0.02809494 -0.002923667 -0.006349146 0.02808874 -0.003034412 -0.006666183 0.02808874 -0.003034412 -0.006666183 0.02808874 -0.003034412 -0.006666183 0.02808874 -0.003034412 -0.006666183 0.02808874 -0.003034412 -0.006666183 0.02825194 -1.14251e-4 -0.006666183 0.02825194 -1.14251e-4 -0.006666183 0.02825194 -1.14251e-4 -0.006666183 0.02825194 -1.14251e-4 -0.006666183 0.02825194 -1.14251e-4 -0.006666183 0.02824574 -2.24999e-4 -0.006349146 0.02824574 -2.24999e-4 -0.006349146 0.02824574 -2.24999e-4 -0.006349146 0.02824574 -2.24999e-4 -0.006349146 0.02824574 -2.24999e-4 -0.006349146 0.02824288 -2.76391e-4 -0.002251625 0.02824288 -2.76391e-4 -0.002251625 0.02824288 -2.76391e-4 -0.002251625 0.02808874 -0.003034412 0.006666183 0.02808874 -0.003034412 0.006666183 0.02808874 -0.003034412 0.006666183 0.02808874 -0.003034412 0.006666183 0.0280978 -0.002872288 0.002251625 0.0280978 -0.002872288 0.002251625 0.0280978 -0.002872288 0.002251625 0.0280978 -0.002872288 0.002251625 0.0280978 -0.002872288 0.002251625 0.02807706 -0.003242969 0.001991689 0.02807706 -0.003242969 0.001991689 0.02807706 -0.003242969 0.001991689 0.02805918 -0.003562927 0.001671195 0.02805918 -0.003562927 0.001671195 0.02805918 -0.003562927 0.001671195 0.0280447 -0.003822445 0.001299977 0.0280447 -0.003822445 0.001299977 0.0280447 -0.003822445 0.001299977 0.02803403 -0.004013717 8.89251e-4 0.02803403 -0.004013717 8.89251e-4 0.02803403 -0.004013717 8.89251e-4 0.02803403 -0.004013717 8.89251e-4 0.02786135 -0.007103323 3.33781e-4 0.02786135 -0.007103323 3.33781e-4 0.02786135 -0.007103323 3.33781e-4 0.02785515 -0.007214069 6.50825e-4 0.02785515 -0.007214069 6.50825e-4 0.02785515 -0.007214069 6.50825e-4 0.0278452 -0.007392525 9.35234e-4 0.0278452 -0.007392525 9.35234e-4 0.0278452 -0.007392525 9.35234e-4 0.02783191 -0.007629632 0.001172721 0.02783191 -0.007629632 0.001172721 0.02783191 -0.007629632 0.001172721 0.02781605 -0.007913589 0.001351416 0.02781605 -0.007913589 0.001351416 0.02781605 -0.007913589 0.001351416 0.02779835 -0.008230149 0.00146234 0.02779835 -0.008230149 0.00146234 0.02779835 -0.008230149 0.00146234 0.02777975 -0.008563399 0.00149995 0.02777975 -0.008563399 0.00149995 0.02777975 -0.008563399 0.00149995 0.0277611 -0.008896708 0.00146234 0.0277611 -0.008896708 0.00146234 0.0277611 -0.008896708 0.00146234 0.02774339 -0.009213209 0.001351416 0.02774339 -0.009213209 0.001351416 0.02774339 -0.009213209 0.001351416 0.02825403 -7.66838e-5 0.006999969 0.02825403 -7.66838e-5 0.006999969 0.02825403 -7.66838e-5 0.006999969 0.02825403 -7.66838e-5 0.006999969 0.02825194 -1.14251e-4 0.007333755 0.02825194 -1.14251e-4 0.007333755 0.02825194 -1.14251e-4 0.007333755 0.02825194 -1.14251e-4 0.007333755 0.02824574 -2.24999e-4 0.007650792 0.02824574 -2.24999e-4 0.007650792 0.02824574 -2.24999e-4 0.007650792 0.02824574 -2.24999e-4 0.007650792 0.02823579 -4.03436e-4 0.007935225 0.02823579 -4.03436e-4 0.007935225 0.02823579 -4.03436e-4 0.007935225 0.0282225 -6.40588e-4 0.00817269 0.0282225 -6.40588e-4 0.00817269 0.0282225 -6.40588e-4 0.00817269 0.02820664 -9.24538e-4 0.008351445 0.02820664 -9.24538e-4 0.008351445 0.02820664 -9.24538e-4 0.008351445 0.02818894 -0.001241087 0.008462369 0.02818894 -0.001241087 0.008462369 0.02818894 -0.001241087 0.008462369 0.02817034 -0.001574337 0.008499979 0.02817034 -0.001574337 0.008499979 0.02817034 -0.001574337 0.008499979 0.02815169 -0.001907587 0.008462369 0.02815169 -0.001907587 0.008462369 0.02815169 -0.001907587 0.008462369 0.02813398 -0.002224147 0.008351445 0.02813398 -0.002224147 0.008351445 0.02813398 -0.002224147 0.008351445 0.02811813 -0.002508103 0.00817269 0.02811813 -0.002508103 0.00817269 0.02811813 -0.002508103 0.00817269 0.02811813 -0.002508103 0.00817269 0.02875822 0.008944749 0.00771445 0.02875822 0.008944749 0.00771445 0.02875822 0.008944749 0.00771445 0.02877902 0.009317755 0.007296323 0.02877902 0.009317755 0.007296323 0.02877902 0.009317755 0.007296323 0.02877902 0.009317755 0.007296323 0.02826356 9.4291e-5 0.001991689 0.02826356 9.4291e-5 0.001991689 0.02826356 9.4291e-5 0.001991689 0.02852463 0.004764914 0.001351416 0.02852463 0.004764914 0.001351416 0.02852463 0.004764914 0.001351416 0.02852463 0.004764914 0.001351416 0.02829599 6.73805e-4 0.001299977 0.02829599 6.73805e-4 0.001299977 0.02829599 6.73805e-4 0.001299977 0.02829599 6.73805e-4 0.001299977 0.02829599 6.73805e-4 0.001299977 0.02829599 6.73805e-4 0.001299977 0.02854228 0.005081415 0.00146234 0.02854228 0.005081415 0.00146234 0.02854228 0.005081415 0.00146234 0.02854228 0.005081415 0.00146234 0.02828145 4.14268e-4 0.001671195 0.02828145 4.14268e-4 0.001671195 0.02828145 4.14268e-4 0.001671195 0.02829599 6.73805e-4 -0.001299977 0.02829599 6.73805e-4 -0.001299977 0.02829599 6.73805e-4 -0.001299977 0.02850872 0.004480957 -0.001172721 0.02850872 0.004480957 -0.001172721 0.02850872 0.004480957 -0.001172721 0.02852463 0.004764914 -0.001351416 0.02852463 0.004764914 -0.001351416 0.02852463 0.004764914 -0.001351416 0.02877902 0.009317755 -0.007296323 0.02877902 0.009317755 -0.007296323 0.02877902 0.009317755 -0.007296323 0.02877902 0.009317755 -0.007296323 0.02875822 0.008944749 -0.00771445 0.02875822 0.008944749 -0.00771445 0.02875822 0.008944749 -0.00771445 0.02875822 0.008944749 -0.00771445 0.02813398 -0.002224147 -0.005648493 0.02813398 -0.002224147 -0.005648493 0.02813398 -0.002224147 -0.005648493 0.02814513 -0.002025067 -0.002560496 0.02814513 -0.002025067 -0.002560496 0.02814513 -0.002025067 -0.002560496 0.02815169 -0.001907587 -0.005537569 0.02815169 -0.001907587 -0.005537569 0.02815169 -0.001907587 -0.005537569 0.02817034 -0.001574337 -0.005499958 0.02817034 -0.001574337 -0.005499958 0.02817034 -0.001574337 -0.005499958 0.02817034 -0.001574337 -0.002599954 0.02817034 -0.001574337 -0.002599954 0.02817034 -0.001574337 -0.002599954 0.02818894 -0.001241087 -0.005537569 0.02818894 -0.001241087 -0.005537569 0.02818894 -0.001241087 -0.005537569 0.0281955 -0.001123547 -0.002560496 0.0281955 -0.001123547 -0.002560496 0.0281955 -0.001123547 -0.002560496 0.02820664 -9.24538e-4 -0.005648493 0.02820664 -9.24538e-4 -0.005648493 0.02820664 -9.24538e-4 -0.005648493 0.02821993 -6.86486e-4 -0.002443194 0.02821993 -6.86486e-4 -0.002443194 0.02821993 -6.86486e-4 -0.002443194 0.0282225 -6.40588e-4 -0.005827248 0.0282225 -6.40588e-4 -0.005827248 0.0282225 -6.40588e-4 -0.005827248 0.02823579 -4.03436e-4 -0.006064713 0.02823579 -4.03436e-4 -0.006064713 0.02823579 -4.03436e-4 -0.006064713 0.0281049 -0.00274527 0.006064713 0.0281049 -0.00274527 0.006064713 0.0281049 -0.00274527 0.006064713 0.02812069 -0.002462208 0.002443194 0.02812069 -0.002462208 0.002443194 0.02812069 -0.002462208 0.002443194 0.02809494 -0.002923667 0.006349146 0.02809494 -0.002923667 0.006349146 0.02809494 -0.002923667 0.006349146 0.02809494 -0.002923667 0.006349146 0.02811813 -0.002508103 0.005827248 0.02811813 -0.002508103 0.005827248 0.02811813 -0.002508103 0.005827248 0.02817034 -0.001574337 0.002599954 0.02817034 -0.001574337 0.002599954 0.02817034 -0.001574337 0.002599954 0.02817034 -0.001574337 0.005499958 0.02817034 -0.001574337 0.005499958 0.02817034 -0.001574337 0.005499958 0.0281955 -0.001123547 0.002560496 0.0281955 -0.001123547 0.002560496 0.0281955 -0.001123547 0.002560496 0.02818894 -0.001241087 0.005537569 0.02818894 -0.001241087 0.005537569 0.02818894 -0.001241087 0.005537569 0.02821993 -6.86486e-4 0.002443194 0.02821993 -6.86486e-4 0.002443194 0.02821993 -6.86486e-4 0.002443194 0.02820664 -9.24538e-4 0.005648493 0.02820664 -9.24538e-4 0.005648493 0.02820664 -9.24538e-4 0.005648493 0.0282225 -6.40588e-4 0.005827248 0.0282225 -6.40588e-4 0.005827248 0.0282225 -6.40588e-4 0.005827248 0.02824288 -2.76391e-4 0.002251625 0.02824288 -2.76391e-4 0.002251625 0.02824288 -2.76391e-4 0.002251625 0.02823579 -4.03436e-4 0.006064713 0.02823579 -4.03436e-4 0.006064713 0.02823579 -4.03436e-4 0.006064713 0.02823579 -4.03436e-4 0.006064713 0.02824574 -2.24999e-4 0.006349146 0.02824574 -2.24999e-4 0.006349146 0.02824574 -2.24999e-4 0.006349146 0.02824574 -2.24999e-4 0.006349146 0.02825194 -1.14251e-4 0.006666183 0.02825194 -1.14251e-4 0.006666183 0.02825194 -1.14251e-4 0.006666183 0.02825194 -1.14251e-4 0.006666183 0.03355312 0.005135715 0.00149995 0.03355312 0.005135715 0.00149995 0.03355312 0.005135715 0.00149995 0.03355312 0.005135715 0.00149995 0.03357177 0.005468964 0.00146234 0.03357177 0.005468964 0.00146234 0.03357177 0.005468964 0.00146234 0.03357177 0.005468964 0.00146234 0.03378939 0.009362757 0.006839036 0.03378939 0.009362757 0.006839036 0.03378939 0.009362757 0.006839036 0.03301966 -0.004409849 4.51484e-4 0.03301966 -0.004409849 4.51484e-4 0.03301966 -0.004409849 4.51484e-4 0.03301966 -0.004409849 4.51484e-4 0.03285562 -0.007344782 0 0.03285562 -0.007344782 0 0.03285562 -0.007344782 0 0.03285562 -0.007344782 0 0.03301745 -0.004449248 0 0.03301745 -0.004449248 0 0.03301745 -0.004449248 0 0.03301966 -0.004409849 -4.51485e-4 0.03301966 -0.004409849 -4.51485e-4 0.03301966 -0.004409849 -4.51485e-4 0.03301966 -0.004409849 -4.51485e-4 0.03348767 0.003964781 9.35234e-4 0.03348767 0.003964781 9.35234e-4 0.03348767 0.003964781 9.35234e-4 0.03350096 0.004201948 0.001172721 0.03350096 0.004201948 0.001172721 0.03350096 0.004201948 0.001172721 0.03329885 5.86051e-4 8.89251e-4 0.03329885 5.86051e-4 8.89251e-4 0.03329885 5.86051e-4 8.89251e-4 0.0333054 7.03163e-4 4.51484e-4 0.0333054 7.03163e-4 4.51484e-4 0.0333054 7.03163e-4 4.51484e-4 0.0333054 7.03163e-4 4.51484e-4 0.03348767 0.003964781 -9.35235e-4 0.03348767 0.003964781 -9.35235e-4 0.03348767 0.003964781 -9.35235e-4 0.0333054 7.03163e-4 -4.51485e-4 0.0333054 7.03163e-4 -4.51485e-4 0.0333054 7.03163e-4 -4.51485e-4 0.03329885 5.86051e-4 -8.89252e-4 0.03329885 5.86051e-4 -8.89252e-4 0.03329885 5.86051e-4 -8.89252e-4 0.03353452 0.004802465 -0.00146234 0.03353452 0.004802465 -0.00146234 0.03353452 0.004802465 -0.00146234 0.03353452 0.004802465 -0.00146234 0.03327369 1.35276e-4 -0.001671195 0.03327369 1.35276e-4 -0.001671195 0.03327369 1.35276e-4 -0.001671195 0.03327369 1.35276e-4 -0.001671195 0.03355312 0.005135715 -0.00149995 0.03355312 0.005135715 -0.00149995 0.03355312 0.005135715 -0.00149995 0.03355312 0.005135715 -0.00149995 0.03309708 -0.00302422 -0.006064713 0.03309708 -0.00302422 -0.006064713 0.03309708 -0.00302422 -0.006064713 0.03311038 -0.002787113 -0.005827248 0.03311038 -0.002787113 -0.005827248 0.03311038 -0.002787113 -0.005827248 0.03311294 -0.002741158 -0.002443194 0.03311294 -0.002741158 -0.002443194 0.03311294 -0.002741158 -0.002443194 0.03313738 -0.002304077 0.002560496 0.03313738 -0.002304077 0.002560496 0.03313738 -0.002304077 0.002560496 0.03314393 -0.002186596 0.005537569 0.03314393 -0.002186596 0.005537569 0.03314393 -0.002186596 0.005537569 0.03312623 -0.002503097 0.005648493 0.03312623 -0.002503097 0.005648493 0.03312623 -0.002503097 0.005648493 0.03330761 7.42591e-4 0 0.03330761 7.42591e-4 0 0.03330761 7.42591e-4 0 0.03330761 7.42591e-4 0 0.03347772 0.003786385 -6.50826e-4 0.03347772 0.003786385 -6.50826e-4 0.03347772 0.003786385 -6.50826e-4 0.03347152 0.00367558 -3.33782e-4 0.03347152 0.00367558 -3.33782e-4 0.03347152 0.00367558 -3.33782e-4 0.03346943 0.003638029 0 0.03346943 0.003638029 0 0.03346943 0.003638029 0 0.03347152 0.00367558 3.33781e-4 0.03347152 0.00367558 3.33781e-4 0.03347152 0.00367558 3.33781e-4 0.03347772 0.003786385 6.50825e-4 0.03347772 0.003786385 6.50825e-4 0.03347772 0.003786385 6.50825e-4 0.03378939 0.009362757 -0.006839036 0.03378939 0.009362757 -0.006839036 0.03378939 0.009362757 -0.006839036 0.03378939 0.009362757 -0.006839036 0.03378939 0.009362757 -0.006839036 0.03380453 0.009633541 -0.006348311 0.03380453 0.009633541 -0.006348311 0.03380453 0.009633541 -0.006348311 0.03381645 0.00984776 -0.005830287 0.03381645 0.00984776 -0.005830287 0.03381645 0.00984776 -0.005830287 0.03381645 0.00984776 -0.005830287 0.03382515 0.01000273 -0.005291521 0.03382515 0.01000273 -0.005291521 0.03382515 0.01000273 -0.005291521 0.03382515 0.01000273 -0.005291521 0.0338304 0.01009654 -0.004738748 0.0338304 0.01009654 -0.004738748 0.0338304 0.01009654 -0.004738748 0.03383213 0.01012796 -0.004178881 0.03383213 0.01012796 -0.004178881 0.03383213 0.01012796 -0.004178881 0.03383213 0.01012796 -0.004178881 0.03383213 0.01012796 -0.004178881 0.0336368 0.006633341 0 0.0336368 0.006633341 0 0.0336368 0.006633341 0 0.0336368 0.006633341 0 0.03363472 0.006595849 -3.33782e-4 0.03363472 0.006595849 -3.33782e-4 0.03363472 0.006595849 -3.33782e-4 0.03363472 0.006595849 -3.33782e-4 0.03362852 0.006485044 -6.50826e-4 0.03362852 0.006485044 -6.50826e-4 0.03362852 0.006485044 -6.50826e-4 0.03362852 0.006485044 -6.50826e-4 0.03361856 0.006306648 -9.35235e-4 0.03361856 0.006306648 -9.35235e-4 0.03361856 0.006306648 -9.35235e-4 0.03360533 0.006069481 -0.001172721 0.03360533 0.006069481 -0.001172721 0.03360533 0.006069481 -0.001172721 0.03358948 0.005785524 -0.001351416 0.03358948 0.005785524 -0.001351416 0.03358948 0.005785524 -0.001351416 0.03358948 0.005785524 -0.001351416 0.03357177 0.005468964 -0.00146234 0.03357177 0.005468964 -0.00146234 0.03357177 0.005468964 -0.00146234 0.03325581 -1.84701e-4 -0.001991689 0.03325581 -1.84701e-4 -0.001991689 0.03325581 -1.84701e-4 -0.001991689 0.03325581 -1.84701e-4 -0.001991689 0.03325581 -1.84701e-4 -0.001991689 0.03361856 0.006306648 9.35234e-4 0.03361856 0.006306648 9.35234e-4 0.03361856 0.006306648 9.35234e-4 0.03361856 0.006306648 9.35234e-4 0.03362852 0.006485044 6.50825e-4 0.03362852 0.006485044 6.50825e-4 0.03362852 0.006485044 6.50825e-4 0.03362852 0.006485044 6.50825e-4 0.03362852 0.006485044 6.50825e-4 0.03363472 0.006595849 3.33781e-4 0.03363472 0.006595849 3.33781e-4 0.03363472 0.006595849 3.33781e-4 0.03363472 0.006595849 3.33781e-4 0.03363472 0.006595849 3.33781e-4 0.03383213 0.01012796 0.004178881 0.03383213 0.01012796 0.004178881 0.03383213 0.01012796 0.004178881 0.03358948 0.005785524 0.001351416 0.03358948 0.005785524 0.001351416 0.03358948 0.005785524 0.001351416 0.03360533 0.006069481 0.001172721 0.03360533 0.006069481 0.001172721 0.03360533 0.006069481 0.001172721 0.0338304 0.01009654 0.004738748 0.0338304 0.01009654 0.004738748 0.0338304 0.01009654 0.004738748 0.03382515 0.01000273 0.005291521 0.03382515 0.01000273 0.005291521 0.03382515 0.01000273 0.005291521 0.03381645 0.00984776 0.005830287 0.03381645 0.00984776 0.005830287 0.03381645 0.00984776 0.005830287 0.03380453 0.009633541 0.006348311 0.03380453 0.009633541 0.006348311 0.03380453 0.009633541 0.006348311 0.03124141 -0.03622859 -0.01424998 0.03124141 -0.03622859 -0.01424998 0.03124141 -0.03622859 -0.01424998 0.03124141 -0.03622859 -0.01424998 0.03124141 -0.03622859 -0.01424998 0.03338575 0.002140402 -0.01424998 0.03338575 0.002140402 -0.01424998 0.03338575 0.002140402 -0.01424998 0.03338575 0.002140402 -0.01424998 0.03309708 -0.00302422 -0.007935225 0.03309708 -0.00302422 -0.007935225 0.03309708 -0.00302422 -0.007935225 0.03309708 -0.00302422 -0.007935225 0.03308713 -0.003202676 -0.007650792 0.03308713 -0.003202676 -0.007650792 0.03308713 -0.003202676 -0.007650792 0.03308093 -0.003313422 -0.007333755 0.03308093 -0.003313422 -0.007333755 0.03308093 -0.003313422 -0.007333755 0.03308093 -0.003313422 -0.007333755 0.03307884 -0.003350973 -0.006999969 0.03307884 -0.003350973 -0.006999969 0.03307884 -0.003350973 -0.006999969 0.03307884 -0.003350973 -0.006999969 0.03307884 -0.003350973 -0.006999969 0.03307884 -0.003350973 -0.006999969 0.03271979 -0.009776175 -0.001172721 0.03271979 -0.009776175 -0.001172721 0.03271979 -0.009776175 -0.001172721 0.03270649 -0.01001334 -9.35235e-4 0.03270649 -0.01001334 -9.35235e-4 0.03270649 -0.01001334 -9.35235e-4 0.03269654 -0.01019173 -6.50826e-4 0.03269654 -0.01019173 -6.50826e-4 0.03269654 -0.01019173 -6.50826e-4 0.03269034 -0.01030254 -3.33782e-4 0.03269034 -0.01030254 -3.33782e-4 0.03269034 -0.01030254 -3.33782e-4 0.03269034 -0.01030254 -3.33782e-4 0.03268826 -0.01034009 0 0.03268826 -0.01034009 0 0.03268826 -0.01034009 0 0.03268826 -0.01034009 0 0.03269034 -0.01030254 3.33781e-4 0.03269034 -0.01030254 3.33781e-4 0.03269034 -0.01030254 3.33781e-4 0.03269654 -0.01019173 6.50825e-4 0.03269654 -0.01019173 6.50825e-4 0.03269654 -0.01019173 6.50825e-4 0.03270649 -0.01001334 9.35234e-4 0.03270649 -0.01001334 9.35234e-4 0.03270649 -0.01001334 9.35234e-4 0.03270649 -0.01001334 9.35234e-4 0.03271979 -0.009776175 0.001172721 0.03271979 -0.009776175 0.001172721 0.03271979 -0.009776175 0.001172721 0.03271979 -0.009776175 0.001172721 0.03271979 -0.009776175 0.001172721 0.03307884 -0.003350973 0.006999969 0.03307884 -0.003350973 0.006999969 0.03307884 -0.003350973 0.006999969 0.03307884 -0.003350973 0.006999969 0.03307884 -0.003350973 0.006999969 0.03307884 -0.003350973 0.006999969 0.03308093 -0.003313422 0.007333755 0.03308093 -0.003313422 0.007333755 0.03308093 -0.003313422 0.007333755 0.03308713 -0.003202676 0.007650792 0.03308713 -0.003202676 0.007650792 0.03308713 -0.003202676 0.007650792 0.03308713 -0.003202676 0.007650792 0.03309708 -0.00302422 0.007935225 0.03309708 -0.00302422 0.007935225 0.03309708 -0.00302422 0.007935225 0.03309708 -0.00302422 0.007935225 0.03309708 -0.00302422 0.007935225 0.03338575 0.002140402 0.01424998 0.03338575 0.002140402 0.01424998 0.03338575 0.002140402 0.01424998 0.03338575 0.002140402 0.01424998 0.03124141 -0.03622859 0.01424998 0.03124141 -0.03622859 0.01424998 0.03124141 -0.03622859 0.01424998 0.03324621 -3.55691e-4 -0.006999969 0.03324621 -3.55691e-4 -0.006999969 0.03324621 -3.55691e-4 -0.006999969 0.03324621 -3.55691e-4 -0.006999969 0.03324621 -3.55691e-4 -0.006999969 0.03324413 -3.93243e-4 -0.007333755 0.03324413 -3.93243e-4 -0.007333755 0.03324413 -3.93243e-4 -0.007333755 0.03324413 -3.93243e-4 -0.007333755 0.03323793 -5.04006e-4 -0.007650792 0.03323793 -5.04006e-4 -0.007650792 0.03323793 -5.04006e-4 -0.007650792 0.03323793 -5.04006e-4 -0.007650792 0.03322798 -6.82427e-4 -0.007935225 0.03322798 -6.82427e-4 -0.007935225 0.03322798 -6.82427e-4 -0.007935225 0.03321474 -9.19579e-4 -0.00817269 0.03321474 -9.19579e-4 -0.00817269 0.03321474 -9.19579e-4 -0.00817269 0.03319883 -0.001203477 -0.008351445 0.03319883 -0.001203477 -0.008351445 0.03319883 -0.001203477 -0.008351445 0.03318119 -0.001520037 -0.008462369 0.03318119 -0.001520037 -0.008462369 0.03318119 -0.001520037 -0.008462369 0.03316253 -0.001853287 -0.008499979 0.03316253 -0.001853287 -0.008499979 0.03316253 -0.001853287 -0.008499979 0.03314393 -0.002186596 -0.008462369 0.03314393 -0.002186596 -0.008462369 0.03314393 -0.002186596 -0.008462369 0.03312623 -0.002503097 -0.008351445 0.03312623 -0.002503097 -0.008351445 0.03312623 -0.002503097 -0.008351445 0.03311038 -0.002787113 -0.00817269 0.03311038 -0.002787113 -0.00817269 0.03311038 -0.002787113 -0.00817269 0.03311038 -0.002787113 -0.00817269 0.03306931 -0.003521978 -0.001991689 0.03306931 -0.003521978 -0.001991689 0.03306931 -0.003521978 -0.001991689 0.03305143 -0.003841936 -0.001671195 0.03305143 -0.003841936 -0.001671195 0.03305143 -0.003841936 -0.001671195 0.03303688 -0.004101455 -0.001299977 0.03303688 -0.004101455 -0.001299977 0.03303688 -0.004101455 -0.001299977 0.03302621 -0.004292726 -8.89252e-4 0.03302621 -0.004292726 -8.89252e-4 0.03302621 -0.004292726 -8.89252e-4 0.03302621 -0.004292726 -8.89252e-4 0.03285354 -0.007382333 -3.33782e-4 0.03285354 -0.007382333 -3.33782e-4 0.03285354 -0.007382333 -3.33782e-4 0.03284734 -0.007493078 -6.50826e-4 0.03284734 -0.007493078 -6.50826e-4 0.03284734 -0.007493078 -6.50826e-4 0.03283739 -0.007671475 -9.35235e-4 0.03283739 -0.007671475 -9.35235e-4 0.03283739 -0.007671475 -9.35235e-4 0.03282415 -0.007908642 -0.001172721 0.03282415 -0.007908642 -0.001172721 0.03282415 -0.007908642 -0.001172721 0.03280824 -0.008192598 -0.001351416 0.03280824 -0.008192598 -0.001351416 0.03280824 -0.008192598 -0.001351416 0.0327906 -0.008509159 -0.00146234 0.0327906 -0.008509159 -0.00146234 0.0327906 -0.008509159 -0.00146234 0.03277194 -0.008842408 -0.00149995 0.03277194 -0.008842408 -0.00149995 0.03277194 -0.008842408 -0.00149995 0.03275334 -0.009175658 -0.00146234 0.03275334 -0.009175658 -0.00146234 0.03275334 -0.009175658 -0.00146234 0.03273564 -0.009492218 -0.001351416 0.03273564 -0.009492218 -0.001351416 0.03273564 -0.009492218 -0.001351416 0.03308999 -0.003151297 -0.002251625 0.03308999 -0.003151297 -0.002251625 0.03308999 -0.003151297 -0.002251625 0.03308999 -0.003151297 -0.002251625 0.03308093 -0.003313422 -0.006666183 0.03308093 -0.003313422 -0.006666183 0.03308093 -0.003313422 -0.006666183 0.03308093 -0.003313422 -0.006666183 0.03308713 -0.003202676 -0.006349146 0.03308713 -0.003202676 -0.006349146 0.03308713 -0.003202676 -0.006349146 0.03323507 -5.55383e-4 -0.002251625 0.03323507 -5.55383e-4 -0.002251625 0.03323507 -5.55383e-4 -0.002251625 0.03323793 -5.04006e-4 -0.006349146 0.03323793 -5.04006e-4 -0.006349146 0.03323793 -5.04006e-4 -0.006349146 0.03323793 -5.04006e-4 -0.006349146 0.03323793 -5.04006e-4 -0.006349146 0.03324413 -3.93243e-4 -0.006666183 0.03324413 -3.93243e-4 -0.006666183 0.03324413 -3.93243e-4 -0.006666183 0.03324413 -3.93243e-4 -0.006666183 0.03324413 -3.93243e-4 -0.006666183 0.03273564 -0.009492218 0.001351416 0.03273564 -0.009492218 0.001351416 0.03273564 -0.009492218 0.001351416 0.03273564 -0.009492218 0.001351416 0.03275334 -0.009175658 0.00146234 0.03275334 -0.009175658 0.00146234 0.03275334 -0.009175658 0.00146234 0.03277194 -0.008842408 0.00149995 0.03277194 -0.008842408 0.00149995 0.03277194 -0.008842408 0.00149995 0.0327906 -0.008509159 0.00146234 0.0327906 -0.008509159 0.00146234 0.0327906 -0.008509159 0.00146234 0.03280824 -0.008192598 0.001351416 0.03280824 -0.008192598 0.001351416 0.03280824 -0.008192598 0.001351416 0.03282415 -0.007908642 0.001172721 0.03282415 -0.007908642 0.001172721 0.03282415 -0.007908642 0.001172721 0.03283739 -0.007671475 9.35234e-4 0.03283739 -0.007671475 9.35234e-4 0.03283739 -0.007671475 9.35234e-4 0.03284734 -0.007493078 6.50825e-4 0.03284734 -0.007493078 6.50825e-4 0.03284734 -0.007493078 6.50825e-4 0.03285354 -0.007382333 3.33781e-4 0.03285354 -0.007382333 3.33781e-4 0.03285354 -0.007382333 3.33781e-4 0.03285354 -0.007382333 3.33781e-4 0.03302621 -0.004292726 8.89251e-4 0.03302621 -0.004292726 8.89251e-4 0.03302621 -0.004292726 8.89251e-4 0.03302621 -0.004292726 8.89251e-4 0.03303688 -0.004101455 0.001299977 0.03303688 -0.004101455 0.001299977 0.03303688 -0.004101455 0.001299977 0.03305143 -0.003841936 0.001671195 0.03305143 -0.003841936 0.001671195 0.03305143 -0.003841936 0.001671195 0.03306931 -0.003521978 0.001991689 0.03306931 -0.003521978 0.001991689 0.03306931 -0.003521978 0.001991689 0.03308999 -0.003151297 0.002251625 0.03308999 -0.003151297 0.002251625 0.03308999 -0.003151297 0.002251625 0.03308999 -0.003151297 0.002251625 0.03308999 -0.003151297 0.002251625 0.03308093 -0.003313422 0.006666183 0.03308093 -0.003313422 0.006666183 0.03308093 -0.003313422 0.006666183 0.03308093 -0.003313422 0.006666183 0.03308093 -0.003313422 0.006666183 0.03311038 -0.002787113 0.00817269 0.03311038 -0.002787113 0.00817269 0.03311038 -0.002787113 0.00817269 0.03311038 -0.002787113 0.00817269 0.03312623 -0.002503097 0.008351445 0.03312623 -0.002503097 0.008351445 0.03312623 -0.002503097 0.008351445 0.03314393 -0.002186596 0.008462369 0.03314393 -0.002186596 0.008462369 0.03314393 -0.002186596 0.008462369 0.03316253 -0.001853287 0.008499979 0.03316253 -0.001853287 0.008499979 0.03316253 -0.001853287 0.008499979 0.03318119 -0.001520037 0.008462369 0.03318119 -0.001520037 0.008462369 0.03318119 -0.001520037 0.008462369 0.03319883 -0.001203477 0.008351445 0.03319883 -0.001203477 0.008351445 0.03319883 -0.001203477 0.008351445 0.03321474 -9.19579e-4 0.00817269 0.03321474 -9.19579e-4 0.00817269 0.03321474 -9.19579e-4 0.00817269 0.03322798 -6.82427e-4 0.007935225 0.03322798 -6.82427e-4 0.007935225 0.03322798 -6.82427e-4 0.007935225 0.03322798 -6.82427e-4 0.007935225 0.03323793 -5.04006e-4 0.007650792 0.03323793 -5.04006e-4 0.007650792 0.03323793 -5.04006e-4 0.007650792 0.03323793 -5.04006e-4 0.007650792 0.03324413 -3.93243e-4 0.007333755 0.03324413 -3.93243e-4 0.007333755 0.03324413 -3.93243e-4 0.007333755 0.03324413 -3.93243e-4 0.007333755 0.03324621 -3.55691e-4 0.006999969 0.03324621 -3.55691e-4 0.006999969 0.03324621 -3.55691e-4 0.006999969 0.03324621 -3.55691e-4 0.006999969 0.03325581 -1.84701e-4 0.001991689 0.03325581 -1.84701e-4 0.001991689 0.03325581 -1.84701e-4 0.001991689 0.03377127 0.009038805 0.007296323 0.03377127 0.009038805 0.007296323 0.03377127 0.009038805 0.007296323 0.03375041 0.00866574 0.00771445 0.03375041 0.00866574 0.00771445 0.03375041 0.00866574 0.00771445 0.03375041 0.00866574 0.00771445 0.03353452 0.004802465 0.00146234 0.03353452 0.004802465 0.00146234 0.03353452 0.004802465 0.00146234 0.03353452 0.004802465 0.00146234 0.03328818 3.94798e-4 0.001299977 0.03328818 3.94798e-4 0.001299977 0.03328818 3.94798e-4 0.001299977 0.03328818 3.94798e-4 0.001299977 0.03351682 0.004485905 0.001351416 0.03351682 0.004485905 0.001351416 0.03351682 0.004485905 0.001351416 0.03327369 1.35276e-4 0.001671195 0.03327369 1.35276e-4 0.001671195 0.03327369 1.35276e-4 0.001671195 0.03327369 1.35276e-4 0.001671195 0.03351682 0.004485905 -0.001351416 0.03351682 0.004485905 -0.001351416 0.03351682 0.004485905 -0.001351416 0.03350096 0.004201948 -0.001172721 0.03350096 0.004201948 -0.001172721 0.03350096 0.004201948 -0.001172721 0.03328818 3.94798e-4 -0.001299977 0.03328818 3.94798e-4 -0.001299977 0.03328818 3.94798e-4 -0.001299977 0.03328818 3.94798e-4 -0.001299977 0.03377127 0.009038805 -0.007296323 0.03377127 0.009038805 -0.007296323 0.03377127 0.009038805 -0.007296323 0.03377127 0.009038805 -0.007296323 0.03375041 0.00866574 -0.00771445 0.03375041 0.00866574 -0.00771445 0.03375041 0.00866574 -0.00771445 0.03314393 -0.002186596 -0.005537569 0.03314393 -0.002186596 -0.005537569 0.03314393 -0.002186596 -0.005537569 0.03313738 -0.002304077 -0.002560496 0.03313738 -0.002304077 -0.002560496 0.03313738 -0.002304077 -0.002560496 0.03312623 -0.002503097 -0.005648493 0.03312623 -0.002503097 -0.005648493 0.03312623 -0.002503097 -0.005648493 0.03321474 -9.19579e-4 -0.005827248 0.03321474 -9.19579e-4 -0.005827248 0.03321474 -9.19579e-4 -0.005827248 0.03321218 -9.65478e-4 -0.002443194 0.03321218 -9.65478e-4 -0.002443194 0.03321218 -9.65478e-4 -0.002443194 0.03319883 -0.001203477 -0.005648493 0.03319883 -0.001203477 -0.005648493 0.03319883 -0.001203477 -0.005648493 0.03318774 -0.001402556 -0.002560496 0.03318774 -0.001402556 -0.002560496 0.03318774 -0.001402556 -0.002560496 0.03318119 -0.001520037 -0.005537569 0.03318119 -0.001520037 -0.005537569 0.03318119 -0.001520037 -0.005537569 0.03316253 -0.001853287 -0.002599954 0.03316253 -0.001853287 -0.002599954 0.03316253 -0.001853287 -0.002599954 0.03316253 -0.001853287 -0.005499958 0.03316253 -0.001853287 -0.005499958 0.03316253 -0.001853287 -0.005499958 0.03322798 -6.82427e-4 -0.006064713 0.03322798 -6.82427e-4 -0.006064713 0.03322798 -6.82427e-4 -0.006064713 0.03322798 -6.82427e-4 -0.006064713 0.03308713 -0.003202676 0.006349146 0.03308713 -0.003202676 0.006349146 0.03308713 -0.003202676 0.006349146 0.03308713 -0.003202676 0.006349146 0.03311294 -0.002741158 0.002443194 0.03311294 -0.002741158 0.002443194 0.03311294 -0.002741158 0.002443194 0.03309708 -0.00302422 0.006064713 0.03309708 -0.00302422 0.006064713 0.03309708 -0.00302422 0.006064713 0.03311038 -0.002787113 0.005827248 0.03311038 -0.002787113 0.005827248 0.03311038 -0.002787113 0.005827248 0.03321474 -9.19579e-4 0.005827248 0.03321474 -9.19579e-4 0.005827248 0.03321474 -9.19579e-4 0.005827248 0.03319883 -0.001203477 0.005648493 0.03319883 -0.001203477 0.005648493 0.03319883 -0.001203477 0.005648493 0.03321218 -9.65478e-4 0.002443194 0.03321218 -9.65478e-4 0.002443194 0.03321218 -9.65478e-4 0.002443194 0.03318119 -0.001520037 0.005537569 0.03318119 -0.001520037 0.005537569 0.03318119 -0.001520037 0.005537569 0.03318774 -0.001402556 0.002560496 0.03318774 -0.001402556 0.002560496 0.03318774 -0.001402556 0.002560496 0.03316253 -0.001853287 0.005499958 0.03316253 -0.001853287 0.005499958 0.03316253 -0.001853287 0.005499958 0.03316253 -0.001853287 0.002599954 0.03316253 -0.001853287 0.002599954 0.03316253 -0.001853287 0.002599954 0.03323793 -5.04006e-4 0.006349146 0.03323793 -5.04006e-4 0.006349146 0.03323793 -5.04006e-4 0.006349146 0.03323793 -5.04006e-4 0.006349146 0.03322798 -6.82427e-4 0.006064713 0.03322798 -6.82427e-4 0.006064713 0.03322798 -6.82427e-4 0.006064713 0.03323507 -5.55383e-4 0.002251625 0.03323507 -5.55383e-4 0.002251625 0.03323507 -5.55383e-4 0.002251625 0.03324413 -3.93243e-4 0.006666183 0.03324413 -3.93243e-4 0.006666183 0.03324413 -3.93243e-4 0.006666183 0.03324413 -3.93243e-4 0.006666183 -0.01549988 -0.0482102 -0.01424998 -0.01549988 -0.0482102 -0.01424998 -0.01549988 -0.0482102 -0.01424998 -0.01549988 -0.0482102 -0.01424998 -0.01763755 -0.08646023 -0.006463706 -0.01763755 -0.08646023 -0.006463706 -0.01763755 -0.08646023 -0.006463706 -0.01763755 -0.08646023 -0.006463706 -0.01759821 -0.08575618 -0.006540358 -0.01759821 -0.08575618 -0.006540358 -0.01759821 -0.08575618 -0.006540358 -0.01759821 -0.08575618 -0.006540358 -0.01755863 -0.08504813 -0.006540358 -0.01755863 -0.08504813 -0.006540358 -0.01755863 -0.08504813 -0.006540358 -0.01755863 -0.08504813 -0.006540358 -0.01751929 -0.0843442 -0.006463706 -0.01751929 -0.0843442 -0.006463706 -0.01751929 -0.0843442 -0.006463706 -0.01748067 -0.08365261 -0.006311237 -0.01748067 -0.08365261 -0.006311237 -0.01748067 -0.08365261 -0.006311237 -0.01744318 -0.08298152 -0.00608474 -0.01744318 -0.08298152 -0.00608474 -0.01744318 -0.08298152 -0.00608474 -0.01744318 -0.08298152 -0.00608474 -0.01740723 -0.08233892 -0.005786955 -0.01740723 -0.08233892 -0.005786955 -0.01740723 -0.08233892 -0.005786955 -0.01737332 -0.08173215 -0.00542134 -0.01737332 -0.08173215 -0.00542134 -0.01737332 -0.08173215 -0.00542134 -0.01734185 -0.08116841 -0.004992127 -0.01734185 -0.08116841 -0.004992127 -0.01734185 -0.08116841 -0.004992127 -0.01731306 -0.08065432 -0.004504382 -0.01731306 -0.08065432 -0.004504382 -0.01731306 -0.08065432 -0.004504382 -0.01728749 -0.0801959 -0.003963887 -0.01728749 -0.0801959 -0.003963887 -0.01728749 -0.0801959 -0.003963887 -0.01726526 -0.07979851 -0.003376841 -0.01726526 -0.07979851 -0.003376841 -0.01726526 -0.07979851 -0.003376841 -0.01726526 -0.07979851 -0.003376841 -0.01724672 -0.07946681 -0.002750217 -0.01724672 -0.07946681 -0.002750217 -0.01724672 -0.07946681 -0.002750217 -0.01724672 -0.07946681 -0.002750217 -0.01723206 -0.07920473 -0.002091407 -0.01723206 -0.07920473 -0.002091407 -0.01723206 -0.07920473 -0.002091407 -0.01723206 -0.07920473 -0.002091407 -0.01722151 -0.07901525 -0.00140804 -0.01722151 -0.07901525 -0.00140804 -0.01722151 -0.07901525 -0.00140804 -0.01721507 -0.07890075 -7.0818e-4 -0.01721507 -0.07890075 -7.0818e-4 -0.01721507 -0.07890075 -7.0818e-4 -0.01721507 -0.07890075 -7.0818e-4 -0.01721292 -0.07886242 0 -0.01721292 -0.07886242 0 -0.01721292 -0.07886242 0 -0.01721292 -0.07886242 0 -0.01549988 -0.0482102 0.01424998 -0.01549988 -0.0482102 0.01424998 -0.01549988 -0.0482102 0.01424998 -0.01549988 -0.0482102 0.01424998 -0.01834565 -0.0991308 -0.01424998 -0.01834565 -0.0991308 -0.01424998 -0.01834565 -0.0991308 -0.01424998 -0.01794391 -0.09194201 0 -0.01794391 -0.09194201 0 -0.01794391 -0.09194201 0 -0.01794177 -0.09190362 -7.0818e-4 -0.01794177 -0.09190362 -7.0818e-4 -0.01794177 -0.09190362 -7.0818e-4 -0.01794177 -0.09190362 -7.0818e-4 -0.01793539 -0.09178912 -0.00140804 -0.01793539 -0.09178912 -0.00140804 -0.01793539 -0.09178912 -0.00140804 -0.01793539 -0.09178912 -0.00140804 -0.01792478 -0.09159964 -0.002091407 -0.01792478 -0.09159964 -0.002091407 -0.01792478 -0.09159964 -0.002091407 -0.01791012 -0.0913375 -0.002750217 -0.01791012 -0.0913375 -0.002750217 -0.01791012 -0.0913375 -0.002750217 -0.01789158 -0.09100586 -0.003376841 -0.01789158 -0.09100586 -0.003376841 -0.01789158 -0.09100586 -0.003376841 -0.01786941 -0.09060847 -0.003963887 -0.01786941 -0.09060847 -0.003963887 -0.01786941 -0.09060847 -0.003963887 -0.01784378 -0.09015005 -0.004504382 -0.01784378 -0.09015005 -0.004504382 -0.01784378 -0.09015005 -0.004504382 -0.01781505 -0.08963596 -0.004992127 -0.01781505 -0.08963596 -0.004992127 -0.01781505 -0.08963596 -0.004992127 -0.01778352 -0.08907222 -0.00542134 -0.01778352 -0.08907222 -0.00542134 -0.01778352 -0.08907222 -0.00542134 -0.0177496 -0.08846551 -0.005786955 -0.0177496 -0.08846551 -0.005786955 -0.0177496 -0.08846551 -0.005786955 -0.01771372 -0.08782279 -0.00608474 -0.01771372 -0.08782279 -0.00608474 -0.01771372 -0.08782279 -0.00608474 -0.01767623 -0.08715176 -0.006311237 -0.01767623 -0.08715176 -0.006311237 -0.01767623 -0.08715176 -0.006311237 -0.01853621 -0.1025397 -0.01083576 -0.01853621 -0.1025397 -0.01083576 -0.01853621 -0.1025397 -0.01083576 -0.01855003 -0.102788 -0.01053267 -0.01855003 -0.102788 -0.01053267 -0.01855003 -0.102788 -0.01053267 -0.0185604 -0.1029726 -0.01018691 -0.0185604 -0.1029726 -0.01018691 -0.0185604 -0.1029726 -0.01018691 -0.01856672 -0.1030862 -0.009811699 -0.01856672 -0.1030862 -0.009811699 -0.01856672 -0.1030862 -0.009811699 -0.01856672 -0.1030862 -0.009811699 -0.01856887 -0.1031245 -0.009421527 -0.01856887 -0.1031245 -0.009421527 -0.01856887 -0.1031245 -0.009421527 -0.01856887 -0.1031245 -0.009421527 -0.01856887 -0.1031245 0.009421527 -0.01856887 -0.1031245 0.009421527 -0.01856887 -0.1031245 0.009421527 -0.01856672 -0.1030862 0.009811699 -0.01856672 -0.1030862 0.009811699 -0.01856672 -0.1030862 0.009811699 -0.01856672 -0.1030862 0.009811699 -0.0185604 -0.1029726 0.01018691 -0.0185604 -0.1029726 0.01018691 -0.0185604 -0.1029726 0.01018691 -0.0185604 -0.1029726 0.01018691 -0.01855003 -0.102788 0.01053267 -0.01855003 -0.102788 0.01053267 -0.01855003 -0.102788 0.01053267 -0.01855003 -0.102788 0.01053267 -0.01853621 -0.1025397 0.01083576 -0.01853621 -0.1025397 0.01083576 -0.01853621 -0.1025397 0.01083576 -0.01834565 -0.0991308 0.01424998 -0.01834565 -0.0991308 0.01424998 -0.01834565 -0.0991308 0.01424998 -0.01721507 -0.07890075 7.08179e-4 -0.01721507 -0.07890075 7.08179e-4 -0.01721507 -0.07890075 7.08179e-4 -0.01721507 -0.07890075 7.08179e-4 -0.01722151 -0.07901525 0.00140804 -0.01722151 -0.07901525 0.00140804 -0.01722151 -0.07901525 0.00140804 -0.01722151 -0.07901525 0.00140804 -0.01723206 -0.07920473 0.002091407 -0.01723206 -0.07920473 0.002091407 -0.01723206 -0.07920473 0.002091407 -0.01724672 -0.07946681 0.002750217 -0.01724672 -0.07946681 0.002750217 -0.01724672 -0.07946681 0.002750217 -0.01724672 -0.07946681 0.002750217 -0.01726526 -0.07979851 0.003376841 -0.01726526 -0.07979851 0.003376841 -0.01726526 -0.07979851 0.003376841 -0.01728749 -0.0801959 0.003963887 -0.01728749 -0.0801959 0.003963887 -0.01728749 -0.0801959 0.003963887 -0.01731306 -0.08065432 0.004504382 -0.01731306 -0.08065432 0.004504382 -0.01731306 -0.08065432 0.004504382 -0.01734185 -0.08116841 0.004992127 -0.01734185 -0.08116841 0.004992127 -0.01734185 -0.08116841 0.004992127 -0.01737332 -0.08173215 0.00542134 -0.01737332 -0.08173215 0.00542134 -0.01737332 -0.08173215 0.00542134 -0.01740723 -0.08233892 0.005786955 -0.01740723 -0.08233892 0.005786955 -0.01740723 -0.08233892 0.005786955 -0.01740723 -0.08233892 0.005786955 -0.01744318 -0.08298152 0.00608474 -0.01744318 -0.08298152 0.00608474 -0.01744318 -0.08298152 0.00608474 -0.01748067 -0.08365261 0.006311237 -0.01748067 -0.08365261 0.006311237 -0.01748067 -0.08365261 0.006311237 -0.01751929 -0.0843442 0.006463706 -0.01751929 -0.0843442 0.006463706 -0.01751929 -0.0843442 0.006463706 -0.01751929 -0.0843442 0.006463706 -0.01755863 -0.08504813 0.006540358 -0.01755863 -0.08504813 0.006540358 -0.01755863 -0.08504813 0.006540358 -0.01759821 -0.08575618 0.006540358 -0.01759821 -0.08575618 0.006540358 -0.01759821 -0.08575618 0.006540358 -0.01759821 -0.08575618 0.006540358 -0.01763755 -0.08646023 0.006463706 -0.01763755 -0.08646023 0.006463706 -0.01763755 -0.08646023 0.006463706 -0.01763755 -0.08646023 0.006463706 -0.01767623 -0.08715176 0.006311237 -0.01767623 -0.08715176 0.006311237 -0.01767623 -0.08715176 0.006311237 -0.01771372 -0.08782279 0.00608474 -0.01771372 -0.08782279 0.00608474 -0.01771372 -0.08782279 0.00608474 -0.0177496 -0.08846551 0.005786955 -0.0177496 -0.08846551 0.005786955 -0.0177496 -0.08846551 0.005786955 -0.01778352 -0.08907222 0.00542134 -0.01778352 -0.08907222 0.00542134 -0.01778352 -0.08907222 0.00542134 -0.01781505 -0.08963596 0.004992127 -0.01781505 -0.08963596 0.004992127 -0.01781505 -0.08963596 0.004992127 -0.01784378 -0.09015005 0.004504382 -0.01784378 -0.09015005 0.004504382 -0.01784378 -0.09015005 0.004504382 -0.01786941 -0.09060847 0.003963887 -0.01786941 -0.09060847 0.003963887 -0.01786941 -0.09060847 0.003963887 -0.01789158 -0.09100586 0.003376841 -0.01789158 -0.09100586 0.003376841 -0.01789158 -0.09100586 0.003376841 -0.01791012 -0.0913375 0.002750217 -0.01791012 -0.0913375 0.002750217 -0.01791012 -0.0913375 0.002750217 -0.01791012 -0.0913375 0.002750217 -0.01792478 -0.09159964 0.002091407 -0.01792478 -0.09159964 0.002091407 -0.01792478 -0.09159964 0.002091407 -0.01792478 -0.09159964 0.002091407 -0.01793539 -0.09178912 0.00140804 -0.01793539 -0.09178912 0.00140804 -0.01793539 -0.09178912 0.00140804 -0.01793539 -0.09178912 0.00140804 -0.01794177 -0.09190362 7.08179e-4 -0.01794177 -0.09190362 7.08179e-4 -0.01794177 -0.09190362 7.08179e-4 -0.01794177 -0.09190362 7.08179e-4 0.009806871 -0.05237883 -0.003499984 0.009806871 -0.05237883 -0.003499984 0.009806871 -0.05237883 -0.003499984 0.009788215 -0.05271208 -0.003537595 0.009788215 -0.05271208 -0.003537595 0.009788215 -0.05271208 -0.003537595 0.009788215 -0.05271208 -0.003537595 0.009770572 -0.05302864 -0.003648519 0.009770572 -0.05302864 -0.003648519 0.009770572 -0.05302864 -0.003648519 0.009754657 -0.05331259 -0.003827214 0.009754657 -0.05331259 -0.003827214 0.009754657 -0.05331259 -0.003827214 0.009741425 -0.05354976 -0.004064738 0.009741425 -0.05354976 -0.004064738 0.009741425 -0.05354976 -0.004064738 0.009741425 -0.05354976 -0.004064738 0.009731471 -0.05372816 -0.004349172 0.009731471 -0.05372816 -0.004349172 0.009731471 -0.05372816 -0.004349172 0.009731471 -0.05372816 -0.004349172 0.009725272 -0.0538389 -0.004666209 0.009725272 -0.0538389 -0.004666209 0.009725272 -0.0538389 -0.004666209 0.009723186 -0.05387651 -0.004999995 0.009723186 -0.05387651 -0.004999995 0.009723186 -0.05387651 -0.004999995 0.009825468 -0.05204558 -0.003537595 0.009825468 -0.05204558 -0.003537595 0.009825468 -0.05204558 -0.003537595 0.00984317 -0.05172902 -0.003648519 0.00984317 -0.05172902 -0.003648519 0.00984317 -0.05172902 -0.003648519 0.009859025 -0.05144506 -0.003827214 0.009859025 -0.05144506 -0.003827214 0.009859025 -0.05144506 -0.003827214 0.009859025 -0.05144506 -0.003827214 0.009872317 -0.0512079 -0.004064738 0.009872317 -0.0512079 -0.004064738 0.009872317 -0.0512079 -0.004064738 0.009882271 -0.05102944 -0.004349172 0.009882271 -0.05102944 -0.004349172 0.009882271 -0.05102944 -0.004349172 0.00988847 -0.05091869 -0.004666209 0.00988847 -0.05091869 -0.004666209 0.00988847 -0.05091869 -0.004666209 0.009890556 -0.05088114 -0.004999995 0.009890556 -0.05088114 -0.004999995 0.009890556 -0.05088114 -0.004999995 0.009806871 -0.05237883 -0.006499946 0.009806871 -0.05237883 -0.006499946 0.009806871 -0.05237883 -0.006499946 0.009825468 -0.05204558 -0.006462335 0.009825468 -0.05204558 -0.006462335 0.009825468 -0.05204558 -0.006462335 0.00984317 -0.05172902 -0.006351411 0.00984317 -0.05172902 -0.006351411 0.00984317 -0.05172902 -0.006351411 0.009859025 -0.05144506 -0.006172716 0.009859025 -0.05144506 -0.006172716 0.009859025 -0.05144506 -0.006172716 0.009872317 -0.0512079 -0.005935192 0.009872317 -0.0512079 -0.005935192 0.009872317 -0.0512079 -0.005935192 0.009872317 -0.0512079 -0.005935192 0.009882271 -0.05102944 -0.005650818 0.009882271 -0.05102944 -0.005650818 0.009882271 -0.05102944 -0.005650818 0.00988847 -0.05091869 -0.005333721 0.00988847 -0.05091869 -0.005333721 0.00988847 -0.05091869 -0.005333721 0.009788215 -0.05271208 -0.006462335 0.009788215 -0.05271208 -0.006462335 0.009788215 -0.05271208 -0.006462335 0.009770572 -0.05302864 -0.006351411 0.009770572 -0.05302864 -0.006351411 0.009770572 -0.05302864 -0.006351411 0.009770572 -0.05302864 -0.006351411 0.009754657 -0.05331259 -0.006172716 0.009754657 -0.05331259 -0.006172716 0.009754657 -0.05331259 -0.006172716 0.009741425 -0.05354976 -0.005935192 0.009741425 -0.05354976 -0.005935192 0.009741425 -0.05354976 -0.005935192 0.009731471 -0.05372816 -0.005650818 0.009731471 -0.05372816 -0.005650818 0.009731471 -0.05372816 -0.005650818 0.009731471 -0.05372816 -0.005650818 0.009725272 -0.0538389 -0.005333721 0.009725272 -0.0538389 -0.005333721 0.009725272 -0.0538389 -0.005333721 0.009725272 -0.0538389 -0.005333721 0.009806871 -0.05237883 0.006499946 0.009806871 -0.05237883 0.006499946 0.009806871 -0.05237883 0.006499946 0.009788215 -0.05271208 0.006462335 0.009788215 -0.05271208 0.006462335 0.009788215 -0.05271208 0.006462335 0.009788215 -0.05271208 0.006462335 0.009770572 -0.05302864 0.006351411 0.009770572 -0.05302864 0.006351411 0.009770572 -0.05302864 0.006351411 0.009754657 -0.05331259 0.006172716 0.009754657 -0.05331259 0.006172716 0.009754657 -0.05331259 0.006172716 0.009741425 -0.05354976 0.005935192 0.009741425 -0.05354976 0.005935192 0.009741425 -0.05354976 0.005935192 0.009741425 -0.05354976 0.005935192 0.009731471 -0.05372816 0.005650818 0.009731471 -0.05372816 0.005650818 0.009731471 -0.05372816 0.005650818 0.009731471 -0.05372816 0.005650818 0.009725272 -0.0538389 0.005333721 0.009725272 -0.0538389 0.005333721 0.009725272 -0.0538389 0.005333721 0.009723186 -0.05387651 0.004999995 0.009723186 -0.05387651 0.004999995 0.009723186 -0.05387651 0.004999995 0.009825468 -0.05204558 0.006462335 0.009825468 -0.05204558 0.006462335 0.009825468 -0.05204558 0.006462335 0.00984317 -0.05172902 0.006351411 0.00984317 -0.05172902 0.006351411 0.00984317 -0.05172902 0.006351411 0.009859025 -0.05144506 0.006172716 0.009859025 -0.05144506 0.006172716 0.009859025 -0.05144506 0.006172716 0.009872317 -0.0512079 0.005935192 0.009872317 -0.0512079 0.005935192 0.009872317 -0.0512079 0.005935192 0.009882271 -0.05102944 0.005650818 0.009882271 -0.05102944 0.005650818 0.009882271 -0.05102944 0.005650818 0.00988847 -0.05091869 0.005333721 0.00988847 -0.05091869 0.005333721 0.00988847 -0.05091869 0.005333721 0.009890556 -0.05088114 0.004999995 0.009890556 -0.05088114 0.004999995 0.009890556 -0.05088114 0.004999995 0.009806871 -0.05237883 0.003499984 0.009806871 -0.05237883 0.003499984 0.009806871 -0.05237883 0.003499984 0.009825468 -0.05204558 0.003537595 0.009825468 -0.05204558 0.003537595 0.009825468 -0.05204558 0.003537595 0.00984317 -0.05172902 0.003648519 0.00984317 -0.05172902 0.003648519 0.00984317 -0.05172902 0.003648519 0.009859025 -0.05144506 0.003827214 0.009859025 -0.05144506 0.003827214 0.009859025 -0.05144506 0.003827214 0.009872317 -0.0512079 0.004064738 0.009872317 -0.0512079 0.004064738 0.009872317 -0.0512079 0.004064738 0.009872317 -0.0512079 0.004064738 0.009882271 -0.05102944 0.004349112 0.009882271 -0.05102944 0.004349112 0.009882271 -0.05102944 0.004349112 0.00988847 -0.05091869 0.004666209 0.00988847 -0.05091869 0.004666209 0.00988847 -0.05091869 0.004666209 0.009788215 -0.05271208 0.003537595 0.009788215 -0.05271208 0.003537595 0.009788215 -0.05271208 0.003537595 0.009770572 -0.05302864 0.003648519 0.009770572 -0.05302864 0.003648519 0.009770572 -0.05302864 0.003648519 0.009770572 -0.05302864 0.003648519 0.009754657 -0.05331259 0.003827214 0.009754657 -0.05331259 0.003827214 0.009754657 -0.05331259 0.003827214 0.009754657 -0.05331259 0.003827214 0.009741425 -0.05354976 0.004064738 0.009741425 -0.05354976 0.004064738 0.009741425 -0.05354976 0.004064738 0.009731471 -0.05372816 0.004349112 0.009731471 -0.05372816 0.004349112 0.009731471 -0.05372816 0.004349112 0.009731471 -0.05372816 0.004349112 0.009725272 -0.0538389 0.004666209 0.009725272 -0.0538389 0.004666209 0.009725272 -0.0538389 0.004666209 0.009725272 -0.0538389 0.004666209 0.007072687 -0.1013025 -0.006499946 0.007072687 -0.1013025 -0.006499946 0.007072687 -0.1013025 -0.006499946 0.007091343 -0.1009692 -0.006462335 0.007091343 -0.1009692 -0.006462335 0.007091343 -0.1009692 -0.006462335 0.007091343 -0.1009692 -0.006462335 0.007091343 -0.1009692 -0.006462335 0.007108986 -0.1006526 -0.006351411 0.007108986 -0.1006526 -0.006351411 0.007108986 -0.1006526 -0.006351411 0.0071249 -0.1003687 -0.006172716 0.0071249 -0.1003687 -0.006172716 0.0071249 -0.1003687 -0.006172716 0.007138133 -0.1001316 -0.005935192 0.007138133 -0.1001316 -0.005935192 0.007138133 -0.1001316 -0.005935192 0.007138133 -0.1001316 -0.005935192 0.007148087 -0.09995311 -0.005650818 0.007148087 -0.09995311 -0.005650818 0.007148087 -0.09995311 -0.005650818 0.007154285 -0.09984236 -0.005333721 0.007154285 -0.09984236 -0.005333721 0.007154285 -0.09984236 -0.005333721 0.007156372 -0.09980481 -0.004999995 0.007156372 -0.09980481 -0.004999995 0.007156372 -0.09980481 -0.004999995 0.007156372 -0.09980481 -0.004999995 0.00705409 -0.1016358 -0.006462335 0.00705409 -0.1016358 -0.006462335 0.00705409 -0.1016358 -0.006462335 0.00705409 -0.1016358 -0.006462335 0.007036387 -0.1019523 -0.006351411 0.007036387 -0.1019523 -0.006351411 0.007036387 -0.1019523 -0.006351411 0.007020533 -0.1022363 -0.006172716 0.007020533 -0.1022363 -0.006172716 0.007020533 -0.1022363 -0.006172716 0.007007241 -0.1024734 -0.005935192 0.007007241 -0.1024734 -0.005935192 0.007007241 -0.1024734 -0.005935192 0.006997287 -0.1026518 -0.005650818 0.006997287 -0.1026518 -0.005650818 0.006997287 -0.1026518 -0.005650818 0.006997287 -0.1026518 -0.005650818 0.006991088 -0.1027626 -0.005333721 0.006991088 -0.1027626 -0.005333721 0.006991088 -0.1027626 -0.005333721 0.006991088 -0.1027626 -0.005333721 0.006989002 -0.1028001 -0.004999995 0.006989002 -0.1028001 -0.004999995 0.006989002 -0.1028001 -0.004999995 0.006989002 -0.1028001 -0.004999995 0.007072687 -0.1013025 -0.003499984 0.007072687 -0.1013025 -0.003499984 0.007072687 -0.1013025 -0.003499984 0.00705409 -0.1016358 -0.003537595 0.00705409 -0.1016358 -0.003537595 0.00705409 -0.1016358 -0.003537595 0.00705409 -0.1016358 -0.003537595 0.007036387 -0.1019523 -0.003648519 0.007036387 -0.1019523 -0.003648519 0.007036387 -0.1019523 -0.003648519 0.007020533 -0.1022363 -0.003827214 0.007020533 -0.1022363 -0.003827214 0.007020533 -0.1022363 -0.003827214 0.007007241 -0.1024734 -0.004064738 0.007007241 -0.1024734 -0.004064738 0.007007241 -0.1024734 -0.004064738 0.007007241 -0.1024734 -0.004064738 0.006997287 -0.1026518 -0.004349172 0.006997287 -0.1026518 -0.004349172 0.006997287 -0.1026518 -0.004349172 0.006997287 -0.1026518 -0.004349172 0.006991088 -0.1027626 -0.004666209 0.006991088 -0.1027626 -0.004666209 0.006991088 -0.1027626 -0.004666209 0.006991088 -0.1027626 -0.004666209 0.007091343 -0.1009692 -0.003537595 0.007091343 -0.1009692 -0.003537595 0.007091343 -0.1009692 -0.003537595 0.007091343 -0.1009692 -0.003537595 0.007108986 -0.1006526 -0.003648519 0.007108986 -0.1006526 -0.003648519 0.007108986 -0.1006526 -0.003648519 0.007108986 -0.1006526 -0.003648519 0.0071249 -0.1003687 -0.003827214 0.0071249 -0.1003687 -0.003827214 0.0071249 -0.1003687 -0.003827214 0.007138133 -0.1001316 -0.004064738 0.007138133 -0.1001316 -0.004064738 0.007138133 -0.1001316 -0.004064738 0.007148087 -0.09995311 -0.004349172 0.007148087 -0.09995311 -0.004349172 0.007148087 -0.09995311 -0.004349172 0.007148087 -0.09995311 -0.004349172 0.007154285 -0.09984236 -0.004666209 0.007154285 -0.09984236 -0.004666209 0.007154285 -0.09984236 -0.004666209 0.007072687 -0.1013025 0.003499984 0.007072687 -0.1013025 0.003499984 0.007072687 -0.1013025 0.003499984 0.007091343 -0.1009692 0.003537595 0.007091343 -0.1009692 0.003537595 0.007091343 -0.1009692 0.003537595 0.007091343 -0.1009692 0.003537595 0.007091343 -0.1009692 0.003537595 0.007108986 -0.1006526 0.003648519 0.007108986 -0.1006526 0.003648519 0.007108986 -0.1006526 0.003648519 0.0071249 -0.1003687 0.003827214 0.0071249 -0.1003687 0.003827214 0.0071249 -0.1003687 0.003827214 0.007138133 -0.1001316 0.004064738 0.007138133 -0.1001316 0.004064738 0.007138133 -0.1001316 0.004064738 0.007138133 -0.1001316 0.004064738 0.007148087 -0.09995311 0.004349112 0.007148087 -0.09995311 0.004349112 0.007148087 -0.09995311 0.004349112 0.007154285 -0.09984236 0.004666209 0.007154285 -0.09984236 0.004666209 0.007154285 -0.09984236 0.004666209 0.007156372 -0.09980481 0.004999995 0.007156372 -0.09980481 0.004999995 0.007156372 -0.09980481 0.004999995 0.007156372 -0.09980481 0.004999995 0.00705409 -0.1016358 0.003537595 0.00705409 -0.1016358 0.003537595 0.00705409 -0.1016358 0.003537595 0.00705409 -0.1016358 0.003537595 0.007036387 -0.1019523 0.003648519 0.007036387 -0.1019523 0.003648519 0.007036387 -0.1019523 0.003648519 0.007020533 -0.1022363 0.003827214 0.007020533 -0.1022363 0.003827214 0.007020533 -0.1022363 0.003827214 0.007007241 -0.1024734 0.004064738 0.007007241 -0.1024734 0.004064738 0.007007241 -0.1024734 0.004064738 0.006997287 -0.1026518 0.004349112 0.006997287 -0.1026518 0.004349112 0.006997287 -0.1026518 0.004349112 0.006997287 -0.1026518 0.004349112 0.006991088 -0.1027626 0.004666209 0.006991088 -0.1027626 0.004666209 0.006991088 -0.1027626 0.004666209 0.006991088 -0.1027626 0.004666209 0.006989002 -0.1028001 0.004999995 0.006989002 -0.1028001 0.004999995 0.006989002 -0.1028001 0.004999995 0.006989002 -0.1028001 0.004999995 0.007072687 -0.1013025 0.006499946 0.007072687 -0.1013025 0.006499946 0.007072687 -0.1013025 0.006499946 0.00705409 -0.1016358 0.006462335 0.00705409 -0.1016358 0.006462335 0.00705409 -0.1016358 0.006462335 0.00705409 -0.1016358 0.006462335 0.007036387 -0.1019523 0.006351411 0.007036387 -0.1019523 0.006351411 0.007036387 -0.1019523 0.006351411 0.007020533 -0.1022363 0.006172716 0.007020533 -0.1022363 0.006172716 0.007020533 -0.1022363 0.006172716 0.007007241 -0.1024734 0.005935192 0.007007241 -0.1024734 0.005935192 0.007007241 -0.1024734 0.005935192 0.007007241 -0.1024734 0.005935192 0.006997287 -0.1026518 0.005650818 0.006997287 -0.1026518 0.005650818 0.006997287 -0.1026518 0.005650818 0.006997287 -0.1026518 0.005650818 0.006991088 -0.1027626 0.005333721 0.006991088 -0.1027626 0.005333721 0.006991088 -0.1027626 0.005333721 0.006991088 -0.1027626 0.005333721 0.007091343 -0.1009692 0.006462335 0.007091343 -0.1009692 0.006462335 0.007091343 -0.1009692 0.006462335 0.007091343 -0.1009692 0.006462335 0.007108986 -0.1006526 0.006351411 0.007108986 -0.1006526 0.006351411 0.007108986 -0.1006526 0.006351411 0.007108986 -0.1006526 0.006351411 0.0071249 -0.1003687 0.006172716 0.0071249 -0.1003687 0.006172716 0.0071249 -0.1003687 0.006172716 0.007138133 -0.1001316 0.005935192 0.007138133 -0.1001316 0.005935192 0.007138133 -0.1001316 0.005935192 0.007148087 -0.09995311 0.005650818 0.007148087 -0.09995311 0.005650818 0.007148087 -0.09995311 0.005650818 0.007148087 -0.09995311 0.005650818 0.007154285 -0.09984236 0.005333721 0.007154285 -0.09984236 0.005333721 0.007154285 -0.09984236 0.005333721 0.02635401 -0.03351151 0.01424998 0.02635401 -0.03351151 0.01424998 0.02635401 -0.03351151 0.01424998 0.02622938 -0.03405815 0.01424998 0.02622938 -0.03405815 0.01424998 0.02622938 -0.03405815 0.01424998 0.0260443 -0.03458744 0.01424998 0.0260443 -0.03458744 0.01424998 0.0260443 -0.03458744 0.01424998 0.0260443 -0.03458744 0.01424998 0.02580118 -0.03509271 0.01424998 0.02580118 -0.03509271 0.01424998 0.02580118 -0.03509271 0.01424998 0.02550297 -0.03556758 0.01424998 0.02550297 -0.03556758 0.01424998 0.02550297 -0.03556758 0.01424998 0.02515351 -0.03600603 0.01424998 0.02515351 -0.03600603 0.01424998 0.02515351 -0.03600603 0.01424998 0.02475714 -0.03640264 0.01424998 0.02475714 -0.03640264 0.01424998 0.02475714 -0.03640264 0.01424998 0.03117883 -0.03678578 0.01424998 0.03117883 -0.03678578 0.01424998 0.03117883 -0.03678578 0.01424998 0.02958196 -0.0396769 0.01424998 0.02958196 -0.0396769 0.01424998 0.02958196 -0.0396769 0.01424998 0.01677542 -0.0435394 0.01424998 0.01677542 -0.0435394 0.01424998 0.01677542 -0.0435394 0.01424998 0.01633715 -0.0438891 0.01424998 0.01633715 -0.0438891 0.01424998 0.01633715 -0.0438891 0.01424998 0.01586246 -0.0441876 0.01424998 0.01586246 -0.0441876 0.01424998 0.01586246 -0.0441876 0.01424998 0.01535737 -0.04443097 0.01424998 0.01535737 -0.04443097 0.01424998 0.01535737 -0.04443097 0.01424998 0.01482814 -0.04461634 0.01424998 0.01482814 -0.04461634 0.01424998 0.01482814 -0.04461634 0.01424998 0.01428157 -0.04474121 0.01424998 0.01428157 -0.04474121 0.01424998 0.01428157 -0.04474121 0.01424998 0.01372438 -0.04480415 0.01424998 0.01372438 -0.04480415 0.01424998 0.01372438 -0.04480415 0.01424998 0.01316368 -0.04480433 0.01424998 0.01316368 -0.04480433 0.01424998 0.01316368 -0.04480433 0.01424998 0.02997833 -0.03928029 0.01424998 0.02997833 -0.03928029 0.01424998 0.02997833 -0.03928029 0.01424998 0.03032779 -0.03884184 0.01424998 0.03032779 -0.03884184 0.01424998 0.03032779 -0.03884184 0.01424998 0.03062599 -0.03836703 0.01424998 0.03062599 -0.03836703 0.01424998 0.03062599 -0.03836703 0.01424998 0.03086912 -0.03786176 0.01424998 0.03086912 -0.03786176 0.01424998 0.03086912 -0.03786176 0.01424998 0.03086912 -0.03786176 0.01424998 0.03105419 -0.03733247 0.01424998 0.03105419 -0.03733247 0.01424998 0.03105419 -0.03733247 0.01424998 -0.02858132 -0.03138297 0.01424998 -0.02858132 -0.03138297 0.01424998 -0.02858132 -0.03138297 0.01424998 -0.02858132 -0.03138297 0.01424998 -0.02858132 -0.03138297 0.01424998 -0.0285812 -0.03194367 0.01424998 -0.0285812 -0.03194367 0.01424998 -0.0285812 -0.03194367 0.01424998 -0.02215683 -0.03227841 0.01424998 -0.02215683 -0.03227841 0.01424998 -0.02215683 -0.03227841 0.01424998 -0.02250653 -0.03184014 0.01424998 -0.02250653 -0.03184014 0.01424998 -0.02250653 -0.03184014 0.01424998 -0.02280497 -0.03136545 0.01424998 -0.02280497 -0.03136545 0.01424998 -0.02280497 -0.03136545 0.01424998 -0.0230484 -0.03086036 0.01424998 -0.0230484 -0.03086036 0.01424998 -0.0230484 -0.03086036 0.01424998 -0.0230484 -0.03086036 0.01424998 -0.02323371 -0.03033113 0.01424998 -0.02323371 -0.03033113 0.01424998 -0.02323371 -0.03033113 0.01424998 -0.02335864 -0.02978456 0.01424998 -0.02335864 -0.02978456 0.01424998 -0.02335864 -0.02978456 0.01424998 -0.02342158 -0.02922737 0.01424998 -0.02342158 -0.02922737 0.01424998 -0.02342158 -0.02922737 0.01424998 -0.0234217 -0.02866667 0.01424998 -0.0234217 -0.02866667 0.01424998 -0.0234217 -0.02866667 0.01424998 -0.0234217 -0.02866667 0.01424998 -0.0234217 -0.02866667 0.01424998 -0.02152854 0.005209326 0.01424998 -0.02152854 0.005209326 0.01424998 -0.02152854 0.005209326 0.01424998 -0.02652072 0.005488336 0.01424998 -0.02652072 0.005488336 0.01424998 -0.02652072 0.005488336 0.01424998 -0.02652072 0.005488336 0.01424998 -0.02652072 0.005488336 0.01424998 -0.01015776 -0.04350095 0.01424998 -0.01015776 -0.04350095 0.01424998 -0.01015776 -0.04350095 0.01424998 -0.01071494 -0.04343831 0.01424998 -0.01071494 -0.04343831 0.01424998 -0.01071494 -0.04343831 0.01424998 -0.01071494 -0.04343831 0.01424998 -0.01126164 -0.04331374 0.01424998 -0.01126164 -0.04331374 0.01424998 -0.01126164 -0.04331374 0.01424998 -0.01179093 -0.04312866 0.01424998 -0.01179093 -0.04312866 0.01424998 -0.01179093 -0.04312866 0.01424998 -0.01229614 -0.04288548 0.01424998 -0.01229614 -0.04288548 0.01424998 -0.01229614 -0.04288548 0.01424998 -0.01277101 -0.04258733 0.01424998 -0.01277101 -0.04258733 0.01424998 -0.01277101 -0.04258733 0.01424998 -0.01320946 -0.04223787 0.01424998 -0.01320946 -0.04223787 0.01424998 -0.01320946 -0.04223787 0.01424998 -0.01360607 -0.0418415 0.01424998 -0.01360607 -0.0418415 0.01424998 -0.01360607 -0.0418415 0.01424998 -0.02731645 -0.03499472 0.01424998 -0.02731645 -0.03499472 0.01424998 -0.02731645 -0.03499472 0.01424998 -0.02851825 -0.03250086 0.01424998 -0.02851825 -0.03250086 0.01424998 -0.02851825 -0.03250086 0.01424998 -0.02839332 -0.03304749 0.01424998 -0.02839332 -0.03304749 0.01424998 -0.02839332 -0.03304749 0.01424998 -0.02820801 -0.03357666 0.01424998 -0.02820801 -0.03357666 0.01424998 -0.02820801 -0.03357666 0.01424998 -0.02796459 -0.03408175 0.01424998 -0.02796459 -0.03408175 0.01424998 -0.02796459 -0.03408175 0.01424998 -0.02766615 -0.03455644 0.01424998 -0.02766615 -0.03455644 0.01424998 -0.02766615 -0.03455644 0.01424998 0.03117883 -0.03678578 -0.01424998 0.03117883 -0.03678578 -0.01424998 0.03117883 -0.03678578 -0.01424998 0.02475714 -0.03640264 -0.01424998 0.02475714 -0.03640264 -0.01424998 0.02475714 -0.03640264 -0.01424998 0.02515351 -0.03600603 -0.01424998 0.02515351 -0.03600603 -0.01424998 0.02515351 -0.03600603 -0.01424998 0.02550297 -0.03556758 -0.01424998 0.02550297 -0.03556758 -0.01424998 0.02550297 -0.03556758 -0.01424998 0.02580118 -0.03509271 -0.01424998 0.02580118 -0.03509271 -0.01424998 0.02580118 -0.03509271 -0.01424998 0.02580118 -0.03509271 -0.01424998 0.0260443 -0.03458744 -0.01424998 0.0260443 -0.03458744 -0.01424998 0.0260443 -0.03458744 -0.01424998 0.02622938 -0.03405815 -0.01424998 0.02622938 -0.03405815 -0.01424998 0.02622938 -0.03405815 -0.01424998 0.02635401 -0.03351151 -0.01424998 0.02635401 -0.03351151 -0.01424998 0.02635401 -0.03351151 -0.01424998 0.01316368 -0.04480433 -0.01424998 0.01316368 -0.04480433 -0.01424998 0.01316368 -0.04480433 -0.01424998 0.01372438 -0.04480415 -0.01424998 0.01372438 -0.04480415 -0.01424998 0.01372438 -0.04480415 -0.01424998 0.01428157 -0.04474121 -0.01424998 0.01428157 -0.04474121 -0.01424998 0.01428157 -0.04474121 -0.01424998 0.01482814 -0.04461634 -0.01424998 0.01482814 -0.04461634 -0.01424998 0.01482814 -0.04461634 -0.01424998 0.01535737 -0.04443097 -0.01424998 0.01535737 -0.04443097 -0.01424998 0.01535737 -0.04443097 -0.01424998 0.01586246 -0.0441876 -0.01424998 0.01586246 -0.0441876 -0.01424998 0.01586246 -0.0441876 -0.01424998 0.01633715 -0.0438891 -0.01424998 0.01633715 -0.0438891 -0.01424998 0.01633715 -0.0438891 -0.01424998 0.01677542 -0.0435394 -0.01424998 0.01677542 -0.0435394 -0.01424998 0.01677542 -0.0435394 -0.01424998 0.02958196 -0.0396769 -0.01424998 0.02958196 -0.0396769 -0.01424998 0.02958196 -0.0396769 -0.01424998 0.03105419 -0.03733247 -0.01424998 0.03105419 -0.03733247 -0.01424998 0.03105419 -0.03733247 -0.01424998 0.03086912 -0.03786176 -0.01424998 0.03086912 -0.03786176 -0.01424998 0.03086912 -0.03786176 -0.01424998 0.03062599 -0.03836703 -0.01424998 0.03062599 -0.03836703 -0.01424998 0.03062599 -0.03836703 -0.01424998 0.03062599 -0.03836703 -0.01424998 0.03032779 -0.03884184 -0.01424998 0.03032779 -0.03884184 -0.01424998 0.03032779 -0.03884184 -0.01424998 0.02997833 -0.03928029 -0.01424998 0.02997833 -0.03928029 -0.01424998 0.02997833 -0.03928029 -0.01424998 -0.02858132 -0.03138297 -0.01424998 -0.02858132 -0.03138297 -0.01424998 -0.02858132 -0.03138297 -0.01424998 -0.02858132 -0.03138297 -0.01424998 -0.02858132 -0.03138297 -0.01424998 -0.02652072 0.005488336 -0.01424998 -0.02652072 0.005488336 -0.01424998 -0.02652072 0.005488336 -0.01424998 -0.02652072 0.005488336 -0.01424998 -0.02652072 0.005488336 -0.01424998 -0.02152854 0.005209326 -0.01424998 -0.02152854 0.005209326 -0.01424998 -0.02152854 0.005209326 -0.01424998 -0.02152854 0.005209326 -0.01424998 -0.0234217 -0.02866667 -0.01424998 -0.0234217 -0.02866667 -0.01424998 -0.0234217 -0.02866667 -0.01424998 -0.0234217 -0.02866667 -0.01424998 -0.0234217 -0.02866667 -0.01424998 -0.0234217 -0.02866667 -0.01424998 -0.02342158 -0.02922737 -0.01424998 -0.02342158 -0.02922737 -0.01424998 -0.02342158 -0.02922737 -0.01424998 -0.02335864 -0.02978456 -0.01424998 -0.02335864 -0.02978456 -0.01424998 -0.02335864 -0.02978456 -0.01424998 -0.02323371 -0.03033113 -0.01424998 -0.02323371 -0.03033113 -0.01424998 -0.02323371 -0.03033113 -0.01424998 -0.02323371 -0.03033113 -0.01424998 -0.0230484 -0.03086036 -0.01424998 -0.0230484 -0.03086036 -0.01424998 -0.0230484 -0.03086036 -0.01424998 -0.02280497 -0.03136545 -0.01424998 -0.02280497 -0.03136545 -0.01424998 -0.02280497 -0.03136545 -0.01424998 -0.02250653 -0.03184014 -0.01424998 -0.02250653 -0.03184014 -0.01424998 -0.02250653 -0.03184014 -0.01424998 -0.02215683 -0.03227841 -0.01424998 -0.02215683 -0.03227841 -0.01424998 -0.02215683 -0.03227841 -0.01424998 -0.0285812 -0.03194367 -0.01424998 -0.0285812 -0.03194367 -0.01424998 -0.0285812 -0.03194367 -0.01424998 -0.02731645 -0.03499472 -0.01424998 -0.02731645 -0.03499472 -0.01424998 -0.02731645 -0.03499472 -0.01424998 -0.01360607 -0.0418415 -0.01424998 -0.01360607 -0.0418415 -0.01424998 -0.01360607 -0.0418415 -0.01424998 -0.01320946 -0.04223787 -0.01424998 -0.01320946 -0.04223787 -0.01424998 -0.01320946 -0.04223787 -0.01424998 -0.01277101 -0.04258733 -0.01424998 -0.01277101 -0.04258733 -0.01424998 -0.01277101 -0.04258733 -0.01424998 -0.01229614 -0.04288548 -0.01424998 -0.01229614 -0.04288548 -0.01424998 -0.01229614 -0.04288548 -0.01424998 -0.01179093 -0.04312866 -0.01424998 -0.01179093 -0.04312866 -0.01424998 -0.01179093 -0.04312866 -0.01424998 -0.01126164 -0.04331374 -0.01424998 -0.01126164 -0.04331374 -0.01424998 -0.01126164 -0.04331374 -0.01424998 -0.01126164 -0.04331374 -0.01424998 -0.01071494 -0.04343831 -0.01424998 -0.01071494 -0.04343831 -0.01424998 -0.01071494 -0.04343831 -0.01424998 -0.01015776 -0.04350095 -0.01424998 -0.01015776 -0.04350095 -0.01424998 -0.01015776 -0.04350095 -0.01424998 -0.02766615 -0.03455644 -0.01424998 -0.02766615 -0.03455644 -0.01424998 -0.02766615 -0.03455644 -0.01424998 -0.02796459 -0.03408175 -0.01424998 -0.02796459 -0.03408175 -0.01424998 -0.02796459 -0.03408175 -0.01424998 -0.02820801 -0.03357666 -0.01424998 -0.02820801 -0.03357666 -0.01424998 -0.02820801 -0.03357666 -0.01424998 -0.02839332 -0.03304749 -0.01424998 -0.02839332 -0.03304749 -0.01424998 -0.02839332 -0.03304749 -0.01424998 -0.02851825 -0.03250086 -0.01424998 -0.02851825 -0.03250086 -0.01424998 -0.02851825 -0.03250086 -0.01424998 -0.0134415 -0.08306372 0.002380549 -0.0134415 -0.08306372 0.002380549 -0.0134415 -0.08306372 0.002380549 -0.0134415 -0.08306372 0.002380549 -0.01323831 -0.07942789 0.002091407 -0.01323831 -0.07942789 0.002091407 -0.01323831 -0.07942789 0.002091407 -0.01323831 -0.07942789 0.002091407 -0.01342332 -0.08273804 0.001971602 -0.01342332 -0.08273804 0.001971602 -0.01342332 -0.08273804 0.001971602 -0.01342332 -0.08273804 0.001971602 -0.01351332 -0.08434867 -0.003258049 -0.01351332 -0.08434867 -0.003258049 -0.01351332 -0.08434867 -0.003258049 -0.01327151 -0.08002167 -0.003376841 -0.01327151 -0.08002167 -0.003376841 -0.01327151 -0.08002167 -0.003376841 -0.01354122 -0.0848478 -0.003412187 -0.01354122 -0.0848478 -0.003412187 -0.01354122 -0.0848478 -0.003412187 -0.01372784 -0.08818703 0.002380549 -0.01372784 -0.08818703 0.002380549 -0.01372784 -0.08818703 0.002380549 -0.01374602 -0.08851271 0.001971602 -0.01374602 -0.08851271 0.001971602 -0.01374602 -0.08851271 0.001971602 -0.01393103 -0.09182286 0.002091407 -0.01393103 -0.09182286 0.002091407 -0.01393103 -0.09182286 0.002091407 -0.01393103 -0.09182286 0.002091407 -0.01365602 -0.08690208 -0.003258049 -0.01365602 -0.08690208 -0.003258049 -0.01365602 -0.08690208 -0.003258049 -0.01362812 -0.08640295 -0.003412187 -0.01362812 -0.08640295 -0.003412187 -0.01362812 -0.08640295 -0.003412187 -0.01389783 -0.09122908 -0.003376841 -0.01389783 -0.09122908 -0.003376841 -0.01389783 -0.09122908 -0.003376841 -0.01329368 -0.08041906 -0.003963887 -0.01329368 -0.08041906 -0.003963887 -0.01329368 -0.08041906 -0.003963887 -0.01329368 -0.08041906 -0.003963887 -0.01331931 -0.08087748 -0.004504382 -0.01331931 -0.08087748 -0.004504382 -0.01331931 -0.08087748 -0.004504382 -0.01334804 -0.08139163 -0.004992127 -0.01334804 -0.08139163 -0.004992127 -0.01334804 -0.08139163 -0.004992127 -0.01334804 -0.08139163 -0.004992127 -0.01337957 -0.08195531 -0.00542134 -0.01337957 -0.08195531 -0.00542134 -0.01337957 -0.08195531 -0.00542134 -0.01341348 -0.08256208 -0.005786955 -0.01341348 -0.08256208 -0.005786955 -0.01341348 -0.08256208 -0.005786955 -0.01341348 -0.08256208 -0.005786955 -0.01344937 -0.08320474 -0.00608474 -0.01344937 -0.08320474 -0.00608474 -0.01344937 -0.08320474 -0.00608474 -0.01348686 -0.08387577 -0.006311237 -0.01348686 -0.08387577 -0.006311237 -0.01348686 -0.08387577 -0.006311237 -0.01352554 -0.08456736 -0.006463706 -0.01352554 -0.08456736 -0.006463706 -0.01352554 -0.08456736 -0.006463706 -0.01352554 -0.08456736 -0.006463706 -0.01356488 -0.08527135 -0.006540358 -0.01356488 -0.08527135 -0.006540358 -0.01356488 -0.08527135 -0.006540358 -0.01357007 -0.08536422 -0.003490209 -0.01357007 -0.08536422 -0.003490209 -0.01357007 -0.08536422 -0.003490209 -0.01359927 -0.08588653 -0.003490209 -0.01359927 -0.08588653 -0.003490209 -0.01359927 -0.08588653 -0.003490209 -0.01360446 -0.0859794 -0.006540358 -0.01360446 -0.0859794 -0.006540358 -0.01360446 -0.0859794 -0.006540358 -0.0136438 -0.08668339 -0.006463706 -0.0136438 -0.08668339 -0.006463706 -0.0136438 -0.08668339 -0.006463706 -0.01368242 -0.08737498 -0.006311237 -0.01368242 -0.08737498 -0.006311237 -0.01368242 -0.08737498 -0.006311237 -0.01371997 -0.08804601 -0.00608474 -0.01371997 -0.08804601 -0.00608474 -0.01371997 -0.08804601 -0.00608474 -0.01375585 -0.08868867 -0.005786955 -0.01375585 -0.08868867 -0.005786955 -0.01375585 -0.08868867 -0.005786955 -0.01378977 -0.08929544 -0.00542134 -0.01378977 -0.08929544 -0.00542134 -0.01378977 -0.08929544 -0.00542134 -0.01382124 -0.08985918 -0.004992127 -0.01382124 -0.08985918 -0.004992127 -0.01382124 -0.08985918 -0.004992127 -0.01384997 -0.09037327 -0.004504382 -0.01384997 -0.09037327 -0.004504382 -0.01384997 -0.09037327 -0.004504382 -0.0138756 -0.09083169 -0.003963887 -0.0138756 -0.09083169 -0.003963887 -0.0138756 -0.09083169 -0.003963887 -0.01329368 -0.08041906 0.003963887 -0.01329368 -0.08041906 0.003963887 -0.01329368 -0.08041906 0.003963887 -0.01329368 -0.08041906 0.003963887 -0.01327151 -0.08002167 0.003376841 -0.01327151 -0.08002167 0.003376841 -0.01327151 -0.08002167 0.003376841 -0.01327151 -0.08002167 0.003376841 -0.01354122 -0.0848478 0.003412187 -0.01354122 -0.0848478 0.003412187 -0.01354122 -0.0848478 0.003412187 -0.01357007 -0.08536422 0.003490209 -0.01357007 -0.08536422 0.003490209 -0.01357007 -0.08536422 0.003490209 -0.01356488 -0.08527135 0.006540358 -0.01356488 -0.08527135 0.006540358 -0.01356488 -0.08527135 0.006540358 -0.01356488 -0.08527135 0.006540358 -0.01352554 -0.08456736 0.006463706 -0.01352554 -0.08456736 0.006463706 -0.01352554 -0.08456736 0.006463706 -0.01348686 -0.08387577 0.006311237 -0.01348686 -0.08387577 0.006311237 -0.01348686 -0.08387577 0.006311237 -0.01344937 -0.08320474 0.00608474 -0.01344937 -0.08320474 0.00608474 -0.01344937 -0.08320474 0.00608474 -0.01344937 -0.08320474 0.00608474 -0.01341348 -0.08256208 0.005786955 -0.01341348 -0.08256208 0.005786955 -0.01341348 -0.08256208 0.005786955 -0.01337957 -0.08195531 0.00542134 -0.01337957 -0.08195531 0.00542134 -0.01337957 -0.08195531 0.00542134 -0.01334804 -0.08139163 0.004992127 -0.01334804 -0.08139163 0.004992127 -0.01334804 -0.08139163 0.004992127 -0.01334804 -0.08139163 0.004992127 -0.01331931 -0.08087748 0.004504382 -0.01331931 -0.08087748 0.004504382 -0.01331931 -0.08087748 0.004504382 -0.01359927 -0.08588653 0.003490209 -0.01359927 -0.08588653 0.003490209 -0.01359927 -0.08588653 0.003490209 -0.01362812 -0.08640295 0.003412187 -0.01362812 -0.08640295 0.003412187 -0.01362812 -0.08640295 0.003412187 -0.01362812 -0.08640295 0.003412187 -0.01389783 -0.09122908 0.003376841 -0.01389783 -0.09122908 0.003376841 -0.01389783 -0.09122908 0.003376841 -0.0138756 -0.09083169 0.003963887 -0.0138756 -0.09083169 0.003963887 -0.0138756 -0.09083169 0.003963887 -0.01384997 -0.09037327 0.004504382 -0.01384997 -0.09037327 0.004504382 -0.01384997 -0.09037327 0.004504382 -0.01382124 -0.08985918 0.004992127 -0.01382124 -0.08985918 0.004992127 -0.01382124 -0.08985918 0.004992127 -0.01378977 -0.08929544 0.00542134 -0.01378977 -0.08929544 0.00542134 -0.01378977 -0.08929544 0.00542134 -0.01375585 -0.08868867 0.005786955 -0.01375585 -0.08868867 0.005786955 -0.01375585 -0.08868867 0.005786955 -0.01371997 -0.08804601 0.00608474 -0.01371997 -0.08804601 0.00608474 -0.01371997 -0.08804601 0.00608474 -0.01368242 -0.08737498 0.006311237 -0.01368242 -0.08737498 0.006311237 -0.01368242 -0.08737498 0.006311237 -0.0136438 -0.08668339 0.006463706 -0.0136438 -0.08668339 0.006463706 -0.0136438 -0.08668339 0.006463706 -0.01360446 -0.0859794 0.006540358 -0.01360446 -0.0859794 0.006540358 -0.01360446 -0.0859794 0.006540358 -0.01351332 -0.08434867 0.003258049 -0.01351332 -0.08434867 0.003258049 -0.01351332 -0.08434867 0.003258049 -0.01325297 -0.07969003 0.002750217 -0.01325297 -0.07969003 0.002750217 -0.01325297 -0.07969003 0.002750217 -0.01348704 -0.08387809 0.003031075 -0.01348704 -0.08387809 0.003031075 -0.01348704 -0.08387809 0.003031075 -0.0134629 -0.08344656 0.002736389 -0.0134629 -0.08344656 0.002736389 -0.0134629 -0.08344656 0.002736389 -0.01340872 -0.08247691 0.001518547 -0.01340872 -0.08247691 0.001518547 -0.01340872 -0.08247691 0.001518547 -0.01340872 -0.08247691 0.001518547 -0.0132277 -0.07923847 0.00140804 -0.0132277 -0.07923847 0.00140804 -0.0132277 -0.07923847 0.00140804 -0.0132277 -0.07923847 0.00140804 -0.01339805 -0.08228605 0.001031637 -0.01339805 -0.08228605 0.001031637 -0.01339805 -0.08228605 0.001031637 -0.01339805 -0.08228605 0.001031637 -0.01322132 -0.07912391 7.08179e-4 -0.01322132 -0.07912391 7.08179e-4 -0.01322132 -0.07912391 7.08179e-4 -0.01322132 -0.07912391 7.08179e-4 -0.01339155 -0.08216989 5.21647e-4 -0.01339155 -0.08216989 5.21647e-4 -0.01339155 -0.08216989 5.21647e-4 -0.01338934 -0.08213084 0 -0.01338934 -0.08213084 0 -0.01338934 -0.08213084 0 -0.01338934 -0.08213084 0 -0.01321917 -0.07908558 0 -0.01321917 -0.07908558 0 -0.01321917 -0.07908558 0 -0.01321917 -0.07908558 0 -0.01339155 -0.08216989 -5.21648e-4 -0.01339155 -0.08216989 -5.21648e-4 -0.01339155 -0.08216989 -5.21648e-4 -0.01339155 -0.08216989 -5.21648e-4 -0.01322132 -0.07912391 -7.0818e-4 -0.01322132 -0.07912391 -7.0818e-4 -0.01322132 -0.07912391 -7.0818e-4 -0.01339805 -0.08228605 -0.001031637 -0.01339805 -0.08228605 -0.001031637 -0.01339805 -0.08228605 -0.001031637 -0.0132277 -0.07923847 -0.00140804 -0.0132277 -0.07923847 -0.00140804 -0.0132277 -0.07923847 -0.00140804 -0.0132277 -0.07923847 -0.00140804 -0.01340872 -0.08247691 -0.001518547 -0.01340872 -0.08247691 -0.001518547 -0.01340872 -0.08247691 -0.001518547 -0.01340872 -0.08247691 -0.001518547 -0.01342332 -0.08273804 -0.001971602 -0.01342332 -0.08273804 -0.001971602 -0.01342332 -0.08273804 -0.001971602 -0.01342332 -0.08273804 -0.001971602 -0.01323831 -0.07942789 -0.002091407 -0.01323831 -0.07942789 -0.002091407 -0.01323831 -0.07942789 -0.002091407 -0.01323831 -0.07942789 -0.002091407 -0.0134415 -0.08306372 -0.002380549 -0.0134415 -0.08306372 -0.002380549 -0.0134415 -0.08306372 -0.002380549 -0.0134415 -0.08306372 -0.002380549 -0.01325297 -0.07969003 -0.002750217 -0.01325297 -0.07969003 -0.002750217 -0.01325297 -0.07969003 -0.002750217 -0.01325297 -0.07969003 -0.002750217 -0.0134629 -0.08344656 -0.002736389 -0.0134629 -0.08344656 -0.002736389 -0.0134629 -0.08344656 -0.002736389 -0.0134629 -0.08344656 -0.002736389 -0.01348704 -0.08387809 -0.003031075 -0.01348704 -0.08387809 -0.003031075 -0.01348704 -0.08387809 -0.003031075 -0.01348704 -0.08387809 -0.003031075 -0.01391637 -0.09156072 0.002750217 -0.01391637 -0.09156072 0.002750217 -0.01391637 -0.09156072 0.002750217 -0.01391637 -0.09156072 0.002750217 -0.01365602 -0.08690208 0.003258049 -0.01365602 -0.08690208 0.003258049 -0.01365602 -0.08690208 0.003258049 -0.01365602 -0.08690208 0.003258049 -0.0136823 -0.08737266 0.003031075 -0.0136823 -0.08737266 0.003031075 -0.0136823 -0.08737266 0.003031075 -0.0136823 -0.08737266 0.003031075 -0.01370644 -0.08780419 0.002736389 -0.01370644 -0.08780419 0.002736389 -0.01370644 -0.08780419 0.002736389 -0.01394158 -0.09201228 0.00140804 -0.01394158 -0.09201228 0.00140804 -0.01394158 -0.09201228 0.00140804 -0.01394158 -0.09201228 0.00140804 -0.01376062 -0.08877384 0.001518547 -0.01376062 -0.08877384 0.001518547 -0.01376062 -0.08877384 0.001518547 -0.01376062 -0.08877384 0.001518547 -0.01394802 -0.09212684 7.08179e-4 -0.01394802 -0.09212684 7.08179e-4 -0.01394802 -0.09212684 7.08179e-4 -0.01394802 -0.09212684 7.08179e-4 -0.01377129 -0.0889647 0.001031637 -0.01377129 -0.0889647 0.001031637 -0.01377129 -0.0889647 0.001031637 -0.01377779 -0.08908087 5.21647e-4 -0.01377779 -0.08908087 5.21647e-4 -0.01377779 -0.08908087 5.21647e-4 -0.01377779 -0.08908087 5.21647e-4 -0.01395016 -0.09216517 0 -0.01395016 -0.09216517 0 -0.01395016 -0.09216517 0 -0.01395016 -0.09216517 0 -0.01377993 -0.08911991 0 -0.01377993 -0.08911991 0 -0.01377993 -0.08911991 0 -0.01377993 -0.08911991 0 -0.01394802 -0.09212684 -7.0818e-4 -0.01394802 -0.09212684 -7.0818e-4 -0.01394802 -0.09212684 -7.0818e-4 -0.01377779 -0.08908087 -5.21648e-4 -0.01377779 -0.08908087 -5.21648e-4 -0.01377779 -0.08908087 -5.21648e-4 -0.01394158 -0.09201228 -0.00140804 -0.01394158 -0.09201228 -0.00140804 -0.01394158 -0.09201228 -0.00140804 -0.01394158 -0.09201228 -0.00140804 -0.01377129 -0.0889647 -0.001031637 -0.01377129 -0.0889647 -0.001031637 -0.01377129 -0.0889647 -0.001031637 -0.01376062 -0.08877384 -0.001518547 -0.01376062 -0.08877384 -0.001518547 -0.01376062 -0.08877384 -0.001518547 -0.01393103 -0.09182286 -0.002091407 -0.01393103 -0.09182286 -0.002091407 -0.01393103 -0.09182286 -0.002091407 -0.01393103 -0.09182286 -0.002091407 -0.01374602 -0.08851271 -0.001971602 -0.01374602 -0.08851271 -0.001971602 -0.01374602 -0.08851271 -0.001971602 -0.01391637 -0.09156072 -0.002750217 -0.01391637 -0.09156072 -0.002750217 -0.01391637 -0.09156072 -0.002750217 -0.01372784 -0.08818703 -0.002380549 -0.01372784 -0.08818703 -0.002380549 -0.01372784 -0.08818703 -0.002380549 -0.01370644 -0.08780419 -0.002736389 -0.01370644 -0.08780419 -0.002736389 -0.01370644 -0.08780419 -0.002736389 -0.01370644 -0.08780419 -0.002736389 -0.0136823 -0.08737266 -0.003031075 -0.0136823 -0.08737266 -0.003031075 -0.0136823 -0.08737266 -0.003031075 -0.02150064 0.005708575 0 -0.02150064 0.005708575 0 -0.02150064 0.005708575 0 -0.0214169 0.007206201 0 -0.0214169 0.007206201 0 -0.0214169 0.007206201 0 -0.0214169 0.007206201 0 -0.02150279 0.00567013 5.87367e-4 -0.02150279 0.00567013 5.87367e-4 -0.02150279 0.00567013 5.87367e-4 -0.02150279 0.00567013 -5.87368e-4 -0.02150279 0.00567013 -5.87368e-4 -0.02150279 0.00567013 -5.87368e-4 -0.02112489 0.01243168 -0.006839036 -0.02112489 0.01243168 -0.006839036 -0.02112489 0.01243168 -0.006839036 -0.02112489 0.01243168 -0.006839036 -0.02130722 0.009169101 -2.58819e-4 -0.02130722 0.009169101 -2.58819e-4 -0.02130722 0.009169101 -2.58819e-4 -0.02130722 0.009169101 -2.58819e-4 -0.02131277 0.009069383 -5e-4 -0.02131277 0.009069383 -5e-4 -0.02131277 0.009069383 -5e-4 -0.02131277 0.009069383 -5e-4 -0.02131277 0.009069383 -5e-4 -0.02132165 0.008910655 -7.07107e-4 -0.02132165 0.008910655 -7.07107e-4 -0.02132165 0.008910655 -7.07107e-4 -0.02132165 0.008910655 -7.07107e-4 -0.02199423 -0.003124237 -0.001164674 -0.02199423 -0.003124237 -0.001164674 -0.02199423 -0.003124237 -0.001164674 -0.02200067 -0.003238916 -5.87368e-4 -0.02200067 -0.003238916 -5.87368e-4 -0.02200067 -0.003238916 -5.87368e-4 -0.02212786 -0.005515038 -9.65926e-4 -0.02212786 -0.005515038 -9.65926e-4 -0.02212786 -0.005515038 -9.65926e-4 -0.02214229 -0.005773425 -10e-4 -0.02214229 -0.005773425 -10e-4 -0.02214229 -0.005773425 -10e-4 -0.02153426 0.005106627 -0.002249956 -0.02153426 0.005106627 -0.002249956 -0.02153426 0.005106627 -0.002249956 -0.02153426 0.005106627 -0.002249956 -0.02151972 0.005366563 -0.001722037 -0.02151972 0.005366563 -0.001722037 -0.02151972 0.005366563 -0.001722037 -0.02150917 0.00555551 -0.001164674 -0.02150917 0.00555551 -0.001164674 -0.02150917 0.00555551 -0.001164674 -0.02178448 6.29157e-4 -0.004461467 -0.02178448 6.29157e-4 -0.004461467 -0.02178448 6.29157e-4 -0.004461467 -0.02177959 7.16392e-4 -0.006133913 -0.02177959 7.16392e-4 -0.006133913 -0.02177959 7.16392e-4 -0.006133913 -0.02177959 7.16392e-4 -0.006133913 -0.02176618 9.57191e-4 -0.006034016 -0.02176618 9.57191e-4 -0.006034016 -0.02176618 9.57191e-4 -0.006034016 -0.02211439 -0.005274236 -8.66025e-4 -0.02211439 -0.005274236 -8.66025e-4 -0.02211439 -0.005274236 -8.66025e-4 -0.02211439 -0.005274236 -8.66025e-4 -0.02153426 0.005106627 0.002249956 -0.02153426 0.005106627 0.002249956 -0.02153426 0.005106627 0.002249956 -0.02153426 0.005106627 0.002249956 -0.02151972 0.005366563 0.001722037 -0.02151972 0.005366563 0.001722037 -0.02151972 0.005366563 0.001722037 -0.02150917 0.00555551 0.001164674 -0.02150917 0.00555551 0.001164674 -0.02150917 0.00555551 0.001164674 -0.02171224 0.001921594 0.006292879 -0.02171224 0.001921594 0.006292879 -0.02171224 0.001921594 0.006292879 -0.0217238 0.001714825 0.006133913 -0.0217238 0.001714825 0.006133913 -0.0217238 0.001714825 0.006133913 -0.02171891 0.001802027 0.004461467 -0.02171891 0.001802027 0.004461467 -0.02171891 0.001802027 0.004461467 -0.02171891 0.001802027 0.004461467 -0.02180749 2.1717e-4 0.006999969 -0.02180749 2.1717e-4 0.006999969 -0.02180749 2.1717e-4 0.006999969 -0.02180749 2.1717e-4 0.006999969 -0.02217024 -0.006272673 8.66024e-4 -0.02217024 -0.006272673 8.66024e-4 -0.02217024 -0.006272673 8.66024e-4 -0.02217024 -0.006272673 8.66024e-4 -0.02217024 -0.006272673 8.66024e-4 -0.02217024 -0.006272673 8.66024e-4 -0.02217024 -0.006272673 8.66024e-4 -0.02187728 -0.001030862 0.00389707 -0.02187728 -0.001030862 0.00389707 -0.02187728 -0.001030862 0.00389707 -0.02187728 -0.001030862 0.00389707 -0.02184784 -5.03777e-4 0.004157423 -0.02184784 -5.03777e-4 0.004157423 -0.02184784 -5.03777e-4 0.004157423 -0.02181673 5.27413e-5 0.004346609 -0.02181673 5.27413e-5 0.004346609 -0.02181673 5.27413e-5 0.004346609 -0.02200281 -0.003277361 0 -0.02200281 -0.003277361 0 -0.02200281 -0.003277361 0 -0.02200281 -0.003277361 0 -0.02200281 -0.003277361 0 -0.02200281 -0.003277361 0 -0.02200067 -0.003238916 5.87367e-4 -0.02200067 -0.003238916 5.87367e-4 -0.02200067 -0.003238916 5.87367e-4 -0.02211439 -0.005274236 8.66024e-4 -0.02211439 -0.005274236 8.66024e-4 -0.02211439 -0.005274236 8.66024e-4 -0.02211439 -0.005274236 8.66024e-4 -0.02210283 -0.005067467 7.07106e-4 -0.02210283 -0.005067467 7.07106e-4 -0.02210283 -0.005067467 7.07106e-4 -0.02210283 -0.005067467 7.07106e-4 -0.02210283 -0.005067467 7.07106e-4 -0.02209401 -0.0049088 4.99999e-4 -0.02209401 -0.0049088 4.99999e-4 -0.02209401 -0.0049088 4.99999e-4 -0.02209401 -0.0049088 4.99999e-4 -0.0220884 -0.004809021 2.58818e-4 -0.0220884 -0.004809021 2.58818e-4 -0.0220884 -0.004809021 2.58818e-4 -0.0220884 -0.004809021 2.58818e-4 -0.0220865 -0.004774987 0 -0.0220865 -0.004774987 0 -0.0220865 -0.004774987 0 -0.0220865 -0.004774987 0 -0.0220884 -0.004809021 -2.58819e-4 -0.0220884 -0.004809021 -2.58819e-4 -0.0220884 -0.004809021 -2.58819e-4 -0.02209401 -0.0049088 -5e-4 -0.02209401 -0.0049088 -5e-4 -0.02209401 -0.0049088 -5e-4 -0.02209401 -0.0049088 -5e-4 -0.02209401 -0.0049088 -5e-4 -0.02210283 -0.005067467 -7.07107e-4 -0.02210283 -0.005067467 -7.07107e-4 -0.02210283 -0.005067467 -7.07107e-4 -0.02210283 -0.005067467 -7.07107e-4 -0.02112489 0.01243168 0.006839036 -0.02112489 0.01243168 0.006839036 -0.02112489 0.01243168 0.006839036 -0.02114301 0.01210772 0.007296323 -0.02114301 0.01210772 0.007296323 -0.02114301 0.01210772 0.007296323 -0.02169591 0.002214014 0.006999969 -0.02169591 0.002214014 0.006999969 -0.02169591 0.002214014 0.006999969 -0.02169591 0.002214014 0.006999969 -0.02169591 0.002214014 0.006999969 -0.02169591 0.002214014 0.006999969 -0.02132165 0.008910655 7.07106e-4 -0.02132165 0.008910655 7.07106e-4 -0.02132165 0.008910655 7.07106e-4 -0.02132165 0.008910655 7.07106e-4 -0.02132165 0.008910655 7.07106e-4 -0.02131277 0.009069383 4.99999e-4 -0.02131277 0.009069383 4.99999e-4 -0.02131277 0.009069383 4.99999e-4 -0.02130722 0.009169101 2.58818e-4 -0.02130722 0.009169101 2.58818e-4 -0.02130722 0.009169101 2.58818e-4 -0.02130532 0.009203135 0 -0.02130532 0.009203135 0 -0.02130532 0.009203135 0 -0.02173727 0.001474022 -0.007965922 -0.02173727 0.001474022 -0.007965922 -0.02173727 0.001474022 -0.007965922 -0.02173727 0.001474022 -0.007965922 -0.0217517 0.001215577 -0.007999956 -0.0217517 0.001215577 -0.007999956 -0.0217517 0.001215577 -0.007999956 -0.0217517 0.001215577 -0.007999956 -0.02176618 9.57191e-4 -0.007965922 -0.02176618 9.57191e-4 -0.007965922 -0.02176618 9.57191e-4 -0.007965922 -0.02176618 9.57191e-4 -0.007965922 -0.02177959 7.16392e-4 -0.007865965 -0.02177959 7.16392e-4 -0.007865965 -0.02177959 7.16392e-4 -0.007865965 -0.02177959 7.16392e-4 -0.007865965 -0.02179116 5.09605e-4 -0.007707059 -0.02179116 5.09605e-4 -0.007707059 -0.02179116 5.09605e-4 -0.007707059 -0.02179116 5.09605e-4 -0.007707059 -0.02180004 3.50929e-4 -0.007499992 -0.02180004 3.50929e-4 -0.007499992 -0.02180004 3.50929e-4 -0.007499992 -0.02180004 3.50929e-4 -0.007499992 -0.02180564 2.51197e-4 -0.007258772 -0.02180564 2.51197e-4 -0.007258772 -0.02180564 2.51197e-4 -0.007258772 -0.02180564 2.51197e-4 -0.007258772 -0.02180749 2.1717e-4 -0.006999969 -0.02180749 2.1717e-4 -0.006999969 -0.02180749 2.1717e-4 -0.006999969 -0.02180749 2.1717e-4 -0.006999969 -0.02181673 5.27413e-5 -0.004346609 -0.02181673 5.27413e-5 -0.004346609 -0.02181673 5.27413e-5 -0.004346609 -0.02184784 -5.03777e-4 -0.004157423 -0.02184784 -5.03777e-4 -0.004157423 -0.02184784 -5.03777e-4 -0.004157423 -0.02187728 -0.001030862 -0.00389707 -0.02187728 -0.001030862 -0.00389707 -0.02187728 -0.001030862 -0.00389707 -0.02190458 -0.001519501 -0.003570079 -0.02190458 -0.001519501 -0.003570079 -0.02190458 -0.001519501 -0.003570079 -0.02192926 -0.00196135 -0.003181934 -0.02192926 -0.00196135 -0.003181934 -0.02192926 -0.00196135 -0.003181934 -0.0219509 -0.002348899 -0.002739369 -0.0219509 -0.002348899 -0.002739369 -0.0219509 -0.002348899 -0.002739369 -0.02196919 -0.002675414 -0.002249956 -0.02196919 -0.002675414 -0.002249956 -0.02196919 -0.002675414 -0.002249956 -0.02198368 -0.002935349 -0.001722037 -0.02198368 -0.002935349 -0.001722037 -0.02198368 -0.002935349 -0.001722037 -0.02215677 -0.00603187 -9.65926e-4 -0.02215677 -0.00603187 -9.65926e-4 -0.02215677 -0.00603187 -9.65926e-4 -0.02217024 -0.006272673 -8.66025e-4 -0.02217024 -0.006272673 -8.66025e-4 -0.02217024 -0.006272673 -8.66025e-4 -0.02217024 -0.006272673 -8.66025e-4 -0.02218174 -0.006479501 -7.07107e-4 -0.02218174 -0.006479501 -7.07107e-4 -0.02218174 -0.006479501 -7.07107e-4 -0.02218174 -0.006479501 -7.07107e-4 -0.02219063 -0.006638109 -5e-4 -0.02219063 -0.006638109 -5e-4 -0.02219063 -0.006638109 -5e-4 -0.02219623 -0.006737887 -2.58819e-4 -0.02219623 -0.006737887 -2.58819e-4 -0.02219623 -0.006737887 -2.58819e-4 -0.02219814 -0.006771862 0 -0.02219814 -0.006771862 0 -0.02219814 -0.006771862 0 -0.02219814 -0.006771862 0 -0.02219623 -0.006737887 2.58818e-4 -0.02219623 -0.006737887 2.58818e-4 -0.02219623 -0.006737887 2.58818e-4 -0.02219623 -0.006737887 2.58818e-4 -0.02219063 -0.006638109 4.99999e-4 -0.02219063 -0.006638109 4.99999e-4 -0.02219063 -0.006638109 4.99999e-4 -0.02219063 -0.006638109 4.99999e-4 -0.02218174 -0.006479501 7.07106e-4 -0.02218174 -0.006479501 7.07106e-4 -0.02218174 -0.006479501 7.07106e-4 -0.02218174 -0.006479501 7.07106e-4 -0.02218174 -0.006479501 7.07106e-4 -0.02215677 -0.00603187 9.65925e-4 -0.02215677 -0.00603187 9.65925e-4 -0.02215677 -0.00603187 9.65925e-4 -0.02215677 -0.00603187 9.65925e-4 -0.02215677 -0.00603187 9.65925e-4 -0.02214229 -0.005773425 9.99999e-4 -0.02214229 -0.005773425 9.99999e-4 -0.02214229 -0.005773425 9.99999e-4 -0.02214229 -0.005773425 9.99999e-4 -0.02198368 -0.002935349 0.001722037 -0.02198368 -0.002935349 0.001722037 -0.02198368 -0.002935349 0.001722037 -0.02198368 -0.002935349 0.001722037 -0.02196919 -0.002675414 0.002249956 -0.02196919 -0.002675414 0.002249956 -0.02196919 -0.002675414 0.002249956 -0.0219509 -0.002348899 0.002739369 -0.0219509 -0.002348899 0.002739369 -0.0219509 -0.002348899 0.002739369 -0.0219509 -0.002348899 0.002739369 -0.02192926 -0.00196135 0.003181934 -0.02192926 -0.00196135 0.003181934 -0.02192926 -0.00196135 0.003181934 -0.02190458 -0.001519501 0.003570079 -0.02190458 -0.001519501 0.003570079 -0.02190458 -0.001519501 0.003570079 -0.02190458 -0.001519501 0.003570079 -0.02116382 0.01173472 -0.00771445 -0.02116382 0.01173472 -0.00771445 -0.02116382 0.01173472 -0.00771445 -0.02114301 0.01210772 -0.007296323 -0.02114301 0.01210772 -0.007296323 -0.02114301 0.01210772 -0.007296323 -0.02169591 0.002214014 -0.006999969 -0.02169591 0.002214014 -0.006999969 -0.02169591 0.002214014 -0.006999969 -0.02169591 0.002214014 -0.006999969 -0.02169591 0.002214014 -0.006999969 -0.02169591 0.002214014 -0.006999969 -0.02169781 0.002180039 -0.007258772 -0.02169781 0.002180039 -0.007258772 -0.02169781 0.002180039 -0.007258772 -0.02169781 0.002180039 -0.007258772 -0.02170342 0.002080261 -0.007499992 -0.02170342 0.002080261 -0.007499992 -0.02170342 0.002080261 -0.007499992 -0.02170342 0.002080261 -0.007499992 -0.02171224 0.001921594 -0.007707059 -0.02171224 0.001921594 -0.007707059 -0.02171224 0.001921594 -0.007707059 -0.0217238 0.001714825 -0.007865965 -0.0217238 0.001714825 -0.007865965 -0.0217238 0.001714825 -0.007865965 -0.02133321 0.008703887 -8.66025e-4 -0.02133321 0.008703887 -8.66025e-4 -0.02133321 0.008703887 -8.66025e-4 -0.02133321 0.008703887 -8.66025e-4 -0.02134668 0.008463084 -9.65926e-4 -0.02134668 0.008463084 -9.65926e-4 -0.02134668 0.008463084 -9.65926e-4 -0.02136111 0.008204698 -10e-4 -0.02136111 0.008204698 -10e-4 -0.02136111 0.008204698 -10e-4 -0.02137559 0.007946252 -9.65926e-4 -0.02137559 0.007946252 -9.65926e-4 -0.02137559 0.007946252 -9.65926e-4 -0.021389 0.00770545 -8.66025e-4 -0.021389 0.00770545 -8.66025e-4 -0.021389 0.00770545 -8.66025e-4 -0.021389 0.00770545 -8.66025e-4 -0.02140057 0.007498681 -7.07107e-4 -0.02140057 0.007498681 -7.07107e-4 -0.02140057 0.007498681 -7.07107e-4 -0.02140945 0.007340013 -5e-4 -0.02140945 0.007340013 -5e-4 -0.02140945 0.007340013 -5e-4 -0.02141499 0.007240235 -2.58819e-4 -0.02141499 0.007240235 -2.58819e-4 -0.02141499 0.007240235 -2.58819e-4 -0.0215525 0.004780113 -0.002739369 -0.0215525 0.004780113 -0.002739369 -0.0215525 0.004780113 -0.002739369 -0.0215525 0.004780113 -0.002739369 -0.0215525 0.004780113 -0.002739369 -0.02157413 0.004392623 -0.003181934 -0.02157413 0.004392623 -0.003181934 -0.02157413 0.004392623 -0.003181934 -0.02159887 0.003950774 -0.003570079 -0.02159887 0.003950774 -0.003570079 -0.02159887 0.003950774 -0.003570079 -0.02162617 0.003462076 -0.00389707 -0.02162617 0.003462076 -0.00389707 -0.02162617 0.003462076 -0.00389707 -0.02165561 0.002934932 -0.004157423 -0.02165561 0.002934932 -0.004157423 -0.02165561 0.002934932 -0.004157423 -0.02165561 0.002934932 -0.004157423 -0.02168673 0.002378463 -0.004346609 -0.02168673 0.002378463 -0.004346609 -0.02168673 0.002378463 -0.004346609 -0.02168673 0.002378463 -0.004346609 -0.02168673 0.002378463 -0.004346609 -0.02169781 0.002180039 -0.006741166 -0.02169781 0.002180039 -0.006741166 -0.02169781 0.002180039 -0.006741166 -0.02169781 0.002180039 -0.006741166 -0.02110975 0.01270252 -0.006348311 -0.02110975 0.01270252 -0.006348311 -0.02110975 0.01270252 -0.006348311 -0.02109777 0.01291674 -0.005830287 -0.02109777 0.01291674 -0.005830287 -0.02109777 0.01291674 -0.005830287 -0.02108913 0.01307171 -0.005291521 -0.02108913 0.01307171 -0.005291521 -0.02108913 0.01307171 -0.005291521 -0.02108389 0.01316553 -0.004738748 -0.02108389 0.01316553 -0.004738748 -0.02108389 0.01316553 -0.004738748 -0.0210821 0.01319688 -0.004178881 -0.0210821 0.01319688 -0.004178881 -0.0210821 0.01319688 -0.004178881 -0.0210821 0.01319688 -0.004178881 -0.0210821 0.01319688 0.004178881 -0.0210821 0.01319688 0.004178881 -0.0210821 0.01319688 0.004178881 -0.02108389 0.01316553 0.004738748 -0.02108389 0.01316553 0.004738748 -0.02108389 0.01316553 0.004738748 -0.02108389 0.01316553 0.004738748 -0.02108913 0.01307171 0.005291521 -0.02108913 0.01307171 0.005291521 -0.02108913 0.01307171 0.005291521 -0.02109777 0.01291674 0.005830287 -0.02109777 0.01291674 0.005830287 -0.02109777 0.01291674 0.005830287 -0.02110975 0.01270252 0.006348311 -0.02110975 0.01270252 0.006348311 -0.02110975 0.01270252 0.006348311 -0.02180564 2.51197e-4 -0.006741166 -0.02180564 2.51197e-4 -0.006741166 -0.02180564 2.51197e-4 -0.006741166 -0.02180564 2.51197e-4 -0.006741166 -0.02180004 3.50929e-4 -0.006499946 -0.02180004 3.50929e-4 -0.006499946 -0.02180004 3.50929e-4 -0.006499946 -0.02180004 3.50929e-4 -0.006499946 -0.02179116 5.09605e-4 -0.006292879 -0.02179116 5.09605e-4 -0.006292879 -0.02179116 5.09605e-4 -0.006292879 -0.02179116 5.09605e-4 -0.006292879 -0.02169781 0.002180039 0.006741166 -0.02169781 0.002180039 0.006741166 -0.02169781 0.002180039 0.006741166 -0.02169781 0.002180039 0.006741166 -0.02169781 0.002180039 0.006741166 -0.02168673 0.002378463 0.004346609 -0.02168673 0.002378463 0.004346609 -0.02168673 0.002378463 0.004346609 -0.02168673 0.002378463 0.004346609 -0.02168673 0.002378463 0.004346609 -0.02165561 0.002934932 0.004157423 -0.02165561 0.002934932 0.004157423 -0.02165561 0.002934932 0.004157423 -0.02162617 0.003462076 0.00389707 -0.02162617 0.003462076 0.00389707 -0.02162617 0.003462076 0.00389707 -0.02159887 0.003950774 0.003570079 -0.02159887 0.003950774 0.003570079 -0.02159887 0.003950774 0.003570079 -0.02157413 0.004392623 0.003181934 -0.02157413 0.004392623 0.003181934 -0.02157413 0.004392623 0.003181934 -0.02157413 0.004392623 0.003181934 -0.0215525 0.004780113 0.002739369 -0.0215525 0.004780113 0.002739369 -0.0215525 0.004780113 0.002739369 -0.0215525 0.004780113 0.002739369 -0.02141499 0.007240235 2.58818e-4 -0.02141499 0.007240235 2.58818e-4 -0.02141499 0.007240235 2.58818e-4 -0.02140945 0.007340013 4.99999e-4 -0.02140945 0.007340013 4.99999e-4 -0.02140945 0.007340013 4.99999e-4 -0.02140057 0.007498681 7.07106e-4 -0.02140057 0.007498681 7.07106e-4 -0.02140057 0.007498681 7.07106e-4 -0.02140057 0.007498681 7.07106e-4 -0.021389 0.00770545 8.66024e-4 -0.021389 0.00770545 8.66024e-4 -0.021389 0.00770545 8.66024e-4 -0.02137559 0.007946252 9.65925e-4 -0.02137559 0.007946252 9.65925e-4 -0.02137559 0.007946252 9.65925e-4 -0.02136111 0.008204698 9.99999e-4 -0.02136111 0.008204698 9.99999e-4 -0.02136111 0.008204698 9.99999e-4 -0.02134668 0.008463084 9.65925e-4 -0.02134668 0.008463084 9.65925e-4 -0.02134668 0.008463084 9.65925e-4 -0.02133321 0.008703887 8.66024e-4 -0.02133321 0.008703887 8.66024e-4 -0.02133321 0.008703887 8.66024e-4 -0.02133321 0.008703887 8.66024e-4 -0.02178448 6.29157e-4 0.004461467 -0.02178448 6.29157e-4 0.004461467 -0.02178448 6.29157e-4 0.004461467 -0.02177959 7.16392e-4 0.006133913 -0.02177959 7.16392e-4 0.006133913 -0.02177959 7.16392e-4 0.006133913 -0.02177959 7.16392e-4 0.006133913 -0.02179116 5.09605e-4 0.006292879 -0.02179116 5.09605e-4 0.006292879 -0.02179116 5.09605e-4 0.006292879 -0.02179116 5.09605e-4 0.006292879 -0.02180004 3.50929e-4 0.006499946 -0.02180004 3.50929e-4 0.006499946 -0.02180004 3.50929e-4 0.006499946 -0.02180004 3.50929e-4 0.006499946 -0.02180564 2.51197e-4 0.006741166 -0.02180564 2.51197e-4 0.006741166 -0.02180564 2.51197e-4 0.006741166 -0.02180564 2.51197e-4 0.006741166 -0.02180564 2.51197e-4 0.007258772 -0.02180564 2.51197e-4 0.007258772 -0.02180564 2.51197e-4 0.007258772 -0.02180564 2.51197e-4 0.007258772 -0.02180004 3.50929e-4 0.007499992 -0.02180004 3.50929e-4 0.007499992 -0.02180004 3.50929e-4 0.007499992 -0.02180004 3.50929e-4 0.007499992 -0.02179116 5.09605e-4 0.007707059 -0.02179116 5.09605e-4 0.007707059 -0.02179116 5.09605e-4 0.007707059 -0.02179116 5.09605e-4 0.007707059 -0.02177959 7.16392e-4 0.007865965 -0.02177959 7.16392e-4 0.007865965 -0.02177959 7.16392e-4 0.007865965 -0.02177959 7.16392e-4 0.007865965 -0.02176618 9.57191e-4 0.007965862 -0.02176618 9.57191e-4 0.007965862 -0.02176618 9.57191e-4 0.007965862 -0.02176618 9.57191e-4 0.007965862 -0.0217517 0.001215577 0.007999956 -0.0217517 0.001215577 0.007999956 -0.0217517 0.001215577 0.007999956 -0.0217517 0.001215577 0.007999956 -0.02173727 0.001474022 0.007965862 -0.02173727 0.001474022 0.007965862 -0.02173727 0.001474022 0.007965862 -0.02173727 0.001474022 0.007965862 -0.0217238 0.001714825 0.007865965 -0.0217238 0.001714825 0.007865965 -0.0217238 0.001714825 0.007865965 -0.02171224 0.001921594 0.007707059 -0.02171224 0.001921594 0.007707059 -0.02171224 0.001921594 0.007707059 -0.02171224 0.001921594 0.007707059 -0.02170342 0.002080261 0.007499992 -0.02170342 0.002080261 0.007499992 -0.02170342 0.002080261 0.007499992 -0.02170342 0.002080261 0.007499992 -0.02169781 0.002180039 0.007258772 -0.02169781 0.002180039 0.007258772 -0.02169781 0.002180039 0.007258772 -0.02116382 0.01173472 0.00771445 -0.02116382 0.01173472 0.00771445 -0.02116382 0.01173472 0.00771445 -0.02199423 -0.003124237 0.001164674 -0.02199423 -0.003124237 0.001164674 -0.02199423 -0.003124237 0.001164674 -0.02212786 -0.005515038 9.65925e-4 -0.02212786 -0.005515038 9.65925e-4 -0.02212786 -0.005515038 9.65925e-4 -0.02170342 0.002080261 -0.006499946 -0.02170342 0.002080261 -0.006499946 -0.02170342 0.002080261 -0.006499946 -0.02170342 0.002080261 -0.006499946 -0.02170342 0.002080261 -0.006499946 -0.02171891 0.001802027 -0.004461467 -0.02171891 0.001802027 -0.004461467 -0.02171891 0.001802027 -0.004461467 -0.02171224 0.001921594 -0.006292879 -0.02171224 0.001921594 -0.006292879 -0.02171224 0.001921594 -0.006292879 -0.02171224 0.001921594 -0.006292879 -0.0217517 0.001215577 -0.004499971 -0.0217517 0.001215577 -0.004499971 -0.0217517 0.001215577 -0.004499971 -0.02173727 0.001474022 -0.006034016 -0.02173727 0.001474022 -0.006034016 -0.02173727 0.001474022 -0.006034016 -0.0217238 0.001714825 -0.006133913 -0.0217238 0.001714825 -0.006133913 -0.0217238 0.001714825 -0.006133913 -0.0217517 0.001215577 -0.005999982 -0.0217517 0.001215577 -0.005999982 -0.0217517 0.001215577 -0.005999982 -0.02170342 0.002080261 0.006499946 -0.02170342 0.002080261 0.006499946 -0.02170342 0.002080261 0.006499946 -0.02170342 0.002080261 0.006499946 -0.02170342 0.002080261 0.006499946 -0.0217517 0.001215577 0.004499971 -0.0217517 0.001215577 0.004499971 -0.0217517 0.001215577 0.004499971 -0.02173727 0.001474022 0.006034016 -0.02173727 0.001474022 0.006034016 -0.02173727 0.001474022 0.006034016 -0.0217517 0.001215577 0.005999982 -0.0217517 0.001215577 0.005999982 -0.0217517 0.001215577 0.005999982 -0.02176618 9.57191e-4 0.006034016 -0.02176618 9.57191e-4 0.006034016 -0.02176618 9.57191e-4 0.006034016 -0.02669286 0.002408266 -0.01046001 -0.02669286 0.002408266 -0.01046001 -0.02669286 0.002408266 -0.01046001 -0.02669286 0.002408266 -0.01046001 -0.0266422 0.003315031 -0.01034045 -0.0266422 0.003315031 -0.01034045 -0.0266422 0.003315031 -0.01034045 -0.02659231 0.004207968 -0.0101422 -0.02659231 0.004207968 -0.0101422 -0.02659231 0.004207968 -0.0101422 -0.02654355 0.005080163 -0.009866714 -0.02654355 0.005080163 -0.009866714 -0.02654355 0.005080163 -0.009866714 -0.02649635 0.005925178 -0.009516179 -0.02649635 0.005925178 -0.009516179 -0.02649635 0.005925178 -0.009516179 -0.02645099 0.006736397 -0.009093225 -0.02645099 0.006736397 -0.009093225 -0.02645099 0.006736397 -0.009093225 -0.02640789 0.007507741 -0.008601069 -0.02640789 0.007507741 -0.008601069 -0.02640789 0.007507741 -0.008601069 -0.02640789 0.007507741 -0.008601069 -0.0263673 0.008233368 -0.008043408 -0.0263673 0.008233368 -0.008043408 -0.0263673 0.008233368 -0.008043408 -0.02632963 0.008907675 -0.007424592 -0.02632963 0.008907675 -0.007424592 -0.02632963 0.008907675 -0.007424592 -0.02629512 0.009525537 -0.006749212 -0.02629512 0.009525537 -0.006749212 -0.02629512 0.009525537 -0.006749212 -0.02629512 0.009525537 -0.006749212 -0.02626401 0.0100823 -0.006022512 -0.02626401 0.0100823 -0.006022512 -0.02626401 0.0100823 -0.006022512 -0.02626401 0.0100823 -0.006022512 -0.02623653 0.01057368 -0.005249977 -0.02623653 0.01057368 -0.005249977 -0.02623653 0.01057368 -0.005249977 -0.02623653 0.01057368 -0.005249977 -0.02615803 0.01197826 0 -0.02615803 0.01197826 0 -0.02615803 0.01197826 0 -0.02615803 0.01197826 0 -0.02615803 0.01197826 0 -0.02615606 0.01201367 0.00771445 -0.02615606 0.01201367 0.00771445 -0.02615606 0.01201367 0.00771445 -0.02615606 0.01201367 0.00771445 -0.02615606 0.01201367 0.00771445 -0.0261352 0.01238673 0.007296323 -0.0261352 0.01238673 0.007296323 -0.0261352 0.01238673 0.007296323 -0.02611708 0.01271069 0.006839036 -0.02611708 0.01271069 0.006839036 -0.02611708 0.01271069 0.006839036 -0.02610194 0.01298153 0.006348311 -0.02610194 0.01298153 0.006348311 -0.02610194 0.01298153 0.006348311 -0.02609002 0.01319575 0.005830287 -0.02609002 0.01319575 0.005830287 -0.02609002 0.01319575 0.005830287 -0.02608132 0.01335072 0.005291521 -0.02608132 0.01335072 0.005291521 -0.02608132 0.01335072 0.005291521 -0.02607607 0.01344448 0.004738748 -0.02607607 0.01344448 0.004738748 -0.02607607 0.01344448 0.004738748 -0.02607434 0.01347589 0.004178881 -0.02607434 0.01347589 0.004178881 -0.02607434 0.01347589 0.004178881 -0.02607434 0.01347589 0.004178881 -0.02607434 0.01347589 -0.004178881 -0.02607434 0.01347589 -0.004178881 -0.02607434 0.01347589 -0.004178881 -0.02607607 0.01344448 -0.004738748 -0.02607607 0.01344448 -0.004738748 -0.02607607 0.01344448 -0.004738748 -0.02607607 0.01344448 -0.004738748 -0.02608132 0.01335072 -0.005291521 -0.02608132 0.01335072 -0.005291521 -0.02608132 0.01335072 -0.005291521 -0.02609002 0.01319575 -0.005830287 -0.02609002 0.01319575 -0.005830287 -0.02609002 0.01319575 -0.005830287 -0.02610194 0.01298153 -0.006348311 -0.02610194 0.01298153 -0.006348311 -0.02610194 0.01298153 -0.006348311 -0.02611708 0.01271069 -0.006839036 -0.02611708 0.01271069 -0.006839036 -0.02611708 0.01271069 -0.006839036 -0.0261352 0.01238673 -0.007296323 -0.0261352 0.01238673 -0.007296323 -0.0261352 0.01238673 -0.007296323 -0.02615606 0.01201367 -0.00771445 -0.02615606 0.01201367 -0.00771445 -0.02615606 0.01201367 -0.00771445 -0.02615606 0.01201367 -0.00771445 -0.02616024 0.01193833 -9.15135e-4 -0.02616024 0.01193833 -9.15135e-4 -0.02616024 0.01193833 -9.15135e-4 -0.02616024 0.01193833 -9.15135e-4 -0.02616024 0.01193833 -9.15135e-4 -0.02621293 0.01099598 -0.004437446 -0.02621293 0.01099598 -0.004437446 -0.02621293 0.01099598 -0.004437446 -0.02619338 0.01134598 -0.003591179 -0.02619338 0.01134598 -0.003591179 -0.02619338 0.01134598 -0.003591179 -0.026178 0.01162099 -0.002717554 -0.026178 0.01162099 -0.002717554 -0.026178 0.01162099 -0.002717554 -0.02616697 0.01181894 -0.001823246 -0.02616697 0.01181894 -0.001823246 -0.02616697 0.01181894 -0.001823246 -0.0273298 -0.008989036 0 -0.0273298 -0.008989036 0 -0.0273298 -0.008989036 0 -0.02732759 -0.0089491 -9.15135e-4 -0.02732759 -0.0089491 -9.15135e-4 -0.02732759 -0.0089491 -9.15135e-4 -0.02732092 -0.008829712 -0.001823246 -0.02732092 -0.008829712 -0.001823246 -0.02732092 -0.008829712 -0.001823246 -0.02730983 -0.008631765 -0.002717554 -0.02730983 -0.008631765 -0.002717554 -0.02730983 -0.008631765 -0.002717554 -0.02729451 -0.00835675 -0.003591179 -0.02729451 -0.00835675 -0.003591179 -0.02729451 -0.00835675 -0.003591179 -0.0272749 -0.008006751 -0.004437446 -0.0272749 -0.008006751 -0.004437446 -0.0272749 -0.008006751 -0.004437446 -0.0272749 -0.008006751 -0.004437446 -0.0272513 -0.007584452 -0.005249977 -0.0272513 -0.007584452 -0.005249977 -0.0272513 -0.007584452 -0.005249977 -0.02722388 -0.007093071 -0.006022512 -0.02722388 -0.007093071 -0.006022512 -0.02722388 -0.007093071 -0.006022512 -0.02722388 -0.007093071 -0.006022512 -0.02719277 -0.006536304 -0.006749212 -0.02719277 -0.006536304 -0.006749212 -0.02719277 -0.006536304 -0.006749212 -0.0271582 -0.005918383 -0.007424592 -0.0271582 -0.005918383 -0.007424592 -0.0271582 -0.005918383 -0.007424592 -0.02712053 -0.005244135 -0.008043408 -0.02712053 -0.005244135 -0.008043408 -0.02712053 -0.005244135 -0.008043408 -0.02707999 -0.004518508 -0.008601069 -0.02707999 -0.004518508 -0.008601069 -0.02707999 -0.004518508 -0.008601069 -0.0270369 -0.003747165 -0.009093225 -0.0270369 -0.003747165 -0.009093225 -0.0270369 -0.003747165 -0.009093225 -0.02699154 -0.002935945 -0.009516179 -0.02699154 -0.002935945 -0.009516179 -0.02699154 -0.002935945 -0.009516179 -0.02694433 -0.00209099 -0.009866714 -0.02694433 -0.00209099 -0.009866714 -0.02694433 -0.00209099 -0.009866714 -0.02689558 -0.001218736 -0.0101422 -0.02689558 -0.001218736 -0.0101422 -0.02689558 -0.001218736 -0.0101422 -0.02684569 -3.2586e-4 -0.01034045 -0.02684569 -3.2586e-4 -0.01034045 -0.02684569 -3.2586e-4 -0.01034045 -0.02679497 5.80909e-4 -0.01046001 -0.02679497 5.80909e-4 -0.01046001 -0.02679497 5.80909e-4 -0.01046001 -0.02679497 5.80909e-4 -0.01046001 -0.02674394 0.001494586 -0.01049995 -0.02674394 0.001494586 -0.01049995 -0.02674394 0.001494586 -0.01049995 -0.02674394 0.001494586 -0.01049995 -0.02623653 0.01057368 0.005249977 -0.02623653 0.01057368 0.005249977 -0.02623653 0.01057368 0.005249977 -0.02623653 0.01057368 0.005249977 -0.02626401 0.0100823 0.006022512 -0.02626401 0.0100823 0.006022512 -0.02626401 0.0100823 0.006022512 -0.02626401 0.0100823 0.006022512 -0.02629512 0.009525537 0.006749212 -0.02629512 0.009525537 0.006749212 -0.02629512 0.009525537 0.006749212 -0.02629512 0.009525537 0.006749212 -0.02632963 0.008907675 0.007424592 -0.02632963 0.008907675 0.007424592 -0.02632963 0.008907675 0.007424592 -0.0263673 0.008233368 0.008043408 -0.0263673 0.008233368 0.008043408 -0.0263673 0.008233368 0.008043408 -0.0263673 0.008233368 0.008043408 -0.02640789 0.007507741 0.008601069 -0.02640789 0.007507741 0.008601069 -0.02640789 0.007507741 0.008601069 -0.02645099 0.006736397 0.009093225 -0.02645099 0.006736397 0.009093225 -0.02645099 0.006736397 0.009093225 -0.02649635 0.005925178 0.009516179 -0.02649635 0.005925178 0.009516179 -0.02649635 0.005925178 0.009516179 -0.02654355 0.005080163 0.009866714 -0.02654355 0.005080163 0.009866714 -0.02654355 0.005080163 0.009866714 -0.02659231 0.004207968 0.0101422 -0.02659231 0.004207968 0.0101422 -0.02659231 0.004207968 0.0101422 -0.0266422 0.003315031 0.01034045 -0.0266422 0.003315031 0.01034045 -0.0266422 0.003315031 0.01034045 -0.02669286 0.002408266 0.01046001 -0.02669286 0.002408266 0.01046001 -0.02669286 0.002408266 0.01046001 -0.02669286 0.002408266 0.01046001 -0.02616024 0.01193833 9.15134e-4 -0.02616024 0.01193833 9.15134e-4 -0.02616024 0.01193833 9.15134e-4 -0.02616024 0.01193833 9.15134e-4 -0.02616697 0.01181894 0.001823246 -0.02616697 0.01181894 0.001823246 -0.02616697 0.01181894 0.001823246 -0.02616697 0.01181894 0.001823246 -0.026178 0.01162099 0.002717554 -0.026178 0.01162099 0.002717554 -0.026178 0.01162099 0.002717554 -0.02619338 0.01134598 0.003591179 -0.02619338 0.01134598 0.003591179 -0.02619338 0.01134598 0.003591179 -0.02621293 0.01099598 0.004437446 -0.02621293 0.01099598 0.004437446 -0.02621293 0.01099598 0.004437446 -0.02674394 0.001494586 0.01049995 -0.02674394 0.001494586 0.01049995 -0.02674394 0.001494586 0.01049995 -0.02674394 0.001494586 0.01049995 -0.02679497 5.80909e-4 0.01046001 -0.02679497 5.80909e-4 0.01046001 -0.02679497 5.80909e-4 0.01046001 -0.02679497 5.80909e-4 0.01046001 -0.02684569 -3.2586e-4 0.01034045 -0.02684569 -3.2586e-4 0.01034045 -0.02684569 -3.2586e-4 0.01034045 -0.02689558 -0.001218736 0.0101422 -0.02689558 -0.001218736 0.0101422 -0.02689558 -0.001218736 0.0101422 -0.02694433 -0.00209099 0.009866714 -0.02694433 -0.00209099 0.009866714 -0.02694433 -0.00209099 0.009866714 -0.02699154 -0.002935945 0.009516179 -0.02699154 -0.002935945 0.009516179 -0.02699154 -0.002935945 0.009516179 -0.0270369 -0.003747165 0.009093225 -0.0270369 -0.003747165 0.009093225 -0.0270369 -0.003747165 0.009093225 -0.02707999 -0.004518508 0.008601069 -0.02707999 -0.004518508 0.008601069 -0.02707999 -0.004518508 0.008601069 -0.02712053 -0.005244135 0.008043408 -0.02712053 -0.005244135 0.008043408 -0.02712053 -0.005244135 0.008043408 -0.0271582 -0.005918383 0.007424592 -0.0271582 -0.005918383 0.007424592 -0.0271582 -0.005918383 0.007424592 -0.02719277 -0.006536304 0.006749212 -0.02719277 -0.006536304 0.006749212 -0.02719277 -0.006536304 0.006749212 -0.02719277 -0.006536304 0.006749212 -0.02722388 -0.007093071 0.006022512 -0.02722388 -0.007093071 0.006022512 -0.02722388 -0.007093071 0.006022512 -0.0272513 -0.007584452 0.005249977 -0.0272513 -0.007584452 0.005249977 -0.0272513 -0.007584452 0.005249977 -0.0272513 -0.007584452 0.005249977 -0.0272749 -0.008006751 0.004437446 -0.0272749 -0.008006751 0.004437446 -0.0272749 -0.008006751 0.004437446 -0.02729451 -0.00835675 0.003591179 -0.02729451 -0.00835675 0.003591179 -0.02729451 -0.00835675 0.003591179 -0.02730983 -0.008631765 0.002717554 -0.02730983 -0.008631765 0.002717554 -0.02730983 -0.008631765 0.002717554 -0.02732092 -0.008829712 0.001823246 -0.02732092 -0.008829712 0.001823246 -0.02732092 -0.008829712 0.001823246 -0.02732759 -0.0089491 9.15134e-4 -0.02732759 -0.0089491 9.15134e-4 -0.02732759 -0.0089491 9.15134e-4 -0.02384281 0.008602559 9.65925e-4 -0.02384281 0.008602559 9.65925e-4 -0.02384281 0.008602559 9.65925e-4 -0.02384281 0.008602559 9.65925e-4 -0.02366417 0.01179879 9.15134e-4 -0.02366417 0.01179879 9.15134e-4 -0.02366417 0.01179879 9.15134e-4 -0.02366417 0.01179879 9.15134e-4 -0.02366417 0.01179879 9.15134e-4 -0.02382934 0.008843421 8.66024e-4 -0.02382934 0.008843421 8.66024e-4 -0.02382934 0.008843421 8.66024e-4 -0.02412229 0.003601551 0.00389707 -0.02412229 0.003601551 0.00389707 -0.02412229 0.003601551 0.00389707 -0.02412229 0.003601551 0.00389707 -0.02415174 0.003074467 0.004157423 -0.02415174 0.003074467 0.004157423 -0.02415174 0.003074467 0.004157423 -0.02415174 0.003074467 0.004157423 -0.02424782 0.001355051 0.005999982 -0.02424782 0.001355051 0.005999982 -0.02424782 0.001355051 0.005999982 -0.02418285 0.002517938 0.004346609 -0.02418285 0.002517938 0.004346609 -0.02418285 0.002517938 0.004346609 -0.02421504 0.001941561 0.004461467 -0.02421504 0.001941561 0.004461467 -0.02421504 0.001941561 0.004461467 -0.02424782 0.001355051 0.004499971 -0.02424782 0.001355051 0.004499971 -0.02424782 0.001355051 0.004499971 -0.02389669 0.007638156 7.07106e-4 -0.02389669 0.007638156 7.07106e-4 -0.02389669 0.007638156 7.07106e-4 -0.02390557 0.007479488 4.99999e-4 -0.02390557 0.007479488 4.99999e-4 -0.02390557 0.007479488 4.99999e-4 -0.02399885 0.005809605 5.87367e-4 -0.02399885 0.005809605 5.87367e-4 -0.02399885 0.005809605 5.87367e-4 -0.02437335 -8.91366e-4 0.00389707 -0.02437335 -8.91366e-4 0.00389707 -0.02437335 -8.91366e-4 0.00389707 -0.02437335 -8.91366e-4 0.00389707 -0.0243439 -3.64281e-4 0.004157423 -0.0243439 -3.64281e-4 0.004157423 -0.0243439 -3.64281e-4 0.004157423 -0.02431279 1.92222e-4 0.004346609 -0.02431279 1.92222e-4 0.004346609 -0.02431279 1.92222e-4 0.004346609 -0.0242806 7.68653e-4 0.004461467 -0.0242806 7.68653e-4 0.004461467 -0.0242806 7.68653e-4 0.004461467 -0.02449893 -0.003137886 0 -0.02449893 -0.003137886 0 -0.02449893 -0.003137886 0 -0.02458262 -0.004635512 0 -0.02458262 -0.004635512 0 -0.02458262 -0.004635512 0 -0.02458262 -0.004635512 0 -0.02458453 -0.004669547 2.58818e-4 -0.02458453 -0.004669547 2.58818e-4 -0.02458453 -0.004669547 2.58818e-4 -0.02426224 0.001096665 -0.006034016 -0.02426224 0.001096665 -0.006034016 -0.02426224 0.001096665 -0.006034016 -0.02426224 0.001096665 -0.006034016 -0.02424782 0.001355051 -0.004499971 -0.02424782 0.001355051 -0.004499971 -0.02424782 0.001355051 -0.004499971 -0.02424782 0.001355051 -0.005999982 -0.02424782 0.001355051 -0.005999982 -0.02424782 0.001355051 -0.005999982 -0.02465283 -0.005892336 9.65925e-4 -0.02465283 -0.005892336 9.65925e-4 -0.02465283 -0.005892336 9.65925e-4 -0.02465283 -0.005892336 9.65925e-4 -0.0246663 -0.006133198 8.66024e-4 -0.0246663 -0.006133198 8.66024e-4 -0.0246663 -0.006133198 8.66024e-4 -0.0246663 -0.006133198 8.66024e-4 -0.0246663 -0.006133198 8.66024e-4 -0.02483147 -0.009088575 9.15134e-4 -0.02483147 -0.009088575 9.15134e-4 -0.02483147 -0.009088575 9.15134e-4 -0.02385723 0.008344173 -10e-4 -0.02385723 0.008344173 -10e-4 -0.02385723 0.008344173 -10e-4 -0.02384281 0.008602559 -9.65926e-4 -0.02384281 0.008602559 -9.65926e-4 -0.02384281 0.008602559 -9.65926e-4 -0.02367085 0.01167947 -0.001823246 -0.02367085 0.01167947 -0.001823246 -0.02367085 0.01167947 -0.001823246 -0.02367085 0.01167947 -0.001823246 -0.02383351 0.008768141 -0.007424592 -0.02383351 0.008768141 -0.007424592 -0.02383351 0.008768141 -0.007424592 -0.02387124 0.008093833 -0.008043408 -0.02387124 0.008093833 -0.008043408 -0.02387124 0.008093833 -0.008043408 -0.02387124 0.008093833 -0.008043408 -0.02387124 0.008093833 -0.008043408 -0.02387124 0.008093833 -0.008043408 -0.02400529 0.005694985 -0.001164674 -0.02400529 0.005694985 -0.001164674 -0.02400529 0.005694985 -0.001164674 -0.0243017 3.90678e-4 -0.007258772 -0.0243017 3.90678e-4 -0.007258772 -0.0243017 3.90678e-4 -0.007258772 -0.0243017 3.90678e-4 -0.007258772 -0.0243017 3.90678e-4 -0.007258772 -0.0243017 3.90678e-4 -0.007258772 -0.02440071 -0.001380026 -0.003570079 -0.02440071 -0.001380026 -0.003570079 -0.02440071 -0.001380026 -0.003570079 -0.02440071 -0.001380026 -0.003570079 -0.02440071 -0.001380026 -0.003570079 -0.02437335 -8.91366e-4 -0.00389707 -0.02437335 -8.91366e-4 -0.00389707 -0.02437335 -8.91366e-4 -0.00389707 -0.0243439 -3.64281e-4 -0.004157423 -0.0243439 -3.64281e-4 -0.004157423 -0.0243439 -3.64281e-4 -0.004157423 -0.0243439 -3.64281e-4 -0.004157423 -0.02430361 3.56681e-4 -0.006999969 -0.02430361 3.56681e-4 -0.006999969 -0.02430361 3.56681e-4 -0.006999969 -0.02430361 3.56681e-4 -0.006999969 -0.02430361 3.56681e-4 -0.006999969 -0.02429616 4.9044e-4 -0.007499992 -0.02429616 4.9044e-4 -0.007499992 -0.02429616 4.9044e-4 -0.007499992 -0.02429616 4.9044e-4 -0.007499992 -0.02429616 4.9044e-4 -0.007499992 -0.02429616 4.9044e-4 -0.007499992 -0.02429616 4.9044e-4 -0.007499992 -0.02429616 4.9044e-4 -0.007499992 -0.02446526 -0.002535879 -0.002249956 -0.02446526 -0.002535879 -0.002249956 -0.02446526 -0.002535879 -0.002249956 -0.02446526 -0.002535879 -0.002249956 -0.02444702 -0.002209365 -0.002739369 -0.02444702 -0.002209365 -0.002739369 -0.02444702 -0.002209365 -0.002739369 -0.02444702 -0.002209365 -0.002739369 -0.02442538 -0.001821875 -0.003181934 -0.02442538 -0.001821875 -0.003181934 -0.02442538 -0.001821875 -0.003181934 -0.02442538 -0.001821875 -0.003181934 -0.0246244 -0.00538361 -0.008043408 -0.0246244 -0.00538361 -0.008043408 -0.0246244 -0.00538361 -0.008043408 -0.02466213 -0.006057918 -0.007424592 -0.02466213 -0.006057918 -0.007424592 -0.02466213 -0.006057918 -0.007424592 -0.02463841 -0.00563395 -10e-4 -0.02463841 -0.00563395 -10e-4 -0.02463841 -0.00563395 -10e-4 -0.02449035 -0.002984762 -0.001164674 -0.02449035 -0.002984762 -0.001164674 -0.02449035 -0.002984762 -0.001164674 -0.0244798 -0.002795875 -0.001722037 -0.0244798 -0.002795875 -0.001722037 -0.0244798 -0.002795875 -0.001722037 -0.02428728 6.49101e-4 -0.007707059 -0.02428728 6.49101e-4 -0.007707059 -0.02428728 6.49101e-4 -0.007707059 -0.02428728 6.49101e-4 -0.007707059 -0.02427572 8.55872e-4 -0.007865965 -0.02427572 8.55872e-4 -0.007865965 -0.02427572 8.55872e-4 -0.007865965 -0.02426224 0.001096665 -0.007965922 -0.02426224 0.001096665 -0.007965922 -0.02426224 0.001096665 -0.007965922 -0.02424782 0.001355051 -0.007999956 -0.02424782 0.001355051 -0.007999956 -0.02424782 0.001355051 -0.007999956 -0.02424782 0.001355051 -0.007999956 -0.02469664 -0.006675779 -0.006749212 -0.02469664 -0.006675779 -0.006749212 -0.02469664 -0.006675779 -0.006749212 -0.02469664 -0.006675779 -0.006749212 -0.02472776 -0.007232546 -0.006022512 -0.02472776 -0.007232546 -0.006022512 -0.02472776 -0.007232546 -0.006022512 -0.02475523 -0.007723987 -0.005249977 -0.02475523 -0.007723987 -0.005249977 -0.02475523 -0.007723987 -0.005249977 -0.02475523 -0.007723987 -0.005249977 -0.02477884 -0.008146286 -0.004437446 -0.02477884 -0.008146286 -0.004437446 -0.02477884 -0.008146286 -0.004437446 -0.02479839 -0.008496284 -0.003591179 -0.02479839 -0.008496284 -0.003591179 -0.02479839 -0.008496284 -0.003591179 -0.02481377 -0.0087713 -0.002717554 -0.02481377 -0.0087713 -0.002717554 -0.02481377 -0.0087713 -0.002717554 -0.02482479 -0.008969247 -0.001823246 -0.02482479 -0.008969247 -0.001823246 -0.02482479 -0.008969247 -0.001823246 -0.02465283 -0.005892336 -9.65926e-4 -0.02465283 -0.005892336 -9.65926e-4 -0.02465283 -0.005892336 -9.65926e-4 -0.0246244 -0.00538361 0.008043408 -0.0246244 -0.00538361 0.008043408 -0.0246244 -0.00538361 0.008043408 -0.02424782 0.001355051 0.007999956 -0.02424782 0.001355051 0.007999956 -0.02424782 0.001355051 0.007999956 -0.02424782 0.001355051 0.007999956 -0.02426224 0.001096665 0.007965862 -0.02426224 0.001096665 0.007965862 -0.02426224 0.001096665 0.007965862 -0.02426224 0.001096665 0.007965862 -0.02427572 8.55872e-4 0.007865965 -0.02427572 8.55872e-4 0.007865965 -0.02427572 8.55872e-4 0.007865965 -0.02427572 8.55872e-4 0.007865965 -0.02428728 6.49101e-4 0.007707059 -0.02428728 6.49101e-4 0.007707059 -0.02428728 6.49101e-4 0.007707059 -0.02428728 6.49101e-4 0.007707059 -0.02428728 6.49101e-4 0.007707059 -0.02463841 -0.00563395 9.99999e-4 -0.02463841 -0.00563395 9.99999e-4 -0.02463841 -0.00563395 9.99999e-4 -0.02463841 -0.00563395 9.99999e-4 -0.02463841 -0.00563395 9.99999e-4 -0.02463841 -0.00563395 9.99999e-4 -0.02466213 -0.006057918 0.007424592 -0.02466213 -0.006057918 0.007424592 -0.02466213 -0.006057918 0.007424592 -0.02368187 0.01148152 -0.002717554 -0.02368187 0.01148152 -0.002717554 -0.02368187 0.01148152 -0.002717554 -0.02369725 0.0112065 -0.003591179 -0.02369725 0.0112065 -0.003591179 -0.02369725 0.0112065 -0.003591179 -0.02369725 0.0112065 -0.003591179 -0.0237168 0.0108565 -0.004437446 -0.0237168 0.0108565 -0.004437446 -0.0237168 0.0108565 -0.004437446 -0.02374041 0.01043421 -0.005249977 -0.02374041 0.01043421 -0.005249977 -0.02374041 0.01043421 -0.005249977 -0.02376788 0.00994277 -0.006022512 -0.02376788 0.00994277 -0.006022512 -0.02376788 0.00994277 -0.006022512 -0.023799 0.009386003 -0.006749212 -0.023799 0.009386003 -0.006749212 -0.023799 0.009386003 -0.006749212 -0.02424782 0.001355051 -0.01049995 -0.02424782 0.001355051 -0.01049995 -0.02424782 0.001355051 -0.01049995 -0.02424782 0.001355051 -0.01049995 -0.02424782 0.001355051 -0.01049995 -0.02424782 0.001355051 -0.01049995 -0.0242334 0.001613497 -0.007965922 -0.0242334 0.001613497 -0.007965922 -0.0242334 0.001613497 -0.007965922 -0.0242334 0.001613497 -0.007965922 -0.02421993 0.0018543 -0.007865965 -0.02421993 0.0018543 -0.007865965 -0.02421993 0.0018543 -0.007865965 -0.02421993 0.0018543 -0.007865965 -0.02420836 0.002061069 -0.007707059 -0.02420836 0.002061069 -0.007707059 -0.02420836 0.002061069 -0.007707059 -0.02420836 0.002061069 -0.007707059 -0.02419948 0.002219736 -0.007499992 -0.02419948 0.002219736 -0.007499992 -0.02419948 0.002219736 -0.007499992 -0.02419394 0.002319514 -0.007258772 -0.02419394 0.002319514 -0.007258772 -0.02419394 0.002319514 -0.007258772 -0.02419203 0.002353549 -0.006999969 -0.02419203 0.002353549 -0.006999969 -0.02419203 0.002353549 -0.006999969 -0.02418285 0.002517938 -0.004346609 -0.02418285 0.002517938 -0.004346609 -0.02418285 0.002517938 -0.004346609 -0.02418285 0.002517938 -0.004346609 -0.02418285 0.002517938 -0.004346609 -0.02415174 0.003074467 -0.004157423 -0.02415174 0.003074467 -0.004157423 -0.02415174 0.003074467 -0.004157423 -0.02412229 0.003601551 -0.00389707 -0.02412229 0.003601551 -0.00389707 -0.02412229 0.003601551 -0.00389707 -0.02409499 0.004090249 -0.003570079 -0.02409499 0.004090249 -0.003570079 -0.02409499 0.004090249 -0.003570079 -0.02407026 0.004532098 -0.003181934 -0.02407026 0.004532098 -0.003181934 -0.02407026 0.004532098 -0.003181934 -0.02407026 0.004532098 -0.003181934 -0.02404862 0.004919588 -0.002739369 -0.02404862 0.004919588 -0.002739369 -0.02404862 0.004919588 -0.002739369 -0.02403038 0.005246102 -0.002249956 -0.02403038 0.005246102 -0.002249956 -0.02403038 0.005246102 -0.002249956 -0.02401584 0.005506038 -0.001722037 -0.02401584 0.005506038 -0.001722037 -0.02401584 0.005506038 -0.001722037 -0.02419394 0.002319514 -0.006741166 -0.02419394 0.002319514 -0.006741166 -0.02419394 0.002319514 -0.006741166 -0.02419394 0.002319514 -0.006741166 -0.02419394 0.002319514 -0.006741166 -0.02419948 0.002219736 -0.006499946 -0.02419948 0.002219736 -0.006499946 -0.02419948 0.002219736 -0.006499946 -0.02419948 0.002219736 -0.006499946 -0.02419948 0.002219736 -0.006499946 -0.02420836 0.002061069 -0.006292879 -0.02420836 0.002061069 -0.006292879 -0.02420836 0.002061069 -0.006292879 -0.02387124 0.008093833 0.008043408 -0.02387124 0.008093833 0.008043408 -0.02387124 0.008093833 0.008043408 -0.02387124 0.008093833 0.008043408 -0.02387124 0.008093833 0.008043408 -0.02383351 0.008768141 0.007424592 -0.02383351 0.008768141 0.007424592 -0.02383351 0.008768141 0.007424592 -0.02385723 0.008344173 9.99999e-4 -0.02385723 0.008344173 9.99999e-4 -0.02385723 0.008344173 9.99999e-4 -0.02385723 0.008344173 9.99999e-4 -0.02385723 0.008344173 9.99999e-4 -0.02385723 0.008344173 9.99999e-4 -0.02385723 0.008344173 9.99999e-4 -0.02420836 0.002061069 0.007707059 -0.02420836 0.002061069 0.007707059 -0.02420836 0.002061069 0.007707059 -0.02420836 0.002061069 0.007707059 -0.02421993 0.0018543 0.007865965 -0.02421993 0.0018543 0.007865965 -0.02421993 0.0018543 0.007865965 -0.02421993 0.0018543 0.007865965 -0.0242334 0.001613497 0.007965862 -0.0242334 0.001613497 0.007965862 -0.0242334 0.001613497 0.007965862 -0.0242334 0.001613497 0.007965862 -0.023799 0.009386003 0.006749212 -0.023799 0.009386003 0.006749212 -0.023799 0.009386003 0.006749212 -0.02376788 0.00994277 0.006022512 -0.02376788 0.00994277 0.006022512 -0.02376788 0.00994277 0.006022512 -0.02374041 0.01043421 0.005249977 -0.02374041 0.01043421 0.005249977 -0.02374041 0.01043421 0.005249977 -0.0237168 0.0108565 0.004437446 -0.0237168 0.0108565 0.004437446 -0.0237168 0.0108565 0.004437446 -0.02369725 0.0112065 0.003591179 -0.02369725 0.0112065 0.003591179 -0.02369725 0.0112065 0.003591179 -0.02368187 0.01148152 0.002717554 -0.02368187 0.01148152 0.002717554 -0.02368187 0.01148152 0.002717554 -0.02367085 0.01167947 0.001823246 -0.02367085 0.01167947 0.001823246 -0.02367085 0.01167947 0.001823246 -0.02366191 0.01183873 0 -0.02366191 0.01183873 0 -0.02366191 0.01183873 0 -0.02366191 0.01183873 0 -0.02380144 0.00934261 0 -0.02380144 0.00934261 0 -0.02380144 0.00934261 0 -0.02380335 0.009308576 2.58818e-4 -0.02380335 0.009308576 2.58818e-4 -0.02380335 0.009308576 2.58818e-4 -0.02380889 0.009208858 4.99999e-4 -0.02380889 0.009208858 4.99999e-4 -0.02380889 0.009208858 4.99999e-4 -0.02380889 0.009208858 4.99999e-4 -0.02381777 0.00905019 7.07106e-4 -0.02381777 0.00905019 7.07106e-4 -0.02381777 0.00905019 7.07106e-4 -0.02366417 0.01179879 -9.15135e-4 -0.02366417 0.01179879 -9.15135e-4 -0.02366417 0.01179879 -9.15135e-4 -0.02382934 0.008843421 -8.66025e-4 -0.02382934 0.008843421 -8.66025e-4 -0.02382934 0.008843421 -8.66025e-4 -0.02381777 0.00905019 -7.07107e-4 -0.02381777 0.00905019 -7.07107e-4 -0.02381777 0.00905019 -7.07107e-4 -0.02381777 0.00905019 -7.07107e-4 -0.02380889 0.009208858 -5e-4 -0.02380889 0.009208858 -5e-4 -0.02380889 0.009208858 -5e-4 -0.02380335 0.009308576 -2.58819e-4 -0.02380335 0.009308576 -2.58819e-4 -0.02380335 0.009308576 -2.58819e-4 -0.02458387 -0.004658043 0.008601069 -0.02458387 -0.004658043 0.008601069 -0.02458387 -0.004658043 0.008601069 -0.02454078 -0.003886699 0.009093225 -0.02454078 -0.003886699 0.009093225 -0.02454078 -0.003886699 0.009093225 -0.02449542 -0.00307542 0.009516179 -0.02449542 -0.00307542 0.009516179 -0.02449542 -0.00307542 0.009516179 -0.02444821 -0.002230465 0.009866714 -0.02444821 -0.002230465 0.009866714 -0.02444821 -0.002230465 0.009866714 -0.02439945 -0.001358211 0.0101422 -0.02439945 -0.001358211 0.0101422 -0.02439945 -0.001358211 0.0101422 -0.02434957 -4.65356e-4 0.01034045 -0.02434957 -4.65356e-4 0.01034045 -0.02434957 -4.65356e-4 0.01034045 -0.0242989 4.41398e-4 0.01046001 -0.0242989 4.41398e-4 0.01046001 -0.0242989 4.41398e-4 0.01046001 -0.02424782 0.001355051 0.01049995 -0.02424782 0.001355051 0.01049995 -0.02424782 0.001355051 0.01049995 -0.02419674 0.002268791 0.01046001 -0.02419674 0.002268791 0.01046001 -0.02419674 0.002268791 0.01046001 -0.02414608 0.003175556 0.01034045 -0.02414608 0.003175556 0.01034045 -0.02414608 0.003175556 0.01034045 -0.02409619 0.004068434 0.0101422 -0.02409619 0.004068434 0.0101422 -0.02409619 0.004068434 0.0101422 -0.02404743 0.004940688 0.009866714 -0.02404743 0.004940688 0.009866714 -0.02404743 0.004940688 0.009866714 -0.02400022 0.005785644 0.009516179 -0.02400022 0.005785644 0.009516179 -0.02400022 0.005785644 0.009516179 -0.02395486 0.006596922 0.009093225 -0.02395486 0.006596922 0.009093225 -0.02395486 0.006596922 0.009093225 -0.02391177 0.007368266 0.008601069 -0.02391177 0.007368266 0.008601069 -0.02391177 0.007368266 0.008601069 -0.02391177 0.007368266 0.008601069 -0.02387166 0.008085787 9.65925e-4 -0.02387166 0.008085787 9.65925e-4 -0.02387166 0.008085787 9.65925e-4 -0.02400529 0.005694985 0.001164674 -0.02400529 0.005694985 0.001164674 -0.02400529 0.005694985 0.001164674 -0.02401584 0.005506038 0.001722037 -0.02401584 0.005506038 0.001722037 -0.02401584 0.005506038 0.001722037 -0.02403038 0.005246102 0.002249956 -0.02403038 0.005246102 0.002249956 -0.02403038 0.005246102 0.002249956 -0.02404862 0.004919588 0.002739369 -0.02404862 0.004919588 0.002739369 -0.02404862 0.004919588 0.002739369 -0.02404862 0.004919588 0.002739369 -0.02407026 0.004532098 0.003181934 -0.02407026 0.004532098 0.003181934 -0.02407026 0.004532098 0.003181934 -0.02409499 0.004090249 0.003570079 -0.02409499 0.004090249 0.003570079 -0.02409499 0.004090249 0.003570079 -0.02409499 0.004090249 0.003570079 -0.0242334 0.001613497 0.006034016 -0.0242334 0.001613497 0.006034016 -0.0242334 0.001613497 0.006034016 -0.02421993 0.0018543 0.006133913 -0.02421993 0.0018543 0.006133913 -0.02421993 0.0018543 0.006133913 -0.02420836 0.002061069 0.006292879 -0.02420836 0.002061069 0.006292879 -0.02420836 0.002061069 0.006292879 -0.02420836 0.002061069 0.006292879 -0.02419948 0.002219736 0.006499946 -0.02419948 0.002219736 0.006499946 -0.02419948 0.002219736 0.006499946 -0.02419394 0.002319514 0.006741166 -0.02419394 0.002319514 0.006741166 -0.02419394 0.002319514 0.006741166 -0.02419203 0.002353549 0.006999969 -0.02419203 0.002353549 0.006999969 -0.02419203 0.002353549 0.006999969 -0.02419394 0.002319514 0.007258772 -0.02419394 0.002319514 0.007258772 -0.02419394 0.002319514 0.007258772 -0.02419394 0.002319514 0.007258772 -0.02419394 0.002319514 0.007258772 -0.02419948 0.002219736 0.007499992 -0.02419948 0.002219736 0.007499992 -0.02419948 0.002219736 0.007499992 -0.02419948 0.002219736 0.007499992 -0.02419948 0.002219736 0.007499992 -0.02399885 0.005809605 -5.87368e-4 -0.02399885 0.005809605 -5.87368e-4 -0.02399885 0.005809605 -5.87368e-4 -0.02390557 0.007479488 -5e-4 -0.02390557 0.007479488 -5e-4 -0.02390557 0.007479488 -5e-4 -0.02389669 0.007638156 -7.07107e-4 -0.02389669 0.007638156 -7.07107e-4 -0.02389669 0.007638156 -7.07107e-4 -0.02389669 0.007638156 -7.07107e-4 -0.02388513 0.007844984 -8.66025e-4 -0.02388513 0.007844984 -8.66025e-4 -0.02388513 0.007844984 -8.66025e-4 -0.02387166 0.008085787 -9.65926e-4 -0.02387166 0.008085787 -9.65926e-4 -0.02387166 0.008085787 -9.65926e-4 -0.02391177 0.007368266 -0.008601069 -0.02391177 0.007368266 -0.008601069 -0.02391177 0.007368266 -0.008601069 -0.02395486 0.006596922 -0.009093225 -0.02395486 0.006596922 -0.009093225 -0.02395486 0.006596922 -0.009093225 -0.02400022 0.005785644 -0.009516179 -0.02400022 0.005785644 -0.009516179 -0.02400022 0.005785644 -0.009516179 -0.02404743 0.004940688 -0.009866714 -0.02404743 0.004940688 -0.009866714 -0.02404743 0.004940688 -0.009866714 -0.02409619 0.004068434 -0.0101422 -0.02409619 0.004068434 -0.0101422 -0.02409619 0.004068434 -0.0101422 -0.02409619 0.004068434 -0.0101422 -0.02414608 0.003175556 -0.01034045 -0.02414608 0.003175556 -0.01034045 -0.02414608 0.003175556 -0.01034045 -0.02419674 0.002268791 -0.01046001 -0.02419674 0.002268791 -0.01046001 -0.02419674 0.002268791 -0.01046001 -0.02429616 4.9044e-4 0.007499992 -0.02429616 4.9044e-4 0.007499992 -0.02429616 4.9044e-4 0.007499992 -0.02429616 4.9044e-4 0.007499992 -0.02429616 4.9044e-4 0.007499992 -0.0243017 3.90678e-4 0.007258772 -0.0243017 3.90678e-4 0.007258772 -0.0243017 3.90678e-4 0.007258772 -0.0243017 3.90678e-4 0.007258772 -0.02430361 3.56681e-4 0.006999969 -0.02430361 3.56681e-4 0.006999969 -0.02430361 3.56681e-4 0.006999969 -0.02430361 3.56681e-4 0.006999969 -0.0243017 3.90678e-4 0.006741166 -0.0243017 3.90678e-4 0.006741166 -0.0243017 3.90678e-4 0.006741166 -0.0243017 3.90678e-4 0.006741166 -0.02429616 4.9044e-4 0.006499946 -0.02429616 4.9044e-4 0.006499946 -0.02429616 4.9044e-4 0.006499946 -0.02429616 4.9044e-4 0.006499946 -0.02428728 6.49101e-4 0.006292879 -0.02428728 6.49101e-4 0.006292879 -0.02428728 6.49101e-4 0.006292879 -0.02428728 6.49101e-4 0.006292879 -0.02427572 8.55872e-4 0.006133913 -0.02427572 8.55872e-4 0.006133913 -0.02427572 8.55872e-4 0.006133913 -0.02426224 0.001096665 0.006034016 -0.02426224 0.001096665 0.006034016 -0.02426224 0.001096665 0.006034016 -0.02440071 -0.001380026 0.003570079 -0.02440071 -0.001380026 0.003570079 -0.02440071 -0.001380026 0.003570079 -0.02440071 -0.001380026 0.003570079 -0.02442538 -0.001821875 0.003181934 -0.02442538 -0.001821875 0.003181934 -0.02442538 -0.001821875 0.003181934 -0.02442538 -0.001821875 0.003181934 -0.02444702 -0.002209365 0.002739369 -0.02444702 -0.002209365 0.002739369 -0.02444702 -0.002209365 0.002739369 -0.02446526 -0.002535879 0.002249956 -0.02446526 -0.002535879 0.002249956 -0.02446526 -0.002535879 0.002249956 -0.0244798 -0.002795875 0.001722037 -0.0244798 -0.002795875 0.001722037 -0.0244798 -0.002795875 0.001722037 -0.02449035 -0.002984762 0.001164674 -0.02449035 -0.002984762 0.001164674 -0.02449035 -0.002984762 0.001164674 -0.02462399 -0.005375564 9.65925e-4 -0.02462399 -0.005375564 9.65925e-4 -0.02462399 -0.005375564 9.65925e-4 -0.02449679 -0.003099381 -5.87368e-4 -0.02449679 -0.003099381 -5.87368e-4 -0.02449679 -0.003099381 -5.87368e-4 -0.02459895 -0.004927933 -7.07107e-4 -0.02459895 -0.004927933 -7.07107e-4 -0.02459895 -0.004927933 -7.07107e-4 -0.02459895 -0.004927933 -7.07107e-4 -0.02459007 -0.004769265 -5e-4 -0.02459007 -0.004769265 -5e-4 -0.02459007 -0.004769265 -5e-4 -0.02458453 -0.004669547 -2.58819e-4 -0.02458453 -0.004669547 -2.58819e-4 -0.02458453 -0.004669547 -2.58819e-4 -0.02458453 -0.004669547 -2.58819e-4 -0.02462399 -0.005375564 -9.65926e-4 -0.02462399 -0.005375564 -9.65926e-4 -0.02462399 -0.005375564 -9.65926e-4 -0.02461051 -0.005134701 -8.66025e-4 -0.02461051 -0.005134701 -8.66025e-4 -0.02461051 -0.005134701 -8.66025e-4 -0.0242989 4.41398e-4 -0.01046001 -0.0242989 4.41398e-4 -0.01046001 -0.0242989 4.41398e-4 -0.01046001 -0.02434957 -4.65356e-4 -0.01034045 -0.02434957 -4.65356e-4 -0.01034045 -0.02434957 -4.65356e-4 -0.01034045 -0.02434957 -4.65356e-4 -0.01034045 -0.02439945 -0.001358211 -0.0101422 -0.02439945 -0.001358211 -0.0101422 -0.02439945 -0.001358211 -0.0101422 -0.02444821 -0.002230465 -0.009866714 -0.02444821 -0.002230465 -0.009866714 -0.02444821 -0.002230465 -0.009866714 -0.02444821 -0.002230465 -0.009866714 -0.02449542 -0.00307542 -0.009516179 -0.02449542 -0.00307542 -0.009516179 -0.02449542 -0.00307542 -0.009516179 -0.02449542 -0.00307542 -0.009516179 -0.02454078 -0.003886699 -0.009093225 -0.02454078 -0.003886699 -0.009093225 -0.02454078 -0.003886699 -0.009093225 -0.02458387 -0.004658043 -0.008601069 -0.02458387 -0.004658043 -0.008601069 -0.02458387 -0.004658043 -0.008601069 -0.02482479 -0.008969247 0.001823246 -0.02482479 -0.008969247 0.001823246 -0.02482479 -0.008969247 0.001823246 -0.02481377 -0.0087713 0.002717554 -0.02481377 -0.0087713 0.002717554 -0.02481377 -0.0087713 0.002717554 -0.02479839 -0.008496284 0.003591179 -0.02479839 -0.008496284 0.003591179 -0.02479839 -0.008496284 0.003591179 -0.02477884 -0.008146286 0.004437446 -0.02477884 -0.008146286 0.004437446 -0.02477884 -0.008146286 0.004437446 -0.02477884 -0.008146286 0.004437446 -0.02475523 -0.007723987 0.005249977 -0.02475523 -0.007723987 0.005249977 -0.02475523 -0.007723987 0.005249977 -0.02472776 -0.007232546 0.006022512 -0.02472776 -0.007232546 0.006022512 -0.02472776 -0.007232546 0.006022512 -0.02472776 -0.007232546 0.006022512 -0.02469664 -0.006675779 0.006749212 -0.02469664 -0.006675779 0.006749212 -0.02469664 -0.006675779 0.006749212 -0.02483373 -0.00912851 0 -0.02483373 -0.00912851 0 -0.02483373 -0.00912851 0 -0.02483373 -0.00912851 0 -0.02467787 -0.006339967 7.07106e-4 -0.02467787 -0.006339967 7.07106e-4 -0.02467787 -0.006339967 7.07106e-4 -0.02467787 -0.006339967 7.07106e-4 -0.02467787 -0.006339967 7.07106e-4 -0.02468675 -0.006498634 4.99999e-4 -0.02468675 -0.006498634 4.99999e-4 -0.02468675 -0.006498634 4.99999e-4 -0.02468675 -0.006498634 4.99999e-4 -0.02469229 -0.006598412 2.58818e-4 -0.02469229 -0.006598412 2.58818e-4 -0.02469229 -0.006598412 2.58818e-4 -0.02469229 -0.006598412 2.58818e-4 -0.0246942 -0.006632387 0 -0.0246942 -0.006632387 0 -0.0246942 -0.006632387 0 -0.02469229 -0.006598412 -2.58819e-4 -0.02469229 -0.006598412 -2.58819e-4 -0.02469229 -0.006598412 -2.58819e-4 -0.02483147 -0.009088575 -9.15135e-4 -0.02483147 -0.009088575 -9.15135e-4 -0.02483147 -0.009088575 -9.15135e-4 -0.02468675 -0.006498634 -5e-4 -0.02468675 -0.006498634 -5e-4 -0.02468675 -0.006498634 -5e-4 -0.02468675 -0.006498634 -5e-4 -0.02467787 -0.006339967 -7.07107e-4 -0.02467787 -0.006339967 -7.07107e-4 -0.02467787 -0.006339967 -7.07107e-4 -0.02467787 -0.006339967 -7.07107e-4 -0.0246663 -0.006133198 -8.66025e-4 -0.0246663 -0.006133198 -8.66025e-4 -0.0246663 -0.006133198 -8.66025e-4 -0.0243017 3.90678e-4 -0.006741166 -0.0243017 3.90678e-4 -0.006741166 -0.0243017 3.90678e-4 -0.006741166 -0.0243017 3.90678e-4 -0.006741166 -0.02431279 1.92222e-4 -0.004346609 -0.02431279 1.92222e-4 -0.004346609 -0.02431279 1.92222e-4 -0.004346609 -0.02429616 4.9044e-4 -0.006499946 -0.02429616 4.9044e-4 -0.006499946 -0.02429616 4.9044e-4 -0.006499946 -0.02429616 4.9044e-4 -0.006499946 -0.0242806 7.68653e-4 -0.004461467 -0.0242806 7.68653e-4 -0.004461467 -0.0242806 7.68653e-4 -0.004461467 -0.02428728 6.49101e-4 -0.006292879 -0.02428728 6.49101e-4 -0.006292879 -0.02428728 6.49101e-4 -0.006292879 -0.02428728 6.49101e-4 -0.006292879 -0.02427572 8.55872e-4 -0.006133913 -0.02427572 8.55872e-4 -0.006133913 -0.02427572 8.55872e-4 -0.006133913 -0.02427572 8.55872e-4 -0.006133913 -0.02421504 0.001941561 -0.004461467 -0.02421504 0.001941561 -0.004461467 -0.02421504 0.001941561 -0.004461467 -0.02421993 0.0018543 -0.006133913 -0.02421993 0.0018543 -0.006133913 -0.02421993 0.0018543 -0.006133913 -0.0242334 0.001613497 -0.006034016 -0.0242334 0.001613497 -0.006034016 -0.0242334 0.001613497 -0.006034016 -0.02388513 0.007844984 8.66024e-4 -0.02388513 0.007844984 8.66024e-4 -0.02388513 0.007844984 8.66024e-4 -0.02388513 0.007844984 8.66024e-4 -0.02399671 0.00584805 0 -0.02399671 0.00584805 0 -0.02399671 0.00584805 0 -0.02391111 0.00737977 2.58818e-4 -0.02391111 0.00737977 2.58818e-4 -0.02391111 0.00737977 2.58818e-4 -0.02391111 0.00737977 2.58818e-4 -0.02391302 0.007345736 0 -0.02391302 0.007345736 0 -0.02391302 0.007345736 0 -0.02391111 0.00737977 -2.58819e-4 -0.02391111 0.00737977 -2.58819e-4 -0.02391111 0.00737977 -2.58819e-4 -0.02461051 -0.005134701 8.66024e-4 -0.02461051 -0.005134701 8.66024e-4 -0.02461051 -0.005134701 8.66024e-4 -0.02449679 -0.003099381 5.87367e-4 -0.02449679 -0.003099381 5.87367e-4 -0.02449679 -0.003099381 5.87367e-4 -0.02459895 -0.004927933 7.07106e-4 -0.02459895 -0.004927933 7.07106e-4 -0.02459895 -0.004927933 7.07106e-4 -0.02459007 -0.004769265 4.99999e-4 -0.02459007 -0.004769265 4.99999e-4 -0.02459007 -0.004769265 4.99999e-4 -0.02459007 -0.004769265 4.99999e-4</float_array>
          <technique_common>
            <accessor source="#Leg_B_007-mesh-positions-array" count="4803" stride="3">
              <param name="X" type="float"/>
              <param name="Y" type="float"/>
              <param name="Z" type="float"/>
            </accessor>
          </technique_common>
        </source>
        <source id="Leg_B_007-mesh-normals">
          <float_array id="Leg_B_007-mesh-normals-array" count="8244">0.9984421 -0.0557993 8.98267e-7 0.9984453 -0.05574113 0 0.9984421 -0.0557993 -9.65637e-7 0.9984421 -0.05579805 0 0.9984419 -0.05580061 2.62934e-6 0.9984421 -0.05579763 -2.26898e-6 0.9984425 -0.05579048 1.3973e-5 0.9984417 -0.05580449 -1.31014e-5 0.9984421 -0.05579769 -6.65718e-6 0.998442 -0.0557993 6.44425e-6 0.998442 -0.0557993 -3.9917e-6 0.9984423 -0.05579406 -3.2531e-5 0.9984418 -0.0558052 -7.70957e-6 0.9984421 -0.055799 1.0118e-5 0.9984422 -0.05579566 -1.77905e-5 0.9984415 -0.05580854 5.54052e-6 0.9984416 -0.05580711 1.20031e-6 0.9984428 -0.0557847 -5.24941e-6 0.9984405 -0.05582851 9.2558e-6 0.9984421 -0.05579811 3.49588e-7 0.998439 -0.05585253 -6.35949e-5 0.9984422 -0.05579596 3.1053e-6 0.9984436 -0.05577218 4.39705e-5 0.9984419 -0.05580025 2.57857e-5 0.9984447 -0.05575215 0 0.9984418 -0.05580472 -2.26996e-7 0.9984421 -0.05579721 0 0.9984402 -0.05583411 -1.33778e-5 0.9984429 -0.05578327 8.11423e-6 0.9984418 -0.05580329 -3.59091e-6 0.9984411 -0.0558148 -8.80622e-6 0.9984431 -0.05577963 1.18106e-5 0.9984421 -0.05579847 2.91904e-7 0.998442 -0.05579918 1.14133e-6 0.9984387 -0.05585902 -1.5313e-5 0.9984421 -0.05579978 0 0.9984415 -0.05581068 4.7269e-6 0.9984411 -0.0558151 -8.43244e-6 0.998442 -0.05579918 4.56945e-7 0.998442 -0.05579912 -4.56945e-7 0.9984411 -0.0558151 8.43245e-6 0.998442 -0.05579948 0 0.9984425 -0.05579149 0 0.9984427 -0.05578923 1.70456e-6 0.9984413 -0.05581223 -1.05086e-5 0.9984421 -0.05579948 0 0.9984421 -0.05579715 1.59652e-5 0.9984422 -0.05579739 -5.3332e-6 0.9984421 -0.05579787 2.13707e-7 0.9984412 -0.05581492 8.80623e-6 0.9984418 -0.05580323 3.59091e-6 0.9984424 -0.0557934 -8.11423e-6 0.9984409 -0.05582106 1.33778e-5 0.9984419 -0.05580073 0 0.9984379 -0.05587416 6.72135e-6 0.9984464 -0.05572319 -1.16217e-5 0.9984406 -0.05582576 3.1452e-6 0.9984422 -0.05579638 5.69556e-7 0.9984417 -0.05580621 -9.68065e-7 0.9984421 -0.05579805 -5.33194e-7 0.9984424 -0.05579447 -6.95559e-7 0.998442 -0.0557999 0 0.9984425 -0.05578958 -5.0215e-7 0.9984421 -0.05579882 -1.05719e-6 0.998442 -0.05579918 -1.14133e-6 0.9984449 -0.0557478 4.48614e-6 0.9984419 -0.0558021 -3.78063e-7 0.9984418 -0.05580419 1.80555e-6 0.9984422 -0.05579614 3.82218e-7 0.9984418 -0.05580359 2.53299e-6 0.9984421 -0.05579811 0 0.9984437 -0.05577069 -2.05617e-5 0.9984415 -0.05580997 -1.6348e-6 0.9984424 -0.05579161 2.77554e-6 0.9984406 -0.05582404 -9.62038e-7 0.9984413 -0.05581164 2.56372e-6 0.9984428 -0.05578625 0 0.9984419 -0.0558027 3.23972e-6 0.9984428 -0.05578452 -6.85254e-6 0.9984412 -0.0558139 4.25801e-6 0.9984434 -0.05577421 -3.58473e-6 0.9984416 -0.05580818 1.017e-6 0.9984354 -0.0559175 6.25897e-6 0.9984422 -0.05579584 0 0.9984424 -0.05579465 0 0.9984394 -0.0558477 -9.25576e-6 0.9984429 -0.05578482 5.24942e-6 0.9984416 -0.05580711 -1.20031e-6 0.9984416 -0.05580747 -5.54052e-6 0.9984424 -0.05579447 1.77905e-5 0.9984417 -0.05580455 -1.01181e-5 0.9984421 -0.05579942 7.7095e-6 0.9984426 -0.05578905 3.25314e-5 0.998442 -0.05579924 3.9917e-6 0.998442 -0.0557996 -6.44428e-6 0.9984421 -0.05579823 6.65717e-6 0.9984418 -0.0558052 1.31014e-5 0.9984427 -0.05578702 -1.3973e-5 0.9984418 -0.05580246 2.26898e-6 0.998442 -0.05580049 -2.62933e-6 0.9984413 -0.05581164 0 0.9984423 -0.05579441 6.95558e-7 0.9984421 -0.05579805 5.33194e-7 0.9984423 -0.05579376 9.68067e-7 0.9984413 -0.05581086 -5.69555e-7 0.9984416 -0.05580663 -3.1452e-6 0.9984436 -0.05577051 1.16217e-5 0.9984435 -0.05577266 -6.72132e-6 0.9984419 -0.05580139 0 0.9984418 -0.05580359 -2.53299e-6 0.9984422 -0.0557962 -3.82218e-7 0.9984418 -0.05580419 -1.80555e-6 0.9984419 -0.05580204 3.78063e-7 0.9984449 -0.0557481 -4.48617e-6 0.9984385 -0.05586302 -6.25899e-6 0.9984403 -0.05582904 -1.017e-6 0.9984439 -0.05576765 3.58474e-6 0.9984405 -0.0558263 -4.258e-6 0.9984434 -0.05577349 6.85255e-6 0.9984416 -0.05580711 -3.23972e-6 0.9984422 -0.05579698 0 0.9984421 -0.0557999 -2.56372e-6 0.9984417 -0.0558049 9.62043e-7 0.9984405 -0.05582708 -2.77553e-6 0.9984445 -0.05575436 1.63481e-6 0.9984374 -0.05588334 2.05616e-5 0.9984418 -0.05580461 0 0.9984419 -0.05580282 0 0.9984427 -0.05578792 0 0.9984419 -0.05580121 0 0.9984416 -0.05580723 0 0.9984428 -0.05578643 0 0.9984411 -0.05581635 0 0.9984437 -0.05577039 0 0.9984428 -0.0557866 0 0.9984371 -0.05588787 0 0.9984414 -0.05581003 0 0.9984429 -0.05578386 0 0.998447 -0.05571138 0 0.9984416 -0.05580627 0 0.9984428 -0.05578565 0 0.9984413 -0.05581378 0 0.998442 -0.05579912 0 0.9984412 -0.05581563 0 0.998443 -0.05578064 0 0.9984446 -0.05575394 0 0.9984411 -0.05581682 0 0.9984413 -0.05581289 0 0.9984445 -0.05575627 0 0.9984425 -0.05579125 0 0.9984413 -0.05581277 0 0.9984419 -0.05580258 0 0.998439 -0.0558536 0 0.9984297 -0.0560199 0 0.03945618 0.7060072 -0.7071048 0.03945559 0.7060031 -0.7071089 0 0 -1 0.9984422 -0.05579602 0 0.9984421 -0.05580008 0 0.9984421 -0.05579853 1.26555e-6 0.9984417 -0.05580496 -2.0082e-6 0.9984427 -0.05578929 1.08701e-5 0.9984419 -0.05580031 -4.37863e-7 0.998442 -0.05580002 -4.71377e-6 0.9984424 -0.05579191 2.35587e-5 0.9984421 -0.05579841 -5.22102e-6 0.998442 -0.05580008 -2.14597e-6 0.998442 -0.05579954 0 0.998442 -0.05580008 2.14597e-6 0.9984419 -0.05580067 5.22104e-6 0.9984425 -0.05579036 -2.35587e-5 0.9984419 -0.05580317 4.71377e-6 0.9984421 -0.05579966 4.37862e-7 0.9984427 -0.05578935 -1.08702e-5 0.9984418 -0.05580377 2.0082e-6 0.998442 -0.05580097 -1.26555e-6 0.9984421 -0.05579918 0 0.998442 -0.05579906 0 0.9984423 -0.05579525 8.28608e-6 0.998442 -0.05579972 1.07581e-6 0.9984422 -0.05579769 3.36546e-6 0.9984419 -0.05580234 -1.19782e-5 0.998442 -0.05579954 -7.03948e-7 0.998442 -0.05579978 -3.95807e-6 0.9984422 -0.05579537 1.39362e-5 0.9984419 -0.05580174 -1.28073e-5 0.9984419 -0.05580091 -3.14128e-6 0.9984421 -0.05579739 4.75425e-6 0.9984416 -0.05580615 -3.96088e-5 0.9984453 -0.05574125 2.96586e-4 0.998442 -0.05579906 -1.05095e-6 0.9984412 -0.05581343 1.90165e-5 0.9984421 -0.05579853 -5.3735e-6 0.9984423 -0.05579411 -6.22508e-6 0.9984423 -0.05579549 -1.06733e-6 0.9984413 -0.05581259 1.03143e-5 0.9984422 -0.05579614 -1.69536e-6 0.9984425 -0.05579203 -3.90454e-6 0.9984422 -0.05579608 -6.26021e-6 0.9984419 -0.05580151 6.95687e-7 0.9984455 -0.05573731 -2.96578e-4 0.9984415 -0.05581021 3.96087e-5 0.9984421 -0.05579787 -4.75425e-6 0.9984419 -0.05580049 3.14128e-6 0.9984418 -0.05580312 1.28074e-5 0.9984422 -0.05579465 -1.39362e-5 0.998442 -0.05579966 3.95807e-6 0.9984421 -0.05579954 7.03948e-7 0.9984418 -0.05580282 1.19782e-5 0.9984421 -0.05579739 -3.36545e-6 0.998442 -0.05579906 -1.07581e-6 0.9984422 -0.05579721 -8.28609e-6 0.9984423 -0.05579501 6.26022e-6 0.9984425 -0.05579257 3.90454e-6 0.9984422 -0.05579495 1.69536e-6 0.9984413 -0.05581259 -1.03143e-5 0.9984423 -0.05579549 1.06733e-6 0.9984423 -0.05579566 6.22508e-6 0.9984424 -0.05579364 5.3735e-6 0.9984412 -0.0558139 -1.90165e-5 0.9984421 -0.05579912 1.05095e-6 0.03397095 0.6078594 -0.7933177 0.03396785 0.6077957 -0.7933666 0.02135264 0.3820673 -0.9238879 0.02135533 0.3821147 -0.9238681 0.007282614 0.1303108 -0.9914464 0.007283568 0.1303272 -0.9914444 0.03945583 0.7060073 0.7071048 0.03945595 0.7060031 0.7071088 0 0 1 0.007282376 0.1303091 0.9914467 0.007283449 0.1303255 0.9914446 0.02135521 0.382113 0.9238689 0.02135288 0.3820721 0.9238858 0.0339713 0.6078599 0.7933173 0.03396749 0.6077964 0.7933662 0.05579829 0.9984421 0 0.05579829 0.9984421 0 0.04426562 0.7920677 0.6088263 0.04426896 0.7921295 0.6087456 0.05155229 0.9224452 0.382671 0.05154997 0.9224131 0.3827491 0.05532222 0.9899119 0.130437 0.05532115 0.9899056 0.1304852 0.05579829 0.9984421 0 0.05532181 0.989912 -0.1304365 0.05532163 0.9899057 -0.1304848 0.05155152 0.9224451 -0.3826717 0.05155038 0.9224127 -0.3827497 0.04426765 0.7920979 -0.6087869 0.04426711 0.7920992 -0.608785 -0.9984416 0.05580699 -2.93562e-6 -0.9984421 0.05580008 0 -0.9984421 0.05580008 0 -0.9984421 0.05579847 -2.58109e-6 -0.9984421 0.05579805 7.18755e-6 -0.9984421 0.05579864 -7.22579e-6 -0.9984422 0.0557962 6.7606e-5 -0.998442 0.05579942 2.86775e-7 -0.9984406 0.05582547 1.25118e-6 -0.998442 0.05579942 -2.16873e-6 -0.9984422 0.05579727 1.42914e-6 -0.9984418 0.05580317 -1.10476e-5 -0.9984421 0.05579882 7.23966e-6 -0.9984421 0.05579876 -7.23966e-6 -0.9984418 0.05580323 1.10476e-5 -0.9984421 0.05579727 -1.42914e-6 -0.998442 0.05579942 2.16873e-6 -0.9984424 0.0557928 -5.54038e-6 -0.9984421 0.05579853 5.13283e-7 -0.9984411 0.05581498 2.93561e-6 -0.9984425 0.05579131 -6.32305e-6 -0.9984412 0.05581426 7.23159e-6 -0.9984426 0.05578941 -8.94314e-7 -0.998442 0.05580013 -1.90399e-6 -0.9984427 0.05578666 -2.62427e-6 -0.998443 0.05578321 -5.29071e-6 -0.9984421 0.05579912 0 -0.9984402 0.05583316 -1.08741e-5 -0.9984452 0.05574303 1.84231e-5 -0.9984381 0.05586981 -1.35134e-7 -0.9984467 0.05571722 -4.03795e-6 -0.9984415 0.05580925 7.69578e-6 -0.9984431 0.05577969 8.9586e-6 -0.9984293 0.05602818 2.88231e-5 -0.9984421 0.05579698 0 -0.9984415 0.05580961 1.53999e-6 -0.9984426 0.05579042 -1.2078e-5 -0.9984425 0.05579233 1.16143e-5 -0.9984423 0.05579549 -4.46712e-7 -0.9984425 0.05579203 4.60536e-7 -0.9984414 0.05581086 0 -0.9984419 0.05580222 -9.4437e-6 -0.9984422 0.0557965 8.66137e-6 -0.9984421 0.05579924 0 -0.9984421 0.05579954 3.24812e-7 -0.9984439 0.05576574 7.78278e-6 -0.9984411 0.05581778 -2.55574e-5 -0.9984415 0.05580943 1.98063e-5 -0.9984422 0.05579608 -7.6084e-7 -0.9984436 0.05577236 1.12675e-6 -0.9984409 0.05581998 -3.4246e-6 -0.9984421 0.05579954 1.64107e-6 -0.9984425 0.05579102 4.42748e-6 -0.9984418 0.05580532 -3.84816e-6 -0.9984421 0.05579763 -1.05308e-6 -0.998442 0.05580049 1.4853e-6 -0.9984421 0.0557993 -2.48683e-7 -0.998442 0.05579912 1.29599e-7 -0.998442 0.0557999 -1.77374e-5 -0.9984422 0.05579566 1.76878e-5 -0.9984418 0.05580264 -3.71055e-6 -0.9984421 0.05579924 0 -0.9984415 0.05580902 -1.69982e-5 -0.9984419 0.05580145 -1.18945e-5 -0.9984406 0.05582499 2.15034e-5 -0.9984435 0.05577439 -9.78951e-6 -0.9984404 0.05582869 1.12213e-5 -0.9984428 0.05578422 -8.34569e-6 -0.9984418 0.0558049 3.7322e-6 -0.998443 0.05578321 -3.64285e-6 -0.9984412 0.05581462 5.44587e-7 -0.9984421 0.05579781 3.52289e-6 -0.9984425 0.05579137 -6.0941e-7 -0.9984446 0.05575448 -5.04227e-7 -0.9984405 0.05582761 2.18703e-5 -0.998441 0.05581718 -1.08174e-6 -0.9984433 0.05577832 -3.36732e-6 -0.9984422 0.05579644 -3.56363e-6 -0.9984421 0.05579906 1.75841e-6 -0.9984416 0.05580729 2.0669e-6 -0.9984423 0.05579441 7.24545e-7 -0.998443 0.05578202 -6.65607e-6 -0.9984412 0.05581575 1.25914e-6 -0.9984421 0.05579972 2.05926e-7 -0.9984443 0.05575835 5.37678e-6 -0.9984408 0.0558229 -1.31579e-6 -0.998442 0.05580013 1.25256e-6 -0.9984427 0.05578637 0 -0.9984422 0.05579686 0 -0.9984412 0.05581521 1.48527e-7 -0.9984448 0.0557506 9.64686e-7 -0.9984361 0.05590498 -1.06505e-5 -0.9984416 0.05580663 1.56605e-7 -0.9984499 0.05565935 2.34276e-7 -0.9984387 0.05585849 -7.67461e-7 -0.9984429 0.05578511 4.33203e-7 -0.9984335 0.05595356 1.06425e-5 -0.9984419 0.05580067 -1.56606e-7 -0.998443 0.05578404 0 -0.9984415 0.0558077 -1.25256e-6 -0.9984423 0.05579513 1.31579e-6 -0.998438 0.05587172 -5.37674e-6 -0.998442 0.05579936 -2.05926e-7 -0.9984421 0.05579876 -1.25914e-6 -0.9984431 0.05578196 6.65607e-6 -0.9984416 0.05580711 -7.24547e-7 -0.9984419 0.05580055 -2.0669e-6 -0.998442 0.05579906 -1.75841e-6 -0.9984421 0.05579936 3.56363e-6 -0.9984429 0.05578464 3.36732e-6 -0.9984415 0.05580919 1.08174e-6 -0.9984422 0.0557959 -2.18704e-5 -0.9984382 0.0558688 5.04223e-7 -0.9984437 0.05577003 6.0941e-7 -0.9984412 0.05581396 -3.52289e-6 -0.9984413 0.0558139 -5.44589e-7 -0.9984428 0.05578607 3.64284e-6 -0.9984417 0.05580455 -3.73218e-6 -0.9984428 0.05578434 8.34571e-6 -0.9984404 0.05582886 -1.12214e-5 -0.9984434 0.05577415 9.78947e-6 -0.9984406 0.05582499 -2.15034e-5 -0.9984418 0.0558024 1.18947e-5 -0.9984428 0.05578732 1.69977e-5 -0.9984421 0.05579948 -1.35593e-7 -0.9984422 0.05579751 9.65529e-6 -0.9984421 0.05579924 0 -0.9984421 0.05579823 -3.21239e-6 -0.998442 0.05579888 0 -0.998442 0.0557993 1.40461e-6 -0.9984422 0.0557968 -9.93687e-7 -0.9984421 0.05579906 6.40731e-5 -0.9984421 0.05579841 -1.35226e-4 -0.9984421 0.05579847 -4.60435e-6 -0.9984419 0.05580246 9.31773e-6 -0.9984421 0.05579876 9.75299e-7 -0.9984421 0.05579811 2.42951e-6 -0.9984421 0.05579745 5.50949e-6 -0.9984421 0.05579924 -2.61453e-7 -0.998442 0.05580085 -5.0059e-5 -0.998442 0.05579978 0 -0.9984421 0.05579882 4.44529e-6 -0.9984421 0.05579841 0 -0.9984286 0.05603915 -9.99414e-5 -0.9984421 0.055799 3.20186e-7 -0.9984424 0.05579364 4.54669e-7 -0.9984414 0.05581027 -1.25118e-6 -0.9984415 0.05580812 -2.56982e-6 -0.9984418 0.05580252 0 -0.9984416 0.05580586 0 -0.9984413 0.055812 -1.71867e-6 -0.9984433 0.05577713 -9.20702e-7 -0.9984427 0.05578809 2.60927e-7 -0.9984411 0.055817 -3.579e-7 -0.9984433 0.05577635 -6.4076e-7 -0.9984422 0.05579602 4.9196e-7 -0.9984408 0.05582332 4.67823e-7 -0.9984426 0.05578929 6.52175e-7 -0.9984415 0.05580878 -2.35042e-7 -0.9984466 0.05571746 -9.64688e-7 -0.9984421 0.05579721 -5.73396e-7 -0.9984424 0.05579322 -3.01072e-7 -0.9984423 0.05579489 -2.86775e-7 -0.9984415 0.05580878 1.91501e-6 -0.9984429 0.0557844 0 -0.9984425 0.05579227 0 -0.9984406 0.05582511 2.30653e-6 -0.9984422 0.05579555 1.66417e-6 -0.9984435 0.05577445 -1.55368e-6 -0.9984406 0.05582368 3.57435e-7 -0.9984418 0.05580431 4.40675e-7 -0.9984435 0.05577278 -9.27167e-7 -0.998441 0.05581825 -4.67823e-7 -0.9984423 0.05579453 -4.33203e-7 -0.9984415 0.0558089 7.67463e-7 -0.9984441 0.05576276 -2.34275e-7 0.998442 -0.05580109 3.86519e-6 0.9984421 -0.0557987 -4.16782e-6 0.998442 -0.05580008 4.15289e-6 0.9984422 -0.05579733 -3.15466e-6 0.9984418 -0.05580353 9.05075e-6 0.9984418 -0.05580353 -9.05075e-6 0.9984425 -0.05578964 -1.16228e-4 0.9984433 -0.05577653 -1.71505e-6 0.9984425 -0.05579131 6.97986e-7 0.9984421 -0.05579727 4.14724e-6 0.9984427 -0.05578726 8.75462e-6 0.9984421 -0.05579888 1.40349e-5 0.9984421 -0.05579853 -3.72166e-6 0.9984421 -0.05579853 3.72166e-6 0.9984421 -0.05579882 -1.40349e-5 0.9984425 -0.05579209 -8.75462e-6 0.9984422 -0.05579483 -4.14724e-6 0.9984294 -0.05602639 2.14008e-5 0.9984501 -0.05565488 -2.95904e-5 0.9984395 -0.05584484 9.588e-6 0.9984412 -0.05581581 5.1432e-7 0.9984421 -0.05579894 1.65352e-6 0.9984419 -0.05580222 1.41404e-6 0.9984416 -0.05580717 -1.65173e-6 0.9984425 -0.05579054 1.01403e-5 0.9984421 -0.05579841 -1.18797e-6 0.9984421 -0.055799 -4.39062e-7 0.9984425 -0.05579 2.10761e-6 0.9984412 -0.05581408 -3.85054e-6 0.9984421 -0.055799 2.04486e-6 0.9984425 -0.05579119 -5.5011e-6 0.9984381 -0.05587017 -1.32663e-4 0.9984394 -0.0558477 6.45368e-6 0.9984437 -0.05576962 -1.63558e-6 0.9984412 -0.05581343 -1.94769e-6 0.9984422 -0.05579674 2.04894e-6 0.9984418 -0.05580216 2.58923e-6 0.9984421 -0.05579721 0 0.9984422 -0.05579608 -6.76907e-7 0.9984423 -0.05579376 -5.33323e-6 0.9984415 -0.05580973 6.4444e-6 0.9984424 -0.05579257 -5.60171e-6 0.9984427 -0.05578637 -2.52856e-6 0.998442 -0.0557993 0 0.9984417 -0.05580502 2.73538e-5 0.9984422 -0.05579686 -7.48376e-6 0.9984421 -0.05579805 -5.86234e-6 0.998442 -0.05579936 0 0.9984422 -0.05579668 1.56858e-5 0.9984419 -0.05580043 -6.13648e-6 0.9984421 -0.05579853 -8.96266e-6 0.9984425 -0.05579066 -3.46283e-6 0.9984412 -0.05581444 3.92002e-6 0.9984425 -0.05579203 1.32474e-5 0.9984412 -0.05581569 1.27105e-5 0.9984423 -0.05579555 -5.60639e-5 0.9984422 -0.05579745 2.14439e-7 0.9984421 -0.05579799 6.47916e-6 0.9984408 -0.05582362 1.04203e-5 0.9984454 -0.05573827 -5.27118e-5 0.9984421 -0.055799 2.4469e-7 0.9984421 -0.05579948 0 0.9984412 -0.05581498 -5.38087e-6 0.9984434 -0.05577456 4.31179e-6 0.9984426 -0.05579042 3.55265e-6 0.9984416 -0.05580747 -1.3089e-6 0.9984424 -0.05579364 -8.95977e-7 0.9984414 -0.05581021 1.44219e-7 0.9984428 -0.05578523 2.98345e-6 0.9984406 -0.05582529 -1.14525e-5 0.998443 -0.05578255 1.0227e-5 0.9984421 -0.05579799 -1.9021e-5 0.9984468 -0.05571508 1.22752e-4 0.9984424 -0.05579197 -7.05922e-7 0.9984421 -0.05579757 -1.13431e-6 0.9984432 -0.05577892 -8.89296e-7 0.9984377 -0.05587714 4.90915e-7 0.9984421 -0.05579876 -6.05666e-7 0.9984406 -0.05582404 1.0136e-6 0.998443 -0.05578386 6.55758e-6 0.998443 -0.05578285 2.5789e-6 0.9984412 -0.05581605 -1.03234e-5 0.9984431 -0.0557813 8.52713e-6 0.9984406 -0.0558238 -1.03495e-5 0.9984424 -0.05579167 -3.35326e-6 0.9984409 -0.05581849 5.26942e-6 0.9984432 -0.05577856 -5.30774e-6 0.9984445 -0.05575442 1.22671e-5 0.9984416 -0.05580657 -3.91513e-7 0.9984616 -0.05544972 -3.85766e-6 0.9984394 -0.05584615 -1.4673e-6 0.9984425 -0.05579245 -5.34699e-7 0.9984412 -0.05581563 9.07843e-7 0.9984423 -0.05579465 2.21811e-7 0.9984393 -0.05584859 -1.21883e-6 0.9984456 -0.05573463 1.78838e-6 0.9984413 -0.05581152 -1.22671e-5 0.9984436 -0.05577176 5.30776e-6 0.9984415 -0.05580919 -5.26942e-6 0.998442 -0.05579912 3.35326e-6 0.9984412 -0.05581462 1.03495e-5 0.9984431 -0.0557813 -8.52713e-6 0.9984409 -0.0558204 1.03234e-5 0.9984422 -0.05579543 -2.5789e-6 0.998443 -0.05578392 -6.55759e-6 0.9984426 -0.05579 -1.01361e-6 0.9984421 -0.05579996 6.05666e-7 0.9984364 -0.05590099 -4.90914e-7 0.9984427 -0.05578821 8.89295e-7 0.9984418 -0.05580365 1.13431e-6 0.9984424 -0.05579316 7.05923e-7 0.998442 -0.0557996 3.91514e-7 0.9984642 -0.0554012 3.87355e-6 0.998452 -0.05562281 -1.22755e-4 0.9984421 -0.05579799 1.9021e-5 0.9984418 -0.05580425 -1.02271e-5 0.9984406 -0.05582499 1.14525e-5 0.9984428 -0.05578541 -2.98346e-6 0.9984414 -0.05581015 -1.44219e-7 0.9984424 -0.05579346 8.95974e-7 0.9984417 -0.0558058 1.3089e-6 0.9984425 -0.05579155 -3.55266e-6 0.9984434 -0.0557757 -4.31179e-6 0.9984414 -0.0558117 5.38087e-6 0.9984421 -0.055799 -1.51918e-6 0.9984415 -0.05580866 7.16103e-6 0.9984421 -0.05579853 -1.25316e-7 0.998442 -0.05579918 3.30275e-6 0.9984421 -0.05579984 -4.78145e-7 0.9984422 -0.05579739 -4.56552e-5 0.9984421 -0.0557987 -1.01283e-5 0.9984417 -0.05580574 2.68884e-5 0.9984421 -0.05579847 1.00477e-5 0.9984422 -0.05579656 -2.3981e-6 0.9984412 -0.05581277 2.45025e-4 0.9984418 -0.05580461 3.69366e-5 0.9984422 -0.05579507 -1.78442e-5 0.9984422 -0.0557971 3.28923e-6 0.9984419 -0.0558027 4.00868e-6 0.998442 -0.05579924 1.10534e-5 0.998442 -0.05580031 1.40005e-7 0.998442 -0.0557996 -9.92434e-6 0.998442 -0.05579954 4.04366e-7 0.9984354 -0.05591678 -3.44469e-5 0.9984422 -0.05579507 -7.01698e-7 0.9984427 -0.05578774 -1.86001e-7 0.9984404 -0.05582934 -1.15881e-6 0.9984419 -0.0558018 4.50518e-7 0.9984418 -0.05580288 1.80834e-7 0.9984408 -0.05582267 0 0.9984436 -0.05577188 0 0.9984416 -0.05580586 0 0.9984413 -0.05581218 0 0.9984415 -0.05580818 -1.64618e-6 0.9984439 -0.05576717 4.12164e-7 0.9984421 -0.05579894 8.38751e-7 0.9984444 -0.05575805 4.30721e-7 0.9984429 -0.05578404 1.4673e-6 0.9984412 -0.05581516 1.06608e-6 0.9984398 -0.05584043 -4.97909e-6 0.9984433 -0.05577653 1.71505e-6 0.9984414 -0.05581033 1.32854e-6 0.9984421 -0.05579721 -7.37826e-7 0.9984419 -0.05580186 -4.50518e-7 0.9984419 -0.05580222 -2.82796e-7 0.9984411 -0.05581599 0 0.998443 -0.05578297 0 0.9984423 -0.05579417 0 0.9984413 -0.05581283 0 0.9984415 -0.05580878 1.22672e-6 0.9984415 -0.05580759 -4.12163e-7 0.9984441 -0.05576211 -9.94546e-7 0.9984418 -0.05580431 -5.03221e-7 0.9984403 -0.05583065 -1.78883e-6 0.9984421 -0.055799 1.21883e-6 0.9984413 -0.05581361 -2.2181e-7 0.05544763 0.992168 0.1119297 0.0526663 0.9423999 0.3303162 0.05266648 0.9424012 0.3303125 0.04724651 0.8454177 0.5320121 0.04724621 0.8454121 0.5320209 0.03945589 0.7060142 0.7070978 0.03945583 0.7060139 0.7070981 0.02968519 0.5311805 0.8467385 0.02968478 0.5312035 0.846724 0.01842844 0.329773 0.9438804 0.0184285 0.3297575 0.9438858 0.00624752 0.1117931 0.9937119 0.006247639 0.1117877 0.9937126 0.05545032 0.9921631 0.1119725 0.05545061 0.9921677 -0.1119313 0.05544734 0.9921632 -0.1119725 0.05266636 0.9424009 -0.3303133 0.05266636 0.9423998 -0.3303164 0.04724651 0.8454179 -0.5320116 0.04724627 0.8454121 -0.5320209 0.03945589 0.7060143 -0.7070976 0.03945583 0.7060147 -0.7070972 0.02968633 0.5312013 -0.8467254 0.02968364 0.5311821 -0.8467376 0.01842761 0.3297581 -0.9438856 0.01842933 0.3297721 -0.9438807 0.006247222 0.1117868 -0.9937126 0.006247878 0.1117925 -0.993712 -0.05544751 -0.9921637 -0.1119683 -0.05266642 -0.9424007 -0.330314 -0.05266654 -0.9424012 -0.3303125 -0.04724746 -0.8454334 -0.531987 -0.04724735 -0.8454342 -0.5319858 -0.03945571 -0.7060118 -0.7071001 -0.03945237 -0.7059904 -0.7071217 -0.02968382 -0.5311844 -0.8467361 -0.02968925 -0.5312253 -0.8467103 -0.01843029 -0.3297702 -0.9438814 -0.01842868 -0.3297587 -0.9438855 -0.006247222 -0.1117871 -0.9937126 -0.006247937 -0.1117917 -0.9937121 -0.05545073 -0.9921679 -0.1119297 -0.05545049 -0.9921631 0.1119727 -0.05544775 -0.9921685 0.1119255 -0.05266654 -0.9424012 0.3303124 -0.05266636 -0.9424001 0.3303157 -0.0472474 -0.8454331 0.5319874 -0.04724746 -0.8454357 0.5319831 -0.03945446 -0.7059901 0.7071219 -0.03945356 -0.7060121 0.7071 -0.02968591 -0.5312227 0.846712 -0.0296871 -0.5311859 0.8467351 -0.01842951 -0.3297556 0.9438865 -0.01842951 -0.329774 0.9438801 -0.00624752 -0.1117928 0.993712 -0.006247639 -0.1117876 0.9937126 0.006247341 0.1117885 -0.9937125 0.01842927 0.3297706 -0.9438813 0.01842933 0.3297708 -0.9438812 0.02968651 0.531201 -0.8467257 0.02968633 0.5312027 -0.8467245 0.03945463 0.7059907 -0.7071214 0.03945457 0.7059893 -0.7071228 0.04724615 0.8454128 -0.5320198 0.04724651 0.8454133 -0.5320188 0.05266743 0.9424161 -0.3302695 0.05266731 0.9424148 -0.3302736 0.05544734 0.9921582 -0.1120161 0.05545037 0.992163 -0.1119728 0.006247282 0.1117884 -0.9937124 -0.006247878 -0.1117932 -0.9937119 -0.00624746 -0.1117935 -0.9937118 -0.01842862 -0.3297573 -0.9438859 -0.01842856 -0.3297567 -0.9438861 -0.02968782 -0.5312216 -0.8467127 -0.0296874 -0.5312222 -0.8467123 -0.03945463 -0.7059905 -0.7071216 -0.0394544 -0.7059895 -0.7071225 -0.04724502 -0.8453937 -0.5320502 -0.04724895 -0.8454137 -0.5320181 -0.05267071 -0.9424291 -0.3302322 -0.05266755 -0.9424151 -0.3302724 -0.05544716 -0.9921582 -0.1120164 -0.05545032 -0.9921631 -0.1119718 -0.00624758 -0.1117946 0.9937118 -0.01842886 -0.3297581 0.9438856 -0.01842862 -0.3297582 0.9438856 -0.0296877 -0.531221 0.846713 -0.02968716 -0.5312209 0.8467132 -0.03945457 -0.7059891 0.7071228 -0.03945434 -0.7059895 0.7071225 -0.04724639 -0.8454138 0.5320183 -0.04724776 -0.8453928 0.5320515 -0.0526703 -0.9424151 0.3302724 -0.05266773 -0.9424293 0.3302322 -0.05544763 -0.9921633 0.1119719 -0.05545037 -0.992158 0.1120166 -0.00624758 -0.1117948 0.9937118 0.006247282 0.1117897 0.9937123 0.006247341 0.11179 0.9937123 0.01842939 0.329772 0.9438808 0.01842933 0.3297717 0.9438808 0.02968657 0.5312018 0.8467251 0.02968603 0.5311997 0.8467264 0.03945434 0.7059891 0.707123 0.03945463 0.7059893 0.7071228 0.04724651 0.8454135 0.5320188 0.04724615 0.8454118 0.5320214 0.05266761 0.9424155 0.3302714 0.05266737 0.9424154 0.3302716 0.05544739 0.9921631 0.1119731 0.05545037 0.9921581 0.1120158 0.05544751 0.9921633 0.1119728 0.05266648 0.9424005 0.3303143 0.05266648 0.9424019 0.3303106 0.04724729 0.8454329 0.5319877 0.0472474 0.8454348 0.5319847 0.03945446 0.7059901 0.7071218 0.03945451 0.7059904 0.7071217 0.02968639 0.5312024 0.8467247 0.02968639 0.5312016 0.8467253 0.01842939 0.3297718 0.9438808 0.01842939 0.3297726 0.9438806 0.006247222 0.111788 0.9937126 0.006247341 0.111783 0.9937131 0.05544745 0.9921633 0.1119726 0.05544751 0.9921631 -0.1119732 0.05544739 0.9921633 -0.1119726 0.05266654 0.9424017 -0.3303109 0.05266636 0.9424005 -0.3303145 0.04724729 0.8454334 -0.5319868 0.0472474 0.8454338 -0.5319862 0.03945451 0.7059903 -0.7071217 0.03945451 0.7059906 -0.7071214 0.02968645 0.5312027 -0.8467246 0.02968633 0.5312016 -0.8467253 0.01842939 0.3297724 -0.9438806 0.01842939 0.3297715 -0.9438809 0.006246924 0.1117819 -0.9937132 0.006247639 0.1117876 -0.9937126 -0.05544412 -0.9921585 -0.1120154 -0.05266433 -0.9424151 -0.3302733 -0.05266803 -0.942428 -0.3302357 -0.04724633 -0.8454134 -0.532019 -0.0472427 -0.8453949 -0.5320484 -0.03945237 -0.7059897 -0.7071223 -0.03945261 -0.7059926 -0.7071195 -0.02968591 -0.5312215 -0.8467128 -0.02968603 -0.5312231 -0.8467118 -0.01842689 -0.3297432 -0.9438908 -0.01842856 -0.3297573 -0.9438859 -0.00624746 -0.1117917 -0.9937121 -0.006248176 -0.1117974 -0.9937115 -0.05545073 -0.9921678 -0.1119298 -0.0554502 -0.9921576 0.1120208 -0.05544465 -0.9921687 0.1119256 -0.05266505 -0.9424283 0.3302353 -0.05266726 -0.9424145 0.3302742 -0.0472452 -0.8453947 0.5320486 -0.04724383 -0.8454142 0.5320179 -0.03945243 -0.7059906 0.7071215 -0.03945255 -0.7059921 0.7071201 -0.02968591 -0.5312216 0.8467127 -0.02968609 -0.5312227 0.8467121 -0.01842761 -0.3297566 0.9438862 -0.01842784 -0.3297445 0.9438904 -0.006247878 -0.1117981 0.9937114 -0.006247937 -0.1117925 0.993712 0.006247043 0.11179 -0.9937123 0.01842963 0.3297718 -0.9438809 0.0184291 0.3297719 -0.9438807 0.02968627 0.5312002 -0.8467262 0.02968633 0.5312016 -0.8467252 0.03945487 0.7059912 -0.7071208 0.03945422 0.7059901 -0.7071219 0.04724627 0.8454118 -0.5320212 0.04724651 0.8454127 -0.5320199 0.05266743 0.942416 -0.3302698 0.05266737 0.9424147 -0.3302739 0.05544734 0.9921582 -0.112016 0.05545037 0.9921631 -0.1119725 0.00624758 0.1117897 -0.9937123 -0.00624758 -0.1117947 -0.9937118 -0.006247878 -0.1117947 -0.9937117 -0.01842892 -0.3297582 -0.9438855 -0.01842826 -0.329758 -0.9438857 -0.02968746 -0.5312209 -0.8467132 -0.02968746 -0.531221 -0.846713 -0.03945481 -0.7059913 -0.7071207 -0.03945446 -0.7059904 -0.7071216 -0.04724478 -0.8453929 -0.5320517 -0.04724895 -0.845413 -0.5320191 -0.05267113 -0.9424288 -0.3302329 -0.05266678 -0.9424151 -0.3302727 -0.05544757 -0.9921582 -0.1120162 -0.05545037 -0.9921632 -0.1119717 -0.006247758 -0.1117932 0.993712 -0.01842862 -0.3297581 0.9438856 -0.02968758 -0.5312222 0.8467123 -0.02968758 -0.5312216 0.8467127 -0.03945457 -0.7059897 0.7071223 -0.03945446 -0.7059904 0.7071216 -0.04724627 -0.8454138 0.5320183 -0.05267012 -0.942415 0.3302724 -0.05266797 -0.9424293 0.3302322 -0.05544739 -0.9921633 0.1119719 -0.05545008 -0.9921581 0.1120166 -0.00624746 -0.1117935 0.9937119 0.006247162 0.1117882 0.9937125 0.00624746 0.1117886 0.9937124 0.01842945 0.3297717 0.9438808 0.02968645 0.5312026 0.8467246 0.02968627 0.5312009 0.8467257 0.03945475 0.7059896 0.7071224 0.0394544 0.7059901 0.7071219 0.04724639 0.8454135 0.5320188 0.04724627 0.8454118 0.5320214 0.05266749 0.9424155 0.3302714 0.0526672 0.9424154 0.3302716 0.0554502 0.9921581 0.1120158 -0.998441 0.05581861 1.10634e-4 -0.9984425 0.0557903 -2.42862e-5 -0.998442 0.05579966 -6.71278e-6 -0.9984419 0.05580127 1.67547e-5 -0.9984419 0.0558024 -8.33044e-6 -0.998442 0.05580055 1.62676e-5 -0.9984421 0.05579793 -4.12436e-6 -0.9984421 0.05579829 -2.57914e-6 -0.9984419 0.05580192 5.29581e-6 -0.9984424 0.05579441 -1.5929e-5 -0.9984421 0.05579906 1.2908e-6 -0.9984419 0.05580216 4.68602e-6 -0.9984421 0.05580002 -8.75092e-7 -0.9984421 0.05579966 4.21961e-6 -0.9984418 0.05580335 7.94494e-6 -0.9984422 0.05579704 -8.3831e-6 -0.998442 0.0557993 0 -0.9984421 0.05579912 5.28526e-6 -0.998442 0.0557993 -5.30703e-6 -0.9984421 0.05579745 2.74251e-6 -0.9984422 0.05579543 1.11436e-6 -0.9984419 0.0558018 -1.22678e-6 -0.9984416 0.05580568 -2.94692e-6 -0.9984422 0.05579566 4.38348e-6 -0.9984424 0.05579316 2.32092e-6 -0.9984421 0.05579793 2.29607e-6 -0.9984419 0.05580288 -7.18668e-6 -0.9984419 0.05580139 1.58108e-7 -0.9984419 0.05580115 -4.51785e-6 -0.9984424 0.05579239 1.78726e-5 -0.998442 0.05579936 -1.02607e-6 -0.998442 0.05580067 -1.98703e-7 -0.9984426 0.05578851 2.49986e-6 -0.9984412 0.05581468 -1.35156e-5 -0.9984434 0.05577653 2.8721e-5 -0.9984426 0.05578893 9.76617e-6 -0.9984421 0.055799 0 -0.9984429 0.05578279 -9.76617e-6 -0.9984433 0.05577647 -2.8721e-5 -0.9984412 0.05581474 1.35156e-5 -0.9984427 0.05578851 -2.49986e-6 -0.998442 0.05580067 1.98703e-7 -0.9984421 0.05579835 8.38311e-6 -0.9984418 0.05580353 -7.94493e-6 -0.998442 0.05580043 -4.21962e-6 -0.998442 0.0557993 8.75089e-7 -0.9984419 0.05580216 -4.68602e-6 -0.998442 0.05579936 -1.2908e-6 -0.9984424 0.0557937 1.5929e-5 -0.998442 0.05580115 -5.29579e-6 -0.9984421 0.05579829 2.57914e-6 -0.9984421 0.05579793 4.12436e-6 -0.9984418 0.05580282 -1.62677e-5 -0.9984421 0.05579882 8.33037e-6 -0.9984418 0.0558027 -1.67548e-5 -0.9984419 0.05580276 6.71273e-6 -0.9984425 0.0557903 2.42862e-5 -0.9984409 0.0558198 -1.10636e-4 -0.998442 0.05579936 1.02607e-6 -0.9984428 0.05578666 -1.78726e-5 -0.9984417 0.05580621 4.51784e-6 -0.9984421 0.05579811 -1.58108e-7 -0.9984419 0.05580294 7.18669e-6 -0.9984421 0.05579793 -2.29607e-6 -0.9984424 0.05579441 -2.32092e-6 -0.9984422 0.05579739 -4.38348e-6 -0.9984417 0.05580532 2.94692e-6 -0.9984421 0.05579847 1.22678e-6 -0.998442 0.05580043 -1.11436e-6 -0.9984425 0.05579125 -2.74251e-6 -0.9984416 0.05580717 5.30702e-6 -0.9984426 0.05578923 -5.28527e-6 -0.05579972 -0.998442 0 -0.0557996 -0.9984421 2.54439e-6 -0.05580043 -0.998442 0 -0.05580043 -0.9984419 0 -0.05579972 -0.9984421 -2.16463e-6 -0.0557996 -0.998442 0 -0.0394563 -0.7060045 -0.7071074 -0.03945571 -0.7060049 -0.7071071 -0.0555312 -0.993633 -0.09802979 -0.05553042 -0.9936356 -0.09800368 -0.05339634 -0.9554463 -0.2902952 -0.0533967 -0.9554567 -0.2902611 -0.04921007 -0.8805465 -0.4713982 -0.04920822 -0.8805094 -0.4714679 -0.04313546 -0.7718386 -0.6343536 -0.04313319 -0.7717998 -0.634401 -0.03945648 -0.7060074 0.7071045 -0.03945553 -0.7060022 0.7071098 -0.05553138 -0.9936364 0.09799468 -0.0555303 -0.9936324 0.09803634 -0.05339664 -0.9554561 0.2902628 -0.05339634 -0.9554483 0.2902885 -0.04920923 -0.8805317 0.4714258 -0.04920899 -0.8805171 0.4714531 -0.04313522 -0.7718386 0.6343536 -0.04313385 -0.771811 0.6343874 0.00624752 0.1117919 -0.993712 0.01842743 0.3297414 -0.9438915 0.01843029 0.3297668 -0.9438825 0.02969121 0.5312582 -0.8466897 0.02968597 0.5312028 -0.8467245 0.03945523 0.7060129 -0.7070991 0.03945225 0.7059876 -0.7071245 0.0472418 0.8453757 -0.5320792 0.04725021 0.8454359 -0.5319827 0.05267137 0.9424341 -0.3302178 0.05266523 0.9423947 -0.3303309 0.05544638 0.9921629 -0.1119766 0.05544453 0.992159 -0.1120114 0.006247401 0.111792 -0.993712 -0.006246924 -0.1117819 -0.9937132 -0.006247162 -0.1117847 -0.9937129 -0.01842898 -0.329759 -0.9438853 -0.01842868 -0.3297535 -0.9438872 -0.02968806 -0.5312231 -0.8467118 -0.02969068 -0.531251 -0.8466941 -0.03945648 -0.7059893 -0.7071226 -0.03945636 -0.7059881 -0.7071238 -0.04724878 -0.8454161 -0.5320144 -0.04724544 -0.8453872 -0.5320606 -0.05266803 -0.942414 -0.3302755 -0.05266892 -0.9424217 -0.3302536 -0.05544888 -0.9921646 -0.1119595 -0.05544817 -0.9921612 -0.1119899 -0.006247103 -0.1117843 0.9937129 -0.0184291 -0.3297616 0.9438844 -0.01842886 -0.3297541 0.943887 -0.02968895 -0.5312415 0.8467001 -0.02968955 -0.5312296 0.8467076 -0.03945648 -0.7059922 0.7071197 -0.03945636 -0.7059881 0.7071239 -0.04724758 -0.8453949 0.5320482 -0.04724657 -0.8454062 0.5320301 -0.05266809 -0.942415 0.3302729 -0.05266892 -0.9424217 0.3302536 -0.05544871 -0.992161 0.1119918 -0.05544829 -0.9921635 0.1119685 -0.006247282 -0.1117868 0.9937127 0.00624752 0.1117942 0.9937118 0.00624752 0.111794 0.9937118 0.01842874 0.3297678 0.9438822 0.01842874 0.3297405 0.9438918 0.02968841 0.5312074 0.8467216 0.02968877 0.5312495 0.8466952 0.03945332 0.7059834 0.7071287 0.0394535 0.7060095 0.7071027 0.04724526 0.8454384 0.5319791 0.04724699 0.8453772 0.5320764 0.05266952 0.9424005 0.3303142 0.05266714 0.9424285 0.3302345 0.0554462 0.9921581 0.1120188 0.05544459 0.9921638 0.1119686 0.00624752 0.1117939 -0.9937118 0.01842767 0.3297408 -0.9438917 0.01842993 0.3297662 -0.9438828 0.02969121 0.5312561 -0.8466908 0.02968585 0.5312008 -0.8467257 0.03945499 0.7060129 -0.7070991 0.03945231 0.7059876 -0.7071245 0.05267143 0.9424341 -0.3302178 0.05544644 0.9921628 -0.1119764 0.05544441 0.992159 -0.1120112 0.00624752 0.1117941 -0.9937118 -0.006246924 -0.111784 -0.9937129 -0.006247401 -0.1117867 -0.9937127 -0.01842916 -0.3297584 -0.9438855 -0.0184285 -0.3297528 -0.9438875 -0.02968782 -0.5312211 -0.846713 -0.02969062 -0.5312491 -0.8466953 -0.03945642 -0.7059893 -0.7071226 -0.03945618 -0.7059881 -0.7071238 -0.04724562 -0.8453872 -0.5320606 -0.05266815 -0.942414 -0.3302755 -0.05544883 -0.9921646 -0.1119594 -0.05544823 -0.9921612 -0.1119897 -0.006247103 -0.1117837 0.993713 -0.0184291 -0.329761 0.9438846 -0.01842868 -0.3297534 0.9438872 -0.02968919 -0.5312429 0.8466992 -0.02968955 -0.5312311 0.8467066 -0.0394566 -0.7059913 0.7071206 -0.03945624 -0.7059873 0.7071245 -0.04724746 -0.8453949 0.5320482 -0.04724669 -0.8454062 0.5320301 -0.05266815 -0.942415 0.3302729 -0.05544871 -0.992161 0.1119918 -0.006247162 -0.1117861 0.9937127 0.00624758 0.1117935 0.9937119 0.006247401 0.1117933 0.993712 0.01842886 0.3297672 0.9438824 0.01842868 0.3297398 0.9438921 0.02968847 0.5312089 0.8467206 0.02968865 0.531251 0.8466942 0.03945344 0.7059826 0.7071294 0.03945356 0.7060087 0.7071033 0.04724705 0.8453772 0.5320764 0.05266934 0.9424004 0.3303142 0.05544626 0.9921581 0.1120188 -0.006247699 -0.1117915 0.9937121 -0.01842945 -0.3297591 0.9438853 -0.01842957 -0.3297676 0.9438823 -0.02968871 -0.5312373 0.8467027 -0.02968853 -0.5312296 0.8467076 -0.03945523 -0.7059929 0.7071191 -0.0394532 -0.7059553 0.7071567 -0.04724705 -0.8454134 0.5320189 -0.04724603 -0.8453966 0.5320454 -0.05266857 -0.9424248 0.3302449 -0.0526691 -0.9424487 0.3301764 -0.05544739 -0.9921605 0.1119968 -0.0554493 -0.9921515 0.1120755 -0.006247222 -0.1117771 0.9937137 0.006247818 0.111788 0.9937125 0.006246984 0.1117819 0.9937132 0.01843106 0.3297944 0.9438729 0.01842916 0.3297538 0.9438871 0.02968853 0.5312241 0.846711 0.02968841 0.5312103 0.8467197 0.03945565 0.7059781 0.7071338 0.03945684 0.7060199 0.707092 0.04724609 0.8453976 0.5320439 0.04724246 0.8453578 0.5321074 0.05266833 0.9424538 0.3301619 0.05266672 0.9424218 0.3302537 0.05544692 0.9921706 0.1119074 0.05545073 0.9921562 0.1120326 0.006246447 0.1117703 -0.9937145 0.01843005 0.3297814 -0.9438775 0.01842987 0.3297668 -0.9438825 0.02968871 0.531225 -0.8467105 0.02968847 0.5312124 -0.8467184 0.03945785 0.7060121 -0.7070997 0.03945434 0.7059767 -0.7071354 0.0472486 0.8454398 -0.5319767 0.04724007 0.8453193 -0.5321689 0.05266839 0.9424543 -0.3301606 0.0526669 0.9424218 -0.3302536 0.05544596 0.9921557 -0.1120394 0.05545139 0.9921706 -0.1119043 0.006248235 0.1117943 -0.9937118 -0.00624758 -0.1117824 -0.9937131 -0.006247162 -0.1117798 -0.9937134 -0.01843076 -0.3297804 -0.9438778 -0.0184279 -0.3297401 -0.9438919 -0.02968794 -0.531221 -0.846713 -0.02968972 -0.5312513 -0.8466939 -0.03945374 -0.705963 -0.707149 -0.03945553 -0.7059986 -0.7071133 -0.04724693 -0.8454099 -0.5320244 -0.04724597 -0.8453971 -0.5320448 -0.05266958 -0.9424424 -0.3301944 -0.05266773 -0.9424217 -0.3302536 -0.05544722 -0.9921605 -0.111997 -0.05544966 -0.9921515 -0.1120755 -0.006247699 -0.1117908 0.9937121 -0.01842963 -0.3297585 0.9438854 -0.01842939 -0.3297669 0.9438825 -0.02968895 -0.5312387 0.8467019 -0.02968853 -0.5312313 0.8467066 -0.03945529 -0.7059922 0.7071197 -0.03945314 -0.7059546 0.7071574 -0.05266863 -0.9424248 0.3302449 -0.05544739 -0.9921605 0.1119968 -0.05544948 -0.9921515 0.1120755 -0.006247222 -0.1117764 0.9937137 0.006247758 0.1117873 0.9937126 0.006246984 0.1117812 0.9937133 0.018431 0.3297937 0.9438731 0.01842892 0.3297532 0.9438874 0.02968883 0.5312256 0.8467101 0.02968847 0.5312118 0.8467189 0.03945577 0.7059774 0.7071346 0.03945678 0.7060192 0.7070927 0.04724228 0.8453578 0.5321074 0.05266845 0.9424538 0.3301619 0.05544686 0.9921706 0.1119074 0.006246805 0.1117723 -0.9937143 0.01843041 0.3297808 -0.9438776 0.01842945 0.3297662 -0.9438828 0.02968853 0.5312231 -0.8467117 0.02968841 0.5312104 -0.8467196 0.03945749 0.7060121 -0.7070997 0.03945446 0.7059766 -0.7071353 0.0472486 0.8454398 -0.5319767 0.05266863 0.9424543 -0.3301606 0.05266672 0.9424218 -0.3302536 0.0554459 0.9921557 -0.1120393 0.05545163 0.9921708 -0.1119042 0.006248116 0.1117964 -0.9937115 -0.00624746 -0.1117845 -0.9937129 -0.006247341 -0.1117818 -0.9937132 -0.01843106 -0.3297798 -0.943878 -0.01842772 -0.3297395 -0.9438922 -0.0296877 -0.531219 -0.8467143 -0.02968961 -0.5312493 -0.8466951 -0.03945356 -0.705963 -0.707149 -0.03945565 -0.7059986 -0.7071133 -0.04724687 -0.8454099 -0.5320244 -0.04724615 -0.8453971 -0.5320448 -0.05266964 -0.9424424 -0.3301944 -0.05266755 -0.9424217 -0.3302536 -0.05544728 -0.9921605 -0.1119968 -0.0554496 -0.9921515 -0.1120753 0.9984421 -0.05579853 2.71702e-5 0.9984418 -0.05580294 2.45612e-5 0.998442 -0.05580049 7.87276e-6 0.998442 -0.05580055 -7.81972e-6 0.9984419 -0.05580192 -1.39445e-5 0.9984419 -0.05580109 -2.86611e-5 0.9984422 -0.05579626 1.653e-5 0.9984422 -0.05579668 2.4541e-5 0.998442 -0.0557999 -1.4789e-7 0.9984421 -0.055799 -1.2736e-5 0.998442 -0.05579924 -9.13379e-6 0.9984421 -0.05579942 -7.45309e-6 0.998442 -0.05579912 2.10037e-6 0.9984421 -0.05579859 7.26615e-6 0.9984421 -0.05579978 -2.15441e-6 0.998442 -0.05579942 1.17698e-5 0.9984421 -0.05579882 9.88363e-6 0.998442 -0.0557993 -2.48455e-5 0.9984422 -0.05579686 4.26061e-6 0.9984422 -0.05579596 2.44887e-5 0.9984419 -0.05580139 -2.27755e-5 0.9984419 -0.05580139 8.16267e-6 0.9984419 -0.05580073 1.61282e-5 0.9984419 -0.05580204 -1.88946e-5 0.998442 -0.05579984 -3.07015e-6 0.9984422 -0.05579704 -2.71695e-5 0.9984422 -0.05579602 2.7169e-5 0.998442 -0.05579954 2.4561e-5 0.998442 -0.05580067 7.87278e-6 0.9984419 -0.05580121 -7.81982e-6 0.998442 -0.05580115 -1.39445e-5 0.9984419 -0.05580133 -2.86612e-5 0.9984422 -0.05579626 1.653e-5 0.9984422 -0.0557965 2.45409e-5 0.998442 -0.05580002 -1.4789e-7 0.9984421 -0.05579853 -1.27359e-5 0.998442 -0.0557996 -9.13385e-6 0.9984421 -0.05579888 2.10037e-6 0.9984421 -0.0557987 7.26617e-6 0.998442 -0.05579984 -2.15441e-6 0.9984421 -0.05579918 1.17697e-5 0.9984421 -0.05579894 9.88364e-6 0.998442 -0.05579948 -2.48455e-5 0.9984422 -0.05579674 4.2606e-6 0.9984422 -0.05579632 2.44889e-5 0.998442 -0.05580115 -2.27754e-5 0.9984419 -0.05580222 8.16269e-6 0.998442 -0.05580049 1.61282e-5 0.9984419 -0.05580222 -1.88947e-5 0.998442 -0.05579954 -3.07013e-6 0.9984422 -0.05579751 -2.71697e-5 0.998442 -0.05580002 9.05625e-5 0.998442 -0.05579936 -3.68404e-5 0.9984422 -0.0557962 7.87271e-6 0.9984422 -0.05579644 7.8197e-6 0.9984421 -0.05579853 -2.31275e-5 0.9984421 -0.05579906 4.09444e-6 0.9984421 -0.05579811 1.06119e-5 0.9984421 -0.05579817 8.18035e-6 0.9984419 -0.05580061 -1.36056e-5 0.998442 -0.05580043 -4.24524e-6 0.9984421 -0.05579882 4.53625e-6 0.998442 -0.055799 0 0.9984419 -0.05580157 -2.10038e-5 0.9984419 -0.05580127 3.6331e-6 0.9984421 -0.05579936 1.78175e-5 0.9984421 -0.05579882 3.92324e-6 0.9984419 -0.05580061 -4.90857e-6 0.998442 -0.05580002 -4.73238e-6 0.9984421 -0.05579829 1.29523e-5 0.9984421 -0.05579775 -3.26518e-6 0.998442 -0.05579936 -1.3307e-5 0.9984421 -0.05579936 0 0.9984423 -0.05579584 2.54142e-5 0.9984422 -0.05579543 1.88945e-5 0.998442 -0.05580055 -9.21004e-6 0.9984419 -0.05580282 -9.05633e-5 0.9984419 -0.0558018 9.05616e-5 0.9984421 -0.05579829 -3.68397e-5 0.9984422 -0.05579656 7.87276e-6 0.9984422 -0.05579686 7.81976e-6 0.9984421 -0.0557987 -2.31276e-5 0.9984421 -0.05579948 4.09448e-6 0.9984421 -0.05579769 1.06118e-5 0.998442 -0.05580067 -1.36056e-5 0.9984419 -0.05580019 -4.24522e-6 0.9984421 -0.05579918 4.53628e-6 0.9984421 -0.05579894 0 0.9984419 -0.05580103 -2.10038e-5 0.998442 -0.05580115 3.6331e-6 0.9984421 -0.05579942 1.78176e-5 0.9984421 -0.05579888 3.92325e-6 0.998442 -0.05580049 -4.90856e-6 0.998442 -0.0557999 -4.73237e-6 0.9984421 -0.05579823 1.29522e-5 0.9984422 -0.05579775 -3.2652e-6 0.998442 -0.05579924 -1.3307e-5 0.998442 -0.05579948 0 0.9984423 -0.05579549 2.5414e-5 0.9984423 -0.05579483 1.88946e-5 0.9984419 -0.05580222 -9.21007e-6 0.9984419 -0.0558018 -9.05616e-5 0 0 -1 2.84003e-7 0 1 -6.28676e-7 0 1 -6.04225e-7 0 1 3.00673e-7 0 1 6.22525e-7 0 1 -3.3107e-7 0 1 1.6483e-7 0 1 -8.32753e-7 0 1 1.33e-6 0 1 7.83215e-7 0 1 -1.83515e-6 0 1 -4.7145e-7 0 1 -2.48301e-7 0 1 6.67824e-7 0 1 0 0 1 1.26897e-6 0 1 -1.62581e-6 0 1 7.92214e-7 0 1 -5.67634e-7 0 1 2.58651e-7 0 1 0 0 1 3.63414e-7 0 1 -3.11264e-7 0 1 5.9552e-7 0 1 -6.04206e-7 0 1 6.28679e-7 0 1 7.04367e-7 0 1 0 0 1 -3.30471e-6 0 1 1.77356e-6 0 1 1.48174e-6 0 1 -2.62154e-7 0 1 -1.82751e-6 0 1 -1.06401e-6 0 1 2.49825e-6 0 1 2.1738e-7 0 1 -3.29834e-6 0 1 3.64602e-6 0 1 -2.20206e-6 0 1 -1.01736e-6 0 1 1.21271e-6 0 1 -5.032e-7 0 1 2.52493e-7 0 -1 -3.63405e-7 0 -1 3.11263e-7 0 -1 -3.00673e-7 0 -1 8.93268e-7 0 -1 -1.88603e-6 0 -1 -6.57176e-7 0 -1 8.85143e-7 0 -1 0 0 -1 0 0 -1 6.68124e-7 0 -1 -1.77358e-7 0 -1 -3.3675e-7 0 -1 2.49057e-6 0 -1 1.04429e-6 0 -1 -2.66e-6 0 -1 -5.55169e-7 0 -1 -2.41845e-7 0 -1 1.41908e-6 0 -1 4.75329e-7 0 -1 -1.9871e-6 0 -1 1.05747e-6 0 -1 -2.56334e-7 0 -1 6.99441e-7 0 -1 -3.43115e-7 0 -1 -6.28679e-7 0 -1 -5.9552e-7 0 -1 3.63414e-7 0 -1 -2.52491e-7 0 -1 1.45107e-7 0 -1 -2.49825e-6 0 -1 -1.59602e-6 0 -1 2.08859e-6 0 -1 -5.24308e-7 0 -1 1.34703e-6 0 -1 -2.97959e-6 0 -1 1.53708e-6 0 -1 -2.516e-7 0 -1 1.61695e-6 0 -1 -6.78243e-7 0 -1 -1.90846e-6 0 -1 -2.6043e-7 0 -1 7.06788e-7 0 -1 2.01853e-7 0 -1 -0.05579894 -0.9984421 0 -0.05579894 -0.9984421 0 0.6665495 -0.7454608 0 0.6665496 -0.7454608 0 -0.9984421 0.0557993 -1.56473e-5 -0.998442 0.0557996 9.99982e-6 -0.9984421 0.05579954 1.82552e-5 -0.9984421 0.05579823 -4.99988e-5 -0.9984374 0.05588304 -6.68858e-5 -0.9984426 0.05578929 1.95889e-5 -0.9984421 0.05579859 -5.62912e-6 -0.9984429 0.05578464 1.10654e-5 -0.9984415 0.05580896 -1.83347e-5 -0.9984422 0.0557971 9.52529e-6 -0.9984422 0.05579656 -4.40898e-6 -0.998442 0.05579918 7.05683e-7 -0.9984422 0.05579751 -1.80123e-5 -0.998442 0.05579924 3.86565e-6 -0.9984415 0.05580925 1.03312e-6 -0.9984422 0.05579763 -6.30662e-7 -0.9984419 0.05580049 -8.43008e-7 -0.9984423 0.05579555 1.25087e-6 -0.9984417 0.05580443 -4.07186e-6 -0.9984425 0.05579161 5.89531e-6 -0.9984416 0.05580842 -1.48333e-5 -0.9984424 0.05579239 1.33448e-5 -0.9984422 0.05579608 3.68634e-6 -0.9984418 0.05580234 -2.24648e-5 -0.998442 0.05579906 1.30729e-5 -0.9984421 0.05579966 3.04384e-5 -0.9984421 0.05579966 -3.86566e-6 -0.9984422 0.05579775 1.80124e-5 -0.998442 0.05579918 -7.05683e-7 -0.9984422 0.0557965 4.40898e-6 -0.9984422 0.05579519 -9.52525e-6 -0.9984413 0.05581235 1.83348e-5 -0.9984429 0.05578422 -1.10653e-5 -0.9984421 0.05579876 5.62913e-6 -0.9984426 0.05578958 -1.9589e-5 -0.9984383 0.05586731 6.6887e-5 -0.9984421 0.05579906 -3.04384e-5 -0.998442 0.05579924 -1.30729e-5 -0.9984419 0.05580168 2.24648e-5 -0.9984422 0.05579662 -3.68633e-6 -0.9984424 0.05579239 -1.33448e-5 -0.9984416 0.05580842 1.48333e-5 -0.9984424 0.05579167 -5.89531e-6 -0.9984418 0.05580359 4.07186e-6 -0.9984424 0.0557931 -1.25087e-6 -0.9984418 0.05580383 8.43008e-7 -0.9984422 0.05579763 6.30662e-7 -0.9984415 0.05580931 -1.03312e-6 -0.9984421 0.05580008 -9.99979e-6 -0.9984421 0.055799 -9.90374e-7 -0.9984419 0.05580133 2.2191e-5 -0.9984419 0.05580073 0 -0.9984419 0.05580103 -2.03011e-6 -0.998442 0.05580091 1.8358e-5 -0.9984421 0.055799 9.49084e-6 -0.998442 0.05580049 1.65701e-6 -0.9984421 0.05579954 0 -0.998442 0.05579948 4.3817e-6 -0.9984421 0.05579864 -3.45915e-6 -0.9984421 0.05579811 2.27562e-6 -0.9984421 0.05579906 -5.39501e-6 -0.998442 0.05579912 -1.14329e-6 -0.9984421 0.05579829 4.53678e-6 -0.9984421 0.05579841 3.45915e-6 -0.9984421 0.05579864 -4.3817e-6 -0.9984421 0.05579948 0 -0.9984419 0.05580025 -1.01022e-5 -0.998442 0.05579924 -1.58981e-6 -0.9984421 0.055799 1.56473e-5 -0.9984419 0.05580031 -2.93604e-7 -0.998442 0.05580085 2.70682e-6 -0.9984419 0.05580097 -1.95819e-5 -0.998442 0.05579984 -1.79382e-6 -0.9984421 0.05579829 -1.0498e-5 -0.9984421 0.05579948 3.61747e-6 -0.9984425 0.0557903 8.88754e-5 -0.9984419 0.05580025 -1.55338e-5 -0.9984418 0.05580288 -2.14946e-5 -0.9984421 0.05579906 -2.8393e-6 -0.998442 0.05580025 -1.30546e-5 -0.9984421 0.05579918 -4.76943e-6 -0.9984422 0.05579614 1.29435e-5 -0.9984422 0.05579692 4.83488e-6 -0.9984418 0.05580389 -2.31154e-5 -0.9984419 0.05580067 3.96361e-6 -0.998442 0.05580079 6.71338e-6 -0.9984417 0.05580443 -1.45233e-5 -0.9984418 0.05580419 -5.89505e-6 -0.998442 0.05580031 1.33159e-5 -0.9984421 0.05580008 -5.90442e-6 -0.998442 0.05580055 -3.90681e-6 -0.9984421 0.05579799 2.196e-5 -0.9984421 0.05579739 3.31403e-6 -0.998442 0.05580002 -9.7874e-6 -0.9984421 0.05579835 1.64188e-6 -0.9984418 0.05580377 -1.52843e-5 -0.9984421 0.05579918 1.9117e-5 -0.998442 0.05580067 -3.08023e-6 -0.9984422 0.05579698 1.20077e-5 -0.9984422 0.05579769 5.24896e-6 -0.008313655 -0.1488057 -0.9888315 -0.01644229 -0.2942984 -0.9555723 -0.01644706 -0.2943023 -0.9555709 -0.02420979 -0.4332032 -0.9009711 -0.02420973 -0.4332172 -0.9009644 -0.03143262 -0.562452 -0.8262323 -0.03141707 -0.5624122 -0.8262599 -0.03793692 -0.6791151 -0.7330509 -0.03794139 -0.6791098 -0.7330555 -0.04361128 -0.7805926 -0.623517 -0.04365432 -0.780627 -0.6234709 -0.0483548 -0.8646857 -0.4999805 -0.04833251 -0.8646405 -0.5000609 -0.05195343 -0.9294149 -0.3653613 -0.05195361 -0.9294161 -0.3653579 -0.05441308 -0.9734165 -0.2224853 -0.05440604 -0.9734157 -0.2224902 -0.05564856 -0.995649 -0.07474154 -0.0556488 -0.9956507 -0.0747193 -0.008317291 -0.1488131 -0.9888305 4.34648e-7 0 -1 -3.80324e-7 0 -1 0.008315861 0.1488085 -0.9888311 0.008318483 0.1488107 -0.9888308 0.01645159 0.2943107 -0.9555683 0.01645052 0.2942874 -0.9555754 0.02421706 0.4332175 -0.9009641 0.02420532 0.4331962 -0.9009746 0.03142791 0.562445 -0.8262373 0.03143113 0.5624378 -0.826242 0.03795224 0.6791166 -0.7330486 0.03795146 0.6791067 -0.7330578 0.04362314 0.7805955 -0.6235126 0.04364258 0.7806274 -0.6234712 0.04834055 0.86466 -0.5000265 0.04832178 0.8646758 -0.5000008 0.0519393 0.9294083 -0.3653799 0.05194705 0.9294153 -0.365361 0.05440658 0.9734217 -0.2224639 0.05439901 0.9734222 -0.2224635 0.05564093 0.9956464 -0.07478308 0.05564916 0.9956485 -0.07474762 0.008318543 0.1488071 0.9888314 0.01645159 0.2943102 0.9555684 0.01645022 0.2942874 0.9555754 0.02421534 0.4332029 0.9009711 0.02420628 0.4332085 0.9009687 0.03142732 0.5624408 0.8262402 0.03143209 0.5624508 0.8262332 0.03795158 0.6791054 0.7330591 0.03795212 0.6791206 0.733045 0.04362457 0.7806174 0.6234849 0.04364192 0.7806138 0.6234882 0.04834002 0.8646488 0.5000458 0.04832249 0.8646883 0.4999793 0.05193984 0.9294176 0.3653564 0.05194652 0.9294059 0.3653852 0.05440646 0.9734189 0.2224763 0.05439901 0.9734222 0.2224635 0.05564141 0.9956497 0.07473778 0.05564874 0.9956466 0.07477492 0.008316338 0.1488148 0.9888302 4.3466e-7 0 1 0 0 1 -0.008316993 -0.1488058 0.9888315 -0.008314013 -0.1488148 0.9888302 -0.01644313 -0.2943115 0.9555681 -0.01644593 -0.2942851 0.9555763 -0.02420908 -0.4331981 0.9009735 -0.02421063 -0.4332302 0.9009582 -0.03143072 -0.5624247 0.8262509 -0.0314188 -0.562438 0.8262423 -0.0379365 -0.6791169 0.7330492 -0.03794127 -0.6791089 0.7330564 -0.04361361 -0.7806348 0.6234639 -0.04365187 -0.7805863 0.6235219 -0.04835343 -0.8646612 0.5000228 -0.04833394 -0.8646642 0.5000199 -0.05195373 -0.9294206 0.3653469 -0.05195367 -0.929416 0.3653585 -0.05441319 -0.973416 0.2224873 -0.05440592 -0.9734158 0.2224898 -0.0556485 -0.995649 0.07474195 -0.05564892 -0.9956507 0.07471948 0.006032586 0.1079488 0.9941382 0.01199483 0.2146372 0.9766203 0.01199513 0.2146298 0.9766219 0.01781857 0.3188188 0.9476482 0.01781809 0.3187984 0.9476552 0.02343142 0.4192217 0.9075816 0.02342826 0.4192321 0.9075769 0.02876728 0.5147658 0.8568481 0.02876889 0.5147582 0.8568526 0.03376948 0.6042325 0.7960922 0.03377079 0.6042162 0.7961045 0.03837692 0.686627 0.7259963 0.03837794 0.6866487 0.7259758 0.0425316 0.7609657 0.6473965 0.04252934 0.7609714 0.64739 0.04618591 0.8263961 0.561192 0.04618626 0.8264059 0.5611776 0.04930168 0.88215 0.4683809 0.04930371 0.8821257 0.4684265 0.05184113 0.927524 0.3701511 0.05183768 0.9275258 0.370147 0.05376684 0.9620431 0.2675488 0.05376017 0.9620522 0.2675173 0.05505901 0.9852954 0.1617459 0.05506616 0.9852916 0.1617661 0.05571919 0.9969757 0.05417543 0.05571186 0.9969776 0.0541476 0.006033122 0.1079419 0.9941389 1.60309e-7 0 1 -0.006033122 -0.1079472 0.9941384 -0.006032645 -0.1079554 0.9941375 -0.0119937 -0.2146338 0.976621 -0.01199448 -0.2146301 0.9766218 -0.01781547 -0.3187922 0.9476572 -0.01781487 -0.3188053 0.9476529 -0.02342808 -0.4192512 0.907568 -0.02342933 -0.4192469 0.90757 -0.02876645 -0.5147495 0.856858 -0.02876549 -0.5147306 0.8568693 -0.0337677 -0.604241 0.7960859 -0.03376907 -0.6042253 0.7960976 -0.0383743 -0.6866269 0.7259966 -0.03836977 -0.6866379 0.7259864 -0.04252403 -0.7609784 0.6473822 -0.04252594 -0.7609623 0.6474009 -0.04618269 -0.826396 0.5611923 -0.04618567 -0.826397 0.5611908 -0.0493009 -0.8821359 0.4684078 -0.04929518 -0.882152 0.4683779 -0.05183035 -0.9275173 0.3701693 -0.05182689 -0.9275195 0.3701645 -0.05375665 -0.9620554 0.2675063 -0.05376315 -0.9620414 0.2675554 -0.05506253 -0.9852929 0.1617594 -0.05506259 -0.9852917 0.1617665 -0.05571573 -0.9969782 0.0541321 -0.05571562 -0.9969785 0.05412709 -0.006032288 -0.1079487 -0.9941382 -0.01199376 -0.2146283 -0.9766222 -0.01199471 -0.2146337 -0.976621 -0.01781618 -0.3188058 -0.9476526 -0.01781445 -0.3187937 -0.9476567 -0.02342766 -0.4192467 -0.9075701 -0.02342939 -0.4192466 -0.9075701 -0.02876639 -0.5147487 -0.8568584 -0.02876543 -0.5147306 -0.8568693 -0.03376686 -0.6042293 -0.7960948 -0.03377026 -0.6042447 -0.7960829 -0.03837537 -0.6866469 -0.7259775 -0.03836876 -0.6866178 -0.7260054 -0.04252302 -0.7609616 -0.647402 -0.04252701 -0.7609824 -0.6473773 -0.04618257 -0.8263944 -0.5611948 -0.04618567 -0.8263965 -0.5611914 -0.04930198 -0.8821551 -0.4683713 -0.04929429 -0.8821351 -0.46841 -0.05183053 -0.927522 -0.3701574 -0.05182695 -0.9275195 -0.3701643 -0.05375605 -0.9620443 -0.2675467 -0.05376404 -0.9620573 -0.2674984 -0.05506253 -0.9852931 -0.1617581 -0.05506259 -0.9852917 -0.1617664 -0.05571573 -0.9969791 -0.05411612 -0.05571556 -0.9969775 -0.0541476 -0.006033241 -0.1079532 -0.9941377 1.60309e-7 0 -1 0.006033182 0.1079479 -0.9941383 0.006032288 0.1079422 -0.9941389 0.01199483 0.2146357 -0.9766206 0.01199513 0.2146295 -0.9766219 0.01781749 0.3188058 -0.9476526 0.01781892 0.3188116 -0.9476507 0.02343165 0.4192346 -0.9075756 0.02342826 0.419224 -0.9075805 0.02876687 0.514761 -0.856851 0.02876949 0.5147673 -0.8568472 0.03376871 0.6042225 -0.7960998 0.03377133 0.6042259 -0.7960971 0.0383774 0.6866354 -0.7259883 0.03837746 0.6866389 -0.725985 0.04253214 0.7609737 -0.6473871 0.04252886 0.7609608 -0.6474024 0.04618626 0.8264005 -0.5611854 0.04618567 0.8263962 -0.5611916 0.04930055 0.8821281 -0.4684224 0.04930508 0.8821514 -0.4683783 0.05184113 0.9275243 -0.3701501 0.05183774 0.9275258 -0.370147 0.05376744 0.9620536 -0.2675108 0.05375951 0.9620416 -0.2675552 0.05505859 0.9852885 -0.1617879 0.05506658 0.985298 -0.1617263 0.05571925 0.9969775 -0.05414229 0.0557118 0.9969765 -0.0541681 0.0557996 0.9984421 0 -0.6665481 0.745462 0 -0.6665481 0.7454621 0 -0.4341363 0.9008473 0 -0.5322702 0.8465746 0 -0.5322735 0.8465725 0 -0.6236998 0.781664 0 -0.6236962 0.7816669 0 -0.4341377 0.9008466 0 -0.3305134 0.9438013 0 -0.3305146 0.9438009 0 -0.2227972 0.9748649 0 -0.222798 0.9748647 0 -0.1122283 0.9936825 0 -0.1122279 0.9936825 0 -2.72404e-4 1 0 -2.72405e-4 1 0 0.7454608 0.6665496 0 0.7454608 0.6665496 0 0.3300198 0.943974 0 0.2222493 0.9749898 0 0.2222493 0.9749898 0 0.1116867 0.9937435 0 0.1116859 0.9937435 0 0.4336756 0.9010692 0 0.5317897 0.8468765 0 0.6232737 0.7820039 0 0.7069158 0.7072978 0 -0.9439755 0.3300159 0 -0.9749889 0.222254 0 -0.9749889 0.222254 0 -0.9937426 0.1116949 0 -0.9439754 0.3300159 0 -0.9010839 0.4336451 0 -0.8468701 0.5317999 0 -0.8468701 0.5317999 0 -0.7819955 0.6232841 0 -0.7073151 0.7068985 0 0.998442 -0.05579948 7.09701e-6 0.9984419 -0.05580157 -7.09701e-6 0.998445 -0.05574762 1.99918e-5 0.9984402 -0.05583375 -1.58538e-5 0.9984419 -0.0558018 -6.94045e-6 0.9984416 -0.05580604 -4.27279e-5 0.9984424 -0.05579406 -2.38488e-6 0.9984413 -0.05581235 6.972e-6 0.9984421 -0.0557999 2.77027e-6 0.9984417 -0.0558052 2.45707e-7 0.9984425 -0.0557906 -9.16513e-6 0.9984424 -0.055794 2.38488e-6 0.9984416 -0.05580717 -6.97201e-6 0.9984418 -0.05580431 -2.77027e-6 0.9984442 -0.05576086 5.17717e-7 0.998442 -0.05579918 0 0.9984421 -0.05579727 -2.22029e-6 0.9984421 -0.0557971 -2.09164e-6 0.9984419 -0.05580031 -8.11928e-7 0.9984415 -0.05580884 2.69563e-6 0.9984418 -0.05580425 -1.1669e-5 0.9984442 -0.05575966 8.86743e-5 0.9984412 -0.05581533 -5.12831e-5 0.998443 -0.05578255 3.76399e-5 0.9984424 -0.05579322 1.12101e-6 0.9984424 -0.05579316 -1.12101e-6 0.9984427 -0.0557878 -3.76399e-5 0.9984417 -0.05580484 5.12832e-5 0.9984439 -0.05576622 -8.86743e-5 0.9984418 -0.05580419 1.1669e-5 0.9984421 -0.05579864 -3.73428e-6 0.9984421 -0.05579799 0 0.99844 -0.05583542 1.58539e-5 0.998444 -0.0557658 -1.99918e-5 0.9984416 -0.05580848 -2.94871e-6 0.998439 -0.05585223 2.2391e-4 0.9984431 -0.05577993 -5.68282e-5 0.9984416 -0.05580604 1.36223e-5 0.9984418 -0.05580234 2.37705e-5 0.9984418 -0.05580401 8.53257e-7 0.9984421 -0.05579847 4.59595e-6 0.9984422 -0.0557971 -6.30278e-6 0.9984421 -0.055799 -1.70635e-6 0.9984418 -0.05580401 2.1239e-5 0.998442 -0.0557993 2.45936e-6 0.9984424 -0.05579447 -9.82978e-6 0.9984419 -0.0558021 2.83776e-6 0.9984424 -0.05579459 -8.52773e-6 0.9984418 -0.05580437 1.04517e-5 0.9984422 -0.05579608 -8.56726e-6 0.9984419 -0.0558021 4.92216e-6 0.998442 -0.05579948 2.48207e-6 0.9984433 -0.05577605 -4.20162e-5 0.9984413 -0.05581164 2.77292e-5 0.9984411 -0.05581581 1.59231e-6 0.998443 -0.05578356 -1.17699e-5 0.9984415 -0.05580812 6.78935e-6 0.9984419 -0.05580127 -6.12026e-6 0.9984424 -0.05579203 7.26564e-6 0.9984434 -0.05577629 -1.18135e-5 0.9984388 -0.05585736 3.57166e-5 0.9984453 -0.05574178 -2.32765e-5 0.9984437 -0.05576765 -2.68988e-4 0.9984418 -0.05580353 1.17648e-5 0.9984424 -0.05579191 -1.97671e-5 0.9984307 -0.05599963 4.24066e-4 0.9984416 -0.0558061 2.31535e-5 0.9984422 -0.0557968 -1.00202e-5 0.9984367 -0.05589509 1.11431e-4 0.9984443 -0.05575811 -1.27171e-5 0.9984421 -0.0557987 1.79458e-7 0.9984398 -0.05583876 -1.91273e-5 0.998443 -0.05578303 1.7237e-5 0.9984413 -0.05581277 -1.21973e-5 0.998443 -0.05578219 1.49682e-5 0.9984418 -0.05580526 -7.91663e-7 0.998442 -0.05579924 -3.92443e-7 0.9984421 -0.05579864 3.81415e-6 0.9984421 -0.05579847 0 0.9984444 -0.05575746 -1.74769e-5 0.9984444 -0.05575537 -1.20192e-5 0.9984415 -0.05580836 -1.37006e-6 0.9984412 -0.0558151 1.19671e-5 0.9984416 -0.05580645 1.12072e-6 0.9984418 -0.0558027 8.74773e-7 0.9984415 -0.05581003 1.03584e-5 0.9984429 -0.05578392 -1.86521e-5 0.9984433 -0.05577719 2.05145e-7 0.9984415 -0.05580949 5.8314e-6 0.9984576 -0.05551975 -4.58621e-5 0.9984408 -0.05582135 -1.51416e-5 0.9984416 -0.05580568 3.64218e-6 0.9984416 -0.05580621 2.62476e-6 0.9984415 -0.05580914 1.84036e-6 0.9984424 -0.05579197 1.43317e-6 0.9984331 -0.05595821 9.02766e-6 0.9984409 -0.05581951 2.97527e-6 0.9984421 -0.0557987 7.51442e-7 0.9984419 -0.05580186 -3.48805e-6 0.9984418 -0.05580234 1.60237e-6 0.9984424 -0.05579292 5.01905e-6 0.998442 -0.05579984 -2.43682e-6 0.9984419 -0.05580079 0 0.998442 -0.05579984 2.43682e-6 0.9984424 -0.05579292 -5.01905e-6 0.998442 -0.05580049 -1.60237e-6 0.9984419 -0.05580192 3.48805e-6 0.9984422 -0.05579608 -7.51443e-7 0.9984435 -0.05577284 9.81721e-7 0.9984408 -0.05582344 -3.08799e-6 0.9984419 -0.05580288 -2.16951e-6 0.9984413 -0.05581212 -6.77987e-6 0.9984419 -0.05580079 8.21708e-7 0.9984332 -0.05595839 -9.02769e-6 0.9984425 -0.05579072 -1.43317e-6 0.998442 -0.05580085 -1.84036e-6 0.9984414 -0.05581033 -2.62477e-6 0.9984409 -0.05581879 -3.64219e-6 0.9984434 -0.05577546 1.51415e-5 0.9984531 -0.05560058 4.58623e-5 0.9984415 -0.05580955 -5.83141e-6 0.9984421 -0.05579733 -2.05144e-7 0.9984429 -0.05578488 1.86521e-5 0.9984422 -0.05579531 -1.03584e-5 0.9984419 -0.05580139 -8.74773e-7 0.9984418 -0.0558052 -1.12073e-6 0.9984418 -0.05580276 -1.19671e-5 0.9984407 -0.05582416 1.37005e-6 0.9984424 -0.05579328 1.20192e-5 0.9984437 -0.05576878 1.74768e-5 0.9984419 -0.05580067 -8.21706e-7 0.9984412 -0.05581504 6.77988e-6 0.9984419 -0.05580055 2.16951e-6 0.9984403 -0.05582982 3.088e-6 0.9984447 -0.05575251 -9.81724e-7 0.998442 -0.0557993 6.30278e-6 0.9984422 -0.0557962 -4.59595e-6 0.9984419 -0.05580192 -8.53251e-7 0.9984419 -0.05580288 -2.37707e-5 0.9984416 -0.05580604 -1.36223e-5 0.9984429 -0.05578422 5.68282e-5 0.9984374 -0.05588179 -2.23909e-4 0.9984421 -0.05579924 3.92443e-7 0.9984417 -0.05580544 7.91666e-7 0.9984439 -0.05576676 -1.49682e-5 0.9984409 -0.05581933 1.21973e-5 0.9984434 -0.0557757 -1.72371e-5 0.9984392 -0.05584943 1.91273e-5 0.9984421 -0.0557987 -1.79458e-7 0.9984444 -0.05575841 1.27172e-5 0.9984419 -0.05580174 -5.3397e-6 0.9984416 -0.05580538 4.28349e-5 0.9984419 -0.0558018 6.94044e-6 0.9984422 -0.0557971 8.9568e-6 0.998447 -0.05571144 -6.48218e-6 0.9984422 -0.05579626 1.38713e-6 0.9984385 -0.05586266 -6.36545e-6 0.9984424 -0.05579346 2.2228e-6 0.9984417 -0.0558052 1.50872e-6 0.9984441 -0.05576086 -5.12786e-7 0.9984424 -0.05579352 2.71026e-6 0.9984421 -0.05579966 0 0.9984411 -0.05581593 0 0.9984428 -0.05578446 1.81346e-6 0.9984477 -0.05569869 -1.67774e-5 0.9984387 -0.0558592 6.36545e-6 0.9984416 -0.05580717 -1.69834e-6 0.9984426 -0.05578976 -2.85974e-6 0.9984415 -0.05580902 0 0.9984439 -0.05576664 -5.90397e-6 0.9984417 -0.0558052 -2.45707e-7 0.900853 0.4341242 0 0.8465782 0.5322644 0 0.7816724 0.6236894 0 0.9008502 0.4341301 0 0.943789 0.3305487 0 0.9437867 0.3305552 0 0.9748698 0.2227756 0 0.9748698 0.2227756 0 0.9936831 0.1122235 0 0.9936831 0.1122234 0 1 2.84127e-4 0 1 2.76841e-4 0 -0.7454611 -0.6665492 0 -0.7454612 -0.6665492 0 -0.9984421 0.0557993 -9.61747e-7 -0.9984421 0.05579769 -1.19331e-7 -0.9984418 0.05580389 1.13606e-6 -0.9984422 0.05579537 4.32623e-7 -0.9984425 0.05579239 -5.3114e-7 -0.9984414 0.05581033 -1.87867e-6 -0.9984422 0.0557962 -1.83931e-6 -0.9984419 0.05580049 9.92762e-7 -0.9984424 0.05579352 2.96747e-6 -0.9984415 0.05580812 -9.60794e-6 -0.9984441 0.05576246 2.09234e-5 -0.9984307 0.0560019 -6.3438e-5 -0.9984409 0.05581849 1.56961e-7 -0.998442 0.05579978 1.01247e-6 -0.9984441 0.05576103 2.77171e-6 -0.9984402 0.05583304 -1.41899e-6 -0.998443 0.05578333 2.96604e-6 -0.9984406 0.05582362 -4.4095e-6 -0.9984441 0.05576121 7.77423e-6 -0.9984419 0.05580174 0 -0.9984433 0.05577617 -7.77423e-6 -0.9984407 0.05582362 4.4095e-6 -0.9984431 0.05577987 -2.96604e-6 -0.9984402 0.05583304 1.41899e-6 -0.9984441 0.05576354 -2.77171e-6 -0.9984419 0.05580186 -1.01247e-6 -0.998441 0.05581849 -1.56961e-7 -0.9984499 0.05566 -1.1463e-6 -0.9984422 0.05579572 9.43959e-7 -0.998442 0.05579984 -1.1039e-6 -0.9984411 0.0558167 3.97081e-6 -0.9984436 0.05577331 -9.41921e-7 -0.9984439 0.0557664 -8.46876e-7 -0.9984381 0.05586981 1.61219e-6 -0.9984421 0.05579936 0 -0.9984424 0.05579316 9.95755e-6 -0.9984417 0.05580502 -1.20977e-5 -0.9984421 0.05579799 6.06571e-6 -0.998442 0.05579978 -4.9989e-6 -0.9984422 0.05579566 4.66297e-6 -0.9984419 0.05580234 -1.69131e-6 -0.9984423 0.05579447 5.31389e-6 -0.9984419 0.05580186 -3.32497e-6 -0.998442 0.05580019 -3.14985e-6 -0.9984419 0.05580133 -6.73724e-6 -0.9984422 0.05579614 1.511e-5 -0.9984419 0.05580061 -7.98899e-6 -0.9984421 0.05579912 4.93625e-6 -0.9984419 0.05580157 -1.20524e-5 -0.9984423 0.05579435 2.06979e-5 -0.9984421 0.05580008 1.40296e-6 -0.998442 0.05580115 -2.86368e-5 -0.9984422 0.05579459 6.70176e-5 -0.9984416 0.05580711 -6.92693e-5 -0.9984401 0.05583399 6.34394e-5 -0.9984428 0.05578541 -2.09232e-5 -0.9984418 0.05580449 9.60797e-6 -0.9984422 0.05579626 -2.96746e-6 -0.9984423 0.05579459 -9.92765e-7 -0.9984419 0.05580157 1.83931e-6 -0.9984414 0.05581033 1.87867e-6 -0.9984425 0.05579239 5.31141e-7 -0.9984422 0.05579537 -4.32623e-7 -0.9984418 0.05580389 -1.13606e-6 -0.9984421 0.05579781 1.19331e-7 -0.9984421 0.0557993 9.61747e-7 -0.9984522 0.05561745 1.13588e-6 -0.9984375 0.05588215 -1.61218e-6 -0.9984436 0.05577182 8.46876e-7 -0.9984435 0.05577331 9.41921e-7 -0.9984411 0.05581676 -3.97081e-6 -0.9984422 0.05579656 1.1039e-6 -0.9984422 0.05579799 -9.43958e-7 -0.9984414 0.05581146 6.92711e-5 -0.9984424 0.05579262 -6.70168e-5 -0.998442 0.05580115 2.86368e-5 -0.9984421 0.05580008 -1.40296e-6 -0.9984423 0.05579435 -2.06979e-5 -0.9984419 0.05580157 1.20524e-5 -0.998442 0.05579912 -4.93625e-6 -0.9984421 0.0557999 7.98902e-6 -0.9984422 0.05579668 -1.51099e-5 -0.9984419 0.05580133 6.73727e-6 -0.998442 0.05580008 3.14983e-6 -0.9984419 0.05580067 3.32498e-6 -0.9984421 0.05579805 -5.31388e-6 -0.9984419 0.05580013 1.69131e-6 -0.9984424 0.05579346 -4.66298e-6 -0.9984418 0.0558021 4.99888e-6 -0.9984422 0.05579787 -6.06571e-6 -0.9984418 0.05580478 1.20977e-5 -0.9984424 0.05579334 -9.95755e-6 -1 -2.6955e-4 0 -1 -2.6955e-4 0 -0.9936818 -0.1122339 0 -0.9936827 -0.1122268 0 -0.9748696 -0.2227768 0 -0.9748711 -0.2227699 0 -0.9437841 -0.3305624 0 -0.9437864 -0.3305559 0 -0.9008525 -0.4341255 0 -0.8465768 -0.5322666 0 -0.781673 -0.6236885 0 -0.7816765 -0.6236841 0 0.7073078 -0.7069057 0 0.7073115 -0.7069022 0 0.7819879 -0.6232938 0 0.7819913 -0.6232894 0 0.8468706 -0.5317991 0 0.901083 -0.4336469 0 0.9010857 -0.433641 0 0.9439725 -0.3300244 0 0.974992 -0.2222398 0 0.9749905 -0.2222468 0 0.9937425 -0.1116957 0 0.9937418 -0.1117029 0 0.05579829 0.9984421 0 0.05579841 0.9984421 0 0.03945749 0.7060051 0.7071068 0.03945779 0.7060055 0.7071064 0.04160815 0.7444879 0.6663383 0.04160201 0.7444608 0.6663689 0.04550427 0.8142907 0.5786709 0.04550749 0.8143005 0.5786567 0.04883617 0.8738625 0.4837144 0.04883605 0.8738632 0.4837131 0.05155038 0.9224326 0.3827018 0.05155062 0.9224339 0.382699 0.05361753 0.9594199 0.2768369 0.05362075 0.9594262 0.2768145 0.05501323 0.9843419 0.1674653 0.05500674 0.9843337 0.1675156 0.05570739 0.9968686 0.05612307 0.05571037 0.9968703 0.05608874 0.03945749 0.7060051 -0.7071068 0.03945761 0.7060055 -0.7071064 0.05571043 0.9968685 -0.05612039 0.05570727 0.9968703 -0.05609142 0.05500721 0.9843422 -0.1674653 0.05501276 0.9843333 -0.1675156 0.05362039 0.9594197 -0.2768368 0.05361795 0.9594262 -0.2768149 0.05155056 0.9224336 -0.3826996 0.05155038 0.9224328 -0.3827012 0.04883611 0.8738628 -0.4837138 0.04883623 0.8738634 -0.4837125 0.04550671 0.8142897 -0.5786722 0.04550528 0.8143024 -0.5786545 0.04160368 0.7444886 -0.6663377 0.04160678 0.7444601 -0.6663694 0.05580127 0.9984419 0 0.05580121 0.9984419 0 0.03945523 0.7060043 -0.7071077 0.0394572 0.706005 -0.7071068 0.05571341 0.9968717 -0.05606341 0.05571037 0.9968731 -0.05603927 0.05500966 0.9843336 -0.1675158 0.0550096 0.9843334 -0.1675167 0.05361771 0.9594275 -0.2768103 0.05361789 0.9594263 -0.2768149 0.0515505 0.9224337 -0.3826994 0.05155044 0.9224333 -0.3827003 0.04883605 0.8738616 -0.4837158 0.04883825 0.8738495 -0.4837374 0.04550933 0.8142894 -0.5786725 0.04550927 0.8142889 -0.5786731 0.04160755 0.7444766 -0.6663509 0.04160737 0.7444749 -0.6663528 0.03945553 0.7060043 0.7071076 0.03945708 0.7060051 0.7071068 0.04160737 0.7444759 0.6663517 0.04160761 0.7444756 0.666352 0.04550933 0.814288 0.5786745 0.04550927 0.8142888 0.5786734 0.04883873 0.8738612 0.4837163 0.04883539 0.8738497 0.4837374 0.05155044 0.9224336 0.3826993 0.05155062 0.9224333 0.3827003 0.05361795 0.9594262 0.2768149 0.05361759 0.9594277 0.2768099 0.05500954 0.9843335 0.1675155 0.05500966 0.9843333 0.1675169 0.05571037 0.9968715 0.05606859 0.05571359 0.9968732 0.05603402 -0.9984421 0.05579906 -1.33073e-5 -0.9984399 0.05583697 3.05163e-5 -0.9984435 0.05577313 -2.09149e-5 -0.9984412 0.05581432 6.97776e-6 -0.998442 0.05580073 0 -0.9984421 0.055799 4.60721e-5 -0.9984408 0.05582255 -9.43125e-6 -0.9984421 0.05579811 5.8777e-7 -0.9984423 0.05579501 2.93473e-6 -0.9984419 0.05580073 0 -0.9984419 0.05580019 -7.12412e-6 -0.9984413 0.05581372 0 -0.9984421 0.05579853 -3.25291e-5 -0.9984427 0.05578756 -3.54724e-5 -0.9984422 0.05579584 5.92351e-7 -0.9984418 0.05580264 1.03761e-6 -0.9984422 0.05579704 1.21324e-6 -0.9984415 0.05580878 1.70469e-6 -0.9984417 0.0558058 2.55039e-6 -0.9984375 0.05587977 -7.49772e-7 -0.9984486 0.05568176 -4.77766e-5 -0.9984385 0.05586123 1.89381e-5 -0.9984452 0.05574274 -1.18785e-5 -0.9984125 0.0563265 7.08597e-5 -0.9984422 0.05579596 0 -0.9984422 0.05579721 0 -0.9984411 0.05581623 -4.76253e-6 -0.9984421 0.05579936 -2.28905e-6 -0.9984421 0.05579888 1.19245e-6 -0.998442 0.05580061 -3.03173e-5 -0.9984421 0.05579948 1.08908e-5 -0.9984421 0.05579906 1.43471e-5 -0.9984422 0.05579644 -3.90706e-5 -0.998441 0.05581825 -1.40019e-6 -0.9984421 0.0557999 2.26565e-6 -0.9984433 0.05577868 6.78941e-6 -0.9984418 0.05580341 -5.92259e-6 -0.9984421 0.0557996 6.30752e-7 -0.998442 0.05580025 -1.28059e-6 -0.9984419 0.05580067 -3.17993e-6 -0.9984419 0.05580085 -2.78225e-6 -0.9984422 0.05579781 3.90729e-5 -0.9984421 0.055799 -1.43471e-5 -0.9984422 0.05579733 -1.08907e-5 -0.998442 0.05579966 -1.43968e-7 -0.9984426 0.05578964 0 -0.9984384 0.05586302 -2.29291e-5 -0.9984413 0.0558117 4.93569e-6 -0.9984421 0.05579715 -6.90998e-6 -0.9984424 0.05579274 6.68288e-6 -0.9984407 0.05582267 -1.63009e-5 -0.9984412 0.05581504 -4.70795e-6 -0.9984421 0.05579757 0 -0.9984421 0.05579978 1.55439e-4 -0.9984422 0.05579632 -7.34929e-5 -0.9984423 0.0557956 -1.44577e-5 -0.9984421 0.05579906 -7.24527e-6 -0.998442 0.05579948 2.40804e-5 -0.9984418 0.05580317 1.08653e-5 -0.9984421 0.05579835 1.85736e-6 -0.9984428 0.05578613 -1.4424e-5 -0.9984416 0.05580681 1.32709e-5 -0.9984429 0.05578476 -1.51902e-5 -0.9984423 0.05579572 3.04235e-6 -0.9984418 0.05580383 1.52137e-6 -0.9984418 0.05580472 7.80817e-6 -0.9984422 0.05579578 -4.30478e-6 -0.9984411 0.05581653 3.63246e-6 -0.9984387 0.05585795 -2.31043e-6 -0.9984378 0.05587399 -1.55271e-6 -0.9984426 0.05578929 6.56788e-6 -0.9984419 0.05580103 -1.03761e-6 -0.9984421 0.05579912 -1.2104e-6 -0.9984422 0.05579608 1.44576e-5 -0.9984422 0.05579686 7.34937e-5 -0.998442 0.05579996 -1.55443e-4 -0.9984417 0.05580538 -8.66785e-7 -0.9984417 0.0558058 -2.10786e-6 -0.9984424 0.05579423 2.95796e-6 -0.9984422 0.05579584 -6.3369e-7 -0.9984423 0.05579382 2.74466e-6 -0.9984418 0.0558052 -2.57881e-6 -0.9984422 0.05579584 4.21282e-6 -0.9984422 0.05579686 -3.2304e-6 -0.9984419 0.05580186 1.37466e-4 -0.9984421 0.05579829 -3.2318e-5 -0.9984418 0.05580377 7.74503e-6 -0.9984418 0.05580383 -3.04915e-6 -0.9984411 0.05581778 3.7608e-5 -0.9984421 0.0557971 -7.71668e-6 -0.9984421 0.05579745 2.89978e-6 -0.9984421 0.05579906 1.36308e-5 -0.9984421 0.05579864 -2.04331e-5 -0.9984418 0.05580407 4.2406e-6 -0.998442 0.05579954 -5.77298e-6 -0.9984417 0.05580508 3.131e-5 -0.9984422 0.05579787 7.75191e-6 -0.998442 0.05579936 5.24223e-6 -0.9984421 0.05579859 -7.54378e-7 -0.9984422 0.05579721 -7.69769e-6 -0.9984417 0.0558058 1.3777e-5 -0.9984425 0.05579102 -9.42691e-6 -0.9984421 0.05579954 -4.61423e-6 -0.9984416 0.05580556 4.90454e-6 -0.9984422 0.05579608 0 -0.9984424 0.05579268 0 -0.9984419 0.05580031 -3.43212e-6 -0.9984418 0.05580294 -5.60431e-6 -0.9984419 0.05580115 1.59464e-6 -0.9984422 0.05579799 1.8022e-7 -0.9984421 0.05579775 2.2307e-6 -0.9984419 0.05580055 -8.60485e-6 -0.9984421 0.05579805 1.43787e-5 -0.998442 0.05580073 -4.18745e-5 -0.9984421 0.05579835 -6.07591e-6 -0.9984419 0.05580186 1.24824e-5 -0.9984425 0.05579227 -2.21261e-5 -0.9984428 0.05578601 -3.01804e-6 -0.9984421 0.05579692 -1.46745e-5 -0.9984235 0.05612808 4.48157e-4 -0.9984427 0.05578881 -1.05981e-5 -0.9984416 0.05580812 2.37238e-5 -0.9984431 0.05578047 -2.80209e-5 -0.9984425 0.05578988 -8.29598e-6 -0.9984424 0.05579328 -5.15065e-6 -0.9984406 0.05582368 1.77096e-5 -0.9984413 0.05581271 9.67882e-6 -0.9984432 0.05577927 -1.26128e-5 -0.9984447 0.05575174 -4.32886e-5 -0.9984389 0.0558561 4.6529e-5 -0.9984421 0.05579674 -4.52119e-6 -0.9984415 0.05580878 -3.86486e-5 -0.9984421 0.05579954 4.39627e-6 -0.9984419 0.05580222 -8.41325e-7 -0.9984421 0.05579882 4.19812e-5 -0.9984415 0.05581068 -2.75826e-5 -0.9984421 0.05579698 1.97055e-5 -0.9984419 0.05580204 -6.43552e-6 -0.9984421 0.05579954 -7.07622e-7 -0.9984425 0.05579096 -9.58272e-6 -0.9984422 0.05579638 6.28619e-5 -0.9984428 0.05578619 1.0999e-4 -0.9984499 0.05565869 1.74226e-4 -0.9984408 0.05582135 -1.64118e-5 -0.9984424 0.05579262 -2.00373e-7 -0.9984422 0.0557968 1.53782e-7 -0.9984419 0.05580288 6.71316e-6 -0.9984418 0.05580466 -1.92958e-5 -0.9984419 0.05580133 5.4591e-6 -0.9984427 0.05578821 5.19066e-6 -0.9984414 0.05581003 -6.52094e-6 -0.9984422 0.05579531 4.1267e-6 -0.9984404 0.0558288 5.85608e-5 -0.9984413 0.05581343 -5.22271e-5 -0.9984417 0.05580449 1.64478e-5 -0.9984419 0.05580204 -1.38988e-5 -0.9984419 0.05580055 5.94889e-6 -0.9984422 0.0557968 9.70767e-6 -0.9984424 0.05579239 1.70912e-5 -0.9984421 0.0557971 4.40506e-6 -0.9984422 0.05579704 -1.52852e-5 -0.9984421 0.05579739 -5.26749e-6 -0.9984418 0.05580323 6.88546e-6 -0.9984422 0.05579686 2.12908e-6 -0.9984421 0.05579924 -1.69844e-5 -0.9984419 0.05580317 4.30556e-5 -0.9984424 0.05579316 1.01291e-5 -0.9984428 0.05578619 -1.57177e-4 -0.9984417 0.05580514 5.17576e-5 -0.9984413 0.05581241 5.66474e-5 -0.9984428 0.0557866 -5.40934e-5 -0.9984419 0.05580294 2.22082e-5 -0.9984422 0.05579733 1.72757e-6 -0.9984422 0.05579495 -1.00563e-5 -0.9984421 0.05580002 0 -0.9984422 0.05579656 2.13308e-5 -0.9984421 0.05579829 -5.12238e-6 -0.9984419 0.05580067 3.17993e-6 -0.9984419 0.05580025 1.28059e-6 -0.9984422 0.05579531 -6.30752e-7 -0.9984415 0.0558086 5.92259e-6 -0.9984431 0.05577969 -6.78941e-6 -0.9984425 0.05579257 -2.26565e-6 -0.9984407 0.05582338 1.40019e-6 -0.9984421 0.05579894 8.63938e-6 -0.9984431 0.05578029 7.05759e-5 -0.9984413 0.05581361 -5.0372e-5 -0.9984416 0.0558061 -1.17027e-5 -0.9984421 0.05580008 3.96784e-5 -0.9984419 0.05580145 -3.96784e-5 -0.9984419 0.05580204 -8.4699e-6 -0.9984421 0.05579739 8.90431e-6 -0.9984422 0.05579626 3.62806e-5 -0.998442 0.05580091 -4.65146e-5 -0.9984421 0.0557993 3.28526e-5 -0.9984422 0.05579751 5.17259e-6 -0.9984413 0.05581146 2.38343e-7 -0.9984424 0.05579358 1.08093e-6 -0.9984441 0.05576187 -6.68007e-7 -0.9984418 0.05580264 1.84853e-6 -0.9984385 0.05586266 -5.24783e-6 -0.998444 0.05576515 -1.59025e-6 -0.9984415 0.05580872 -1.04513e-6 -0.9984425 0.05578988 2.15741e-6 -0.9984412 0.0558142 2.92897e-6 -0.9984426 0.05578857 1.31155e-6 -0.9984424 0.05579233 8.63685e-7 -0.9984444 0.05575674 -9.70386e-6 -0.9984411 0.05581718 0 -0.9984421 0.05579906 5.35166e-6 -0.9984413 0.05581206 -3.22871e-6 -0.9984418 0.0558021 -8.37989e-6 -0.9984422 0.05579799 1.48641e-5 -0.9984419 0.05580157 -7.80473e-6 -0.9984416 0.05580723 -3.34655e-5 -0.9984416 0.05580717 -1.56133e-5 -0.9984425 0.05579119 3.10667e-5 -0.9984422 0.05579686 4.58638e-6 -0.9984417 0.05580461 -4.31544e-5 -0.9984421 0.05579793 -4.62877e-6 -0.9984424 0.05579245 -1.21696e-5 -0.9984421 0.05579841 -2.18384e-6 -0.998442 0.0557996 5.26749e-6 -0.9984422 0.05579698 1.52852e-5 -0.0553267 -0.9898968 0.1305501 -0.05155634 -0.922437 0.3826903 -0.05155652 -0.9224379 0.3826885 -0.04427224 -0.7921082 0.6087732 -0.0442686 -0.7921369 0.608736 -0.03396749 -0.6078091 0.7933564 -0.03396958 -0.6077762 0.7933816 -0.02135473 -0.3820745 0.9238848 -0.02135235 -0.3821155 0.9238678 -0.007282137 -0.13032 0.9914453 -0.007282137 -0.1303198 0.9914453 -0.05531543 -0.9899129 0.1304324 -0.05531454 -0.989897 -0.1305535 -0.05532759 -0.9899126 -0.1304295 -0.05155628 -0.9224368 -0.3826909 -0.05155652 -0.9224379 -0.3826885 -0.04427373 -0.7921358 -0.608737 -0.04426717 -0.7921095 -0.6087718 -0.03396564 -0.6077771 -0.7933809 -0.03397142 -0.607808 -0.793357 -0.02135705 -0.3821161 -0.9238676 -0.02135002 -0.3820742 -0.9238851 -0.007282137 -0.1303198 -0.9914453 -0.007282137 -0.1303188 -0.9914455 0.05531489 0.9898981 -0.1305454 0.05154407 0.9224176 -0.382739 0.05155074 0.9224361 -0.3826934 0.04426884 0.7921359 -0.6087372 0.04427528 0.7921663 -0.6086972 0.03397274 0.6078341 -0.7933371 0.03396224 0.6077795 -0.7933793 0.02134883 0.3820539 -0.9238935 0.02135241 0.3820738 -0.9238852 0.007283866 0.1303349 -0.9914433 0.007282555 0.1303266 -0.9914445 0.05532103 0.9899044 -0.1304953 0.05532068 0.9898976 0.1305466 0.05531525 0.9899045 0.1304961 0.05154514 0.9224374 0.3826912 0.05154967 0.9224164 0.3827409 0.04427057 0.7921654 0.6086989 0.04427367 0.7921362 0.6087365 0.0339697 0.6077792 0.7933792 0.03396528 0.6078324 0.7933387 0.02135002 0.3820744 0.9238849 0.02135121 0.3820526 0.923894 0.007283389 0.1303271 0.9914444 0.007283091 0.1303357 0.9914432 -0.05532097 -0.989905 0.13049 -0.0515505 -0.9224386 0.3826875 -0.05155032 -0.9224369 0.3826914 -0.04426848 -0.792138 0.6087346 -0.04427164 -0.7921018 0.6087815 -0.0339697 -0.60778 0.7933786 -0.03396755 -0.6078072 0.7933579 -0.02135241 -0.3820757 0.9238845 -0.02135115 -0.3820965 0.9238759 -0.007282555 -0.1303268 0.9914444 -0.007282614 -0.1303285 0.9914441 -0.05532115 -0.989905 0.1304904 -0.05532109 -0.9899048 -0.1304918 -0.05532097 -0.989905 -0.13049 -0.05155062 -0.9224392 -0.3826861 -0.0515502 -0.9224372 -0.3826909 -0.0442667 -0.7921044 -0.6087785 -0.04427343 -0.7921345 -0.6087387 -0.03397119 -0.6078075 -0.7933576 -0.03396606 -0.6077798 -0.7933788 -0.02135354 -0.3820956 -0.9238761 -0.02135008 -0.3820768 -0.923884 -0.007282495 -0.1303263 -0.9914444 -0.007282555 -0.1303271 -0.9914444 0.05532091 0.9898979 -0.1305449 0.05155074 0.9224366 -0.3826921 0.0515508 0.9224383 -0.3826882 0.04426711 0.7921064 -0.6087759 0.04426747 0.7921116 -0.6087688 0.03396761 0.607807 -0.793358 0.03397262 0.6078327 -0.7933381 0.0213558 0.3820949 -0.9238763 0.02135592 0.3820946 -0.9238764 0.007284164 0.1303276 -0.9914442 0.007281661 0.1303113 -0.9914465 0.05532747 0.9899047 -0.1304902 0.05532711 0.9898975 0.1305452 0.05532127 0.989905 0.1304898 0.05155068 0.9224374 0.3826902 0.0515508 0.9224383 0.3826882 0.04426705 0.7921058 0.6087767 0.04426753 0.7921112 0.6087696 0.03396904 0.6078336 0.7933375 0.03397113 0.6078058 0.7933589 0.0213558 0.3820952 0.9238762 0.0213558 0.3820946 0.9238764 0.007283329 0.1303123 0.9914463 0.007282555 0.1303278 0.9914443 -0.007282078 -0.1303179 -0.9914456 -0.02135002 -0.3820776 -0.9238836 -0.02135366 -0.3820974 -0.9238755 -0.03396725 -0.6078057 -0.793359 -0.03396761 -0.6078056 -0.7933591 -0.04426711 -0.7921082 -0.6087734 -0.04427343 -0.7921351 -0.608738 -0.0515564 -0.9224367 -0.3826912 -0.05154949 -0.9224179 -0.3827373 -0.05532145 -0.9899048 -0.1304914 -0.05532097 -0.9899045 -0.130495 -0.007283568 -0.1303254 -0.9914446 0.007282614 0.1303181 -0.9914456 0.007284104 0.1303255 -0.9914446 0.02135556 0.3820974 -0.9238753 0.02134931 0.3820573 -0.923892 0.03396368 0.607805 -0.7933596 0.03396922 0.6078336 -0.7933376 0.04426729 0.7921082 -0.6087733 0.04427355 0.7921361 -0.6087367 0.0515576 0.9224575 -0.3826408 0.05154395 0.922417 -0.3827404 0.0553146 0.9898977 -0.1305481 0.05532783 0.9899122 -0.1304334 0.007283687 0.1303197 0.9914453 0.0213533 0.3820569 0.9238921 0.02135145 0.3820977 0.9238752 0.03396493 0.6078337 0.7933377 0.03396725 0.6078049 0.7933596 0.0442692 0.7921354 0.6087378 0.0442717 0.7921078 0.6087735 0.05155521 0.9224168 0.3827393 0.05154615 0.9224584 0.3826404 0.05531579 0.9899127 0.1304339 0.05532675 0.989897 0.1305484 0.007283389 0.1303275 0.9914443 -0.007283329 -0.1303198 0.9914453 -0.007282674 -0.1303271 0.9914444 -0.02135115 -0.3820977 0.9238753 -0.02135235 -0.3820772 0.9238838 -0.03396725 -0.6078063 0.7933586 -0.03396725 -0.6078053 0.7933595 -0.04426878 -0.7921352 0.6087381 -0.04427194 -0.7921071 0.6087747 -0.05155509 -0.9224178 0.3827372 -0.05155056 -0.9224378 0.3826893 -0.05532157 -0.9899044 0.1304944 -0.05532121 -0.9899047 0.1304928 -0.007282257 -0.1303161 -0.9914457 -0.02135348 -0.3820974 -0.9238755 -0.03396761 -0.6078057 -0.793359 -0.03396725 -0.6078056 -0.7933591 -0.04426741 -0.7921088 -0.6087727 -0.04427301 -0.7921357 -0.6087374 -0.05155616 -0.9224365 -0.3826917 -0.05155003 -0.9224175 -0.3827384 -0.05532127 -0.9899048 -0.1304914 -0.007283389 -0.1303237 -0.9914448 0.007282614 0.1303162 -0.9914458 0.007283747 0.1303238 -0.9914448 0.02135592 0.3820974 -0.9238753 0.02134919 0.3820573 -0.923892 0.04426681 0.7921093 -0.608772 0.04427391 0.7921361 -0.6087367 0.05155766 0.9224573 -0.3826413 0.05154371 0.9224168 -0.3827409 0.05531471 0.9898977 -0.1305481 0.007283866 0.130318 0.9914456 0.02135366 0.3820569 0.9238921 0.02135109 0.3820977 0.9238752 0.03396522 0.607835 0.7933366 0.03396755 0.6078057 0.7933589 0.0442689 0.7921354 0.6087378 0.04427206 0.7921078 0.6087735 0.05154633 0.9224584 0.3826404 0.05531567 0.9899128 0.1304339 0.007283031 0.1303256 0.9914445 -0.007282614 -0.1303179 0.9914456 -0.007282674 -0.1303254 0.9914446 -0.02135151 -0.3820977 0.9238753 -0.02135252 -0.3820772 0.9238838 -0.03396755 -0.6078076 0.7933576 -0.03396755 -0.6078065 0.7933584 -0.04427212 -0.7921071 0.6087747 -0.05155527 -0.9224178 0.3827372 -0.05155074 -0.9224378 0.3826893 -0.05532145 -0.9899044 0.1304944 -0.05532091 -0.9899047 0.1304928 -0.003649413 -0.06529986 -0.9978591 -0.01088589 -0.1947879 -0.9807851 -0.01088404 -0.1947833 -0.9807859 -0.01793342 -0.3209316 -0.9469326 -0.01794064 -0.3209551 -0.9469245 -0.0246849 -0.4416097 -0.8968677 -0.0246787 -0.4415913 -0.8968769 -0.0309993 -0.5546931 -0.8314774 -0.03099912 -0.5546934 -0.8314773 -0.03679031 -0.6583185 -0.7518399 -0.03679472 -0.6583302 -0.7518295 -0.04195618 -0.750675 -0.6593382 -0.04195111 -0.7506633 -0.6593519 -0.04639405 -0.8301678 -0.5555799 -0.04640018 -0.8301788 -0.555563 -0.05004978 -0.8954778 -0.4422833 -0.05004364 -0.8954687 -0.4423024 -0.05283701 -0.9454521 -0.321448 -0.05283701 -0.9454515 -0.3214496 -0.0547266 -0.9792633 -0.1950602 -0.05472654 -0.9792626 -0.1950634 -0.0556789 -0.9963028 -0.06542646 -0.05567884 -0.9963027 -0.06542694 -0.003649175 -0.0653001 -0.9978591 0.003649473 0.06529998 -0.9978591 0.003649115 0.06529998 -0.997859 0.01088559 0.1947882 -0.980785 0.0108844 0.1947833 -0.980786 0.01793378 0.3209396 -0.9469299 0.01793622 0.3209471 -0.9469273 0.02467864 0.4415906 -0.8968774 0.02468478 0.4416108 -0.8968671 0.03100669 0.5547044 -0.8314695 0.03100246 0.5546931 -0.8314772 0.03679513 0.6583308 -0.751829 0.03679037 0.6583178 -0.7518405 0.04195111 0.7506633 -0.6593518 0.04195106 0.7506626 -0.6593526 0.04639488 0.8301786 -0.5555638 0.04639488 0.8301804 -0.5555611 0.05004429 0.895479 -0.4422814 0.05003815 0.8954685 -0.4423035 0.05283105 0.9454523 -0.3214483 0.05283099 0.9454516 -0.3214502 0.05471998 0.9792585 -0.195086 0.05472642 0.979263 -0.1950618 0.05567872 0.9963045 -0.06540161 0.05567282 0.9963032 -0.0654273 0.003649115 0.0653007 0.997859 0.01088529 0.1947832 0.980786 0.01088476 0.1947883 0.980785 0.01793426 0.3209466 0.9469276 0.01793581 0.3209384 0.9469303 0.02467978 0.441612 0.8968667 0.02468401 0.4415917 0.8968765 0.03100585 0.5546929 0.8314772 0.03100329 0.5547051 0.8314693 0.0367946 0.6583182 0.75184 0.03679108 0.6583306 0.7518292 0.04195123 0.7506628 0.6593524 0.04195106 0.7506633 0.6593519 0.04639476 0.8301792 0.5555628 0.046395 0.8301794 0.5555626 0.05004364 0.8954689 0.4423023 0.05003869 0.8954785 0.4422832 0.05283117 0.9454518 0.3214495 0.05283093 0.9454521 0.3214488 0.05472046 0.9792636 0.1950611 0.054726 0.979258 0.1950874 0.05567866 0.996303 0.06542557 0.05567294 0.9963047 0.06540268 0.003649473 0.06530082 0.997859 -0.003649473 -0.06530076 0.997859 -0.003649115 -0.06530076 0.997859 -0.01088565 -0.1947833 0.980786 -0.0108847 -0.1947879 0.980785 -0.01793473 -0.3209546 0.9469248 -0.01793926 -0.3209305 0.9469329 -0.02468383 -0.4415916 0.8968767 -0.02467954 -0.4416123 0.8968665 -0.03099924 -0.5546928 0.8314777 -0.03099912 -0.5546948 0.8314763 -0.03679084 -0.6583309 0.7518291 -0.03679442 -0.6583173 0.7518408 -0.04195553 -0.7506628 0.6593521 -0.04195159 -0.750676 0.6593374 -0.04639482 -0.8301798 0.555562 -0.04639941 -0.8301673 0.5555804 -0.05004906 -0.8954679 0.4423034 -0.05004429 -0.8954788 0.442282 -0.05283707 -0.9454514 0.3214498 -0.05283701 -0.945452 0.3214481 -0.0547266 -0.9792633 0.1950603 -0.05472654 -0.9792626 0.1950634 -0.05567884 -0.9963029 0.06542545 -0.0556789 -0.9963027 0.06542825 0.002435147 0.04355531 0.9990481 0.007283687 0.1303183 0.9914455 0.007282733 0.1303202 0.9914453 0.0120781 0.2160999 0.9762966 0.0120759 0.2161022 0.9762961 0.01207655 0.2161015 0.9762962 0.0120787 0.2160993 0.9762967 0.01678079 0.3002398 0.9537162 0.01678085 0.3002395 0.9537163 0.02135515 0.3820891 0.9238788 0.02135556 0.3820894 0.9238786 0.02576768 0.4610262 0.8870123 0.02576738 0.4610272 0.887012 0.02998411 0.5364636 0.8433907 0.02998352 0.5364636 0.8433907 0.03397065 0.6078023 0.7933616 0.03396803 0.6078114 0.7933546 0.03769731 0.6745442 0.7372714 0.03770095 0.6745361 0.7372787 0.04114317 0.7361314 0.6755871 0.04114729 0.7361234 0.6755955 0.04427719 0.7921079 0.608773 0.04426348 0.7921333 0.608741 0.04705488 0.8420822 0.5372927 0.04706418 0.8420671 0.5373155 0.04949873 0.8856237 0.4617581 0.04949355 0.8856297 0.4617473 0.05155116 0.9224472 0.3826665 0.05156189 0.9224356 0.3826932 0.053227 0.952224 0.3007265 0.05321604 0.9522349 0.3006939 0.05447566 0.9747745 0.2164419 0.05447554 0.9747747 0.2164411 0.05532085 0.9899013 0.1305187 0.05532056 0.9899012 0.1305195 0.05574476 0.9974915 0.04362702 0.05573916 0.9974924 0.04361259 0.002433598 0.04355603 0.9990481 -0.002434551 -0.04355531 0.9990481 -0.002433836 -0.0435552 0.9990481 -0.007283031 -0.1303206 0.9914453 -0.007283091 -0.1303179 0.9914456 -0.01207828 -0.2161026 0.976296 -0.01207882 -0.2161027 0.9762959 -0.01677978 -0.3002346 0.9537178 -0.01677936 -0.3002398 0.9537162 -0.0213533 -0.382084 0.9238809 -0.0213527 -0.3820834 0.9238811 -0.02576518 -0.4610345 0.8870081 -0.025765 -0.4610334 0.8870088 -0.02998054 -0.5364642 0.8433904 -0.0299803 -0.5364633 0.843391 -0.03396797 -0.6078189 0.7933489 -0.03397464 -0.6078037 0.7933603 -0.03770482 -0.6745281 0.7372857 -0.03770095 -0.6745361 0.7372785 -0.04114347 -0.7361239 0.6755952 -0.04113948 -0.7361331 0.6755854 -0.04426836 -0.7921241 0.6087528 -0.04427659 -0.7921075 0.6087736 -0.0470696 -0.8420752 0.5373023 -0.04706525 -0.8420799 0.5372955 -0.04949915 -0.8856301 0.4617457 -0.04949921 -0.8856295 0.4617472 -0.05155652 -0.9224414 0.3826799 -0.05155676 -0.9224412 0.3826803 -0.05322164 -0.9522297 0.3007091 -0.05321621 -0.9522346 0.3006949 -0.05447578 -0.9747743 0.2164427 -0.05447626 -0.9747747 0.2164407 -0.05532157 -0.9899009 0.1305218 -0.05532091 -0.9899013 0.1305187 -0.05574512 -0.9974915 0.04362839 -0.05575108 -0.9974904 0.04364407 -0.002434015 -0.04355627 -0.9990481 -0.007283687 -0.130318 -0.9914455 -0.007283449 -0.1303205 -0.9914453 -0.01207834 -0.2161028 -0.976296 -0.01207828 -0.2161024 -0.976296 -0.01678085 -0.3002399 -0.9537162 -0.01677858 -0.3002346 -0.953718 -0.02135246 -0.382084 -0.9238809 -0.02135288 -0.3820834 -0.9238811 -0.02576482 -0.4610345 -0.8870081 -0.02576512 -0.4610334 -0.8870088 -0.02998018 -0.5364622 -0.8433918 -0.0299803 -0.5364621 -0.8433917 -0.03396743 -0.6078046 -0.7933598 -0.03397542 -0.6078208 -0.7933472 -0.03770482 -0.6745359 -0.7372786 -0.03770065 -0.6745265 -0.7372874 -0.04114401 -0.7361318 -0.6755866 -0.04113888 -0.7361252 -0.6755941 -0.04426771 -0.7921087 -0.6087726 -0.04427736 -0.7921229 -0.6087536 -0.0470699 -0.842082 -0.5372918 -0.04706501 -0.8420726 -0.5373067 -0.04949927 -0.8856302 -0.4617456 -0.04949915 -0.8856304 -0.4617453 -0.0515564 -0.9224412 -0.3826806 -0.05155682 -0.9224409 -0.3826808 -0.05322206 -0.9522343 -0.3006946 -0.0532158 -0.9522299 -0.3007099 -0.05447578 -0.9747744 -0.2164429 -0.05447626 -0.9747751 -0.2164393 -0.05532157 -0.989901 -0.1305204 -0.05532085 -0.9899011 -0.1305201 -0.05574512 -0.9974908 -0.04364383 -0.05575102 -0.997491 -0.04362815 -0.002434194 -0.04355627 -0.9990481 0.002434551 0.04355633 -0.9990481 0.002434551 0.04355704 -0.999048 0.007283031 0.1303203 -0.9914453 0.007282793 0.1303183 -0.9914455 0.01207655 0.2160991 -0.9762968 0.0120784 0.2161024 -0.9762961 0.01678001 0.3002393 -0.9537163 0.01678138 0.3002398 -0.9537162 0.02135515 0.382089 -0.9238787 0.0213558 0.3820896 -0.9238786 0.02576768 0.4610271 -0.8870119 0.02576714 0.4610262 -0.8870124 0.02998375 0.536462 -0.8433917 0.02998316 0.5364627 -0.8433913 0.03397101 0.6078121 -0.7933541 0.03396779 0.6078047 -0.7933597 0.03769695 0.6745362 -0.7372787 0.03770107 0.6745427 -0.7372726 0.04114258 0.736124 -0.6755952 0.04114806 0.7361314 -0.6755868 0.04427832 0.7921328 -0.6087406 0.04426234 0.7921089 -0.6087728 0.04705399 0.8420676 -0.5373158 0.04706501 0.8420813 -0.5372933 0.04949885 0.8856302 -0.4617456 0.04949319 0.8856235 -0.4617592 0.05155032 0.9224357 -0.3826944 0.0515626 0.9224469 -0.3826658 0.0532276 0.9522335 -0.3006962 0.05321556 0.9522252 -0.3007248 0.05447566 0.9747742 -0.2164433 0.0544756 0.974775 -0.2164396 0.05532091 0.9899013 -0.1305189 0.05532062 0.9899012 -0.1305195 0.05574482 0.9974921 -0.0436123 0.05573916 0.9974918 -0.0436269 0.004863202 0.08702087 -0.9961946 0.01444154 0.2584141 -0.9659264 0.01444154 0.2584136 -0.9659265 0.02358126 0.4219577 -0.9063089 0.0235812 0.4219575 -0.9063089 0.03200381 0.5726692 -0.8191617 0.03200381 0.5726694 -0.8191614 0.03945571 0.7060131 -0.7070989 0.03945583 0.7060133 -0.7070986 0.04570686 0.817869 -0.5735862 0.04571026 0.8178849 -0.5735633 0.05057311 0.9048932 -0.4226236 0.05057317 0.9048941 -0.4226219 0.05389964 0.964415 -0.2588408 0.05389976 0.9644161 -0.2588369 0.05558925 0.9946444 -0.08713567 0.05558913 0.9946443 -0.08713638 0.004863202 0.08702087 -0.9961946 -0.004863023 -0.08701801 -0.9961949 -0.00486344 -0.08702093 -0.9961946 -0.01444286 -0.2584221 -0.9659242 -0.01444154 -0.2584137 -0.9659265 -0.02358186 -0.4219706 -0.9063028 -0.02358198 -0.4219706 -0.9063028 -0.03200393 -0.5726693 -0.8191615 -0.03200381 -0.5726689 -0.8191618 -0.03945487 -0.7059968 -0.7071152 -0.03945481 -0.7059957 -0.7071163 -0.04570776 -0.8178846 -0.573564 -0.04571115 -0.8179007 -0.5735407 -0.05057317 -0.9048939 -0.4226222 -0.05056971 -0.9048814 -0.4226496 -0.05389726 -0.964424 -0.258808 -0.0538972 -0.9644238 -0.2588087 -0.05558586 -0.9946416 -0.08716851 -0.05558907 -0.9946445 -0.08713436 -0.004863321 -0.08701848 0.9961948 -0.0144422 -0.2584127 0.9659268 -0.01444196 -0.2584212 0.9659244 -0.02358198 -0.4219704 0.9063029 -0.02358198 -0.4219709 0.9063027 -0.03200381 -0.5726695 0.8191615 -0.03200387 -0.5726698 0.8191613 -0.03945487 -0.7059953 0.7071167 -0.03945475 -0.705996 0.707116 -0.04570865 -0.8179012 0.5735404 -0.04571032 -0.8178848 0.5735636 -0.05057245 -0.9048812 0.4226496 -0.05057036 -0.9048941 0.4226222 -0.05389726 -0.9644238 0.2588087 -0.05389714 -0.964424 0.2588077 -0.05558598 -0.9946446 0.08713436 -0.05558896 -0.9946414 0.08716863 -0.004863142 -0.08702141 0.9961947 0.004863202 0.08702158 0.9961946 0.004863202 0.08702123 0.9961947 0.01444154 0.258413 0.9659267 0.01444143 0.2584128 0.9659267 0.02358126 0.4219575 0.9063089 0.02358126 0.4219576 0.906309 0.03200381 0.5726687 0.819162 0.03200387 0.5726708 0.8191606 0.03945577 0.7060132 0.7070989 0.03945577 0.7060126 0.7070994 0.04570776 0.8178848 0.5735638 0.04570955 0.8178699 0.5735849 0.05057305 0.9048933 0.4226235 0.05057317 0.9048939 0.4226222 0.0538997 0.9644154 0.2588393 0.0538997 0.9644157 0.2588384 0.05558919 0.9946443 0.08713638 0.05558913 0.9946443 0.08713638</float_array>
          <technique_common>
            <accessor source="#Leg_B_007-mesh-normals-array" count="2748" stride="3">
              <param name="X" type="float"/>
              <param name="Y" type="float"/>
              <param name="Z" type="float"/>
            </accessor>
          </technique_common>
        </source>
        <vertices id="Leg_B_007-mesh-vertices">
          <input semantic="POSITION" source="#Leg_B_007-mesh-positions"/>
        </vertices>
        <triangles count="2824">
          <input semantic="VERTEX" source="#Leg_B_007-mesh-vertices" offset="0"/>
          <input semantic="NORMAL" source="#Leg_B_007-mesh-normals" offset="1"/>
          <p>1 0 5 0 8 0 14 1 18 1 22 1 21 2 24 2 29 2 32 3 34 3 40 3 32 4 40 4 44 4 32 5 44 5 48 5 32 6 48 6 51 6 32 7 51 7 54 7 32 8 54 8 57 8 32 9 57 9 60 9 32 10 60 10 63 10 63 11 60 11 66 11 63 12 66 12 68 12 63 13 68 13 72 13 63 14 72 14 75 14 63 15 75 15 78 15 63 16 78 16 82 16 63 17 82 17 85 17 63 18 85 18 89 18 63 19 89 19 95 19 64 20 96 20 100 20 63 21 99 21 103 21 63 22 103 22 107 22 63 23 107 23 110 23 5 24 113 24 116 24 5 25 116 25 95 25 5 26 95 26 89 26 5 27 89 27 117 27 5 28 117 28 120 28 5 29 120 29 124 29 5 30 124 30 127 30 5 31 127 31 130 31 5 32 130 32 135 32 5 33 135 33 8 33 24 34 139 34 142 34 24 35 142 35 146 35 24 36 146 36 151 36 24 37 151 37 155 37 24 38 155 38 29 38 1 39 8 39 160 39 1 40 160 40 139 40 1 41 139 41 24 41 162 42 167 42 170 42 162 43 170 43 174 43 162 44 174 44 178 44 162 45 178 45 181 45 162 46 181 46 184 46 162 47 184 47 13 47 162 48 13 48 21 48 21 49 185 49 188 49 21 50 188 50 192 50 21 51 192 51 195 51 21 52 195 52 162 52 200 53 202 53 208 53 200 54 208 54 212 54 200 55 212 55 215 55 200 56 215 56 218 56 200 57 218 57 221 57 200 58 221 58 224 58 200 59 224 59 226 59 200 60 226 60 228 60 200 61 228 61 232 61 200 62 232 62 185 62 200 63 185 63 21 63 200 64 21 64 29 64 238 65 208 65 202 65 238 66 202 66 239 66 238 67 239 67 242 67 238 68 242 68 246 68 238 69 246 69 250 69 238 70 250 70 255 70 30 71 156 71 260 71 29 72 259 72 263 72 29 73 263 73 267 73 29 74 267 74 270 74 29 75 270 75 272 75 29 76 272 76 274 76 29 77 274 77 277 77 29 78 277 78 280 78 29 79 280 79 283 79 29 80 283 80 286 80 29 81 286 81 290 81 28 82 289 82 293 82 29 83 294 83 299 83 29 84 299 84 8 84 167 85 162 85 302 85 167 86 302 86 305 86 167 87 305 87 309 87 167 88 309 88 312 88 167 89 312 89 315 89 167 90 315 90 319 90 167 91 319 91 323 91 167 92 323 92 327 92 255 93 167 93 327 93 255 94 327 94 330 94 255 95 330 95 333 95 255 96 333 96 337 96 255 97 337 97 341 97 255 98 341 98 345 98 255 99 345 99 238 99 135 100 130 100 346 100 135 101 346 101 350 101 135 102 350 102 354 102 135 103 354 103 357 103 135 104 357 104 360 104 135 105 360 105 364 105 135 106 364 106 368 106 135 107 368 107 372 107 135 108 372 108 373 108 40 109 34 109 376 109 40 110 376 110 380 110 40 111 380 111 384 111 40 112 384 112 373 112 40 113 373 113 372 113 8 114 299 114 387 114 8 115 387 115 390 115 8 116 390 116 394 116 8 117 394 117 397 117 8 118 397 118 400 118 8 119 400 119 403 119 8 120 403 120 407 120 8 121 407 121 412 121 8 122 412 122 415 122 8 123 415 123 418 123 8 124 418 124 422 124 9 125 423 125 161 125 425 126 430 126 433 126 433 127 430 127 437 127 433 128 437 128 441 128 441 129 437 129 444 129 441 130 444 130 447 130 447 131 444 131 451 131 447 132 451 132 454 132 454 133 451 133 458 133 454 134 458 134 462 134 462 135 458 135 465 135 462 136 465 136 469 136 469 137 465 137 146 137 470 138 147 138 143 138 430 139 425 139 472 139 472 140 425 140 474 140 472 141 474 141 477 141 477 142 474 142 480 142 477 143 480 143 484 143 484 144 480 144 487 144 484 145 487 145 490 145 490 146 487 146 493 146 490 147 493 147 496 147 496 148 493 148 499 148 496 149 499 149 503 149 503 150 499 150 509 150 502 151 508 151 513 151 512 152 507 152 297 152 513 153 298 153 293 153 517 154 519 154 177 154 177 155 519 155 179 155 522 156 165 156 525 156 525 156 165 156 254 156 531 157 534 157 537 157 531 158 537 158 540 158 531 159 540 159 544 159 531 160 544 160 548 160 531 161 548 161 521 161 531 162 521 162 518 162 531 163 518 163 552 163 531 164 552 164 556 164 531 165 556 165 524 165 531 166 524 166 526 166 531 167 526 167 558 167 531 168 558 168 562 168 531 169 562 169 565 169 531 170 565 170 568 170 531 171 568 171 572 171 531 172 572 172 575 172 531 173 575 173 578 173 531 174 578 174 582 174 531 175 582 175 585 175 531 176 585 176 588 176 590 177 594 177 597 177 590 178 597 178 601 178 590 179 601 179 604 179 590 180 604 180 608 180 590 181 608 181 612 181 590 182 612 182 616 182 590 183 616 183 620 183 590 184 620 184 624 184 590 185 624 185 627 185 590 186 627 186 630 186 590 187 630 187 634 187 590 188 634 188 638 188 591 189 639 189 643 189 588 190 590 190 642 190 588 191 642 191 646 191 588 192 646 192 650 192 588 193 650 193 653 193 588 194 653 194 656 194 588 195 656 195 659 195 588 196 659 196 662 196 588 197 662 197 665 197 588 198 665 198 669 198 588 199 669 199 531 199 595 200 673 200 677 200 594 201 676 201 679 201 594 202 679 202 681 202 594 203 681 203 684 203 594 204 684 204 687 204 594 205 687 205 690 205 594 206 690 206 694 206 594 207 694 207 698 207 594 208 698 208 702 208 594 209 702 209 706 209 594 210 706 210 709 210 594 211 709 211 597 211 537 212 534 212 716 212 537 213 716 213 719 213 537 214 719 214 722 214 537 215 722 215 725 215 537 216 725 216 729 216 537 217 729 217 732 217 537 218 732 218 735 218 537 219 735 219 672 219 537 220 672 220 594 220 516 221 176 221 551 221 550 222 175 222 173 222 549 223 172 223 555 223 554 224 171 224 169 224 553 225 168 225 523 225 523 226 168 226 166 226 573 227 571 227 97 227 97 228 571 228 102 228 560 229 557 229 61 229 61 229 557 229 31 229 561 230 62 230 563 230 563 231 62 231 108 231 564 232 109 232 566 232 566 233 109 233 104 233 567 234 105 234 569 234 570 235 106 235 101 235 584 236 112 236 587 236 587 237 112 237 4 237 574 238 98 238 576 238 576 239 98 239 92 239 577 240 94 240 580 240 579 241 93 241 114 241 581 242 115 242 583 242 583 243 115 243 111 243 536 237 20 237 539 237 539 244 20 244 17 244 538 245 16 245 543 245 542 246 15 246 12 246 541 247 11 247 547 247 546 248 10 248 183 248 545 249 182 249 520 249 520 250 182 250 180 250 738 251 741 251 744 251 748 252 752 252 756 252 748 253 759 253 752 253 762 254 765 254 768 254 771 255 762 255 768 255 774 256 778 256 781 256 785 257 790 257 794 257 797 258 800 258 803 258 806 259 809 259 812 259 816 260 771 260 768 260 816 261 768 261 819 261 816 262 819 262 822 262 816 263 822 263 825 263 816 264 825 264 828 264 816 265 828 265 831 265 816 266 831 266 781 266 816 267 781 267 778 267 835 268 840 268 789 268 835 269 789 269 784 269 835 270 784 270 845 270 835 271 845 271 848 271 835 272 848 272 851 272 835 273 851 273 855 273 835 274 855 274 859 274 835 275 859 275 863 275 835 276 863 276 867 276 835 277 867 277 871 277 835 278 871 278 874 278 835 279 874 279 877 279 836 280 878 280 882 280 834 281 881 281 885 281 871 282 867 282 889 282 871 283 889 283 893 283 870 284 892 284 896 284 900 285 871 285 897 285 900 286 897 286 903 286 900 287 903 287 907 287 900 288 907 288 741 288 741 289 738 289 910 289 741 290 910 290 913 290 741 291 913 291 916 291 741 292 916 292 919 292 741 293 919 293 900 293 922 294 925 294 928 294 922 295 928 295 932 295 922 296 932 296 936 296 922 297 936 297 940 297 922 298 940 298 946 298 922 299 946 299 949 299 922 300 949 300 952 300 922 301 952 301 955 301 922 302 955 302 959 302 922 303 959 303 963 303 922 304 963 304 966 304 922 305 966 305 969 305 922 306 969 306 972 306 922 307 972 307 975 307 922 308 975 308 980 308 922 309 980 309 983 309 922 310 983 310 986 310 922 311 986 311 989 311 922 312 989 312 992 312 992 313 989 313 996 313 992 314 996 314 999 314 992 315 999 315 1002 315 992 316 1002 316 1005 316 992 317 1005 317 1008 317 992 318 1008 318 1011 318 992 319 1011 319 1014 319 992 320 1014 320 1018 320 992 321 1018 321 1022 321 992 322 1022 322 1026 322 992 323 1026 323 1030 323 980 324 975 324 1034 324 980 325 1034 325 1037 325 980 326 1037 326 1040 326 980 327 1040 327 1043 327 980 328 1043 328 1046 328 980 329 1046 329 1049 329 980 330 1049 330 1052 330 980 331 1052 331 1055 331 980 332 1055 332 1059 332 980 333 1059 333 752 333 980 334 752 334 759 334 980 335 759 335 1062 335 980 336 1062 336 1065 336 980 337 1065 337 1068 337 980 338 1068 338 1071 338 1075 339 797 339 803 339 1075 340 803 340 1079 340 1076 341 1080 341 1085 341 1074 342 1084 342 979 342 1075 343 980 343 1071 343 841 344 1031 344 1090 344 839 345 1089 345 1094 345 840 346 1095 346 1098 346 944 347 1101 347 1105 347 946 348 1106 348 1110 348 946 349 1110 349 1113 349 946 350 1113 350 1116 350 946 351 1116 351 1120 351 945 352 1119 352 755 352 946 353 756 353 752 353 946 354 752 354 1123 354 946 355 1123 355 1126 355 946 356 1126 356 1129 356 946 357 1129 357 1132 357 946 358 1132 358 1135 358 946 359 1135 359 1138 359 946 360 1138 360 1141 360 946 361 1141 361 1144 361 946 362 1144 362 1147 362 946 363 1147 363 949 363 928 364 1151 364 1155 364 928 365 1155 365 1159 365 928 366 1159 366 1162 366 928 367 1162 367 1165 367 928 368 1165 368 1168 368 928 369 1168 369 1171 369 928 370 1171 370 1174 370 928 371 1174 371 1177 371 928 372 1177 372 1180 372 928 373 1180 373 1183 373 929 374 1184 374 933 374 928 375 1187 375 1151 375 1151 376 1187 376 1191 376 1151 377 1191 377 1194 377 1194 378 1191 378 738 378 1194 379 738 379 744 379 765 380 762 380 1197 380 1197 381 762 381 1202 381 1198 382 1203 382 1207 382 1208 383 1204 383 745 383 744 384 1202 384 1211 384 744 385 1211 385 1194 385 774 386 781 386 1214 386 1214 387 781 387 1217 387 1214 388 1217 388 789 388 789 389 1217 389 1220 389 789 390 1220 390 793 390 840 391 835 391 1030 391 1030 392 835 392 1223 392 1030 393 1223 393 992 393 993 394 1224 394 1228 394 800 395 797 395 1231 395 1231 396 797 396 1234 396 1231 397 1234 397 1237 397 1237 398 1234 398 1240 398 1240 399 1234 399 1243 399 1240 400 1243 400 1246 400 1246 401 1243 401 1249 401 1246 402 1249 402 1252 402 1252 403 1249 403 1255 403 1252 404 1255 404 1258 404 1258 405 1255 405 1261 405 1261 406 1255 406 1098 406 1261 407 1098 407 1095 407 1264 408 1267 408 1270 408 1270 409 1267 409 1106 409 1271 410 1107 410 1102 410 806 411 812 411 1274 411 1274 412 812 412 1267 412 1274 413 1267 413 1264 413 812 414 809 414 1277 414 1277 415 809 415 1280 415 1277 416 1280 416 1283 416 1283 417 1280 417 1286 417 1283 418 1286 418 1289 418 1289 419 1286 419 1292 419 1289 420 1292 420 1295 420 1289 421 1295 421 1298 421 1298 422 1295 422 1302 422 1298 423 1302 423 1306 423 1298 424 1306 424 1194 424 1194 425 1306 425 1310 425 1194 426 1310 426 1151 426 1313 427 1315 427 1321 427 1325 428 1326 428 1332 428 1326 429 1336 429 1332 429 1339 430 1342 430 1343 430 1339 431 1343 431 1346 431 1352 432 1353 432 1356 432 1362 433 1364 433 1369 433 1373 434 1376 434 1379 434 1382 435 1385 435 1388 435 1389 436 1353 436 1352 436 1389 437 1352 437 1395 437 1389 438 1395 438 1398 438 1389 439 1398 439 1401 439 1389 440 1401 440 1404 440 1389 441 1404 441 1407 441 1389 442 1407 442 1339 442 1389 443 1339 443 1346 443 1410 444 1415 444 1418 444 1412 445 1419 445 1423 445 1411 446 1422 446 1426 446 1411 447 1426 447 1431 447 1411 448 1431 448 1432 448 1411 449 1432 449 1436 449 1411 450 1436 450 1440 450 1411 451 1440 451 1444 451 1411 452 1444 452 1447 452 1411 453 1447 453 1450 453 1411 454 1450 454 1454 454 1411 455 1454 455 1368 455 1411 456 1368 456 1363 456 1411 457 1363 457 1458 457 1429 458 1462 458 1466 458 1430 459 1467 459 1471 459 1431 460 1472 460 1432 460 1478 461 1315 461 1479 461 1478 462 1479 462 1482 462 1478 463 1482 463 1463 463 1478 464 1463 464 1431 464 1315 465 1478 465 1487 465 1315 466 1487 466 1490 466 1315 467 1490 467 1493 467 1315 468 1493 468 1496 468 1315 469 1496 469 1321 469 1499 470 1504 470 1508 470 1499 471 1508 471 1512 471 1499 472 1512 472 1516 472 1499 473 1516 473 1521 473 1499 474 1521 474 1525 474 1499 475 1525 475 1528 475 1499 476 1528 476 1531 476 1499 477 1531 477 1535 477 1499 478 1535 478 1539 478 1499 479 1539 479 1542 479 1499 480 1542 480 1545 480 1499 481 1545 481 1548 481 1500 482 1549 482 1554 482 1499 483 1553 483 1559 483 1499 484 1559 484 1563 484 1499 485 1563 485 1566 485 1501 486 1567 486 1571 486 1499 487 1570 487 1575 487 1499 488 1575 488 1579 488 1504 489 1580 489 1585 489 1504 490 1585 490 1589 490 1504 491 1589 491 1593 491 1504 492 1593 492 1596 492 1504 493 1596 493 1599 493 1504 494 1599 494 1602 494 1504 495 1602 495 1606 495 1504 496 1606 496 1610 496 1504 497 1610 497 1613 497 1504 498 1613 498 1616 498 1505 499 1617 499 1509 499 1521 500 1620 500 1623 500 1521 501 1623 501 1626 501 1521 502 1626 502 1630 502 1520 503 1629 503 1335 503 1521 504 1336 504 1326 504 1521 505 1326 505 1631 505 1521 506 1631 506 1634 506 1521 507 1634 507 1637 507 1521 508 1637 508 1640 508 1521 509 1640 509 1643 509 1521 510 1643 510 1646 510 1521 511 1646 511 1650 511 1521 512 1650 512 1654 512 1521 513 1654 513 1657 513 1521 514 1657 514 1525 514 1660 515 1620 515 1521 515 1661 516 1522 516 1665 516 1660 517 1664 517 1668 517 1660 518 1668 518 1373 518 1660 519 1373 519 1379 519 1458 520 1669 520 1673 520 1457 521 1672 521 1677 521 1459 522 1678 522 1581 522 1558 523 1552 523 1684 523 1559 524 1685 524 1688 524 1559 525 1688 525 1690 525 1559 526 1690 526 1692 526 1559 527 1692 527 1695 527 1559 528 1695 528 1698 528 1559 529 1698 529 1701 529 1559 530 1701 530 1704 530 1559 531 1704 531 1707 531 1559 532 1707 532 1326 532 1559 533 1326 533 1325 533 1558 534 1324 534 1713 534 1559 535 1714 535 1717 535 1559 536 1717 536 1720 536 1559 537 1720 537 1723 537 1559 538 1723 538 1727 538 1560 539 1728 539 1733 539 1576 540 1572 540 1737 540 1575 541 1736 541 1740 541 1575 542 1740 542 1743 542 1575 543 1743 543 1745 543 1575 544 1745 544 1747 544 1575 545 1747 545 1750 545 1575 546 1750 546 1753 546 1575 547 1753 547 1756 547 1575 548 1756 548 1760 548 1575 549 1760 549 1764 549 1575 550 1764 550 1768 550 1313 551 1321 551 1772 551 1772 552 1321 552 1777 552 1772 553 1777 553 1768 553 1768 554 1777 554 1781 554 1768 555 1781 555 1575 555 1785 556 1787 556 1792 556 1792 557 1787 557 1343 557 1792 558 1343 558 1342 558 1772 559 1793 559 1313 559 1313 560 1793 560 1787 560 1312 561 1786 561 1784 561 1361 562 1799 562 1363 562 1363 563 1799 563 1802 563 1363 564 1802 564 1803 564 1803 565 1802 565 1352 565 1803 566 1352 566 1356 566 1458 567 1580 567 1411 567 1411 568 1580 568 1810 568 1580 569 1504 569 1810 569 1810 570 1504 570 1813 570 1816 571 1819 571 1822 571 1822 572 1819 572 1379 572 1822 573 1379 573 1376 573 1823 574 1826 574 1829 574 1829 575 1826 575 1832 575 1829 576 1832 576 1835 576 1835 577 1832 577 1839 577 1835 578 1839 578 1842 578 1842 579 1839 579 1819 579 1842 580 1819 580 1816 580 1673 581 1669 581 1844 581 1844 582 1669 582 1826 582 1844 583 1826 583 1823 583 1732 584 1726 584 1850 584 1851 585 1727 585 1854 585 1851 586 1854 586 1857 586 1857 587 1854 587 1860 587 1860 588 1854 588 1382 588 1860 589 1382 589 1388 589 1861 590 1864 590 1867 590 1867 591 1864 591 1870 591 1867 592 1870 592 1873 592 1873 593 1870 593 1877 593 1873 594 1877 594 1880 594 1880 595 1877 595 1385 595 1880 596 1385 596 1382 596 1882 597 1886 597 1889 597 1889 598 1886 598 1861 598 1889 599 1861 599 1867 599 1768 600 1892 600 1772 600 1772 601 1892 601 1882 601 1772 602 1882 602 1889 602 960 603 1533 603 965 603 964 604 1532 604 1530 604 964 605 1530 605 968 605 967 606 1529 606 1527 606 967 607 1527 607 971 607 970 608 1526 608 1524 608 970 609 1524 609 974 609 973 610 1523 610 1656 610 973 611 1656 611 1033 611 1032 612 1655 612 1653 612 1032 613 1653 613 1036 613 1035 614 1652 614 1649 614 1035 615 1649 615 1038 615 1534 616 961 616 1537 616 1538 617 962 617 958 617 1536 618 957 618 1541 618 1540 619 956 619 954 619 1540 620 954 620 1544 620 1543 621 953 621 951 621 1543 622 951 622 1547 622 1546 623 950 623 948 623 1546 624 948 624 1551 624 1550 625 947 625 1146 625 1550 626 1146 626 1683 626 1682 627 1145 627 1143 627 1682 628 1143 628 1687 628 1686 629 1142 629 1139 629 1686 630 1139 630 1689 630 749 631 1709 631 1122 631 1121 632 1708 632 1706 632 1121 633 1706 633 1125 633 1124 634 1705 634 1703 634 1124 635 1703 635 1128 635 1127 636 1702 636 1700 636 1127 637 1700 637 1131 637 1130 638 1699 638 1697 638 1130 639 1697 639 1134 639 1133 640 1696 640 1694 640 1133 641 1694 641 1137 641 1136 642 1693 642 1691 642 1136 643 1691 643 1140 643 1710 644 751 644 1329 644 1328 645 750 645 1058 645 1327 646 1057 646 1633 646 1632 647 1056 647 1054 647 1632 648 1054 648 1636 648 1635 649 1053 649 1051 649 1635 650 1051 650 1639 650 1638 651 1050 651 1048 651 1638 652 1048 652 1642 652 1641 653 1047 653 1045 653 1641 654 1045 654 1645 654 1644 655 1044 655 1042 655 1644 656 1042 656 1648 656 1647 657 1041 657 1039 657 1647 658 1039 658 1651 658 1238 659 1814 659 1235 659 1236 660 1815 660 1820 660 1236 661 1820 661 1229 661 1230 662 1821 662 1374 662 1230 663 1374 663 798 663 799 664 1375 664 1371 664 799 665 1371 665 801 665 802 666 1372 666 1666 666 802 667 1666 667 1077 667 1078 668 1667 668 1662 668 1078 669 1662 669 1081 669 1082 670 1663 670 1517 670 1083 671 1519 671 978 671 1814 672 1238 672 1841 672 1843 673 1239 673 1244 673 1843 674 1244 674 1836 674 1837 675 1245 675 1250 675 1837 676 1250 676 1830 676 1831 677 1251 677 1256 677 1831 678 1256 678 1824 678 1825 679 1257 679 1259 679 1825 680 1259 680 1845 680 1846 681 1260 681 1091 681 1847 682 1092 682 1674 682 1676 683 1093 683 1087 683 1675 684 1086 684 1679 684 1680 685 1088 685 1027 685 1681 686 1029 686 1584 686 1004 687 1603 687 1006 687 1007 688 1604 688 1600 688 1007 689 1600 689 1009 689 1010 690 1601 690 1597 690 1010 691 1597 691 1012 691 1013 692 1598 692 1594 692 1013 693 1594 693 1015 693 1017 694 1595 694 1591 694 1016 695 1590 695 1019 695 1020 696 1592 696 1586 696 1021 697 1587 697 1023 697 1024 698 1588 698 1582 698 1025 699 1583 699 1028 699 1603 700 1004 700 1607 700 1605 701 1003 701 1000 701 1605 702 1000 702 1608 702 1609 703 1001 703 997 703 1609 704 997 704 1611 704 1612 705 998 705 994 705 1612 706 994 706 1614 706 1615 707 995 707 987 707 1615 708 987 708 1506 708 1507 709 988 709 984 709 1507 710 984 710 1510 710 1511 711 985 711 981 711 1511 712 981 712 1513 712 1514 713 982 713 976 713 1515 714 977 714 1518 714 823 715 1397 715 827 715 826 716 1396 716 1394 716 826 717 1394 717 830 717 829 718 1393 718 1351 718 829 719 1351 719 780 719 779 720 1350 720 1801 720 779 721 1801 721 1216 721 1215 722 1800 722 1798 722 1215 723 1798 723 1219 723 1218 724 1797 724 1360 724 1218 725 1360 725 792 725 791 726 1359 726 1367 726 791 727 1367 727 782 727 1397 728 823 728 1399 728 1400 729 824 729 821 729 1400 730 821 730 1403 730 1402 731 820 731 818 731 1402 732 818 732 1406 732 1405 733 817 733 767 733 1405 734 767 734 1338 734 1337 735 766 735 764 735 1337 736 764 736 1341 736 1340 737 763 737 1196 737 1340 738 1196 738 1791 738 1790 739 1195 739 1206 739 1790 740 1206 740 1783 740 1782 741 1205 741 742 741 1782 742 742 742 1311 742 864 743 1474 743 888 743 886 744 1473 744 1469 744 887 745 1470 745 891 745 890 746 1468 746 1465 746 890 747 1465 747 895 747 894 748 1464 748 1484 748 894 749 1484 749 902 749 901 750 1483 750 1481 750 901 751 1481 751 906 751 905 752 1480 752 1318 752 904 753 1317 753 740 753 739 754 1316 754 1314 754 739 755 1314 755 743 755 1475 756 866 756 1435 756 1434 757 865 757 862 757 1433 758 861 758 1439 758 1438 759 860 759 858 759 1437 760 857 760 1443 760 1441 761 856 761 853 761 1442 762 854 762 1446 762 1445 763 852 763 850 763 1445 764 850 764 1449 764 1448 765 849 765 847 765 1448 766 847 766 1453 766 1451 767 846 767 843 767 1452 768 844 768 1456 768 1455 769 842 769 783 769 1455 770 783 770 1370 770 1172 771 1741 771 1175 771 1176 772 1742 772 1738 772 1176 773 1738 773 1178 773 1179 774 1739 774 1734 774 1179 775 1734 775 1181 775 1182 776 1735 776 1568 776 1182 777 1568 777 930 777 931 778 1569 778 1564 778 931 779 1564 779 934 779 935 780 1565 780 1561 780 935 781 1561 781 937 781 938 782 1562 782 1555 782 939 783 1557 783 943 783 1741 784 1172 784 1744 784 1746 785 1173 785 1169 785 1746 786 1169 786 1748 786 1749 787 1170 787 1166 787 1749 788 1166 788 1751 788 1752 789 1167 789 1163 789 1752 790 1163 790 1754 790 1755 791 1164 791 1160 791 1755 792 1160 792 1757 792 1758 793 1161 793 1156 793 1759 794 1157 794 1761 794 1763 795 1158 795 1153 795 1762 796 1152 796 1765 796 1766 797 1154 797 1148 797 1767 798 1150 798 1771 798 1279 799 1871 799 1284 799 1285 800 1872 800 1865 800 1285 689 1865 689 1290 689 1291 801 1866 801 1862 801 1291 802 1862 802 1293 802 1294 803 1863 803 1887 803 1294 804 1887 804 1299 804 1301 805 1888 805 1884 805 1300 695 1883 695 1303 695 1304 806 1885 806 1893 806 1305 807 1894 807 1307 807 1308 808 1895 808 1769 808 1309 809 1770 809 1149 809 1871 810 1279 810 1878 810 1876 811 1278 811 807 811 1876 812 807 812 1383 812 1384 703 808 703 804 703 1384 813 804 813 1386 813 1387 814 805 814 1272 814 1387 815 1272 815 1858 815 1859 816 1273 816 1262 816 1859 817 1262 817 1855 817 1856 818 1263 818 1268 818 1856 819 1268 819 1848 819 1849 820 1269 820 1099 820 1849 821 1099 821 1729 821 1730 713 1100 713 941 713 1731 822 942 822 1556 822 1899 823 1903 823 1907 823 1898 824 1906 824 1911 824 1898 825 1911 825 1914 825 1898 826 1914 826 1917 826 1898 827 1917 827 1921 827 1898 828 1921 828 1924 828 1898 829 1924 829 1927 829 1898 830 1927 830 1930 830 1898 831 1930 831 1933 831 1898 832 1933 832 1936 832 1898 833 1936 833 1940 833 1898 834 1940 834 1944 834 1898 835 1944 835 1948 835 1898 836 1948 836 1951 836 1898 837 1951 837 1955 837 1898 838 1955 838 1959 838 1898 839 1959 839 1962 839 1966 840 1969 840 1973 840 1966 841 1973 841 1977 841 1966 842 1977 842 1980 842 1966 843 1980 843 1983 843 1966 844 1983 844 1986 844 1966 845 1986 845 1989 845 1966 846 1989 846 1992 846 1966 847 1992 847 1995 847 1966 848 1995 848 1998 848 1966 849 1998 849 2001 849 1966 850 2001 850 2004 850 1966 851 2004 851 2007 851 1966 852 2007 852 1902 852 1966 853 1902 853 1898 853 1969 854 1966 854 2010 854 1969 855 2010 855 2013 855 1969 856 2013 856 2016 856 1969 857 2016 857 2020 857 1969 858 2020 858 2024 858 1969 859 2024 859 2027 859 1969 860 2027 860 2031 860 1969 861 2031 861 2035 861 1969 862 2035 862 2039 862 1969 863 2039 863 2042 863 1969 864 2042 864 2045 864 1962 865 1959 865 2049 865 1962 866 2049 866 2053 866 1962 867 2053 867 2056 867 1962 868 2056 868 2060 868 1962 869 2060 869 2063 869 1962 870 2063 870 2066 870 1962 871 2066 871 2069 871 1962 872 2069 872 2072 872 1962 873 2072 873 2075 873 1962 874 2075 874 2079 874 1962 875 2079 875 2082 875 1962 876 2082 876 2085 876 1962 877 2085 877 2089 877 1962 878 2089 878 2092 878 1962 879 2092 879 2095 879 1963 880 2096 880 2100 880 2045 881 1962 881 2099 881 2045 882 2099 882 2103 882 2045 883 2103 883 2106 883 2045 884 2106 884 2109 884 2045 885 2109 885 2112 885 2045 886 2112 886 2115 886 2045 887 2115 887 2118 887 2045 888 2118 888 2121 888 2045 889 2121 889 2124 889 2045 890 2124 890 2128 890 2045 891 2128 891 2132 891 2045 892 2132 892 2136 892 2045 893 2136 893 2140 893 2045 894 2140 894 1969 894 36 895 33 895 2023 895 2023 896 33 896 559 896 2023 897 559 897 2026 897 2026 898 559 898 527 898 2026 899 527 899 253 899 253 900 527 900 256 900 374 901 2008 901 136 901 136 902 2008 902 1965 902 35 903 2021 903 378 903 379 904 2022 904 2019 904 377 905 2017 905 382 905 383 906 2018 906 2015 906 381 907 2014 907 386 907 386 908 2014 908 2012 908 385 909 2011 909 375 909 375 910 2011 910 2009 910 2040 911 203 911 2044 911 2044 912 203 912 201 912 2025 913 252 913 2030 913 2029 914 251 914 249 914 2028 915 248 915 2034 915 2033 916 247 916 245 916 2032 917 244 917 2038 917 2037 918 243 918 241 918 2036 919 240 919 2041 919 2041 920 240 920 204 920 2141 921 431 921 2144 921 2146 922 432 922 439 922 2145 923 438 923 2148 923 2149 924 440 924 445 924 2149 925 445 925 2151 925 2152 926 446 926 452 926 2152 927 452 927 2154 927 2155 928 453 928 459 928 2156 929 460 929 2158 929 2160 930 461 930 467 930 2159 931 466 931 2162 931 2163 932 468 932 141 932 2163 933 141 933 2166 933 431 934 2141 934 424 934 426 935 2143 935 2169 935 426 936 2169 936 475 936 476 937 2170 937 2172 937 476 938 2172 938 481 938 483 939 2173 939 2176 939 482 940 2175 940 488 940 489 941 2177 941 2179 941 489 942 2179 942 494 942 495 943 2180 943 2182 943 495 944 2182 944 500 944 501 945 2183 945 2185 945 501 946 2185 946 510 946 511 947 2186 947 2189 947 511 948 2189 948 301 948 2192 949 404 949 2194 949 2195 950 405 950 401 950 2195 951 401 951 2197 951 2198 952 402 952 398 952 2198 953 398 953 2200 953 2201 954 399 954 395 954 2201 955 395 955 2203 955 2204 956 396 956 391 956 2205 957 392 957 2207 957 2208 958 393 958 388 958 2208 959 388 959 2210 959 2211 960 389 960 300 960 2211 961 300 961 2188 961 404 962 2192 962 408 962 406 963 2190 963 2212 963 406 964 2212 964 409 964 410 965 2213 965 2215 965 411 966 2216 966 413 966 414 967 2217 967 2219 967 414 968 2219 968 416 968 417 969 2220 969 2222 969 417 970 2222 970 419 970 421 971 2223 971 2226 971 420 972 2225 972 157 972 158 973 2227 973 2229 973 159 974 2230 974 137 974 138 975 2231 975 2165 975 138 976 2165 976 140 976 2233 977 268 977 2236 977 2238 978 269 978 265 978 2237 979 264 979 2240 979 2241 980 266 980 261 980 2241 981 261 981 2243 981 2244 982 262 982 257 982 2244 983 257 983 2246 983 2247 928 258 928 152 928 2248 929 153 929 2250 929 2252 984 154 984 149 984 2251 931 148 931 2254 931 2255 985 150 985 145 985 2255 986 145 986 2258 986 268 987 2233 987 271 987 273 988 2235 988 2261 988 273 989 2261 989 275 989 276 990 2262 990 2264 990 276 991 2264 991 278 991 279 992 2265 992 2267 992 279 993 2267 993 281 993 282 994 2268 994 2270 994 282 995 2270 995 284 995 285 943 2271 943 2273 943 285 996 2273 996 287 996 288 997 2274 997 2276 997 288 946 2276 946 291 946 292 998 2277 998 2280 998 292 999 2280 999 296 999 2283 1000 478 1000 2285 1000 2286 1001 479 1001 485 1001 2286 1002 485 1002 2288 1002 2289 1003 486 1003 491 1003 2289 1004 491 1004 2291 1004 2292 1005 492 1005 497 1005 2292 1006 497 1006 2294 1006 2295 1007 498 1007 504 1007 2296 1008 505 1008 2298 1008 2299 1009 506 1009 514 1009 2299 959 514 959 2301 959 2302 1010 515 1010 295 1010 2302 961 295 961 2279 961 478 1011 2283 1011 473 1011 471 1012 2281 1012 2303 1012 471 1013 2303 1013 427 1013 428 1014 2304 1014 2306 1014 429 1015 2307 1015 434 1015 436 1016 2308 1016 2311 1016 435 1017 2310 1017 442 1017 443 1018 2312 1018 2314 1018 443 1019 2314 1019 448 1019 450 971 2315 971 2318 971 449 1020 2317 1020 455 1020 456 1021 2319 1021 2321 1021 457 974 2322 974 463 974 464 1022 2323 1022 2257 1022 464 976 2257 976 144 976 2327 1023 347 1023 2330 1023 2332 1024 348 1024 132 1024 2331 1025 131 1025 2334 1025 2335 1026 133 1026 128 1026 2335 1027 128 1027 2337 1027 2338 1028 129 1028 125 1028 2338 1029 125 1029 2340 1029 2341 1030 126 1030 121 1030 2342 1031 122 1031 2344 1031 2345 1032 123 1032 118 1032 2345 1033 118 1033 2347 1033 2348 1034 119 1034 90 1034 2348 1035 90 1035 2350 1035 347 1036 2327 1036 351 1036 349 1037 2325 1037 2353 1037 349 1038 2353 1038 352 1038 353 1039 2354 1039 2357 1039 353 1040 2357 1040 355 1040 356 1041 2358 1041 2360 1041 356 1042 2360 1042 358 1042 359 1043 2361 1043 2363 1043 359 1044 2363 1044 361 1044 362 1045 2364 1045 2366 1045 363 1046 2367 1046 365 1046 367 1047 2368 1047 2371 1047 366 1048 2370 1048 369 1048 370 1049 2372 1049 2374 1049 371 1050 2376 1050 39 1050 2378 1051 58 1051 2381 1051 2382 1052 59 1052 55 1052 2382 1053 55 1053 2385 1053 2386 1054 56 1054 52 1054 2386 1055 52 1055 2388 1055 2389 1056 53 1056 49 1056 2389 1057 49 1057 2391 1057 2392 1058 50 1058 45 1058 2393 1059 46 1059 2395 1059 2397 1060 47 1060 42 1060 2396 1061 41 1061 2399 1061 2400 1062 43 1062 37 1062 2401 1063 38 1063 2375 1063 58 1064 2378 1064 65 1064 67 1065 2380 1065 2405 1065 67 1066 2405 1066 69 1066 71 1067 2406 1067 2409 1067 70 1068 2408 1068 73 1068 74 1069 2410 1069 2412 1069 74 1070 2412 1070 76 1070 77 1071 2413 1071 2415 1071 77 1072 2415 1072 79 1072 80 1073 2416 1073 2418 1073 81 1074 2419 1074 83 1074 84 1075 2420 1075 2422 1075 84 1076 2422 1076 86 1076 87 1077 2423 1077 2351 1077 88 1078 2352 1078 91 1078 2426 1079 320 1079 2429 1079 2431 1080 321 1080 317 1080 2430 1081 316 1081 2433 1081 2434 1082 318 1082 313 1082 2434 1083 313 1083 2436 1083 2437 1084 314 1084 310 1084 2437 1085 310 1085 2439 1085 2440 1030 311 1030 306 1030 2441 1031 307 1031 2443 1031 2444 1086 308 1086 303 1086 2444 1033 303 1033 2446 1033 2447 1087 304 1087 163 1087 2447 1088 163 1088 2449 1088 320 1089 2426 1089 324 1089 322 1090 2424 1090 2452 1090 322 1091 2452 1091 325 1091 326 1092 2453 1092 2456 1092 326 1093 2456 1093 328 1093 329 1094 2457 1094 2459 1094 329 1095 2459 1095 331 1095 332 1096 2460 1096 2462 1096 332 1097 2462 1097 334 1097 335 1045 2463 1045 2465 1045 336 1098 2466 1098 338 1098 340 1099 2467 1099 2470 1099 339 1048 2469 1048 342 1048 343 1100 2471 1100 2473 1100 344 1050 2475 1050 237 1050 2477 1101 222 1101 2480 1101 2481 1102 223 1102 219 1102 2481 1103 219 1103 2484 1103 2485 1104 220 1104 216 1104 2485 1105 216 1105 2487 1105 2488 1106 217 1106 213 1106 2488 1107 213 1107 2490 1107 2491 1108 214 1108 209 1108 2492 1059 210 1059 2494 1059 2496 1109 211 1109 206 1109 2495 1110 205 1110 2498 1110 2499 1111 207 1111 235 1111 2500 1112 236 1112 2474 1112 222 1113 2477 1113 225 1113 227 1114 2479 1114 2504 1114 227 1115 2504 1115 229 1115 231 1116 2505 1116 2508 1116 230 1117 2507 1117 233 1117 234 1118 2509 1118 2511 1118 234 1119 2511 1119 186 1119 187 1120 2512 1120 2514 1120 187 1121 2514 1121 189 1121 190 1122 2515 1122 2517 1122 191 1123 2518 1123 193 1123 194 1124 2519 1124 2521 1124 194 1125 2521 1125 196 1125 198 1126 2522 1126 2451 1126 197 1127 2450 1127 164 1127 2147 1128 2168 1128 2142 1128 2168 1129 2147 1129 2171 1129 2171 1130 2147 1130 2150 1130 2171 1131 2150 1131 2174 1131 2174 1132 2150 1132 2153 1132 2174 1133 2153 1133 2178 1133 2178 1134 2153 1134 2157 1134 2178 1135 2157 1135 2181 1135 2181 1136 2157 1136 2161 1136 2181 1137 2161 1137 2184 1137 2184 1138 2161 1138 2164 1138 2184 1139 2164 1139 2187 1139 2187 1140 2164 1140 2167 1140 2187 1141 2167 1141 2209 1141 2209 1142 2167 1142 2232 1142 2209 1143 2232 1143 2206 1143 2206 1144 2232 1144 2228 1144 2206 1145 2228 1145 2202 1145 2202 1146 2228 1146 2224 1146 2202 1147 2224 1147 2199 1147 2199 1148 2224 1148 2221 1148 2199 1149 2221 1149 2196 1149 2196 1150 2221 1150 2218 1150 2196 1151 2218 1151 2193 1151 2193 1152 2218 1152 2214 1152 2193 1153 2214 1153 2191 1153 2239 1154 2260 1154 2234 1154 2260 1155 2239 1155 2263 1155 2263 1156 2239 1156 2242 1156 2263 1157 2242 1157 2266 1157 2266 1158 2242 1158 2245 1158 2266 1159 2245 1159 2269 1159 2269 1160 2245 1160 2249 1160 2269 1161 2249 1161 2272 1161 2272 1162 2249 1162 2253 1162 2272 1163 2253 1163 2275 1163 2275 1164 2253 1164 2256 1164 2275 1139 2256 1139 2278 1139 2278 1165 2256 1165 2259 1165 2278 1166 2259 1166 2300 1166 2300 1167 2259 1167 2324 1167 2300 1168 2324 1168 2297 1168 2297 1169 2324 1169 2320 1169 2297 1170 2320 1170 2293 1170 2293 1171 2320 1171 2316 1171 2293 1172 2316 1172 2290 1172 2290 1173 2316 1173 2313 1173 2290 1174 2313 1174 2287 1174 2287 1175 2313 1175 2309 1175 2287 1176 2309 1176 2284 1176 2284 1177 2309 1177 2305 1177 2284 1178 2305 1178 2282 1178 2384 1179 2404 1179 2379 1179 2403 1180 2383 1180 2407 1180 2407 1181 2383 1181 2387 1181 2407 1182 2387 1182 2411 1182 2411 1183 2387 1183 2390 1183 2411 1184 2390 1184 2414 1184 2414 1185 2390 1185 2394 1185 2414 1186 2394 1186 2417 1186 2417 1187 2394 1187 2398 1187 2417 1188 2398 1188 2421 1188 2421 1189 2398 1189 2402 1189 2421 1190 2402 1190 2349 1190 2349 1191 2402 1191 2377 1191 2349 1192 2377 1192 2346 1192 2346 1193 2377 1193 2373 1193 2346 1194 2373 1194 2343 1194 2343 1195 2373 1195 2369 1195 2343 1196 2369 1196 2339 1196 2339 1197 2369 1197 2365 1197 2339 1198 2365 1198 2336 1198 2336 1199 2365 1199 2362 1199 2336 1200 2362 1200 2333 1200 2333 1201 2362 1201 2359 1201 2333 1202 2359 1202 2328 1202 2328 1203 2359 1203 2355 1203 2329 1204 2356 1204 2326 1204 2483 1205 2503 1205 2478 1205 2502 1206 2482 1206 2506 1206 2506 1207 2482 1207 2486 1207 2506 1208 2486 1208 2510 1208 2510 1209 2486 1209 2489 1209 2510 1210 2489 1210 2513 1210 2513 1211 2489 1211 2493 1211 2513 1186 2493 1186 2516 1186 2516 1212 2493 1212 2497 1212 2516 1213 2497 1213 2520 1213 2520 1214 2497 1214 2501 1214 2520 1215 2501 1215 2448 1215 2448 1216 2501 1216 2476 1216 2448 1217 2476 1217 2445 1217 2445 1218 2476 1218 2472 1218 2445 1219 2472 1219 2442 1219 2442 1220 2472 1220 2468 1220 2442 1221 2468 1221 2438 1221 2438 1222 2468 1222 2464 1222 2438 1223 2464 1223 2435 1223 2435 1224 2464 1224 2461 1224 2435 1225 2461 1225 2432 1225 2432 1226 2461 1226 2458 1226 2432 1227 2458 1227 2427 1227 2427 1228 2458 1228 2454 1228 2428 1229 2455 1229 2425 1229 593 1230 23 1230 535 1230 535 156 23 156 19 156 0 229 589 229 3 229 3 229 589 229 586 229 1577 1231 1573 1231 926 1231 1577 229 926 229 923 229 1577 1232 923 1232 2523 1232 1577 1233 2523 1233 2526 1233 1577 229 2526 229 2529 229 1577 1234 2529 1234 2533 1234 1577 1235 2533 1235 2536 1235 1577 1236 2536 1236 2539 1236 1577 229 2539 229 2542 229 1577 229 2542 229 2545 229 26 1237 2548 1237 2551 1237 26 1238 2551 1238 2554 1238 26 1239 2554 1239 2557 1239 26 1240 2557 1240 2560 1240 26 1241 2560 1241 2563 1241 26 1242 2563 1242 2566 1242 26 1243 2566 1243 2569 1243 26 1244 2569 1244 2572 1244 26 229 2572 229 1960 229 26 229 1960 229 2043 229 26 1245 2043 1245 199 1245 2551 229 2548 229 2575 229 2551 1246 2575 1246 2578 1246 2551 1247 2578 1247 2581 1247 2551 1248 2581 1248 2584 1248 2551 1249 2584 1249 2588 1249 2551 1250 2588 1250 2545 1250 2551 1251 2545 1251 2542 1251 2591 229 2596 229 2599 229 2591 1252 2599 1252 2602 1252 2591 229 2602 229 2605 229 2591 1253 2605 1253 2608 1253 2591 229 2608 229 2612 229 2591 1254 2612 1254 2615 1254 2591 1255 2615 1255 2618 1255 2591 1256 2618 1256 2621 1256 2591 229 2621 229 2626 229 2591 1257 2626 1257 2629 1257 1960 1258 2572 1258 2634 1258 1960 1259 2634 1259 2637 1259 1960 1260 2637 1260 2641 1260 1960 1261 2641 1261 2644 1261 1960 1262 2644 1262 2647 1262 1960 1263 2647 1263 2650 1263 1960 1264 2650 1264 2653 1264 1960 1265 2653 1265 2656 1265 1960 229 2656 229 2659 229 2656 1266 2599 1266 2596 1266 2656 1267 2596 1267 2662 1267 2656 1268 2662 1268 2665 1268 2656 1269 2665 1269 2668 1269 2656 1270 2668 1270 2671 1270 2656 1271 2671 1271 2674 1271 2656 1272 2674 1272 2659 1272 1497 1273 2677 1273 2680 1273 1497 1274 2680 1274 2683 1274 1497 156 2683 156 2686 156 1497 1275 2686 1275 2689 1275 1497 1276 2689 1276 2693 1276 1497 1277 2693 1277 2696 1277 1497 156 2696 156 2699 156 1497 1278 2699 1278 920 1278 1497 1279 920 1279 990 1279 1497 1280 990 1280 1502 1280 6 1281 134 1281 1964 1281 6 156 1964 156 1896 156 6 1282 1896 1282 2702 1282 6 1283 2702 1283 2705 1283 6 1284 2705 1284 2708 1284 6 1285 2708 1285 2711 1285 6 1286 2711 1286 2714 1286 6 1287 2714 1287 2717 1287 6 1288 2717 1288 2720 1288 6 1289 2720 1289 2723 1289 6 156 2723 156 2726 156 2723 1290 2680 1290 2677 1290 2723 156 2677 156 2729 156 2723 1291 2729 1291 2732 1291 2723 1292 2732 1292 2735 1292 2723 1293 2735 1293 2739 1293 2723 1294 2739 1294 2742 1294 2723 1295 2742 1295 2726 1295 2745 1296 2750 1296 2755 1296 2745 1297 2755 1297 2759 1297 2745 1298 2759 1298 2765 1298 2745 156 2765 156 2768 156 2745 1299 2768 1299 2771 1299 2745 156 2771 156 2775 156 2745 156 2775 156 2778 156 2745 156 2778 156 2781 156 2745 1300 2781 1300 2784 1300 2745 1301 2784 1301 2787 1301 1896 1302 2790 1302 2793 1302 1896 1303 2793 1303 2796 1303 1896 1304 2796 1304 2799 1304 1896 1305 2799 1305 2802 1305 1896 1306 2802 1306 2805 1306 1896 1307 2805 1307 2808 1307 1896 1308 2808 1308 2812 1308 1896 1309 2812 1309 2815 1309 1896 156 2815 156 2702 156 2793 1310 2790 1310 2818 1310 2793 1311 2818 1311 2821 1311 2793 1312 2821 1312 2824 1312 2793 1313 2824 1313 2827 1313 2793 1314 2827 1314 2830 1314 2793 1315 2830 1315 2787 1315 2793 1316 2787 1316 2784 1316 592 1317 2 1317 596 1317 596 1318 2 1318 25 1318 27 1319 7 1319 2549 1319 2549 1320 7 1320 2727 1320 2836 1321 2840 1321 2844 1321 2847 1322 2850 1322 2853 1322 2856 1323 2859 1323 2863 1323 2866 1324 2869 1324 2872 1324 2875 1325 2879 1325 2882 1325 2876 1326 2883 1326 2886 1326 2876 1327 2886 1327 2890 1327 2876 1328 2890 1328 2893 1328 2876 1329 2893 1329 2896 1329 2876 1330 2896 1330 2900 1330 2876 1331 2900 1331 2903 1331 2876 1332 2903 1332 2906 1332 2876 1333 2906 1333 2853 1333 2876 1334 2853 1334 2850 1334 2909 1335 2906 1335 2903 1335 2909 1336 2903 1336 2912 1336 2909 1337 2912 1337 2915 1337 2909 1338 2915 1338 2918 1338 2909 1339 2918 1339 2921 1339 2909 1340 2921 1340 2924 1340 2909 1341 2924 1341 2927 1341 2909 1342 2927 1342 2930 1342 2909 1343 2930 1343 2933 1343 2909 1344 2933 1344 2936 1344 2909 1345 2936 1345 2872 1345 2909 1346 2872 1346 2869 1346 2940 1347 2944 1347 2947 1347 2940 1348 2947 1348 2950 1348 2940 1349 2950 1349 2954 1349 2940 1350 2954 1350 2957 1350 2940 1351 2957 1351 2960 1351 2940 1352 2960 1352 2964 1352 2940 1353 2964 1353 2967 1353 2940 1354 2967 1354 2970 1354 2940 1355 2970 1355 2974 1355 2939 1356 2973 1356 2977 1356 2980 1357 2983 1357 2987 1357 2980 1358 2987 1358 2990 1358 2980 1359 2990 1359 2993 1359 2980 1360 2993 1360 2996 1360 2980 1361 2996 1361 2999 1361 2980 1362 2999 1362 3002 1362 2980 1363 3002 1363 3005 1363 2980 1364 3005 1364 3008 1364 2980 1365 3008 1365 3011 1365 2980 1366 3011 1366 3014 1366 2980 1367 3014 1367 2954 1367 2980 1368 2954 1368 2950 1368 2947 1369 2944 1369 3017 1369 3017 1370 2944 1370 3020 1370 3017 1371 3020 1371 3023 1371 2840 1372 2836 1372 3020 1372 3020 1373 2836 1373 3026 1373 3020 1374 3026 1374 3023 1374 2844 1375 2840 1375 3030 1375 3030 1376 2840 1376 3034 1376 3030 1377 3034 1377 3038 1377 3038 1378 3034 1378 3042 1378 3038 1379 3042 1379 3045 1379 3045 1380 3042 1380 3049 1380 3049 1381 3042 1381 3053 1381 3049 1382 3053 1382 3057 1382 3057 1383 3053 1383 3060 1383 3057 1384 3060 1384 3063 1384 3063 1385 3060 1385 3067 1385 3063 1386 3067 1386 3071 1386 3071 1387 3067 1387 3075 1387 3075 1388 3067 1388 3079 1388 3075 1389 3079 1389 3083 1389 3083 1390 3079 1390 3087 1390 3083 1391 3087 1391 3091 1391 3091 1392 3087 1392 3095 1392 3095 1393 3087 1393 2850 1393 3095 1394 2850 1394 2847 1394 2987 1395 2983 1395 3098 1395 3099 1396 2984 1396 3103 1396 3098 1397 3102 1397 3107 1397 2856 1398 2863 1398 3110 1398 3110 1399 2863 1399 3098 1399 3110 1400 3098 1400 3107 1400 2863 1401 2859 1401 3114 1401 3114 1402 2859 1402 3118 1402 3114 1403 3118 1403 3122 1403 3122 1404 3118 1404 3125 1404 3122 1405 3125 1405 3129 1405 3122 1406 3129 1406 3133 1406 3133 1407 3129 1407 3137 1407 3133 1408 3137 1408 3140 1408 3140 1409 3137 1409 3143 1409 3140 1410 3143 1410 3147 1410 3147 1411 3143 1411 3150 1411 3147 1412 3150 1412 3153 1412 3147 1413 3153 1413 3157 1413 3157 1414 3153 1414 3160 1414 3157 1415 3160 1415 3163 1415 3163 1416 3160 1416 3166 1416 3163 1417 3166 1417 3170 1417 3163 1418 3170 1418 2872 1418 2872 1419 3170 1419 3173 1419 2872 1420 3173 1420 2866 1420 680 1421 2945 1421 682 1421 683 1422 2946 1422 3015 1422 683 1423 3015 1423 685 1423 686 1424 3016 1424 3021 1424 686 1425 3021 1425 688 1425 689 1426 3022 1426 3024 1426 689 1427 3024 1427 691 1427 692 1428 3025 1428 2833 1428 693 1429 2834 1429 695 1429 696 1430 2835 1430 2841 1430 697 1431 2842 1431 699 1431 701 1432 2843 1432 3028 1432 700 1433 3027 1433 703 1433 705 1434 3029 1434 3036 1434 704 1435 3035 1435 707 1435 708 1436 3037 1436 3043 1436 708 1437 3043 1437 710 1437 711 1438 3044 1438 3046 1438 712 1439 3048 1439 600 1439 2945 1440 680 1440 2949 1440 2948 1441 678 1441 674 1441 2948 1442 674 1442 2978 1442 2979 1443 675 1443 670 1443 2979 1444 670 1444 2981 1444 2982 1445 671 1445 733 1445 2982 1446 733 1446 3100 1446 3101 1447 734 1447 730 1447 3101 1448 730 1448 3104 1448 3106 1449 731 1449 727 1449 3105 1450 726 1450 3108 1450 3109 1451 728 1451 723 1451 3109 1452 723 1452 2854 1452 2855 1453 724 1453 720 1453 2855 1454 720 1454 2857 1454 2858 1455 721 1455 717 1455 2858 1456 717 1456 3115 1456 3116 1457 718 1457 713 1457 3117 1458 714 1458 3123 1458 3124 1459 715 1459 532 1459 3124 1460 532 1460 3126 1460 3127 1461 533 1461 529 1461 3128 1462 530 1462 3136 1462 637 1463 2867 1463 640 1463 641 1464 2868 1464 2864 1464 641 1465 2864 1465 644 1465 645 1466 2865 1466 3171 1466 645 1467 3171 1467 647 1467 649 1468 3172 1468 3168 1468 648 1469 3167 1469 651 1469 652 1470 3169 1470 3164 1470 652 1471 3164 1471 654 1471 655 1472 3165 1472 3158 1472 655 1473 3158 1473 657 1473 658 1474 3159 1474 3151 1474 658 1475 3151 1475 660 1475 661 1476 3152 1476 3148 1476 661 1477 3148 1477 663 1477 664 1478 3149 1478 3141 1478 664 1479 3141 1479 666 1479 668 1480 3142 1480 3135 1480 667 1481 3134 1481 528 1481 2867 1482 637 1482 2908 1482 2907 1483 636 1483 633 1483 2907 1484 633 1484 2904 1484 2905 1485 635 1485 631 1485 2905 1486 631 1486 2851 1486 2852 1487 632 1487 628 1487 2852 1488 628 1488 2845 1488 2846 1489 629 1489 625 1489 2846 1490 625 1490 3092 1490 3094 1491 626 1491 622 1491 3093 1492 621 1492 3088 1492 3090 1493 623 1493 618 1493 3089 1494 617 1494 3080 1494 3081 1495 619 1495 613 1495 3082 1496 614 1496 3072 1496 3074 1497 615 1497 610 1497 3073 1498 609 1498 3068 1498 3070 1499 611 1499 606 1499 3069 1500 605 1500 3061 1500 3062 1501 607 1501 602 1501 3062 1502 602 1502 3054 1502 3055 1503 603 1503 598 1503 3056 1504 599 1504 3047 1504 2911 1505 1900 1505 2913 1505 2914 1506 1901 1506 2005 1506 2914 1507 2005 1507 2916 1507 2917 1508 2006 1508 2002 1508 2917 1509 2002 1509 2919 1509 2920 1510 2003 1510 1999 1510 2920 1511 1999 1511 2922 1511 2923 1512 2000 1512 1996 1512 2923 1513 1996 1513 2925 1513 2926 1514 1997 1514 1993 1514 2926 1515 1993 1515 2928 1515 2929 1516 1994 1516 1990 1516 2929 1517 1990 1517 2931 1517 2932 1518 1991 1518 1987 1518 2932 1519 1987 1519 2934 1519 2935 1520 1988 1520 1984 1520 2935 1521 1984 1521 2870 1521 2871 1522 1985 1522 1981 1522 2871 1523 1981 1523 3161 1523 3162 1524 1982 1524 1978 1524 3162 1525 1978 1525 3154 1525 3156 1526 1979 1526 1975 1526 3155 1527 1974 1527 3144 1527 3146 1528 1976 1528 1971 1528 3145 1529 1970 1529 3138 1529 3139 1530 1972 1530 1968 1530 3139 1531 1968 1531 3131 1531 1900 1532 2911 1532 1905 1532 1904 229 2910 229 2901 229 1904 1533 2901 1533 1908 1533 1910 1534 2902 1534 2898 1534 1909 1535 2897 1535 1912 1535 1913 1536 2899 1536 2894 1536 1913 1537 2894 1537 1915 1537 1916 1538 2895 1538 2891 1538 1916 1539 2891 1539 1918 1539 1919 1540 2892 1540 2887 1540 1920 1541 2888 1541 1922 1541 1923 1542 2889 1542 2884 1542 1923 1543 2884 1543 1925 1543 1926 1544 2885 1544 2880 1544 1926 1545 2880 1545 1928 1545 1929 1546 2881 1546 2877 1546 1929 1547 2877 1547 1931 1547 1932 1548 2878 1548 2873 1548 1932 1549 2873 1549 1934 1549 1935 1550 2874 1550 2848 1550 1935 1551 2848 1551 1937 1551 1939 1552 2849 1552 3085 1552 1938 1553 3084 1553 1941 1553 1942 1554 3086 1554 3076 1554 1943 1555 3077 1555 1945 1555 1946 1556 3078 1556 3064 1556 1947 1557 3065 1557 1949 1557 1950 1558 3066 1558 3058 1558 1950 1559 3058 1559 1952 1559 1953 1560 3059 1560 3050 1560 1954 1561 3051 1561 1957 1561 2953 1562 2087 1562 2955 1562 2956 1563 2088 1563 2083 1563 2956 1564 2083 1564 2958 1564 2959 1565 2084 1565 2080 1565 2959 1566 2080 1566 2961 1566 2963 1567 2081 1567 2077 1567 2962 1568 2076 1568 2965 1568 2966 1569 2078 1569 2073 1569 2966 1570 2073 1570 2968 1570 2969 1571 2074 1571 2070 1571 2969 1572 2070 1572 2971 1572 2972 1573 2071 1573 2067 1573 2972 1574 2067 1574 2975 1574 2976 1575 2068 1575 2064 1575 2976 1576 2064 1576 2937 1576 2938 1577 2065 1577 2061 1577 2938 1578 2061 1578 2941 1578 2942 1579 2062 1579 2057 1579 2943 1580 2058 1580 3018 1580 3019 1581 2059 1581 2054 1581 3019 1582 2054 1582 2837 1582 2839 1583 2055 1583 2051 1583 2838 1584 2050 1584 3031 1584 3032 1585 2052 1585 2046 1585 3033 1586 2047 1586 3039 1586 3040 1587 2048 1587 1956 1587 3041 1588 1958 1588 3052 1588 2086 1589 2952 1589 2091 1589 2090 156 2951 156 3012 156 2090 1590 3012 1590 2093 1590 2094 1591 3013 1591 3009 1591 2094 1592 3009 1592 2097 1592 2098 1593 3010 1593 3006 1593 2098 1594 3006 1594 2101 1594 2102 1595 3007 1595 3003 1595 2102 1596 3003 1596 2104 1596 2105 1597 3004 1597 3000 1597 2105 1598 3000 1598 2107 1598 2108 1599 3001 1599 2997 1599 2108 1600 2997 1600 2110 1600 2111 1601 2998 1601 2994 1601 2111 1602 2994 1602 2113 1602 2114 1603 2995 1603 2991 1603 2114 1604 2991 1604 2116 1604 2117 1605 2992 1605 2988 1605 2117 1606 2988 1606 2119 1606 2120 1607 2989 1607 2985 1607 2120 1608 2985 1608 2122 1608 2123 1609 2986 1609 3096 1609 2123 1610 3096 1610 2125 1610 2127 1611 3097 1611 2861 1611 2126 1612 2860 1612 2129 1612 2130 1613 2862 1613 3111 1613 2131 1614 3112 1614 2133 1614 2134 1615 3113 1615 3119 1615 2135 1616 3120 1616 2137 1616 2139 1617 3121 1617 3132 1617 2138 1618 3130 1618 1967 1618 2573 1619 2703 1619 2635 1619 2635 1619 2703 1619 2816 1619 2681 1620 2725 1620 2543 1620 2543 1621 2725 1621 2553 1621 2716 1622 2558 1622 2718 1622 2719 1623 2559 1623 2555 1623 2719 1624 2555 1624 2721 1624 2722 1625 2556 1625 2552 1625 2722 1626 2552 1626 2724 1626 2558 1627 2716 1627 2562 1627 2561 1628 2715 1628 2713 1628 2561 1629 2713 1629 2565 1629 2564 1630 2712 1630 2710 1630 2564 1631 2710 1631 2568 1631 2567 1632 2709 1632 2707 1632 2567 1633 2707 1633 2571 1633 2570 1634 2706 1634 2704 1634 2570 1635 2704 1635 2574 1635 2795 1636 2785 1636 2658 1636 2658 1637 2785 1637 2600 1637 2806 1638 2643 1638 2811 1638 2809 1639 2642 1639 2639 1639 2810 1640 2640 1640 2814 1640 2813 1641 2638 1641 2636 1641 2813 1642 2636 1642 2817 1642 2643 1638 2806 1638 2645 1638 2646 1643 2807 1643 2803 1643 2646 1643 2803 1643 2648 1643 2649 1644 2804 1644 2800 1644 2649 1644 2800 1644 2651 1644 2652 1645 2801 1645 2797 1645 2652 1645 2797 1645 2654 1645 2655 1646 2798 1646 2794 1646 2655 1646 2794 1646 2657 1646 2695 1647 2527 1647 2697 1647 2698 1648 2528 1648 2524 1648 2698 1649 2524 1649 2700 1649 2701 1650 2525 1650 924 1650 2701 1650 924 1650 921 1650 2527 1651 2695 1651 2532 1651 2531 1652 2694 1652 2692 1652 2530 1652 2691 1652 2535 1652 2534 1653 2690 1653 2688 1653 2534 1654 2688 1654 2538 1654 2537 1655 2687 1655 2685 1655 2537 1655 2685 1655 2541 1655 2540 1656 2684 1656 2682 1656 2540 1656 2682 1656 2544 1656 3174 1657 3180 1657 3181 1657 3174 1658 3184 1658 3180 1658 3190 1659 3192 1659 3196 1659 3189 1660 3195 1660 3200 1660 3206 1661 3209 1661 3210 1661 3214 1662 3206 1662 3210 1662 3216 1663 3180 1663 3220 1663 3220 1664 3180 1664 3223 1664 3223 1665 3180 1665 3184 1665 3228 1666 3232 1666 3235 1666 3210 1667 3209 1667 3236 1667 3240 1668 3244 1668 3180 1668 3244 1669 3247 1669 3180 1669 3247 1670 3181 1670 3180 1670 3250 1671 3253 1671 3256 1671 3263 1672 2623 1672 2761 1672 3263 1673 2761 1673 3268 1673 3263 1674 3268 1674 3273 1674 3263 1675 3273 1675 3277 1675 3263 1676 3277 1676 3280 1676 3283 1677 3289 1677 3290 1677 3286 1678 3291 1678 3295 1678 3285 1679 3294 1679 3300 1679 3283 1680 3299 1680 3303 1680 3283 1681 3303 1681 3307 1681 3283 1682 3307 1682 3311 1682 3283 1683 3311 1683 3314 1683 3284 1684 3315 1684 3319 1684 3285 1685 3320 1685 3237 1685 3283 1686 3236 1686 3209 1686 3325 1687 3328 1687 3330 1687 3325 1688 3330 1688 3335 1688 3325 1689 3335 1689 3340 1689 3325 1690 3340 1690 3343 1690 3325 1691 3343 1691 3346 1691 2760 1692 3349 1692 3354 1692 2762 1693 3355 1693 3360 1693 2761 1694 3359 1694 3364 1694 2761 1695 3364 1695 3368 1695 2761 1696 3368 1696 3372 1696 2761 1697 3372 1697 3376 1697 2761 1698 3376 1698 3380 1698 2761 1699 3380 1699 3383 1699 2761 1700 3383 1700 3386 1700 2761 1701 3386 1701 3389 1701 2761 1702 3389 1702 3392 1702 2761 1703 3392 1703 3395 1703 2761 1704 3395 1704 3398 1704 2761 1705 3398 1705 3401 1705 2761 1706 3401 1706 3404 1706 2761 1707 3404 1707 3206 1707 2761 1708 3206 1708 3214 1708 2761 1709 3214 1709 3407 1709 2761 1710 3407 1710 3411 1710 2761 1711 3411 1711 3415 1711 2761 1712 3415 1712 3418 1712 2761 1713 3418 1713 3421 1713 2761 1714 3421 1714 3425 1714 2761 1715 3425 1715 3429 1715 2761 1716 3429 1716 3433 1716 2761 1717 3433 1717 3437 1717 2763 1718 3438 1718 3270 1718 3442 1719 3445 1719 3450 1719 3443 1720 3451 1720 3454 1720 3443 1721 3454 1721 3458 1721 3267 1722 3441 1722 3457 1722 3268 1723 3458 1723 3461 1723 3268 1724 3461 1724 3464 1724 3269 1725 3465 1725 3274 1725 2758 1726 3468 1726 3471 1726 2758 1727 3471 1727 3473 1727 2757 1728 3472 1728 3478 1728 2758 1729 3479 1729 3482 1729 2758 1730 3482 1730 3486 1730 2758 1731 3486 1731 3489 1731 2758 1732 3489 1732 3350 1732 2758 1733 3350 1733 2761 1733 3473 1734 3471 1734 3189 1734 3473 1735 3189 1735 3200 1735 3474 1736 3201 1736 3493 1736 3473 1737 3492 1737 3496 1737 3473 1738 3496 1738 3500 1738 3473 1739 3500 1739 3504 1739 3473 1740 3504 1740 3508 1740 3473 1741 3508 1741 3511 1741 3473 1742 3511 1742 3514 1742 3473 1743 3514 1743 3517 1743 3473 1744 3517 1744 3180 1744 3473 1745 3180 1745 3216 1745 3475 1746 3217 1746 3519 1746 3473 1747 3518 1747 3523 1747 3473 1748 3523 1748 3526 1748 3473 1749 3526 1749 3529 1749 3473 1750 3529 1750 3532 1750 3473 1751 3532 1751 3537 1751 3472 1752 3536 1752 3541 1752 3346 1753 3191 1753 3189 1753 3346 1754 3189 1754 3547 1754 3346 1755 3547 1755 3550 1755 3346 1756 3550 1756 3553 1756 3346 1757 3553 1757 3556 1757 3346 1758 3556 1758 3560 1758 3346 1759 3560 1759 3563 1759 3346 1760 3563 1760 3567 1760 3346 1761 3567 1761 3570 1761 3346 1762 3570 1762 3573 1762 3346 1763 3573 1763 3576 1763 3346 1764 3576 1764 3325 1764 3383 1765 3380 1765 3580 1765 3383 1766 3580 1766 3584 1766 3383 1767 3584 1767 3588 1767 3383 1768 3588 1768 3232 1768 3383 1769 3232 1769 3228 1769 3329 1770 3589 1770 3594 1770 3330 1771 3595 1771 3599 1771 3330 1772 3599 1772 3602 1772 3330 1773 3602 1773 3605 1773 3330 1774 3605 1774 3608 1774 3330 1775 3608 1775 3612 1775 3332 1776 3613 1776 3241 1776 3330 1777 3240 1777 3180 1777 3330 1778 3180 1778 3618 1778 3330 1779 3618 1779 3621 1779 3330 1780 3621 1780 3625 1780 3330 1781 3625 1781 3628 1781 3330 1782 3628 1782 3631 1782 3330 1783 3631 1783 3633 1783 3330 1784 3633 1784 3635 1784 3330 1785 3635 1785 3638 1785 3331 1786 3639 1786 3336 1786 3280 1787 3644 1787 3648 1787 3280 1788 3648 1788 3652 1788 3280 1789 3652 1789 3656 1789 3280 1790 3656 1790 3660 1790 3280 1791 3660 1791 3263 1791 2623 1792 3263 1792 3664 1792 2623 1793 3664 1793 3668 1793 2623 1794 3668 1794 3672 1794 2623 1795 3672 1795 3676 1795 2623 1796 3676 1796 3679 1796 2624 1797 3680 1797 3683 1797 2622 1798 3682 1798 3685 1798 2628 1799 2623 1799 3686 1799 2628 1800 3686 1800 3689 1800 2628 1801 3689 1801 3692 1801 2628 1802 3692 1802 3696 1802 2628 1803 3696 1803 3700 1803 2628 1804 3700 1804 3330 1804 2628 1805 3330 1805 3328 1805 2628 1806 3328 1806 3705 1806 3451 1807 3446 1807 3708 1807 3708 1808 3446 1808 3709 1808 3708 1809 3709 1809 3289 1809 3289 1810 3709 1810 3290 1810 3542 1811 3538 1811 3713 1811 3712 1812 3537 1812 3717 1812 3712 1813 3717 1813 3720 1813 3725 1814 3727 1814 3717 1814 3717 1815 3727 1815 3730 1815 3717 1816 3730 1816 3720 1816 3228 1817 3235 1817 3725 1817 3725 1818 3235 1818 3734 1818 3725 1819 3734 1819 3727 1819 3595 1820 3590 1820 3256 1820 3257 1821 3591 1821 3737 1821 3256 1822 3736 1822 3250 1822 3256 1823 3253 1823 3742 1823 3742 1824 3253 1824 3744 1824 3742 1819 3744 1819 3748 1819 3742 1825 3748 1825 3644 1825 3644 1826 3748 1826 3752 1826 3644 1827 3752 1827 3648 1827 2776 1828 2607 1828 2780 1828 2779 1829 2606 1829 2604 1829 2779 1829 2604 1829 2783 1829 2782 1830 2603 1830 2601 1830 2782 1830 2601 1830 2786 1830 2607 1831 2776 1831 2609 1831 2611 1832 2777 1832 2773 1832 2610 1833 2772 1833 2613 1833 2614 1834 2774 1834 2769 1834 2614 1835 2769 1835 2616 1835 2617 1836 2770 1836 2766 1836 2617 1837 2766 1837 2619 1837 2620 1838 2767 1838 2764 1838 2620 1839 2764 1839 2625 1839 2660 1840 2791 1840 1961 1840 1961 1841 2791 1841 1897 1841 2753 1842 2746 1842 3755 1842 2753 1843 3755 1843 3759 1843 2753 1844 3759 1844 3762 1844 2753 1845 3762 1845 3765 1845 2753 1846 3765 1846 3768 1846 2753 1847 3768 1847 3771 1847 2753 1848 3771 1848 3775 1848 2753 1849 3775 1849 3778 1849 2753 1850 3778 1850 3781 1850 2753 1851 3781 1851 3784 1851 2754 1852 3785 1852 3789 1852 2752 1853 3788 1853 3792 1853 3797 1854 3802 1854 3806 1854 3797 1855 3806 1855 3809 1855 3797 1856 3809 1856 3812 1856 3797 1857 3812 1857 3815 1857 3797 1858 3815 1858 3818 1858 3797 1859 3818 1859 3821 1859 3797 1860 3821 1860 3825 1860 3797 1861 3825 1861 3828 1861 3797 1862 3828 1862 3832 1862 3797 1863 3832 1863 3835 1863 3797 1864 3835 1864 3838 1864 3797 1865 3838 1865 3841 1865 3797 1866 3841 1866 3844 1866 3797 1867 3844 1867 3847 1867 3797 1868 3847 1868 3850 1868 3798 1869 3851 1869 3856 1869 3850 1870 2753 1870 3793 1870 3850 1871 3793 1871 3859 1871 3850 1872 3859 1872 3862 1872 3850 1873 3862 1873 3865 1873 3850 1874 3865 1874 3868 1874 3850 1875 3868 1875 3855 1875 2746 1876 2592 1876 3871 1876 2746 1877 3871 1877 3874 1877 2746 1878 3874 1878 3877 1878 2746 1879 3877 1879 3880 1879 2746 1880 3880 1880 3883 1880 2746 1881 3883 1881 3887 1881 2746 1882 3887 1882 3890 1882 2746 1883 3890 1883 3894 1883 2746 1884 3894 1884 3897 1884 2746 1885 3897 1885 3900 1885 2746 1886 3900 1886 3903 1886 2746 1887 3903 1887 3906 1887 2746 1888 3906 1888 3909 1888 2746 1889 3909 1889 3912 1889 2746 1890 3912 1890 3915 1890 2746 1891 3915 1891 3918 1891 2746 1892 3918 1892 3921 1892 2746 1893 3921 1893 3924 1893 2747 1894 3925 1894 3928 1894 2748 1895 3929 1895 3756 1895 2631 1896 3932 1896 3936 1896 2633 1897 3937 1897 3941 1897 2632 1898 3940 1898 3944 1898 2632 1899 3944 1899 3948 1899 2632 1900 3948 1900 3951 1900 2632 1901 3951 1901 3954 1901 2632 1902 3954 1902 3957 1902 2632 1903 3957 1903 3960 1903 2632 1904 3960 1904 3963 1904 2632 1905 3963 1905 3966 1905 2632 1906 3966 1906 3969 1906 2632 1907 3969 1907 2592 1907 3803 1908 3798 1908 3974 1908 3801 1909 3973 1909 3977 1909 3802 1910 3978 1910 3981 1910 3802 1911 3981 1911 3984 1911 3802 1912 3984 1912 3987 1912 3802 1913 3987 1913 3933 1913 3802 1914 3933 1914 2632 1914 2593 1915 3970 1915 3990 1915 2594 1916 3991 1916 3995 1916 2592 1917 3994 1917 3998 1917 2592 1918 3998 1918 4001 1918 2592 1919 4001 1919 4004 1919 2592 1920 4004 1920 4007 1920 2592 1921 4007 1921 4010 1921 2592 1922 4010 1922 4013 1922 2592 1923 4013 1923 4016 1923 2592 1924 4016 1924 4019 1924 2592 1925 4019 1925 4023 1925 2592 1926 4023 1926 4026 1926 2592 1927 4026 1927 4030 1927 2592 1928 4030 1928 4033 1928 2592 1929 4033 1929 4036 1929 2592 1930 4036 1930 4039 1930 2592 1931 4039 1931 4042 1931 2592 1932 4042 1932 4045 1932 2592 1933 4045 1933 3871 1933 2595 1934 2749 1934 2598 1934 2598 1935 2749 1935 2789 1935 2597 1936 2788 1936 2664 1936 2664 1937 2788 1937 2832 1937 2663 1938 2831 1938 2667 1938 2667 1939 2831 1939 2829 1939 2666 1940 2828 1940 2670 1940 2670 1941 2828 1941 2826 1941 2669 1942 2825 1942 2673 1942 2673 1942 2825 1942 2823 1942 2672 1943 2822 1943 2676 1943 2676 1943 2822 1943 2820 1943 2675 1944 2819 1944 2661 1944 2661 1945 2819 1945 2792 1945 2550 1946 2728 1946 2576 1946 2576 1947 2728 1947 2743 1947 2577 1948 2744 1948 2579 1948 2579 1949 2744 1949 2740 1949 2580 1950 2741 1950 2582 1950 2582 1950 2741 1950 2736 1950 2583 1951 2737 1951 2585 1951 2586 1952 2738 1952 2733 1952 2587 1953 2734 1953 2589 1953 2589 1953 2734 1953 2730 1953 2590 1954 2731 1954 2546 1954 2546 1955 2731 1955 2678 1955 2547 1956 2679 1956 1578 1956 1578 1957 2679 1957 1498 1957 899 1958 1477 1958 869 1958 869 1959 1477 1959 1428 1959 927 1960 1574 1960 1185 1960 1185 1961 1574 1961 1778 1961 1186 1962 1780 1962 1189 1962 1188 1963 1779 1963 1775 1963 1190 1964 1776 1964 736 1964 736 1965 1776 1965 1319 1965 737 1966 1320 1966 908 1966 908 1967 1320 1967 1494 1967 909 1968 1495 1968 911 1968 911 1969 1495 1969 1491 1969 912 1970 1492 1970 914 1970 914 1971 1492 1971 1488 1971 915 1972 1489 1972 917 1972 917 1973 1489 1973 1485 1973 918 1974 1486 1974 898 1974 898 1975 1486 1975 1476 1975 991 1976 1225 1976 1503 1976 1503 1977 1225 1977 1811 1977 868 1978 1427 1978 873 1978 873 1979 1427 1979 1425 1979 872 1980 1424 1980 876 1980 876 1981 1424 1981 1421 1981 875 1982 1420 1982 880 1982 880 1983 1420 1983 1417 1983 879 1984 1416 1984 884 1984 884 1985 1416 1985 1414 1985 883 1986 1413 1986 833 1986 833 1987 1413 1987 1409 1987 832 1988 1408 1988 1222 1988 1222 1989 1408 1989 1809 1989 1221 1990 1808 1990 1227 1990 1226 1991 1807 1991 1812 1991 3824 1992 3562 1992 3827 1992 3827 1993 3562 1993 3559 1993 2751 1994 3848 1994 2756 1994 2756 1995 3848 1995 3466 1995 3826 1996 3557 1996 3830 1996 3831 1997 3558 1997 3555 1997 3829 1998 3554 1998 3834 1998 3834 1999 3554 1999 3552 1999 3833 2000 3551 2000 3837 2000 3837 2001 3551 2001 3549 2001 3836 2002 3548 2002 3840 2002 3840 2003 3548 2003 3546 2003 3839 2004 3545 2004 3843 2004 3843 2005 3545 2005 3188 2005 3842 2006 3187 2006 3846 2006 3846 2007 3187 2007 3470 2007 3845 2008 3469 2008 3849 2008 3849 2009 3469 2009 3467 2009 2630 2010 2627 2010 3799 2010 3799 2011 2627 2011 3703 2011 3800 2012 3704 2012 3804 2012 3804 2013 3704 2013 3326 2013 3805 2014 3327 2014 3807 2014 3807 2015 3327 2015 3323 2015 3808 2016 3324 2016 3810 2016 3810 2017 3324 2017 3574 2017 3811 2018 3575 2018 3813 2018 3813 2019 3575 2019 3571 2019 3814 2020 3572 2020 3816 2020 3816 2021 3572 2021 3568 2021 3817 2022 3569 2022 3819 2022 3819 2023 3569 2023 3564 2023 3820 2024 3565 2024 3822 2024 3823 2025 3566 2025 3561 2025 4048 2026 4053 2026 4057 2026 4061 2027 4065 2027 4068 2027 4065 2028 4071 2028 4068 2028 4071 2029 4074 2029 4068 2029 4074 2030 4077 2030 4068 2030 4080 2031 4083 2031 4086 2031 4089 2032 4068 2032 4093 2032 4093 2033 4068 2033 4096 2033 4096 2034 4068 2034 4099 2034 4099 2035 4068 2035 4077 2035 4102 2036 4106 2036 4109 2036 4113 2037 4116 2037 4119 2037 4123 2038 4127 2038 4131 2038 4134 2039 4137 2039 4141 2039 4134 2040 4141 2040 4144 2040 4134 2041 4144 2041 4149 2041 4134 2042 4149 2042 4153 2042 4158 2043 4163 2043 4167 2043 4158 2044 4167 2044 4170 2044 4159 2045 4171 2045 4176 2045 4184 2046 4188 2046 4192 2046 4181 2047 4191 2047 4195 2047 4183 2048 4196 2048 4164 2048 4180 2049 4162 2049 4157 2049 4199 2050 4202 2050 4205 2050 4199 2051 4205 2051 4208 2051 4199 2052 4208 2052 4211 2052 4199 2053 4211 2053 4187 2053 4199 2054 4187 2054 4182 2054 4199 2055 4182 2055 4215 2055 4199 2056 4215 2056 4218 2056 4199 2057 4218 2057 4221 2057 4199 2058 4221 2058 4225 2058 4205 2059 4202 2059 4229 2059 4205 2060 4229 2060 4232 2060 4205 2061 4232 2061 4236 2061 4205 2062 4236 2062 4239 2062 4205 2063 4239 2063 4242 2063 4205 2064 4242 2064 4245 2064 4205 2065 4245 2065 4248 2065 4205 2066 4248 2066 4251 2066 4254 2067 4258 2067 4262 2067 4254 2068 4262 2068 4266 2068 4254 2069 4266 2069 4270 2069 4254 2070 4270 2070 4274 2070 4254 2071 4274 2071 4280 2071 4140 2072 4283 2072 4286 2072 4141 2073 4287 2073 4290 2073 4141 2074 4290 2074 4293 2074 4141 2075 4293 2075 4296 2075 4141 2076 4296 2076 4299 2076 4141 2077 4299 2077 4144 2077 4149 2078 4303 2078 4225 2078 4148 2079 4224 2079 4308 2079 4150 2080 4309 2080 4313 2080 4149 2081 4312 2081 4317 2081 4149 2082 4317 2082 4320 2082 4149 2083 4320 2083 4323 2083 4149 2084 4323 2084 4326 2084 4149 2085 4326 2085 4331 2085 4149 2086 4331 2086 4334 2086 4149 2087 4334 2087 4337 2087 4149 2088 4337 2088 4340 2088 4149 2089 4340 2089 4344 2089 4149 2090 4344 2090 4347 2090 4149 2091 4347 2091 4350 2091 4149 2092 4350 2092 4353 2092 4149 2093 4353 2093 4153 2093 4331 2094 4326 2094 4358 2094 4330 2095 4357 2095 4362 2095 4331 2096 4363 2096 4366 2096 4370 2097 4374 2097 4379 2097 4370 2098 4379 2098 4385 2098 4370 2099 4385 2099 4388 2099 4371 2100 4389 2100 4393 2100 4369 2101 4392 2101 4257 2101 4379 2102 4374 2102 4396 2102 4379 2103 4396 2103 4399 2103 4379 2104 4399 2104 4402 2104 4379 2105 4402 2105 4405 2105 4379 2106 4405 2106 4408 2106 4379 2107 4408 2107 4411 2107 4379 2108 4411 2108 4414 2108 4379 2109 4414 2109 4053 2109 4380 2110 4054 2110 4049 2110 4418 2111 4421 2111 4424 2111 4418 2112 4424 2112 4428 2112 4418 2113 4428 2113 4431 2113 4418 2114 4431 2114 4057 2114 4418 2115 4057 2115 4053 2115 4434 2116 4141 2116 4137 2116 4434 2117 4137 2117 4437 2117 4434 2118 4437 2118 4441 2118 4434 2119 4441 2119 4444 2119 4434 2120 4444 2120 4447 2120 4434 2121 4447 2121 4421 2121 4434 2122 4421 2122 4418 2122 4258 2123 4254 2123 4450 2123 4258 2124 4450 2124 4453 2124 4258 2125 4453 2125 4456 2125 4258 2126 4456 2126 4459 2126 4258 2127 4459 2127 4462 2127 4258 2128 4462 2128 4465 2128 4258 2129 4465 2129 4468 2129 4258 2130 4468 2130 4471 2130 4258 2131 4471 2131 4474 2131 4258 2132 4474 2132 4477 2132 4258 2133 4477 2133 4480 2133 4258 2134 4480 2134 4483 2134 4258 2135 4483 2135 4486 2135 4258 2136 4486 2136 4489 2136 4258 2137 4489 2137 4493 2137 4258 2138 4493 2138 4370 2138 4379 2139 4496 2139 4499 2139 4379 2140 4499 2140 4502 2140 4379 2141 4502 2141 4505 2141 4379 2142 4505 2142 4509 2142 4379 2143 4509 2143 4512 2143 4379 2144 4512 2144 4516 2144 4377 2145 4515 2145 4060 2145 4379 2146 4061 2146 4068 2146 4379 2147 4068 2147 4519 2147 4379 2148 4519 2148 4522 2148 4379 2149 4522 2149 4526 2149 4379 2150 4526 2150 4529 2150 4379 2151 4529 2151 4532 2151 4379 2152 4532 2152 4535 2152 4379 2153 4535 2153 4539 2153 4381 2154 4540 2154 4545 2154 4378 2155 4544 2155 4384 2155 4153 2156 4548 2156 4551 2156 4153 2157 4551 2157 4555 2157 4153 2158 4555 2158 4558 2158 4153 2159 4558 2159 4561 2159 4153 2160 4561 2160 4134 2160 4303 2161 4149 2161 4564 2161 4303 2162 4564 2162 4567 2162 4303 2163 4567 2163 4570 2163 4303 2164 4570 2164 4573 2164 4303 2165 4573 2165 4576 2165 4304 2166 4577 2166 4580 2166 4304 2167 4580 2167 4583 2167 4277 2168 4271 2168 4588 2168 4274 2169 4587 2169 4592 2169 4274 2170 4592 2170 4596 2170 4274 2171 4596 2171 4600 2171 4274 2172 4600 2172 4604 2172 4274 2173 4604 2173 4608 2173 4274 2174 4608 2174 4611 2174 4274 2175 4611 2175 4614 2175 4274 2176 4614 2176 4068 2176 4274 2177 4068 2177 4089 2177 4275 2178 4090 2178 4617 2178 4276 2179 4618 2179 4622 2179 4274 2180 4621 2180 4625 2180 4274 2181 4625 2181 4628 2181 4274 2182 4628 2182 4631 2182 4274 2183 4631 2183 4634 2183 4274 2184 4634 2184 4637 2184 4640 2185 4208 2185 4644 2185 4640 2186 4644 2186 4647 2186 4640 2187 4647 2187 4651 2187 4640 2188 4651 2188 4106 2188 4640 2189 4106 2189 4102 2189 4208 2190 4205 2190 4654 2190 4208 2191 4654 2191 4657 2191 4208 2192 4657 2192 4644 2192 4302 2193 4660 2193 4663 2193 4304 2194 4664 2194 4667 2194 4304 2195 4667 2195 4670 2195 4305 2196 4671 2196 4675 2196 4303 2197 4674 2197 4678 2197 4303 2198 4678 2198 4681 2198 4303 2199 4681 2199 4199 2199 4303 2200 4199 2200 4225 2200 4274 2201 4123 2201 4131 2201 4274 2202 4131 2202 4684 2202 4274 2203 4684 2203 4687 2203 4274 2204 4687 2204 4690 2204 4274 2205 4690 2205 4694 2205 4274 2206 4694 2206 4697 2206 4274 2207 4697 2207 4701 2207 4274 2208 4701 2208 4704 2208 4274 2209 4704 2209 4280 2209 4707 2210 4131 2210 4127 2210 4708 2211 4128 2211 4713 2211 4707 2212 4712 2212 4717 2212 4707 2213 4717 2213 4721 2213 4707 2214 4721 2214 4724 2214 4707 2215 4724 2215 4727 2215 4707 2216 4727 2216 4730 2216 4730 2217 4727 2217 4734 2217 4730 2218 4734 2218 4738 2218 4730 2219 4738 2219 4741 2219 4730 2220 4741 2220 4251 2220 4730 2221 4251 2221 4248 2221 4175 2222 4170 2222 4745 2222 4745 2223 4170 2223 4748 2223 4745 2224 4748 2224 4752 2224 4752 2225 4748 2225 4755 2225 4752 2226 4755 2226 4759 2226 4759 2227 4755 2227 4763 2227 4763 2228 4755 2228 4116 2228 4763 2229 4116 2229 4113 2229 4331 2230 4366 2230 4766 2230 4766 2231 4366 2231 4769 2231 4766 2232 4769 2232 4116 2232 4116 2233 4769 2233 4772 2233 4116 2234 4772 2234 4119 2234 4499 2235 4496 2235 4086 2235 4086 2236 4496 2236 4776 2236 4086 2237 4776 2237 4080 2237 4086 2238 4083 2238 4779 2238 4779 2239 4083 2239 4783 2239 4779 2240 4783 2240 4786 2240 4779 2241 4786 2241 4548 2241 4548 2242 4786 2242 4789 2242 4548 2243 4789 2243 4551 2243 4637 2244 4634 2244 4792 2244 4792 2245 4634 2245 4795 2245 4792 2246 4795 2246 4798 2246 4102 2247 4109 2247 4795 2247 4795 2248 4109 2248 4802 2248 4795 2249 4802 2249 4798 2249 3308 2250 4649 2250 3313 2250 3312 2251 4648 2251 4646 2251 3312 2252 4646 2252 3318 2252 3316 2253 4645 2253 4642 2253 3317 2254 4643 2254 3322 2254 3321 2255 4641 2255 4656 2255 3321 2256 4656 2256 3239 2256 3238 2257 4655 2257 4653 2257 3238 2258 4653 2258 3212 2258 3211 2259 4652 2259 4204 2259 3211 2260 4204 2260 3215 2260 4650 2261 3310 2261 4104 2261 4103 2262 3309 2262 3305 2262 4105 2263 3306 2263 4108 2263 4107 2264 3304 2264 3302 2264 4107 2265 3302 2265 4801 2265 4800 2266 3301 2266 3298 2266 4799 2267 3297 2267 4797 2267 4796 2268 3296 2268 3293 2268 4796 2269 3293 2269 4791 2269 4790 2270 3292 2270 3711 2270 4790 2271 3711 2271 4636 2271 4635 2272 3710 2272 3447 2272 4635 2273 3447 2273 4273 2273 3422 2274 4719 2274 3428 2274 3426 2275 4718 2275 4715 2275 3427 2276 4716 2276 3432 2276 3431 2277 4714 2277 4711 2277 3430 2278 4710 2278 3436 2278 3435 2279 4709 2279 4126 2279 3434 2280 4125 2280 3266 2280 3264 2281 4124 2281 4121 2281 3265 2282 4122 2282 3440 2282 3439 2283 4120 2283 4272 2283 3439 2284 4272 2284 3444 2284 4720 2285 3424 2285 4723 2285 4722 2286 3423 2286 3420 2286 4722 2287 3420 2287 4726 2287 4725 2288 3419 2288 3417 2288 4725 2289 3417 2289 4733 2289 4731 2290 3416 2290 3413 2290 4732 2291 3414 2291 4737 2291 4735 2292 3412 2292 3409 2292 4736 2293 3410 2293 4740 2293 4739 2294 3408 2294 3406 2294 4739 2295 3406 2295 4250 2295 4249 2296 3405 2296 3213 2296 4249 2297 3213 2297 4203 2297 3347 2298 4446 2298 3194 2298 3193 2299 4445 2299 4443 2299 3193 2300 4443 2300 3199 2300 3198 2301 4442 2301 4440 2301 3197 2302 4439 2302 3203 2302 3202 2303 4438 2303 4436 2303 3202 2304 4436 2304 3495 2304 3494 2305 4435 2305 4136 2305 3494 2306 4136 2306 3498 2306 3497 2307 4135 2307 4133 2307 3497 2308 4133 2308 3501 2308 4446 2309 3347 2309 4419 2309 4420 2310 3348 2310 3345 2310 4420 2311 3345 2311 4423 2311 4422 2312 3344 2312 3342 2312 4422 2313 3342 2313 4427 2313 4425 2314 3341 2314 3338 2314 4426 2315 3339 2315 4430 2315 4429 2316 3337 2316 3641 2316 4429 2317 3641 2317 4056 2317 4055 2318 3640 2318 3637 2318 4055 2319 3637 2319 4047 2319 4046 2320 3636 2320 3634 2320 4046 2321 3634 2321 4376 2321 3177 2322 4781 2322 3617 2322 3616 2323 4780 2323 4082 2323 3616 2324 4082 2324 3620 2324 3619 2325 4081 2325 4079 2325 3619 2326 4079 2326 3624 2326 3622 2327 4078 2327 4774 2327 3623 2328 4775 2328 3627 2328 3626 2329 4773 2329 4495 2329 3626 2330 4495 2330 3630 2330 3629 2331 4494 2331 4375 2331 3629 2332 4375 2332 3632 2332 4782 2333 3179 2333 4785 2333 4784 2334 3178 2334 3516 2334 4784 2335 3516 2335 4788 2335 4787 2336 3515 2336 3513 2336 4787 2337 3513 2337 4550 2337 4549 2338 3512 2338 3510 2338 4549 2339 3510 2339 4554 2339 4553 2340 3509 2340 3507 2340 4552 2341 3506 2341 4557 2341 4556 2342 3505 2342 3503 2342 4556 2343 3503 2343 4560 2343 4559 2344 3502 2344 3499 2344 4559 2345 3499 2345 4132 2345 3735 2346 4770 2346 3728 2346 3729 2347 4771 2347 4767 2347 3729 2348 4767 2348 3731 2348 3732 2349 4768 2349 4364 2349 3732 2350 4364 2350 3721 2350 3722 2351 4365 2351 4359 2351 3723 2352 4360 2352 3714 2352 3716 2353 4361 2353 4355 2353 3715 2354 4354 2354 3543 2354 3544 2355 4356 2355 4325 2355 3544 2356 4325 2356 3477 2356 4770 2357 3735 2357 4118 2357 4117 2358 3733 2358 3233 2358 4117 2359 3233 2359 4110 2359 4112 2360 3234 2360 3230 2360 4111 2361 3229 2361 4760 2361 4761 2362 3231 2362 3585 2362 4762 2363 3586 2363 4756 2363 4757 2364 3587 2364 3581 2364 4758 2365 3582 2365 4749 2365 4751 2366 3583 2366 3578 2366 4750 2367 3577 2367 4742 2367 4743 2368 3579 2368 3378 2368 4744 2369 3379 2369 4174 2369 3353 2370 4219 2370 3357 2370 3358 2371 4220 2371 4216 2371 3358 2372 4216 2372 3361 2372 3363 2373 4217 2373 4213 2373 3362 2374 4212 2374 3365 2374 3367 2375 4214 2375 4178 2375 3366 2376 4177 2376 3369 2376 3371 2377 4179 2377 4155 2377 3370 2378 4154 2378 3373 2378 3375 2379 4156 2379 4173 2379 3374 2380 4172 2380 3377 2380 4219 2381 3353 2381 4222 2381 4223 2382 3356 2382 3351 2382 4223 2383 3351 2383 4306 2383 4307 2384 3352 2384 3490 2384 4307 2385 3490 2385 4310 2385 4311 2386 3491 2386 3487 2386 4311 2387 3487 2387 4314 2387 4316 2388 3488 2388 3484 2388 4315 2389 3483 2389 4318 2389 4319 2390 3485 2390 3480 2390 4319 2391 3480 2391 4321 2391 4322 2392 3481 2392 3476 2392 4322 2393 3476 2393 4324 2393 3684 2394 4390 2394 3687 2394 3688 2347 4391 2347 4386 2347 3688 2395 4386 2395 3690 2395 3691 2396 4387 2396 4382 2396 3691 2397 4382 2397 3693 2397 3694 2398 4383 2398 4541 2398 3695 2399 4542 2399 3697 2399 3699 2400 4543 2400 4537 2400 3698 2401 4536 2401 3701 2401 3702 2402 4538 2402 4534 2402 3702 2356 4534 2356 3334 2356 4390 2403 3684 2403 4256 2403 4255 2404 3681 2404 3677 2404 4255 2405 3677 2405 4259 2405 4261 2406 3678 2406 3674 2406 4260 2407 3673 2407 4263 2407 4264 2362 3675 2362 3669 2362 4265 2363 3670 2363 4267 2363 4268 2408 3671 2408 3665 2408 4269 2409 3666 2409 4584 2409 4586 2410 3667 2410 3662 2410 4585 2411 3661 2411 4589 2411 4590 2412 3663 2412 3261 2412 4591 2369 3262 2369 4595 2369 3747 2413 4612 2413 3750 2413 3751 2414 4613 2414 4609 2414 3751 2415 4609 2415 3645 2415 3647 2416 4610 2416 4606 2416 3646 2417 4605 2417 3649 2417 3651 2418 4607 2418 4602 2418 3650 2419 4601 2419 3653 2419 3655 2377 4603 2377 4598 2377 3654 2420 4597 2420 3657 2420 3659 2421 4599 2421 4594 2421 3658 2380 4593 2380 3260 2380 4612 2422 3747 2422 4066 2422 4067 2423 3749 2423 3745 2423 4067 2424 3745 2424 4517 2424 4518 2425 3746 2425 3254 2425 4518 2426 3254 2426 4520 2426 4521 2427 3255 2427 3251 2427 4521 2428 3251 2428 4523 2428 4525 2388 3252 2388 3739 2388 4524 2429 3738 2429 4527 2429 4528 2430 3740 2430 3592 2430 4528 2431 3592 2431 4530 2431 4531 2432 3593 2432 3333 2432 4531 2433 3333 2433 4533 2433 3743 2434 4072 2434 3258 2434 3259 2435 4073 2435 4069 2435 3259 2436 4069 2436 3596 2436 3598 2437 4070 2437 4063 2437 3597 2438 4062 2438 3600 2438 3601 2439 4064 2439 4058 2439 3601 2440 4058 2440 3603 2440 3604 2441 4059 2441 4513 2441 3604 2442 4513 2442 3606 2442 3607 2443 4514 2443 4510 2443 3607 2444 4510 2444 3609 2444 3611 2445 4511 2445 4507 2445 3610 2446 4506 2446 3614 2446 3615 2447 4508 2447 4503 2447 3615 2448 4503 2448 3242 2448 3243 2449 4504 2449 4500 2449 3243 2450 4500 2450 3245 2450 3246 2451 4501 2451 4497 2451 3246 2452 4497 2452 3248 2452 3249 2453 4498 2453 4084 2453 3249 2454 4084 2454 3182 2454 3183 2455 4085 2455 4778 2455 3183 2456 4778 2456 3176 2456 4072 2457 3743 2457 4076 2457 4075 2458 3741 2458 3642 2458 4075 2459 3642 2459 4097 2459 4098 2460 3643 2460 3278 2460 4098 2461 3278 2461 4094 2461 4095 2462 3279 2462 3275 2462 4095 2463 3275 2463 4091 2463 4092 2464 3276 2464 3271 2464 4092 2465 3271 2465 4087 2465 4088 2466 3272 2466 3462 2466 4088 2467 3462 2467 4615 2467 4616 2468 3463 2468 3459 2468 4616 2469 3459 2469 4619 2469 4620 2470 3460 2470 3455 2470 4620 2471 3455 2471 4623 2471 4624 2472 3456 2472 3452 2472 4624 2473 3452 2473 4626 2473 4627 2474 3453 2474 3448 2474 4627 2475 3448 2475 4629 2475 4630 2476 3449 2476 3706 2476 4630 2477 3706 2477 4632 2477 4633 2478 3707 2478 3287 2478 4633 2479 3287 2479 4793 2479 4794 2480 3288 2480 3282 2480 4794 2481 3282 2481 4101 2481 3724 2482 4753 2482 3226 2482 3227 2483 4754 2483 4746 2483 3227 2484 4746 2484 3381 2484 3382 2485 4747 2485 4168 2485 3382 2486 4168 2486 3384 2486 3385 2487 4169 2487 4165 2487 3385 2488 4165 2488 3387 2488 3388 2489 4166 2489 4160 2489 3388 2490 4160 2490 3390 2490 3391 2491 4161 2491 4193 2491 3391 2492 4193 2492 3393 2492 3394 2493 4194 2493 4189 2493 3394 2494 4189 2494 3396 2494 3397 2495 4190 2495 4185 2495 3397 2496 4185 2496 3399 2496 3400 2497 4186 2497 4209 2497 3400 2498 4209 2498 3402 2498 3403 2499 4210 2499 4206 2499 3403 2500 4206 2500 3204 2500 3205 2501 4207 2501 4638 2501 3205 2502 4638 2502 3207 2502 3208 2503 4639 2503 4100 2503 3208 2504 4100 2504 3281 2504 4753 2505 3724 2505 4114 2505 4115 2506 3726 2506 3718 2506 4115 2507 3718 2507 4764 2507 4765 2508 3719 2508 3539 2508 4765 2509 3539 2509 4327 2509 4328 2510 3540 2510 3533 2510 4329 2511 3534 2511 4332 2511 4333 2512 3535 2512 3530 2512 4333 2513 3530 2513 4335 2513 4336 2514 3531 2514 3527 2514 4336 2515 3527 2515 4338 2515 4339 2516 3528 2516 3524 2516 4339 2517 3524 2517 4341 2517 4342 2518 3525 2518 3520 2518 4343 2519 3521 2519 4345 2519 4346 2520 3522 2520 3218 2520 4346 2521 3218 2521 4348 2521 4349 2522 3219 2522 3221 2522 4349 2523 3221 2523 4351 2523 4352 2524 3222 2524 3224 2524 4352 2525 3224 2525 4151 2525 4152 2526 3225 2526 3185 2526 4152 2527 3185 2527 4546 2527 4547 2528 3186 2528 3175 2528 4547 2529 3175 2529 4777 2529 4300 2530 3922 2530 4658 2530 4659 2531 3923 2531 3919 2531 4659 2532 3919 2532 4661 2532 4662 2533 3920 2534 3916 2535 4662 2533 3916 2535 4665 2536 4666 2537 3917 2537 3913 2537 4666 2538 3913 2538 4668 2538 4669 2539 3914 2539 3910 2539 4669 2540 3910 2540 4672 2540 4673 2541 3911 2541 3907 2541 4673 2542 3907 2542 4676 2542 4677 2543 3908 2543 3904 2543 4677 2544 3904 2544 4679 2544 4680 2545 3905 2545 3901 2545 4680 2546 3901 2546 4197 2546 4198 2547 3902 2547 3898 2547 4198 2548 3898 2548 4200 2548 4201 2549 3899 2549 3895 2549 4201 2550 3895 2550 4226 2550 4227 2551 3896 2551 3891 2551 4228 2552 3892 2552 4230 2552 4231 2553 3893 2553 3888 2553 4231 2554 3888 2554 4233 2554 4234 2555 3889 2555 3884 2555 4235 2556 3885 2556 4237 2556 4238 2557 3886 2557 3881 2557 4238 2558 3881 2558 4240 2558 4241 2559 3882 2559 3878 2559 4241 2560 3878 2560 4243 2560 4244 2561 3879 2561 3875 2561 4244 2562 3875 2562 4246 2562 4247 2563 3876 2563 3872 2563 4247 2564 3872 2564 4728 2564 4729 2565 3873 2565 3869 2565 4729 2566 3869 2566 4705 2566 3922 2567 4300 2567 3926 2567 3927 2568 4301 2568 4581 2568 3927 2569 4581 2569 3753 2569 3754 2570 4582 2570 4578 2570 3754 2571 4578 2571 3757 2571 3758 2572 4579 2572 4574 2572 3758 2573 4574 2573 3760 2573 3761 2574 4575 2574 4571 2574 3761 2575 4571 2575 3763 2575 3764 2576 4572 2576 4568 2576 3764 2577 4568 2577 3766 2577 3767 2578 4569 2578 4565 2578 3767 2579 4565 2579 3769 2579 3770 2580 4566 2580 4562 2580 3770 2581 4562 2581 3772 2581 3774 2582 4563 2582 4146 2582 3773 2583 4145 2583 3776 2583 3777 2584 4147 2584 4142 2584 3777 2585 4142 2585 3779 2585 3780 2586 4143 2586 4297 2586 3780 2587 4297 2587 3782 2587 3783 2588 4298 2588 4294 2588 3783 2589 4294 2589 3786 2589 3787 2590 4295 2590 4291 2590 3787 2591 4291 2591 3790 2591 3791 2592 4292 2592 4288 2592 3791 2593 4288 2593 3857 2593 3858 2594 4289 2594 4284 2594 3858 2595 4284 2595 3860 2595 3861 2596 4285 2596 4281 2596 3861 2597 4281 2597 3863 2597 3864 2598 4282 2598 4138 2598 3864 2599 4138 2599 3866 2599 3867 2600 4139 2600 4432 2600 3867 2601 4432 2601 3852 2601 3853 2602 4433 2602 4415 2602 3854 2603 4416 2603 3795 2603 4470 2604 3967 2604 4472 2604 4473 2605 3968 2605 3964 2605 4473 2606 3964 2606 4475 2606 4476 2607 3965 2607 3961 2607 4476 2608 3961 2608 4478 2608 4479 2609 3962 2609 3958 2609 4479 2610 3958 2610 4481 2610 4482 2611 3959 2611 3955 2611 4482 2612 3955 2612 4484 2612 4485 2613 3956 2613 3952 2613 4485 2614 3952 2614 4487 2614 4488 2615 3953 2615 3949 2615 4488 2616 3949 2616 4490 2616 4491 2617 3950 2617 3945 2617 4492 2618 3946 2618 4367 2618 4368 2619 3947 2619 3942 2619 4368 2620 3942 2620 4372 2620 4373 2621 3943 2621 3938 2621 4373 2622 3938 2622 4394 2622 4395 2623 3939 2623 3934 2623 4395 2624 3934 2624 4397 2624 4398 2625 3935 2625 3930 2625 4398 2626 3930 2626 4400 2626 4401 2627 3931 2627 3985 2627 4401 2628 3985 2628 4403 2628 4404 2629 3986 2629 3982 2629 4404 2630 3982 2630 4406 2630 4407 2631 3983 2631 3979 2631 4407 2632 3979 2632 4409 2632 4410 2633 3980 2633 3975 2633 4410 2634 3975 2634 4412 2634 4413 2635 3976 2635 3971 2635 4413 2636 3971 2636 4050 2636 4051 2637 3972 2637 3794 2637 4052 2638 3796 2638 4417 2638 3967 2639 4470 2639 3989 2639 3988 2640 4469 2640 4466 2640 3988 2641 4466 2641 3992 2641 3993 2642 4467 2642 4463 2642 3993 2643 4463 2643 3996 2643 3997 2644 4464 2644 4460 2644 3997 2645 4460 2645 3999 2645 4000 2646 4461 2646 4457 2646 4000 2647 4457 2647 4002 2647 4003 2648 4458 2648 4454 2648 4003 2649 4454 2649 4005 2649 4006 2650 4455 2650 4451 2650 4006 2651 4451 2651 4008 2651 4009 2652 4452 2652 4448 2652 4009 2653 4448 2653 4011 2653 4012 2654 4449 2654 4252 2654 4012 2655 4252 2655 4014 2655 4015 2656 4253 2656 4278 2656 4015 2657 4278 2657 4017 2657 4018 2658 4279 2658 4702 2658 4018 2659 4702 2659 4020 2659 4022 2660 4703 2660 4699 2660 4021 2661 4698 2661 4024 2661 4025 2662 4700 2662 4695 2662 4025 2663 4695 2663 4027 2663 4029 2664 4696 2664 4692 2664 4028 2665 4691 2665 4031 2665 4032 2666 4693 2666 4688 2666 4032 2667 4688 2667 4034 2667 4035 2668 4689 2668 4685 2668 4035 2669 4685 2669 4037 2669 4038 2670 4686 2670 4682 2670 4038 2671 4682 2671 4040 2671 4041 2672 4683 2672 4129 2672 4041 2673 4129 2673 4043 2673 4044 2674 4130 2674 4706 2674 4044 2675 4706 2675 3870 2675 1275 2676 1380 2676 810 2676 811 2677 1381 2677 1852 2677 811 2678 1852 2678 1265 2678 1266 2679 1853 2679 1724 2679 1266 2680 1724 2680 1103 2680 1104 2681 1725 2681 1721 2681 1104 2682 1721 2682 1108 2682 1109 2683 1722 2683 1718 2683 1109 2684 1718 2684 1111 2684 1112 2685 1719 2685 1715 2685 1112 2686 1715 2686 1114 2686 1115 2687 1716 2687 1711 2687 1115 2688 1711 2688 1117 2688 1118 2689 1712 2689 1322 2689 1118 2690 1322 2690 753 2690 754 2691 1323 2691 1331 2691 754 2692 1331 2692 747 2692 1380 2693 1275 2693 1879 2693 1881 2694 1276 2694 1281 2694 1881 2695 1281 2695 1874 2695 1875 2696 1282 2696 1287 2696 1875 2697 1287 2697 1868 2697 1869 2698 1288 2698 1296 2698 1869 2699 1296 2699 1890 2699 1891 2700 1297 2700 1192 2700 1891 2701 1192 2701 1773 2701 1774 2702 1193 2702 1209 2702 1774 2703 1209 2703 1794 2703 1795 2704 1210 2704 1199 2704 1796 2705 1200 2705 1788 2705 1789 2706 1201 2706 760 2706 1789 2707 760 2707 1344 2707 1345 2708 761 2708 769 2708 1345 2709 769 2709 1347 2709 1348 2710 770 2710 814 2710 1349 2711 815 2711 1392 2711 1242 2712 1833 2712 1247 2712 1248 2713 1834 2713 1827 2713 1248 2714 1827 2714 1253 2714 1254 2715 1828 2715 1670 2715 1254 2716 1670 2716 1096 2716 1097 2717 1671 2717 1460 2717 1097 2718 1460 2718 837 2718 838 2719 1461 2719 1365 2719 838 2720 1365 2720 786 2720 788 2721 1366 2721 1805 2721 787 2722 1804 2722 1212 2722 1213 2723 1806 2723 1357 2723 1213 2724 1357 2724 772 2724 773 2725 1358 2725 1354 2725 773 2726 1354 2726 775 2726 777 2727 1355 2727 1391 2727 776 2728 1390 2728 813 2728 1833 2729 1242 2729 1840 2729 1838 2730 1241 2730 1232 2730 1838 2731 1232 2731 1817 2731 1818 2732 1233 2732 795 2732 1818 2733 795 2733 1377 2733 1378 2734 796 2734 1072 2734 1378 2735 1072 2735 1658 2735 1659 2736 1073 2736 1069 2736 1659 2737 1069 2737 1618 2737 1619 2738 1070 2738 1066 2738 1619 2739 1066 2739 1621 2739 1622 2740 1067 2740 1063 2740 1622 2741 1063 2741 1624 2741 1625 2742 1064 2742 1060 2742 1625 2743 1060 2743 1627 2743 1628 2744 1061 2744 757 2744 1628 2745 757 2745 1333 2745 1334 2746 758 2746 746 2746 1334 2747 746 2747 1330 2747</p>
        </triangles>
      </mesh>
    </geometry>
  </library_geometries>
  <library_visual_scenes>
    <visual_scene id="Scene" name="Scene">
      <node id="leg_b_005" name="leg_b.005" type="NODE">
        <matrix sid="transform">1 8.9407e-8 0 1.49012e-8 -8.9407e-8 1 0 4.47035e-8 0 0 1 9.31323e-10 0 0 0 1</matrix>
        <instance_geometry url="#Leg_B_007-mesh" name="leg_b.005"/>
      </node>
    </visual_scene>
  </library_visual_scenes>
  <scene>
    <instance_visual_scene url="#Scene"/>
  </scene>
</COLLADA>