<?xml version="1.0" encoding="utf-8"?>
<COLLADA xmlns="http://www.collada.org/2005/11/COLLADASchema" version="1.4.1" xmlns:xsi="http://www.w3.org/2001/XMLSchema-instance">
  <asset>
    <contributor>
      <author>Blender User</author>
      <authoring_tool>Blender 4.2.22 LTS commit date:2026-06-22, commit time:11:10, hash:88937221abfc</authoring_tool>
    </contributor>
    <created>2026-08-07T15:00:10</created>
    <modified>2026-08-07T15:00:10</modified>
    <unit name="meter" meter="1"/>
    <up_axis>Z_UP</up_axis>
  </asset>
  <library_images/>
  <library_geometries>
    <geometry id="Leg_A_002-mesh" name="Leg_A.002">
      <mesh>
        <source id="Leg_A_002-mesh-positions">
          <float_array id="Leg_A_002-mesh-positions-array" count="15987">0.001048147 -0.007109224 0.002420723 0.001048147 -0.007109224 0.002420723 0.001048147 -0.007109224 0.002420723 0.00155276 -0.002123713 0.002467453 0.00155276 -0.002123713 0.002467453 0.00155276 -0.002123713 0.002467453 0.001032829 -0.00677371 0.00242418 0.001032829 -0.00677371 0.00242418 0.001032829 -0.00677371 0.00242418 0.001032829 -0.00677371 0.00242418 6.39197e-4 0.002499341 0.002520799 6.39197e-4 0.002499341 0.002520799 6.39197e-4 0.002499341 0.002520799 3.84635e-4 0.005462169 0.002552628 3.84635e-4 0.005462169 0.002552628 3.84635e-4 0.005462169 0.002552628 3.84635e-4 0.005462169 0.002552628 1.91347e-4 0.002568781 0.002524733 1.91347e-4 0.002568781 0.002524733 1.91347e-4 0.002568781 0.002524733 1.91347e-4 0.002568781 0.002524733 0.002515017 6.99287e-4 0.00248903 0.002515017 6.99287e-4 0.00248903 0.002515017 6.99287e-4 0.00248903 0.005894541 5.19882e-4 0.002462804 0.005894541 5.19882e-4 0.002462804 0.005894541 5.19882e-4 0.002462804 0.005894541 5.19882e-4 0.002462804 0.006147325 7.41051e-4 0.002463221 0.006147325 7.41051e-4 0.002463221 0.006147325 7.41051e-4 0.002463221 7.83977e-4 -0.006154358 0.002432286 7.83977e-4 -0.006154358 0.002432286 7.83977e-4 -0.006154358 0.002432286 -1.55218e-4 -0.002619385 0.002474784 -1.55218e-4 -0.002619385 0.002474784 -1.55218e-4 -0.002619385 0.002474784 5.62826e-4 -0.005901575 0.002436399 5.62826e-4 -0.005901575 0.002436399 5.62826e-4 -0.005901575 0.002436399 2.90961e-4 -0.005704343 0.002440392 2.90961e-4 -0.005704343 0.002440392 2.90961e-4 -0.005704343 0.002440392 2.90961e-4 -0.005704343 0.002440392 -1.79658e-5 -0.005572557 0.002443969 -1.79658e-5 -0.005572557 0.002443969 -1.79658e-5 -0.005572557 0.002443969 -1.79658e-5 -0.005572557 0.002443969 -3.48486e-4 -0.005512773 0.002446949 -3.48486e-4 -0.005512773 0.002446949 -3.48486e-4 -0.005512773 0.002446949 -3.48486e-4 -0.005512773 0.002446949 -2.61741e-4 0.002559423 0.002527952 -2.61741e-4 0.002559423 0.002527952 -2.61741e-4 0.002559423 0.002527952 -2.61741e-4 0.002559423 0.002527952 -0.005574345 0.001000046 0.002550542 -0.005574345 0.001000046 0.002550542 -0.005574345 0.001000046 0.002550542 -0.005484819 6.76391e-4 0.002546668 -0.005484819 6.76391e-4 0.002546668 -0.005484819 6.76391e-4 0.002546668 -0.002506554 5.95627e-4 0.002524316 -0.002506554 5.95627e-4 0.002524316 -0.002506554 5.95627e-4 0.002524316 -0.002506554 5.95627e-4 0.002524316 -0.001556217 -0.005998194 0.002450764 -0.001556217 -0.005998194 0.002450764 -0.001556217 -0.005998194 0.002450764 -0.001303434 -0.00577706 0.002451181 -0.001303434 -0.00577706 0.002451181 -0.001303434 -0.00577706 0.002451181 -0.001007735 -0.005617678 0.002450644 -0.001007735 -0.005617678 0.002450644 -0.001007735 -0.005617678 0.002450644 -6.84038e-4 -0.005528092 0.002449214 -6.84038e-4 -0.005528092 0.002449214 -6.84038e-4 -0.005528092 0.002449214 -0.00706613 -0.001055836 0.002540588 -0.00706613 -0.001055836 0.002540588 -0.00706613 -0.001055836 0.002540588 -0.00706613 -0.001055836 0.002540588 -0.00168085 -0.007864415 0.002432763 -0.00168085 -0.007864415 0.002432763 -0.00168085 -0.007864415 0.002432763 -0.001840233 -0.007568776 0.002436935 -0.001840233 -0.007568776 0.002436935 -0.001840233 -0.007568776 0.002436935 -0.001929759 -0.007245063 0.002440869 -0.001929759 -0.007245063 0.002440869 -0.001929759 -0.007245063 0.002440869 -0.001929759 -0.007245063 0.002440869 -0.001945078 -0.006909489 0.002444326 -0.001945078 -0.006909489 0.002444326 -0.001945078 -0.006909489 0.002444326 -0.001782119 -0.001901209 0.002493798 -0.001782119 -0.001901209 0.002493798 -0.001782119 -0.001901209 0.002493798 -0.0020805 -0.001560151 0.002499401 -0.0020805 -0.001560151 0.002499401 -0.0020805 -0.001560151 0.002499401 -0.0020805 -0.001560151 0.002499401 -0.006730616 -0.001040518 0.002538263 -0.006730616 -0.001040518 0.002538263 -0.006730616 -0.001040518 0.002538263 0.007590413 0.01072752 0.002553761 0.007590413 0.01072752 0.002553761 0.007590413 0.01072752 0.002553761 5.84584e-4 0.008455395 0.002581417 5.84584e-4 0.008455395 0.002581417 5.84584e-4 0.008455395 0.002581417 5.84584e-4 0.008455395 0.002581417 9.15104e-4 0.008395612 0.002578437 9.15104e-4 0.008395612 0.002578437 9.15104e-4 0.008395612 0.002578437 0.001223981 0.008263826 0.002574861 0.001223981 0.008263826 0.002574861 0.001223981 0.008263826 0.002574861 0.001495838 0.008066594 0.002570927 0.001495838 0.008066594 0.002570927 0.001495838 0.008066594 0.002570927 0.001495838 0.008066594 0.002570927 0.001717031 0.007813811 0.002566754 0.001717031 0.007813811 0.002566754 0.001717031 0.007813811 0.002566754 0.001717031 0.007813811 0.002566754 0.007102251 0.001005232 0.002458989 0.007102251 0.001005232 0.002458989 0.007102251 0.001005232 0.002458989 0.008025109 0.01037335 0.002547025 0.008025109 0.01037335 0.002547025 0.008025109 0.01037335 0.002547025 0.008025109 0.01037335 0.002547025 -0.006056904 0.0116381 0.002661645 -0.006056904 0.0116381 0.002661645 -0.006056904 0.0116381 0.002661645 -0.006534814 0.01134485 0.002662122 -0.006534814 0.01134485 0.002662122 -0.006534814 0.01134485 0.002662122 -0.006866216 0.00193727 0.002569377 -0.006866216 0.00193727 0.002569377 -0.006866216 0.00193727 0.002569377 -0.006866216 0.00193727 0.002569377 -6.23177e-4 0.007969975 0.002585232 -6.23177e-4 0.007969975 0.002585232 -6.23177e-4 0.007969975 0.002585232 -3.70368e-4 0.008191168 0.002585649 -3.70368e-4 0.008191168 0.002585649 -3.70368e-4 0.008191168 0.002585649 -7.46817e-5 0.008350491 0.002585113 -7.46817e-5 0.008350491 0.002585113 -7.46817e-5 0.008350491 0.002585113 2.49032e-4 0.008440077 0.002583682 2.49032e-4 0.008440077 0.002583682 2.49032e-4 0.008440077 0.002583682 9.43318e-4 -0.006449997 0.002428114 9.43318e-4 -0.006449997 0.002428114 9.43318e-4 -0.006449997 0.002428114 0.001165032 -0.002358376 0.00246787 0.001165032 -0.002358376 0.00246787 0.001165032 -0.002358376 0.00246787 7.42482e-4 -0.00252211 0.002469301 7.42482e-4 -0.00252211 0.002469301 7.42482e-4 -0.00252211 0.002469301 2.97891e-4 -0.002610027 0.002471625 2.97891e-4 -0.002610027 0.002471625 2.97891e-4 -0.002610027 0.002471625 0.01283639 -0.02192628 0.002185702 0.01283639 -0.02192628 0.002185702 0.01283639 -0.02192628 0.002185702 0.008483648 -2.55631e-4 0.00243628 0.008483648 -2.55631e-4 0.00243628 0.008483648 -2.55631e-4 0.00243628 0.008498907 -5.91164e-4 0.002432763 0.008498907 -5.91164e-4 0.002432763 0.008498907 -5.91164e-4 0.002432763 0.008439183 -9.21685e-4 0.002429842 0.008439183 -9.21685e-4 0.002429842 0.008439183 -9.21685e-4 0.002429842 0.008307337 -0.001230597 0.002427697 0.008307337 -0.001230597 0.002427697 0.008307337 -0.001230597 0.002427697 0.008110105 -0.001502454 0.002426326 0.008110105 -0.001502454 0.002426326 0.008110105 -0.001502454 0.002426326 0.007857263 -0.001723647 0.002425909 0.007857263 -0.001723647 0.002425909 0.007857263 -0.001723647 0.002425909 0.007561564 -0.00188297 0.002426445 0.007561564 -0.00188297 0.002426445 0.007561564 -0.00188297 0.002426445 0.007561564 -0.00188297 0.002426445 0.007237851 -0.001972556 0.002427875 0.007237851 -0.001972556 0.002427875 0.007237851 -0.001972556 0.002427875 0.006902337 -0.001987874 0.00243014 0.006902337 -0.001987874 0.00243014 0.006902337 -0.001987874 0.00243014 0.006902337 -0.001987874 0.00243014 0.001893877 -0.001825332 0.002467989 0.001893877 -0.001825332 0.002467989 0.001893877 -0.001825332 0.002467989 9.88402e-4 -0.007439732 0.002417802 9.88402e-4 -0.007439732 0.002417802 9.88402e-4 -0.007439732 0.002417802 9.88402e-4 -0.007439732 0.002417802 8.56574e-4 -0.007748723 0.002415597 8.56574e-4 -0.007748723 0.002415597 8.56574e-4 -0.007748723 0.002415597 6.59305e-4 -0.008020579 0.002414286 6.59305e-4 -0.008020579 0.002414286 6.59305e-4 -0.008020579 0.002414286 4.06496e-4 -0.008241713 0.002413868 4.06496e-4 -0.008241713 0.002413868 4.06496e-4 -0.008241713 0.002413868 1.10831e-4 -0.008401095 0.002414405 1.10831e-4 -0.008401095 0.002414405 1.10831e-4 -0.008401095 0.002414405 -2.12904e-4 -0.008490681 0.002415835 -2.12904e-4 -0.008490681 0.002415835 -2.12904e-4 -0.008490681 0.002415835 -5.48435e-4 -0.008506 0.0024181 -5.48435e-4 -0.008506 0.0024181 -5.48435e-4 -0.008506 0.0024181 -5.48435e-4 -0.008506 0.0024181 -8.78955e-4 -0.008446216 0.00242114 -8.78955e-4 -0.008446216 0.00242114 -8.78955e-4 -0.008446216 0.00242114 -0.00118786 -0.00831443 0.002424657 -0.00118786 -0.00831443 0.002424657 -0.00118786 -0.00831443 0.002424657 -0.001459717 -0.008117198 0.00242865 -0.001459717 -0.008117198 0.00242865 -0.001459717 -0.008117198 0.00242865 -0.001459717 -0.008117198 0.00242865 -0.01559948 -0.02002894 0.002410411 -0.01559948 -0.02002894 0.002410411 -0.01559948 -0.02002894 0.002410411 -0.01559948 -0.02002894 0.002410411 -0.01559948 -0.02002894 0.002410411 -0.01559948 -0.02002894 0.002410411 -0.007396638 -9.96132e-4 0.002543568 -0.007396638 -9.96132e-4 0.002543568 -0.007396638 -9.96132e-4 0.002543568 -0.007705569 -8.64342e-4 0.002547144 -0.007705569 -8.64342e-4 0.002547144 -0.007705569 -8.64342e-4 0.002547144 -0.007977426 -6.67107e-4 0.002551078 -0.007977426 -6.67107e-4 0.002551078 -0.007977426 -6.67107e-4 0.002551078 -0.008198618 -4.14322e-4 0.002555251 -0.008198618 -4.14322e-4 0.002555251 -0.008198618 -4.14322e-4 0.002555251 -0.008198618 -4.14322e-4 0.002555251 -0.008357942 -1.18668e-4 0.002559363 -0.008357942 -1.18668e-4 0.002559363 -0.008357942 -1.18668e-4 0.002559363 -0.008447527 2.0504e-4 0.002563297 -0.008447527 2.0504e-4 0.002563297 -0.008447527 2.0504e-4 0.002563297 -0.008462786 5.40573e-4 0.002566814 -0.008462786 5.40573e-4 0.002566814 -0.008462786 5.40573e-4 0.002566814 -0.008403003 8.71094e-4 0.002569735 -0.008403003 8.71094e-4 0.002569735 -0.008403003 8.71094e-4 0.002569735 -0.008403003 8.71094e-4 0.002569735 -0.001753509 -0.006270051 0.002449452 -0.001753509 -0.006270051 0.002449452 -0.001753509 -0.006270051 0.002449452 -6.03048e-4 -0.002549886 0.002478718 -6.03048e-4 -0.002549886 0.002478718 -6.03048e-4 -0.002549886 0.002478718 -0.001031994 -0.002403736 0.002483308 -0.001031994 -0.002403736 0.002483308 -0.001031994 -0.002403736 0.002483308 -0.001429021 -0.002185285 0.002488374 -0.001429021 -0.002185285 0.002488374 -0.001429021 -0.002185285 0.002488374 -0.001885294 -0.006578981 0.002447247 -0.001885294 -0.006578981 0.002447247 -0.001885294 -0.006578981 0.002447247 0.01450258 0.003016948 0.002425849 0.01450258 0.003016948 0.002425849 0.01450258 0.003016948 0.002425849 0.008417308 0.009972691 0.002540171 0.008417308 0.009972691 0.002540171 0.008417308 0.009972691 0.002540171 0.007432818 9.45541e-4 0.002456009 0.007432818 9.45541e-4 0.002456009 0.007432818 9.45541e-4 0.002456009 0.007432818 9.45541e-4 0.002456009 0.007741749 8.13751e-4 0.002452433 0.007741749 8.13751e-4 0.002452433 0.007741749 8.13751e-4 0.002452433 0.008013606 6.16516e-4 0.002448499 0.008013606 6.16516e-4 0.002448499 0.008013606 6.16516e-4 0.002448499 0.008234739 3.63739e-4 0.002444326 0.008234739 3.63739e-4 0.002444326 0.008234739 3.63739e-4 0.002444326 0.008394062 6.80693e-5 0.002440154 0.008394062 6.80693e-5 0.002440154 0.008394062 6.80693e-5 0.002440154 0.001876354 0.007518172 0.002562642 0.001876354 0.007518172 0.002562642 0.001876354 0.007518172 0.002562642 0.001965939 0.007194459 0.002558708 0.001965939 0.007194459 0.002558708 0.001965939 0.007194459 0.002558708 0.001981198 0.006858944 0.002555191 0.001981198 0.006858944 0.002555191 0.001981198 0.006858944 0.002555191 0.001921415 0.006528437 0.00255227 0.001921415 0.006528437 0.00255227 0.001921415 0.006528437 0.00255227 0.001789569 0.006219446 0.002550125 0.001789569 0.006219446 0.002550125 0.001789569 0.006219446 0.002550125 0.001592338 0.005947589 0.002548813 0.001592338 0.005947589 0.002548813 0.001592338 0.005947589 0.002548813 0.001339554 0.005726456 0.002548396 0.001339554 0.005726456 0.002548396 0.001339554 0.005726456 0.002548396 0.001043856 0.005567073 0.002548933 0.001043856 0.005567073 0.002548933 0.001043856 0.005567073 0.002548933 0.001043856 0.005567073 0.002548933 7.20167e-4 0.005477488 0.002550363 7.20167e-4 0.005477488 0.002550363 7.20167e-4 0.005477488 0.002550363 7.20167e-4 0.005477488 0.002550363 0.001068115 0.002353131 0.00251621 0.001068115 0.002353131 0.00251621 0.001068115 0.002353131 0.00251621 0.001465201 0.00213468 0.002511143 0.001465201 0.00213468 0.002511143 0.001465201 0.00213468 0.002511143 0.001818299 0.001850605 0.002505719 0.001818299 0.001850605 0.002505719 0.001818299 0.001850605 0.002505719 0.00211668 0.001509547 0.002500116 0.00211668 0.001509547 0.002500116 0.00211668 0.001509547 0.002500116 0.00211668 0.001509547 0.002500116 0.00711888 0.01103079 0.002560257 0.00711888 0.01103079 0.002560257 0.00711888 0.01103079 0.002560257 0.006616353 0.01127934 0.002566397 0.006616353 0.01127934 0.002566397 0.006616353 0.01127934 0.002566397 0.006089091 0.01147007 0.002572119 0.006089091 0.01147007 0.002572119 0.006089091 0.01147007 0.002572119 0.005543828 0.01160061 0.002577364 0.005543828 0.01160061 0.002577364 0.005543828 0.01160061 0.002577364 0.005543828 0.01160061 0.002577364 0.004987359 0.01166921 0.002582073 0.004987359 0.01166921 0.002582073 0.004987359 0.01166921 0.002582073 0.004987359 0.01166921 0.002582073 -0.003351688 0.01222562 0.002647995 -0.003351688 0.01222562 0.002647995 -0.003351688 0.01222562 0.002647995 -0.003912329 0.01223152 0.002652108 -0.003912329 0.01223152 0.002652108 -0.003912329 0.01223152 0.002652108 -0.004470109 0.01217466 0.002655565 -0.004470109 0.01217466 0.002655565 -0.004470109 0.01217466 0.002655565 -0.005018055 0.01205563 0.002658307 -0.005018055 0.01205563 0.002658307 -0.005018055 0.01205563 0.002658307 -0.005018055 0.01205563 0.002658307 -0.005549192 0.01187604 0.002660334 -0.005549192 0.01187604 0.002660334 -0.005549192 0.01187604 0.002660334 -0.005549192 0.01187604 0.002660334 0.002351284 0.001121819 0.002494513 0.002351284 0.001121819 0.002494513 0.002351284 0.001121819 0.002494513 0.006443023 9.00406e-4 0.002462685 0.006443023 9.00406e-4 0.002462685 0.006443023 9.00406e-4 0.002462685 0.006766736 9.8999e-4 0.002461254 0.006766736 9.8999e-4 0.002461254 0.006766736 9.8999e-4 0.002461254 0.006766736 9.8999e-4 0.002461254 0.006571829 -0.00192815 0.00243318 0.006571829 -0.00192815 0.00243318 0.006571829 -0.00192815 0.00243318 0.006571829 -0.00192815 0.00243318 0.006262898 -0.001796364 0.002436757 0.006262898 -0.001796364 0.002436757 0.006262898 -0.001796364 0.002436757 0.002178013 -0.001472234 0.002469539 0.002178013 -0.001472234 0.002469539 0.002178013 -0.001472234 0.002469539 -0.006535649 0.001877546 0.002566397 -0.006535649 0.001877546 0.002566397 -0.006535649 0.001877546 0.002566397 -0.006535649 0.001877546 0.002566397 -0.002141833 0.00142163 0.002530038 -0.002141833 0.00142163 0.002530038 -0.002141833 0.00142163 0.002530038 -0.001857757 0.001774728 0.002531528 -0.001857757 0.001774728 0.002531528 -0.001857757 0.001774728 0.002531528 -0.00151664 0.002073109 0.002532064 -0.00151664 0.002073109 0.002532064 -0.00151664 0.002073109 0.002532064 -0.001128911 0.002307772 0.002531647 -0.001128911 0.002307772 0.002531647 -0.001128911 0.002307772 0.002531647 -0.001128911 0.002307772 0.002531647 -7.06353e-4 0.002471506 0.002530276 -7.06353e-4 0.002471506 0.002530276 -7.06353e-4 0.002471506 0.002530276 5.41151e-5 0.005521953 0.002555608 5.41151e-5 0.005521953 0.002555608 5.41151e-5 0.005521953 0.002555608 -2.54832e-4 0.005653738 0.002559185 -2.54832e-4 0.005653738 0.002559185 -2.54832e-4 0.005653738 0.002559185 -2.54832e-4 0.005653738 0.002559185 -5.26698e-4 0.00585097 0.002563118 -5.26698e-4 0.00585097 0.002563118 -5.26698e-4 0.00585097 0.002563118 -5.26698e-4 0.00585097 0.002563118 -7.47828e-4 0.006103754 0.002567291 -7.47828e-4 0.006103754 0.002567291 -7.47828e-4 0.006103754 0.002567291 -7.47828e-4 0.006103754 0.002567291 -9.07189e-4 0.006399393 0.002571403 -9.07189e-4 0.006399393 0.002571403 -9.07189e-4 0.006399393 0.002571403 -9.96739e-4 0.006723105 0.002575337 -9.96739e-4 0.006723105 0.002575337 -9.96739e-4 0.006723105 0.002575337 -9.96739e-4 0.006723105 0.002575337 -0.001011967 0.00705862 0.002578854 -0.001011967 0.00705862 0.002578854 -0.001011967 0.00705862 0.002578854 -9.52253e-4 0.007389187 0.002581775 -9.52253e-4 0.007389187 0.002581775 -9.52253e-4 0.007389187 0.002581775 -8.20445e-4 0.007698118 0.00258392 -8.20445e-4 0.007698118 0.00258392 -8.20445e-4 0.007698118 0.00258392 -0.0139333 0.004914283 0.002650558 -0.0139333 0.004914283 0.002650558 -0.0139333 0.004914283 0.002650558 -0.0139333 0.004914283 0.002650558 -0.0139333 0.004914283 0.002650558 -0.008271217 0.001179993 0.00257188 -0.008271217 0.001179993 0.00257188 -0.008271217 0.001179993 0.00257188 -0.008073925 0.001451849 0.002573192 -0.008073925 0.001451849 0.002573192 -0.008073925 0.001451849 0.002573192 -0.008073925 0.001451849 0.002573192 -0.007821142 0.001673042 0.002573609 -0.007821142 0.001673042 0.002573609 -0.007821142 0.001673042 0.002573609 -0.007525444 0.001832425 0.002573072 -0.007525444 0.001832425 0.002573072 -0.007525444 0.001832425 0.002573072 -0.007201731 0.001922011 0.002571642 -0.007201731 0.001922011 0.002571642 -0.007201731 0.001922011 0.002571642 -0.007201731 0.001922011 0.002571642 -0.006976842 0.01099985 0.002661824 -0.006976842 0.01099985 0.002661824 -0.006976842 0.01099985 0.002661824 0.00569725 2.48024e-4 0.002461493 0.00569725 2.48024e-4 0.002461493 0.00569725 2.48024e-4 0.002461493 0.00569725 2.48024e-4 0.002461493 0.002602875 2.54707e-4 0.002483904 0.002602875 2.54707e-4 0.002483904 0.002602875 2.54707e-4 0.002483904 0.005565404 -6.09209e-5 0.002459287 0.005565404 -6.09209e-5 0.002459287 0.005565404 -6.09209e-5 0.002459287 0.005505681 -3.91449e-4 0.002456426 0.005505681 -3.91449e-4 0.002456426 0.005505681 -3.91449e-4 0.002456426 0.002612173 -1.98387e-4 0.002479255 0.002612173 -1.98387e-4 0.002479255 0.002612173 -1.98387e-4 0.002479255 0.005520939 -7.26975e-4 0.002452909 0.005520939 -7.26975e-4 0.002452909 0.005520939 -7.26975e-4 0.002452909 0.002542674 -6.46218e-4 0.002475261 0.002542674 -6.46218e-4 0.002475261 0.002542674 -6.46218e-4 0.002475261 0.005610525 -0.001050651 0.002448976 0.005610525 -0.001050651 0.002448976 0.005610525 -0.001050651 0.002448976 0.002396464 -0.001075148 0.002471983 0.002396464 -0.001075148 0.002471983 0.002396464 -0.001075148 0.002471983 0.005769848 -0.00134629 0.002444863 0.005769848 -0.00134629 0.002444863 0.005769848 -0.00134629 0.002444863 0.005769848 -0.00134629 0.002444863 0.005990982 -0.001599073 0.00244069 0.005990982 -0.001599073 0.00244069 0.005990982 -0.001599073 0.00244069 0.005990982 -0.001599073 0.00244069 -0.005954861 0.001548528 0.002558887 -0.005954861 0.001548528 0.002558887 -0.005954861 0.001548528 0.002558887 -0.005954861 0.001548528 0.002558887 -0.002360343 0.001024544 0.002527594 -0.002360343 0.001024544 0.002527594 -0.002360343 0.001024544 0.002527594 -0.006226718 0.00174576 0.00256282 -0.006226718 0.00174576 0.00256282 -0.006226718 0.00174576 0.00256282 -0.005733728 0.001295745 0.002554714 -0.005733728 0.001295745 0.002554714 -0.005733728 0.001295745 0.002554714 -0.005733728 0.001295745 0.002554714 -0.002576053 1.47796e-4 0.002520263 -0.002576053 1.47796e-4 0.002520263 -0.002576053 1.47796e-4 0.002520263 -0.00546956 3.40866e-4 0.002543151 -0.00546956 3.40866e-4 0.002543151 -0.00546956 3.40866e-4 0.002543151 -0.002566754 -3.05298e-4 0.002515614 -0.002566754 -3.05298e-4 0.002515614 -0.002566754 -3.05298e-4 0.002515614 -0.005529284 1.03377e-5 0.00254023 -0.005529284 1.03377e-5 0.00254023 -0.005529284 1.03377e-5 0.00254023 -0.005529284 1.03377e-5 0.00254023 -0.002478897 -7.49878e-4 0.002510488 -0.002478897 -7.49878e-4 0.002510488 -0.002478897 -7.49878e-4 0.002510488 -0.005661129 -2.98599e-4 0.002538084 -0.005661129 -2.98599e-4 0.002538084 -0.005661129 -2.98599e-4 0.002538084 -0.005661129 -2.98599e-4 0.002538084 -0.005858361 -5.70465e-4 0.002536714 -0.005858361 -5.70465e-4 0.002536714 -0.005858361 -5.70465e-4 0.002536714 -0.002315163 -0.001172423 0.002505064 -0.002315163 -0.001172423 0.002505064 -0.002315163 -0.001172423 0.002505064 -0.006111204 -7.91642e-4 0.002536356 -0.006111204 -7.91642e-4 0.002536356 -0.006111204 -7.91642e-4 0.002536356 -0.006406903 -9.50997e-4 0.002536833 -0.006406903 -9.50997e-4 0.002536833 -0.006406903 -9.50997e-4 0.002536833 0.004542291 -0.03520405 -0.002888977 0.004542291 -0.03520405 -0.002888977 0.004542291 -0.03520405 -0.002888977 0.004410505 -0.03551298 -0.002891123 0.004410505 -0.03551298 -0.002891123 0.004410505 -0.03551298 -0.002891123 -5.84568e-4 -0.008455395 -0.002581417 -5.84568e-4 -0.008455395 -0.002581417 -5.84568e-4 -0.008455395 -0.002581417 0.004350721 -0.03584355 -0.002894043 0.004350721 -0.03584355 -0.002894043 0.004350721 -0.03584355 -0.002894043 -0.001965939 -0.007194519 -0.002558708 -0.001965939 -0.007194519 -0.002558708 -0.001965939 -0.007194519 -0.002558708 -0.007102251 -0.001005291 -0.002458989 -0.007102251 -0.001005291 -0.002458989 -0.007102251 -0.001005291 -0.002458989 -0.001981198 -0.006858944 -0.002555191 -0.001981198 -0.006858944 -0.002555191 -0.001981198 -0.006858944 -0.002555191 -0.001981198 -0.006858944 -0.002555191 1.55214e-4 0.002619326 -0.002474784 1.55214e-4 0.002619326 -0.002474784 1.55214e-4 0.002619326 -0.002474784 1.55214e-4 0.002619326 -0.002474784 3.48502e-4 0.005512773 -0.002446949 3.48502e-4 0.005512773 -0.002446949 3.48502e-4 0.005512773 -0.002446949 3.48502e-4 0.005512773 -0.002446949 6.03043e-4 0.002549886 -0.002478718 6.03043e-4 0.002549886 -0.002478718 6.03043e-4 0.002549886 -0.002478718 6.03043e-4 0.002549886 -0.002478718 0.006111204 7.91588e-4 -0.002536356 0.006111204 7.91588e-4 -0.002536356 0.006111204 7.91588e-4 -0.002536356 0.006111204 7.91588e-4 -0.002536356 0.005858361 5.70434e-4 -0.002536714 0.005858361 5.70434e-4 -0.002536714 0.005858361 5.70434e-4 -0.002536714 0.005858361 5.70434e-4 -0.002536714 0.002478897 7.49847e-4 -0.002510488 0.002478897 7.49847e-4 -0.002510488 0.002478897 7.49847e-4 -0.002510488 2.54828e-4 -0.005653798 -0.002559185 2.54828e-4 -0.005653798 -0.002559185 2.54828e-4 -0.005653798 -0.002559185 2.54828e-4 -0.005653798 -0.002559185 -1.91352e-4 -0.00256884 -0.002524733 -1.91352e-4 -0.00256884 -0.002524733 -1.91352e-4 -0.00256884 -0.002524733 5.26693e-4 -0.00585103 -0.002563118 5.26693e-4 -0.00585103 -0.002563118 5.26693e-4 -0.00585103 -0.002563118 5.26693e-4 -0.00585103 -0.002563118 -5.4099e-5 -0.005521953 -0.002555608 -5.4099e-5 -0.005521953 -0.002555608 -5.4099e-5 -0.005521953 -0.002555608 -5.4099e-5 -0.005521953 -0.002555608 -3.8464e-4 -0.005462229 -0.002552628 -3.8464e-4 -0.005462229 -0.002552628 -3.8464e-4 -0.005462229 -0.002552628 -2.97895e-4 0.002609968 -0.002471625 -2.97895e-4 0.002609968 -0.002471625 -2.97895e-4 0.002609968 -0.002471625 -0.002542674 6.46187e-4 -0.002475261 -0.002542674 6.46187e-4 -0.002475261 -0.002542674 6.46187e-4 -0.002475261 -0.005520939 7.26944e-4 -0.002452909 -0.005520939 7.26944e-4 -0.002452909 -0.005520939 7.26944e-4 -0.002452909 -0.005610525 0.001050651 -0.002448976 -0.005610525 0.001050651 -0.002448976 -0.005610525 0.001050651 -0.002448976 -0.005610525 0.001050651 -0.002448976 -0.001043856 -0.005567133 -0.002548933 -0.001043856 -0.005567133 -0.002548933 -0.001043856 -0.005567133 -0.002548933 -0.001339554 -0.005726456 -0.002548396 -0.001339554 -0.005726456 -0.002548396 -0.001339554 -0.005726456 -0.002548396 -7.20171e-4 -0.005477547 -0.002550363 -7.20171e-4 -0.005477547 -0.002550363 -7.20171e-4 -0.005477547 -0.002550363 0.007554292 0.01077806 -0.002445816 0.007554292 0.01077806 -0.002445816 0.007554292 0.01077806 -0.002445816 0.007988929 0.01042389 -0.002452492 0.007988929 0.01042389 -0.002452492 0.007988929 0.01042389 -0.002452492 0.007988929 0.01042389 -0.002452492 0.00706613 0.001055836 -0.002540588 0.00706613 0.001055836 -0.002540588 0.00706613 0.001055836 -0.002540588 0.00706613 0.001055836 -0.002540588 0.00168085 0.007864415 -0.002432823 0.00168085 0.007864415 -0.002432823 0.00168085 0.007864415 -0.002432823 0.00168085 0.007864415 -0.002432823 0.001459717 0.008117198 -0.00242865 0.001459717 0.008117198 -0.00242865 0.001459717 0.008117198 -0.00242865 0.00118786 0.008314371 -0.002424657 0.00118786 0.008314371 -0.002424657 0.00118786 0.008314371 -0.002424657 8.78951e-4 0.008446216 -0.00242114 8.78951e-4 0.008446216 -0.00242114 8.78951e-4 0.008446216 -0.00242114 8.78951e-4 0.008446216 -0.00242114 5.48431e-4 0.00850594 -0.0024181 5.48431e-4 0.00850594 -0.0024181 5.48431e-4 0.00850594 -0.0024181 -2.49037e-4 -0.008440136 -0.002583682 -2.49037e-4 -0.008440136 -0.002583682 -2.49037e-4 -0.008440136 -0.002583682 7.46978e-5 -0.008350551 -0.002585113 7.46978e-5 -0.008350551 -0.002585113 7.46978e-5 -0.008350551 -0.002585113 3.70363e-4 -0.008191168 -0.002585649 3.70363e-4 -0.008191168 -0.002585649 3.70363e-4 -0.008191168 -0.002585649 6.23172e-4 -0.007970035 -0.002585232 6.23172e-4 -0.007970035 -0.002585232 6.23172e-4 -0.007970035 -0.002585232 8.2044e-4 -0.007698118 -0.00258392 8.2044e-4 -0.007698118 -0.00258392 8.2044e-4 -0.007698118 -0.00258392 8.2044e-4 -0.007698118 -0.00258392 9.52248e-4 -0.007389187 -0.002581775 9.52248e-4 -0.007389187 -0.002581775 9.52248e-4 -0.007389187 -0.002581775 0.001011967 -0.00705868 -0.002578854 0.001011967 -0.00705868 -0.002578854 0.001011967 -0.00705868 -0.002578854 0.001011967 -0.00705868 -0.002578854 0.00151664 -0.002073168 -0.002532064 0.00151664 -0.002073168 -0.002532064 0.00151664 -0.002073168 -0.002532064 0.001857757 -0.001774787 -0.002531528 0.001857757 -0.001774787 -0.002531528 0.001857757 -0.001774787 -0.002531528 0.006866216 -0.001937329 -0.002569377 0.006866216 -0.001937329 -0.002569377 0.006866216 -0.001937329 -0.002569377 0.004739582 -0.03493219 -0.002887606 0.004739582 -0.03493219 -0.002887606 0.004739582 -0.03493219 -0.002887606 -0.006093084 0.01168864 -0.002337932 -0.006093084 0.01168864 -0.002337932 -0.006093084 0.01168864 -0.002337932 2.12899e-4 0.008490622 -0.002415835 2.12899e-4 0.008490622 -0.002415835 2.12899e-4 0.008490622 -0.002415835 -1.10815e-4 0.008401036 -0.002414405 -1.10815e-4 0.008401036 -0.002414405 -1.10815e-4 0.008401036 -0.002414405 -4.06522e-4 0.008241713 -0.002413868 -4.06522e-4 0.008241713 -0.002413868 -4.06522e-4 0.008241713 -0.002413868 -6.5931e-4 0.00802052 -0.002414286 -6.5931e-4 0.00802052 -0.002414286 -6.5931e-4 0.00802052 -0.002414286 -0.006902337 0.001987814 -0.0024302 -0.006902337 0.001987814 -0.0024302 -0.006902337 0.001987814 -0.0024302 -0.006902337 0.001987814 -0.0024302 -0.006570935 0.01139539 -0.002337455 -0.006570935 0.01139539 -0.002337455 -0.006570935 0.01139539 -0.002337455 0.003772795 -0.0444954 -0.002977311 0.003772795 -0.0444954 -0.002977311 0.003772795 -0.0444954 -0.002977311 0.003772795 -0.0444954 -0.002977311 -0.0171799 -0.04309737 -0.002811729 -0.0171799 -0.04309737 -0.002811729 -0.0171799 -0.04309737 -0.002811729 -0.0171799 -0.04309737 -0.002811729 -0.001876354 -0.007518231 -0.002562642 -0.001876354 -0.007518231 -0.002562642 -0.001876354 -0.007518231 -0.002562642 -0.001717031 -0.00781387 -0.002566754 -0.001717031 -0.00781387 -0.002566754 -0.001717031 -0.00781387 -0.002566754 -0.001717031 -0.00781387 -0.002566754 -0.001495897 -0.008066654 -0.002570927 -0.001495897 -0.008066654 -0.002570927 -0.001495897 -0.008066654 -0.002570927 -0.001223981 -0.008263885 -0.002574861 -0.001223981 -0.008263885 -0.002574861 -0.001223981 -0.008263885 -0.002574861 -9.15088e-4 -0.008395671 -0.002578437 -9.15088e-4 -0.008395671 -0.002578437 -9.15088e-4 -0.008395671 -0.002578437 -9.15088e-4 -0.008395671 -0.002578437 0.007738053 -0.03541731 -0.00291419 0.007738053 -0.03541731 -0.00291419 0.007738053 -0.03541731 -0.00291419 0.007738053 -0.03541731 -0.00291419 0.00757867 -0.03512161 -0.002910077 0.00757867 -0.03512161 -0.002910077 0.00757867 -0.03512161 -0.002910077 0.00757867 -0.03512161 -0.002910077 0.007357537 -0.03486883 -0.002905905 0.007357537 -0.03486883 -0.002905905 0.007357537 -0.03486883 -0.002905905 0.00708568 -0.0346716 -0.002901971 0.00708568 -0.0346716 -0.002901971 0.00708568 -0.0346716 -0.002901971 0.00708568 -0.0346716 -0.002901971 0.00677675 -0.03453981 -0.002898395 0.00677675 -0.03453981 -0.002898395 0.00677675 -0.03453981 -0.002898395 0.00677675 -0.03453981 -0.002898395 0.006446182 -0.03448009 -0.002895414 0.006446182 -0.03448009 -0.002895414 0.006446182 -0.03448009 -0.002895414 0.005947351 -0.03444677 -0.00289148 0.005947351 -0.03444677 -0.00289148 0.005947351 -0.03444677 -0.00289148 0.005611777 -0.03446209 -0.002889156 0.005611777 -0.03446209 -0.002889156 0.005611777 -0.03446209 -0.002889156 0.005611777 -0.03446209 -0.002889156 0.005288064 -0.03455168 -0.002887725 0.005288064 -0.03455168 -0.002887725 0.005288064 -0.03455168 -0.002887725 0.005288064 -0.03455168 -0.002887725 0.004992365 -0.034711 -0.002887248 0.004992365 -0.034711 -0.002887248 0.004992365 -0.034711 -0.002887248 0.007827579 -0.03574103 -0.002918124 0.007827579 -0.03574103 -0.002918124 0.007827579 -0.03574103 -0.002918124 0.007827579 -0.03574103 -0.002918124 0.007201731 -0.001922011 -0.002571642 0.007201731 -0.001922011 -0.002571642 0.007201731 -0.001922011 -0.002571642 0.007201731 -0.001922011 -0.002571642 0.007525444 -0.001832425 -0.002573072 0.007525444 -0.001832425 -0.002573072 0.007525444 -0.001832425 -0.002573072 0.007842838 -0.03607654 -0.00292164 0.007842838 -0.03607654 -0.00292164 0.007842838 -0.03607654 -0.00292164 0.007821142 -0.001673042 -0.002573609 0.007821142 -0.001673042 -0.002573609 0.007821142 -0.001673042 -0.002573609 0.008073925 -0.001451909 -0.002573192 0.008073925 -0.001451909 -0.002573192 0.008073925 -0.001451909 -0.002573192 0.008271217 -0.001180052 -0.00257188 0.008271217 -0.001180052 -0.00257188 0.008271217 -0.001180052 -0.00257188 0.008403003 -8.71132e-4 -0.002569735 0.008403003 -8.71132e-4 -0.002569735 0.008403003 -8.71132e-4 -0.002569735 0.008462786 -5.40611e-4 -0.002566814 0.008462786 -5.40611e-4 -0.002566814 0.008462786 -5.40611e-4 -0.002566814 0.01446646 0.003067493 -0.002573728 0.01446646 0.003067493 -0.002573728 0.01446646 0.003067493 -0.002573728 0.01446646 0.003067493 -0.002573728 0.01446646 0.003067493 -0.002573728 0.01446646 0.003067493 -0.002573728 0.01446646 0.003067493 -0.002573728 0.01125591 -0.04499471 -0.003036499 0.01125591 -0.04499471 -0.003036499 0.01125591 -0.04499471 -0.003036499 0.007264912 -0.04472839 -0.003004968 0.007264912 -0.04472839 -0.003004968 0.007264912 -0.04472839 -0.003004968 0.008447527 -2.05086e-4 -0.002563297 0.008447527 -2.05086e-4 -0.002563297 0.008447527 -2.05086e-4 -0.002563297 0.008357942 1.18629e-4 -0.002559363 0.008357942 1.18629e-4 -0.002559363 0.008357942 1.18629e-4 -0.002559363 0.008198618 4.14291e-4 -0.002555251 0.008198618 4.14291e-4 -0.002555251 0.008198618 4.14291e-4 -0.002555251 0.007977426 6.67068e-4 -0.002551078 0.007977426 6.67068e-4 -0.002551078 0.007977426 6.67068e-4 -0.002551078 0.007705569 8.64296e-4 -0.002547144 0.007705569 8.64296e-4 -0.002547144 0.007705569 8.64296e-4 -0.002547144 0.007705569 8.64296e-4 -0.002547144 0.007396638 9.96094e-4 -0.002543568 0.007396638 9.96094e-4 -0.002543568 0.007396638 9.96094e-4 -0.002543568 0.008381187 0.01002329 -0.002459406 0.008381187 0.01002329 -0.002459406 0.008381187 0.01002329 -0.002459406 0.008381187 0.01002329 -0.002459406 0.0020805 0.001560091 -0.002499401 0.0020805 0.001560091 -0.002499401 0.0020805 0.001560091 -0.002499401 0.001782119 0.001901149 -0.002493798 0.001782119 0.001901149 -0.002493798 0.001782119 0.001901149 -0.002493798 0.001429021 0.002185225 -0.002488374 0.001429021 0.002185225 -0.002488374 0.001429021 0.002185225 -0.002488374 0.001031994 0.002403676 -0.002483308 0.001031994 0.002403676 -0.002483308 0.001031994 0.002403676 -0.002483308 6.84033e-4 0.005528032 -0.002449214 6.84033e-4 0.005528032 -0.002449214 6.84033e-4 0.005528032 -0.002449214 6.84033e-4 0.005528032 -0.002449214 0.001007735 0.005617618 -0.002450644 0.001007735 0.005617618 -0.002450644 0.001007735 0.005617618 -0.002450644 0.001303374 0.005777001 -0.002451181 0.001303374 0.005777001 -0.002451181 0.001303374 0.005777001 -0.002451181 0.001556217 0.005998134 -0.002450764 0.001556217 0.005998134 -0.002450764 0.001556217 0.005998134 -0.002450764 0.001753449 0.006269991 -0.002449452 0.001753449 0.006269991 -0.002449452 0.001753449 0.006269991 -0.002449452 0.001885294 0.006578981 -0.002447247 0.001885294 0.006578981 -0.002447247 0.001885294 0.006578981 -0.002447247 0.001945078 0.006909489 -0.002444386 0.001945078 0.006909489 -0.002444386 0.001945078 0.006909489 -0.002444386 0.001929759 0.007245004 -0.002440869 0.001929759 0.007245004 -0.002440869 0.001929759 0.007245004 -0.002440869 0.001840233 0.007568717 -0.002436935 0.001840233 0.007568717 -0.002436935 0.001840233 0.007568717 -0.002436935 0.001840233 0.007568717 -0.002436935 -0.005585312 0.01192659 -0.002339184 -0.005585312 0.01192659 -0.002339184 -0.005585312 0.01192659 -0.002339184 -0.005054175 0.01210618 -0.00234121 -0.005054175 0.01210618 -0.00234121 -0.005054175 0.01210618 -0.00234121 -0.005054175 0.01210618 -0.00234121 -0.00450623 0.01222521 -0.002343952 -0.00450623 0.01222521 -0.002343952 -0.00450623 0.01222521 -0.002343952 -0.00450623 0.01222521 -0.002343952 -0.00394845 0.01228213 -0.002347409 -0.00394845 0.01228213 -0.002347409 -0.00394845 0.01228213 -0.002347409 -0.003387808 0.01227623 -0.002351522 -0.003387808 0.01227623 -0.002351522 -0.003387808 0.01227623 -0.002351522 0.004951238 0.01171982 -0.002417445 0.004951238 0.01171982 -0.002417445 0.004951238 0.01171982 -0.002417445 0.005507647 0.01165115 -0.002422153 0.005507647 0.01165115 -0.002422153 0.005507647 0.01165115 -0.002422153 0.005507647 0.01165115 -0.002422153 0.00605297 0.01152062 -0.002427458 0.00605297 0.01152062 -0.002427458 0.00605297 0.01152062 -0.002427458 0.00605297 0.01152062 -0.002427458 0.006580173 0.01132988 -0.00243318 0.006580173 0.01132988 -0.00243318 0.006580173 0.01132988 -0.00243318 0.00708276 0.01108133 -0.00243932 0.00708276 0.01108133 -0.00243932 0.00708276 0.01108133 -0.00243932 0.002315163 0.001172363 -0.002505064 0.002315163 0.001172363 -0.002505064 0.002315163 0.001172363 -0.002505064 0.002315163 0.001172363 -0.002505064 0.006730556 0.001040518 -0.002538323 0.006730556 0.001040518 -0.002538323 0.006730556 0.001040518 -0.002538323 0.006406843 9.50951e-4 -0.002536833 0.006406843 9.50951e-4 -0.002536833 0.006406843 9.50951e-4 -0.002536833 0.002141892 -0.001421689 -0.002530038 0.002141892 -0.001421689 -0.002530038 0.002141892 -0.001421689 -0.002530038 0.006226718 -0.00174576 -0.00256282 0.006226718 -0.00174576 -0.00256282 0.006226718 -0.00174576 -0.00256282 0.006226718 -0.00174576 -0.00256282 0.006535649 -0.001877546 -0.002566397 0.006535649 -0.001877546 -0.002566397 0.006535649 -0.001877546 -0.002566397 0.006535649 -0.001877546 -0.002566397 -8.56578e-4 0.007748663 -0.002415597 -8.56578e-4 0.007748663 -0.002415597 -8.56578e-4 0.007748663 -0.002415597 -9.88386e-4 0.007439732 -0.002417802 -9.88386e-4 0.007439732 -0.002417802 -9.88386e-4 0.007439732 -0.002417802 -0.001048147 0.007109224 -0.002420723 -0.001048147 0.007109224 -0.002420723 -0.001048147 0.007109224 -0.002420723 -0.001048147 0.007109224 -0.002420723 -0.001032888 0.00677365 -0.00242418 -0.001032888 0.00677365 -0.00242418 -0.001032888 0.00677365 -0.00242418 -9.43323e-4 0.006449937 -0.002428114 -9.43323e-4 0.006449937 -0.002428114 -9.43323e-4 0.006449937 -0.002428114 -9.43323e-4 0.006449937 -0.002428114 -7.83982e-4 0.006154298 -0.002432286 -7.83982e-4 0.006154298 -0.002432286 -7.83982e-4 0.006154298 -0.002432286 -7.83982e-4 0.006154298 -0.002432286 -5.62831e-4 0.005901515 -0.002436399 -5.62831e-4 0.005901515 -0.002436399 -5.62831e-4 0.005901515 -0.002436399 -5.62831e-4 0.005901515 -0.002436399 -2.90965e-4 0.005704283 -0.002440392 -2.90965e-4 0.005704283 -0.002440392 -2.90965e-4 0.005704283 -0.002440392 1.79612e-5 0.005572497 -0.002443969 1.79612e-5 0.005572497 -0.002443969 1.79612e-5 0.005572497 -0.002443969 1.79612e-5 0.005572497 -0.002443969 -7.42486e-4 0.002522051 -0.002469301 -7.42486e-4 0.002522051 -0.002469301 -7.42486e-4 0.002522051 -0.002469301 -7.42486e-4 0.002522051 -0.002469301 -0.001165032 0.002358317 -0.00246787 -0.001165032 0.002358317 -0.00246787 -0.001165032 0.002358317 -0.00246787 -0.00155282 0.002123653 -0.002467453 -0.00155282 0.002123653 -0.002467453 -0.00155282 0.002123653 -0.002467453 -0.001893877 0.001825273 -0.002467989 -0.001893877 0.001825273 -0.002467989 -0.001893877 0.001825273 -0.002467989 -0.002178013 0.001472175 -0.002469539 -0.002178013 0.001472175 -0.002469539 -0.002178013 0.001472175 -0.002469539 -0.006571829 0.001928091 -0.00243318 -0.006571829 0.001928091 -0.00243318 -0.006571829 0.001928091 -0.00243318 -0.006571829 0.001928091 -0.00243318 -0.008498907 5.91141e-4 -0.002432763 -0.008498907 5.91141e-4 -0.002432763 -0.008498907 5.91141e-4 -0.002432763 -0.008483648 2.556e-4 -0.00243628 -0.008483648 2.556e-4 -0.00243628 -0.008483648 2.556e-4 -0.00243628 -0.008394122 -6.81154e-5 -0.002440154 -0.008394122 -6.81154e-5 -0.002440154 -0.008394122 -6.81154e-5 -0.002440154 -0.008394122 -6.81154e-5 -0.002440154 -0.008234739 -3.63777e-4 -0.002444326 -0.008234739 -3.63777e-4 -0.002444326 -0.008234739 -3.63777e-4 -0.002444326 -0.008013606 -6.16562e-4 -0.002448499 -0.008013606 -6.16562e-4 -0.002448499 -0.008013606 -6.16562e-4 -0.002448499 -0.007741749 -8.1379e-4 -0.002452433 -0.007741749 -8.1379e-4 -0.002452433 -0.007741749 -8.1379e-4 -0.002452433 -0.007432818 -9.4558e-4 -0.002456009 -0.007432818 -9.4558e-4 -0.002456009 -0.007432818 -9.4558e-4 -0.002456009 -0.007432818 -9.4558e-4 -0.002456009 -0.01396942 0.004964828 -0.002348959 -0.01396942 0.004964828 -0.002348959 -0.01396942 0.004964828 -0.002348959 -0.007013022 0.0110504 -0.002337753 -0.007013022 0.0110504 -0.002337753 -0.007013022 0.0110504 -0.002337753 -0.007237851 0.001972556 -0.002427875 -0.007237851 0.001972556 -0.002427875 -0.007237851 0.001972556 -0.002427875 -0.007561564 0.00188297 -0.002426445 -0.007561564 0.00188297 -0.002426445 -0.007561564 0.00188297 -0.002426445 -0.007857263 0.001723587 -0.002425968 -0.007857263 0.001723587 -0.002425968 -0.007857263 0.001723587 -0.002425968 -0.007857263 0.001723587 -0.002425968 -0.008110046 0.001502454 -0.002426326 -0.008110046 0.001502454 -0.002426326 -0.008110046 0.001502454 -0.002426326 -0.008307337 0.001230537 -0.002427697 -0.008307337 0.001230537 -0.002427697 -0.008307337 0.001230537 -0.002427697 -0.008307337 0.001230537 -0.002427697 -0.008439183 9.21646e-4 -0.002429842 -0.008439183 9.21646e-4 -0.002429842 -0.008439183 9.21646e-4 -0.002429842 7.06348e-4 -0.002471566 -0.002530276 7.06348e-4 -0.002471566 -0.002530276 7.06348e-4 -0.002471566 -0.002530276 0.001128911 -0.002307832 -0.002531647 0.001128911 -0.002307832 -0.002531647 0.001128911 -0.002307832 -0.002531647 9.96755e-4 -0.006723165 -0.002575337 9.96755e-4 -0.006723165 -0.002575337 9.96755e-4 -0.006723165 -0.002575337 -0.001068115 -0.002353131 -0.00251621 -0.001068115 -0.002353131 -0.00251621 -0.001068115 -0.002353131 -0.00251621 -0.001921415 -0.006528437 -0.00255227 -0.001921415 -0.006528437 -0.00255227 -0.001921415 -0.006528437 -0.00255227 -0.001465201 -0.00213474 -0.002511143 -0.001465201 -0.00213474 -0.002511143 -0.001465201 -0.00213474 -0.002511143 -0.001818239 -0.001850664 -0.002505719 -0.001818239 -0.001850664 -0.002505719 -0.001818239 -0.001850664 -0.002505719 -0.00211668 -0.001509547 -0.002500116 -0.00211668 -0.001509547 -0.002500116 -0.00211668 -0.001509547 -0.002500116 0.005529284 -1.03762e-5 -0.00254023 0.005529284 -1.03762e-5 -0.00254023 0.005529284 -1.03762e-5 -0.00254023 0.002566754 3.05267e-4 -0.002515614 0.002566754 3.05267e-4 -0.002515614 0.002566754 3.05267e-4 -0.002515614 0.005661129 2.98569e-4 -0.002538084 0.005661129 2.98569e-4 -0.002538084 0.005661129 2.98569e-4 -0.002538084 0.005733728 -0.001295745 -0.002554714 0.005733728 -0.001295745 -0.002554714 0.005733728 -0.001295745 -0.002554714 0.005733728 -0.001295745 -0.002554714 0.002360343 -0.001024603 -0.002527594 0.002360343 -0.001024603 -0.002527594 0.002360343 -0.001024603 -0.002527594 0.005574345 -0.001000106 -0.002550542 0.005574345 -0.001000106 -0.002550542 0.005574345 -0.001000106 -0.002550542 0.005574345 -0.001000106 -0.002550542 0.002506554 -5.95665e-4 -0.002524316 0.002506554 -5.95665e-4 -0.002524316 0.002506554 -5.95665e-4 -0.002524316 0.005484819 -6.76422e-4 -0.002546668 0.005484819 -6.76422e-4 -0.002546668 0.005484819 -6.76422e-4 -0.002546668 0.002576053 -1.47835e-4 -0.002520263 0.002576053 -1.47835e-4 -0.002520263 0.002576053 -1.47835e-4 -0.002520263 0.00546956 -3.40897e-4 -0.002543151 0.00546956 -3.40897e-4 -0.002543151 0.00546956 -3.40897e-4 -0.002543151 0.005954861 -0.001548528 -0.002558887 0.005954861 -0.001548528 -0.002558887 0.005954861 -0.001548528 -0.002558887 7.47844e-4 -0.006103813 -0.002567291 7.47844e-4 -0.006103813 -0.002567291 7.47844e-4 -0.006103813 -0.002567291 2.61757e-4 -0.002559423 -0.002527952 2.61757e-4 -0.002559423 -0.002527952 2.61757e-4 -0.002559423 -0.002527952 9.07185e-4 -0.006399452 -0.002571403 9.07185e-4 -0.006399452 -0.002571403 9.07185e-4 -0.006399452 -0.002571403 -0.006262898 0.001796305 -0.002436757 -0.006262898 0.001796305 -0.002436757 -0.006262898 0.001796305 -0.002436757 -0.006262898 0.001796305 -0.002436757 -0.002396464 0.001075088 -0.002471983 -0.002396464 0.001075088 -0.002471983 -0.002396464 0.001075088 -0.002471983 -0.002396464 0.001075088 -0.002471983 -0.005991041 0.001599073 -0.00244069 -0.005991041 0.001599073 -0.00244069 -0.005991041 0.001599073 -0.00244069 -0.005769848 0.00134629 -0.002444863 -0.005769848 0.00134629 -0.002444863 -0.005769848 0.00134629 -0.002444863 -0.005769848 0.00134629 -0.002444863 -0.005894541 -5.19913e-4 -0.002462804 -0.005894541 -5.19913e-4 -0.002462804 -0.005894541 -5.19913e-4 -0.002462804 -0.005894541 -5.19913e-4 -0.002462804 -0.00569725 -2.48047e-4 -0.002461493 -0.00569725 -2.48047e-4 -0.002461493 -0.00569725 -2.48047e-4 -0.002461493 -0.00569725 -2.48047e-4 -0.002461493 -0.002515017 -6.99333e-4 -0.00248903 -0.002515017 -6.99333e-4 -0.00248903 -0.002515017 -6.99333e-4 -0.00248903 -0.005565464 6.089e-5 -0.002459347 -0.005565464 6.089e-5 -0.002459347 -0.005565464 6.089e-5 -0.002459347 -0.002602875 -2.54746e-4 -0.002483904 -0.002602875 -2.54746e-4 -0.002483904 -0.002602875 -2.54746e-4 -0.002483904 -0.005505681 3.91426e-4 -0.002456426 -0.005505681 3.91426e-4 -0.002456426 -0.005505681 3.91426e-4 -0.002456426 -0.002612173 1.98349e-4 -0.002479255 -0.002612173 1.98349e-4 -0.002479255 -0.002612173 1.98349e-4 -0.002479255 -0.006443023 -9.00444e-4 -0.002462685 -0.006443023 -9.00444e-4 -0.002462685 -0.006443023 -9.00444e-4 -0.002462685 -0.006147325 -7.41074e-4 -0.002463221 -0.006147325 -7.41074e-4 -0.002463221 -0.006147325 -7.41074e-4 -0.002463221 -0.002351284 -0.001121878 -0.002494513 -0.002351284 -0.001121878 -0.002494513 -0.002351284 -0.001121878 -0.002494513 -0.002351284 -0.001121878 -0.002494513 -0.006766736 -9.90029e-4 -0.002461254 -0.006766736 -9.90029e-4 -0.002461254 -0.006766736 -9.90029e-4 -0.002461254 -0.001592338 -0.005947649 -0.002548813 -0.001592338 -0.005947649 -0.002548813 -0.001592338 -0.005947649 -0.002548813 -0.001789629 -0.006219506 -0.002550125 -0.001789629 -0.006219506 -0.002550125 -0.001789629 -0.006219506 -0.002550125 -6.39201e-4 -0.002499341 -0.002520799 -6.39201e-4 -0.002499341 -0.002520799 -6.39201e-4 -0.002499341 -0.002520799 0.006017804 -0.03454536 0.006857752 0.006017804 -0.03454536 0.006857752 0.006017804 -0.03454536 0.006857752 0.006516695 -0.03457868 0.006853818 0.006516695 -0.03457868 0.006853818 0.006516695 -0.03457868 0.006853818 0.006516695 -0.03457868 0.006853818 0.00358808 -0.04841375 0.006735086 0.00358808 -0.04841375 0.006735086 0.00358808 -0.04841375 0.006735086 0.00358808 -0.04841375 0.006735086 0.00358808 -0.04841375 0.006735086 0.00358808 -0.04841375 0.006735086 0.003545284 -0.04835385 8.13986e-4 0.003545284 -0.04835385 8.13986e-4 0.003545284 -0.04835385 8.13986e-4 0.003545045 -0.04831159 4.24204e-4 0.003545045 -0.04831159 4.24204e-4 0.003545045 -0.04831159 4.24204e-4 0.003545045 -0.04831159 4.24204e-4 0.003549933 -0.04819422 5.01396e-5 0.003549933 -0.04819422 5.01396e-5 0.003549933 -0.04819422 5.01396e-5 0.003549933 -0.04819422 5.01396e-5 0.003559708 -0.04800635 -2.93828e-4 0.003559708 -0.04800635 -2.93828e-4 0.003559708 -0.04800635 -2.93828e-4 0.003559708 -0.04800635 -2.93828e-4 0.003574132 -0.04775512 -5.94497e-4 0.003574132 -0.04775512 -5.94497e-4 0.003574132 -0.04775512 -5.94497e-4 0.003574132 -0.04775512 -5.94497e-4 0.003682792 -0.04591232 -0.002405166 0.003682792 -0.04591232 -0.002405166 0.003682792 -0.04591232 -0.002405166 0.00370115 -0.04560744 -0.002650976 0.00370115 -0.04560744 -0.002650976 0.00370115 -0.04560744 -0.002650976 0.00370115 -0.04560744 -0.002650976 0.003722906 -0.0452606 -0.002832472 0.003722906 -0.0452606 -0.002832472 0.003722906 -0.0452606 -0.002832472 0.003722906 -0.0452606 -0.002832472 0.003747045 -0.04488509 -0.002942681 0.003747045 -0.04488509 -0.002942681 0.003747045 -0.04488509 -0.002942681 0.003747045 -0.04488509 -0.002942681 0.004421174 -0.03594207 0.00685513 0.004421174 -0.03594207 0.00685513 0.004421174 -0.03594207 0.00685513 -0.016065 -0.02755993 0.007088005 -0.016065 -0.02755993 0.007088005 -0.016065 -0.02755993 0.007088005 -0.016065 -0.02755993 0.007088005 -0.01736462 -0.04701566 0.006900668 -0.01736462 -0.04701566 0.006900668 -0.01736462 -0.04701566 0.006900668 -0.01736462 -0.04701566 0.006900668 0.004480957 -0.03561156 0.00685805 0.004480957 -0.03561156 0.00685805 0.004480957 -0.03561156 0.00685805 0.004612803 -0.03530263 0.006860256 0.004612803 -0.03530263 0.006860256 0.004612803 -0.03530263 0.006860256 0.004810035 -0.03503078 0.006861567 0.004810035 -0.03503078 0.006861567 0.004810035 -0.03503078 0.006861567 0.005062818 -0.03480958 0.006861984 0.005062818 -0.03480958 0.006861984 0.005062818 -0.03480958 0.006861984 0.005062818 -0.03480958 0.006861984 0.005358517 -0.03465026 0.006861448 0.005358517 -0.03465026 0.006861448 0.005358517 -0.03465026 0.006861448 0.005358517 -0.03465026 0.006861448 0.005682289 -0.03456068 0.006860017 0.005682289 -0.03456068 0.006860017 0.005682289 -0.03456068 0.006860017 0.01187199 -0.02942401 0.006867229 0.01187199 -0.02942401 0.006867229 0.01187199 -0.02942401 0.006867229 0.01187199 -0.02942401 0.006867229 0.006847202 -0.0346384 0.006850779 0.006847202 -0.0346384 0.006850779 0.006847202 -0.0346384 0.006850779 0.006847202 -0.0346384 0.006850779 0.007156133 -0.03477019 0.006847202 0.007156133 -0.03477019 0.006847202 0.007156133 -0.03477019 0.006847202 0.00742799 -0.03496742 0.006843268 0.00742799 -0.03496742 0.006843268 0.00742799 -0.03496742 0.006843268 0.00742799 -0.03496742 0.006843268 0.007649123 -0.0352202 0.006839096 0.007649123 -0.0352202 0.006839096 0.007649123 -0.0352202 0.006839096 0.007649123 -0.0352202 0.006839096 0.007808506 -0.03551584 0.006834983 0.007808506 -0.03551584 0.006834983 0.007808506 -0.03551584 0.006834983 0.007808506 -0.03551584 0.006834983 0.007898032 -0.03583961 0.006831049 0.007898032 -0.03583961 0.006831049 0.007898032 -0.03583961 0.006831049 0.007913351 -0.03617513 0.006827533 0.007913351 -0.03617513 0.006827533 0.007913351 -0.03617513 0.006827533 0.007080197 -0.04864674 0.006707489 0.007080197 -0.04864674 0.006707489 0.007080197 -0.04864674 0.006707489 0.007080197 -0.04864674 0.006707489 0.007080197 -0.04864674 0.006707489 0.007080197 -0.04864674 0.006707489 0.01057237 -0.04887974 0.006679892 0.01057237 -0.04887974 0.006679892 0.01057237 -0.04887974 0.006679892 0.007239222 -0.04511809 -0.002970278 0.007239222 -0.04511809 -0.002970278 0.007239222 -0.04511809 -0.002970278 0.007239222 -0.04511809 -0.002970278 0.007215023 -0.0454936 -0.002860069 0.007215023 -0.0454936 -0.002860069 0.007215023 -0.0454936 -0.002860069 0.007215023 -0.0454936 -0.002860069 0.007193326 -0.04584044 -0.002678573 0.007193326 -0.04584044 -0.002678573 0.007193326 -0.04584044 -0.002678573 0.007174909 -0.04614537 -0.002432763 0.007174909 -0.04614537 -0.002432763 0.007174909 -0.04614537 -0.002432763 0.007174909 -0.04614537 -0.002432763 0.007174909 -0.04614537 -0.002432763 0.007066249 -0.04798811 -6.22094e-4 0.007066249 -0.04798811 -6.22094e-4 0.007066249 -0.04798811 -6.22094e-4 0.007066249 -0.04798811 -6.22094e-4 0.007066249 -0.04798811 -6.22094e-4 0.007051885 -0.04823935 -3.21427e-4 0.007051885 -0.04823935 -3.21427e-4 0.007051885 -0.04823935 -3.21427e-4 0.007051885 -0.04823935 -3.21427e-4 0.007051885 -0.04823935 -3.21427e-4 0.00704205 -0.04842722 2.25422e-5 0.00704205 -0.04842722 2.25422e-5 0.00704205 -0.04842722 2.25422e-5 0.00704205 -0.04842722 2.25422e-5 0.00704205 -0.04842722 2.25422e-5 0.007037162 -0.04854458 3.96607e-4 0.007037162 -0.04854458 3.96607e-4 0.007037162 -0.04854458 3.96607e-4 0.007037162 -0.04854458 3.96607e-4 0.007037401 -0.0485869 7.86389e-4 0.007037401 -0.0485869 7.86389e-4 0.007037401 -0.0485869 7.86389e-4 0.01102846 -0.04885315 7.54849e-4 0.01102846 -0.04885315 7.54849e-4 0.01102846 -0.04885315 7.54849e-4 0.01102817 -0.04881089 3.65067e-4 0.01102817 -0.04881089 3.65067e-4 0.01102817 -0.04881089 3.65067e-4 0.01102817 -0.04881089 3.65067e-4 0.01103305 -0.04869353 -8.99964e-6 0.01103305 -0.04869353 -8.99964e-6 0.01103305 -0.04869353 -8.99964e-6 0.01103305 -0.04869353 -8.99964e-6 0.01104289 -0.04850566 -3.52967e-4 0.01104289 -0.04850566 -3.52967e-4 0.01104289 -0.04850566 -3.52967e-4 0.01104289 -0.04850566 -3.52967e-4 0.01104289 -0.04850566 -3.52967e-4 0.01105725 -0.04825443 -6.53636e-4 0.01105725 -0.04825443 -6.53636e-4 0.01105725 -0.04825443 -6.53636e-4 0.01105725 -0.04825443 -6.53636e-4 0.01105725 -0.04825443 -6.53636e-4 -0.01740741 -0.04695582 9.79576e-4 -0.01740741 -0.04695582 9.79576e-4 -0.01740741 -0.04695582 9.79576e-4 -0.01740741 -0.04695582 9.79576e-4 -0.01740741 -0.04695582 9.79576e-4 -0.01740741 -0.04695582 9.79576e-4 -0.01740741 -0.04695582 9.79576e-4 -0.01740741 -0.04695582 9.79576e-4 -0.01740741 -0.04695582 9.79576e-4 -0.01740765 -0.0469135 5.89796e-4 -0.01740765 -0.0469135 5.89796e-4 -0.01740765 -0.0469135 5.89796e-4 -0.01740282 -0.0467962 2.1573e-4 -0.01740282 -0.0467962 2.1573e-4 -0.01740282 -0.0467962 2.1573e-4 -0.01739299 -0.04660832 -1.28238e-4 -0.01739299 -0.04660832 -1.28238e-4 -0.01739299 -0.04660832 -1.28238e-4 -0.01737856 -0.04635709 -4.28906e-4 -0.01737856 -0.04635709 -4.28906e-4 -0.01737856 -0.04635709 -4.28906e-4 -0.01726996 -0.04451429 -0.002239584 -0.01726996 -0.04451429 -0.002239584 -0.01726996 -0.04451429 -0.002239584 0.01116591 -0.04641163 -0.002464294 0.01116591 -0.04641163 -0.002464294 0.01116591 -0.04641163 -0.002464294 0.01116591 -0.04641163 -0.002464294 0.01118427 -0.04610675 -0.002710103 0.01118427 -0.04610675 -0.002710103 0.01118427 -0.04610675 -0.002710103 0.01118427 -0.04610675 -0.002710103 0.01120603 -0.04575985 -0.0028916 0.01120603 -0.04575985 -0.0028916 0.01120603 -0.04575985 -0.0028916 0.01120603 -0.04575985 -0.0028916 0.01123023 -0.0453844 -0.003001809 0.01123023 -0.0453844 -0.003001809 0.01123023 -0.0453844 -0.003001809 0.01123023 -0.0453844 -0.003001809 -0.01725155 -0.04420942 -0.002485394 -0.01725155 -0.04420942 -0.002485394 -0.01725155 -0.04420942 -0.002485394 -0.01725155 -0.04420942 -0.002485394 -0.01722985 -0.04386252 -0.00266689 -0.01722985 -0.04386252 -0.00266689 -0.01722985 -0.04386252 -0.00266689 -0.01722985 -0.04386252 -0.00266689 -0.01720565 -0.04348707 -0.002777099 -0.01720565 -0.04348707 -0.002777099 -0.01720565 -0.04348707 -0.002777099 -0.01720565 -0.04348707 -0.002777099 0.01138383 -0.04935032 0.04992258 0.01138383 -0.04935032 0.04992258 0.01138383 -0.04935032 0.04992258 0.01140677 -0.04938238 0.05309391 0.01140677 -0.04938238 0.05309391 0.01140677 -0.04938238 0.05309391 0.01140677 -0.04938238 0.05309391 -0.0170291 -0.04748505 0.05331861 -0.0170291 -0.04748505 0.05331861 -0.0170291 -0.04748505 0.05331861 -0.0170291 -0.04748505 0.05331861 -0.0170291 -0.04748505 0.05331861 -0.0170291 -0.04748505 0.05331861 -0.0170719 -0.04742521 0.04739755 -0.0170719 -0.04742521 0.04739755 -0.0170719 -0.04742521 0.04739755 -0.0170719 -0.04742521 0.04739755 -0.0170719 -0.04742521 0.04739755 -0.0170719 -0.04742521 0.04739755 -0.0170719 -0.04742521 0.04739755 -0.0170719 -0.04742521 0.04739755 0.01086509 -0.04928922 0.04717671 0.01086509 -0.04928922 0.04717671 0.01086509 -0.04928922 0.04717671 0.0110557 -0.04930156 0.0471372 0.0110557 -0.04930156 0.0471372 0.0110557 -0.04930156 0.0471372 0.0110557 -0.04930156 0.0471372 0.0110557 -0.04930156 0.0471372 0.01633644 -0.0496326 0.04488354 0.01633644 -0.0496326 0.04488354 0.01633644 -0.0496326 0.04488354 0.01633644 -0.0496326 0.04488354 0.01633644 -0.0496326 0.04488354 0.01633644 -0.0496326 0.04488354 0.01633644 -0.0496326 0.04488354 0.01633644 -0.0496326 0.04488354 0.01121675 -0.04931128 0.04702752 0.01121675 -0.04931128 0.04702752 0.01121675 -0.04931128 0.04702752 0.01121675 -0.04931128 0.04702752 0.01132375 -0.04931688 0.04686444 0.01132375 -0.04931688 0.04686444 0.01132375 -0.04931688 0.04686444 0.01132375 -0.04931688 0.04686444 0.01132375 -0.04931688 0.04686444 0.01136034 -0.04931741 0.04667282 0.01136034 -0.04931741 0.04667282 0.01136034 -0.04931741 0.04667282 0.01136034 -0.04931741 0.04667282 0.01136034 -0.04931741 0.04667282 0.01107484 -0.04891806 0.007175922 0.01107484 -0.04891806 0.007175922 0.01107484 -0.04891806 0.007175922 0.01107484 -0.04891806 0.007175922 0.01107484 -0.04891806 0.007175922 0.01107484 -0.04891806 0.007175922 0.01107484 -0.04891806 0.007175922 0.01107484 -0.04891806 0.007175922 0.01107484 -0.04891806 0.007175922 0.01107484 -0.04891806 0.007175922 0.01607626 -0.04926866 0.008886337 0.01607626 -0.04926866 0.008886337 0.01607626 -0.04926866 0.008886337 0.01607626 -0.04926866 0.008886337 0.01607626 -0.04926866 0.008886337 0.01607626 -0.04926866 0.008886337 0.01607626 -0.04926866 0.008886337 0.01607626 -0.04926866 0.008886337 0.01105135 -0.04888522 0.003926157 0.01105135 -0.04888522 0.003926157 0.01105135 -0.04888522 0.003926157 0.01105135 -0.04888522 0.003926157 0.01105135 -0.04888522 0.003926157 0.01105135 -0.04888522 0.003926157 0.0110355 -0.04891359 0.006984889 0.0110355 -0.04891359 0.006984889 0.0110355 -0.04891359 0.006984889 0.0110355 -0.04891359 0.006984889 0.0110355 -0.04891359 0.006984889 0.01092618 -0.04890477 0.006823539 0.01092618 -0.04890477 0.006823539 0.01092618 -0.04890477 0.006823539 0.01092618 -0.04890477 0.006823539 0.01076352 -0.04889285 0.00671643 0.01076352 -0.04889285 0.00671643 0.01076352 -0.04889285 0.00671643 0.01076352 -0.04889285 0.00671643 -0.01577222 -0.02796941 0.04758483 -0.01577222 -0.02796941 0.04758483 -0.01577222 -0.02796941 0.04758483 -0.01577222 -0.02796941 0.04758483 -0.0160523 -0.03248703 0.05029141 -0.0160523 -0.03248703 0.05029141 -0.0160523 -0.03248703 0.05029141 -0.0160523 -0.03248703 0.05029141 -0.0160523 -0.03248703 0.05029141 -0.0160523 -0.03248703 0.05029141 -0.01575976 -0.02777814 0.04754865 -0.01575976 -0.02777814 0.04754865 -0.01575976 -0.02777814 0.04754865 -0.01575976 -0.02777814 0.04754865 -0.01631027 -0.0306518 0.00215727 -0.01631027 -0.0306518 0.00215727 -0.01631027 -0.0306518 0.00215727 -0.01631027 -0.0306518 0.00215727 -0.01631027 -0.0306518 0.00215727 -0.01630055 -0.03054434 0.00247538 -0.01630055 -0.03054434 0.00247538 -0.01630055 -0.03054434 0.00247538 -0.01630055 -0.03054434 0.00247538 -0.01629567 -0.03051018 0.002809524 -0.01629567 -0.03051018 0.002809524 -0.01629567 -0.03051018 0.002809524 -0.01629573 -0.03055107 0.003142893 -0.01629573 -0.03055107 0.003142893 -0.01629573 -0.03055107 0.003142893 -0.01629573 -0.03055107 0.003142893 -0.01630085 -0.03066498 0.003458857 -0.01630085 -0.03066498 0.003458857 -0.01630085 -0.03066498 0.003458857 -0.01630085 -0.03066498 0.003458857 -0.01630085 -0.03066498 0.003458857 -0.01631069 -0.03084611 0.003741502 -0.01631069 -0.03084611 0.003741502 -0.01631069 -0.03084611 0.003741502 -0.01631069 -0.03084611 0.003741502 -0.01632481 -0.03108555 0.003976702 -0.01632481 -0.03108555 0.003976702 -0.01632481 -0.03108555 0.003976702 -0.01632481 -0.03108555 0.003976702 -0.01634246 -0.03137111 0.004152655 -0.01634246 -0.03137111 0.004152655 -0.01634246 -0.03137111 0.004152655 -0.01634246 -0.03137111 0.004152655 -0.01636278 -0.03168851 0.004260599 -0.01636278 -0.03168851 0.004260599 -0.01636278 -0.03168851 0.004260599 -0.01636278 -0.03168851 0.004260599 -0.01636278 -0.03168851 0.004260599 -0.01571828 -0.02204459 0.004391014 -0.01571828 -0.02204459 0.004391014 -0.01571828 -0.02204459 0.004391014 -0.01571828 -0.02204459 0.004391014 -0.01571828 -0.02204459 0.004391014 -0.01638478 -0.03202193 0.004294991 -0.01638478 -0.03202193 0.004294991 -0.01638478 -0.03202193 0.004294991 -0.01638478 -0.03202193 0.004294991 -0.01638478 -0.03202193 0.004294991 -0.01638478 -0.03202193 0.004294991 -0.01605194 -0.02736943 0.007127881 -0.01605194 -0.02736943 0.007127881 -0.01605194 -0.02736943 0.007127881 -0.01605194 -0.02736943 0.007127881 -0.01605194 -0.02736943 0.007127881 -0.01604038 -0.02720868 0.007237792 -0.01604038 -0.02720868 0.007237792 -0.01604038 -0.02720868 0.007237792 -0.01604038 -0.02720868 0.007237792 -0.01603198 -0.02710217 0.007401049 -0.01603198 -0.02710217 0.007401049 -0.01603198 -0.02710217 0.007401049 -0.01603198 -0.02710217 0.007401049 -0.01602804 -0.02706617 0.007592737 -0.01602804 -0.02706617 0.007592737 -0.01602804 -0.02706617 0.007592737 -0.01574254 -0.02746552 0.04708969 -0.01574254 -0.02746552 0.04708969 -0.01574254 -0.02746552 0.04708969 -0.01707291 -0.04196894 0.001199126 -0.01707291 -0.04196894 0.001199126 -0.01707291 -0.04196894 0.001199126 -0.01707291 -0.04196894 0.001199126 -0.01707291 -0.04196894 0.001199126 -0.01707291 -0.04196894 0.001199126 -0.01707291 -0.04196894 0.001199126 -0.01705044 -0.04163622 0.001239955 -0.01705044 -0.04163622 0.001239955 -0.01705044 -0.04163622 0.001239955 -0.01705044 -0.04163622 0.001239955 -0.01705044 -0.04163622 0.001239955 -0.01642841 -0.03232496 0.0013296 -0.01642841 -0.03232496 0.0013296 -0.01642841 -0.03232496 0.0013296 -0.01642841 -0.03232496 0.0013296 -0.01642841 -0.03232496 0.0013296 -0.01640647 -0.0319916 0.001295208 -0.01640647 -0.0319916 0.001295208 -0.01640647 -0.0319916 0.001295208 -0.01640647 -0.0319916 0.001295208 -0.01640647 -0.0319916 0.001295208 -0.01711595 -0.04292905 0.003862679 -0.01711595 -0.04292905 0.003862679 -0.01711595 -0.04292905 0.003862679 -0.01711595 -0.04292905 0.003862679 -0.01711595 -0.04292905 0.003862679 -0.01711595 -0.04292905 0.003862679 -0.01713347 -0.04316359 0.003622889 -0.01713347 -0.04316359 0.003622889 -0.01713347 -0.04316359 0.003622889 -0.01713347 -0.04316359 0.003622889 -0.01714748 -0.04333907 0.003336787 -0.01714748 -0.04333907 0.003336787 -0.01714748 -0.04333907 0.003336787 -0.01714748 -0.04333907 0.003336787 -0.01715713 -0.04344654 0.003018736 -0.01715713 -0.04344654 0.003018736 -0.01715713 -0.04344654 0.003018736 -0.01715713 -0.04344654 0.003018736 -0.01715713 -0.04344654 0.003018736 -0.01716208 -0.04348069 0.002684593 -0.01716208 -0.04348069 0.002684593 -0.01716208 -0.04348069 0.002684593 -0.01716208 -0.04348069 0.002684593 -0.01716196 -0.04343974 0.002351224 -0.01716196 -0.04343974 0.002351224 -0.01716196 -0.04343974 0.002351224 -0.01716196 -0.04343974 0.002351224 -0.01715683 -0.0433259 0.00203526 -0.01715683 -0.0433259 0.00203526 -0.01715683 -0.0433259 0.00203526 -0.01715683 -0.0433259 0.00203526 -0.01715683 -0.0433259 0.00203526 -0.017147 -0.0431447 0.001752614 -0.017147 -0.0431447 0.001752614 -0.017147 -0.0431447 0.001752614 -0.01713287 -0.04290533 0.001517355 -0.01713287 -0.04290533 0.001517355 -0.01713287 -0.04290533 0.001517355 -0.01713287 -0.04290533 0.001517355 -0.01711523 -0.04261976 0.001341402 -0.01711523 -0.04261976 0.001341402 -0.01711523 -0.04261976 0.001341402 -0.01711523 -0.04261976 0.001341402 -0.01709491 -0.04230231 0.001233518 -0.01709491 -0.04230231 0.001233518 -0.01709491 -0.04230231 0.001233518 -0.01709491 -0.04230231 0.001233518 -0.01705121 -0.04199922 0.004198908 -0.01705121 -0.04199922 0.004198908 -0.01705121 -0.04199922 0.004198908 -0.01705121 -0.04199922 0.004198908 -0.01705121 -0.04199922 0.004198908 -0.01707375 -0.04233187 0.004158079 -0.01707375 -0.04233187 0.004158079 -0.01707375 -0.04233187 0.004158079 -0.01707375 -0.04233187 0.004158079 -0.01709568 -0.04264706 0.004044115 -0.01709568 -0.04264706 0.004044115 -0.01709568 -0.04264706 0.004044115 -0.01709568 -0.04264706 0.004044115 -0.01357185 0.004408717 0.05264669 -0.01357185 0.004408717 0.05264669 -0.01357185 0.004408717 0.05264669 -0.01357185 0.004408717 0.05264669 -0.01357185 0.004408717 0.05264669 -0.01357185 0.004408717 0.05264669 -0.01357185 0.004408717 0.05264669 -0.01357185 0.004408717 0.05264669 -0.01523804 -0.02053445 0.05240654 -0.01523804 -0.02053445 0.05240654 -0.01523804 -0.02053445 0.05240654 -0.01523804 -0.02053445 0.05240654 -0.01523804 -0.02053445 0.05240654 -0.01594668 -0.03116035 0.05245506 -0.01594668 -0.03116035 0.05245506 -0.01594668 -0.03116035 0.05245506 -0.01594668 -0.03116035 0.05245506 -0.01594668 -0.03116035 0.05245506 -0.01595652 -0.03134155 0.05273771 -0.01595652 -0.03134155 0.05273771 -0.01595652 -0.03134155 0.05273771 -0.01595652 -0.03134155 0.05273771 -0.01597064 -0.03158092 0.05297297 -0.01597064 -0.03158092 0.05297297 -0.01597064 -0.03158092 0.05297297 -0.01597064 -0.03158092 0.05297297 -0.01598829 -0.03186649 0.05314886 -0.01598829 -0.03186649 0.05314886 -0.01598829 -0.03186649 0.05314886 -0.01598829 -0.03186649 0.05314886 -0.01600861 -0.03218394 0.0532568 -0.01600861 -0.03218394 0.0532568 -0.01600861 -0.03218394 0.0532568 -0.01600861 -0.03218394 0.0532568 -0.0160306 -0.03251731 0.0532912 -0.0160306 -0.03251731 0.0532912 -0.0160306 -0.03251731 0.0532912 -0.0160306 -0.03251731 0.0532912 -0.0160306 -0.03251731 0.0532912 -0.01353573 0.004358172 0.05764633 -0.01353573 0.004358172 0.05764633 -0.01353573 0.004358172 0.05764633 -0.01353573 0.004358172 0.05764633 -0.01353573 0.004358172 0.05764633 -0.0153858 -0.02250969 0.0503875 -0.0153858 -0.02250969 0.0503875 -0.0153858 -0.02250969 0.0503875 -0.0153858 -0.02250969 0.0503875 -0.0153858 -0.02250969 0.0503875 -0.0153858 -0.02250969 0.0503875 -0.0153858 -0.02250969 0.0503875 -0.01574373 -0.02750539 0.04728066 -0.01574373 -0.02750539 0.04728066 -0.01574373 -0.02750539 0.04728066 -0.01574373 -0.02750539 0.04728066 -0.01574373 -0.02750539 0.04728066 -0.01574975 -0.02761518 0.04744184 -0.01574975 -0.02761518 0.04744184 -0.01574975 -0.02761518 0.04744184 -0.01574975 -0.02761518 0.04744184 -0.01602977 -0.03215438 0.05033224 -0.01602977 -0.03215438 0.05033224 -0.01602977 -0.03215438 0.05033224 -0.01602977 -0.03215438 0.05033224 -0.01600784 -0.03183913 0.05044621 -0.01600784 -0.03183913 0.05044621 -0.01600784 -0.03183913 0.05044621 -0.01600784 -0.03183913 0.05044621 -0.01600784 -0.03183913 0.05044621 -0.01598763 -0.0315572 0.05062764 -0.01598763 -0.0315572 0.05062764 -0.01598763 -0.0315572 0.05062764 -0.01598763 -0.0315572 0.05062764 -0.01598763 -0.0315572 0.05062764 -0.01597005 -0.03132265 0.05086737 -0.01597005 -0.03132265 0.05086737 -0.01597005 -0.03132265 0.05086737 -0.01597005 -0.03132265 0.05086737 -0.0159561 -0.03114724 0.05115348 -0.0159561 -0.03114724 0.05115348 -0.0159561 -0.03114724 0.05115348 -0.0159561 -0.03114724 0.05115348 -0.0159561 -0.03114724 0.05115348 -0.01594638 -0.03103977 0.05147159 -0.01594638 -0.03103977 0.05147159 -0.01594638 -0.03103977 0.05147159 -0.01594638 -0.03103977 0.05147159 -0.0159415 -0.03100556 0.05180567 -0.0159415 -0.03100556 0.05180567 -0.0159415 -0.03100556 0.05180567 -0.0159415 -0.03100556 0.05180567 -0.01594156 -0.0310465 0.0521391 -0.01594156 -0.0310465 0.0521391 -0.01594156 -0.0310465 0.0521391 -0.01594156 -0.0310465 0.0521391 -0.01638394 -0.03165894 0.001336038 -0.01638394 -0.03165894 0.001336038 -0.01638394 -0.03165894 0.001336038 -0.01638394 -0.03165894 0.001336038 -0.01636201 -0.03134375 0.001450002 -0.01636201 -0.03134375 0.001450002 -0.01636201 -0.03134375 0.001450002 -0.01636201 -0.03134375 0.001450002 -0.01636201 -0.03134375 0.001450002 -0.01634174 -0.03106182 0.001631438 -0.01634174 -0.03106182 0.001631438 -0.01634174 -0.03106182 0.001631438 -0.01634174 -0.03106182 0.001631438 -0.01632422 -0.03082722 0.001871168 -0.01632422 -0.03082722 0.001871168 -0.01632422 -0.03082722 0.001871168 -0.0166971 -0.04249465 0.05319511 -0.0166971 -0.04249465 0.05319511 -0.0166971 -0.04249465 0.05319511 -0.0166971 -0.04249465 0.05319511 -0.0166971 -0.04249465 0.05319511 -0.0166971 -0.04249465 0.05319511 -0.0166971 -0.04249465 0.05319511 -0.01671963 -0.0428273 0.05315428 -0.01671963 -0.0428273 0.05315428 -0.01671963 -0.0428273 0.05315428 -0.01671963 -0.0428273 0.05315428 -0.01702374 -0.04745066 0.05370914 -0.01702374 -0.04745066 0.05370914 -0.01702374 -0.04745066 0.05370914 -0.01702374 -0.04745066 0.05370914 -0.01702374 -0.04745066 0.05370914 -0.01701343 -0.04734086 0.05408537 -0.01701343 -0.04734086 0.05408537 -0.01701343 -0.04734086 0.05408537 -0.01701343 -0.04734086 0.05408537 -0.01699858 -0.04715996 0.05443292 -0.01699858 -0.04715996 0.05443292 -0.01699858 -0.04715996 0.05443292 -0.01699858 -0.04715996 0.05443292 -0.01697981 -0.04691487 0.05473834 -0.01697981 -0.04691487 0.05473834 -0.01697981 -0.04691487 0.05473834 -0.01684474 -0.04510909 0.05658423 -0.01684474 -0.04510909 0.05658423 -0.01684474 -0.04510909 0.05658423 -0.01684474 -0.04510909 0.05658423 -0.01682275 -0.04480922 0.05683583 -0.01682275 -0.04480922 0.05683583 -0.01682275 -0.04480922 0.05683583 -0.01682275 -0.04480922 0.05683583 -0.01679837 -0.04446607 0.05702394 -0.01679837 -0.04446607 0.05702394 -0.01679837 -0.04446607 0.05702394 -0.01679837 -0.04446607 0.05702394 -0.0167725 -0.04409289 0.05714136 -0.0167725 -0.04409289 0.05714136 -0.0167725 -0.04409289 0.05714136 -0.0167725 -0.04409289 0.05714136 -0.01674628 -0.04370403 0.05718356 -0.01674628 -0.04370403 0.05718356 -0.01674628 -0.04370403 0.05718356 -0.01674628 -0.04370403 0.05718356 -0.01605314 -0.03284996 0.05325037 -0.01605314 -0.03284996 0.05325037 -0.01605314 -0.03284996 0.05325037 -0.01605314 -0.03284996 0.05325037 -0.01605314 -0.03284996 0.05325037 -0.01667511 -0.04216122 0.05316072 -0.01667511 -0.04216122 0.05316072 -0.01667511 -0.04216122 0.05316072 -0.01667511 -0.04216122 0.05316072 -0.0167793 -0.04365903 0.05261909 -0.0167793 -0.04365903 0.05261909 -0.0167793 -0.04365903 0.05261909 -0.0167793 -0.04365903 0.05261909 -0.0167793 -0.04365903 0.05261909 -0.01679331 -0.04383444 0.05233299 -0.01679331 -0.04383444 0.05233299 -0.01679331 -0.04383444 0.05233299 -0.01679331 -0.04383444 0.05233299 -0.01679331 -0.04383444 0.05233299 -0.01680296 -0.04394191 0.05201494 -0.01680296 -0.04394191 0.05201494 -0.01680296 -0.04394191 0.05201494 -0.01680296 -0.04394191 0.05201494 -0.01680296 -0.04394191 0.05201494 -0.01680791 -0.04397606 0.0516808 -0.01680791 -0.04397606 0.0516808 -0.01680791 -0.04397606 0.0516808 -0.01680791 -0.04397606 0.0516808 -0.01680779 -0.04393517 0.05134743 -0.01680779 -0.04393517 0.05134743 -0.01680779 -0.04393517 0.05134743 -0.01680779 -0.04393517 0.05134743 -0.01680779 -0.04393517 0.05134743 -0.01680272 -0.04382127 0.05103147 -0.01680272 -0.04382127 0.05103147 -0.01680272 -0.04382127 0.05103147 -0.01680272 -0.04382127 0.05103147 -0.01680272 -0.04382127 0.05103147 -0.01679283 -0.04364013 0.05074882 -0.01679283 -0.04364013 0.05074882 -0.01679283 -0.04364013 0.05074882 -0.01679283 -0.04364013 0.05074882 -0.01677876 -0.04340076 0.05051356 -0.01677876 -0.04340076 0.05051356 -0.01677876 -0.04340076 0.05051356 -0.01677876 -0.04340076 0.05051356 -0.01677876 -0.04340076 0.05051356 -0.01676106 -0.04311519 0.05033761 -0.01676106 -0.04311519 0.05033761 -0.01676106 -0.04311519 0.05033761 -0.01676106 -0.04311519 0.05033761 -0.01676106 -0.04311519 0.05033761 -0.01674073 -0.04279768 0.05022972 -0.01674073 -0.04279768 0.05022972 -0.01674073 -0.04279768 0.05022972 -0.01674073 -0.04279768 0.05022972 -0.01671874 -0.04246431 0.05019533 -0.01671874 -0.04246431 0.05019533 -0.01671874 -0.04246431 0.05019533 -0.01671874 -0.04246431 0.05019533 -0.01671874 -0.04246431 0.05019533 -0.01671874 -0.04246431 0.05019533 -0.01674151 -0.04314249 0.05304032 -0.01674151 -0.04314249 0.05304032 -0.01674151 -0.04314249 0.05304032 -0.01674151 -0.04314249 0.05304032 -0.01676177 -0.04342442 0.05285888 -0.01676177 -0.04342442 0.05285888 -0.01676177 -0.04342442 0.05285888 -0.01676177 -0.04342442 0.05285888 -0.01676177 -0.04342442 0.05285888 -0.01702928 -0.04166579 0.004164516 -0.01702928 -0.04166579 0.004164516 -0.01702928 -0.04166579 0.004164516 -0.01702928 -0.04166579 0.004164516 -0.01702928 -0.04166579 0.004164516 -0.01640731 -0.03235459 0.004254162 -0.01640731 -0.03235459 0.004254162 -0.01640731 -0.03235459 0.004254162 -0.01640731 -0.03235459 0.004254162 -0.01640731 -0.03235459 0.004254162 -0.01700896 -0.04134839 0.004056632 -0.01700896 -0.04134839 0.004056632 -0.01700896 -0.04134839 0.004056632 -0.01700896 -0.04134839 0.004056632 -0.01700896 -0.04134839 0.004056632 -0.01642924 -0.03266978 0.004140198 -0.01642924 -0.03266978 0.004140198 -0.01642924 -0.03266978 0.004140198 -0.01642924 -0.03266978 0.004140198 -0.01642924 -0.03266978 0.004140198 -0.01699131 -0.04106283 0.003880679 -0.01699131 -0.04106283 0.003880679 -0.01699131 -0.04106283 0.003880679 -0.01699131 -0.04106283 0.003880679 -0.01699131 -0.04106283 0.003880679 -0.01644951 -0.03295171 0.003958761 -0.01644951 -0.03295171 0.003958761 -0.01644951 -0.03295171 0.003958761 -0.01644951 -0.03295171 0.003958761 -0.01644951 -0.03295171 0.003958761 -0.01697719 -0.04082345 0.00364542 -0.01697719 -0.04082345 0.00364542 -0.01697719 -0.04082345 0.00364542 -0.01697719 -0.04082345 0.00364542 -0.01646703 -0.03318631 0.003718972 -0.01646703 -0.03318631 0.003718972 -0.01646703 -0.03318631 0.003718972 -0.01646703 -0.03318631 0.003718972 -0.01646703 -0.03318631 0.003718972 -0.01696729 -0.04064226 0.003362774 -0.01696729 -0.04064226 0.003362774 -0.01696729 -0.04064226 0.003362774 -0.01648098 -0.03336173 0.003432869 -0.01648098 -0.03336173 0.003432869 -0.01648098 -0.03336173 0.003432869 -0.01648098 -0.03336173 0.003432869 -0.01696223 -0.04052835 0.00304681 -0.01696223 -0.04052835 0.00304681 -0.01696223 -0.04052835 0.00304681 -0.01696223 -0.04052835 0.00304681 -0.01649069 -0.0334692 0.003114819 -0.01649069 -0.0334692 0.003114819 -0.01649069 -0.0334692 0.003114819 -0.01649069 -0.0334692 0.003114819 -0.01696211 -0.04048746 0.002713441 -0.01696211 -0.04048746 0.002713441 -0.01696211 -0.04048746 0.002713441 -0.01696211 -0.04048746 0.002713441 -0.01649558 -0.03350335 0.002780675 -0.01649558 -0.03350335 0.002780675 -0.01649558 -0.03350335 0.002780675 -0.01696705 -0.04052162 0.002379298 -0.01696705 -0.04052162 0.002379298 -0.01696705 -0.04052162 0.002379298 -0.01649546 -0.03346246 0.002447307 -0.01649546 -0.03346246 0.002447307 -0.01649546 -0.03346246 0.002447307 -0.01649546 -0.03346246 0.002447307 -0.01697671 -0.04062908 0.002061247 -0.01697671 -0.04062908 0.002061247 -0.01697671 -0.04062908 0.002061247 -0.01649039 -0.03334856 0.002131342 -0.01649039 -0.03334856 0.002131342 -0.01649039 -0.03334856 0.002131342 -0.01649039 -0.03334856 0.002131342 -0.01699072 -0.0408045 0.001775145 -0.01699072 -0.0408045 0.001775145 -0.01699072 -0.0408045 0.001775145 -0.01699072 -0.0408045 0.001775145 -0.01648056 -0.03316742 0.001848638 -0.01648056 -0.03316742 0.001848638 -0.01648056 -0.03316742 0.001848638 -0.01700824 -0.0410391 0.001535356 -0.01700824 -0.0410391 0.001535356 -0.01700824 -0.0410391 0.001535356 -0.01700824 -0.0410391 0.001535356 -0.01700824 -0.0410391 0.001535356 -0.01646643 -0.03292804 0.001613438 -0.01646643 -0.03292804 0.001613438 -0.01646643 -0.03292804 0.001613438 -0.01646643 -0.03292804 0.001613438 -0.01646643 -0.03292804 0.001613438 -0.01702845 -0.04132103 0.001353919 -0.01702845 -0.04132103 0.001353919 -0.01702845 -0.04132103 0.001353919 -0.01702845 -0.04132103 0.001353919 -0.01644873 -0.03264242 0.001437485 -0.01644873 -0.03264242 0.001437485 -0.01644873 -0.03264242 0.001437485 -0.01644873 -0.03264242 0.001437485 -0.01665478 -0.04184377 0.05305284 -0.01665478 -0.04184377 0.05305284 -0.01665478 -0.04184377 0.05305284 -0.01607507 -0.03316521 0.0531364 -0.01607507 -0.03316521 0.0531364 -0.01607507 -0.03316521 0.0531364 -0.01607507 -0.03316521 0.0531364 -0.01607507 -0.03316521 0.0531364 -0.01663714 -0.0415582 0.05287688 -0.01663714 -0.0415582 0.05287688 -0.01663714 -0.0415582 0.05287688 -0.01663714 -0.0415582 0.05287688 -0.01663714 -0.0415582 0.05287688 -0.01609528 -0.03344714 0.05295497 -0.01609528 -0.03344714 0.05295497 -0.01609528 -0.03344714 0.05295497 -0.01609528 -0.03344714 0.05295497 -0.01609528 -0.03344714 0.05295497 -0.01662302 -0.04131883 0.05264168 -0.01662302 -0.04131883 0.05264168 -0.01662302 -0.04131883 0.05264168 -0.01611286 -0.03368175 0.05271518 -0.01611286 -0.03368175 0.05271518 -0.01611286 -0.03368175 0.05271518 -0.01611286 -0.03368175 0.05271518 -0.01661312 -0.04113769 0.05235898 -0.01661312 -0.04113769 0.05235898 -0.01661312 -0.04113769 0.05235898 -0.01612681 -0.0338571 0.05242908 -0.01612681 -0.0338571 0.05242908 -0.01612681 -0.0338571 0.05242908 -0.01660805 -0.04102379 0.05204302 -0.01660805 -0.04102379 0.05204302 -0.01660805 -0.04102379 0.05204302 -0.01613652 -0.03396463 0.05211102 -0.01613652 -0.03396463 0.05211102 -0.01613652 -0.03396463 0.05211102 -0.01660794 -0.0409829 0.05170965 -0.01660794 -0.0409829 0.05170965 -0.01660794 -0.0409829 0.05170965 -0.01614141 -0.03399878 0.05177688 -0.01614141 -0.03399878 0.05177688 -0.01614141 -0.03399878 0.05177688 -0.01661288 -0.04101699 0.0513755 -0.01661288 -0.04101699 0.0513755 -0.01661288 -0.04101699 0.0513755 -0.01661288 -0.04101699 0.0513755 -0.01661288 -0.04101699 0.0513755 -0.01614135 -0.03395783 0.05144351 -0.01614135 -0.03395783 0.05144351 -0.01614135 -0.03395783 0.05144351 -0.01614135 -0.03395783 0.05144351 -0.01614135 -0.03395783 0.05144351 -0.01662254 -0.04112452 0.05105745 -0.01662254 -0.04112452 0.05105745 -0.01662254 -0.04112452 0.05105745 -0.01662254 -0.04112452 0.05105745 -0.01613622 -0.03384399 0.05112755 -0.01613622 -0.03384399 0.05112755 -0.01613622 -0.03384399 0.05112755 -0.01613622 -0.03384399 0.05112755 -0.01663655 -0.04129993 0.05077135 -0.01663655 -0.04129993 0.05077135 -0.01663655 -0.04129993 0.05077135 -0.01663655 -0.04129993 0.05077135 -0.01612639 -0.03366279 0.05084484 -0.01612639 -0.03366279 0.05084484 -0.01612639 -0.03366279 0.05084484 -0.01612639 -0.03366279 0.05084484 -0.01612639 -0.03366279 0.05084484 -0.01665407 -0.04153454 0.05053156 -0.01665407 -0.04153454 0.05053156 -0.01665407 -0.04153454 0.05053156 -0.01665407 -0.04153454 0.05053156 -0.01665407 -0.04153454 0.05053156 -0.01611226 -0.03342342 0.05060964 -0.01611226 -0.03342342 0.05060964 -0.01611226 -0.03342342 0.05060964 -0.01611226 -0.03342342 0.05060964 -0.01611226 -0.03342342 0.05060964 -0.01611226 -0.03342342 0.05060964 -0.01667433 -0.04181647 0.05035012 -0.01667433 -0.04181647 0.05035012 -0.01667433 -0.04181647 0.05035012 -0.01667433 -0.04181647 0.05035012 -0.01667433 -0.04181647 0.05035012 -0.01609462 -0.03313785 0.05043369 -0.01609462 -0.03313785 0.05043369 -0.01609462 -0.03313785 0.05043369 -0.01609462 -0.03313785 0.05043369 -0.01609462 -0.03313785 0.05043369 -0.01669627 -0.04213166 0.05023616 -0.01669627 -0.04213166 0.05023616 -0.01669627 -0.04213166 0.05023616 -0.01669627 -0.04213166 0.05023616 -0.01669627 -0.04213166 0.05023616 -0.01669627 -0.04213166 0.05023616 -0.01607429 -0.0328204 0.05032581 -0.01607429 -0.0328204 0.05032581 -0.01607429 -0.0328204 0.05032581 -0.01607429 -0.0328204 0.05032581 -0.01607429 -0.0328204 0.05032581 0.01145601 -0.04881221 0.05451363 0.01145601 -0.04881221 0.05451363 0.01145601 -0.04881221 0.05451363 0.01145601 -0.04881221 0.05451363 0.01159107 -0.04700642 0.05635946 0.01159107 -0.04700642 0.05635946 0.01159107 -0.04700642 0.05635946 0.01159107 -0.04700642 0.05635946 0.01486396 0.002511382 0.05242198 0.01486396 0.002511382 0.05242198 0.01486396 0.002511382 0.05242198 0.01486396 0.002511382 0.05242198 0.01486396 0.002511382 0.05242198 0.01486396 0.002511382 0.05242198 0.01486396 0.002511382 0.05242198 0.01486396 0.002511382 0.05242198 0.01490014 0.002460837 0.05742156 0.01490014 0.002460837 0.05742156 0.01490014 0.002460837 0.05742156 0.01490014 0.002460837 0.05742156 0.0116896 -0.04560136 0.05695879 0.0116896 -0.04560136 0.05695879 0.0116896 -0.04560136 0.05695879 0.0116896 -0.04560136 0.05695879 0.0116896 -0.04560136 0.05695879 0.0116896 -0.04560136 0.05695879 0.01166331 -0.04599022 0.05691665 0.01166331 -0.04599022 0.05691665 0.01166331 -0.04599022 0.05691665 0.0116375 -0.04636341 0.05679923 0.0116375 -0.04636341 0.05679923 0.0116375 -0.04636341 0.05679923 0.0116375 -0.04636341 0.05679923 0.01161307 -0.04670655 0.05661112 0.01161307 -0.04670655 0.05661112 0.01161307 -0.04670655 0.05661112 0.01161307 -0.04670655 0.05661112 0.01143729 -0.0490573 0.05420821 0.01143729 -0.0490573 0.05420821 0.01143729 -0.0490573 0.05420821 0.01143729 -0.0490573 0.05420821 0.01142245 -0.0492382 0.05386066 0.01142245 -0.0492382 0.05386066 0.01142245 -0.0492382 0.05386066 0.01142245 -0.0492382 0.05386066 0.01141214 -0.04934799 0.05348443 0.01141214 -0.04934799 0.05348443 0.01141214 -0.04934799 0.05348443 0.01319777 -0.02243179 0.05218178 0.01319777 -0.02243179 0.05218178 0.01319777 -0.02243179 0.05218178 0.01319777 -0.02243179 0.05218178 0.01319777 -0.02243179 0.05218178 0.01319777 -0.02243179 0.05218178 0.01305001 -0.02440702 0.05016273 0.01305001 -0.02440702 0.05016273 0.01305001 -0.02440702 0.05016273 0.01305001 -0.02440702 0.05016273 0.01305001 -0.02440702 0.05016273 0.01305001 -0.02440702 0.05016273 0.009138464 -0.006424784 0.0573734 0.009138464 -0.006424784 0.0573734 0.009138464 -0.006424784 0.0573734 0.008595943 -0.007162809 0.05736982 0.008595943 -0.007162809 0.05736982 0.008595943 -0.007162809 0.05736982 0.007991135 -0.007850766 0.05736726 0.007991135 -0.007850766 0.05736726 0.007991135 -0.007850766 0.05736726 0.007328689 -0.008483409 0.05736565 0.007328689 -0.008483409 0.05736565 0.007328689 -0.008483409 0.05736565 0.006613612 -0.009055852 0.057365 0.006613612 -0.009055852 0.057365 0.006613612 -0.009055852 0.057365 0.005851328 -0.009563863 0.05736541 0.005851328 -0.009563863 0.05736541 0.005851328 -0.009563863 0.05736541 0.005851328 -0.009563863 0.05736541 0.005047738 -0.0100035 0.05736678 0.005047738 -0.0100035 0.05736678 0.005047738 -0.0100035 0.05736678 0.004208862 -0.01037138 0.05736911 0.004208862 -0.01037138 0.05736911 0.004208862 -0.01037138 0.05736911 0.003341078 -0.01066482 0.05737239 0.003341078 -0.01066482 0.05737239 0.003341078 -0.01066482 0.05737239 0.003341078 -0.01066482 0.05737239 0.002451121 -0.01088148 0.05737668 0.002451121 -0.01088148 0.05737668 0.002451121 -0.01088148 0.05737668 0.002451121 -0.01088148 0.05737668 0.001545608 -0.01101976 0.0573818 0.001545608 -0.01101976 0.0573818 0.001545608 -0.01101976 0.0573818 6.31545e-4 -0.01107859 0.05738782 6.31545e-4 -0.01107859 0.05738782 6.31545e-4 -0.01107859 0.05738782 6.31545e-4 -0.01107859 0.05738782 -2.84201e-4 -0.01105749 0.05739462 -2.84201e-4 -0.01105749 0.05739462 -2.84201e-4 -0.01105749 0.05739462 -2.84201e-4 -0.01105749 0.05739462 -0.001194596 -0.0109567 0.05740225 -0.001194596 -0.0109567 0.05740225 -0.001194596 -0.0109567 0.05740225 -0.002092778 -0.01077699 0.05741053 -0.002092778 -0.01077699 0.05741053 -0.002092778 -0.01077699 0.05741053 -0.002971827 -0.01051962 0.05741953 -0.002971827 -0.01051962 0.05741953 -0.002971827 -0.01051962 0.05741953 -0.003825128 -0.01018667 0.05742907 -0.003825128 -0.01018667 0.05742907 -0.003825128 -0.01018667 0.05742907 -0.004646122 -0.009780585 0.05743908 -0.004646122 -0.009780585 0.05743908 -0.004646122 -0.009780585 0.05743908 -0.005428612 -0.009304463 0.05744957 -0.005428612 -0.009304463 0.05744957 -0.005428612 -0.009304463 0.05744957 -0.006166636 -0.008762001 0.05746036 -0.006166636 -0.008762001 0.05746036 -0.006166636 -0.008762001 0.05746036 -0.006854534 -0.008157253 0.05747145 -0.006854534 -0.008157253 0.05747145 -0.006854534 -0.008157253 0.05747145 -0.007487118 -0.007494866 0.05748271 -0.007487118 -0.007494866 0.05748271 -0.007487118 -0.007494866 0.05748271 -0.008059561 -0.006779789 0.0574941 -0.008059561 -0.006779789 0.0574941 -0.008059561 -0.006779789 0.0574941 -0.008567512 -0.006017625 0.05750548 -0.008567512 -0.006017625 0.05750548 -0.008567512 -0.006017625 0.05750548 -0.008567512 -0.006017625 0.05750548 -0.009007096 -0.005214035 0.05751681 -0.009007096 -0.005214035 0.05751681 -0.009007096 -0.005214035 0.05751681 -0.009007096 -0.005214035 0.05751681 -0.009007096 -0.005214035 0.05751681 0.008814871 0.009416639 0.05753588 0.008814871 0.009416639 0.05753588 0.008814871 0.009416639 0.05753588 0.008814871 0.009416639 0.05753588 0.008814871 0.009416639 0.05753588 0.008814871 0.009416639 0.05753588 0.008814871 0.009416639 0.05753588 0.008422613 0.009817242 0.0575428 0.008422613 0.009817242 0.0575428 0.008422613 0.009817242 0.0575428 0.007987976 0.01017141 0.05754947 0.007987976 0.01017141 0.05754947 0.007987976 0.01017141 0.05754947 0.007987976 0.01017141 0.05754947 0.007516443 0.01047468 0.05755597 0.007516443 0.01047468 0.05755597 0.007516443 0.01047468 0.05755597 0.007516443 0.01047468 0.05755597 0.007013857 0.01072329 0.05756211 0.007013857 0.01072329 0.05756211 0.007013857 0.01072329 0.05756211 0.007013857 0.01072329 0.05756211 0.006486594 0.01091402 0.05756789 0.006486594 0.01091402 0.05756789 0.006486594 0.01091402 0.05756789 0.006486594 0.01091402 0.05756789 0.005941331 0.0110445 0.05757313 0.005941331 0.0110445 0.05757313 0.005941331 0.0110445 0.05757313 0.005941331 0.0110445 0.05757313 0.005384862 0.01111316 0.05757784 0.005384862 0.01111316 0.05757784 0.005384862 0.01111316 0.05757784 0.005384862 0.01111316 0.05757784 -0.002954125 0.01166957 0.05764377 -0.002954125 0.01166957 0.05764377 -0.002954125 0.01166957 0.05764377 0.001115381 0.009894788 0.05759638 0.001115381 0.009894788 0.05759638 0.001115381 0.009894788 0.05759638 0.001115381 0.009894788 0.05759638 0.001115381 0.009894788 0.05759638 0.002025783 0.009793996 0.05758875 0.002025783 0.009793996 0.05758875 0.002025783 0.009793996 0.05758875 0.002923905 0.009614229 0.05758047 0.002923905 0.009614229 0.05758047 0.002923905 0.009614229 0.05758047 0.003803014 0.009356856 0.05757153 0.003803014 0.009356856 0.05757153 0.003803014 0.009356856 0.05757153 0.004656314 0.009023904 0.05756199 0.004656314 0.009023904 0.05756199 0.004656314 0.009023904 0.05756199 0.005477309 0.008617818 0.05755192 0.005477309 0.008617818 0.05755192 0.005477309 0.008617818 0.05755192 0.006259799 0.008141756 0.05754148 0.006259799 0.008141756 0.05754148 0.006259799 0.008141756 0.05754148 0.006997823 0.007599234 0.05753064 0.006997823 0.007599234 0.05753064 0.006997823 0.007599234 0.05753064 0.00768572 0.006994485 0.05751955 0.00768572 0.006994485 0.05751955 0.00768572 0.006994485 0.05751955 0.008318305 0.006332099 0.05750828 0.008318305 0.006332099 0.05750828 0.008318305 0.006332099 0.05750828 0.008890748 0.005617082 0.0574969 0.008890748 0.005617082 0.0574969 0.008890748 0.005617082 0.0574969 0.009398698 0.004854917 0.05748552 0.009398698 0.004854917 0.05748552 0.009398698 0.004854917 0.05748552 0.009838283 0.004051327 0.05747425 0.009838283 0.004051327 0.05747425 0.009838283 0.004051327 0.05747425 0.01020616 0.003212511 0.0574631 0.01020616 0.003212511 0.0574631 0.01020616 0.003212511 0.0574631 0.01020616 0.003212511 0.0574631 0.01049947 0.002344787 0.0574522 0.01049947 0.002344787 0.0574522 0.01049947 0.002344787 0.0574522 0.01049947 0.002344787 0.0574522 -0.003514766 0.01167547 0.05764788 -0.003514766 0.01167547 0.05764788 -0.003514766 0.01167547 0.05764788 -0.004072606 0.01161855 0.05765134 -0.004072606 0.01161855 0.05765134 -0.004072606 0.01161855 0.05765134 -0.004620492 0.01149958 0.05765408 -0.004620492 0.01149958 0.05765408 -0.004620492 0.01149958 0.05765408 -0.005151689 0.01131999 0.0576561 -0.005151689 0.01131999 0.0576561 -0.005151689 0.01131999 0.0576561 -0.005659401 0.01108205 0.05765736 -0.005659401 0.01108205 0.05765736 -0.005659401 0.01108205 0.05765736 -0.006137251 0.01078873 0.05765783 -0.006137251 0.01078873 0.05765783 -0.006137251 0.01078873 0.05765783 -0.006579339 0.0104438 0.05765753 -0.006579339 0.0104438 0.05765753 -0.006579339 0.0104438 0.05765753 -0.006579339 0.0104438 0.05765753 -0.006579339 0.0104438 0.05765753 0.01071608 0.00145483 0.05744165 0.01071608 0.00145483 0.05744165 0.01071608 0.00145483 0.05744165 0.0108543 5.49408e-4 0.05743151 0.0108543 5.49408e-4 0.05743151 0.0108543 5.49408e-4 0.05743151 0.01091307 -3.64678e-4 0.0574218 0.01091307 -3.64678e-4 0.0574218 0.01091307 -3.64678e-4 0.0574218 0.01089197 -0.001280367 0.05741274 0.01089197 -0.001280367 0.05741274 0.01089197 -0.001280367 0.05741274 0.01079112 -0.002190768 0.05740427 0.01079112 -0.002190768 0.05740427 0.01079112 -0.002190768 0.05740427 0.01061129 -0.003088891 0.05739647 0.01061129 -0.003088891 0.05739647 0.01061129 -0.003088891 0.05739647 0.01061129 -0.003088891 0.05739647 0.01035386 -0.003968 0.05738943 0.01035386 -0.003968 0.05738943 0.01035386 -0.003968 0.05738943 0.01035386 -0.003968 0.05738943 0.01002079 -0.00482124 0.05738323 0.01002079 -0.00482124 0.05738323 0.01002079 -0.00482124 0.05738323 0.009614646 -0.005642294 0.05737787 0.009614646 -0.005642294 0.05737787 0.009614646 -0.005642294 0.05737787 -0.009374976 -0.004375219 0.05752789 -0.009374976 -0.004375219 0.05752789 -0.009374976 -0.004375219 0.05752789 -0.009374976 -0.004375219 0.05752789 -0.00966829 -0.003507554 0.0575388 -0.00966829 -0.003507554 0.0575388 -0.00966829 -0.003507554 0.0575388 -0.00966829 -0.003507554 0.0575388 -0.009884893 -0.002617597 0.05754935 -0.009884893 -0.002617597 0.05754935 -0.009884893 -0.002617597 0.05754935 -0.01002311 -0.001712083 0.05755954 -0.01002311 -0.001712083 0.05755954 -0.01002311 -0.001712083 0.05755954 -0.01002311 -0.001712083 0.05755954 -0.01008188 -7.98065e-4 0.0575692 -0.01008188 -7.98065e-4 0.0575692 -0.01008188 -7.98065e-4 0.0575692 -0.01008188 -7.98065e-4 0.0575692 -0.01006078 1.17645e-4 0.05757832 -0.01006078 1.17645e-4 0.05757832 -0.01006078 1.17645e-4 0.05757832 -0.009959876 0.001028001 0.05758678 -0.009959876 0.001028001 0.05758678 -0.009959876 0.001028001 0.05758678 -0.009780049 0.001926183 0.05759453 -0.009780049 0.001926183 0.05759453 -0.009780049 0.001926183 0.05759453 -0.009522676 0.002805233 0.05760157 -0.009522676 0.002805233 0.05760157 -0.009522676 0.002805233 0.05760157 -0.009189605 0.003658533 0.05760782 -0.009189605 0.003658533 0.05760782 -0.009189605 0.003658533 0.05760782 -0.008783459 0.004479527 0.05761319 -0.008783459 0.004479527 0.05761319 -0.008783459 0.004479527 0.05761319 -0.008307278 0.005262076 0.05761766 -0.008307278 0.005262076 0.05761766 -0.008307278 0.005262076 0.05761766 -0.007764756 0.006000101 0.05762118 -0.007764756 0.006000101 0.05762118 -0.007764756 0.006000101 0.05762118 -0.007159948 0.006688058 0.0576238 -0.007159948 0.006688058 0.0576238 -0.007159948 0.006688058 0.0576238 -0.007159948 0.006688058 0.0576238 -0.006497442 0.007320642 0.05762541 -0.006497442 0.007320642 0.05762541 -0.006497442 0.007320642 0.05762541 -0.006497442 0.007320642 0.05762541 -0.005782365 0.007893145 0.057626 -0.005782365 0.007893145 0.057626 -0.005782365 0.007893145 0.057626 -0.005020141 0.008401155 0.05762565 -0.005020141 0.008401155 0.05762565 -0.005020141 0.008401155 0.05762565 -0.004216551 0.008840739 0.05762428 -0.004216551 0.008840739 0.05762428 -0.004216551 0.008840739 0.05762428 -0.003377616 0.009208679 0.05762189 -0.003377616 0.009208679 0.05762189 -0.003377616 0.009208679 0.05762189 -0.003377616 0.009208679 0.05762189 -0.002509891 0.009502053 0.05761861 -0.002509891 0.009502053 0.05761861 -0.002509891 0.009502053 0.05761861 -0.001619875 0.009718716 0.05761438 -0.001619875 0.009718716 0.05761438 -0.001619875 0.009718716 0.05761438 -7.14438e-4 0.009856998 0.0576092 -7.14438e-4 0.009856998 0.0576092 -7.14438e-4 0.009856998 0.0576092 -7.14438e-4 0.009856998 0.0576092 1.99659e-4 0.009915828 0.05760324 1.99659e-4 0.009915828 0.05760324 1.99659e-4 0.009915828 0.05760324 1.99659e-4 0.009915828 0.05760324 0.01271754 -0.02394199 0.004166305 0.01271754 -0.02394199 0.004166305 0.01271754 -0.02394199 0.004166305 0.01271754 -0.02394199 0.004166305 0.01271754 -0.02394199 0.004166305 -0.002990245 0.01172012 0.05264413 -0.002990245 0.01172012 0.05264413 -0.002990245 0.01172012 0.05264413 0.005348742 0.01116371 0.05257821 0.005348742 0.01116371 0.05257821 0.005348742 0.01116371 0.05257821 0.005348742 0.01116371 0.05257821 0.005348742 0.01116371 0.05257821 7.79337e-4 0.005455553 0.05255353 7.79337e-4 0.005455553 0.05255353 7.79337e-4 0.005455553 0.05255353 6.79372e-4 0.00395894 0.05253911 6.79372e-4 0.00395894 0.05253911 6.79372e-4 0.00395894 0.05253911 6.79372e-4 0.00395894 0.05253911 6.79372e-4 0.00395894 0.05253911 6.79372e-4 0.00395894 0.05253911 5.23373e-4 0.005506753 0.05255591 5.23373e-4 0.005506753 0.05255591 5.23373e-4 0.005506753 0.05255591 5.23373e-4 0.005506753 0.05255591 0.001039803 0.005472302 0.0525518 0.001039803 0.005472302 0.0525518 0.001039803 0.005472302 0.0525518 0.001039803 0.005472302 0.0525518 0.001039803 0.005472302 0.0525518 -0.001605689 0.003507196 0.05255109 -0.001605689 0.003507196 0.05255109 -0.001605689 0.003507196 0.05255109 -0.002115845 0.003213524 0.0525518 -0.002115845 0.003213524 0.0525518 -0.002115845 0.003213524 0.0525518 -0.002115845 0.003213524 0.0525518 -0.002115845 0.003213524 0.0525518 -0.002115845 0.003213524 0.0525518 -1.00524e-4 0.006775796 0.05257326 -1.00524e-4 0.006775796 0.05257326 -1.00524e-4 0.006775796 0.05257326 -1.00524e-4 0.006775796 0.05257326 0.001262843 0.003881454 0.05253416 0.001262843 0.003881454 0.05253416 0.001262843 0.003881454 0.05253416 0.001504361 0.005700707 0.05255079 0.001504361 0.005700707 0.05255079 0.001504361 0.005700707 0.05255079 0.004870057 -2.41791e-4 0.05246639 0.004870057 -2.41791e-4 0.05246639 0.004870057 -2.41791e-4 0.05246639 0.004870057 -2.41791e-4 0.05246639 0.006532907 -4.40308e-4 0.05245232 0.006532907 -4.40308e-4 0.05245232 0.006532907 -4.40308e-4 0.05245232 0.006532907 -4.40308e-4 0.05245232 0.006417155 -6.74301e-4 0.05245077 0.006417155 -6.74301e-4 0.05245077 0.006417155 -6.74301e-4 0.05245077 0.006417155 -6.74301e-4 0.05245077 0.001287102 0.005555927 0.05255091 0.001287102 0.005555927 0.05255091 0.001287102 0.005555927 0.05255091 0.001287102 0.005555927 0.05255091 -0.005946397 -8.17375e-4 0.05253875 -0.005946397 -8.17375e-4 0.05253875 -0.005946397 -8.17375e-4 0.05253875 -0.005774021 -6.21323e-4 0.05253946 -0.005774021 -6.21323e-4 0.05253946 -0.005774021 -6.21323e-4 0.05253946 -0.004111111 -8.19832e-4 0.05252546 -0.004111111 -8.19832e-4 0.05252546 -0.004111111 -8.19832e-4 0.05252546 2.89393e-4 0.005622506 0.05255877 2.89393e-4 0.005622506 0.05255877 2.89393e-4 0.005622506 0.05255877 2.89393e-4 0.005622506 0.05255877 -2.042e-5 -0.006517171 0.05243825 -2.042e-5 -0.006517171 0.05243825 -2.042e-5 -0.006517171 0.05243825 -2.042e-5 -0.006517171 0.05243825 -2.042e-5 -0.006517171 0.05243825 -0.002125203 -0.004269301 0.05247622 -0.002125203 -0.004269301 0.05247622 -0.002125203 -0.004269301 0.05247622 -0.002125203 -0.004269301 0.05247622 -0.001615822 -0.004564166 0.05246955 -0.001615822 -0.004564166 0.05246955 -0.001615822 -0.004564166 0.05246955 -0.001615822 -0.004564166 0.05246955 -0.001072287 -0.004790067 0.05246335 -0.001072287 -0.004790067 0.05246335 -0.001072287 -0.004790067 0.05246335 -0.001072287 -0.004790067 0.05246335 -5.03929e-4 -0.004943072 0.05245769 -5.03929e-4 -0.004943072 0.05245769 -5.03929e-4 -0.004943072 0.05245769 7.95444e-5 -0.005020558 0.05245268 7.95444e-5 -0.005020558 0.05245268 7.95444e-5 -0.005020558 0.05245268 6.68153e-4 -0.005021274 0.05244839 6.68153e-4 -0.005021274 0.05244839 6.68153e-4 -0.005021274 0.05244839 0.001251816 -0.004945099 0.05244499 0.001251816 -0.004945099 0.05244499 0.001251816 -0.004945099 0.05244499 0.001820564 -0.004793465 0.05244237 0.001820564 -0.004793465 0.05244237 0.001820564 -0.004793465 0.05244237 0.002364635 -0.004568815 0.0524407 0.002364635 -0.004568815 0.0524407 0.002364635 -0.004568815 0.0524407 0.002364635 -0.004568815 0.0524407 0.007951855 0.01022201 0.05254989 0.007951855 0.01022201 0.05254989 0.007951855 0.01022201 0.05254989 0.007951855 0.01022201 0.05254989 0.007951855 0.01022201 0.05254989 0.004793941 3.41858e-4 0.05247282 0.004793941 3.41858e-4 0.05247282 0.004793941 3.41858e-4 0.05247282 0.004793941 3.41858e-4 0.05247282 0.004793941 3.41858e-4 0.05247282 0.004642307 9.10576e-4 0.05247968 0.004642307 9.10576e-4 0.05247968 0.004642307 9.10576e-4 0.05247968 0.004642307 9.10576e-4 0.05247968 0.004417717 0.001454591 0.05248677 0.004417717 0.001454591 0.05248677 0.004417717 0.001454591 0.05248677 0.004417717 0.001454591 0.05248677 0.004124045 0.001964688 0.05249404 0.004124045 0.001964688 0.05249404 0.004124045 0.001964688 0.05249404 0.003766298 0.002432107 0.05250138 0.003766298 0.002432107 0.05250138 0.003766298 0.002432107 0.05250138 0.003350615 0.002848744 0.05250859 0.003350615 0.002848744 0.05250859 0.003350615 0.002848744 0.05250859 0.003350615 0.002848744 0.05250859 0.002884089 0.003207623 0.05251562 0.002884089 0.003207623 0.05251562 0.002884089 0.003207623 0.05251562 0.002374708 0.003502547 0.05252224 0.002374708 0.003502547 0.05252224 0.002374708 0.003502547 0.05252224 0.001831173 0.003728449 0.0525285 0.001831173 0.003728449 0.0525285 0.001831173 0.003728449 0.0525285 0.00184369 0.006386697 0.05255526 0.00184369 0.006386697 0.05255526 0.00184369 0.006386697 0.05255526 0.001826941 0.006647229 0.052558 0.001826941 0.006647229 0.052558 0.001826941 0.006647229 0.052558 0.001743376 0.006894469 0.0525611 0.001743376 0.006894469 0.0525611 0.001743376 0.006894469 0.0525611 0.001598596 0.007111728 0.05256438 0.001598596 0.007111728 0.05256438 0.001598596 0.007111728 0.05256438 0.001402556 0.007284045 0.05256754 0.001402556 0.007284045 0.05256754 0.001402556 0.007284045 0.05256754 0.001168549 0.007399797 0.0525704 0.001168549 0.007399797 0.0525704 0.001168549 0.007399797 0.0525704 9.1263e-4 0.007450997 0.05257278 9.1263e-4 0.007450997 0.05257278 9.1263e-4 0.007450997 0.05257278 0.00590521 0.0110951 0.0525735 0.00590521 0.0110951 0.0525735 0.00590521 0.0110951 0.0525735 0.00590521 0.0110951 0.0525735 0.00590521 0.0110951 0.0525735 0.006450474 0.01096457 0.05256825 0.006450474 0.01096457 0.05256825 0.006450474 0.01096457 0.05256825 0.006450474 0.01096457 0.05256825 0.006450474 0.01096457 0.05256825 0.006977736 0.01077383 0.05256253 0.006977736 0.01077383 0.05256253 0.006977736 0.01077383 0.05256253 0.006977736 0.01077383 0.05256253 0.006977736 0.01077383 0.05256253 0.007480263 0.01052528 0.05255633 0.007480263 0.01052528 0.05255633 0.007480263 0.01052528 0.05255633 6.52128e-4 0.007434248 0.05257445 6.52128e-4 0.007434248 0.05257445 6.52128e-4 0.007434248 0.05257445 6.52128e-4 0.007434248 0.05257445 4.04826e-4 0.007350623 0.0525754 4.04826e-4 0.007350623 0.0525754 4.04826e-4 0.007350623 0.0525754 4.04826e-4 0.007350623 0.0525754 1.87593e-4 0.007205843 0.05257552 1.87593e-4 0.007205843 0.05257552 1.87593e-4 0.007205843 0.05257552 1.87593e-4 0.007205843 0.05257552 1.52389e-5 0.007009804 0.05257475 1.52389e-5 0.007009804 0.05257475 1.52389e-5 0.007009804 0.05257475 1.52389e-5 0.007009804 0.05257475 1.52389e-5 0.007009804 0.05257475 1.52389e-5 0.007009804 0.05257475 1.52389e-5 0.007009804 0.05257475 -0.002583265 0.002855718 0.05255156 -0.002583265 0.002855718 0.05255156 -0.002583265 0.002855718 0.05255156 -0.00300002 0.002440035 0.05255037 -0.00300002 0.002440035 0.05255037 -0.00300002 0.002440035 0.05255037 -0.00300002 0.002440035 0.05255037 -0.0033589 0.001973509 0.05254822 -0.0033589 0.001973509 0.05254822 -0.0033589 0.001973509 0.05254822 -0.0033589 0.001973509 0.05254822 -0.003653883 0.001464068 0.05254524 -0.003653883 0.001464068 0.05254524 -0.003653883 0.001464068 0.05254524 -0.003653883 0.001464068 0.05254524 -0.003653883 0.001464068 0.05254524 -0.003879785 9.20593e-4 0.05254137 -0.003879785 9.20593e-4 0.05254137 -0.003879785 9.20593e-4 0.05254137 -0.003879785 9.20593e-4 0.05254137 -0.003879785 9.20593e-4 0.05254137 -0.005695521 0.01113259 0.05265772 -0.005695521 0.01113259 0.05265772 -0.005695521 0.01113259 0.05265772 -0.005695521 0.01113259 0.05265772 -0.005187809 0.01137053 0.05265647 -0.005187809 0.01137053 0.05265647 -0.005187809 0.01137053 0.05265647 -0.004656672 0.01155012 0.05265444 -0.004656672 0.01155012 0.05265444 -0.004656672 0.01155012 0.05265444 -0.004108726 0.01166909 0.0526517 -0.004108726 0.01166909 0.0526517 -0.004108726 0.01166909 0.0526517 -0.003550946 0.01172602 0.05264824 -0.003550946 0.01172602 0.05264824 -0.003550946 0.01172602 0.05264824 -8.39728e-4 -0.008173346 0.05242747 -8.39728e-4 -0.008173346 0.05242747 -8.39728e-4 -0.008173346 0.05242747 -8.39728e-4 -0.008173346 0.05242747 -8.39728e-4 -0.008173346 0.05242747 -8.39728e-4 -0.008173346 0.05242747 -8.39728e-4 -0.008173346 0.05242747 -6.43677e-4 -0.008345663 0.05242425 -6.43677e-4 -0.008345663 0.05242425 -6.43677e-4 -0.008345663 0.05242425 -6.43677e-4 -0.008345663 0.05242425 -4.09698e-4 -0.008461415 0.05242145 -4.09698e-4 -0.008461415 0.05242145 -4.09698e-4 -0.008461415 0.05242145 -4.09698e-4 -0.008461415 0.05242145 -1.53713e-4 -0.008512616 0.05241906 -1.53713e-4 -0.008512616 0.05241906 -1.53713e-4 -0.008512616 0.05241906 1.06789e-4 -0.008495867 0.05241733 1.06789e-4 -0.008495867 0.05241733 1.06789e-4 -0.008495867 0.05241733 3.54091e-4 -0.008412241 0.05241638 3.54091e-4 -0.008412241 0.05241638 3.54091e-4 -0.008412241 0.05241638 5.71323e-4 -0.008267462 0.05241626 5.71323e-4 -0.008267462 0.05241626 5.71323e-4 -0.008267462 0.05241626 5.71323e-4 -0.008267462 0.05241626 0.007297039 -0.00199455 0.0524311 0.007297039 -0.00199455 0.0524311 0.007297039 -0.00199455 0.0524311 0.007297039 -0.00199455 0.0524311 0.007297039 -0.00199455 0.0524311 0.007297039 -0.00199455 0.0524311 0.007297039 -0.00199455 0.0524311 0.00755757 -0.001977741 0.05242937 0.00755757 -0.001977741 0.05242937 0.00755757 -0.001977741 0.05242937 0.00755757 -0.001977741 0.05242937 0.00780487 -0.001894176 0.05242842 0.00780487 -0.001894176 0.05242842 0.00780487 -0.001894176 0.05242842 0.00780487 -0.001894176 0.05242842 0.008022069 -0.001749396 0.05242836 0.008022069 -0.001749396 0.05242836 0.008022069 -0.001749396 0.05242836 0.008022069 -0.001749396 0.05242836 -0.007357418 -7.23229e-4 0.05254989 -0.007357418 -7.23229e-4 0.05254989 -0.007357418 -7.23229e-4 0.05254989 -0.007357418 -7.23229e-4 0.05254989 -0.007161378 -8.95577e-4 0.05254673 -0.007161378 -8.95577e-4 0.05254673 -0.007161378 -8.95577e-4 0.05254673 -0.007161378 -8.95577e-4 0.05254673 -0.006927371 -0.001011252 0.05254387 -0.006927371 -0.001011252 0.05254387 -0.006927371 -0.001011252 0.05254387 -0.006927371 -0.001011252 0.05254387 -0.006671428 -0.001062512 0.05254149 -0.006671428 -0.001062512 0.05254149 -0.006671428 -0.001062512 0.05254149 -0.006671428 -0.001062512 0.05254149 -0.006671428 -0.001062512 0.05254149 -0.006671428 -0.001062512 0.05254149 -0.006671428 -0.001062512 0.05254149 0.001676738 0.005896747 0.0525515 0.001676738 0.005896747 0.0525515 0.001676738 0.005896747 0.0525515 0.00179249 0.006130754 0.05255305 0.00179249 0.006130754 0.05255305 0.00179249 0.006130754 0.05255305 0.00179249 0.006130754 0.05255305 0.008194446 -0.001553356 0.05242908 0.008194446 -0.001553356 0.05242908 0.008194446 -0.001553356 0.05242908 0.008194446 -0.001553356 0.05242908 0.008310198 -0.001319348 0.05243062 0.008310198 -0.001319348 0.05243062 0.008310198 -0.001319348 0.05243062 0.008310198 -0.001319348 0.05243062 0.008361399 -0.001063346 0.05243283 0.008361399 -0.001063346 0.05243283 0.008361399 -0.001063346 0.05243283 0.008361399 -0.001063346 0.05243283 0.008344709 -8.02903e-4 0.05243557 0.008344709 -8.02903e-4 0.05243557 0.008344709 -8.02903e-4 0.05243557 0.008261084 -5.55611e-4 0.05243867 0.008261084 -5.55611e-4 0.05243867 0.008261084 -5.55611e-4 0.05243867 0.008116304 -3.38394e-4 0.05244189 0.008116304 -3.38394e-4 0.05244189 0.008116304 -3.38394e-4 0.05244189 0.008116304 -3.38394e-4 0.05244189 0.007920265 -1.66062e-4 0.05244505 0.007920265 -1.66062e-4 0.05244505 0.007920265 -1.66062e-4 0.05244505 0.007920265 -1.66062e-4 0.05244505 0.007686316 -5.03237e-5 0.05244797 0.007686316 -5.03237e-5 0.05244797 0.007686316 -5.03237e-5 0.05244797 0.007686316 -5.03237e-5 0.05244797 0.007430315 9.07719e-7 0.05245029 0.007430315 9.07719e-7 0.05245029 0.007430315 9.07719e-7 0.05245029 0.007430315 9.07719e-7 0.05245029 0.007430315 9.07719e-7 0.05245029 7.43678e-4 -0.008071422 0.05241703 7.43678e-4 -0.008071422 0.05241703 7.43678e-4 -0.008071422 0.05241703 7.43678e-4 -0.008071422 0.05241703 7.43678e-4 -0.008071422 0.05241703 8.5942e-4 -0.007837414 0.05241852 8.5942e-4 -0.007837414 0.05241852 8.5942e-4 -0.007837414 0.05241852 8.5942e-4 -0.007837414 0.05241852 9.1067e-4 -0.007581472 0.05242079 9.1067e-4 -0.007581472 0.05242079 9.1067e-4 -0.007581472 0.05242079 8.93924e-4 -0.007321 0.05242353 8.93924e-4 -0.007321 0.05242353 8.93924e-4 -0.007321 0.05242353 8.10335e-4 -0.0070737 0.05242663 8.10335e-4 -0.0070737 0.05242663 8.10335e-4 -0.0070737 0.05242663 8.10335e-4 -0.0070737 0.05242663 6.65575e-4 -0.006856501 0.05242985 6.65575e-4 -0.006856501 0.05242985 6.65575e-4 -0.006856501 0.05242985 6.65575e-4 -0.006856501 0.05242985 4.69523e-4 -0.006684124 0.05243301 4.69523e-4 -0.006684124 0.05243301 4.69523e-4 -0.006684124 0.05243301 2.35544e-4 -0.006568372 0.05243587 2.35544e-4 -0.006568372 0.05243587 2.35544e-4 -0.006568372 0.05243587 0.002874791 -0.004275143 0.05243998 0.002874791 -0.004275143 0.05243998 0.002874791 -0.004275143 0.05243998 0.002874791 -0.004275143 0.05243998 0.002874791 -0.004275143 0.05243998 0.003342211 -0.003917396 0.05244022 0.003342211 -0.003917396 0.05244022 0.003342211 -0.003917396 0.05244022 0.003758907 -0.003501653 0.05244141 0.003758907 -0.003501653 0.05244141 0.003758907 -0.003501653 0.05244141 0.003758907 -0.003501653 0.05244141 0.004117786 -0.003035128 0.05244356 0.004117786 -0.003035128 0.05244356 0.004117786 -0.003035128 0.05244356 0.00441277 -0.002525746 0.0524466 0.00441277 -0.002525746 0.0524466 0.00441277 -0.002525746 0.0524466 0.004638671 -0.001982212 0.05245041 0.004638671 -0.001982212 0.05245041 0.004638671 -0.001982212 0.05245041 0.004638671 -0.001982212 0.05245041 0.004638671 -0.001982212 0.05245041 0.007041096 -0.00194329 0.05243349 0.007041096 -0.00194329 0.05243349 0.007041096 -0.00194329 0.05243349 0.007169842 -1.58693e-5 0.05245202 0.007169842 -1.58693e-5 0.05245202 0.007169842 -1.58693e-5 0.05245202 0.007169842 -1.58693e-5 0.05245202 0.006922543 -9.94799e-5 0.05245298 0.006922543 -9.94799e-5 0.05245298 0.006922543 -9.94799e-5 0.05245298 0.006922543 -9.94799e-5 0.05245298 0.006705284 -2.44255e-4 0.0524531 0.006705284 -2.44255e-4 0.0524531 0.006705284 -2.44255e-4 0.0524531 0.006705284 -2.44255e-4 0.0524531 -0.006410896 -0.001045763 0.05253976 -0.006410896 -0.001045763 0.05253976 -0.006410896 -0.001045763 0.05253976 -0.006410896 -0.001045763 0.05253976 -0.004034996 -0.00140345 0.05251896 -0.004034996 -0.00140345 0.05251896 -0.004034996 -0.00140345 0.05251896 -0.004034996 -0.00140345 0.05251896 -0.003883361 -0.001972198 0.05251216 -0.003883361 -0.001972198 0.05251216 -0.003883361 -0.001972198 0.05251216 -0.003658831 -0.002516269 0.05250501 -0.003658831 -0.002516269 0.05250501 -0.003658831 -0.002516269 0.05250501 -0.003658831 -0.002516269 0.05250501 -0.003365159 -0.003026306 0.05249774 -0.003365159 -0.003026306 0.05249774 -0.003365159 -0.003026306 0.05249774 -0.003007411 -0.003493726 0.05249041 -0.003007411 -0.003493726 0.05249041 -0.003007411 -0.003493726 0.05249041 -0.003007411 -0.003493726 0.05249041 -0.002591729 -0.003910422 0.0524832 -0.002591729 -0.003910422 0.0524832 -0.002591729 -0.003910422 0.0524832 -0.002591729 -0.003910422 0.0524832 -2.80942e-4 -0.00653392 0.05243998 -2.80942e-4 -0.00653392 0.05243998 -2.80942e-4 -0.00653392 0.05243998 -2.80942e-4 -0.00653392 0.05243998 -2.80942e-4 -0.00653392 0.05243998 -5.28224e-4 -0.006617546 0.05244094 -5.28224e-4 -0.006617546 0.05244094 -5.28224e-4 -0.006617546 0.05244094 -5.28224e-4 -0.006617546 0.05244094 -7.45456e-4 -0.006762325 0.05244106 -7.45456e-4 -0.006762325 0.05244106 -7.45456e-4 -0.006762325 0.05244106 -7.45456e-4 -0.006762325 0.05244106 -9.17831e-4 -0.006958365 0.05244028 -9.17831e-4 -0.006958365 0.05244028 -9.17831e-4 -0.006958365 0.05244028 -0.001033544 -0.007192373 0.05243873 -0.001033544 -0.007192373 0.05243873 -0.001033544 -0.007192373 0.05243873 -0.001033544 -0.007192373 0.05243873 -0.001084804 -0.007448315 0.05243653 -0.001084804 -0.007448315 0.05243653 -0.001084804 -0.007448315 0.05243653 -0.001084804 -0.007448315 0.05243653 -0.001068055 -0.007708847 0.05243378 -0.001068055 -0.007708847 0.05243378 -0.001068055 -0.007708847 0.05243378 -0.001068055 -0.007708847 0.05243378 -9.84467e-4 -0.007956087 0.05243068 -9.84467e-4 -0.007956087 0.05243068 -9.84467e-4 -0.007956087 0.05243068 -9.84467e-4 -0.007956087 0.05243068 -0.00403285 3.52249e-4 0.05253672 -0.00403285 3.52249e-4 0.05253672 -0.00403285 3.52249e-4 0.05253672 -0.005707383 3.76411e-4 0.05254906 -0.005707383 3.76411e-4 0.05254906 -0.005707383 3.76411e-4 0.05254906 -0.005852103 5.93628e-4 0.05255234 -0.005852103 5.93628e-4 0.05255234 -0.005852103 5.93628e-4 0.05255234 -0.006048202 7.65968e-4 0.0525555 -0.006048202 7.65968e-4 0.0525555 -0.006048202 7.65968e-4 0.0525555 -0.00628215 8.81699e-4 0.05255836 -0.00628215 8.81699e-4 0.05255836 -0.00628215 8.81699e-4 0.05255836 -0.00628215 8.81699e-4 0.05255836 -0.00628215 8.81699e-4 0.05255836 -0.006538152 9.3293e-4 0.05256068 -0.006538152 9.3293e-4 0.05256068 -0.006538152 9.3293e-4 0.05256068 -0.006538152 9.3293e-4 0.05256068 -0.006798624 9.16161e-4 0.05256241 -0.006798624 9.16161e-4 0.05256241 -0.006798624 9.16161e-4 0.05256241 -0.006798624 9.16161e-4 0.05256241 -0.007045924 8.3255e-4 0.05256336 -0.007045924 8.3255e-4 0.05256336 -0.007045924 8.3255e-4 0.05256336 -0.007045924 8.3255e-4 0.05256336 -0.007045924 8.3255e-4 0.05256336 -0.007263183 6.87767e-4 0.05256348 -0.007263183 6.87767e-4 0.05256348 -0.007263183 6.87767e-4 0.05256348 -0.007263183 6.87767e-4 0.05256348 -0.0074355 4.91714e-4 0.05256271 -0.0074355 4.91714e-4 0.05256271 -0.0074355 4.91714e-4 0.05256271 -0.007551252 2.57728e-4 0.05256122 -0.007551252 2.57728e-4 0.05256122 -0.007551252 2.57728e-4 0.05256122 -0.007602512 1.76984e-6 0.05255895 -0.007602512 1.76984e-6 0.05255895 -0.007602512 1.76984e-6 0.05255895 -0.007602512 1.76984e-6 0.05255895 -0.007585763 -2.58728e-4 0.05255621 -0.007585763 -2.58728e-4 0.05255621 -0.007585763 -2.58728e-4 0.05255621 -0.007585763 -2.58728e-4 0.05255621 -0.007502198 -5.06012e-4 0.05255311 -0.007502198 -5.06012e-4 0.05255311 -0.007502198 -5.06012e-4 0.05255311 -0.006615459 0.01049435 0.05265796 -0.006615459 0.01049435 0.05265796 -0.006615459 0.01049435 0.05265796 -0.006173431 0.01083928 0.05265825 -0.006173431 0.01083928 0.05265825 -0.006173431 0.01083928 0.05265825 -0.006173431 0.01083928 0.05265825 -0.001061618 0.003731846 0.05254942 -0.001061618 0.003731846 0.05254942 -0.001061618 0.003731846 0.05254942 -1.51754e-4 0.006519854 0.05257105 -1.51754e-4 0.006519854 0.05257105 -1.51754e-4 0.006519854 0.05257105 -1.51754e-4 0.006519854 0.05257105 -4.92915e-4 0.003883481 0.05254685 -4.92915e-4 0.003883481 0.05254685 -4.92915e-4 0.003883481 0.05254685 -4.92915e-4 0.003883481 0.05254685 -1.35007e-4 0.006259322 0.05256825 -1.35007e-4 0.006259322 0.05256825 -1.35007e-4 0.006259322 0.05256825 -1.35007e-4 0.006259322 0.05256825 9.07639e-5 0.003959655 0.0525434 9.07639e-5 0.003959655 0.0525434 9.07639e-5 0.003959655 0.0525434 9.07639e-5 0.003959655 0.0525434 -5.14179e-5 0.006012082 0.05256515 -5.14179e-5 0.006012082 0.05256515 -5.14179e-5 0.006012082 0.05256515 -5.14179e-5 0.006012082 0.05256515 -5.14179e-5 0.006012082 0.05256515 9.33419e-5 0.005794823 0.05256193 9.33419e-5 0.005794823 0.05256193 9.33419e-5 0.005794823 0.05256193 9.33419e-5 0.005794823 0.05256193 9.33419e-5 0.005794823 0.05256193 0.008386492 0.009867846 0.05254316 0.008386492 0.009867846 0.05254316 0.008386492 0.009867846 0.05254316 0.008386492 0.009867846 0.05254316 0.008778691 0.009467184 0.0525363 0.008778691 0.009467184 0.0525363 0.008778691 0.009467184 0.0525363 0.006807088 -0.001827597 0.05243635 0.006807088 -0.001827597 0.05243635 0.006807088 -0.001827597 0.05243635 0.006807088 -0.001827597 0.05243635 0.004791736 -0.001413822 0.05245506 0.004791736 -0.001413822 0.05245506 0.004791736 -0.001413822 0.05245506 0.006611049 -0.00165522 0.05243951 0.006611049 -0.00165522 0.05243951 0.006611049 -0.00165522 0.05243951 0.004869282 -8.30399e-4 0.05246043 0.004869282 -8.30399e-4 0.05246043 0.004869282 -8.30399e-4 0.05246043 0.006382703 -0.001190721 0.05244582 0.006382703 -0.001190721 0.05244582 0.006382703 -0.001190721 0.05244582 0.006466269 -0.001438021 0.05244272 0.006466269 -0.001438021 0.05244272 0.006466269 -0.001438021 0.05244272 0.006365954 -9.30252e-4 0.05244857 0.006365954 -9.30252e-4 0.05244857 0.006365954 -9.30252e-4 0.05244857 0.006365954 -9.30252e-4 0.05244857 -0.006163597 -9.62151e-4 0.05253881 -0.006163597 -9.62151e-4 0.05253881 -0.006163597 -9.62151e-4 0.05253881 -0.004110395 -2.31232e-4 0.05253136 -0.004110395 -2.31232e-4 0.05253136 -0.004110395 -2.31232e-4 0.05253136 -0.005658268 -3.87337e-4 0.05254101 -0.005658268 -3.87337e-4 0.05254101 -0.005658268 -3.87337e-4 0.05254101 -0.005658268 -3.87337e-4 0.05254101 -0.005607008 -1.31378e-4 0.05254322 -0.005607008 -1.31378e-4 0.05254322 -0.005607008 -1.31378e-4 0.05254322 -0.005623757 1.2912e-4 0.05254596 -0.005623757 1.2912e-4 0.05254596 -0.005623757 1.2912e-4 0.05254596 0.01189661 -0.02907276 0.007017016 0.01189661 -0.02907276 0.007017016 0.01189661 -0.02907276 0.007017016 0.01189661 -0.02907276 0.007017016 0.01189661 -0.02907276 0.007017016 0.01189661 -0.02907276 0.007017016 0.01188504 -0.02923351 0.006907105 0.01188504 -0.02923351 0.006907105 0.01188504 -0.02923351 0.006907105 0.01188504 -0.02923351 0.006907105 0.01188504 -0.02923351 0.006907105 0.01190501 -0.02896624 0.007180273 0.01190501 -0.02896624 0.007180273 0.01190501 -0.02896624 0.007180273 0.01190501 -0.02896624 0.007180273 0.01190501 -0.02896624 0.007180273 0.01190894 -0.02893018 0.007371962 0.01190894 -0.02893018 0.007371962 0.01190894 -0.02893018 0.007371962 0.01190894 -0.02893018 0.007371962 0.01190894 -0.02893018 0.007371962 0.01190894 -0.02893018 0.007371962 0.01265996 -0.02986168 0.04686015 0.01265996 -0.02986168 0.04686015 0.01265996 -0.02986168 0.04686015 0.01265996 -0.02986168 0.04686015 0.01265996 -0.02986168 0.04686015 0.01265996 -0.02986168 0.04686015 0.01265996 -0.02986168 0.04686015 0.01237446 -0.02946233 0.0073632 0.01237446 -0.02946233 0.0073632 0.01237446 -0.02946233 0.0073632 0.01237446 -0.02946233 0.0073632 0.01237446 -0.02946233 0.0073632 0.01237446 -0.02946233 0.0073632 0.01237446 -0.02946233 0.0073632 0.01237446 -0.02946233 0.0073632 0.01237446 -0.02946233 0.0073632 0.01203292 -0.03590846 0.01857 0.01203292 -0.03590846 0.01857 0.01203292 -0.03590846 0.01857 0.01203292 -0.03590846 0.01857 0.01203292 -0.03590846 0.01857 0.01201879 -0.03617399 0.01902043 0.01201879 -0.03617399 0.01902043 0.01201879 -0.03617399 0.01902043 0.01201879 -0.03617399 0.01902043 0.01200002 -0.03650355 0.01942628 0.01200002 -0.03650355 0.01942628 0.01200002 -0.03650355 0.01942628 0.01200002 -0.03650355 0.01942628 0.01197701 -0.03688979 0.01977837 0.01197701 -0.03688979 0.01977837 0.01197701 -0.03688979 0.01977837 0.01197701 -0.03688979 0.01977837 0.01195037 -0.03732395 0.02006888 0.01195037 -0.03732395 0.02006888 0.01195037 -0.03732395 0.02006888 0.01195037 -0.03732395 0.02006888 0.01192057 -0.03779649 0.02029132 0.01192057 -0.03779649 0.02029132 0.01192057 -0.03779649 0.02029132 0.01192057 -0.03779649 0.02029132 0.01192057 -0.03779649 0.02029132 0.01188838 -0.03829681 0.02044069 0.01188838 -0.03829681 0.02044069 0.01188838 -0.03829681 0.02044069 0.01188838 -0.03829681 0.02044069 0.01185446 -0.03881371 0.02051365 0.01185446 -0.03881371 0.02051365 0.01185446 -0.03881371 0.02051365 0.01185446 -0.03881371 0.02051365 0.0118196 -0.0393356 0.02050864 0.0118196 -0.0393356 0.02050864 0.0118196 -0.0393356 0.02050864 0.01176917 -0.03926503 0.01352876 0.01176917 -0.03926503 0.01352876 0.01176917 -0.03926503 0.01352876 0.01176917 -0.03926503 0.01352876 0.01180398 -0.03874313 0.01353377 0.01180398 -0.03874313 0.01353377 0.01180398 -0.03874313 0.01353377 0.01183903 -0.03822779 0.01361668 0.01183903 -0.03822779 0.01361668 0.01183903 -0.03822779 0.01361668 0.01187348 -0.03773063 0.0137757 0.01187348 -0.03773063 0.0137757 0.01187348 -0.03773063 0.0137757 0.01187348 -0.03773063 0.0137757 0.0119065 -0.03726267 0.01400715 0.0119065 -0.03726267 0.01400715 0.0119065 -0.03726267 0.01400715 0.0119065 -0.03726267 0.01400715 0.01193743 -0.03683441 0.01430594 0.01193743 -0.03683441 0.01430594 0.01193743 -0.03683441 0.01430594 0.01196557 -0.03645545 0.01466542 0.01196557 -0.03645545 0.01466542 0.01196557 -0.03645545 0.01466542 0.0119903 -0.03613412 0.01507753 0.0119903 -0.03613412 0.01507753 0.0119903 -0.03613412 0.01507753 0.01201099 -0.03587776 0.01553303 0.01201099 -0.03587776 0.01553303 0.01201099 -0.03587776 0.01553303 0.01202726 -0.03569203 0.01602178 0.01202726 -0.03569203 0.01602178 0.01202726 -0.03569203 0.01602178 0.01202726 -0.03569203 0.01602178 0.01202726 -0.03569203 0.01602178 0.0120387 -0.03558105 0.01653283 0.0120387 -0.03558105 0.01653283 0.0120387 -0.03558105 0.01653283 0.0120387 -0.03558105 0.01653283 0.01204508 -0.03554731 0.01705485 0.01204508 -0.03554731 0.01705485 0.01204508 -0.03554731 0.01705485 0.01204508 -0.03554731 0.01705485 0.01204508 -0.03554731 0.01705485 0.01204621 -0.03559154 0.01757603 0.01204621 -0.03559154 0.01757603 0.01204621 -0.03559154 0.01757603 0.01204216 -0.03571283 0.01808488 0.01204216 -0.03571283 0.01808488 0.01204216 -0.03571283 0.01808488 0.01204216 -0.03571283 0.01808488 0.01204216 -0.03571283 0.01808488 0.01163333 -0.04194456 0.01896488 0.01163333 -0.04194456 0.01896488 0.01163333 -0.04194456 0.01896488 0.01163333 -0.04194456 0.01896488 0.01161259 -0.04220092 0.01850938 0.01161259 -0.04220092 0.01850938 0.01161259 -0.04220092 0.01850938 0.01161259 -0.04220092 0.01850938 0.01159638 -0.04238671 0.01802062 0.01159638 -0.04238671 0.01802062 0.01159638 -0.04238671 0.01802062 0.01159638 -0.04238671 0.01802062 0.01159638 -0.04238671 0.01802062 0.01158493 -0.04249769 0.01750957 0.01158493 -0.04249769 0.01750957 0.01158493 -0.04249769 0.01750957 0.01158493 -0.04249769 0.01750957 0.01157855 -0.04253143 0.01698756 0.01157855 -0.04253143 0.01698756 0.01157855 -0.04253143 0.01698756 0.01157855 -0.04253143 0.01698756 0.01157736 -0.04248714 0.01646637 0.01157736 -0.04248714 0.01646637 0.01157736 -0.04248714 0.01646637 0.01157736 -0.04248714 0.01646637 0.01158142 -0.04236584 0.01595753 0.01158142 -0.04236584 0.01595753 0.01158142 -0.04236584 0.01595753 0.01159065 -0.04217022 0.01547247 0.01159065 -0.04217022 0.01547247 0.01159065 -0.04217022 0.01547247 0.01159065 -0.04217022 0.01547247 0.01160484 -0.04190468 0.01502197 0.01160484 -0.04190468 0.01502197 0.01160484 -0.04190468 0.01502197 0.01162362 -0.04157513 0.01461613 0.01162362 -0.04157513 0.01461613 0.01162362 -0.04157513 0.01461613 0.01162362 -0.04157513 0.01461613 0.01164656 -0.04118895 0.01426404 0.01164656 -0.04118895 0.01426404 0.01164656 -0.04118895 0.01426404 0.01164656 -0.04118895 0.01426404 0.01167327 -0.04075473 0.01397353 0.01167327 -0.04075473 0.01397353 0.01167327 -0.04075473 0.01397353 0.01167327 -0.04075473 0.01397353 0.01170301 -0.04028218 0.01375108 0.01170301 -0.04028218 0.01375108 0.01170301 -0.04028218 0.01375108 0.01170301 -0.04028218 0.01375108 0.0117352 -0.03978192 0.01360172 0.0117352 -0.03978192 0.01360172 0.0117352 -0.03978192 0.01360172 0.0117352 -0.03978192 0.01360172 0.01178455 -0.03985089 0.02042573 0.01178455 -0.03985089 0.02042573 0.01178455 -0.03985089 0.02042573 0.01178455 -0.03985089 0.02042573 0.01175016 -0.04034805 0.02026671 0.01175016 -0.04034805 0.02026671 0.01175016 -0.04034805 0.02026671 0.01175016 -0.04034805 0.02026671 0.01171708 -0.040816 0.02003526 0.01171708 -0.040816 0.02003526 0.01171708 -0.040816 0.02003526 0.01171708 -0.040816 0.02003526 0.01168614 -0.04124426 0.01973646 0.01168614 -0.04124426 0.01973646 0.01168614 -0.04124426 0.01973646 0.01168614 -0.04124426 0.01973646 0.01165801 -0.04162329 0.01937699 0.01165801 -0.04162329 0.01937699 0.01165801 -0.04162329 0.01937699 0.01219439 -0.02932953 0.04686892 0.01219439 -0.02932953 0.04686892 0.01219439 -0.02932953 0.04686892 0.01219439 -0.02932953 0.04686892 0.01219439 -0.02932953 0.04686892 0.01219439 -0.02932953 0.04686892 0.01219439 -0.02932953 0.04686892 0.01219439 -0.02932953 0.04686892 0.01251643 -0.02985554 0.04721486 0.01251643 -0.02985554 0.04721486 0.01251643 -0.02985554 0.04721486 0.01251643 -0.02985554 0.04721486 0.01251643 -0.02985554 0.04721486 0.01251643 -0.02985554 0.04721486 0.01235532 -0.02984583 0.04732447 0.01235532 -0.02984583 0.04732447 0.01235532 -0.02984583 0.04732447 0.01235532 -0.02984583 0.04732447 0.01216471 -0.02983349 0.04736405 0.01216471 -0.02983349 0.04736405 0.01216471 -0.02983349 0.04736405 0.01216471 -0.02983349 0.04736405 0.01262336 -0.02986109 0.04705178 0.01262336 -0.02986109 0.04705178 0.01262336 -0.02986109 0.04705178 0.01262336 -0.02986109 0.04705178 0.0122258 -0.02944904 0.007010877 0.0122258 -0.02944904 0.007010877 0.0122258 -0.02944904 0.007010877 0.0122258 -0.02944904 0.007010877 0.0122258 -0.02944904 0.007010877 0.0122258 -0.02944904 0.007010877 0.01233512 -0.02945786 0.007172167 0.01233512 -0.02945786 0.007172167 0.01233512 -0.02945786 0.007172167 0.01233512 -0.02945786 0.007172167 0.01233512 -0.02945786 0.007172167 0.01206314 -0.02943712 0.006903767 0.01206314 -0.02943712 0.006903767 0.01206314 -0.02943712 0.006903767 0.01206314 -0.02943712 0.006903767 0.01206314 -0.02943712 0.006903767 0.01217716 -0.02964216 0.04732787 0.01217716 -0.02964216 0.04732787 0.01217716 -0.02964216 0.04732787 0.01217716 -0.02964216 0.04732787 0.01218724 -0.02947926 0.047221 0.01218724 -0.02947926 0.047221 0.01218724 -0.02947926 0.047221 0.01218724 -0.02947926 0.047221 0.01218724 -0.02947926 0.047221 0.01218724 -0.02947926 0.047221 0.01219326 -0.02936947 0.04705989 0.01219326 -0.02936947 0.04705989 0.01219326 -0.02936947 0.04705989 0.01219326 -0.02936947 0.04705989 0.01219326 -0.02936947 0.04705989 0.0123828 -0.02938026 0.04686701 0.0123828 -0.02938026 0.04686701 0.0123828 -0.02938026 0.04686701 0.0123828 -0.02938026 0.04686701 0.01236879 -0.02938002 0.04694038 0.01236879 -0.02938002 0.04694038 0.01236879 -0.02938002 0.04694038 0.01236879 -0.02938002 0.04694038 0.01232784 -0.02937793 0.04700273 0.01232784 -0.02937793 0.04700273 0.01232784 -0.02937793 0.04700273 0.01232784 -0.02937793 0.04700273 0.01232784 -0.02937793 0.04700273 0.01226621 -0.02937418 0.04704475 0.01226621 -0.02937418 0.04704475 0.01226621 -0.02937418 0.04704475 0.01226621 -0.02937418 0.04704475 0.01226621 -0.02937418 0.04704475 0.01253741 -0.02949923 0.04686468 0.01253741 -0.02949923 0.04686468 0.01253741 -0.02949923 0.04686468 0.01253741 -0.02949923 0.04686468 0.01251155 -0.02949881 0.04700022 0.01251155 -0.02949881 0.04700022 0.01251155 -0.02949881 0.04700022 0.01251155 -0.02949881 0.04700022 0.01251155 -0.02949881 0.04700022 0.01263475 -0.02966827 0.0468623 0.01263475 -0.02966827 0.0468623 0.01263475 -0.02966827 0.0468623 0.01263475 -0.02966827 0.0468623 0.01260095 -0.02966773 0.04703933 0.01260095 -0.02966773 0.04703933 0.01260095 -0.02966773 0.04703933 0.01260095 -0.02966773 0.04703933 0.01260095 -0.02966773 0.04703933 0.012322 -0.02948796 0.04719305 0.012322 -0.02948796 0.04719305 0.012322 -0.02948796 0.04719305 0.012322 -0.02948796 0.04719305 0.012322 -0.02948796 0.04719305 0.012322 -0.02948796 0.04719305 0.0123533 -0.0296536 0.04729127 0.0123533 -0.0296536 0.04729127 0.0123533 -0.0296536 0.04729127 0.0123533 -0.0296536 0.04729127 0.0123533 -0.0296536 0.04729127 0.0123533 -0.0296536 0.04729127 0.01243591 -0.02949488 0.0471155 0.01243591 -0.02949488 0.0471155 0.01243591 -0.02949488 0.0471155 0.01243591 -0.02949488 0.0471155 0.01243591 -0.02949488 0.0471155 0.01243591 -0.02949488 0.0471155 0.01250213 -0.02966254 0.04719001 0.01250213 -0.02966254 0.04719001 0.01250213 -0.02966254 0.04719001 0.01250213 -0.02966254 0.04719001 0.01250213 -0.02966254 0.04719001 0.01234924 -0.02926892 0.007365345 0.01234924 -0.02926892 0.007365345 0.01234924 -0.02926892 0.007365345 0.01234924 -0.02926892 0.007365345 0.01225191 -0.02909982 0.007367789 0.01225191 -0.02909982 0.007367789 0.01225191 -0.02909982 0.007367789 0.01225191 -0.02909982 0.007367789 0.01225191 -0.02909982 0.007367789 0.01209729 -0.02898091 0.007370114 0.01209729 -0.02898091 0.007370114 0.01209729 -0.02898091 0.007370114 0.01209729 -0.02898091 0.007370114 0.01209729 -0.02898091 0.007370114 0.01209729 -0.02898091 0.007370114 0.01234775 -0.02928268 0.007292032 0.01234775 -0.02928268 0.007292032 0.01234775 -0.02928268 0.007292032 0.01234775 -0.02928268 0.007292032 0.01234775 -0.02928268 0.007292032 0.01234453 -0.02932345 0.007229506 0.01234453 -0.02932345 0.007229506 0.01234453 -0.02932345 0.007229506 0.01234453 -0.02932345 0.007229506 0.01234453 -0.02932345 0.007229506 0.01234012 -0.02938497 0.007187485 0.01234012 -0.02938497 0.007187485 0.01234012 -0.02938497 0.007187485 0.01234012 -0.02938497 0.007187485 0.01224917 -0.02912533 0.007232248 0.01224917 -0.02912533 0.007232248 0.01224917 -0.02912533 0.007232248 0.01224917 -0.02912533 0.007232248 0.01224917 -0.02912533 0.007232248 0.01224917 -0.02912533 0.007232248 0.01209366 -0.02901417 0.007192969 0.01209366 -0.02901417 0.007192969 0.01209366 -0.02901417 0.007192969 0.01209366 -0.02901417 0.007192969 0.01209366 -0.02901417 0.007192969 0.01209366 -0.02901417 0.007192969 0.01223498 -0.02931427 0.00703907 0.01223498 -0.02931427 0.00703907 0.01223498 -0.02931427 0.00703907 0.01223498 -0.02931427 0.00703907 0.01223498 -0.02931427 0.00703907 0.01223498 -0.02931427 0.00703907 0.01207518 -0.02926111 0.006940603 0.01207518 -0.02926111 0.006940603 0.01207518 -0.02926111 0.006940603 0.01207518 -0.02926111 0.006940603 0.01207518 -0.02926111 0.006940603 0.01207518 -0.02926111 0.006940603 0.01224321 -0.02920061 0.007116794 0.01224321 -0.02920061 0.007116794 0.01224321 -0.02920061 0.007116794 0.01224321 -0.02920061 0.007116794 0.01224321 -0.02920061 0.007116794 0.01208591 -0.02911257 0.007042169 0.01208591 -0.02911257 0.007042169 0.01208591 -0.02911257 0.007042169 0.01208591 -0.02911257 0.007042169 0.01208591 -0.02911257 0.007042169 0.01301652 -0.03624057 0.01901257 0.01301652 -0.03624057 0.01901257 0.01301652 -0.03624057 0.01901257 0.01323837 -0.03293401 0.0191642 0.01323837 -0.03293401 0.0191642 0.01323837 -0.03293401 0.0191642 0.01323837 -0.03293401 0.0191642 0.01299774 -0.03657013 0.01941841 0.01299774 -0.03657013 0.01941841 0.01299774 -0.03657013 0.01941841 0.01299774 -0.03657013 0.01941841 0.01283681 -0.03829437 0.01360881 0.01283681 -0.03829437 0.01360881 0.01283681 -0.03829437 0.01360881 0.01283681 -0.03829437 0.01360881 0.01315921 -0.03347212 0.01369059 0.01315921 -0.03347212 0.01369059 0.01315921 -0.03347212 0.01369059 0.01315921 -0.03347212 0.01369059 0.01315921 -0.03347212 0.01369059 0.0128712 -0.03779721 0.01376777 0.0128712 -0.03779721 0.01376777 0.0128712 -0.03779721 0.01376777 0.0128712 -0.03779721 0.01376777 0.01241099 -0.04532015 0.01904493 0.01241099 -0.04532015 0.01904493 0.01241099 -0.04532015 0.01904493 0.01241099 -0.04532015 0.01904493 0.01263105 -0.04201114 0.01895701 0.01263105 -0.04201114 0.01895701 0.01263105 -0.04201114 0.01895701 0.01265573 -0.04168987 0.01936912 0.01265573 -0.04168987 0.01936912 0.01265573 -0.04168987 0.01936912 0.01265573 -0.04168987 0.01936912 0.01241111 -0.04467147 0.01358276 0.01241111 -0.04467147 0.01358276 0.01241111 -0.04467147 0.01358276 0.01241111 -0.04467147 0.01358276 0.01241111 -0.04467147 0.01358276 0.01273298 -0.0398485 0.01359385 0.01273298 -0.0398485 0.01359385 0.01273298 -0.0398485 0.01359385 0.01273298 -0.0398485 0.01359385 0.01273298 -0.0398485 0.01359385 0.01270079 -0.04034876 0.01374322 0.01270079 -0.04034876 0.01374322 0.01270079 -0.04034876 0.01374322 0.01312845 -0.0338633 0.01309984 0.01312845 -0.0338633 0.01309984 0.01312845 -0.0338633 0.01309984 0.01312845 -0.0338633 0.01309984 0.01312845 -0.0338633 0.01309984 0.01280176 -0.03880965 0.0135259 0.01280176 -0.03880965 0.0135259 0.01280176 -0.03880965 0.0135259 0.01278591 -0.03868603 0.01047682 0.01278591 -0.03868603 0.01047682 0.01278591 -0.03868603 0.01047682 0.01283347 -0.03798329 0.01056027 0.01283347 -0.03798329 0.01056027 0.01283347 -0.03798329 0.01056027 0.01283347 -0.03798329 0.01056027 0.01288074 -0.03729379 0.01071941 0.01288074 -0.03729379 0.01071941 0.01288074 -0.03729379 0.01071941 0.01288074 -0.03729379 0.01071941 0.01292717 -0.0366255 0.01095229 0.01292717 -0.0366255 0.01095229 0.01292717 -0.0366255 0.01095229 0.01292717 -0.0366255 0.01095229 0.01297223 -0.0359863 0.01125621 0.01297223 -0.0359863 0.01125621 0.01297223 -0.0359863 0.01125621 0.01297223 -0.0359863 0.01125621 0.01297223 -0.0359863 0.01125621 0.01301532 -0.0353837 0.01162767 0.01301532 -0.0353837 0.01162767 0.01301532 -0.0353837 0.01162767 0.01301532 -0.0353837 0.01162767 0.01305609 -0.03482472 0.01206231 0.01305609 -0.03482472 0.01206231 0.01305609 -0.03482472 0.01206231 0.01305609 -0.03482472 0.01206231 0.01309394 -0.03431588 0.01255494 0.01309394 -0.03431588 0.01255494 0.01309394 -0.03431588 0.01255494 0.01276689 -0.03933161 0.01352089 0.01276689 -0.03933161 0.01352089 0.01276689 -0.03933161 0.01352089 0.01276689 -0.03933161 0.01352089 0.01243335 -0.04426842 0.01299965 0.01243335 -0.04426842 0.01299965 0.01243335 -0.04426842 0.01299965 0.01246005 -0.04380488 0.01246356 0.01246005 -0.04380488 0.01246356 0.01246005 -0.04380488 0.01246356 0.01246005 -0.04380488 0.01246356 0.01249086 -0.0432862 0.01198083 0.01249086 -0.0432862 0.01198083 0.01249086 -0.0432862 0.01198083 0.01252537 -0.04271852 0.01155704 0.01252537 -0.04271852 0.01155704 0.01252537 -0.04271852 0.01155704 0.01256322 -0.04210853 0.01119726 0.01256322 -0.04210853 0.01119726 0.01256322 -0.04210853 0.01119726 0.01260399 -0.04146331 0.01090568 0.01260399 -0.04146331 0.01090568 0.01260399 -0.04146331 0.01090568 0.01260399 -0.04146331 0.01090568 0.01264715 -0.04079043 0.01068574 0.01264715 -0.04079043 0.01068574 0.01264715 -0.04079043 0.01068574 0.01269221 -0.04009783 0.01053994 0.01269221 -0.04009783 0.01053994 0.01269221 -0.04009783 0.01053994 0.01269221 -0.04009783 0.01053994 0.01273864 -0.0393936 0.01047003 0.01273864 -0.0393936 0.01047003 0.01273864 -0.0393936 0.01047003 0.01273864 -0.0393936 0.01047003 0.01318573 -0.03394341 0.02102702 0.01318573 -0.03394341 0.02102702 0.01318573 -0.03394341 0.02102702 0.01318573 -0.03394341 0.02102702 0.01318573 -0.03394341 0.02102702 0.01318573 -0.03394341 0.02102702 0.01318573 -0.03394341 0.02102702 0.01315903 -0.03440701 0.02156311 0.01315903 -0.03440701 0.02156311 0.01315903 -0.03440701 0.02156311 0.01315903 -0.03440701 0.02156311 0.01312828 -0.03492563 0.02204585 0.01312828 -0.03492563 0.02204585 0.01312828 -0.03492563 0.02204585 0.01312828 -0.03492563 0.02204585 0.0130937 -0.03549331 0.02246958 0.0130937 -0.03549331 0.02246958 0.0130937 -0.03549331 0.02246958 0.0130937 -0.03549331 0.02246958 0.01305586 -0.0361033 0.02282935 0.01305586 -0.0361033 0.02282935 0.01305586 -0.0361033 0.02282935 0.01305586 -0.0361033 0.02282935 0.01301509 -0.03674858 0.02312093 0.01301509 -0.03674858 0.02312093 0.01301509 -0.03674858 0.02312093 0.01301509 -0.03674858 0.02312093 0.01297193 -0.0374214 0.02334094 0.01297193 -0.0374214 0.02334094 0.01297193 -0.0374214 0.02334094 0.01297193 -0.0374214 0.02334094 0.01292687 -0.03811401 0.02348673 0.01292687 -0.03811401 0.02348673 0.01292687 -0.03811401 0.02348673 0.01288044 -0.03881824 0.02355659 0.01288044 -0.03881824 0.02355659 0.01288044 -0.03881824 0.02355659 0.01288044 -0.03881824 0.02355659 0.01285219 -0.03888028 0.02050578 0.01285219 -0.03888028 0.02050578 0.01285219 -0.03888028 0.02050578 0.01285219 -0.03888028 0.02050578 0.0128861 -0.03836339 0.02043277 0.0128861 -0.03836339 0.02043277 0.0128861 -0.03836339 0.02043277 0.0128861 -0.03836339 0.02043277 0.0128861 -0.03836339 0.02043277 0.01320803 -0.03354036 0.02044385 0.01320803 -0.03354036 0.02044385 0.01320803 -0.03354036 0.02044385 0.01281732 -0.03940218 0.02050077 0.01281732 -0.03940218 0.02050077 0.01281732 -0.03940218 0.02050077 0.01281732 -0.03940218 0.02050077 0.01283317 -0.03952586 0.02354979 0.01283317 -0.03952586 0.02354979 0.01283317 -0.03952586 0.02354979 0.01278567 -0.04022854 0.02346634 0.01278567 -0.04022854 0.02346634 0.01278567 -0.04022854 0.02346634 0.01278567 -0.04022854 0.02346634 0.01278567 -0.04022854 0.02346634 0.01273834 -0.04091805 0.02330726 0.01273834 -0.04091805 0.02330726 0.01273834 -0.04091805 0.02330726 0.01273834 -0.04091805 0.02330726 0.01269197 -0.04158633 0.02307438 0.01269197 -0.04158633 0.02307438 0.01269197 -0.04158633 0.02307438 0.01264691 -0.04222553 0.0227704 0.01264691 -0.04222553 0.0227704 0.01264691 -0.04222553 0.0227704 0.01260375 -0.0428282 0.02239894 0.01260375 -0.0428282 0.02239894 0.01260375 -0.0428282 0.02239894 0.01256304 -0.04338717 0.02196437 0.01256304 -0.04338717 0.02196437 0.01256304 -0.04338717 0.02196437 0.0125252 -0.04389595 0.02147173 0.0125252 -0.04389595 0.02147173 0.0125252 -0.04389595 0.02147173 0.0125252 -0.04389595 0.02147173 0.01249068 -0.04434859 0.02092683 0.01249068 -0.04434859 0.02092683 0.01249068 -0.04434859 0.02092683 0.01249068 -0.04434859 0.02092683 0.01245993 -0.04473972 0.02033603 0.01245993 -0.04473972 0.02033603 0.01245993 -0.04473972 0.02033603 0.01278233 -0.03991746 0.0204178 0.01278233 -0.03991746 0.0204178 0.01278233 -0.03991746 0.0204178 0.01278233 -0.03991746 0.0204178 0.01294809 -0.03739053 0.02006101 0.01294809 -0.03739053 0.02006101 0.01294809 -0.03739053 0.02006101 0.01294809 -0.03739053 0.02006101 0.01322561 -0.03320258 0.01982051 0.01322561 -0.03320258 0.01982051 0.01322561 -0.03320258 0.01982051 0.01322561 -0.03320258 0.01982051 0.01322561 -0.03320258 0.01982051 0.01291829 -0.03786307 0.0202834 0.01291829 -0.03786307 0.0202834 0.01291829 -0.03786307 0.0202834 0.01291829 -0.03786307 0.0202834 0.01297473 -0.03695631 0.0197705 0.01297473 -0.03695631 0.0197705 0.01297473 -0.03695631 0.0197705 0.01304399 -0.03565812 0.01756817 0.01304399 -0.03565812 0.01756817 0.01304399 -0.03565812 0.01756817 0.01304399 -0.03565812 0.01756817 0.01324868 -0.03261625 0.01778399 0.01324868 -0.03261625 0.01778399 0.01324868 -0.03261625 0.01778399 0.01303994 -0.03577947 0.01807701 0.01303994 -0.03577947 0.01807701 0.01303994 -0.03577947 0.01807701 0.01324605 -0.03273779 0.01848274 0.01324605 -0.03273779 0.01848274 0.01324605 -0.03273779 0.01848274 0.01324605 -0.03273779 0.01848274 0.0130307 -0.03597503 0.01856207 0.0130307 -0.03597503 0.01856207 0.0130307 -0.03597503 0.01856207 0.0130307 -0.03597503 0.01856207 0.01300871 -0.03594434 0.01552516 0.01300871 -0.03594434 0.01552516 0.01300871 -0.03594434 0.01552516 0.01322567 -0.03270936 0.01566684 0.01322567 -0.03270936 0.01566684 0.01322567 -0.03270936 0.01566684 0.01302498 -0.03575861 0.01601392 0.01302498 -0.03575861 0.01601392 0.01302498 -0.03575861 0.01601392 0.01323843 -0.03260195 0.01636773 0.01323843 -0.03260195 0.01636773 0.01323843 -0.03260195 0.01636773 0.01323843 -0.03260195 0.01636773 0.01303642 -0.03564757 0.01652497 0.01303642 -0.03564757 0.01652497 0.01303642 -0.03564757 0.01652497 0.01303642 -0.03564757 0.01652497 0.01324611 -0.03257077 0.01707625 0.01324611 -0.03257077 0.01707625 0.01324611 -0.03257077 0.01707625 0.01324611 -0.03257077 0.01707625 0.0130428 -0.03561389 0.01704692 0.0130428 -0.03561389 0.01704692 0.0130428 -0.03561389 0.01704692 0.01293522 -0.03690099 0.01429808 0.01293522 -0.03690099 0.01429808 0.01293522 -0.03690099 0.01429808 0.01318585 -0.03314697 0.01432037 0.01318585 -0.03314697 0.01432037 0.01318585 -0.03314697 0.01432037 0.01318585 -0.03314697 0.01432037 0.01296335 -0.03652203 0.01465755 0.01296335 -0.03652203 0.01465755 0.01296335 -0.03652203 0.01465755 0.01320815 -0.03289175 0.01498168 0.01320815 -0.03289175 0.01498168 0.01320815 -0.03289175 0.01498168 0.01320815 -0.03289175 0.01498168 0.01298803 -0.0362007 0.01506966 0.01298803 -0.0362007 0.01506966 0.01298803 -0.0362007 0.01506966 0.01290428 -0.03732925 0.01399928 0.01290428 -0.03732925 0.01399928 0.01290428 -0.03732925 0.01399928 0.01290428 -0.03732925 0.01399928 0.01290428 -0.03732925 0.01399928 0.0127148 -0.04088258 0.02002733 0.0127148 -0.04088258 0.02002733 0.0127148 -0.04088258 0.02002733 0.01274788 -0.04041463 0.02025884 0.01274788 -0.04041463 0.02025884 0.01274788 -0.04041463 0.02025884 0.01274788 -0.04041463 0.02025884 0.01274788 -0.04041463 0.02025884 0.01243323 -0.04506486 0.0197063 0.01243323 -0.04506486 0.0197063 0.01243323 -0.04506486 0.0197063 0.01243323 -0.04506486 0.0197063 0.01268386 -0.04131084 0.01972854 0.01268386 -0.04131084 0.01972854 0.01268386 -0.04131084 0.01972854 0.01258265 -0.04256427 0.01750171 0.01258265 -0.04256427 0.01750171 0.01258265 -0.04256427 0.01750171 0.01258265 -0.04256427 0.01750171 0.0125941 -0.04245328 0.01801276 0.0125941 -0.04245328 0.01801276 0.0125941 -0.04245328 0.01801276 0.01238071 -0.04560989 0.01765888 0.01238071 -0.04560989 0.01765888 0.01238071 -0.04560989 0.01765888 0.01238071 -0.04560989 0.01765888 0.01261037 -0.0422675 0.01850152 0.01261037 -0.0422675 0.01850152 0.01261037 -0.0422675 0.01850152 0.01239341 -0.04550254 0.01835983 0.01239341 -0.04550254 0.01835983 0.01239341 -0.04550254 0.01835983 0.01239341 -0.04550254 0.01835983 0.01258844 -0.0422368 0.01546454 0.01258844 -0.0422368 0.01546454 0.01258844 -0.0422368 0.01546454 0.01258844 -0.0422368 0.01546454 0.0125792 -0.04243242 0.0159496 0.0125792 -0.04243242 0.0159496 0.0125792 -0.04243242 0.0159496 0.0125792 -0.04243242 0.0159496 0.01237303 -0.04547405 0.01554393 0.01237303 -0.04547405 0.01554393 0.01237303 -0.04547405 0.01554393 0.01237303 -0.04547405 0.01554393 0.01257508 -0.04255372 0.01645845 0.01257508 -0.04255372 0.01645845 0.01257508 -0.04255372 0.01645845 0.01237046 -0.04559558 0.01624262 0.01237046 -0.04559558 0.01624262 0.01237046 -0.04559558 0.01624262 0.01257628 -0.042598 0.01697969 0.01257628 -0.042598 0.01697969 0.01257628 -0.042598 0.01697969 0.01237303 -0.04564106 0.01695042 0.01237303 -0.04564106 0.01695042 0.01237303 -0.04564106 0.01695042 0.01237303 -0.04564106 0.01695042 0.01264435 -0.04125553 0.01425617 0.01264435 -0.04125553 0.01425617 0.01264435 -0.04125553 0.01425617 0.01262134 -0.04164171 0.01460826 0.01262134 -0.04164171 0.01460826 0.01262134 -0.04164171 0.01460826 0.01239347 -0.04500925 0.01420617 0.01239347 -0.04500925 0.01420617 0.01239347 -0.04500925 0.01420617 0.01260256 -0.04197126 0.01501405 0.01260256 -0.04197126 0.01501405 0.01260256 -0.04197126 0.01501405 0.01238077 -0.04527783 0.01486241 0.01238077 -0.04527783 0.01486241 0.01238077 -0.04527783 0.01486241 0.01238077 -0.04527783 0.01486241 0.01267099 -0.04082131 0.01396566 0.01267099 -0.04082131 0.01396566 0.01267099 -0.04082131 0.01396566 0.01267099 -0.04082131 0.01396566 0.01682448 -0.03824961 0.01052874 0.01682448 -0.03824961 0.01052874 0.01682448 -0.03824961 0.01052874 0.01682448 -0.03824961 0.01052874 0.01687175 -0.0375601 0.01068782 0.01687175 -0.0375601 0.01068782 0.01687175 -0.0375601 0.01068782 0.01691818 -0.03689181 0.01092076 0.01691818 -0.03689181 0.01092076 0.01691818 -0.03689181 0.01092076 0.01691818 -0.03689181 0.01092076 0.01696324 -0.03625261 0.01122468 0.01696324 -0.03625261 0.01122468 0.01696324 -0.03625261 0.01122468 0.01696324 -0.03625261 0.01122468 0.01700633 -0.03565001 0.01159614 0.01700633 -0.03565001 0.01159614 0.01700633 -0.03565001 0.01159614 0.01700633 -0.03565001 0.01159614 0.01700633 -0.03565001 0.01159614 0.0170471 -0.03509098 0.01203072 0.0170471 -0.03509098 0.01203072 0.0170471 -0.03509098 0.01203072 0.0170471 -0.03509098 0.01203072 0.0170471 -0.03509098 0.01203072 0.01708489 -0.03458219 0.01252335 0.01708489 -0.03458219 0.01252335 0.01708489 -0.03458219 0.01252335 0.0171194 -0.03412955 0.01306831 0.0171194 -0.03412955 0.01306831 0.0171194 -0.03412955 0.01306831 0.01715022 -0.03373843 0.01365906 0.01715022 -0.03373843 0.01365906 0.01715022 -0.03373843 0.01365906 0.01715022 -0.03373843 0.01365906 0.01717686 -0.03341329 0.01428884 0.01717686 -0.03341329 0.01428884 0.01717686 -0.03341329 0.01428884 0.01717686 -0.03341329 0.01428884 0.01719915 -0.03315806 0.01495015 0.01719915 -0.03315806 0.01495015 0.01719915 -0.03315806 0.01495015 0.01721668 -0.03297561 0.01563531 0.01721668 -0.03297561 0.01563531 0.01721668 -0.03297561 0.01563531 0.01721668 -0.03297561 0.01563531 0.01722943 -0.03286826 0.0163362 0.01722943 -0.03286826 0.0163362 0.01722943 -0.03286826 0.0163362 0.01722943 -0.03286826 0.0163362 0.01723712 -0.03283709 0.01704472 0.01723712 -0.03283709 0.01704472 0.01723712 -0.03283709 0.01704472 0.01723712 -0.03283709 0.01704472 0.01723712 -0.03283709 0.01704472 0.01677691 -0.03895229 0.01044529 0.01677691 -0.03895229 0.01044529 0.01677691 -0.03895229 0.01044529 0.01677691 -0.03895229 0.01044529 0.01672965 -0.03965991 0.0104385 0.01672965 -0.03965991 0.0104385 0.01672965 -0.03965991 0.0104385 0.01668322 -0.04036414 0.01050841 0.01668322 -0.04036414 0.01050841 0.01668322 -0.04036414 0.01050841 0.01668322 -0.04036414 0.01050841 0.01663815 -0.04105675 0.01065421 0.01663815 -0.04105675 0.01065421 0.01663815 -0.04105675 0.01065421 0.01663815 -0.04105675 0.01065421 0.016595 -0.04172962 0.01087415 0.016595 -0.04172962 0.01087415 0.016595 -0.04172962 0.01087415 0.01655423 -0.04237484 0.01116573 0.01655423 -0.04237484 0.01116573 0.01655423 -0.04237484 0.01116573 0.01651638 -0.04298484 0.01152551 0.01651638 -0.04298484 0.01152551 0.01651638 -0.04298484 0.01152551 0.01651638 -0.04298484 0.01152551 0.01648187 -0.04355251 0.0119493 0.01648187 -0.04355251 0.0119493 0.01648187 -0.04355251 0.0119493 0.01648187 -0.04355251 0.0119493 0.01648187 -0.04355251 0.0119493 0.01645106 -0.04407113 0.01243203 0.01645106 -0.04407113 0.01243203 0.01645106 -0.04407113 0.01243203 0.01642435 -0.04453474 0.01296812 0.01642435 -0.04453474 0.01296812 0.01642435 -0.04453474 0.01296812 0.01640212 -0.04493778 0.01355123 0.01640212 -0.04493778 0.01355123 0.01640212 -0.04493778 0.01355123 0.01638448 -0.04527556 0.01417464 0.01638448 -0.04527556 0.01417464 0.01638448 -0.04527556 0.01417464 0.01638448 -0.04527556 0.01417464 0.01638448 -0.04527556 0.01417464 0.01637172 -0.04554414 0.01483088 0.01637172 -0.04554414 0.01483088 0.01637172 -0.04554414 0.01483088 0.01637172 -0.04554414 0.01483088 0.01636403 -0.04574036 0.0155124 0.01636403 -0.04574036 0.0155124 0.01636403 -0.04574036 0.0155124 0.01636403 -0.04574036 0.0155124 0.01636147 -0.04586189 0.01621109 0.01636147 -0.04586189 0.01621109 0.01636147 -0.04586189 0.01621109 0.01636147 -0.04586189 0.01621109 0.01636147 -0.04586189 0.01621109 0.01636403 -0.04590737 0.01691883 0.01636403 -0.04590737 0.01691883 0.01636403 -0.04590737 0.01691883 0.01636403 -0.04590737 0.01691883 0.01636403 -0.04590737 0.01691883 0.01677668 -0.04049485 0.02343481 0.01677668 -0.04049485 0.02343481 0.01677668 -0.04049485 0.02343481 0.01677668 -0.04049485 0.02343481 0.01672941 -0.04118436 0.02327573 0.01672941 -0.04118436 0.02327573 0.01672941 -0.04118436 0.02327573 0.01672941 -0.04118436 0.02327573 0.01672941 -0.04118436 0.02327573 0.01668298 -0.04185265 0.02304279 0.01668298 -0.04185265 0.02304279 0.01668298 -0.04185265 0.02304279 0.01668298 -0.04185265 0.02304279 0.01663792 -0.04249185 0.02273887 0.01663792 -0.04249185 0.02273887 0.01663792 -0.04249185 0.02273887 0.01663792 -0.04249185 0.02273887 0.01659476 -0.04309445 0.02236741 0.01659476 -0.04309445 0.02236741 0.01659476 -0.04309445 0.02236741 0.01659476 -0.04309445 0.02236741 0.01655405 -0.04365342 0.02193284 0.01655405 -0.04365342 0.02193284 0.01655405 -0.04365342 0.02193284 0.01655405 -0.04365342 0.02193284 0.01651614 -0.04416227 0.0214402 0.01651614 -0.04416227 0.0214402 0.01651614 -0.04416227 0.0214402 0.01651614 -0.04416227 0.0214402 0.01648169 -0.04461485 0.0208953 0.01648169 -0.04461485 0.0208953 0.01648169 -0.04461485 0.0208953 0.01648169 -0.04461485 0.0208953 0.01645094 -0.04500603 0.0203045 0.01645094 -0.04500603 0.0203045 0.01645094 -0.04500603 0.0203045 0.01645094 -0.04500603 0.0203045 0.01642423 -0.04533118 0.01967471 0.01642423 -0.04533118 0.01967471 0.01642423 -0.04533118 0.01967471 0.01642423 -0.04533118 0.01967471 0.016402 -0.0455864 0.0190134 0.016402 -0.0455864 0.0190134 0.016402 -0.0455864 0.0190134 0.016402 -0.0455864 0.0190134 0.01638442 -0.04576879 0.01832824 0.01638442 -0.04576879 0.01832824 0.01638442 -0.04576879 0.01832824 0.01638442 -0.04576879 0.01832824 0.01638442 -0.04576879 0.01832824 0.01637166 -0.0458762 0.01762735 0.01637166 -0.0458762 0.01762735 0.01637166 -0.0458762 0.01762735 0.01637166 -0.0458762 0.01762735 0.01637166 -0.0458762 0.01762735 0.01682418 -0.03979218 0.02351826 0.01682418 -0.03979218 0.02351826 0.01682418 -0.03979218 0.02351826 0.01687145 -0.03908455 0.02352505 0.01687145 -0.03908455 0.02352505 0.01687145 -0.03908455 0.02352505 0.01687145 -0.03908455 0.02352505 0.01691788 -0.03838032 0.0234552 0.01691788 -0.03838032 0.0234552 0.01691788 -0.03838032 0.0234552 0.01691788 -0.03838032 0.0234552 0.01696294 -0.03768771 0.0233094 0.01696294 -0.03768771 0.0233094 0.01696294 -0.03768771 0.0233094 0.01700609 -0.03701484 0.0230894 0.01700609 -0.03701484 0.0230894 0.01700609 -0.03701484 0.0230894 0.01700609 -0.03701484 0.0230894 0.01704686 -0.03636962 0.02279782 0.01704686 -0.03636962 0.02279782 0.01704686 -0.03636962 0.02279782 0.01704686 -0.03636962 0.02279782 0.01708471 -0.03575962 0.02243804 0.01708471 -0.03575962 0.02243804 0.01708471 -0.03575962 0.02243804 0.01708471 -0.03575962 0.02243804 0.01711928 -0.03519195 0.02201431 0.01711928 -0.03519195 0.02201431 0.01711928 -0.03519195 0.02201431 0.01711928 -0.03519195 0.02201431 0.01711928 -0.03519195 0.02201431 0.01715004 -0.03467333 0.02153152 0.01715004 -0.03467333 0.02153152 0.01715004 -0.03467333 0.02153152 0.01715004 -0.03467333 0.02153152 0.01717674 -0.03420972 0.02099543 0.01717674 -0.03420972 0.02099543 0.01717674 -0.03420972 0.02099543 0.01717674 -0.03420972 0.02099543 0.01719903 -0.03380668 0.02041232 0.01719903 -0.03380668 0.02041232 0.01719903 -0.03380668 0.02041232 0.01719903 -0.03380668 0.02041232 0.01721662 -0.0334689 0.01978898 0.01721662 -0.0334689 0.01978898 0.01721662 -0.0334689 0.01978898 0.01721662 -0.0334689 0.01978898 0.01721662 -0.0334689 0.01978898 0.01722937 -0.03320032 0.01913267 0.01722937 -0.03320032 0.01913267 0.01722937 -0.03320032 0.01913267 0.01722937 -0.03320032 0.01913267 0.01722937 -0.03320032 0.01913267 0.01722937 -0.03320032 0.01913267 0.01723706 -0.0330041 0.01845115 0.01723706 -0.0330041 0.01845115 0.01723706 -0.0330041 0.01845115 0.01723706 -0.0330041 0.01845115 0.01723968 -0.03288257 0.01775246 0.01723968 -0.03288257 0.01775246 0.01723968 -0.03288257 0.01775246 0.01723968 -0.03288257 0.01775246 0.01723968 -0.03288257 0.01775246 0.01766937 -0.02967804 0.04507565 0.01766937 -0.02967804 0.04507565 0.01766937 -0.02967804 0.04507565 0.01766937 -0.02967804 0.04507565 0.01766937 -0.02967804 0.04507565 0.0174092 -0.02931404 0.009078443 0.0174092 -0.02931404 0.009078443 0.0174092 -0.02931404 0.009078443 0.0174092 -0.02931404 0.009078443 0.0174092 -0.02931404 0.009078443 0.0174092 -0.02931404 0.009078443 0.0174092 -0.02931404 0.009078443 7.97424e-4 0.005430281 0.05505335 7.97424e-4 0.005430281 0.05505335 7.97424e-4 0.005430281 0.05505335 5.41439e-4 0.005481481 0.05505573 5.41439e-4 0.005481481 0.05505573 5.41439e-4 0.005481481 0.05505573 5.41439e-4 0.005481481 0.05505573 6.97439e-4 0.003933668 0.05503892 6.97439e-4 0.003933668 0.05503892 6.97439e-4 0.003933668 0.05503892 6.97439e-4 0.003933668 0.05503892 3.0746e-4 0.005597233 0.05505859 3.0746e-4 0.005597233 0.05505859 3.0746e-4 0.005597233 0.05505859 3.0746e-4 0.005597233 0.05505859 3.0746e-4 0.005597233 0.05505859 -1.33687e-4 0.006494581 0.05507081 -1.33687e-4 0.006494581 0.05507081 -1.33687e-4 0.006494581 0.05507081 -1.33687e-4 0.006494581 0.05507081 -1.33687e-4 0.006494581 0.05507081 -0.001043558 0.003706574 0.05504924 -0.001043558 0.003706574 0.05504924 -0.001043558 0.003706574 0.05504924 -0.001043558 0.003706574 0.05504924 -4.74849e-4 0.003858208 0.05504667 -4.74849e-4 0.003858208 0.05504667 -4.74849e-4 0.003858208 0.05504667 -4.74849e-4 0.003858208 0.05504667 0.007575631 -0.002003014 0.05492919 0.007575631 -0.002003014 0.05492919 0.007575631 -0.002003014 0.05492919 0.007575631 -0.002003014 0.05492919 0.01077306 -0.002165496 0.05490446 0.01077306 -0.002165496 0.05490446 0.01077306 -0.002165496 0.05490446 0.01077306 -0.002165496 0.05490446 0.00782293 -0.001919448 0.05492824 0.00782293 -0.001919448 0.05492824 0.00782293 -0.001919448 0.05492824 0.006629109 -0.001680493 0.05493932 0.006629109 -0.001680493 0.05493932 0.006629109 -0.001680493 0.05493932 0.006484329 -0.001463294 0.05494254 0.006484329 -0.001463294 0.05494254 0.006484329 -0.001463294 0.05494254 0.006484329 -0.001463294 0.05494254 0.004809856 -0.001439094 0.05495488 0.004809856 -0.001439094 0.05495488 0.004809856 -0.001439094 0.05495488 0.004809856 -0.001439094 0.05495488 -0.00401479 3.26965e-4 0.05503654 -0.00401479 3.26965e-4 0.05503654 -0.00401479 3.26965e-4 0.05503654 -0.005689322 3.51128e-4 0.05504888 -0.005689322 3.51128e-4 0.05504888 -0.005689322 3.51128e-4 0.05504888 -0.005605697 1.03844e-4 0.05504578 -0.005605697 1.03844e-4 0.05504578 -0.005605697 1.03844e-4 0.05504578 -0.00690931 -0.001036524 0.05504369 -0.00690931 -0.001036524 0.05504369 -0.00690931 -0.001036524 0.05504369 -0.00690931 -0.001036524 0.05504369 -0.007143318 -9.20853e-4 0.05504655 -0.007143318 -9.20853e-4 0.05504655 -0.007143318 -9.20853e-4 0.05504655 -0.01009994 -7.72789e-4 0.05506938 -0.01009994 -7.72789e-4 0.05506938 -0.01009994 -7.72789e-4 0.05506938 -0.01009994 -7.72789e-4 0.05506938 -2.3534e-6 -0.006542444 0.05493807 -2.3534e-6 -0.006542444 0.05493807 -2.3534e-6 -0.006542444 0.05493807 -2.3534e-6 -0.006542444 0.05493807 0.002382695 -0.004594147 0.05494052 0.002382695 -0.004594147 0.05494052 0.002382695 -0.004594147 0.05494052 0.002382695 -0.004594147 0.05494052 0.002382695 -0.004594147 0.05494052 0.001838624 -0.004818737 0.05494219 0.001838624 -0.004818737 0.05494219 0.001838624 -0.004818737 0.05494219 0.001838624 -0.004818737 0.05494219 0.001269876 -0.004970371 0.05494475 0.001269876 -0.004970371 0.05494475 0.001269876 -0.004970371 0.05494475 6.8624e-4 -0.005046546 0.05494821 6.8624e-4 -0.005046546 0.05494821 6.8624e-4 -0.005046546 0.05494821 9.7611e-5 -0.005045831 0.0549525 9.7611e-5 -0.005045831 0.0549525 9.7611e-5 -0.005045831 0.0549525 -4.85862e-4 -0.004968345 0.0549575 -4.85862e-4 -0.004968345 0.0549575 -4.85862e-4 -0.004968345 0.0549575 -0.001054227 -0.00481534 0.05496311 -0.001054227 -0.00481534 0.05496311 -0.001054227 -0.00481534 0.05496311 -0.001597762 -0.004589438 0.05496937 -0.001597762 -0.004589438 0.05496937 -0.001597762 -0.004589438 0.05496937 -0.002107083 -0.004294514 0.05497598 -0.002107083 -0.004294514 0.05497598 -0.002107083 -0.004294514 0.05497598 -0.002107083 -0.004294514 0.05497598 -8.24363e-5 0.006750524 0.05507308 -8.24363e-5 0.006750524 0.05507308 -8.24363e-5 0.006750524 0.05507308 -8.24363e-5 0.006750524 0.05507308 -8.24363e-5 0.006750524 0.05507308 -8.24363e-5 0.006750524 0.05507308 -0.002097785 0.003188252 0.05505162 -0.002097785 0.003188252 0.05505162 -0.002097785 0.003188252 0.05505162 -0.002097785 0.003188252 0.05505162 -0.001587629 0.003481924 0.0550509 -0.001587629 0.003481924 0.0550509 -0.001587629 0.003481924 0.0550509 3.33055e-5 0.006984531 0.05507457 3.33055e-5 0.006984531 0.05507457 3.33055e-5 0.006984531 0.05507457 3.33055e-5 0.006984531 0.05507457 3.33055e-5 0.006984531 0.05507457 -0.00334084 0.001948237 0.05504804 -0.00334084 0.001948237 0.05504804 -0.00334084 0.001948237 0.05504804 -0.00334084 0.001948237 0.05504804 -0.00298196 0.002414762 0.05505019 -0.00298196 0.002414762 0.05505019 -0.00298196 0.002414762 0.05505019 -0.00298196 0.002414762 0.05505019 -0.002565205 0.002830505 0.05505138 -0.002565205 0.002830505 0.05505138 -0.002565205 0.002830505 0.05505138 -0.002565205 0.002830505 0.05505138 -0.005800485 0.007918417 0.05512619 -0.005800485 0.007918417 0.05512619 -0.005800485 0.007918417 0.05512619 -0.005800485 0.007918417 0.05512619 -0.005800485 0.007918417 0.05512619 -0.006515502 0.007345914 0.05512559 -0.006515502 0.007345914 0.05512559 -0.006515502 0.007345914 0.05512559 -0.006515502 0.007345914 0.05512559 -0.006520032 9.07654e-4 0.0550605 -0.006520032 9.07654e-4 0.0550605 -0.006520032 9.07654e-4 0.0550605 -0.006520032 9.07654e-4 0.0550605 -0.006520032 9.07654e-4 0.0550605 -0.003861725 8.95317e-4 0.05504119 -0.003861725 8.95317e-4 0.05504119 -0.003861725 8.95317e-4 0.05504119 -0.003861725 8.95317e-4 0.05504119 -0.003861725 8.95317e-4 0.05504119 -0.003635764 0.001438796 0.05504506 -0.003635764 0.001438796 0.05504506 -0.003635764 0.001438796 0.05504506 2.05681e-4 0.007180571 0.05507534 2.05681e-4 0.007180571 0.05507534 2.05681e-4 0.007180571 0.05507534 4.22892e-4 0.007325351 0.05507522 4.22892e-4 0.007325351 0.05507522 4.22892e-4 0.007325351 0.05507522 6.70195e-4 0.007408976 0.05507427 6.70195e-4 0.007408976 0.05507427 6.70195e-4 0.007408976 0.05507427 6.70195e-4 0.007408976 0.05507427 9.30696e-4 0.007425725 0.05507254 9.30696e-4 0.007425725 0.05507254 9.30696e-4 0.007425725 0.05507254 9.30696e-4 0.007425725 0.05507254 -0.007178008 0.00671333 0.05512398 -0.007178008 0.00671333 0.05512398 -0.007178008 0.00671333 0.05512398 -0.007782816 0.006025373 0.05512136 -0.007782816 0.006025373 0.05512136 -0.007782816 0.006025373 0.05512136 -0.008325338 0.005287349 0.05511784 -0.008325338 0.005287349 0.05511784 -0.008325338 0.005287349 0.05511784 -0.008801519 0.004504799 0.05511337 -0.008801519 0.004504799 0.05511337 -0.008801519 0.004504799 0.05511337 -0.009207665 0.003683805 0.05510801 -0.009207665 0.003683805 0.05510801 -0.009207665 0.003683805 0.05510801 -0.009540736 0.002830505 0.05510181 -0.009540736 0.002830505 0.05510181 -0.009540736 0.002830505 0.05510181 -0.009798109 0.001951456 0.05509477 -0.009798109 0.001951456 0.05509477 -0.009798109 0.001951456 0.05509477 -0.009798109 0.001951456 0.05509477 -0.006780564 8.90884e-4 0.05506223 -0.006780564 8.90884e-4 0.05506223 -0.006780564 8.90884e-4 0.05506223 -0.006780564 8.90884e-4 0.05506223 -0.006872594 -0.00813198 0.05497163 -0.006872594 -0.00813198 0.05497163 -0.006872594 -0.00813198 0.05497163 -0.006872594 -0.00813198 0.05497163 -0.006872594 -0.00813198 0.05497163 -1.35646e-4 -0.008537888 0.05491888 -1.35646e-4 -0.008537888 0.05491888 -1.35646e-4 -0.008537888 0.05491888 -1.35646e-4 -0.008537888 0.05491888 -3.91631e-4 -0.008486688 0.0549212 -3.91631e-4 -0.008486688 0.0549212 -3.91631e-4 -0.008486688 0.0549212 -3.91631e-4 -0.008486688 0.0549212 -6.2561e-4 -0.008370935 0.05492407 -6.2561e-4 -0.008370935 0.05492407 -6.2561e-4 -0.008370935 0.05492407 -6.2561e-4 -0.008370935 0.05492407 -8.21662e-4 -0.008198618 0.05492722 -8.21662e-4 -0.008198618 0.05492722 -8.21662e-4 -0.008198618 0.05492722 -8.21662e-4 -0.008198618 0.05492722 -8.21662e-4 -0.008198618 0.05492722 -0.006653368 -0.001087784 0.05504131 -0.006653368 -0.001087784 0.05504131 -0.006653368 -0.001087784 0.05504131 -0.006653368 -0.001087784 0.05504131 -0.006653368 -0.001087784 0.05504131 -0.006653368 -0.001087784 0.05504131 -0.006653368 -0.001087784 0.05504131 -0.006653368 -0.001087784 0.05504131 -0.007505178 -0.007469534 0.05498296 -0.007505178 -0.007469534 0.05498296 -0.007505178 -0.007469534 0.05498296 0.01083624 5.74684e-4 0.0549317 0.01083624 5.74684e-4 0.0549317 0.01083624 5.74684e-4 0.0549317 0.01083624 5.74684e-4 0.0549317 0.01083624 5.74684e-4 0.0549317 0.01069802 0.001480102 0.05494183 0.01069802 0.001480102 0.05494183 0.01069802 0.001480102 0.05494183 0.01048141 0.002370059 0.05495238 0.01048141 0.002370059 0.05495238 0.01048141 0.002370059 0.05495238 0.01048141 0.002370059 0.05495238 0.0101881 0.003237783 0.05496329 0.0101881 0.003237783 0.05496329 0.0101881 0.003237783 0.05496329 0.0101881 0.003237783 0.05496329 0.009820222 0.0040766 0.05497443 0.009820222 0.0040766 0.05497443 0.009820222 0.0040766 0.05497443 0.009820222 0.0040766 0.05497443 0.009380638 0.00488013 0.05498576 0.009380638 0.00488013 0.05498576 0.009380638 0.00488013 0.05498576 0.009380638 0.00488013 0.05498576 0.008872687 0.005642354 0.05499714 0.008872687 0.005642354 0.05499714 0.008872687 0.005642354 0.05499714 0.008872687 0.005642354 0.05499714 0.008300244 0.006357371 0.05500847 0.008300244 0.006357371 0.05500847 0.008300244 0.006357371 0.05500847 0.007448375 -2.43761e-5 0.05495011 0.007448375 -2.43761e-5 0.05495011 0.007448375 -2.43761e-5 0.05495011 0.007704377 -7.56075e-5 0.05494773 0.007704377 -7.56075e-5 0.05494773 0.007704377 -7.56075e-5 0.05494773 0.007938325 -1.9133e-4 0.05494487 0.007938325 -1.9133e-4 0.05494487 0.007938325 -1.9133e-4 0.05494487 0.007938325 -1.9133e-4 0.05494487 0.01089501 -3.39394e-4 0.05492204 0.01089501 -3.39394e-4 0.05492204 0.01089501 -3.39394e-4 0.05492204 0.00766766 0.007019758 0.05501973 0.00766766 0.007019758 0.05501973 0.00766766 0.007019758 0.05501973 0.00766766 0.007019758 0.05501973 0.00766766 0.007019758 0.05501973 0.001097261 0.00992006 0.05509656 0.001097261 0.00992006 0.05509656 0.001097261 0.00992006 0.05509656 0.001097261 0.00992006 0.05509656 0.001097261 0.00992006 0.05509656 0.001186609 0.007374465 0.05507022 0.001186609 0.007374465 0.05507022 0.001186609 0.007374465 0.05507022 0.001186609 0.007374465 0.05507022 0.001420617 0.007258772 0.05506736 0.001420617 0.007258772 0.05506736 0.001420617 0.007258772 0.05506736 0.001420617 0.007258772 0.05506736 0.001616656 0.007086455 0.05506414 0.001616656 0.007086455 0.05506414 0.001616656 0.007086455 0.05506414 0.001616656 0.007086455 0.05506414 0.001761436 0.006869196 0.05506092 0.001761436 0.006869196 0.05506092 0.001761436 0.006869196 0.05506092 0.001845002 0.006621897 0.05505782 0.001845002 0.006621897 0.05505782 0.001845002 0.006621897 0.05505782 0.001861751 0.006361424 0.05505508 0.001861751 0.006361424 0.05505508 0.001861751 0.006361424 0.05505508 0.001861751 0.006361424 0.05505508 0.001861751 0.006361424 0.05505508 0.001849234 0.003703176 0.05502825 0.001849234 0.003703176 0.05502825 0.001849234 0.003703176 0.05502825 0.001849234 0.003703176 0.05502825 0.001849234 0.003703176 0.05502825 0.002392768 0.003477275 0.05502206 0.002392768 0.003477275 0.05502206 0.002392768 0.003477275 0.05502206 0.00290215 0.003182351 0.05501538 0.00290215 0.003182351 0.05501538 0.00290215 0.003182351 0.05501538 0.00290215 0.003182351 0.05501538 0.003368735 0.002823472 0.05500841 0.003368735 0.002823472 0.05500841 0.003368735 0.002823472 0.05500841 0.003784358 0.002406835 0.05500119 0.003784358 0.002406835 0.05500119 0.003784358 0.002406835 0.05500119 0.004142105 0.001939415 0.05499386 0.004142105 0.001939415 0.05499386 0.004142105 0.001939415 0.05499386 0.004142105 0.001939415 0.05499386 0.004435837 0.001429319 0.05498659 0.004435837 0.001429319 0.05498659 0.004435837 0.001429319 0.05498659 0.004435837 0.001429319 0.05498659 0.004660367 8.853e-4 0.05497944 0.004660367 8.853e-4 0.05497944 0.004660367 8.853e-4 0.05497944 0.004812002 3.16589e-4 0.05497264 0.004812002 3.16589e-4 0.05497264 0.004812002 3.16589e-4 0.05497264 0.00181055 0.006105482 0.05505287 0.00181055 0.006105482 0.05505287 0.00181055 0.006105482 0.05505287 0.00181055 0.006105482 0.05505287 0.001694798 0.005871474 0.05505132 0.001694798 0.005871474 0.05505132 0.001694798 0.005871474 0.05505132 0.001694798 0.005871474 0.05505132 0.001522421 0.005675435 0.05505061 0.001522421 0.005675435 0.05505061 0.001522421 0.005675435 0.05505061 0.001522421 0.005675435 0.05505061 0.006595492 -0.00903058 0.05486524 0.006595492 -0.00903058 0.05486524 0.006595492 -0.00903058 0.05486524 0.006595492 -0.00903058 0.05486524 0.007310569 -0.008458137 0.05486583 0.007310569 -0.008458137 0.05486583 0.007310569 -0.008458137 0.05486583 0.007315099 -0.002019822 0.05493092 0.007315099 -0.002019822 0.05493092 0.007315099 -0.002019822 0.05493092 0.007315099 -0.002019822 0.05493092 0.007315099 -0.002019822 0.05493092 0.007315099 -0.002019822 0.05493092 0.007315099 -0.002019822 0.05493092 0.007315099 -0.002019822 0.05493092 0.007315099 -0.002019822 0.05493092 5.8939e-4 -0.008292734 0.05491608 5.8939e-4 -0.008292734 0.05491608 5.8939e-4 -0.008292734 0.05491608 5.8939e-4 -0.008292734 0.05491608 3.72158e-4 -0.008437514 0.0549162 3.72158e-4 -0.008437514 0.0549162 3.72158e-4 -0.008437514 0.0549162 1.24855e-4 -0.008521139 0.05491715 1.24855e-4 -0.008521139 0.05491715 1.24855e-4 -0.008521139 0.05491715 1.24855e-4 -0.008521139 0.05491715 0.007973074 -0.007825493 0.05486744 0.007973074 -0.007825493 0.05486744 0.007973074 -0.007825493 0.05486744 0.007973074 -0.007825493 0.05486744 0.008577883 -0.007137537 0.05487 0.008577883 -0.007137537 0.05487 0.008577883 -0.007137537 0.05487 0.008577883 -0.007137537 0.05487 0.009120404 -0.006399512 0.05487358 0.009120404 -0.006399512 0.05487358 0.009120404 -0.006399512 0.05487358 0.009596586 -0.005617022 0.05487805 0.009596586 -0.005617022 0.05487805 0.009596586 -0.005617022 0.05487805 0.01000273 -0.004795968 0.05488342 0.01000273 -0.004795968 0.05488342 0.01000273 -0.004795968 0.05488342 0.0103358 -0.003942668 0.05488961 0.0103358 -0.003942668 0.05488961 0.0103358 -0.003942668 0.05488961 0.01059323 -0.003063619 0.05489665 0.01059323 -0.003063619 0.05489665 0.01059323 -0.003063619 0.05489665 0.01087391 -0.001255095 0.05491292 0.01087391 -0.001255095 0.05491292 0.01087391 -0.001255095 0.05491292 0.008379518 -0.001088619 0.05493265 0.008379518 -0.001088619 0.05493265 0.008379518 -0.001088619 0.05493265 0.008328258 -0.001344621 0.05493038 0.008328258 -0.001344621 0.05493038 0.008328258 -0.001344621 0.05493038 0.008212506 -0.001578629 0.05492889 0.008212506 -0.001578629 0.05492889 0.008212506 -0.001578629 0.05492889 0.00804013 -0.001774668 0.05492812 0.00804013 -0.001774668 0.05492812 0.00804013 -0.001774668 0.05492812 0.008134424 -3.63671e-4 0.05494171 0.008134424 -3.63671e-4 0.05494171 0.008134424 -3.63671e-4 0.05494171 0.008279144 -5.80895e-4 0.05493849 0.008279144 -5.80895e-4 0.05493849 0.008279144 -5.80895e-4 0.05493849 0.00836277 -8.28186e-4 0.05493539 0.00836277 -8.28186e-4 0.05493539 0.00836277 -8.28186e-4 0.05493539 0.00836277 -8.28186e-4 0.05493539 -0.006184697 -0.008736729 0.05496054 -0.006184697 -0.008736729 0.05496054 -0.006184697 -0.008736729 0.05496054 -0.005446672 -0.009279191 0.05494976 -0.005446672 -0.009279191 0.05494976 -0.005446672 -0.009279191 0.05494976 -0.004664182 -0.009755253 0.05493927 -0.004664182 -0.009755253 0.05493927 -0.004664182 -0.009755253 0.05493927 -0.003843188 -0.01016139 0.05492925 -0.003843188 -0.01016139 0.05492925 -0.003843188 -0.01016139 0.05492925 -0.002989888 -0.01049435 0.05491971 -0.002989888 -0.01049435 0.05491971 -0.002989888 -0.01049435 0.05491971 -0.002110838 -0.01075172 0.05491077 -0.002110838 -0.01075172 0.05491077 -0.002110838 -0.01075172 0.05491077 -0.001212656 -0.01093143 0.05490243 -0.001212656 -0.01093143 0.05490243 -0.001212656 -0.01093143 0.05490243 -3.02267e-4 -0.01103222 0.05489486 -3.02267e-4 -0.01103222 0.05489486 -3.02267e-4 -0.01103222 0.05489486 6.13479e-4 -0.01105332 0.05488801 6.13479e-4 -0.01105332 0.05488801 6.13479e-4 -0.01105332 0.05488801 0.001527547 -0.01099443 0.05488198 0.001527547 -0.01099443 0.05488198 0.001527547 -0.01099443 0.05488198 0.002433061 -0.01085621 0.05487686 0.002433061 -0.01085621 0.05487686 0.002433061 -0.01085621 0.05487686 0.003323018 -0.01063954 0.05487263 0.003323018 -0.01063954 0.05487263 0.003323018 -0.01063954 0.05487263 0.004190802 -0.01034611 0.05486929 0.004190802 -0.01034611 0.05486929 0.004190802 -0.01034611 0.05486929 0.005029618 -0.009978234 0.05486696 0.005029618 -0.009978234 0.05486696 0.005029618 -0.009978234 0.05486696 0.005029618 -0.009978234 0.05486696 0.005833268 -0.00953859 0.05486559 0.005833268 -0.00953859 0.05486559 0.005833268 -0.00953859 0.05486559 0.007059156 -0.001968562 0.0549333 0.007059156 -0.001968562 0.0549333 0.007059156 -0.001968562 0.0549333 0.007059156 -0.001968562 0.0549333 0.004656732 -0.002007484 0.05495023 0.004656732 -0.002007484 0.05495023 0.004656732 -0.002007484 0.05495023 0.004656732 -0.002007484 0.05495023 0.00443083 -0.002551019 0.05494636 0.00443083 -0.002551019 0.05494636 0.00443083 -0.002551019 0.05494636 0.004135906 -0.0030604 0.05494338 0.004135906 -0.0030604 0.05494338 0.004135906 -0.0030604 0.05494338 0.004135906 -0.0030604 0.05494338 0.003776967 -0.003526926 0.05494123 0.003776967 -0.003526926 0.05494123 0.003776967 -0.003526926 0.05494123 0.003360271 -0.003942668 0.05494004 0.003360271 -0.003942668 0.05494004 0.003360271 -0.003942668 0.05494004 0.003360271 -0.003942668 0.05494004 0.002892851 -0.004300415 0.0549398 0.002892851 -0.004300415 0.0549398 0.002892851 -0.004300415 0.0549398 0.002892851 -0.004300415 0.0549398 2.53611e-4 -0.006593704 0.05493569 2.53611e-4 -0.006593704 0.05493569 2.53611e-4 -0.006593704 0.05493569 4.8759e-4 -0.006709396 0.05493283 4.8759e-4 -0.006709396 0.05493283 4.8759e-4 -0.006709396 0.05493283 6.83642e-4 -0.006881773 0.05492967 6.83642e-4 -0.006881773 0.05492967 6.83642e-4 -0.006881773 0.05492967 8.28401e-4 -0.007098972 0.05492645 8.28401e-4 -0.007098972 0.05492645 8.28401e-4 -0.007098972 0.05492645 9.1199e-4 -0.007346272 0.05492335 9.1199e-4 -0.007346272 0.05492335 9.1199e-4 -0.007346272 0.05492335 9.1199e-4 -0.007346272 0.05492335 9.28737e-4 -0.007606744 0.05492055 9.28737e-4 -0.007606744 0.05492055 9.28737e-4 -0.007606744 0.05492055 9.28737e-4 -0.007606744 0.05492055 8.77507e-4 -0.007862746 0.05491834 8.77507e-4 -0.007862746 0.05491834 8.77507e-4 -0.007862746 0.05491834 8.77507e-4 -0.007862746 0.05491834 8.77507e-4 -0.007862746 0.05491834 7.61745e-4 -0.008096694 0.05491685 7.61745e-4 -0.008096694 0.05491685 7.61745e-4 -0.008096694 0.05491685 7.61745e-4 -0.008096694 0.05491685 0.004888117 -2.67075e-4 0.05496615 0.004888117 -2.67075e-4 0.05496615 0.004888117 -2.67075e-4 0.05496615 0.006550967 -4.65584e-4 0.05495214 0.006550967 -4.65584e-4 0.05495214 0.006550967 -4.65584e-4 0.05495214 0.006723344 -2.69524e-4 0.05495285 0.006723344 -2.69524e-4 0.05495285 0.006723344 -2.69524e-4 0.05495285 0.006940603 -1.24756e-4 0.0549528 0.006940603 -1.24756e-4 0.0549528 0.006940603 -1.24756e-4 0.0549528 0.007187902 -4.11379e-5 0.05495184 0.007187902 -4.11379e-5 0.05495184 0.007187902 -4.11379e-5 0.05495184 0.007187902 -4.11379e-5 0.05495184 0.006979763 0.007624506 0.05503082 0.006979763 0.007624506 0.05503082 0.006979763 0.007624506 0.05503082 0.006241738 0.008167028 0.05504167 0.006241738 0.008167028 0.05504167 0.006241738 0.008167028 0.05504167 0.006241738 0.008167028 0.05504167 0.005459249 0.00864309 0.05505216 0.005459249 0.00864309 0.05505216 0.005459249 0.00864309 0.05505216 0.005459249 0.00864309 0.05505216 0.004638195 0.009049177 0.05506217 0.004638195 0.009049177 0.05506217 0.004638195 0.009049177 0.05506217 0.003784954 0.009382128 0.05507171 0.003784954 0.009382128 0.05507171 0.003784954 0.009382128 0.05507171 0.002905845 0.009639501 0.05508065 0.002905845 0.009639501 0.05508065 0.002905845 0.009639501 0.05508065 0.002007722 0.009819269 0.05508899 0.002007722 0.009819269 0.05508899 0.002007722 0.009819269 0.05508899 0.002007722 0.009819269 0.05508899 -9.66401e-4 -0.007981359 0.0549305 -9.66401e-4 -0.007981359 0.0549305 -9.66401e-4 -0.007981359 0.0549305 -9.66401e-4 -0.007981359 0.0549305 -9.66401e-4 -0.007981359 0.0549305 -0.001049995 -0.007734119 0.0549336 -0.001049995 -0.007734119 0.0549336 -0.001049995 -0.007734119 0.0549336 -0.001049995 -0.007734119 0.0549336 -0.001066744 -0.007473587 0.05493634 -0.001066744 -0.007473587 0.05493634 -0.001066744 -0.007473587 0.05493634 -0.001015484 -0.007217645 0.05493855 -0.001015484 -0.007217645 0.05493855 -0.001015484 -0.007217645 0.05493855 -0.001015484 -0.007217645 0.05493855 -8.99765e-4 -0.006983697 0.0549401 -8.99765e-4 -0.006983697 0.0549401 -8.99765e-4 -0.006983697 0.0549401 -8.99765e-4 -0.006983697 0.0549401 -7.27389e-4 -0.006787598 0.05494081 -7.27389e-4 -0.006787598 0.05494081 -7.27389e-4 -0.006787598 0.05494081 -5.10157e-4 -0.006642818 0.05494076 -5.10157e-4 -0.006642818 0.05494076 -5.10157e-4 -0.006642818 0.05494076 -5.10157e-4 -0.006642818 0.05494076 -2.62876e-4 -0.006559193 0.0549398 -2.62876e-4 -0.006559193 0.0549398 -2.62876e-4 -0.006559193 0.0549398 -0.002573668 -0.003935694 0.05498301 -0.002573668 -0.003935694 0.05498301 -0.002573668 -0.003935694 0.05498301 -0.002573668 -0.003935694 0.05498301 -0.002989351 -0.003518998 0.05499023 -0.002989351 -0.003518998 0.05499023 -0.002989351 -0.003518998 0.05499023 -0.003347098 -0.003051578 0.05499756 -0.003347098 -0.003051578 0.05499756 -0.003347098 -0.003051578 0.05499756 -0.003347098 -0.003051578 0.05499756 -0.00364077 -0.002541542 0.05500483 -0.00364077 -0.002541542 0.05500483 -0.00364077 -0.002541542 0.05500483 -0.003865301 -0.00199747 0.05501192 -0.003865301 -0.00199747 0.05501192 -0.003865301 -0.00199747 0.05501192 -0.004016935 -0.001428723 0.05501878 -0.004016935 -0.001428723 0.05501878 -0.004016935 -0.001428723 0.05501878 -0.004016935 -0.001428723 0.05501878 -0.006392836 -0.001071035 0.05503958 -0.006392836 -0.001071035 0.05503958 -0.006392836 -0.001071035 0.05503958 -0.006392836 -0.001071035 0.05503958 -0.00626409 8.56415e-4 0.05505812 -0.00626409 8.56415e-4 0.05505812 -0.00626409 8.56415e-4 0.05505812 -0.00626409 8.56415e-4 0.05505812 -0.006030082 7.40684e-4 0.05505526 -0.006030082 7.40684e-4 0.05505526 -0.006030082 7.40684e-4 0.05505526 -0.006030082 7.40684e-4 0.05505526 -0.005834043 5.68352e-4 0.0550521 -0.005834043 5.68352e-4 0.0550521 -0.005834043 5.68352e-4 0.0550521 1.81592e-4 0.009941101 0.05510342 1.81592e-4 0.009941101 0.05510342 1.81592e-4 0.009941101 0.05510342 1.81592e-4 0.009941101 0.05510342 -7.32504e-4 0.009882271 0.05510944 -7.32504e-4 0.009882271 0.05510944 -7.32504e-4 0.009882271 0.05510944 -0.001637995 0.009743988 0.05511456 -0.001637995 0.009743988 0.05511456 -0.001637995 0.009743988 0.05511456 -0.001637995 0.009743988 0.05511456 -0.002527952 0.009527325 0.05511879 -0.002527952 0.009527325 0.05511879 -0.002527952 0.009527325 0.05511879 -0.002527952 0.009527325 0.05511879 -0.002527952 0.009527325 0.05511879 -0.003395736 0.009233951 0.05512213 -0.003395736 0.009233951 0.05512213 -0.003395736 0.009233951 0.05512213 -0.003395736 0.009233951 0.05512213 -0.004234611 0.008866012 0.05512446 -0.004234611 0.008866012 0.05512446 -0.004234611 0.008866012 0.05512446 -0.005038201 0.008426427 0.05512583 -0.005038201 0.008426427 0.05512583 -0.005038201 0.008426427 0.05512583 -0.01004117 -0.001686811 0.05505973 -0.01004117 -0.001686811 0.05505973 -0.01004117 -0.001686811 0.05505973 -0.009902954 -0.002592265 0.05504959 -0.009902954 -0.002592265 0.05504959 -0.009902954 -0.002592265 0.05504959 -0.00968635 -0.003482282 0.05503898 -0.00968635 -0.003482282 0.05503898 -0.00968635 -0.003482282 0.05503898 -0.009393036 -0.004349946 0.05502814 -0.009393036 -0.004349946 0.05502814 -0.009393036 -0.004349946 0.05502814 -0.009025156 -0.005188763 0.05501699 -0.009025156 -0.005188763 0.05501699 -0.009025156 -0.005188763 0.05501699 -0.008585572 -0.005992352 0.05500566 -0.008585572 -0.005992352 0.05500566 -0.008585572 -0.005992352 0.05500566 -0.008077621 -0.006754517 0.05499428 -0.008077621 -0.006754517 0.05499428 -0.008077621 -0.006754517 0.05499428 -0.01007884 1.42929e-4 0.0550785 -0.01007884 1.42929e-4 0.0550785 -0.01007884 1.42929e-4 0.0550785 -0.01007884 1.42929e-4 0.0550785 -0.007339358 -7.48513e-4 0.05504971 -0.007339358 -7.48513e-4 0.05504971 -0.007339358 -7.48513e-4 0.05504971 -0.007339358 -7.48513e-4 0.05504971 -0.007484078 -5.31296e-4 0.05505293 -0.007484078 -5.31296e-4 0.05505293 -0.007484078 -5.31296e-4 0.05505293 -0.007484078 -5.31296e-4 0.05505293 -0.007567703 -2.84012e-4 0.05505603 -0.007567703 -2.84012e-4 0.05505603 -0.007567703 -2.84012e-4 0.05505603 -0.007584452 -2.35063e-5 0.05505877 -0.007584452 -2.35063e-5 0.05505877 -0.007584452 -2.35063e-5 0.05505877 -0.007533192 2.3246e-4 0.05506098 -0.007533192 2.3246e-4 0.05506098 -0.007533192 2.3246e-4 0.05506098 -0.009977936 0.001053273 0.05508697 -0.009977936 0.001053273 0.05508697 -0.009977936 0.001053273 0.05508697 -0.00741744 4.66438e-4 0.05506253 -0.00741744 4.66438e-4 0.05506253 -0.00741744 4.66438e-4 0.05506253 -0.007245123 6.62498e-4 0.05506324 -0.007245123 6.62498e-4 0.05506324 -0.007245123 6.62498e-4 0.05506324 -0.007245123 6.62498e-4 0.05506324 -0.007027864 8.07266e-4 0.05506318 -0.007027864 8.07266e-4 0.05506318 -0.007027864 8.07266e-4 0.05506318 1.0883e-4 0.003934383 0.05504322 1.0883e-4 0.003934383 0.05504322 1.0883e-4 0.003934383 0.05504322 1.0883e-4 0.003934383 0.05504322 1.0883e-4 0.003934383 0.05504322 1.11429e-4 0.00576955 0.05506175 1.11429e-4 0.00576955 0.05506175 1.11429e-4 0.00576955 0.05506175 1.11429e-4 0.00576955 0.05506175 -3.33512e-5 0.005986809 0.05506497 -3.33512e-5 0.005986809 0.05506497 -3.33512e-5 0.005986809 0.05506497 -3.33512e-5 0.005986809 0.05506497 -1.1694e-4 0.006234049 0.05506807 -1.1694e-4 0.006234049 0.05506807 -1.1694e-4 0.006234049 0.05506807 0.001280903 0.003856122 0.05503392 0.001280903 0.003856122 0.05503392 0.001280903 0.003856122 0.05503392 0.001305222 0.005530655 0.05505067 0.001305222 0.005530655 0.05505067 0.001305222 0.005530655 0.05505067 0.001305222 0.005530655 0.05505067 0.001305222 0.005530655 0.05505067 0.001057922 0.00544703 0.05505162 0.001057922 0.00544703 0.05505162 0.001057922 0.00544703 0.05505162 0.001057922 0.00544703 0.05505162 0.006825149 -0.001852869 0.05493617 0.006825149 -0.001852869 0.05493617 0.006825149 -0.001852869 0.05493617 0.004887402 -8.55667e-4 0.05496019 0.004887402 -8.55667e-4 0.05496019 0.004887402 -8.55667e-4 0.05496019 0.004887402 -8.55667e-4 0.05496019 0.006400763 -0.001215994 0.05494564 0.006400763 -0.001215994 0.05494564 0.006400763 -0.001215994 0.05494564 0.006400763 -0.001215994 0.05494564 0.006400763 -0.001215994 0.05494564 0.006384015 -9.55529e-4 0.05494838 0.006384015 -9.55529e-4 0.05494838 0.006384015 -9.55529e-4 0.05494838 0.006435275 -6.99578e-4 0.05495059 0.006435275 -6.99578e-4 0.05495059 0.006435275 -6.99578e-4 0.05495059 -0.006145536 -9.87427e-4 0.05503863 -0.006145536 -9.87427e-4 0.05503863 -0.006145536 -9.87427e-4 0.05503863 -0.006145536 -9.87427e-4 0.05503863 -0.00409305 -8.45108e-4 0.05502521 -0.00409305 -8.45108e-4 0.05502521 -0.00409305 -8.45108e-4 0.05502521 -0.00409305 -8.45108e-4 0.05502521 -0.005928337 -8.42652e-4 0.05503857 -0.005928337 -8.42652e-4 0.05503857 -0.005928337 -8.42652e-4 0.05503857 -0.005928337 -8.42652e-4 0.05503857 -0.004092335 -2.56508e-4 0.05503118 -0.004092335 -2.56508e-4 0.05503118 -0.004092335 -2.56508e-4 0.05503118 -0.005640208 -4.12613e-4 0.05504083 -0.005640208 -4.12613e-4 0.05504083 -0.005640208 -4.12613e-4 0.05504083 -0.00575596 -6.46599e-4 0.05503928 -0.00575596 -6.46599e-4 0.05503928 -0.00575596 -6.46599e-4 0.05503928 -0.005588948 -1.56655e-4 0.05504304 -0.005588948 -1.56655e-4 0.05504304 -0.005588948 -1.56655e-4 0.05504304 -0.005588948 -1.56655e-4 0.05504304 -0.006428956 -0.03265732 0.001216351 -0.006428956 -0.03265732 0.001216351 -0.006428956 -0.03265732 0.001216351 -0.006450951 -0.03299075 0.001250743 -0.006450951 -0.03299075 0.001250743 -0.006450951 -0.03299075 0.001250743 -0.006450951 -0.03299075 0.001250743 -0.006450951 -0.03299075 0.001250743 -0.006471216 -0.0333082 0.001358628 -0.006471216 -0.0333082 0.001358628 -0.006471216 -0.0333082 0.001358628 -0.006471216 -0.0333082 0.001358628 -0.006471216 -0.0333082 0.001358628 -0.006471216 -0.0333082 0.001358628 -0.006488919 -0.03359371 0.001534581 -0.006488919 -0.03359371 0.001534581 -0.006488919 -0.03359371 0.001534581 -0.006488919 -0.03359371 0.001534581 -0.006503045 -0.03383314 0.001769781 -0.006503045 -0.03383314 0.001769781 -0.006503045 -0.03383314 0.001769781 -0.006503045 -0.03383314 0.001769781 -0.00651288 -0.03401428 0.002052485 -0.00651288 -0.03401428 0.002052485 -0.00651288 -0.03401428 0.002052485 -0.00651288 -0.03401428 0.002052485 -0.00651288 -0.03401428 0.002052485 -0.006518006 -0.03412818 0.00236845 -0.006518006 -0.03412818 0.00236845 -0.006518006 -0.03412818 0.00236845 -0.006518065 -0.03416913 0.002701818 -0.006518065 -0.03416913 0.002701818 -0.006518065 -0.03416913 0.002701818 -0.006406426 -0.03232473 0.001257181 -0.006406426 -0.03232473 0.001257181 -0.006406426 -0.03232473 0.001257181 -0.006406426 -0.03232473 0.001257181 -0.006384491 -0.03200948 0.001371145 -0.006384491 -0.03200948 0.001371145 -0.006384491 -0.03200948 0.001371145 -0.006384491 -0.03200948 0.001371145 -0.006384491 -0.03200948 0.001371145 -0.006364226 -0.03172755 0.001552581 -0.006364226 -0.03172755 0.001552581 -0.006364226 -0.03172755 0.001552581 -0.006364226 -0.03172755 0.001552581 -0.006364226 -0.03172755 0.001552581 -0.006346702 -0.03149294 0.001792311 -0.006346702 -0.03149294 0.001792311 -0.006346702 -0.03149294 0.001792311 -0.006346702 -0.03149294 0.001792311 -0.006332755 -0.03131753 0.002078413 -0.006332755 -0.03131753 0.002078413 -0.006332755 -0.03131753 0.002078413 -0.006332755 -0.03131753 0.002078413 -0.006323039 -0.03121006 0.002396523 -0.006323039 -0.03121006 0.002396523 -0.006323039 -0.03121006 0.002396523 -0.006323039 -0.03121006 0.002396523 -0.006323039 -0.03121006 0.002396523 -0.006318151 -0.03117591 0.002730667 -0.006318151 -0.03117591 0.002730667 -0.006318151 -0.03117591 0.002730667 -0.006318151 -0.03117591 0.002730667 -0.00640726 -0.03268766 0.004216134 -0.00640726 -0.03268766 0.004216134 -0.00640726 -0.03268766 0.004216134 -0.006385266 -0.03235423 0.004181742 -0.006385266 -0.03235423 0.004181742 -0.006385266 -0.03235423 0.004181742 -0.006385266 -0.03235423 0.004181742 -0.006385266 -0.03235423 0.004181742 -0.006364941 -0.03203678 0.004073858 -0.006364941 -0.03203678 0.004073858 -0.006364941 -0.03203678 0.004073858 -0.006364941 -0.03203678 0.004073858 -0.006364941 -0.03203678 0.004073858 -0.006347298 -0.03175127 0.003897905 -0.006347298 -0.03175127 0.003897905 -0.006347298 -0.03175127 0.003897905 -0.006347298 -0.03175127 0.003897905 -0.006333172 -0.0315119 0.003662645 -0.006333172 -0.0315119 0.003662645 -0.006333172 -0.0315119 0.003662645 -0.006333172 -0.0315119 0.003662645 -0.006333172 -0.0315119 0.003662645 -0.006323337 -0.0313307 0.00338 -0.006323337 -0.0313307 0.00338 -0.006323337 -0.0313307 0.00338 -0.006323337 -0.0313307 0.00338 -0.006318211 -0.0312168 0.003064036 -0.006318211 -0.0312168 0.003064036 -0.006318211 -0.0312168 0.003064036 -0.006429791 -0.03302031 0.004175305 -0.006429791 -0.03302031 0.004175305 -0.006429791 -0.03302031 0.004175305 -0.006429791 -0.03302031 0.004175305 -0.006451725 -0.0333355 0.004061341 -0.006451725 -0.0333355 0.004061341 -0.006451725 -0.0333355 0.004061341 -0.006451725 -0.0333355 0.004061341 -0.006451725 -0.0333355 0.004061341 -0.006471991 -0.03361743 0.003879904 -0.006471991 -0.03361743 0.003879904 -0.006471991 -0.03361743 0.003879904 -0.006471991 -0.03361743 0.003879904 -0.006471991 -0.03361743 0.003879904 -0.006489515 -0.03385204 0.003640115 -0.006489515 -0.03385204 0.003640115 -0.006489515 -0.03385204 0.003640115 -0.006489515 -0.03385204 0.003640115 -0.006489515 -0.03385204 0.003640115 -0.006489515 -0.03385204 0.003640115 -0.006503462 -0.03402745 0.003354012 -0.006503462 -0.03402745 0.003354012 -0.006503462 -0.03402745 0.003354012 -0.006503462 -0.03402745 0.003354012 -0.006503462 -0.03402745 0.003354012 -0.006503462 -0.03402745 0.003354012 -0.006513178 -0.03413492 0.003035962 -0.006513178 -0.03413492 0.003035962 -0.006513178 -0.03413492 0.003035962 -0.006513178 -0.03413492 0.003035962 -0.00707376 -0.042665 0.004120051 -0.00707376 -0.042665 0.004120051 -0.00707376 -0.042665 0.004120051 -0.007051765 -0.04233157 0.004085659 -0.007051765 -0.04233157 0.004085659 -0.007051765 -0.04233157 0.004085659 -0.007051765 -0.04233157 0.004085659 -0.007051765 -0.04233157 0.004085659 -0.00703144 -0.04201412 0.003977775 -0.00703144 -0.04201412 0.003977775 -0.00703144 -0.04201412 0.003977775 -0.00703144 -0.04201412 0.003977775 -0.00703144 -0.04201412 0.003977775 -0.007013797 -0.04172855 0.003801822 -0.007013797 -0.04172855 0.003801822 -0.007013797 -0.04172855 0.003801822 -0.007013797 -0.04172855 0.003801822 -0.006999671 -0.04148918 0.003566563 -0.006999671 -0.04148918 0.003566563 -0.006999671 -0.04148918 0.003566563 -0.006999671 -0.04148918 0.003566563 -0.006989836 -0.04130798 0.003283917 -0.006989836 -0.04130798 0.003283917 -0.006989836 -0.04130798 0.003283917 -0.00698471 -0.04119408 0.002967953 -0.00698471 -0.04119408 0.002967953 -0.00698471 -0.04119408 0.002967953 -0.00698471 -0.04119408 0.002967953 -0.006984591 -0.04115325 0.002634584 -0.006984591 -0.04115325 0.002634584 -0.006984591 -0.04115325 0.002634584 -0.00709623 -0.04299759 0.004079222 -0.00709623 -0.04299759 0.004079222 -0.00709623 -0.04299759 0.004079222 -0.00709623 -0.04299759 0.004079222 -0.007118225 -0.04331278 0.003965258 -0.007118225 -0.04331278 0.003965258 -0.007118225 -0.04331278 0.003965258 -0.007118225 -0.04331278 0.003965258 -0.007118225 -0.04331278 0.003965258 -0.007138431 -0.04359477 0.003783822 -0.007138431 -0.04359477 0.003783822 -0.007138431 -0.04359477 0.003783822 -0.007138431 -0.04359477 0.003783822 -0.007155954 -0.04382932 0.003544032 -0.007155954 -0.04382932 0.003544032 -0.007155954 -0.04382932 0.003544032 -0.007155954 -0.04382932 0.003544032 -0.007155954 -0.04382932 0.003544032 -0.007169961 -0.04400479 0.003257989 -0.007169961 -0.04400479 0.003257989 -0.007169961 -0.04400479 0.003257989 -0.007179617 -0.04411226 0.002939879 -0.007179617 -0.04411226 0.002939879 -0.007179617 -0.04411226 0.002939879 -0.007184565 -0.04414641 0.002605736 -0.007184565 -0.04414641 0.002605736 -0.007184565 -0.04414641 0.002605736 -0.007184565 -0.04414641 0.002605736 -0.007095456 -0.04263466 0.001120269 -0.007095456 -0.04263466 0.001120269 -0.007095456 -0.04263466 0.001120269 -0.00711739 -0.04296803 0.001154661 -0.00711739 -0.04296803 0.001154661 -0.00711739 -0.04296803 0.001154661 -0.00711739 -0.04296803 0.001154661 -0.00711739 -0.04296803 0.001154661 -0.007137715 -0.04328548 0.001262545 -0.007137715 -0.04328548 0.001262545 -0.007137715 -0.04328548 0.001262545 -0.007137715 -0.04328548 0.001262545 -0.007137715 -0.04328548 0.001262545 -0.007137715 -0.04328548 0.001262545 -0.007155358 -0.04357105 0.001438498 -0.007155358 -0.04357105 0.001438498 -0.007155358 -0.04357105 0.001438498 -0.007155358 -0.04357105 0.001438498 -0.007169485 -0.04381042 0.001673758 -0.007169485 -0.04381042 0.001673758 -0.007169485 -0.04381042 0.001673758 -0.007169485 -0.04381042 0.001673758 -0.007169485 -0.04381042 0.001673758 -0.007179319 -0.04399162 0.001956403 -0.007179319 -0.04399162 0.001956403 -0.007179319 -0.04399162 0.001956403 -0.007179319 -0.04399162 0.001956403 -0.007184445 -0.04410547 0.002272367 -0.007184445 -0.04410547 0.002272367 -0.007184445 -0.04410547 0.002272367 -0.007184445 -0.04410547 0.002272367 -0.007072925 -0.04230201 0.001161098 -0.007072925 -0.04230201 0.001161098 -0.007072925 -0.04230201 0.001161098 -0.007072925 -0.04230201 0.001161098 -0.007050991 -0.04198682 0.001275062 -0.007050991 -0.04198682 0.001275062 -0.007050991 -0.04198682 0.001275062 -0.007050991 -0.04198682 0.001275062 -0.007050991 -0.04198682 0.001275062 -0.007030725 -0.04170483 0.001456499 -0.007030725 -0.04170483 0.001456499 -0.007030725 -0.04170483 0.001456499 -0.007030725 -0.04170483 0.001456499 -0.007013201 -0.04147028 0.001696288 -0.007013201 -0.04147028 0.001696288 -0.007013201 -0.04147028 0.001696288 -0.007013201 -0.04147028 0.001696288 -0.007013201 -0.04147028 0.001696288 -0.006999194 -0.04129481 0.00198239 -0.006999194 -0.04129481 0.00198239 -0.006999194 -0.04129481 0.00198239 -0.006999194 -0.04129481 0.00198239 -0.006989538 -0.04118734 0.002300441 -0.006989538 -0.04118734 0.002300441 -0.006989538 -0.04118734 0.002300441 -0.006989538 -0.04118734 0.002300441 -0.006719589 -0.04316037 0.05311626 -0.006719589 -0.04316037 0.05311626 -0.006719589 -0.04316037 0.05311626 -0.006697595 -0.04282701 0.05308187 -0.006697595 -0.04282701 0.05308187 -0.006697595 -0.04282701 0.05308187 -0.006697595 -0.04282701 0.05308187 -0.006697595 -0.04282701 0.05308187 -0.006677269 -0.04250955 0.05297398 -0.006677269 -0.04250955 0.05297398 -0.006677269 -0.04250955 0.05297398 -0.006677269 -0.04250955 0.05297398 -0.006677269 -0.04250955 0.05297398 -0.006659626 -0.04222398 0.05279803 -0.006659626 -0.04222398 0.05279803 -0.006659626 -0.04222398 0.05279803 -0.006659626 -0.04222398 0.05279803 -0.006659626 -0.04222398 0.05279803 -0.0066455 -0.04198461 0.05256283 -0.0066455 -0.04198461 0.05256283 -0.0066455 -0.04198461 0.05256283 -0.0066455 -0.04198461 0.05256283 -0.006635665 -0.04180341 0.05228012 -0.006635665 -0.04180341 0.05228012 -0.006635665 -0.04180341 0.05228012 -0.006635665 -0.04180341 0.05228012 -0.006630539 -0.04168951 0.05196416 -0.006630539 -0.04168951 0.05196416 -0.006630539 -0.04168951 0.05196416 -0.00663042 -0.04164862 0.05163079 -0.00663042 -0.04164862 0.05163079 -0.00663042 -0.04164862 0.05163079 -0.00663042 -0.04164862 0.05163079 -0.006742119 -0.04349303 0.05307543 -0.006742119 -0.04349303 0.05307543 -0.006742119 -0.04349303 0.05307543 -0.006742119 -0.04349303 0.05307543 -0.006763994 -0.04380822 0.05296146 -0.006763994 -0.04380822 0.05296146 -0.006763994 -0.04380822 0.05296146 -0.006763994 -0.04380822 0.05296146 -0.006763994 -0.04380822 0.05296146 -0.00678426 -0.04409015 0.05278003 -0.00678426 -0.04409015 0.05278003 -0.00678426 -0.04409015 0.05278003 -0.00678426 -0.04409015 0.05278003 -0.006801843 -0.04432475 0.0525403 -0.006801843 -0.04432475 0.0525403 -0.006801843 -0.04432475 0.0525403 -0.006801843 -0.04432475 0.0525403 -0.006801843 -0.04432475 0.0525403 -0.006815791 -0.04450017 0.05225419 -0.006815791 -0.04450017 0.05225419 -0.006815791 -0.04450017 0.05225419 -0.006815791 -0.04450017 0.05225419 -0.006825447 -0.04460763 0.05193608 -0.006825447 -0.04460763 0.05193608 -0.006825447 -0.04460763 0.05193608 -0.006825447 -0.04460763 0.05193608 -0.006825447 -0.04460763 0.05193608 -0.006830394 -0.04464179 0.05160194 -0.006830394 -0.04464179 0.05160194 -0.006830394 -0.04464179 0.05160194 -0.006830394 -0.04464179 0.05160194 -0.006741225 -0.04313004 0.05011647 -0.006741225 -0.04313004 0.05011647 -0.006741225 -0.04313004 0.05011647 -0.006763219 -0.04346346 0.05015087 -0.006763219 -0.04346346 0.05015087 -0.006763219 -0.04346346 0.05015087 -0.006763219 -0.04346346 0.05015087 -0.006763219 -0.04346346 0.05015087 -0.006783545 -0.04378092 0.05025875 -0.006783545 -0.04378092 0.05025875 -0.006783545 -0.04378092 0.05025875 -0.006783545 -0.04378092 0.05025875 -0.006783545 -0.04378092 0.05025875 -0.006783545 -0.04378092 0.05025875 -0.006801247 -0.04406648 0.0504347 -0.006801247 -0.04406648 0.0504347 -0.006801247 -0.04406648 0.0504347 -0.006801247 -0.04406648 0.0504347 -0.006815314 -0.04430586 0.05066996 -0.006815314 -0.04430586 0.05066996 -0.006815314 -0.04430586 0.05066996 -0.006815314 -0.04430586 0.05066996 -0.006815314 -0.04430586 0.05066996 -0.006825208 -0.04448699 0.05095261 -0.006825208 -0.04448699 0.05095261 -0.006825208 -0.04448699 0.05095261 -0.006825208 -0.04448699 0.05095261 -0.006825208 -0.04448699 0.05095261 -0.006830275 -0.0446009 0.05126857 -0.006830275 -0.0446009 0.05126857 -0.006830275 -0.0446009 0.05126857 -0.006718754 -0.04279744 0.0501573 -0.006718754 -0.04279744 0.0501573 -0.006718754 -0.04279744 0.0501573 -0.006718754 -0.04279744 0.0501573 -0.00669682 -0.04248219 0.05027127 -0.00669682 -0.04248219 0.05027127 -0.00669682 -0.04248219 0.05027127 -0.00669682 -0.04248219 0.05027127 -0.00669682 -0.04248219 0.05027127 -0.006676554 -0.04220026 0.0504527 -0.006676554 -0.04220026 0.0504527 -0.006676554 -0.04220026 0.0504527 -0.006676554 -0.04220026 0.0504527 -0.00665903 -0.04196566 0.05069249 -0.00665903 -0.04196566 0.05069249 -0.00665903 -0.04196566 0.05069249 -0.00665903 -0.04196566 0.05069249 -0.00665903 -0.04196566 0.05069249 -0.00665903 -0.04196566 0.05069249 -0.006645023 -0.04179024 0.0509786 -0.006645023 -0.04179024 0.0509786 -0.006645023 -0.04179024 0.0509786 -0.006645023 -0.04179024 0.0509786 -0.006645023 -0.04179024 0.0509786 -0.006635367 -0.04168277 0.05129665 -0.006635367 -0.04168277 0.05129665 -0.006635367 -0.04168277 0.05129665 -0.006635367 -0.04168277 0.05129665 -0.006074786 -0.03315275 0.05021256 -0.006074786 -0.03315275 0.05021256 -0.006074786 -0.03315275 0.05021256 -0.00609678 -0.03348612 0.05024695 -0.00609678 -0.03348612 0.05024695 -0.00609678 -0.03348612 0.05024695 -0.00609678 -0.03348612 0.05024695 -0.00609678 -0.03348612 0.05024695 -0.006117105 -0.03380358 0.05035483 -0.006117105 -0.03380358 0.05035483 -0.006117105 -0.03380358 0.05035483 -0.006117105 -0.03380358 0.05035483 -0.006117105 -0.03380358 0.05035483 -0.006134748 -0.03408914 0.05053079 -0.006134748 -0.03408914 0.05053079 -0.006134748 -0.03408914 0.05053079 -0.006134748 -0.03408914 0.05053079 -0.006134748 -0.03408914 0.05053079 -0.006148874 -0.03432852 0.05076599 -0.006148874 -0.03432852 0.05076599 -0.006148874 -0.03432852 0.05076599 -0.006148874 -0.03432852 0.05076599 -0.006158709 -0.03450971 0.05104869 -0.006158709 -0.03450971 0.05104869 -0.006158709 -0.03450971 0.05104869 -0.006158709 -0.03450971 0.05104869 -0.006163835 -0.03462362 0.05136466 -0.006163835 -0.03462362 0.05136466 -0.006163835 -0.03462362 0.05136466 -0.006163895 -0.03466451 0.05169802 -0.006163895 -0.03466451 0.05169802 -0.006163895 -0.03466451 0.05169802 -0.006052255 -0.0328201 0.05025339 -0.006052255 -0.0328201 0.05025339 -0.006052255 -0.0328201 0.05025339 -0.006052255 -0.0328201 0.05025339 -0.006030321 -0.03250491 0.05036735 -0.006030321 -0.03250491 0.05036735 -0.006030321 -0.03250491 0.05036735 -0.006030321 -0.03250491 0.05036735 -0.006030321 -0.03250491 0.05036735 -0.006030321 -0.03250491 0.05036735 -0.006010115 -0.03222292 0.05054879 -0.006010115 -0.03222292 0.05054879 -0.006010115 -0.03222292 0.05054879 -0.006010115 -0.03222292 0.05054879 -0.006010115 -0.03222292 0.05054879 -0.005992531 -0.03198838 0.05078852 -0.005992531 -0.03198838 0.05078852 -0.005992531 -0.03198838 0.05078852 -0.005992531 -0.03198838 0.05078852 -0.005992531 -0.03198838 0.05078852 -0.005978584 -0.03181296 0.05107462 -0.005978584 -0.03181296 0.05107462 -0.005978584 -0.03181296 0.05107462 -0.005978584 -0.03181296 0.05107462 -0.005968868 -0.03170543 0.05139273 -0.005968868 -0.03170543 0.05139273 -0.005968868 -0.03170543 0.05139273 -0.005968868 -0.03170543 0.05139273 -0.005963981 -0.03167134 0.05172687 -0.005963981 -0.03167134 0.05172687 -0.005963981 -0.03167134 0.05172687 -0.005963981 -0.03167134 0.05172687 -0.00605309 -0.03318309 0.05321234 -0.00605309 -0.03318309 0.05321234 -0.00605309 -0.03318309 0.05321234 -0.006031155 -0.03284966 0.05317795 -0.006031155 -0.03284966 0.05317795 -0.006031155 -0.03284966 0.05317795 -0.006031155 -0.03284966 0.05317795 -0.006031155 -0.03284966 0.05317795 -0.00601077 -0.03253221 0.05307006 -0.00601077 -0.03253221 0.05307006 -0.00601077 -0.03253221 0.05307006 -0.00601077 -0.03253221 0.05307006 -0.00601077 -0.03253221 0.05307006 -0.005993127 -0.03224664 0.05289411 -0.005993127 -0.03224664 0.05289411 -0.005993127 -0.03224664 0.05289411 -0.005993127 -0.03224664 0.05289411 -0.005979001 -0.03200727 0.05265885 -0.005979001 -0.03200727 0.05265885 -0.005979001 -0.03200727 0.05265885 -0.005979001 -0.03200727 0.05265885 -0.005969166 -0.03182607 0.05237621 -0.005969166 -0.03182607 0.05237621 -0.005969166 -0.03182607 0.05237621 -0.005969166 -0.03182607 0.05237621 -0.00596404 -0.03171223 0.05206024 -0.00596404 -0.03171223 0.05206024 -0.00596404 -0.03171223 0.05206024 -0.00596404 -0.03171223 0.05206024 -0.00607562 -0.03351569 0.05317151 -0.00607562 -0.03351569 0.05317151 -0.00607562 -0.03351569 0.05317151 -0.00607562 -0.03351569 0.05317151 -0.006097555 -0.03383094 0.05305755 -0.006097555 -0.03383094 0.05305755 -0.006097555 -0.03383094 0.05305755 -0.006097555 -0.03383094 0.05305755 -0.006097555 -0.03383094 0.05305755 -0.006117761 -0.03411287 0.05287611 -0.006117761 -0.03411287 0.05287611 -0.006117761 -0.03411287 0.05287611 -0.006117761 -0.03411287 0.05287611 -0.006117761 -0.03411287 0.05287611 -0.006135344 -0.03434747 0.05263632 -0.006135344 -0.03434747 0.05263632 -0.006135344 -0.03434747 0.05263632 -0.006135344 -0.03434747 0.05263632 -0.006135344 -0.03434747 0.05263632 -0.006149291 -0.03452289 0.05235022 -0.006149291 -0.03452289 0.05235022 -0.006149291 -0.03452289 0.05235022 -0.006149291 -0.03452289 0.05235022 -0.006159007 -0.03463035 0.05203217 -0.006159007 -0.03463035 0.05203217 -0.006159007 -0.03463035 0.05203217 -0.006159007 -0.03463035 0.05203217</float_array>
          <technique_common>
            <accessor source="#Leg_A_002-mesh-positions-array" count="5329" stride="3">
              <param name="X" type="float"/>
              <param name="Y" type="float"/>
              <param name="Z" type="float"/>
            </accessor>
          </technique_common>
        </source>
        <source id="Leg_A_002-mesh-normals">
          <float_array id="Leg_A_002-mesh-normals-array" count="8493">0.007223129 -0.01011019 0.9999229 0.007226109 -0.01011055 0.9999228 0.007227957 -0.01011091 0.9999228 0.007230699 -0.01010966 0.9999228 0.007228672 -0.01010996 0.9999228 0.007224738 -0.01011055 0.9999228 0.007229268 -0.01011043 0.9999228 0.007229983 -0.01011079 0.9999228 0.007227838 -0.01011145 0.9999228 0.007234156 -0.0101121 0.9999228 0.007223725 -0.01010966 0.9999229 0.007224738 -0.01010954 0.9999229 0.007229804 -0.01011061 0.9999228 0.0072335 -0.01010447 0.9999228 0.007221341 -0.01011633 0.9999228 0.007232308 -0.0101062 0.9999229 0.007228016 -0.01011055 0.9999228 0.007227599 -0.01011157 0.9999228 0.007228493 -0.01010781 0.9999228 0.007229208 -0.01011312 0.9999228 0.007228016 -0.01011097 0.9999228 0.007226586 -0.01010781 0.9999229 0.007229328 -0.01011216 0.9999228 0.007227778 -0.01011043 0.9999228 0.007227122 -0.01011037 0.9999229 0.007227957 -0.01011049 0.9999228 0.007227897 -0.01011043 0.9999228 0.007227778 -0.01011133 0.9999228 0.007225871 -0.01011246 0.9999228 0.007228374 -0.01010924 0.9999228 0.00722742 -0.01011121 0.9999228 0.007228076 -0.01011037 0.9999228 0.007227122 -0.01011025 0.9999228 0.007228612 -0.01011031 0.9999228 0.007228255 -0.01011037 0.9999228 0.007226884 -0.01011031 0.9999229 0.007228672 -0.01011186 0.9999228 0.007205426 -0.01011294 0.999923 0.007229626 -0.01010996 0.9999228 0.007229387 -0.01011013 0.9999228 0.00722593 -0.01011085 0.9999228 0.007227122 -0.01011061 0.9999229 0.007230818 -0.01010942 0.9999228 0.007225453 -0.01011115 0.9999229 0.007229208 -0.01011019 0.9999228 0.007227838 -0.01011037 0.9999228 0.007226705 -0.01011097 0.9999228 0.007227659 -0.01011037 0.9999228 0.007226884 -0.01011186 0.9999228 0.007228314 -0.01010966 0.9999228 0.007227897 -0.01011013 0.9999228 0.007228314 -0.01011091 0.9999228 0.007227659 -0.01010924 0.9999229 0.007227838 -0.01010996 0.9999228 0.007227599 -0.01011031 0.9999229 0.007225573 -0.01011294 0.9999228 0.007227122 -0.01011002 0.9999229 0.007236182 -0.01010525 0.9999228 0.007227778 -0.01011037 0.9999228 0.007227063 -0.01010972 0.9999228 0.007227778 -0.01011043 0.9999229 0.007229864 -0.01011073 0.9999228 0.00722438 -0.01010954 0.9999228 0.007229387 -0.01011049 0.9999228 0.00722891 -0.01011145 0.9999228 0.007223129 -0.01010829 0.9999228 0.007231354 -0.01011222 0.9999228 0.007227778 -0.01011002 0.9999229 0.007250249 -0.01011574 0.9999226 0.007233142 -0.01011091 0.9999228 0.007228076 -0.01011031 0.9999228 0.00722748 -0.01011013 0.9999229 0.007228672 -0.01011031 0.9999228 0.00721848 -0.01010984 0.9999229 0.007239222 -0.01010042 0.9999229 0.007227778 -0.01011043 0.9999229 0.007225751 -0.01010662 0.9999229 0.007228195 -0.01011061 0.9999228 0.007228255 -0.01011198 0.9999228 0.007228016 -0.01010954 0.9999229 0.007228314 -0.01011168 0.9999228 0.007226288 -0.01010775 0.9999228 0.007227957 -0.01011037 0.9999229 0.007219493 -0.01011681 0.9999228 0.00723356 -0.01010584 0.9999228 0.007225275 -0.01011282 0.9999228 0.007228851 -0.01011037 0.9999228 0.007228136 -0.01010918 0.9999229 0.007226824 -0.01011174 0.9999228 0.007228255 -0.01011079 0.9999228 0.007228314 -0.0101093 0.9999228 0.007226884 -0.01011049 0.9999229 0.007228553 -0.01011031 0.9999228 0.007227778 -0.01011031 0.9999229 0.007229208 -0.01010751 0.9999229 0.007227122 -0.0101152 0.9999228 0.007228255 -0.01010513 0.9999228 0.00722754 -0.01011353 0.9999228 0.007227957 -0.01011097 0.9999228 0.007227122 -0.01010912 0.9999228 0.007228851 -0.01011174 0.9999228 0.007227838 -0.01011079 0.9999228 0.007227659 -0.01010924 0.9999229 0.007227718 -0.01011019 0.9999228 0.007228434 -0.01011043 0.9999228 0.007228672 -0.01010924 0.9999229 0.007225215 -0.01011264 0.9999228 0.00722903 -0.01010829 0.9999228 0.007227659 -0.01011049 0.9999228 0.007228076 -0.01010721 0.9999228 0.007227957 -0.01010823 0.9999228 0.007227182 -0.01011937 0.9999227 0.007228851 -0.01006877 0.9999232 0.007227897 -0.01011049 0.9999228 0.007227778 -0.0101161 0.9999228 0.00722754 -0.01011151 0.9999228 0.007227718 -0.01010936 0.9999228 0.007227599 -0.01009011 0.9999231 0.007227659 -0.0101121 0.9999228 0.007227778 -0.01010638 0.9999228 0.007227957 -0.01011443 0.9999228 0.007227659 -0.01010829 0.9999228 0.00722748 -0.01011186 0.9999228 0.007227659 -0.01011037 0.9999228 0.007227241 -0.01010823 0.9999229 0.007229685 -0.01011377 0.9999228 0.007227599 -0.01011073 0.9999228 0.007226347 -0.01010775 0.9999228 0.007228791 -0.01011139 0.9999228 0.007227063 -0.01011067 0.9999229 0.007228553 -0.01011031 0.9999228 0.007226109 -0.01010918 0.9999228 0.007229208 -0.01011216 0.9999228 0.007228493 -0.01010733 0.9999229 0.00722754 -0.01011037 0.9999228 0.007228255 -0.01010882 0.9999228 0.007227718 -0.01011013 0.9999229 0.007228672 -0.01010811 0.9999229 0.007227718 -0.01011204 0.9999228 0.007228016 -0.01010978 0.9999229 0.007228732 -0.01011073 0.9999228 0.007227659 -0.01011043 0.9999228 0.007217586 -0.01010465 0.9999229 0.007209062 -0.01011008 0.999923 0.007227957 -0.01011043 0.9999228 0.007228076 -0.01011329 0.9999228 0.007227957 -0.01011162 0.9999228 0.007228195 -0.01010984 0.9999229 0.007228136 -0.01010948 0.9999229 0.007227838 -0.01011139 0.9999228 0.007227897 -0.01010942 0.9999228 0.007227659 -0.01011008 0.9999229 0.007227778 -0.01011073 0.9999228 0.007227957 -0.01011055 0.9999228 0.007227957 -0.01011222 0.9999228 0.007227838 -0.0101087 0.9999229 0.007227838 -0.01011103 0.9999228 0.007227838 -0.01010721 0.9999229 0.007228434 -0.01011145 0.9999228 0.007227599 -0.01011031 0.9999229 0.007228255 -0.01011067 0.9999228 0.007228255 -0.0101087 0.9999229 0.007227838 -0.01011085 0.9999228 0.007227003 -0.01011294 0.9999228 0.007227659 -0.01010972 0.9999229 0.007227718 -0.01011013 0.9999228 0.007227599 -0.01011139 0.9999228 0.007228076 -0.01010876 0.9999229 0.007228493 -0.01010954 0.9999229 0.007226943 -0.01011228 0.9999228 0.007228136 -0.01010948 0.9999228 0.007228016 -0.01010972 0.9999228 0.007228076 -0.01010721 0.9999229 0.007227659 -0.01011353 0.9999228 0.007227659 -0.01011002 0.9999228 0.007227718 -0.01011031 0.9999228 -0.007238209 0.01010829 -0.9999228 -0.007225871 0.01011115 -0.9999229 -0.00722289 0.010113 -0.9999228 -0.007229208 0.01011055 -0.9999228 -0.007227718 0.01010763 -0.9999229 -0.007217824 0.01011228 -0.9999228 -0.007232904 0.01011067 -0.9999228 -0.007231652 0.01011061 -0.9999228 -0.00722599 0.01011025 -0.9999228 -0.007227659 0.01011335 -0.9999228 -0.007220625 0.01010894 -0.9999229 -0.00722289 0.01010894 -0.9999228 -0.007230639 0.01011049 -0.9999228 -0.007228255 0.01011043 -0.9999228 -0.007227778 0.01011031 -0.9999228 -0.007227122 0.01010978 -0.9999228 -0.007228374 0.01011192 -0.9999228 -0.007226526 0.01010626 -0.9999229 -0.007229506 0.010118 -0.9999228 -0.007226526 0.01011091 -0.9999229 -0.007226169 0.01011055 -0.9999228 -0.007230877 0.01011013 -0.9999228 -0.007228076 0.01011013 -0.9999228 -0.007225871 0.01011079 -0.9999228 -0.007231116 0.01011031 -0.9999228 -0.007217407 0.01011127 -0.9999229 -0.007229268 0.01011031 -0.9999228 -0.007230043 0.01011031 -0.9999228 -0.00722754 0.01011043 -0.9999228 -0.007223844 0.01011019 -0.9999228 -0.007226943 0.01011455 -0.9999228 -0.007228434 0.01011019 -0.9999228 -0.00722754 0.01010966 -0.9999229 -0.007229864 0.01010847 -0.9999228 -0.007227718 0.01011043 -0.9999228 -0.007226645 0.01011031 -0.9999228 -0.007227838 0.01011043 -0.9999228 -0.007228434 0.01011031 -0.9999228 -0.007208347 0.01011461 -0.9999229 -0.007225096 0.01011079 -0.9999229 -0.007228672 0.01011055 -0.9999228 -0.007234096 0.01010936 -0.9999228 -0.007217407 0.01011174 -0.9999229 -0.007233917 0.01010996 -0.9999228 -0.007226884 0.01011055 -0.9999228 -0.007213473 0.01011073 -0.9999229 -0.007233917 0.01011031 -0.9999228 -0.007230281 0.01011037 -0.9999228 -0.007224738 0.01011043 -0.9999228 -0.007226765 0.01011043 -0.9999228 -0.007230103 0.01011043 -0.9999228 -0.007225036 0.01011037 -0.9999229 -0.007228314 0.01011037 -0.9999228 -0.007229387 0.01011043 -0.9999228 -0.007223129 0.01011013 -0.9999228 -0.007238209 0.01011013 -0.9999228 -0.00722444 0.01011049 -0.9999229 -0.007235229 0.01011031 -0.9999228 -0.007155716 0.01011073 -0.9999233 -0.00722295 0.01011043 -0.9999228 -0.007222294 0.01011037 -0.9999229 -0.007233142 0.01011043 -0.9999228 -0.007231891 0.01011043 -0.9999228 -0.007217526 0.01011002 -0.9999229 -0.007228016 0.01011043 -0.9999228 -0.00723052 0.01011079 -0.9999228 -0.007227659 0.01011037 -0.9999228 -0.00722891 0.01011282 -0.9999228 -0.007227122 0.01010793 -0.9999229 -0.007229626 0.01011437 -0.9999227 -0.007225751 0.01010406 -0.9999229 -0.00722742 0.01011103 -0.9999228 -0.007229387 0.01011502 -0.9999228 -0.007226884 0.01010757 -0.9999229 -0.007227838 0.01011025 -0.9999229 -0.007155597 0.01016104 -0.9999229 -0.00722748 0.01011151 -0.9999228 -0.007227241 0.01011049 -0.9999229 -0.007227599 0.01011443 -0.9999228 -0.00723195 0.01008588 -0.999923 -0.00722748 0.01011079 -0.9999229 -0.00722897 0.0101062 -0.9999229 -0.0072245 0.01011514 -0.9999228 -0.007229208 0.01010942 -0.9999229 -0.007227897 0.01010912 -0.9999228 -0.00722742 0.01011133 -0.9999228 -0.007228136 0.01010972 -0.9999229 -0.007226228 0.0101121 -0.9999228 -0.007225871 0.01011317 -0.9999228 -0.007229924 0.01010549 -0.9999228 -0.007235765 0.01010507 -0.9999228 -0.00722754 0.01010966 -0.9999229 -0.007228851 0.0101093 -0.9999228 -0.007228374 0.01010954 -0.9999228 -0.007224142 0.0101152 -0.9999228 -0.007230758 0.01010692 -0.9999228 -0.007227659 0.01011043 -0.9999229 -0.007228493 0.01011162 -0.9999228 -0.007230401 0.01011347 -0.9999228 -0.007224559 0.01010483 -0.9999229 -0.00722897 0.01011317 -0.9999228 -0.007228314 0.01011139 -0.9999228 -0.007227778 0.01010751 -0.9999229 -0.007228672 0.01007843 -0.9999231 -0.007227063 0.01012742 -0.9999226 -0.007228136 0.01010823 -0.9999229 -0.007227659 0.01011264 -0.9999228 -0.00722748 0.01011496 -0.9999228 -0.007227361 0.01011848 -0.9999228 -0.007228076 0.01010131 -0.9999229 -0.007234573 0.01011973 -0.9999226 -0.007224619 0.01010805 -0.9999228 -0.007232725 0.01011312 -0.9999228 -0.007229626 0.010113 -0.9999228 -0.007220983 0.0101028 -0.9999229 -0.00723046 0.01011389 -0.9999228 -0.007226526 0.01010972 -0.9999228 -0.007226467 0.01010638 -0.9999228 -0.007230222 0.01011437 -0.9999228 -0.007228672 0.01011508 -0.9999228 -0.007228076 0.01011079 -0.9999228 -0.007224082 0.01007097 -0.9999233 -0.007228314 0.01011663 -0.9999227 -0.007228255 0.01011544 -0.9999228 -0.007227897 0.01010233 -0.9999229 -0.00722748 0.0101149 -0.9999228 -0.007228016 0.01008397 -0.9999231 -0.007209062 0.0101071 -0.9999229 -0.007233142 0.01011186 -0.9999228 -0.00723499 0.01011157 -0.9999228 -0.007218241 0.0101087 -0.9999229 -0.007230281 0.01011073 -0.9999228 -0.00723201 0.01011109 -0.9999228 -0.007219791 0.01010864 -0.9999229 -0.00723952 0.01013326 -0.9999225 -0.007227897 0.01011031 -0.9999229 -0.007225632 0.01011615 -0.9999228 -0.00722742 0.01011067 -0.9999229 -0.007230043 0.01010876 -0.9999228 -0.007225155 0.01011347 -0.9999228 -0.007229864 0.01010745 -0.9999229 -0.007228255 0.01010996 -0.9999229 -0.007226109 0.01011264 -0.9999228 -0.007228016 0.01011043 -0.9999228 -0.007227182 0.01011055 -0.9999228 -0.007229506 0.01011067 -0.9999228 -0.007196068 0.01010769 -0.9999231 -0.007229208 0.01011055 -0.9999228 -0.007211327 0.01010727 -0.9999229 -0.007226765 0.01011061 -0.9999228 -0.007228016 0.01011061 -0.9999228 -0.007227838 0.01011037 -0.9999229 -0.007228136 0.01011586 -0.9999228 -0.007228255 0.01010692 -0.9999228 -0.007227122 0.0101121 -0.9999228 -0.007228016 0.01010769 -0.9999228 -0.007227957 0.01010632 -0.9999229 -0.007227063 0.01011431 -0.9999228 -0.007227003 0.01011222 -0.9999228 -0.007228076 0.01010733 -0.9999228 -0.007227659 0.01011323 -0.9999228 -0.00722891 0.01010638 -0.9999229 -0.007227778 0.01011079 -0.9999228 -0.007227897 0.01011049 -0.9999228 -0.007228076 0.01011037 -0.9999228 -0.007227122 0.01011091 -0.9999228 -0.007226347 0.01011103 -0.9999229 -0.00721842 0.01011121 -0.9999229 -0.007231831 0.01010996 -0.9999228 -0.007242202 0.01010936 -0.9999228 -0.007227599 0.01011943 -0.9999227 -0.007227599 0.01011067 -0.9999228 -0.007227599 0.01011407 -0.9999228 -0.007227957 0.01010811 -0.9999229 -0.00722754 0.01011127 -0.9999228 -0.007228434 0.01010853 -0.9999229 -0.00722742 0.01011288 -0.9999228 -0.007227063 0.01011484 -0.9999228 -0.007229089 0.01010656 -0.9999228 -0.00722897 0.01010656 -0.9999228 -0.00722754 0.01011347 -0.9999228 -0.007228255 0.01010757 -0.9999229 -0.007227659 0.01010751 -0.9999228 -0.007227182 0.01011765 -0.9999227 -0.007228255 0.01010787 -0.9999228 -0.007227182 0.01011335 -0.9999228 -0.007232904 0.01005244 -0.9999234 -0.007227659 0.0101096 -0.9999228 -0.007227778 0.01010757 -0.9999229 -0.007247388 0.01011717 -0.9999226 -0.007210433 0.01010549 -0.999923 -0.007230639 0.01011145 -0.9999228 -0.007242023 0.01011621 -0.9999227 -0.007224977 0.01010984 -0.9999229 -0.9840158 0.1778582 0.00890994 -0.9197322 0.392403 0.01061451 -0.9197435 0.3923764 0.01061528 -0.8093559 0.5872004 0.01178771 -0.8093734 0.5871762 0.01178985 -0.6584054 0.7525619 0.01237052 -0.6583876 0.7525775 0.01236897 -0.4744052 0.8802202 0.01233005 -0.4743686 0.8802401 0.01232725 -0.2666527 0.9637221 0.01167011 -0.2666333 0.9637274 0.0116685 -0.04546976 0.9989114 0.01042586 -0.045515 0.9989092 0.01042908 -0.9840158 0.1778582 0.008910059 -0.9989383 -0.04557192 0.006758809 -0.9989385 -0.04556739 0.006758868 -0.9637603 -0.2667356 0.004268705 -0.9637657 -0.2667165 0.00426805 -0.8802965 -0.4744214 0.001564323 -0.8802859 -0.4744412 0.00156486 -0.7526283 -0.6584447 -0.001218259 -0.7526325 -0.6584398 -0.001218259 -0.5872848 -0.8093708 -0.003939211 -0.5872503 -0.8093959 -0.00393629 -0.3924239 -0.9197618 -0.006460726 -0.3924663 -0.9197438 -0.006463348 -0.1779271 -0.9840056 -0.008663535 -0.1779493 -0.9840016 -0.008664906 0.9840161 -0.1778563 -0.008909702 0.9197407 -0.3923832 -0.01061397 0.9197397 -0.3923856 -0.01061403 0.8093762 -0.5871725 -0.01178568 0.8093377 -0.5872253 -0.01179021 0.6583748 -0.7525887 -0.01237064 0.6584296 -0.752541 -0.01236546 0.4743875 -0.88023 -0.01232606 0.4743686 -0.88024 -0.01232731 0.266648 -0.9637234 -0.01167011 0.266632 -0.9637278 -0.01167112 0.04548978 -0.9989104 -0.01042765 0.04544734 -0.9989123 -0.01043027 0.9840151 -0.1778624 -0.008910119 0.9989384 0.04556876 -0.006758749 0.9989382 0.04557389 -0.006758809 0.9637637 0.2667231 -0.004268407 0.9637785 0.2666699 -0.004273056 0.8802891 0.4744353 -0.001568555 0.8802641 0.4744815 -0.001564204 0.7526374 0.6584343 0.00121802 0.7526683 0.6583989 0.001214444 0.5872613 0.8093879 0.003937244 0.5872589 0.8093895 0.003937244 0.3924664 0.9197438 0.006461679 0.3924249 0.9197614 0.006465196 0.1779493 0.9840016 0.008664906 0.1779714 0.9839975 0.008663117 -0.1779709 -0.9839977 -0.008666038 -0.3924854 -0.9197356 -0.006465911 -0.3924466 -0.9197521 -0.006463408 -0.5872751 -0.809378 -0.00393939 -0.587246 -0.8093991 -0.003937423 -0.7526289 -0.658444 -0.001216411 -0.7526489 -0.658421 -0.001217961 -0.8802838 -0.4744451 0.001564681 -0.880289 -0.4744353 0.001564085 -0.9637634 -0.2667245 0.00426793 -0.9637615 -0.2667313 0.004268288 -0.9989413 -0.04550629 0.006759405 -0.9989384 -0.04556953 0.006762981 -0.1778944 -0.9840115 -0.008661687 0.04551148 -0.9989095 -0.01042777 0.04549211 -0.9989103 -0.01042896 0.2666484 -0.9637233 -0.01167166 0.2666122 -0.9637333 -0.0116738 0.4743691 -0.8802398 -0.01233196 0.4744121 -0.8802166 -0.01232874 0.6584005 -0.7525662 -0.01236778 0.6583871 -0.752578 -0.01236897 0.8093393 -0.5872231 -0.01178783 0.8093469 -0.5872128 -0.01178669 0.9197591 -0.3923401 -0.01061433 0.9197592 -0.39234 -0.01061427 0.9840152 -0.1778615 -0.008910059 0.9840143 -0.1778665 -0.008910298 0.1779694 0.983998 0.008661746 0.3924444 0.9197531 0.006462216 0.3924257 0.9197611 0.006463646 0.5872751 0.8093779 0.003939509 0.5872601 0.8093887 0.003940641 0.7526381 0.6584334 0.001218974 0.752678 0.6583877 0.001214146 0.8802798 0.4744526 -0.001568198 0.8802631 0.4744835 -0.001565754 0.963765 0.2667189 -0.004269242 0.9637772 0.2666749 -0.004272997 0.9989412 0.04550617 -0.006763517 0.9989385 0.04556852 -0.006758689 0.1779052 0.9840095 0.008666872 -0.04551428 0.9989092 0.01043206 -0.04547005 0.9989113 0.01042872 -0.2666313 0.963728 0.01167112 -0.2666108 0.9637337 0.01167005 -0.4743961 0.8802253 0.01232737 -0.4744304 0.8802067 0.01232981 -0.6583856 0.7525792 0.01236897 -0.6583747 0.7525889 0.0123679 -0.8093554 0.5872009 0.01178681 -0.8093543 0.5872027 0.01178663 -0.9197368 0.3923922 0.01061463 -0.919759 0.3923399 0.01061809 -0.9840158 0.1778582 0.008914113 -0.9840145 0.1778653 0.008913576 -0.9840161 0.1778564 0.00891 -0.9197379 0.3923898 0.01061463 -0.919758 0.3923424 0.01061809 -0.8093747 0.5871744 0.01178991 -0.8093477 0.5872117 0.01178681 -0.6583876 0.7525775 0.01236784 -0.6584113 0.7525568 0.01237004 -0.4744043 0.8802208 0.01233148 -0.4743686 0.88024 0.01232868 -0.2666323 0.9637277 0.01167148 -0.2666277 0.9637289 0.01167106 -0.04546999 0.9989114 0.01042753 -0.04551255 0.9989094 0.01043069 -0.9840165 0.1778545 0.008910298 -0.9989383 -0.04557001 0.006758689 -0.9989383 -0.04557275 0.006758689 -0.9637783 -0.2666708 0.004268944 -0.9637774 -0.266674 0.004268586 -0.8802958 -0.4744226 0.001564204 -0.8802564 -0.474496 0.001568377 -0.7526404 -0.6584307 -0.001214087 -0.7526569 -0.6584119 -0.001215696 -0.5872454 -0.8093994 -0.003938734 -0.5872143 -0.809422 -0.003936648 -0.3924261 -0.9197609 -0.006460785 -0.3924838 -0.9197362 -0.006464481 -0.1779718 -0.9839975 -0.008664727 -0.1779263 -0.9840057 -0.008661925 0.9840044 -0.1779211 -0.008914649 0.9197391 -0.3923869 -0.01061844 0.9197624 -0.3923324 -0.01061409 0.8093477 -0.5872117 -0.01178658 0.809333 -0.5872318 -0.01178878 0.6584149 -0.7525535 -0.01237004 0.6584135 -0.7525548 -0.01237046 0.4744063 -0.8802196 -0.01233077 0.474429 -0.8802074 -0.01232886 0.2666327 -0.9637277 -0.01167148 0.2666109 -0.9637336 -0.01167279 0.04544734 -0.9989123 -0.01043027 0.04549288 -0.9989103 -0.01042753 0.9840137 -0.1778703 -0.008910715 0.9989384 0.04556924 -0.006758689 0.9989385 0.0455653 -0.006758749 0.9637638 0.2667232 -0.00426799 0.963779 0.2666682 -0.004273116 0.8802863 0.4744404 -0.001568377 0.8802626 0.4744845 -0.001564979 0.7526386 0.6584327 0.001217067 0.7526379 0.6584336 0.001217007 0.5872582 0.8093901 0.003938376 0.5872771 0.8093764 0.003937065 0.3924461 0.9197524 0.006461858 0.3924251 0.9197614 0.006463766 0.177971 0.9839977 0.008663177 0.1779495 0.9840015 0.008664846 -0.1779507 -0.9840013 -0.008664548 -0.3924635 -0.919745 -0.006463527 -0.3924664 -0.9197436 -0.006463825 -0.5872318 -0.8094094 -0.003940224 -0.5872431 -0.8094011 -0.003941237 -0.7526688 -0.6583982 -0.001218497 -0.7526284 -0.6584446 -0.00121504 -0.8802639 -0.4744819 0.00156784 -0.8802838 -0.4744449 0.001565515 -0.9637823 -0.266656 0.004269599 -0.9637663 -0.2667139 0.004272937 -0.9989382 -0.04557263 0.006762921 -0.9989385 -0.04556632 0.006762802 -0.1779265 -0.9840056 -0.008662879 0.04548937 -0.9989104 -0.01042926 0.04549217 -0.9989103 -0.01042884 0.266629 -0.9637286 -0.0116713 0.2666496 -0.963723 -0.01167011 0.4743854 -0.880231 -0.01232737 0.4743599 -0.8802448 -0.01232933 0.6583747 -0.7525888 -0.01236939 0.6584052 -0.7525621 -0.01236671 0.809347 -0.5872126 -0.01178586 0.8093391 -0.5872235 -0.01178675 0.9197625 -0.3923319 -0.01061421 0.9197659 -0.3923239 -0.01061362 0.9840158 -0.1778581 -0.008909702 0.9840145 -0.1778659 -0.008910357 0.1779708 0.9839977 0.008662343 0.3924467 0.9197521 0.006461799 0.3924245 0.9197615 0.006463766 0.5872458 0.8093991 0.003940045 0.5872604 0.8093886 0.003938496 0.7526284 0.6584445 0.001217365 0.7526594 0.6584089 0.00121355 0.8802942 0.474426 -0.001569449 0.8802632 0.4744833 -0.001564204 0.963765 0.2667189 -0.004268348 0.9637822 0.2666566 -0.004273593 0.9989411 0.0455076 -0.006763577 0.9989383 0.04557055 -0.006758689 0.17794 0.9840032 0.008664786 -0.04551428 0.9989093 0.01043057 -0.04544788 0.9989123 0.01042562 -0.2666325 0.9637277 0.0116685 -0.2666909 0.9637115 0.01167285 -0.4743781 0.8802349 0.01233065 -0.474368 0.8802403 0.01232987 -0.6583999 0.7525668 0.01236879 -0.6583616 0.7526004 0.01236552 -0.8093686 0.5871829 0.01178485 -0.8093844 0.5871611 0.0117864 -0.9197446 0.392374 0.01061463 -0.9197439 0.3923756 0.01061445 -0.9840035 0.1779264 0.008910536 -0.9840154 0.1778603 0.008914411 -0.06666803 -0.9977291 -0.009605348 -0.06669795 -0.997727 -0.009607255 0.9977675 -0.06631779 -0.007883906 0.9977538 -0.0665223 -0.007884562 0.9977505 -0.06657212 -0.007886946 0.9977481 -0.06660681 -0.007888734 0.9977504 -0.06657487 -0.007885873 0.9977514 -0.06655955 -0.00788176 0.9977488 -0.0665965 -0.007893204 0.997753 -0.06653565 -0.007872998 0.997748 -0.06660866 -0.007899522 0.9977506 -0.06657147 -0.007884263 0.9977505 -0.06657212 -0.007885158 0.007227778 -0.01011049 0.9999228 0.007227718 -0.01011049 0.9999228 0.00722903 -0.01010936 0.9999229 0.007227718 -0.01010912 0.9999228 0.00722897 -0.01011037 0.9999228 0.007226884 -0.01011174 0.9999228 0.007226288 -0.01011174 0.9999228 0.00722891 -0.01011013 0.9999228 0.007227838 -0.01011776 0.9999227 0.007226943 -0.01010411 0.9999229 0.007227778 -0.01011043 0.9999228 0.007233858 -0.0101149 0.9999227 0.00722593 -0.01010787 0.9999228 0.007226943 -0.01011115 0.9999228 0.007229268 -0.01011002 0.9999228 0.007222831 -0.01010978 0.9999229 0.007231175 -0.01011002 0.9999228 0.00722301 -0.01010978 0.9999228 0.007227659 -0.01011049 0.9999229 0.007228016 -0.01011049 0.9999228 0.8093743 -0.587175 -0.01178759 0.9197393 -0.3923865 -0.01061588 0.9197335 -0.3923999 -0.01061648 0.9840138 -0.1778692 -0.00891149 0.9840176 -0.1778488 -0.008910894 0.8093639 -0.5871894 -0.01178807 0.6584141 -0.7525544 -0.01236933 0.6584093 -0.7525585 -0.01236921 0.4743452 -0.8802526 -0.01233047 0.4743569 -0.8802464 -0.01232993 0.2666358 -0.9637266 -0.01167291 0.2666687 -0.9637176 -0.0116716 0.04548937 -0.9989104 -0.01042819 0.04550027 -0.99891 -0.01042801 -0.9977504 0.06657379 0.007885277 -0.9977504 0.06657373 0.007885396 -0.997752 0.06654983 0.007875382 -0.9977529 0.06653767 0.007870912 -0.9977486 0.06659901 0.007891714 -0.9977459 0.06663936 0.007904589 -0.9977514 0.06655949 0.007881522 -0.9977479 0.06661128 0.00788623 -0.9977512 0.06656181 0.007883489 -0.9977546 0.06651198 0.007881402 -0.9977332 0.06683099 0.007888734 -0.8802686 -0.4744732 0.001565635 -0.9637812 -0.2666603 0.004270434 -0.9637838 -0.266651 0.004270374 -0.9989385 -0.04556626 0.006759881 -0.9989379 -0.045578 0.00676006 -0.8802928 -0.4744284 0.001564741 -0.7526295 -0.6584432 -0.001218616 -0.7526207 -0.6584533 -0.001218795 -0.5872601 -0.8093888 -0.003939807 -0.5872535 -0.8093936 -0.003939688 -0.3924612 -0.9197459 -0.006463706 -0.392396 -0.9197738 -0.006461441 -0.1778867 -0.9840129 -0.008661985 -0.1779597 -0.9839997 -0.008664011 -0.06703579 -0.9919339 -0.1075795 -0.06703597 -0.9919314 -0.1076026 -0.0658766 -0.9518299 -0.2994663 -0.06587284 -0.9518345 -0.2994528 -0.06218451 -0.8751909 -0.4797648 -0.06218802 -0.8751435 -0.4798506 -0.0561068 -0.7648249 -0.6417903 -0.05610322 -0.7648528 -0.6417576 -0.06703543 -0.9919318 -0.1075997 -0.06703537 -0.9919306 -0.107611 -0.0658769 -0.9518454 -0.2994175 -0.06587612 -0.951845 -0.2994185 -0.06218624 -0.8751752 -0.4797928 -0.06218457 -0.8751389 -0.4798596 -0.05610448 -0.7648302 -0.6417843 -0.05610388 -0.7648336 -0.6417804 -0.05223745 -0.6983497 -0.713848 -0.05223745 -0.6983529 -0.7138449 -0.05223596 -0.6983512 -0.7138467 -0.05223882 -0.6983492 -0.7138484 -0.04786992 -0.6251547 -0.7790315 -0.04787069 -0.6251354 -0.779047 -0.03779363 -0.461399 -0.8863875 -0.03779065 -0.4614124 -0.8863806 -0.02626329 -0.2799538 -0.9596542 -0.02626222 -0.2799414 -0.9596578 -0.01372611 -0.08773738 -0.9960491 -0.01372599 -0.0877344 -0.9960494 -0.04786872 -0.625158 -0.7790291 -0.04786866 -0.6251456 -0.779039 -0.03779172 -0.4614058 -0.886384 -0.03779143 -0.4614018 -0.8863861 -0.02626264 -0.2799378 -0.9596589 -0.02626216 -0.2799368 -0.9596592 -0.01372599 -0.08773994 -0.9960489 -0.01372563 -0.08773028 -0.9960498 -0.06664735 -0.9977304 -0.009607911 -0.06664729 -0.9977304 -0.009605586 -0.06664735 -0.9977304 -0.00960046 -0.06659078 -0.997734 -0.009618878 -0.0666489 -0.9977303 -0.009608805 -0.06657451 -0.9977385 -0.009268999 -0.06661981 -0.9977331 -0.009511947 -0.06669628 -0.9977253 -0.009787321 -0.06665033 -0.9977303 -0.009606301 -0.06664657 -0.9977305 -0.009606182 -0.06664568 -0.9977304 -0.009610533 -0.06705152 -0.9977033 -0.009606122 -0.06634706 -0.9977505 -0.009599566 -0.06677174 -0.9977219 -0.009624123 -0.06663435 -0.9977312 -0.009608387 -0.06664216 -0.9977307 -0.00960952 -0.06664186 -0.9977308 -0.009606063 -0.06664806 -0.9977304 -0.009603142 -0.06664794 -0.9977304 -0.009606897 -0.06664866 -0.9977304 -0.009606778 -0.9977494 0.06658768 0.00788778 -0.9977508 0.06657338 0.007847547 -0.9977503 0.06657218 0.007909715 -0.9977508 0.06657171 0.007855117 -0.9977501 0.06657385 0.007920503 -0.9977511 0.06656891 0.007841706 -0.9977506 0.06657201 0.007869064 -0.99775 0.06657552 0.007923126 -0.9977518 0.06656205 0.007800459 -0.9977467 0.06660366 0.008100688 -0.9977504 0.06657308 0.007886409 -0.9977526 0.06657379 0.007599413 -0.9977504 0.06657385 0.007886052 -0.9977494 0.06658232 0.007938146 -0.9977511 0.06656771 0.007859766 -0.9977512 0.06656175 0.007874011 -0.9977501 0.06657892 0.007885634 -0.9977505 0.06657296 0.007885158 -0.9977537 0.06657981 0.007411062 -0.997749 0.06656891 0.008096516 -0.9977506 0.06657212 0.007872939 -0.9977505 0.06657278 0.00788635 -0.9977483 0.06660604 0.007877945 -0.9977521 0.0665453 0.00789988 -0.9977495 0.06658875 0.007877945 -0.9977509 0.06656545 0.007892668 -0.9977503 0.06657487 0.007886111 -0.9977498 0.06658542 0.007864236 -0.9977504 0.06657147 0.00789231 -0.9977502 0.06657481 0.007899284 -0.9977503 0.06657296 0.007906436 -0.997752 0.0665397 0.007964849 -0.9977502 0.06657975 0.007865965 -0.9977515 0.06655222 0.007919073 -0.9977497 0.06658816 0.007850348 -0.9977514 0.06655424 0.007919907 -0.9977502 0.06658113 0.00784856 -0.9977505 0.06657481 0.0078727 -0.9977505 0.06657093 0.007909059 -0.9977506 0.06656533 0.007927298 -0.9977509 0.06657564 0.00781238 -0.9977515 0.06658345 0.007671833 -0.9977505 0.0665726 0.007887899 -0.9977505 0.06657201 0.007883548 -0.99775 0.06657737 0.007902026 -0.9977512 0.06656599 0.007858037 -0.9977502 0.06657582 0.007899045 -0.9977505 0.06657248 0.007884442 -0.9977499 0.06657218 0.007962524 -0.9977506 0.06657177 0.007875084 -0.9977509 0.06657242 0.007825613 -0.9977498 0.06657719 0.007932305 -0.9977512 0.06656795 0.007824182 -0.9977468 0.06659168 0.008189976 -0.9977504 0.06657284 0.007888019 -0.9977504 0.0665735 0.007885217 -0.9977502 0.06657743 0.007880985 -0.9977517 0.06655013 0.007926583 -0.9977509 0.06656342 0.007906079 -0.9977504 0.06657397 0.007880985 -0.9977501 0.06656497 0.008006215 -0.9977497 0.06657356 0.007972538 -0.9977511 0.06657218 0.00781399 -0.9977502 0.06657493 0.007899403 -0.9977506 0.06657147 0.007871568 -0.9977501 0.06657594 0.007910907 -0.99775 0.06657588 0.007915556 -0.9977511 0.0665673 0.00785613 -0.9977499 0.06657892 0.007911622 -0.9977505 0.06657189 0.007885754 -0.9977504 0.06657296 0.007884204 -0.9977496 0.0665698 0.008023977 -0.9977509 0.06657582 0.0078004 -0.9977503 0.06657141 0.007920324 -0.9977503 0.06657218 0.007908642 -0.9977505 0.06657308 0.007871329 -0.9977498 0.06657284 0.007970988 -0.9977504 0.06657391 0.007890164 -0.9977498 0.06657814 0.007919073 -0.9977511 0.06656664 0.007866382 -0.9977504 0.06657332 0.007884502 -0.9977503 0.06657421 0.007889568 -0.9977519 0.06655234 0.007868468 -0.9977508 0.06656908 0.007880866 -0.997749 0.06659287 0.007902026 -0.9977508 0.06656885 0.007880806 -0.9977504 0.06657314 0.00788629 -0.9977505 0.06657356 0.00788027 -0.9977502 0.06657004 0.007945239 -0.997749 0.06656056 0.008168041 -0.997784 0.0660237 0.008255064 -0.9977432 0.06669098 0.007812917 -0.9977539 0.0665158 0.007921397 -0.9977487 0.06660276 0.007862031 -0.9977513 0.06655794 0.007900595 -0.9977501 0.06657922 0.007880806 -0.9977514 0.06655693 0.00789833 -0.9977489 0.06660002 0.007853806 -0.9977524 0.06653749 0.007938742 -0.9977481 0.06661325 0.007835149 -0.9977505 0.06657147 0.007889389 -0.9977505 0.0665735 0.007880866 -0.9977515 0.06656736 0.007808268 -0.9977497 0.06657993 0.007917404 -0.9977513 0.06656771 0.00781989 -0.9977501 0.0665794 0.007884144 -0.9977485 0.06656944 0.008163988 -0.9977536 0.06657868 0.007416725 -0.9977508 0.06657588 0.007818043 -0.9977497 0.0665701 0.007996201 -0.9977502 0.06657254 0.007924854 -0.9977503 0.06657248 0.007916688 -0.9977508 0.06657367 0.007835686 -0.9977509 0.06657356 0.007820308 -0.9977506 0.06657308 0.007867693 -0.9977502 0.06656992 0.007945954 -0.9977505 0.06656986 0.007907927 -0.9977507 0.06657361 0.00784558 -0.9977507 0.06657236 0.007861077 -0.9977506 0.06657356 0.007858216 -0.9977503 0.06657254 0.007911324 -0.9977502 0.06657296 0.007917523 -0.9977503 0.06657236 0.007909417 -0.9977501 0.06657338 0.007915616 -0.9977505 0.06657296 0.007876157 -0.9977506 0.06657361 0.007861852 -0.9977503 0.0665729 0.007903873 -0.9977502 0.06657266 0.007920622 -0.9977511 0.06657308 0.007803082 -0.9977508 0.06657338 0.007830262 -0.9977498 0.06657022 0.007988452 -0.9977508 0.06657564 0.007815539 -0.9977509 0.06657308 0.007828295 -0.9977508 0.06657725 0.007802248 -0.9977506 0.06657636 0.007828831 -0.9977504 0.06657046 0.007916212 -0.9977503 0.06657171 0.007909357 -0.9977502 0.0665754 0.007903039 -0.9977505 0.0665726 0.007874071 -0.9977504 0.06657391 0.007879734 -0.9977503 0.06657165 0.007912635 -0.9977501 0.06657505 0.007908701 -0.9977506 0.06657332 0.007853269 -0.9977506 0.06657356 0.007848978 -0.9977502 0.06657141 0.007923543 -0.9977501 0.06657242 0.007922708 -0.9977506 0.06657588 0.007841706 -0.9977509 0.06657087 0.007845163 -0.9977499 0.06657409 0.00794655 -0.99775 0.06657201 0.007946014 -0.997751 0.06657338 0.007809638 -0.9977509 0.06657278 0.007820427 -0.9977501 0.06657266 0.007935762 -0.9977502 0.06657069 0.007935702 -0.9977497 0.06657135 0.007988572 -0.9977505 0.06657779 0.007837057 -0.9977535 0.06658154 0.007410168 -0.9977492 0.06656759 0.008092164 -0.04201608 -0.7126514 0.700259 -0.04201662 -0.7126497 0.7002607 0.9977505 -0.06657326 -0.007884144 0.9977517 -0.06656521 -0.007788598 0.9977512 -0.06656599 -0.007845401 0.9977493 -0.06658095 -0.007961034 0.9977509 -0.06657171 -0.007842004 0.9977504 -0.0665735 -0.007890403 0.997751 -0.06657153 -0.007821023 0.9977501 -0.06657481 -0.007919847 0.9977506 -0.06657165 -0.007867276 0.9977503 -0.06657385 -0.007892131 0.9977502 -0.06657338 -0.007911145 0.9977505 -0.06657236 -0.007885932 0.9977505 -0.06657254 -0.007881879 -0.06561815 -0.9939167 0.08845281 -0.06561928 -0.9939211 0.0884025 -0.06167811 -0.9576981 0.2810879 -0.06167924 -0.9576893 0.2811173 -0.05537384 -0.8847171 0.4628276 -0.05537009 -0.8846942 0.4628719 -0.04693299 -0.7776632 0.6269268 -0.04693388 -0.7776517 0.6269411 0.007226467 -0.01011061 0.9999229 0.007229685 -0.01011073 0.9999228 0.00723499 -0.01011061 0.9999228 0.007220566 -0.01011067 0.9999228 0.007225811 -0.01011025 0.9999228 0.007233917 -0.01011061 0.9999228 0.007226943 -0.01010984 0.9999229 0.007224619 -0.01011061 0.9999229 0.007224202 -0.01011168 0.9999228 0.007237076 -0.01010835 0.9999228 0.007227897 -0.01011133 0.9999228 0.007222771 -0.01011168 0.9999229 0.00722146 -0.01010918 0.9999229 0.007239282 -0.01011079 0.9999227 0.007238328 -0.01011162 0.9999228 0.007210314 -0.010109 0.9999229 0.007232069 -0.01010936 0.9999228 0.007226824 -0.01011133 0.9999228 0.007233977 -0.01011228 0.9999227 0.007224202 -0.0101121 0.9999229 0.007223963 -0.01011151 0.9999228 0.007241606 -0.01011228 0.9999228 0.007236242 -0.01011496 0.9999227 0.007202267 -0.01008337 0.9999233 0.007191419 -0.01004707 0.9999237 0.007228374 -0.01011061 0.9999228 0.007129013 -0.01020336 0.9999225 0.007298588 -0.01003938 0.9999231 0.007215023 -0.010091 0.9999231 0.007209658 -0.01013594 0.9999227 0.007219672 -0.01013582 0.9999226 0.007239282 -0.01011139 0.9999228 0.007227301 -0.01011013 0.9999229 0.00722742 -0.01011198 0.9999228 0.007231235 -0.01011019 0.9999228 0.00722444 -0.01012295 0.9999227 0.007226049 -0.01010841 0.9999229 0.00722748 -0.01009589 0.999923 0.007231235 -0.01012223 0.9999227 0.007222652 -0.01009732 0.999923 0.007228553 -0.0101149 0.9999228 0.007219314 -0.0101096 0.9999229 0.007236719 -0.01010942 0.9999228 0.007228255 -0.01010936 0.9999228 0.007247686 -0.01010906 0.9999226 0.007218122 -0.01011228 0.9999228 0.007235467 -0.01011186 0.9999228 0.00720638 -0.01011133 0.9999229 0.007226407 -0.0101099 0.9999229 0.007211446 -0.01012545 0.9999228 0.007231116 -0.01010769 0.9999229 0.007230639 -0.0101245 0.9999227 0.007226467 -0.0100879 0.9999231 0.007229387 -0.0101034 0.9999229 0.007233142 -0.01011371 0.9999227 0.007223904 -0.0101242 0.9999228 0.007226407 -0.0101155 0.9999228 0.007228136 -0.01011145 0.9999228 0.007226645 -0.01011043 0.9999229 0.007226228 -0.01011282 0.9999228 0.007193565 -0.01009929 0.9999232 0.007242143 -0.01011115 0.9999228 0.007258296 -0.01012068 0.9999225 0.007211685 -0.01011103 0.9999229 0.007218241 -0.01008427 0.9999231 0.007001101 -0.01010757 0.9999244 0.007226467 -0.01011037 0.9999229 0.007345974 -0.009964764 0.9999235 0.007300198 -0.01010525 0.9999224 0.007182955 -0.01011896 0.999923 0.007208645 -0.01012301 0.9999228 0.007226765 -0.01010143 0.9999229 0.007236182 -0.01011258 0.9999227 0.007223963 -0.01010924 0.9999229 0.007240176 -0.010104 0.9999228 0.00722438 -0.01011604 0.9999228 0.007228255 -0.01010763 0.9999228 0.007229208 -0.01010924 0.9999228 0.007230758 -0.01011055 0.9999228 0.007208704 -0.01010948 0.9999229 0.007175564 -0.01009905 0.9999234 0.007232129 -0.01010608 0.9999228 0.007231652 -0.01010823 0.9999228 0.007227063 -0.01010841 0.9999228 0.007225692 -0.01010912 0.9999229 0.007222294 -0.01011103 0.9999228 0.007229149 -0.01009923 0.9999229 0.007229566 -0.01011121 0.9999228 0.007224142 -0.01011562 0.9999228 0.007227659 -0.01008719 0.9999231 0.00722593 -0.01013302 0.9999226 0.007249891 -0.0100218 0.9999236 -0.03669166 -0.6407761 0.7668506 -0.03669553 -0.640758 0.7668654 -0.02504271 -0.4792217 0.8773367 -0.02504104 -0.4792343 0.8773297 -0.01242893 -0.2992845 0.954083 -0.01243001 -0.2992935 0.9540802 6.61597e-4 -0.1078584 0.9941661 6.58328e-4 -0.1078563 0.9941663 0.9977504 -0.06657308 -0.007888197 0.9977502 -0.06657415 -0.007910966 0.9977509 -0.06657111 -0.007845461 0.9977505 -0.06657254 -0.007883906 0.9977499 -0.06657481 -0.007930934 0.9977504 -0.06657284 -0.007883727 0.9977504 -0.06657308 -0.007901966 0.9977508 -0.06657296 -0.007851302 0.997751 -0.06657373 -0.007802903 0.997749 -0.06656998 -0.008092224 0.9977506 -0.06657409 -0.007852911 0.9977505 -0.06657236 -0.007887363 0.9977505 -0.06657218 -0.007888078 0.06664717 0.9977304 0.009607732 0.06664717 0.9977304 0.009608089 -0.6583877 0.7525774 0.01236814 -0.6583881 0.752577 0.01236897 -0.6151679 0.7882984 0.01241672 -0.6151704 0.7882964 0.01241666 -0.5230051 0.8522394 0.01239687 -0.5229912 0.852248 0.01239919 -0.4242959 0.9054412 0.01222366 -0.4243207 0.9054296 0.01222008 -0.3202728 0.9472509 0.01189106 -0.3202495 0.9472586 0.01189392 -0.2121531 0.9771698 0.01141446 -0.2121483 0.9771709 0.01141488 -0.1014102 0.9947863 0.01079291 -0.1014229 0.994785 0.01079154 0.01059061 0.9998936 0.0100333 0.01060557 0.9998934 0.01003521 0.7526432 0.6584276 0.001219034 0.7526417 0.6584293 0.001214981 0.1225128 0.9924247 0.00915116 0.1224931 0.9924272 0.009148538 0.2328227 0.9724851 0.008149266 0.2328358 0.9724819 0.008151113 0.3402378 0.9403131 0.007049262 0.340237 0.9403133 0.007048547 0.4434068 0.8963014 0.005858421 0.4433915 0.896309 0.005856812 0.5409722 0.841028 0.004592776 0.540992 0.8410153 0.004595637 0.6317305 0.7751812 0.003273308 0.6316955 0.7752099 0.003269016 0.7145419 0.6995902 0.001905679 0.7145739 0.6995574 0.001909792 0.06664812 0.9977303 0.009606719 0.06664794 0.9977303 0.009607076 -0.007196724 0.01010996 -0.999923 -0.007233738 0.01011359 -0.9999227 -0.007220089 0.01011639 -0.9999228 -0.0072335 0.01010835 -0.9999228 -0.007216632 0.01016116 -0.9999223 -0.00725001 0.01011037 -0.9999226 -0.007230818 0.01011461 -0.9999227 -0.007235348 0.01010018 -0.9999228 -0.007273137 0.01010262 -0.9999225 -0.007263243 0.01009118 -0.9999227 -0.007245481 0.01009523 -0.9999228 -0.007215976 0.010104 -0.999923 -0.007235348 0.01010704 -0.9999228 -0.007216989 0.01010721 -0.9999229 -0.007228136 0.01010733 -0.9999228 -0.007211744 0.01012015 -0.9999229 -0.00723952 0.01010817 -0.9999228 -0.007224023 0.01009976 -0.9999229 -0.007219851 0.01011222 -0.9999229 -0.007218182 0.01011538 -0.9999228 -0.007253885 0.01011383 -0.9999226 -0.007216513 0.01010143 -0.9999229 -0.007231831 0.01011276 -0.9999228 -0.007232308 0.01011443 -0.9999228 -0.007228672 0.01010626 -0.9999228 -0.007228195 0.01011067 -0.9999228 -0.007228255 0.01010239 -0.9999229 -0.007216811 0.01010578 -0.9999229 -0.007242321 0.01011669 -0.9999227 -0.00722903 0.01010787 -0.9999228 -0.007224261 0.01010626 -0.9999229 -0.00721693 0.01013976 -0.9999226 -0.007230103 0.01011067 -0.9999228 -0.00723201 0.01011675 -0.9999228 -0.007171809 0.01016861 -0.9999226 -0.007315993 0.01008474 -0.9999224 -0.007182121 0.01004558 -0.9999238 -0.007222354 0.01010948 -0.9999229 -0.007138311 0.01001429 -0.9999245 -0.00757879 0.01051038 -0.9999161 -0.007378101 0.009907782 -0.9999237 -0.00724256 0.01012891 -0.9999225 -0.007204174 0.01011914 -0.9999229 -0.007405161 0.01009631 -0.9999216 -0.007228195 0.0101096 -0.9999228 -0.007179915 0.01012068 -0.9999231 -0.007227003 0.01011002 -0.9999229 -0.007253348 0.01010853 -0.9999227 -0.007279813 0.01010376 -0.9999225 -0.007205009 0.01011234 -0.9999229 -0.007237195 0.01011002 -0.9999228 -0.007224023 0.01011073 -0.9999229 -0.007223665 0.01011067 -0.9999229 -0.007213413 0.01011061 -0.9999229 -0.007228314 0.01010996 -0.9999229 -0.007077276 0.00985974 -0.9999264 -0.007197618 0.01017332 -0.9999223 -0.007238268 0.01010501 -0.9999228 -0.007219731 0.01012265 -0.9999228 -0.00724107 0.01009875 -0.9999228 -0.007206797 0.01010584 -0.9999231 -0.007228732 0.01010996 -0.9999228 -0.007189929 0.01011776 -0.9999231 -0.007238805 0.01011377 -0.9999227 -0.00726366 0.01010113 -0.9999227 -0.007226407 0.01011019 -0.9999229 -0.00722754 0.01011025 -0.9999228 -0.007224619 0.01011353 -0.9999228 -0.007312178 0.01012682 -0.999922 -0.007342875 0.01006609 -0.9999224 -0.007190406 0.01012033 -0.999923 -0.007227957 0.01010787 -0.9999228 -0.007287979 0.01010626 -0.9999225 -0.007145881 0.01011037 -0.9999234 -0.007218837 0.01011043 -0.9999229 -0.007207155 0.01008105 -0.9999232 -0.007279455 0.01016658 -0.9999219 -0.007220149 0.01008874 -0.9999231 -0.007242083 0.01014441 -0.9999224 -0.007210075 0.01007932 -0.9999233 -0.007236659 0.01010453 -0.9999228 -0.007230758 0.01010841 -0.9999228 -0.007242321 0.01014465 -0.9999224 -0.007200241 0.01009088 -0.9999232 -0.007198095 0.01003479 -0.9999238 -0.007224917 0.01012551 -0.9999227 -0.007207572 0.01012331 -0.9999229 -0.007283806 0.01014369 -0.9999221 -0.007161021 0.01005846 -0.9999238 -0.007265031 0.01013922 -0.9999223 -0.007219433 0.01010739 -0.9999229 -0.007212102 0.01010805 -0.999923 -0.007263362 0.01011431 -0.9999226 -0.007229208 0.01011312 -0.9999228 -0.007145583 0.01008826 -0.9999236 -0.007231295 0.01011198 -0.9999228 -0.007242798 0.01013487 -0.9999225 -0.007214307 0.01009047 -0.9999231 -0.00723356 0.01011729 -0.9999227 -0.007231831 0.01011967 -0.9999226 -0.007234811 0.01018762 -0.999922 -0.007249593 0.01018697 -0.9999219 -0.00721544 0.01014506 -0.9999225 -0.007245421 0.01006829 -0.9999232 -0.007229387 0.01010113 -0.9999229 -0.007222652 0.01011854 -0.9999228 -0.007248461 0.01019072 -0.9999218 -0.007231771 0.01010441 -0.9999228 -0.007222235 0.01011449 -0.9999229 -0.007247626 0.01009702 -0.9999228 -0.007229745 0.01010036 -0.9999229 -0.007188558 0.01017725 -0.9999224 -0.0071159 0.009958028 -0.9999251 -0.007229626 0.01010918 -0.9999228 -0.007176995 0.01015841 -0.9999227 -0.007249474 0.0100972 -0.9999228 -0.007246315 0.01008427 -0.9999229 -0.007228314 0.01012372 -0.9999226 -0.007220387 0.0101161 -0.9999228 -0.00720185 0.0101189 -0.9999229 -0.007261037 0.01008623 -0.9999228 -0.007246077 0.01010113 -0.9999228 -0.007112205 0.01016145 -0.9999232 -0.00723201 0.01011884 -0.9999227 -0.007210254 0.01010632 -0.999923 -0.007239043 0.01014822 -0.9999223 -0.007221519 0.01011061 -0.9999228 -0.007229089 0.01020038 -0.9999219 -0.007162034 0.01021033 -0.9999222 -0.007259905 0.01009321 -0.9999228 -0.007239043 0.01010459 -0.9999228 -0.007213711 0.01008957 -0.9999231 -0.007225513 0.01012843 -0.9999226 -0.00721997 0.01012021 -0.9999228 -0.007240414 0.01010167 -0.9999228 -0.007262885 0.01008188 -0.9999229 -0.007242679 0.01009368 -0.9999229 -0.007227599 0.0101093 -0.9999229 -0.007208883 0.01010942 -0.9999229 -0.007225871 0.0101099 -0.9999229 -0.007246971 0.01010733 -0.9999228 -0.007213354 0.01010668 -0.9999229 -0.007470607 0.0101338 -0.9999209 -0.007216751 0.01011109 -0.9999229 -0.007287979 0.0101152 -0.9999223 -0.007224619 0.01011037 -0.9999229 -0.007280647 0.01011276 -0.9999224 -0.007215261 0.01011157 -0.9999229 -0.007237851 0.01009786 -0.9999228 -0.007220804 0.01011687 -0.9999228 -0.007231235 0.01011002 -0.9999228 -0.007213115 0.01010924 -0.9999229 -0.00722748 0.01011055 -0.9999228 -0.007451474 0.01006948 -0.9999216 -0.007228136 0.01016616 -0.9999223 -0.007228493 0.01009202 -0.999923 -0.007228553 0.01005858 -0.9999234 -0.007225871 0.01011556 -0.9999228 -0.007225871 0.01010584 -0.9999229 -0.007224857 0.01012217 -0.9999228 -0.007235646 0.01011568 -0.9999227 -0.007229864 0.01009231 -0.9999229 -0.007229328 0.01010233 -0.9999229 -0.007231295 0.01010459 -0.9999228 -0.007224917 0.01005893 -0.9999234 -0.007231354 0.01010292 -0.9999228 -0.00723505 0.01011556 -0.9999228 -0.007230699 0.01013702 -0.9999226 -0.007234334 0.0101217 -0.9999226 -0.007229983 0.01011621 -0.9999227 -0.007233202 0.01010268 -0.9999228 -0.007229804 0.01008933 -0.999923 -0.6583892 0.7525761 0.01237154 -0.658389 0.7525763 0.01236826 -0.6151508 0.7883117 0.01242011 -0.6151691 0.7882975 0.01241761 -0.5230066 0.8522385 0.01239824 -0.5229995 0.8522429 0.01239907 -0.4242945 0.9054419 0.0122236 -0.4243088 0.9054351 0.01222145 -0.3202588 0.9472554 0.01189273 -0.3202614 0.9472545 0.01189225 -0.212167 0.9771668 0.01141345 -0.2121629 0.9771677 0.01141357 -0.1014251 0.9947847 0.01079124 -0.1014229 0.9947849 0.01079219 0.0106036 0.9998936 0.0100336 0.01060372 0.9998935 0.01003396 0.7526429 0.6584279 0.001217961 0.7526424 0.6584284 0.001217961 0.1224844 0.9924284 0.009149551 0.122493 0.9924273 0.009150505 0.2328409 0.9724807 0.008150517 0.2328093 0.9724884 0.008147299 0.3402371 0.9403133 0.007045328 0.3402625 0.9403042 0.007049083 0.4433947 0.8963074 0.005858421 0.4434028 0.8963033 0.005859375 0.5409711 0.8410288 0.004595339 0.5409568 0.8410379 0.00459361 0.6317242 0.7751863 0.003271043 0.6317223 0.7751879 0.003271043 0.7145544 0.6995774 0.001907289 0.7145661 0.6995654 0.001909136 -0.03102064 -0.5627486 0.8260459 -0.00591284 -0.204562 0.9788358 -0.005913257 -0.2045556 0.9788371 -0.03101897 -0.5627306 0.8260582 -0.05139625 -0.8351504 0.5476152 -0.05139607 -0.8351419 0.5476281 -0.06395685 -0.9805279 0.1856734 -0.06395852 -0.9805482 0.1855661 -0.9977502 0.06657505 0.007885217 -0.9977518 0.06655114 0.007891297 -0.9977525 0.06654077 0.007892489 -0.9977492 0.06659221 0.007879972 -0.9977517 0.0665552 0.007889509 -0.9977493 0.06659114 0.007879495 -0.9977511 0.06656253 0.007888972 -0.997749 0.06659555 0.007877111 -0.9977513 0.06655949 0.007891297 -0.9977505 0.06657266 0.007885336 -0.9977505 0.06657248 0.007885515 -0.9977518 0.06655538 0.007856845 -0.9977502 0.06657677 0.007890105 -0.9977515 0.06655901 0.007867693 -0.9977495 0.06658565 0.007897734 -0.9977505 0.06657338 0.007884919 -0.9977501 0.06657725 0.007889032 -0.9977511 0.06656461 0.007876157 -0.9977504 0.0665726 0.007885098 -0.9977512 0.06656253 0.007876992 -0.9977498 0.06658148 0.007889807 -0.9977509 0.06656694 0.007879614 -0.997748 0.06660676 0.00790596 -0.9977472 0.0666185 0.007913112 -0.9977684 0.06631869 0.007750213 -0.9977456 0.06664395 0.007896065 -0.9977484 0.06660616 0.007856011 -0.9977515 0.06655734 0.007890045 -0.9977496 0.06658697 0.007878184 -0.9977525 0.0665394 0.007905602 -0.9977515 0.06655561 0.0078969 -0.9977504 0.06657302 0.007883071 -0.9977496 0.06658744 0.007870852 -0.9977496 0.06658697 0.007873237 -0.9977512 0.06655889 0.007902264 -0.9977495 0.06658846 0.007865667 -0.9977514 0.06655633 0.007902681 -0.9977509 0.06656503 0.007894515 -0.9977491 0.06659775 0.007848381 -0.9977501 0.06657743 0.007886409 -0.9977512 0.06656074 0.007881045 -0.9977496 0.06658607 0.007890462 -0.9977504 0.06657451 0.007885694 -0.9977502 0.06657707 0.007887005 -0.9977515 0.06655657 0.007881343 -0.9977505 0.06657212 0.007885158 -0.06664806 -0.9977303 -0.009606361 -0.06664752 -0.9977304 -0.00960654 -0.5603104 0.04539036 -0.8270381 -0.2016985 0.02290207 -0.9791799 -0.201734 0.02290177 -0.9791726 -0.5603828 0.04539602 -0.8269888 -0.8335925 0.06097126 -0.5490047 -0.8335962 0.06096857 -0.5489993 -0.9799942 0.06726717 -0.1873137 -0.9799757 0.06726527 -0.1874117 -0.00722754 0.01011055 -0.9999228 -0.007228076 0.01011019 -0.9999229 -0.8256075 0.04973775 0.5620484 -0.977154 0.06331944 0.2028812 -0.977154 0.06331926 0.2028813 -0.8256042 0.04973781 0.5620533 -0.5482944 0.02857816 0.8357971 -0.5483018 0.02857846 0.8357921 -0.1875773 0.003072738 0.9822452 -0.1875731 0.003071606 0.9822459 -0.04304236 -0.5459491 -0.836712 -0.0200895 -0.1846898 -0.9825916 -0.0200895 -0.184728 -0.9825843 -0.04303508 -0.5458908 -0.8367504 -0.05943095 -0.8239592 -0.563524 -0.05943071 -0.8239275 -0.5635706 -0.06677603 -0.9765824 -0.2045191 -0.06678026 -0.9765951 -0.2044565 -0.2600749 -0.9644542 -0.04678881 -0.2309849 -0.9657037 -0.118585 -0.1768472 -0.9687854 -0.1737236 -0.1054483 -0.973272 -0.2040151 -0.6068298 -0.7866852 -0.1135086 -0.6068723 -0.7866649 -0.1134222 -0.8561748 -0.4906544 -0.1619349 -0.8561733 -0.4906728 -0.161888 -0.9746214 -0.1250352 -0.1856859 -0.9746208 -0.1250444 -0.1856834 -0.1687316 -0.8116511 -0.5592426 -0.1686917 -0.8116331 -0.5592805 -0.2052763 -0.5277588 -0.8242163 -0.2052297 -0.5277461 -0.824236 -0.2107435 -0.168534 -0.9629037 -0.2107216 -0.1685306 -0.9629092 -0.3707467 -0.7990103 -0.4734231 -0.3705936 -0.7989699 -0.4736114 -0.5052457 -0.5088998 -0.6969562 -0.5051636 -0.5089755 -0.6969604 -0.5627323 -0.1465055 -0.813553 -0.5627099 -0.1464369 -0.8135809 -0.5243605 -0.7902046 -0.3172113 -0.5243837 -0.7902764 -0.3169941 -0.7337392 -0.4959505 -0.4643921 -0.7337322 -0.4958953 -0.464462 -0.8309223 -0.1312156 -0.5406948 -0.8309314 -0.1312068 -0.5406827 -0.8666049 -0.4989937 0.001218616 -0.99158 -0.1293641 0.005859315 -0.9915805 -0.1293595 0.005859494 -0.8665858 -0.4990267 0.001218438 -0.6097586 -0.7925791 -0.003606081 -0.6097556 -0.7925813 -0.003606081 -0.2599779 -0.9655824 -0.007883548 -0.2600769 -0.9655558 -0.00788331 -0.9905503 -0.1296562 0.04471719 -0.9880526 -0.10078 0.1166004 -0.9840019 -0.04663598 0.1719458 -0.9789991 0.02465772 0.2023679 -0.8605387 -0.497112 0.1111428 -0.8605823 -0.4970679 0.1110028 -0.600413 -0.7836147 0.1595379 -0.6004592 -0.7835884 0.1594932 -0.2538877 -0.9496427 0.1836302 -0.2537451 -0.9496572 0.1837522 -0.8278701 -0.06008851 0.5576922 -0.8279194 -0.06022286 0.5576046 -0.5518906 -0.1346386 0.8229759 -0.5518417 -0.1345763 0.823019 -0.1968513 -0.1880185 0.9622363 -0.1968684 -0.1880286 0.9622308 -0.8420265 -0.2617321 0.4716862 -0.8420321 -0.2617327 0.4716757 -0.5727734 -0.4341052 0.6953297 -0.5728442 -0.4341586 0.6952381 -0.2214352 -0.539562 0.812305 -0.2215006 -0.5396033 0.8122597 -0.8535252 -0.4152488 0.3147432 -0.8535261 -0.4152437 0.3147477 -0.5899812 -0.6620678 0.4621564 -0.5898333 -0.6620339 0.4623936 -0.2414112 -0.8069593 0.5390152 -0.2414083 -0.8069663 0.5390062 0.9977502 -0.06657403 -0.007920145 0.9977507 -0.06657791 -0.007817566 0.9977505 -0.06657463 -0.007867276 0.997751 -0.06657493 -0.007803976 0.9977502 -0.06657558 -0.007888495 0.9977501 -0.06657612 -0.007896721 0.9977503 -0.06657499 -0.007883071 0.9977512 -0.06655794 -0.00791496 0.9977498 -0.06658416 -0.007873058 0.9977513 -0.06655693 -0.007913351 0.9977475 -0.06662154 -0.007842779 0.9977505 -0.06657052 -0.007888555 0.9977508 -0.06656742 -0.007881581 0.9977476 -0.06662237 -0.007840871 0.9977501 -0.06657153 -0.007944524 0.9977502 -0.06657338 -0.007904112 0.9977503 -0.06657779 -0.007862389 0.9977504 -0.06657296 -0.007883131 0.9977506 -0.06657016 -0.007888138 0.9977502 -0.06657826 -0.007877647 0.9977513 -0.06655877 -0.007899284 0.9977509 -0.06656318 -0.007897615 0.9977504 -0.06657356 -0.007889091 0.9977495 -0.06658625 -0.007887482 0.9977502 -0.06657719 -0.007887363 0.9977514 -0.06655818 -0.007882118 0.9977473 -0.06661349 -0.007944107 0.9977411 -0.06669664 -0.008020818 0.9977561 -0.06650072 -0.007787287 0.9977489 -0.06659299 -0.007909119 0.9977529 -0.06654214 -0.007843792 0.9977499 -0.06657898 -0.007904112 0.9977492 -0.06658989 -0.00791049 0.9977503 -0.06657487 -0.007886826 0.9977505 -0.06658399 -0.007788121 0.9977505 -0.06657028 -0.007900655 0.9977511 -0.06656187 -0.007887125 0.99775 -0.06657934 -0.007883489 0.9977512 -0.06656122 -0.007882952 0.9977498 -0.0665825 -0.007887363 0.9977509 -0.06656676 -0.007880628 0.9977514 -0.06655877 -0.007875859 0.9977505 -0.06657177 -0.007888555 0.9977505 -0.06657212 -0.007889866 0.9977504 -0.06657308 -0.007893681 0.9977499 -0.06657767 -0.007911324 0.9977508 -0.06657266 -0.007854521 0.9977503 -0.06656867 -0.007934093 0.9977514 -0.06656575 -0.007826805 0.9977505 -0.06657159 -0.007880806 0.9977504 -0.06656944 -0.007914721 0.9977503 -0.06657123 -0.007917463 0.9977508 -0.06657207 -0.007851839 0.9977507 -0.0665701 -0.007868587 0.9977503 -0.0665732 -0.007907032 0.9977508 -0.06656926 -0.007867395 0.9977508 -0.06656765 -0.007880389 0.9977506 -0.06656861 -0.007901668 0.9977504 -0.06657779 -0.007860839 0.9977505 -0.06657248 -0.007873415 0.9977505 -0.0665723 -0.007882475 0.9977505 -0.06657266 -0.007888555 0.9977503 -0.06657308 -0.007906615 0.9977501 -0.06657791 -0.007882833 0.9977501 -0.06657791 -0.007884085 0.9977504 -0.06657332 -0.007901549 0.9977506 -0.06656944 -0.007895708 0.9977504 -0.06657159 -0.007908284 0.9977505 -0.06657463 -0.007864177 0.9977505 -0.06657445 -0.007867157 0.9977505 -0.06657242 -0.007890343 0.9977498 -0.06657814 -0.007913589 0.9977508 -0.06657314 -0.007846832 0.9977506 -0.0665698 -0.007891535 0.9977505 -0.06656682 -0.007926642 0.9977505 -0.06658059 -0.007810533 0.9977506 -0.06657147 -0.007880687 0.9977506 -0.06656879 -0.007889866 0.9977505 -0.06656956 -0.007910668 0.9977503 -0.06657379 -0.007894515 0.9977505 -0.0665729 -0.007886826 0.9977505 -0.06657469 -0.007873892 0.9977506 -0.06657063 -0.007887184 0.9977505 -0.06657171 -0.007889091 0.9977505 -0.06657469 -0.007863938 0.9977508 -0.06657278 -0.007840692 0.9977508 -0.06656575 -0.007900297 0.9977508 -0.06656628 -0.007897555 0.9977508 -0.06656491 -0.007907271 0.9977505 -0.06657105 -0.00788325 0.9977505 -0.06657153 -0.007879376 0.9977506 -0.06657183 -0.007873952 0.9977504 -0.06657016 -0.007913291 0.9977503 -0.06657755 -0.007870137 0.9977506 -0.06656885 -0.007897436 0.9977506 -0.06656879 -0.007903933 0.9977505 -0.06657379 -0.007874906 0.9977508 -0.06657296 -0.007840096 0.9977507 -0.06656634 -0.007906675 0.9977506 -0.06657141 -0.007880687 -2.00366e-5 -0.1179166 0.9930235 -0.007268905 -0.2243553 0.9744804 -0.007268726 -0.2243636 0.9744785 -0.01443058 -0.3281491 0.9445158 -0.01442962 -0.3281465 0.9445167 -0.02142453 -0.4281163 0.9034697 -0.02142393 -0.4281195 0.9034681 -0.02816659 -0.5230643 0.8518277 -0.02816945 -0.523043 0.8518407 -0.03458154 -0.6118333 0.7902305 -0.03457748 -0.6118533 0.7902152 -0.0405845 -0.6934901 0.7193222 -0.04058849 -0.6934645 0.7193467 -0.04612052 -0.7669739 0.6400189 -0.04611587 -0.7669913 0.6399981 -0.05110543 -0.83149 0.5531839 -0.05110794 -0.8314829 0.5531947 -0.05549907 -0.886241 0.4598879 -0.05549931 -0.8862413 0.459887 -0.0592401 -0.9306123 0.3611805 -0.05924296 -0.9306014 0.3612081 -0.06228941 -0.9640643 0.2582638 -0.06228232 -0.964075 0.2582255 -0.06459736 -0.9862256 0.1522709 -0.06460505 -0.9862181 0.152316 -0.06616342 -0.9968135 0.04455763 -0.06616014 -0.9968147 0.04453468 -1.95563e-5 -0.1179229 0.9930227 0.007227659 -0.01011389 0.9999228 0.007227182 -0.0101099 0.9999228 0.0143904 0.09782022 0.9951001 0.01439028 0.09782052 0.9951001 0.02138507 0.2046092 0.9786102 0.02138495 0.2046114 0.9786098 0.02812737 0.3089863 0.9506506 0.02812898 0.3089789 0.9506528 0.03454554 0.4097723 0.9115336 0.03454566 0.4097709 0.9115342 0.04055434 0.5057226 0.8617425 0.04055404 0.5057202 0.8617438 0.04608762 0.5957474 0.8018485 0.04608559 0.5957508 0.8018461 0.05107915 0.6788044 0.7325405 0.05108177 0.6787896 0.7325541 0.0554766 0.7538902 0.6546542 0.05547589 0.7538838 0.6546616 0.05921906 0.8201218 0.5691163 0.05921763 0.8201319 0.5691019 0.06226837 0.8767816 0.4768403 0.06226694 0.876776 0.4768508 0.06458622 0.9231268 0.3790324 0.06458687 0.9231188 0.3790517 0.0661506 0.9586596 0.2767598 0.06614893 0.9586561 0.2767722 0.06693589 0.9829568 0.1712182 0.06694072 0.9829536 0.1712341 0.0669431 0.9957174 0.06376183 0.06693869 0.9957205 0.06371986 1.95561e-5 0.1179217 -0.993023 0.007267117 0.2243478 -0.9744821 0.007270634 0.2243572 -0.9744799 0.01443374 0.3281691 -0.9445087 0.01443082 0.3281564 -0.9445132 0.0214259 0.4281138 -0.9034708 0.02142184 0.4281005 -0.9034773 0.02816534 0.5230401 -0.8518427 0.02816557 0.5230459 -0.8518391 0.03457671 0.6118488 -0.7902188 0.0345782 0.6118556 -0.7902134 0.04058402 0.6934878 -0.7193245 0.04058837 0.6934864 -0.7193256 0.04611831 0.7669811 -0.6400104 0.0461167 0.7669703 -0.6400234 0.05110609 0.8314746 -0.5532072 0.05111086 0.831489 -0.553185 0.05550217 0.8862441 -0.4598816 0.05549889 0.886229 -0.4599109 0.05924087 0.9306142 -0.3611757 0.05923938 0.9306122 -0.3611809 0.06228643 0.9640723 -0.2582347 0.06228125 0.9640656 -0.2582609 0.06459659 0.9862191 -0.1523124 0.06460982 0.986227 -0.1522567 0.06616836 0.9968152 -0.04451191 0.06615525 0.9968132 -0.04457587 1.89153e-5 0.117924 -0.9930226 -0.00722891 0.01010608 -0.9999228 -0.007226884 0.01011621 -0.9999228 -0.01439082 -0.09782236 -0.9950999 -0.01439052 -0.09782475 -0.9950997 -0.02138686 -0.20461 -0.97861 -0.02138477 -0.2045958 -0.9786129 -0.02812975 -0.3090044 -0.9506446 -0.02812874 -0.3090001 -0.9506461 -0.03454178 -0.4097519 -0.9115428 -0.03454577 -0.4097622 -0.9115381 -0.04055464 -0.5057139 -0.8617475 -0.04055672 -0.505728 -0.8617392 -0.04609107 -0.5957577 -0.8018407 -0.04608911 -0.5957541 -0.8018435 -0.05108225 -0.6787961 -0.732548 -0.0510835 -0.6788066 -0.7325382 -0.05547761 -0.7538774 -0.6546688 -0.05547744 -0.7538815 -0.654664 -0.05922096 -0.8201317 -0.5691018 -0.05922341 -0.8201364 -0.5690947 -0.06227439 -0.8767772 -0.4768478 -0.06227058 -0.876777 -0.4768485 -0.06458961 -0.9231145 -0.379062 -0.06459236 -0.9231165 -0.3790566 -0.06615602 -0.9586654 -0.2767381 -0.06614881 -0.958657 -0.276769 -0.06693577 -0.9829539 -0.1712351 -0.0669372 -0.9829572 -0.1712153 -0.06693893 -0.9957184 -0.06375104 -0.06694275 -0.9957195 -0.0637294 -0.01707983 -0.1386901 -0.9901886 -0.02655243 -0.2844272 -0.9583299 -0.02655434 -0.2844299 -0.9583291 -0.03542971 -0.4237906 -0.9050671 -0.03542917 -0.4237832 -0.9050705 -0.04351514 -0.553693 -0.8315832 -0.04351305 -0.5536913 -0.8315845 -0.05062544 -0.6712175 -0.7395298 -0.05062049 -0.671231 -0.7395178 -0.05660229 -0.7737426 -0.6309666 -0.05660247 -0.7737469 -0.6309611 -0.06132191 -0.8590114 -0.5082708 -0.06133449 -0.8590286 -0.5082401 -0.06468182 -0.9250433 -0.3743144 -0.06471389 -0.925067 -0.3742503 -0.0666188 -0.9704672 -0.2318522 -0.06658768 -0.9704537 -0.2319176 -0.06700325 -0.9941878 -0.08426928 -0.06700348 -0.9941908 -0.08423393 -0.01708483 -0.1386985 -0.9901874 -0.007229566 0.01010423 -0.9999228 -0.007225036 0.01011776 -0.9999228 0.002788782 0.1587024 -0.9873226 0.002786099 0.1586995 -0.987323 0.01274061 0.303748 -0.9526672 0.01273721 0.3037527 -0.9526659 0.02240341 0.4419947 -0.8967378 0.02240347 0.4419964 -0.8967371 0.03157079 0.570404 -0.8207573 0.03157502 0.5703857 -0.82077 0.04003816 0.6860636 -0.7264391 0.0400235 0.6860423 -0.72646 0.04758918 0.7863554 -0.6159387 0.04759895 0.7863577 -0.6159351 0.05410361 0.8691246 -0.4916253 0.05410748 0.8691165 -0.491639 0.05940186 0.9324498 -0.356383 0.05940228 0.9324469 -0.3563905 0.06337022 0.9749645 -0.2131396 0.06337022 0.9749584 -0.2131679 0.06592315 0.9956956 -0.06515014 0.06592303 0.9956947 -0.06516373 0.01707708 0.1387007 0.9901872 0.02654725 0.2844293 0.9583294 0.02655023 0.2844184 0.9583327 0.03543108 0.4237889 0.9050679 0.03543007 0.423788 0.9050683 0.04351943 0.5536957 0.8315812 0.04351973 0.5536966 0.8315805 0.05063092 0.6712054 0.7395403 0.05063098 0.6711915 0.7395529 0.05661875 0.7737751 0.6309252 0.05661654 0.7737775 0.6309223 0.06133264 0.8589943 0.5082983 0.06133335 0.8589935 0.5082997 0.0646823 0.9250684 0.3742522 0.0646789 0.9250736 0.3742399 0.06658232 0.9704643 0.2318749 0.06658333 0.9704692 0.231854 0.06699973 0.9941822 0.08433824 0.06700277 0.9941815 0.08434367 0.01707923 0.1386926 0.9901883 0.007229208 -0.01011246 0.9999228 0.007225751 -0.01010513 0.9999229 -0.002787053 -0.1586962 0.9873235 -0.002786159 -0.1586965 0.9873236 -0.01274198 -0.3037319 0.9526724 -0.01273298 -0.3037477 0.9526674 -0.02239942 -0.4420256 0.8967227 -0.02241426 -0.4419977 0.896736 -0.03158122 -0.5703749 0.8207773 -0.03157311 -0.5703993 0.8207605 -0.04003435 -0.686061 0.7264418 -0.04003757 -0.6860463 0.7264555 -0.0476014 -0.7863439 0.6159525 -0.0475896 -0.7863497 0.6159461 -0.05409294 -0.8691315 0.4916144 -0.05410683 -0.8691155 0.4916411 -0.05940133 -0.9324526 0.3563756 -0.05940139 -0.9324513 0.356379 -0.0633704 -0.9749589 0.2131654 -0.06335675 -0.9749671 0.2131318 -0.06590896 -0.9957 0.06509828 -0.06592321 -0.9956974 0.06512171 0.06664735 0.9977304 0.009606599 0.06664788 0.9977304 0.009606361 0.9977506 -0.06657075 -0.007884979 0.9977509 -0.06656634 -0.007883191 0.9977476 -0.0666151 -0.007892549 0.9977504 -0.0665729 -0.007885277 0.9977535 -0.06652826 -0.007875859 0.9977474 -0.06661629 -0.007894635 0.9977523 -0.06654602 -0.007877171 0.9977505 -0.06657171 -0.007885098 0.9977494 -0.06658852 -0.007890403 0.9977508 -0.06656742 -0.007883012 0.9977502 -0.0665751 -0.007887065 0.9977508 -0.06656801 -0.007881641 0.9977506 -0.06657093 -0.007886588 0.9977504 -0.06657278 -0.007885098 0.9977505 -0.06657272 -0.007885754 0.9977499 -0.06658428 -0.007850885 0.9977505 -0.06657814 -0.007836461 0.9977504 -0.06657576 -0.007871985 0.9977509 -0.06656211 -0.00791943 0.9977502 -0.06657898 -0.007867276 0.9977508 -0.0665639 -0.007910728 0.9977499 -0.06658452 -0.00785619 0.9977506 -0.0665701 -0.007884621 0.9977508 -0.06656748 -0.007890164 0.9977508 -0.06656515 -0.007895529 0.9977504 -0.06657528 -0.007881999 0.99775 -0.06658142 -0.007876276 0.9977514 -0.06655699 -0.007897317 0.9977494 -0.06658941 -0.007874965 0.9977509 -0.06656759 -0.007882535 0.9977478 -0.06661337 -0.007876157 0.9977588 -0.0664426 -0.00793004 0.9977419 -0.06670796 -0.007820487 0.9977321 -0.06683725 -0.00796771 0.9977566 -0.06648463 -0.007857084 0.9977513 -0.06656134 -0.007881939 0.9977472 -0.06661891 -0.007903575 0.9977504 -0.0665735 -0.007883191 0.9977523 -0.06654614 -0.007871806 0.9977507 -0.06656914 -0.007881343 0.9977491 -0.06659096 -0.007903695 0.9977501 -0.06657814 -0.007886946 0.9977507 -0.06657022 -0.007879316 0.9977513 -0.06656193 -0.007866084 0.9977493 -0.06658625 -0.00791341 0.9977514 -0.06656306 -0.00785613 0.99775 -0.06657749 -0.007907986 0.9977508 -0.06656932 -0.007868587 0.9977499 -0.06657814 -0.00790739 0.9977512 -0.06656664 -0.007845222 0.9977498 -0.06658446 -0.007879257 0.9977499 -0.06658071 -0.007883071 0.9977515 -0.06655484 -0.007890284 0.9977501 -0.06657934 -0.007882058 0.9977513 -0.06655901 -0.007890462 0.9977491 -0.066594 -0.007878422 0.9977526 -0.0665397 -0.007892191 0.9977486 -0.06660139 -0.007880032 0.9977515 -0.06655728 -0.007888495 0.9977504 -0.06657326 -0.007884442 0.9977488 -0.06659847 -0.00788027 0.9977506 -0.06657081 -0.007884979 0.05223739 0.6983499 0.7138478 0.05223816 0.6983547 0.7138431 0.04201722 0.7126545 -0.7002558 0.04201543 0.712649 -0.7002615 0.7106274 -0.05422335 0.701476 0.710627 -0.05422264 0.7014764 0.7526438 0.6584268 0.001217365 0.7526422 0.6584287 0.001217007 0.7004046 -0.03992491 -0.7126286 0.7004053 -0.0399245 -0.7126278 0.007158637 -0.01011198 0.9999233 0.0072546 -0.01011103 0.9999226 0.007205724 -0.01010936 0.9999229 0.007227182 -0.0101419 0.9999225 0.007233142 -0.01006567 0.9999232 0.007225632 -0.01011842 0.9999228 0.007227301 -0.01010292 0.9999229 0.007270753 -0.01015514 0.999922 0.007209002 -0.0100966 0.9999231 0.007230699 -0.01011073 0.9999228 0.007236361 -0.010113 0.9999227 0.007227063 -0.01011276 0.9999228 0.007215857 -0.01011854 0.9999229 0.007253229 -0.0101009 0.9999228 0.007194578 -0.01012086 0.999923 0.007264733 -0.01011651 0.9999225 0.007226884 -0.01011401 0.9999228 0.007112681 -0.01005673 0.9999242 0.007468223 -0.01015114 0.9999206 0.007125973 -0.01010429 0.9999236 0.00725317 -0.0101 0.9999228 0.006875276 -0.01005566 0.9999259 0.00722295 -0.01011031 0.9999228 0.007227182 -0.01011055 0.9999228 0.007228374 -0.01011347 0.9999228 0.007220327 -0.01010644 0.9999229 0.007229745 -0.01011002 0.9999228 0.007230699 -0.01011645 0.9999228 0.007227838 -0.01012349 0.9999227 0.007224619 -0.01014113 0.9999226 0.007242918 -0.01000887 0.9999238 0.007214903 -0.01011031 0.9999229 0.00722593 -0.01011204 0.9999228 0.007236897 -0.01010638 0.9999228 0.007241785 -0.01011079 0.9999228 0.007229268 -0.01010984 0.9999228 0.007225692 -0.01011455 0.9999228 0.00722146 -0.01010847 0.9999229 0.007210552 -0.01007312 0.9999234 0.007236361 -0.01003444 0.9999235 0.007228255 -0.01010483 0.9999228 0.007223725 -0.01015049 0.9999224 0.007226407 -0.01010936 0.9999228 0.007222592 -0.01010936 0.9999229 0.00736463 -0.01011121 0.9999218 0.007115006 -0.01010817 0.9999237 0.007276594 -0.01011657 0.9999224 0.007195353 -0.01010632 0.9999231 0.007204473 -0.01012021 0.9999229 0.007260799 -0.01010799 0.9999226 0.007229149 -0.01011073 0.9999228 0.007210791 -0.01008188 0.9999232 0.007235288 -0.01010638 0.9999228 0.00722903 -0.01010227 0.9999229 0.007225394 -0.01011073 0.9999228 0.007232427 -0.01003611 0.9999235 0.007227897 -0.01010292 0.9999229 0.007228255 -0.01015192 0.9999224 0.007227897 -0.01006811 0.9999233 0.007227897 -0.0101493 0.9999225 0.007226824 -0.01010304 0.9999229 0.007229387 -0.01011061 0.9999228 0.007223546 -0.01010584 0.9999229 0.007228553 -0.01010555 0.9999229 0.007226526 -0.01010346 0.9999229 0.007238149 -0.01011621 0.9999227 0.007205545 -0.01010715 0.999923 0.007250249 -0.01011663 0.9999226 0.007244706 -0.01011282 0.9999227 0.007207632 -0.01010698 0.999923 0.007226645 -0.01011043 0.9999229 0.007222771 -0.01011037 0.9999228 0.007136821 -0.01011109 0.9999234 0.007259905 -0.01011234 0.9999225 0.007202386 -0.01011401 0.9999229 0.007222771 -0.01011031 0.9999228 0.007227778 -0.01011133 0.9999228 0.007228851 -0.01012426 0.9999226 0.007225751 -0.01014405 0.9999225 0.007229149 -0.01001006 0.9999238 0.00723052 -0.01011031 0.9999228 0.007218658 -0.01011085 0.9999229 0.007242798 -0.01010996 0.9999228 0.007223129 -0.01011085 0.9999228 0.007224738 -0.01010984 0.9999228 0.007223546 -0.01011449 0.9999228 0.007228314 -0.01010864 0.9999228 0.00722903 -0.01011097 0.9999228 0.0072425 -0.009969711 0.9999241 0.007224917 -0.01009148 0.9999231 0.007228195 -0.01010221 0.9999229 0.007236182 -0.01013821 0.9999225 0.007211387 -0.01009207 0.9999232 0.007226169 -0.01011317 0.9999228 0.007229626 -0.01010757 0.9999229 0.007224917 -0.01011991 0.9999227 0.007225632 -0.01010519 0.9999229 0.007230997 -0.01013088 0.9999226 0.007222414 -0.01011246 0.9999228 0.007227599 -0.01010906 0.9999228 0.007229268 -0.01012074 0.9999228 0.007223606 -0.01010823 0.9999229 0.007226645 -0.0101096 0.9999228 0.007230162 -0.01011419 0.9999228 0.007225215 -0.01011091 0.9999229 0.007229208 -0.01010978 0.9999228 0.007227063 -0.01011061 0.9999229 0.007227063 -0.01011091 0.9999229 0.007225632 -0.01011437 0.9999228 0.007230877 -0.01010876 0.9999228 0.007227897 -0.01010155 0.9999229 0.007224142 -0.01012313 0.9999228 0.007228314 -0.01009976 0.9999229 0.00723356 -0.01011186 0.9999228 0.007227599 -0.01010698 0.9999229 0.007228076 -0.0102092 0.9999217 0.007224142 -0.01010411 0.9999229 0.00723052 -0.0101158 0.9999227 0.007221281 -0.01010066 0.999923 0.007221281 -0.01011562 0.9999228 0.007281064 -0.01013773 0.9999222 0.007197856 -0.01017975 0.9999223 0.007220864 -0.01010018 0.9999229 0.007243514 -0.01013374 0.9999225 0.00719279 -0.01008152 0.9999234 0.007228136 -0.01010781 0.9999229 0.00722438 -0.01010495 0.9999229 0.007240831 -0.0101177 0.9999227 0.007252573 -0.01012986 0.9999224 0.007206916 -0.01008701 0.9999232 0.007160305 -0.01009786 0.9999235 0.007614493 -0.01014405 0.9999196 0.00723195 -0.01011145 0.9999228 0.007240653 -0.0101009 0.9999228 0.007220923 -0.0101391 0.9999225 0.007214963 -0.01007646 0.9999232 0.007241368 -0.01010847 0.9999228 0.007241427 -0.01010721 0.9999228 0.007221877 -0.01013296 0.9999226 0.007228314 -0.01010423 0.9999229 0.007230281 -0.01010626 0.9999228 0.007218241 -0.01013129 0.9999226 0.007229626 -0.01011198 0.9999228 0.007239103 -0.01008826 0.9999229 0.007602214 -0.009894073 0.9999222 0.007131755 -0.01017713 0.9999228 0.007282853 -0.01010215 0.9999225 0.007244467 -0.01009494 0.9999229 0.007211267 -0.01010513 0.9999229 0.007225453 -0.01011294 0.9999228 0.007214546 -0.01013737 0.9999227 0.007240474 -0.010095 0.9999229 0.007200896 -0.01009315 0.9999232 0.007237613 -0.01011151 0.9999227 0.007228016 -0.01021856 0.9999217 0.007223784 -0.01009792 0.999923 0.0072214 -0.01010066 0.999923 0.007227659 -0.01010769 0.9999229 0.007216811 -0.01013243 0.9999227 0.007231771 -0.01010555 0.9999229 0.007219672 -0.01024425 0.9999216 0.007228076 -0.01005983 0.9999233 0.007227778 -0.01016861 0.9999222 0.007225871 -0.01011121 0.9999229 0.007217645 -0.01010489 0.999923 0.007239282 -0.01012641 0.9999225 0.007231831 -0.01015669 0.9999223 0.007231771 -0.01017975 0.9999221 0.007225811 -0.01005417 0.9999234 0.007230222 -0.01015996 0.9999223 0.007225155 -0.01012593 0.9999227 0.007221817 -0.01006746 0.9999234 0.007232308 -0.01011508 0.9999227 0.007228851 -0.01011073 0.9999228 0.007224977 -0.01026177 0.9999213 0.007226765 -0.01011848 0.9999227 0.00722599 -0.01010304 0.9999229 0.007237076 -0.01011049 0.9999227 0.007231295 -0.01011204 0.9999228 0.007229268 -0.01011419 0.9999228 0.007231175 -0.01010823 0.9999228 0.007223963 -0.01010757 0.9999229 0.007235646 -0.01011002 0.9999228 0.007229506 -0.01010447 0.9999229 0.007217764 -0.01010441 0.999923 0.007216572 -0.01010066 0.999923 0.007237732 -0.01012051 0.9999227 0.00722748 -0.01010185 0.9999229 0.00722748 -0.0101211 0.9999227 0.007226467 -0.01010501 0.9999229 0.007231414 -0.01010274 0.9999228 0.007228136 -0.01009768 0.999923 0.007221877 -0.01014286 0.9999225 0.00721836 -0.01013618 0.9999226 0.007227838 -0.01011854 0.9999227 0.007238864 -0.01010906 0.9999228 0.007210612 -0.01010817 0.9999229 0.007179319 -0.01010817 0.9999232 0.007234573 -0.01010751 0.9999228 0.007209479 -0.01011216 0.9999229 0.007410883 -0.0101245 0.9999214 0.007241845 -0.01011383 0.9999226 0.007165193 -0.01010799 0.9999233 0.007238626 -0.01010864 0.9999228 0.007251858 -0.01011455 0.9999226 0.007248699 -0.01011371 0.9999226 0.007224738 -0.01011204 0.9999229 0.007239937 -0.01011407 0.9999226 0.007221817 -0.01010936 0.9999228 0.007231414 -0.01009678 0.9999229 0.007204473 -0.0101571 0.9999225 0.007220029 -0.01010227 0.9999229 0.007217764 -0.01012223 0.9999228 0.007229149 -0.01009315 0.999923 0.007225453 -0.01011711 0.9999228 0.007234215 -0.01007521 0.9999232 0.007228493 -0.01009863 0.9999229 0.007222414 -0.01015728 0.9999224 0.007223725 -0.01012194 0.9999228 0.007229983 -0.01011949 0.9999227 0.007235348 -0.01010197 0.9999229 0.007235765 -0.01009654 0.9999229 0.007215499 -0.0101028 0.999923 0.007234334 -0.01009154 0.9999229 0.001252472 0.9999482 0.01010447 -0.1292995 0.991545 0.01096403 -0.1292837 0.9915472 0.01096022 -0.2575939 0.9661833 0.01163095 -0.2576054 0.9661802 0.01163369 -0.3815265 0.9242787 0.0121057 -0.3815267 0.9242787 0.01210594 -0.4989071 0.8665671 0.0123701 -0.4988982 0.8665724 0.01236784 -0.6077477 0.794033 0.01242095 -0.6077539 0.7940283 0.01242369 -0.7062073 0.7078989 0.01226371 -0.7062062 0.7079 0.01226383 -0.7925621 0.6096752 0.0118944 -0.792585 0.6096454 0.01190251 -0.8653948 0.5009624 0.01132994 -0.8653735 0.5009996 0.01131999 -0.9233756 0.3837528 0.01055371 -0.923373 0.3837591 0.01055252 -0.9655691 0.2599694 0.009606242 -0.9655782 0.2599354 0.009614646 -0.9912577 0.1316659 0.008503437 -0.9912534 0.1316987 0.008495271 0.001265347 0.9999483 0.01010161 0.1317512 0.9912413 0.009070515 0.1317641 0.9912397 0.009067595 0.2600253 0.9655696 0.007881045 0.2600111 0.9655736 0.007884263 0.3838231 0.9233834 0.00656265 0.3838254 0.9233825 0.00656265 0.5010551 0.8654002 0.005129098 0.5010793 0.8653863 0.005121946 0.6097482 0.7925871 0.003599822 0.6097233 0.7926061 0.003607511 0.7079758 0.7062339 0.002024173 0.7079763 0.7062334 0.002024233 0.794093 0.6077961 4.06516e-4 0.7940885 0.6078022 4.08296e-4 0.8666235 0.4989613 -0.001216709 0.8666306 0.4989488 -0.001219868 0.9243339 0.3815742 -0.002823412 0.9243319 0.3815791 -0.002822101 0.966226 0.2576591 -0.004377841 0.9662253 0.2576617 -0.004377841 0.9915809 0.1293566 -0.005858421 0.9915808 0.129357 -0.005858242 0.9999732 -0.001154541 -0.007238447 0.9999732 -0.001151978 -0.007238447 -0.001239955 -0.9999483 -0.01009869 0.1292706 -0.9915489 -0.01095718 0.1292704 -0.9915489 -0.01095724 0.2576159 -0.9661775 -0.01162821 0.2575928 -0.9661836 -0.01163315 0.3815259 -0.9242789 -0.01210623 0.381549 -0.9242694 -0.0121001 0.4988928 -0.8665756 -0.0123651 0.4988819 -0.8665818 -0.01236766 0.6077451 -0.7940352 -0.01242119 0.607756 -0.7940268 -0.01241844 0.7062065 -0.7078999 -0.01225924 0.7062057 -0.7079007 -0.0122596 0.7925801 -0.6096521 -0.0118907 0.7925745 -0.6096591 -0.01189243 0.8653793 -0.5009894 -0.01131981 0.8653642 -0.5010156 -0.01132714 0.9233754 -0.383753 -0.01056122 0.923388 -0.3837229 -0.01055341 0.9655765 -0.2599416 -0.009606778 0.9655763 -0.2599428 -0.009607613 0.9912532 -0.1317002 -0.008496165 0.9912535 -0.1316983 -0.00849539 -0.001252591 -0.9999483 -0.01010191 -0.1317639 -0.9912397 -0.009070217 -0.1317598 -0.9912402 -0.009069383 -0.2599995 -0.9655766 -0.007882118 -0.2600091 -0.965574 -0.007884085 -0.3838344 -0.9233787 -0.006562352 -0.3838235 -0.9233832 -0.006559908 -0.5010549 -0.8654004 -0.005126357 -0.5010752 -0.8653886 -0.005131423 -0.6097554 -0.7925815 -0.003609716 -0.6097415 -0.7925922 -0.003604769 -0.7079632 -0.7062464 -0.002020657 -0.707975 -0.7062347 -0.002024292 -0.7940823 -0.6078103 -4.06602e-4 -0.794089 -0.6078014 -4.08581e-4 -0.8666365 -0.4989387 0.001216769 -0.8666151 -0.4989759 0.001226544 -0.9243325 -0.3815778 0.002830803 -0.9243468 -0.3815431 0.002822577 -0.966217 -0.2576932 0.004377424 -0.9662155 -0.2576984 0.004378259 -0.9915809 -0.1293567 0.005858778 -0.9915811 -0.1293548 0.005858004 -0.9999731 0.001186966 0.007239043 -0.9999732 0.001189112 0.007239103 0.0641967 -0.9978815 -0.01055073 0.3202431 -0.9472608 -0.01188951 0.3202171 -0.9472696 -0.01189225 0.554512 -0.8320831 -0.01242089 0.5545316 -0.8320701 -0.01241844 0.7509812 -0.6602129 -0.01210093 0.7509654 -0.6602306 -0.01210302 0.8963181 -0.4432762 -0.01095986 0.8963159 -0.4432809 -0.01095998 0.980511 -0.1962553 -0.009070754 0.9805116 -0.1962525 -0.009070754 0.06413906 -0.9978851 -0.01055645 -0.1963273 -0.9805017 -0.008498191 -0.1963257 -0.980502 -0.008498132 -0.443427 -0.8962914 -0.005860745 -0.443375 -0.8963171 -0.005855679 -0.6602361 -0.7510529 -0.002820134 -0.6602525 -0.7510385 -0.002822101 -0.832136 -0.5545714 4.06661e-4 -0.832146 -0.5545566 4.05185e-4 -0.9473243 -0.3202558 0.003607332 -0.947325 -0.3202538 0.003607332 -0.9979143 -0.06421977 0.00656259 -0.997909 -0.06430196 0.00657016 -0.06416857 0.9978833 0.01055377 -0.3202434 0.9472607 0.01189255 -0.3202158 0.94727 0.01188927 -0.5545125 0.8320828 0.01241844 -0.5545315 0.8320701 0.01242095 -0.7510052 0.6601855 0.01210296 -0.7509904 0.6602024 0.01210099 -0.8962883 0.4433366 0.01095902 -0.8962921 0.4433288 0.0109604 -0.9805122 0.1962494 0.009070694 -0.9805274 0.1961726 0.009078085 -0.06416755 0.9978834 0.01055347 0.1963559 0.980496 0.008495032 0.1963552 0.9804961 0.008494913 0.4433757 0.8963167 0.00585854 0.443377 0.8963161 0.005858302 0.6602512 0.7510396 0.002822101 0.6602548 0.7510364 0.002822101 0.8321467 0.5545557 -4.06869e-4 0.8321473 0.5545547 -4.06976e-4 0.9472938 0.3203461 -0.003607213 0.9473161 0.3202797 -0.003615796 0.9979143 0.0642178 -0.006570935 0.9979089 0.06430399 -0.006561994 0.06416821 -0.9978833 -0.01055353 0.3202427 -0.947261 -0.01189243 0.3202161 -0.9472699 -0.01189517 0.5545124 -0.8320828 -0.01242345 0.5545498 -0.832058 -0.0124185 0.7510219 -0.6601665 -0.01210087 0.7510071 -0.6601833 -0.01210302 0.8963052 -0.4433022 -0.01096022 0.8963096 -0.4432935 -0.01095873 0.9804982 -0.1963187 -0.009070694 0.9804964 -0.1963275 -0.00907135 0.0641629 -0.9978836 -0.01055419 -0.1963123 -0.9805047 -0.008493721 -0.1963542 -0.9804962 -0.008497893 -0.4434313 -0.8962894 -0.005860507 -0.4434016 -0.896304 -0.005857348 -0.6602503 -0.7510404 -0.002819001 -0.6602743 -0.7510194 -0.002821803 -0.832139 -0.5545671 4.06685e-4 -0.832146 -0.5545566 4.05215e-4 -0.9472998 -0.320328 0.003606438 -0.9472947 -0.3203434 0.003607153 -0.9979143 -0.06421858 0.00656265 -0.9979139 -0.06422531 0.006562769 -0.06410962 0.9978871 0.01055067 -0.3202655 0.9472532 0.01189225 -0.3202704 0.9472516 0.01189249 -0.5545296 0.8320714 0.01242089 -0.5545294 0.8320716 0.01242083 -0.7509691 0.6602265 0.01210296 -0.7509659 0.6602301 0.01210314 -0.8963121 0.4432883 0.01096004 -0.8963095 0.4432938 0.01096004 -0.9805125 0.1962476 0.009070694 -0.9805119 0.1962507 0.009070754 -0.06413412 0.9978855 0.01055341 0.1962987 0.9805073 0.00849533 0.1962983 0.9805075 0.008495569 0.4434019 0.8963038 0.005858182 0.4433985 0.8963055 0.005858182 0.6602677 0.7510251 0.002821803 0.6602522 0.7510386 0.002824664 0.8321356 0.5545722 -4.04856e-4 0.83214 0.5545656 -4.04853e-4 0.9473212 0.3202648 -0.003607034 0.9473202 0.3202678 -0.003607034 0.997909 0.06430327 -0.006561577 0.9979092 0.06429803 -0.006561934 0.9979142 0.06422108 -0.006562888 0.9472935 0.3203468 -0.003608167 0.947291 0.3203541 -0.003606975 0.832183 0.5545011 -4.07631e-4 0.8321853 0.5544977 -4.0767e-4 0.6602671 0.7510255 0.002821564 0.660284 0.7510109 0.002819597 0.4434018 0.896304 0.005855798 0.4434005 0.8963046 0.0058555 0.1962825 0.9805106 0.008492588 0.1962554 0.980516 0.008495926 0.9979141 0.06422293 -0.006562769 0.9805131 -0.1962444 -0.009070575 0.980512 -0.1962494 -0.00907123 0.896299 -0.4433147 -0.01096147 0.8963057 -0.4433014 -0.0109601 0.7509804 -0.6602137 -0.01210314 0.751006 -0.6601846 -0.01209908 0.5545316 -0.8320701 -0.01241594 0.55449 -0.8320977 -0.01242089 0.3202677 -0.9472525 -0.01189267 0.3202408 -0.9472615 -0.01189553 0.06416362 -0.9978836 -0.01055604 0.06416219 -0.9978837 -0.01055711 -0.997914 -0.06422221 0.006562709 -0.9473206 -0.3202664 0.003608345 -0.9473206 -0.3202666 0.003608226 -0.8321378 -0.5545689 4.06574e-4 -0.832138 -0.5545685 4.06488e-4 -0.660268 -0.7510248 -0.002822279 -0.6602691 -0.7510238 -0.002821743 -0.4434002 -0.8963046 -0.005857884 -0.4434 -0.8963047 -0.005858302 -0.1962979 -0.9805075 -0.00849533 -0.1963275 -0.9805015 -0.008498132 -0.9979141 -0.06422066 0.00656259 -0.9805122 0.196249 0.00907129 -0.9805271 0.1961737 0.009078562 -0.8963042 0.443304 0.01096886 -0.8962742 0.443365 0.01096183 -0.7510315 0.6601555 0.01210486 -0.7510069 0.6601836 0.01210093 -0.554532 0.8320698 0.01241803 -0.5545317 0.83207 0.01241886 -0.3202163 0.9472699 0.0118885 -0.3202418 0.9472613 0.01189291 -0.06413942 0.9978852 0.01055318 -0.06413906 0.9978852 0.0105533 -0.9979143 -0.06421887 0.00656259 -0.9473202 -0.3202678 0.003607332 -0.9473176 -0.3202755 0.003608047 -0.8321481 -0.5545535 4.06913e-4 -0.8321473 -0.5545547 4.06567e-4 -0.6602182 -0.7510686 -0.002822816 -0.6602196 -0.7510673 -0.002822399 -0.4433913 -0.8963091 -0.005858123 -0.4434164 -0.8962966 -0.005860745 -0.1963269 -0.9805018 -0.008498072 -0.1963254 -0.980502 -0.008498132 -0.9979141 -0.06422305 0.006563127 -0.9805113 0.1962539 0.009069383 -0.9805142 0.1962389 0.00907123 -0.8963162 0.44328 0.01096129 -0.8963057 0.4433012 0.01095861 -0.7509692 0.6602264 0.01210123 -0.7509952 0.6601969 0.01210504 -0.5545265 0.8320733 0.01242375 -0.5545266 0.8320734 0.01242345 -0.3202969 0.9472426 0.01189583 -0.3202701 0.9472517 0.01189249 -0.0641328 0.9978857 0.01055335 -0.06413751 0.9978853 0.01055395 0.997914 0.06422424 -0.006562709 0.9473206 0.3202666 -0.003607988 0.9473208 0.320266 -0.003608107 0.8321031 0.5546209 -4.06035e-4 0.8321469 0.5545551 -4.15363e-4 0.660292 0.7510039 0.002813458 0.6602166 0.75107 0.002825319 0.4434 0.8963047 0.005860686 0.4434249 0.8962924 0.005858063 0.1963111 0.9805049 0.00849533 0.1963247 0.9805023 0.008493483 0.9979141 0.06422257 -0.006562888 0.9805296 -0.1961625 -0.009069323 0.980513 -0.196244 -0.009078741 0.8962736 -0.443366 -0.01096796 0.8963108 -0.443291 -0.01095867 0.7510319 -0.6601552 -0.01210075 0.75098 -0.6602139 -0.01210945 0.5544709 -0.8321104 -0.01242566 0.5545269 -0.8320733 -0.01241832 0.3203235 -0.9472336 -0.01189011 0.3202952 -0.9472432 -0.01189291 0.06413793 -0.9978852 -0.01055383 0.06411045 -0.9978871 -0.01055592 -0.02307015 -0.9996845 -0.009940803 0.06414479 -0.9978849 -0.01055324 0.06415283 -0.9978843 -0.01055073 0.1508863 -0.988489 -0.01108223 0.1508744 -0.9884908 -0.01108628 0.2364685 -0.9715707 -0.01153492 0.2364646 -0.9715717 -0.01153594 0.3202474 -0.9472593 -0.01189571 0.3202651 -0.9472534 -0.01188981 0.4015862 -0.9157406 -0.01215916 0.40158 -0.9157432 -0.01216131 0.4798813 -0.8772467 -0.01233798 0.4798826 -0.877246 -0.01233839 0.5545168 -0.83208 -0.01242071 0.5545061 -0.8320869 -0.01242589 0.6249322 -0.7805804 -0.01241391 0.6249544 -0.7805627 -0.01240456 0.6905941 -0.723138 -0.0122987 0.6905728 -0.7231581 -0.01230841 0.7509967 -0.660195 -0.01210898 0.7510089 -0.6601811 -0.01210302 0.8056824 -0.5922302 -0.01181095 0.8056812 -0.5922317 -0.01181113 0.8542408 -0.5197518 -0.0114293 0.8542408 -0.5197519 -0.01142919 0.8962979 -0.443317 -0.0109604 0.8962989 -0.4433152 -0.01096153 0.9315277 -0.3635216 -0.01040911 0.9315294 -0.3635174 -0.01040804 0.9596784 -0.2809303 -0.009776353 0.9596776 -0.2809329 -0.00977689 0.9805151 -0.1962345 -0.009070813 0.9805151 -0.1962346 -0.009070575 0.9938921 -0.110044 -0.008295714 0.993892 -0.1100452 -0.008296132 -0.02306151 -0.9996846 -0.009937882 -0.1100996 -0.9938775 -0.009250462 -0.1101019 -0.9938773 -0.009250581 -0.1962933 -0.9805085 -0.008492827 -0.1963084 -0.9805054 -0.008497953 -0.2810416 -0.959665 -0.00767529 -0.2810256 -0.9596697 -0.007669806 -0.3635792 -0.9315387 -0.006789088 -0.3635911 -0.9315339 -0.006793618 -0.443408 -0.8963008 -0.005860328 -0.4433975 -0.896306 -0.005858302 -0.5198199 -0.8542619 -0.004880607 -0.5198191 -0.8542625 -0.004881083 -0.5922995 -0.8057087 -0.003866314 -0.592301 -0.8057075 -0.003865838 -0.6602605 -0.7510315 -0.002822101 -0.6602572 -0.7510343 -0.002822101 -0.7232175 -0.6906182 -0.001755774 -0.7232168 -0.6906188 -0.001756608 -0.7806456 -0.6249738 -6.77354e-4 -0.7806466 -0.6249724 -6.77227e-4 -0.8321427 -0.5545615 4.0668e-4 -0.8321381 -0.5545684 4.10001e-4 -0.8773003 -0.4799397 0.001490533 -0.8773011 -0.4799382 0.001490592 -0.9157938 -0.4016405 0.002560079 -0.9157987 -0.4016294 0.002556502 -0.9473044 -0.3203146 0.003606677 -0.9473039 -0.320316 0.003607571 -0.9716157 -0.2365197 0.004630565 -0.971616 -0.2365185 0.004630506 -0.9885229 -0.1509674 0.005617797 -0.988523 -0.1509659 0.005617797 -0.9979147 -0.06421357 0.006562829 -0.9979144 -0.0642175 0.00656265 -0.9997081 0.02298182 0.007457554 -0.9997082 0.0229817 0.007457375 0.02306157 0.9996846 0.009944438 -0.06416189 0.9978837 0.01055639 -0.0641635 0.9978836 0.01055753 -0.1508861 0.988489 0.01109015 -0.1508581 0.9884933 0.01107835 -0.2364718 0.9715701 0.01152646 -0.2364887 0.9715659 0.0115326 -0.3202413 0.9472613 0.01189225 -0.3202417 0.9472612 0.01189261 -0.4015946 0.9157368 0.01216185 -0.4015975 0.9157356 0.01216226 -0.4798763 0.8772494 0.0123381 -0.4798803 0.8772473 0.01234072 -0.5545171 0.8320797 0.01242315 -0.5545116 0.8320833 0.01242113 -0.6249368 0.7805768 0.01240909 -0.6249398 0.7805745 0.01240915 -0.6905862 0.7231454 0.01230323 -0.6905855 0.7231462 0.01230287 -0.7510031 0.6601879 0.01210296 -0.7510043 0.6601864 0.01210325 -0.8056848 0.592227 0.01181089 -0.8056846 0.5922271 0.01181089 -0.854242 0.51975 0.01142907 -0.8542381 0.5197564 0.01142764 -0.8962898 0.4433336 0.0109592 -0.896291 0.4433312 0.0109589 -0.9315366 0.363499 0.01040667 -0.9315371 0.3634974 0.01040792 -0.9596713 0.2809546 0.009776592 -0.9596709 0.2809563 0.009776592 -0.9805151 0.1962344 0.009070575 -0.9805157 0.1962314 0.009071111 -0.9938946 0.1100213 0.008295834 -0.9938943 0.1100248 0.008294939 0.02306973 0.9996845 0.009941458 0.1101089 0.9938765 0.009253561 0.1101084 0.9938765 0.009253382 0.1963075 0.9805057 0.008495211 0.1963156 0.980504 0.008491575 0.2810276 0.9596691 0.007669746 0.281019 0.9596716 0.007672369 0.3635849 0.9315363 0.006791472 0.3635911 0.931534 0.006787717 0.4433993 0.8963052 0.00585556 0.4433922 0.8963087 0.005858123 0.5198269 0.8542577 0.004880607 0.5198245 0.8542591 0.004880964 0.5922995 0.8057088 0.003866314 0.5923019 0.8057069 0.003865957 0.660271 0.7510221 0.002821803 0.6602723 0.751021 0.002819418 0.7232024 0.690634 0.001754164 0.7232071 0.690629 0.001750528 0.7806485 0.62497 6.70798e-4 0.7806366 0.6249849 6.77791e-4 0.8321372 0.5545697 -4.06291e-4 0.8321495 0.5545514 -4.13715e-4 0.877312 0.4799181 -0.001495242 0.877304 0.4799329 -0.001489222 0.9157852 0.4016603 -0.00255841 0.9157859 0.4016587 -0.002557337 0.9473046 0.320314 -0.003607511 0.94731 0.3202981 -0.003614604 0.971616 0.2365183 -0.004637837 0.9716112 0.2365381 -0.004630386 0.9885236 0.1509619 -0.005617856 0.9885233 0.1509645 -0.005617797 0.9979144 0.06421649 -0.006562769 0.9979145 0.06421548 -0.006562829 0.9997081 -0.02298259 -0.007457494 0.9997081 -0.0229811 -0.007457494 0.01464468 0.1016665 0.9947108 0.02883505 0.3199924 0.9469813 0.02883589 0.3199828 0.9469845 0.04157805 0.5222223 0.8517953 0.04158037 0.5223123 0.8517401 0.05223512 0.6983342 0.7138634 0.05223435 0.6983054 0.7138915 0.06027895 0.8394623 0.5400646 0.06028044 0.8394361 0.5401049 0.06529569 0.9383766 0.3393906 0.06529456 0.9384029 0.339318 0.0670377 0.9903346 0.1214223 0.0670405 0.9903191 0.1215469 0.01464521 0.1016712 0.9947103 -2.80489e-4 -0.1217654 0.9925589 -2.80249e-4 -0.1217609 0.9925595 -0.01519012 -0.3390697 0.9406387 -0.0151903 -0.3390768 0.9406361 -0.02933734 -0.5393668 0.8415598 -0.02933824 -0.5393841 0.8415486 -0.04201644 -0.7126618 0.7002484 -0.04201608 -0.7126551 0.7002552 -0.05258506 -0.8501698 0.523876 -0.05258488 -0.8501644 0.523885 -0.0605213 -0.9450966 0.3211382 -0.06052136 -0.9450784 0.3211916 -0.06541985 -0.9925866 0.1024307 -0.06541782 -0.9925919 0.1023815 -0.01464456 -0.1016678 -0.9947107 -0.0288347 -0.3199921 -0.9469814 -0.02883446 -0.3199903 -0.946982 -0.04157674 -0.5222512 -0.8517776 -0.04157871 -0.5222679 -0.8517673 -0.05223762 -0.6983601 -0.7138379 -0.05223989 -0.6983746 -0.7138236 -0.06027752 -0.8394088 -0.5401479 -0.06027734 -0.8394046 -0.5401541 -0.06529635 -0.9384204 -0.3392693 -0.0652942 -0.9384024 -0.3393193 -0.06703746 -0.9903277 -0.121479 -0.06703573 -0.9903216 -0.1215294 -0.01464432 -0.1016651 -0.994711 2.79354e-4 0.1217542 -0.9925603 2.79432e-4 0.1217554 -0.9925601 0.01518952 0.3390626 -0.9406412 0.01519161 0.3390912 -0.9406309 0.02934032 0.5393952 -0.8415414 0.02933722 0.5393722 -0.8415564 0.04201543 0.7126492 -0.7002613 0.04201775 0.712665 -0.7002451 0.05258899 0.8501981 -0.5238298 0.05258375 0.8501644 -0.5238851 0.06051754 0.9450682 -0.3212225 0.06051999 0.945084 -0.3211756 0.06541776 0.9925813 -0.1024842 0.06542283 0.9925951 -0.102347 -0.0146442 -0.1016603 -0.9947114 -0.02883648 -0.3199986 -0.9469792 -0.02883589 -0.3199976 -0.9469795 -0.04158228 -0.5222976 -0.851749 -0.04157692 -0.5222436 -0.8517823 -0.05223596 -0.698331 -0.7138664 -0.05223989 -0.6983743 -0.7138238 -0.06027817 -0.8394232 -0.5401253 -0.06027859 -0.8394277 -0.5401183 -0.06529533 -0.9383975 -0.339333 -0.06529361 -0.9383863 -0.3393639 -0.06703776 -0.9903227 -0.1215196 -0.06704026 -0.9903317 -0.1214445 -0.01464527 -0.1016649 -0.994711 2.80182e-4 0.1217584 -0.9925598 2.80109e-4 0.1217616 -0.9925593 0.01519149 0.3390867 -0.9406326 0.01519101 0.3390765 -0.9406362 0.02933871 0.5393792 -0.8415518 0.02933621 0.5393584 -0.8415653 0.04201608 0.7126543 -0.700256 0.04201638 0.712664 -0.7002463 0.052585 0.8501654 -0.5238835 0.05258584 0.8501737 -0.5238697 0.06051999 0.945079 -0.3211903 0.06052225 0.9450944 -0.3211443 0.0654205 0.9925906 -0.102393 0.06541711 0.9925866 -0.1024332 0.01464438 0.1016677 0.9947106 0.02883386 0.3199887 0.9469825 0.0288344 0.3199874 0.9469829 0.04157781 0.5222563 0.8517745 0.04157692 0.5222452 0.8517814 0.05223912 0.6983834 0.713815 0.05223864 0.6983562 0.7138416 0.06027728 0.8394046 0.5401542 0.0602777 0.8394117 0.5401431 0.06529563 0.9384045 0.3393137 0.06529498 0.938414 0.3392873 0.06703758 0.9903222 0.1215231 0.06703597 0.9903258 0.1214955 0.01464486 0.1016656 0.9947109 -2.7976e-4 -0.1217586 0.9925597 -2.79654e-4 -0.1217524 0.9925605 -0.01519095 -0.3390816 0.9406344 -0.01519101 -0.3390803 0.9406349 -0.0293371 -0.5393532 0.8415685 -0.02933877 -0.5393915 0.8415439 -0.04201716 -0.7126643 0.7002459 -0.04201692 -0.712638 0.7002727 -0.05258792 -0.8501749 0.5238676 -0.05258792 -0.8501874 0.5238472 -0.06052118 -0.9450808 0.3211848 -0.06052106 -0.9450786 0.3211909 -0.0654208 -0.9925941 0.1023578 -0.06542158 -0.9925881 0.1024159 -0.0146442 -0.1016282 -0.9947147 -0.02883321 -0.3199938 -0.9469809 -0.02883917 -0.3200098 -0.9469753 -0.04157739 -0.5222576 -0.8517737 -0.04158073 -0.5222502 -0.8517782 -0.05223673 -0.6983388 -0.7138588 -0.05224353 -0.6983865 -0.7138116 -0.06028056 -0.839429 -0.5401161 -0.0602765 -0.8394106 -0.540145 -0.06529611 -0.9384064 -0.3393081 -0.06529486 -0.9384103 -0.3392975 -0.06704038 -0.9903235 -0.1215113 -0.06703674 -0.9903196 -0.1215448 -0.01464313 -0.1016433 -0.9947131 2.79417e-4 0.1217248 -0.9925639 2.79427e-4 0.1217513 -0.9925606 0.01518958 0.3390843 -0.9406334 0.01519083 0.339063 -0.9406411 0.02933651 0.539385 -0.8415481 0.0293405 0.5394065 -0.8415341 0.04201298 0.7126492 -0.7002615 0.04201769 0.7126578 -0.7002524 0.05258679 0.8501667 -0.5238809 0.05258762 0.8501783 -0.5238621 0.06052076 0.945097 -0.3211373 0.06052011 0.9450767 -0.321197 0.06541556 0.9925839 -0.1024595 0.06541895 0.9925884 -0.1024141 0.01464313 0.1016647 0.994711 0.02883386 0.3199441 0.9469977 0.02883547 0.3199954 0.9469802 0.04157668 0.5222696 0.8517665 0.04157918 0.5222579 0.8517735 0.05223721 0.6983602 0.7138378 0.05223858 0.6983721 0.7138261 0.06027603 0.8394001 0.5401615 0.06027489 0.8394297 0.5401155 0.06529295 0.9384227 0.3392635 0.06529492 0.9383872 0.3393613 0.06704074 0.9903222 0.1215212 0.06703704 0.9903239 0.1215106 0.01464766 0.1016994 0.9947074 -2.82699e-4 -0.1217828 0.9925568 -2.79436e-4 -0.1217768 0.9925575 -0.01518881 -0.3390427 0.9406484 -0.0151903 -0.3390524 0.9406449 -0.02933979 -0.5394138 0.8415296 -0.02933919 -0.5393829 0.8415494 -0.04201722 -0.7126693 0.7002408 -0.04201662 -0.7126414 0.7002692 -0.05258721 -0.85018 0.5238593 -0.05258744 -0.8501877 0.5238469 -0.06052154 -0.945083 0.3211781 -0.06052124 -0.9450608 0.3212437 -0.06542098 -0.9925836 0.1024593 -0.06541931 -0.9925937 0.1023627 0.01464337 0.101678 0.9947096 0.02883493 0.320001 0.9469783 0.02883189 0.3199791 0.9469858 0.04157769 0.5222336 0.8517884 0.04157763 0.5222659 0.8517685 0.05223846 0.698362 0.7138359 0.05223715 0.6983263 0.7138709 0.06027984 0.8394274 0.5401188 0.06027966 0.8394283 0.5401173 0.06529617 0.9384069 0.3393065 0.06529724 0.9383909 0.3393507 0.06703943 0.9903184 0.1215541 0.06703978 0.9903316 0.1214463 0.01464259 0.1016616 0.9947113 -2.79438e-4 -0.1217561 0.99256 -2.79451e-4 -0.1217727 0.9925581 -0.01519107 -0.3390911 0.9406309 -0.01518982 -0.3390412 0.9406489 -0.02933859 -0.5393797 0.8415516 -0.0293399 -0.5394062 0.8415344 -0.04201525 -0.7126535 0.700257 -0.04201751 -0.71266 0.7002503 -0.05258518 -0.8501865 0.5238492 -0.05258649 -0.8501721 0.5238722 -0.06052136 -0.9450629 0.3212372 -0.06051915 -0.945096 0.3211401 -0.06541681 -0.9925932 0.1023691 -0.06542021 -0.9925827 0.102468 -0.01464337 -0.101645 -0.994713 -0.02883732 -0.3200129 -0.9469743 -0.02883458 -0.3199844 -0.9469839 -0.04157727 -0.5222688 -0.8517668 -0.0415793 -0.5222821 -0.8517586 -0.0522384 -0.6983393 -0.7138581 -0.05223613 -0.6983233 -0.713874 -0.06027674 -0.8394212 -0.5401287 -0.06027656 -0.8394325 -0.540111 -0.06529456 -0.938412 -0.339293 -0.06529581 -0.9384021 -0.3393201 -0.06703805 -0.9903199 -0.1215428 -0.06703805 -0.9903256 -0.1214951 -0.01464152 -0.101625 -0.994715 2.79451e-4 0.1217507 -0.9925607 2.79423e-4 0.1217383 -0.9925622 0.01519209 0.3390681 -0.9406392 0.01518732 0.3390595 -0.9406424 0.02933633 0.5393489 -0.8415713 0.02934044 0.5393986 -0.8415393 0.04202151 0.7126799 -0.7002297 0.04201477 0.7126363 -0.7002744 0.05258464 0.8501811 -0.5238581 0.0525915 0.8502184 -0.5237967 0.06052118 0.9450721 -0.3212102 0.06052374 0.9450776 -0.3211935 0.06542307 0.9925925 -0.1023712 0.06541723 0.9925834 -0.1024634 -0.9977499 0.06659722 0.007752358 -0.9977501 0.06659686 0.007730543 -0.9977502 0.06656402 0.007990598 -0.9977505 0.06656652 0.007937252 -0.9977504 0.06657963 0.007826268 -0.9977506 0.06657934 0.00780785 -0.9977506 0.06656748 0.007903695 -0.9977503 0.06656759 0.00795561 -0.9977503 0.0665763 0.007878303 -0.9977505 0.06657683 0.00784105 -0.9977506 0.06656908 0.007908582 -0.9977505 0.06656843 0.007910549 -0.9977505 0.06657516 0.007861852 -0.9977505 0.06657487 0.007858335 -0.9977506 0.06656795 0.007913112 -0.9977505 0.06656897 0.007909178 -0.9977505 0.06657636 0.007847309 -0.9977504 0.06657534 0.007872581 -0.9977504 0.06657636 0.007869124 -0.9977499 0.06657612 0.007927596 -0.99775 0.06657886 0.007896721 -0.9977505 0.06657987 0.007813453 -0.9977505 0.0665664 0.007928907 -0.99775 0.06656438 0.008014202 -0.9977499 0.06659948 0.007726192 -0.9977493 0.0665993 0.007797658 -0.9977497 0.06656491 0.008051156 -0.99775 0.06656545 0.008013069 -0.9977501 0.06658256 0.00785458 -0.9977503 0.06658565 0.00779277 -0.9977506 0.06656664 0.007927954 -0.9977506 0.06656736 0.007908225 -0.9977506 0.06657737 0.007832109 -0.9977503 0.06657749 0.00786978 -0.9977504 0.06656748 0.007939696 -0.9977505 0.06656885 0.007911026 -0.9977505 0.06657588 0.00784862 -0.9977505 0.06657582 0.007857382 -0.9977505 0.06656867 0.007915377 -0.9977505 0.06656867 0.007918417 -0.9977505 0.06657606 0.007855772 -0.9977505 0.06657671 0.007842421 -0.9977505 0.06656795 0.007912456 -0.9977503 0.06656783 0.00794363 -0.9977503 0.06657689 0.007870793 -0.9977506 0.06657701 0.007832944 -0.9977505 0.06656748 0.007913708 -0.9977505 0.0665667 0.007926166 -0.9977505 0.06658345 0.007783412 -0.9977499 0.06658333 0.007860064 -0.9977499 0.06656646 0.00800395 -0.9977498 0.06656324 0.008051514 -0.9977495 0.06660163 0.007773399 -0.9977498 0.06659954 0.007749617 -0.9977503 0.06656128 0.007999956 -0.9977504 0.06656843 0.007933199 -0.9977504 0.06657981 0.007831275 -0.9977499 0.06657975 0.007898271 -0.99775 0.06657683 0.007908403 -0.9977502 0.06657791 0.007868528 -0.9977504 0.06657475 0.007877528 -0.9977506 0.0665754 0.007847189 -0.9977505 0.06657052 0.00790888 -0.9977504 0.06657046 0.00791347 -0.9977505 0.06657534 0.007859945 -0.9977505 0.06657552 0.007860064 -0.9977506 0.06656777 0.007912874 -0.9977506 0.06656813 0.007911384 -0.9977505 0.0665763 0.007844746 -0.9977502 0.06657731 0.0078727 -0.9977505 0.06656527 0.007950544 -0.9977505 0.0665701 0.007904708 -0.9977507 0.06657743 0.007812738 -0.9977502 0.06656968 0.007935285 -0.9977505 0.06656068 0.007988572 -0.9977501 0.06656402 0.00799638 -0.9977535 0.06657058 0.007516443 -0.9977498 0.0665574 0.008088111 -0.9977502 0.06656074 0.00801289 -0.99775 0.06658303 0.00785923 -0.9977506 0.06658309 0.007774829 -0.9977505 0.06656736 0.007923126 -0.9977505 0.06656879 0.007914125 -0.9977506 0.06657654 0.007832825 -0.9977503 0.06657588 0.007872641 -0.9977504 0.06656771 0.007941186 -0.9977505 0.06656795 0.007909774 -0.9977505 0.06657719 0.007846117 -0.9977506 0.06657397 0.00785613 -0.9977504 0.0665692 0.007919371 -0.9977505 0.06656795 0.007912993 -0.9977505 0.06657546 0.007856905 -0.9977505 0.06657588 0.007851302 -0.9977505 0.0665692 0.007908582 -0.9977504 0.06656771 0.007938623 -0.9977504 0.06657505 0.007871806 -0.9977505 0.06657767 0.007831633 -0.9977508 0.06656491 0.007908761 -0.9977505 0.06656754 0.007925152 -0.9977503 0.06658625 0.007788062 -0.9977499 0.06658548 0.007857084 -0.9977504 0.06655883 0.008024334 -0.9977486 0.06658059 0.008062124 -0.02058243 0.9997357 0.0102573 -0.1938499 0.9809659 0.01131981 -0.1938336 0.9809692 0.0113182 -0.3612564 0.9323889 0.01203703 -0.3612705 0.9323834 0.01203852 -0.5176722 0.8554894 0.01239132 -0.5176976 0.8554739 0.01239395 -0.6584076 0.75256 0.01236999 -0.6583791 0.7525851 0.01236665 -0.7790707 0.6268219 0.01196748 -0.7790784 0.6268123 0.01196843 -0.876111 0.4819792 0.01120525 -0.8761107 0.4819799 0.01120519 -0.946509 0.3225194 0.01010167 -0.9465078 0.3225229 0.01010167 -0.9881378 0.153324 0.008691728 -0.9881444 0.1532807 0.008695423 -0.02058243 0.9997356 0.0102573 0.1533463 0.9881327 0.008882939 0.1533371 0.988134 0.008883953 0.3226382 0.9464948 0.007238388 0.322638 0.9464948 0.007238626 0.4820762 0.8761129 0.005373835 0.4820568 0.8761235 0.0053761 0.6268723 0.7791149 0.003348469 0.6268818 0.7791072 0.003347039 0.7526486 0.6584215 0.001217901 0.752641 0.65843 0.001219034 0.8555209 0.5177675 -9.4696e-4 0.8555411 0.5177342 -9.51002e-4 0.9324439 0.3613019 -0.00308901 0.932432 0.3613324 -0.003085851 0.9810034 0.1939227 -0.005129396 0.9810029 0.1939256 -0.005129039 0.9997624 0.02064073 -0.007016718 0.9997624 0.02064156 -0.007016718 0.02059942 -0.9997353 -0.01025605 0.1938571 -0.9809646 -0.01131904 0.1938657 -0.9809628 -0.01131844 0.361271 -0.9323832 -0.01203703 0.3612418 -0.9323945 -0.01204001 0.5177175 -0.8554619 -0.01239269 0.5176973 -0.8554741 -0.01239484 0.6583566 -0.7526046 -0.01237171 0.658398 -0.7525684 -0.01236659 0.7790936 -0.6267935 -0.01196736 0.7790859 -0.6268031 -0.01196837 0.8761154 -0.4819712 -0.01120519 0.876096 -0.4820066 -0.01120901 0.9464944 -0.3225622 -0.0101059 0.9465062 -0.3225274 -0.01010221 0.9881447 -0.1532799 -0.008691608 0.9881448 -0.1532791 -0.00869131 0.02054995 -0.9997362 -0.01026016 -0.1533863 -0.9881264 -0.008885622 -0.1533302 -0.9881351 -0.008880913 -0.3226243 -0.9464995 -0.007235884 -0.3226228 -0.9465 -0.007235646 -0.4820628 -0.8761202 -0.005371928 -0.4820756 -0.8761132 -0.005373179 -0.6268824 -0.7791067 -0.003345906 -0.6268604 -0.7791245 -0.003343641 -0.7526482 -0.6584218 -0.001213788 -0.752648 -0.658422 -0.001213788 -0.8555217 -0.5177662 9.52103e-4 -0.8555358 -0.5177428 9.49698e-4 -0.9324436 -0.3613026 0.003086805 -0.9324343 -0.3613265 0.003088712 -0.981003 -0.193925 0.005132794 -0.9810032 -0.1939241 0.005132794 -0.9997623 -0.02064186 0.007020831 -0.9997624 -0.02063995 0.007020831</float_array>
          <technique_common>
            <accessor source="#Leg_A_002-mesh-normals-array" count="2831" stride="3">
              <param name="X" type="float"/>
              <param name="Y" type="float"/>
              <param name="Z" type="float"/>
            </accessor>
          </technique_common>
        </source>
        <vertices id="Leg_A_002-mesh-vertices">
          <input semantic="POSITION" source="#Leg_A_002-mesh-positions"/>
        </vertices>
        <triangles count="2832">
          <input semantic="VERTEX" source="#Leg_A_002-mesh-vertices" offset="0"/>
          <input semantic="NORMAL" source="#Leg_A_002-mesh-normals" offset="1"/>
          <p>0 0 3 0 6 0 10 1 13 1 17 1 21 2 24 2 28 2 31 3 34 3 37 3 37 4 34 4 40 4 40 5 34 5 44 5 44 6 34 6 48 6 52 7 17 7 13 7 56 8 59 8 62 8 66 9 69 9 34 9 69 10 72 10 34 10 72 11 75 11 34 11 75 12 48 12 34 12 78 13 82 13 85 13 78 14 85 14 88 14 78 15 88 15 92 15 78 16 92 16 95 16 78 17 95 17 98 17 78 18 98 18 102 18 105 19 108 19 112 19 105 20 112 20 115 20 105 21 115 21 118 21 105 22 118 22 122 22 105 23 122 23 126 23 105 24 126 24 129 24 133 25 136 25 139 25 133 26 139 26 143 26 133 27 143 27 146 27 133 28 146 28 149 28 133 29 149 29 152 29 133 30 152 30 108 30 155 31 6 31 3 31 155 32 3 32 158 32 155 33 158 33 161 33 155 34 161 34 164 34 155 35 164 35 34 35 155 36 34 36 31 36 167 37 170 37 173 37 167 38 173 38 176 38 167 39 176 39 179 39 167 40 179 40 182 40 167 41 182 41 185 41 167 42 185 42 188 42 167 43 188 43 192 43 167 44 192 44 195 44 167 45 195 45 199 45 167 46 199 46 3 46 167 47 3 47 0 47 167 48 0 48 202 48 167 49 202 49 206 49 167 50 206 50 209 50 167 51 209 51 212 51 167 52 212 52 215 52 167 53 215 53 218 53 167 54 218 54 221 54 167 55 221 55 225 55 167 56 225 56 228 56 167 57 228 57 231 57 235 58 167 58 231 58 235 59 231 59 82 59 235 60 82 60 78 60 235 61 78 61 241 61 235 62 241 62 244 62 235 63 244 63 247 63 235 64 247 64 250 64 235 65 250 65 254 65 235 66 254 66 257 66 235 67 257 67 260 67 235 68 260 68 263 68 267 69 66 69 34 69 267 70 34 70 270 70 267 71 270 71 273 71 267 72 273 72 276 72 267 73 276 73 279 73 282 74 285 74 129 74 282 75 129 75 126 75 282 76 126 76 288 76 282 77 288 77 292 77 282 78 292 78 295 78 282 79 295 79 298 79 282 80 298 80 301 80 282 81 301 81 170 81 282 82 170 82 167 82 126 83 122 83 304 83 126 84 304 84 307 84 126 85 307 85 310 85 126 86 310 86 313 86 126 87 313 87 316 87 126 88 316 88 319 88 126 89 319 89 322 89 126 90 322 90 325 90 126 91 325 91 329 91 126 92 329 92 13 92 126 93 13 93 10 93 126 94 10 94 333 94 126 95 333 95 336 95 126 96 336 96 339 96 126 97 339 97 342 97 108 98 105 98 346 98 108 99 346 99 349 99 108 100 349 100 352 100 108 101 352 101 355 101 108 102 355 102 359 102 108 103 359 103 363 103 108 104 363 104 366 104 108 105 366 105 369 105 108 106 369 106 372 106 108 107 372 107 376 107 108 108 376 108 133 108 380 109 21 109 28 109 380 110 28 110 383 110 380 111 383 111 386 111 380 112 386 112 126 112 380 113 126 113 342 113 199 114 195 114 390 114 199 115 390 115 394 115 199 116 394 116 397 116 139 117 400 117 404 117 139 118 404 118 407 118 139 119 407 119 410 119 139 120 410 120 413 120 139 121 413 121 417 121 139 122 417 122 52 122 139 123 52 123 13 123 139 124 13 124 420 124 139 125 420 125 423 125 139 126 423 126 427 126 139 127 427 127 431 127 139 128 431 128 435 128 139 129 435 129 438 129 139 130 438 130 442 130 139 131 442 131 445 131 139 132 445 132 448 132 139 133 448 133 143 133 451 134 235 134 263 134 451 135 263 135 456 135 451 136 456 136 459 136 451 137 459 137 463 137 451 138 463 138 466 138 451 139 466 139 469 139 451 140 469 140 139 140 451 141 139 141 136 141 451 142 136 142 473 142 92 143 279 143 95 143 95 144 279 144 276 144 24 145 21 145 476 145 476 146 21 146 480 146 476 147 480 147 483 147 483 148 480 148 486 148 486 149 480 149 489 149 486 150 489 150 492 150 492 151 489 151 495 151 492 152 495 152 498 152 498 153 495 153 501 153 498 154 501 154 504 154 504 155 501 155 508 155 508 156 501 156 397 156 508 157 397 157 394 157 512 158 516 158 519 158 519 159 516 159 404 159 519 160 404 160 400 160 56 161 62 161 522 161 522 162 62 162 516 162 522 163 516 163 512 163 62 164 59 164 526 164 526 165 59 165 529 165 526 166 529 166 532 166 532 167 529 167 535 167 532 168 535 168 539 168 539 169 535 169 542 169 539 170 542 170 546 170 539 171 546 171 549 171 549 172 546 172 552 172 549 173 552 173 555 173 555 174 102 174 549 174 549 175 102 175 98 175 560 176 563 176 565 176 563 177 569 177 565 177 572 178 574 178 579 178 582 179 585 179 588 179 595 180 599 180 600 180 603 181 608 181 610 181 614 182 608 182 603 182 619 183 608 183 614 183 585 184 582 184 623 184 626 185 627 185 630 185 608 186 636 186 639 186 608 187 642 187 636 187 608 188 619 188 642 188 645 189 649 189 652 189 645 190 652 190 654 190 645 191 654 191 658 191 645 192 658 192 661 192 645 193 661 193 664 193 645 194 664 194 669 194 560 195 565 195 671 195 560 196 671 196 674 196 560 197 674 197 677 197 560 198 677 198 680 198 560 199 680 199 683 199 560 200 683 200 687 200 560 201 687 201 690 201 560 202 690 202 694 202 560 203 694 203 697 203 560 204 697 204 701 204 560 205 701 205 705 205 706 206 669 206 711 206 706 207 711 207 714 207 706 208 714 208 717 208 706 209 717 209 720 209 706 210 720 210 723 210 706 211 723 211 725 211 730 212 732 212 574 212 730 213 574 213 572 213 730 214 572 214 738 214 730 215 738 215 742 215 730 216 742 216 745 216 730 217 745 217 748 217 730 218 748 218 752 218 730 219 752 219 565 219 730 220 565 220 569 220 701 221 753 221 757 221 701 222 757 222 761 222 701 223 761 223 764 223 701 224 764 224 768 224 701 225 768 225 772 225 701 226 772 226 776 226 701 227 776 227 781 227 701 228 781 228 785 228 701 229 785 229 788 229 701 230 788 230 705 230 789 231 753 231 701 231 789 232 701 232 793 232 789 233 793 233 797 233 800 234 789 234 797 234 800 235 797 235 803 235 800 236 803 236 806 236 800 237 806 237 809 237 800 238 809 238 812 238 800 239 812 239 815 239 824 240 826 240 828 240 824 241 828 241 800 241 824 242 800 242 815 242 824 243 815 243 831 243 824 244 831 244 834 244 824 245 834 245 837 245 824 246 837 246 840 246 824 247 840 247 843 247 824 248 843 248 847 248 824 249 847 249 652 249 824 250 652 250 649 250 823 251 648 251 853 251 652 252 854 252 857 252 652 253 857 253 860 253 652 254 860 254 863 254 652 255 863 255 588 255 652 256 588 256 585 256 652 257 585 257 866 257 652 258 866 258 870 258 652 259 870 259 873 259 652 260 873 260 876 260 652 261 876 261 879 261 652 262 879 262 882 262 652 263 882 263 885 263 652 264 885 264 888 264 652 265 888 265 891 265 652 266 891 266 654 266 669 267 706 267 895 267 669 268 895 268 898 268 669 269 898 269 902 269 669 270 902 270 907 270 669 271 907 271 911 271 669 272 911 272 914 272 669 273 914 273 918 273 669 274 918 274 922 274 669 275 922 275 925 275 669 276 925 276 928 276 669 277 928 277 645 277 929 278 854 278 652 278 929 279 652 279 935 279 929 280 935 280 938 280 929 281 938 281 595 281 929 282 595 282 600 282 697 283 939 283 945 283 697 284 945 284 949 284 697 285 949 285 701 285 723 286 720 286 952 286 723 287 952 287 955 287 723 288 955 288 959 288 723 289 959 289 962 289 723 290 962 290 966 290 723 291 966 291 970 291 723 292 970 292 974 292 723 293 974 293 977 293 723 294 977 294 981 294 723 295 981 295 585 295 723 296 585 296 623 296 723 297 623 297 985 297 723 298 985 298 988 298 723 299 988 299 991 299 723 300 991 300 994 300 723 301 994 301 997 301 723 302 997 302 998 302 732 303 1004 303 1007 303 732 304 1007 304 1011 304 732 305 1011 305 1014 305 732 306 1014 306 1017 306 732 307 1017 307 1020 307 732 308 1020 308 1024 308 732 309 1024 309 574 309 1025 310 1028 310 725 310 1025 311 725 311 723 311 1025 312 723 312 1033 312 1025 313 1033 313 1036 313 1025 314 1036 314 1040 314 1025 315 1040 315 1043 315 1025 316 1043 316 1047 316 1025 317 1047 317 1050 317 1025 318 1050 318 1004 318 1025 319 1004 319 732 319 1051 320 1054 320 1057 320 1057 321 1054 321 694 321 1057 322 694 322 690 322 1062 323 1065 323 1068 323 1068 324 1065 324 579 324 1068 325 579 325 1071 325 1071 326 579 326 574 326 1071 327 574 327 1074 327 1077 328 1078 328 1083 328 1083 329 1078 329 600 329 1083 330 600 330 599 330 1087 331 1088 331 1094 331 1094 332 1088 332 1095 332 1094 333 1095 333 1100 333 1100 334 1095 334 1101 334 1100 335 1101 335 1106 335 1106 336 1101 336 1078 336 1106 337 1078 337 1077 337 945 338 939 338 1109 338 1109 339 939 339 1088 339 1109 340 1088 340 1087 340 610 341 608 341 1110 341 1110 342 608 342 1113 342 1110 343 1113 343 1116 343 1116 344 1113 344 1051 344 1116 345 1051 345 1057 345 998 346 997 346 1119 346 1119 347 997 347 1126 347 1119 348 1126 348 1127 348 1127 349 1126 349 1130 349 1130 350 1126 350 626 350 1130 351 626 351 630 351 1134 352 1138 352 1144 352 1144 353 1138 353 1145 353 1144 354 1145 354 1150 354 1150 355 1145 355 1151 355 1150 356 1151 356 1156 356 1156 357 1151 357 627 357 1156 358 627 358 626 358 1157 359 1160 359 1166 359 1166 360 1160 360 1134 360 1166 361 1134 361 1144 361 574 362 1167 362 1074 362 1074 363 1167 363 1157 363 1074 364 1157 364 1166 364 639 365 1172 365 608 365 608 366 1172 366 1175 366 608 367 1175 367 1178 367 1178 368 1175 368 1065 368 1178 369 1065 369 1062 369 174 370 814 370 178 370 177 371 813 371 811 371 177 372 811 372 181 372 180 373 810 373 808 373 180 374 808 374 184 374 183 375 807 375 805 375 183 376 805 376 187 376 186 377 804 377 799 377 186 378 799 378 191 378 190 379 798 379 796 379 189 380 795 380 194 380 193 381 794 381 702 381 193 382 702 382 198 382 814 383 174 383 816 383 817 384 175 384 172 384 817 385 172 385 833 385 832 386 171 386 303 386 832 387 303 387 836 387 835 388 302 388 300 388 835 389 300 389 839 389 838 390 299 390 297 390 838 391 297 391 842 391 841 392 296 392 294 392 841 393 294 393 846 393 844 394 293 394 290 394 845 395 291 395 849 395 848 396 289 396 128 396 848 397 128 397 653 397 487 398 1076 398 485 398 484 399 1075 399 1082 399 484 400 1082 400 479 400 478 401 1081 401 598 401 477 402 597 402 27 402 25 403 596 403 593 403 26 404 594 404 30 404 29 405 592 405 937 405 29 406 937 406 385 406 384 407 936 407 934 407 384 408 934 408 389 408 388 409 933 409 651 409 387 410 650 410 127 410 1076 411 487 411 1104 411 1105 412 488 412 494 412 1105 413 494 413 1099 413 1098 414 493 414 500 414 1098 415 500 415 1093 415 1092 416 499 416 507 416 1091 417 506 417 1086 417 1084 418 505 418 510 418 1085 419 511 419 1108 419 1107 420 509 420 396 420 1107 421 396 421 944 421 943 422 395 422 393 422 942 423 392 423 948 423 946 424 391 424 196 424 947 425 197 425 700 425 51 426 616 426 45 426 47 427 617 427 605 427 46 428 604 428 41 428 43 429 606 429 612 429 42 430 611 430 38 430 39 431 613 431 1111 431 39 432 1111 432 32 432 33 433 1112 433 1117 433 33 434 1117 434 156 434 157 435 1118 435 1058 435 157 436 1058 436 7 436 9 437 1059 437 693 437 8 438 692 438 2 438 615 439 50 439 620 439 618 440 49 440 76 440 618 441 76 441 640 441 641 442 77 442 73 442 641 443 73 443 634 443 635 444 74 444 70 444 635 445 70 445 637 445 638 446 71 446 67 446 638 447 67 447 1170 447 1171 448 68 448 268 448 1171 449 268 449 1173 449 1174 450 269 450 280 450 1174 451 280 451 1063 451 1064 452 281 452 93 452 1064 453 93 453 576 453 223 454 750 454 226 454 227 455 751 455 746 455 227 456 746 456 229 456 230 457 747 457 743 457 230 458 743 458 232 458 233 459 744 459 739 459 234 460 740 460 83 460 84 461 741 461 736 461 84 462 736 462 86 462 87 463 737 463 570 463 87 464 570 464 89 464 91 465 571 465 578 465 90 466 577 466 94 466 749 467 222 467 564 467 566 468 224 468 219 468 566 469 219 469 672 469 673 470 220 470 216 470 673 471 216 471 675 471 676 472 217 472 213 472 676 473 213 473 678 473 679 474 214 474 210 474 679 475 210 475 681 475 682 476 211 476 207 476 682 477 207 477 684 477 685 478 208 478 203 478 686 479 204 479 688 479 689 480 205 480 1 480 689 481 1 481 691 481 530 482 1147 482 538 482 536 483 1146 483 1140 483 537 484 1141 484 545 484 544 485 1139 485 1137 485 543 486 1136 486 548 486 547 487 1135 487 1162 487 547 488 1162 488 554 488 553 489 1161 489 1159 489 553 490 1159 490 557 490 556 491 1158 491 1169 491 556 492 1169 492 104 492 103 493 1168 493 575 493 103 494 575 494 81 494 1147 495 530 495 1152 495 1153 496 531 496 61 496 1153 497 61 497 629 497 628 498 60 498 58 498 628 499 58 499 633 499 632 500 57 500 525 500 631 501 524 501 1133 501 1131 502 523 502 514 502 1132 503 515 503 1129 503 1128 504 513 504 521 504 1128 505 521 505 1122 505 1120 506 520 506 402 506 1121 507 403 507 1001 507 1000 508 401 508 142 508 999 509 141 509 724 509 261 510 1049 510 266 510 264 511 1048 511 1045 511 265 512 1046 512 458 512 457 513 1044 513 1042 513 457 514 1042 514 462 514 461 515 1041 515 1039 515 460 516 1038 516 465 516 464 517 1037 517 1035 517 464 518 1035 518 468 518 467 519 1034 519 1032 519 467 520 1032 520 472 520 470 521 1031 521 721 521 471 522 722 522 140 522 1049 523 261 523 1002 523 1003 524 262 524 259 524 1003 525 259 525 1006 525 1005 526 258 526 256 526 1005 527 256 527 1010 527 1009 528 255 528 253 528 1008 529 252 529 1013 529 1012 530 251 530 249 530 1012 531 249 531 1016 531 1015 532 248 532 246 532 1015 533 246 533 1019 533 1018 534 245 534 243 534 1018 535 243 535 1023 535 1022 536 242 536 80 536 1021 537 79 537 573 537 111 538 666 538 113 538 114 539 667 539 662 539 114 540 662 540 116 540 117 541 663 541 659 541 117 542 659 542 119 542 121 543 660 543 656 543 120 544 655 544 123 544 124 545 657 545 892 545 125 546 893 546 305 546 306 547 894 547 889 547 306 548 889 548 308 548 309 549 890 549 887 549 309 550 887 550 312 550 665 551 110 551 670 551 668 552 109 552 153 552 668 553 153 553 709 553 710 554 154 554 150 554 710 555 150 555 712 555 713 556 151 556 147 556 713 557 147 557 715 557 716 558 148 558 144 558 716 559 144 559 718 559 719 560 145 560 449 560 719 561 449 561 950 561 951 562 450 562 446 562 951 563 446 563 953 563 954 564 447 564 443 564 954 565 443 565 956 565 15 566 979 566 421 566 422 567 980 567 975 567 422 568 975 568 424 568 425 569 976 569 971 569 426 570 972 570 428 570 429 571 973 571 967 571 430 572 968 572 432 572 434 573 969 573 964 573 433 574 963 574 436 574 437 575 965 575 960 575 437 576 960 576 439 576 441 577 961 577 958 577 440 578 957 578 444 578 978 579 14 579 584 579 587 580 16 580 331 580 586 581 330 581 867 581 868 582 332 582 326 582 869 583 327 583 871 583 872 584 328 584 323 584 872 585 323 585 874 585 875 586 324 586 320 586 875 587 320 587 877 587 878 588 321 588 317 588 878 589 317 589 880 589 881 590 318 590 314 590 881 591 314 591 883 591 884 592 315 592 311 592 884 593 311 593 886 593 777 594 773 594 1181 594 1181 595 773 595 1183 595 1190 596 1192 596 1196 596 1189 597 1195 597 1200 597 1188 598 1199 598 1204 598 1187 599 1203 599 1207 599 1188 600 1208 600 1211 600 1188 601 1211 601 1215 601 1187 602 1214 602 1218 602 1189 603 1219 603 1223 603 1187 604 1222 604 728 604 1188 605 729 605 568 605 1188 606 568 606 1228 606 1229 607 1233 607 1186 607 1229 608 1186 608 1226 608 1229 609 1226 609 1237 609 1229 610 1237 610 1240 610 1229 611 1240 611 1243 611 1229 612 1243 612 1246 612 1229 613 1246 613 1250 613 1229 614 1250 614 1254 614 1229 615 1254 615 1179 615 1229 616 1179 616 1182 616 1229 617 1182 617 1257 617 1257 618 1182 618 1261 618 1257 619 1261 619 1265 619 1257 620 1265 620 1268 620 1257 621 1268 621 1272 621 1257 622 1272 622 1276 622 1257 623 1276 623 1280 623 1257 624 1280 624 1283 624 1257 625 1283 625 1286 625 1257 626 1286 626 1292 626 704 627 1241 627 558 627 559 628 1242 628 1238 628 559 629 1238 629 561 629 562 630 1239 630 1227 630 562 631 1227 631 567 631 1241 632 704 632 1245 632 1244 633 703 633 787 633 1244 634 787 634 1249 634 1247 635 786 635 783 635 1248 636 784 636 1253 636 1251 637 782 637 779 637 1252 638 780 638 1256 638 1255 639 778 639 775 639 1255 640 775 640 1180 640 1290 641 1284 641 801 641 1290 642 801 642 830 642 1290 643 830 643 1297 643 1291 644 1298 644 1302 644 1289 645 1301 645 1305 645 1289 646 1305 646 1309 646 1290 647 1310 647 1315 647 1289 648 1314 648 1319 648 1290 649 1320 649 1324 649 1291 650 1325 650 1329 650 1288 651 1328 651 1332 651 1274 652 754 652 1277 652 1278 653 756 653 790 653 1279 654 791 654 1281 654 1282 655 792 655 802 655 1282 656 802 656 1285 656 755 657 1275 657 760 657 759 658 1273 658 1271 658 758 659 1270 659 763 659 762 660 1269 660 1267 660 762 661 1267 661 767 661 766 662 1266 662 1264 662 765 663 1263 663 771 663 769 664 1262 664 1184 664 770 665 1185 665 774 665 1335 666 1331 666 1339 666 1339 667 1331 667 1327 667 1338 668 1326 668 1343 668 1343 669 1326 669 1323 669 1342 670 1321 670 1347 670 1348 671 1322 671 1318 671 1346 672 1317 672 1353 672 1352 673 1316 673 1313 673 1194 674 1355 674 1198 674 1198 675 1355 675 1364 675 1197 676 1363 676 1202 676 1202 677 1363 677 1367 677 1201 678 1366 678 1206 678 1206 679 1366 679 1370 679 1205 680 1369 680 1210 680 1210 681 1369 681 1373 681 1209 682 1372 682 1213 682 1213 683 1372 683 1376 683 1351 684 1311 684 1380 684 1381 685 1312 685 1308 685 1379 686 1307 686 1385 686 1384 687 1306 687 1304 687 1383 688 1303 688 1389 688 1389 689 1303 689 1300 689 1388 690 1299 690 1393 690 1393 691 1299 691 1296 691 1392 692 1295 692 827 692 827 693 1295 693 829 693 1212 694 1375 694 1217 694 1217 695 1375 695 1395 695 1216 696 1394 696 1221 696 1221 697 1394 697 1399 697 1220 698 1398 698 1225 698 1225 699 1398 699 1403 699 1224 700 1402 700 731 700 731 701 1402 701 733 701 1408 702 1412 702 1414 702 1408 703 1414 703 1420 703 1408 704 1420 704 1428 704 1408 705 1428 705 1430 705 1408 706 1430 706 1439 706 1440 707 1431 707 1444 707 1439 708 1443 708 1447 708 1441 709 1448 709 1452 709 1442 710 1453 710 1458 710 1439 711 1457 711 1474 711 1478 712 1474 712 1457 712 1480 713 1459 713 1482 713 1477 714 1481 714 1486 714 1479 715 1487 715 1491 715 1478 716 1490 716 1293 716 1478 717 1293 717 1287 717 1478 718 1287 718 1330 718 1478 719 1330 719 1334 719 1354 720 1193 720 1234 720 1234 721 1193 721 1191 721 1496 722 1502 722 1506 722 240 723 455 723 1512 723 239 724 1511 724 1516 724 239 725 1516 725 1519 725 239 726 1519 726 1522 726 240 727 1523 727 1528 727 239 728 1527 728 1532 728 238 729 1531 729 1535 729 240 730 1536 730 1540 730 237 731 1539 731 1543 731 1549 732 239 732 1544 732 1550 733 1545 733 1555 733 1549 734 1554 734 1232 734 1548 735 1231 735 1560 735 1549 736 1561 736 1565 736 1549 737 1565 737 1569 737 1549 738 1569 738 1572 738 1549 739 1572 739 1575 739 1582 740 1587 740 1592 740 1578 741 1590 741 1595 741 1580 742 1597 742 1027 742 1580 743 1027 743 735 743 1579 744 734 744 1404 744 1580 745 1405 745 1401 745 1579 746 1400 746 1396 746 1580 747 1397 747 1377 747 1580 748 1377 748 1374 748 1580 749 1374 749 1371 749 1580 750 1371 750 1368 750 1580 751 1368 751 1365 751 1580 752 1365 752 1358 752 1356 753 1601 753 1606 753 1357 754 1607 754 1610 754 1362 755 1611 755 1616 755 1359 756 1615 756 1620 756 1358 757 1619 757 1623 757 1360 758 1624 758 1629 758 1358 759 1628 759 1632 759 1358 760 1632 760 1636 760 1358 761 1636 761 1639 761 1360 762 1640 762 1643 762 1361 763 1644 763 1581 763 1236 764 1232 764 1554 764 1236 765 1554 765 1649 765 1235 766 1648 766 1652 766 1236 767 1653 767 1657 767 1235 768 1656 768 1602 768 1236 769 1603 769 1358 769 1663 770 1669 770 1673 770 1664 771 1675 771 1678 771 1665 772 1679 772 1683 772 1664 773 1682 773 1686 773 1665 774 1687 774 1691 774 1662 775 1690 775 1694 775 1664 776 1696 776 1701 776 1706 777 1549 777 1575 777 1706 778 1575 778 1712 778 1708 779 1713 779 1717 779 1706 780 1716 780 1507 780 1706 781 1507 781 1503 781 1704 782 1501 782 1721 782 1704 783 1721 783 1725 783 1707 784 1726 784 1731 784 1706 785 1730 785 1735 785 1706 786 1735 786 1740 786 1705 787 1739 787 1744 787 1705 788 1744 788 1747 788 1706 789 1748 789 1752 789 1705 790 1751 790 1674 790 1706 791 1675 791 1670 791 454 792 1027 792 1597 792 453 793 1596 793 1755 793 455 794 1756 794 1761 794 454 795 1760 795 1765 795 454 796 1765 796 1768 796 454 797 1768 797 1511 797 1772 798 1778 798 1415 798 1774 799 1417 799 1784 799 1773 800 1783 800 1787 800 1774 801 1788 801 1792 801 1774 802 1792 802 1795 802 1774 803 1795 803 1798 803 1775 804 1799 804 1803 804 1774 805 1802 805 1807 805 1773 806 1806 806 1810 806 1775 807 1811 807 1815 807 1774 808 1814 808 1701 808 1774 809 1701 809 1696 809 1772 810 1695 810 1819 810 1771 811 1818 811 1823 811 1426 812 1829 812 1834 812 1421 813 1833 813 1838 813 1425 814 1839 814 1843 814 1422 815 1842 815 1847 815 1425 816 1848 816 1853 816 1422 817 1852 817 1856 817 1423 818 1857 818 1862 818 1422 819 1861 819 1866 819 1425 820 1867 820 1871 820 1424 821 1870 821 1876 821 1423 822 1875 822 1503 822 1423 823 1503 823 1497 823 1418 824 1779 824 1881 824 1416 825 1880 825 1885 825 1418 826 1886 826 1828 826 1417 827 1827 827 1423 827 1647 828 1553 828 1889 828 1891 829 1556 829 1896 829 1890 830 1895 830 1901 830 1899 831 1894 831 1905 831 1900 832 1906 832 1910 832 1910 833 1906 833 1915 833 1911 834 1916 834 1920 834 1920 835 1916 835 1925 835 1919 836 1924 836 1928 836 1928 837 1924 837 1931 837 1928 838 1931 838 1935 838 1936 839 1932 839 1940 839 1935 840 1939 840 1944 840 1944 841 1939 841 1947 841 1944 842 1947 842 1950 842 1950 843 1947 843 1954 843 1950 844 1954 844 1957 844 1957 845 1954 845 1961 845 1957 846 1961 846 1965 846 1965 847 1961 847 1968 847 1965 848 1968 848 1972 848 1972 849 1968 849 1977 849 1973 850 1978 850 1982 850 1982 851 1978 851 1986 851 1981 852 1985 852 1585 852 1586 853 1986 853 1591 853 1824 854 1820 854 1989 854 1989 855 1820 855 1994 855 1989 856 1994 856 1999 856 1997 857 1993 857 2003 857 1998 858 2004 858 2007 858 2007 859 2004 859 2011 859 2007 860 2011 860 2014 860 2014 861 2011 861 2017 861 2014 862 2017 862 2020 862 2020 863 2017 863 2023 863 2020 864 2023 864 2026 864 2026 865 2023 865 2029 865 2026 866 2029 866 2033 866 2033 867 2029 867 2038 867 2034 868 2039 868 2043 868 2043 869 2039 869 2047 869 2042 870 2046 870 2050 870 2050 871 2046 871 2055 871 2051 872 2056 872 2061 872 2061 873 2056 873 2067 873 2060 874 2066 874 2072 874 2071 875 2065 875 2076 875 2070 876 2075 876 2081 876 2082 877 2077 877 2087 877 2083 878 2088 878 1877 878 1874 879 2086 879 1500 879 1793 880 2091 880 1797 880 1797 881 2091 881 2096 881 2099 882 2108 882 2113 882 2100 883 2114 883 2116 883 2100 884 2116 884 2119 884 2098 885 2118 885 2122 885 2100 886 2123 886 2094 886 2099 887 2093 887 2089 887 2100 888 2090 888 2127 888 2099 889 2126 889 2130 889 2099 890 2130 890 2134 890 2099 891 2134 891 1409 891 2099 892 1409 892 2138 892 2148 893 2138 893 1407 893 1407 894 2138 894 1409 894 1413 895 1410 895 1781 895 1782 896 1411 896 2136 896 1780 897 2135 897 1786 897 1786 898 2135 898 2133 898 1785 899 2132 899 1791 899 1790 900 2131 900 2129 900 1789 901 2128 901 1794 901 1794 902 2128 902 2092 902 2110 903 2105 903 2149 903 2110 904 2149 904 2152 904 2110 905 2152 905 2155 905 2110 906 2155 906 2158 906 2110 907 2158 907 2161 907 2110 908 2161 908 2164 908 2110 909 2164 909 2168 909 2110 910 2168 910 2171 910 2110 911 2171 911 2174 911 2111 912 2175 912 2179 912 2110 913 2178 913 2182 913 2110 914 2182 914 2185 914 2111 915 2186 915 2190 915 2110 916 2189 916 2193 916 2110 917 2193 917 2196 917 2110 918 2196 918 2199 918 2110 919 2199 919 2202 919 2110 920 2202 920 2205 920 2110 921 2205 921 2208 921 2110 922 2208 922 2211 922 2110 923 2211 923 2214 923 2110 924 2214 924 2217 924 2110 925 2217 925 2220 925 2110 926 2220 926 2223 926 2112 927 2224 927 2229 927 2110 928 2227 928 1813 928 2232 929 2239 929 2242 929 2236 930 2243 930 2247 930 2235 931 2246 931 2251 931 2234 932 2250 932 2254 932 2234 933 2254 933 2258 933 2234 934 2258 934 2262 934 2234 935 2262 935 2266 935 2234 936 2266 936 2269 936 2234 937 2269 937 2274 937 2234 938 2274 938 2277 938 2234 939 2277 939 2280 939 2234 940 2280 940 2283 940 2234 941 2283 941 2286 941 2234 942 2286 942 2289 942 2234 943 2289 943 2292 943 2234 944 2292 944 2295 944 2234 945 2295 945 2298 945 2234 946 2298 946 2301 946 2234 947 2301 947 2304 947 2234 948 2304 948 2307 948 2234 949 2307 949 2311 949 2233 950 2310 950 2314 950 2234 951 2315 951 2105 951 2269 952 2266 952 2318 952 2269 953 2318 953 2321 953 2269 954 2321 954 2324 954 2269 955 2324 955 2327 955 2269 956 2327 956 2330 956 2269 957 2330 957 2333 957 2269 958 2333 958 2336 958 2105 959 2315 959 2341 959 2105 960 2341 960 2344 960 2105 961 2344 961 2347 961 2105 962 2347 962 2350 962 2105 963 2350 963 2353 963 2105 964 2353 964 2356 964 2106 965 2357 965 2361 965 2105 966 2360 966 2364 966 2105 967 2364 967 2367 967 2105 968 2367 968 2149 968 1697 969 1813 969 2227 969 1699 970 2228 970 2371 970 1698 971 2370 971 2375 971 1697 972 2374 972 2378 972 1697 973 2378 973 2381 973 1698 974 2382 974 2386 974 1697 975 2385 975 2389 975 1697 976 2389 976 2392 976 1697 977 2392 977 2395 977 1697 978 2395 978 2398 978 1697 979 2398 979 2401 979 1697 980 2401 980 2404 980 1697 981 2404 981 2336 981 2336 982 2404 982 2407 982 2336 983 2407 983 2410 983 2336 984 2410 984 2413 984 2336 985 2413 985 2417 985 2336 986 2417 986 2421 986 2336 987 2421 987 2424 987 2336 988 2424 988 2427 988 2336 989 2427 989 2430 989 2336 990 2430 990 2434 990 2336 991 2434 991 2437 991 2336 992 2437 992 2440 992 2336 993 2440 993 2444 993 2337 994 2445 994 2270 994 1796 995 2095 995 1801 995 1801 996 2095 996 2125 996 1800 997 2124 997 1805 997 1805 998 2124 998 2121 998 1804 999 2120 999 1809 999 1809 1000 2120 1000 2117 1000 1808 1001 2115 1001 1812 1001 1812 1002 2115 1002 2109 1002 821 1003 284 1003 1333 1003 821 1004 1333 1004 1336 1004 822 1005 1337 1005 1341 1005 821 1006 1340 1006 1345 1006 820 1007 1344 1007 1349 1007 821 1008 1350 1008 1378 1008 821 1009 1378 1009 1382 1009 821 1010 1382 1010 1386 1010 822 1011 1387 1011 1391 1011 819 1012 1390 1012 825 1012 284 1013 169 1013 1333 1013 1333 1014 169 1014 2452 1014 1333 1015 2452 1015 1476 1015 910 1016 365 1016 912 1016 912 1017 365 1017 360 1017 1030 1018 1026 1018 475 1018 475 1019 1026 1019 452 1019 1029 1020 474 1020 727 1020 727 1021 474 1021 138 1021 726 1022 137 1022 708 1022 708 1023 137 1023 135 1023 707 1024 134 1024 897 1024 897 1025 134 1025 379 1025 896 1026 378 1026 901 1026 900 1027 377 1027 375 1027 899 1028 374 1028 905 1028 904 1029 373 1029 371 1029 903 1030 370 1030 908 1030 908 1031 370 1031 368 1031 906 1032 367 1032 909 1032 909 1033 367 1033 364 1033 852 1034 287 1034 818 1034 818 1035 287 1035 283 1035 913 1036 361 1036 915 1036 916 1037 362 1037 356 1037 917 1038 358 1038 920 1038 919 1039 357 1039 353 1039 921 1040 354 1040 923 1040 923 1041 354 1041 350 1041 924 1042 351 1042 926 1042 926 1043 351 1043 347 1043 927 1044 348 1044 643 1044 643 1045 348 1045 106 1045 644 1046 107 1046 646 1046 646 1047 107 1047 130 1047 647 1048 131 1048 850 1048 851 1049 132 1049 286 1049 2454 1050 2268 1050 2456 1050 2456 1051 2268 1051 2263 1051 2462 1052 2466 1052 2472 1052 2462 1053 2474 1053 2466 1053 2481 1054 2486 1054 2491 1054 2492 1055 2466 1055 2495 1055 2498 1056 2504 1056 2508 1056 2495 1057 2466 1057 2510 1057 2511 1058 2467 1058 2475 1058 2514 1059 2517 1059 2522 1059 2526 1060 2473 1060 2467 1060 2529 1061 2534 1061 2538 1061 2530 1062 2539 1062 2543 1062 2529 1063 2542 1063 2546 1063 2529 1064 2546 1064 2549 1064 2529 1065 2549 1065 2551 1065 2529 1066 2551 1066 2553 1066 2529 1067 2553 1067 2556 1067 2529 1068 2556 1068 2560 1068 2566 1069 2569 1069 2573 1069 2566 1070 2573 1070 2577 1070 2566 1071 2577 1071 2581 1071 2566 1072 2581 1072 2584 1072 2566 1073 2584 1073 2587 1073 2566 1074 2587 1074 2591 1074 2566 1075 2591 1075 2594 1075 2566 1076 2594 1076 2597 1076 2566 1077 2597 1077 2600 1077 2566 1078 2600 1078 2603 1078 2566 1079 2603 1079 2606 1079 2566 1080 2606 1080 2609 1080 2566 1081 2609 1081 2612 1081 2566 1082 2612 1082 2615 1082 2566 1083 2615 1083 2619 1083 2566 1084 2619 1084 2458 1084 2566 1085 2458 1085 2625 1085 2565 1086 2624 1086 2629 1086 2566 1087 2630 1087 2634 1087 2567 1088 2635 1088 2638 1088 2458 1089 2619 1089 2641 1089 2459 1090 2642 1090 2645 1090 2460 1091 2646 1091 2650 1091 2654 1092 2490 1092 2485 1092 2657 1093 2487 1093 2660 1093 2657 1094 2660 1094 2664 1094 2655 1095 2663 1095 2667 1095 2455 1096 2458 1096 2649 1096 2455 1097 2649 1097 2656 1097 2455 1098 2656 1098 2668 1098 2455 1099 2668 1099 2672 1099 2673 1100 2678 1100 2680 1100 2672 1101 2679 1101 2683 1101 2672 1102 2683 1102 2686 1102 2672 1103 2686 1103 2689 1103 2672 1104 2689 1104 2693 1104 2672 1105 2693 1105 2455 1105 2140 1106 1668 1106 2699 1106 2142 1107 2701 1107 2705 1107 2139 1108 2704 1108 2708 1108 2140 1109 2709 1109 2711 1109 2140 1110 2711 1110 2713 1110 2140 1111 2713 1111 2716 1111 2140 1112 2716 1112 2720 1112 2140 1113 2720 1113 2727 1113 2141 1114 2728 1114 2731 1114 2140 1115 2730 1115 2734 1115 2141 1116 2735 1116 2739 1116 2140 1117 2738 1117 2103 1117 2699 1118 1668 1118 1659 1118 2699 1119 1659 1119 2745 1119 2698 1120 2744 1120 2748 1120 2699 1121 2749 1121 2752 1121 2700 1122 2753 1122 2758 1122 2597 1123 2492 1123 2495 1123 2597 1124 2495 1124 2761 1124 2597 1125 2761 1125 2764 1125 2597 1126 2764 1126 2600 1126 2103 1127 2738 1127 2769 1127 2102 1128 2768 1128 2772 1128 2103 1129 2773 1129 2776 1129 2103 1130 2776 1130 2780 1130 2103 1131 2780 1131 2783 1131 2103 1132 2783 1132 2786 1132 2103 1133 2786 1133 2790 1133 2104 1134 2791 1134 2795 1134 2103 1135 2794 1135 2801 1135 2725 1136 2719 1136 2803 1136 2728 1137 2804 1137 2809 1137 2727 1138 2808 1138 2812 1138 2727 1139 2812 1139 2815 1139 2727 1140 2815 1140 2818 1140 2728 1141 2819 1141 2823 1141 2727 1142 2822 1142 2826 1142 2727 1143 2826 1143 2829 1143 2727 1144 2829 1144 2529 1144 2727 1145 2529 1145 2560 1145 2724 1146 2559 1146 2832 1146 2727 1147 2833 1147 2837 1147 2727 1148 2837 1148 2840 1148 2727 1149 2840 1149 2844 1149 2727 1150 2844 1150 2847 1150 2727 1151 2847 1151 2851 1151 2726 1152 2850 1152 2857 1152 2568 1153 2800 1153 2860 1153 2569 1154 2861 1154 2864 1154 2570 1155 2865 1155 2869 1155 2569 1156 2868 1156 2505 1156 2569 1157 2505 1157 2499 1157 2756 1158 2870 1158 2876 1158 2757 1159 2877 1159 2880 1159 2757 1160 2880 1160 2884 1160 2757 1161 2884 1161 2887 1161 2757 1162 2887 1162 2891 1162 2756 1163 2890 1163 2894 1163 2759 1164 2895 1164 2535 1164 2757 1165 2534 1165 2529 1165 2756 1166 2528 1166 2899 1166 2757 1167 2900 1167 2903 1167 2758 1168 2904 1168 2908 1168 2757 1169 2907 1169 2911 1169 2757 1170 2911 1170 2914 1170 2758 1171 2915 1171 2919 1171 2757 1172 2918 1172 2923 1172 2757 1173 2923 1173 2927 1173 2755 1174 2926 1174 2697 1174 2677 1175 2930 1175 2931 1175 2677 1176 2931 1176 2934 1176 2677 1177 2934 1177 2937 1177 2677 1178 2937 1178 2941 1178 2676 1179 2940 1179 2946 1179 1658 1180 2946 1180 2951 1180 1659 1181 2952 1181 2956 1181 1660 1182 2957 1182 2961 1182 1659 1183 2960 1183 2964 1183 1659 1184 2964 1184 2967 1184 1659 1185 2967 1185 2970 1185 1660 1186 2971 1186 2975 1186 1659 1187 2974 1187 2978 1187 1659 1188 2978 1188 2745 1188 1659 1189 2979 1189 2947 1189 2947 1190 2979 1190 2982 1190 2947 1191 2982 1191 2677 1191 2677 1192 2982 1192 2679 1192 2481 1193 2491 1193 2988 1193 2988 1194 2491 1194 2992 1194 2988 1195 2992 1195 2996 1195 2995 1196 2991 1196 2999 1196 2996 1197 3000 1197 3004 1197 3003 1198 2999 1198 3007 1198 3004 1199 3008 1199 2466 1199 2468 1200 3009 1200 3014 1200 2466 1201 3013 1201 2525 1201 2569 1202 2566 1202 2801 1202 2801 1203 2566 1203 3018 1203 2801 1204 3018 1204 2103 1204 2101 1205 3017 1205 3021 1205 2857 1206 2850 1206 3024 1206 3025 1207 2851 1207 3026 1207 3025 1208 3026 1208 3031 1208 3032 1209 3037 1209 3026 1209 3026 1210 3037 1210 3040 1210 3026 1211 3040 1211 3031 1211 2499 1212 2509 1212 3032 1212 3032 1213 2509 1213 3044 1213 3032 1214 3044 1214 3037 1214 2877 1215 2871 1215 2522 1215 2522 1216 2871 1216 3045 1216 2522 1217 3045 1217 2514 1217 2522 1218 2517 1218 3050 1218 3050 1219 2517 1219 3051 1219 3050 1220 3051 1220 3055 1220 3050 1221 3055 1221 2930 1221 2930 1222 3055 1222 3058 1222 2930 1223 3058 1223 2931 1223 2981 1224 1661 1224 2340 1224 2340 1225 1661 1225 1700 1225 2980 1226 2338 1226 2984 1226 2985 1227 2339 1227 2335 1227 2983 1228 2334 1228 2682 1228 2682 1229 2334 1229 2332 1229 2681 1230 2331 1230 2685 1230 2685 1231 2331 1231 2329 1231 2684 1232 2328 1232 2688 1232 2688 1233 2328 1233 2326 1233 2687 1234 2325 1234 2691 1234 2691 1235 2325 1235 2323 1235 2690 1236 2322 1236 2694 1236 2694 1237 2322 1237 2320 1237 2692 1238 2319 1238 2453 1238 2453 1239 2319 1239 2267 1239 3020 1240 2238 1240 2097 1240 2097 1241 2238 1241 2107 1241 2457 1242 2265 1242 2622 1242 2621 1243 2264 1243 2259 1243 2623 1244 2260 1244 2626 1244 2627 1245 2261 1245 2255 1245 2628 1246 2256 1246 2631 1246 2632 1247 2257 1247 2252 1247 2633 1248 2253 1248 2636 1248 2636 1249 2253 1249 2248 1249 2637 1250 2249 1250 2563 1250 2563 1251 2249 1251 2244 1251 2564 1252 2245 1252 3015 1252 3015 1253 2245 1253 2240 1253 3016 1254 2241 1254 3019 1254 3019 1255 2241 1255 2237 1255 3062 1256 1559 1256 3068 1256 3067 1257 1557 1257 1230 1257 3067 1258 1230 1258 1258 1258 1558 1259 3061 1259 1562 1259 1563 1260 3063 1260 3072 1260 1564 1261 3073 1261 1566 1261 1567 1262 3074 1262 3077 1262 1568 1263 3078 1263 1570 1263 3088 1264 3097 1264 3101 1264 3089 1265 3102 1265 3107 1265 3089 1266 3107 1266 3111 1266 3087 1267 3110 1267 3114 1267 3088 1268 3115 1268 3119 1268 3087 1269 3118 1269 3123 1269 3088 1270 3124 1270 3128 1270 3087 1271 3127 1271 3131 1271 3088 1272 3132 1272 3135 1272 3088 1273 3135 1273 1456 1273 3097 1274 1463 1274 3138 1274 3097 1275 3138 1275 3142 1275 3097 1276 3142 1276 3145 1276 3097 1277 3145 1277 3149 1277 3096 1278 3148 1278 3152 1278 3097 1279 3153 1279 3156 1279 3097 1280 3156 1280 3159 1280 3097 1281 3159 1281 3162 1281 3097 1282 3162 1282 3165 1282 3097 1283 3165 1283 3170 1283 3096 1284 3169 1284 3173 1284 3097 1285 3174 1285 3179 1285 3096 1286 3178 1286 3182 1286 3096 1287 3182 1287 3186 1287 3098 1288 3187 1288 3103 1288 1466 1289 3191 1289 3195 1289 1461 1290 3194 1290 3199 1290 1465 1291 3200 1291 3204 1291 1463 1292 3203 1292 3207 1292 1465 1293 3208 1293 3212 1293 1463 1294 3211 1294 3215 1294 1463 1295 3215 1295 3219 1295 1462 1296 3218 1296 3222 1296 1462 1297 3222 1297 3225 1297 1463 1298 3226 1298 3230 1298 1462 1299 3229 1299 3233 1299 1463 1300 3234 1300 3238 1300 1463 1301 3238 1301 3241 1301 1464 1302 3242 1302 3139 1302 1456 1303 3135 1303 3246 1303 1456 1304 3246 1304 3250 1304 1455 1305 3249 1305 3253 1305 1456 1306 3254 1306 3258 1306 1456 1307 3258 1307 3261 1307 1456 1308 3261 1308 3190 1308 1456 1309 3190 1309 1463 1309 1573 1310 1571 1310 3262 1310 3262 1311 1571 1311 3079 1311 3270 1312 1433 1312 3278 1312 3276 1313 1432 1313 1429 1313 3276 1314 1429 1314 3282 1314 1434 1315 3271 1315 1445 1315 1446 1316 3275 1316 3285 1316 1446 1317 3285 1317 1449 1317 1451 1318 3287 1318 3085 1318 1450 1319 3084 1319 1454 1319 1419 1320 1494 1320 1427 1320 1427 1321 1494 1321 3280 1321 3291 1322 1483 1322 3294 1322 3297 1323 1485 1323 1460 1323 3297 1324 1460 1324 3090 1324 1484 1325 3292 1325 1489 1325 1488 1326 3288 1326 3302 1326 1488 1327 3302 1327 1493 1327 1492 1328 3299 1328 1259 1328 1492 1329 1259 1329 1294 1329 1714 1330 3305 1330 1505 1330 1504 1331 3304 1331 3281 1331 1504 1332 3281 1332 1495 1332 3305 1333 1714 1333 3308 1333 3309 1334 1715 1334 1709 1334 3310 1335 1710 1335 3314 1335 3315 1336 1711 1336 1574 1336 3315 1337 1574 1337 3263 1337 3268 1338 3320 1338 3324 1338 3266 1339 3323 1339 3328 1339 3265 1340 3327 1340 3334 1340 3264 1341 3332 1341 3316 1341 3337 1342 3326 1342 3321 1342 3326 1343 3337 1343 3343 1343 3345 1344 3339 1344 3346 1344 3345 1345 3346 1345 3353 1345 3354 1346 3348 1346 3083 1346 3354 1347 3083 1347 3286 1347 3356 1348 3318 1348 3333 1348 3317 1349 3355 1349 3311 1349 3313 1350 3357 1350 3362 1350 3312 1351 3361 1351 3306 1351 3307 1352 3363 1352 3277 1352 3307 1353 3277 1353 3283 1353 3368 1354 3336 1354 3329 1354 3335 1355 3367 1355 3358 1355 3359 1356 3369 1356 3373 1356 3360 1357 3374 1357 3364 1357 3365 1358 3375 1358 3272 1358 3366 1359 3273 1359 3279 1359 3342 1360 3331 1360 3325 1360 3330 1361 3341 1361 3370 1361 3371 1362 3344 1362 3350 1362 3372 1363 3351 1363 3376 1363 3377 1364 3352 1364 3284 1364 3377 1365 3284 1365 3274 1365 3340 1366 3379 1366 3347 1366 3349 1367 3381 1367 3095 1367 3349 1368 3095 1368 3086 1368 3379 1369 3340 1369 3386 1369 3383 1370 3338 1370 3322 1370 3383 1371 3322 1371 3392 1371 3388 1372 3319 1372 3267 1372 3389 1373 3269 1373 3082 1373 3094 1374 3380 1374 3397 1374 3093 1375 3396 1375 3402 1375 3092 1376 3401 1376 3406 1376 3091 1377 3405 1377 3298 1377 3384 1378 3394 1378 3378 1378 3395 1379 3385 1379 3412 1379 3408 1380 3382 1380 3390 1380 3409 1381 3391 1381 3418 1381 3415 1382 3387 1382 3081 1382 3414 1383 3080 1383 3076 1383 3422 1384 3295 1384 3403 1384 3296 1385 3423 1385 3293 1385 3290 1386 3419 1386 3429 1386 3289 1387 3428 1387 3303 1387 3300 1388 3425 1388 3069 1388 3301 1389 3070 1389 1260 1389 3434 1390 3404 1390 3398 1390 3404 1391 3434 1391 3424 1391 3420 1392 3431 1392 3438 1392 3421 1393 3439 1393 3430 1393 3426 1394 3436 1394 3064 1394 3427 1395 3065 1395 3071 1395 3410 1396 3399 1396 3393 1396 3400 1397 3411 1397 3435 1397 3433 1398 3407 1398 3417 1398 3432 1399 3416 1399 3440 1399 3437 1400 3413 1400 3075 1400 3437 1401 3075 1401 3066 1401 3441 1402 3444 1402 3448 1402 3453 1403 3458 1403 3462 1403 3468 1404 3471 1404 3475 1404 3480 1405 3485 1405 3488 1405 3490 1406 3457 1406 3452 1406 3490 1407 3452 1407 3495 1407 3490 1408 3495 1408 3499 1408 3490 1409 3499 1409 3502 1409 3489 1410 3501 1410 3504 1410 3490 1411 3505 1411 3508 1411 3491 1412 3509 1412 3513 1412 3490 1413 3512 1413 3517 1413 3490 1414 3517 1414 3521 1414 3491 1415 3522 1415 3525 1415 3530 1416 3484 1416 3478 1416 3531 1417 3479 1417 3534 1417 3531 1418 3534 1418 3538 1418 3531 1419 3538 1419 3541 1419 3531 1420 3541 1420 3544 1420 3531 1421 3544 1421 3547 1421 3531 1422 3547 1422 3551 1422 3531 1423 3551 1423 3554 1423 3531 1424 3554 1424 3558 1424 3530 1425 3557 1425 3561 1425 3531 1426 3562 1426 3499 1426 3531 1427 3499 1427 3495 1427 3564 1428 3570 1428 3575 1428 3563 1429 3574 1429 3578 1429 3567 1430 3579 1430 3583 1430 3564 1431 3582 1431 3586 1431 3567 1432 3587 1432 3591 1432 3564 1433 3590 1433 3594 1433 3564 1434 3594 1434 3597 1434 3565 1435 3598 1435 3601 1435 3566 1436 3602 1436 3606 1436 3565 1437 3605 1437 3610 1437 3615 1438 3601 1438 3598 1438 3615 1439 3598 1439 3618 1439 3615 1440 3618 1440 3624 1440 3614 1441 3623 1441 3627 1441 3615 1442 3628 1442 3631 1442 3615 1443 3631 1443 3634 1443 3615 1444 3634 1444 3637 1444 3615 1445 3637 1445 3640 1445 3615 1446 3640 1446 3644 1446 3614 1447 3643 1447 3647 1447 3615 1448 3648 1448 3651 1448 3615 1449 3651 1449 3654 1449 3657 1450 3661 1450 3666 1450 3665 1451 3660 1451 3610 1451 3665 1452 3610 1452 3605 1452 3656 1453 3669 1453 3660 1453 3660 1454 3669 1454 3448 1454 3660 1455 3448 1455 3444 1455 3672 1456 3676 1456 3679 1456 3679 1457 3676 1457 3682 1457 3679 1458 3682 1458 3686 1458 3686 1459 3682 1459 3444 1459 3686 1460 3444 1460 3441 1460 3690 1461 3693 1461 3696 1461 3696 1462 3693 1462 3699 1462 3696 1463 3699 1463 3703 1463 3703 1464 3699 1464 3707 1464 3703 1465 3707 1465 3711 1465 3711 1466 3707 1466 3676 1466 3711 1467 3676 1467 3672 1467 3714 1468 3717 1468 3721 1468 3721 1469 3717 1469 3724 1469 3721 1470 3724 1470 3728 1470 3728 1471 3724 1471 3693 1471 3728 1472 3693 1472 3690 1472 3461 1473 3456 1473 3731 1473 3733 1474 3458 1474 3718 1474 3732 1475 3717 1475 3714 1475 3738 1476 3742 1476 3746 1476 3747 1477 3743 1477 3655 1477 3746 1478 3654 1478 3651 1478 3738 1479 3746 1479 3750 1479 3750 1480 3746 1480 3468 1480 3750 1481 3468 1481 3475 1481 3754 1482 3757 1482 3761 1482 3761 1483 3757 1483 3764 1483 3761 1484 3764 1484 3768 1484 3768 1485 3764 1485 3471 1485 3768 1486 3471 1486 3468 1486 3772 1487 3776 1487 3780 1487 3779 1488 3775 1488 3783 1488 3779 1489 3783 1489 3786 1489 3786 1490 3783 1490 3789 1490 3786 1491 3789 1491 3793 1491 3793 1492 3789 1492 3754 1492 3793 1493 3754 1493 3761 1493 3796 1494 3799 1494 3802 1494 3802 1495 3799 1495 3805 1495 3802 1496 3805 1496 3809 1496 3809 1497 3805 1497 3771 1497 3809 1498 3771 1498 3779 1498 3488 1499 3813 1499 3480 1499 3479 1500 3812 1500 3796 1500 3479 1501 3796 1501 3802 1501 3497 1502 3814 1502 3500 1502 3503 1503 3817 1503 3819 1503 3503 1504 3819 1504 3506 1504 3507 1505 3820 1505 3823 1505 3507 1506 3823 1506 3510 1506 3511 1507 3824 1507 3827 1507 3511 1508 3827 1508 3514 1508 3515 1509 3828 1509 3831 1509 3516 1510 3832 1510 3518 1510 3520 1511 3833 1511 3837 1511 3519 1512 3836 1512 3523 1512 3524 1513 3838 1513 3840 1513 3524 1514 3840 1514 3526 1514 3527 1515 3841 1515 3843 1515 3527 1516 3843 1516 3492 1516 3493 1517 3844 1517 3847 1517 3493 1518 3847 1518 3459 1518 3460 1519 3848 1519 3851 1519 3460 1520 3851 1520 3719 1520 3720 1521 3852 1521 3854 1521 3720 1522 3854 1522 3725 1522 3726 1523 3855 1523 3857 1523 3727 1524 3858 1524 3694 1524 3695 1525 3859 1525 3862 1525 3695 1526 3862 1526 3700 1526 3701 1527 3863 1527 3866 1527 3702 1528 3867 1528 3708 1528 3814 1529 3497 1529 3869 1529 3870 1530 3498 1530 3559 1530 3870 1531 3559 1531 3873 1531 3874 1532 3560 1532 3555 1532 3874 1533 3555 1533 3876 1533 3877 1534 3556 1534 3552 1534 3877 1535 3552 1535 3880 1535 3882 1536 3553 1536 3549 1536 3881 1537 3548 1537 3884 1537 3885 1538 3550 1538 3545 1538 3885 1539 3545 1539 3887 1539 3888 1540 3546 1540 3542 1540 3888 1541 3542 1541 3890 1541 3891 1542 3543 1542 3539 1542 3891 1543 3539 1543 3894 1543 3896 1544 3540 1544 3536 1544 3895 1545 3535 1545 3899 1545 3900 1546 3537 1546 3532 1546 3900 1547 3532 1547 3902 1547 3903 1548 3533 1548 3476 1548 3903 1549 3476 1549 3905 1549 3906 1550 3477 1550 3800 1550 3906 1551 3800 1551 3908 1551 3910 1552 3801 1552 3807 1552 3909 1553 3806 1553 3913 1553 3914 1554 3808 1554 3777 1554 3914 1555 3777 1555 3917 1555 3918 1556 3778 1556 3784 1556 3918 1557 3784 1557 3921 1557 3922 1558 3785 1558 3791 1558 3923 1559 3792 1559 3928 1559 3617 1560 3931 1560 3620 1560 3622 1561 3932 1561 3936 1561 3621 1562 3935 1562 3625 1562 3626 1563 3937 1563 3940 1563 3626 1564 3940 1564 3629 1564 3630 1565 3941 1565 3944 1565 3630 1566 3944 1566 3632 1566 3633 1567 3945 1567 3948 1567 3633 1568 3948 1568 3635 1568 3636 1569 3949 1569 3952 1569 3636 1570 3952 1570 3638 1570 3639 1571 3953 1571 3956 1571 3639 1572 3956 1572 3641 1572 3642 1573 3957 1573 3960 1573 3642 1574 3960 1574 3645 1574 3646 1575 3961 1575 3964 1575 3646 1576 3964 1576 3649 1576 3650 1577 3965 1577 3968 1577 3650 1578 3968 1578 3744 1578 3745 1579 3969 1579 3972 1579 3745 1580 3972 1580 3465 1580 3467 1581 3973 1581 3977 1581 3466 1582 3976 1582 3765 1582 3766 1583 3978 1583 3981 1583 3767 1584 3982 1584 3758 1584 3760 1585 3983 1585 3927 1585 3759 1586 3926 1586 3790 1586 3931 1587 3617 1587 3986 1587 3988 1588 3619 1588 3599 1588 3988 1589 3599 1589 3991 1589 3992 1590 3600 1590 3595 1590 3992 1591 3595 1591 3995 1591 3996 1592 3596 1592 3592 1592 3996 1593 3592 1593 3998 1593 3999 1594 3593 1594 3588 1594 3999 1595 3588 1595 4002 1595 4003 1596 3589 1596 3584 1596 4003 1597 3584 1597 4006 1597 4007 1598 3585 1598 3580 1598 4007 1599 3580 1599 4010 1599 4011 1600 3581 1600 3576 1600 4011 1601 3576 1601 4014 1601 4015 1602 3577 1602 3571 1602 4016 1603 3572 1603 4019 1603 4020 1604 3573 1604 3568 1604 4020 1605 3568 1605 4023 1605 4024 1606 3569 1606 3611 1606 4024 1607 3611 1607 4026 1607 4028 1608 3612 1608 3663 1608 4027 1609 3662 1609 4031 1609 4032 1610 3664 1610 3445 1610 4033 1611 3446 1611 4037 1611 4039 1612 3447 1612 3684 1612 4038 1613 3683 1613 4042 1613 4043 1614 3685 1614 3677 1614 4043 1615 3677 1615 4046 1615 4047 1616 3678 1616 3709 1616 4048 1617 3710 1617 3868 1617 3604 1618 3125 1618 3607 1618 3609 1619 3126 1619 3121 1619 3608 1620 3120 1620 3667 1620 3668 1621 3122 1621 3116 1621 3668 1622 3116 1622 3658 1622 3659 1623 3117 1623 3112 1623 3659 1624 3112 1624 3670 1624 3671 1625 3113 1625 3108 1625 3671 1626 3108 1626 3449 1626 3451 1627 3109 1627 3105 1627 3450 1628 3104 1628 3442 1628 3443 1629 3106 1629 3099 1629 3443 1630 3099 1630 3687 1630 3689 1631 3100 1631 3184 1631 3688 1632 3183 1632 3680 1632 3681 1633 3185 1633 3180 1633 3681 1634 3180 1634 3673 1634 3675 1635 3181 1635 3177 1635 3674 1636 3176 1636 3713 1636 3125 1637 3604 1637 3130 1637 3129 1638 3603 1638 3616 1638 3129 1639 3616 1639 3134 1639 3133 1640 3613 1640 3652 1640 3133 1641 3652 1641 3243 1641 3245 1642 3653 1642 3740 1642 3244 1643 3739 1643 3247 1643 3248 1644 3741 1644 3736 1644 3248 1645 3736 1645 3251 1645 3252 1646 3737 1646 3748 1646 3252 1647 3748 1647 3255 1647 3257 1648 3749 1648 3473 1648 3256 1649 3472 1649 3259 1649 3260 1650 3474 1650 3469 1650 3260 1651 3469 1651 3188 1651 3189 1652 3470 1652 3762 1652 3189 1653 3762 1653 3192 1653 3193 1654 3763 1654 3755 1654 3193 1655 3755 1655 3196 1655 3197 1656 3756 1656 3751 1656 3198 1657 3752 1657 3201 1657 3202 1658 3753 1658 3787 1658 3202 1659 3787 1659 3205 1659 3529 1660 3239 1660 3481 1660 3482 1661 3240 1661 3235 1661 3483 1662 3236 1662 3486 1662 3487 1663 3237 1663 3231 1663 3487 1664 3231 1664 3810 1664 3811 1665 3232 1665 3227 1665 3811 1666 3227 1666 3794 1666 3795 1667 3228 1667 3223 1667 3795 1668 3223 1668 3797 1668 3798 1669 3224 1669 3220 1669 3798 1670 3220 1670 3803 1670 3804 1671 3221 1671 3216 1671 3804 1672 3216 1672 3769 1672 3770 1673 3217 1673 3213 1673 3770 1674 3213 1674 3773 1674 3774 1675 3214 1675 3209 1675 3774 1676 3209 1676 3781 1676 3782 1677 3210 1677 3206 1677 3782 1678 3206 1678 3788 1678 3239 1679 3529 1679 3137 1679 3136 1680 3528 1680 3494 1680 3136 1681 3494 1681 3140 1681 3141 1682 3496 1682 3454 1682 3141 1683 3454 1683 3143 1683 3144 1684 3455 1684 3463 1684 3144 1685 3463 1685 3146 1685 3147 1686 3464 1686 3734 1686 3147 1687 3734 1687 3150 1687 3151 1688 3735 1688 3715 1688 3151 1689 3715 1689 3154 1689 3155 1690 3716 1690 3722 1690 3155 1691 3722 1691 3157 1691 3158 1692 3723 1692 3729 1692 3158 1693 3729 1693 3160 1693 3161 1694 3730 1694 3691 1694 3161 1695 3691 1695 3163 1695 3164 1696 3692 1696 3697 1696 3164 1697 3697 1697 3166 1697 3168 1698 3698 1698 3705 1698 3167 1699 3704 1699 3171 1699 3172 1700 3706 1700 3712 1700 3172 1701 3712 1701 3175 1701 1703 1702 2145 1702 1547 1702 1547 1703 2145 1703 2449 1703 1437 1704 1470 1704 3975 1704 1437 1705 3975 1705 3971 1705 1436 1706 3970 1706 3966 1706 1437 1707 3967 1707 3962 1707 1438 1708 3963 1708 3959 1708 1436 1709 3958 1709 3954 1709 1438 1710 3955 1710 3951 1710 1437 1711 3950 1711 3947 1711 1436 1712 3946 1712 3942 1712 1437 1713 3943 1713 3939 1713 1436 1714 3938 1714 3933 1714 1437 1715 3934 1715 3987 1715 1437 1716 3987 1716 3990 1716 1437 1717 3990 1717 4052 1717 1470 1718 4058 1718 3871 1718 1471 1719 3872 1719 3875 1719 1471 1720 3875 1720 3879 1720 1470 1721 3878 1721 3883 1721 1470 1722 3883 1722 3886 1722 1470 1723 3886 1723 3889 1723 1470 1724 3889 1724 3893 1724 1469 1725 3892 1725 3897 1725 1470 1726 3898 1726 3901 1726 1470 1727 3901 1727 3904 1727 1470 1728 3904 1728 3907 1728 1470 1729 3907 1729 3912 1729 1469 1730 3911 1730 3915 1730 1472 1731 3916 1731 3920 1731 1469 1732 3919 1732 3924 1732 1470 1733 3925 1733 3930 1733 1469 1734 3929 1734 3984 1734 1473 1735 3985 1735 3980 1735 1468 1736 3979 1736 3974 1736 4056 1737 4034 1737 4040 1737 4060 1738 4041 1738 4045 1738 4058 1739 4044 1739 3865 1739 4057 1740 3864 1740 3860 1740 4058 1741 3861 1741 3856 1741 4058 1742 3856 1742 3853 1742 4058 1743 3853 1743 3850 1743 4057 1744 3849 1744 3845 1744 4058 1745 3846 1745 3842 1745 4058 1746 3842 1746 3839 1746 4058 1747 3839 1747 3835 1747 4057 1748 3834 1748 3829 1748 4058 1749 3830 1749 3826 1749 4057 1750 3825 1750 3821 1750 4058 1751 3822 1751 3818 1751 4058 1752 3818 1752 3815 1752 4059 1753 3816 1753 3872 1753 4051 1754 3989 1754 3993 1754 4052 1755 3994 1755 3997 1755 4052 1756 3997 1756 4001 1756 4051 1757 4000 1757 4004 1757 4053 1758 4005 1758 4009 1758 4051 1759 4008 1759 4012 1759 4053 1760 4013 1760 4018 1760 4051 1761 4017 1761 4021 1761 4052 1762 4022 1762 4025 1762 4052 1763 4025 1763 4030 1763 4051 1764 4029 1764 4035 1764 4052 1765 4036 1765 4058 1765 168 1766 236 1766 2448 1766 2448 1767 236 1767 1546 1767 2137 1768 2143 1768 1666 1768 1667 1769 2144 1769 1702 1769 1435 1770 4049 1770 1406 1770 1406 1771 4049 1771 2146 1771 4050 1772 4055 1772 2147 1772 2147 1773 4055 1773 2451 1773 4054 1774 1467 1774 2450 1774 2450 1775 1467 1775 1475 1775 4061 1776 4064 1776 4068 1776 4069 1777 4065 1777 4073 1777 4078 1778 4083 1778 4086 1778 4090 1779 4094 1779 4098 1779 4101 1780 4105 1780 4108 1780 4112 1781 4115 1781 4118 1781 4122 1782 4125 1782 4129 1782 4133 1783 4138 1783 4142 1783 4132 1784 4141 1784 4145 1784 4132 1785 4145 1785 4149 1785 4132 1786 4149 1786 4152 1786 4132 1787 4152 1787 4154 1787 4132 1788 4154 1788 4157 1788 4132 1789 4157 1789 4160 1789 4132 1790 4160 1790 4164 1790 4168 1791 4173 1791 4177 1791 4168 1792 4177 1792 4083 1792 4167 1793 4082 1793 4077 1793 4181 1794 4186 1794 4190 1794 4180 1795 4189 1795 4193 1795 4180 1796 4193 1796 4173 1796 4182 1797 4174 1797 4169 1797 4197 1798 4202 1798 4206 1798 4197 1799 4206 1799 4212 1799 4197 1800 4212 1800 4216 1800 4197 1801 4216 1801 4185 1801 4197 1802 4185 1802 4180 1802 4197 1803 4180 1803 4219 1803 4197 1804 4219 1804 4222 1804 4197 1805 4222 1805 4225 1805 4198 1806 4226 1806 4230 1806 4206 1807 4202 1807 4233 1807 4206 1808 4233 1808 4236 1808 4206 1809 4236 1809 4239 1809 4206 1810 4239 1810 4242 1810 4206 1811 4242 1811 4245 1811 4206 1812 4245 1812 4248 1812 4206 1813 4248 1813 4251 1813 4207 1814 4252 1814 4256 1814 4261 1815 4265 1815 4269 1815 4260 1816 4268 1816 4273 1816 4259 1817 4272 1817 4276 1817 4260 1818 4277 1818 4284 1818 4260 1819 4284 1819 4289 1819 4292 1820 4297 1820 4300 1820 4294 1821 4301 1821 4305 1821 4293 1822 4304 1822 4308 1822 4294 1823 4309 1823 4313 1823 4292 1824 4312 1824 4316 1824 4293 1825 4317 1825 4320 1825 4293 1826 4320 1826 4323 1826 4293 1827 4323 1827 4326 1827 4293 1828 4326 1828 4329 1828 4293 1829 4329 1829 4333 1829 4337 1830 4342 1830 4229 1830 4338 1831 4230 1831 4347 1831 4337 1832 4346 1832 4351 1832 4336 1833 4350 1833 4354 1833 4337 1834 4355 1834 4358 1834 4337 1835 4358 1835 4361 1835 4337 1836 4361 1836 4364 1836 4337 1837 4364 1837 4369 1837 4337 1838 4369 1838 4374 1838 4337 1839 4374 1839 4377 1839 4337 1840 4377 1840 4381 1840 4337 1841 4381 1841 4384 1841 4337 1842 4384 1842 4387 1842 4337 1843 4387 1843 4391 1843 4337 1844 4391 1844 4395 1844 4337 1845 4395 1845 4398 1845 4337 1846 4398 1846 4323 1846 4337 1847 4323 1847 4320 1847 4371 1848 4365 1848 4402 1848 4369 1849 4401 1849 4405 1849 4370 1850 4406 1850 4410 1850 4413 1851 4417 1851 4424 1851 4413 1852 4424 1852 4430 1852 4413 1853 4430 1853 4433 1853 4413 1854 4433 1854 4436 1854 4414 1855 4437 1855 4265 1855 4424 1856 4417 1856 4440 1856 4426 1857 4441 1857 4445 1857 4424 1858 4444 1858 4448 1858 4424 1859 4448 1859 4451 1859 4424 1860 4451 1860 4454 1860 4424 1861 4454 1861 4457 1861 4424 1862 4457 1862 4460 1862 4424 1863 4460 1863 4094 1863 4425 1864 4095 1864 4091 1864 4463 1865 4466 1865 4469 1865 4463 1866 4469 1866 4472 1866 4463 1867 4472 1867 4475 1867 4463 1868 4475 1868 4098 1868 4463 1869 4098 1869 4094 1869 4333 1870 4329 1870 4478 1870 4333 1871 4478 1871 4481 1871 4333 1872 4481 1872 4484 1872 4333 1873 4484 1873 4466 1873 4333 1874 4466 1874 4463 1874 4264 1875 4260 1875 4488 1875 4264 1876 4488 1876 4491 1876 4264 1877 4491 1877 4494 1877 4264 1878 4494 1878 4497 1878 4264 1879 4497 1879 4500 1879 4264 1880 4500 1880 4503 1880 4264 1881 4503 1881 4506 1881 4264 1882 4506 1882 4509 1882 4264 1883 4509 1883 4512 1883 4264 1884 4512 1884 4515 1884 4264 1885 4515 1885 4518 1885 4264 1886 4518 1886 4521 1886 4264 1887 4521 1887 4524 1887 4264 1888 4524 1888 4527 1888 4264 1889 4527 1889 4531 1889 4264 1890 4531 1890 4413 1890 4423 1891 4534 1891 4538 1891 4424 1892 4539 1892 4542 1892 4424 1893 4542 1893 4545 1893 4424 1894 4545 1894 4549 1894 4424 1895 4549 1895 4552 1895 4424 1896 4552 1896 4557 1896 4421 1897 4556 1897 4136 1897 4424 1898 4137 1898 4132 1898 4424 1899 4132 1899 4560 1899 4424 1900 4560 1900 4563 1900 4424 1901 4563 1901 4566 1901 4424 1902 4566 1902 4569 1902 4424 1903 4569 1903 4572 1903 4426 1904 4573 1904 4577 1904 4422 1905 4576 1905 4580 1905 4426 1906 4581 1906 4586 1906 4420 1907 4585 1907 4429 1907 4398 1908 4589 1908 4592 1908 4398 1909 4592 1909 4595 1909 4398 1910 4595 1910 4598 1910 4398 1911 4598 1911 4601 1911 4398 1912 4601 1912 4323 1912 4342 1913 4337 1913 4605 1913 4342 1914 4605 1914 4608 1914 4343 1915 4609 1915 4613 1915 4342 1916 4612 1916 4616 1916 4342 1917 4616 1917 4619 1917 4342 1918 4619 1918 4622 1918 4342 1919 4622 1919 4625 1919 4286 1920 4278 1920 4630 1920 4281 1921 4629 1921 4634 1921 4284 1922 4635 1922 4638 1922 4284 1923 4638 1923 4641 1923 4285 1924 4642 1924 4646 1924 4284 1925 4645 1925 4649 1925 4284 1926 4649 1926 4652 1926 4284 1927 4652 1927 4656 1927 4284 1928 4656 1928 4132 1928 4284 1929 4132 1929 4164 1929 4283 1930 4163 1930 4659 1930 4284 1931 4660 1931 4663 1931 4284 1932 4663 1932 4666 1932 4284 1933 4666 1933 4670 1933 4284 1934 4670 1934 4673 1934 4284 1935 4673 1935 4677 1935 4283 1936 4676 1936 4680 1936 4212 1937 4206 1937 4685 1937 4211 1938 4684 1938 4688 1938 4212 1939 4689 1939 4692 1939 4212 1940 4692 1940 4115 1940 4212 1941 4115 1941 4112 1941 4341 1942 4695 1942 4699 1942 4341 1943 4699 1943 4702 1943 4342 1944 4703 1944 4707 1944 4341 1945 4706 1945 4711 1945 4342 1946 4712 1946 4715 1946 4342 1947 4715 1947 4718 1947 4342 1948 4718 1948 4197 1948 4342 1949 4197 1949 4229 1949 4282 1950 4121 1950 4128 1950 4284 1951 4129 1951 4721 1951 4284 1952 4721 1952 4724 1952 4284 1953 4724 1953 4727 1953 4284 1954 4727 1954 4730 1954 4284 1955 4730 1955 4733 1955 4284 1956 4733 1956 4736 1956 4284 1957 4736 1957 4739 1957 4284 1958 4739 1958 4289 1958 4742 1959 4129 1959 4125 1959 4742 1960 4125 1960 4746 1960 4743 1961 4747 1961 4751 1961 4742 1962 4750 1962 4754 1962 4742 1963 4754 1963 4757 1963 4742 1964 4757 1964 4760 1964 4742 1965 4760 1965 4763 1965 4763 1966 4760 1966 4766 1966 4763 1967 4766 1967 4769 1967 4763 1968 4769 1968 4773 1968 4763 1969 4773 1969 4255 1969 4763 1970 4255 1970 4251 1970 4068 1971 4072 1971 4776 1971 4776 1972 4072 1972 4781 1972 4777 1973 4782 1973 4786 1973 4776 1974 4785 1974 4086 1974 4087 1975 4786 1975 4789 1975 4087 1976 4789 1976 4079 1976 4369 1977 4409 1977 4792 1977 4792 1978 4409 1978 4795 1978 4792 1979 4795 1979 4068 1979 4069 1980 4796 1980 4801 1980 4068 1981 4800 1981 4061 1981 4539 1982 4535 1982 4108 1982 4108 1983 4535 1983 4804 1983 4108 1984 4804 1984 4101 1984 4108 1985 4105 1985 4808 1985 4807 1986 4104 1986 4811 1986 4808 1987 4812 1987 4816 1987 4808 1988 4816 1988 4589 1988 4589 1989 4816 1989 4819 1989 4589 1990 4819 1990 4592 1990 4681 1991 4677 1991 4823 1991 4823 1992 4677 1992 4827 1992 4822 1993 4826 1993 4830 1993 4834 1994 4837 1994 4827 1994 4827 1995 4837 1995 4840 1995 4827 1996 4840 1996 4831 1996 4112 1997 4118 1997 4834 1997 4834 1998 4118 1998 4843 1998 4834 1999 4843 1999 4837 1999 2547 2000 4148 2000 2550 2000 2552 2001 4150 2001 4146 2001 2552 2002 4146 2002 2554 2002 2555 2003 4147 2003 4143 2003 2555 2004 4143 2004 2557 2004 2558 2005 4144 2005 4139 2005 2558 2006 4139 2006 2561 2006 2562 2007 4140 2007 4558 2007 2562 2008 4558 2008 2834 2008 2835 2009 4559 2009 4553 2009 2836 2010 4554 2010 2838 2010 2839 2011 4555 2011 4550 2011 2839 2012 4550 2012 2841 2012 2842 2013 4551 2013 4546 2013 2843 2014 4547 2014 2845 2014 2846 2015 4548 2015 4543 2015 2846 2016 4543 2016 2848 2016 2849 2017 4544 2017 4540 2017 2849 2018 4540 2018 2852 2018 2853 2019 4541 2019 4109 2019 2854 2020 4110 2020 3027 2020 3028 2021 4111 2021 4809 2021 3028 2022 4809 2022 3033 2022 4148 2023 2547 2023 4151 2023 4153 2024 2548 2024 2544 2024 4153 2025 2544 2025 4155 2025 4156 2026 2545 2026 2540 2026 4156 2027 2540 2027 4158 2027 4159 2028 2541 2028 2536 2028 4159 2029 2536 2029 4161 2029 4162 2030 2537 2030 2532 2030 4162 2031 2532 2031 4165 2031 4166 2032 2533 2032 2892 2032 4166 2033 2892 2033 4661 2033 4662 2034 2893 2034 2888 2034 4662 2035 2888 2035 4664 2035 4665 2036 2889 2036 2885 2036 4665 2037 2885 2037 4667 2037 4668 2038 2886 2038 2881 2038 4669 2039 2882 2039 4671 2039 4672 2040 2883 2040 2878 2040 4672 2041 2878 2041 4674 2041 4675 2042 2879 2042 2874 2042 4675 2043 2874 2043 4678 2043 4679 2044 2875 2044 2520 2044 4679 2045 2520 2045 4828 2045 4829 2046 2521 2046 3049 2046 4829 2047 3049 2047 4836 2047 2464 2048 4779 2048 3002 2048 3001 2049 4778 2049 4088 2049 3001 2050 4088 2050 2993 2050 2994 2051 4089 2051 4084 2051 2994 2052 4084 2052 2986 2052 2987 2053 4085 2053 4178 2053 2987 2054 4178 2054 2479 2054 2480 2055 4179 2055 4175 2055 2480 2056 4175 2056 2482 2056 2483 2057 4176 2057 4194 2057 2484 2058 4195 2058 2658 2058 2659 2059 4196 2059 4191 2059 2659 2060 4191 2060 2661 2060 2662 2061 4192 2061 4187 2061 2662 2062 4187 2062 2665 2062 2666 2063 4188 2063 4217 2063 2666 2064 4217 2064 2669 2064 2670 2065 4218 2065 4213 2065 2671 2066 4214 2066 2674 2066 2675 2067 4215 2067 4113 2067 2675 2068 4113 2068 2928 2068 2929 2069 4114 2069 4835 2069 2929 2070 4835 2070 3048 2070 4780 2071 2465 2071 4070 2071 4071 2072 2469 2072 2493 2072 4071 2073 2493 2073 4793 2073 4794 2074 2494 2074 2598 2074 4794 2075 2598 2075 4372 2075 4373 2076 2599 2076 2595 2076 4373 2077 2595 2077 4375 2077 4376 2078 2596 2078 2592 2078 4376 2079 2592 2079 4378 2079 4380 2080 2593 2080 2589 2080 4379 2081 2588 2081 4382 2081 4383 2082 2590 2082 2585 2082 4383 2083 2585 2083 4385 2083 4386 2084 2586 2084 2582 2084 4386 2085 2582 2085 4388 2085 4390 2086 2583 2086 2579 2086 4389 2087 2578 2087 4392 2087 4393 2088 2580 2088 2574 2088 4394 2089 2575 2089 4396 2089 4397 2090 2576 2090 2571 2090 4397 2091 2571 2091 4399 2091 4400 2092 2572 2092 2500 2092 4400 2093 2500 2093 4590 2093 4591 2094 2501 2094 3034 2094 4591 2095 3034 2095 4810 2095 2799 2096 4603 2096 2858 2096 2859 2097 4604 2097 4599 2097 2859 2098 4599 2098 2862 2098 2863 2099 4600 2099 4596 2099 2863 2100 4596 2100 2866 2100 2867 2101 4597 2101 4593 2101 2867 2102 4593 2102 2502 2102 2503 2103 4594 2103 4820 2103 2503 2104 4820 2104 2506 2104 2507 2105 4821 2105 4817 2105 2507 2106 4817 2106 3041 2106 4602 2107 2798 2107 4324 2107 4325 2108 2802 2108 2796 2108 4325 2109 2796 2109 4327 2109 4328 2110 2797 2110 2792 2110 4328 2111 2792 2111 4330 2111 4331 2112 2793 2112 2787 2112 4332 2113 2788 2113 4479 2113 4480 2114 2789 2114 2784 2114 4480 2115 2784 2115 4482 2115 4483 2116 2785 2116 2781 2116 4483 2117 2781 2117 4485 2117 4487 2118 2782 2118 2779 2118 4486 2119 2778 2119 4468 2119 2729 2120 4092 2120 2732 2120 2733 2121 4093 2121 4099 2121 2733 2122 4099 2122 2736 2122 2737 2123 4100 2123 4476 2123 2737 2124 4476 2124 2740 2124 2741 2125 4477 2125 4473 2125 2741 2126 4473 2126 2770 2126 2771 2127 4474 2127 4470 2127 2771 2128 4470 2128 2774 2128 2775 2129 4471 2129 4467 2129 2775 2130 4467 2130 2777 2130 4092 2131 2729 2131 4428 2131 4427 2132 2723 2132 2855 2132 4427 2133 2855 2133 4536 2133 4537 2134 2856 2134 3022 2134 4537 2135 3022 2135 4805 2135 4806 2136 3023 2136 3029 2136 4806 2137 3029 2137 4102 2137 4103 2138 3030 2138 3038 2138 4103 2139 3038 2139 4106 2139 4107 2140 3039 2140 3035 2140 4107 2141 3035 2141 4813 2141 4815 2142 3036 2142 3043 2142 4814 2143 3042 2143 4818 2143 2945 2144 4257 2144 2949 2144 2950 2145 4258 2145 4774 2145 2950 2146 4774 2146 2953 2146 2954 2147 4775 2147 4770 2147 2955 2148 4771 2148 2958 2148 2959 2149 4772 2149 4767 2149 2959 2150 4767 2150 2962 2150 2963 2151 4768 2151 4761 2151 2963 2152 4761 2152 2965 2152 2966 2153 4762 2153 4758 2153 2966 2154 4758 2154 2968 2154 4257 2155 2945 2155 4208 2155 4209 2156 2948 2156 2942 2156 4210 2157 2943 2157 4686 2157 4687 2158 2944 2158 2938 2158 4687 2159 2938 2159 4690 2159 4691 2160 2939 2160 2935 2160 4691 2161 2935 2161 4693 2161 4694 2162 2936 2162 2932 2162 4694 2163 2932 2163 4116 2163 4117 2164 2933 2164 3059 2164 4117 2165 3059 2165 4119 2165 4120 2166 3060 2166 3057 2166 4120 2167 3057 2167 4846 2167 2760 2168 4682 2168 2872 2168 2873 2169 4683 2169 4824 2169 2873 2170 4824 2170 3046 2170 3047 2171 4825 2171 4832 2171 3047 2172 4832 2172 2515 2172 2516 2173 4833 2173 4841 2173 2516 2174 4841 2174 2518 2174 2519 2175 4842 2175 4838 2175 2519 2176 4838 2176 3052 2176 3053 2177 4839 2177 4844 2177 3054 2178 4845 2178 3056 2178 4682 2179 2760 2179 4288 2179 4287 2180 2754 2180 2750 2180 4287 2181 2750 2181 4123 2181 4124 2182 2751 2182 2746 2182 4124 2183 2746 2183 4126 2183 4127 2184 2747 2184 2742 2184 4127 2185 2742 2185 4748 2185 4749 2186 2743 2186 2976 2186 4749 2187 2976 2187 4752 2187 4753 2188 2977 2188 2972 2188 4753 2189 2972 2189 4755 2189 4756 2190 2973 2190 2969 2190 4756 2191 2969 2191 4759 2191 2917 2192 4637 2192 2922 2192 2921 2193 4636 2193 4633 2193 2920 2194 4632 2194 2925 2194 2924 2195 4631 2195 4280 2195 2924 2196 4280 2196 2696 2196 2695 2197 4279 2197 4275 2197 2695 2198 4275 2198 2703 2198 2702 2199 4274 2199 4271 2199 2702 2200 4271 2200 2707 2200 2706 2201 4270 2201 4266 2201 2706 2202 4266 2202 2710 2202 4637 2203 2917 2203 4640 2203 4639 2204 2916 2204 2913 2204 4639 2205 2913 2205 4644 2205 4643 2206 2912 2206 2910 2206 4643 2207 2910 2207 4648 2207 4647 2208 2909 2208 2906 2208 4647 2209 2906 2209 4651 2209 4650 2210 2905 2210 2902 2210 4650 2211 2902 2211 4655 2211 4654 2212 2901 2212 2898 2212 4653 2213 2897 2213 4658 2213 4657 2214 2896 2214 2527 2214 4657 2215 2527 2215 4134 2215 2814 2216 4575 2216 2817 2216 2816 2217 4574 2217 4571 2217 2816 2218 4571 2218 2821 2218 2820 2219 4570 2219 4568 2219 2820 2220 4568 2220 2825 2220 2824 2221 4567 2221 4565 2221 2824 2222 4565 2222 2828 2222 2827 2223 4564 2223 4562 2223 2827 2224 4562 2224 2831 2224 2830 2225 4561 2225 4135 2225 2830 2226 4135 2226 2531 2226 4575 2227 2814 2227 4579 2227 4578 2228 2813 2228 2811 2228 4578 2229 2811 2229 4584 2229 4583 2230 2810 2230 2807 2230 4582 2231 2806 2231 4588 2231 4587 2232 2805 2232 2722 2232 4587 2233 2722 2233 4432 2233 4431 2234 2721 2234 2718 2234 4431 2235 2718 2235 4435 2235 4434 2236 2717 2236 2715 2236 4434 2237 2715 2237 4439 2237 4438 2238 2714 2238 2712 2238 4438 2239 2712 2239 4267 2239 2602 2240 4363 2240 2605 2240 2604 2241 4362 2241 4360 2241 2604 2242 4360 2242 2608 2242 2607 2243 4359 2243 4357 2243 2607 2244 4357 2244 2611 2244 2610 2245 4356 2245 4353 2245 2610 2246 4353 2246 2614 2246 2613 2247 4352 2247 4349 2247 2613 2248 4349 2248 2617 2248 2616 2249 4348 2249 4232 2249 2616 2250 4232 2250 2620 2250 4363 2251 2602 2251 4368 2251 4366 2252 2601 2252 2766 2252 4367 2253 2767 2253 4404 2253 4403 2254 2765 2254 2763 2254 4403 2255 2763 2255 4408 2255 4407 2256 2762 2256 2497 2256 4407 2257 2497 2257 4412 2257 4411 2258 2496 2258 2513 2258 4411 2259 2513 2259 4799 2259 4798 2260 2512 2260 2478 2260 4797 2261 2477 2261 4803 2261 4802 2262 2476 2262 2463 2262 4802 2263 2463 2263 4063 2263 2990 2264 4791 2264 2998 2264 2997 2265 4790 2265 4788 2265 2997 2266 4788 2266 3006 2266 3005 2267 4787 2267 4784 2267 3005 2268 4784 2268 3012 2268 3011 2269 4783 2269 4076 2269 3010 2270 4075 2270 2524 2270 2523 2271 4074 2271 4067 2271 2523 2272 4067 2272 2471 2272 2470 2273 4066 2273 4062 2273 2470 2274 4062 2274 2461 2274 4791 2275 2990 2275 4081 2275 4080 2276 2989 2276 2489 2276 4080 2277 2489 2277 4172 2277 4170 2278 2488 2278 2652 2278 4171 2279 2653 2279 4184 2279 4183 2280 2651 2280 2648 2280 4183 2281 2648 2281 4221 2281 4220 2282 2647 2282 2644 2282 4220 2283 2644 2283 4224 2283 4223 2284 2643 2284 2640 2284 4223 2285 2640 2285 4228 2285 4227 2286 2639 2286 2618 2286 4227 2287 2618 2287 4231 2287 4344 2288 2447 2288 4698 2288 4696 2289 2446 2289 2441 2289 4697 2290 2442 2290 4700 2290 4701 2291 2443 2291 2438 2291 4701 2292 2438 2292 4704 2292 4705 2293 2439 2293 2435 2293 4705 2294 2435 2294 4708 2294 4709 2295 2436 2295 2431 2295 4710 2296 2432 2296 4713 2296 4714 2297 2433 2297 2428 2297 4714 2298 2428 2298 4716 2298 4717 2299 2429 2299 2425 2299 4717 2300 2425 2300 4719 2300 4720 2301 2426 2301 2422 2301 4720 2302 2422 2302 4199 2302 4200 2303 2423 2303 2418 2303 4201 2304 2419 2304 4203 2304 4205 2305 2420 2305 2415 2305 4204 2306 2414 2306 4234 2306 4235 2307 2416 2307 2411 2307 4235 2308 2411 2308 4237 2308 4238 2309 2412 2309 2408 2309 4238 2310 2408 2310 4240 2310 4241 2311 2409 2311 2405 2311 4241 2312 2405 2312 4243 2312 4244 2313 2406 2313 2402 2313 4244 2314 2402 2314 4246 2314 4247 2315 2403 2315 2399 2315 4247 2316 2399 2316 4249 2316 4250 2317 2400 2317 2396 2317 4250 2318 2396 2318 4253 2318 4254 2319 2397 2319 2393 2319 4254 2320 2393 2320 4764 2320 4765 2321 2394 2321 2390 2321 4765 2322 2390 2322 4744 2322 2447 2323 4344 2323 2271 2323 2273 2324 4345 2324 4627 2324 2272 2325 4626 2325 2275 2325 2276 2326 4628 2326 4623 2326 2276 2327 4623 2327 2278 2327 2279 2328 4624 2328 4620 2328 2279 2329 4620 2329 2281 2329 2282 2330 4621 2330 4617 2330 2282 2331 4617 2331 2284 2331 2285 2332 4618 2332 4614 2332 2285 2333 4614 2333 2287 2333 2288 2334 4615 2334 4610 2334 2288 2335 4610 2335 2290 2335 2291 2336 4611 2336 4606 2336 2291 2337 4606 2337 2293 2337 2294 2338 4607 2338 4339 2338 2294 2339 4339 2339 2296 2339 2297 2340 4340 2340 4321 2340 2297 2341 4321 2341 2299 2341 2300 2342 4322 2342 4318 2342 2300 2343 4318 2343 2302 2343 2303 2344 4319 2344 4314 2344 2303 2345 4314 2345 2305 2345 2306 2346 4315 2346 4310 2346 2306 2347 4310 2347 2308 2347 2309 2348 4311 2348 4306 2348 2309 2349 4306 2349 2312 2349 2313 2350 4307 2350 4302 2350 2313 2351 4302 2351 2316 2351 2317 2352 4303 2352 4298 2352 2317 2353 4298 2353 2342 2353 2343 2354 4299 2354 4295 2354 2343 2355 4295 2355 2345 2355 2346 2356 4296 2356 4334 2356 2346 2357 4334 2357 2348 2357 2349 2358 4335 2358 4465 2358 2349 2359 4465 2359 2352 2359 4510 2360 2187 2360 4513 2360 4514 2361 2188 2361 2183 2361 4514 2362 2183 2362 4516 2362 4517 2363 2184 2363 2180 2363 4517 2364 2180 2364 4519 2364 4520 2365 2181 2365 2176 2365 4520 2366 2176 2366 4522 2366 4523 2367 2177 2367 2172 2367 4523 2368 2172 2368 4525 2368 4526 2369 2173 2369 2169 2369 4526 2370 2169 2370 4528 2370 4529 2371 2170 2371 2165 2371 4530 2372 2166 2372 4532 2372 4533 2373 2167 2373 2162 2373 4533 2374 2162 2374 4415 2374 4416 2375 2163 2375 2159 2375 4416 2376 2159 2376 4418 2376 4419 2377 2160 2377 2156 2377 4419 2378 2156 2378 4442 2378 4443 2379 2157 2379 2153 2379 4443 2380 2153 2380 4446 2380 4447 2381 2154 2381 2150 2381 4447 2382 2150 2382 4449 2382 4450 2383 2151 2383 2368 2383 4450 2384 2368 2384 4452 2384 4453 2385 2369 2385 2365 2385 4453 2386 2365 2386 4455 2386 4456 2387 2366 2387 2362 2387 4456 2388 2362 2388 4458 2388 4459 2389 2363 2389 2358 2389 4459 2390 2358 2390 4461 2390 4462 2391 2359 2391 2354 2391 4462 2392 2354 2392 4096 2392 4097 2393 2355 2393 2351 2393 4097 2394 2351 2394 4464 2394 2187 2395 4510 2395 2191 2395 2192 2396 4511 2396 4507 2396 2192 2397 4507 2397 2194 2397 2195 2398 4508 2398 4504 2398 2195 2399 4504 2399 2197 2399 2198 2400 4505 2400 4501 2400 2198 2401 4501 2401 2200 2401 2201 2402 4502 2402 4498 2402 2201 2403 4498 2403 2203 2403 2204 2404 4499 2404 4495 2404 2204 2405 4495 2405 2206 2405 2207 2406 4496 2406 4492 2406 2207 2407 4492 2407 2209 2407 2210 2408 4493 2408 4489 2408 2210 2409 4489 2409 2212 2409 2213 2410 4490 2410 4262 2410 2213 2411 4262 2411 2215 2411 2216 2412 4263 2412 4290 2412 2216 2413 4290 2413 2218 2413 2219 2414 4291 2414 4740 2414 2219 2415 4740 2415 2221 2415 2222 2416 4741 2416 4737 2416 2222 2417 4737 2417 2225 2417 2226 2418 4738 2418 4734 2418 2226 2419 4734 2419 2230 2419 2231 2420 4735 2420 4731 2420 2231 2421 4731 2421 2372 2421 2373 2422 4732 2422 4728 2422 2373 2423 4728 2423 2376 2423 2377 2424 4729 2424 4725 2424 2377 2425 4725 2425 2379 2425 2380 2426 4726 2426 4722 2426 2380 2427 4722 2427 2383 2427 2384 2428 4723 2428 4130 2428 2384 2429 4130 2429 2387 2429 2388 2430 4131 2430 4745 2430 2388 2431 4745 2431 2391 2431 4847 2432 1588 2432 4850 2432 4851 2433 1589 2433 1983 2433 4851 2434 1983 2434 4855 2434 4856 2435 1984 2435 1974 2435 4857 2436 1975 2436 4861 2436 4862 2437 1976 2437 1966 2437 4862 2438 1966 2438 4865 2438 4866 2439 1967 2439 1958 2439 4867 2440 1959 2440 4869 2440 4870 2441 1960 2441 1951 2441 4871 2442 1952 2442 4874 2442 4875 2443 1953 2443 1946 2443 4875 2444 1946 2444 4878 2444 1588 2445 4847 2445 1593 2445 1594 2446 4848 2446 4880 2446 1594 2447 4880 2447 1753 2447 1754 2448 4881 2448 4884 2448 1754 2449 4884 2449 1757 2449 1759 2450 4885 2450 4890 2450 1758 2451 4889 2451 1762 2451 1764 2452 4891 2452 4895 2452 1763 2453 4894 2453 1766 2453 1767 2454 4896 2454 4898 2454 1767 2455 4898 2455 1508 2455 1510 2456 4899 2456 4903 2456 1509 2457 4902 2457 1513 2457 1514 2458 4904 2458 4907 2458 1515 2459 4908 2459 1517 2459 4912 2460 1541 2460 4914 2460 4915 2461 1542 2461 1537 2461 4915 2462 1537 2462 4919 2462 4920 2463 1538 2463 1533 2463 4920 2464 1533 2464 4924 2464 4925 2465 1534 2465 1529 2465 4925 2466 1529 2466 4928 2466 4930 2467 1530 2467 1525 2467 4929 2468 1524 2468 4933 2468 4934 2469 1526 2469 1520 2469 4934 2470 1520 2470 4937 2470 4938 2471 1521 2471 1518 2471 4938 2472 1518 2472 4909 2472 1541 2473 4912 2473 1552 2473 1551 2474 4911 2474 4940 2474 1551 2475 4940 2475 1892 2475 1893 2476 4941 2476 4944 2476 1893 2477 4944 2477 1902 2477 1904 2478 4945 2478 4950 2478 1903 2479 4949 2479 1912 2479 1914 2480 4951 2480 4955 2480 1913 2481 4954 2481 1921 2481 1923 2482 4956 2482 4961 2482 1922 2483 4960 2483 1929 2483 1930 2484 4962 2484 4966 2484 1930 2485 4966 2485 1937 2485 1938 2486 4967 2486 4877 2486 1938 2487 4877 2487 1945 2487 4971 2488 1887 2488 4973 2488 4974 2489 1888 2489 1897 2489 4974 2490 1897 2490 4978 2490 4980 2491 1898 2491 1908 2491 4979 2492 1907 2492 4983 2492 4984 2493 1909 2493 1917 2493 4984 2494 1917 2494 4987 2494 4988 2495 1918 2495 1926 2495 4988 2496 1926 2496 4991 2496 4992 2497 1927 2497 1933 2497 4992 2498 1933 2498 4994 2498 4995 2499 1934 2499 1942 2499 4996 2500 1943 2500 4999 2500 1887 2501 4971 2501 1646 2501 1645 2502 4970 2502 5001 2502 1645 2503 5001 2503 1650 2503 1651 2504 5002 2504 5005 2504 1651 2505 5005 2505 1654 2505 1655 2506 5006 2506 5010 2506 1655 2507 5010 2507 1598 2507 1600 2508 5011 2508 5015 2508 1599 2509 5014 2509 1604 2509 1605 2510 5016 2510 5019 2510 1605 2511 5019 2511 1608 2511 1609 2512 5020 2512 5022 2512 1609 2513 5022 2513 1612 2513 1614 2514 5023 2514 5026 2514 1613 2515 5025 2515 1617 2515 5029 2516 1641 2516 5032 2516 5033 2517 1642 2517 1637 2517 5033 2518 1637 2518 5037 2518 5039 2519 1638 2519 1634 2519 5038 2520 1633 2520 5043 2520 5044 2521 1635 2521 1630 2521 5044 2522 1630 2522 5047 2522 5048 2523 1631 2523 1625 2523 5049 2524 1626 2524 5052 2524 5053 2525 1627 2525 1621 2525 5053 2526 1621 2526 5056 2526 5057 2527 1622 2527 1618 2527 5057 2528 1618 2528 5027 2528 1641 2529 5029 2529 1576 2529 1577 2530 5030 2530 5060 2530 1577 2531 5060 2531 1583 2531 1584 2532 5061 2532 5064 2532 1584 2533 5064 2533 1979 2533 1980 2534 5065 2534 5069 2534 1980 2535 5069 2535 1969 2535 1970 2536 5070 2536 5073 2536 1971 2537 5074 2537 1962 2537 1963 2538 5075 2538 5078 2538 1964 2539 5079 2539 1955 2539 1956 2540 5080 2540 5082 2540 1956 2541 5082 2541 1948 2541 1949 2542 5083 2542 4998 2542 1949 2543 4998 2543 1941 2543 5087 2544 1821 2544 5089 2544 5090 2545 1822 2545 1987 2545 5090 2546 1987 2546 5094 2546 5095 2547 1988 2547 1995 2547 5095 2548 1995 2548 5099 2548 5100 2549 1996 2549 2005 2549 5100 2550 2005 2550 5104 2550 5105 2551 2006 2551 2012 2551 5105 2552 2012 2552 5108 2552 5109 2553 2013 2553 2018 2553 5109 2554 2018 2554 5112 2554 5113 2555 2019 2555 2025 2555 5113 2556 2025 2556 5117 2556 1821 2557 5087 2557 1770 2557 1769 2558 5086 2558 5119 2558 1769 2559 5119 2559 1776 2559 1777 2560 5120 2560 5123 2560 1777 2561 5123 2561 1878 2561 1879 2562 5124 2562 5128 2562 1879 2563 5128 2563 1882 2563 1884 2564 5129 2564 5133 2564 1883 2565 5132 2565 1825 2565 1826 2566 5134 2566 5137 2566 1826 2567 5137 2567 1830 2567 1832 2568 5138 2568 5142 2568 1831 2569 5141 2569 1835 2569 1836 2570 5143 2570 5146 2570 1837 2571 5147 2571 1840 2571 5150 2572 1868 2572 5153 2572 5155 2573 1869 2573 1864 2573 5154 2574 1863 2574 5158 2574 5159 2575 1865 2575 1858 2575 5160 2576 1859 2576 5164 2576 5165 2577 1860 2577 1854 2577 5165 2578 1854 2578 5168 2578 5169 2579 1855 2579 1849 2579 5170 2580 1850 2580 5173 2580 5175 2581 1851 2581 1845 2581 5174 2582 1844 2582 5178 2582 5179 2583 1846 2583 1841 2583 5179 2584 1841 2584 5148 2584 1868 2585 5150 2585 1872 2585 1873 2586 5151 2586 5181 2586 1873 2587 5181 2587 2078 2587 2080 2588 5182 2588 5186 2588 2079 2589 5185 2589 2068 2589 2069 2590 5187 2590 5190 2590 2069 2591 5190 2591 2057 2591 2058 2592 5191 2592 5194 2592 2059 2593 5195 2593 2048 2593 2049 2594 5196 2594 5200 2594 2049 2595 5200 2595 2040 2595 2041 2596 5201 2596 5205 2596 2041 2597 5205 2597 2030 2597 2031 2598 5206 2598 5115 2598 2032 2599 5116 2599 2024 2599 5209 2600 2084 2600 5212 2600 5213 2601 2085 2601 2073 2601 5213 2602 2073 2602 5217 2602 5219 2603 2074 2603 2063 2603 5218 2604 2062 2604 5222 2604 5224 2605 2064 2605 2053 2605 5223 2606 2052 2606 5227 2606 5228 2607 2054 2607 2044 2607 5228 2608 2044 2608 5231 2608 5233 2609 2045 2609 2036 2609 5232 2610 2035 2610 5235 2610 5236 2611 2037 2611 2028 2611 5236 2612 2028 2612 5239 2612 2084 2613 5209 2613 1498 2613 1499 2614 5210 2614 5241 2614 1499 2615 5241 2615 1718 2615 1719 2616 5242 2616 5245 2616 1720 2617 5246 2617 1722 2617 1723 2618 5247 2618 5251 2618 1724 2619 5252 2619 1727 2619 1728 2620 5253 2620 5256 2620 1729 2621 5257 2621 1732 2621 1734 2622 5258 2622 5262 2622 1733 2623 5261 2623 1736 2623 1737 2624 5263 2624 5265 2624 1738 2625 5266 2625 1741 2625 1743 2626 5267 2626 5270 2626 1742 2627 5269 2627 1745 2627 5274 2628 1688 2628 5276 2628 5277 2629 1689 2629 1684 2629 5277 2630 1684 2630 5281 2630 5282 2631 1685 2631 1680 2631 5282 2632 1680 2632 5286 2632 5287 2633 1681 2633 1676 2633 5287 2634 1676 2634 5290 2634 5291 2635 1677 2635 1671 2635 5291 2636 1671 2636 5294 2636 5295 2637 1672 2637 1749 2637 5295 2638 1749 2638 5298 2638 5299 2639 1750 2639 1746 2639 5299 2640 1746 2640 5271 2640 1688 2641 5274 2641 1693 2641 1692 2642 5273 2642 5302 2642 1692 2643 5302 2643 1816 2643 1817 2644 5303 2644 5306 2644 1817 2645 5306 2645 1990 2645 1991 2646 5307 2646 5311 2646 1992 2647 5312 2647 2000 2647 2001 2648 5313 2648 5316 2648 2002 2649 5317 2649 2008 2649 2009 2650 5318 2650 5321 2650 2010 2651 5322 2651 2015 2651 2016 2652 5323 2652 5325 2652 2016 2653 5325 2653 2021 2653 2022 2654 5326 2654 5238 2654 2022 2655 5238 2655 2027 2655 4917 2656 4942 2656 4913 2656 4943 2657 4918 2657 4948 2657 4946 2658 4916 2658 4921 2658 4947 2659 4922 2659 4952 2659 4953 2660 4923 2660 4927 2660 4953 2661 4927 2661 4959 2661 4958 2662 4926 2662 4932 2662 4957 2663 4931 2663 4963 2663 4964 2664 4932 2664 4935 2664 4965 2665 4936 2665 4969 2665 4968 2666 4935 2666 4939 2666 4968 2667 4939 2667 4879 2667 4879 2668 4939 2668 4910 2668 4879 2669 4910 2669 4876 2669 4876 2670 4910 2670 4905 2670 4876 2671 4905 2671 4872 2671 4873 2672 4906 2672 4901 2672 4872 2673 4900 2673 4868 2673 4868 2674 4900 2674 4897 2674 4868 2675 4897 2675 4863 2675 4863 2676 4897 2676 4892 2676 4864 2677 4893 2677 4860 2677 4859 2678 4892 2678 4887 2678 4858 2679 4886 2679 4852 2679 4854 2680 4888 2680 4883 2680 4853 2681 4882 2681 4849 2681 4975 2682 5003 2682 4972 2682 5004 2683 4976 2683 5007 2683 5008 2684 4977 2684 4981 2684 5009 2685 4982 2685 5013 2685 5012 2686 4981 2686 4985 2686 5012 2687 4985 2687 5017 2687 5018 2688 4986 2688 4990 2688 5017 2689 4989 2689 5021 2689 5021 2690 4989 2690 4993 2690 5021 2691 4993 2691 5024 2691 5024 2692 4993 2692 4997 2692 5024 2693 4997 2693 5028 2693 5028 2694 4997 2694 5000 2694 5028 2695 5000 2695 5058 2695 5058 2696 5000 2696 5084 2696 5059 2697 5085 2697 5055 2697 5054 2698 5084 2698 5081 2698 5054 2699 5081 2699 5050 2699 5050 2700 5081 2700 5076 2700 5051 2701 5077 2701 5046 2701 5045 2702 5076 2702 5071 2702 5045 2703 5071 2703 5041 2703 5042 2704 5072 2704 5068 2704 5040 2705 5067 2705 5036 2705 5035 2706 5066 2706 5063 2706 5034 2707 5062 2707 5031 2707 5092 2708 5121 2708 5088 2708 5122 2709 5093 2709 5127 2709 5125 2710 5091 2710 5096 2710 5126 2711 5097 2711 5130 2711 5131 2712 5098 2712 5103 2712 5130 2713 5102 2713 5136 2713 5135 2714 5101 2714 5106 2714 5136 2715 5107 2715 5139 2715 5139 2716 5107 2716 5110 2716 5140 2717 5111 2717 5145 2717 5144 2718 5110 2718 5114 2718 5144 2719 5114 2719 5149 2719 5149 2720 5114 2720 5118 2720 5149 2721 5118 2721 5180 2721 5180 2722 5118 2722 5207 2722 5180 2723 5207 2723 5176 2723 5177 2724 5208 2724 5204 2724 5176 2725 5203 2725 5172 2725 5171 2726 5202 2726 5197 2726 5172 2727 5198 2727 5166 2727 5167 2728 5199 2728 5193 2728 5167 2712 5193 2712 5163 2712 5162 2729 5192 2729 5189 2729 5161 2730 5188 2730 5156 2730 5156 2731 5188 2731 5183 2731 5157 2732 5184 2732 5152 2732 5278 2733 5304 2733 5275 2733 5305 2734 5279 2734 5308 2734 5309 2735 5280 2735 5283 2735 5310 2736 5285 2736 5315 2736 5314 2737 5284 2737 5288 2737 5314 2738 5288 2738 5319 2738 5320 2739 5289 2739 5293 2739 5319 2740 5292 2740 5324 2740 5324 2741 5292 2741 5296 2741 5324 2742 5296 2742 5327 2742 5328 2743 5297 2743 5301 2743 5327 2744 5300 2744 5240 2744 5240 2745 5300 2745 5272 2745 5240 2746 5272 2746 5237 2746 5237 2747 5272 2747 5268 2747 5237 2748 5268 2748 5234 2748 5234 2749 5268 2749 5264 2749 5234 2750 5264 2750 5229 2750 5229 2751 5264 2751 5259 2751 5230 2752 5260 2752 5226 2752 5225 2753 5259 2753 5254 2753 5225 2754 5254 2754 5220 2754 5221 2755 5255 2755 5250 2755 5220 2756 5249 2756 5216 2756 5215 2757 5248 2757 5244 2757 5214 2758 5243 2758 5211 2758 609 2759 165 2759 1114 2759 1115 2760 166 2760 162 2760 1115 2761 162 2761 1052 2761 1053 2762 163 2762 159 2762 1053 2763 159 2763 1055 2763 1056 2764 160 2764 4 2764 1056 2765 4 2765 695 2765 696 2766 5 2766 200 2766 696 2767 200 2767 698 2767 699 2768 201 2768 398 2768 699 2769 398 2769 940 2769 941 2770 399 2770 502 2770 941 2771 502 2771 1089 2771 1090 2772 503 2772 496 2772 1090 2773 496 2773 1096 2773 1097 2774 497 2774 490 2774 1097 2775 490 2775 1102 2775 165 2776 609 2776 36 2776 35 2777 607 2777 1176 2777 35 2778 1176 2778 271 2778 272 2779 1177 2779 1060 2779 272 2780 1060 2780 274 2780 275 2781 1061 2781 1066 2781 275 2782 1066 2782 277 2782 278 2783 1067 2783 1069 2783 278 2784 1069 2784 96 2784 97 2785 1070 2785 1072 2785 97 2786 1072 2786 99 2786 100 2787 1073 2787 1163 2787 101 2788 1164 2788 550 2788 551 2789 1165 2789 1142 2789 551 2790 1142 2790 540 2790 541 2791 1143 2791 1148 2791 541 2792 1148 2792 533 2792 534 2793 1149 2793 1155 2793 534 2794 1155 2794 528 2794 581 2795 54 2795 621 2795 622 2796 55 2796 418 2796 622 2797 418 2797 982 2797 984 2798 419 2798 415 2798 983 2799 414 2799 986 2799 987 2800 416 2800 411 2800 987 2801 411 2801 989 2801 990 2802 412 2802 408 2802 990 2803 408 2803 992 2803 993 2804 409 2804 405 2804 993 2805 405 2805 995 2805 996 2806 406 2806 517 2806 996 2807 517 2807 1123 2807 1124 2808 518 2808 63 2808 1125 2809 64 2809 624 2809 625 2810 65 2810 527 2810 625 2811 527 2811 1154 2811 53 2812 580 2812 18 2812 20 2813 583 2813 590 2813 19 2814 589 2814 11 2814 12 2815 591 2815 864 2815 12 2816 864 2816 334 2816 335 2817 865 2817 861 2817 335 2818 861 2818 337 2818 338 2819 862 2819 858 2819 338 2820 858 2820 340 2820 341 2821 859 2821 855 2821 341 2822 855 2822 343 2822 344 2823 856 2823 930 2823 345 2824 931 2824 381 2824 382 2825 932 2825 601 2825 382 2826 601 2826 22 2826 23 2827 602 2827 1079 2827 23 2828 1079 2828 481 2828 482 2829 1080 2829 1103 2829 482 2830 1103 2830 491 2830</p>
        </triangles>
      </mesh>
    </geometry>
  </library_geometries>
  <library_visual_scenes>
    <visual_scene id="Scene" name="Scene">
      <node id="leg_a_001" name="leg_a.001" type="NODE">
        <matrix sid="transform">1 0 0 -7.45058e-9 0 1 0 0 0 0 1 0 0 0 0 1</matrix>
        <instance_geometry url="#Leg_A_002-mesh" name="leg_a.001"/>
      </node>
    </visual_scene>
  </library_visual_scenes>
  <scene>
    <instance_visual_scene url="#Scene"/>
  </scene>
</COLLADA>