<?xml version="1.0" encoding="utf-8"?>
<COLLADA xmlns="http://www.collada.org/2005/11/COLLADASchema" version="1.4.1" xmlns:xsi="http://www.w3.org/2001/XMLSchema-instance">
  <asset>
    <contributor>
      <author>Blender User</author>
      <authoring_tool>Blender 4.2.22 LTS commit date:2026-06-22, commit time:11:10, hash:88937221abfc</authoring_tool>
    </contributor>
    <created>2026-08-07T15:00:10</created>
    <modified>2026-08-07T15:00:10</modified>
    <unit name="meter" meter="1"/>
    <up_axis>Z_UP</up_axis>
  </asset>
  <library_images/>
  <library_geometries>
    <geometry id="Leg_B_004-mesh" name="Leg_B.004">
      <mesh>
        <source id="Leg_B_004-mesh-positions">
          <float_array id="Leg_B_004-mesh-positions-array" count="14394">0.01755714 -0.05706852 -0.01024997 0.01755714 -0.05706852 -0.01024997 0.01755714 -0.05706852 -0.01024997 0.01529729 -0.09750545 -0.01024997 0.01529729 -0.09750545 -0.01024997 0.01529729 -0.09750545 -0.01024997 0.01794773 -0.05007946 -0.01424998 0.01794773 -0.05007946 -0.01424998 0.01794773 -0.05007946 -0.01424998 0.01794773 -0.05007946 -0.01424998 0.01794773 -0.05007946 -0.01424998 0.01529538 -0.09753948 0.005155384 0.01529538 -0.09753948 0.005155384 0.01529538 -0.09753948 0.005155384 0.01529538 -0.09753948 0.005155384 0.01529729 -0.09750545 0.005414187 0.01529729 -0.09750545 0.005414187 0.01529729 -0.09750545 0.005414187 0.01529729 -0.09750545 0.01024997 0.01529729 -0.09750545 0.01024997 0.01529729 -0.09750545 0.01024997 0.01529729 -0.09750545 0.01024997 0.01755714 -0.05706852 0.01024997 0.01755714 -0.05706852 0.01024997 0.01755714 -0.05706852 0.01024997 0.01755714 -0.05706852 0.01024997 0.01794773 -0.05007946 0.01424998 0.01794773 -0.05007946 0.01424998 0.01794773 -0.05007946 0.01424998 0.01794773 -0.05007946 0.01424998 0.01794773 -0.05007946 0.01424998 0.0148788 -0.1049938 -0.002999961 0.0148788 -0.1049938 -0.002999961 0.0148788 -0.1049938 -0.002999961 0.0148788 -0.1049938 -0.009421527 0.0148788 -0.1049938 -0.009421527 0.0148788 -0.1049938 -0.009421527 0.01497644 -0.1032465 -0.004999995 0.01497644 -0.1032465 -0.004999995 0.01497644 -0.1032465 -0.004999995 0.01497644 -0.1032465 -0.004999995 0.01497852 -0.1032089 -0.004666209 0.01497852 -0.1032089 -0.004666209 0.01497852 -0.1032089 -0.004666209 0.01497852 -0.1032089 -0.004666209 0.01498472 -0.1030982 -0.004349172 0.01498472 -0.1030982 -0.004349172 0.01498472 -0.1030982 -0.004349172 0.01498472 -0.1030982 -0.004349172 0.01499468 -0.1029198 -0.004064738 0.01499468 -0.1029198 -0.004064738 0.01499468 -0.1029198 -0.004064738 0.01500797 -0.1026826 -0.003827214 0.01500797 -0.1026826 -0.003827214 0.01500797 -0.1026826 -0.003827214 0.01502382 -0.1023986 -0.003648519 0.01502382 -0.1023986 -0.003648519 0.01502382 -0.1023986 -0.003648519 0.01504153 -0.1020821 -0.003537595 0.01504153 -0.1020821 -0.003537595 0.01504153 -0.1020821 -0.003537595 0.01516258 -0.09991592 -0.002999961 0.01516258 -0.09991592 -0.002999961 0.01516258 -0.09991592 -0.002999961 0.01516258 -0.09991592 -0.002999961 0.01506012 -0.1017488 -0.003499984 0.01506012 -0.1017488 -0.003499984 0.01506012 -0.1017488 -0.003499984 0.01507878 -0.1014156 -0.003537595 0.01507878 -0.1014156 -0.003537595 0.01507878 -0.1014156 -0.003537595 0.01509642 -0.101099 -0.003648519 0.01509642 -0.101099 -0.003648519 0.01509642 -0.101099 -0.003648519 0.01511234 -0.1008151 -0.003827214 0.01511234 -0.1008151 -0.003827214 0.01511234 -0.1008151 -0.003827214 0.01511234 -0.1008151 -0.003827214 0.01512557 -0.1005779 -0.004064738 0.01512557 -0.1005779 -0.004064738 0.01512557 -0.1005779 -0.004064738 0.01512557 -0.1005779 -0.004064738 0.01513552 -0.1003994 -0.004349172 0.01513552 -0.1003994 -0.004349172 0.01513552 -0.1003994 -0.004349172 0.01514172 -0.1002887 -0.004666209 0.01514172 -0.1002887 -0.004666209 0.01514172 -0.1002887 -0.004666209 0.01514172 -0.1002887 -0.004666209 0.01514381 -0.1002511 -0.004999995 0.01514381 -0.1002511 -0.004999995 0.01514381 -0.1002511 -0.004999995 0.01514381 -0.1002511 -0.004999995 0.01528978 -0.0976392 -0.004914164 0.01528978 -0.0976392 -0.004914164 0.01528978 -0.0976392 -0.004914164 0.01528978 -0.0976392 -0.004914164 0.01528096 -0.09779787 -0.004707098 0.01528096 -0.09779787 -0.004707098 0.01528096 -0.09779787 -0.004707098 0.01528096 -0.09779787 -0.004707098 0.01520204 -0.0992099 -0.003292858 0.01520204 -0.0992099 -0.003292858 0.01520204 -0.0992099 -0.003292858 0.01519048 -0.09941673 -0.003133952 0.01519048 -0.09941673 -0.003133952 0.01519048 -0.09941673 -0.003133952 0.01519048 -0.09941673 -0.003133952 0.01517701 -0.09965753 -0.003034055 0.01517701 -0.09965753 -0.003034055 0.01517701 -0.09965753 -0.003034055 0.01529729 -0.09750545 -0.005414187 0.01529729 -0.09750545 -0.005414187 0.01529729 -0.09750545 -0.005414187 0.01529538 -0.09753948 -0.005155384 0.01529538 -0.09753948 -0.005155384 0.01529538 -0.09753948 -0.005155384 0.01529538 -0.09753948 -0.005155384 0.01514172 -0.1002887 -0.005333721 0.01514172 -0.1002887 -0.005333721 0.01514172 -0.1002887 -0.005333721 0.01513552 -0.1003994 -0.005650818 0.01513552 -0.1003994 -0.005650818 0.01513552 -0.1003994 -0.005650818 0.01513552 -0.1003994 -0.005650818 0.01512557 -0.1005779 -0.005935192 0.01512557 -0.1005779 -0.005935192 0.01512557 -0.1005779 -0.005935192 0.01511234 -0.1008151 -0.006172716 0.01511234 -0.1008151 -0.006172716 0.01511234 -0.1008151 -0.006172716 0.01509642 -0.101099 -0.006351411 0.01509642 -0.101099 -0.006351411 0.01509642 -0.101099 -0.006351411 0.01509642 -0.101099 -0.006351411 0.01510196 -0.101 -0.01424998 0.01510196 -0.101 -0.01424998 0.01510196 -0.101 -0.01424998 0.01510196 -0.101 -0.01424998 0.01510196 -0.101 -0.01424998 0.01771271 -0.05428522 -0.005333721 0.01771271 -0.05428522 -0.005333721 0.01771271 -0.05428522 -0.005333721 0.01771271 -0.05428522 -0.005333721 0.01771062 -0.05432277 -0.004999995 0.01771062 -0.05432277 -0.004999995 0.01771062 -0.05432277 -0.004999995 0.01771062 -0.05432277 -0.004999995 0.01771062 -0.05432277 -0.004999995 0.01771062 -0.05432277 0.004999995 0.01771062 -0.05432277 0.004999995 0.01771062 -0.05432277 0.004999995 0.01771062 -0.05432277 0.004999995 0.01771062 -0.05432277 0.004999995 0.01771271 -0.05428522 0.005333721 0.01771271 -0.05428522 0.005333721 0.01771271 -0.05428522 0.005333721 0.01771891 -0.05417448 0.005650818 0.01771891 -0.05417448 0.005650818 0.01771891 -0.05417448 0.005650818 0.01771891 -0.05417448 0.005650818 0.01771891 -0.05417448 0.005650818 0.01771891 -0.05417448 -0.005650818 0.01771891 -0.05417448 -0.005650818 0.01771891 -0.05417448 -0.005650818 0.01771891 -0.05417448 -0.005650818 0.01771891 -0.05417448 -0.005650818 0.01514381 -0.1002511 0.004999995 0.01514381 -0.1002511 0.004999995 0.01514381 -0.1002511 0.004999995 0.01514381 -0.1002511 0.004999995 0.01516258 -0.09991592 0.002999961 0.01516258 -0.09991592 0.002999961 0.01516258 -0.09991592 0.002999961 0.01517701 -0.09965753 0.003034055 0.01517701 -0.09965753 0.003034055 0.01517701 -0.09965753 0.003034055 0.01519048 -0.09941673 0.003133952 0.01519048 -0.09941673 0.003133952 0.01519048 -0.09941673 0.003133952 0.01520204 -0.0992099 0.003292858 0.01520204 -0.0992099 0.003292858 0.01520204 -0.0992099 0.003292858 0.01520204 -0.0992099 0.003292858 0.01528096 -0.09779787 0.004707098 0.01528096 -0.09779787 0.004707098 0.01528096 -0.09779787 0.004707098 0.01528978 -0.0976392 0.004914164 0.01528978 -0.0976392 0.004914164 0.01528978 -0.0976392 0.004914164 0.01528978 -0.0976392 0.004914164 0.01511234 -0.1008151 0.006172716 0.01511234 -0.1008151 0.006172716 0.01511234 -0.1008151 0.006172716 0.01511234 -0.1008151 0.006172716 0.01512557 -0.1005779 0.005935192 0.01512557 -0.1005779 0.005935192 0.01512557 -0.1005779 0.005935192 0.01512557 -0.1005779 0.005935192 0.01513552 -0.1003994 0.005650818 0.01513552 -0.1003994 0.005650818 0.01513552 -0.1003994 0.005650818 0.01514172 -0.1002887 0.005333721 0.01514172 -0.1002887 0.005333721 0.01514172 -0.1002887 0.005333721 0.01514172 -0.1002887 0.005333721 0.01510196 -0.101 0.01424998 0.01510196 -0.101 0.01424998 0.01510196 -0.101 0.01424998 0.01510196 -0.101 0.01424998 0.01510196 -0.101 0.01424998 0.01491147 -0.1044089 0.01083576 0.01491147 -0.1044089 0.01083576 0.01491147 -0.1044089 0.01083576 0.01497852 -0.1032089 0.005333721 0.01497852 -0.1032089 0.005333721 0.01497852 -0.1032089 0.005333721 0.01497852 -0.1032089 0.005333721 0.01497852 -0.1032089 0.005333721 0.01498472 -0.1030982 0.005650818 0.01498472 -0.1030982 0.005650818 0.01498472 -0.1030982 0.005650818 0.01498472 -0.1030982 0.005650818 0.01498472 -0.1030982 0.005650818 0.01499468 -0.1029198 0.005935192 0.01499468 -0.1029198 0.005935192 0.01499468 -0.1029198 0.005935192 0.01499468 -0.1029198 0.005935192 0.01500797 -0.1026826 0.006172716 0.01500797 -0.1026826 0.006172716 0.01500797 -0.1026826 0.006172716 0.01502382 -0.1023986 0.006351411 0.01502382 -0.1023986 0.006351411 0.01502382 -0.1023986 0.006351411 0.01504153 -0.1020821 0.006462335 0.01504153 -0.1020821 0.006462335 0.01504153 -0.1020821 0.006462335 0.01506012 -0.1017488 0.006499946 0.01506012 -0.1017488 0.006499946 0.01506012 -0.1017488 0.006499946 0.01507878 -0.1014156 0.006462335 0.01507878 -0.1014156 0.006462335 0.01507878 -0.1014156 0.006462335 0.01509642 -0.101099 0.006351411 0.01509642 -0.101099 0.006351411 0.01509642 -0.101099 0.006351411 0.01497644 -0.1032465 0.004999995 0.01497644 -0.1032465 0.004999995 0.01497644 -0.1032465 0.004999995 0.01497644 -0.1032465 0.004999995 0.01489758 -0.1046572 0.01053267 0.01489758 -0.1046572 0.01053267 0.01489758 -0.1046572 0.01053267 0.01488727 -0.1048418 0.01018691 0.01488727 -0.1048418 0.01018691 0.01488727 -0.1048418 0.01018691 0.01488727 -0.1048418 0.01018691 0.01488095 -0.1049554 0.009811699 0.01488095 -0.1049554 0.009811699 0.01488095 -0.1049554 0.009811699 0.01488095 -0.1049554 0.009811699 0.0148788 -0.1049938 0.009421527 0.0148788 -0.1049938 0.009421527 0.0148788 -0.1049938 0.009421527 0.0148788 -0.1049938 0.002999961 0.0148788 -0.1049938 0.002999961 0.0148788 -0.1049938 0.002999961 0.01772886 -0.05399602 0.005935192 0.01772886 -0.05399602 0.005935192 0.01772886 -0.05399602 0.005935192 0.01772886 -0.05399602 0.005935192 0.01774209 -0.05375891 0.006172716 0.01774209 -0.05375891 0.006172716 0.01774209 -0.05375891 0.006172716 0.01775801 -0.05347496 0.006351411 0.01775801 -0.05347496 0.006351411 0.01775801 -0.05347496 0.006351411 0.01775801 -0.05347496 0.006351411 0.01777565 -0.0531584 0.006462335 0.01777565 -0.0531584 0.006462335 0.01777565 -0.0531584 0.006462335 0.01779431 -0.05282515 0.006499946 0.01779431 -0.05282515 0.006499946 0.01779431 -0.05282515 0.006499946 0.0178129 -0.0524919 0.006462335 0.0178129 -0.0524919 0.006462335 0.0178129 -0.0524919 0.006462335 0.01783061 -0.05217534 0.006351411 0.01783061 -0.05217534 0.006351411 0.01783061 -0.05217534 0.006351411 0.01783061 -0.05217534 0.006351411 0.01784646 -0.05189138 0.006172716 0.01784646 -0.05189138 0.006172716 0.01784646 -0.05189138 0.006172716 0.01785975 -0.05165421 0.005935192 0.01785975 -0.05165421 0.005935192 0.01785975 -0.05165421 0.005935192 0.01786971 -0.05147582 0.005650818 0.01786971 -0.05147582 0.005650818 0.01786971 -0.05147582 0.005650818 0.0178759 -0.05136501 0.005333721 0.0178759 -0.05136501 0.005333721 0.0178759 -0.05136501 0.005333721 0.0178759 -0.05136501 0.005333721 0.01787799 -0.05132746 0.004999995 0.01787799 -0.05132746 0.004999995 0.01787799 -0.05132746 0.004999995 0.01787799 -0.05132746 0.004999995 0.01787799 -0.05132746 0.004999995 0.01787799 -0.05132746 -0.004999995 0.01787799 -0.05132746 -0.004999995 0.01787799 -0.05132746 -0.004999995 0.01787799 -0.05132746 -0.004999995 0.01787799 -0.05132746 -0.004999995 0.01787799 -0.05132746 -0.004999995 0.01514172 -0.1002887 0.004666209 0.01514172 -0.1002887 0.004666209 0.01514172 -0.1002887 0.004666209 0.01513552 -0.1003994 0.004349112 0.01513552 -0.1003994 0.004349112 0.01513552 -0.1003994 0.004349112 0.01513552 -0.1003994 0.004349112 0.01512557 -0.1005779 0.004064738 0.01512557 -0.1005779 0.004064738 0.01512557 -0.1005779 0.004064738 0.01511234 -0.1008151 0.003827214 0.01511234 -0.1008151 0.003827214 0.01511234 -0.1008151 0.003827214 0.01509642 -0.101099 0.003648519 0.01509642 -0.101099 0.003648519 0.01509642 -0.101099 0.003648519 0.01509642 -0.101099 0.003648519 0.01507878 -0.1014156 0.003537595 0.01507878 -0.1014156 0.003537595 0.01507878 -0.1014156 0.003537595 0.01506012 -0.1017488 0.003499984 0.01506012 -0.1017488 0.003499984 0.01506012 -0.1017488 0.003499984 0.01504153 -0.1020821 0.003537595 0.01504153 -0.1020821 0.003537595 0.01504153 -0.1020821 0.003537595 0.01502382 -0.1023986 0.003648519 0.01502382 -0.1023986 0.003648519 0.01502382 -0.1023986 0.003648519 0.01500797 -0.1026826 0.003827214 0.01500797 -0.1026826 0.003827214 0.01500797 -0.1026826 0.003827214 0.01499468 -0.1029198 0.004064738 0.01499468 -0.1029198 0.004064738 0.01499468 -0.1029198 0.004064738 0.01499468 -0.1029198 0.004064738 0.01498472 -0.1030982 0.004349112 0.01498472 -0.1030982 0.004349112 0.01498472 -0.1030982 0.004349112 0.01498472 -0.1030982 0.004349112 0.01497852 -0.1032089 0.004666209 0.01497852 -0.1032089 0.004666209 0.01497852 -0.1032089 0.004666209 0.01497852 -0.1032089 0.004666209 0.01507878 -0.1014156 -0.006462335 0.01507878 -0.1014156 -0.006462335 0.01507878 -0.1014156 -0.006462335 0.01506012 -0.1017488 -0.006499946 0.01506012 -0.1017488 -0.006499946 0.01506012 -0.1017488 -0.006499946 0.01504153 -0.1020821 -0.006462335 0.01504153 -0.1020821 -0.006462335 0.01504153 -0.1020821 -0.006462335 0.01502382 -0.1023986 -0.006351411 0.01502382 -0.1023986 -0.006351411 0.01502382 -0.1023986 -0.006351411 0.01500797 -0.1026826 -0.006172716 0.01500797 -0.1026826 -0.006172716 0.01500797 -0.1026826 -0.006172716 0.01499468 -0.1029198 -0.005935192 0.01499468 -0.1029198 -0.005935192 0.01499468 -0.1029198 -0.005935192 0.01499468 -0.1029198 -0.005935192 0.01499468 -0.1029198 -0.005935192 0.01498472 -0.1030982 -0.005650818 0.01498472 -0.1030982 -0.005650818 0.01498472 -0.1030982 -0.005650818 0.01498472 -0.1030982 -0.005650818 0.01498472 -0.1030982 -0.005650818 0.01497852 -0.1032089 -0.005333721 0.01497852 -0.1032089 -0.005333721 0.01497852 -0.1032089 -0.005333721 0.01497852 -0.1032089 -0.005333721 0.01497852 -0.1032089 -0.005333721 0.01491147 -0.1044089 -0.01083576 0.01491147 -0.1044089 -0.01083576 0.01491147 -0.1044089 -0.01083576 0.01488095 -0.1049554 -0.009811699 0.01488095 -0.1049554 -0.009811699 0.01488095 -0.1049554 -0.009811699 0.01488727 -0.1048418 -0.01018691 0.01488727 -0.1048418 -0.01018691 0.01488727 -0.1048418 -0.01018691 0.01488727 -0.1048418 -0.01018691 0.01489758 -0.1046572 -0.01053267 0.01489758 -0.1046572 -0.01053267 0.01489758 -0.1046572 -0.01053267 0.0178759 -0.05136501 -0.005333721 0.0178759 -0.05136501 -0.005333721 0.0178759 -0.05136501 -0.005333721 0.0178759 -0.05136501 -0.005333721 0.01786971 -0.05147582 -0.005650818 0.01786971 -0.05147582 -0.005650818 0.01786971 -0.05147582 -0.005650818 0.01786971 -0.05147582 -0.005650818 0.01785975 -0.05165421 -0.005935192 0.01785975 -0.05165421 -0.005935192 0.01785975 -0.05165421 -0.005935192 0.01784646 -0.05189138 -0.006172716 0.01784646 -0.05189138 -0.006172716 0.01784646 -0.05189138 -0.006172716 0.01783061 -0.05217534 -0.006351411 0.01783061 -0.05217534 -0.006351411 0.01783061 -0.05217534 -0.006351411 0.0178129 -0.0524919 -0.006462335 0.0178129 -0.0524919 -0.006462335 0.0178129 -0.0524919 -0.006462335 0.01779431 -0.05282515 -0.006499946 0.01779431 -0.05282515 -0.006499946 0.01779431 -0.05282515 -0.006499946 0.01777565 -0.0531584 -0.006462335 0.01777565 -0.0531584 -0.006462335 0.01777565 -0.0531584 -0.006462335 0.01777565 -0.0531584 -0.006462335 0.01775801 -0.05347496 -0.006351411 0.01775801 -0.05347496 -0.006351411 0.01775801 -0.05347496 -0.006351411 0.01775801 -0.05347496 -0.006351411 0.01774209 -0.05375891 -0.006172716 0.01774209 -0.05375891 -0.006172716 0.01774209 -0.05375891 -0.006172716 0.01772886 -0.05399602 -0.005935192 0.01772886 -0.05399602 -0.005935192 0.01772886 -0.05399602 -0.005935192 0.01772886 -0.05399602 -0.005935192 0.01772886 -0.05399602 -0.005935192 0.01779431 -0.05282515 -0.003499984 0.01779431 -0.05282515 -0.003499984 0.01779431 -0.05282515 -0.003499984 0.01777565 -0.0531584 0.003537595 0.01777565 -0.0531584 0.003537595 0.01777565 -0.0531584 0.003537595 0.01777565 -0.0531584 0.003537595 0.01777565 -0.0531584 -0.003537595 0.01777565 -0.0531584 -0.003537595 0.01777565 -0.0531584 -0.003537595 0.01775801 -0.05347496 0.003648519 0.01775801 -0.05347496 0.003648519 0.01775801 -0.05347496 0.003648519 0.01775801 -0.05347496 0.003648519 0.01775801 -0.05347496 -0.003648519 0.01775801 -0.05347496 -0.003648519 0.01775801 -0.05347496 -0.003648519 0.01775801 -0.05347496 -0.003648519 0.01774209 -0.05375891 0.003827214 0.01774209 -0.05375891 0.003827214 0.01774209 -0.05375891 0.003827214 0.01774209 -0.05375891 -0.003827214 0.01774209 -0.05375891 -0.003827214 0.01774209 -0.05375891 -0.003827214 0.01772886 -0.05399602 0.004064738 0.01772886 -0.05399602 0.004064738 0.01772886 -0.05399602 0.004064738 0.01772886 -0.05399602 0.004064738 0.01772886 -0.05399602 -0.004064738 0.01772886 -0.05399602 -0.004064738 0.01772886 -0.05399602 -0.004064738 0.01771891 -0.05417448 0.004349112 0.01771891 -0.05417448 0.004349112 0.01771891 -0.05417448 0.004349112 0.01771891 -0.05417448 0.004349112 0.01771891 -0.05417448 -0.004349172 0.01771891 -0.05417448 -0.004349172 0.01771891 -0.05417448 -0.004349172 0.01771891 -0.05417448 -0.004349172 0.01771891 -0.05417448 -0.004349172 0.01771271 -0.05428522 0.004666209 0.01771271 -0.05428522 0.004666209 0.01771271 -0.05428522 0.004666209 0.01771271 -0.05428522 0.004666209 0.01771271 -0.05428522 -0.004666209 0.01771271 -0.05428522 -0.004666209 0.01771271 -0.05428522 -0.004666209 0.01771271 -0.05428522 -0.004666209 0.01779431 -0.05282515 0.003499984 0.01779431 -0.05282515 0.003499984 0.01779431 -0.05282515 0.003499984 0.0178129 -0.0524919 -0.003537595 0.0178129 -0.0524919 -0.003537595 0.0178129 -0.0524919 -0.003537595 0.0178129 -0.0524919 0.003537595 0.0178129 -0.0524919 0.003537595 0.0178129 -0.0524919 0.003537595 0.01783061 -0.05217534 -0.003648519 0.01783061 -0.05217534 -0.003648519 0.01783061 -0.05217534 -0.003648519 0.01783061 -0.05217534 -0.003648519 0.01783061 -0.05217534 0.003648519 0.01783061 -0.05217534 0.003648519 0.01783061 -0.05217534 0.003648519 0.01784646 -0.05189138 -0.003827214 0.01784646 -0.05189138 -0.003827214 0.01784646 -0.05189138 -0.003827214 0.01784646 -0.05189138 0.003827214 0.01784646 -0.05189138 0.003827214 0.01784646 -0.05189138 0.003827214 0.01785975 -0.05165421 -0.004064738 0.01785975 -0.05165421 -0.004064738 0.01785975 -0.05165421 -0.004064738 0.01785975 -0.05165421 0.004064738 0.01785975 -0.05165421 0.004064738 0.01785975 -0.05165421 0.004064738 0.01786971 -0.05147582 -0.004349172 0.01786971 -0.05147582 -0.004349172 0.01786971 -0.05147582 -0.004349172 0.01786971 -0.05147582 0.004349112 0.01786971 -0.05147582 0.004349112 0.01786971 -0.05147582 0.004349112 0.01786971 -0.05147582 0.004349112 0.0178759 -0.05136501 -0.004666209 0.0178759 -0.05136501 -0.004666209 0.0178759 -0.05136501 -0.004666209 0.0178759 -0.05136501 -0.004666209 0.0178759 -0.05136501 0.004666209 0.0178759 -0.05136501 0.004666209 0.0178759 -0.05136501 0.004666209 0.0178759 -0.05136501 0.004666209 -0.0132535 -0.09761965 0.003292858 -0.0132535 -0.09761965 0.003292858 -0.0132535 -0.09761965 0.003292858 -0.01317459 -0.09620761 0.004707098 -0.01317459 -0.09620761 0.004707098 -0.01317459 -0.09620761 0.004707098 -0.01317459 -0.09620761 0.004707098 -0.01329296 -0.09832561 0.002999961 -0.01329296 -0.09832561 0.002999961 -0.01329296 -0.09832561 0.002999961 -0.01357674 -0.1034035 0.002999961 -0.01357674 -0.1034035 0.002999961 -0.01357674 -0.1034035 0.002999961 -0.01278162 -0.0891757 0 -0.01278162 -0.0891757 0 -0.01278162 -0.0891757 0 -0.01278162 -0.0891757 0 -0.01277947 -0.08913666 5.21648e-4 -0.01277947 -0.08913666 5.21648e-4 -0.01277947 -0.08913666 5.21648e-4 -0.01315826 -0.09591519 0.01024997 -0.01315826 -0.09591519 0.01024997 -0.01315826 -0.09591519 0.01024997 -0.01315826 -0.09591519 0.005414187 -0.01315826 -0.09591519 0.005414187 -0.01315826 -0.09591519 0.005414187 -0.01316016 -0.09594917 0.005155384 -0.01316016 -0.09594917 0.005155384 -0.01316016 -0.09594917 0.005155384 -0.01316577 -0.09604895 0.004914164 -0.01316577 -0.09604895 0.004914164 -0.01316577 -0.09604895 0.004914164 -0.01326507 -0.09782642 0.003133952 -0.01326507 -0.09782642 0.003133952 -0.01326507 -0.09782642 0.003133952 -0.01326507 -0.09782642 0.003133952 -0.01327854 -0.09806722 0.003034055 -0.01327854 -0.09806722 0.003034055 -0.01327854 -0.09806722 0.003034055 -0.01357674 -0.1034035 -0.002999961 -0.01357674 -0.1034035 -0.002999961 -0.01357674 -0.1034035 -0.002999961 -0.01329296 -0.09832561 -0.002999961 -0.01329296 -0.09832561 -0.002999961 -0.01329296 -0.09832561 -0.002999961 -0.01327854 -0.09806722 -0.003034055 -0.01327854 -0.09806722 -0.003034055 -0.01327854 -0.09806722 -0.003034055 -0.01326507 -0.09782642 -0.003133952 -0.01326507 -0.09782642 -0.003133952 -0.01326507 -0.09782642 -0.003133952 -0.0132535 -0.09761965 -0.003292858 -0.0132535 -0.09761965 -0.003292858 -0.0132535 -0.09761965 -0.003292858 -0.0132535 -0.09761965 -0.003292858 -0.01317459 -0.09620761 -0.004707098 -0.01317459 -0.09620761 -0.004707098 -0.01317459 -0.09620761 -0.004707098 -0.01316577 -0.09604895 -0.004914164 -0.01316577 -0.09604895 -0.004914164 -0.01316577 -0.09604895 -0.004914164 -0.01316016 -0.09594917 -0.005155384 -0.01316016 -0.09594917 -0.005155384 -0.01316016 -0.09594917 -0.005155384 -0.01315826 -0.09591519 -0.005414187 -0.01315826 -0.09591519 -0.005414187 -0.01315826 -0.09591519 -0.005414187 -0.01315826 -0.09591519 -0.005414187 -0.01315826 -0.09591519 -0.01024997 -0.01315826 -0.09591519 -0.01024997 -0.01315826 -0.09591519 -0.01024997 -0.01089841 -0.05547827 -0.01024997 -0.01089841 -0.05547827 -0.01024997 -0.01089841 -0.05547827 -0.01024997 -0.01089841 -0.05547827 -0.01024997 -0.01089841 -0.05547827 0.01024997 -0.01089841 -0.05547827 0.01024997 -0.01089841 -0.05547827 0.01024997 -0.01089841 -0.05547827 0.01024997 -0.01239103 -0.08218657 0 -0.01239103 -0.08218657 0 -0.01239103 -0.08218657 0 -0.01239103 -0.08218657 0 -0.01239323 -0.08222562 -5.21647e-4 -0.01239323 -0.08222562 -5.21647e-4 -0.01239323 -0.08222562 -5.21647e-4 -0.01239973 -0.08234184 -0.001031637 -0.01239973 -0.08234184 -0.001031637 -0.01239973 -0.08234184 -0.001031637 -0.01239973 -0.08234184 -0.001031637 -0.0124104 -0.08253264 -0.001518547 -0.0124104 -0.08253264 -0.001518547 -0.0124104 -0.08253264 -0.001518547 -0.0124104 -0.08253264 -0.001518547 -0.012425 -0.08279383 -0.001971602 -0.012425 -0.08279383 -0.001971602 -0.012425 -0.08279383 -0.001971602 -0.012425 -0.08279383 -0.001971602 -0.01244318 -0.08311945 -0.002380549 -0.01244318 -0.08311945 -0.002380549 -0.01244318 -0.08311945 -0.002380549 -0.01246458 -0.08350229 -0.002736389 -0.01246458 -0.08350229 -0.002736389 -0.01246458 -0.08350229 -0.002736389 -0.01246458 -0.08350229 -0.002736389 -0.01248866 -0.08393388 -0.003031075 -0.01248866 -0.08393388 -0.003031075 -0.01248866 -0.08393388 -0.003031075 -0.012515 -0.0844044 -0.003258049 -0.012515 -0.0844044 -0.003258049 -0.012515 -0.0844044 -0.003258049 -0.0125429 -0.08490353 -0.003412187 -0.0125429 -0.08490353 -0.003412187 -0.0125429 -0.08490353 -0.003412187 -0.01257175 -0.08542001 -0.003490209 -0.01257175 -0.08542001 -0.003490209 -0.01257175 -0.08542001 -0.003490209 -0.01260095 -0.08594226 -0.003490209 -0.01260095 -0.08594226 -0.003490209 -0.01260095 -0.08594226 -0.003490209 -0.01260095 -0.08594226 -0.003490209 -0.0126298 -0.08645874 -0.003412187 -0.0126298 -0.08645874 -0.003412187 -0.0126298 -0.08645874 -0.003412187 -0.0126298 -0.08645874 -0.003412187 -0.0126577 -0.08695781 -0.003258049 -0.0126577 -0.08695781 -0.003258049 -0.0126577 -0.08695781 -0.003258049 -0.01268398 -0.08742839 -0.003031075 -0.01268398 -0.08742839 -0.003031075 -0.01268398 -0.08742839 -0.003031075 -0.01270812 -0.08785992 -0.002736389 -0.01270812 -0.08785992 -0.002736389 -0.01270812 -0.08785992 -0.002736389 -0.01272946 -0.08824282 -0.002380549 -0.01272946 -0.08824282 -0.002380549 -0.01272946 -0.08824282 -0.002380549 -0.0127477 -0.08856844 -0.001971602 -0.0127477 -0.08856844 -0.001971602 -0.0127477 -0.08856844 -0.001971602 -0.0127623 -0.08882963 -0.001518547 -0.0127623 -0.08882963 -0.001518547 -0.0127623 -0.08882963 -0.001518547 -0.0127623 -0.08882963 -0.001518547 -0.01277297 -0.08902043 -0.001031637 -0.01277297 -0.08902043 -0.001031637 -0.01277297 -0.08902043 -0.001031637 -0.01277947 -0.08913666 -5.21647e-4 -0.01277947 -0.08913666 -5.21647e-4 -0.01277947 -0.08913666 -5.21647e-4 -0.01277947 -0.08913666 -5.21647e-4 -0.0126298 -0.08645874 0.003412246 -0.0126298 -0.08645874 0.003412246 -0.0126298 -0.08645874 0.003412246 -0.0126298 -0.08645874 0.003412246 -0.01260095 -0.08594226 0.003490209 -0.01260095 -0.08594226 0.003490209 -0.01260095 -0.08594226 0.003490209 -0.01260095 -0.08594226 0.003490209 -0.01257175 -0.08542001 0.003490209 -0.01257175 -0.08542001 0.003490209 -0.01257175 -0.08542001 0.003490209 -0.0125429 -0.08490353 0.003412246 -0.0125429 -0.08490353 0.003412246 -0.0125429 -0.08490353 0.003412246 -0.012515 -0.0844044 0.003258049 -0.012515 -0.0844044 0.003258049 -0.012515 -0.0844044 0.003258049 -0.01248866 -0.08393388 0.003031075 -0.01248866 -0.08393388 0.003031075 -0.01248866 -0.08393388 0.003031075 -0.01248866 -0.08393388 0.003031075 -0.01246458 -0.08350229 0.002736389 -0.01246458 -0.08350229 0.002736389 -0.01246458 -0.08350229 0.002736389 -0.01246458 -0.08350229 0.002736389 -0.01244318 -0.08311945 0.002380549 -0.01244318 -0.08311945 0.002380549 -0.01244318 -0.08311945 0.002380549 -0.01244318 -0.08311945 0.002380549 -0.012425 -0.08279383 0.001971602 -0.012425 -0.08279383 0.001971602 -0.012425 -0.08279383 0.001971602 -0.012425 -0.08279383 0.001971602 -0.0124104 -0.08253264 0.001518547 -0.0124104 -0.08253264 0.001518547 -0.0124104 -0.08253264 0.001518547 -0.0124104 -0.08253264 0.001518547 -0.01239973 -0.08234184 0.001031637 -0.01239973 -0.08234184 0.001031637 -0.01239973 -0.08234184 0.001031637 -0.01239973 -0.08234184 0.001031637 -0.01239323 -0.08222562 5.21648e-4 -0.01239323 -0.08222562 5.21648e-4 -0.01239323 -0.08222562 5.21648e-4 -0.01277297 -0.08902043 0.001031637 -0.01277297 -0.08902043 0.001031637 -0.01277297 -0.08902043 0.001031637 -0.01277297 -0.08902043 0.001031637 -0.0127623 -0.08882963 0.001518547 -0.0127623 -0.08882963 0.001518547 -0.0127623 -0.08882963 0.001518547 -0.0127477 -0.08856844 0.001971602 -0.0127477 -0.08856844 0.001971602 -0.0127477 -0.08856844 0.001971602 -0.01272946 -0.08824282 0.002380549 -0.01272946 -0.08824282 0.002380549 -0.01272946 -0.08824282 0.002380549 -0.01270812 -0.08785992 0.002736389 -0.01270812 -0.08785992 0.002736389 -0.01270812 -0.08785992 0.002736389 -0.01270812 -0.08785992 0.002736389 -0.01268398 -0.08742839 0.003031075 -0.01268398 -0.08742839 0.003031075 -0.01268398 -0.08742839 0.003031075 -0.0126577 -0.08695781 0.003258049 -0.0126577 -0.08695781 0.003258049 -0.0126577 -0.08695781 0.003258049 0.02879709 0.009641826 0.006839036 0.02879709 0.009641826 0.006839036 0.02879709 0.009641826 0.006839036 0.02857947 0.005748033 0.00146234 0.02857947 0.005748033 0.00146234 0.02857947 0.005748033 0.00146234 0.02856081 0.005414783 0.00149995 0.02856081 0.005414783 0.00149995 0.02856081 0.005414783 0.00149995 0.02856081 0.005414783 0.00149995 0.02802515 -0.004170179 0 0.02802515 -0.004170179 0 0.02802515 -0.004170179 0 0.02786332 -0.007065653 0 0.02786332 -0.007065653 0 0.02786332 -0.007065653 0 0.02786332 -0.007065653 0 0.02802735 -0.00413078 4.51485e-4 0.02802735 -0.00413078 4.51485e-4 0.02802735 -0.00413078 4.51485e-4 0.02802735 -0.00413078 4.51485e-4 0.02802735 -0.00413078 -4.51485e-4 0.02802735 -0.00413078 -4.51485e-4 0.02802735 -0.00413078 -4.51485e-4 0.02830654 8.65124e-4 8.89252e-4 0.02830654 8.65124e-4 8.89252e-4 0.02830654 8.65124e-4 8.89252e-4 0.02850866 0.004481017 0.001172721 0.02850866 0.004481017 0.001172721 0.02850866 0.004481017 0.001172721 0.02849537 0.00424385 9.35234e-4 0.02849537 0.00424385 9.35234e-4 0.02849537 0.00424385 9.35234e-4 0.0283131 9.82235e-4 4.51485e-4 0.0283131 9.82235e-4 4.51485e-4 0.0283131 9.82235e-4 4.51485e-4 0.02830654 8.65124e-4 -8.89252e-4 0.02830654 8.65124e-4 -8.89252e-4 0.02830654 8.65124e-4 -8.89252e-4 0.0283131 9.82235e-4 -4.51485e-4 0.0283131 9.82235e-4 -4.51485e-4 0.0283131 9.82235e-4 -4.51485e-4 0.0283131 9.82235e-4 -4.51485e-4 0.02849537 0.00424385 -9.35234e-4 0.02849537 0.00424385 -9.35234e-4 0.02849537 0.00424385 -9.35234e-4 0.02856081 0.005414783 -0.00149995 0.02856081 0.005414783 -0.00149995 0.02856081 0.005414783 -0.00149995 0.02828139 4.14349e-4 -0.001671195 0.02828139 4.14349e-4 -0.001671195 0.02828139 4.14349e-4 -0.001671195 0.02828139 4.14349e-4 -0.001671195 0.02854222 0.005081534 -0.00146234 0.02854222 0.005081534 -0.00146234 0.02854222 0.005081534 -0.00146234 0.02812063 -0.002462089 -0.002443194 0.02812063 -0.002462089 -0.002443194 0.02812063 -0.002462089 -0.002443194 0.02811807 -0.002508044 -0.005827248 0.02811807 -0.002508044 -0.005827248 0.02811807 -0.002508044 -0.005827248 0.02810478 -0.002745151 -0.006064713 0.02810478 -0.002745151 -0.006064713 0.02810478 -0.002745151 -0.006064713 0.02813392 -0.002224028 0.005648493 0.02813392 -0.002224028 0.005648493 0.02813392 -0.002224028 0.005648493 0.02815163 -0.001907527 0.005537569 0.02815163 -0.001907527 0.005537569 0.02815163 -0.001907527 0.005537569 0.02814501 -0.002025008 0.002560496 0.02814501 -0.002025008 0.002560496 0.02814501 -0.002025008 0.002560496 0.0283153 0.001021623 0 0.0283153 0.001021623 0 0.0283153 0.001021623 0 0.0283153 0.001021623 0 0.02848541 0.004065454 6.50825e-4 0.02848541 0.004065454 6.50825e-4 0.02848541 0.004065454 6.50825e-4 0.02847921 0.003954708 3.33781e-4 0.02847921 0.003954708 3.33781e-4 0.02847921 0.003954708 3.33781e-4 0.02847713 0.003917157 0 0.02847713 0.003917157 0 0.02847713 0.003917157 0 0.02847921 0.003954708 -3.33781e-4 0.02847921 0.003954708 -3.33781e-4 0.02847921 0.003954708 -3.33781e-4 0.02848541 0.004065454 -6.50825e-4 0.02848541 0.004065454 -6.50825e-4 0.02848541 0.004065454 -6.50825e-4 0.02879709 0.009641826 -0.006839036 0.02879709 0.009641826 -0.006839036 0.02879709 0.009641826 -0.006839036 0.02879709 0.009641826 -0.006839036 0.02879709 0.009641826 -0.006839036 0.0282635 9.43717e-5 -0.001991689 0.0282635 9.43717e-5 -0.001991689 0.0282635 9.43717e-5 -0.001991689 0.02857947 0.005748033 -0.00146234 0.02857947 0.005748033 -0.00146234 0.02857947 0.005748033 -0.00146234 0.02857947 0.005748033 -0.00146234 0.02859711 0.006064593 -0.001351416 0.02859711 0.006064593 -0.001351416 0.02859711 0.006064593 -0.001351416 0.02861303 0.00634855 -0.001172721 0.02861303 0.00634855 -0.001172721 0.02861303 0.00634855 -0.001172721 0.02862626 0.006585717 -9.35234e-4 0.02862626 0.006585717 -9.35234e-4 0.02862626 0.006585717 -9.35234e-4 0.02863621 0.006764173 -6.50825e-4 0.02863621 0.006764173 -6.50825e-4 0.02863621 0.006764173 -6.50825e-4 0.02863621 0.006764173 -6.50825e-4 0.02864241 0.006874918 -3.33781e-4 0.02864241 0.006874918 -3.33781e-4 0.02864241 0.006874918 -3.33781e-4 0.02864241 0.006874918 -3.33781e-4 0.0286445 0.006912469 0 0.0286445 0.006912469 0 0.0286445 0.006912469 0 0.0286445 0.006912469 0 0.02883982 0.01040703 -0.004178881 0.02883982 0.01040703 -0.004178881 0.02883982 0.01040703 -0.004178881 0.02883982 0.01040703 -0.004178881 0.02883982 0.01040703 -0.004178881 0.02883809 0.01037561 -0.004738748 0.02883809 0.01037561 -0.004738748 0.02883809 0.01037561 -0.004738748 0.02883809 0.01037561 -0.004738748 0.02883285 0.01028186 -0.005291521 0.02883285 0.01028186 -0.005291521 0.02883285 0.01028186 -0.005291521 0.02883285 0.01028186 -0.005291521 0.02882415 0.01012688 -0.005830287 0.02882415 0.01012688 -0.005830287 0.02882415 0.01012688 -0.005830287 0.02881217 0.00991261 -0.006348311 0.02881217 0.00991261 -0.006348311 0.02881217 0.00991261 -0.006348311 0.02864241 0.006874918 3.33781e-4 0.02864241 0.006874918 3.33781e-4 0.02864241 0.006874918 3.33781e-4 0.02864241 0.006874918 3.33781e-4 0.02863621 0.006764173 6.50825e-4 0.02863621 0.006764173 6.50825e-4 0.02863621 0.006764173 6.50825e-4 0.02863621 0.006764173 6.50825e-4 0.02863621 0.006764173 6.50825e-4 0.02862626 0.006585717 9.35234e-4 0.02862626 0.006585717 9.35234e-4 0.02862626 0.006585717 9.35234e-4 0.02862626 0.006585717 9.35234e-4 0.02883982 0.01040703 0.004178881 0.02883982 0.01040703 0.004178881 0.02883982 0.01040703 0.004178881 0.02861303 0.00634855 0.001172721 0.02861303 0.00634855 0.001172721 0.02861303 0.00634855 0.001172721 0.02859711 0.006064593 0.001351416 0.02859711 0.006064593 0.001351416 0.02859711 0.006064593 0.001351416 0.02859711 0.006064593 0.001351416 0.02881217 0.00991261 0.006348311 0.02881217 0.00991261 0.006348311 0.02881217 0.00991261 0.006348311 0.02882415 0.01012688 0.005830287 0.02882415 0.01012688 0.005830287 0.02882415 0.01012688 0.005830287 0.02883285 0.01028186 0.005291521 0.02883285 0.01028186 0.005291521 0.02883285 0.01028186 0.005291521 0.02883809 0.01037561 0.004738748 0.02883809 0.01037561 0.004738748 0.02883809 0.01037561 0.004738748 0.02641654 -0.03295421 -0.01424998 0.02641654 -0.03295421 -0.01424998 0.02641654 -0.03295421 -0.01424998 0.02641654 -0.03295421 0.01424998 0.02641654 -0.03295421 0.01424998 0.02641654 -0.03295421 0.01424998 0.02839344 0.002419471 0.01424998 0.02839344 0.002419471 0.01424998 0.02839344 0.002419471 0.01424998 0.02810478 -0.002745151 0.007935225 0.02810478 -0.002745151 0.007935225 0.02810478 -0.002745151 0.007935225 0.02809482 -0.002923607 0.007650792 0.02809482 -0.002923607 0.007650792 0.02809482 -0.002923607 0.007650792 0.02808862 -0.003034353 0.007333755 0.02808862 -0.003034353 0.007333755 0.02808862 -0.003034353 0.007333755 0.02808862 -0.003034353 0.007333755 0.02808654 -0.003071904 0.006999969 0.02808654 -0.003071904 0.006999969 0.02808654 -0.003071904 0.006999969 0.02808654 -0.003071904 0.006999969 0.02808654 -0.003071904 0.006999969 0.02808654 -0.003071904 0.006999969 0.02772742 -0.009497106 0.001172721 0.02772742 -0.009497106 0.001172721 0.02772742 -0.009497106 0.001172721 0.02771419 -0.009734272 9.35234e-4 0.02771419 -0.009734272 9.35234e-4 0.02771419 -0.009734272 9.35234e-4 0.02770423 -0.009912669 6.50825e-4 0.02770423 -0.009912669 6.50825e-4 0.02770423 -0.009912669 6.50825e-4 0.02769804 -0.01002347 3.33781e-4 0.02769804 -0.01002347 3.33781e-4 0.02769804 -0.01002347 3.33781e-4 0.02769804 -0.01002347 3.33781e-4 0.02769595 -0.01006102 0 0.02769595 -0.01006102 0 0.02769595 -0.01006102 0 0.02769595 -0.01006102 0 0.02769804 -0.01002347 -3.33781e-4 0.02769804 -0.01002347 -3.33781e-4 0.02769804 -0.01002347 -3.33781e-4 0.02770423 -0.009912669 -6.50825e-4 0.02770423 -0.009912669 -6.50825e-4 0.02770423 -0.009912669 -6.50825e-4 0.02771419 -0.009734272 -9.35234e-4 0.02771419 -0.009734272 -9.35234e-4 0.02771419 -0.009734272 -9.35234e-4 0.02772742 -0.009497106 -0.001172721 0.02772742 -0.009497106 -0.001172721 0.02772742 -0.009497106 -0.001172721 0.02808654 -0.003071904 -0.006999969 0.02808654 -0.003071904 -0.006999969 0.02808654 -0.003071904 -0.006999969 0.02808654 -0.003071904 -0.006999969 0.02808654 -0.003071904 -0.006999969 0.02808862 -0.003034353 -0.007333755 0.02808862 -0.003034353 -0.007333755 0.02808862 -0.003034353 -0.007333755 0.02809482 -0.002923607 -0.007650792 0.02809482 -0.002923607 -0.007650792 0.02809482 -0.002923607 -0.007650792 0.02810478 -0.002745151 -0.007935225 0.02810478 -0.002745151 -0.007935225 0.02810478 -0.002745151 -0.007935225 0.02839344 0.002419471 -0.01424998 0.02839344 0.002419471 -0.01424998 0.02839344 0.002419471 -0.01424998 0.02839344 0.002419471 -0.01424998 0.02811807 -0.002508044 -0.00817269 0.02811807 -0.002508044 -0.00817269 0.02811807 -0.002508044 -0.00817269 0.02813392 -0.002224028 -0.008351445 0.02813392 -0.002224028 -0.008351445 0.02813392 -0.002224028 -0.008351445 0.02815163 -0.001907527 -0.008462369 0.02815163 -0.001907527 -0.008462369 0.02815163 -0.001907527 -0.008462369 0.02817022 -0.001574218 -0.008499979 0.02817022 -0.001574218 -0.008499979 0.02817022 -0.001574218 -0.008499979 0.02818888 -0.001240968 -0.008462369 0.02818888 -0.001240968 -0.008462369 0.02818888 -0.001240968 -0.008462369 0.02820652 -9.24458e-4 -0.008351445 0.02820652 -9.24458e-4 -0.008351445 0.02820652 -9.24458e-4 -0.008351445 0.02822244 -6.40507e-4 -0.00817269 0.02822244 -6.40507e-4 -0.00817269 0.02822244 -6.40507e-4 -0.00817269 0.02823567 -4.03355e-4 -0.007935225 0.02823567 -4.03355e-4 -0.007935225 0.02823567 -4.03355e-4 -0.007935225 0.02823567 -4.03355e-4 -0.007935225 0.02824562 -2.24919e-4 -0.007650792 0.02824562 -2.24919e-4 -0.007650792 0.02824562 -2.24919e-4 -0.007650792 0.02824562 -2.24919e-4 -0.007650792 0.02825182 -1.1417e-4 -0.007333755 0.02825182 -1.1417e-4 -0.007333755 0.02825182 -1.1417e-4 -0.007333755 0.02825182 -1.1417e-4 -0.007333755 0.02825391 -7.66031e-5 -0.006999969 0.02825391 -7.66031e-5 -0.006999969 0.02825391 -7.66031e-5 -0.006999969 0.02825391 -7.66031e-5 -0.006999969 0.02774333 -0.009213149 -0.001351416 0.02774333 -0.009213149 -0.001351416 0.02774333 -0.009213149 -0.001351416 0.02776104 -0.008896589 -0.00146234 0.02776104 -0.008896589 -0.00146234 0.02776104 -0.008896589 -0.00146234 0.02777963 -0.008563339 -0.00149995 0.02777963 -0.008563339 -0.00149995 0.02777963 -0.008563339 -0.00149995 0.02779829 -0.00823009 -0.00146234 0.02779829 -0.00823009 -0.00146234 0.02779829 -0.00823009 -0.00146234 0.02781593 -0.007913529 -0.001351416 0.02781593 -0.007913529 -0.001351416 0.02781593 -0.007913529 -0.001351416 0.02783185 -0.007629573 -0.001172721 0.02783185 -0.007629573 -0.001172721 0.02783185 -0.007629573 -0.001172721 0.02784508 -0.007392406 -9.35234e-4 0.02784508 -0.007392406 -9.35234e-4 0.02784508 -0.007392406 -9.35234e-4 0.02785503 -0.007214009 -6.50825e-4 0.02785503 -0.007214009 -6.50825e-4 0.02785503 -0.007214009 -6.50825e-4 0.02786123 -0.007103204 -3.33781e-4 0.02786123 -0.007103204 -3.33781e-4 0.02786123 -0.007103204 -3.33781e-4 0.02786123 -0.007103204 -3.33781e-4 0.02803391 -0.004013657 -8.89252e-4 0.02803391 -0.004013657 -8.89252e-4 0.02803391 -0.004013657 -8.89252e-4 0.02804458 -0.003822386 -0.001299977 0.02804458 -0.003822386 -0.001299977 0.02804458 -0.003822386 -0.001299977 0.02805912 -0.003562867 -0.001671195 0.02805912 -0.003562867 -0.001671195 0.02805912 -0.003562867 -0.001671195 0.028077 -0.003242909 -0.001991689 0.028077 -0.003242909 -0.001991689 0.028077 -0.003242909 -0.001991689 0.02809768 -0.002872228 -0.002251625 0.02809768 -0.002872228 -0.002251625 0.02809768 -0.002872228 -0.002251625 0.02809768 -0.002872228 -0.002251625 0.02809768 -0.002872228 -0.002251625 0.02809482 -0.002923607 -0.006349146 0.02809482 -0.002923607 -0.006349146 0.02809482 -0.002923607 -0.006349146 0.02809482 -0.002923607 -0.006349146 0.02808862 -0.003034353 -0.006666183 0.02808862 -0.003034353 -0.006666183 0.02808862 -0.003034353 -0.006666183 0.02808862 -0.003034353 -0.006666183 0.02808862 -0.003034353 -0.006666183 0.02825182 -1.1417e-4 -0.006666183 0.02825182 -1.1417e-4 -0.006666183 0.02825182 -1.1417e-4 -0.006666183 0.02825182 -1.1417e-4 -0.006666183 0.02824562 -2.24919e-4 -0.006349146 0.02824562 -2.24919e-4 -0.006349146 0.02824562 -2.24919e-4 -0.006349146 0.02824562 -2.24919e-4 -0.006349146 0.02824276 -2.7631e-4 -0.002251625 0.02824276 -2.7631e-4 -0.002251625 0.02824276 -2.7631e-4 -0.002251625 0.02808862 -0.003034353 0.006666183 0.02808862 -0.003034353 0.006666183 0.02808862 -0.003034353 0.006666183 0.02808862 -0.003034353 0.006666183 0.02809768 -0.002872228 0.002251625 0.02809768 -0.002872228 0.002251625 0.02809768 -0.002872228 0.002251625 0.02809768 -0.002872228 0.002251625 0.02809768 -0.002872228 0.002251625 0.028077 -0.003242909 0.001991689 0.028077 -0.003242909 0.001991689 0.028077 -0.003242909 0.001991689 0.02805912 -0.003562867 0.001671195 0.02805912 -0.003562867 0.001671195 0.02805912 -0.003562867 0.001671195 0.02804458 -0.003822386 0.001299977 0.02804458 -0.003822386 0.001299977 0.02804458 -0.003822386 0.001299977 0.02803391 -0.004013657 8.89252e-4 0.02803391 -0.004013657 8.89252e-4 0.02803391 -0.004013657 8.89252e-4 0.02803391 -0.004013657 8.89252e-4 0.02786123 -0.007103204 3.33781e-4 0.02786123 -0.007103204 3.33781e-4 0.02786123 -0.007103204 3.33781e-4 0.02785503 -0.007214009 6.50825e-4 0.02785503 -0.007214009 6.50825e-4 0.02785503 -0.007214009 6.50825e-4 0.02784508 -0.007392406 9.35234e-4 0.02784508 -0.007392406 9.35234e-4 0.02784508 -0.007392406 9.35234e-4 0.02783185 -0.007629573 0.001172721 0.02783185 -0.007629573 0.001172721 0.02783185 -0.007629573 0.001172721 0.02781593 -0.007913529 0.001351416 0.02781593 -0.007913529 0.001351416 0.02781593 -0.007913529 0.001351416 0.02779829 -0.00823009 0.00146234 0.02779829 -0.00823009 0.00146234 0.02779829 -0.00823009 0.00146234 0.02777963 -0.008563339 0.00149995 0.02777963 -0.008563339 0.00149995 0.02777963 -0.008563339 0.00149995 0.02776104 -0.008896589 0.00146234 0.02776104 -0.008896589 0.00146234 0.02776104 -0.008896589 0.00146234 0.02774333 -0.009213149 0.001351416 0.02774333 -0.009213149 0.001351416 0.02774333 -0.009213149 0.001351416 0.02825391 -7.66031e-5 0.006999969 0.02825391 -7.66031e-5 0.006999969 0.02825391 -7.66031e-5 0.006999969 0.02825391 -7.66031e-5 0.006999969 0.02825182 -1.1417e-4 0.007333755 0.02825182 -1.1417e-4 0.007333755 0.02825182 -1.1417e-4 0.007333755 0.02825182 -1.1417e-4 0.007333755 0.02824562 -2.24919e-4 0.007650792 0.02824562 -2.24919e-4 0.007650792 0.02824562 -2.24919e-4 0.007650792 0.02824562 -2.24919e-4 0.007650792 0.02823567 -4.03355e-4 0.007935225 0.02823567 -4.03355e-4 0.007935225 0.02823567 -4.03355e-4 0.007935225 0.02822244 -6.40507e-4 0.00817269 0.02822244 -6.40507e-4 0.00817269 0.02822244 -6.40507e-4 0.00817269 0.02820652 -9.24458e-4 0.008351445 0.02820652 -9.24458e-4 0.008351445 0.02820652 -9.24458e-4 0.008351445 0.02818888 -0.001240968 0.008462369 0.02818888 -0.001240968 0.008462369 0.02818888 -0.001240968 0.008462369 0.02817022 -0.001574218 0.008499979 0.02817022 -0.001574218 0.008499979 0.02817022 -0.001574218 0.008499979 0.02815163 -0.001907527 0.008462369 0.02815163 -0.001907527 0.008462369 0.02815163 -0.001907527 0.008462369 0.02813392 -0.002224028 0.008351445 0.02813392 -0.002224028 0.008351445 0.02813392 -0.002224028 0.008351445 0.02811807 -0.002508044 0.00817269 0.02811807 -0.002508044 0.00817269 0.02811807 -0.002508044 0.00817269 0.0287581 0.008944809 0.00771445 0.0287581 0.008944809 0.00771445 0.0287581 0.008944809 0.00771445 0.02877897 0.009317874 0.007296323 0.02877897 0.009317874 0.007296323 0.02877897 0.009317874 0.007296323 0.02877897 0.009317874 0.007296323 0.0282635 9.43717e-5 0.001991689 0.0282635 9.43717e-5 0.001991689 0.0282635 9.43717e-5 0.001991689 0.0282635 9.43717e-5 0.001991689 0.02852451 0.004764974 0.001351416 0.02852451 0.004764974 0.001351416 0.02852451 0.004764974 0.001351416 0.02829587 6.73885e-4 0.001299977 0.02829587 6.73885e-4 0.001299977 0.02829587 6.73885e-4 0.001299977 0.02829587 6.73885e-4 0.001299977 0.02829587 6.73885e-4 0.001299977 0.02854222 0.005081534 0.00146234 0.02854222 0.005081534 0.00146234 0.02854222 0.005081534 0.00146234 0.02854222 0.005081534 0.00146234 0.02828139 4.14349e-4 0.001671195 0.02828139 4.14349e-4 0.001671195 0.02828139 4.14349e-4 0.001671195 0.02829587 6.73885e-4 -0.001299977 0.02829587 6.73885e-4 -0.001299977 0.02829587 6.73885e-4 -0.001299977 0.02850866 0.004481017 -0.001172721 0.02850866 0.004481017 -0.001172721 0.02850866 0.004481017 -0.001172721 0.02852451 0.004764974 -0.001351416 0.02852451 0.004764974 -0.001351416 0.02852451 0.004764974 -0.001351416 0.02877897 0.009317874 -0.007296323 0.02877897 0.009317874 -0.007296323 0.02877897 0.009317874 -0.007296323 0.02877897 0.009317874 -0.007296323 0.0287581 0.008944809 -0.00771445 0.0287581 0.008944809 -0.00771445 0.0287581 0.008944809 -0.00771445 0.0287581 0.008944809 -0.00771445 0.02813392 -0.002224028 -0.005648493 0.02813392 -0.002224028 -0.005648493 0.02813392 -0.002224028 -0.005648493 0.02814501 -0.002025008 -0.002560496 0.02814501 -0.002025008 -0.002560496 0.02814501 -0.002025008 -0.002560496 0.02815163 -0.001907527 -0.005537569 0.02815163 -0.001907527 -0.005537569 0.02815163 -0.001907527 -0.005537569 0.02817022 -0.001574218 -0.005499958 0.02817022 -0.001574218 -0.005499958 0.02817022 -0.001574218 -0.005499958 0.02817022 -0.001574218 -0.002599954 0.02817022 -0.001574218 -0.002599954 0.02817022 -0.001574218 -0.002599954 0.02818888 -0.001240968 -0.005537569 0.02818888 -0.001240968 -0.005537569 0.02818888 -0.001240968 -0.005537569 0.02819544 -0.001123428 -0.002560496 0.02819544 -0.001123428 -0.002560496 0.02819544 -0.001123428 -0.002560496 0.02820652 -9.24458e-4 -0.005648493 0.02820652 -9.24458e-4 -0.005648493 0.02820652 -9.24458e-4 -0.005648493 0.02821987 -6.86406e-4 -0.002443194 0.02821987 -6.86406e-4 -0.002443194 0.02821987 -6.86406e-4 -0.002443194 0.02822244 -6.40507e-4 -0.005827248 0.02822244 -6.40507e-4 -0.005827248 0.02822244 -6.40507e-4 -0.005827248 0.02823567 -4.03355e-4 -0.006064713 0.02823567 -4.03355e-4 -0.006064713 0.02823567 -4.03355e-4 -0.006064713 0.02810478 -0.002745151 0.006064713 0.02810478 -0.002745151 0.006064713 0.02810478 -0.002745151 0.006064713 0.02812063 -0.002462089 0.002443194 0.02812063 -0.002462089 0.002443194 0.02812063 -0.002462089 0.002443194 0.02809482 -0.002923607 0.006349146 0.02809482 -0.002923607 0.006349146 0.02809482 -0.002923607 0.006349146 0.02809482 -0.002923607 0.006349146 0.02811807 -0.002508044 0.005827248 0.02811807 -0.002508044 0.005827248 0.02811807 -0.002508044 0.005827248 0.02817022 -0.001574218 0.002599954 0.02817022 -0.001574218 0.002599954 0.02817022 -0.001574218 0.002599954 0.02817022 -0.001574218 0.005499958 0.02817022 -0.001574218 0.005499958 0.02817022 -0.001574218 0.005499958 0.02819544 -0.001123428 0.002560496 0.02819544 -0.001123428 0.002560496 0.02819544 -0.001123428 0.002560496 0.02818888 -0.001240968 0.005537569 0.02818888 -0.001240968 0.005537569 0.02818888 -0.001240968 0.005537569 0.02821987 -6.86406e-4 0.002443194 0.02821987 -6.86406e-4 0.002443194 0.02821987 -6.86406e-4 0.002443194 0.02820652 -9.24458e-4 0.005648493 0.02820652 -9.24458e-4 0.005648493 0.02820652 -9.24458e-4 0.005648493 0.02822244 -6.40507e-4 0.005827248 0.02822244 -6.40507e-4 0.005827248 0.02822244 -6.40507e-4 0.005827248 0.02824276 -2.7631e-4 0.002251625 0.02824276 -2.7631e-4 0.002251625 0.02824276 -2.7631e-4 0.002251625 0.02823567 -4.03355e-4 0.006064713 0.02823567 -4.03355e-4 0.006064713 0.02823567 -4.03355e-4 0.006064713 0.02823567 -4.03355e-4 0.006064713 0.02824562 -2.24919e-4 0.006349146 0.02824562 -2.24919e-4 0.006349146 0.02824562 -2.24919e-4 0.006349146 0.02824562 -2.24919e-4 0.006349146 0.02824562 -2.24919e-4 0.006349146 0.02825182 -1.1417e-4 0.006666183 0.02825182 -1.1417e-4 0.006666183 0.02825182 -1.1417e-4 0.006666183 0.02825182 -1.1417e-4 0.006666183 0.02825182 -1.1417e-4 0.006666183 0.03355306 0.005135774 0.00149995 0.03355306 0.005135774 0.00149995 0.03355306 0.005135774 0.00149995 0.03355306 0.005135774 0.00149995 0.03357166 0.005469083 0.00146234 0.03357166 0.005469083 0.00146234 0.03357166 0.005469083 0.00146234 0.03357166 0.005469083 0.00146234 0.03378927 0.009362816 0.006839036 0.03378927 0.009362816 0.006839036 0.03378927 0.009362816 0.006839036 0.0330196 -0.00440979 4.51485e-4 0.0330196 -0.00440979 4.51485e-4 0.0330196 -0.00440979 4.51485e-4 0.03285557 -0.007344663 0 0.03285557 -0.007344663 0 0.03285557 -0.007344663 0 0.03285557 -0.007344663 0 0.03301739 -0.004449188 0 0.03301739 -0.004449188 0 0.03301739 -0.004449188 0 0.0330196 -0.00440979 -4.51485e-4 0.0330196 -0.00440979 -4.51485e-4 0.0330196 -0.00440979 -4.51485e-4 0.03348761 0.0039649 9.35234e-4 0.03348761 0.0039649 9.35234e-4 0.03348761 0.0039649 9.35234e-4 0.03350085 0.004202008 0.001172721 0.03350085 0.004202008 0.001172721 0.03350085 0.004202008 0.001172721 0.03329879 5.86132e-4 8.89252e-4 0.03329879 5.86132e-4 8.89252e-4 0.03329879 5.86132e-4 8.89252e-4 0.03330534 7.03243e-4 4.51485e-4 0.03330534 7.03243e-4 4.51485e-4 0.03330534 7.03243e-4 4.51485e-4 0.03330534 7.03243e-4 4.51485e-4 0.03348761 0.0039649 -9.35234e-4 0.03348761 0.0039649 -9.35234e-4 0.03348761 0.0039649 -9.35234e-4 0.03330534 7.03243e-4 -4.51485e-4 0.03330534 7.03243e-4 -4.51485e-4 0.03330534 7.03243e-4 -4.51485e-4 0.03329879 5.86132e-4 -8.89252e-4 0.03329879 5.86132e-4 -8.89252e-4 0.03329879 5.86132e-4 -8.89252e-4 0.0335344 0.004802525 -0.00146234 0.0335344 0.004802525 -0.00146234 0.0335344 0.004802525 -0.00146234 0.0335344 0.004802525 -0.00146234 0.03327357 1.35357e-4 -0.001671195 0.03327357 1.35357e-4 -0.001671195 0.03327357 1.35357e-4 -0.001671195 0.03327357 1.35357e-4 -0.001671195 0.03355306 0.005135774 -0.00149995 0.03355306 0.005135774 -0.00149995 0.03355306 0.005135774 -0.00149995 0.03355306 0.005135774 -0.00149995 0.03309702 -0.00302416 -0.006064713 0.03309702 -0.00302416 -0.006064713 0.03309702 -0.00302416 -0.006064713 0.03309702 -0.00302416 -0.006064713 0.03311026 -0.002786993 -0.005827248 0.03311026 -0.002786993 -0.005827248 0.03311026 -0.002786993 -0.005827248 0.03311282 -0.002741098 -0.002443194 0.03311282 -0.002741098 -0.002443194 0.03311282 -0.002741098 -0.002443194 0.03313726 -0.002304017 0.002560496 0.03313726 -0.002304017 0.002560496 0.03313726 -0.002304017 0.002560496 0.03314381 -0.002186477 0.005537569 0.03314381 -0.002186477 0.005537569 0.03314381 -0.002186477 0.005537569 0.03312611 -0.002503037 0.005648493 0.03312611 -0.002503037 0.005648493 0.03312611 -0.002503037 0.005648493 0.03330755 7.42672e-4 0 0.03330755 7.42672e-4 0 0.03330755 7.42672e-4 0 0.03330755 7.42672e-4 0 0.03347766 0.003786444 -6.50825e-4 0.03347766 0.003786444 -6.50825e-4 0.03347766 0.003786444 -6.50825e-4 0.03347146 0.003675699 -3.33781e-4 0.03347146 0.003675699 -3.33781e-4 0.03347146 0.003675699 -3.33781e-4 0.03346931 0.003638148 0 0.03346931 0.003638148 0 0.03346931 0.003638148 0 0.03347146 0.003675699 3.33781e-4 0.03347146 0.003675699 3.33781e-4 0.03347146 0.003675699 3.33781e-4 0.03347766 0.003786444 6.50825e-4 0.03347766 0.003786444 6.50825e-4 0.03347766 0.003786444 6.50825e-4 0.03378927 0.009362816 -0.006839036 0.03378927 0.009362816 -0.006839036 0.03378927 0.009362816 -0.006839036 0.03378927 0.009362816 -0.006839036 0.03380441 0.0096336 -0.006348311 0.03380441 0.0096336 -0.006348311 0.03380441 0.0096336 -0.006348311 0.03381639 0.009847879 -0.005830287 0.03381639 0.009847879 -0.005830287 0.03381639 0.009847879 -0.005830287 0.03381639 0.009847879 -0.005830287 0.03382503 0.01000285 -0.005291521 0.03382503 0.01000285 -0.005291521 0.03382503 0.01000285 -0.005291521 0.03383028 0.0100966 -0.004738748 0.03383028 0.0100966 -0.004738748 0.03383028 0.0100966 -0.004738748 0.03383201 0.01012802 -0.004178881 0.03383201 0.01012802 -0.004178881 0.03383201 0.01012802 -0.004178881 0.03383201 0.01012802 -0.004178881 0.03383201 0.01012802 -0.004178881 0.03363674 0.00663346 0 0.03363674 0.00663346 0 0.03363674 0.00663346 0 0.03363674 0.00663346 0 0.03363466 0.006595909 -3.33781e-4 0.03363466 0.006595909 -3.33781e-4 0.03363466 0.006595909 -3.33781e-4 0.03363466 0.006595909 -3.33781e-4 0.03362846 0.006485164 -6.50825e-4 0.03362846 0.006485164 -6.50825e-4 0.03362846 0.006485164 -6.50825e-4 0.0336185 0.006306707 -9.35234e-4 0.0336185 0.006306707 -9.35234e-4 0.0336185 0.006306707 -9.35234e-4 0.03360521 0.0060696 -0.001172721 0.03360521 0.0060696 -0.001172721 0.03360521 0.0060696 -0.001172721 0.03358936 0.005785644 -0.001351416 0.03358936 0.005785644 -0.001351416 0.03358936 0.005785644 -0.001351416 0.03358936 0.005785644 -0.001351416 0.03357166 0.005469083 -0.00146234 0.03357166 0.005469083 -0.00146234 0.03357166 0.005469083 -0.00146234 0.03325569 -1.8462e-4 -0.001991689 0.03325569 -1.8462e-4 -0.001991689 0.03325569 -1.8462e-4 -0.001991689 0.03325569 -1.8462e-4 -0.001991689 0.0336185 0.006306707 9.35234e-4 0.0336185 0.006306707 9.35234e-4 0.0336185 0.006306707 9.35234e-4 0.0336185 0.006306707 9.35234e-4 0.0336185 0.006306707 9.35234e-4 0.03362846 0.006485164 6.50825e-4 0.03362846 0.006485164 6.50825e-4 0.03362846 0.006485164 6.50825e-4 0.03362846 0.006485164 6.50825e-4 0.03362846 0.006485164 6.50825e-4 0.03363466 0.006595909 3.33781e-4 0.03363466 0.006595909 3.33781e-4 0.03363466 0.006595909 3.33781e-4 0.03363466 0.006595909 3.33781e-4 0.03363466 0.006595909 3.33781e-4 0.03383201 0.01012802 0.004178881 0.03383201 0.01012802 0.004178881 0.03383201 0.01012802 0.004178881 0.03358936 0.005785644 0.001351416 0.03358936 0.005785644 0.001351416 0.03358936 0.005785644 0.001351416 0.03360521 0.0060696 0.001172721 0.03360521 0.0060696 0.001172721 0.03360521 0.0060696 0.001172721 0.03383028 0.0100966 0.004738748 0.03383028 0.0100966 0.004738748 0.03383028 0.0100966 0.004738748 0.03382503 0.01000285 0.005291521 0.03382503 0.01000285 0.005291521 0.03382503 0.01000285 0.005291521 0.03381639 0.009847879 0.005830287 0.03381639 0.009847879 0.005830287 0.03381639 0.009847879 0.005830287 0.03380441 0.0096336 0.006348311 0.03380441 0.0096336 0.006348311 0.03380441 0.0096336 0.006348311 0.03124135 -0.03622853 -0.01424998 0.03124135 -0.03622853 -0.01424998 0.03124135 -0.03622853 -0.01424998 0.03124135 -0.03622853 -0.01424998 0.03338563 0.002140462 -0.01424998 0.03338563 0.002140462 -0.01424998 0.03338563 0.002140462 -0.01424998 0.03338563 0.002140462 -0.01424998 0.03338563 0.002140462 -0.01424998 0.03338563 0.002140462 -0.01424998 0.03309702 -0.00302416 -0.007935225 0.03309702 -0.00302416 -0.007935225 0.03309702 -0.00302416 -0.007935225 0.03309702 -0.00302416 -0.007935225 0.03308701 -0.003202557 -0.007650792 0.03308701 -0.003202557 -0.007650792 0.03308701 -0.003202557 -0.007650792 0.03308081 -0.003313362 -0.007333755 0.03308081 -0.003313362 -0.007333755 0.03308081 -0.003313362 -0.007333755 0.03308081 -0.003313362 -0.007333755 0.03307873 -0.003350913 -0.006999969 0.03307873 -0.003350913 -0.006999969 0.03307873 -0.003350913 -0.006999969 0.03307873 -0.003350913 -0.006999969 0.03307873 -0.003350913 -0.006999969 0.03271967 -0.009776115 -0.001172721 0.03271967 -0.009776115 -0.001172721 0.03271967 -0.009776115 -0.001172721 0.03270643 -0.01001328 -9.35234e-4 0.03270643 -0.01001328 -9.35234e-4 0.03270643 -0.01001328 -9.35234e-4 0.03269642 -0.01019167 -6.50825e-4 0.03269642 -0.01019167 -6.50825e-4 0.03269642 -0.01019167 -6.50825e-4 0.03269022 -0.01030248 -3.33781e-4 0.03269022 -0.01030248 -3.33781e-4 0.03269022 -0.01030248 -3.33781e-4 0.03269022 -0.01030248 -3.33781e-4 0.03268814 -0.01034003 0 0.03268814 -0.01034003 0 0.03268814 -0.01034003 0 0.03268814 -0.01034003 0 0.03269022 -0.01030248 3.33781e-4 0.03269022 -0.01030248 3.33781e-4 0.03269022 -0.01030248 3.33781e-4 0.03269642 -0.01019167 6.50825e-4 0.03269642 -0.01019167 6.50825e-4 0.03269642 -0.01019167 6.50825e-4 0.03270643 -0.01001328 9.35234e-4 0.03270643 -0.01001328 9.35234e-4 0.03270643 -0.01001328 9.35234e-4 0.03271967 -0.009776115 0.001172721 0.03271967 -0.009776115 0.001172721 0.03271967 -0.009776115 0.001172721 0.03307873 -0.003350913 0.006999969 0.03307873 -0.003350913 0.006999969 0.03307873 -0.003350913 0.006999969 0.03307873 -0.003350913 0.006999969 0.03307873 -0.003350913 0.006999969 0.03308081 -0.003313362 0.007333755 0.03308081 -0.003313362 0.007333755 0.03308081 -0.003313362 0.007333755 0.03308701 -0.003202557 0.007650792 0.03308701 -0.003202557 0.007650792 0.03308701 -0.003202557 0.007650792 0.03308701 -0.003202557 0.007650792 0.03309702 -0.00302416 0.007935225 0.03309702 -0.00302416 0.007935225 0.03309702 -0.00302416 0.007935225 0.03309702 -0.00302416 0.007935225 0.03309702 -0.00302416 0.007935225 0.03338563 0.002140462 0.01424998 0.03338563 0.002140462 0.01424998 0.03338563 0.002140462 0.01424998 0.03338563 0.002140462 0.01424998 0.03124135 -0.03622853 0.01424998 0.03124135 -0.03622853 0.01424998 0.03124135 -0.03622853 0.01424998 0.03324615 -3.5561e-4 -0.006999969 0.03324615 -3.5561e-4 -0.006999969 0.03324615 -3.5561e-4 -0.006999969 0.03324615 -3.5561e-4 -0.006999969 0.03324615 -3.5561e-4 -0.006999969 0.03324407 -3.93162e-4 -0.007333755 0.03324407 -3.93162e-4 -0.007333755 0.03324407 -3.93162e-4 -0.007333755 0.03324407 -3.93162e-4 -0.007333755 0.03323787 -5.03926e-4 -0.007650792 0.03323787 -5.03926e-4 -0.007650792 0.03323787 -5.03926e-4 -0.007650792 0.03323787 -5.03926e-4 -0.007650792 0.03322786 -6.82347e-4 -0.007935225 0.03322786 -6.82347e-4 -0.007935225 0.03322786 -6.82347e-4 -0.007935225 0.03321462 -9.19499e-4 -0.00817269 0.03321462 -9.19499e-4 -0.00817269 0.03321462 -9.19499e-4 -0.00817269 0.03319877 -0.001203417 -0.008351445 0.03319877 -0.001203417 -0.008351445 0.03319877 -0.001203417 -0.008351445 0.03318107 -0.001519978 -0.008462369 0.03318107 -0.001519978 -0.008462369 0.03318107 -0.001519978 -0.008462369 0.03316247 -0.001853227 -0.008499979 0.03316247 -0.001853227 -0.008499979 0.03316247 -0.001853227 -0.008499979 0.03314381 -0.002186477 -0.008462369 0.03314381 -0.002186477 -0.008462369 0.03314381 -0.002186477 -0.008462369 0.03312611 -0.002503037 -0.008351445 0.03312611 -0.002503037 -0.008351445 0.03312611 -0.002503037 -0.008351445 0.03312611 -0.002503037 -0.008351445 0.03311026 -0.002786993 -0.00817269 0.03311026 -0.002786993 -0.00817269 0.03311026 -0.002786993 -0.00817269 0.03311026 -0.002786993 -0.00817269 0.03306919 -0.003521859 -0.001991689 0.03306919 -0.003521859 -0.001991689 0.03306919 -0.003521859 -0.001991689 0.03305131 -0.003841876 -0.001671195 0.03305131 -0.003841876 -0.001671195 0.03305131 -0.003841876 -0.001671195 0.03303682 -0.004101395 -0.001299977 0.03303682 -0.004101395 -0.001299977 0.03303682 -0.004101395 -0.001299977 0.03302609 -0.004292666 -8.89252e-4 0.03302609 -0.004292666 -8.89252e-4 0.03302609 -0.004292666 -8.89252e-4 0.03285342 -0.007382214 -3.33781e-4 0.03285342 -0.007382214 -3.33781e-4 0.03285342 -0.007382214 -3.33781e-4 0.03284728 -0.007493019 -6.50825e-4 0.03284728 -0.007493019 -6.50825e-4 0.03284728 -0.007493019 -6.50825e-4 0.03283727 -0.007671415 -9.35234e-4 0.03283727 -0.007671415 -9.35234e-4 0.03283727 -0.007671415 -9.35234e-4 0.03282403 -0.007908523 -0.001172721 0.03282403 -0.007908523 -0.001172721 0.03282403 -0.007908523 -0.001172721 0.03280818 -0.008192539 -0.001351416 0.03280818 -0.008192539 -0.001351416 0.03280818 -0.008192539 -0.001351416 0.03279048 -0.008509099 -0.00146234 0.03279048 -0.008509099 -0.00146234 0.03279048 -0.008509099 -0.00146234 0.03277182 -0.008842349 -0.00149995 0.03277182 -0.008842349 -0.00149995 0.03277182 -0.008842349 -0.00149995 0.03275322 -0.009175598 -0.00146234 0.03275322 -0.009175598 -0.00146234 0.03275322 -0.009175598 -0.00146234 0.03273552 -0.009492158 -0.001351416 0.03273552 -0.009492158 -0.001351416 0.03273552 -0.009492158 -0.001351416 0.03308993 -0.003151178 -0.002251625 0.03308993 -0.003151178 -0.002251625 0.03308993 -0.003151178 -0.002251625 0.03308993 -0.003151178 -0.002251625 0.03308993 -0.003151178 -0.002251625 0.03308993 -0.003151178 -0.002251625 0.03308081 -0.003313362 -0.006666183 0.03308081 -0.003313362 -0.006666183 0.03308081 -0.003313362 -0.006666183 0.03308081 -0.003313362 -0.006666183 0.03308701 -0.003202557 -0.006349146 0.03308701 -0.003202557 -0.006349146 0.03308701 -0.003202557 -0.006349146 0.03308701 -0.003202557 -0.006349146 0.03323501 -5.55302e-4 -0.002251625 0.03323501 -5.55302e-4 -0.002251625 0.03323501 -5.55302e-4 -0.002251625 0.03323787 -5.03926e-4 -0.006349146 0.03323787 -5.03926e-4 -0.006349146 0.03323787 -5.03926e-4 -0.006349146 0.03323787 -5.03926e-4 -0.006349146 0.03324407 -3.93162e-4 -0.006666183 0.03324407 -3.93162e-4 -0.006666183 0.03324407 -3.93162e-4 -0.006666183 0.03324407 -3.93162e-4 -0.006666183 0.03324407 -3.93162e-4 -0.006666183 0.03273552 -0.009492158 0.001351416 0.03273552 -0.009492158 0.001351416 0.03273552 -0.009492158 0.001351416 0.03275322 -0.009175598 0.00146234 0.03275322 -0.009175598 0.00146234 0.03275322 -0.009175598 0.00146234 0.03277182 -0.008842349 0.00149995 0.03277182 -0.008842349 0.00149995 0.03277182 -0.008842349 0.00149995 0.03279048 -0.008509099 0.00146234 0.03279048 -0.008509099 0.00146234 0.03279048 -0.008509099 0.00146234 0.03280818 -0.008192539 0.001351416 0.03280818 -0.008192539 0.001351416 0.03280818 -0.008192539 0.001351416 0.03282403 -0.007908523 0.001172721 0.03282403 -0.007908523 0.001172721 0.03282403 -0.007908523 0.001172721 0.03283727 -0.007671415 9.35234e-4 0.03283727 -0.007671415 9.35234e-4 0.03283727 -0.007671415 9.35234e-4 0.03284728 -0.007493019 6.50825e-4 0.03284728 -0.007493019 6.50825e-4 0.03284728 -0.007493019 6.50825e-4 0.03285342 -0.007382214 3.33781e-4 0.03285342 -0.007382214 3.33781e-4 0.03285342 -0.007382214 3.33781e-4 0.03285342 -0.007382214 3.33781e-4 0.03302609 -0.004292666 8.89252e-4 0.03302609 -0.004292666 8.89252e-4 0.03302609 -0.004292666 8.89252e-4 0.03303682 -0.004101395 0.001299977 0.03303682 -0.004101395 0.001299977 0.03303682 -0.004101395 0.001299977 0.03305131 -0.003841876 0.001671195 0.03305131 -0.003841876 0.001671195 0.03305131 -0.003841876 0.001671195 0.03306919 -0.003521859 0.001991689 0.03306919 -0.003521859 0.001991689 0.03306919 -0.003521859 0.001991689 0.03308993 -0.003151178 0.002251625 0.03308993 -0.003151178 0.002251625 0.03308993 -0.003151178 0.002251625 0.03308993 -0.003151178 0.002251625 0.03308081 -0.003313362 0.006666183 0.03308081 -0.003313362 0.006666183 0.03308081 -0.003313362 0.006666183 0.03308081 -0.003313362 0.006666183 0.03308081 -0.003313362 0.006666183 0.03311026 -0.002786993 0.00817269 0.03311026 -0.002786993 0.00817269 0.03311026 -0.002786993 0.00817269 0.03311026 -0.002786993 0.00817269 0.03312611 -0.002503037 0.008351445 0.03312611 -0.002503037 0.008351445 0.03312611 -0.002503037 0.008351445 0.03314381 -0.002186477 0.008462369 0.03314381 -0.002186477 0.008462369 0.03314381 -0.002186477 0.008462369 0.03316247 -0.001853227 0.008499979 0.03316247 -0.001853227 0.008499979 0.03316247 -0.001853227 0.008499979 0.03318107 -0.001519978 0.008462369 0.03318107 -0.001519978 0.008462369 0.03318107 -0.001519978 0.008462369 0.03319877 -0.001203417 0.008351445 0.03319877 -0.001203417 0.008351445 0.03319877 -0.001203417 0.008351445 0.03321462 -9.19499e-4 0.00817269 0.03321462 -9.19499e-4 0.00817269 0.03321462 -9.19499e-4 0.00817269 0.03322786 -6.82347e-4 0.007935225 0.03322786 -6.82347e-4 0.007935225 0.03322786 -6.82347e-4 0.007935225 0.03322786 -6.82347e-4 0.007935225 0.03323787 -5.03926e-4 0.007650792 0.03323787 -5.03926e-4 0.007650792 0.03323787 -5.03926e-4 0.007650792 0.03323787 -5.03926e-4 0.007650792 0.03324407 -3.93162e-4 0.007333755 0.03324407 -3.93162e-4 0.007333755 0.03324407 -3.93162e-4 0.007333755 0.03324407 -3.93162e-4 0.007333755 0.03324615 -3.5561e-4 0.006999969 0.03324615 -3.5561e-4 0.006999969 0.03324615 -3.5561e-4 0.006999969 0.03324615 -3.5561e-4 0.006999969 0.03325569 -1.8462e-4 0.001991689 0.03325569 -1.8462e-4 0.001991689 0.03325569 -1.8462e-4 0.001991689 0.03377115 0.009038865 0.007296323 0.03377115 0.009038865 0.007296323 0.03377115 0.009038865 0.007296323 0.03375029 0.0086658 0.00771445 0.03375029 0.0086658 0.00771445 0.03375029 0.0086658 0.00771445 0.03375029 0.0086658 0.00771445 0.0335344 0.004802525 0.00146234 0.0335344 0.004802525 0.00146234 0.0335344 0.004802525 0.00146234 0.0335344 0.004802525 0.00146234 0.03328806 3.94878e-4 0.001299977 0.03328806 3.94878e-4 0.001299977 0.03328806 3.94878e-4 0.001299977 0.03328806 3.94878e-4 0.001299977 0.0335167 0.004485964 0.001351416 0.0335167 0.004485964 0.001351416 0.0335167 0.004485964 0.001351416 0.03327357 1.35357e-4 0.001671195 0.03327357 1.35357e-4 0.001671195 0.03327357 1.35357e-4 0.001671195 0.03327357 1.35357e-4 0.001671195 0.0335167 0.004485964 -0.001351416 0.0335167 0.004485964 -0.001351416 0.0335167 0.004485964 -0.001351416 0.03350085 0.004202008 -0.001172721 0.03350085 0.004202008 -0.001172721 0.03350085 0.004202008 -0.001172721 0.03328806 3.94878e-4 -0.001299977 0.03328806 3.94878e-4 -0.001299977 0.03328806 3.94878e-4 -0.001299977 0.03328806 3.94878e-4 -0.001299977 0.03377115 0.009038865 -0.007296323 0.03377115 0.009038865 -0.007296323 0.03377115 0.009038865 -0.007296323 0.03377115 0.009038865 -0.007296323 0.03377115 0.009038865 -0.007296323 0.03375029 0.0086658 -0.00771445 0.03375029 0.0086658 -0.00771445 0.03375029 0.0086658 -0.00771445 0.03314381 -0.002186477 -0.005537569 0.03314381 -0.002186477 -0.005537569 0.03314381 -0.002186477 -0.005537569 0.03313726 -0.002304017 -0.002560496 0.03313726 -0.002304017 -0.002560496 0.03313726 -0.002304017 -0.002560496 0.03312611 -0.002503037 -0.005648493 0.03312611 -0.002503037 -0.005648493 0.03312611 -0.002503037 -0.005648493 0.03321462 -9.19499e-4 -0.005827248 0.03321462 -9.19499e-4 -0.005827248 0.03321462 -9.19499e-4 -0.005827248 0.03321206 -9.65397e-4 -0.002443194 0.03321206 -9.65397e-4 -0.002443194 0.03321206 -9.65397e-4 -0.002443194 0.03319877 -0.001203417 -0.005648493 0.03319877 -0.001203417 -0.005648493 0.03319877 -0.001203417 -0.005648493 0.03318762 -0.001402437 -0.002560496 0.03318762 -0.001402437 -0.002560496 0.03318762 -0.001402437 -0.002560496 0.03318107 -0.001519978 -0.005537569 0.03318107 -0.001519978 -0.005537569 0.03318107 -0.001519978 -0.005537569 0.03316247 -0.001853227 -0.002599954 0.03316247 -0.001853227 -0.002599954 0.03316247 -0.001853227 -0.002599954 0.03316247 -0.001853227 -0.005499958 0.03316247 -0.001853227 -0.005499958 0.03316247 -0.001853227 -0.005499958 0.03322786 -6.82347e-4 -0.006064713 0.03322786 -6.82347e-4 -0.006064713 0.03322786 -6.82347e-4 -0.006064713 0.03322786 -6.82347e-4 -0.006064713 0.03308701 -0.003202557 0.006349146 0.03308701 -0.003202557 0.006349146 0.03308701 -0.003202557 0.006349146 0.03308701 -0.003202557 0.006349146 0.03311282 -0.002741098 0.002443194 0.03311282 -0.002741098 0.002443194 0.03311282 -0.002741098 0.002443194 0.03311282 -0.002741098 0.002443194 0.03309702 -0.00302416 0.006064713 0.03309702 -0.00302416 0.006064713 0.03309702 -0.00302416 0.006064713 0.03309702 -0.00302416 0.006064713 0.03311026 -0.002786993 0.005827248 0.03311026 -0.002786993 0.005827248 0.03311026 -0.002786993 0.005827248 0.03321462 -9.19499e-4 0.005827248 0.03321462 -9.19499e-4 0.005827248 0.03321462 -9.19499e-4 0.005827248 0.03319877 -0.001203417 0.005648493 0.03319877 -0.001203417 0.005648493 0.03319877 -0.001203417 0.005648493 0.03321206 -9.65397e-4 0.002443194 0.03321206 -9.65397e-4 0.002443194 0.03321206 -9.65397e-4 0.002443194 0.03318107 -0.001519978 0.005537569 0.03318107 -0.001519978 0.005537569 0.03318107 -0.001519978 0.005537569 0.03318762 -0.001402437 0.002560496 0.03318762 -0.001402437 0.002560496 0.03318762 -0.001402437 0.002560496 0.03316247 -0.001853227 0.005499958 0.03316247 -0.001853227 0.005499958 0.03316247 -0.001853227 0.005499958 0.03316247 -0.001853227 0.002599954 0.03316247 -0.001853227 0.002599954 0.03316247 -0.001853227 0.002599954 0.03323787 -5.03926e-4 0.006349146 0.03323787 -5.03926e-4 0.006349146 0.03323787 -5.03926e-4 0.006349146 0.03323787 -5.03926e-4 0.006349146 0.03322786 -6.82347e-4 0.006064713 0.03322786 -6.82347e-4 0.006064713 0.03322786 -6.82347e-4 0.006064713 0.03323501 -5.55302e-4 0.002251625 0.03323501 -5.55302e-4 0.002251625 0.03323501 -5.55302e-4 0.002251625 0.03324407 -3.93162e-4 0.006666183 0.03324407 -3.93162e-4 0.006666183 0.03324407 -3.93162e-4 0.006666183 0.03324407 -3.93162e-4 0.006666183 -0.0155 -0.04821014 -0.01424998 -0.0155 -0.04821014 -0.01424998 -0.0155 -0.04821014 -0.01424998 -0.0155 -0.04821014 -0.01424998 -0.01763767 -0.08646017 -0.006463706 -0.01763767 -0.08646017 -0.006463706 -0.01763767 -0.08646017 -0.006463706 -0.01763767 -0.08646017 -0.006463706 -0.01759833 -0.08575618 -0.006540358 -0.01759833 -0.08575618 -0.006540358 -0.01759833 -0.08575618 -0.006540358 -0.01759833 -0.08575618 -0.006540358 -0.01755875 -0.08504807 -0.006540358 -0.01755875 -0.08504807 -0.006540358 -0.01755875 -0.08504807 -0.006540358 -0.01751941 -0.08434414 -0.006463706 -0.01751941 -0.08434414 -0.006463706 -0.01751941 -0.08434414 -0.006463706 -0.01748079 -0.08365255 -0.006311237 -0.01748079 -0.08365255 -0.006311237 -0.01748079 -0.08365255 -0.006311237 -0.01744329 -0.08298152 -0.00608474 -0.01744329 -0.08298152 -0.00608474 -0.01744329 -0.08298152 -0.00608474 -0.01744329 -0.08298152 -0.00608474 -0.01740735 -0.08233886 -0.005786955 -0.01740735 -0.08233886 -0.005786955 -0.01740735 -0.08233886 -0.005786955 -0.01737344 -0.08173209 -0.00542134 -0.01737344 -0.08173209 -0.00542134 -0.01737344 -0.08173209 -0.00542134 -0.01734191 -0.08116835 -0.004992127 -0.01734191 -0.08116835 -0.004992127 -0.01734191 -0.08116835 -0.004992127 -0.01731318 -0.08065426 -0.004504382 -0.01731318 -0.08065426 -0.004504382 -0.01731318 -0.08065426 -0.004504382 -0.01728761 -0.08019584 -0.003963887 -0.01728761 -0.08019584 -0.003963887 -0.01728761 -0.08019584 -0.003963887 -0.01726537 -0.07979846 -0.003376841 -0.01726537 -0.07979846 -0.003376841 -0.01726537 -0.07979846 -0.003376841 -0.01726537 -0.07979846 -0.003376841 -0.01724684 -0.07946681 -0.002750217 -0.01724684 -0.07946681 -0.002750217 -0.01724684 -0.07946681 -0.002750217 -0.01723217 -0.07920467 -0.002091407 -0.01723217 -0.07920467 -0.002091407 -0.01723217 -0.07920467 -0.002091407 -0.01723217 -0.07920467 -0.002091407 -0.01722162 -0.07901525 -0.00140804 -0.01722162 -0.07901525 -0.00140804 -0.01722162 -0.07901525 -0.00140804 -0.01721519 -0.07890069 -7.08179e-4 -0.01721519 -0.07890069 -7.08179e-4 -0.01721519 -0.07890069 -7.08179e-4 -0.01721304 -0.07886236 0 -0.01721304 -0.07886236 0 -0.01721304 -0.07886236 0 -0.0155 -0.04821014 0.01424998 -0.0155 -0.04821014 0.01424998 -0.0155 -0.04821014 0.01424998 -0.0155 -0.04821014 0.01424998 -0.01834577 -0.09913074 -0.01424998 -0.01834577 -0.09913074 -0.01424998 -0.01834577 -0.09913074 -0.01424998 -0.01794403 -0.09194195 0 -0.01794403 -0.09194195 0 -0.01794403 -0.09194195 0 -0.01794403 -0.09194195 0 -0.01794189 -0.09190356 -7.08179e-4 -0.01794189 -0.09190356 -7.08179e-4 -0.01794189 -0.09190356 -7.08179e-4 -0.01794189 -0.09190356 -7.08179e-4 -0.01793551 -0.09178906 -0.00140804 -0.01793551 -0.09178906 -0.00140804 -0.01793551 -0.09178906 -0.00140804 -0.01793551 -0.09178906 -0.00140804 -0.0179249 -0.09159958 -0.002091407 -0.0179249 -0.09159958 -0.002091407 -0.0179249 -0.09159958 -0.002091407 -0.0179249 -0.09159958 -0.002091407 -0.01791024 -0.0913375 -0.002750217 -0.01791024 -0.0913375 -0.002750217 -0.01791024 -0.0913375 -0.002750217 -0.0178917 -0.0910058 -0.003376841 -0.0178917 -0.0910058 -0.003376841 -0.0178917 -0.0910058 -0.003376841 -0.01786953 -0.09060841 -0.003963887 -0.01786953 -0.09060841 -0.003963887 -0.01786953 -0.09060841 -0.003963887 -0.0178439 -0.09014999 -0.004504382 -0.0178439 -0.09014999 -0.004504382 -0.0178439 -0.09014999 -0.004504382 -0.01781517 -0.0896359 -0.004992127 -0.01781517 -0.0896359 -0.004992127 -0.01781517 -0.0896359 -0.004992127 -0.01778364 -0.08907216 -0.00542134 -0.01778364 -0.08907216 -0.00542134 -0.01778364 -0.08907216 -0.00542134 -0.01778364 -0.08907216 -0.00542134 -0.01774972 -0.08846545 -0.005786955 -0.01774972 -0.08846545 -0.005786955 -0.01774972 -0.08846545 -0.005786955 -0.01771384 -0.08782273 -0.00608474 -0.01771384 -0.08782273 -0.00608474 -0.01771384 -0.08782273 -0.00608474 -0.01771384 -0.08782273 -0.00608474 -0.01767629 -0.0871517 -0.006311237 -0.01767629 -0.0871517 -0.006311237 -0.01767629 -0.0871517 -0.006311237 -0.01853632 -0.1025396 -0.01083576 -0.01853632 -0.1025396 -0.01083576 -0.01853632 -0.1025396 -0.01083576 -0.01855015 -0.1027879 -0.01053267 -0.01855015 -0.1027879 -0.01053267 -0.01855015 -0.1027879 -0.01053267 -0.01856052 -0.1029725 -0.01018691 -0.01856052 -0.1029725 -0.01018691 -0.01856052 -0.1029725 -0.01018691 -0.01856684 -0.1030861 -0.009811699 -0.01856684 -0.1030861 -0.009811699 -0.01856684 -0.1030861 -0.009811699 -0.01856684 -0.1030861 -0.009811699 -0.01856899 -0.1031244 -0.009421527 -0.01856899 -0.1031244 -0.009421527 -0.01856899 -0.1031244 -0.009421527 -0.01856899 -0.1031244 0.009421527 -0.01856899 -0.1031244 0.009421527 -0.01856899 -0.1031244 0.009421527 -0.01856684 -0.1030861 0.009811699 -0.01856684 -0.1030861 0.009811699 -0.01856684 -0.1030861 0.009811699 -0.01856052 -0.1029725 0.01018691 -0.01856052 -0.1029725 0.01018691 -0.01856052 -0.1029725 0.01018691 -0.01856052 -0.1029725 0.01018691 -0.01855015 -0.1027879 0.01053267 -0.01855015 -0.1027879 0.01053267 -0.01855015 -0.1027879 0.01053267 -0.01855015 -0.1027879 0.01053267 -0.01853632 -0.1025396 0.01083576 -0.01853632 -0.1025396 0.01083576 -0.01853632 -0.1025396 0.01083576 -0.01834577 -0.09913074 0.01424998 -0.01834577 -0.09913074 0.01424998 -0.01834577 -0.09913074 0.01424998 -0.01721519 -0.07890069 7.08179e-4 -0.01721519 -0.07890069 7.08179e-4 -0.01721519 -0.07890069 7.08179e-4 -0.01721519 -0.07890069 7.08179e-4 -0.01722162 -0.07901525 0.00140804 -0.01722162 -0.07901525 0.00140804 -0.01722162 -0.07901525 0.00140804 -0.01722162 -0.07901525 0.00140804 -0.01723217 -0.07920467 0.002091407 -0.01723217 -0.07920467 0.002091407 -0.01723217 -0.07920467 0.002091407 -0.01724684 -0.07946681 0.002750217 -0.01724684 -0.07946681 0.002750217 -0.01724684 -0.07946681 0.002750217 -0.01724684 -0.07946681 0.002750217 -0.01726537 -0.07979846 0.003376841 -0.01726537 -0.07979846 0.003376841 -0.01726537 -0.07979846 0.003376841 -0.01728761 -0.08019584 0.003963887 -0.01728761 -0.08019584 0.003963887 -0.01728761 -0.08019584 0.003963887 -0.01731318 -0.08065426 0.004504382 -0.01731318 -0.08065426 0.004504382 -0.01731318 -0.08065426 0.004504382 -0.01731318 -0.08065426 0.004504382 -0.01734191 -0.08116835 0.004992127 -0.01734191 -0.08116835 0.004992127 -0.01734191 -0.08116835 0.004992127 -0.01737344 -0.08173209 0.00542134 -0.01737344 -0.08173209 0.00542134 -0.01737344 -0.08173209 0.00542134 -0.01740735 -0.08233886 0.005786955 -0.01740735 -0.08233886 0.005786955 -0.01740735 -0.08233886 0.005786955 -0.01740735 -0.08233886 0.005786955 -0.01744329 -0.08298152 0.00608474 -0.01744329 -0.08298152 0.00608474 -0.01744329 -0.08298152 0.00608474 -0.01748079 -0.08365255 0.006311237 -0.01748079 -0.08365255 0.006311237 -0.01748079 -0.08365255 0.006311237 -0.01751941 -0.08434414 0.006463706 -0.01751941 -0.08434414 0.006463706 -0.01751941 -0.08434414 0.006463706 -0.01751941 -0.08434414 0.006463706 -0.01755875 -0.08504807 0.006540358 -0.01755875 -0.08504807 0.006540358 -0.01755875 -0.08504807 0.006540358 -0.01759833 -0.08575618 0.006540358 -0.01759833 -0.08575618 0.006540358 -0.01759833 -0.08575618 0.006540358 -0.01759833 -0.08575618 0.006540358 -0.01763767 -0.08646017 0.006463706 -0.01763767 -0.08646017 0.006463706 -0.01763767 -0.08646017 0.006463706 -0.01763767 -0.08646017 0.006463706 -0.01767629 -0.0871517 0.006311237 -0.01767629 -0.0871517 0.006311237 -0.01767629 -0.0871517 0.006311237 -0.01767629 -0.0871517 0.006311237 -0.01771384 -0.08782273 0.00608474 -0.01771384 -0.08782273 0.00608474 -0.01771384 -0.08782273 0.00608474 -0.01774972 -0.08846545 0.005786955 -0.01774972 -0.08846545 0.005786955 -0.01774972 -0.08846545 0.005786955 -0.01774972 -0.08846545 0.005786955 -0.01778364 -0.08907216 0.00542134 -0.01778364 -0.08907216 0.00542134 -0.01778364 -0.08907216 0.00542134 -0.01781517 -0.0896359 0.004992127 -0.01781517 -0.0896359 0.004992127 -0.01781517 -0.0896359 0.004992127 -0.0178439 -0.09014999 0.004504382 -0.0178439 -0.09014999 0.004504382 -0.0178439 -0.09014999 0.004504382 -0.01786953 -0.09060841 0.003963887 -0.01786953 -0.09060841 0.003963887 -0.01786953 -0.09060841 0.003963887 -0.0178917 -0.0910058 0.003376841 -0.0178917 -0.0910058 0.003376841 -0.0178917 -0.0910058 0.003376841 -0.0178917 -0.0910058 0.003376841 -0.01791024 -0.0913375 0.002750217 -0.01791024 -0.0913375 0.002750217 -0.01791024 -0.0913375 0.002750217 -0.01791024 -0.0913375 0.002750217 -0.0179249 -0.09159958 0.002091407 -0.0179249 -0.09159958 0.002091407 -0.0179249 -0.09159958 0.002091407 -0.0179249 -0.09159958 0.002091407 -0.01793551 -0.09178906 0.00140804 -0.01793551 -0.09178906 0.00140804 -0.01793551 -0.09178906 0.00140804 -0.01793551 -0.09178906 0.00140804 -0.01794189 -0.09190356 7.08179e-4 -0.01794189 -0.09190356 7.08179e-4 -0.01794189 -0.09190356 7.08179e-4 -0.01794189 -0.09190356 7.08179e-4 0.009806752 -0.05237877 -0.003499984 0.009806752 -0.05237877 -0.003499984 0.009806752 -0.05237877 -0.003499984 0.009788155 -0.05271202 -0.003537595 0.009788155 -0.05271202 -0.003537595 0.009788155 -0.05271202 -0.003537595 0.009788155 -0.05271202 -0.003537595 0.009770452 -0.05302858 -0.003648519 0.009770452 -0.05302858 -0.003648519 0.009770452 -0.05302858 -0.003648519 0.009754598 -0.05331254 -0.003827214 0.009754598 -0.05331254 -0.003827214 0.009754598 -0.05331254 -0.003827214 0.009741306 -0.0535497 -0.004064738 0.009741306 -0.0535497 -0.004064738 0.009741306 -0.0535497 -0.004064738 0.009741306 -0.0535497 -0.004064738 0.009731352 -0.0537281 -0.004349172 0.009731352 -0.0537281 -0.004349172 0.009731352 -0.0537281 -0.004349172 0.009725153 -0.05383884 -0.004666209 0.009725153 -0.05383884 -0.004666209 0.009725153 -0.05383884 -0.004666209 0.009723067 -0.05387645 -0.004999995 0.009723067 -0.05387645 -0.004999995 0.009723067 -0.05387645 -0.004999995 0.009825408 -0.05204546 -0.003537595 0.009825408 -0.05204546 -0.003537595 0.009825408 -0.05204546 -0.003537595 0.009843051 -0.0517289 -0.003648519 0.009843051 -0.0517289 -0.003648519 0.009843051 -0.0517289 -0.003648519 0.009858965 -0.051445 -0.003827214 0.009858965 -0.051445 -0.003827214 0.009858965 -0.051445 -0.003827214 0.009858965 -0.051445 -0.003827214 0.009872198 -0.05120784 -0.004064738 0.009872198 -0.05120784 -0.004064738 0.009872198 -0.05120784 -0.004064738 0.009882152 -0.05102938 -0.004349172 0.009882152 -0.05102938 -0.004349172 0.009882152 -0.05102938 -0.004349172 0.00988835 -0.05091863 -0.004666209 0.00988835 -0.05091863 -0.004666209 0.00988835 -0.05091863 -0.004666209 0.009890437 -0.05088108 -0.004999995 0.009890437 -0.05088108 -0.004999995 0.009890437 -0.05088108 -0.004999995 0.009806752 -0.05237877 -0.006499946 0.009806752 -0.05237877 -0.006499946 0.009806752 -0.05237877 -0.006499946 0.009825408 -0.05204546 -0.006462335 0.009825408 -0.05204546 -0.006462335 0.009825408 -0.05204546 -0.006462335 0.009843051 -0.0517289 -0.006351411 0.009843051 -0.0517289 -0.006351411 0.009843051 -0.0517289 -0.006351411 0.009858965 -0.051445 -0.006172716 0.009858965 -0.051445 -0.006172716 0.009858965 -0.051445 -0.006172716 0.009872198 -0.05120784 -0.005935192 0.009872198 -0.05120784 -0.005935192 0.009872198 -0.05120784 -0.005935192 0.009872198 -0.05120784 -0.005935192 0.009882152 -0.05102938 -0.005650818 0.009882152 -0.05102938 -0.005650818 0.009882152 -0.05102938 -0.005650818 0.00988835 -0.05091863 -0.005333721 0.00988835 -0.05091863 -0.005333721 0.00988835 -0.05091863 -0.005333721 0.00988835 -0.05091863 -0.005333721 0.009788155 -0.05271202 -0.006462335 0.009788155 -0.05271202 -0.006462335 0.009788155 -0.05271202 -0.006462335 0.009770452 -0.05302858 -0.006351411 0.009770452 -0.05302858 -0.006351411 0.009770452 -0.05302858 -0.006351411 0.009770452 -0.05302858 -0.006351411 0.009754598 -0.05331254 -0.006172716 0.009754598 -0.05331254 -0.006172716 0.009754598 -0.05331254 -0.006172716 0.009754598 -0.05331254 -0.006172716 0.009741306 -0.0535497 -0.005935192 0.009741306 -0.0535497 -0.005935192 0.009741306 -0.0535497 -0.005935192 0.009731352 -0.0537281 -0.005650818 0.009731352 -0.0537281 -0.005650818 0.009731352 -0.0537281 -0.005650818 0.009731352 -0.0537281 -0.005650818 0.009725153 -0.05383884 -0.005333721 0.009725153 -0.05383884 -0.005333721 0.009725153 -0.05383884 -0.005333721 0.009725153 -0.05383884 -0.005333721 0.009806752 -0.05237877 0.006499946 0.009806752 -0.05237877 0.006499946 0.009806752 -0.05237877 0.006499946 0.009788155 -0.05271202 0.006462335 0.009788155 -0.05271202 0.006462335 0.009788155 -0.05271202 0.006462335 0.009788155 -0.05271202 0.006462335 0.009770452 -0.05302858 0.006351411 0.009770452 -0.05302858 0.006351411 0.009770452 -0.05302858 0.006351411 0.009754598 -0.05331254 0.006172716 0.009754598 -0.05331254 0.006172716 0.009754598 -0.05331254 0.006172716 0.009741306 -0.0535497 0.005935192 0.009741306 -0.0535497 0.005935192 0.009741306 -0.0535497 0.005935192 0.009741306 -0.0535497 0.005935192 0.009731352 -0.0537281 0.005650818 0.009731352 -0.0537281 0.005650818 0.009731352 -0.0537281 0.005650818 0.009725153 -0.05383884 0.005333721 0.009725153 -0.05383884 0.005333721 0.009725153 -0.05383884 0.005333721 0.009723067 -0.05387645 0.004999995 0.009723067 -0.05387645 0.004999995 0.009723067 -0.05387645 0.004999995 0.009825408 -0.05204546 0.006462335 0.009825408 -0.05204546 0.006462335 0.009825408 -0.05204546 0.006462335 0.009843051 -0.0517289 0.006351411 0.009843051 -0.0517289 0.006351411 0.009843051 -0.0517289 0.006351411 0.009858965 -0.051445 0.006172716 0.009858965 -0.051445 0.006172716 0.009858965 -0.051445 0.006172716 0.009858965 -0.051445 0.006172716 0.009872198 -0.05120784 0.005935192 0.009872198 -0.05120784 0.005935192 0.009872198 -0.05120784 0.005935192 0.009882152 -0.05102938 0.005650818 0.009882152 -0.05102938 0.005650818 0.009882152 -0.05102938 0.005650818 0.00988835 -0.05091863 0.005333721 0.00988835 -0.05091863 0.005333721 0.00988835 -0.05091863 0.005333721 0.009890437 -0.05088108 0.004999995 0.009890437 -0.05088108 0.004999995 0.009890437 -0.05088108 0.004999995 0.009806752 -0.05237877 0.003499984 0.009806752 -0.05237877 0.003499984 0.009806752 -0.05237877 0.003499984 0.009825408 -0.05204546 0.003537595 0.009825408 -0.05204546 0.003537595 0.009825408 -0.05204546 0.003537595 0.009843051 -0.0517289 0.003648519 0.009843051 -0.0517289 0.003648519 0.009843051 -0.0517289 0.003648519 0.009858965 -0.051445 0.003827214 0.009858965 -0.051445 0.003827214 0.009858965 -0.051445 0.003827214 0.009872198 -0.05120784 0.004064738 0.009872198 -0.05120784 0.004064738 0.009872198 -0.05120784 0.004064738 0.009872198 -0.05120784 0.004064738 0.009882152 -0.05102938 0.004349112 0.009882152 -0.05102938 0.004349112 0.009882152 -0.05102938 0.004349112 0.00988835 -0.05091863 0.004666209 0.00988835 -0.05091863 0.004666209 0.00988835 -0.05091863 0.004666209 0.00988835 -0.05091863 0.004666209 0.009788155 -0.05271202 0.003537595 0.009788155 -0.05271202 0.003537595 0.009788155 -0.05271202 0.003537595 0.009770452 -0.05302858 0.003648519 0.009770452 -0.05302858 0.003648519 0.009770452 -0.05302858 0.003648519 0.009770452 -0.05302858 0.003648519 0.009754598 -0.05331254 0.003827214 0.009754598 -0.05331254 0.003827214 0.009754598 -0.05331254 0.003827214 0.009754598 -0.05331254 0.003827214 0.009741306 -0.0535497 0.004064738 0.009741306 -0.0535497 0.004064738 0.009741306 -0.0535497 0.004064738 0.009731352 -0.0537281 0.004349112 0.009731352 -0.0537281 0.004349112 0.009731352 -0.0537281 0.004349112 0.009731352 -0.0537281 0.004349112 0.009725153 -0.05383884 0.004666209 0.009725153 -0.05383884 0.004666209 0.009725153 -0.05383884 0.004666209 0.009725153 -0.05383884 0.004666209 0.007072567 -0.1013025 -0.006499946 0.007072567 -0.1013025 -0.006499946 0.007072567 -0.1013025 -0.006499946 0.007091224 -0.1009691 -0.006462335 0.007091224 -0.1009691 -0.006462335 0.007091224 -0.1009691 -0.006462335 0.007091224 -0.1009691 -0.006462335 0.007091224 -0.1009691 -0.006462335 0.007108926 -0.1006526 -0.006351411 0.007108926 -0.1006526 -0.006351411 0.007108926 -0.1006526 -0.006351411 0.007124781 -0.1003687 -0.006172716 0.007124781 -0.1003687 -0.006172716 0.007124781 -0.1003687 -0.006172716 0.007138013 -0.1001315 -0.005935192 0.007138013 -0.1001315 -0.005935192 0.007138013 -0.1001315 -0.005935192 0.007138013 -0.1001315 -0.005935192 0.007148027 -0.09995305 -0.005650818 0.007148027 -0.09995305 -0.005650818 0.007148027 -0.09995305 -0.005650818 0.007154166 -0.09984236 -0.005333721 0.007154166 -0.09984236 -0.005333721 0.007154166 -0.09984236 -0.005333721 0.007154166 -0.09984236 -0.005333721 0.007156312 -0.09980475 -0.004999995 0.007156312 -0.09980475 -0.004999995 0.007156312 -0.09980475 -0.004999995 0.007156312 -0.09980475 -0.004999995 0.007053971 -0.1016357 -0.006462335 0.007053971 -0.1016357 -0.006462335 0.007053971 -0.1016357 -0.006462335 0.007053971 -0.1016357 -0.006462335 0.007036268 -0.1019523 -0.006351411 0.007036268 -0.1019523 -0.006351411 0.007036268 -0.1019523 -0.006351411 0.007020413 -0.1022362 -0.006172716 0.007020413 -0.1022362 -0.006172716 0.007020413 -0.1022362 -0.006172716 0.007007181 -0.1024733 -0.005935192 0.007007181 -0.1024733 -0.005935192 0.007007181 -0.1024733 -0.005935192 0.006997168 -0.1026518 -0.005650818 0.006997168 -0.1026518 -0.005650818 0.006997168 -0.1026518 -0.005650818 0.006997168 -0.1026518 -0.005650818 0.006990969 -0.1027625 -0.005333721 0.006990969 -0.1027625 -0.005333721 0.006990969 -0.1027625 -0.005333721 0.006990969 -0.1027625 -0.005333721 0.006988883 -0.1028001 -0.004999995 0.006988883 -0.1028001 -0.004999995 0.006988883 -0.1028001 -0.004999995 0.006988883 -0.1028001 -0.004999995 0.007072567 -0.1013025 -0.003499984 0.007072567 -0.1013025 -0.003499984 0.007072567 -0.1013025 -0.003499984 0.007053971 -0.1016357 -0.003537595 0.007053971 -0.1016357 -0.003537595 0.007053971 -0.1016357 -0.003537595 0.007053971 -0.1016357 -0.003537595 0.007036268 -0.1019523 -0.003648519 0.007036268 -0.1019523 -0.003648519 0.007036268 -0.1019523 -0.003648519 0.007020413 -0.1022362 -0.003827214 0.007020413 -0.1022362 -0.003827214 0.007020413 -0.1022362 -0.003827214 0.007007181 -0.1024733 -0.004064738 0.007007181 -0.1024733 -0.004064738 0.007007181 -0.1024733 -0.004064738 0.007007181 -0.1024733 -0.004064738 0.006997168 -0.1026518 -0.004349172 0.006997168 -0.1026518 -0.004349172 0.006997168 -0.1026518 -0.004349172 0.006997168 -0.1026518 -0.004349172 0.006990969 -0.1027625 -0.004666209 0.006990969 -0.1027625 -0.004666209 0.006990969 -0.1027625 -0.004666209 0.006990969 -0.1027625 -0.004666209 0.007091224 -0.1009691 -0.003537595 0.007091224 -0.1009691 -0.003537595 0.007091224 -0.1009691 -0.003537595 0.007091224 -0.1009691 -0.003537595 0.007108926 -0.1006526 -0.003648519 0.007108926 -0.1006526 -0.003648519 0.007108926 -0.1006526 -0.003648519 0.007124781 -0.1003687 -0.003827214 0.007124781 -0.1003687 -0.003827214 0.007124781 -0.1003687 -0.003827214 0.007138013 -0.1001315 -0.004064738 0.007138013 -0.1001315 -0.004064738 0.007138013 -0.1001315 -0.004064738 0.007138013 -0.1001315 -0.004064738 0.007148027 -0.09995305 -0.004349172 0.007148027 -0.09995305 -0.004349172 0.007148027 -0.09995305 -0.004349172 0.007148027 -0.09995305 -0.004349172 0.007154166 -0.09984236 -0.004666209 0.007154166 -0.09984236 -0.004666209 0.007154166 -0.09984236 -0.004666209 0.007072567 -0.1013025 0.003499984 0.007072567 -0.1013025 0.003499984 0.007072567 -0.1013025 0.003499984 0.007091224 -0.1009691 0.003537595 0.007091224 -0.1009691 0.003537595 0.007091224 -0.1009691 0.003537595 0.007091224 -0.1009691 0.003537595 0.007091224 -0.1009691 0.003537595 0.007108926 -0.1006526 0.003648519 0.007108926 -0.1006526 0.003648519 0.007108926 -0.1006526 0.003648519 0.007124781 -0.1003687 0.003827214 0.007124781 -0.1003687 0.003827214 0.007124781 -0.1003687 0.003827214 0.007138013 -0.1001315 0.004064738 0.007138013 -0.1001315 0.004064738 0.007138013 -0.1001315 0.004064738 0.007138013 -0.1001315 0.004064738 0.007148027 -0.09995305 0.004349112 0.007148027 -0.09995305 0.004349112 0.007148027 -0.09995305 0.004349112 0.007154166 -0.09984236 0.004666209 0.007154166 -0.09984236 0.004666209 0.007154166 -0.09984236 0.004666209 0.007154166 -0.09984236 0.004666209 0.007156312 -0.09980475 0.004999995 0.007156312 -0.09980475 0.004999995 0.007156312 -0.09980475 0.004999995 0.007156312 -0.09980475 0.004999995 0.007053971 -0.1016357 0.003537595 0.007053971 -0.1016357 0.003537595 0.007053971 -0.1016357 0.003537595 0.007053971 -0.1016357 0.003537595 0.007036268 -0.1019523 0.003648519 0.007036268 -0.1019523 0.003648519 0.007036268 -0.1019523 0.003648519 0.007020413 -0.1022362 0.003827214 0.007020413 -0.1022362 0.003827214 0.007020413 -0.1022362 0.003827214 0.007007181 -0.1024733 0.004064738 0.007007181 -0.1024733 0.004064738 0.007007181 -0.1024733 0.004064738 0.006997168 -0.1026518 0.004349112 0.006997168 -0.1026518 0.004349112 0.006997168 -0.1026518 0.004349112 0.006997168 -0.1026518 0.004349112 0.006990969 -0.1027625 0.004666209 0.006990969 -0.1027625 0.004666209 0.006990969 -0.1027625 0.004666209 0.006990969 -0.1027625 0.004666209 0.006988883 -0.1028001 0.004999995 0.006988883 -0.1028001 0.004999995 0.006988883 -0.1028001 0.004999995 0.006988883 -0.1028001 0.004999995 0.007072567 -0.1013025 0.006499946 0.007072567 -0.1013025 0.006499946 0.007072567 -0.1013025 0.006499946 0.007053971 -0.1016357 0.006462335 0.007053971 -0.1016357 0.006462335 0.007053971 -0.1016357 0.006462335 0.007053971 -0.1016357 0.006462335 0.007036268 -0.1019523 0.006351411 0.007036268 -0.1019523 0.006351411 0.007036268 -0.1019523 0.006351411 0.007020413 -0.1022362 0.006172716 0.007020413 -0.1022362 0.006172716 0.007020413 -0.1022362 0.006172716 0.007007181 -0.1024733 0.005935192 0.007007181 -0.1024733 0.005935192 0.007007181 -0.1024733 0.005935192 0.007007181 -0.1024733 0.005935192 0.006997168 -0.1026518 0.005650818 0.006997168 -0.1026518 0.005650818 0.006997168 -0.1026518 0.005650818 0.006997168 -0.1026518 0.005650818 0.006990969 -0.1027625 0.005333721 0.006990969 -0.1027625 0.005333721 0.006990969 -0.1027625 0.005333721 0.006990969 -0.1027625 0.005333721 0.007091224 -0.1009691 0.006462335 0.007091224 -0.1009691 0.006462335 0.007091224 -0.1009691 0.006462335 0.007091224 -0.1009691 0.006462335 0.007108926 -0.1006526 0.006351411 0.007108926 -0.1006526 0.006351411 0.007108926 -0.1006526 0.006351411 0.007124781 -0.1003687 0.006172716 0.007124781 -0.1003687 0.006172716 0.007124781 -0.1003687 0.006172716 0.007138013 -0.1001315 0.005935192 0.007138013 -0.1001315 0.005935192 0.007138013 -0.1001315 0.005935192 0.007138013 -0.1001315 0.005935192 0.007148027 -0.09995305 0.005650818 0.007148027 -0.09995305 0.005650818 0.007148027 -0.09995305 0.005650818 0.007148027 -0.09995305 0.005650818 0.007154166 -0.09984236 0.005333721 0.007154166 -0.09984236 0.005333721 0.007154166 -0.09984236 0.005333721 0.02635389 -0.0335114 0.01424998 0.02635389 -0.0335114 0.01424998 0.02635389 -0.0335114 0.01424998 0.02622926 -0.03405809 0.01424998 0.02622926 -0.03405809 0.01424998 0.02622926 -0.03405809 0.01424998 0.02604424 -0.03458738 0.01424998 0.02604424 -0.03458738 0.01424998 0.02604424 -0.03458738 0.01424998 0.02580106 -0.03509265 0.01424998 0.02580106 -0.03509265 0.01424998 0.02580106 -0.03509265 0.01424998 0.02550292 -0.03556746 0.01424998 0.02550292 -0.03556746 0.01424998 0.02550292 -0.03556746 0.01424998 0.02515345 -0.03600597 0.01424998 0.02515345 -0.03600597 0.01424998 0.02515345 -0.03600597 0.01424998 0.02475708 -0.03640252 0.01424998 0.02475708 -0.03640252 0.01424998 0.02475708 -0.03640252 0.01424998 0.03117871 -0.03678572 0.01424998 0.03117871 -0.03678572 0.01424998 0.03117871 -0.03678572 0.01424998 0.03117871 -0.03678572 0.01424998 0.02958184 -0.03967684 0.01424998 0.02958184 -0.03967684 0.01424998 0.02958184 -0.03967684 0.01424998 0.01677531 -0.04353934 0.01424998 0.01677531 -0.04353934 0.01424998 0.01677531 -0.04353934 0.01424998 0.01633703 -0.04388904 0.01424998 0.01633703 -0.04388904 0.01424998 0.01633703 -0.04388904 0.01424998 0.01586234 -0.04418748 0.01424998 0.01586234 -0.04418748 0.01424998 0.01586234 -0.04418748 0.01424998 0.01535725 -0.04443091 0.01424998 0.01535725 -0.04443091 0.01424998 0.01535725 -0.04443091 0.01424998 0.01482808 -0.04461628 0.01424998 0.01482808 -0.04461628 0.01424998 0.01482808 -0.04461628 0.01424998 0.01428145 -0.04474115 0.01424998 0.01428145 -0.04474115 0.01424998 0.01428145 -0.04474115 0.01424998 0.01372426 -0.04480409 0.01424998 0.01372426 -0.04480409 0.01424998 0.01372426 -0.04480409 0.01424998 0.01316356 -0.04480427 0.01424998 0.01316356 -0.04480427 0.01424998 0.01316356 -0.04480427 0.01424998 0.02997827 -0.03928023 0.01424998 0.02997827 -0.03928023 0.01424998 0.02997827 -0.03928023 0.01424998 0.03032773 -0.03884178 0.01424998 0.03032773 -0.03884178 0.01424998 0.03032773 -0.03884178 0.01424998 0.03062587 -0.03836697 0.01424998 0.03062587 -0.03836697 0.01424998 0.03062587 -0.03836697 0.01424998 0.03086906 -0.0378617 0.01424998 0.03086906 -0.0378617 0.01424998 0.03086906 -0.0378617 0.01424998 0.03105407 -0.03733241 0.01424998 0.03105407 -0.03733241 0.01424998 0.03105407 -0.03733241 0.01424998 -0.02858144 -0.03138291 0.01424998 -0.02858144 -0.03138291 0.01424998 -0.02858144 -0.03138291 0.01424998 -0.02858144 -0.03138291 0.01424998 -0.02858144 -0.03138291 0.01424998 -0.02858132 -0.03194361 0.01424998 -0.02858132 -0.03194361 0.01424998 -0.02858132 -0.03194361 0.01424998 -0.02215695 -0.03227835 0.01424998 -0.02215695 -0.03227835 0.01424998 -0.02215695 -0.03227835 0.01424998 -0.02250665 -0.03184002 0.01424998 -0.02250665 -0.03184002 0.01424998 -0.02250665 -0.03184002 0.01424998 -0.02280509 -0.03136539 0.01424998 -0.02280509 -0.03136539 0.01424998 -0.02280509 -0.03136539 0.01424998 -0.02304852 -0.03086024 0.01424998 -0.02304852 -0.03086024 0.01424998 -0.02304852 -0.03086024 0.01424998 -0.02304852 -0.03086024 0.01424998 -0.02323383 -0.03033107 0.01424998 -0.02323383 -0.03033107 0.01424998 -0.02323383 -0.03033107 0.01424998 -0.02335876 -0.02978444 0.01424998 -0.02335876 -0.02978444 0.01424998 -0.02335876 -0.02978444 0.01424998 -0.0234217 -0.02922731 0.01424998 -0.0234217 -0.02922731 0.01424998 -0.0234217 -0.02922731 0.01424998 -0.02342182 -0.02866661 0.01424998 -0.02342182 -0.02866661 0.01424998 -0.02342182 -0.02866661 0.01424998 -0.02342182 -0.02866661 0.01424998 -0.02152866 0.005209445 0.01424998 -0.02152866 0.005209445 0.01424998 -0.02152866 0.005209445 0.01424998 -0.02152866 0.005209445 0.01424998 -0.02652084 0.005488395 0.01424998 -0.02652084 0.005488395 0.01424998 -0.02652084 0.005488395 0.01424998 -0.02652084 0.005488395 0.01424998 -0.01015788 -0.0435009 0.01424998 -0.01015788 -0.0435009 0.01424998 -0.01015788 -0.0435009 0.01424998 -0.01071506 -0.04343825 0.01424998 -0.01071506 -0.04343825 0.01424998 -0.01071506 -0.04343825 0.01424998 -0.01071506 -0.04343825 0.01424998 -0.01126176 -0.04331368 0.01424998 -0.01126176 -0.04331368 0.01424998 -0.01126176 -0.04331368 0.01424998 -0.01179105 -0.0431286 0.01424998 -0.01179105 -0.0431286 0.01424998 -0.01179105 -0.0431286 0.01424998 -0.01229625 -0.04288542 0.01424998 -0.01229625 -0.04288542 0.01424998 -0.01229625 -0.04288542 0.01424998 -0.01277112 -0.04258728 0.01424998 -0.01277112 -0.04258728 0.01424998 -0.01277112 -0.04258728 0.01424998 -0.01320958 -0.04223781 0.01424998 -0.01320958 -0.04223781 0.01424998 -0.01320958 -0.04223781 0.01424998 -0.01360619 -0.04184144 0.01424998 -0.01360619 -0.04184144 0.01424998 -0.01360619 -0.04184144 0.01424998 -0.02731657 -0.03499466 0.01424998 -0.02731657 -0.03499466 0.01424998 -0.02731657 -0.03499466 0.01424998 -0.02851837 -0.0325008 0.01424998 -0.02851837 -0.0325008 0.01424998 -0.02851837 -0.0325008 0.01424998 -0.02839344 -0.03304743 0.01424998 -0.02839344 -0.03304743 0.01424998 -0.02839344 -0.03304743 0.01424998 -0.02820813 -0.0335766 0.01424998 -0.02820813 -0.0335766 0.01424998 -0.02820813 -0.0335766 0.01424998 -0.02796471 -0.03408169 0.01424998 -0.02796471 -0.03408169 0.01424998 -0.02796471 -0.03408169 0.01424998 -0.02766627 -0.03455638 0.01424998 -0.02766627 -0.03455638 0.01424998 -0.02766627 -0.03455638 0.01424998 0.03117871 -0.03678572 -0.01424998 0.03117871 -0.03678572 -0.01424998 0.03117871 -0.03678572 -0.01424998 0.02475708 -0.03640252 -0.01424998 0.02475708 -0.03640252 -0.01424998 0.02475708 -0.03640252 -0.01424998 0.02515345 -0.03600597 -0.01424998 0.02515345 -0.03600597 -0.01424998 0.02515345 -0.03600597 -0.01424998 0.02550292 -0.03556746 -0.01424998 0.02550292 -0.03556746 -0.01424998 0.02550292 -0.03556746 -0.01424998 0.02580106 -0.03509265 -0.01424998 0.02580106 -0.03509265 -0.01424998 0.02580106 -0.03509265 -0.01424998 0.02604424 -0.03458738 -0.01424998 0.02604424 -0.03458738 -0.01424998 0.02604424 -0.03458738 -0.01424998 0.02622926 -0.03405809 -0.01424998 0.02622926 -0.03405809 -0.01424998 0.02622926 -0.03405809 -0.01424998 0.02635389 -0.0335114 -0.01424998 0.02635389 -0.0335114 -0.01424998 0.02635389 -0.0335114 -0.01424998 0.01316356 -0.04480427 -0.01424998 0.01316356 -0.04480427 -0.01424998 0.01316356 -0.04480427 -0.01424998 0.01372426 -0.04480409 -0.01424998 0.01372426 -0.04480409 -0.01424998 0.01372426 -0.04480409 -0.01424998 0.01428145 -0.04474115 -0.01424998 0.01428145 -0.04474115 -0.01424998 0.01428145 -0.04474115 -0.01424998 0.01482808 -0.04461628 -0.01424998 0.01482808 -0.04461628 -0.01424998 0.01482808 -0.04461628 -0.01424998 0.01535725 -0.04443091 -0.01424998 0.01535725 -0.04443091 -0.01424998 0.01535725 -0.04443091 -0.01424998 0.01586234 -0.04418748 -0.01424998 0.01586234 -0.04418748 -0.01424998 0.01586234 -0.04418748 -0.01424998 0.01633703 -0.04388904 -0.01424998 0.01633703 -0.04388904 -0.01424998 0.01633703 -0.04388904 -0.01424998 0.01677531 -0.04353934 -0.01424998 0.01677531 -0.04353934 -0.01424998 0.01677531 -0.04353934 -0.01424998 0.02958184 -0.03967684 -0.01424998 0.02958184 -0.03967684 -0.01424998 0.02958184 -0.03967684 -0.01424998 0.03105407 -0.03733241 -0.01424998 0.03105407 -0.03733241 -0.01424998 0.03105407 -0.03733241 -0.01424998 0.03105407 -0.03733241 -0.01424998 0.03086906 -0.0378617 -0.01424998 0.03086906 -0.0378617 -0.01424998 0.03086906 -0.0378617 -0.01424998 0.03062587 -0.03836697 -0.01424998 0.03062587 -0.03836697 -0.01424998 0.03062587 -0.03836697 -0.01424998 0.03032773 -0.03884178 -0.01424998 0.03032773 -0.03884178 -0.01424998 0.03032773 -0.03884178 -0.01424998 0.02997827 -0.03928023 -0.01424998 0.02997827 -0.03928023 -0.01424998 0.02997827 -0.03928023 -0.01424998 -0.02858144 -0.03138291 -0.01424998 -0.02858144 -0.03138291 -0.01424998 -0.02858144 -0.03138291 -0.01424998 -0.02858144 -0.03138291 -0.01424998 -0.02858144 -0.03138291 -0.01424998 -0.02652084 0.005488395 -0.01424998 -0.02652084 0.005488395 -0.01424998 -0.02652084 0.005488395 -0.01424998 -0.02652084 0.005488395 -0.01424998 -0.02152866 0.005209445 -0.01424998 -0.02152866 0.005209445 -0.01424998 -0.02152866 0.005209445 -0.01424998 -0.02152866 0.005209445 -0.01424998 -0.02342182 -0.02866661 -0.01424998 -0.02342182 -0.02866661 -0.01424998 -0.02342182 -0.02866661 -0.01424998 -0.02342182 -0.02866661 -0.01424998 -0.02342182 -0.02866661 -0.01424998 -0.0234217 -0.02922731 -0.01424998 -0.0234217 -0.02922731 -0.01424998 -0.0234217 -0.02922731 -0.01424998 -0.02335876 -0.02978444 -0.01424998 -0.02335876 -0.02978444 -0.01424998 -0.02335876 -0.02978444 -0.01424998 -0.02323383 -0.03033107 -0.01424998 -0.02323383 -0.03033107 -0.01424998 -0.02323383 -0.03033107 -0.01424998 -0.02323383 -0.03033107 -0.01424998 -0.02304852 -0.03086024 -0.01424998 -0.02304852 -0.03086024 -0.01424998 -0.02304852 -0.03086024 -0.01424998 -0.02280509 -0.03136539 -0.01424998 -0.02280509 -0.03136539 -0.01424998 -0.02280509 -0.03136539 -0.01424998 -0.02250665 -0.03184002 -0.01424998 -0.02250665 -0.03184002 -0.01424998 -0.02250665 -0.03184002 -0.01424998 -0.02215695 -0.03227835 -0.01424998 -0.02215695 -0.03227835 -0.01424998 -0.02215695 -0.03227835 -0.01424998 -0.02858132 -0.03194361 -0.01424998 -0.02858132 -0.03194361 -0.01424998 -0.02858132 -0.03194361 -0.01424998 -0.02731657 -0.03499466 -0.01424998 -0.02731657 -0.03499466 -0.01424998 -0.02731657 -0.03499466 -0.01424998 -0.01360619 -0.04184144 -0.01424998 -0.01360619 -0.04184144 -0.01424998 -0.01360619 -0.04184144 -0.01424998 -0.01320958 -0.04223781 -0.01424998 -0.01320958 -0.04223781 -0.01424998 -0.01320958 -0.04223781 -0.01424998 -0.01277112 -0.04258728 -0.01424998 -0.01277112 -0.04258728 -0.01424998 -0.01277112 -0.04258728 -0.01424998 -0.01229625 -0.04288542 -0.01424998 -0.01229625 -0.04288542 -0.01424998 -0.01229625 -0.04288542 -0.01424998 -0.01179105 -0.0431286 -0.01424998 -0.01179105 -0.0431286 -0.01424998 -0.01179105 -0.0431286 -0.01424998 -0.01126176 -0.04331368 -0.01424998 -0.01126176 -0.04331368 -0.01424998 -0.01126176 -0.04331368 -0.01424998 -0.01126176 -0.04331368 -0.01424998 -0.01071506 -0.04343825 -0.01424998 -0.01071506 -0.04343825 -0.01424998 -0.01071506 -0.04343825 -0.01424998 -0.01015788 -0.0435009 -0.01424998 -0.01015788 -0.0435009 -0.01424998 -0.01015788 -0.0435009 -0.01424998 -0.02766627 -0.03455638 -0.01424998 -0.02766627 -0.03455638 -0.01424998 -0.02766627 -0.03455638 -0.01424998 -0.02796471 -0.03408169 -0.01424998 -0.02796471 -0.03408169 -0.01424998 -0.02796471 -0.03408169 -0.01424998 -0.02820813 -0.0335766 -0.01424998 -0.02820813 -0.0335766 -0.01424998 -0.02820813 -0.0335766 -0.01424998 -0.02839344 -0.03304743 -0.01424998 -0.02839344 -0.03304743 -0.01424998 -0.02839344 -0.03304743 -0.01424998 -0.02851837 -0.0325008 -0.01424998 -0.02851837 -0.0325008 -0.01424998 -0.02851837 -0.0325008 -0.01424998 -0.01344162 -0.08306366 0.002380549 -0.01344162 -0.08306366 0.002380549 -0.01344162 -0.08306366 0.002380549 -0.01344162 -0.08306366 0.002380549 -0.01323843 -0.07942783 0.002091407 -0.01323843 -0.07942783 0.002091407 -0.01323843 -0.07942783 0.002091407 -0.01323843 -0.07942783 0.002091407 -0.01342338 -0.08273798 0.001971602 -0.01342338 -0.08273798 0.001971602 -0.01342338 -0.08273798 0.001971602 -0.01342338 -0.08273798 0.001971602 -0.01351344 -0.08434861 -0.003258049 -0.01351344 -0.08434861 -0.003258049 -0.01351344 -0.08434861 -0.003258049 -0.01327162 -0.08002167 -0.003376841 -0.01327162 -0.08002167 -0.003376841 -0.01327162 -0.08002167 -0.003376841 -0.01354134 -0.08484774 -0.003412187 -0.01354134 -0.08484774 -0.003412187 -0.01354134 -0.08484774 -0.003412187 -0.01372796 -0.08818703 0.002380549 -0.01372796 -0.08818703 0.002380549 -0.01372796 -0.08818703 0.002380549 -0.01374614 -0.08851265 0.001971602 -0.01374614 -0.08851265 0.001971602 -0.01374614 -0.08851265 0.001971602 -0.01393115 -0.0918228 0.002091407 -0.01393115 -0.0918228 0.002091407 -0.01393115 -0.0918228 0.002091407 -0.01393115 -0.0918228 0.002091407 -0.01365613 -0.08690202 -0.003258049 -0.01365613 -0.08690202 -0.003258049 -0.01365613 -0.08690202 -0.003258049 -0.01362824 -0.08640295 -0.003412187 -0.01362824 -0.08640295 -0.003412187 -0.01362824 -0.08640295 -0.003412187 -0.01389795 -0.09122902 -0.003376841 -0.01389795 -0.09122902 -0.003376841 -0.01389795 -0.09122902 -0.003376841 -0.0132938 -0.08041906 -0.003963887 -0.0132938 -0.08041906 -0.003963887 -0.0132938 -0.08041906 -0.003963887 -0.0132938 -0.08041906 -0.003963887 -0.01331943 -0.08087748 -0.004504382 -0.01331943 -0.08087748 -0.004504382 -0.01331943 -0.08087748 -0.004504382 -0.01334816 -0.08139157 -0.004992127 -0.01334816 -0.08139157 -0.004992127 -0.01334816 -0.08139157 -0.004992127 -0.01334816 -0.08139157 -0.004992127 -0.01337969 -0.08195525 -0.00542134 -0.01337969 -0.08195525 -0.00542134 -0.01337969 -0.08195525 -0.00542134 -0.0134136 -0.08256202 -0.005786955 -0.0134136 -0.08256202 -0.005786955 -0.0134136 -0.08256202 -0.005786955 -0.0134136 -0.08256202 -0.005786955 -0.01344949 -0.08320468 -0.00608474 -0.01344949 -0.08320468 -0.00608474 -0.01344949 -0.08320468 -0.00608474 -0.01348698 -0.08387577 -0.006311237 -0.01348698 -0.08387577 -0.006311237 -0.01348698 -0.08387577 -0.006311237 -0.01352566 -0.0845673 -0.006463706 -0.01352566 -0.0845673 -0.006463706 -0.01352566 -0.0845673 -0.006463706 -0.013565 -0.08527129 -0.006540358 -0.013565 -0.08527129 -0.006540358 -0.013565 -0.08527129 -0.006540358 -0.01357018 -0.08536416 -0.003490209 -0.01357018 -0.08536416 -0.003490209 -0.01357018 -0.08536416 -0.003490209 -0.01359939 -0.08588647 -0.003490209 -0.01359939 -0.08588647 -0.003490209 -0.01359939 -0.08588647 -0.003490209 -0.01360458 -0.08597934 -0.006540358 -0.01360458 -0.08597934 -0.006540358 -0.01360458 -0.08597934 -0.006540358 -0.01364392 -0.08668333 -0.006463706 -0.01364392 -0.08668333 -0.006463706 -0.01364392 -0.08668333 -0.006463706 -0.01368254 -0.08737492 -0.006311237 -0.01368254 -0.08737492 -0.006311237 -0.01368254 -0.08737492 -0.006311237 -0.01368254 -0.08737492 -0.006311237 -0.01372003 -0.08804595 -0.00608474 -0.01372003 -0.08804595 -0.00608474 -0.01372003 -0.08804595 -0.00608474 -0.01375597 -0.08868861 -0.005786955 -0.01375597 -0.08868861 -0.005786955 -0.01375597 -0.08868861 -0.005786955 -0.01375597 -0.08868861 -0.005786955 -0.01378989 -0.08929538 -0.00542134 -0.01378989 -0.08929538 -0.00542134 -0.01378989 -0.08929538 -0.00542134 -0.01382136 -0.08985912 -0.004992127 -0.01382136 -0.08985912 -0.004992127 -0.01382136 -0.08985912 -0.004992127 -0.01385009 -0.09037321 -0.004504382 -0.01385009 -0.09037321 -0.004504382 -0.01385009 -0.09037321 -0.004504382 -0.01387572 -0.09083163 -0.003963887 -0.01387572 -0.09083163 -0.003963887 -0.01387572 -0.09083163 -0.003963887 -0.0132938 -0.08041906 0.003963887 -0.0132938 -0.08041906 0.003963887 -0.0132938 -0.08041906 0.003963887 -0.0132938 -0.08041906 0.003963887 -0.01327162 -0.08002167 0.003376841 -0.01327162 -0.08002167 0.003376841 -0.01327162 -0.08002167 0.003376841 -0.01327162 -0.08002167 0.003376841 -0.01354134 -0.08484774 0.003412246 -0.01354134 -0.08484774 0.003412246 -0.01354134 -0.08484774 0.003412246 -0.01357018 -0.08536416 0.003490209 -0.01357018 -0.08536416 0.003490209 -0.01357018 -0.08536416 0.003490209 -0.013565 -0.08527129 0.006540358 -0.013565 -0.08527129 0.006540358 -0.013565 -0.08527129 0.006540358 -0.013565 -0.08527129 0.006540358 -0.01352566 -0.0845673 0.006463706 -0.01352566 -0.0845673 0.006463706 -0.01352566 -0.0845673 0.006463706 -0.01348698 -0.08387577 0.006311237 -0.01348698 -0.08387577 0.006311237 -0.01348698 -0.08387577 0.006311237 -0.01344949 -0.08320468 0.00608474 -0.01344949 -0.08320468 0.00608474 -0.01344949 -0.08320468 0.00608474 -0.01344949 -0.08320468 0.00608474 -0.0134136 -0.08256202 0.005786955 -0.0134136 -0.08256202 0.005786955 -0.0134136 -0.08256202 0.005786955 -0.01337969 -0.08195525 0.00542134 -0.01337969 -0.08195525 0.00542134 -0.01337969 -0.08195525 0.00542134 -0.01334816 -0.08139157 0.004992127 -0.01334816 -0.08139157 0.004992127 -0.01334816 -0.08139157 0.004992127 -0.01334816 -0.08139157 0.004992127 -0.01334816 -0.08139157 0.004992127 -0.01331943 -0.08087748 0.004504382 -0.01331943 -0.08087748 0.004504382 -0.01331943 -0.08087748 0.004504382 -0.01359939 -0.08588647 0.003490209 -0.01359939 -0.08588647 0.003490209 -0.01359939 -0.08588647 0.003490209 -0.01362824 -0.08640295 0.003412246 -0.01362824 -0.08640295 0.003412246 -0.01362824 -0.08640295 0.003412246 -0.01362824 -0.08640295 0.003412246 -0.01389795 -0.09122902 0.003376841 -0.01389795 -0.09122902 0.003376841 -0.01389795 -0.09122902 0.003376841 -0.01387572 -0.09083163 0.003963887 -0.01387572 -0.09083163 0.003963887 -0.01387572 -0.09083163 0.003963887 -0.01385009 -0.09037321 0.004504382 -0.01385009 -0.09037321 0.004504382 -0.01385009 -0.09037321 0.004504382 -0.01382136 -0.08985912 0.004992127 -0.01382136 -0.08985912 0.004992127 -0.01382136 -0.08985912 0.004992127 -0.01378989 -0.08929538 0.00542134 -0.01378989 -0.08929538 0.00542134 -0.01378989 -0.08929538 0.00542134 -0.01378989 -0.08929538 0.00542134 -0.01375597 -0.08868861 0.005786955 -0.01375597 -0.08868861 0.005786955 -0.01375597 -0.08868861 0.005786955 -0.01372003 -0.08804595 0.00608474 -0.01372003 -0.08804595 0.00608474 -0.01372003 -0.08804595 0.00608474 -0.01372003 -0.08804595 0.00608474 -0.01368254 -0.08737492 0.006311237 -0.01368254 -0.08737492 0.006311237 -0.01368254 -0.08737492 0.006311237 -0.01364392 -0.08668333 0.006463706 -0.01364392 -0.08668333 0.006463706 -0.01364392 -0.08668333 0.006463706 -0.01360458 -0.08597934 0.006540358 -0.01360458 -0.08597934 0.006540358 -0.01360458 -0.08597934 0.006540358 -0.01351344 -0.08434861 0.003258049 -0.01351344 -0.08434861 0.003258049 -0.01351344 -0.08434861 0.003258049 -0.01325309 -0.07968997 0.002750217 -0.01325309 -0.07968997 0.002750217 -0.01325309 -0.07968997 0.002750217 -0.0134871 -0.08387804 0.003031075 -0.0134871 -0.08387804 0.003031075 -0.0134871 -0.08387804 0.003031075 -0.01346302 -0.08344656 0.002736389 -0.01346302 -0.08344656 0.002736389 -0.01346302 -0.08344656 0.002736389 -0.01346302 -0.08344656 0.002736389 -0.01340883 -0.08247685 0.001518547 -0.01340883 -0.08247685 0.001518547 -0.01340883 -0.08247685 0.001518547 -0.01340883 -0.08247685 0.001518547 -0.01322782 -0.07923841 0.00140804 -0.01322782 -0.07923841 0.00140804 -0.01322782 -0.07923841 0.00140804 -0.01322782 -0.07923841 0.00140804 -0.01339817 -0.082286 0.001031637 -0.01339817 -0.082286 0.001031637 -0.01339817 -0.082286 0.001031637 -0.01339817 -0.082286 0.001031637 -0.01322144 -0.07912385 7.08179e-4 -0.01322144 -0.07912385 7.08179e-4 -0.01322144 -0.07912385 7.08179e-4 -0.01339167 -0.08216983 5.21648e-4 -0.01339167 -0.08216983 5.21648e-4 -0.01339167 -0.08216983 5.21648e-4 -0.01339167 -0.08216983 5.21648e-4 -0.01338946 -0.08213078 0 -0.01338946 -0.08213078 0 -0.01338946 -0.08213078 0 -0.01321929 -0.07908552 0 -0.01321929 -0.07908552 0 -0.01321929 -0.07908552 0 -0.01339167 -0.08216983 -5.21647e-4 -0.01339167 -0.08216983 -5.21647e-4 -0.01339167 -0.08216983 -5.21647e-4 -0.01339167 -0.08216983 -5.21647e-4 -0.01322144 -0.07912385 -7.08179e-4 -0.01322144 -0.07912385 -7.08179e-4 -0.01322144 -0.07912385 -7.08179e-4 -0.01339817 -0.082286 -0.001031637 -0.01339817 -0.082286 -0.001031637 -0.01339817 -0.082286 -0.001031637 -0.01322782 -0.07923841 -0.00140804 -0.01322782 -0.07923841 -0.00140804 -0.01322782 -0.07923841 -0.00140804 -0.01322782 -0.07923841 -0.00140804 -0.01340883 -0.08247685 -0.001518547 -0.01340883 -0.08247685 -0.001518547 -0.01340883 -0.08247685 -0.001518547 -0.01340883 -0.08247685 -0.001518547 -0.01342338 -0.08273798 -0.001971602 -0.01342338 -0.08273798 -0.001971602 -0.01342338 -0.08273798 -0.001971602 -0.01342338 -0.08273798 -0.001971602 -0.01323843 -0.07942783 -0.002091407 -0.01323843 -0.07942783 -0.002091407 -0.01323843 -0.07942783 -0.002091407 -0.01344162 -0.08306366 -0.002380549 -0.01344162 -0.08306366 -0.002380549 -0.01344162 -0.08306366 -0.002380549 -0.01344162 -0.08306366 -0.002380549 -0.01325309 -0.07968997 -0.002750217 -0.01325309 -0.07968997 -0.002750217 -0.01325309 -0.07968997 -0.002750217 -0.01325309 -0.07968997 -0.002750217 -0.01346302 -0.08344656 -0.002736389 -0.01346302 -0.08344656 -0.002736389 -0.01346302 -0.08344656 -0.002736389 -0.0134871 -0.08387804 -0.003031075 -0.0134871 -0.08387804 -0.003031075 -0.0134871 -0.08387804 -0.003031075 -0.0134871 -0.08387804 -0.003031075 -0.01391649 -0.09156072 0.002750217 -0.01391649 -0.09156072 0.002750217 -0.01391649 -0.09156072 0.002750217 -0.01391649 -0.09156072 0.002750217 -0.01391649 -0.09156072 0.002750217 -0.01365613 -0.08690202 0.003258049 -0.01365613 -0.08690202 0.003258049 -0.01365613 -0.08690202 0.003258049 -0.01365613 -0.08690202 0.003258049 -0.01368242 -0.0873726 0.003031075 -0.01368242 -0.0873726 0.003031075 -0.01368242 -0.0873726 0.003031075 -0.01368242 -0.0873726 0.003031075 -0.01370656 -0.08780413 0.002736389 -0.01370656 -0.08780413 0.002736389 -0.01370656 -0.08780413 0.002736389 -0.0139417 -0.09201222 0.00140804 -0.0139417 -0.09201222 0.00140804 -0.0139417 -0.09201222 0.00140804 -0.0139417 -0.09201222 0.00140804 -0.01376074 -0.08877384 0.001518547 -0.01376074 -0.08877384 0.001518547 -0.01376074 -0.08877384 0.001518547 -0.01376074 -0.08877384 0.001518547 -0.01394814 -0.09212678 7.08179e-4 -0.01394814 -0.09212678 7.08179e-4 -0.01394814 -0.09212678 7.08179e-4 -0.01394814 -0.09212678 7.08179e-4 -0.01377141 -0.08896464 0.001031637 -0.01377141 -0.08896464 0.001031637 -0.01377141 -0.08896464 0.001031637 -0.01377791 -0.08908087 5.21648e-4 -0.01377791 -0.08908087 5.21648e-4 -0.01377791 -0.08908087 5.21648e-4 -0.01377791 -0.08908087 5.21648e-4 -0.01395028 -0.09216511 0 -0.01395028 -0.09216511 0 -0.01395028 -0.09216511 0 -0.01395028 -0.09216511 0 -0.01378005 -0.08911991 0 -0.01378005 -0.08911991 0 -0.01378005 -0.08911991 0 -0.01378005 -0.08911991 0 -0.01394814 -0.09212678 -7.08179e-4 -0.01394814 -0.09212678 -7.08179e-4 -0.01394814 -0.09212678 -7.08179e-4 -0.01394814 -0.09212678 -7.08179e-4 -0.01377791 -0.08908087 -5.21647e-4 -0.01377791 -0.08908087 -5.21647e-4 -0.01377791 -0.08908087 -5.21647e-4 -0.0139417 -0.09201222 -0.00140804 -0.0139417 -0.09201222 -0.00140804 -0.0139417 -0.09201222 -0.00140804 -0.0139417 -0.09201222 -0.00140804 -0.01377141 -0.08896464 -0.001031637 -0.01377141 -0.08896464 -0.001031637 -0.01377141 -0.08896464 -0.001031637 -0.01377141 -0.08896464 -0.001031637 -0.01376074 -0.08877384 -0.001518547 -0.01376074 -0.08877384 -0.001518547 -0.01376074 -0.08877384 -0.001518547 -0.01393115 -0.0918228 -0.002091407 -0.01393115 -0.0918228 -0.002091407 -0.01393115 -0.0918228 -0.002091407 -0.01393115 -0.0918228 -0.002091407 -0.01374614 -0.08851265 -0.001971602 -0.01374614 -0.08851265 -0.001971602 -0.01374614 -0.08851265 -0.001971602 -0.01391649 -0.09156072 -0.002750217 -0.01391649 -0.09156072 -0.002750217 -0.01391649 -0.09156072 -0.002750217 -0.01391649 -0.09156072 -0.002750217 -0.01372796 -0.08818703 -0.002380549 -0.01372796 -0.08818703 -0.002380549 -0.01372796 -0.08818703 -0.002380549 -0.01370656 -0.08780413 -0.002736389 -0.01370656 -0.08780413 -0.002736389 -0.01370656 -0.08780413 -0.002736389 -0.01368242 -0.0873726 -0.003031075 -0.01368242 -0.0873726 -0.003031075 -0.01368242 -0.0873726 -0.003031075 -0.02150076 0.005708634 0 -0.02150076 0.005708634 0 -0.02150076 0.005708634 0 -0.02141702 0.00720632 0 -0.02141702 0.00720632 0 -0.02141702 0.00720632 0 -0.02141702 0.00720632 0 -0.02150291 0.005670189 5.87368e-4 -0.02150291 0.005670189 5.87368e-4 -0.02150291 0.005670189 5.87368e-4 -0.02150291 0.005670189 -5.87368e-4 -0.02150291 0.005670189 -5.87368e-4 -0.02150291 0.005670189 -5.87368e-4 -0.02112501 0.0124318 -0.006839036 -0.02112501 0.0124318 -0.006839036 -0.02112501 0.0124318 -0.006839036 -0.02112501 0.0124318 -0.006839036 -0.02130734 0.00916922 -2.58819e-4 -0.02130734 0.00916922 -2.58819e-4 -0.02130734 0.00916922 -2.58819e-4 -0.02130734 0.00916922 -2.58819e-4 -0.02131289 0.009069442 -5e-4 -0.02131289 0.009069442 -5e-4 -0.02131289 0.009069442 -5e-4 -0.02131289 0.009069442 -5e-4 -0.02131289 0.009069442 -5e-4 -0.02132177 0.008910775 -7.07106e-4 -0.02132177 0.008910775 -7.07106e-4 -0.02132177 0.008910775 -7.07106e-4 -0.02132177 0.008910775 -7.07106e-4 -0.02199435 -0.003124177 -0.001164674 -0.02199435 -0.003124177 -0.001164674 -0.02199435 -0.003124177 -0.001164674 -0.02199435 -0.003124177 -0.001164674 -0.02200078 -0.003238797 -5.87368e-4 -0.02200078 -0.003238797 -5.87368e-4 -0.02200078 -0.003238797 -5.87368e-4 -0.02212798 -0.005514919 -9.65925e-4 -0.02212798 -0.005514919 -9.65925e-4 -0.02212798 -0.005514919 -9.65925e-4 -0.02212798 -0.005514919 -9.65925e-4 -0.02214241 -0.005773365 -9.99999e-4 -0.02214241 -0.005773365 -9.99999e-4 -0.02214241 -0.005773365 -9.99999e-4 -0.02214241 -0.005773365 -9.99999e-4 -0.02153438 0.005106687 -0.002249956 -0.02153438 0.005106687 -0.002249956 -0.02153438 0.005106687 -0.002249956 -0.02153438 0.005106687 -0.002249956 -0.02151983 0.005366623 -0.001722037 -0.02151983 0.005366623 -0.001722037 -0.02151983 0.005366623 -0.001722037 -0.02150928 0.00555557 -0.001164674 -0.02150928 0.00555557 -0.001164674 -0.02150928 0.00555557 -0.001164674 -0.0217846 6.29238e-4 -0.004461467 -0.0217846 6.29238e-4 -0.004461467 -0.0217846 6.29238e-4 -0.004461467 -0.02177971 7.16473e-4 -0.006133913 -0.02177971 7.16473e-4 -0.006133913 -0.02177971 7.16473e-4 -0.006133913 -0.02177971 7.16473e-4 -0.006133913 -0.02176624 9.57272e-4 -0.006034016 -0.02176624 9.57272e-4 -0.006034016 -0.02176624 9.57272e-4 -0.006034016 -0.02211451 -0.005274176 -8.66025e-4 -0.02211451 -0.005274176 -8.66025e-4 -0.02211451 -0.005274176 -8.66025e-4 -0.02211451 -0.005274176 -8.66025e-4 -0.02153438 0.005106687 0.002249956 -0.02153438 0.005106687 0.002249956 -0.02153438 0.005106687 0.002249956 -0.02151983 0.005366623 0.001722037 -0.02151983 0.005366623 0.001722037 -0.02151983 0.005366623 0.001722037 -0.02150928 0.00555557 0.001164674 -0.02150928 0.00555557 0.001164674 -0.02150928 0.00555557 0.001164674 -0.02171236 0.001921653 0.006292879 -0.02171236 0.001921653 0.006292879 -0.02171236 0.001921653 0.006292879 -0.02172392 0.001714885 0.006133913 -0.02172392 0.001714885 0.006133913 -0.02172392 0.001714885 0.006133913 -0.02171903 0.001802146 0.004461467 -0.02171903 0.001802146 0.004461467 -0.02171903 0.001802146 0.004461467 -0.02171903 0.001802146 0.004461467 -0.02180761 2.17251e-4 0.006999969 -0.02180761 2.17251e-4 0.006999969 -0.02180761 2.17251e-4 0.006999969 -0.02180761 2.17251e-4 0.006999969 -0.02180761 2.17251e-4 0.006999969 -0.0221703 -0.006272614 8.66025e-4 -0.0221703 -0.006272614 8.66025e-4 -0.0221703 -0.006272614 8.66025e-4 -0.0221703 -0.006272614 8.66025e-4 -0.0221703 -0.006272614 8.66025e-4 -0.0221703 -0.006272614 8.66025e-4 -0.0221703 -0.006272614 8.66025e-4 -0.0218774 -0.001030802 0.00389707 -0.0218774 -0.001030802 0.00389707 -0.0218774 -0.001030802 0.00389707 -0.0218774 -0.001030802 0.00389707 -0.0218479 -5.03697e-4 0.004157423 -0.0218479 -5.03697e-4 0.004157423 -0.0218479 -5.03697e-4 0.004157423 -0.02181684 5.28219e-5 0.004346609 -0.02181684 5.28219e-5 0.004346609 -0.02181684 5.28219e-5 0.004346609 -0.02181684 5.28219e-5 0.004346609 -0.02200293 -0.003277242 0 -0.02200293 -0.003277242 0 -0.02200293 -0.003277242 0 -0.02200293 -0.003277242 0 -0.02200293 -0.003277242 0 -0.02200078 -0.003238797 5.87368e-4 -0.02200078 -0.003238797 5.87368e-4 -0.02200078 -0.003238797 5.87368e-4 -0.02211451 -0.005274176 8.66025e-4 -0.02211451 -0.005274176 8.66025e-4 -0.02211451 -0.005274176 8.66025e-4 -0.02211451 -0.005274176 8.66025e-4 -0.02210295 -0.005067348 7.07106e-4 -0.02210295 -0.005067348 7.07106e-4 -0.02210295 -0.005067348 7.07106e-4 -0.02210295 -0.005067348 7.07106e-4 -0.02210295 -0.005067348 7.07106e-4 -0.02209413 -0.00490868 5e-4 -0.02209413 -0.00490868 5e-4 -0.02209413 -0.00490868 5e-4 -0.02209413 -0.00490868 5e-4 -0.02208852 -0.004808962 2.58819e-4 -0.02208852 -0.004808962 2.58819e-4 -0.02208852 -0.004808962 2.58819e-4 -0.02208852 -0.004808962 2.58819e-4 -0.02208662 -0.004774928 0 -0.02208662 -0.004774928 0 -0.02208662 -0.004774928 0 -0.02208662 -0.004774928 0 -0.02208852 -0.004808962 -2.58819e-4 -0.02208852 -0.004808962 -2.58819e-4 -0.02208852 -0.004808962 -2.58819e-4 -0.02209413 -0.00490868 -5e-4 -0.02209413 -0.00490868 -5e-4 -0.02209413 -0.00490868 -5e-4 -0.02209413 -0.00490868 -5e-4 -0.02209413 -0.00490868 -5e-4 -0.02210295 -0.005067348 -7.07106e-4 -0.02210295 -0.005067348 -7.07106e-4 -0.02210295 -0.005067348 -7.07106e-4 -0.02210295 -0.005067348 -7.07106e-4 -0.02112501 0.0124318 0.006839036 -0.02112501 0.0124318 0.006839036 -0.02112501 0.0124318 0.006839036 -0.02114313 0.01210784 0.007296323 -0.02114313 0.01210784 0.007296323 -0.02114313 0.01210784 0.007296323 -0.02114313 0.01210784 0.007296323 -0.02169603 0.002214133 0.006999969 -0.02169603 0.002214133 0.006999969 -0.02169603 0.002214133 0.006999969 -0.02169603 0.002214133 0.006999969 -0.02132177 0.008910775 7.07106e-4 -0.02132177 0.008910775 7.07106e-4 -0.02132177 0.008910775 7.07106e-4 -0.02132177 0.008910775 7.07106e-4 -0.02132177 0.008910775 7.07106e-4 -0.02131289 0.009069442 5e-4 -0.02131289 0.009069442 5e-4 -0.02131289 0.009069442 5e-4 -0.02130734 0.00916922 2.58819e-4 -0.02130734 0.00916922 2.58819e-4 -0.02130734 0.00916922 2.58819e-4 -0.02130544 0.009203195 0 -0.02130544 0.009203195 0 -0.02130544 0.009203195 0 -0.02173739 0.001474082 -0.007965922 -0.02173739 0.001474082 -0.007965922 -0.02173739 0.001474082 -0.007965922 -0.02173739 0.001474082 -0.007965922 -0.02175182 0.001215636 -0.007999956 -0.02175182 0.001215636 -0.007999956 -0.02175182 0.001215636 -0.007999956 -0.02175182 0.001215636 -0.007999956 -0.02176624 9.57272e-4 -0.007965922 -0.02176624 9.57272e-4 -0.007965922 -0.02176624 9.57272e-4 -0.007965922 -0.02177971 7.16473e-4 -0.007865965 -0.02177971 7.16473e-4 -0.007865965 -0.02177971 7.16473e-4 -0.007865965 -0.02177971 7.16473e-4 -0.007865965 -0.02179127 5.09686e-4 -0.007707059 -0.02179127 5.09686e-4 -0.007707059 -0.02179127 5.09686e-4 -0.007707059 -0.02179127 5.09686e-4 -0.007707059 -0.02180016 3.51009e-4 -0.007499992 -0.02180016 3.51009e-4 -0.007499992 -0.02180016 3.51009e-4 -0.007499992 -0.02180016 3.51009e-4 -0.007499992 -0.02180576 2.51278e-4 -0.007258772 -0.02180576 2.51278e-4 -0.007258772 -0.02180576 2.51278e-4 -0.007258772 -0.02180576 2.51278e-4 -0.007258772 -0.02180761 2.17251e-4 -0.006999969 -0.02180761 2.17251e-4 -0.006999969 -0.02180761 2.17251e-4 -0.006999969 -0.02180761 2.17251e-4 -0.006999969 -0.02181684 5.28219e-5 -0.004346609 -0.02181684 5.28219e-5 -0.004346609 -0.02181684 5.28219e-5 -0.004346609 -0.0218479 -5.03697e-4 -0.004157423 -0.0218479 -5.03697e-4 -0.004157423 -0.0218479 -5.03697e-4 -0.004157423 -0.0218774 -0.001030802 -0.00389707 -0.0218774 -0.001030802 -0.00389707 -0.0218774 -0.001030802 -0.00389707 -0.0219047 -0.001519441 -0.003570079 -0.0219047 -0.001519441 -0.003570079 -0.0219047 -0.001519441 -0.003570079 -0.02192938 -0.00196129 -0.003181934 -0.02192938 -0.00196129 -0.003181934 -0.02192938 -0.00196129 -0.003181934 -0.02195101 -0.00234878 -0.002739369 -0.02195101 -0.00234878 -0.002739369 -0.02195101 -0.00234878 -0.002739369 -0.02196931 -0.002675294 -0.002249956 -0.02196931 -0.002675294 -0.002249956 -0.02196931 -0.002675294 -0.002249956 -0.0219838 -0.00293523 -0.001722037 -0.0219838 -0.00293523 -0.001722037 -0.0219838 -0.00293523 -0.001722037 -0.02215689 -0.006031751 -9.65925e-4 -0.02215689 -0.006031751 -9.65925e-4 -0.02215689 -0.006031751 -9.65925e-4 -0.0221703 -0.006272614 -8.66025e-4 -0.0221703 -0.006272614 -8.66025e-4 -0.0221703 -0.006272614 -8.66025e-4 -0.0221703 -0.006272614 -8.66025e-4 -0.02218186 -0.006479382 -7.07106e-4 -0.02218186 -0.006479382 -7.07106e-4 -0.02218186 -0.006479382 -7.07106e-4 -0.02218186 -0.006479382 -7.07106e-4 -0.02219074 -0.00663805 -5e-4 -0.02219074 -0.00663805 -5e-4 -0.02219074 -0.00663805 -5e-4 -0.02219635 -0.006737768 -2.58819e-4 -0.02219635 -0.006737768 -2.58819e-4 -0.02219635 -0.006737768 -2.58819e-4 -0.02219825 -0.006771802 0 -0.02219825 -0.006771802 0 -0.02219825 -0.006771802 0 -0.02219635 -0.006737768 2.58819e-4 -0.02219635 -0.006737768 2.58819e-4 -0.02219635 -0.006737768 2.58819e-4 -0.02219635 -0.006737768 2.58819e-4 -0.02219074 -0.00663805 5e-4 -0.02219074 -0.00663805 5e-4 -0.02219074 -0.00663805 5e-4 -0.02219074 -0.00663805 5e-4 -0.02218186 -0.006479382 7.07106e-4 -0.02218186 -0.006479382 7.07106e-4 -0.02218186 -0.006479382 7.07106e-4 -0.02218186 -0.006479382 7.07106e-4 -0.02218186 -0.006479382 7.07106e-4 -0.02215689 -0.006031751 9.65925e-4 -0.02215689 -0.006031751 9.65925e-4 -0.02215689 -0.006031751 9.65925e-4 -0.02215689 -0.006031751 9.65925e-4 -0.02215689 -0.006031751 9.65925e-4 -0.02214241 -0.005773365 10e-4 -0.02214241 -0.005773365 10e-4 -0.02214241 -0.005773365 10e-4 -0.02214241 -0.005773365 10e-4 -0.02214241 -0.005773365 10e-4 -0.0219838 -0.00293523 0.001722037 -0.0219838 -0.00293523 0.001722037 -0.0219838 -0.00293523 0.001722037 -0.0219838 -0.00293523 0.001722037 -0.02196931 -0.002675294 0.002249956 -0.02196931 -0.002675294 0.002249956 -0.02196931 -0.002675294 0.002249956 -0.02195101 -0.00234878 0.002739369 -0.02195101 -0.00234878 0.002739369 -0.02195101 -0.00234878 0.002739369 -0.02195101 -0.00234878 0.002739369 -0.02192938 -0.00196129 0.003181934 -0.02192938 -0.00196129 0.003181934 -0.02192938 -0.00196129 0.003181934 -0.0219047 -0.001519441 0.003570079 -0.0219047 -0.001519441 0.003570079 -0.0219047 -0.001519441 0.003570079 -0.0219047 -0.001519441 0.003570079 -0.02116394 0.01173478 -0.00771445 -0.02116394 0.01173478 -0.00771445 -0.02116394 0.01173478 -0.00771445 -0.02114313 0.01210784 -0.007296323 -0.02114313 0.01210784 -0.007296323 -0.02114313 0.01210784 -0.007296323 -0.02114313 0.01210784 -0.007296323 -0.02169603 0.002214133 -0.006999969 -0.02169603 0.002214133 -0.006999969 -0.02169603 0.002214133 -0.006999969 -0.02169603 0.002214133 -0.006999969 -0.02169793 0.002180099 -0.007258772 -0.02169793 0.002180099 -0.007258772 -0.02169793 0.002180099 -0.007258772 -0.02169793 0.002180099 -0.007258772 -0.02170348 0.002080321 -0.007499992 -0.02170348 0.002080321 -0.007499992 -0.02170348 0.002080321 -0.007499992 -0.02170348 0.002080321 -0.007499992 -0.02171236 0.001921653 -0.007707059 -0.02171236 0.001921653 -0.007707059 -0.02171236 0.001921653 -0.007707059 -0.02172392 0.001714885 -0.007865965 -0.02172392 0.001714885 -0.007865965 -0.02172392 0.001714885 -0.007865965 -0.02133333 0.008704006 -8.66025e-4 -0.02133333 0.008704006 -8.66025e-4 -0.02133333 0.008704006 -8.66025e-4 -0.02133333 0.008704006 -8.66025e-4 -0.0213468 0.008463203 -9.65925e-4 -0.0213468 0.008463203 -9.65925e-4 -0.0213468 0.008463203 -9.65925e-4 -0.02136123 0.008204758 -9.99999e-4 -0.02136123 0.008204758 -9.99999e-4 -0.02136123 0.008204758 -9.99999e-4 -0.02137565 0.007946312 -9.65925e-4 -0.02137565 0.007946312 -9.65925e-4 -0.02137565 0.007946312 -9.65925e-4 -0.02138912 0.007705509 -8.66025e-4 -0.02138912 0.007705509 -8.66025e-4 -0.02138912 0.007705509 -8.66025e-4 -0.02138912 0.007705509 -8.66025e-4 -0.02140069 0.007498741 -7.07106e-4 -0.02140069 0.007498741 -7.07106e-4 -0.02140069 0.007498741 -7.07106e-4 -0.02140957 0.007340073 -5e-4 -0.02140957 0.007340073 -5e-4 -0.02140957 0.007340073 -5e-4 -0.02141511 0.007240355 -2.58819e-4 -0.02141511 0.007240355 -2.58819e-4 -0.02141511 0.007240355 -2.58819e-4 -0.02155262 0.004780173 -0.002739369 -0.02155262 0.004780173 -0.002739369 -0.02155262 0.004780173 -0.002739369 -0.02155262 0.004780173 -0.002739369 -0.02155262 0.004780173 -0.002739369 -0.02157425 0.004392683 -0.003181934 -0.02157425 0.004392683 -0.003181934 -0.02157425 0.004392683 -0.003181934 -0.02159899 0.003950834 -0.003570079 -0.02159899 0.003950834 -0.003570079 -0.02159899 0.003950834 -0.003570079 -0.02162629 0.003462135 -0.00389707 -0.02162629 0.003462135 -0.00389707 -0.02162629 0.003462135 -0.00389707 -0.02165573 0.002935051 -0.004157423 -0.02165573 0.002935051 -0.004157423 -0.02165573 0.002935051 -0.004157423 -0.02165573 0.002935051 -0.004157423 -0.02168685 0.002378582 -0.004346609 -0.02168685 0.002378582 -0.004346609 -0.02168685 0.002378582 -0.004346609 -0.02168685 0.002378582 -0.004346609 -0.02168685 0.002378582 -0.004346609 -0.02169793 0.002180099 -0.006741166 -0.02169793 0.002180099 -0.006741166 -0.02169793 0.002180099 -0.006741166 -0.02169793 0.002180099 -0.006741166 -0.02110987 0.01270258 -0.006348311 -0.02110987 0.01270258 -0.006348311 -0.02110987 0.01270258 -0.006348311 -0.02109789 0.01291686 -0.005830287 -0.02109789 0.01291686 -0.005830287 -0.02109789 0.01291686 -0.005830287 -0.02108925 0.01307183 -0.005291521 -0.02108925 0.01307183 -0.005291521 -0.02108925 0.01307183 -0.005291521 -0.02108401 0.01316559 -0.004738748 -0.02108401 0.01316559 -0.004738748 -0.02108401 0.01316559 -0.004738748 -0.02108222 0.01319694 -0.004178881 -0.02108222 0.01319694 -0.004178881 -0.02108222 0.01319694 -0.004178881 -0.02108222 0.01319694 -0.004178881 -0.02108222 0.01319694 0.004178881 -0.02108222 0.01319694 0.004178881 -0.02108222 0.01319694 0.004178881 -0.02108401 0.01316559 0.004738748 -0.02108401 0.01316559 0.004738748 -0.02108401 0.01316559 0.004738748 -0.02108401 0.01316559 0.004738748 -0.02108925 0.01307183 0.005291521 -0.02108925 0.01307183 0.005291521 -0.02108925 0.01307183 0.005291521 -0.02109789 0.01291686 0.005830287 -0.02109789 0.01291686 0.005830287 -0.02109789 0.01291686 0.005830287 -0.02110987 0.01270258 0.006348311 -0.02110987 0.01270258 0.006348311 -0.02110987 0.01270258 0.006348311 -0.02180576 2.51278e-4 -0.006741166 -0.02180576 2.51278e-4 -0.006741166 -0.02180576 2.51278e-4 -0.006741166 -0.02180576 2.51278e-4 -0.006741166 -0.02180016 3.51009e-4 -0.006499946 -0.02180016 3.51009e-4 -0.006499946 -0.02180016 3.51009e-4 -0.006499946 -0.02180016 3.51009e-4 -0.006499946 -0.02179127 5.09686e-4 -0.006292879 -0.02179127 5.09686e-4 -0.006292879 -0.02179127 5.09686e-4 -0.006292879 -0.02179127 5.09686e-4 -0.006292879 -0.02169793 0.002180099 0.006741166 -0.02169793 0.002180099 0.006741166 -0.02169793 0.002180099 0.006741166 -0.02169793 0.002180099 0.006741166 -0.02169793 0.002180099 0.006741166 -0.02168685 0.002378582 0.004346609 -0.02168685 0.002378582 0.004346609 -0.02168685 0.002378582 0.004346609 -0.02168685 0.002378582 0.004346609 -0.02168685 0.002378582 0.004346609 -0.02165573 0.002935051 0.004157423 -0.02165573 0.002935051 0.004157423 -0.02165573 0.002935051 0.004157423 -0.02162629 0.003462135 0.00389707 -0.02162629 0.003462135 0.00389707 -0.02162629 0.003462135 0.00389707 -0.02159899 0.003950834 0.003570079 -0.02159899 0.003950834 0.003570079 -0.02159899 0.003950834 0.003570079 -0.02157425 0.004392683 0.003181934 -0.02157425 0.004392683 0.003181934 -0.02157425 0.004392683 0.003181934 -0.02157425 0.004392683 0.003181934 -0.02155262 0.004780173 0.002739369 -0.02155262 0.004780173 0.002739369 -0.02155262 0.004780173 0.002739369 -0.02141511 0.007240355 2.58819e-4 -0.02141511 0.007240355 2.58819e-4 -0.02141511 0.007240355 2.58819e-4 -0.02140957 0.007340073 5e-4 -0.02140957 0.007340073 5e-4 -0.02140957 0.007340073 5e-4 -0.02140069 0.007498741 7.07106e-4 -0.02140069 0.007498741 7.07106e-4 -0.02140069 0.007498741 7.07106e-4 -0.02140069 0.007498741 7.07106e-4 -0.02138912 0.007705509 8.66025e-4 -0.02138912 0.007705509 8.66025e-4 -0.02138912 0.007705509 8.66025e-4 -0.02137565 0.007946312 9.65925e-4 -0.02137565 0.007946312 9.65925e-4 -0.02137565 0.007946312 9.65925e-4 -0.02136123 0.008204758 10e-4 -0.02136123 0.008204758 10e-4 -0.02136123 0.008204758 10e-4 -0.0213468 0.008463203 9.65925e-4 -0.0213468 0.008463203 9.65925e-4 -0.0213468 0.008463203 9.65925e-4 -0.02133333 0.008704006 8.66025e-4 -0.02133333 0.008704006 8.66025e-4 -0.02133333 0.008704006 8.66025e-4 -0.02133333 0.008704006 8.66025e-4 -0.0217846 6.29238e-4 0.004461467 -0.0217846 6.29238e-4 0.004461467 -0.0217846 6.29238e-4 0.004461467 -0.02177971 7.16473e-4 0.006133913 -0.02177971 7.16473e-4 0.006133913 -0.02177971 7.16473e-4 0.006133913 -0.02177971 7.16473e-4 0.006133913 -0.02179127 5.09686e-4 0.006292879 -0.02179127 5.09686e-4 0.006292879 -0.02179127 5.09686e-4 0.006292879 -0.02179127 5.09686e-4 0.006292879 -0.02180016 3.51009e-4 0.006499946 -0.02180016 3.51009e-4 0.006499946 -0.02180016 3.51009e-4 0.006499946 -0.02180016 3.51009e-4 0.006499946 -0.02180576 2.51278e-4 0.006741166 -0.02180576 2.51278e-4 0.006741166 -0.02180576 2.51278e-4 0.006741166 -0.02180576 2.51278e-4 0.006741166 -0.02180576 2.51278e-4 0.006741166 -0.02180576 2.51278e-4 0.007258772 -0.02180576 2.51278e-4 0.007258772 -0.02180576 2.51278e-4 0.007258772 -0.02180576 2.51278e-4 0.007258772 -0.02180016 3.51009e-4 0.007499992 -0.02180016 3.51009e-4 0.007499992 -0.02180016 3.51009e-4 0.007499992 -0.02180016 3.51009e-4 0.007499992 -0.02179127 5.09686e-4 0.007707059 -0.02179127 5.09686e-4 0.007707059 -0.02179127 5.09686e-4 0.007707059 -0.02179127 5.09686e-4 0.007707059 -0.02177971 7.16473e-4 0.007865965 -0.02177971 7.16473e-4 0.007865965 -0.02177971 7.16473e-4 0.007865965 -0.02177971 7.16473e-4 0.007865965 -0.02176624 9.57272e-4 0.007965922 -0.02176624 9.57272e-4 0.007965922 -0.02176624 9.57272e-4 0.007965922 -0.02175182 0.001215636 0.007999956 -0.02175182 0.001215636 0.007999956 -0.02175182 0.001215636 0.007999956 -0.02175182 0.001215636 0.007999956 -0.02173739 0.001474082 0.007965922 -0.02173739 0.001474082 0.007965922 -0.02173739 0.001474082 0.007965922 -0.02173739 0.001474082 0.007965922 -0.02172392 0.001714885 0.007865965 -0.02172392 0.001714885 0.007865965 -0.02172392 0.001714885 0.007865965 -0.02171236 0.001921653 0.007707059 -0.02171236 0.001921653 0.007707059 -0.02171236 0.001921653 0.007707059 -0.02171236 0.001921653 0.007707059 -0.02170348 0.002080321 0.007499992 -0.02170348 0.002080321 0.007499992 -0.02170348 0.002080321 0.007499992 -0.02170348 0.002080321 0.007499992 -0.02169793 0.002180099 0.007258772 -0.02169793 0.002180099 0.007258772 -0.02169793 0.002180099 0.007258772 -0.02116394 0.01173478 0.00771445 -0.02116394 0.01173478 0.00771445 -0.02116394 0.01173478 0.00771445 -0.02199435 -0.003124177 0.001164674 -0.02199435 -0.003124177 0.001164674 -0.02199435 -0.003124177 0.001164674 -0.02199435 -0.003124177 0.001164674 -0.02212798 -0.005514919 9.65925e-4 -0.02212798 -0.005514919 9.65925e-4 -0.02212798 -0.005514919 9.65925e-4 -0.02212798 -0.005514919 9.65925e-4 -0.02170348 0.002080321 -0.006499946 -0.02170348 0.002080321 -0.006499946 -0.02170348 0.002080321 -0.006499946 -0.02170348 0.002080321 -0.006499946 -0.02170348 0.002080321 -0.006499946 -0.02170348 0.002080321 -0.006499946 -0.02171903 0.001802146 -0.004461467 -0.02171903 0.001802146 -0.004461467 -0.02171903 0.001802146 -0.004461467 -0.02171903 0.001802146 -0.004461467 -0.02171903 0.001802146 -0.004461467 -0.02171236 0.001921653 -0.006292879 -0.02171236 0.001921653 -0.006292879 -0.02171236 0.001921653 -0.006292879 -0.02171236 0.001921653 -0.006292879 -0.02171236 0.001921653 -0.006292879 -0.02175182 0.001215636 -0.004499971 -0.02175182 0.001215636 -0.004499971 -0.02175182 0.001215636 -0.004499971 -0.02173739 0.001474082 -0.006034016 -0.02173739 0.001474082 -0.006034016 -0.02173739 0.001474082 -0.006034016 -0.02172392 0.001714885 -0.006133913 -0.02172392 0.001714885 -0.006133913 -0.02172392 0.001714885 -0.006133913 -0.02172392 0.001714885 -0.006133913 -0.02175182 0.001215636 -0.005999982 -0.02175182 0.001215636 -0.005999982 -0.02175182 0.001215636 -0.005999982 -0.02170348 0.002080321 0.006499946 -0.02170348 0.002080321 0.006499946 -0.02170348 0.002080321 0.006499946 -0.02170348 0.002080321 0.006499946 -0.02170348 0.002080321 0.006499946 -0.02175182 0.001215636 0.004499971 -0.02175182 0.001215636 0.004499971 -0.02175182 0.001215636 0.004499971 -0.02173739 0.001474082 0.006034016 -0.02173739 0.001474082 0.006034016 -0.02173739 0.001474082 0.006034016 -0.02175182 0.001215636 0.005999982 -0.02175182 0.001215636 0.005999982 -0.02175182 0.001215636 0.005999982 -0.02176624 9.57272e-4 0.006034016 -0.02176624 9.57272e-4 0.006034016 -0.02176624 9.57272e-4 0.006034016 -0.02669298 0.002408385 -0.01046001 -0.02669298 0.002408385 -0.01046001 -0.02669298 0.002408385 -0.01046001 -0.02669298 0.002408385 -0.01046001 -0.02664232 0.00331515 -0.01034045 -0.02664232 0.00331515 -0.01034045 -0.02664232 0.00331515 -0.01034045 -0.02659243 0.004208028 -0.0101422 -0.02659243 0.004208028 -0.0101422 -0.02659243 0.004208028 -0.0101422 -0.02654367 0.005080282 -0.009866714 -0.02654367 0.005080282 -0.009866714 -0.02654367 0.005080282 -0.009866714 -0.02649646 0.005925238 -0.009516179 -0.02649646 0.005925238 -0.009516179 -0.02649646 0.005925238 -0.009516179 -0.02645111 0.006736457 -0.009093225 -0.02645111 0.006736457 -0.009093225 -0.02645111 0.006736457 -0.009093225 -0.02640801 0.007507801 -0.008601069 -0.02640801 0.007507801 -0.008601069 -0.02640801 0.007507801 -0.008601069 -0.02640801 0.007507801 -0.008601069 -0.02636742 0.008233428 -0.008043408 -0.02636742 0.008233428 -0.008043408 -0.02636742 0.008233428 -0.008043408 -0.02632975 0.008907735 -0.007424592 -0.02632975 0.008907735 -0.007424592 -0.02632975 0.008907735 -0.007424592 -0.02629524 0.009525597 -0.006749212 -0.02629524 0.009525597 -0.006749212 -0.02629524 0.009525597 -0.006749212 -0.02626413 0.01008236 -0.006022512 -0.02626413 0.01008236 -0.006022512 -0.02626413 0.01008236 -0.006022512 -0.02626413 0.01008236 -0.006022512 -0.02623665 0.0105738 -0.005249977 -0.02623665 0.0105738 -0.005249977 -0.02623665 0.0105738 -0.005249977 -0.02623665 0.0105738 -0.005249977 -0.02615815 0.01197832 0 -0.02615815 0.01197832 0 -0.02615815 0.01197832 0 -0.02615815 0.01197832 0 -0.02615815 0.01197832 0 -0.02615815 0.01197832 0 -0.02615618 0.01201379 0.00771445 -0.02615618 0.01201379 0.00771445 -0.02615618 0.01201379 0.00771445 -0.02615618 0.01201379 0.00771445 -0.02615618 0.01201379 0.00771445 -0.02613532 0.01238685 0.007296323 -0.02613532 0.01238685 0.007296323 -0.02613532 0.01238685 0.007296323 -0.0261172 0.0127108 0.006839036 -0.0261172 0.0127108 0.006839036 -0.0261172 0.0127108 0.006839036 -0.02610206 0.01298159 0.006348311 -0.02610206 0.01298159 0.006348311 -0.02610206 0.01298159 0.006348311 -0.02609014 0.01319581 0.005830287 -0.02609014 0.01319581 0.005830287 -0.02609014 0.01319581 0.005830287 -0.02608144 0.01335078 0.005291521 -0.02608144 0.01335078 0.005291521 -0.02608144 0.01335078 0.005291521 -0.02607619 0.0134446 0.004738748 -0.02607619 0.0134446 0.004738748 -0.02607619 0.0134446 0.004738748 -0.02607446 0.01347595 0.004178881 -0.02607446 0.01347595 0.004178881 -0.02607446 0.01347595 0.004178881 -0.02607446 0.01347595 0.004178881 -0.02607446 0.01347595 -0.004178881 -0.02607446 0.01347595 -0.004178881 -0.02607446 0.01347595 -0.004178881 -0.02607619 0.0134446 -0.004738748 -0.02607619 0.0134446 -0.004738748 -0.02607619 0.0134446 -0.004738748 -0.02607619 0.0134446 -0.004738748 -0.02608144 0.01335078 -0.005291521 -0.02608144 0.01335078 -0.005291521 -0.02608144 0.01335078 -0.005291521 -0.02609014 0.01319581 -0.005830287 -0.02609014 0.01319581 -0.005830287 -0.02609014 0.01319581 -0.005830287 -0.02610206 0.01298159 -0.006348311 -0.02610206 0.01298159 -0.006348311 -0.02610206 0.01298159 -0.006348311 -0.0261172 0.0127108 -0.006839036 -0.0261172 0.0127108 -0.006839036 -0.0261172 0.0127108 -0.006839036 -0.02613532 0.01238685 -0.007296323 -0.02613532 0.01238685 -0.007296323 -0.02613532 0.01238685 -0.007296323 -0.02615618 0.01201379 -0.00771445 -0.02615618 0.01201379 -0.00771445 -0.02615618 0.01201379 -0.00771445 -0.02615618 0.01201379 -0.00771445 -0.02615618 0.01201379 -0.00771445 -0.02615618 0.01201379 -0.00771445 -0.02616035 0.01193839 -9.15135e-4 -0.02616035 0.01193839 -9.15135e-4 -0.02616035 0.01193839 -9.15135e-4 -0.02616035 0.01193839 -9.15135e-4 -0.02616035 0.01193839 -9.15135e-4 -0.02621304 0.0109961 -0.004437446 -0.02621304 0.0109961 -0.004437446 -0.02621304 0.0109961 -0.004437446 -0.02619349 0.0113461 -0.003591179 -0.02619349 0.0113461 -0.003591179 -0.02619349 0.0113461 -0.003591179 -0.02617812 0.01162105 -0.002717554 -0.02617812 0.01162105 -0.002717554 -0.02617812 0.01162105 -0.002717554 -0.02616703 0.01181906 -0.001823246 -0.02616703 0.01181906 -0.001823246 -0.02616703 0.01181906 -0.001823246 -0.02616703 0.01181906 -0.001823246 -0.02732992 -0.008988916 0 -0.02732992 -0.008988916 0 -0.02732992 -0.008988916 0 -0.02732771 -0.008949041 -9.15135e-4 -0.02732771 -0.008949041 -9.15135e-4 -0.02732771 -0.008949041 -9.15135e-4 -0.02732104 -0.008829653 -0.001823246 -0.02732104 -0.008829653 -0.001823246 -0.02732104 -0.008829653 -0.001823246 -0.02730995 -0.008631706 -0.002717554 -0.02730995 -0.008631706 -0.002717554 -0.02730995 -0.008631706 -0.002717554 -0.02729457 -0.00835669 -0.003591179 -0.02729457 -0.00835669 -0.003591179 -0.02729457 -0.00835669 -0.003591179 -0.02727502 -0.008006691 -0.004437446 -0.02727502 -0.008006691 -0.004437446 -0.02727502 -0.008006691 -0.004437446 -0.02727502 -0.008006691 -0.004437446 -0.02725142 -0.007584393 -0.005249977 -0.02725142 -0.007584393 -0.005249977 -0.02725142 -0.007584393 -0.005249977 -0.027224 -0.007092952 -0.006022512 -0.027224 -0.007092952 -0.006022512 -0.027224 -0.007092952 -0.006022512 -0.027224 -0.007092952 -0.006022512 -0.02719289 -0.006536185 -0.006749212 -0.02719289 -0.006536185 -0.006749212 -0.02719289 -0.006536185 -0.006749212 -0.02715831 -0.005918323 -0.007424592 -0.02715831 -0.005918323 -0.007424592 -0.02715831 -0.005918323 -0.007424592 -0.02712064 -0.005244016 -0.008043408 -0.02712064 -0.005244016 -0.008043408 -0.02712064 -0.005244016 -0.008043408 -0.02708011 -0.004518449 -0.008601069 -0.02708011 -0.004518449 -0.008601069 -0.02708011 -0.004518449 -0.008601069 -0.02703696 -0.003747105 -0.009093225 -0.02703696 -0.003747105 -0.009093225 -0.02703696 -0.003747105 -0.009093225 -0.02699166 -0.002935826 -0.009516179 -0.02699166 -0.002935826 -0.009516179 -0.02699166 -0.002935826 -0.009516179 -0.02694445 -0.002090871 -0.009866714 -0.02694445 -0.002090871 -0.009866714 -0.02694445 -0.002090871 -0.009866714 -0.0268957 -0.001218676 -0.0101422 -0.0268957 -0.001218676 -0.0101422 -0.0268957 -0.001218676 -0.0101422 -0.02684581 -3.25779e-4 -0.01034045 -0.02684581 -3.25779e-4 -0.01034045 -0.02684581 -3.25779e-4 -0.01034045 -0.02679508 5.8099e-4 -0.01046001 -0.02679508 5.8099e-4 -0.01046001 -0.02679508 5.8099e-4 -0.01046001 -0.02679508 5.8099e-4 -0.01046001 -0.02674406 0.001494646 -0.01049995 -0.02674406 0.001494646 -0.01049995 -0.02674406 0.001494646 -0.01049995 -0.02674406 0.001494646 -0.01049995 -0.02623665 0.0105738 0.005249977 -0.02623665 0.0105738 0.005249977 -0.02623665 0.0105738 0.005249977 -0.02623665 0.0105738 0.005249977 -0.02626413 0.01008236 0.006022512 -0.02626413 0.01008236 0.006022512 -0.02626413 0.01008236 0.006022512 -0.02626413 0.01008236 0.006022512 -0.02629524 0.009525597 0.006749212 -0.02629524 0.009525597 0.006749212 -0.02629524 0.009525597 0.006749212 -0.02632975 0.008907735 0.007424592 -0.02632975 0.008907735 0.007424592 -0.02632975 0.008907735 0.007424592 -0.02636742 0.008233428 0.008043408 -0.02636742 0.008233428 0.008043408 -0.02636742 0.008233428 0.008043408 -0.02636742 0.008233428 0.008043408 -0.02640801 0.007507801 0.008601069 -0.02640801 0.007507801 0.008601069 -0.02640801 0.007507801 0.008601069 -0.02645111 0.006736457 0.009093225 -0.02645111 0.006736457 0.009093225 -0.02645111 0.006736457 0.009093225 -0.02649646 0.005925238 0.009516179 -0.02649646 0.005925238 0.009516179 -0.02649646 0.005925238 0.009516179 -0.02654367 0.005080282 0.009866714 -0.02654367 0.005080282 0.009866714 -0.02654367 0.005080282 0.009866714 -0.02659243 0.004208028 0.0101422 -0.02659243 0.004208028 0.0101422 -0.02659243 0.004208028 0.0101422 -0.02664232 0.00331515 0.01034045 -0.02664232 0.00331515 0.01034045 -0.02664232 0.00331515 0.01034045 -0.02669298 0.002408385 0.01046001 -0.02669298 0.002408385 0.01046001 -0.02669298 0.002408385 0.01046001 -0.02669298 0.002408385 0.01046001 -0.02616035 0.01193839 9.15135e-4 -0.02616035 0.01193839 9.15135e-4 -0.02616035 0.01193839 9.15135e-4 -0.02616035 0.01193839 9.15135e-4 -0.02616703 0.01181906 0.001823246 -0.02616703 0.01181906 0.001823246 -0.02616703 0.01181906 0.001823246 -0.02616703 0.01181906 0.001823246 -0.02617812 0.01162105 0.002717554 -0.02617812 0.01162105 0.002717554 -0.02617812 0.01162105 0.002717554 -0.02619349 0.0113461 0.003591179 -0.02619349 0.0113461 0.003591179 -0.02619349 0.0113461 0.003591179 -0.02621304 0.0109961 0.004437446 -0.02621304 0.0109961 0.004437446 -0.02621304 0.0109961 0.004437446 -0.02674406 0.001494646 0.01049995 -0.02674406 0.001494646 0.01049995 -0.02674406 0.001494646 0.01049995 -0.02674406 0.001494646 0.01049995 -0.02679508 5.8099e-4 0.01046001 -0.02679508 5.8099e-4 0.01046001 -0.02679508 5.8099e-4 0.01046001 -0.02679508 5.8099e-4 0.01046001 -0.02684581 -3.25779e-4 0.01034045 -0.02684581 -3.25779e-4 0.01034045 -0.02684581 -3.25779e-4 0.01034045 -0.0268957 -0.001218676 0.0101422 -0.0268957 -0.001218676 0.0101422 -0.0268957 -0.001218676 0.0101422 -0.02694445 -0.002090871 0.009866714 -0.02694445 -0.002090871 0.009866714 -0.02694445 -0.002090871 0.009866714 -0.02699166 -0.002935826 0.009516179 -0.02699166 -0.002935826 0.009516179 -0.02699166 -0.002935826 0.009516179 -0.02703696 -0.003747105 0.009093225 -0.02703696 -0.003747105 0.009093225 -0.02703696 -0.003747105 0.009093225 -0.02708011 -0.004518449 0.008601069 -0.02708011 -0.004518449 0.008601069 -0.02708011 -0.004518449 0.008601069 -0.02712064 -0.005244016 0.008043408 -0.02712064 -0.005244016 0.008043408 -0.02712064 -0.005244016 0.008043408 -0.02715831 -0.005918323 0.007424592 -0.02715831 -0.005918323 0.007424592 -0.02715831 -0.005918323 0.007424592 -0.02719289 -0.006536185 0.006749212 -0.02719289 -0.006536185 0.006749212 -0.02719289 -0.006536185 0.006749212 -0.02719289 -0.006536185 0.006749212 -0.027224 -0.007092952 0.006022512 -0.027224 -0.007092952 0.006022512 -0.027224 -0.007092952 0.006022512 -0.02725142 -0.007584393 0.005249977 -0.02725142 -0.007584393 0.005249977 -0.02725142 -0.007584393 0.005249977 -0.02725142 -0.007584393 0.005249977 -0.02727502 -0.008006691 0.004437446 -0.02727502 -0.008006691 0.004437446 -0.02727502 -0.008006691 0.004437446 -0.02729457 -0.00835669 0.003591179 -0.02729457 -0.00835669 0.003591179 -0.02729457 -0.00835669 0.003591179 -0.02730995 -0.008631706 0.002717554 -0.02730995 -0.008631706 0.002717554 -0.02730995 -0.008631706 0.002717554 -0.02732104 -0.008829653 0.001823246 -0.02732104 -0.008829653 0.001823246 -0.02732104 -0.008829653 0.001823246 -0.02732771 -0.008949041 9.15135e-4 -0.02732771 -0.008949041 9.15135e-4 -0.02732771 -0.008949041 9.15135e-4 -0.02384293 0.008602678 9.65925e-4 -0.02384293 0.008602678 9.65925e-4 -0.02384293 0.008602678 9.65925e-4 -0.02384293 0.008602678 9.65925e-4 -0.02366429 0.01179891 9.15135e-4 -0.02366429 0.01179891 9.15135e-4 -0.02366429 0.01179891 9.15135e-4 -0.02366429 0.01179891 9.15135e-4 -0.02366429 0.01179891 9.15135e-4 -0.02382946 0.008843481 8.66025e-4 -0.02382946 0.008843481 8.66025e-4 -0.02382946 0.008843481 8.66025e-4 -0.02412241 0.00360167 0.00389707 -0.02412241 0.00360167 0.00389707 -0.02412241 0.00360167 0.00389707 -0.02412241 0.00360167 0.00389707 -0.02415186 0.003074586 0.004157423 -0.02415186 0.003074586 0.004157423 -0.02415186 0.003074586 0.004157423 -0.02415186 0.003074586 0.004157423 -0.02424794 0.001355171 0.005999982 -0.02424794 0.001355171 0.005999982 -0.02424794 0.001355171 0.005999982 -0.02418297 0.002518057 0.004346609 -0.02418297 0.002518057 0.004346609 -0.02418297 0.002518057 0.004346609 -0.02421516 0.001941621 0.004461467 -0.02421516 0.001941621 0.004461467 -0.02421516 0.001941621 0.004461467 -0.02424794 0.001355171 0.004499971 -0.02424794 0.001355171 0.004499971 -0.02424794 0.001355171 0.004499971 -0.02389681 0.007638275 7.07106e-4 -0.02389681 0.007638275 7.07106e-4 -0.02389681 0.007638275 7.07106e-4 -0.02390569 0.007479608 5e-4 -0.02390569 0.007479608 5e-4 -0.02390569 0.007479608 5e-4 -0.02399897 0.005809724 5.87368e-4 -0.02399897 0.005809724 5.87368e-4 -0.02399897 0.005809724 5.87368e-4 -0.02437347 -8.91285e-4 0.00389707 -0.02437347 -8.91285e-4 0.00389707 -0.02437347 -8.91285e-4 0.00389707 -0.02434402 -3.64201e-4 0.004157423 -0.02434402 -3.64201e-4 0.004157423 -0.02434402 -3.64201e-4 0.004157423 -0.02431291 1.92303e-4 0.004346609 -0.02431291 1.92303e-4 0.004346609 -0.02431291 1.92303e-4 0.004346609 -0.02428072 7.68734e-4 0.004461467 -0.02428072 7.68734e-4 0.004461467 -0.02428072 7.68734e-4 0.004461467 -0.02449905 -0.003137767 0 -0.02449905 -0.003137767 0 -0.02449905 -0.003137767 0 -0.02458274 -0.004635453 0 -0.02458274 -0.004635453 0 -0.02458274 -0.004635453 0 -0.02458274 -0.004635453 0 -0.02458465 -0.004669427 2.58819e-4 -0.02458465 -0.004669427 2.58819e-4 -0.02458465 -0.004669427 2.58819e-4 -0.02426236 0.001096725 -0.006034016 -0.02426236 0.001096725 -0.006034016 -0.02426236 0.001096725 -0.006034016 -0.02426236 0.001096725 -0.006034016 -0.02424794 0.001355171 -0.004499971 -0.02424794 0.001355171 -0.004499971 -0.02424794 0.001355171 -0.004499971 -0.02424794 0.001355171 -0.005999982 -0.02424794 0.001355171 -0.005999982 -0.02424794 0.001355171 -0.005999982 -0.02465295 -0.005892276 9.65925e-4 -0.02465295 -0.005892276 9.65925e-4 -0.02465295 -0.005892276 9.65925e-4 -0.02465295 -0.005892276 9.65925e-4 -0.02466642 -0.006133139 8.66025e-4 -0.02466642 -0.006133139 8.66025e-4 -0.02466642 -0.006133139 8.66025e-4 -0.02466642 -0.006133139 8.66025e-4 -0.02466642 -0.006133139 8.66025e-4 -0.02483159 -0.009088516 9.15135e-4 -0.02483159 -0.009088516 9.15135e-4 -0.02483159 -0.009088516 9.15135e-4 -0.02385735 0.008344233 -9.99999e-4 -0.02385735 0.008344233 -9.99999e-4 -0.02385735 0.008344233 -9.99999e-4 -0.02384293 0.008602678 -9.65925e-4 -0.02384293 0.008602678 -9.65925e-4 -0.02384293 0.008602678 -9.65925e-4 -0.02367097 0.01167953 -0.001823246 -0.02367097 0.01167953 -0.001823246 -0.02367097 0.01167953 -0.001823246 -0.02383363 0.0087682 -0.007424592 -0.02383363 0.0087682 -0.007424592 -0.02383363 0.0087682 -0.007424592 -0.02387136 0.008093893 -0.008043408 -0.02387136 0.008093893 -0.008043408 -0.02387136 0.008093893 -0.008043408 -0.02387136 0.008093893 -0.008043408 -0.02387136 0.008093893 -0.008043408 -0.02387136 0.008093893 -0.008043408 -0.02400541 0.005695044 -0.001164674 -0.02400541 0.005695044 -0.001164674 -0.02400541 0.005695044 -0.001164674 -0.02430182 3.90759e-4 -0.007258772 -0.02430182 3.90759e-4 -0.007258772 -0.02430182 3.90759e-4 -0.007258772 -0.02430182 3.90759e-4 -0.007258772 -0.02430182 3.90759e-4 -0.007258772 -0.02430182 3.90759e-4 -0.007258772 -0.02440083 -0.001379907 -0.003570079 -0.02440083 -0.001379907 -0.003570079 -0.02440083 -0.001379907 -0.003570079 -0.02440083 -0.001379907 -0.003570079 -0.02437347 -8.91285e-4 -0.00389707 -0.02437347 -8.91285e-4 -0.00389707 -0.02437347 -8.91285e-4 -0.00389707 -0.02434402 -3.64201e-4 -0.004157423 -0.02434402 -3.64201e-4 -0.004157423 -0.02434402 -3.64201e-4 -0.004157423 -0.02434402 -3.64201e-4 -0.004157423 -0.02430373 3.56762e-4 -0.006999969 -0.02430373 3.56762e-4 -0.006999969 -0.02430373 3.56762e-4 -0.006999969 -0.02430373 3.56762e-4 -0.006999969 -0.02430373 3.56762e-4 -0.006999969 -0.02429628 4.9052e-4 -0.007499992 -0.02429628 4.9052e-4 -0.007499992 -0.02429628 4.9052e-4 -0.007499992 -0.02429628 4.9052e-4 -0.007499992 -0.02429628 4.9052e-4 -0.007499992 -0.02446538 -0.00253582 -0.002249956 -0.02446538 -0.00253582 -0.002249956 -0.02446538 -0.00253582 -0.002249956 -0.02444714 -0.002209305 -0.002739369 -0.02444714 -0.002209305 -0.002739369 -0.02444714 -0.002209305 -0.002739369 -0.0244255 -0.001821815 -0.003181934 -0.0244255 -0.001821815 -0.003181934 -0.0244255 -0.001821815 -0.003181934 -0.02462452 -0.005383551 -0.008043408 -0.02462452 -0.005383551 -0.008043408 -0.02462452 -0.005383551 -0.008043408 -0.02466225 -0.006057858 -0.007424592 -0.02466225 -0.006057858 -0.007424592 -0.02466225 -0.006057858 -0.007424592 -0.02463853 -0.00563389 -9.99999e-4 -0.02463853 -0.00563389 -9.99999e-4 -0.02463853 -0.00563389 -9.99999e-4 -0.02449047 -0.002984702 -0.001164674 -0.02449047 -0.002984702 -0.001164674 -0.02449047 -0.002984702 -0.001164674 -0.02447992 -0.002795755 -0.001722037 -0.02447992 -0.002795755 -0.001722037 -0.02447992 -0.002795755 -0.001722037 -0.0242874 6.49181e-4 -0.007707059 -0.0242874 6.49181e-4 -0.007707059 -0.0242874 6.49181e-4 -0.007707059 -0.0242874 6.49181e-4 -0.007707059 -0.02427583 8.55953e-4 -0.007865965 -0.02427583 8.55953e-4 -0.007865965 -0.02427583 8.55953e-4 -0.007865965 -0.02426236 0.001096725 -0.007965922 -0.02426236 0.001096725 -0.007965922 -0.02426236 0.001096725 -0.007965922 -0.02424794 0.001355171 -0.007999956 -0.02424794 0.001355171 -0.007999956 -0.02424794 0.001355171 -0.007999956 -0.02424794 0.001355171 -0.007999956 -0.02469676 -0.00667572 -0.006749212 -0.02469676 -0.00667572 -0.006749212 -0.02469676 -0.00667572 -0.006749212 -0.02469676 -0.00667572 -0.006749212 -0.02472788 -0.007232487 -0.006022512 -0.02472788 -0.007232487 -0.006022512 -0.02472788 -0.007232487 -0.006022512 -0.02475535 -0.007723867 -0.005249977 -0.02475535 -0.007723867 -0.005249977 -0.02475535 -0.007723867 -0.005249977 -0.02475535 -0.007723867 -0.005249977 -0.02477896 -0.008146166 -0.004437446 -0.02477896 -0.008146166 -0.004437446 -0.02477896 -0.008146166 -0.004437446 -0.02479851 -0.008496224 -0.003591179 -0.02479851 -0.008496224 -0.003591179 -0.02479851 -0.008496224 -0.003591179 -0.02481389 -0.008771181 -0.002717554 -0.02481389 -0.008771181 -0.002717554 -0.02481389 -0.008771181 -0.002717554 -0.02482491 -0.008969128 -0.001823246 -0.02482491 -0.008969128 -0.001823246 -0.02482491 -0.008969128 -0.001823246 -0.02465295 -0.005892276 -9.65925e-4 -0.02465295 -0.005892276 -9.65925e-4 -0.02465295 -0.005892276 -9.65925e-4 -0.02462452 -0.005383551 0.008043408 -0.02462452 -0.005383551 0.008043408 -0.02462452 -0.005383551 0.008043408 -0.02424794 0.001355171 0.007999956 -0.02424794 0.001355171 0.007999956 -0.02424794 0.001355171 0.007999956 -0.02424794 0.001355171 0.007999956 -0.02426236 0.001096725 0.007965922 -0.02426236 0.001096725 0.007965922 -0.02426236 0.001096725 0.007965922 -0.02426236 0.001096725 0.007965922 -0.02427583 8.55953e-4 0.007865965 -0.02427583 8.55953e-4 0.007865965 -0.02427583 8.55953e-4 0.007865965 -0.02427583 8.55953e-4 0.007865965 -0.0242874 6.49181e-4 0.007707059 -0.0242874 6.49181e-4 0.007707059 -0.0242874 6.49181e-4 0.007707059 -0.0242874 6.49181e-4 0.007707059 -0.0242874 6.49181e-4 0.007707059 -0.02463853 -0.00563389 10e-4 -0.02463853 -0.00563389 10e-4 -0.02463853 -0.00563389 10e-4 -0.02463853 -0.00563389 10e-4 -0.02466225 -0.006057858 0.007424592 -0.02466225 -0.006057858 0.007424592 -0.02466225 -0.006057858 0.007424592 -0.02368199 0.01148158 -0.002717554 -0.02368199 0.01148158 -0.002717554 -0.02368199 0.01148158 -0.002717554 -0.02369737 0.01120656 -0.003591179 -0.02369737 0.01120656 -0.003591179 -0.02369737 0.01120656 -0.003591179 -0.02371692 0.01085656 -0.004437446 -0.02371692 0.01085656 -0.004437446 -0.02371692 0.01085656 -0.004437446 -0.02374053 0.01043426 -0.005249977 -0.02374053 0.01043426 -0.005249977 -0.02374053 0.01043426 -0.005249977 -0.023768 0.009942829 -0.006022512 -0.023768 0.009942829 -0.006022512 -0.023768 0.009942829 -0.006022512 -0.02379912 0.009386122 -0.006749212 -0.02379912 0.009386122 -0.006749212 -0.02379912 0.009386122 -0.006749212 -0.02424794 0.001355171 -0.01049995 -0.02424794 0.001355171 -0.01049995 -0.02424794 0.001355171 -0.01049995 -0.02424794 0.001355171 -0.01049995 -0.02424794 0.001355171 -0.01049995 -0.02424794 0.001355171 -0.01049995 -0.02423352 0.001613557 -0.007965922 -0.02423352 0.001613557 -0.007965922 -0.02423352 0.001613557 -0.007965922 -0.02423352 0.001613557 -0.007965922 -0.02422004 0.00185436 -0.007865965 -0.02422004 0.00185436 -0.007865965 -0.02422004 0.00185436 -0.007865965 -0.02422004 0.00185436 -0.007865965 -0.02420848 0.002061188 -0.007707059 -0.02420848 0.002061188 -0.007707059 -0.02420848 0.002061188 -0.007707059 -0.02420848 0.002061188 -0.007707059 -0.0241996 0.002219855 -0.007499992 -0.0241996 0.002219855 -0.007499992 -0.0241996 0.002219855 -0.007499992 -0.02419406 0.002319574 -0.007258772 -0.02419406 0.002319574 -0.007258772 -0.02419406 0.002319574 -0.007258772 -0.02419215 0.002353608 -0.006999969 -0.02419215 0.002353608 -0.006999969 -0.02419215 0.002353608 -0.006999969 -0.02419215 0.002353608 -0.006999969 -0.02418297 0.002518057 -0.004346609 -0.02418297 0.002518057 -0.004346609 -0.02418297 0.002518057 -0.004346609 -0.02418297 0.002518057 -0.004346609 -0.02418297 0.002518057 -0.004346609 -0.02415186 0.003074586 -0.004157423 -0.02415186 0.003074586 -0.004157423 -0.02415186 0.003074586 -0.004157423 -0.02412241 0.00360167 -0.00389707 -0.02412241 0.00360167 -0.00389707 -0.02412241 0.00360167 -0.00389707 -0.02409511 0.004090309 -0.003570079 -0.02409511 0.004090309 -0.003570079 -0.02409511 0.004090309 -0.003570079 -0.02407038 0.004532217 -0.003181934 -0.02407038 0.004532217 -0.003181934 -0.02407038 0.004532217 -0.003181934 -0.02407038 0.004532217 -0.003181934 -0.02404874 0.004919707 -0.002739369 -0.02404874 0.004919707 -0.002739369 -0.02404874 0.004919707 -0.002739369 -0.0240305 0.005246222 -0.002249956 -0.0240305 0.005246222 -0.002249956 -0.0240305 0.005246222 -0.002249956 -0.02401596 0.005506157 -0.001722037 -0.02401596 0.005506157 -0.001722037 -0.02401596 0.005506157 -0.001722037 -0.02419406 0.002319574 -0.006741166 -0.02419406 0.002319574 -0.006741166 -0.02419406 0.002319574 -0.006741166 -0.02419406 0.002319574 -0.006741166 -0.0241996 0.002219855 -0.006499946 -0.0241996 0.002219855 -0.006499946 -0.0241996 0.002219855 -0.006499946 -0.0241996 0.002219855 -0.006499946 -0.0241996 0.002219855 -0.006499946 -0.02420848 0.002061188 -0.006292879 -0.02420848 0.002061188 -0.006292879 -0.02420848 0.002061188 -0.006292879 -0.02387136 0.008093893 0.008043408 -0.02387136 0.008093893 0.008043408 -0.02387136 0.008093893 0.008043408 -0.02387136 0.008093893 0.008043408 -0.02387136 0.008093893 0.008043408 -0.02383363 0.0087682 0.007424592 -0.02383363 0.0087682 0.007424592 -0.02383363 0.0087682 0.007424592 -0.02385735 0.008344233 10e-4 -0.02385735 0.008344233 10e-4 -0.02385735 0.008344233 10e-4 -0.02385735 0.008344233 10e-4 -0.02385735 0.008344233 10e-4 -0.02420848 0.002061188 0.007707059 -0.02420848 0.002061188 0.007707059 -0.02420848 0.002061188 0.007707059 -0.02422004 0.00185436 0.007865965 -0.02422004 0.00185436 0.007865965 -0.02422004 0.00185436 0.007865965 -0.02422004 0.00185436 0.007865965 -0.02423352 0.001613557 0.007965922 -0.02423352 0.001613557 0.007965922 -0.02423352 0.001613557 0.007965922 -0.02423352 0.001613557 0.007965922 -0.02379912 0.009386122 0.006749212 -0.02379912 0.009386122 0.006749212 -0.02379912 0.009386122 0.006749212 -0.023768 0.009942829 0.006022512 -0.023768 0.009942829 0.006022512 -0.023768 0.009942829 0.006022512 -0.02374053 0.01043426 0.005249977 -0.02374053 0.01043426 0.005249977 -0.02374053 0.01043426 0.005249977 -0.02371692 0.01085656 0.004437446 -0.02371692 0.01085656 0.004437446 -0.02371692 0.01085656 0.004437446 -0.02369737 0.01120656 0.003591179 -0.02369737 0.01120656 0.003591179 -0.02369737 0.01120656 0.003591179 -0.02368199 0.01148158 0.002717554 -0.02368199 0.01148158 0.002717554 -0.02368199 0.01148158 0.002717554 -0.02367097 0.01167953 0.001823246 -0.02367097 0.01167953 0.001823246 -0.02367097 0.01167953 0.001823246 -0.02366203 0.01183879 0 -0.02366203 0.01183879 0 -0.02366203 0.01183879 0 -0.02366203 0.01183879 0 -0.02380156 0.00934267 0 -0.02380156 0.00934267 0 -0.02380156 0.00934267 0 -0.02380347 0.009308695 2.58819e-4 -0.02380347 0.009308695 2.58819e-4 -0.02380347 0.009308695 2.58819e-4 -0.02380901 0.009208917 5e-4 -0.02380901 0.009208917 5e-4 -0.02380901 0.009208917 5e-4 -0.02380901 0.009208917 5e-4 -0.02381789 0.009050309 7.07106e-4 -0.02381789 0.009050309 7.07106e-4 -0.02381789 0.009050309 7.07106e-4 -0.02366429 0.01179891 -9.15135e-4 -0.02366429 0.01179891 -9.15135e-4 -0.02366429 0.01179891 -9.15135e-4 -0.02382946 0.008843481 -8.66025e-4 -0.02382946 0.008843481 -8.66025e-4 -0.02382946 0.008843481 -8.66025e-4 -0.02381789 0.009050309 -7.07106e-4 -0.02381789 0.009050309 -7.07106e-4 -0.02381789 0.009050309 -7.07106e-4 -0.02381789 0.009050309 -7.07106e-4 -0.02380901 0.009208917 -5e-4 -0.02380901 0.009208917 -5e-4 -0.02380901 0.009208917 -5e-4 -0.02380347 0.009308695 -2.58819e-4 -0.02380347 0.009308695 -2.58819e-4 -0.02380347 0.009308695 -2.58819e-4 -0.02458399 -0.004657924 0.008601069 -0.02458399 -0.004657924 0.008601069 -0.02458399 -0.004657924 0.008601069 -0.0245409 -0.00388658 0.009093225 -0.0245409 -0.00388658 0.009093225 -0.0245409 -0.00388658 0.009093225 -0.02449554 -0.003075361 0.009516179 -0.02449554 -0.003075361 0.009516179 -0.02449554 -0.003075361 0.009516179 -0.02444833 -0.002230405 0.009866714 -0.02444833 -0.002230405 0.009866714 -0.02444833 -0.002230405 0.009866714 -0.02439957 -0.001358151 0.0101422 -0.02439957 -0.001358151 0.0101422 -0.02439957 -0.001358151 0.0101422 -0.02434968 -4.65275e-4 0.01034045 -0.02434968 -4.65275e-4 0.01034045 -0.02434968 -4.65275e-4 0.01034045 -0.02429902 4.41479e-4 0.01046001 -0.02429902 4.41479e-4 0.01046001 -0.02429902 4.41479e-4 0.01046001 -0.02424794 0.001355171 0.01049995 -0.02424794 0.001355171 0.01049995 -0.02424794 0.001355171 0.01049995 -0.02419686 0.00226885 0.01046001 -0.02419686 0.00226885 0.01046001 -0.02419686 0.00226885 0.01046001 -0.02414619 0.003175616 0.01034045 -0.02414619 0.003175616 0.01034045 -0.02414619 0.003175616 0.01034045 -0.02409631 0.004068553 0.0101422 -0.02409631 0.004068553 0.0101422 -0.02409631 0.004068553 0.0101422 -0.02404755 0.004940807 0.009866714 -0.02404755 0.004940807 0.009866714 -0.02404755 0.004940807 0.009866714 -0.02400034 0.005785763 0.009516179 -0.02400034 0.005785763 0.009516179 -0.02400034 0.005785763 0.009516179 -0.02395498 0.006596982 0.009093225 -0.02395498 0.006596982 0.009093225 -0.02395498 0.006596982 0.009093225 -0.02391189 0.007368326 0.008601069 -0.02391189 0.007368326 0.008601069 -0.02391189 0.007368326 0.008601069 -0.02391189 0.007368326 0.008601069 -0.02387177 0.008085846 9.65925e-4 -0.02387177 0.008085846 9.65925e-4 -0.02387177 0.008085846 9.65925e-4 -0.02400541 0.005695044 0.001164674 -0.02400541 0.005695044 0.001164674 -0.02400541 0.005695044 0.001164674 -0.02401596 0.005506157 0.001722037 -0.02401596 0.005506157 0.001722037 -0.02401596 0.005506157 0.001722037 -0.0240305 0.005246222 0.002249956 -0.0240305 0.005246222 0.002249956 -0.0240305 0.005246222 0.002249956 -0.02404874 0.004919707 0.002739369 -0.02404874 0.004919707 0.002739369 -0.02404874 0.004919707 0.002739369 -0.02404874 0.004919707 0.002739369 -0.02407038 0.004532217 0.003181934 -0.02407038 0.004532217 0.003181934 -0.02407038 0.004532217 0.003181934 -0.02409511 0.004090309 0.003570079 -0.02409511 0.004090309 0.003570079 -0.02409511 0.004090309 0.003570079 -0.02409511 0.004090309 0.003570079 -0.02423352 0.001613557 0.006034016 -0.02423352 0.001613557 0.006034016 -0.02423352 0.001613557 0.006034016 -0.02422004 0.00185436 0.006133913 -0.02422004 0.00185436 0.006133913 -0.02422004 0.00185436 0.006133913 -0.02420848 0.002061188 0.006292879 -0.02420848 0.002061188 0.006292879 -0.02420848 0.002061188 0.006292879 -0.02420848 0.002061188 0.006292879 -0.0241996 0.002219855 0.006499946 -0.0241996 0.002219855 0.006499946 -0.0241996 0.002219855 0.006499946 -0.02419406 0.002319574 0.006741166 -0.02419406 0.002319574 0.006741166 -0.02419406 0.002319574 0.006741166 -0.02419215 0.002353608 0.006999969 -0.02419215 0.002353608 0.006999969 -0.02419215 0.002353608 0.006999969 -0.02419406 0.002319574 0.007258772 -0.02419406 0.002319574 0.007258772 -0.02419406 0.002319574 0.007258772 -0.02419406 0.002319574 0.007258772 -0.0241996 0.002219855 0.007499992 -0.0241996 0.002219855 0.007499992 -0.0241996 0.002219855 0.007499992 -0.0241996 0.002219855 0.007499992 -0.02399897 0.005809724 -5.87368e-4 -0.02399897 0.005809724 -5.87368e-4 -0.02399897 0.005809724 -5.87368e-4 -0.02390569 0.007479608 -5e-4 -0.02390569 0.007479608 -5e-4 -0.02390569 0.007479608 -5e-4 -0.02389681 0.007638275 -7.07106e-4 -0.02389681 0.007638275 -7.07106e-4 -0.02389681 0.007638275 -7.07106e-4 -0.02389681 0.007638275 -7.07106e-4 -0.02388525 0.007845044 -8.66025e-4 -0.02388525 0.007845044 -8.66025e-4 -0.02388525 0.007845044 -8.66025e-4 -0.02387177 0.008085846 -9.65925e-4 -0.02387177 0.008085846 -9.65925e-4 -0.02387177 0.008085846 -9.65925e-4 -0.02391189 0.007368326 -0.008601069 -0.02391189 0.007368326 -0.008601069 -0.02391189 0.007368326 -0.008601069 -0.02395498 0.006596982 -0.009093225 -0.02395498 0.006596982 -0.009093225 -0.02395498 0.006596982 -0.009093225 -0.02400034 0.005785763 -0.009516179 -0.02400034 0.005785763 -0.009516179 -0.02400034 0.005785763 -0.009516179 -0.02404755 0.004940807 -0.009866714 -0.02404755 0.004940807 -0.009866714 -0.02404755 0.004940807 -0.009866714 -0.02409631 0.004068553 -0.0101422 -0.02409631 0.004068553 -0.0101422 -0.02409631 0.004068553 -0.0101422 -0.02409631 0.004068553 -0.0101422 -0.02414619 0.003175616 -0.01034045 -0.02414619 0.003175616 -0.01034045 -0.02414619 0.003175616 -0.01034045 -0.02419686 0.00226885 -0.01046001 -0.02419686 0.00226885 -0.01046001 -0.02419686 0.00226885 -0.01046001 -0.02429628 4.9052e-4 0.007499992 -0.02429628 4.9052e-4 0.007499992 -0.02429628 4.9052e-4 0.007499992 -0.02429628 4.9052e-4 0.007499992 -0.02429628 4.9052e-4 0.007499992 -0.02430182 3.90759e-4 0.007258772 -0.02430182 3.90759e-4 0.007258772 -0.02430182 3.90759e-4 0.007258772 -0.02430182 3.90759e-4 0.007258772 -0.02430373 3.56762e-4 0.006999969 -0.02430373 3.56762e-4 0.006999969 -0.02430373 3.56762e-4 0.006999969 -0.02430373 3.56762e-4 0.006999969 -0.02430182 3.90759e-4 0.006741166 -0.02430182 3.90759e-4 0.006741166 -0.02430182 3.90759e-4 0.006741166 -0.02430182 3.90759e-4 0.006741166 -0.02429628 4.9052e-4 0.006499946 -0.02429628 4.9052e-4 0.006499946 -0.02429628 4.9052e-4 0.006499946 -0.02429628 4.9052e-4 0.006499946 -0.0242874 6.49181e-4 0.006292879 -0.0242874 6.49181e-4 0.006292879 -0.0242874 6.49181e-4 0.006292879 -0.0242874 6.49181e-4 0.006292879 -0.02427583 8.55953e-4 0.006133913 -0.02427583 8.55953e-4 0.006133913 -0.02427583 8.55953e-4 0.006133913 -0.02426236 0.001096725 0.006034016 -0.02426236 0.001096725 0.006034016 -0.02426236 0.001096725 0.006034016 -0.02440083 -0.001379907 0.003570079 -0.02440083 -0.001379907 0.003570079 -0.02440083 -0.001379907 0.003570079 -0.0244255 -0.001821815 0.003181934 -0.0244255 -0.001821815 0.003181934 -0.0244255 -0.001821815 0.003181934 -0.02444714 -0.002209305 0.002739369 -0.02444714 -0.002209305 0.002739369 -0.02444714 -0.002209305 0.002739369 -0.02446538 -0.00253582 0.002249956 -0.02446538 -0.00253582 0.002249956 -0.02446538 -0.00253582 0.002249956 -0.02447992 -0.002795755 0.001722037 -0.02447992 -0.002795755 0.001722037 -0.02447992 -0.002795755 0.001722037 -0.02449047 -0.002984702 0.001164674 -0.02449047 -0.002984702 0.001164674 -0.02449047 -0.002984702 0.001164674 -0.0246241 -0.005375444 9.65925e-4 -0.0246241 -0.005375444 9.65925e-4 -0.0246241 -0.005375444 9.65925e-4 -0.02449691 -0.003099322 -5.87368e-4 -0.02449691 -0.003099322 -5.87368e-4 -0.02449691 -0.003099322 -5.87368e-4 -0.02459907 -0.004927873 -7.07106e-4 -0.02459907 -0.004927873 -7.07106e-4 -0.02459907 -0.004927873 -7.07106e-4 -0.02459907 -0.004927873 -7.07106e-4 -0.02459019 -0.004769206 -5e-4 -0.02459019 -0.004769206 -5e-4 -0.02459019 -0.004769206 -5e-4 -0.02458465 -0.004669427 -2.58819e-4 -0.02458465 -0.004669427 -2.58819e-4 -0.02458465 -0.004669427 -2.58819e-4 -0.02458465 -0.004669427 -2.58819e-4 -0.0246241 -0.005375444 -9.65925e-4 -0.0246241 -0.005375444 -9.65925e-4 -0.0246241 -0.005375444 -9.65925e-4 -0.02461063 -0.005134642 -8.66025e-4 -0.02461063 -0.005134642 -8.66025e-4 -0.02461063 -0.005134642 -8.66025e-4 -0.02429902 4.41479e-4 -0.01046001 -0.02429902 4.41479e-4 -0.01046001 -0.02429902 4.41479e-4 -0.01046001 -0.02434968 -4.65275e-4 -0.01034045 -0.02434968 -4.65275e-4 -0.01034045 -0.02434968 -4.65275e-4 -0.01034045 -0.02434968 -4.65275e-4 -0.01034045 -0.02439957 -0.001358151 -0.0101422 -0.02439957 -0.001358151 -0.0101422 -0.02439957 -0.001358151 -0.0101422 -0.02444833 -0.002230405 -0.009866714 -0.02444833 -0.002230405 -0.009866714 -0.02444833 -0.002230405 -0.009866714 -0.02444833 -0.002230405 -0.009866714 -0.02449554 -0.003075361 -0.009516179 -0.02449554 -0.003075361 -0.009516179 -0.02449554 -0.003075361 -0.009516179 -0.02449554 -0.003075361 -0.009516179 -0.0245409 -0.00388658 -0.009093225 -0.0245409 -0.00388658 -0.009093225 -0.0245409 -0.00388658 -0.009093225 -0.02458399 -0.004657924 -0.008601069 -0.02458399 -0.004657924 -0.008601069 -0.02458399 -0.004657924 -0.008601069 -0.02482491 -0.008969128 0.001823246 -0.02482491 -0.008969128 0.001823246 -0.02482491 -0.008969128 0.001823246 -0.02481389 -0.008771181 0.002717554 -0.02481389 -0.008771181 0.002717554 -0.02481389 -0.008771181 0.002717554 -0.02479851 -0.008496224 0.003591179 -0.02479851 -0.008496224 0.003591179 -0.02479851 -0.008496224 0.003591179 -0.02477896 -0.008146166 0.004437446 -0.02477896 -0.008146166 0.004437446 -0.02477896 -0.008146166 0.004437446 -0.02477896 -0.008146166 0.004437446 -0.02475535 -0.007723867 0.005249977 -0.02475535 -0.007723867 0.005249977 -0.02475535 -0.007723867 0.005249977 -0.02472788 -0.007232487 0.006022512 -0.02472788 -0.007232487 0.006022512 -0.02472788 -0.007232487 0.006022512 -0.02472788 -0.007232487 0.006022512 -0.02469676 -0.00667572 0.006749212 -0.02469676 -0.00667572 0.006749212 -0.02469676 -0.00667572 0.006749212 -0.02483385 -0.009128391 0 -0.02483385 -0.009128391 0 -0.02483385 -0.009128391 0 -0.02483385 -0.009128391 0 -0.02467799 -0.006339907 7.07106e-4 -0.02467799 -0.006339907 7.07106e-4 -0.02467799 -0.006339907 7.07106e-4 -0.02467799 -0.006339907 7.07106e-4 -0.02467799 -0.006339907 7.07106e-4 -0.02468687 -0.006498515 5e-4 -0.02468687 -0.006498515 5e-4 -0.02468687 -0.006498515 5e-4 -0.02468687 -0.006498515 5e-4 -0.02469241 -0.006598293 2.58819e-4 -0.02469241 -0.006598293 2.58819e-4 -0.02469241 -0.006598293 2.58819e-4 -0.02469432 -0.006632328 0 -0.02469432 -0.006632328 0 -0.02469432 -0.006632328 0 -0.02469241 -0.006598293 -2.58819e-4 -0.02469241 -0.006598293 -2.58819e-4 -0.02469241 -0.006598293 -2.58819e-4 -0.02483159 -0.009088516 -9.15135e-4 -0.02483159 -0.009088516 -9.15135e-4 -0.02483159 -0.009088516 -9.15135e-4 -0.02468687 -0.006498515 -5e-4 -0.02468687 -0.006498515 -5e-4 -0.02468687 -0.006498515 -5e-4 -0.02468687 -0.006498515 -5e-4 -0.02467799 -0.006339907 -7.07106e-4 -0.02467799 -0.006339907 -7.07106e-4 -0.02467799 -0.006339907 -7.07106e-4 -0.02467799 -0.006339907 -7.07106e-4 -0.02466642 -0.006133139 -8.66025e-4 -0.02466642 -0.006133139 -8.66025e-4 -0.02466642 -0.006133139 -8.66025e-4 -0.02430182 3.90759e-4 -0.006741166 -0.02430182 3.90759e-4 -0.006741166 -0.02430182 3.90759e-4 -0.006741166 -0.02430182 3.90759e-4 -0.006741166 -0.02431291 1.92303e-4 -0.004346609 -0.02431291 1.92303e-4 -0.004346609 -0.02431291 1.92303e-4 -0.004346609 -0.02429628 4.9052e-4 -0.006499946 -0.02429628 4.9052e-4 -0.006499946 -0.02429628 4.9052e-4 -0.006499946 -0.02429628 4.9052e-4 -0.006499946 -0.02429628 4.9052e-4 -0.006499946 -0.02428072 7.68734e-4 -0.004461467 -0.02428072 7.68734e-4 -0.004461467 -0.02428072 7.68734e-4 -0.004461467 -0.02428072 7.68734e-4 -0.004461467 -0.0242874 6.49181e-4 -0.006292879 -0.0242874 6.49181e-4 -0.006292879 -0.0242874 6.49181e-4 -0.006292879 -0.0242874 6.49181e-4 -0.006292879 -0.0242874 6.49181e-4 -0.006292879 -0.02427583 8.55953e-4 -0.006133913 -0.02427583 8.55953e-4 -0.006133913 -0.02427583 8.55953e-4 -0.006133913 -0.02427583 8.55953e-4 -0.006133913 -0.02421516 0.001941621 -0.004461467 -0.02421516 0.001941621 -0.004461467 -0.02421516 0.001941621 -0.004461467 -0.02422004 0.00185436 -0.006133913 -0.02422004 0.00185436 -0.006133913 -0.02422004 0.00185436 -0.006133913 -0.02423352 0.001613557 -0.006034016 -0.02423352 0.001613557 -0.006034016 -0.02423352 0.001613557 -0.006034016 -0.02388525 0.007845044 8.66025e-4 -0.02388525 0.007845044 8.66025e-4 -0.02388525 0.007845044 8.66025e-4 -0.02388525 0.007845044 8.66025e-4 -0.02399682 0.005848169 0 -0.02399682 0.005848169 0 -0.02399682 0.005848169 0 -0.02391123 0.007379829 2.58819e-4 -0.02391123 0.007379829 2.58819e-4 -0.02391123 0.007379829 2.58819e-4 -0.02391123 0.007379829 2.58819e-4 -0.02391314 0.007345855 0 -0.02391314 0.007345855 0 -0.02391314 0.007345855 0 -0.02391123 0.007379829 -2.58819e-4 -0.02391123 0.007379829 -2.58819e-4 -0.02391123 0.007379829 -2.58819e-4 -0.02461063 -0.005134642 8.66025e-4 -0.02461063 -0.005134642 8.66025e-4 -0.02461063 -0.005134642 8.66025e-4 -0.02449691 -0.003099322 5.87368e-4 -0.02449691 -0.003099322 5.87368e-4 -0.02449691 -0.003099322 5.87368e-4 -0.02459907 -0.004927873 7.07106e-4 -0.02459907 -0.004927873 7.07106e-4 -0.02459907 -0.004927873 7.07106e-4 -0.02459019 -0.004769206 5e-4 -0.02459019 -0.004769206 5e-4 -0.02459019 -0.004769206 5e-4 -0.02459019 -0.004769206 5e-4</float_array>
          <technique_common>
            <accessor source="#Leg_B_004-mesh-positions-array" count="4798" stride="3">
              <param name="X" type="float"/>
              <param name="Y" type="float"/>
              <param name="Z" type="float"/>
            </accessor>
          </technique_common>
        </source>
        <source id="Leg_B_004-mesh-normals">
          <float_array id="Leg_B_004-mesh-normals-array" count="8283">0.9984421 -0.0557993 3.59307e-7 0.9984453 -0.05574113 0 0.9984421 -0.05579924 -3.3685e-7 0.998442 -0.05580067 0 0.9984421 -0.05579775 2.28456e-6 0.9984418 -0.05580383 -3.02532e-6 0.9984425 -0.05578988 1.71749e-5 0.9984419 -0.0558021 -1.2492e-5 0.998442 -0.05580115 -3.1534e-6 0.9984422 -0.05579704 -9.20607e-7 0.9984421 -0.05580002 -1.33057e-6 0.9984431 -0.05578029 -5.11202e-5 0.9984417 -0.05580514 0 0.9984418 -0.05580288 1.14671e-5 0.9984425 -0.05579096 -1.77905e-5 0.9984413 -0.05581265 7.20264e-6 0.9984416 -0.05580562 6.00138e-7 0.9984428 -0.05578476 -5.62437e-6 0.9984394 -0.05584663 7.89069e-6 0.9984422 -0.05579721 0 0.9984385 -0.05586183 -6.9012e-5 0.9984426 -0.0557897 3.1053e-6 0.998443 -0.05578392 4.39728e-5 0.9984434 -0.05577343 1.28926e-5 0.9984428 -0.05578517 0 0.9984405 -0.05582702 -2.27013e-7 0.9984422 -0.0557971 2.60412e-7 0.998441 -0.05581879 -1.04987e-5 0.9984427 -0.05578833 5.96635e-6 0.9984419 -0.0558021 -3.17651e-6 0.9984415 -0.05580937 -8.1587e-6 0.9984429 -0.05578392 1.02531e-5 0.9984421 -0.05579894 2.75687e-7 0.998442 -0.05579924 8.55995e-7 0.9984408 -0.05582058 -2.39354e-5 0.9984421 -0.05579972 0 0.9984426 -0.05578953 7.38987e-6 0.9984419 -0.05580037 -7.71638e-6 0.998442 -0.05579984 0 0.998442 -0.05579912 0 0.9984419 -0.05580037 7.71638e-6 0.9984421 -0.05579847 0 0.9984424 -0.05579161 4.29789e-7 0.9984424 -0.05579328 4.2615e-7 0.9984417 -0.05580449 -7.00556e-6 0.9984421 -0.05579936 -4.67716e-7 0.9984422 -0.05579674 2.08774e-5 0.9984421 -0.05579829 -9.06637e-6 0.9984421 -0.05579769 2.01377e-7 0.9984415 -0.05580937 8.1587e-6 0.9984419 -0.0558021 3.17651e-6 0.9984427 -0.05578833 -5.96635e-6 0.998441 -0.05581879 1.04987e-5 0.9984419 -0.05580073 0 0.9984391 -0.05585145 4.74444e-6 0.9984456 -0.05573588 -1.28314e-5 0.9984413 -0.05581277 3.44474e-6 0.9984416 -0.05580681 0 0.9984422 -0.05579662 -1.93613e-7 0.9984419 -0.05580067 -8.88657e-7 0.9984424 -0.05579429 -3.47795e-7 0.9984415 -0.0558089 0 0.9984431 -0.05578017 -3.0129e-7 0.9984421 -0.05579876 -9.25037e-7 0.9984421 -0.0557993 -8.55995e-7 0.998442 -0.05579948 4.48645e-6 0.9984418 -0.05580544 3.78062e-7 0.9984424 -0.0557937 0 0.9984414 -0.05581188 8.59962e-7 0.998443 -0.05578219 1.76649e-6 0.9984419 -0.05580067 0 0.9984462 -0.05572628 -2.88502e-5 0.9984425 -0.05579084 -1.41683e-6 0.9984412 -0.05581492 9.08988e-6 0.998442 -0.05580019 -4.75677e-6 0.9984409 -0.05581945 4.12021e-6 0.9984432 -0.05577886 -1.85939e-6 0.9984409 -0.05582141 4.85957e-6 0.9984437 -0.05577003 -8.67411e-6 0.9984407 -0.05582278 4.74187e-6 0.9984439 -0.05576717 -3.23214e-6 0.9984413 -0.05581152 -6.10185e-7 0.998439 -0.05585485 7.07651e-6 0.9984422 -0.05579578 0 0.9984421 -0.05579876 0 0.9984394 -0.05584657 -7.89068e-6 0.9984428 -0.05578476 5.62437e-6 0.9984416 -0.05580562 -6.00138e-7 0.9984414 -0.05581057 -7.20265e-6 0.9984425 -0.05578976 1.77905e-5 0.9984418 -0.05580276 -1.14671e-5 0.9984416 -0.05580747 0 0.9984435 -0.05577433 5.11201e-5 0.9984421 -0.05580002 1.33057e-6 0.998442 -0.05580067 9.20606e-7 0.9984419 -0.05580115 3.1534e-6 0.9984419 -0.05580103 1.2492e-5 0.9984425 -0.05579107 -1.71749e-5 0.9984418 -0.05580383 3.02532e-6 0.9984425 -0.05579072 -2.28455e-6 0.9984418 -0.05580312 0 0.998442 -0.05579984 3.47794e-7 0.9984423 -0.05579501 8.88657e-7 0.9984422 -0.05579656 1.93613e-7 0.9984416 -0.05580675 0 0.9984413 -0.05581295 -3.44475e-6 0.9984456 -0.0557357 1.28314e-5 0.9984391 -0.05585217 -4.7445e-6 0.998442 -0.05580073 0 0.9984422 -0.05579626 -1.7665e-6 0.998442 -0.05579966 -8.59962e-7 0.9984423 -0.05579543 0 0.9984418 -0.05580395 -3.78062e-7 0.998442 -0.05579948 -4.48645e-6 0.9984377 -0.05587738 -7.0765e-6 0.9984425 -0.05579072 6.10185e-7 0.998443 -0.05578219 3.23214e-6 0.9984407 -0.05582278 -4.74187e-6 0.9984437 -0.05576992 8.6741e-6 0.9984408 -0.05582147 -4.85958e-6 0.9984432 -0.0557788 1.85939e-6 0.9984409 -0.05581945 -4.12021e-6 0.998442 -0.05580019 4.75677e-6 0.9984421 -0.05579692 -9.08985e-6 0.9984409 -0.05581909 1.41684e-6 0.9984462 -0.05572515 2.88496e-5 0.9984418 -0.05580401 0 0.998443 -0.0557838 0 0.998442 -0.05580043 0 0.9984408 -0.05582153 0 0.9984423 -0.05579388 0 0.9984416 -0.05580735 0 0.9984427 -0.05578631 0 0.9984415 -0.05581021 0 0.9984427 -0.0557878 0 0.9984425 -0.05579018 0 0.9984369 -0.05589222 0 0.9984416 -0.05580747 0 0.9984552 -0.05556261 0 0.998441 -0.05581808 0 0.9984426 -0.05578947 0 0.9984419 -0.0558021 0 0.998441 -0.05581831 0 0.9984418 -0.05580306 0 0.9984442 -0.05576014 0 0.9984439 -0.05576723 0 0.9984407 -0.0558238 0 0.9984405 -0.05582791 0 0.9984423 -0.0557956 0 0.9984446 -0.05575394 0 0.9984393 -0.05584752 0 0.9984435 -0.05577266 0 0.9984326 -0.05596762 0 0.9984423 -0.05579406 0 0.03945636 0.7060073 -0.7071046 0.03945559 0.7059991 -0.7071129 0 0 -1 0 0 -1 0.9984422 -0.05579602 1.85517e-6 0.9984419 -0.05580013 0 0.998442 -0.0557996 -2.38394e-6 0.9984416 -0.05580842 1.63827e-6 0.9984425 -0.05579036 7.93367e-6 0.9984421 -0.05579924 -3.28397e-7 0.9984418 -0.05580341 -4.04038e-6 0.9984428 -0.0557869 2.87468e-5 0.9984418 -0.05580425 -1.06509e-5 0.998442 -0.05580002 -1.90753e-6 0.998442 -0.05579954 0 0.998442 -0.05580002 1.90753e-6 0.9984419 -0.05580097 1.06509e-5 0.9984427 -0.05578923 -2.87467e-5 0.9984418 -0.05580341 4.04038e-6 0.9984421 -0.0557999 3.28397e-7 0.9984429 -0.0557838 -7.93367e-6 0.9984415 -0.05580842 -1.63827e-6 0.9984419 -0.05580085 2.38395e-6 0.9984421 -0.05579912 0 0.9984423 -0.05579584 1.03294e-5 0.998442 -0.05579924 -8.45277e-7 0.9984422 -0.05579733 4.94874e-6 0.9984419 -0.05580252 -1.14628e-5 0.9984421 -0.05579984 -5.72981e-7 0.9984419 -0.05580139 -6.04317e-6 0.9984424 -0.0557937 1.41336e-5 0.9984418 -0.05580395 -9.62854e-6 0.9984421 -0.05579847 -8.33863e-6 0.9984421 -0.05579787 1.02099e-5 0.9984414 -0.0558108 -4.7068e-5 0.9984453 -0.05573862 3.25065e-4 0.9984421 -0.05579912 -1.05095e-6 0.9984412 -0.0558139 2.10673e-5 0.9984424 -0.05579441 -6.22644e-6 0.9984424 -0.05579423 -6.62929e-6 0.9984422 -0.05579537 -6.72026e-7 0.9984415 -0.05580878 8.08413e-6 0.9984421 -0.05579835 -1.44726e-6 0.9984425 -0.05579012 -3.70487e-6 0.9984421 -0.0557999 -4.55288e-6 0.9984424 -0.05579316 -1.10875e-6 0.9984456 -0.05573457 -3.25057e-4 0.9984414 -0.0558108 4.7068e-5 0.9984421 -0.05579864 -1.021e-5 0.9984422 -0.05579793 8.3386e-6 0.9984418 -0.05580383 9.62857e-6 0.9984423 -0.055794 -1.41335e-5 0.9984419 -0.05580025 6.04317e-6 0.998442 -0.05580031 5.72981e-7 0.9984419 -0.05580252 1.14628e-5 0.9984422 -0.0557971 -4.94874e-6 0.998442 -0.05579972 8.45277e-7 0.9984423 -0.05579555 -1.03294e-5 0.9984421 -0.05579835 4.55288e-6 0.9984425 -0.05579066 3.70487e-6 0.9984421 -0.05579835 1.44726e-6 0.9984415 -0.0558077 -8.08413e-6 0.9984422 -0.05579793 6.72026e-7 0.9984422 -0.05579566 6.62929e-6 0.9984425 -0.05579239 6.22645e-6 0.9984412 -0.05581432 -2.10673e-5 0.9984421 -0.05579912 1.05095e-6 0.0339713 0.6078595 -0.7933177 0.03396975 0.6078261 -0.7933433 0.02135276 0.3820674 -0.9238877 0.02135282 0.3820707 -0.9238864 0.00728321 0.1303198 -0.9914453 0.007283449 0.1303282 -0.9914442 0.03945624 0.7060115 0.7071005 0.03945571 0.7059952 0.7071169 0 0 1 0 0 1 0.007282495 0.1303092 0.9914467 0.007283926 0.1303336 0.9914435 0.02135276 0.3820697 0.9238869 0.02135312 0.3820731 0.9238854 0.03397172 0.6078594 0.7933177 0.0339694 0.6078262 0.7933433 0.05579853 0.9984421 0 0.05579853 0.9984421 0 0.04426753 0.7920979 0.6087868 0.04426568 0.7920693 0.6088243 0.05155229 0.9224454 0.3826709 0.05155134 0.9224352 0.3826954 0.05532246 0.989912 0.130437 0.05532133 0.9899057 0.1304851 0.05532187 0.989912 -0.1304367 0.05532199 0.9899057 -0.1304849 0.05155193 0.9224454 -0.3826709 0.05155146 0.9224352 -0.3826955 0.04426443 0.7920376 -0.6088656 0.0442689 0.7921296 -0.6087455 -0.9984406 0.05582541 -2.86972e-6 -0.998442 0.05580008 4.08098e-6 -0.9984421 0.05579864 -4.08098e-6 -0.9984421 0.05579847 4.61548e-6 -0.998442 0.05579924 3.135e-6 -0.998442 0.05579984 -3.17323e-6 -0.9984421 0.0557999 3.33399e-5 -0.9984422 0.05579501 2.77814e-7 -0.9984406 0.05582541 1.2456e-6 -0.9984421 0.05579942 1.94044e-6 -0.9984421 0.05579966 9.65379e-7 -0.9984419 0.05580115 -1.13774e-5 -0.998442 0.05580067 1.28185e-5 -0.9984421 0.05579876 -1.28185e-5 -0.998442 0.05580115 1.13774e-5 -0.998442 0.05579966 -9.65379e-7 -0.998442 0.05579942 -1.94044e-6 -0.9984425 0.05579113 -5.87041e-6 -0.998442 0.05579996 1.10107e-6 -0.9984412 0.05581504 2.86972e-6 -0.9984425 0.05579125 -9.52781e-6 -0.9984425 0.05579072 6.97332e-6 -0.9984416 0.0558077 1.81532e-6 -0.9984421 0.05579835 -4.95185e-6 -0.9984427 0.05578774 -2.9795e-6 -0.9984428 0.05578619 -5.19351e-7 -0.998442 0.05580025 0 -0.998439 0.0558542 -1.08535e-5 -0.9984442 0.05576038 1.80832e-5 -0.998442 0.05580037 -2.70267e-7 -0.9984439 0.05576735 2.18043e-5 -0.9984403 0.05582898 1.2756e-6 -0.998443 0.05578267 9.50779e-6 -0.9984398 0.05583989 6.89629e-5 -0.998442 0.05579972 0 -0.998442 0.05580037 -2.70768e-6 -0.9984413 0.05581271 -1.18623e-5 -0.9984433 0.05577665 1.79008e-5 -0.9984425 0.05579215 1.9217e-6 -0.9984422 0.0557965 -2.16983e-6 -0.9984419 0.05580019 0 -0.9984415 0.05580973 -9.43873e-6 -0.9984423 0.05579382 8.55339e-6 -0.9984421 0.0557993 0 -0.9984421 0.0557987 3.15314e-7 -0.9984424 0.05579298 -2.92678e-6 -0.9984413 0.05581223 -1.82772e-5 -0.9984426 0.05578958 1.43513e-5 -0.998442 0.05579918 3.01921e-7 -0.9984431 0.05578076 -2.27725e-5 -0.9984416 0.05580562 7.16617e-6 -0.9984415 0.05580949 1.80668e-6 -0.9984426 0.05578953 -1.51592e-6 -0.9984418 0.0558049 1.31757e-6 -0.9984418 0.05580437 -1.15936e-6 -0.9984424 0.0557937 -3.10805e-6 -0.9984419 0.05580109 5.026e-6 -0.998442 0.05579912 0 -0.998442 0.05579912 -1.28523e-5 -0.9984422 0.05579775 1.26494e-5 -0.9984418 0.05580252 1.39538e-6 -0.998442 0.05579906 0 -0.9984396 0.05584466 -1.64468e-5 -0.9984419 0.05580103 -1.16678e-6 -0.9984415 0.05580973 2.19181e-5 -0.9984419 0.05580258 -9.44798e-6 -0.9984418 0.05580449 7.93756e-6 -0.9984424 0.05579406 -5.31391e-6 -0.9984417 0.05580514 1.23079e-6 -0.9984433 0.05577868 -3.64285e-6 -0.9984412 0.05581551 3.28912e-6 -0.998442 0.05580013 3.64721e-6 -0.9984419 0.055803 -5.55768e-7 -0.9984421 0.05579763 -2.63311e-6 -0.9984405 0.05582785 3.13311e-5 -0.9984421 0.05579906 -7.32797e-6 -0.9984424 0.05579286 -3.67343e-6 -0.9984415 0.0558089 2.68492e-7 -0.9984426 0.05578958 1.67796e-6 -0.9984419 0.05580013 -1.35298e-6 -0.9984417 0.0558061 4.04025e-6 -0.998443 0.05578303 -6.57518e-6 -0.9984431 0.05578166 -3.36623e-6 -0.9984421 0.05579972 3.0889e-7 -0.9984329 0.05596119 -1.00521e-6 -0.9984444 0.05575805 4.62797e-7 -0.9984413 0.05581218 0 -0.9984414 0.05580961 -4.6756e-7 -0.9984422 0.05579686 2.76501e-7 -0.9984418 0.05580246 2.82202e-7 -0.9984475 0.05570131 7.53921e-7 -0.9984115 0.05634278 -7.36224e-6 -0.9984434 0.05577474 0 -0.9984412 0.05581444 0 -0.9984412 0.0558151 -1.12025e-6 -0.9984418 0.05580395 3.70913e-7 -0.9984189 0.0562129 7.37022e-6 -0.9984431 0.05577975 0 -0.9984411 0.05581784 4.67559e-7 -0.9984423 0.0557956 0 -0.9984437 0.05576962 -4.62797e-7 -0.9984377 0.05587786 1.00522e-6 -0.9984419 0.05580085 -3.08889e-7 -0.9984428 0.05578619 3.36623e-6 -0.9984422 0.05579733 6.57517e-6 -0.9984424 0.05579352 -4.04026e-6 -0.9984423 0.05579501 1.35298e-6 -0.9984419 0.05580133 -1.67796e-6 -0.9984422 0.05579644 -2.68493e-7 -0.9984418 0.05580264 3.67344e-6 -0.9984427 0.05578696 7.32794e-6 -0.998439 0.05585402 -3.13311e-5 -0.9984453 0.05574047 2.63312e-6 -0.9984417 0.05580443 5.55766e-7 -0.998441 0.05581861 -3.64721e-6 -0.9984415 0.05580902 -3.28912e-6 -0.998443 0.05578368 3.64285e-6 -0.9984422 0.05579739 -1.23079e-6 -0.9984426 0.05578917 5.31393e-6 -0.998441 0.05581855 -7.93756e-6 -0.9984428 0.05578619 9.44799e-6 -0.998441 0.05581784 -2.1918e-5 -0.9984408 0.05582189 1.16678e-6 -0.9984418 0.05580413 1.64477e-5 -0.9984421 0.055799 -4.71009e-7 -0.9984421 0.05579882 1.00277e-5 -0.9984422 0.05579799 3.0847e-7 -0.9984415 0.05580765 -3.112e-6 -0.9984421 0.05579793 -6.10649e-7 -0.9984422 0.0557962 0 -0.9984421 0.05579894 3.70717e-6 -0.9984422 0.05579698 4.51365e-5 -0.9984416 0.05580651 -6.10041e-5 -0.9984421 0.05579948 -9.14802e-6 -0.9984421 0.05580008 1.00076e-5 -0.9984422 0.05579751 -3.73865e-6 -0.9984421 0.05579894 -4.51736e-6 -0.9984422 0.05579745 1.01967e-5 -0.9984419 0.05580127 8.00698e-7 -0.9984419 0.05580079 -3.37533e-5 -0.998442 0.05579912 -3.26679e-7 -0.9984421 0.05579859 4.51637e-6 -0.9984421 0.05579924 2.89797e-7 -0.9984447 0.05575221 -1.03561e-4 -0.9984421 0.05579888 2.30832e-7 -0.9984422 0.05579757 1.91167e-7 -0.9984406 0.05582541 -1.2456e-6 -0.9984431 0.05577903 -2.56271e-6 -0.9984422 0.05579656 0 -0.99844 0.05583584 0 -0.9984428 0.05578523 -1.09804e-6 -0.9984424 0.05579221 -5.36456e-7 -0.9984417 0.05580484 0 -0.9984428 0.0557866 -4.4982e-7 -0.9984424 0.05579465 -6.4524e-7 -0.9984419 0.05580127 8.35294e-7 -0.9984418 0.05580312 6.01332e-7 -0.9984427 0.05578911 -3.01003e-7 -0.9984423 0.05579489 -2.68619e-7 -0.9984429 0.0557841 -7.53918e-7 -0.9984421 0.05579721 -1.34917e-7 -0.9984421 0.05579769 -2.43724e-7 -0.9984422 0.05579501 -2.77814e-7 -0.9984427 0.05578708 1.9097e-6 -0.9984424 0.05579137 0 -0.9984418 0.05580335 0 -0.9984418 0.05580353 1.47362e-6 -0.9984416 0.05580681 8.76169e-7 -0.9984424 0.0557931 -5.75813e-7 -0.9984418 0.05580371 4.50517e-7 -0.9984418 0.05580425 3.79717e-7 -0.9984433 0.0557776 -1.39692e-6 -0.9984411 0.05581575 -6.01487e-7 -0.9984434 0.05577558 -3.70841e-7 -0.9984384 0.05586469 1.12024e-6 -0.9984421 0.05579966 0 0.9984411 -0.05581623 3.74807e-6 0.9984421 -0.05579864 -3.99416e-6 0.998442 -0.05580008 4.07284e-6 0.9984422 -0.05579733 -3.15466e-6 0.9984421 -0.05579984 1.74946e-5 0.9984419 -0.05580109 -1.74946e-5 0.9984424 -0.05579292 -1.17154e-4 0.9984433 -0.05577665 -1.71281e-6 0.998443 -0.05578225 6.9056e-7 0.9984422 -0.05579483 1.20993e-5 0.998442 -0.0557993 -7.15512e-6 0.998442 -0.05580085 1.36456e-5 0.9984422 -0.05579662 7.39744e-6 0.9984422 -0.05579662 -7.39744e-6 0.9984419 -0.05580085 -1.36456e-5 0.998442 -0.0557993 7.15512e-6 0.9984422 -0.05579727 -1.20993e-5 0.9984235 -0.05613017 2.42275e-5 0.9984539 -0.05558592 -2.94554e-5 0.9984376 -0.05587953 9.41798e-6 0.9984422 -0.05579495 1.54297e-7 0.9984424 -0.05579429 1.4173e-6 0.9984405 -0.05582833 -7.47719e-6 0.9984416 -0.05580735 -1.58513e-6 0.9984426 -0.05578857 1.00517e-5 0.9984418 -0.05580258 -1.12123e-6 0.9984427 -0.05578845 -5.87569e-7 0.9984418 -0.05580359 2.0943e-6 0.998442 -0.05579906 -3.77735e-6 0.9984421 -0.05579942 2.05728e-6 0.9984422 -0.05579513 -5.56551e-6 0.9984486 -0.05568361 -1.32991e-4 0.9984393 -0.05584734 6.64817e-6 0.9984418 -0.05580377 1.1572e-5 0.9984416 -0.05580806 -2.42172e-6 0.9984415 -0.05580943 2.11185e-6 0.998442 -0.05580097 2.63999e-6 0.998442 -0.05580085 0 0.9984424 -0.0557934 -5.67601e-7 0.9984421 -0.05579751 -5.34065e-6 0.9984418 -0.05580371 6.47712e-6 0.9984421 -0.05579811 -5.75669e-6 0.9984429 -0.05578422 -2.30942e-6 0.998442 -0.05579924 0 0.9984418 -0.05580526 2.75041e-5 0.9984422 -0.05579686 -6.74724e-6 0.998442 -0.05580025 -7.1246e-6 0.9984421 -0.05579906 0 0.9984417 -0.05580532 5.93928e-6 0.9984427 -0.05578851 3.3684e-6 0.9984418 -0.05580461 -8.8653e-6 0.9984425 -0.05579048 -3.42804e-6 0.9984416 -0.05580621 3.88062e-6 0.9984415 -0.05580955 1.31035e-5 0.9984424 -0.05579239 -6.97707e-6 0.9984419 -0.05580043 -2.12277e-5 0.998442 -0.05579906 2.55678e-7 0.9984424 -0.05579185 7.87425e-6 0.9984409 -0.05581951 9.3947e-6 0.9984443 -0.05575984 -5.30019e-5 0.9984421 -0.055799 2.88257e-7 0.998442 -0.05579942 0 0.9984409 -0.0558201 -5.40907e-6 0.9984433 -0.05577689 4.33016e-6 0.9984427 -0.05578738 3.53701e-6 0.9984419 -0.05580186 -1.31464e-6 0.9984421 -0.05579757 -8.92854e-7 0.9984416 -0.05580669 0 0.9984426 -0.05578887 2.99718e-6 0.9984408 -0.0558207 -1.14122e-5 0.9984426 -0.05578839 1.02376e-5 0.9984408 -0.05582135 -1.91468e-5 0.9984501 -0.055655 1.22176e-4 0.9984421 -0.05579894 -7.15089e-7 0.9984414 -0.05581128 -1.15795e-6 0.9984448 -0.05575066 -8.34843e-7 0.9984363 -0.05590152 3.27279e-7 0.9984419 -0.05580049 -5.93552e-7 0.9984406 -0.05582499 1.07806e-6 0.9984445 -0.05575519 6.58574e-6 0.9984424 -0.05579376 2.56662e-6 0.9984409 -0.05581957 -3.84606e-6 0.998443 -0.05578315 1.17219e-6 0.9984413 -0.0558114 -1.02641e-5 0.9984416 -0.05580568 -3.50631e-6 0.998441 -0.05581891 5.21709e-6 0.9984447 -0.05575197 -4.92309e-6 0.9984388 -0.05585622 1.25471e-5 0.9984434 -0.05577462 -3.95429e-7 0.9984353 -0.05591976 -3.82582e-6 0.9984472 -0.0557053 -1.48352e-6 0.9984378 -0.05587571 -5.34696e-7 0.9984417 -0.05580615 9.03235e-7 0.9984413 -0.05581355 2.23402e-7 0.9984418 -0.0558052 -1.21731e-6 0.9984374 -0.05588233 1.78882e-6 0.998442 -0.05579906 -1.25472e-5 0.9984432 -0.05577814 4.92309e-6 0.9984418 -0.05580472 -5.21707e-6 0.9984411 -0.05581712 3.50633e-6 0.9984421 -0.055799 1.02641e-5 0.9984422 -0.05579483 -1.17219e-6 0.9984419 -0.05580192 3.84607e-6 0.9984424 -0.05579376 -2.56662e-6 0.9984437 -0.0557695 -6.58573e-6 0.9984403 -0.05583065 -1.07806e-6 0.9984421 -0.05580013 5.93552e-7 0.9984356 -0.05591362 -3.2728e-7 0.9984459 -0.05572986 8.34845e-7 0.9984412 -0.05581581 1.15795e-6 0.9984415 -0.05580949 7.15089e-7 0.9984431 -0.05578064 3.91514e-7 0.9984498 -0.05566036 3.84174e-6 0.9984485 -0.05568462 -1.22182e-4 0.9984422 -0.05579507 1.9147e-5 0.9984429 -0.05578309 -1.02375e-5 0.9984399 -0.05583715 1.14122e-5 0.9984434 -0.05577486 -2.99719e-6 0.9984415 -0.05581015 0 0.9984416 -0.05580693 8.92851e-7 0.9984421 -0.05579847 1.31464e-6 0.9984425 -0.05579125 -3.53702e-6 0.9984433 -0.05577689 -4.33016e-6 0.998441 -0.05581825 5.40905e-6 0.9984421 -0.05579805 -1.51918e-6 0.9984412 -0.05581349 7.21838e-6 0.9984421 -0.05579787 -1.25316e-7 0.9984421 -0.05579894 3.17625e-6 0.998442 -0.05579936 -4.56736e-7 0.9984419 -0.05580139 -8.56033e-6 0.998442 -0.05580085 -1.05444e-5 0.9984422 -0.05579614 3.41121e-6 0.9984421 -0.05579841 1.00477e-5 0.9984422 -0.05579656 -2.37363e-6 0.9984412 -0.05581325 2.4706e-4 0.9984419 -0.05580163 7.38734e-6 0.9984422 -0.05579602 -5.22905e-7 0.998442 -0.05579978 3.28923e-6 0.9984419 -0.05580264 4.01627e-6 0.9984421 -0.05579942 1.10127e-5 0.9984421 -0.0557996 1.40005e-7 0.998442 -0.05579978 -9.92438e-6 0.9984421 -0.05579948 4.04366e-7 0.9984357 -0.05591398 -3.75766e-5 0.9984431 -0.05577993 -6.86848e-7 0.9984424 -0.05579233 -1.86001e-7 0.9984404 -0.0558294 -1.16067e-6 0.9984419 -0.0558018 4.48656e-7 0.9984415 -0.05580878 1.86001e-7 0.9984416 -0.05580753 0 0.9984433 -0.0557776 0 0.9984408 -0.05582082 0 0.9984416 -0.05580645 0 0.9984415 -0.05580806 -1.6355e-6 0.9984439 -0.05576717 4.13402e-7 0.9984422 -0.05579477 8.36447e-7 0.9984443 -0.05575799 4.28481e-7 0.998443 -0.05578392 1.48351e-6 0.9984414 -0.05581027 1.06608e-6 0.9984398 -0.05584031 -4.954e-6 0.9984433 -0.05577665 1.71281e-6 0.9984418 -0.05580419 1.33809e-6 0.9984412 -0.05581456 -7.54691e-7 0.9984419 -0.0558018 -4.48656e-7 0.9984415 -0.05581051 -2.82796e-7 0.9984417 -0.05580472 0 0.9984425 -0.05579012 0 0.9984423 -0.05579417 0 0.9984417 -0.0558052 0 0.9984415 -0.05580878 1.21876e-6 0.9984439 -0.05576717 -4.13402e-7 0.9984431 -0.05577951 -9.94545e-7 0.9984418 -0.05580425 -5.0068e-7 0.9984337 -0.05594879 -1.78881e-6 0.998439 -0.05585479 1.21731e-6 0.9984423 -0.05579465 -2.23402e-7 0.05544763 0.9921675 0.111934 0.05266636 0.9424015 0.3303115 0.05266636 0.9424025 0.3303086 0.04724609 0.8454135 0.5320187 0.04724621 0.8454124 0.5320205 0.03945595 0.7060154 0.7070966 0.03945595 0.7060166 0.7070953 0.02968513 0.5311791 0.8467394 0.0296849 0.5312016 0.8467254 0.01842838 0.3297706 0.9438812 0.01842868 0.3297589 0.9438853 0.00624758 0.1117931 0.993712 0.006247699 0.1117888 0.9937124 0.05545026 0.9921631 0.1119724 0.05545055 0.9921677 -0.1119319 0.05544734 0.9921632 -0.1119725 0.05266654 0.9424035 -0.330306 0.05266612 0.9423999 -0.330316 0.04724609 0.8454137 -0.5320184 0.04724621 0.8454124 -0.5320205 0.039456 0.7060163 -0.7070956 0.03945595 0.7060166 -0.7070953 0.02968627 0.5311987 -0.8467271 0.0296837 0.5311802 -0.8467388 0.01842761 0.3297574 -0.9438859 0.01842939 0.329771 -0.9438812 0.006247222 0.111787 -0.9937126 0.006247937 0.1117925 -0.993712 -0.05544745 -0.9921637 -0.1119682 -0.05266642 -0.9424009 -0.3303135 -0.0526666 -0.9424013 -0.3303121 -0.04724752 -0.8454341 -0.5319859 -0.04724735 -0.8454322 -0.5319889 -0.03945577 -0.7060124 -0.7070996 -0.03945243 -0.7059913 -0.7071209 -0.02968382 -0.5311854 -0.8467354 -0.02968919 -0.531221 -0.846713 -0.01843035 -0.3297707 -0.9438812 -0.01842862 -0.3297562 -0.9438863 -0.006247222 -0.1117869 -0.9937126 -0.006247997 -0.111793 -0.993712 -0.05545067 -0.9921679 -0.1119297 -0.05545043 -0.9921632 0.1119713 -0.05544769 -0.9921686 0.1119254 -0.05266648 -0.9424011 0.3303126 -0.05266654 -0.9424015 0.3303118 -0.0472474 -0.8454322 0.5319889 -0.0472474 -0.8454342 0.5319858 -0.03945451 -0.7059901 0.7071219 -0.03945356 -0.7060126 0.7070995 -0.02968603 -0.5312239 0.8467112 -0.02968698 -0.5311825 0.8467373 -0.01842963 -0.3297582 0.9438856 -0.01842933 -0.3297694 0.9438817 -0.00624758 -0.1117928 0.993712 -0.006247699 -0.1117888 0.9937124 0.006247162 0.1117885 -0.9937124 0.01842927 0.3297706 -0.9438812 0.01842933 0.3297702 -0.9438814 0.02968668 0.5312024 -0.8467248 0.02968639 0.5312024 -0.8467247 0.03945446 0.7059901 -0.7071218 0.0394544 0.7059904 -0.7071217 0.04724609 0.8454129 -0.5320196 0.04724639 0.8454126 -0.5320202 0.05266726 0.9424157 -0.330271 0.05266749 0.9424157 -0.330271 0.05544722 0.9921581 -0.1120179 0.05545061 0.9921633 -0.1119705 0.00624746 0.1117883 -0.9937125 -0.006247699 -0.1117933 -0.993712 -0.00624746 -0.1117935 -0.9937119 -0.01842832 -0.3297567 -0.9438861 -0.01842874 -0.3297571 -0.9438859 -0.02968764 -0.5312231 -0.8467116 -0.02968752 -0.5312231 -0.8467116 -0.03945428 -0.70599 -0.707122 -0.03945463 -0.7059898 -0.7071222 -0.0472449 -0.845393 -0.5320515 -0.04724901 -0.8454134 -0.5320186 -0.05267083 -0.9424291 -0.3302323 -0.05266755 -0.9424151 -0.3302726 -0.05544704 -0.9921582 -0.1120163 -0.05545037 -0.9921631 -0.1119718 -0.006247878 -0.1117945 0.9937118 -0.01842856 -0.3297582 0.9438856 -0.01842856 -0.3297581 0.9438857 -0.02968746 -0.5312193 0.8467142 -0.02968722 -0.5312189 0.8467144 -0.03945428 -0.705989 0.7071231 -0.03945457 -0.7059894 0.7071226 -0.04724621 -0.8454142 0.5320176 -0.04724764 -0.8453931 0.5320511 -0.05267012 -0.9424151 0.3302723 -0.05266803 -0.9424291 0.3302327 -0.05544745 -0.9921633 0.1119719 -0.0554502 -0.9921581 0.1120163 -0.00624758 -0.1117947 0.9937117 0.006247282 0.1117897 0.9937123 0.00624758 0.1117897 0.9937123 0.01842933 0.3297712 0.943881 0.01842933 0.3297719 0.9438807 0.02968633 0.5311987 0.8467271 0.02968609 0.5311987 0.8467271 0.03945463 0.705989 0.7071231 0.03945457 0.7059904 0.7071216 0.04724621 0.8454142 0.5320175 0.04724633 0.8454124 0.5320205 0.05266708 0.9424155 0.3302716 0.05266731 0.9424155 0.3302713 0.05544775 0.9921631 0.1119734 0.0554502 0.9921582 0.1120154 0.05544745 0.9921635 0.1119704 0.05266642 0.9424003 0.3303151 0.05266636 0.9424006 0.3303141 0.04724746 0.8454357 0.5319834 0.0472474 0.8454332 0.5319874 0.03945457 0.7059914 0.7071206 0.03945457 0.7059893 0.7071227 0.02968645 0.5312014 0.8467254 0.02968633 0.5312016 0.8467253 0.01842939 0.329773 0.9438804 0.01842933 0.3297703 0.9438813 0.006247341 0.1117886 0.9937124 0.006247341 0.1117833 0.993713 0.05544745 0.9921633 0.1119726 0.05544745 0.9921632 -0.1119734 0.05544745 0.9921635 -0.1119705 0.05266648 0.9424003 -0.3303149 0.0526663 0.9424001 -0.3303157 0.04724735 0.8454344 -0.5319855 0.04724746 0.8454351 -0.5319842 0.03945451 0.7059894 -0.7071226 0.03945469 0.7059909 -0.7071211 0.02968657 0.531204 -0.8467237 0.02968621 0.531199 -0.8467269 0.01842933 0.3297712 -0.9438811 0.01842945 0.3297722 -0.9438807 0.006246984 0.1117827 -0.9937132 0.00624752 0.1117871 -0.9937126 -0.05544406 -0.9921581 -0.1120197 -0.05266439 -0.9424166 -0.3302689 -0.05266779 -0.9424282 -0.3302353 -0.04724615 -0.8454138 -0.5320183 -0.0472427 -0.8453949 -0.5320484 -0.03945243 -0.7059906 -0.7071214 -0.03945255 -0.7059904 -0.7071217 -0.02968603 -0.5312232 -0.8467118 -0.02968603 -0.5312234 -0.8467116 -0.01842671 -0.3297421 -0.9438913 -0.01842868 -0.3297582 -0.9438856 -0.00624752 -0.1117919 -0.9937121 -0.006248116 -0.1117972 -0.9937114 -0.05545061 -0.9921678 -0.1119298 -0.05545002 -0.9921579 0.1120189 -0.05544465 -0.9921681 0.1119299 -0.05266511 -0.9424295 0.3302316 -0.05266708 -0.9424145 0.3302742 -0.04724508 -0.8453951 0.532048 -0.04724383 -0.8454142 0.5320179 -0.03945237 -0.7059893 0.7071229 -0.03945249 -0.7059901 0.707122 -0.02968597 -0.5312219 0.8467126 -0.02968603 -0.531225 0.8467106 -0.01842761 -0.3297575 0.9438858 -0.0184279 -0.3297433 0.9438908 -0.006247818 -0.1117976 0.9937114 -0.006247937 -0.1117933 0.9937119 0.006247341 0.1117898 -0.9937123 0.01842886 0.329767 -0.9438825 0.01842933 0.3297666 -0.9438827 0.02968627 0.5312024 -0.8467248 0.02968651 0.5312024 -0.8467247 0.03945475 0.7059924 -0.7071197 0.03945469 0.7059925 -0.7071194 0.04724615 0.8454118 -0.5320216 0.04724657 0.8454114 -0.5320221 0.05266726 0.9424157 -0.330271 0.05544728 0.9921581 -0.1120177 0.05545073 0.9921633 -0.1119705 0.00624758 0.1117897 -0.9937124 -0.00624758 -0.1117946 -0.9937118 -0.006247878 -0.1117947 -0.9937118 -0.01842832 -0.3297532 -0.9438874 -0.01842832 -0.3297533 -0.9438874 -0.03945469 -0.7059922 -0.7071199 -0.0394544 -0.7059918 -0.7071203 -0.04724526 -0.8453914 -0.5320539 -0.04724848 -0.8454124 -0.5320201 -0.05267095 -0.9424291 -0.3302323 -0.05266726 -0.9424151 -0.3302726 -0.05544716 -0.9921582 -0.1120163 -0.05545037 -0.9921632 -0.1119716 -0.00624746 -0.1117933 0.9937119 -0.01842844 -0.3297569 0.943886 -0.01842856 -0.3297569 0.9438861 -0.02968752 -0.5312231 0.8467117 -0.02968764 -0.5312231 0.8467116 -0.0394544 -0.7059898 0.7071222 -0.03945451 -0.70599 0.707122 -0.04724609 -0.845414 0.5320181 -0.04724788 -0.8453924 0.532052 -0.05267006 -0.9424151 0.3302723 -0.05266833 -0.9424291 0.3302327 -0.05544745 -0.9921633 0.111972 -0.05545014 -0.9921581 0.1120166 -0.006247699 -0.1117933 0.993712 0.00624746 0.1117884 0.9937124 0.006247162 0.1117884 0.9937125 0.01842921 0.32977 0.9438815 0.01842933 0.3297708 0.9438812 0.02968651 0.5312026 0.8467246 0.02968651 0.5312025 0.8467246 0.03945428 0.7059898 0.7071222 0.03945446 0.7059909 0.7071211 0.04724621 0.845414 0.5320181 0.04724627 0.8454118 0.5320214 0.05266726 0.9424155 0.3302716 0.05266755 0.9424155 0.3302713 0.05544751 0.9921631 0.1119735 0.05545032 0.9921582 0.1120157 -0.9984406 0.05582475 1.31838e-4 -0.9984425 0.0557903 -4.58277e-5 -0.9984421 0.05579775 0 -0.9984418 0.05580365 1.11283e-5 -0.9984421 0.05579835 -4.25019e-6 -0.9984418 0.05580347 1.6064e-5 -0.9984421 0.05579775 -4.3048e-6 -0.9984421 0.05579864 -4.97069e-6 -0.9984419 0.05580145 5.16502e-6 -0.9984424 0.05579298 -1.53719e-5 -0.9984419 0.05580067 1.19151e-6 -0.998442 0.05579996 3.74496e-6 -0.9984419 0.05580145 -1.25013e-7 -0.9984419 0.05580157 4.17127e-6 -0.9984419 0.0558027 7.9203e-6 -0.9984423 0.05579435 -7.08753e-6 -0.998442 0.05579954 0 -0.9984425 0.05579006 5.25002e-6 -0.9984414 0.05581003 -5.39291e-6 -0.9984422 0.05579519 2.62062e-6 -0.9984421 0.05579853 9.47208e-7 -0.9984419 0.0558021 -5.74238e-7 -0.9984419 0.05580174 -3.19667e-6 -0.9984424 0.05579316 4.87054e-6 -0.9984422 0.05579704 2.07915e-6 -0.9984422 0.05579692 2.00295e-6 -0.9984416 0.05580627 -5.98048e-6 -0.9984421 0.05579698 -2.63514e-7 -0.9984419 0.05580329 -5.98614e-6 -0.9984428 0.05578625 1.9238e-5 -0.998442 0.05579942 -1.17265e-6 -0.9984419 0.05580031 -4.96757e-7 -0.9984421 0.0557987 5.15349e-6 -0.9984415 0.05580908 -1.33164e-5 -0.998443 0.05578196 2.37052e-5 -0.9984426 0.05578935 1.25593e-5 -0.9984421 0.05579906 0 -0.9984428 0.05578523 -1.25592e-5 -0.998443 0.05578196 -2.37052e-5 -0.9984413 0.05581247 1.33165e-5 -0.9984423 0.05579543 -5.15347e-6 -0.9984419 0.05580013 4.96757e-7 -0.9984423 0.05579417 7.08753e-6 -0.9984418 0.05580312 -7.9203e-6 -0.9984419 0.05580103 -4.17127e-6 -0.998442 0.05580073 1.25012e-7 -0.9984419 0.05580121 -3.74496e-6 -0.998442 0.05580025 -1.19151e-6 -0.9984424 0.05579364 1.53719e-5 -0.9984419 0.05580145 -5.16502e-6 -0.9984421 0.05579799 4.97069e-6 -0.9984421 0.05579793 4.30482e-6 -0.9984419 0.05580306 -1.60638e-5 -0.9984421 0.05579954 4.25021e-6 -0.9984421 0.05579954 -1.11282e-5 -0.9984419 0.05580127 0 -0.9984425 0.0557909 4.58282e-5 -0.9984408 0.0558235 -1.31835e-4 -0.998442 0.05579942 1.17265e-6 -0.9984427 0.0557875 -1.92378e-5 -0.9984421 0.05579841 5.98617e-6 -0.9984419 0.05580013 2.63513e-7 -0.9984416 0.05580627 5.98048e-6 -0.9984421 0.05579829 -2.00295e-6 -0.9984423 0.05579406 -2.07915e-6 -0.9984423 0.05579489 -4.87054e-6 -0.9984418 0.05580371 3.19667e-6 -0.9984421 0.05579876 5.74238e-7 -0.9984419 0.05580002 -9.47206e-7 -0.9984421 0.05579698 -2.62062e-6 -0.9984415 0.0558089 5.3929e-6 -0.9984425 0.05579078 -5.25003e-6 -0.05579972 -0.9984421 0 -0.0557993 -0.998442 -2.54439e-6 -0.05580186 -0.9984419 0 -0.05580186 -0.9984419 0 -0.05579972 -0.998442 2.16463e-6 -0.0557993 -0.9984421 0 -0.03945636 -0.7060034 -0.7071085 -0.03945589 -0.7060077 -0.7071042 -0.05553084 -0.9936296 -0.09806513 -0.0555309 -0.9936396 -0.09796261 -0.05339646 -0.9554465 -0.2902944 -0.05339753 -0.9554747 -0.2902011 -0.0492084 -0.8805172 -0.4714533 -0.04920995 -0.8805388 -0.4714127 -0.04313427 -0.7718204 -0.6343759 -0.04313361 -0.7717989 -0.634402 -0.03945666 -0.7060075 0.7071045 -0.03945559 -0.7060033 0.7071087 -0.05553114 -0.9936399 0.09795933 -0.05553054 -0.9936309 0.09805083 -0.05339729 -0.9554662 0.2902295 -0.05339682 -0.9554584 0.2902553 -0.0492075 -0.8805013 0.4714828 -0.04921025 -0.8805457 0.4713998 -0.04313248 -0.7717876 0.6344159 -0.04313629 -0.7718468 0.6343436 0.006247401 0.1117919 -0.993712 0.01842731 0.3297386 -0.9438924 0.018431 0.3297811 -0.9438776 0.02968984 0.5312345 -0.8467046 0.02968651 0.531212 -0.8467187 0.03945505 0.7060135 -0.7070986 0.03945249 0.7059881 -0.7071239 0.0472418 0.8453759 -0.5320789 0.04724985 0.8454359 -0.5319827 0.05267012 0.9424208 -0.3302558 0.05266559 0.9424015 -0.3303115 0.05544644 0.992164 -0.1119663 0.05544459 0.9921614 -0.1119899 0.006247401 0.111792 -0.993712 -0.006246745 -0.1117819 -0.9937132 -0.00624746 -0.1117871 -0.9937126 -0.01842874 -0.3297527 -0.9438875 -0.01842904 -0.329761 -0.9438846 -0.02968758 -0.531216 -0.8467162 -0.02969157 -0.5312604 -0.8466883 -0.0394566 -0.7059854 -0.7071265 -0.03945666 -0.7059882 -0.7071236 -0.0472486 -0.8454062 -0.5320302 -0.04724597 -0.845397 -0.5320449 -0.05266803 -0.9424139 -0.3302757 -0.05266821 -0.9424149 -0.330273 -0.05544823 -0.9921631 -0.1119731 -0.05544877 -0.9921635 -0.1119685 -0.006247282 -0.1117868 0.9937127 -0.01842862 -0.3297516 0.9438879 -0.01842921 -0.3297597 0.9438851 -0.02968931 -0.5312461 0.8466972 -0.02968931 -0.5312209 0.8467131 -0.03945684 -0.7059924 0.7071195 -0.03945672 -0.7059879 0.7071239 -0.04724723 -0.8453825 0.5320678 -0.04724711 -0.8454161 0.5320146 -0.05266815 -0.942417 0.330267 -0.05266821 -0.9424149 0.330273 -0.05544829 -0.9921634 0.1119703 -0.05544877 -0.9921635 0.1119685 -0.006247282 -0.1117869 0.9937127 0.006247758 0.1117957 0.9937116 0.00624752 0.1117916 0.9937121 0.01842898 0.3297731 0.9438804 0.01842898 0.3297462 0.9438897 0.029688 0.5311985 0.8467272 0.02968817 0.5312408 0.8467006 0.03945374 0.7059907 0.7071213 0.0394535 0.7060095 0.7071027 0.04724466 0.8454285 0.5319949 0.04724717 0.8453868 0.5320611 0.05266869 0.9423955 0.3303283 0.05266708 0.9424285 0.3302342 0.05544632 0.9921605 0.1119976 0.05544459 0.9921638 0.1119686 0.00624752 0.111794 -0.9937118 0.01842677 0.3297373 -0.9438929 0.018431 0.3297798 -0.9438779 0.02969002 0.531234 -0.8467048 0.02968657 0.5312116 -0.846719 0.03945517 0.7060132 -0.7070989 0.03945231 0.7059878 -0.7071243 0.0472418 0.8453754 -0.5320796 0.04724991 0.8454356 -0.5319833 0.05544662 0.992164 -0.1119661 0.05544435 0.9921615 -0.1119898 0.006247639 0.1117941 -0.9937118 -0.006246924 -0.1117839 -0.993713 -0.00624758 -0.1117892 -0.9937124 -0.01842862 -0.3297514 -0.943888 -0.01842921 -0.3297597 -0.943885 -0.02968758 -0.5312155 -0.8467165 -0.02969145 -0.5312598 -0.8466886 -0.03945654 -0.7059851 -0.7071267 -0.03945672 -0.7059879 -0.7071241 -0.04724842 -0.8454058 -0.5320308 -0.04724621 -0.8453966 -0.5320456 -0.05266809 -0.9424139 -0.3302757 -0.05266803 -0.9424149 -0.330273 -0.05544835 -0.9921631 -0.1119729 -0.05544871 -0.9921636 -0.1119683 -0.006247282 -0.1117861 0.9937127 -0.01842886 -0.3297529 0.9438874 -0.01842916 -0.329761 0.9438846 -0.02968919 -0.5312209 0.8467131 -0.0394569 -0.7059917 0.7071202 -0.03945666 -0.7059872 0.7071246 -0.04724711 -0.8453825 0.5320678 -0.04724723 -0.8454161 0.5320146 -0.05544841 -0.9921634 0.1119701 -0.05544871 -0.9921636 0.1119683 -0.006247103 -0.1117861 0.9937127 0.006247699 0.1117951 0.9937117 0.006247282 0.1117909 0.9937121 0.01842921 0.3297743 0.94388 0.01842904 0.3297475 0.9438893 0.02968811 0.5312408 0.8467006 0.0394538 0.7059901 0.7071219 0.03945356 0.7060087 0.7071033 0.04724466 0.8454285 0.5319949 0.05266875 0.9423955 0.3303283 0.05544632 0.9921605 0.1119974 0.05544471 0.9921638 0.1119685 -0.00624752 -0.1117819 0.9937132 -0.01842963 -0.3297581 0.9438856 -0.01843035 -0.32978 0.9438779 -0.02968782 -0.5312191 0.8467143 -0.0296868 -0.531192 0.8467313 -0.03945714 -0.7060148 0.7070971 -0.03945511 -0.7059772 0.7071349 -0.0472477 -0.8454135 0.5320186 -0.0472449 -0.8453773 0.5320763 -0.05266934 -0.9424384 0.330206 -0.05266827 -0.9424487 0.3301764 -0.05544656 -0.9921634 0.1119709 -0.05545049 -0.9921514 0.1120755 -0.006248295 -0.1117964 0.9937115 0.006246864 0.1117735 0.9937142 0.006248056 0.1118012 0.9937109 0.01842772 0.329739 0.9438923 0.01843112 0.3297932 0.9438734 0.02968794 0.5312215 0.8467128 0.02968734 0.531192 0.8467313 0.03945684 0.7059997 0.7071123 0.03945684 0.70602 0.7070919 0.04724502 0.8453781 0.5320752 0.04724425 0.8453775 0.5320761 0.05266857 0.9424403 0.3302006 0.05266517 0.9423949 0.3303306 0.05544739 0.9921802 0.1118218 0.05544942 0.9921515 0.1120754 0.00624752 0.1117895 -0.9937123 0.0184279 0.3297419 -0.9438913 0.01843112 0.3297944 -0.9438728 0.02968591 0.5311861 -0.8467351 0.02968955 0.5312316 -0.8467064 0.03945767 0.7060129 -0.707099 0.03945577 0.7059987 -0.7071133 0.04724532 0.8453816 -0.5320694 0.04724419 0.8453779 -0.5320756 0.05266773 0.9424275 -0.3302375 0.05266594 0.9424084 -0.3302921 0.0554468 0.9921702 -0.1119109 0.05544996 0.9921611 -0.1119898 0.006247103 0.1117799 -0.9937134 -0.006247639 -0.111792 -0.9937121 -0.006247341 -0.1117799 -0.9937134 -0.01843118 -0.329781 -0.9438775 -0.01842868 -0.3297542 -0.9438869 -0.02968901 -0.5312399 -0.8467011 -0.02968579 -0.5311729 -0.8467432 -0.03945791 -0.7060281 -0.7070838 -0.03945505 -0.7059775 -0.7071344 -0.0472477 -0.8454098 -0.5320245 -0.04724484 -0.8453778 -0.5320757 -0.0526703 -0.9424559 -0.3301559 -0.0526669 -0.9424218 -0.3302537 -0.05544573 -0.9921509 -0.1120825 -0.05545085 -0.992161 -0.1119899 -0.006247341 -0.1117812 0.9937133 -0.01842999 -0.3297593 0.9438852 -0.01843023 -0.3297812 0.9438775 -0.0394572 -0.7060141 0.7070978 -0.03945511 -0.7059764 0.7071356 -0.04724502 -0.8453774 0.5320763 -0.0526694 -0.9424384 0.330206 -0.05544656 -0.9921634 0.1119707 -0.05545037 -0.9921514 0.1120753 -0.006247997 -0.1117957 0.9937117 0.006246745 0.1117728 0.9937142 0.006248056 0.1118006 0.9937111 0.01842796 0.3297403 0.9438919 0.018431 0.3297944 0.9438728 0.03945696 0.705999 0.707113 0.03945678 0.7060194 0.7070927 0.04724496 0.8453781 0.5320752 0.04724431 0.8453775 0.5320761 0.05266851 0.9424403 0.3302006 0.05544751 0.9921802 0.1118217 0.05544936 0.9921516 0.1120752 0.00624752 0.1117916 -0.9937121 0.01842784 0.3297406 -0.9438917 0.01843112 0.3297932 -0.9438734 0.02968585 0.5311856 -0.8467353 0.02968949 0.5312309 -0.8467067 0.03945767 0.7060126 -0.7070993 0.03945565 0.7059984 -0.7071136 0.0472452 0.8453813 -0.53207 0.04724425 0.8453773 -0.5320762 0.05266779 0.9424275 -0.3302375 0.05266612 0.9424084 -0.3302921 0.05544704 0.9921702 -0.1119108 0.05544972 0.9921611 -0.1119897 0.006247341 0.111782 -0.9937132 -0.006248176 -0.1117941 -0.9937118 -0.006247341 -0.1117819 -0.9937132 -0.01843088 -0.3297797 -0.943878 -0.01842886 -0.3297531 -0.9438874 -0.02968901 -0.5312394 -0.8467015 -0.02968555 -0.5311726 -0.8467435 -0.03945803 -0.7060278 -0.7070842 -0.03945511 -0.7059772 -0.7071348 -0.0472474 -0.8454095 -0.532025 -0.04724508 -0.8453772 -0.5320764 -0.05267024 -0.9424559 -0.3301559 -0.05544596 -0.9921509 -0.1120824 -0.05545079 -0.9921611 -0.1119897 0.9984421 -0.05579978 -9.05657e-6 0.9984421 -0.05579918 1.84206e-5 0.9984419 -0.05580204 1.81073e-5 0.998442 -0.05580055 -1.95493e-5 0.9984419 -0.05580192 -1.39445e-5 0.9984419 -0.0558021 -2.66139e-5 0.9984422 -0.05579686 1.40811e-5 0.9984421 -0.05579715 2.59043e-5 0.998442 -0.0557999 -2.07045e-6 0.9984421 -0.05580008 -1.06133e-5 0.998442 -0.05580019 -8.15298e-6 0.9984421 -0.05579942 -7.45309e-6 0.998442 -0.05579912 5.67669e-7 0.9984421 -0.05579823 7.26617e-6 0.9984419 -0.05580013 -5.82271e-7 0.998442 -0.0557999 9.80813e-6 0.9984419 -0.05580043 6.69964e-6 0.9984421 -0.05580008 -2.36624e-5 0.9984422 -0.05579739 3.74932e-6 0.9984422 -0.0557968 2.12236e-5 0.9984419 -0.05580091 -1.76572e-5 0.9984419 -0.05580234 1.63254e-5 0.9984419 -0.05580073 1.41733e-5 0.9984419 -0.05580013 -1.88945e-5 0.9984418 -0.05580258 -1.68857e-5 0.998442 -0.0557993 9.05649e-6 0.998442 -0.0557993 -9.05649e-6 0.998442 -0.05579954 1.84208e-5 0.9984419 -0.05580174 1.81072e-5 0.9984419 -0.05580174 -1.95494e-5 0.9984419 -0.05580133 -1.39446e-5 0.9984419 -0.05580085 -2.66138e-5 0.9984422 -0.05579686 1.4081e-5 0.9984422 -0.05579751 2.59045e-5 0.9984421 -0.05579996 -2.07046e-6 0.998442 -0.05579984 -1.06133e-5 0.998442 -0.05580031 -8.153e-6 0.9984421 -0.05579918 -7.45306e-6 0.998442 -0.05579906 5.67669e-7 0.9984421 -0.05580013 -5.8227e-7 0.998442 -0.05579978 9.80811e-6 0.9984419 -0.05580049 6.69965e-6 0.998442 -0.0557999 -2.36623e-5 0.9984422 -0.05579745 3.74933e-6 0.9984421 -0.05579715 2.12237e-5 0.998442 -0.05580109 -1.76573e-5 0.9984418 -0.05580204 1.63253e-5 0.998442 -0.05580067 1.41733e-5 0.998442 -0.05580067 -1.88947e-5 0.9984419 -0.0558024 -1.68856e-5 0.9984419 -0.05580157 9.05649e-6 0.9984419 -0.05580282 9.05633e-5 0.9984419 -0.05580121 -3.68406e-5 0.9984423 -0.05579578 6.29821e-6 0.9984422 -0.05579686 0 0.998442 -0.05579948 -1.97265e-5 0.9984421 -0.055799 -4.09448e-6 0.9984421 -0.05579829 1.63259e-5 0.9984421 -0.05579829 2.72679e-6 0.9984419 -0.05580073 -1.71549e-5 0.9984419 -0.05580079 0 0.9984421 -0.05580002 5.14928e-6 0.9984421 -0.0557996 0 0.998442 -0.05580109 -2.08051e-5 0.9984419 -0.05580127 3.6331e-6 0.9984421 -0.0557996 1.76138e-5 0.998442 -0.05579942 3.92325e-6 0.9984419 -0.05580133 -9.81718e-6 0.9984419 -0.05580019 -2.36619e-6 0.9984421 -0.05579841 1.97693e-5 0.9984421 -0.05579835 -6.53037e-6 0.9984421 -0.05579882 -8.18893e-6 0.9984421 -0.05579996 0 0.9984422 -0.05579596 2.44368e-5 0.9984423 -0.05579507 1.88944e-5 0.9984419 -0.05580157 -1.22803e-5 0.9984419 -0.05580282 -9.05633e-5 0.9984422 -0.05579525 6.29815e-6 0.9984422 -0.0557959 0 0.9984421 -0.05579996 -1.97267e-5 0.9984421 -0.05579876 -4.09446e-6 0.9984421 -0.05579841 1.6326e-5 0.9984421 -0.05579847 2.7268e-6 0.9984419 -0.05580013 -1.71549e-5 0.998442 -0.05580067 0 0.998442 -0.05580002 5.14928e-6 0.9984419 -0.05580103 -2.08051e-5 0.998442 -0.05579936 1.76137e-5 0.998442 -0.05579948 3.92326e-6 0.9984419 -0.05580127 -9.81716e-6 0.9984421 -0.05579841 1.97693e-5 0.9984421 -0.0557987 -6.53042e-6 0.9984421 -0.05579912 -8.18897e-6 0.998442 -0.05579966 0 0.9984422 -0.05579572 2.44367e-5 0.9984423 -0.05579578 1.88946e-5 0.9984419 -0.05580103 -1.22802e-5 0.9984418 -0.05580329 -9.05641e-5 -2.60336e-7 0 1 6.57176e-7 0 1 -1.25734e-6 0 1 1.20844e-6 0 1 -2.97759e-7 0 1 -3.63406e-7 0 1 0 0 1 -5.55168e-7 0 1 1.59601e-6 0 1 -1.95804e-6 0 1 2.49054e-6 0 1 -3.36755e-7 0 1 -1.77357e-7 0 1 6.68115e-7 0 1 0 0 1 0 0 1 -2.56337e-7 0 1 -6.34469e-7 0 1 9.03215e-7 0 1 4.75341e-7 0 1 7.09532e-7 0 1 -1.29324e-6 0 1 0 0 1 -2.52495e-7 0 1 -3.00673e-7 0 1 1.25736e-6 0 1 3.43115e-7 0 1 1.37918e-7 0 1 0 0 1 1.5371e-6 0 1 1.56073e-6 0 1 -2.96347e-6 0 1 7.86466e-7 0 1 2.08859e-6 0 1 -1.59602e-6 0 1 -2.49824e-6 0 1 1.45107e-7 0 1 -2.95016e-7 0 1 -4.71186e-7 0 1 -2.60426e-7 0 1 2.05531e-6 0 1 -1.69561e-6 0 1 6.06348e-7 0 1 1.00638e-6 0 1 -3.63406e-7 0 -1 -6.01344e-7 0 -1 2.97759e-7 0 -1 -6.04222e-7 0 -1 -6.28668e-7 0 -1 3.40803e-7 0 -1 0 0 -1 6.68265e-7 0 -1 0 0 -1 -2.02053e-7 0 -1 -1.44189e-6 0 -1 2.48018e-6 0 -1 -2.12801e-6 0 -1 0 0 -1 0 0 -1 5.17294e-7 0 -1 4.25719e-7 0 -1 1.58447e-7 0 -1 -2.34836e-6 0 -1 6.34469e-7 0 -1 1.28169e-6 0 -1 1.32992e-7 0 -1 3.43115e-7 0 -1 6.28679e-7 0 -1 -6.0421e-7 0 -1 3.00673e-7 0 -1 -3.63407e-7 0 -1 2.52495e-7 0 -1 -1.45107e-7 0 -1 1.6655e-6 0 -1 -1.86202e-6 0 -1 1.82751e-6 0 -1 -3.67018e-6 0 -1 1.07762e-6 0 -1 1.41885e-6 0 -1 1.46024e-6 0 -1 0 0 -1 1.50957e-6 0 -1 1.01058e-6 0 -1 -1.35649e-6 0 -1 2.34892e-6 0 -1 2.60426e-7 0 -1 -2.35593e-7 0 -1 -3.2607e-7 0 -1 -0.05579888 -0.9984421 0 -0.05579888 -0.9984421 0 0.6665494 -0.7454609 0 0.6665495 -0.7454608 0 -0.998442 0.05579948 -1.95591e-5 -0.9984421 0.05579996 1.49997e-5 -0.9984421 0.0557993 2.08631e-5 -0.998442 0.05579918 -5.49987e-5 -0.9984366 0.05589693 -6.68824e-5 -0.9984428 0.05578464 2.79847e-6 -0.9984417 0.05580466 -7.03645e-6 -0.9984425 0.05578958 9.36295e-6 -0.9984416 0.05580765 -1.66159e-5 -0.9984421 0.05579841 3.3132e-6 -0.9984421 0.05579918 3.14923e-7 -0.9984421 0.05579859 7.35871e-7 -0.9984421 0.05579817 -1.58509e-5 -0.998442 0.05579936 3.86564e-6 -0.9984415 0.05580925 1.03312e-6 -0.9984418 0.05580216 -4.2045e-7 -0.9984422 0.05579781 -4.215e-7 -0.9984422 0.05579531 6.25434e-7 -0.9984418 0.05580371 -3.46109e-6 -0.9984425 0.05579197 5.69876e-6 -0.9984416 0.05580842 -1.427e-5 -0.9984424 0.05579203 1.56579e-5 -0.9984422 0.05579674 3.35122e-6 -0.9984419 0.05580192 -2.29361e-5 -0.998442 0.05579972 1.17509e-5 -0.9984421 0.05579966 3.04384e-5 -0.998442 0.05579942 -3.86565e-6 -0.9984421 0.05579817 1.58509e-5 -0.9984421 0.05579859 -7.35871e-7 -0.9984421 0.05579918 -3.14923e-7 -0.9984421 0.05580013 -3.3132e-6 -0.9984417 0.05580532 1.66159e-5 -0.9984425 0.05578958 -9.36295e-6 -0.9984417 0.05580466 7.03645e-6 -0.9984428 0.05578464 -2.79847e-6 -0.9984366 0.05589693 6.68824e-5 -0.9984421 0.05579906 -3.04384e-5 -0.998442 0.05579978 -1.17509e-5 -0.9984419 0.05580198 2.29361e-5 -0.9984421 0.05579733 -3.35121e-6 -0.9984425 0.05579131 -1.56579e-5 -0.9984416 0.05580842 1.427e-5 -0.9984425 0.05579197 -5.69876e-6 -0.9984418 0.05580455 3.46109e-6 -0.9984423 0.05579453 -6.25434e-7 -0.9984422 0.05579781 4.215e-7 -0.9984418 0.05580216 4.2045e-7 -0.9984415 0.05580925 -1.03312e-6 -0.9984421 0.05579948 -1.49996e-5 -0.9984421 0.05579894 -3.30125e-7 -0.9984419 0.05580145 2.2191e-5 -0.9984419 0.05580067 3.13177e-6 -0.9984419 0.05580174 -2.36847e-6 -0.9984419 0.05580168 1.99898e-5 -0.9984422 0.05579775 8.30447e-6 -0.9984421 0.0557996 5.69595e-7 -0.9984421 0.05579954 0 -0.9984421 0.05579954 7.45933e-6 -0.9984421 0.05579859 -6.91829e-6 -0.9984421 0.05579799 2.27561e-6 -0.9984421 0.055799 -5.50028e-6 -0.998442 0.05579972 -2.28657e-6 -0.9984421 0.05579817 5.48084e-6 -0.9984421 0.05579829 6.91829e-6 -0.9984421 0.0557987 -7.45933e-6 -0.9984421 0.05579924 0 -0.998442 0.0557996 -1.01022e-5 -0.9984421 0.05579829 -5.46497e-7 -0.9984421 0.05579888 1.82552e-5 -0.9984419 0.05580031 -3.13177e-6 -0.9984419 0.05580168 2.70682e-6 -0.9984419 0.05580139 -1.95819e-5 -0.998442 0.05579984 3.58763e-7 -0.9984422 0.05579787 -1.74966e-5 -0.9984421 0.05580002 2.41165e-6 -0.9984428 0.05578589 9.47345e-5 -0.9984421 0.05579966 -9.98602e-6 -0.9984419 0.05580139 -2.45652e-5 -0.9984421 0.05579894 -3.66361e-7 -0.9984421 0.05579823 -9.79089e-6 -0.9984421 0.05579894 -4.76942e-6 -0.9984422 0.0557962 9.94444e-6 -0.9984422 0.05579686 6.4465e-6 -0.9984418 0.05580264 -2.24243e-5 -0.9984419 0.05580067 5.33285e-6 -0.998442 0.05580037 6.71338e-6 -0.9984418 0.05580383 -1.75602e-5 -0.9984418 0.05580419 -5.0529e-6 -0.9984421 0.05579918 1.52004e-5 -0.998442 0.05580091 -5.90442e-6 -0.998442 0.05580055 -5.25643e-6 -0.9984422 0.05579626 1.89688e-5 -0.9984422 0.05579656 3.31403e-6 -0.9984421 0.05579853 -6.96978e-6 -0.998442 0.05579912 1.64188e-6 -0.9984419 0.05580186 -1.83109e-5 -0.9984421 0.05579894 1.97936e-5 -0.9984421 0.05579966 -3.08022e-6 -0.9984422 0.05579626 9.8887e-6 -0.9984422 0.05579715 4.37412e-6 -0.008313894 -0.1488053 -0.9888316 -0.01644223 -0.2942972 -0.9555726 -0.01644682 -0.2943015 -0.9555711 -0.02420884 -0.4332008 -0.9009723 -0.02421301 -0.433207 -0.9009693 -0.03143733 -0.5624665 -0.8262224 -0.03141313 -0.5624141 -0.8262588 -0.03793132 -0.6791096 -0.7330562 -0.03794199 -0.6791227 -0.7330436 -0.0436111 -0.7805917 -0.6235181 -0.04365497 -0.7806399 -0.6234548 -0.04835438 -0.8646724 -0.5000038 -0.04833316 -0.8646521 -0.5000408 -0.05195337 -0.9294142 -0.3653631 -0.05196046 -0.9294158 -0.3653578 -0.05442035 -0.9734157 -0.2224868 -0.05439907 -0.9734222 -0.2224635 -0.05564099 -0.9956474 -0.07476943 -0.0556491 -0.9956507 -0.07471972 -0.008317053 -0.1488135 -0.9888303 1.62991e-7 0 -1 0.008315026 0.1488089 -0.9888311 0.008319139 0.1488189 -0.9888296 0.01645082 0.2942965 -0.9555727 0.01645207 0.2943109 -0.9555682 0.0242151 0.4331978 -0.9009736 0.02420556 0.433197 -0.9009743 0.03142625 0.5624248 -0.8262512 0.03143703 0.5624648 -0.8262234 0.03795593 0.6791048 -0.7330594 0.0379517 0.6791067 -0.7330578 0.04362422 0.7806106 -0.6234934 0.04364675 0.7806015 -0.6235033 0.04834848 0.8646852 -0.4999818 0.04832035 0.8646518 -0.5000426 0.05193936 0.9294091 -0.3653782 0.05194747 0.929425 -0.3653364 0.05440646 0.9734221 -0.2224625 0.05439877 0.9734162 -0.22249 0.05564105 0.9956485 -0.07475501 0.05564898 0.9956486 -0.07474738 0.00831902 0.1488156 0.98883 0.01645064 0.2942931 0.9555737 0.01645159 0.29431 0.9555684 0.02421385 0.4331703 0.9009867 0.02420687 0.4332193 0.9009634 0.03142786 0.5624536 0.8262314 0.03143572 0.5624377 0.8262419 0.0379554 0.6790897 0.7330734 0.03795266 0.6791197 0.7330458 0.04362541 0.7806342 0.6234639 0.04364591 0.7805872 0.6235212 0.04834681 0.8646556 0.5000335 0.04832178 0.8646763 0.5000001 0.0519402 0.9294269 0.3653328 0.05194664 0.9294059 0.3653851 0.05440616 0.9734151 0.2224931 0.05439901 0.9734222 0.2224635 0.05564111 0.9956489 0.07474899 0.05564898 0.9956486 0.07474738 0.008315086 0.148814 0.9888303 0 0 1 -0.008316993 -0.1488066 0.9888314 -0.008314013 -0.1488148 0.9888302 -0.01644319 -0.2943127 0.9555678 -0.01644593 -0.2942858 0.955576 -0.02420961 -0.4331992 0.9009731 -0.02421331 -0.4332186 0.9009637 -0.03143519 -0.5624266 0.8262494 -0.0314154 -0.5624523 0.8262328 -0.03793185 -0.6791191 0.7330474 -0.03794151 -0.6791089 0.7330564 -0.04361367 -0.7806372 0.6234609 -0.04365277 -0.7805992 0.6235057 -0.04835265 -0.864643 0.5000545 -0.04833459 -0.8646761 0.499999 -0.05195361 -0.9294167 0.3653566 -0.05196064 -0.9294157 0.3653584 -0.05442011 -0.9734099 0.2225124 -0.05439937 -0.9734282 0.222437 -0.05564129 -0.9956474 0.07476955 -0.0556488 -0.9956507 0.0747193 0.006032586 0.1079488 0.9941382 0.01199477 0.2146403 0.9766196 0.01199531 0.2146295 0.9766219 0.01781785 0.3188065 0.9476523 0.01781839 0.3188054 0.9476527 0.02343142 0.4192212 0.9075818 0.02342933 0.4192324 0.9075767 0.02876836 0.514765 0.8568486 0.02876842 0.5147489 0.8568583 0.03376942 0.6042318 0.7960927 0.03377133 0.6042261 0.7960969 0.03837692 0.686626 0.7259973 0.03837734 0.6866388 0.7259852 0.04253172 0.7609658 0.6473965 0.04252928 0.7609718 0.6473896 0.04618638 0.826405 0.5611788 0.04618626 0.8264059 0.5611776 0.04930126 0.8821413 0.4683974 0.04930371 0.8821259 0.4684263 0.05184108 0.927524 0.3701512 0.05183768 0.9275258 0.370147 0.05376684 0.9620429 0.2675491 0.05376011 0.9620522 0.267517 0.05505889 0.9852953 0.1617457 0.05506616 0.9852916 0.1617661 0.05571907 0.9969757 0.05417537 0.05571192 0.9969776 0.0541476 0.006032705 0.107942 0.9941389 -3.20614e-7 0 1 1.60306e-7 0 1 -0.006032705 -0.1079452 0.9941385 -0.006032526 -0.1079512 0.994138 -0.011994 -0.2146379 0.9766201 -0.01199483 -0.214634 0.9766209 -0.01781547 -0.3187935 0.9476569 -0.01781487 -0.318806 0.9476526 -0.02342796 -0.4192494 0.9075689 -0.02342933 -0.4192469 0.90757 -0.02876615 -0.5147444 0.8568611 -0.02876597 -0.5147401 0.8568636 -0.0337677 -0.6042418 0.7960852 -0.03376966 -0.6042159 0.7961048 -0.03837448 -0.6866073 0.7260152 -0.03837031 -0.6866485 0.7259764 -0.04252398 -0.7609751 0.6473862 -0.04252648 -0.7609729 0.6473883 -0.04618233 -0.826391 0.5611998 -0.04618573 -0.8263971 0.5611905 -0.04930132 -0.8821448 0.468391 -0.04929518 -0.8821523 0.4683774 -0.05183005 -0.9275146 0.3701764 -0.05182689 -0.9275196 0.370164 -0.05375683 -0.962058 0.2674971 -0.05376487 -0.9620414 0.267555 -0.05506414 -0.9852896 0.1617791 -0.05506259 -0.9852917 0.1617664 -0.05571568 -0.9969783 0.05413192 -0.05571556 -0.9969796 0.05410653 -0.00603199 -0.1079466 -0.9941384 -0.0119934 -0.2146288 -0.9766221 -0.01199507 -0.214643 -0.976619 -0.01781618 -0.318805 -0.9476529 -0.01781421 -0.3187933 -0.9476569 -0.0234276 -0.4192465 -0.9075701 -0.02342945 -0.4192469 -0.9075699 -0.02876639 -0.5147485 -0.8568585 -0.02876549 -0.5147311 -0.8568691 -0.03376674 -0.6042197 -0.7961021 -0.03377109 -0.6042455 -0.7960823 -0.03837609 -0.6866362 -0.7259876 -0.0383687 -0.6866178 -0.7260054 -0.04252302 -0.7609617 -0.6474018 -0.04252707 -0.7609832 -0.6473763 -0.04618197 -0.8263847 -0.5612092 -0.04618567 -0.8263967 -0.5611911 -0.04930233 -0.8821628 -0.4683568 -0.04929417 -0.8821353 -0.4684097 -0.05183011 -0.9275156 -0.3701735 -0.05182683 -0.9275196 -0.370164 -0.05375599 -0.9620442 -0.2675469 -0.05376577 -0.9620572 -0.267498 -0.05506414 -0.9852898 -0.1617781 -0.05506253 -0.9852917 -0.1617663 -0.05571568 -0.9969791 -0.05411618 -0.05571556 -0.9969785 -0.05412703 -0.006033241 -0.1079488 -0.9941382 0.006033182 0.1079475 -0.9941383 0.006032049 0.1079424 -0.9941389 0.01199406 0.214629 -0.9766221 0.01199579 0.2146386 -0.97662 0.01781749 0.3188057 -0.9476526 0.01781874 0.318805 -0.9476529 0.02343183 0.4192351 -0.9075754 0.02342903 0.4192243 -0.9075804 0.02876764 0.5147522 -0.8568562 0.02876943 0.514767 -0.8568473 0.03376883 0.6042222 -0.7961 0.03377187 0.6042358 -0.7960896 0.03837668 0.6866253 -0.7259979 0.03837758 0.6866382 -0.7259857 0.04253208 0.7609748 -0.6473859 0.04252886 0.7609611 -0.6474021 0.0461862 0.8264018 -0.5611835 0.04618632 0.8264057 -0.5611779 0.04930007 0.8821193 -0.4684392 0.04930502 0.8821514 -0.4683779 0.05184113 0.9275245 -0.3701497 0.05183768 0.9275259 -0.3701468 0.05376744 0.9620538 -0.2675102 0.05375957 0.9620416 -0.2675556 0.05505877 0.9852917 -0.1617677 0.05506628 0.9852949 -0.161746 0.05571925 0.9969787 -0.05412167 0.05571174 0.9969754 -0.05418848 0.05579972 0.998442 0 0.05579972 0.998442 0 -0.666548 0.7454622 0 -0.666548 0.7454622 0 -0.4341417 0.9008446 0 -0.5322736 0.8465725 0 -0.6236963 0.7816668 0 -0.6236999 0.781664 0 -0.4341403 0.9008453 0 -0.3305135 0.9438013 0 -0.3305124 0.9438017 0 -0.222798 0.9748646 0 -0.2227988 0.9748645 0 -0.1122275 0.9936826 0 -0.1122279 0.9936825 0 -2.72406e-4 1 0 -2.72404e-4 1 0 0.7454609 0.6665494 0 0.7454608 0.6665496 0 0.3300198 0.943974 0 0.2222502 0.9749897 0 0.2222493 0.9749898 0 0.1116859 0.9937435 0 0.1116863 0.9937435 0 0.4336702 0.9010717 0 0.5317897 0.8468765 0 0.5317898 0.8468765 0 0.6232737 0.7820038 0 0.6232738 0.7820038 0 0.7069158 0.7072978 0 0.706914 0.7072995 0 -0.9439778 0.3300094 0 -0.9749876 0.2222594 0 -0.9749891 0.2222525 0 -0.9937433 0.1116885 0 -0.9937425 0.1116957 0 -0.9439754 0.3300158 0 -0.901085 0.4336424 0 -0.8468664 0.5318058 0 -0.7819982 0.6232808 0 -0.7073188 0.7068948 0 -0.7073115 0.706902 0 0.998442 -0.05579948 7.22604e-6 0.9984419 -0.05580157 -7.22604e-6 0.9984428 -0.05578494 1.61378e-5 0.9984412 -0.05581414 -1.19529e-5 0.9984419 -0.0558018 -3.59565e-6 0.9984416 -0.05580639 -1.0853e-4 0.9984415 -0.05580788 -4.33614e-6 0.9984413 -0.05581229 1.07012e-5 0.9984419 -0.0558021 2.63176e-6 0.9984418 -0.055803 1.73719e-6 0.9984415 -0.05581027 1.83301e-5 0.9984431 -0.05578023 4.33615e-6 0.9984416 -0.05580711 -1.07012e-5 0.9984416 -0.05580651 -2.63176e-6 0.9984453 -0.05574065 0 0.998442 -0.0557993 0 0.9984423 -0.05579572 -3.05289e-6 0.9984422 -0.0557959 -1.89156e-6 0.9984414 -0.05581068 -8.11927e-7 0.9984415 -0.05580878 1.76927e-6 0.9984416 -0.05580568 -1.1669e-5 0.9984441 -0.05576264 8.90843e-5 0.9984417 -0.05580478 -5.15849e-5 0.9984425 -0.05579042 3.75779e-5 0.9984425 -0.05579084 1.07983e-6 0.9984425 -0.05579078 -1.07983e-6 0.998443 -0.05578255 -3.7578e-5 0.9984412 -0.05581527 5.15849e-5 0.9984452 -0.05574303 -8.90844e-5 0.9984416 -0.05580568 1.1669e-5 0.9984421 -0.05579859 3.93084e-7 0.9984421 -0.05579841 -1.72362e-7 0.9984413 -0.05581247 1.19529e-5 0.998444 -0.05576556 -1.61379e-5 0.998443 -0.05578339 -7.8168e-6 0.9984427 -0.05578702 1.22058e-4 0.9984425 -0.05579239 -3.6476e-5 0.9984419 -0.05580174 1.23087e-6 0.9984416 -0.05580687 3.29528e-5 0.9984421 -0.055799 -6.35246e-6 0.9984422 -0.05579775 1.14878e-5 0.9984421 -0.05579847 -1.34314e-5 0.9984421 -0.05579942 -1.0275e-6 0.9984419 -0.05580055 1.61313e-5 0.9984419 -0.05580085 2.25918e-6 0.9984421 -0.0557987 -6.24804e-6 0.998442 -0.05580008 -5.26906e-7 0.998442 -0.05579912 -5.65388e-6 0.9984419 -0.05580043 1.04078e-5 0.9984424 -0.05579245 -1.12616e-5 0.9984418 -0.05580466 4.58759e-6 0.9984419 -0.05580151 4.84442e-6 0.9984434 -0.05577474 -4.23436e-5 0.9984411 -0.05581796 2.03312e-5 0.9984424 -0.05579161 7.88755e-6 0.9984419 -0.05580121 -1.21001e-5 0.9984424 -0.05579137 1.40309e-6 0.998442 -0.05580115 -6.66228e-6 0.9984419 -0.05580276 7.90906e-6 0.9984416 -0.05580645 -2.44136e-6 0.9984429 -0.05578398 3.67197e-5 0.998435 -0.05592644 -1.15307e-4 0.9984437 -0.05576825 -2.76568e-4 0.9984419 -0.05580103 1.63228e-5 0.9984426 -0.05578887 -1.92626e-5 0.9984307 -0.05600053 3.03183e-4 0.9984413 -0.05581146 1.5761e-5 0.9984422 -0.05579668 3.98407e-6 0.9984391 -0.055853 7.20656e-5 0.9984444 -0.05575537 2.93458e-5 0.9984421 -0.05579853 0 0.9984387 -0.05585938 -1.9156e-5 0.998445 -0.0557475 1.70781e-5 0.9984401 -0.05583488 -1.57445e-5 0.998444 -0.05576568 1.82346e-5 0.9984411 -0.0558173 -4.43407e-6 0.9984421 -0.05579936 -4.09506e-7 0.9984421 -0.05579853 -4.36077e-7 0.9984421 -0.05579847 1.72362e-7 0.9984425 -0.0557909 3.69282e-5 0.9984428 -0.05578655 -1.09405e-5 0.9984413 -0.05581218 -7.588e-7 0.9984422 -0.05579549 6.19377e-6 0.9984408 -0.05582237 6.62628e-6 0.9984428 -0.05578541 -3.69792e-6 0.9984413 -0.055812 1.52461e-5 0.9984428 -0.055785 -1.84075e-5 0.9984433 -0.05577611 2.65414e-7 0.9984418 -0.05580323 2.78466e-6 0.9984434 -0.05577355 -6.0868e-6 0.9984439 -0.05576503 -2.30427e-5 0.9984406 -0.05582499 8.41409e-6 0.9984418 -0.05580455 3.4314e-6 0.9984424 -0.05579459 8.11925e-7 0.9984418 -0.05580508 2.36571e-6 0.9984332 -0.0559585 9.48176e-6 0.998444 -0.05576568 7.65078e-6 0.9984421 -0.05579984 2.64244e-6 0.9984413 -0.05581325 -5.5451e-6 0.9984424 -0.05579435 1.7245e-6 0.9984424 -0.05579429 5.02982e-6 0.9984416 -0.05580669 -2.17755e-6 0.9984421 -0.055799 0 0.9984413 -0.05581277 2.17755e-6 0.9984424 -0.05579215 -5.02982e-6 0.9984424 -0.05579435 -1.7245e-6 0.9984413 -0.05581325 5.5451e-6 0.9984422 -0.05579721 -2.64244e-6 0.9984478 -0.05569791 3.76001e-6 0.9984382 -0.05586767 -4.38025e-6 0.9984434 -0.05577594 0 0.9984405 -0.05582642 -8.5775e-6 0.9984424 -0.05579316 1.95249e-6 0.9984362 -0.05590415 -9.48182e-6 0.9984417 -0.05580514 -2.36571e-6 0.9984419 -0.05580151 -8.11925e-7 0.9984421 -0.0557996 -3.4314e-6 0.998441 -0.05581855 -8.41409e-6 0.9984451 -0.05574399 2.30428e-5 0.9984396 -0.0558421 6.08696e-6 0.9984421 -0.05579906 -2.78466e-6 0.9984422 -0.05579686 -2.65413e-7 0.998443 -0.05578392 1.84074e-5 0.9984413 -0.05581331 -1.52461e-5 0.9984422 -0.05579769 3.69791e-6 0.9984415 -0.05580806 -6.62629e-6 0.9984422 -0.05579686 -6.19377e-6 0.9984415 -0.05581033 7.588e-7 0.9984427 -0.05578655 1.09405e-5 0.9984418 -0.0558024 -3.69282e-5 0.9984424 -0.05579304 -1.95248e-6 0.9984414 -0.05581122 8.57752e-6 0.9984424 -0.05579382 0 0.9984382 -0.05586767 4.38025e-6 0.9984485 -0.05568438 -3.76002e-6 0.9984423 -0.05579537 1.34313e-5 0.9984419 -0.05580037 -1.14878e-5 0.998442 -0.05579966 6.35241e-6 0.9984418 -0.05580252 -3.29531e-5 0.9984416 -0.05580753 -1.23086e-6 0.9984424 -0.05579364 3.64768e-5 0.9984427 -0.05578702 -1.22058e-4 0.998442 -0.05579936 4.09506e-7 0.9984411 -0.0558173 4.43407e-6 0.9984448 -0.05575048 -1.82346e-5 0.9984394 -0.05584621 1.57444e-5 0.9984446 -0.05575323 -1.70781e-5 0.9984392 -0.0558505 1.9156e-5 0.9984421 -0.05579853 0 0.9984444 -0.05575537 -2.93458e-5 0.9984419 -0.05580174 -4.79003e-6 0.9984416 -0.0558086 1.08636e-4 0.998442 -0.05580049 3.59565e-6 0.9984416 -0.05580693 -1.81218e-5 0.9984455 -0.05573648 -5.83887e-6 0.9984427 -0.05578798 2.26878e-6 0.9984385 -0.05586266 -7.19283e-6 0.9984419 -0.05580145 1.55206e-6 0.9984406 -0.05582499 3.01744e-6 0.9984453 -0.0557394 0 0.9984419 -0.05580145 2.04341e-6 0.9984421 -0.05579847 0 0.9984421 -0.0557987 0 0.9984426 -0.05578976 1.04e-6 0.9984484 -0.05568504 -1.82351e-5 0.9984384 -0.05586606 7.19283e-6 0.9984421 -0.05579972 -2.66363e-6 0.99844 -0.05583453 -1.54859e-7 0.998442 -0.05580073 0 0.9984419 -0.05580019 -4.45133e-6 0.9984419 -0.05580294 -1.73719e-6 0.900853 0.4341241 0 0.8465834 0.5322563 0 0.8465769 0.5322665 0 0.8465771 0.5322664 0 0.8465835 0.5322561 0 0.7816698 0.6236925 0 0.7816699 0.6236925 0 0.9008502 0.43413 0 0.9437863 0.3305562 0 0.9437886 0.3305497 0 0.97487 0.2227749 0 0.97487 0.2227749 0 0.9936822 0.1122306 0 0.9936838 0.1122162 0 1 2.84126e-4 0 1 2.7684e-4 0 -0.7454611 -0.6665491 0 -0.745461 -0.6665493 0 -0.9984421 0.05579924 -9.87739e-7 -0.9984424 0.05579215 -1.61097e-6 -0.9984415 0.05580818 1.72218e-6 -0.9984421 0.05579811 4.32622e-7 -0.9984426 0.05579048 -5.3114e-7 -0.9984417 0.05580532 -1.8942e-6 -0.9984418 0.05580413 -1.80556e-6 -0.9984423 0.05579435 9.54578e-7 -0.9984424 0.05579352 2.89899e-6 -0.9984414 0.05580997 -9.42945e-6 -0.9984443 0.05575925 2.07405e-5 -0.9984304 0.05600875 -6.28628e-5 -0.998441 0.05581706 1.56961e-7 -0.9984424 0.0557928 1.26837e-6 -0.9984434 0.05577498 1.91197e-6 -0.998441 0.0558176 -4.52869e-7 -0.9984425 0.05579143 2.76587e-6 -0.9984411 0.05581635 -4.57909e-6 -0.9984443 0.05575937 7.93886e-6 -0.9984421 0.05579936 0 -0.9984434 0.05577433 -7.93885e-6 -0.9984413 0.05581206 4.5791e-6 -0.9984425 0.05579143 -2.76587e-6 -0.998441 0.0558176 4.52869e-7 -0.9984433 0.05577659 -1.91197e-6 -0.9984424 0.0557928 -1.26837e-6 -0.9984411 0.05581706 -1.56961e-7 -0.9984498 0.05566102 -1.12548e-6 -0.9984422 0.05579566 9.43958e-7 -0.9984424 0.05579346 -1.05256e-6 -0.9984414 0.0558111 3.94253e-6 -0.998443 0.05578178 -9.91495e-7 -0.9984436 0.05577206 -8.25707e-7 -0.998439 0.0558533 1.62831e-6 -0.998442 0.05579942 0 -0.9984425 0.05579107 1.02863e-5 -0.9984416 0.0558086 -1.23102e-5 -0.9984424 0.0557937 8.0878e-6 -0.9984418 0.05580335 -7.03909e-6 -0.9984423 0.05579406 4.8463e-6 -0.9984418 0.05580437 -1.69376e-6 -0.9984424 0.05579286 7.11422e-6 -0.9984419 0.05580186 -5.34418e-6 -0.9984419 0.05580109 -1.09456e-6 -0.998442 0.05580008 -8.86407e-6 -0.9984422 0.0557968 1.49657e-5 -0.9984421 0.05579912 -7.96317e-6 -0.9984419 0.05580025 4.93982e-6 -0.998442 0.05580079 -1.20716e-5 -0.9984423 0.05579459 2.06514e-5 -0.9984419 0.05580133 9.48541e-7 -0.998442 0.05580031 -2.77608e-5 -0.9984424 0.05579179 6.68065e-5 -0.9984413 0.05581361 -6.80376e-5 -0.9984337 0.05594927 6.28621e-5 -0.9984443 0.05575954 -2.07406e-5 -0.9984414 0.05580997 9.42945e-6 -0.9984424 0.05579352 -2.89899e-6 -0.9984421 0.05579817 -9.5458e-7 -0.9984419 0.05580091 1.80556e-6 -0.9984413 0.05581331 1.8942e-6 -0.9984427 0.05578672 5.31141e-7 -0.998442 0.05579876 -4.32622e-7 -0.9984416 0.05580753 -1.72218e-6 -0.9984424 0.05579215 1.61097e-6 -0.9984421 0.05579924 9.8774e-7 -0.9984498 0.05566102 1.12548e-6 -0.9984404 0.05582863 -1.62831e-6 -0.9984421 0.05579906 8.25706e-7 -0.998444 0.05576491 9.91497e-7 -0.9984411 0.05581653 -3.94254e-6 -0.9984421 0.05579835 1.05256e-6 -0.9984422 0.05579686 -9.43959e-7 -0.9984413 0.05581313 6.80356e-5 -0.9984425 0.05579203 -6.68073e-5 -0.998442 0.05580031 2.77608e-5 -0.9984419 0.05580115 -9.48535e-7 -0.9984423 0.05579483 -2.06515e-5 -0.9984419 0.0558018 1.20716e-5 -0.9984421 0.05579847 -4.93982e-6 -0.9984421 0.05580013 7.9632e-6 -0.9984422 0.05579608 -1.49657e-5 -0.9984419 0.05580133 8.86405e-6 -0.998442 0.05579972 1.09456e-6 -0.9984419 0.05580186 5.34418e-6 -0.9984422 0.05579549 -7.11423e-6 -0.9984419 0.05580067 1.69376e-6 -0.9984421 0.0557987 -4.8463e-6 -0.998442 0.05580097 7.0391e-6 -0.9984424 0.05579346 -8.08781e-6 -0.9984417 0.05580538 1.23102e-5 -0.9984423 0.055794 -1.02863e-5 -1 -2.76835e-4 0 -1 -2.6955e-4 0 -0.9936828 -0.112226 0 -0.9936828 -0.112226 0 -0.9748712 -0.2227698 0 -0.9748696 -0.2227767 0 -0.9437857 -0.330558 0 -0.9437834 -0.3305644 0 -0.9008522 -0.4341262 0 -0.900855 -0.4341203 0 -0.8465782 -0.5322643 0 -0.846575 -0.5322695 0 -0.7816757 -0.6236853 0 0.7073115 -0.706902 0 0.7073079 -0.7069057 0 0.7819914 -0.6232893 0 0.7819879 -0.6232938 0 0.8468706 -0.531799 0 0.9010801 -0.4336528 0 0.9010857 -0.4336409 0 0.9439731 -0.3300223 0 0.9439754 -0.3300158 0 0.9749902 -0.2222482 0 0.9749917 -0.2222413 0 0.9937418 -0.1117014 0 0.9937427 -0.1116942 0 0.05579829 0.9984421 0 0.05579829 0.9984421 0 0.03945714 0.706005 0.7071069 0.03945749 0.7060053 0.7071066 0.04160821 0.7444895 0.6663365 0.04160237 0.744462 0.6663675 0.04550421 0.8142895 0.5786726 0.04550755 0.8143014 0.5786557 0.04883593 0.8738616 0.4837158 0.04883629 0.8738636 0.4837124 0.05155062 0.9224319 0.3827036 0.0515505 0.9224331 0.3827006 0.05361759 0.9594185 0.2768417 0.05362069 0.9594264 0.2768141 0.05501329 0.9843424 0.1674625 0.0550068 0.9843342 0.1675128 0.05570739 0.9968687 0.05612051 0.05571037 0.9968701 0.05609381 0.03945744 0.7060053 -0.7071066 0.03945761 0.7060056 -0.7071063 0.05571043 0.9968685 -0.05612039 0.05570727 0.9968703 -0.05609393 0.05500727 0.9843431 -0.1674603 0.05501282 0.9843333 -0.1675155 0.05362033 0.9594191 -0.2768392 0.05361789 0.9594258 -0.2768164 0.05155044 0.9224328 -0.3827013 0.05155056 0.9224322 -0.3827027 0.04883629 0.8738629 -0.4837135 0.04883575 0.8738627 -0.4837138 0.04550671 0.8142895 -0.5786725 0.04550522 0.8143015 -0.5786558 0.04160368 0.7444889 -0.6663374 0.04160684 0.7444626 -0.6663666 0.05580121 0.9984419 0 0.05580115 0.998442 0 0.03945517 0.7060045 -0.7071076 0.03945755 0.7060051 -0.7071067 0.05571341 0.9968714 -0.05606853 0.05571055 0.9968734 -0.0560339 0.05500978 0.9843335 -0.1675155 0.05500984 0.9843334 -0.1675164 0.05361777 0.9594263 -0.2768149 0.05361789 0.9594264 -0.2768144 0.05155032 0.9224321 -0.3827034 0.0515505 0.9224343 -0.382698 0.04883605 0.8738619 -0.4837152 0.04883801 0.8738517 -0.4837335 0.04550921 0.8142892 -0.5786728 0.04550951 0.8142873 -0.5786754 0.04550921 0.814289 -0.578673 0.04550951 0.8142871 -0.5786756 0.04160773 0.7444756 -0.666352 0.04160767 0.7444757 -0.6663519 0.03945517 0.7060045 0.7071076 0.03945744 0.7060048 0.7071071 0.04160761 0.7444745 0.6663531 0.04160785 0.7444753 0.6663522 0.04550951 0.8142904 0.578671 0.04550909 0.8142851 0.5786784 0.04550945 0.8142899 0.5786716 0.04550904 0.8142846 0.578679 0.04883867 0.8738613 0.483716 0.04883551 0.8738518 0.4837337 0.0515505 0.9224339 0.3826989 0.05155038 0.9224324 0.3827024 0.05361783 0.9594262 0.2768151 0.05361777 0.9594265 0.2768142 0.05500978 0.9843336 0.1675152 0.05500984 0.9843333 0.1675165 0.05571055 0.9968717 0.05606341 0.05571347 0.996873 0.05603903 -0.9984421 0.05579984 -1.40466e-5 -0.99844 0.05583655 3.05703e-5 -0.9984436 0.05577307 -2.08744e-5 -0.9984412 0.05581414 6.94311e-6 -0.9984425 0.05579251 0 -0.9984422 0.05579781 3.69209e-5 -0.9984408 0.05582237 -9.45832e-6 -0.9984416 0.05580836 5.97903e-7 -0.9984422 0.05579495 2.68368e-7 -0.998442 0.05580073 0 -0.998442 0.05580019 -7.22478e-6 -0.9984423 0.05579501 0 -0.9984419 0.05580067 -3.4747e-5 -0.9984427 0.05578726 -3.61677e-5 -0.9984422 0.05579584 6.2466e-7 -0.9984415 0.05580848 8.64676e-7 -0.9984421 0.05579859 9.51086e-7 -0.9984422 0.05579692 -2.55124e-7 -0.9984415 0.05581009 2.55285e-6 -0.9984465 0.05571931 -7.26067e-7 -0.9984438 0.05576771 -4.80509e-5 -0.9984388 0.05585831 1.89489e-5 -0.9984437 0.05576968 -7.62416e-6 -0.99844 0.05583441 6.77369e-5 -0.998443 0.05578333 0 -0.998442 0.05579978 0 -0.9984415 0.05580937 -4.79751e-6 -0.9984415 0.05580896 -2.30319e-6 -0.9984421 0.05579793 1.20206e-6 -0.9984419 0.0558021 -3.87083e-5 -0.9984421 0.0557987 2.20641e-5 -0.9984421 0.05579948 1.46559e-5 -0.998442 0.05579972 -3.98106e-5 -0.9984409 0.05581909 -1.41353e-6 -0.9984421 0.05579894 2.29433e-6 -0.9984431 0.05577963 6.00778e-6 -0.9984414 0.05581068 -5.67886e-6 -0.9984422 0.05579626 8.52366e-7 -0.9984418 0.05580365 -1.17461e-6 -0.9984419 0.05580186 -2.99951e-6 -0.9984419 0.05580067 -2.08668e-6 -0.998442 0.05579972 3.98106e-5 -0.9984421 0.05579948 -1.46559e-5 -0.9984421 0.0557987 -2.20641e-5 -0.998442 0.05580031 -1.6263e-7 -0.9984426 0.05578964 0 -0.9984412 0.05581349 -2.29292e-5 -0.9984405 0.05582755 5.19539e-6 -0.9984416 0.05580639 -7.04047e-6 -0.9984427 0.05578732 6.68284e-6 -0.9984404 0.05582958 -1.59844e-5 -0.9984413 0.05581259 -4.89779e-6 -0.9984422 0.05579793 0 -0.9984421 0.05579757 1.53258e-4 -0.9984422 0.0557965 -7.40364e-5 -0.9984421 0.05579864 -1.49612e-5 -0.9984421 0.05579835 -7.6564e-6 -0.9984418 0.05580258 2.39261e-5 -0.998442 0.0557996 1.0811e-5 -0.9984422 0.05579733 1.84861e-6 -0.9984429 0.0557841 -1.47431e-5 -0.9984412 0.05581361 1.29834e-5 -0.9984429 0.05578416 -1.54297e-5 -0.9984422 0.05579674 2.72887e-6 -0.9984418 0.05580377 1.40244e-6 -0.9984411 0.05581635 7.57928e-6 -0.9984428 0.05578625 -4.42738e-6 -0.9984419 0.05580121 3.4441e-6 -0.9984353 0.05591922 -2.30374e-6 -0.9984397 0.05584245 -1.54034e-6 -0.9984421 0.05579829 6.52392e-6 -0.9984416 0.05580729 -8.585e-7 -0.9984421 0.05579906 -9.3846e-7 -0.9984421 0.05579864 1.49612e-5 -0.9984422 0.0557965 7.40364e-5 -0.9984421 0.05579757 -1.53258e-4 -0.9984422 0.05579602 -8.93456e-7 -0.9984414 0.05581128 -2.10786e-6 -0.9984422 0.05579513 2.95795e-6 -0.9984423 0.05579495 -6.82437e-7 -0.9984424 0.0557937 2.7617e-6 -0.998442 0.05580067 -2.48166e-6 -0.9984423 0.05579584 3.96925e-6 -0.9984422 0.05579686 -3.2304e-6 -0.9984418 0.05580419 1.37466e-4 -0.9984421 0.05579829 -3.21697e-5 -0.9984418 0.05580377 7.01665e-6 -0.9984416 0.05580776 -3.20161e-6 -0.9984416 0.05580729 3.95197e-5 -0.9984421 0.05579829 -7.71668e-6 -0.9984421 0.05579745 3.05653e-6 -0.998442 0.05580049 1.3677e-5 -0.9984421 0.05579763 -2.11428e-5 -0.9984418 0.05580258 4.3584e-6 -0.9984421 0.05579823 -5.1339e-6 -0.9984419 0.0558024 3.11663e-5 -0.9984421 0.05579942 7.65253e-6 -0.998442 0.05579972 8.56728e-6 -0.9984421 0.05579817 -3.55636e-6 -0.9984422 0.05579727 -7.77998e-6 -0.9984417 0.05580568 1.3827e-5 -0.9984426 0.0557897 -9.42693e-6 -0.9984421 0.05579864 -4.61711e-6 -0.9984416 0.05580729 4.90288e-6 -0.9984422 0.05579632 0 -0.9984427 0.05578929 0 -0.9984418 0.05580466 -3.44426e-6 -0.998442 0.05580091 -5.60429e-6 -0.9984419 0.05580216 1.62718e-6 -0.9984421 0.05579739 -2.16264e-6 -0.9984421 0.05579757 5.30248e-6 -0.998442 0.05579966 -8.63804e-6 -0.9984421 0.05579799 1.1473e-5 -0.9984423 0.05579394 -4.18745e-5 -0.9984421 0.05579704 -5.96794e-6 -0.9984419 0.0558018 1.24174e-5 -0.9984425 0.0557906 -2.2267e-5 -0.9984418 0.05580317 -3.06861e-6 -0.9984428 0.0557866 -1.38486e-5 -0.998422 0.05615448 4.47628e-4 -0.9984427 0.05578875 -1.05981e-5 -0.9984412 0.05581349 2.38258e-5 -0.9984429 0.055785 -2.80924e-5 -0.998443 0.05578291 -8.32649e-6 -0.9984421 0.0557987 -5.29477e-6 -0.9984407 0.05582278 1.78217e-5 -0.9984412 0.05581325 9.63181e-6 -0.9984443 0.05575925 -1.25516e-5 -0.9984429 0.05578321 -4.35622e-5 -0.9984414 0.05581039 4.78313e-5 -0.9984422 0.05579578 -4.87813e-6 -0.9984414 0.05581063 -3.05843e-5 -0.9984421 0.05579948 4.36109e-6 -0.9984418 0.05580365 -7.91834e-7 -0.9984423 0.05579483 4.17677e-5 -0.9984416 0.0558083 -2.20088e-5 -0.9984424 0.05579358 1.97816e-5 -0.9984419 0.0558018 -1.52975e-5 -0.9984422 0.05579692 8.49144e-6 -0.9984424 0.05579304 -9.77828e-6 -0.9984422 0.05579638 6.28619e-5 -0.9984428 0.0557841 1.10387e-4 -0.9984473 0.05570507 2.22722e-4 -0.9984427 0.05578839 -1.65595e-5 -0.9984413 0.05581271 -2.2581e-7 -0.9984422 0.05579638 1.73305e-7 -0.9984425 0.05578988 6.77357e-6 -0.9984412 0.05581307 -2.46665e-5 -0.9984415 0.05580878 1.12199e-5 -0.9984425 0.05579161 5.23959e-6 -0.9984417 0.05580472 -6.63683e-6 -0.9984425 0.05579113 4.17175e-6 -0.9984411 0.0558151 -7.13641e-6 -0.9984406 0.05582374 -3.87228e-5 -0.9984427 0.05578738 1.66418e-5 -0.9984415 0.05580848 -1.39436e-5 -0.9984423 0.05579507 5.98138e-6 -0.9984421 0.05579799 9.77146e-6 -0.998442 0.05579918 1.79457e-5 -0.9984421 0.05579704 4.56427e-6 -0.9984422 0.05579692 -1.51866e-5 -0.9984423 0.05579519 -5.60371e-6 -0.9984419 0.05580323 6.84298e-6 -0.9984421 0.05579686 2.1936e-6 -0.9984422 0.05579614 -1.77322e-5 -0.9984417 0.05580461 4.36493e-5 -0.9984423 0.05579537 1.0006e-5 -0.9984423 0.05579376 -1.57127e-4 -0.9984417 0.05580562 5.17905e-5 -0.9984413 0.05581265 5.66476e-5 -0.9984427 0.05578631 -5.42896e-5 -0.9984418 0.05580276 2.24455e-5 -0.9984419 0.05580097 8.14425e-6 -0.9984424 0.05579447 -1.6435e-5 -0.998442 0.05579966 0 -0.9984421 0.0557987 1.89606e-5 -0.998442 0.05579942 -5.16321e-6 -0.9984418 0.055803 2.9995e-6 -0.9984418 0.05580359 1.17461e-6 -0.9984419 0.05580067 -8.52366e-7 -0.9984416 0.05580544 5.67886e-6 -0.9984431 0.05577963 -6.00778e-6 -0.9984421 0.05579894 -2.29433e-6 -0.9984409 0.05581909 1.41353e-6 -0.9984419 0.05580037 8.63937e-6 -0.9984431 0.05578035 6.90469e-5 -0.998441 0.05581742 -5.03262e-5 -0.9984416 0.05580604 -1.21397e-5 -0.9984421 0.05580002 3.94396e-5 -0.9984421 0.05580002 -3.94395e-5 -0.9984418 0.05580514 -8.4699e-6 -0.9984421 0.05579733 9.28775e-6 -0.9984423 0.05579477 3.62452e-5 -0.998442 0.05580097 -4.55684e-5 -0.9984419 0.05580073 3.48856e-5 -0.9984421 0.05579996 5.17259e-6 -0.9984443 0.05576032 2.30516e-7 -0.9984421 0.05579847 1.08161e-6 -0.9984427 0.0557872 -6.711e-7 -0.998442 0.05579924 2.30992e-6 -0.9984385 0.0558626 -6.07186e-6 -0.9984428 0.05578529 -9.7141e-7 -0.9984421 0.05579984 0 -0.9984425 0.05578982 2.15741e-6 -0.9984412 0.05581414 2.93395e-6 -0.9984425 0.05579102 1.32141e-6 -0.9984424 0.05579233 8.63685e-7 -0.9984441 0.05576068 -9.70385e-6 -0.998441 0.05581897 0 -0.998442 0.05580037 5.35166e-6 -0.9984415 0.05580866 -4.16607e-6 -0.9984418 0.05580377 -8.32651e-6 -0.9984422 0.05579799 1.4748e-5 -0.9984419 0.05580157 3.09711e-7 -0.9984416 0.05580717 -3.35341e-5 -0.9984416 0.05580717 -1.53552e-5 -0.9984425 0.05579119 3.08586e-5 -0.998442 0.05579912 -2.18974e-6 -0.9984419 0.05580145 -4.35504e-5 -0.9984422 0.05579638 -4.63171e-6 -0.9984424 0.05579406 -1.23831e-5 -0.9984421 0.05579841 -2.18384e-6 -0.9984422 0.05579733 5.60371e-6 -0.9984422 0.05579698 1.51866e-5 -0.05532681 -0.9898968 0.1305499 -0.05155652 -0.9224375 0.3826891 -0.05155646 -0.9224359 0.3826933 -0.04427218 -0.7921076 0.6087738 -0.04426872 -0.7921377 0.6087349 -0.03396737 -0.6078082 0.7933571 -0.03396964 -0.6077789 0.7933794 -0.02135467 -0.3820753 0.9238845 -0.02135229 -0.3821156 0.923868 -0.007282078 -0.1303191 0.9914454 -0.007282137 -0.1303194 0.9914454 -0.05531561 -0.9899126 0.1304351 -0.05531471 -0.9898978 -0.1305474 -0.05532771 -0.9899115 -0.1304377 -0.05155652 -0.9224361 -0.3826926 -0.0515564 -0.922437 -0.3826904 -0.04427373 -0.7921355 -0.6087374 -0.04426717 -0.7921095 -0.6087718 -0.03396564 -0.607778 -0.7933802 -0.0339713 -0.607809 -0.7933564 -0.02135699 -0.3821158 -0.9238677 -0.02135002 -0.3820758 -0.9238844 -0.007282197 -0.130319 -0.9914454 -0.007282018 -0.1303192 -0.9914454 0.05531507 0.9898982 -0.1305454 0.05154407 0.9224151 -0.3827449 0.05155086 0.9224382 -0.3826887 0.0442689 0.7921375 -0.6087351 0.0442754 0.7921679 -0.608695 0.03397256 0.6078319 -0.7933387 0.03396254 0.6077818 -0.7933776 0.02134889 0.3820521 -0.9238942 0.02135235 0.3820748 -0.9238848 0.007283866 0.1303347 -0.9914433 0.007282555 0.1303271 -0.9914444 0.05532097 0.9899044 -0.1304951 0.05532056 0.989897 0.1305515 0.05531549 0.9899052 0.1304906 0.0515452 0.9224356 0.3826955 0.05154967 0.9224164 0.3827409 0.04427063 0.7921669 0.6086969 0.04427373 0.7921385 0.6087337 0.03396952 0.6077786 0.7933797 0.03396558 0.6078355 0.7933363 0.02135002 0.3820728 0.9238856 0.02135127 0.3820545 0.9238932 0.007283389 0.1303269 0.9914444 0.007283031 0.1303356 0.9914433 -0.05532079 -0.9899051 0.1304897 -0.05155044 -0.9224381 0.3826887 -0.05155074 -0.9224368 0.3826919 -0.04426884 -0.7921364 0.6087368 -0.04427224 -0.7921072 0.6087744 -0.0339697 -0.6077763 0.7933814 -0.03396761 -0.6078063 0.7933586 -0.02135252 -0.3820769 0.9238839 -0.02135121 -0.3820939 0.9238769 -0.007282614 -0.1303267 0.9914444 -0.007282495 -0.1303276 0.9914443 -0.05532157 -0.989905 0.1304906 -0.05532157 -0.9899061 -0.1304826 -0.05532091 -0.9899043 -0.1304955 -0.0515505 -0.9224385 -0.3826876 -0.05155068 -0.922437 -0.3826915 -0.04426717 -0.7921076 -0.6087743 -0.04427391 -0.7921368 -0.6087359 -0.03397136 -0.6078054 -0.7933591 -0.03396576 -0.6077749 -0.7933827 -0.0213536 -0.3820962 -0.9238758 -0.02135014 -0.3820748 -0.9238848 -0.007282674 -0.1303278 -0.9914442 -0.007282495 -0.1303266 -0.9914445 0.05532062 0.9898979 -0.1305445 0.05155062 0.9224367 -0.3826919 0.05155098 0.92244 -0.3826838 0.04426699 0.7921046 -0.6087782 0.04426741 0.7921084 -0.6087731 0.03396749 0.6078056 -0.7933591 0.03397303 0.6078372 -0.7933347 0.02135586 0.3820931 -0.9238771 0.02135586 0.3820952 -0.9238762 0.007284283 0.1303279 -0.9914443 0.007281661 0.1303116 -0.9914464 0.05532741 0.9899047 -0.1304904 0.05532693 0.9898967 0.1305503 0.05532103 0.9899058 0.1304842 0.05155068 0.9224376 0.38269 0.05155086 0.9224382 0.3826887 0.04426717 0.7921052 0.6087774 0.04426723 0.7921063 0.6087759 0.03396916 0.6078356 0.7933361 0.03397142 0.6078076 0.7933574 0.02135574 0.3820919 0.9238775 0.02135586 0.3820952 0.9238762 0.00728327 0.1303123 0.9914463 0.007282495 0.1303276 0.9914443 -0.007282078 -0.1303178 -0.9914456 -0.02135002 -0.3820774 -0.9238837 -0.02135348 -0.3820974 -0.9238753 -0.03396713 -0.6078057 -0.793359 -0.03396761 -0.6078056 -0.7933591 -0.04426717 -0.792108 -0.6087737 -0.04427337 -0.7921355 -0.6087373 -0.05155628 -0.9224371 -0.3826903 -0.05154943 -0.9224165 -0.382741 -0.05532103 -0.9899048 -0.1304919 -0.05532115 -0.9899045 -0.1304939 -0.007283568 -0.1303255 -0.9914446 0.007283329 0.1303181 -0.9914455 0.007283568 0.1303254 -0.9914446 0.02135598 0.3820973 -0.9238753 0.02134895 0.3820574 -0.923892 0.03396362 0.6078042 -0.7933604 0.03396874 0.6078339 -0.7933374 0.04426765 0.7921086 -0.6087728 0.04427355 0.7921347 -0.6087384 0.0515576 0.9224578 -0.3826401 0.05154383 0.9224172 -0.3827398 0.05531466 0.9898978 -0.1305479 0.05532783 0.989912 -0.130434 0.007283329 0.1303163 0.9914457 0.02135401 0.3820572 0.923892 0.02135145 0.3820973 0.9238755 0.03396522 0.6078353 0.7933364 0.03396755 0.6078053 0.7933593 0.0442692 0.792135 0.6087384 0.04427164 0.7921084 0.6087729 0.05155509 0.9224164 0.3827402 0.05154651 0.922458 0.3826413 0.05531549 0.9899128 0.1304338 0.05532693 0.9898971 0.1305482 0.007283031 0.1303238 0.9914448 -0.007282614 -0.130316 0.9914458 -0.007282733 -0.1303237 0.9914448 -0.02135109 -0.3820972 0.9238756 -0.02135235 -0.3820778 0.9238834 -0.03396785 -0.6078071 0.7933579 -0.03396749 -0.6078063 0.7933586 -0.04426872 -0.7921368 0.6087361 -0.04427182 -0.7921069 0.6087749 -0.05155497 -0.9224159 0.3827417 -0.05155098 -0.9224376 0.3826898 -0.05532109 -0.9899047 0.1304935 -0.05532079 -0.9899049 0.1304912 -0.007282257 -0.1303161 -0.9914458 -0.02135038 -0.3820774 -0.9238837 -0.02135312 -0.3820975 -0.9238754 -0.03396707 -0.607807 -0.7933581 -0.03396791 -0.6078065 -0.7933584 -0.04426747 -0.7921085 -0.608773 -0.04427295 -0.7921366 -0.608736 -0.05155634 -0.9224365 -0.3826917 -0.05154955 -0.922416 -0.3827419 -0.05532091 -0.9899048 -0.1304916 -0.05532109 -0.9899046 -0.1304938 -0.007283389 -0.1303237 -0.9914448 0.007282614 0.1303164 -0.9914457 0.007284104 0.1303237 -0.9914448 0.02135634 0.3820973 -0.9238753 0.02134913 0.3820574 -0.923892 0.03396362 0.6078056 -0.7933593 0.03396886 0.6078351 -0.7933363 0.04426759 0.7921091 -0.6087722 0.04427349 0.7921352 -0.6087378 0.0515573 0.9224573 -0.3826416 0.05154395 0.9224168 -0.3827408 0.05531483 0.9898978 -0.1305479 0.05532771 0.9899121 -0.1304336 0.007283687 0.1303179 0.9914455 0.0213533 0.3820572 0.923892 0.02135127 0.3820973 0.9238755 0.03396493 0.6078341 0.7933375 0.03396761 0.607804 0.7933604 0.04426884 0.792135 0.6087384 0.04427218 0.7921084 0.6087729 0.05155515 0.9224168 0.3827392 0.05154627 0.9224582 0.3826408 0.05531555 0.9899128 0.130434 0.05532675 0.989897 0.1305485 0.007283389 0.1303255 0.9914446 -0.007282972 -0.1303179 0.9914456 -0.007282555 -0.1303254 0.9914445 -0.03396713 -0.6078063 0.7933586 -0.03396755 -0.607805 0.7933595 -0.05155503 -0.9224162 0.3827407 -0.05155074 -0.9224378 0.3826893 -0.05532115 -0.9899045 0.1304937 -0.05532091 -0.9899048 0.1304914 -0.003649234 -0.06530076 -0.997859 -0.01088589 -0.1947878 -0.9807851 -0.01088404 -0.1947833 -0.980786 -0.01793342 -0.3209317 -0.9469326 -0.01794075 -0.3209553 -0.9469244 -0.0246846 -0.4416105 -0.8968673 -0.0246784 -0.4415908 -0.8968772 -0.0309993 -0.5546933 -0.8314774 -0.03099918 -0.5546934 -0.8314773 -0.03679007 -0.6583165 -0.7518417 -0.03679502 -0.6583309 -0.7518289 -0.04195618 -0.750675 -0.6593381 -0.04195117 -0.7506638 -0.6593513 -0.04639422 -0.8301678 -0.5555799 -0.04640007 -0.8301796 -0.5555619 -0.05004978 -0.895479 -0.4422811 -0.05004346 -0.8954678 -0.4423044 -0.05283683 -0.9454512 -0.3214505 -0.05283713 -0.945452 -0.3214481 -0.05472677 -0.9792631 -0.1950609 -0.05472677 -0.9792629 -0.1950622 -0.05567908 -0.9963028 -0.0654267 -0.05567848 -0.9963028 -0.06542819 -0.003649413 -0.06530076 -0.997859 0.003649175 0.06530076 -0.997859 0.003649353 0.06530076 -0.997859 0.01088589 0.194788 -0.9807851 0.0108841 0.1947829 -0.980786 0.01793348 0.3209396 -0.9469299 0.01793634 0.3209468 -0.9469275 0.02467828 0.4415902 -0.8968774 0.02468514 0.4416108 -0.8968671 0.03100651 0.5547043 -0.8314697 0.0310027 0.5546924 -0.8314777 0.03679513 0.6583308 -0.751829 0.03679031 0.6583185 -0.7518399 0.04195123 0.750663 -0.6593521 0.04195106 0.7506619 -0.6593536 0.04639488 0.8301787 -0.5555637 0.04639482 0.8301798 -0.555562 0.05004417 0.895479 -0.4422814 0.05003792 0.8954687 -0.4423031 0.05283105 0.9454515 -0.3214504 0.05283111 0.9454525 -0.3214478 0.0547201 0.9792584 -0.1950863 0.05472642 0.979263 -0.1950618 0.05567872 0.9963044 -0.06540262 0.05567264 0.9963033 -0.06542605 0.003649592 0.06530076 0.997859 0.01088565 0.194783 0.980786 0.01088458 0.1947879 0.980785 0.01793426 0.3209471 0.9469273 0.01793569 0.3209392 0.94693 0.02467942 0.4416117 0.8968668 0.02468401 0.4415909 0.8968769 0.03100597 0.5546929 0.8314772 0.03100329 0.5547055 0.8314689 0.03679436 0.6583177 0.7518405 0.03679114 0.6583307 0.7518292 0.04195117 0.7506631 0.6593521 0.04195106 0.7506629 0.6593523 0.04639488 0.8301789 0.5555633 0.04639476 0.8301795 0.5555624 0.05004346 0.8954687 0.4423025 0.05003869 0.8954788 0.4422826 0.05283093 0.9454523 0.3214482 0.05283117 0.9454517 0.3214498 0.05472052 0.9792633 0.1950621 0.05472606 0.9792582 0.1950863 0.0556786 0.9963028 0.06542706 0.05567276 0.9963049 0.06540143 0.003649175 0.06530076 0.997859 -0.003649175 -0.06530076 0.997859 -0.003649413 -0.06530076 0.997859 -0.01088529 -0.1947832 0.980786 -0.01088488 -0.1947879 0.9807851 -0.01793503 -0.3209549 0.9469248 -0.01793915 -0.320932 0.9469324 -0.02468383 -0.4415916 0.8968766 -0.02467948 -0.4416108 0.8968672 -0.03099936 -0.5546929 0.8314775 -0.03099918 -0.5546949 0.8314763 -0.03679084 -0.6583294 0.7518303 -0.03679412 -0.6583169 0.7518413 -0.04195564 -0.7506625 0.6593524 -0.04195183 -0.7506766 0.6593366 -0.04639494 -0.8301795 0.5555624 -0.04639935 -0.8301676 0.5555798 -0.05004906 -0.8954674 0.4423045 -0.05004411 -0.895479 0.4422816 -0.05283683 -0.9454518 0.3214486 -0.05283713 -0.9454513 0.3214503 -0.05472671 -0.9792629 0.1950619 -0.05472677 -0.9792631 0.195061 -0.05567902 -0.9963027 0.06542766 -0.05567854 -0.9963028 0.065427 0.002434849 0.04355728 0.9990481 0.007284462 0.1303171 0.9914456 0.007282912 0.1303192 0.9914454 0.01207673 0.2161026 0.9762961 0.0120781 0.2160991 0.9762967 0.01678079 0.3002405 0.953716 0.01678109 0.3002404 0.953716 0.02135515 0.3820886 0.9238789 0.02135574 0.38209 0.9238783 0.02576726 0.4610261 0.8870124 0.02576756 0.4610272 0.887012 0.02998369 0.5364633 0.8433908 0.02998352 0.5364636 0.8433907 0.03397101 0.6078022 0.7933616 0.03396773 0.6078105 0.7933552 0.03769737 0.6745437 0.7372717 0.03770101 0.6745356 0.737279 0.04114347 0.7361322 0.6755863 0.04114735 0.7361242 0.6755946 0.04427713 0.7921083 0.6087726 0.04426372 0.7921328 0.6087418 0.04705464 0.8420829 0.5372917 0.0470643 0.8420658 0.5373178 0.04949879 0.8856234 0.4617587 0.04949384 0.8856306 0.4617453 0.0515514 0.9224482 0.3826645 0.05156207 0.9224344 0.3826959 0.05322736 0.9522242 0.300726 0.05321574 0.9522348 0.3006944 0.05447542 0.9747747 0.2164414 0.05447572 0.9747746 0.2164415 0.05532103 0.9899011 0.1305196 0.05532068 0.9899014 0.1305181 0.0557447 0.9974914 0.04362875 0.05573934 0.9974924 0.04361277 0.002434551 0.043558 0.999048 -0.002434492 -0.0435574 0.999048 -0.002433836 -0.04355716 0.999048 -0.007283031 -0.1303197 0.9914453 -0.007283031 -0.130317 0.9914456 -0.01207828 -0.2161023 0.976296 -0.01207858 -0.2161027 0.976296 -0.01678055 -0.3002355 0.9537175 -0.01677894 -0.3002405 0.953716 -0.0213533 -0.3820831 0.9238812 -0.02135246 -0.3820828 0.9238814 -0.02576524 -0.461035 0.8870078 -0.025765 -0.4610334 0.8870088 -0.02998048 -0.5364634 0.843391 -0.02998036 -0.5364633 0.843391 -0.03396797 -0.6078187 0.793349 -0.03397494 -0.6078017 0.7933618 -0.0377044 -0.6745286 0.7372853 -0.03770095 -0.6745345 0.7372801 -0.04114317 -0.7361252 0.6755938 -0.04113912 -0.7361308 0.675588 -0.04426842 -0.7921243 0.6087523 -0.04427659 -0.792109 0.6087719 -0.04706954 -0.842074 0.5373042 -0.04706525 -0.8420799 0.5372955 -0.04949933 -0.8856303 0.4617456 -0.04949909 -0.8856311 0.461744 -0.0515567 -0.9224408 0.3826814 -0.0515567 -0.9224407 0.3826817 -0.0532217 -0.9522296 0.30071 -0.05321609 -0.9522347 0.3006944 -0.05447584 -0.9747741 0.2164437 -0.0544759 -0.9747751 0.2164393 -0.05532121 -0.9899013 0.1305181 -0.05532121 -0.9899011 0.1305201 -0.05574548 -0.9974914 0.04362821 -0.05575102 -0.9974904 0.04364401 -0.002433836 -0.04355525 -0.9990481 -0.007282137 -0.1303172 -0.9914456 -0.007283926 -0.1303195 -0.9914454 -0.01207828 -0.2161046 -0.9762955 -0.01207798 -0.2161042 -0.9762957 -0.01678085 -0.3002387 -0.9537165 -0.01677829 -0.3002334 -0.9537183 -0.02135252 -0.3820835 -0.9238811 -0.02135324 -0.3820825 -0.9238815 -0.02576524 -0.4610345 -0.8870081 -0.02576494 -0.461034 -0.8870084 -0.02998012 -0.536462 -0.8433919 -0.02998054 -0.5364615 -0.8433921 -0.03396743 -0.6078047 -0.7933598 -0.03397542 -0.6078187 -0.7933487 -0.03770482 -0.674537 -0.7372776 -0.03770047 -0.6745262 -0.7372877 -0.04114359 -0.7361329 -0.6755854 -0.0411387 -0.7361229 -0.6755966 -0.04426753 -0.7921098 -0.6087714 -0.04427748 -0.7921236 -0.6087526 -0.04707002 -0.8420803 -0.5372944 -0.04706484 -0.8420739 -0.5373049 -0.04949927 -0.8856308 -0.4617445 -0.04949915 -0.8856311 -0.461744 -0.05155652 -0.9224404 -0.3826824 -0.0515567 -0.9224407 -0.3826817 -0.053222 -0.9522341 -0.3006952 -0.05321586 -0.9522302 -0.3007088 -0.05447584 -0.9747741 -0.216444 -0.05447584 -0.9747752 -0.216439 -0.05532121 -0.9899012 -0.1305193 -0.05532121 -0.9899013 -0.1305185 -0.05574542 -0.9974908 -0.04364395 -0.05575102 -0.997491 -0.04362815 -0.002434313 -0.0435552 -0.9990481 0.002434492 0.04355525 -0.9990481 0.002434849 0.04355597 -0.9990481 0.007283806 0.1303192 -0.9914454 0.007283627 0.130317 -0.9914456 0.01207572 0.2161009 -0.9762964 0.01207935 0.2161045 -0.9762955 0.01678079 0.3002382 -0.9537166 0.01678073 0.3002387 -0.9537165 0.02135592 0.3820896 -0.9238786 0.02135497 0.3820891 -0.9238788 0.0257669 0.461027 -0.887012 0.02576792 0.4610261 -0.8870123 0.02998375 0.5364628 -0.8433912 0.02998334 0.5364614 -0.8433921 0.03397136 0.6078113 -0.7933545 0.03396725 0.6078044 -0.7933601 0.03769689 0.6745351 -0.7372797 0.03770148 0.6745444 -0.737271 0.04114258 0.7361236 -0.6755956 0.04114824 0.7361328 -0.6755852 0.04427832 0.7921317 -0.608742 0.04426252 0.7921088 -0.608773 0.04705387 0.8420677 -0.5373156 0.04706507 0.8420813 -0.5372933 0.04949909 0.8856302 -0.4617456 0.04949367 0.8856239 -0.4617586 0.05155068 0.9224354 -0.3826952 0.05156284 0.9224465 -0.3826667 0.05322796 0.9522342 -0.3006943 0.05321508 0.9522244 -0.3007272 0.05447542 0.9747747 -0.2164415 0.05447566 0.9747746 -0.2164415 0.05532103 0.9899013 -0.1305187 0.05532062 0.9899014 -0.1305178 0.05574488 0.9974921 -0.04361373 0.05573922 0.9974918 -0.04362696 0.004863142 0.08702099 -0.9961946 0.01444137 0.258413 -0.9659267 0.01444137 0.258413 -0.9659266 0.0235812 0.4219574 -0.906309 0.02358132 0.4219579 -0.9063087 0.03200387 0.5726693 -0.8191615 0.03200381 0.57267 -0.8191612 0.03945565 0.7060125 -0.7070994 0.03945583 0.7060126 -0.7070994 0.04570692 0.8178698 -0.5735852 0.0457102 0.817884 -0.5735648 0.05057299 0.9048925 -0.4226254 0.05057322 0.9048948 -0.4226202 0.05389964 0.9644153 -0.25884 0.05389976 0.9644152 -0.25884 0.05558919 0.9946445 -0.08713382 0.05558919 0.9946444 -0.08713471 0.004863202 0.08702087 -0.9961946 -0.004863023 -0.08701801 -0.9961949 -0.00486344 -0.08702087 -0.9961946 -0.01444268 -0.2584216 -0.9659243 -0.01444154 -0.2584129 -0.9659267 -0.02358192 -0.4219702 -0.9063029 -0.02358198 -0.4219703 -0.9063029 -0.03200376 -0.5726694 -0.8191615 -0.03200387 -0.5726696 -0.8191613 -0.03945487 -0.7059964 -0.7071156 -0.03945475 -0.7059957 -0.7071163 -0.04570776 -0.8178846 -0.5735641 -0.0457111 -0.8179007 -0.5735409 -0.05057317 -0.9048939 -0.4226222 -0.05056971 -0.9048814 -0.4226495 -0.05389726 -0.9644239 -0.2588083 -0.05389708 -0.9644238 -0.2588086 -0.05558586 -0.9946417 -0.08716768 -0.05558919 -0.9946445 -0.08713436 -0.004863262 -0.08701843 0.9961949 -0.01444232 -0.2584125 0.9659267 -0.0144419 -0.258421 0.9659245 -0.02358198 -0.4219704 0.9063029 -0.02358198 -0.4219701 0.9063031 -0.03200387 -0.5726698 0.8191613 -0.03200376 -0.5726692 0.8191617 -0.03945481 -0.7059957 0.7071163 -0.03945481 -0.7059956 0.7071164 -0.04570865 -0.8179008 0.5735408 -0.04571032 -0.8178847 0.5735638 -0.05057245 -0.9048811 0.4226498 -0.05057036 -0.9048939 0.4226226 -0.0538972 -0.9644237 0.2588089 -0.05389714 -0.964424 0.2588083 -0.05558604 -0.9946446 0.08713418 -0.0555889 -0.9946415 0.08716768 -0.004863202 -0.08702141 0.9961947 0.004863202 0.08702141 0.9961946 0.004863262 0.08702147 0.9961946 0.01444149 0.2584126 0.9659267 0.01444143 0.2584124 0.9659268 0.02358126 0.421958 0.9063087 0.02358126 0.4219573 0.9063091 0.03200381 0.5726685 0.8191622 0.03200387 0.5726708 0.8191606 0.03945571 0.7060117 0.7071003 0.03945577 0.7060126 0.7070994 0.04570776 0.8178844 0.5735643 0.04570937 0.8178694 0.5735856 0.05057299 0.9048942 0.4226214 0.05057317 0.9048926 0.4226247 0.05389976 0.964415 0.2588412 0.0538997 0.9644157 0.2588382 0.05558913 0.9946444 0.08713442 0.05558919 0.9946446 0.0871331</float_array>
          <technique_common>
            <accessor source="#Leg_B_004-mesh-normals-array" count="2761" stride="3">
              <param name="X" type="float"/>
              <param name="Y" type="float"/>
              <param name="Z" type="float"/>
            </accessor>
          </technique_common>
        </source>
        <vertices id="Leg_B_004-mesh-vertices">
          <input semantic="POSITION" source="#Leg_B_004-mesh-positions"/>
        </vertices>
        <triangles count="2824">
          <input semantic="VERTEX" source="#Leg_B_004-mesh-vertices" offset="0"/>
          <input semantic="NORMAL" source="#Leg_B_004-mesh-normals" offset="1"/>
          <p>1 0 5 0 9 0 14 1 17 1 21 1 20 2 24 2 29 2 32 3 34 3 40 3 32 4 40 4 44 4 32 5 44 5 48 5 32 6 48 6 51 6 32 7 51 7 54 7 32 8 54 8 57 8 32 9 57 9 60 9 32 10 60 10 63 10 63 11 60 11 66 11 63 12 66 12 68 12 63 13 68 13 71 13 63 14 71 14 74 14 63 15 74 15 78 15 63 16 78 16 82 16 63 17 82 17 85 17 63 18 85 18 89 18 63 19 89 19 95 19 64 20 96 20 100 20 63 21 99 21 103 21 63 22 103 22 107 22 63 23 107 23 110 23 5 24 113 24 117 24 5 25 117 25 95 25 5 26 95 26 89 26 5 27 89 27 118 27 5 28 118 28 121 28 5 29 121 29 125 29 5 30 125 30 128 30 5 31 128 31 131 31 5 32 131 32 137 32 5 33 137 33 9 33 23 34 142 34 146 34 24 35 147 35 152 35 24 36 152 36 156 36 24 37 156 37 160 37 24 38 160 38 29 38 1 39 9 39 165 39 1 40 165 40 143 40 1 41 143 41 24 41 167 42 173 42 176 42 167 43 176 43 179 43 167 44 179 44 183 44 167 45 183 45 186 45 167 46 186 46 190 46 167 47 190 47 13 47 167 48 13 48 20 48 20 49 191 49 195 49 20 50 195 50 199 50 20 51 199 51 202 51 20 52 202 52 167 52 208 53 211 53 218 53 207 54 217 54 222 54 209 55 223 55 227 55 208 56 226 56 230 56 208 57 230 57 233 57 208 58 233 58 236 58 208 59 236 59 238 59 208 60 238 60 240 60 208 61 240 61 243 61 208 62 243 62 191 62 208 63 191 63 20 63 208 64 20 64 29 64 249 65 218 65 211 65 249 66 211 66 250 66 249 67 250 67 253 67 249 68 253 68 257 68 249 69 257 69 261 69 249 70 261 70 265 70 30 71 161 71 270 71 29 72 269 72 273 72 29 73 273 73 277 73 29 74 277 74 280 74 29 75 280 75 282 75 29 76 282 76 284 76 29 77 284 77 287 77 29 78 287 78 291 78 29 79 291 79 294 79 29 80 294 80 297 80 29 81 297 81 301 81 28 82 300 82 304 82 29 83 305 83 311 83 29 84 311 84 9 84 173 85 167 85 315 85 173 86 315 86 318 86 173 87 318 87 322 87 173 88 322 88 325 88 173 89 325 89 328 89 173 90 328 90 332 90 173 91 332 91 336 91 173 92 336 92 340 92 265 93 173 93 340 93 265 94 340 94 343 94 265 95 343 95 346 95 265 96 346 96 350 96 265 97 350 97 354 97 265 98 354 98 358 98 265 99 358 99 249 99 137 100 131 100 359 100 137 101 359 101 363 101 137 102 363 102 367 102 137 103 367 103 370 103 137 104 370 104 373 104 137 105 373 105 377 105 138 106 378 106 383 106 136 107 382 107 387 107 137 108 388 108 389 108 40 109 34 109 392 109 40 110 392 110 395 110 40 111 395 111 399 111 40 112 399 112 389 112 40 113 389 113 388 113 8 114 310 114 402 114 9 115 403 115 406 115 9 116 406 116 410 116 9 117 410 117 413 117 9 118 413 118 416 118 9 119 416 119 419 119 9 120 419 120 423 120 9 121 423 121 428 121 9 122 428 122 432 122 9 123 432 123 435 123 9 124 435 124 439 124 10 125 440 125 166 125 442 126 447 126 450 126 450 127 447 127 454 127 450 128 454 128 458 128 458 129 454 129 461 129 458 130 461 130 464 130 464 131 461 131 468 131 464 132 468 132 471 132 471 133 468 133 475 133 471 134 475 134 480 134 480 135 475 135 484 135 479 136 483 136 487 136 487 137 483 137 151 137 488 138 153 138 148 138 447 139 442 139 490 139 490 140 442 140 492 140 490 141 492 141 495 141 495 142 492 142 498 142 495 143 498 143 502 143 502 144 498 144 505 144 502 145 505 145 508 145 508 146 505 146 511 146 508 147 511 147 514 147 514 148 511 148 517 148 514 149 517 149 520 149 520 150 517 150 525 150 520 151 525 151 529 151 528 152 524 152 309 152 529 153 311 153 305 153 533 154 535 154 182 154 182 155 535 155 184 155 539 156 171 156 542 156 542 157 171 157 264 157 548 158 551 158 554 158 548 159 554 159 557 159 548 160 557 160 560 160 548 161 560 161 563 161 548 162 563 162 538 162 548 163 538 163 534 163 548 164 534 164 567 164 548 165 567 165 570 165 548 166 570 166 541 166 548 167 541 167 543 167 548 168 543 168 572 168 548 169 572 169 576 169 548 170 576 170 579 170 548 171 579 171 582 171 548 172 582 172 586 172 548 173 586 173 589 173 548 174 589 174 592 174 548 175 592 175 595 175 548 176 595 176 599 176 548 159 599 159 602 159 604 177 608 177 611 177 604 178 611 178 615 178 604 179 615 179 618 179 604 180 618 180 622 180 604 181 622 181 626 181 604 182 626 182 630 182 604 183 630 183 633 183 604 184 633 184 637 184 604 185 637 185 640 185 604 186 640 186 643 186 604 187 643 187 647 187 604 188 647 188 651 188 605 189 652 189 656 189 602 190 604 190 655 190 602 191 655 191 659 191 602 192 659 192 662 192 602 193 662 193 665 193 602 194 665 194 668 194 602 195 668 195 671 195 602 196 671 196 675 196 602 197 675 197 678 197 602 198 678 198 682 198 602 199 682 199 548 199 609 200 686 200 690 200 608 201 689 201 692 201 608 202 692 202 694 202 608 203 694 203 697 203 608 204 697 204 700 204 608 205 700 205 704 205 608 206 704 206 708 206 608 207 708 207 712 207 608 208 712 208 716 208 608 209 716 209 720 209 608 210 720 210 724 210 608 211 724 211 611 211 554 212 551 212 730 212 554 213 730 213 733 213 554 214 733 214 736 214 554 215 736 215 739 215 554 216 739 216 743 216 554 217 743 217 746 217 554 218 746 218 749 218 554 219 749 219 685 219 554 220 685 220 608 220 532 221 180 221 565 221 566 222 181 222 178 222 564 223 177 223 569 223 569 224 177 224 175 224 568 225 174 225 540 225 540 226 174 226 172 226 587 227 585 227 97 227 97 228 585 228 102 228 574 229 571 229 61 229 61 230 571 230 31 230 575 231 62 231 577 231 577 232 62 232 108 232 578 233 109 233 580 233 580 234 109 234 104 234 581 235 106 235 584 235 583 236 105 236 101 236 598 237 112 237 601 237 601 238 112 238 4 238 588 239 98 239 590 239 590 240 98 240 93 240 591 241 94 241 593 241 593 242 94 242 114 242 594 243 116 243 597 243 596 244 115 244 111 244 553 238 19 238 556 238 556 237 19 237 16 237 555 245 15 245 559 245 559 246 15 246 12 246 558 247 11 247 562 247 562 248 11 248 189 248 561 249 188 249 537 249 536 250 187 250 185 250 752 251 755 251 758 251 762 252 766 252 770 252 762 253 773 253 766 253 776 254 779 254 782 254 785 255 776 255 782 255 788 256 792 256 795 256 798 257 802 257 805 257 808 258 811 258 814 258 817 259 820 259 823 259 827 260 785 260 782 260 827 261 782 261 830 261 827 262 830 262 833 262 827 263 833 263 836 263 827 264 836 264 839 264 827 265 839 265 842 265 827 266 842 266 795 266 827 267 795 267 792 267 846 268 850 268 802 268 846 269 802 269 798 269 846 270 798 270 854 270 846 271 854 271 857 271 846 272 857 272 860 272 846 273 860 273 863 273 846 274 863 274 867 274 846 275 867 275 871 275 846 276 871 276 875 276 846 277 875 277 879 277 845 278 878 278 883 278 847 279 884 279 888 279 846 280 887 280 891 280 846 281 891 281 894 281 879 282 875 282 898 282 879 283 898 283 902 283 880 284 903 284 907 284 910 285 879 285 906 285 910 286 906 286 913 286 910 287 913 287 917 287 910 288 917 288 755 288 755 289 752 289 920 289 755 290 920 290 923 290 755 291 923 291 926 291 755 292 926 292 929 292 755 293 929 293 910 293 932 294 935 294 938 294 932 295 938 295 941 295 932 296 941 296 944 296 932 297 944 297 948 297 932 298 948 298 954 298 932 299 954 299 957 299 932 300 957 300 960 300 932 301 960 301 963 301 932 302 963 302 967 302 932 303 967 303 971 303 932 304 971 304 974 304 932 305 974 305 977 305 932 306 977 306 980 306 932 307 980 307 983 307 932 308 983 308 988 308 932 309 988 309 991 309 932 310 991 310 994 310 932 311 994 311 997 311 932 312 997 312 1001 312 1001 313 997 313 1004 313 1001 314 1004 314 1007 314 1001 315 1007 315 1010 315 1001 316 1010 316 1013 316 1001 317 1013 317 1016 317 1001 318 1016 318 1019 318 1001 319 1019 319 1022 319 1001 320 1022 320 1026 320 1001 321 1026 321 1030 321 1001 322 1030 322 1034 322 1001 323 1034 323 1038 323 988 324 983 324 1041 324 988 325 1041 325 1044 325 988 326 1044 326 1047 326 988 327 1047 327 1050 327 988 328 1050 328 1053 328 988 329 1053 329 1056 329 988 330 1056 330 1059 330 988 331 1059 331 1062 331 988 332 1062 332 1066 332 988 333 1066 333 766 333 988 334 766 334 773 334 988 335 773 335 1069 335 988 336 1069 336 1072 336 988 337 1072 337 1075 337 988 338 1075 338 1078 338 1082 339 808 339 814 339 1082 340 814 340 1086 340 1083 341 1087 341 1092 341 1081 342 1091 342 987 342 1082 343 988 343 1078 343 850 344 1038 344 1096 344 850 345 1096 345 1100 345 850 346 1100 346 1103 346 952 347 1106 347 1110 347 954 348 1111 348 1115 348 954 349 1115 349 1118 349 954 350 1118 350 1121 350 954 351 1121 351 1125 351 953 352 1124 352 769 352 954 353 770 353 766 353 954 354 766 354 1128 354 954 355 1128 355 1131 355 954 356 1131 356 1134 356 954 357 1134 357 1137 357 954 358 1137 358 1140 358 954 359 1140 359 1143 359 954 360 1143 360 1146 360 954 361 1146 361 1149 361 954 362 1149 362 1152 362 954 363 1152 363 957 363 938 364 1156 364 1160 364 938 365 1160 365 1164 365 938 366 1164 366 1167 366 938 367 1167 367 1170 367 938 368 1170 368 1173 368 938 369 1173 369 1176 369 938 370 1176 370 1179 370 938 371 1179 371 1182 371 938 372 1182 372 1185 372 938 373 1185 373 1188 373 938 374 1188 374 941 374 938 375 1191 375 1156 375 1156 376 1191 376 1195 376 1156 377 1195 377 1199 377 1199 378 1195 378 752 378 1199 379 752 379 758 379 779 380 776 380 1202 380 1202 381 776 381 1206 381 1202 382 1206 382 1210 382 1211 383 1207 383 759 383 758 384 1206 384 1214 384 758 385 1214 385 1199 385 788 386 795 386 1217 386 1217 387 795 387 1220 387 1217 388 1220 388 802 388 802 389 1220 389 1223 389 802 390 1223 390 805 390 850 391 846 391 1038 391 1038 392 846 392 1227 392 1038 393 1227 393 1001 393 1000 394 1226 394 1231 394 811 395 808 395 1234 395 1234 396 808 396 1237 396 1234 397 1237 397 1240 397 1240 398 1237 398 1243 398 1243 399 1237 399 1246 399 1243 400 1246 400 1249 400 1249 401 1246 401 1252 401 1249 402 1252 402 1255 402 1255 403 1252 403 1258 403 1255 404 1258 404 1261 404 1261 405 1258 405 1264 405 1264 406 1258 406 1103 406 1264 407 1103 407 1100 407 1267 408 1270 408 1273 408 1273 409 1270 409 1111 409 1274 410 1112 410 1107 410 817 411 823 411 1277 411 1277 412 823 412 1270 412 1277 413 1270 413 1267 413 823 414 820 414 1280 414 1280 415 820 415 1283 415 1280 416 1283 416 1286 416 1286 417 1283 417 1289 417 1286 418 1289 418 1292 418 1292 419 1289 419 1295 419 1292 420 1295 420 1298 420 1292 421 1298 421 1301 421 1301 422 1298 422 1305 422 1301 423 1305 423 1310 423 1301 424 1310 424 1199 424 1198 425 1309 425 1314 425 1199 426 1315 426 1156 426 1318 427 1320 427 1326 427 1329 428 1330 428 1336 428 1330 429 1339 429 1336 429 1342 430 1345 430 1346 430 1342 431 1346 431 1349 431 1355 432 1356 432 1359 432 1365 433 1367 433 1372 433 1377 434 1380 434 1383 434 1386 435 1389 435 1392 435 1393 436 1356 436 1355 436 1393 437 1355 437 1399 437 1393 438 1399 438 1402 438 1393 439 1402 439 1405 439 1393 440 1405 440 1408 440 1393 441 1408 441 1411 441 1393 442 1411 442 1342 442 1393 443 1342 443 1349 443 1415 444 1418 444 1422 444 1414 445 1421 445 1425 445 1414 446 1425 446 1428 446 1414 447 1428 447 1432 447 1414 448 1432 448 1434 448 1414 449 1434 449 1438 449 1414 450 1438 450 1442 450 1414 451 1442 451 1445 451 1414 452 1445 452 1448 452 1414 453 1448 453 1451 453 1414 454 1451 454 1455 454 1414 455 1455 455 1371 455 1414 456 1371 456 1366 456 1414 457 1366 457 1459 457 1431 458 1462 458 1467 458 1433 459 1468 459 1473 459 1432 460 1472 460 1434 460 1479 461 1320 461 1480 461 1479 462 1480 462 1483 462 1479 463 1483 463 1463 463 1479 464 1463 464 1432 464 1320 465 1479 465 1488 465 1320 466 1488 466 1491 466 1320 467 1491 467 1494 467 1320 468 1494 468 1497 468 1320 469 1497 469 1326 469 1500 470 1505 470 1510 470 1500 471 1510 471 1514 471 1500 472 1514 472 1518 472 1500 473 1518 473 1523 473 1500 474 1523 474 1526 474 1500 475 1526 475 1529 475 1500 476 1529 476 1532 476 1500 477 1532 477 1536 477 1500 478 1536 478 1540 478 1500 479 1540 479 1543 479 1500 480 1543 480 1546 480 1500 481 1546 481 1549 481 1500 482 1549 482 1552 482 1500 483 1552 483 1556 483 1500 484 1556 484 1560 484 1500 485 1560 485 1563 485 1501 486 1564 486 1568 486 1500 487 1567 487 1572 487 1500 488 1572 488 1576 488 1505 489 1578 489 1582 489 1505 490 1582 490 1586 490 1505 491 1586 491 1590 491 1505 492 1590 492 1593 492 1505 493 1593 493 1596 493 1505 494 1596 494 1599 494 1505 495 1599 495 1603 495 1505 496 1603 496 1607 496 1505 497 1607 497 1611 497 1504 498 1610 498 1614 498 1507 499 1615 499 1511 499 1523 500 1618 500 1621 500 1523 501 1621 501 1624 501 1523 502 1624 502 1627 502 1523 503 1627 503 1339 503 1523 504 1339 504 1330 504 1523 505 1330 505 1628 505 1523 506 1628 506 1631 506 1523 507 1631 507 1634 507 1523 508 1634 508 1637 508 1523 509 1637 509 1640 509 1523 510 1640 510 1643 510 1523 511 1643 511 1647 511 1523 512 1647 512 1651 512 1523 513 1651 513 1654 513 1523 514 1654 514 1526 514 1659 515 1618 515 1523 515 1657 516 1522 516 1663 516 1660 517 1664 517 1668 517 1658 518 1667 518 1376 518 1659 519 1377 519 1383 519 1459 520 1669 520 1672 520 1459 521 1672 521 1677 521 1458 522 1676 522 1577 522 1556 523 1552 523 1683 523 1556 524 1683 524 1686 524 1556 525 1686 525 1688 525 1556 526 1688 526 1690 526 1556 527 1690 527 1693 527 1556 528 1693 528 1696 528 1556 529 1696 529 1699 529 1556 530 1699 530 1702 530 1556 531 1702 531 1705 531 1556 532 1705 532 1330 532 1556 533 1330 533 1329 533 1556 534 1329 534 1711 534 1556 535 1711 535 1714 535 1556 536 1714 536 1717 536 1556 537 1717 537 1720 537 1556 538 1720 538 1723 538 1557 539 1724 539 1729 539 1573 540 1569 540 1733 540 1572 541 1732 541 1736 541 1572 542 1736 542 1739 542 1572 543 1739 543 1741 543 1572 544 1741 544 1743 544 1572 545 1743 545 1746 545 1572 546 1746 546 1749 546 1572 547 1749 547 1752 547 1572 548 1752 548 1756 548 1572 549 1756 549 1760 549 1572 550 1760 550 1764 550 1318 551 1326 551 1768 551 1768 552 1326 552 1773 552 1768 553 1773 553 1764 553 1764 554 1773 554 1777 554 1764 555 1777 555 1572 555 1781 556 1783 556 1788 556 1788 557 1783 557 1346 557 1788 558 1346 558 1345 558 1768 559 1789 559 1318 559 1318 560 1789 560 1783 560 1317 561 1782 561 1780 561 1364 562 1795 562 1366 562 1366 563 1795 563 1798 563 1366 564 1798 564 1799 564 1799 565 1798 565 1355 565 1799 566 1355 566 1359 566 1459 567 1578 567 1414 567 1414 568 1578 568 1806 568 1578 569 1505 569 1806 569 1807 570 1506 570 1810 570 1813 571 1816 571 1819 571 1819 572 1816 572 1383 572 1819 573 1383 573 1380 573 1820 574 1823 574 1826 574 1826 575 1823 575 1829 575 1826 576 1829 576 1832 576 1832 577 1829 577 1836 577 1832 578 1836 578 1839 578 1839 579 1836 579 1816 579 1839 580 1816 580 1813 580 1672 581 1669 581 1841 581 1841 582 1669 582 1823 582 1841 583 1823 583 1820 583 1728 584 1723 584 1848 584 1848 585 1723 585 1852 585 1847 586 1851 586 1855 586 1856 587 1852 587 1859 587 1859 588 1852 588 1386 588 1859 589 1386 589 1392 589 1860 590 1863 590 1866 590 1866 591 1863 591 1869 591 1866 592 1869 592 1872 592 1872 593 1869 593 1876 593 1872 594 1876 594 1879 594 1879 595 1876 595 1389 595 1879 596 1389 596 1386 596 1881 597 1885 597 1888 597 1888 598 1885 598 1860 598 1888 599 1860 599 1866 599 1764 600 1891 600 1768 600 1768 601 1891 601 1881 601 1768 602 1881 602 1888 602 968 603 1534 603 973 603 972 604 1533 604 1531 604 972 605 1531 605 976 605 975 606 1530 606 1528 606 975 607 1528 607 979 607 978 608 1527 608 1525 608 978 609 1525 609 982 609 981 610 1524 610 1653 610 981 611 1653 611 1040 611 1039 612 1652 612 1650 612 1039 613 1650 613 1043 613 1042 614 1649 614 1646 614 1042 615 1646 615 1045 615 1535 616 969 616 1538 616 1539 617 970 617 966 617 1537 618 965 618 1542 618 1541 619 964 619 962 619 1541 620 962 620 1545 620 1544 621 961 621 959 621 1544 622 959 622 1548 622 1547 623 958 623 956 623 1547 624 956 624 1551 624 1550 625 955 625 1151 625 1550 626 1151 626 1682 626 1681 627 1150 627 1148 627 1681 628 1148 628 1685 628 1684 629 1147 629 1144 629 1684 630 1144 630 1687 630 763 631 1707 631 1127 631 1126 632 1706 632 1704 632 1126 633 1704 633 1130 633 1129 634 1703 634 1701 634 1129 635 1701 635 1133 635 1132 636 1700 636 1698 636 1132 637 1698 637 1136 637 1135 638 1697 638 1695 638 1135 639 1695 639 1139 639 1138 640 1694 640 1692 640 1138 641 1692 641 1142 641 1141 642 1691 642 1689 642 1141 643 1689 643 1145 643 1708 644 765 644 1333 644 1332 645 764 645 1065 645 1331 646 1064 646 1630 646 1629 647 1063 647 1061 647 1629 648 1061 648 1633 648 1632 649 1060 649 1058 649 1632 650 1058 650 1636 650 1635 651 1057 651 1055 651 1635 652 1055 652 1639 652 1638 653 1054 653 1052 653 1638 654 1052 654 1642 654 1641 655 1051 655 1049 655 1641 656 1049 656 1645 656 1644 657 1048 657 1046 657 1644 658 1046 658 1648 658 1241 659 1811 659 1238 659 1239 660 1812 660 1817 660 1239 661 1817 661 1232 661 1233 662 1818 662 1378 662 1233 663 1378 663 809 663 810 664 1379 664 1374 664 810 665 1374 665 812 665 813 666 1375 666 1665 666 813 667 1665 667 1084 667 1085 668 1666 668 1661 668 1085 669 1661 669 1088 669 1089 670 1662 670 1519 670 1090 671 1521 671 986 671 1811 672 1241 672 1838 672 1840 673 1242 673 1247 673 1840 674 1247 674 1833 674 1834 675 1248 675 1253 675 1834 676 1253 676 1827 676 1828 677 1254 677 1259 677 1828 678 1259 678 1821 678 1822 679 1260 679 1262 679 1822 680 1262 680 1842 680 1843 681 1263 681 1097 681 1844 682 1098 682 1673 682 1675 683 1099 683 1094 683 1674 684 1093 684 1678 684 1679 685 1095 685 1035 685 1680 686 1037 686 1581 686 1012 687 1600 687 1014 687 1015 688 1601 688 1597 688 1015 689 1597 689 1017 689 1018 690 1598 690 1594 690 1018 691 1594 691 1020 691 1021 692 1595 692 1591 692 1021 693 1591 693 1023 693 1025 694 1592 694 1588 694 1024 695 1587 695 1027 695 1028 696 1589 696 1583 696 1029 697 1584 697 1031 697 1032 698 1585 698 1579 698 1033 699 1580 699 1036 699 1600 700 1012 700 1604 700 1602 701 1011 701 1008 701 1602 702 1008 702 1605 702 1606 703 1009 703 1005 703 1606 704 1005 704 1608 704 1609 705 1006 705 1002 705 1609 706 1002 706 1612 706 1613 707 1003 707 995 707 1613 708 995 708 1508 708 1509 709 996 709 992 709 1509 710 992 710 1512 710 1513 711 993 711 989 711 1513 712 989 712 1515 712 1516 713 990 713 984 713 1517 714 985 714 1520 714 834 715 1401 715 838 715 837 716 1400 716 1398 716 837 717 1398 717 841 717 840 718 1397 718 1354 718 840 719 1354 719 794 719 793 720 1353 720 1797 720 793 721 1797 721 1219 721 1218 722 1796 722 1794 722 1218 723 1794 723 1222 723 1221 724 1793 724 1363 724 1221 725 1363 725 804 725 803 726 1362 726 1370 726 803 727 1370 727 796 727 1401 728 834 728 1403 728 1404 729 835 729 832 729 1404 730 832 730 1407 730 1406 731 831 731 829 731 1406 732 829 732 1410 732 1409 733 828 733 781 733 1409 734 781 734 1341 734 1340 735 780 735 778 735 1340 736 778 736 1344 736 1343 737 777 737 1201 737 1343 738 1201 738 1787 738 1786 739 1200 739 1209 739 1786 740 1209 740 1779 740 1778 741 1208 741 756 741 1778 742 756 742 1316 742 872 743 1475 743 897 743 895 744 1474 744 1470 744 896 745 1471 745 901 745 900 746 1469 746 1466 746 899 747 1465 747 905 747 904 748 1464 748 1485 748 904 749 1485 749 912 749 911 750 1484 750 1482 750 911 751 1482 751 916 751 915 752 1481 752 1323 752 914 753 1322 753 754 753 753 754 1321 754 1319 754 753 755 1319 755 757 755 1476 756 874 756 1437 756 1436 757 873 757 870 757 1435 758 869 758 1441 758 1440 759 868 759 866 759 1439 760 865 760 1444 760 1443 761 864 761 862 761 1443 762 862 762 1447 762 1446 763 861 763 859 763 1446 764 859 764 1450 764 1449 765 858 765 856 765 1449 766 856 766 1454 766 1452 767 855 767 852 767 1453 768 853 768 1457 768 1456 769 851 769 797 769 1456 770 797 770 1373 770 1177 771 1737 771 1180 771 1181 772 1738 772 1734 772 1181 773 1734 773 1183 773 1184 774 1735 774 1730 774 1184 775 1730 775 1186 775 1187 776 1731 776 1565 776 1187 777 1565 777 939 777 940 778 1566 778 1561 778 940 779 1561 779 942 779 943 668 1562 668 1558 668 943 780 1558 780 945 780 946 781 1559 781 1553 781 947 782 1555 782 951 782 1737 783 1177 783 1740 783 1742 784 1178 784 1174 784 1742 785 1174 785 1744 785 1745 786 1175 786 1171 786 1745 787 1171 787 1747 787 1748 677 1172 677 1168 677 1748 677 1168 677 1750 677 1751 788 1169 788 1165 788 1751 789 1165 789 1753 789 1754 790 1166 790 1161 790 1755 791 1162 791 1757 791 1759 792 1163 792 1158 792 1758 793 1157 793 1761 793 1762 794 1159 794 1153 794 1763 795 1155 795 1767 795 1282 796 1870 796 1287 796 1288 797 1871 797 1864 797 1288 798 1864 798 1293 798 1294 799 1865 799 1861 799 1294 800 1861 800 1296 800 1297 801 1862 801 1886 801 1297 802 1886 802 1302 802 1304 803 1887 803 1883 803 1303 804 1882 804 1306 804 1307 805 1884 805 1892 805 1308 806 1893 806 1311 806 1312 807 1894 807 1765 807 1313 808 1766 808 1154 808 1870 809 1282 809 1877 809 1875 810 1281 810 818 810 1875 811 818 811 1387 811 1388 812 819 812 815 812 1388 813 815 813 1390 813 1391 814 816 814 1275 814 1391 815 1275 815 1857 815 1858 816 1276 816 1265 816 1858 817 1265 817 1853 817 1854 818 1266 818 1271 818 1854 819 1271 819 1845 819 1846 820 1272 820 1104 820 1846 821 1104 821 1725 821 1726 822 1105 822 949 822 1727 823 950 823 1554 823 1898 824 1902 824 1906 824 1897 825 1905 825 1909 825 1897 826 1909 826 1912 826 1897 827 1912 827 1915 827 1897 828 1915 828 1919 828 1897 829 1919 829 1922 829 1897 830 1922 830 1925 830 1897 831 1925 831 1928 831 1897 832 1928 832 1931 832 1897 833 1931 833 1934 833 1897 834 1934 834 1938 834 1897 835 1938 835 1941 835 1897 836 1941 836 1945 836 1897 837 1945 837 1948 837 1897 838 1948 838 1951 838 1897 839 1951 839 1954 839 1897 840 1954 840 1957 840 1961 841 1965 841 1969 841 1961 842 1969 842 1973 842 1961 843 1973 843 1977 843 1961 844 1977 844 1980 844 1961 845 1980 845 1983 845 1961 846 1983 846 1986 846 1961 847 1986 847 1989 847 1961 848 1989 848 1992 848 1961 849 1992 849 1996 849 1961 850 1996 850 1999 850 1961 851 1999 851 2003 851 1961 852 2003 852 2006 852 1961 853 2006 853 1901 853 1961 854 1901 854 1897 854 1965 855 1961 855 2009 855 1965 856 2009 856 2012 856 1965 857 2012 857 2015 857 1965 858 2015 858 2019 858 1965 859 2019 859 2022 859 1965 860 2022 860 2025 860 1965 861 2025 861 2028 861 1965 862 2028 862 2032 862 1965 863 2032 863 2036 863 1965 864 2036 864 2039 864 1965 865 2039 865 2042 865 1957 866 1954 866 2046 866 1957 867 2046 867 2050 867 1957 868 2050 868 2053 868 1957 869 2053 869 2057 869 1957 870 2057 870 2060 870 1957 871 2060 871 2063 871 1957 872 2063 872 2067 872 1957 873 2067 873 2070 873 1957 874 2070 874 2073 874 1957 875 2073 875 2077 875 1957 876 2077 876 2080 876 1957 877 2080 877 2083 877 1957 878 2083 878 2087 878 1957 879 2087 879 2090 879 1957 880 2090 880 2093 880 1958 881 2094 881 2098 881 2042 882 1957 882 2097 882 2042 883 2097 883 2102 883 2042 884 2102 884 2105 884 2042 885 2105 885 2109 885 2042 886 2109 886 2112 886 2042 887 2112 887 2115 887 2042 888 2115 888 2118 888 2042 889 2118 889 2121 889 2042 890 2121 890 2125 890 2042 891 2125 891 2129 891 2042 892 2129 892 2133 892 2042 893 2133 893 2137 893 2042 894 2137 894 2141 894 2042 895 2141 895 1965 895 36 896 33 896 2021 896 2021 897 33 897 573 897 2021 898 573 898 2024 898 2024 899 573 899 544 899 2024 900 544 900 263 900 263 901 544 901 266 901 390 902 2007 902 139 902 139 903 2007 903 1960 903 35 904 2020 904 394 904 394 905 2020 905 2018 905 393 906 2017 906 398 906 397 907 2016 907 2014 907 396 908 2013 908 401 908 401 909 2013 909 2011 909 400 910 2010 910 391 910 391 911 2010 911 2008 911 2037 912 212 912 2041 912 2041 913 212 913 210 913 2023 914 262 914 2027 914 2027 915 262 915 260 915 2026 916 259 916 2031 916 2030 917 258 917 256 917 2029 918 255 918 2035 918 2034 919 254 919 252 919 2033 920 251 920 2038 920 2038 921 251 921 213 921 2142 922 448 922 2145 922 2147 923 449 923 456 923 2146 924 455 924 2149 924 2150 925 457 925 462 925 2150 926 462 926 2152 926 2153 927 463 927 469 927 2153 928 469 928 2155 928 2156 929 470 929 476 929 2157 930 477 930 2159 930 2160 931 478 931 485 931 2160 932 485 932 2162 932 2163 933 486 933 145 933 2163 934 145 934 2166 934 448 935 2142 935 441 935 443 936 2144 936 2169 936 443 937 2169 937 493 937 494 938 2170 938 2172 938 494 939 2172 939 499 939 501 940 2173 940 2176 940 500 941 2175 941 506 941 507 942 2177 942 2179 942 507 943 2179 943 512 943 513 944 2180 944 2182 944 513 945 2182 945 518 945 519 946 2183 946 2185 946 519 947 2185 947 526 947 527 948 2186 948 2188 948 527 949 2188 949 313 949 2192 950 420 950 2194 950 2195 951 421 951 417 951 2195 952 417 952 2197 952 2198 953 418 953 414 953 2198 954 414 954 2200 954 2201 955 415 955 411 955 2201 956 411 956 2203 956 2204 957 412 957 407 957 2205 958 408 958 2207 958 2208 959 409 959 404 959 2208 960 404 960 2210 960 2211 961 405 961 312 961 2212 962 314 962 2189 962 420 963 2192 963 424 963 422 964 2190 964 2213 964 422 965 2213 965 425 965 426 966 2214 966 2216 966 427 967 2217 967 429 967 431 968 2218 968 2221 968 430 969 2220 969 433 969 434 970 2222 970 2224 970 434 971 2224 971 436 971 438 972 2225 972 2228 972 437 973 2227 973 162 973 163 974 2229 974 2231 974 164 975 2232 975 140 975 141 976 2233 976 2165 976 141 977 2165 977 144 977 2235 978 278 978 2238 978 2240 979 279 979 275 979 2239 980 274 980 2242 980 2243 981 276 981 271 981 2243 982 271 982 2245 982 2246 983 272 983 267 983 2246 984 267 984 2248 984 2249 985 268 985 157 985 2250 986 158 986 2252 986 2253 931 159 931 154 931 2253 932 154 932 2255 932 2256 987 155 987 150 987 2256 988 150 988 2259 988 278 989 2235 989 281 989 283 990 2237 990 2262 990 283 991 2262 991 285 991 286 992 2263 992 2265 992 286 993 2265 993 288 993 290 994 2266 994 2269 994 289 995 2268 995 292 995 293 996 2270 996 2272 996 293 997 2272 997 295 997 296 998 2273 998 2275 998 296 999 2275 999 298 999 299 1000 2276 1000 2278 1000 299 1001 2278 1001 302 1001 303 1002 2279 1002 2281 1002 303 1003 2281 1003 307 1003 2285 1004 496 1004 2287 1004 2288 1005 497 1005 503 1005 2288 1006 503 1006 2290 1006 2291 953 504 953 509 953 2291 1007 509 1007 2293 1007 2294 1008 510 1008 515 1008 2294 1009 515 1009 2296 1009 2297 1010 516 1010 521 1010 2298 1011 522 1011 2300 1011 2301 959 523 959 530 959 2301 960 530 960 2303 960 2304 1012 531 1012 306 1012 2305 1013 308 1013 2282 1013 496 1014 2285 1014 491 1014 489 1015 2283 1015 2306 1015 489 1016 2306 1016 444 1016 445 1017 2307 1017 2309 1017 446 1018 2310 1018 451 1018 453 968 2311 968 2314 968 452 1019 2313 1019 459 1019 460 1020 2315 1020 2317 1020 460 1021 2317 1021 465 1021 467 1022 2318 1022 2321 1022 466 973 2320 973 472 973 473 1023 2322 1023 2324 1023 474 975 2325 975 481 975 482 1024 2326 1024 2258 1024 482 1025 2258 1025 149 1025 2330 1026 360 1026 2333 1026 2335 1027 361 1027 133 1027 2334 1028 132 1028 2337 1028 2338 1029 134 1029 129 1029 2338 1030 129 1030 2340 1030 2341 1031 130 1031 126 1031 2341 1032 126 1032 2343 1032 2344 1033 127 1033 122 1033 2345 1034 123 1034 2347 1034 2348 1035 124 1035 119 1035 2348 1036 119 1036 2350 1036 2351 1037 120 1037 90 1037 2352 1038 91 1038 2355 1038 360 1039 2330 1039 364 1039 362 1040 2328 1040 2357 1040 362 1041 2357 1041 365 1041 366 1042 2358 1042 2361 1042 366 1043 2361 1043 368 1043 369 1044 2362 1044 2364 1044 369 1045 2364 1045 371 1045 372 1046 2365 1046 2367 1046 372 1047 2367 1047 374 1047 376 1048 2368 1048 2371 1048 375 1049 2370 1049 379 1049 381 1050 2372 1050 2375 1050 380 1051 2374 1051 384 1051 386 1052 2376 1052 2379 1052 385 1053 2378 1053 37 1053 2382 1054 58 1054 2385 1054 2386 1055 59 1055 55 1055 2386 1056 55 1056 2389 1056 2390 1057 56 1057 52 1057 2390 1058 52 1058 2392 1058 2393 1059 53 1059 49 1059 2393 1060 49 1060 2395 1060 2397 1061 50 1061 46 1061 2396 1062 45 1062 2399 1062 2401 1063 47 1063 42 1063 2400 1064 41 1064 2403 1064 2404 1065 43 1065 38 1065 2405 1066 39 1066 2380 1066 58 1067 2382 1067 65 1067 67 1068 2384 1068 2409 1068 67 1069 2409 1069 69 1069 70 1070 2410 1070 2412 1070 70 1071 2412 1071 72 1071 73 1072 2413 1072 2415 1072 73 1073 2415 1073 75 1073 77 1074 2416 1074 2419 1074 76 1075 2418 1075 79 1075 80 1076 2420 1076 2422 1076 81 1077 2423 1077 83 1077 84 1078 2424 1078 2426 1078 84 1079 2426 1079 86 1079 87 1080 2427 1080 2354 1080 88 1081 2356 1081 92 1081 2430 1082 333 1082 2433 1082 2435 1083 334 1083 330 1083 2434 1084 329 1084 2437 1084 2438 1029 331 1029 326 1029 2438 1030 326 1030 2440 1030 2441 1085 327 1085 323 1085 2441 1086 323 1086 2443 1086 2444 1033 324 1033 319 1033 2445 1087 320 1087 2447 1087 2448 1088 321 1088 316 1088 2448 1036 316 1036 2450 1036 2451 1089 317 1089 168 1089 2452 1090 169 1090 2455 1090 333 1091 2430 1091 337 1091 335 1092 2428 1092 2457 1092 335 1093 2457 1093 338 1093 339 1094 2458 1094 2461 1094 339 1095 2461 1095 341 1095 342 1044 2462 1044 2464 1044 342 1045 2464 1045 344 1045 345 1096 2465 1096 2467 1096 345 1097 2467 1097 347 1097 349 1098 2468 1098 2471 1098 348 1099 2470 1099 351 1099 353 1100 2472 1100 2475 1100 352 1051 2474 1051 355 1051 357 1101 2476 1101 2479 1101 356 1102 2478 1102 246 1102 2482 1103 234 1103 2485 1103 2486 1104 235 1104 231 1104 2486 1105 231 1105 2489 1105 2490 1106 232 1106 228 1106 2490 1107 228 1107 2492 1107 2493 1108 229 1108 224 1108 2493 1109 224 1109 2495 1109 2497 1110 225 1110 220 1110 2496 1111 219 1111 2499 1111 2501 1112 221 1112 215 1112 2500 1113 214 1113 2503 1113 2504 1114 216 1114 247 1114 2505 1115 248 1115 2480 1115 234 1116 2482 1116 237 1116 239 1117 2484 1117 2509 1117 239 1118 2509 1118 241 1118 242 1119 2510 1119 2512 1119 242 1120 2512 1120 244 1120 245 1121 2513 1121 2515 1121 245 1122 2515 1122 192 1122 194 1123 2516 1123 2519 1123 193 1124 2518 1124 196 1124 197 1125 2520 1125 2522 1125 198 1126 2523 1126 200 1126 201 1127 2524 1127 2526 1127 201 1079 2526 1079 203 1079 204 1128 2527 1128 2454 1128 205 1129 2456 1129 170 1129 2148 1130 2168 1130 2143 1130 2168 1131 2148 1131 2171 1131 2171 1132 2148 1132 2151 1132 2171 1133 2151 1133 2174 1133 2174 1134 2151 1134 2154 1134 2174 1135 2154 1135 2178 1135 2178 1136 2154 1136 2158 1136 2178 1137 2158 1137 2181 1137 2181 1138 2158 1138 2161 1138 2181 1139 2161 1139 2184 1139 2184 1140 2161 1140 2164 1140 2184 1141 2164 1141 2187 1141 2187 1142 2164 1142 2167 1142 2187 1143 2167 1143 2209 1143 2209 1144 2167 1144 2234 1144 2209 1145 2234 1145 2206 1145 2206 1146 2234 1146 2230 1146 2206 1147 2230 1147 2202 1147 2202 1148 2230 1148 2226 1148 2202 1149 2226 1149 2199 1149 2199 1150 2226 1150 2223 1150 2199 1151 2223 1151 2196 1151 2196 1152 2223 1152 2219 1152 2196 1153 2219 1153 2193 1153 2193 1154 2219 1154 2215 1154 2193 1155 2215 1155 2191 1155 2241 1156 2261 1156 2236 1156 2261 1157 2241 1157 2264 1157 2264 1158 2241 1158 2244 1158 2264 1159 2244 1159 2267 1159 2267 1160 2244 1160 2247 1160 2267 1161 2247 1161 2271 1161 2271 1162 2247 1162 2251 1162 2271 1163 2251 1163 2274 1163 2274 1164 2251 1164 2254 1164 2274 1165 2254 1165 2277 1165 2277 1166 2254 1166 2257 1166 2277 1167 2257 1167 2280 1167 2280 1168 2257 1168 2260 1168 2280 1143 2260 1143 2302 1143 2302 1169 2260 1169 2327 1169 2302 1170 2327 1170 2299 1170 2299 1171 2327 1171 2323 1171 2299 1172 2323 1172 2295 1172 2295 1173 2323 1173 2319 1173 2295 1174 2319 1174 2292 1174 2292 1175 2319 1175 2316 1175 2292 1176 2316 1176 2289 1176 2289 1177 2316 1177 2312 1177 2289 1178 2312 1178 2286 1178 2286 1179 2312 1179 2308 1179 2286 1180 2308 1180 2284 1180 2388 1181 2408 1181 2383 1181 2407 1182 2387 1182 2411 1182 2411 1183 2387 1183 2391 1183 2411 1184 2391 1184 2414 1184 2414 1185 2391 1185 2394 1185 2414 1186 2394 1186 2417 1186 2417 1187 2394 1187 2398 1187 2417 1188 2398 1188 2421 1188 2421 1189 2398 1189 2402 1189 2421 1190 2402 1190 2425 1190 2425 1191 2402 1191 2406 1191 2425 1192 2406 1192 2353 1192 2353 1193 2406 1193 2381 1193 2353 1194 2381 1194 2349 1194 2349 1195 2381 1195 2377 1195 2349 1196 2377 1196 2346 1196 2346 1197 2377 1197 2373 1197 2346 1198 2373 1198 2342 1198 2342 1199 2373 1199 2369 1199 2342 1200 2369 1200 2339 1200 2339 1201 2369 1201 2366 1201 2339 1202 2366 1202 2336 1202 2336 1203 2366 1203 2363 1203 2336 1204 2363 1204 2331 1204 2331 1205 2363 1205 2359 1205 2332 1206 2360 1206 2329 1206 2488 1181 2508 1181 2483 1181 2507 1182 2487 1182 2511 1182 2511 1207 2487 1207 2491 1207 2511 1208 2491 1208 2514 1208 2514 1209 2491 1209 2494 1209 2514 1210 2494 1210 2517 1210 2517 1211 2494 1211 2498 1211 2517 1212 2498 1212 2521 1212 2521 1213 2498 1213 2502 1213 2521 1214 2502 1214 2525 1214 2525 1215 2502 1215 2506 1215 2525 1192 2506 1192 2453 1192 2453 1216 2506 1216 2481 1216 2453 1194 2481 1194 2449 1194 2449 1217 2481 1217 2477 1217 2449 1218 2477 1218 2446 1218 2446 1219 2477 1219 2473 1219 2446 1198 2473 1198 2442 1198 2442 1220 2473 1220 2469 1220 2442 1221 2469 1221 2439 1221 2439 1222 2469 1222 2466 1222 2439 1223 2466 1223 2436 1223 2436 1224 2466 1224 2463 1224 2436 1225 2463 1225 2431 1225 2431 1226 2463 1226 2459 1226 2432 1227 2460 1227 2429 1227 607 157 22 157 552 157 552 157 22 157 18 157 0 230 603 230 3 230 3 230 603 230 600 230 1574 1228 1570 1228 936 1228 1574 1229 936 1229 933 1229 1574 1230 933 1230 2528 1230 1574 1231 2528 1231 2531 1231 1574 1232 2531 1232 2534 1232 1574 230 2534 230 2537 230 1574 230 2537 230 2540 230 1574 230 2540 230 2543 230 1574 1233 2543 1233 2546 1233 1574 230 2546 230 2549 230 26 1234 2553 1234 2556 1234 26 1235 2556 1235 2559 1235 26 1236 2559 1236 2562 1236 26 1237 2562 1237 2565 1237 26 1238 2565 1238 2568 1238 26 1239 2568 1239 2571 1239 26 1240 2571 1240 2574 1240 26 1241 2574 1241 2577 1241 26 1242 2577 1242 1955 1242 26 230 1955 230 2040 230 26 1243 2040 1243 206 1243 2556 1244 2553 1244 2580 1244 2556 1245 2580 1245 2583 1245 2556 1246 2583 1246 2586 1246 2556 1247 2586 1247 2589 1247 2556 1248 2589 1248 2592 1248 2556 1249 2592 1249 2549 1249 2556 1250 2549 1250 2546 1250 2595 1251 2600 1251 2603 1251 2595 230 2603 230 2606 230 2595 230 2606 230 2609 230 2595 230 2609 230 2612 230 2595 1252 2612 1252 2616 1252 2595 230 2616 230 2619 230 2595 230 2619 230 2622 230 2595 1253 2622 1253 2625 1253 2595 1254 2625 1254 2629 1254 2595 1255 2629 1255 2633 1255 1955 1256 2577 1256 2637 1256 1955 1257 2637 1257 2640 1257 1955 1258 2640 1258 2644 1258 1955 1259 2644 1259 2647 1259 1955 1260 2647 1260 2650 1260 1955 1261 2650 1261 2653 1261 1955 1262 2653 1262 2656 1262 1955 1263 2656 1263 2659 1263 1955 1264 2659 1264 2662 1264 2659 1265 2603 1265 2600 1265 2659 1266 2600 1266 2665 1266 2659 1267 2665 1267 2668 1267 2659 1268 2668 1268 2671 1268 2659 1269 2671 1269 2674 1269 2659 1270 2674 1270 2677 1270 2659 1271 2677 1271 2662 1271 1498 157 2680 157 2683 157 1498 1272 2683 1272 2686 1272 1498 157 2686 157 2689 157 1498 157 2689 157 2692 157 1498 1273 2692 1273 2695 1273 1498 1274 2695 1274 2698 1274 1498 1275 2698 1275 2701 1275 1498 1276 2701 1276 930 1276 1498 157 930 157 998 157 1498 1277 998 1277 1502 1277 6 1278 135 1278 1959 1278 6 157 1959 157 1895 157 6 157 1895 157 2704 157 6 1279 2704 1279 2707 1279 6 1280 2707 1280 2710 1280 6 1281 2710 1281 2713 1281 6 1282 2713 1282 2716 1282 6 1283 2716 1283 2719 1283 6 1284 2719 1284 2722 1284 6 157 2722 157 2725 157 6 1285 2725 1285 2728 1285 2725 1286 2683 1286 2680 1286 2725 1287 2680 1287 2731 1287 2725 1288 2731 1288 2735 1288 2725 1289 2735 1289 2738 1289 2725 1290 2738 1290 2741 1290 2725 1291 2741 1291 2744 1291 2725 1292 2744 1292 2728 1292 2747 1293 2752 1293 2756 1293 2747 1294 2756 1294 2760 1294 2747 1295 2760 1295 2765 1295 2747 1296 2765 1296 2768 1296 2747 157 2768 157 2771 157 2747 1297 2771 1297 2775 1297 2747 157 2775 157 2778 157 2747 157 2778 157 2781 157 2747 1298 2781 1298 2784 1298 2747 1299 2784 1299 2787 1299 1895 1300 2790 1300 2793 1300 1895 1301 2793 1301 2796 1301 1895 1302 2796 1302 2799 1302 1895 1303 2799 1303 2802 1303 1895 1304 2802 1304 2805 1304 1895 1305 2805 1305 2808 1305 1895 1306 2808 1306 2812 1306 1895 1307 2812 1307 2815 1307 1895 1308 2815 1308 2704 1308 2793 1309 2790 1309 2818 1309 2793 1310 2818 1310 2821 1310 2793 1311 2821 1311 2824 1311 2793 1312 2824 1312 2827 1312 2793 1313 2827 1313 2830 1313 2793 1314 2830 1314 2787 1314 2793 1315 2787 1315 2784 1315 606 1316 2 1316 610 1316 610 1317 2 1317 25 1317 27 1318 7 1318 2554 1318 2554 1319 7 1319 2729 1319 2836 1320 2840 1320 2844 1320 2847 1321 2850 1321 2853 1321 2856 1322 2859 1322 2863 1322 2866 1323 2869 1323 2872 1323 2875 1324 2879 1324 2882 1324 2876 1325 2883 1325 2886 1325 2876 1326 2886 1326 2890 1326 2876 1327 2890 1327 2893 1327 2876 1328 2893 1328 2896 1328 2876 1329 2896 1329 2899 1329 2876 1330 2899 1330 2902 1330 2876 1331 2902 1331 2905 1331 2876 1332 2905 1332 2853 1332 2876 1333 2853 1333 2850 1333 2908 1334 2905 1334 2902 1334 2908 1335 2902 1335 2911 1335 2908 1336 2911 1336 2914 1336 2908 1337 2914 1337 2918 1337 2908 1338 2918 1338 2921 1338 2908 1339 2921 1339 2925 1339 2908 1340 2925 1340 2928 1340 2908 1341 2928 1341 2931 1341 2908 1342 2931 1342 2934 1342 2908 1343 2934 1343 2937 1343 2908 1344 2937 1344 2872 1344 2908 1345 2872 1345 2869 1345 2941 1346 2945 1346 2948 1346 2941 1347 2948 1347 2951 1347 2941 1348 2951 1348 2955 1348 2941 1349 2955 1349 2958 1349 2941 1350 2958 1350 2961 1350 2941 1351 2961 1351 2965 1351 2941 1352 2965 1352 2968 1352 2941 1353 2968 1353 2971 1353 2941 1354 2971 1354 2976 1354 2940 1355 2975 1355 2979 1355 2982 1356 2985 1356 2989 1356 2982 1357 2989 1357 2992 1357 2982 1358 2992 1358 2995 1358 2982 1359 2995 1359 2998 1359 2982 1360 2998 1360 3002 1360 2982 1361 3002 1361 3005 1361 2982 1362 3005 1362 3009 1362 2982 1363 3009 1363 3012 1363 2982 1364 3012 1364 3015 1364 2982 1365 3015 1365 3018 1365 2982 1366 3018 1366 2955 1366 2982 1367 2955 1367 2951 1367 2948 1368 2945 1368 3021 1368 3021 1369 2945 1369 3024 1369 3021 1370 3024 1370 3027 1370 2840 1371 2836 1371 3024 1371 3024 1372 2836 1372 3031 1372 3024 1373 3031 1373 3027 1373 2844 1374 2840 1374 3035 1374 3035 1375 2840 1375 3039 1375 3035 1376 3039 1376 3043 1376 3043 1377 3039 1377 3046 1377 3043 1378 3046 1378 3050 1378 3050 1379 3046 1379 3053 1379 3053 1380 3046 1380 3056 1380 3053 1381 3056 1381 3060 1381 3060 1382 3056 1382 3063 1382 3060 1383 3063 1383 3066 1383 3066 1384 3063 1384 3070 1384 3066 1385 3070 1385 3074 1385 3074 1386 3070 1386 3078 1386 3078 1387 3070 1387 3081 1387 3078 1388 3081 1388 3085 1388 3085 1389 3081 1389 3089 1389 3085 1390 3089 1390 3092 1390 3092 1391 3089 1391 3096 1391 3096 1392 3089 1392 2850 1392 3096 1393 2850 1393 2847 1393 2989 1394 2985 1394 3100 1394 3101 1395 2986 1395 3105 1395 3100 1396 3104 1396 3109 1396 2856 1397 2863 1397 3112 1397 3112 1398 2863 1398 3100 1398 3112 1399 3100 1399 3109 1399 2863 1400 2859 1400 3116 1400 3116 1401 2859 1401 3120 1401 3116 1402 3120 1402 3124 1402 3124 1403 3120 1403 3127 1403 3124 1404 3127 1404 3131 1404 3124 1405 3131 1405 3135 1405 3135 1406 3131 1406 3139 1406 3135 1407 3139 1407 3143 1407 3143 1408 3139 1408 3146 1408 3143 1409 3146 1409 3150 1409 3150 1410 3146 1410 3154 1410 3150 1411 3154 1411 3157 1411 3150 1412 3157 1412 3161 1412 3161 1413 3157 1413 3164 1413 3161 1414 3164 1414 3168 1414 3168 1415 3164 1415 3171 1415 3168 1416 3171 1416 3174 1416 3168 1417 3174 1417 2872 1417 2872 1418 3174 1418 3177 1418 2872 1419 3177 1419 2866 1419 693 1420 2946 1420 695 1420 696 1421 2947 1421 3019 1421 696 1422 3019 1422 698 1422 699 1423 3020 1423 3025 1423 699 1424 3025 1424 701 1424 703 1425 3026 1425 3029 1425 702 1426 3028 1426 705 1426 706 1427 3030 1427 2833 1427 707 1428 2834 1428 709 1428 710 1429 2835 1429 2841 1429 711 1430 2842 1430 713 1430 715 1431 2843 1431 3033 1431 714 1432 3032 1432 717 1432 718 1433 3034 1433 3040 1433 719 1434 3041 1434 721 1434 723 1435 3042 1435 3048 1435 722 1436 3047 1436 725 1436 726 1437 3049 1437 3051 1437 726 1438 3051 1438 613 1438 2946 1439 693 1439 2950 1439 2949 157 691 157 687 157 2949 1440 687 1440 2980 1440 2981 1441 688 1441 683 1441 2981 1442 683 1442 2983 1442 2984 1443 684 1443 747 1443 2984 1444 747 1444 3102 1444 3103 1445 748 1445 744 1445 3103 1446 744 1446 3106 1446 3107 1447 745 1447 740 1447 3108 1448 741 1448 3110 1448 3111 1449 742 1449 737 1449 3111 1450 737 1450 2854 1450 2855 1451 738 1451 734 1451 2855 1452 734 1452 2857 1452 2858 1453 735 1453 731 1453 2858 1454 731 1454 3117 1454 3118 1455 732 1455 727 1455 3119 1456 728 1456 3125 1456 3126 1457 729 1457 549 1457 3126 1458 549 1458 3128 1458 3129 1459 550 1459 546 1459 3130 1460 547 1460 3138 1460 650 1461 2867 1461 653 1461 654 1462 2868 1462 2864 1462 654 1463 2864 1463 657 1463 658 1464 2865 1464 3175 1464 658 1465 3175 1465 660 1465 661 1466 3176 1466 3172 1466 661 1467 3172 1467 663 1467 664 1468 3173 1468 3169 1468 664 1469 3169 1469 666 1469 667 1470 3170 1470 3162 1470 667 1471 3162 1471 669 1471 670 1472 3163 1472 3155 1472 670 1473 3155 1473 672 1473 674 1474 3156 1474 3152 1474 673 1475 3151 1475 676 1475 677 1476 3153 1476 3144 1476 677 1477 3144 1477 679 1477 681 1478 3145 1478 3137 1478 680 1479 3136 1479 545 1479 2867 1480 650 1480 2907 1480 2906 230 649 230 646 230 2906 1481 646 1481 2903 1481 2904 1482 648 1482 644 1482 2904 1483 644 1483 2851 1483 2852 1484 645 1484 641 1484 2852 1485 641 1485 2845 1485 2846 1486 642 1486 638 1486 2846 1487 638 1487 3093 1487 3094 1488 639 1488 634 1488 3095 1489 635 1489 3090 1489 3091 1490 636 1490 631 1490 3091 1491 631 1491 3082 1491 3083 1492 632 1492 627 1492 3084 1493 628 1493 3075 1493 3077 1494 629 1494 624 1494 3076 1495 623 1495 3071 1495 3073 1496 625 1496 620 1496 3072 1497 619 1497 3064 1497 3065 1498 621 1498 616 1498 3065 1499 616 1499 3057 1499 3058 1500 617 1500 612 1500 3059 1501 614 1501 3052 1501 2910 1502 1899 1502 2912 1502 2913 1503 1900 1503 2004 1503 2913 1504 2004 1504 2915 1504 2917 1505 2005 1505 2001 1505 2916 1506 2000 1506 2919 1506 2920 1507 2002 1507 1997 1507 2920 1508 1997 1508 2922 1508 2924 1509 1998 1509 1994 1509 2923 1510 1993 1510 2926 1510 2927 1511 1995 1511 1990 1511 2927 1512 1990 1512 2929 1512 2930 1513 1991 1513 1987 1513 2930 1514 1987 1514 2932 1514 2933 1515 1988 1515 1984 1515 2933 1516 1984 1516 2935 1516 2936 1517 1985 1517 1981 1517 2936 1518 1981 1518 2870 1518 2871 1519 1982 1519 1978 1519 2871 1520 1978 1520 3165 1520 3166 1521 1979 1521 1974 1521 3167 1522 1975 1522 3158 1522 3160 1523 1976 1523 1971 1523 3159 1524 1970 1524 3147 1524 3149 1525 1972 1525 1967 1525 3148 1526 1966 1526 3140 1526 3141 1527 1968 1527 1962 1527 3142 1528 1964 1528 3133 1528 1899 1529 2910 1529 1904 1529 1903 1530 2909 1530 2900 1530 1903 1531 2900 1531 1907 1531 1908 1532 2901 1532 2897 1532 1908 1533 2897 1533 1910 1533 1911 1534 2898 1534 2894 1534 1911 1535 2894 1535 1913 1535 1914 1536 2895 1536 2891 1536 1914 1537 2891 1537 1916 1537 1917 1538 2892 1538 2887 1538 1918 1539 2888 1539 1920 1539 1921 1540 2889 1540 2884 1540 1921 1541 2884 1541 1923 1541 1924 1542 2885 1542 2880 1542 1924 1543 2880 1543 1926 1543 1927 1544 2881 1544 2877 1544 1927 1545 2877 1545 1929 1545 1930 1546 2878 1546 2873 1546 1930 1547 2873 1547 1932 1547 1933 1548 2874 1548 2848 1548 1933 1549 2848 1549 1935 1549 1937 1550 2849 1550 3087 1550 1936 1551 3086 1551 1939 1551 1940 1552 3088 1552 3079 1552 1940 1553 3079 1553 1942 1553 1943 1554 3080 1554 3067 1554 1944 1555 3068 1555 1946 1555 1947 1556 3069 1556 3061 1556 1947 1557 3061 1557 1949 1557 1950 1558 3062 1558 3054 1558 1950 1559 3054 1559 1952 1559 2954 1560 2085 1560 2956 1560 2957 1561 2086 1561 2081 1561 2957 1562 2081 1562 2959 1562 2960 1563 2082 1563 2078 1563 2960 1564 2078 1564 2962 1564 2964 1565 2079 1565 2075 1565 2963 1566 2074 1566 2966 1566 2967 1567 2076 1567 2071 1567 2967 1568 2071 1568 2969 1568 2970 1569 2072 1569 2068 1569 2970 1570 2068 1570 2972 1570 2973 1571 2069 1571 2064 1571 2974 1572 2065 1572 2977 1572 2978 1573 2066 1573 2061 1573 2978 1574 2061 1574 2938 1574 2939 1575 2062 1575 2058 1575 2939 1576 2058 1576 2942 1576 2943 1577 2059 1577 2054 1577 2944 1578 2055 1578 3022 1578 3023 1579 2056 1579 2051 1579 3023 1580 2051 1580 2837 1580 2839 1581 2052 1581 2048 1581 2838 1582 2047 1582 3036 1582 3038 1583 2049 1583 2044 1583 3037 1584 2043 1584 3044 1584 3045 1585 2045 1585 1953 1585 3045 1586 1953 1586 3055 1586 2084 1587 2953 1587 2089 1587 2088 157 2952 157 3016 157 2088 157 3016 157 2091 157 2092 1588 3017 1588 3013 1588 2092 1589 3013 1589 2095 1589 2096 1590 3014 1590 3010 1590 2096 1591 3010 1591 2099 1591 2100 1592 3011 1592 3006 1592 2101 1593 3007 1593 2103 1593 2104 1594 3008 1594 3003 1594 2104 1595 3003 1595 2106 1595 2107 1596 3004 1596 2999 1596 2108 1597 3000 1597 2110 1597 2111 1598 3001 1598 2996 1598 2111 1599 2996 1599 2113 1599 2114 1600 2997 1600 2993 1600 2114 1601 2993 1601 2116 1601 2117 1602 2994 1602 2990 1602 2117 1603 2990 1603 2119 1603 2120 1604 2991 1604 2987 1604 2120 1605 2987 1605 2122 1605 2124 1606 2988 1606 3098 1606 2123 1607 3097 1607 2126 1607 2127 1608 3099 1608 2860 1608 2128 1609 2861 1609 2130 1609 2131 1610 2862 1610 3113 1610 2132 1611 3114 1611 2134 1611 2135 1612 3115 1612 3121 1612 2136 1613 3122 1613 2138 1613 2140 1614 3123 1614 3134 1614 2139 1615 3132 1615 1963 1615 2578 1616 2705 1616 2638 1616 2638 1617 2705 1617 2816 1617 2684 1618 2727 1618 2547 1618 2547 1619 2727 1619 2558 1619 2718 1620 2563 1620 2720 1620 2721 1621 2564 1621 2560 1621 2721 1621 2560 1621 2723 1621 2724 1622 2561 1622 2557 1622 2724 1623 2557 1623 2726 1623 2563 1624 2718 1624 2567 1624 2566 1625 2717 1625 2715 1625 2566 1626 2715 1626 2570 1626 2569 1627 2714 1627 2712 1627 2569 1628 2712 1628 2573 1628 2572 1629 2711 1629 2709 1629 2572 1630 2709 1630 2576 1630 2575 1631 2708 1631 2706 1631 2575 1632 2706 1632 2579 1632 2795 1633 2785 1633 2661 1633 2661 1634 2785 1634 2604 1634 2806 1635 2646 1635 2811 1635 2810 1636 2645 1636 2643 1636 2809 1637 2642 1637 2814 1637 2813 1638 2641 1638 2639 1638 2813 1639 2639 1639 2817 1639 2646 1635 2806 1635 2648 1635 2649 1640 2807 1640 2803 1640 2649 1640 2803 1640 2651 1640 2652 1641 2804 1641 2800 1641 2652 1642 2800 1642 2654 1642 2655 1643 2801 1643 2797 1643 2655 1644 2797 1644 2657 1644 2658 1645 2798 1645 2794 1645 2658 1646 2794 1646 2660 1646 2697 1647 2532 1647 2699 1647 2700 1648 2533 1648 2529 1648 2700 1649 2529 1649 2702 1649 2703 1650 2530 1650 934 1650 2703 1651 934 1651 931 1651 2532 1652 2697 1652 2536 1652 2535 1653 2696 1653 2694 1653 2535 1653 2694 1653 2539 1653 2538 1654 2693 1654 2691 1654 2538 1654 2691 1654 2542 1654 2541 1655 2690 1655 2688 1655 2541 1655 2688 1655 2545 1655 2544 1656 2687 1656 2685 1656 2544 1657 2685 1657 2548 1657 3178 1658 3184 1658 3185 1658 3178 1659 3188 1659 3184 1659 3194 1660 3196 1660 3200 1660 3193 1661 3199 1661 3205 1661 3210 1662 3214 1662 3215 1662 3221 1663 3211 1663 3216 1663 3224 1664 3184 1664 3227 1664 3227 1665 3184 1665 3230 1665 3230 1666 3184 1666 3188 1666 3235 1667 3239 1667 3242 1667 3215 1668 3214 1668 3243 1668 3247 1669 3250 1669 3184 1669 3250 1670 3253 1670 3184 1670 3253 1671 3185 1671 3184 1671 3256 1672 3259 1672 3262 1672 3269 1673 2626 1673 2762 1673 3269 1674 2762 1674 3275 1674 3269 1675 3275 1675 3280 1675 3269 1676 3280 1676 3284 1676 3269 1677 3284 1677 3287 1677 3291 1678 3296 1678 3297 1678 3292 1679 3298 1679 3301 1679 3293 1680 3302 1680 3307 1680 3291 1681 3306 1681 3310 1681 3291 1682 3310 1682 3314 1682 3291 1683 3314 1683 3318 1683 3291 1684 3318 1684 3321 1684 3292 1685 3322 1685 3326 1685 3293 1686 3327 1686 3244 1686 3291 1687 3243 1687 3214 1687 3332 1688 3336 1688 3338 1688 3332 1689 3338 1689 3342 1689 3332 1690 3342 1690 3346 1690 3332 1691 3346 1691 3349 1691 3332 1692 3349 1692 3352 1692 2761 1693 3355 1693 3360 1693 2762 1694 3361 1694 3365 1694 2762 1695 3365 1695 3369 1695 2762 1696 3369 1696 3373 1696 2762 1697 3373 1697 3377 1697 2762 1698 3377 1698 3381 1698 2762 1699 3381 1699 3385 1699 2762 1700 3385 1700 3388 1700 2762 1701 3388 1701 3391 1701 2762 1702 3391 1702 3394 1702 2762 1703 3394 1703 3397 1703 2762 1704 3397 1704 3400 1704 2762 1705 3400 1705 3403 1705 2762 1706 3403 1706 3406 1706 2762 1707 3406 1707 3409 1707 2762 1708 3409 1708 3210 1708 2762 1709 3210 1709 3220 1709 2762 1710 3220 1710 3412 1710 2762 1711 3412 1711 3416 1711 2762 1712 3416 1712 3420 1712 2762 1713 3420 1713 3423 1713 2762 1714 3423 1714 3426 1714 2762 1715 3426 1715 3429 1715 2762 1716 3429 1716 3433 1716 2762 1717 3433 1717 3437 1717 2762 1718 3437 1718 3441 1718 2763 1719 3442 1719 3277 1719 3447 1720 3451 1720 3456 1720 3446 1721 3455 1721 3459 1721 3446 1722 3459 1722 3463 1722 3274 1723 3445 1723 3462 1723 3275 1724 3463 1724 3466 1724 3275 1725 3466 1725 3469 1725 3276 1726 3470 1726 3281 1726 2759 1727 3473 1727 3477 1727 2759 1728 3477 1728 3479 1728 2758 1729 3478 1729 3482 1729 2759 1730 3483 1730 3486 1730 2759 1731 3486 1731 3490 1731 2759 1732 3490 1732 3493 1732 2759 1733 3493 1733 3356 1733 2759 1734 3356 1734 2762 1734 3479 1735 3477 1735 3193 1735 3479 1736 3193 1736 3205 1736 3478 1737 3204 1737 3496 1737 3479 1738 3497 1738 3500 1738 3479 1739 3500 1739 3504 1739 3479 1740 3504 1740 3508 1740 3479 1741 3508 1741 3512 1741 3479 1742 3512 1742 3515 1742 3479 1743 3515 1743 3518 1743 3479 1744 3518 1744 3521 1744 3479 1745 3521 1745 3184 1745 3479 1746 3184 1746 3224 1746 3478 1747 3223 1747 3522 1747 3479 1748 3523 1748 3527 1748 3479 1749 3527 1749 3530 1749 3479 1750 3530 1750 3533 1750 3479 1751 3533 1751 3536 1751 3479 1752 3536 1752 3541 1752 3478 1753 3540 1753 3545 1753 3352 1754 3195 1754 3193 1754 3352 1755 3193 1755 3551 1755 3352 1756 3551 1756 3554 1756 3352 1757 3554 1757 3557 1757 3352 1758 3557 1758 3560 1758 3352 1759 3560 1759 3564 1759 3352 1760 3564 1760 3567 1760 3352 1761 3567 1761 3571 1761 3352 1762 3571 1762 3574 1762 3352 1763 3574 1763 3577 1763 3352 1764 3577 1764 3580 1764 3352 1765 3580 1765 3332 1765 3388 1766 3385 1766 3584 1766 3388 1767 3584 1767 3588 1767 3388 1768 3588 1768 3592 1768 3388 1769 3592 1769 3239 1769 3388 1770 3239 1770 3235 1770 3337 1771 3593 1771 3598 1771 3338 1772 3599 1772 3603 1772 3338 1773 3603 1773 3606 1773 3338 1774 3606 1774 3609 1774 3338 1775 3609 1775 3612 1775 3338 1776 3612 1776 3616 1776 3338 1777 3616 1777 3247 1777 3338 1778 3247 1778 3184 1778 3338 1779 3184 1779 3621 1779 3338 1780 3621 1780 3624 1780 3338 1781 3624 1781 3628 1781 3338 1782 3628 1782 3631 1782 3338 1783 3631 1783 3634 1783 3338 1784 3634 1784 3636 1784 3338 1785 3636 1785 3638 1785 3338 1786 3638 1786 3642 1786 3337 1787 3641 1787 3341 1787 3287 1788 3647 1788 3651 1788 3287 1789 3651 1789 3655 1789 3287 1790 3655 1790 3659 1790 3287 1791 3659 1791 3663 1791 3288 1792 3664 1792 3270 1792 2626 1793 3269 1793 3668 1793 2626 1794 3668 1794 3672 1794 2626 1795 3672 1795 3676 1795 2626 1796 3676 1796 3680 1796 2626 1797 3680 1797 3683 1797 2626 1798 3683 1798 3685 1798 2627 1799 3686 1799 3689 1799 2632 1800 2626 1800 3688 1800 2632 1801 3688 1801 3692 1801 2632 1802 3692 1802 3695 1802 2632 1803 3695 1803 3699 1803 2632 1804 3699 1804 3703 1804 2632 1805 3703 1805 3338 1805 2632 1806 3338 1806 3336 1806 2631 1807 3335 1807 3708 1807 3455 1808 3449 1808 3711 1808 3712 1809 3450 1809 3714 1809 3711 1810 3713 1810 3296 1810 3296 1811 3713 1811 3297 1811 3546 1812 3542 1812 3719 1812 3718 1813 3541 1813 3724 1813 3717 1814 3723 1814 3728 1814 3734 1815 3736 1815 3724 1815 3724 1816 3736 1816 3739 1816 3725 1817 3740 1817 3729 1817 3235 1818 3242 1818 3734 1818 3734 1819 3242 1819 3744 1819 3734 1820 3744 1820 3736 1820 3599 1821 3594 1821 3262 1821 3263 1822 3595 1822 3747 1822 3262 1823 3746 1823 3256 1823 3262 1824 3259 1824 3752 1824 3752 1825 3259 1825 3754 1825 3752 1820 3754 1820 3758 1820 3752 1826 3758 1826 3647 1826 3647 1827 3758 1827 3762 1827 3647 1828 3762 1828 3651 1828 2776 1829 2611 1829 2780 1829 2779 1830 2610 1831 2608 1832 2779 1830 2608 1832 2783 1833 2782 1834 2607 1834 2605 1834 2782 1835 2605 1835 2786 1835 2611 1836 2776 1836 2613 1836 2614 1837 2777 1837 2772 1837 2615 1838 2773 1838 2617 1838 2618 1839 2774 1839 2769 1839 2618 1840 2769 1840 2620 1840 2621 1841 2770 1841 2766 1841 2621 1842 2766 1842 2623 1842 2624 1843 2767 1843 2764 1843 2624 1844 2764 1844 2628 1844 2663 1845 2791 1845 1956 1845 1956 1846 2791 1846 1896 1846 2755 1847 2748 1847 3765 1847 2755 1848 3765 1848 3769 1848 2755 1849 3769 1849 3772 1849 2755 1850 3772 1850 3775 1850 2755 1851 3775 1851 3778 1851 2755 1852 3778 1852 3781 1852 2755 1853 3781 1853 3785 1853 2755 1854 3785 1854 3788 1854 2755 1855 3788 1855 3791 1855 2755 1856 3791 1856 3794 1856 2755 1857 3794 1857 3798 1857 2754 1858 3797 1858 3801 1858 3806 1859 3812 1859 3816 1859 3806 1860 3816 1860 3819 1860 3806 1861 3819 1861 3822 1861 3806 1862 3822 1862 3825 1862 3806 1863 3825 1863 3828 1863 3806 1864 3828 1864 3831 1864 3806 1865 3831 1865 3835 1865 3806 1866 3835 1866 3838 1866 3806 1867 3838 1867 3842 1867 3806 1868 3842 1868 3845 1868 3806 1869 3845 1869 3848 1869 3806 1870 3848 1870 3851 1870 3806 1871 3851 1871 3854 1871 3806 1872 3854 1872 3857 1872 3806 1873 3857 1873 3862 1873 3808 1874 3863 1874 3868 1874 3862 1875 2755 1875 3802 1875 3862 1876 3802 1876 3871 1876 3862 1877 3871 1877 3874 1877 3862 1878 3874 1878 3877 1878 3862 1879 3877 1879 3881 1879 3861 1880 3880 1880 3867 1880 2748 1881 2596 1881 3884 1881 2748 1882 3884 1882 3887 1882 2748 1883 3887 1883 3890 1883 2748 1884 3890 1884 3893 1884 2748 1885 3893 1885 3896 1885 2748 1886 3896 1886 3900 1886 2748 1887 3900 1887 3903 1887 2748 1888 3903 1888 3907 1888 2748 1889 3907 1889 3910 1889 2748 1890 3910 1890 3913 1890 2748 1891 3913 1891 3916 1891 2748 1892 3916 1892 3919 1892 2748 1893 3919 1893 3922 1893 2748 1894 3922 1894 3925 1894 2748 1895 3925 1895 3928 1895 2748 1896 3928 1896 3931 1896 2748 1897 3931 1897 3934 1897 2748 1898 3934 1898 3937 1898 2749 1899 3938 1899 3941 1899 2750 1900 3942 1900 3766 1900 2636 1901 3946 1901 3950 1901 2635 1902 3949 1902 3953 1902 2635 1903 3953 1903 3956 1903 2635 1904 3956 1904 3960 1904 2635 1905 3960 1905 3963 1905 2635 1906 3963 1906 3966 1906 2635 1907 3966 1907 3969 1907 2635 1908 3969 1908 3972 1908 2635 1909 3972 1909 3975 1909 2635 1910 3975 1910 3978 1910 2635 1911 3978 1911 3981 1911 2635 1912 3981 1912 2596 1912 3813 1913 3807 1913 3986 1913 3811 1914 3985 1914 3989 1914 3812 1915 3990 1915 3993 1915 3812 1916 3993 1916 3996 1916 3812 1917 3996 1917 3999 1917 3812 1918 3999 1918 3945 1918 3812 1919 3945 1919 2635 1919 2597 1920 3982 1920 4002 1920 2598 1921 4003 1921 4007 1921 2596 1922 4006 1922 4010 1922 2596 1923 4010 1923 4013 1923 2596 1924 4013 1924 4016 1924 2596 1925 4016 1925 4019 1925 2596 1926 4019 1926 4022 1926 2596 1927 4022 1927 4025 1927 2596 1928 4025 1928 4028 1928 2596 1929 4028 1929 4031 1929 2596 1930 4031 1930 4035 1930 2596 1931 4035 1931 4038 1931 2596 1932 4038 1932 4042 1932 2596 1933 4042 1933 4045 1933 2596 1934 4045 1934 4048 1934 2596 1935 4048 1935 4051 1935 2596 1936 4051 1936 4054 1936 2596 1937 4054 1937 4057 1937 2596 1938 4057 1938 3884 1938 2599 1939 2751 1939 2602 1939 2602 1940 2751 1940 2789 1940 2601 1941 2788 1941 2667 1941 2667 1942 2788 1942 2832 1942 2666 1943 2831 1943 2670 1943 2670 1944 2831 1944 2829 1944 2669 1945 2828 1945 2673 1945 2673 1946 2828 1946 2826 1946 2672 1947 2825 1947 2676 1947 2676 1948 2825 1948 2823 1948 2675 1949 2822 1949 2679 1949 2679 1950 2822 1950 2820 1950 2678 1951 2819 1951 2664 1951 2664 1951 2819 1951 2792 1951 2555 1952 2730 1952 2581 1952 2581 1953 2730 1953 2745 1953 2582 1954 2746 1954 2584 1954 2584 1955 2746 1955 2742 1955 2585 1956 2743 1956 2587 1956 2587 1956 2743 1956 2739 1956 2588 1957 2740 1957 2590 1957 2590 1958 2740 1958 2736 1958 2591 1959 2737 1959 2593 1959 2593 1960 2737 1960 2732 1960 2594 1961 2734 1961 2551 1961 2550 1962 2733 1962 2681 1962 2552 1963 2682 1963 1575 1963 1575 1964 2682 1964 1499 1964 909 1965 1478 1965 877 1965 877 1966 1478 1966 1430 1966 937 1967 1571 1967 1189 1967 1189 1968 1571 1968 1774 1968 1190 1969 1776 1969 1193 1969 1192 1970 1775 1970 1771 1970 1194 1971 1772 1971 750 1971 750 1972 1772 1972 1324 1972 751 1973 1325 1973 918 1973 918 1974 1325 1974 1495 1974 919 1975 1496 1975 921 1975 921 1976 1496 1976 1492 1976 922 1977 1493 1977 924 1977 924 1978 1493 1978 1489 1978 925 1979 1490 1979 927 1979 927 1980 1490 1980 1486 1980 928 1981 1487 1981 908 1981 908 1982 1487 1982 1477 1982 999 1983 1228 1983 1503 1983 1503 1984 1228 1984 1808 1984 876 1985 1429 1985 882 1985 882 1986 1429 1986 1427 1986 881 1987 1426 1987 886 1987 886 1988 1426 1988 1424 1988 885 1989 1423 1989 890 1989 890 1990 1423 1990 1420 1990 889 1991 1419 1991 893 1991 893 1992 1419 1992 1417 1992 892 1993 1416 1993 844 1993 844 1994 1416 1994 1413 1994 843 1995 1412 1995 1225 1995 1225 1996 1412 1996 1805 1996 1224 1997 1804 1997 1230 1997 1229 1998 1803 1998 1809 1998 3834 1999 3566 1999 3837 1999 3837 2000 3566 2000 3563 2000 2753 2001 3858 2001 2757 2001 2757 2002 3858 2002 3471 2002 3836 2003 3561 2003 3840 2003 3841 2004 3562 2004 3559 2004 3839 2005 3558 2005 3844 2005 3844 2006 3558 2006 3556 2006 3843 2007 3555 2007 3847 2007 3847 2008 3555 2008 3553 2008 3846 2009 3552 2009 3850 2009 3850 2010 3552 2010 3550 2010 3849 2011 3549 2011 3853 2011 3853 2012 3549 2012 3192 2012 3852 2013 3191 2014 3856 2015 3856 2015 3191 2014 3476 2016 3855 2017 3475 2017 3860 2017 3859 2018 3474 2018 3472 2018 2634 2019 2630 2019 3809 2019 3809 2020 2630 2020 3706 2020 3810 2021 3707 2021 3814 2021 3814 2022 3707 2022 3333 2022 3815 2023 3334 2024 3817 2025 3817 2025 3334 2024 3330 2026 3818 2027 3331 2027 3820 2027 3820 2028 3331 2028 3578 2028 3821 2029 3579 2029 3823 2029 3823 2030 3579 2030 3575 2030 3824 2031 3576 2031 3826 2031 3826 2032 3576 2032 3572 2032 3827 2033 3573 2033 3829 2033 3829 2034 3573 2034 3568 2034 3830 2035 3569 2035 3832 2035 3833 2036 3570 2036 3565 2036 4060 2037 4065 2037 4069 2037 4073 2038 4077 2038 4080 2038 4077 2039 4083 2039 4080 2039 4083 2040 4086 2040 4080 2040 4086 2041 4089 2041 4080 2041 4092 2042 4095 2042 4098 2042 4101 2043 4080 2043 4104 2043 4104 2044 4080 2044 4107 2044 4107 2045 4080 2045 4110 2045 4110 2046 4080 2046 4089 2046 4113 2047 4117 2047 4120 2047 4124 2048 4127 2048 4130 2048 4134 2049 4138 2049 4142 2049 4145 2050 4148 2050 4151 2050 4145 2051 4151 2051 4154 2051 4145 2052 4154 2052 4159 2052 4145 2053 4159 2053 4163 2053 4168 2054 4173 2054 4176 2054 4168 2055 4176 2055 4179 2055 4169 2056 4180 2056 4185 2056 4190 2057 4193 2057 4196 2057 4190 2058 4196 2058 4199 2058 4190 2059 4199 2059 4173 2059 4189 2060 4172 2060 4167 2060 4202 2061 4205 2061 4208 2061 4202 2062 4208 2062 4211 2062 4202 2063 4211 2063 4214 2063 4202 2064 4214 2064 4193 2064 4202 2065 4193 2065 4190 2065 4202 2066 4190 2066 4218 2066 4202 2067 4218 2067 4221 2067 4202 2068 4221 2068 4224 2068 4202 2069 4224 2069 4228 2069 4208 2070 4205 2070 4232 2070 4208 2071 4232 2071 4235 2071 4208 2072 4235 2072 4239 2072 4208 2073 4239 2073 4242 2073 4208 2074 4242 2074 4245 2074 4208 2075 4245 2075 4248 2075 4208 2076 4248 2076 4251 2076 4208 2077 4251 2077 4254 2077 4257 2078 4261 2078 4265 2078 4257 2079 4265 2079 4269 2079 4257 2080 4269 2080 4273 2080 4257 2081 4273 2081 4277 2081 4257 2082 4277 2082 4281 2082 4151 2083 4284 2083 4287 2083 4151 2084 4287 2084 4290 2084 4151 2085 4290 2085 4293 2085 4151 2086 4293 2086 4296 2086 4151 2087 4296 2087 4299 2087 4151 2088 4299 2088 4154 2088 4159 2089 4303 2089 4228 2089 4158 2090 4227 2090 4308 2090 4160 2091 4309 2091 4313 2091 4159 2092 4312 2092 4317 2092 4159 2093 4317 2093 4320 2093 4159 2094 4320 2094 4323 2094 4159 2095 4323 2095 4327 2095 4159 2096 4327 2096 4332 2096 4159 2097 4332 2097 4335 2097 4159 2098 4335 2098 4338 2098 4159 2099 4338 2099 4341 2099 4159 2100 4341 2100 4345 2100 4159 2101 4345 2101 4348 2101 4159 2102 4348 2102 4351 2102 4159 2103 4351 2103 4354 2103 4159 2104 4354 2104 4163 2104 4331 2105 4326 2105 4358 2105 4331 2106 4358 2106 4362 2106 4332 2107 4363 2107 4366 2107 4370 2108 4374 2108 4378 2108 4370 2109 4378 2109 4382 2109 4370 2110 4382 2110 4385 2110 4371 2111 4386 2111 4390 2111 4369 2112 4389 2112 4260 2112 4378 2113 4374 2113 4393 2113 4378 2114 4393 2114 4396 2114 4378 2115 4396 2115 4399 2115 4378 2116 4399 2116 4402 2116 4378 2117 4402 2117 4405 2117 4378 2118 4405 2118 4408 2118 4378 2119 4408 2119 4411 2119 4378 2120 4411 2120 4065 2120 4379 2121 4066 2121 4061 2121 4415 2122 4418 2122 4421 2122 4415 2123 4421 2123 4425 2123 4415 2124 4425 2124 4428 2124 4415 2125 4428 2125 4069 2125 4415 2126 4069 2126 4065 2126 4431 2127 4151 2127 4148 2127 4431 2128 4148 2128 4434 2128 4431 2129 4434 2129 4438 2129 4431 2130 4438 2130 4441 2130 4431 2131 4441 2131 4444 2131 4431 2132 4444 2132 4418 2132 4431 2133 4418 2133 4415 2133 4261 2134 4257 2134 4447 2134 4261 2135 4447 2135 4450 2135 4261 2136 4450 2136 4453 2136 4261 2137 4453 2137 4456 2137 4261 2138 4456 2138 4459 2138 4261 2139 4459 2139 4462 2139 4261 2140 4462 2140 4465 2140 4261 2141 4465 2141 4468 2141 4261 2142 4468 2142 4471 2142 4261 2143 4471 2143 4474 2143 4261 2144 4474 2144 4477 2144 4261 2145 4477 2145 4480 2145 4261 2146 4480 2146 4483 2146 4261 2147 4483 2147 4486 2147 4261 2148 4486 2148 4490 2148 4261 2149 4490 2149 4370 2149 4378 2150 4493 2150 4496 2150 4378 2151 4496 2151 4499 2151 4378 2152 4499 2152 4502 2152 4378 2153 4502 2153 4506 2153 4378 2154 4506 2154 4509 2154 4378 2155 4509 2155 4513 2155 4377 2156 4512 2156 4072 2156 4378 2157 4073 2157 4080 2157 4378 2158 4080 2158 4516 2158 4378 2159 4516 2159 4519 2159 4378 2160 4519 2160 4523 2160 4378 2161 4523 2161 4526 2161 4378 2162 4526 2162 4529 2162 4378 2163 4529 2163 4532 2163 4378 2164 4532 2164 4536 2164 4378 2165 4536 2165 4540 2165 4378 2166 4540 2166 4382 2166 4163 2167 4543 2167 4546 2167 4163 2168 4546 2168 4550 2168 4163 2169 4550 2169 4553 2169 4163 2170 4553 2170 4556 2170 4163 2171 4556 2171 4145 2171 4303 2172 4159 2172 4559 2172 4303 2173 4559 2173 4562 2173 4303 2174 4562 2174 4565 2174 4303 2175 4565 2175 4568 2175 4303 2176 4568 2176 4571 2176 4304 2177 4572 2177 4575 2177 4304 2178 4575 2178 4578 2178 4278 2179 4274 2179 4583 2179 4277 2180 4582 2180 4587 2180 4277 2181 4587 2181 4591 2181 4277 2182 4591 2182 4595 2182 4277 2183 4595 2183 4599 2183 4277 2184 4599 2184 4603 2184 4277 2185 4603 2185 4606 2185 4277 2186 4606 2186 4609 2186 4277 2187 4609 2187 4080 2187 4277 2188 4080 2188 4101 2188 4277 2189 4101 2189 4612 2189 4277 2190 4612 2190 4615 2190 4277 2191 4615 2191 4618 2191 4277 2192 4618 2192 4621 2192 4277 2193 4621 2193 4624 2193 4277 2194 4624 2194 4627 2194 4277 2195 4627 2195 4630 2195 4633 2196 4211 2196 4637 2196 4633 2197 4637 2197 4640 2197 4633 2198 4640 2198 4644 2198 4633 2199 4644 2199 4117 2199 4633 2200 4117 2200 4113 2200 4211 2201 4208 2201 4647 2201 4211 2202 4647 2202 4650 2202 4211 2203 4650 2203 4637 2203 4302 2204 4653 2204 4656 2204 4304 2205 4657 2205 4660 2205 4304 2206 4660 2206 4663 2206 4305 2207 4664 2207 4668 2207 4303 2208 4667 2208 4671 2208 4303 2209 4671 2209 4674 2209 4303 2210 4674 2210 4202 2210 4303 2211 4202 2211 4228 2211 4277 2212 4134 2212 4142 2212 4277 2213 4142 2213 4677 2213 4277 2214 4677 2214 4680 2214 4277 2215 4680 2215 4683 2215 4277 2216 4683 2216 4687 2216 4277 2217 4687 2217 4690 2217 4277 2218 4690 2218 4694 2218 4277 2219 4694 2219 4697 2219 4277 2220 4697 2220 4281 2220 4700 2221 4142 2221 4138 2221 4701 2222 4139 2222 4706 2222 4700 2223 4705 2223 4710 2223 4700 2224 4710 2224 4713 2224 4700 2225 4713 2225 4716 2225 4700 2226 4716 2226 4719 2226 4700 2227 4719 2227 4722 2227 4722 2228 4719 2228 4726 2228 4722 2229 4726 2229 4730 2229 4722 2230 4730 2230 4733 2230 4722 2231 4733 2231 4254 2231 4722 2232 4254 2232 4251 2232 4184 2233 4179 2233 4737 2233 4737 2234 4179 2234 4740 2234 4737 2235 4740 2235 4745 2235 4745 2236 4740 2236 4749 2236 4744 2237 4748 2237 4753 2237 4754 2238 4749 2238 4758 2238 4758 2239 4749 2239 4127 2239 4758 2240 4127 2240 4124 2240 4332 2241 4366 2241 4761 2241 4761 2242 4366 2242 4764 2242 4761 2243 4764 2243 4127 2243 4127 2244 4764 2244 4767 2244 4127 2245 4767 2245 4130 2245 4496 2246 4493 2246 4098 2246 4098 2247 4493 2247 4771 2247 4098 2248 4771 2248 4092 2248 4098 2249 4095 2249 4774 2249 4774 2250 4095 2250 4778 2250 4774 2251 4778 2251 4781 2251 4774 2252 4781 2252 4543 2252 4543 2253 4781 2253 4784 2253 4543 2254 4784 2254 4546 2254 4630 2255 4627 2255 4787 2255 4787 2256 4627 2256 4790 2256 4787 2257 4790 2257 4793 2257 4113 2258 4120 2258 4790 2258 4790 2259 4120 2259 4797 2259 4790 2260 4797 2260 4793 2260 3315 2261 4642 2261 3320 2261 3319 2262 4641 2262 4639 2262 3319 2263 4639 2263 3325 2263 3323 2264 4638 2264 4635 2264 3324 2265 4636 2265 3329 2265 3328 2266 4634 2266 4649 2266 3328 2267 4649 2267 3246 2267 3245 2268 4648 2268 4646 2268 3245 2269 4646 2269 3218 2269 3217 2270 4645 2270 4207 2270 3217 2271 4207 2271 3222 2271 4643 2272 3317 2272 4115 2272 4114 2273 3316 2273 3312 2273 4116 2274 3313 2274 4119 2274 4118 2275 3311 2275 3309 2275 4118 2276 3309 2276 4796 2276 4795 2277 3308 2277 3305 2277 4794 2278 3304 2278 4792 2278 4791 2279 3303 2279 3300 2279 4791 2280 3300 2280 4786 2280 4785 2281 3299 2281 3716 2281 4785 2282 3716 2282 4629 2282 4628 2283 3715 2283 3452 2283 4628 2284 3452 2284 4276 2284 3428 2285 4712 2285 3432 2285 3430 2286 4711 2286 4708 2286 3431 2287 4709 2287 3436 2287 3435 2288 4707 2288 4704 2288 3434 2289 4703 2289 3440 2289 3439 2290 4702 2290 4137 2290 3438 2291 4136 2291 3273 2291 3271 2292 4135 2292 4132 2292 3272 2293 4133 2293 3444 2293 3443 2294 4131 2294 4275 2294 3443 2295 4275 2295 3448 2295 4712 2296 3428 2296 4715 2296 4714 2297 3427 2297 3425 2297 4714 2298 3425 2298 4718 2298 4717 2299 3424 2299 3422 2299 4717 2300 3422 2300 4725 2300 4723 2301 3421 2301 3418 2301 4724 2302 3419 2302 4729 2302 4727 2303 3417 2303 3414 2303 4728 2304 3415 2304 4732 2304 4731 2305 3413 2305 3411 2305 4731 2306 3411 2306 4253 2306 4252 2307 3410 2307 3219 2307 4252 2308 3219 2308 4206 2308 3353 2309 4443 2309 3198 2309 3197 2310 4442 2310 4440 2310 3197 2311 4440 2311 3203 2311 3202 2312 4439 2312 4437 2312 3201 2313 4436 2313 3207 2313 3206 2314 4435 2314 4433 2314 3206 2315 4433 2315 3499 2315 3498 2316 4432 2316 4147 2316 3498 2317 4147 2317 3502 2317 3501 2318 4146 2318 4144 2318 3501 2319 4144 2319 3505 2319 4443 2320 3353 2320 4416 2320 4417 2321 3354 2321 3351 2321 4417 2322 3351 2322 4420 2322 4419 2323 3350 2323 3348 2323 4419 2324 3348 2324 4424 2324 4422 2325 3347 2325 3344 2325 4423 2326 3345 2326 4427 2326 4426 2327 3343 2327 3644 2327 4426 2328 3644 2328 4068 2328 4067 2329 3643 2329 3640 2329 4067 2330 3640 2330 4059 2330 4058 2331 3639 2331 3637 2331 4058 2332 3637 2332 4376 2332 3181 2333 4776 2333 3620 2333 3619 2334 4775 2334 4094 2334 3619 2335 4094 2335 3623 2335 3622 2336 4093 2336 4091 2336 3622 2337 4091 2337 3627 2337 3625 2338 4090 2338 4769 2338 3626 2339 4770 2339 3630 2339 3629 2340 4768 2340 4492 2340 3629 2341 4492 2341 3633 2341 3632 2342 4491 2342 4375 2342 3632 2343 4375 2343 3635 2343 4777 2344 3183 2344 4780 2344 4779 2345 3182 2345 3520 2345 4779 2346 3520 2346 4783 2346 4782 2347 3519 2347 3517 2347 4782 2348 3517 2348 4545 2348 4544 2349 3516 2349 3514 2349 4544 2350 3514 2350 4549 2350 4548 2351 3513 2351 3511 2351 4547 2352 3510 2352 4552 2352 4551 2353 3509 2353 3507 2353 4551 2354 3507 2354 4555 2354 4554 2355 3506 2355 3503 2355 4554 2356 3503 2356 4143 2356 3745 2357 4765 2357 3737 2357 3738 2358 4766 2358 4762 2358 3738 2359 4762 2359 3741 2359 3742 2360 4763 2360 4364 2360 3742 2361 4364 2361 3730 2361 3731 2362 4365 2362 4359 2362 3732 2363 4360 2363 3720 2363 3722 2364 4361 2364 4356 2364 3721 2365 4355 2365 3547 2365 3548 2366 4357 2366 4325 2366 3548 2367 4325 2367 3481 2367 4765 2368 3745 2368 4129 2368 4128 2369 3743 2369 3240 2369 4128 2370 3240 2370 4121 2370 4123 2371 3241 2371 3237 2371 4122 2372 3236 2372 4755 2372 4756 2373 3238 2373 3589 2373 4757 2374 3590 2374 4750 2374 4751 2375 3591 2375 3585 2375 4752 2376 3586 2376 4741 2376 4743 2377 3587 2377 3582 2377 4742 2378 3581 2378 4734 2378 4735 2379 3583 2379 3383 2379 4736 2380 3384 2380 4183 2380 3359 2381 4222 2381 3363 2381 3364 2382 4223 2382 4219 2382 3364 2383 4219 2383 3366 2383 3368 2384 4220 2384 4216 2384 3367 2385 4215 2385 3370 2385 3372 2386 4217 2386 4187 2386 3371 2387 4186 2387 3374 2387 3376 2388 4188 2388 4165 2388 3375 2389 4164 2389 3378 2389 3380 2390 4166 2390 4182 2390 3379 2391 4181 2391 3382 2391 4222 2392 3359 2392 4225 2392 4226 2393 3362 2393 3357 2393 4226 2394 3357 2394 4306 2394 4307 2395 3358 2395 3494 2395 4307 2396 3494 2396 4310 2396 4311 2397 3495 2397 3491 2397 4311 2398 3491 2398 4314 2398 4316 2399 3492 2399 3488 2399 4315 2400 3487 2400 4318 2400 4319 2401 3489 2401 3484 2401 4319 2402 3484 2402 4321 2402 4322 2403 3485 2403 3480 2403 4322 2404 3480 2404 4324 2404 3687 2405 4387 2405 3690 2405 3691 2406 4388 2406 4383 2406 3691 2407 4383 2407 3693 2407 3694 2408 4384 2408 4380 2408 3694 2409 4380 2409 3696 2409 3697 2410 4381 2410 4537 2410 3698 2411 4538 2411 3700 2411 3702 2412 4539 2412 4534 2412 3701 2413 4533 2413 3704 2413 3705 2414 4535 2414 4531 2414 3705 2415 4531 2415 3340 2415 4387 2416 3687 2416 4259 2416 4258 2417 3684 2417 3681 2417 4258 2418 3681 2418 4262 2418 4264 2419 3682 2419 3678 2419 4263 2420 3677 2420 4266 2420 4267 2421 3679 2421 3673 2421 4268 2422 3674 2422 4270 2422 4271 2423 3675 2423 3669 2423 4272 2424 3670 2424 4579 2424 4581 2425 3671 2425 3666 2425 4580 2426 3665 2426 4584 2426 4585 2427 3667 2427 3267 2427 4586 2428 3268 2428 4590 2428 3757 2429 4607 2429 3760 2429 3761 2430 4608 2430 4604 2430 3761 2431 4604 2431 3648 2431 3650 2432 4605 2432 4601 2432 3649 2433 4600 2433 3652 2433 3654 2434 4602 2434 4597 2434 3653 2435 4596 2435 3656 2435 3658 2436 4598 2436 4593 2436 3657 2437 4592 2437 3660 2437 3662 2438 4594 2438 4589 2438 3661 2439 4588 2439 3266 2439 4607 2440 3757 2440 4078 2440 4079 2441 3759 2441 3755 2441 4079 2442 3755 2442 4514 2442 4515 2395 3756 2395 3260 2395 4515 2396 3260 2396 4517 2396 4518 2443 3261 2443 3257 2443 4518 2444 3257 2444 4520 2444 4522 2399 3258 2399 3749 2399 4521 2400 3748 2400 4524 2400 4525 2445 3750 2445 3596 2445 4525 2446 3596 2446 4527 2446 4528 2447 3597 2447 3339 2447 4528 2448 3339 2448 4530 2448 3753 2449 4084 2449 3264 2449 3265 2450 4085 2450 4081 2450 3265 2451 4081 2451 3600 2451 3602 2452 4082 2452 4075 2452 3601 2453 4074 2453 3604 2453 3605 2454 4076 2454 4070 2454 3605 2455 4070 2455 3607 2455 3608 2456 4071 2456 4510 2456 3608 2457 4510 2457 3610 2457 3611 2458 4511 2458 4507 2458 3611 2459 4507 2459 3613 2459 3615 2460 4508 2460 4504 2460 3614 2461 4503 2461 3617 2461 3618 2462 4505 2462 4500 2462 3618 2463 4500 2463 3248 2463 3249 2464 4501 2464 4497 2464 3249 2465 4497 2465 3251 2465 3252 2466 4498 2466 4494 2466 3252 2467 4494 2467 3254 2467 3255 2468 4495 2468 4096 2468 3255 2469 4096 2469 3186 2469 3187 2470 4097 2470 4773 2470 3187 2471 4773 2471 3180 2471 4084 2472 3753 2472 4088 2472 4087 2473 3751 2473 3645 2473 4087 2474 3645 2474 4108 2474 4109 2475 3646 2475 3285 2475 4109 2476 3285 2476 4105 2476 4106 2477 3286 2477 3282 2477 4106 2478 3282 2478 4102 2478 4103 2479 3283 2479 3278 2479 4103 2480 3278 2480 4099 2480 4100 2481 3279 2481 3467 2481 4100 2482 3467 2482 4610 2482 4611 2483 3468 2483 3464 2483 4611 2484 3464 2484 4613 2484 4614 2485 3465 2485 3460 2485 4614 2486 3460 2486 4616 2486 4617 2487 3461 2487 3457 2487 4617 2488 3457 2488 4619 2488 4620 2489 3458 2489 3453 2489 4620 2490 3453 2490 4622 2490 4623 2491 3454 2491 3709 2491 4623 2492 3709 2492 4625 2492 4626 2493 3710 2493 3294 2493 4626 2494 3294 2494 4788 2494 4789 2495 3295 2495 3290 2495 4789 2496 3290 2496 4112 2496 3733 2497 4746 2497 3233 2497 3234 2498 4747 2498 4738 2498 3234 2499 4738 2499 3386 2499 3387 2500 4739 2500 4177 2500 3387 2501 4177 2501 3389 2501 3390 2502 4178 2502 4174 2502 3390 2503 4174 2503 3392 2503 3393 2504 4175 2504 4170 2504 3393 2505 4170 2505 3395 2505 3396 2506 4171 2506 4197 2506 3396 2507 4197 2507 3398 2507 3399 2508 4198 2508 4194 2508 3399 2509 4194 2509 3401 2509 3402 2510 4195 2510 4191 2510 3402 2511 4191 2511 3404 2511 3405 2512 4192 2512 4212 2512 3405 2513 4212 2513 3407 2513 3408 2514 4213 2514 4209 2514 3408 2515 4209 2515 3208 2515 3209 2516 4210 2516 4631 2516 3209 2517 4631 2517 3212 2517 3213 2518 4632 2518 4111 2518 3213 2519 4111 2519 3289 2519 4746 2520 3733 2520 4125 2520 4126 2521 3735 2521 3726 2521 4126 2522 3726 2522 4759 2522 4760 2523 3727 2523 3543 2523 4760 2524 3543 2524 4328 2524 4329 2525 3544 2525 3537 2525 4330 2526 3538 2526 4333 2526 4334 2527 3539 2527 3534 2527 4334 2528 3534 2528 4336 2528 4337 2529 3535 2529 3531 2529 4337 2530 3531 2530 4339 2530 4340 2531 3532 2531 3528 2531 4340 2532 3528 2532 4342 2532 4343 2533 3529 2533 3524 2533 4344 2534 3525 2534 4346 2534 4347 2535 3526 2535 3225 2535 4347 2536 3225 2536 4349 2536 4350 2537 3226 2537 3228 2537 4350 2538 3228 2538 4352 2538 4353 2539 3229 2539 3231 2539 4353 2540 3231 2540 4161 2540 4162 2541 3232 2541 3189 2541 4162 2542 3189 2542 4541 2542 4542 2543 3190 2543 3179 2543 4542 2544 3179 2544 4772 2544 4300 2545 3935 2545 4651 2545 4652 2546 3936 2546 3932 2546 4652 2547 3932 2547 4654 2547 4655 2548 3933 2548 3929 2548 4655 2549 3929 2549 4658 2549 4659 2550 3930 2550 3926 2550 4659 2551 3926 2551 4661 2551 4662 2552 3927 2552 3923 2552 4662 2553 3923 2553 4665 2553 4666 2554 3924 2554 3920 2554 4666 2555 3920 2555 4669 2555 4670 2556 3921 2556 3917 2556 4670 2557 3917 2557 4672 2557 4673 2558 3918 2558 3914 2558 4673 2559 3914 2559 4200 2559 4201 2560 3915 2560 3911 2560 4201 2561 3911 2561 4203 2561 4204 2562 3912 2562 3908 2562 4204 2563 3908 2563 4229 2563 4230 2564 3909 2564 3904 2564 4231 2565 3905 2565 4233 2565 4234 2566 3906 2566 3901 2566 4234 2567 3901 2567 4236 2567 4237 2568 3902 2568 3897 2568 4238 2569 3898 2569 4240 2569 4241 2570 3899 2570 3894 2570 4241 2571 3894 2571 4243 2571 4244 2572 3895 2572 3891 2572 4244 2573 3891 2573 4246 2573 4247 2574 3892 2574 3888 2574 4247 2575 3888 2575 4249 2575 4250 2576 3889 2576 3885 2576 4250 2577 3885 2577 4720 2577 4721 2578 3886 2578 3882 2578 4721 2579 3882 2579 4698 2579 3935 2580 4300 2580 3939 2580 3940 2581 4301 2581 4576 2581 3940 2582 4576 2582 3763 2582 3764 2583 4577 2583 4573 2583 3764 2584 4573 2584 3767 2584 3768 2585 4574 2585 4569 2585 3768 2586 4569 2586 3770 2586 3771 2587 4570 2587 4566 2587 3771 2588 4566 2588 3773 2588 3774 2589 4567 2589 4563 2589 3774 2590 4563 2590 3776 2590 3777 2591 4564 2591 4560 2591 3777 2592 4560 2592 3779 2592 3780 2593 4561 2593 4557 2593 3780 2594 4557 2594 3782 2594 3784 2595 4558 2595 4156 2595 3783 2596 4155 2596 3786 2596 3787 2597 4157 2597 4152 2597 3787 2598 4152 2598 3789 2598 3790 2599 4153 2599 4297 2599 3790 2600 4297 2600 3792 2600 3793 2601 4298 2601 4294 2601 3793 2602 4294 2602 3795 2602 3796 2603 4295 2603 4291 2603 3796 2604 4291 2604 3799 2604 3800 2605 4292 2605 4288 2605 3800 2606 4288 2606 3869 2606 3870 2607 4289 2607 4285 2607 3870 2608 4285 2608 3872 2608 3873 2609 4286 2609 4282 2609 3873 2610 4282 2610 3875 2610 3876 2611 4283 2611 4149 2611 3876 2612 4149 2612 3878 2612 3879 2613 4150 2613 4429 2613 3879 2614 4429 2614 3864 2614 3865 2615 4430 2615 4412 2615 3866 2616 4413 2616 3804 2616 4467 2617 3979 2617 4469 2617 4470 2618 3980 2618 3976 2618 4470 2619 3976 2619 4472 2619 4473 2620 3977 2620 3973 2620 4473 2621 3973 2621 4475 2621 4476 2622 3974 2622 3970 2622 4476 2623 3970 2623 4478 2623 4479 2624 3971 2624 3967 2624 4479 2625 3967 2625 4481 2625 4482 2626 3968 2626 3964 2626 4482 2627 3964 2627 4484 2627 4485 2628 3965 2628 3961 2628 4485 2629 3961 2629 4487 2629 4488 2630 3962 2630 3957 2630 4489 2631 3958 2631 4367 2631 4368 2632 3959 2632 3954 2632 4368 2633 3954 2633 4372 2633 4373 2634 3955 2634 3951 2634 4373 2635 3951 2635 4391 2635 4392 2636 3952 2636 3947 2636 4392 2637 3947 2637 4394 2637 4395 2638 3948 2638 3943 2638 4395 2639 3943 2639 4397 2639 4398 2640 3944 2640 3997 2640 4398 2641 3997 2641 4400 2641 4401 2642 3998 2642 3994 2642 4401 2643 3994 2643 4403 2643 4404 2644 3995 2644 3991 2644 4404 2645 3991 2645 4406 2645 4407 2646 3992 2646 3987 2646 4407 2647 3987 2647 4409 2647 4410 2648 3988 2648 3983 2648 4410 2649 3983 2649 4062 2649 4063 2650 3984 2650 3803 2650 4064 2651 3805 2651 4414 2651 3979 2652 4467 2652 4001 2652 4000 2653 4466 2653 4463 2653 4000 2654 4463 2654 4004 2654 4005 2655 4464 2655 4460 2655 4005 2656 4460 2656 4008 2656 4009 2657 4461 2657 4457 2657 4009 2658 4457 2658 4011 2658 4012 2659 4458 2659 4454 2659 4012 2660 4454 2660 4014 2660 4015 2661 4455 2661 4451 2661 4015 2662 4451 2662 4017 2662 4018 2663 4452 2663 4448 2663 4018 2664 4448 2664 4020 2664 4021 2665 4449 2665 4445 2665 4021 2666 4445 2666 4023 2666 4024 2667 4446 2667 4255 2667 4024 2668 4255 2668 4026 2668 4027 2669 4256 2669 4279 2669 4027 2670 4279 2670 4029 2670 4030 2671 4280 2671 4695 2671 4030 2672 4695 2672 4032 2672 4034 2673 4696 2673 4692 2673 4033 2674 4691 2674 4036 2674 4037 2675 4693 2675 4688 2675 4037 2676 4688 2676 4039 2676 4041 2677 4689 2677 4685 2677 4040 2678 4684 2678 4043 2678 4044 2679 4686 2679 4681 2679 4044 2680 4681 2680 4046 2680 4047 2681 4682 2681 4678 2681 4047 2682 4678 2682 4049 2682 4050 2683 4679 2683 4675 2683 4050 2684 4675 2684 4052 2684 4053 2685 4676 2685 4140 2685 4053 2686 4140 2686 4055 2686 4056 2687 4141 2687 4699 2687 4056 2688 4699 2688 3883 2688 1278 2689 1384 2689 821 2689 822 2690 1385 2690 1849 2690 822 2691 1849 2691 1268 2691 1269 2692 1850 2692 1721 2692 1269 2693 1721 2693 1108 2693 1109 2694 1722 2694 1718 2694 1109 2695 1718 2695 1113 2695 1114 2696 1719 2696 1715 2696 1114 2697 1715 2697 1116 2697 1117 2698 1716 2698 1712 2698 1117 2699 1712 2699 1119 2699 1120 2700 1713 2700 1709 2700 1120 2701 1709 2701 1122 2701 1123 2702 1710 2702 1327 2702 1123 2703 1327 2703 767 2703 768 2704 1328 2704 1335 2704 768 2705 1335 2705 761 2705 1384 2706 1278 2706 1878 2706 1880 2707 1279 2707 1284 2707 1880 2708 1284 2708 1873 2708 1874 2709 1285 2709 1290 2709 1874 2710 1290 2710 1867 2710 1868 2711 1291 2711 1299 2711 1868 2712 1299 2712 1889 2712 1890 2713 1300 2713 1196 2713 1890 2714 1196 2714 1769 2714 1770 2715 1197 2715 1212 2715 1770 2716 1212 2716 1790 2716 1791 2717 1213 2717 1203 2717 1792 2718 1204 2718 1784 2718 1785 2719 1205 2719 774 2719 1785 2720 774 2720 1347 2720 1348 2721 775 2721 783 2721 1348 2722 783 2722 1350 2722 1351 2723 784 2723 825 2723 1352 2724 826 2724 1396 2724 1245 2725 1830 2725 1250 2725 1251 2726 1831 2726 1824 2726 1251 2727 1824 2727 1256 2727 1257 2728 1825 2728 1670 2728 1257 2729 1670 2729 1101 2729 1102 2730 1671 2730 1460 2730 1102 2731 1460 2731 848 2731 849 2732 1461 2732 1368 2732 849 2733 1368 2733 799 2733 801 2734 1369 2734 1801 2734 800 2735 1800 2735 1215 2735 1216 2736 1802 2736 1360 2736 1216 2737 1360 2737 786 2737 787 2738 1361 2738 1357 2738 787 2739 1357 2739 789 2739 791 2740 1358 2740 1395 2740 790 2741 1394 2741 824 2741 1830 2742 1245 2742 1837 2742 1835 2743 1244 2743 1235 2743 1835 2744 1235 2744 1814 2744 1815 2745 1236 2745 806 2745 1815 2746 806 2746 1381 2746 1382 2747 807 2747 1079 2747 1382 2748 1079 2748 1655 2748 1656 2749 1080 2749 1076 2749 1656 2750 1076 2750 1616 2750 1617 2751 1077 2751 1073 2751 1617 2752 1073 2752 1619 2752 1620 2753 1074 2753 1070 2753 1620 2754 1070 2754 1622 2754 1623 2755 1071 2755 1067 2755 1623 2756 1067 2756 1625 2756 1626 2757 1068 2757 771 2757 1626 2758 771 2758 1337 2758 1338 2759 772 2759 760 2759 1338 2760 760 2760 1334 2760</p>
        </triangles>
      </mesh>
    </geometry>
  </library_geometries>
  <library_visual_scenes>
    <visual_scene id="Scene" name="Scene">
      <node id="leg_b_002" name="leg_b.002" type="NODE">
        <matrix sid="transform">0.9999998 -2.08616e-7 0 -1.49012e-8 2.08616e-7 0.9999998 0 5.96046e-8 0 0 1 0 0 0 0 1</matrix>
        <instance_geometry url="#Leg_B_004-mesh" name="leg_b.002"/>
      </node>
    </visual_scene>
  </library_visual_scenes>
  <scene>
    <instance_visual_scene url="#Scene"/>
  </scene>
</COLLADA>