<?xml version="1.0" encoding="utf-8"?>
<COLLADA xmlns="http://www.collada.org/2005/11/COLLADASchema" version="1.4.1" xmlns:xsi="http://www.w3.org/2001/XMLSchema-instance">
  <asset>
    <contributor>
      <author>Blender User</author>
      <authoring_tool>Blender 4.2.22 LTS commit date:2026-06-22, commit time:11:10, hash:88937221abfc</authoring_tool>
    </contributor>
    <created>2026-08-07T15:00:10</created>
    <modified>2026-08-07T15:00:10</modified>
    <unit name="meter" meter="1"/>
    <up_axis>Z_UP</up_axis>
  </asset>
  <library_images/>
  <library_geometries>
    <geometry id="Leg_A_005-mesh" name="Leg_A.005">
      <mesh>
        <source id="Leg_A_005-mesh-positions">
          <float_array id="Leg_A_005-mesh-positions-array" count="15975">0.00101912 -0.007129907 0.00238645 0.00101912 -0.007129907 0.00238645 0.00101912 -0.007129907 0.00238645 0.001523792 -0.002144396 0.00243324 0.001523792 -0.002144396 0.00243324 0.001523792 -0.002144396 0.00243324 0.001003861 -0.006794393 0.002389967 0.001003861 -0.006794393 0.002389967 0.001003861 -0.006794393 0.002389967 0.001003861 -0.006794393 0.002389967 6.10196e-4 0.002478659 0.002486586 6.10196e-4 0.002478659 0.002486586 6.10196e-4 0.002478659 0.002486586 3.55634e-4 0.005441546 0.002518355 3.55634e-4 0.005441546 0.002518355 3.55634e-4 0.005441546 0.002518355 3.55634e-4 0.005441546 0.002518355 1.62346e-4 0.002548098 0.00249052 1.62346e-4 0.002548098 0.00249052 1.62346e-4 0.002548098 0.00249052 1.62346e-4 0.002548098 0.00249052 0.00248605 6.78627e-4 0.002454817 0.00248605 6.78627e-4 0.002454817 0.00248605 6.78627e-4 0.002454817 0.005865514 4.99222e-4 0.002428591 0.005865514 4.99222e-4 0.002428591 0.005865514 4.99222e-4 0.002428591 0.005865514 4.99222e-4 0.002428591 0.006118297 7.2039e-4 0.002428948 0.006118297 7.2039e-4 0.002428948 0.006118297 7.2039e-4 0.002428948 7.54976e-4 -0.006174981 0.002398014 7.54976e-4 -0.006174981 0.002398014 7.54976e-4 -0.006174981 0.002398014 -1.84219e-4 -0.002640008 0.002440571 -1.84219e-4 -0.002640008 0.002440571 -1.84219e-4 -0.002640008 0.002440571 5.33825e-4 -0.005922198 0.002402186 5.33825e-4 -0.005922198 0.002402186 5.33825e-4 -0.005922198 0.002402186 2.6196e-4 -0.005724966 0.00240612 2.6196e-4 -0.005724966 0.00240612 2.6196e-4 -0.005724966 0.00240612 2.6196e-4 -0.005724966 0.00240612 -4.69669e-5 -0.00559318 0.002409696 -4.69669e-5 -0.00559318 0.002409696 -4.69669e-5 -0.00559318 0.002409696 -4.69669e-5 -0.00559318 0.002409696 -3.77487e-4 -0.005533456 0.002412676 -3.77487e-4 -0.005533456 0.002412676 -3.77487e-4 -0.005533456 0.002412676 -3.77487e-4 -0.005533456 0.002412676 -2.90742e-4 0.00253874 0.002493679 -2.90742e-4 0.00253874 0.002493679 -2.90742e-4 0.00253874 0.002493679 -2.90742e-4 0.00253874 0.002493679 -0.005603373 9.79431e-4 0.002516329 -0.005603373 9.79431e-4 0.002516329 -0.005603373 9.79431e-4 0.002516329 -0.005513846 6.55731e-4 0.002512395 -0.005513846 6.55731e-4 0.002512395 -0.005513846 6.55731e-4 0.002512395 -0.002535521 5.74966e-4 0.002490043 -0.002535521 5.74966e-4 0.002490043 -0.002535521 5.74966e-4 0.002490043 -0.002535521 5.74966e-4 0.002490043 -0.001585245 -0.006018877 0.002416491 -0.001585245 -0.006018877 0.002416491 -0.001585245 -0.006018877 0.002416491 -0.001332402 -0.005797684 0.002416908 -0.001332402 -0.005797684 0.002416908 -0.001332402 -0.005797684 0.002416908 -0.001036703 -0.00563836 0.002416372 -0.001036703 -0.00563836 0.002416372 -0.001036703 -0.00563836 0.002416372 -7.13039e-4 -0.005548775 0.002414941 -7.13039e-4 -0.005548775 0.002414941 -7.13039e-4 -0.005548775 0.002414941 -0.007095158 -0.001076519 0.002506315 -0.007095158 -0.001076519 0.002506315 -0.007095158 -0.001076519 0.002506315 -0.001709878 -0.007885098 0.00239855 -0.001709878 -0.007885098 0.00239855 -0.001709878 -0.007885098 0.00239855 -0.001869261 -0.007589399 0.002402663 -0.001869261 -0.007589399 0.002402663 -0.001869261 -0.007589399 0.002402663 -0.001958787 -0.007265686 0.002406597 -0.001958787 -0.007265686 0.002406597 -0.001958787 -0.007265686 0.002406597 -0.001958787 -0.007265686 0.002406597 -0.001974046 -0.006930172 0.002410113 -0.001974046 -0.006930172 0.002410113 -0.001974046 -0.006930172 0.002410113 -0.001811146 -0.001921832 0.002459585 -0.001811146 -0.001921832 0.002459585 -0.001811146 -0.001921832 0.002459585 -0.002109527 -0.001580774 0.002465188 -0.002109527 -0.001580774 0.002465188 -0.002109527 -0.001580774 0.002465188 -0.002109527 -0.001580774 0.002465188 -0.006759583 -0.001061201 0.00250405 -0.006759583 -0.001061201 0.00250405 -0.006759583 -0.001061201 0.00250405 0.007561445 0.01070684 0.002519488 0.007561445 0.01070684 0.002519488 0.007561445 0.01070684 0.002519488 5.55583e-4 0.008434712 0.002547204 5.55583e-4 0.008434712 0.002547204 5.55583e-4 0.008434712 0.002547204 5.55583e-4 0.008434712 0.002547204 8.86103e-4 0.008374989 0.002544164 8.86103e-4 0.008374989 0.002544164 8.86103e-4 0.008374989 0.002544164 0.001195013 0.008243203 0.002540647 0.001195013 0.008243203 0.002540647 0.001195013 0.008243203 0.002540647 0.00146687 0.008045971 0.002536654 0.00146687 0.008045971 0.002536654 0.00146687 0.008045971 0.002536654 0.00146687 0.008045971 0.002536654 0.001688003 0.007793188 0.002532482 0.001688003 0.007793188 0.002532482 0.001688003 0.007793188 0.002532482 0.001688003 0.007793188 0.002532482 0.007073283 9.84619e-4 0.002424716 0.007073283 9.84619e-4 0.002424716 0.007073283 9.84619e-4 0.002424716 0.007073283 9.84619e-4 0.002424716 0.007996082 0.01035267 0.002512812 0.007996082 0.01035267 0.002512812 0.007996082 0.01035267 0.002512812 0.007996082 0.01035267 0.002512812 -0.006085932 0.01161742 0.002627372 -0.006085932 0.01161742 0.002627372 -0.006085932 0.01161742 0.002627372 -0.006563782 0.01132416 0.002627849 -0.006563782 0.01132416 0.002627849 -0.006563782 0.01132416 0.002627849 -0.006895184 0.001916646 0.002535104 -0.006895184 0.001916646 0.002535104 -0.006895184 0.001916646 0.002535104 -0.006895184 0.001916646 0.002535104 -6.52178e-4 0.007949352 0.002551019 -6.52178e-4 0.007949352 0.002551019 -6.52178e-4 0.007949352 0.002551019 -3.99369e-4 0.008170485 0.002551436 -3.99369e-4 0.008170485 0.002551436 -3.99369e-4 0.008170485 0.002551436 -1.03683e-4 0.008329868 0.002550899 -1.03683e-4 0.008329868 0.002550899 -1.03683e-4 0.008329868 0.002550899 2.20031e-4 0.008419394 0.002549469 2.20031e-4 0.008419394 0.002549469 2.20031e-4 0.008419394 0.002549469 9.14317e-4 -0.00647068 0.002393901 9.14317e-4 -0.00647068 0.002393901 9.14317e-4 -0.00647068 0.002393901 0.001136064 -0.002379059 0.002433657 0.001136064 -0.002379059 0.002433657 0.001136064 -0.002379059 0.002433657 7.13481e-4 -0.002542793 0.002435028 7.13481e-4 -0.002542793 0.002435028 7.13481e-4 -0.002542793 0.002435028 7.13481e-4 -0.002542793 0.002435028 2.68889e-4 -0.00263065 0.002437353 2.68889e-4 -0.00263065 0.002437353 2.68889e-4 -0.00263065 0.002437353 0.01280736 -0.02194696 0.002151429 0.01280736 -0.02194696 0.002151429 0.01280736 -0.02194696 0.002151429 0.00845462 -2.76291e-4 0.002402007 0.00845462 -2.76291e-4 0.002402007 0.00845462 -2.76291e-4 0.002402007 0.008469939 -6.11824e-4 0.00239849 0.008469939 -6.11824e-4 0.00239849 0.008469939 -6.11824e-4 0.00239849 0.008410155 -9.42345e-4 0.00239557 0.008410155 -9.42345e-4 0.00239557 0.008410155 -9.42345e-4 0.00239557 0.00827831 -0.00125128 0.002393424 0.00827831 -0.00125128 0.002393424 0.00827831 -0.00125128 0.002393424 0.008081078 -0.001523137 0.002392113 0.008081078 -0.001523137 0.002392113 0.008081078 -0.001523137 0.002392113 0.007828295 -0.00174427 0.002391695 0.007828295 -0.00174427 0.002391695 0.007828295 -0.00174427 0.002391695 0.007532596 -0.001903653 0.002392232 0.007532596 -0.001903653 0.002392232 0.007532596 -0.001903653 0.002392232 0.007532596 -0.001903653 0.002392232 0.007208824 -0.001993238 0.002393662 0.007208824 -0.001993238 0.002393662 0.007208824 -0.001993238 0.002393662 0.006873309 -0.002008557 0.002395927 0.006873309 -0.002008557 0.002395927 0.006873309 -0.002008557 0.002395927 0.006873309 -0.002008557 0.002395927 0.00186491 -0.001845955 0.002433776 0.00186491 -0.001845955 0.002433776 0.00186491 -0.001845955 0.002433776 9.59401e-4 -0.007460415 0.00238353 9.59401e-4 -0.007460415 0.00238353 9.59401e-4 -0.007460415 0.00238353 9.59401e-4 -0.007460415 0.00238353 8.27573e-4 -0.007769346 0.002381384 8.27573e-4 -0.007769346 0.002381384 8.27573e-4 -0.007769346 0.002381384 6.30304e-4 -0.008041262 0.002380073 6.30304e-4 -0.008041262 0.002380073 6.30304e-4 -0.008041262 0.002380073 3.77495e-4 -0.008262395 0.002379655 3.77495e-4 -0.008262395 0.002379655 3.77495e-4 -0.008262395 0.002379655 8.18299e-5 -0.008421778 0.002380192 8.18299e-5 -0.008421778 0.002380192 8.18299e-5 -0.008421778 0.002380192 -2.41905e-4 -0.008511304 0.002381622 -2.41905e-4 -0.008511304 0.002381622 -2.41905e-4 -0.008511304 0.002381622 -5.77436e-4 -0.008526623 0.002383887 -5.77436e-4 -0.008526623 0.002383887 -5.77436e-4 -0.008526623 0.002383887 -5.77436e-4 -0.008526623 0.002383887 -9.07956e-4 -0.008466899 0.002386868 -9.07956e-4 -0.008466899 0.002386868 -9.07956e-4 -0.008466899 0.002386868 -0.001216888 -0.008335113 0.002390444 -0.001216888 -0.008335113 0.002390444 -0.001216888 -0.008335113 0.002390444 -0.001488745 -0.008137881 0.002394378 -0.001488745 -0.008137881 0.002394378 -0.001488745 -0.008137881 0.002394378 -0.001488745 -0.008137881 0.002394378 -0.01562845 -0.02004963 0.002376139 -0.01562845 -0.02004963 0.002376139 -0.01562845 -0.02004963 0.002376139 -0.01562845 -0.02004963 0.002376139 -0.01562845 -0.02004963 0.002376139 -0.01562845 -0.02004963 0.002376139 -0.007425665 -0.001016736 0.002509295 -0.007425665 -0.001016736 0.002509295 -0.007425665 -0.001016736 0.002509295 -0.007734596 -8.85002e-4 0.002512872 -0.007734596 -8.85002e-4 0.002512872 -0.007734596 -8.85002e-4 0.002512872 -0.008006453 -6.87767e-4 0.002516806 -0.008006453 -6.87767e-4 0.002516806 -0.008006453 -6.87767e-4 0.002516806 -0.008227586 -4.34983e-4 0.002520978 -0.008227586 -4.34983e-4 0.002520978 -0.008227586 -4.34983e-4 0.002520978 -0.008227586 -4.34983e-4 0.002520978 -0.008386969 -1.39328e-4 0.00252515 -0.008386969 -1.39328e-4 0.00252515 -0.008386969 -1.39328e-4 0.00252515 -0.008476495 1.84379e-4 0.002529025 -0.008476495 1.84379e-4 0.002529025 -0.008476495 1.84379e-4 0.002529025 -0.008491814 5.19913e-4 0.002532541 -0.008491814 5.19913e-4 0.002532541 -0.008491814 5.19913e-4 0.002532541 -0.00843203 8.50433e-4 0.002535462 -0.00843203 8.50433e-4 0.002535462 -0.00843203 8.50433e-4 0.002535462 -0.00843203 8.50433e-4 0.002535462 -0.001782476 -0.006290733 0.00241518 -0.001782476 -0.006290733 0.00241518 -0.001782476 -0.006290733 0.00241518 -6.32049e-4 -0.002570569 0.002444505 -6.32049e-4 -0.002570569 0.002444505 -6.32049e-4 -0.002570569 0.002444505 -0.001060962 -0.002424359 0.002449095 -0.001060962 -0.002424359 0.002449095 -0.001060962 -0.002424359 0.002449095 -0.001458048 -0.002205908 0.002454161 -0.001458048 -0.002205908 0.002454161 -0.001458048 -0.002205908 0.002454161 -0.001914322 -0.006599664 0.002413034 -0.001914322 -0.006599664 0.002413034 -0.001914322 -0.006599664 0.002413034 0.01447361 0.002996265 0.002391576 0.01447361 0.002996265 0.002391576 0.01447361 0.002996265 0.002391576 0.00838834 0.009952068 0.002505898 0.00838834 0.009952068 0.002505898 0.00838834 0.009952068 0.002505898 0.00740379 9.24881e-4 0.002421736 0.00740379 9.24881e-4 0.002421736 0.00740379 9.24881e-4 0.002421736 0.00740379 9.24881e-4 0.002421736 0.007712721 7.93091e-4 0.00241816 0.007712721 7.93091e-4 0.00241816 0.007712721 7.93091e-4 0.00241816 0.007712721 7.93091e-4 0.00241816 0.007984578 5.95856e-4 0.002414226 0.007984578 5.95856e-4 0.002414226 0.007984578 5.95856e-4 0.002414226 0.008205711 3.43078e-4 0.002410054 0.008205711 3.43078e-4 0.002410054 0.008205711 3.43078e-4 0.002410054 0.008365094 4.74088e-5 0.002405941 0.008365094 4.74088e-5 0.002405941 0.008365094 4.74088e-5 0.002405941 0.001847386 0.007497549 0.002528369 0.001847386 0.007497549 0.002528369 0.001847386 0.007497549 0.002528369 0.001936912 0.007173776 0.002524435 0.001936912 0.007173776 0.002524435 0.001936912 0.007173776 0.002524435 0.00195223 0.006838262 0.002520918 0.00195223 0.006838262 0.002520918 0.00195223 0.006838262 0.002520918 0.001892447 0.006507754 0.002518057 0.001892447 0.006507754 0.002518057 0.001892447 0.006507754 0.002518057 0.001760601 0.006198823 0.002515852 0.001760601 0.006198823 0.002515852 0.001760601 0.006198823 0.002515852 0.00156337 0.005926966 0.002514541 0.00156337 0.005926966 0.002514541 0.00156337 0.005926966 0.002514541 0.001310527 0.005705773 0.002514123 0.001310527 0.005705773 0.002514123 0.001310527 0.005705773 0.002514123 0.001014888 0.00554645 0.00251466 0.001014888 0.00554645 0.00251466 0.001014888 0.00554645 0.00251466 0.001014888 0.00554645 0.00251466 6.91165e-4 0.005456864 0.00251609 6.91165e-4 0.005456864 0.00251609 6.91165e-4 0.005456864 0.00251609 6.91165e-4 0.005456864 0.00251609 0.001039147 0.002332448 0.002481997 0.001039147 0.002332448 0.002481997 0.001039147 0.002332448 0.002481997 0.001436173 0.002114057 0.00247693 0.001436173 0.002114057 0.00247693 0.001436173 0.002114057 0.00247693 0.001789271 0.001829981 0.002471506 0.001789271 0.001829981 0.002471506 0.001789271 0.001829981 0.002471506 0.002087652 0.001488864 0.002465903 0.002087652 0.001488864 0.002465903 0.002087652 0.001488864 0.002465903 0.002087652 0.001488864 0.002465903 0.007089912 0.01101011 0.002525985 0.007089912 0.01101011 0.002525985 0.007089912 0.01101011 0.002525985 0.006587326 0.01125872 0.002532124 0.006587326 0.01125872 0.002532124 0.006587326 0.01125872 0.002532124 0.006060123 0.01144945 0.002537906 0.006060123 0.01144945 0.002537906 0.006060123 0.01144945 0.002537906 0.0055148 0.01157993 0.002543151 0.0055148 0.01157993 0.002543151 0.0055148 0.01157993 0.002543151 0.0055148 0.01157993 0.002543151 0.004958331 0.01164859 0.00254786 0.004958331 0.01164859 0.00254786 0.004958331 0.01164859 0.00254786 0.004958331 0.01164859 0.00254786 -0.003380656 0.012205 0.002613782 -0.003380656 0.012205 0.002613782 -0.003380656 0.012205 0.002613782 -0.003941297 0.0122109 0.002617895 -0.003941297 0.0122109 0.002617895 -0.003941297 0.0122109 0.002617895 -0.004499137 0.01215398 0.002621352 -0.004499137 0.01215398 0.002621352 -0.004499137 0.01215398 0.002621352 -0.005047023 0.01203501 0.002624094 -0.005047023 0.01203501 0.002624094 -0.005047023 0.01203501 0.002624094 -0.005047023 0.01203501 0.002624094 -0.005578219 0.01185536 0.002626121 -0.005578219 0.01185536 0.002626121 -0.005578219 0.01185536 0.002626121 -0.005578219 0.01185536 0.002626121 0.002322316 0.001101195 0.002460241 0.002322316 0.001101195 0.002460241 0.002322316 0.001101195 0.002460241 0.006413996 8.79745e-4 0.002428472 0.006413996 8.79745e-4 0.002428472 0.006413996 8.79745e-4 0.002428472 0.006737709 9.6933e-4 0.002427041 0.006737709 9.6933e-4 0.002427041 0.006737709 9.6933e-4 0.002427041 0.006737709 9.6933e-4 0.002427041 0.006542801 -0.001948773 0.002398908 0.006542801 -0.001948773 0.002398908 0.006542801 -0.001948773 0.002398908 0.006542801 -0.001948773 0.002398908 0.00623387 -0.001816987 0.002402484 0.00623387 -0.001816987 0.002402484 0.00623387 -0.001816987 0.002402484 0.002148985 -0.001492857 0.002435266 0.002148985 -0.001492857 0.002435266 0.002148985 -0.001492857 0.002435266 -0.006564676 0.001856863 0.002532124 -0.006564676 0.001856863 0.002532124 -0.006564676 0.001856863 0.002532124 -0.006564676 0.001856863 0.002532124 -0.00217086 0.001400947 0.002495765 -0.00217086 0.001400947 0.002495765 -0.00217086 0.001400947 0.002495765 -0.001886785 0.001754045 0.002497315 -0.001886785 0.001754045 0.002497315 -0.001886785 0.001754045 0.002497315 -0.001545667 0.002052485 0.002497851 -0.001545667 0.002052485 0.002497851 -0.001545667 0.002052485 0.002497851 -0.001157939 0.002287089 0.002497434 -0.001157939 0.002287089 0.002497434 -0.001157939 0.002287089 0.002497434 -0.001157939 0.002287089 0.002497434 -7.35354e-4 0.002450883 0.002496004 -7.35354e-4 0.002450883 0.002496004 -7.35354e-4 0.002450883 0.002496004 2.51139e-5 0.00550127 0.002521336 2.51139e-5 0.00550127 0.002521336 2.51139e-5 0.00550127 0.002521336 -2.83833e-4 0.005633056 0.002524912 -2.83833e-4 0.005633056 0.002524912 -2.83833e-4 0.005633056 0.002524912 -2.83833e-4 0.005633056 0.002524912 -5.55699e-4 0.005830287 0.002528905 -5.55699e-4 0.005830287 0.002528905 -5.55699e-4 0.005830287 0.002528905 -5.55699e-4 0.005830287 0.002528905 -7.76829e-4 0.006083071 0.002533018 -7.76829e-4 0.006083071 0.002533018 -7.76829e-4 0.006083071 0.002533018 -7.76829e-4 0.006083071 0.002533018 -9.3619e-4 0.006378769 0.00253719 -9.3619e-4 0.006378769 0.00253719 -9.3619e-4 0.006378769 0.00253719 -0.001025736 0.006702482 0.002541124 -0.001025736 0.006702482 0.002541124 -0.001025736 0.006702482 0.002541124 -0.001025736 0.006702482 0.002541124 -0.001040995 0.007037997 0.002544581 -0.001040995 0.007037997 0.002544581 -0.001040995 0.007037997 0.002544581 -9.81254e-4 0.007368505 0.002547502 -9.81254e-4 0.007368505 0.002547502 -9.81254e-4 0.007368505 0.002547502 -8.49446e-4 0.007677435 0.002549707 -8.49446e-4 0.007677435 0.002549707 -8.49446e-4 0.007677435 0.002549707 -0.01396226 0.0048936 0.002616345 -0.01396226 0.0048936 0.002616345 -0.01396226 0.0048936 0.002616345 -0.01396226 0.0048936 0.002616345 -0.01396226 0.0048936 0.002616345 -0.008300185 0.001159369 0.002537608 -0.008300185 0.001159369 0.002537608 -0.008300185 0.001159369 0.002537608 -0.008102953 0.001431226 0.002538979 -0.008102953 0.001431226 0.002538979 -0.008102953 0.001431226 0.002538979 -0.00785011 0.001652359 0.002539336 -0.00785011 0.001652359 0.002539336 -0.00785011 0.001652359 0.002539336 -0.007554471 0.001811742 0.002538859 -0.007554471 0.001811742 0.002538859 -0.007554471 0.001811742 0.002538859 -0.007230699 0.001901328 0.002537429 -0.007230699 0.001901328 0.002537429 -0.007230699 0.001901328 0.002537429 -0.007230699 0.001901328 0.002537429 -0.00700587 0.01097923 0.002627551 -0.00700587 0.01097923 0.002627551 -0.00700587 0.01097923 0.002627551 0.005668282 2.27363e-4 0.00242722 0.005668282 2.27363e-4 0.00242722 0.005668282 2.27363e-4 0.00242722 0.005668282 2.27363e-4 0.00242722 0.002573907 2.34047e-4 0.002449691 0.002573907 2.34047e-4 0.002449691 0.002573907 2.34047e-4 0.002449691 0.005536437 -8.15814e-5 0.002425074 0.005536437 -8.15814e-5 0.002425074 0.005536437 -8.15814e-5 0.002425074 0.005476653 -4.1211e-4 0.002422153 0.005476653 -4.1211e-4 0.002422153 0.005476653 -4.1211e-4 0.002422153 0.002583205 -2.19048e-4 0.002445042 0.002583205 -2.19048e-4 0.002445042 0.002583205 -2.19048e-4 0.002445042 0.005491971 -7.47635e-4 0.002418637 0.005491971 -7.47635e-4 0.002418637 0.005491971 -7.47635e-4 0.002418637 0.002513706 -6.66878e-4 0.002440989 0.002513706 -6.66878e-4 0.002440989 0.002513706 -6.66878e-4 0.002440989 0.005581498 -0.001071333 0.002414762 0.005581498 -0.001071333 0.002414762 0.005581498 -0.001071333 0.002414762 0.002367496 -0.001095831 0.00243771 0.002367496 -0.001095831 0.00243771 0.002367496 -0.001095831 0.00243771 0.00574088 -0.001366972 0.00241059 0.00574088 -0.001366972 0.00241059 0.00574088 -0.001366972 0.00241059 0.00574088 -0.001366972 0.00241059 0.005962014 -0.001619756 0.002406418 0.005962014 -0.001619756 0.002406418 0.005962014 -0.001619756 0.002406418 0.005962014 -0.001619756 0.002406418 -0.005983889 0.001527845 0.002524614 -0.005983889 0.001527845 0.002524614 -0.005983889 0.001527845 0.002524614 -0.005983889 0.001527845 0.002524614 -0.002389311 0.001003921 0.002493321 -0.002389311 0.001003921 0.002493321 -0.002389311 0.001003921 0.002493321 -0.006255745 0.001725077 0.002528548 -0.006255745 0.001725077 0.002528548 -0.006255745 0.001725077 0.002528548 -0.005762696 0.001275062 0.002520442 -0.005762696 0.001275062 0.002520442 -0.005762696 0.001275062 0.002520442 -0.005762696 0.001275062 0.002520442 -0.00260508 1.27136e-4 0.00248605 -0.00260508 1.27136e-4 0.00248605 -0.00260508 1.27136e-4 0.00248605 -0.005498528 3.20205e-4 0.002508878 -0.005498528 3.20205e-4 0.002508878 -0.005498528 3.20205e-4 0.002508878 -0.002595722 -3.25959e-4 0.0024814 -0.002595722 -3.25959e-4 0.0024814 -0.002595722 -3.25959e-4 0.0024814 -0.005558311 -1.03228e-5 0.002505958 -0.005558311 -1.03228e-5 0.002505958 -0.005558311 -1.03228e-5 0.002505958 -0.005558311 -1.03228e-5 0.002505958 -0.002507865 -7.70539e-4 0.002476274 -0.002507865 -7.70539e-4 0.002476274 -0.002507865 -7.70539e-4 0.002476274 -0.005690097 -3.1926e-4 0.002503812 -0.005690097 -3.1926e-4 0.002503812 -0.005690097 -3.1926e-4 0.002503812 -0.005690097 -3.1926e-4 0.002503812 -0.005887389 -5.91126e-4 0.002502501 -0.005887389 -5.91126e-4 0.002502501 -0.005887389 -5.91126e-4 0.002502501 -0.002344131 -0.001193106 0.002470791 -0.002344131 -0.001193106 0.002470791 -0.002344131 -0.001193106 0.002470791 -0.006140172 -8.12302e-4 0.002502083 -0.006140172 -8.12302e-4 0.002502083 -0.006140172 -8.12302e-4 0.002502083 -0.006435871 -9.71657e-4 0.00250262 -0.006435871 -9.71657e-4 0.00250262 -0.006435871 -9.71657e-4 0.00250262 0.004513323 -0.03522473 -0.00292319 0.004513323 -0.03522473 -0.00292319 0.004513323 -0.03522473 -0.00292319 0.004381477 -0.03553366 -0.002925395 0.004381477 -0.03553366 -0.002925395 0.004381477 -0.03553366 -0.002925395 -6.1357e-4 -0.008476078 -0.00261569 -6.1357e-4 -0.008476078 -0.00261569 -6.1357e-4 -0.008476078 -0.00261569 0.004321694 -0.03586417 -0.002928256 0.004321694 -0.03586417 -0.002928256 0.004321694 -0.03586417 -0.002928256 -0.001994907 -0.007215142 -0.002592921 -0.001994907 -0.007215142 -0.002592921 -0.001994907 -0.007215142 -0.002592921 -0.007131278 -0.001025974 -0.002493262 -0.007131278 -0.001025974 -0.002493262 -0.007131278 -0.001025974 -0.002493262 -0.002010226 -0.006879627 -0.002589464 -0.002010226 -0.006879627 -0.002589464 -0.002010226 -0.006879627 -0.002589464 -0.002010226 -0.006879627 -0.002589464 1.26213e-4 0.002598702 -0.002509057 1.26213e-4 0.002598702 -0.002509057 1.26213e-4 0.002598702 -0.002509057 1.26213e-4 0.002598702 -0.002509057 3.19501e-4 0.005492091 -0.002481162 3.19501e-4 0.005492091 -0.002481162 3.19501e-4 0.005492091 -0.002481162 3.19501e-4 0.005492091 -0.002481162 5.74042e-4 0.002529203 -0.002512991 5.74042e-4 0.002529203 -0.002512991 5.74042e-4 0.002529203 -0.002512991 5.74042e-4 0.002529203 -0.002512991 0.006082177 7.70927e-4 -0.002570569 0.006082177 7.70927e-4 -0.002570569 0.006082177 7.70927e-4 -0.002570569 0.006082177 7.70927e-4 -0.002570569 0.005829393 5.49774e-4 -0.002570986 0.005829393 5.49774e-4 -0.002570986 0.005829393 5.49774e-4 -0.002570986 0.005829393 5.49774e-4 -0.002570986 0.00244987 7.29187e-4 -0.00254476 0.00244987 7.29187e-4 -0.00254476 0.00244987 7.29187e-4 -0.00254476 2.25827e-4 -0.005674421 -0.002593398 2.25827e-4 -0.005674421 -0.002593398 2.25827e-4 -0.005674421 -0.002593398 2.25827e-4 -0.005674421 -0.002593398 -2.20353e-4 -0.002589464 -0.002559006 -2.20353e-4 -0.002589464 -0.002559006 -2.20353e-4 -0.002589464 -0.002559006 4.97692e-4 -0.005871653 -0.002597391 4.97692e-4 -0.005871653 -0.002597391 4.97692e-4 -0.005871653 -0.002597391 4.97692e-4 -0.005871653 -0.002597391 -8.31001e-5 -0.005542635 -0.002589881 -8.31001e-5 -0.005542635 -0.002589881 -8.31001e-5 -0.005542635 -0.002589881 -8.31001e-5 -0.005542635 -0.002589881 -4.13641e-4 -0.005482912 -0.002586841 -4.13641e-4 -0.005482912 -0.002586841 -4.13641e-4 -0.005482912 -0.002586841 -3.26896e-4 0.002589285 -0.002505898 -3.26896e-4 0.002589285 -0.002505898 -3.26896e-4 0.002589285 -0.002505898 -0.002571702 6.25526e-4 -0.002509474 -0.002571702 6.25526e-4 -0.002509474 -0.002571702 6.25526e-4 -0.002509474 -0.005549967 7.06283e-4 -0.002487182 -0.005549967 7.06283e-4 -0.002487182 -0.005549967 7.06283e-4 -0.002487182 -0.005639493 0.001029968 -0.002483248 -0.005639493 0.001029968 -0.002483248 -0.005639493 0.001029968 -0.002483248 -0.005639493 0.001029968 -0.002483248 -0.001072883 -0.005587756 -0.002583146 -0.001072883 -0.005587756 -0.002583146 -0.001072883 -0.005587756 -0.002583146 -0.001368522 -0.005747139 -0.002582609 -0.001368522 -0.005747139 -0.002582609 -0.001368522 -0.005747139 -0.002582609 -7.49172e-4 -0.00549823 -0.002584576 -7.49172e-4 -0.00549823 -0.002584576 -7.49172e-4 -0.00549823 -0.002584576 0.007525324 0.01075738 -0.00248003 0.007525324 0.01075738 -0.00248003 0.007525324 0.01075738 -0.00248003 0.007959961 0.01040321 -0.002486765 0.007959961 0.01040321 -0.002486765 0.007959961 0.01040321 -0.002486765 0.007959961 0.01040321 -0.002486765 0.007037162 0.001035153 -0.002574801 0.007037162 0.001035153 -0.002574801 0.007037162 0.001035153 -0.002574801 0.007037162 0.001035153 -0.002574801 0.001651883 0.007843732 -0.002467036 0.001651883 0.007843732 -0.002467036 0.001651883 0.007843732 -0.002467036 0.001651883 0.007843732 -0.002467036 0.001430749 0.008096516 -0.002462863 0.001430749 0.008096516 -0.002462863 0.001430749 0.008096516 -0.002462863 0.001158893 0.008293747 -0.00245893 0.001158893 0.008293747 -0.00245893 0.001158893 0.008293747 -0.00245893 8.4995e-4 0.008425533 -0.002455353 8.4995e-4 0.008425533 -0.002455353 8.4995e-4 0.008425533 -0.002455353 8.4995e-4 0.008425533 -0.002455353 5.1943e-4 0.008485257 -0.002452373 5.1943e-4 0.008485257 -0.002452373 5.1943e-4 0.008485257 -0.002452373 -2.78038e-4 -0.00846076 -0.002617955 -2.78038e-4 -0.00846076 -0.002617955 -2.78038e-4 -0.00846076 -0.002617955 4.56967e-5 -0.008371233 -0.002619385 4.56967e-5 -0.008371233 -0.002619385 4.56967e-5 -0.008371233 -0.002619385 3.41362e-4 -0.008211851 -0.002619922 3.41362e-4 -0.008211851 -0.002619922 3.41362e-4 -0.008211851 -0.002619922 5.94171e-4 -0.007990658 -0.002619504 5.94171e-4 -0.007990658 -0.002619504 5.94171e-4 -0.007990658 -0.002619504 7.91439e-4 -0.007718801 -0.002618193 7.91439e-4 -0.007718801 -0.002618193 7.91439e-4 -0.007718801 -0.002618193 7.91439e-4 -0.007718801 -0.002618193 9.23247e-4 -0.00740987 -0.002615988 9.23247e-4 -0.00740987 -0.002615988 9.23247e-4 -0.00740987 -0.002615988 9.83016e-4 -0.007079362 -0.002613127 9.83016e-4 -0.007079362 -0.002613127 9.83016e-4 -0.007079362 -0.002613127 9.83016e-4 -0.007079362 -0.002613127 0.001487672 -0.002093791 -0.002566337 0.001487672 -0.002093791 -0.002566337 0.001487672 -0.002093791 -0.002566337 0.00182873 -0.001795411 -0.002565801 0.00182873 -0.001795411 -0.002565801 0.00182873 -0.001795411 -0.002565801 0.006837189 -0.001958012 -0.00260365 0.006837189 -0.001958012 -0.00260365 0.006837189 -0.001958012 -0.00260365 0.004710555 -0.03495287 -0.002921879 0.004710555 -0.03495287 -0.002921879 0.004710555 -0.03495287 -0.002921879 -0.006122052 0.01166802 -0.002372205 -0.006122052 0.01166802 -0.002372205 -0.006122052 0.01166802 -0.002372205 1.83898e-4 0.008469998 -0.002450108 1.83898e-4 0.008469998 -0.002450108 1.83898e-4 0.008469998 -0.002450108 -1.39816e-4 0.008380413 -0.002448678 -1.39816e-4 0.008380413 -0.002448678 -1.39816e-4 0.008380413 -0.002448678 -4.35523e-4 0.00822103 -0.002448141 -4.35523e-4 0.00822103 -0.002448141 -4.35523e-4 0.00822103 -0.002448141 -6.88311e-4 0.007999897 -0.002448558 -6.88311e-4 0.007999897 -0.002448558 -6.88311e-4 0.007999897 -0.002448558 -0.006931304 0.001967191 -0.002464413 -0.006931304 0.001967191 -0.002464413 -0.006931304 0.001967191 -0.002464413 -0.006931304 0.001967191 -0.002464413 -0.006599962 0.01137471 -0.002371668 -0.006599962 0.01137471 -0.002371668 -0.006599962 0.01137471 -0.002371668 -0.006599962 0.01137471 -0.002371668 0.003743767 -0.04451608 -0.003011584 0.003743767 -0.04451608 -0.003011584 0.003743767 -0.04451608 -0.003011584 0.003743767 -0.04451608 -0.003011584 -0.01720893 -0.04311805 -0.002846002 -0.01720893 -0.04311805 -0.002846002 -0.01720893 -0.04311805 -0.002846002 -0.01720893 -0.04311805 -0.002846002 -0.001905381 -0.007538855 -0.002596855 -0.001905381 -0.007538855 -0.002596855 -0.001905381 -0.007538855 -0.002596855 -0.001745998 -0.007834494 -0.002601027 -0.001745998 -0.007834494 -0.002601027 -0.001745998 -0.007834494 -0.002601027 -0.001745998 -0.007834494 -0.002601027 -0.001524865 -0.008087277 -0.00260514 -0.001524865 -0.008087277 -0.00260514 -0.001524865 -0.008087277 -0.00260514 -0.001253008 -0.008284568 -0.002609133 -0.001253008 -0.008284568 -0.002609133 -0.001253008 -0.008284568 -0.002609133 -9.44089e-4 -0.008416354 -0.002612709 -9.44089e-4 -0.008416354 -0.002612709 -9.44089e-4 -0.008416354 -0.002612709 -9.44089e-4 -0.008416354 -0.002612709 0.007709026 -0.03543794 -0.002948462 0.007709026 -0.03543794 -0.002948462 0.007709026 -0.03543794 -0.002948462 0.007709026 -0.03543794 -0.002948462 0.007549703 -0.0351423 -0.00294429 0.007549703 -0.0351423 -0.00294429 0.007549703 -0.0351423 -0.00294429 0.007549703 -0.0351423 -0.00294429 0.00732851 -0.03488951 -0.002940177 0.00732851 -0.03488951 -0.002940177 0.00732851 -0.03488951 -0.002940177 0.007056653 -0.03469228 -0.002936184 0.007056653 -0.03469228 -0.002936184 0.007056653 -0.03469228 -0.002936184 0.007056653 -0.03469228 -0.002936184 0.006747722 -0.0345605 -0.002932608 0.006747722 -0.0345605 -0.002932608 0.006747722 -0.0345605 -0.002932608 0.006747722 -0.0345605 -0.002932608 0.006417214 -0.03450071 -0.002929627 0.006417214 -0.03450071 -0.002929627 0.006417214 -0.03450071 -0.002929627 0.005918323 -0.03446745 -0.002925693 0.005918323 -0.03446745 -0.002925693 0.005918323 -0.03446745 -0.002925693 0.005582809 -0.03448277 -0.002923429 0.005582809 -0.03448277 -0.002923429 0.005582809 -0.03448277 -0.002923429 0.005582809 -0.03448277 -0.002923429 0.005259037 -0.03457236 -0.002921998 0.005259037 -0.03457236 -0.002921998 0.005259037 -0.03457236 -0.002921998 0.005259037 -0.03457236 -0.002921998 0.004963397 -0.03473168 -0.002921462 0.004963397 -0.03473168 -0.002921462 0.004963397 -0.03473168 -0.002921462 0.007798552 -0.03576165 -0.002952396 0.007798552 -0.03576165 -0.002952396 0.007798552 -0.03576165 -0.002952396 0.007798552 -0.03576165 -0.002952396 0.007172703 -0.001942694 -0.002605915 0.007172703 -0.001942694 -0.002605915 0.007172703 -0.001942694 -0.002605915 0.007172703 -0.001942694 -0.002605915 0.007496476 -0.001853108 -0.002607345 0.007496476 -0.001853108 -0.002607345 0.007496476 -0.001853108 -0.002607345 0.007496476 -0.001853108 -0.002607345 0.00781387 -0.03609716 -0.002955853 0.00781387 -0.03609716 -0.002955853 0.00781387 -0.03609716 -0.002955853 0.00781387 -0.03609716 -0.002955853 0.007792115 -0.001693725 -0.002607882 0.007792115 -0.001693725 -0.002607882 0.007792115 -0.001693725 -0.002607882 0.008044898 -0.001472592 -0.002607464 0.008044898 -0.001472592 -0.002607464 0.008044898 -0.001472592 -0.002607464 0.008242189 -0.001200675 -0.002606153 0.008242189 -0.001200675 -0.002606153 0.008242189 -0.001200675 -0.002606153 0.008374035 -8.91793e-4 -0.002603948 0.008374035 -8.91793e-4 -0.002603948 0.008374035 -8.91793e-4 -0.002603948 0.008433818 -5.61272e-4 -0.002601027 0.008433818 -5.61272e-4 -0.002601027 0.008433818 -5.61272e-4 -0.002601027 0.01443743 0.00304681 -0.002607941 0.01443743 0.00304681 -0.002607941 0.01443743 0.00304681 -0.002607941 0.01443743 0.00304681 -0.002607941 0.01443743 0.00304681 -0.002607941 0.01443743 0.00304681 -0.002607941 0.01122695 -0.04501539 -0.003070712 0.01122695 -0.04501539 -0.003070712 0.01122695 -0.04501539 -0.003070712 0.007235884 -0.04474908 -0.003039181 0.007235884 -0.04474908 -0.003039181 0.007235884 -0.04474908 -0.003039181 0.007235884 -0.04474908 -0.003039181 0.0084185 -2.25746e-4 -0.00259757 0.0084185 -2.25746e-4 -0.00259757 0.0084185 -2.25746e-4 -0.00259757 0.008328914 9.79688e-5 -0.002593636 0.008328914 9.79688e-5 -0.002593636 0.008328914 9.79688e-5 -0.002593636 0.008169591 3.93631e-4 -0.002589464 0.008169591 3.93631e-4 -0.002589464 0.008169591 3.93631e-4 -0.002589464 0.007948458 6.46408e-4 -0.002585351 0.007948458 6.46408e-4 -0.002585351 0.007948458 6.46408e-4 -0.002585351 0.007948458 6.46408e-4 -0.002585351 0.007676601 8.43635e-4 -0.002581357 0.007676601 8.43635e-4 -0.002581357 0.007676601 8.43635e-4 -0.002581357 0.007676601 8.43635e-4 -0.002581357 0.00736767 9.75433e-4 -0.002577781 0.00736767 9.75433e-4 -0.002577781 0.00736767 9.75433e-4 -0.002577781 0.00736767 9.75433e-4 -0.002577781 0.00835216 0.01000261 -0.002493619 0.00835216 0.01000261 -0.002493619 0.00835216 0.01000261 -0.002493619 0.00835216 0.01000261 -0.002493619 0.002051532 0.001539409 -0.002533674 0.002051532 0.001539409 -0.002533674 0.002051532 0.001539409 -0.002533674 0.001753151 0.001880526 -0.002528071 0.001753151 0.001880526 -0.002528071 0.001753151 0.001880526 -0.002528071 0.001400053 0.002164602 -0.002522647 0.001400053 0.002164602 -0.002522647 0.001400053 0.002164602 -0.002522647 0.001002967 0.002382993 -0.00251758 0.001002967 0.002382993 -0.00251758 0.001002967 0.002382993 -0.00251758 6.55032e-4 0.005507349 -0.002483487 6.55032e-4 0.005507349 -0.002483487 6.55032e-4 0.005507349 -0.002483487 6.55032e-4 0.005507349 -0.002483487 9.78746e-4 0.005596995 -0.002484917 9.78746e-4 0.005596995 -0.002484917 9.78746e-4 0.005596995 -0.002484917 0.001274406 0.005756318 -0.002485394 0.001274406 0.005756318 -0.002485394 0.001274406 0.005756318 -0.002485394 0.00152719 0.005977451 -0.002485036 0.00152719 0.005977451 -0.002485036 0.00152719 0.005977451 -0.002485036 0.001724481 0.006249368 -0.002483665 0.001724481 0.006249368 -0.002483665 0.001724481 0.006249368 -0.002483665 0.001856267 0.006558299 -0.00248152 0.001856267 0.006558299 -0.00248152 0.001856267 0.006558299 -0.00248152 0.00191605 0.006888806 -0.002478599 0.00191605 0.006888806 -0.002478599 0.00191605 0.006888806 -0.002478599 0.001900792 0.007224321 -0.002475082 0.001900792 0.007224321 -0.002475082 0.001900792 0.007224321 -0.002475082 0.001811206 0.007548093 -0.002471208 0.001811206 0.007548093 -0.002471208 0.001811206 0.007548093 -0.002471208 0.001811206 0.007548093 -0.002471208 -0.00561434 0.0119059 -0.002373456 -0.00561434 0.0119059 -0.002373456 -0.00561434 0.0119059 -0.002373456 -0.005083203 0.01208555 -0.002375483 -0.005083203 0.01208555 -0.002375483 -0.005083203 0.01208555 -0.002375483 -0.005083203 0.01208555 -0.002375483 -0.004535257 0.01220452 -0.002378225 -0.004535257 0.01220452 -0.002378225 -0.004535257 0.01220452 -0.002378225 -0.004535257 0.01220452 -0.002378225 -0.003977477 0.01226145 -0.002381682 -0.003977477 0.01226145 -0.002381682 -0.003977477 0.01226145 -0.002381682 -0.003416776 0.01225554 -0.002385795 -0.003416776 0.01225554 -0.002385795 -0.003416776 0.01225554 -0.002385795 0.004922211 0.01169914 -0.002451717 0.004922211 0.01169914 -0.002451717 0.004922211 0.01169914 -0.002451717 0.00547868 0.01163047 -0.002456426 0.00547868 0.01163047 -0.002456426 0.00547868 0.01163047 -0.002456426 0.00547868 0.01163047 -0.002456426 0.006023943 0.0115 -0.002461671 0.006023943 0.0115 -0.002461671 0.006023943 0.0115 -0.002461671 0.006023943 0.0115 -0.002461671 0.006551206 0.01130926 -0.002467393 0.006551206 0.01130926 -0.002467393 0.006551206 0.01130926 -0.002467393 0.007053732 0.01106065 -0.002473592 0.007053732 0.01106065 -0.002473592 0.007053732 0.01106065 -0.002473592 0.002286136 0.00115174 -0.002539277 0.002286136 0.00115174 -0.002539277 0.002286136 0.00115174 -0.002539277 0.002286136 0.00115174 -0.002539277 0.006701588 0.001019835 -0.002572536 0.006701588 0.001019835 -0.002572536 0.006701588 0.001019835 -0.002572536 0.006377875 9.3029e-4 -0.002571105 0.006377875 9.3029e-4 -0.002571105 0.006377875 9.3029e-4 -0.002571105 0.002112865 -0.001442313 -0.002564251 0.002112865 -0.001442313 -0.002564251 0.002112865 -0.001442313 -0.002564251 0.00619769 -0.001766443 -0.002597093 0.00619769 -0.001766443 -0.002597093 0.00619769 -0.001766443 -0.002597093 0.00619769 -0.001766443 -0.002597093 0.006506681 -0.001898229 -0.002600669 0.006506681 -0.001898229 -0.002600669 0.006506681 -0.001898229 -0.002600669 0.006506681 -0.001898229 -0.002600669 -8.85579e-4 0.00772804 -0.00244987 -8.85579e-4 0.00772804 -0.00244987 -8.85579e-4 0.00772804 -0.00244987 -0.001017332 0.007419049 -0.002452015 -0.001017332 0.007419049 -0.002452015 -0.001017332 0.007419049 -0.002452015 -0.001077115 0.007088541 -0.002454936 -0.001077115 0.007088541 -0.002454936 -0.001077115 0.007088541 -0.002454936 -0.001077115 0.007088541 -0.002454936 -0.001061856 0.006753027 -0.002458453 -0.001061856 0.006753027 -0.002458453 -0.001061856 0.006753027 -0.002458453 -9.72324e-4 0.006429314 -0.002462387 -9.72324e-4 0.006429314 -0.002462387 -9.72324e-4 0.006429314 -0.002462387 -9.72324e-4 0.006429314 -0.002462387 -8.12983e-4 0.006133615 -0.002466499 -8.12983e-4 0.006133615 -0.002466499 -8.12983e-4 0.006133615 -0.002466499 -8.12983e-4 0.006133615 -0.002466499 -5.91832e-4 0.005880832 -0.002470672 -5.91832e-4 0.005880832 -0.002470672 -5.91832e-4 0.005880832 -0.002470672 -5.91832e-4 0.005880832 -0.002470672 -3.19967e-4 0.0056836 -0.002474606 -3.19967e-4 0.0056836 -0.002474606 -3.19967e-4 0.0056836 -0.002474606 -1.10399e-5 0.005551815 -0.002478182 -1.10399e-5 0.005551815 -0.002478182 -1.10399e-5 0.005551815 -0.002478182 -1.10399e-5 0.005551815 -0.002478182 -7.71487e-4 0.002501428 -0.002503514 -7.71487e-4 0.002501428 -0.002503514 -7.71487e-4 0.002501428 -0.002503514 -7.71487e-4 0.002501428 -0.002503514 -0.001194059 0.002337694 -0.002502143 -0.001194059 0.002337694 -0.002502143 -0.001194059 0.002337694 -0.002502143 -0.001581788 0.00210303 -0.002501726 -0.001581788 0.00210303 -0.002501726 -0.001581788 0.00210303 -0.002501726 -0.001922905 0.00180459 -0.002502262 -0.001922905 0.00180459 -0.002502262 -0.001922905 0.00180459 -0.002502262 -0.002206981 0.001451551 -0.002503812 -0.002206981 0.001451551 -0.002503812 -0.002206981 0.001451551 -0.002503812 -0.006600797 0.001907408 -0.002467393 -0.006600797 0.001907408 -0.002467393 -0.006600797 0.001907408 -0.002467393 -0.006600797 0.001907408 -0.002467393 -0.008527934 5.7048e-4 -0.002466976 -0.008527934 5.7048e-4 -0.002466976 -0.008527934 5.7048e-4 -0.002466976 -0.008512675 2.34939e-4 -0.002470493 -0.008512675 2.34939e-4 -0.002470493 -0.008512675 2.34939e-4 -0.002470493 -0.008423089 -8.87759e-5 -0.002474427 -0.008423089 -8.87759e-5 -0.002474427 -0.008423089 -8.87759e-5 -0.002474427 -0.008423089 -8.87759e-5 -0.002474427 -0.008263766 -3.84438e-4 -0.002478539 -0.008263766 -3.84438e-4 -0.002478539 -0.008263766 -3.84438e-4 -0.002478539 -0.008042573 -6.37223e-4 -0.002482712 -0.008042573 -6.37223e-4 -0.002482712 -0.008042573 -6.37223e-4 -0.002482712 -0.007770717 -8.3445e-4 -0.002486705 -0.007770717 -8.3445e-4 -0.002486705 -0.007770717 -8.3445e-4 -0.002486705 -0.007461786 -9.6624e-4 -0.002490222 -0.007461786 -9.6624e-4 -0.002490222 -0.007461786 -9.6624e-4 -0.002490222 -0.01399838 0.004944145 -0.002383232 -0.01399838 0.004944145 -0.002383232 -0.01399838 0.004944145 -0.002383232 -0.01399838 0.004944145 -0.002383232 -0.00704199 0.01102977 -0.002371966 -0.00704199 0.01102977 -0.002371966 -0.00704199 0.01102977 -0.002371966 -0.007266879 0.001951873 -0.002462148 -0.007266879 0.001951873 -0.002462148 -0.007266879 0.001951873 -0.002462148 -0.007590591 0.001862287 -0.002460718 -0.007590591 0.001862287 -0.002460718 -0.007590591 0.001862287 -0.002460718 -0.00788629 0.001702904 -0.002460181 -0.00788629 0.001702904 -0.002460181 -0.00788629 0.001702904 -0.002460181 -0.008139073 0.001481771 -0.002460598 -0.008139073 0.001481771 -0.002460598 -0.008139073 0.001481771 -0.002460598 -0.008336365 0.001209914 -0.00246191 -0.008336365 0.001209914 -0.00246191 -0.008336365 0.001209914 -0.00246191 -0.008336365 0.001209914 -0.00246191 -0.008468151 9.00986e-4 -0.002464115 -0.008468151 9.00986e-4 -0.002464115 -0.008468151 9.00986e-4 -0.002464115 6.77347e-4 -0.002492249 -0.002564489 6.77347e-4 -0.002492249 -0.002564489 6.77347e-4 -0.002492249 -0.002564489 0.001099884 -0.002328455 -0.00256592 0.001099884 -0.002328455 -0.00256592 0.001099884 -0.002328455 -0.00256592 9.67754e-4 -0.006743788 -0.00260961 9.67754e-4 -0.006743788 -0.00260961 9.67754e-4 -0.006743788 -0.00260961 -0.001097142 -0.002373814 -0.002550482 -0.001097142 -0.002373814 -0.002550482 -0.001097142 -0.002373814 -0.002550482 -0.001950442 -0.006549119 -0.002586543 -0.001950442 -0.006549119 -0.002586543 -0.001950442 -0.006549119 -0.002586543 -0.001494169 -0.002155363 -0.002545416 -0.001494169 -0.002155363 -0.002545416 -0.001494169 -0.002155363 -0.002545416 -0.001847267 -0.001871287 -0.002539992 -0.001847267 -0.001871287 -0.002539992 -0.001847267 -0.001871287 -0.002539992 -0.002145648 -0.00153023 -0.002534389 -0.002145648 -0.00153023 -0.002534389 -0.002145648 -0.00153023 -0.002534389 0.005500316 -3.10366e-5 -0.002574503 0.005500316 -3.10366e-5 -0.002574503 0.005500316 -3.10366e-5 -0.002574503 0.002537727 2.84607e-4 -0.002549886 0.002537727 2.84607e-4 -0.002549886 0.002537727 2.84607e-4 -0.002549886 0.005632102 2.77908e-4 -0.002572298 0.005632102 2.77908e-4 -0.002572298 0.005632102 2.77908e-4 -0.002572298 0.0057047 -0.001316428 -0.002588987 0.0057047 -0.001316428 -0.002588987 0.0057047 -0.001316428 -0.002588987 0.0057047 -0.001316428 -0.002588987 0.002331316 -0.001045286 -0.002561807 0.002331316 -0.001045286 -0.002561807 0.002331316 -0.001045286 -0.002561807 0.005545377 -0.001020789 -0.002584815 0.005545377 -0.001020789 -0.002584815 0.005545377 -0.001020789 -0.002584815 0.005545377 -0.001020789 -0.002584815 0.002477526 -6.16326e-4 -0.002558529 0.002477526 -6.16326e-4 -0.002558529 0.002477526 -6.16326e-4 -0.002558529 0.005455791 -6.97083e-4 -0.002580881 0.005455791 -6.97083e-4 -0.002580881 0.005455791 -6.97083e-4 -0.002580881 0.002547025 -1.68495e-4 -0.002554535 0.002547025 -1.68495e-4 -0.002554535 0.002547025 -1.68495e-4 -0.002554535 0.005440533 -3.61557e-4 -0.002577424 0.005440533 -3.61557e-4 -0.002577424 0.005440533 -3.61557e-4 -0.002577424 0.005925834 -0.001569211 -0.0025931 0.005925834 -0.001569211 -0.0025931 0.005925834 -0.001569211 -0.0025931 7.18843e-4 -0.006124436 -0.002601563 7.18843e-4 -0.006124436 -0.002601563 7.18843e-4 -0.006124436 -0.002601563 2.32756e-4 -0.002580106 -0.002562165 2.32756e-4 -0.002580106 -0.002562165 2.32756e-4 -0.002580106 -0.002562165 2.32756e-4 -0.002580106 -0.002562165 8.78184e-4 -0.006420135 -0.002605676 8.78184e-4 -0.006420135 -0.002605676 8.78184e-4 -0.006420135 -0.002605676 -0.006291866 0.001775622 -0.00247097 -0.006291866 0.001775622 -0.00247097 -0.006291866 0.001775622 -0.00247097 -0.006291866 0.001775622 -0.00247097 -0.002425491 0.001054465 -0.002506196 -0.002425491 0.001054465 -0.002506196 -0.002425491 0.001054465 -0.002506196 -0.002425491 0.001054465 -0.002506196 -0.006020009 0.00157839 -0.002474963 -0.006020009 0.00157839 -0.002474963 -0.006020009 0.00157839 -0.002474963 -0.005798876 0.001325607 -0.002479076 -0.005798876 0.001325607 -0.002479076 -0.005798876 0.001325607 -0.002479076 -0.005798876 0.001325607 -0.002479076 -0.005923509 -5.40573e-4 -0.002497076 -0.005923509 -5.40573e-4 -0.002497076 -0.005923509 -5.40573e-4 -0.002497076 -0.005923509 -5.40573e-4 -0.002497076 -0.005726277 -2.68708e-4 -0.002495765 -0.005726277 -2.68708e-4 -0.002495765 -0.005726277 -2.68708e-4 -0.002495765 -0.005726277 -2.68708e-4 -0.002495765 -0.002543985 -7.19994e-4 -0.002523303 -0.002543985 -7.19994e-4 -0.002523303 -0.002543985 -7.19994e-4 -0.002523303 -0.005594432 4.02296e-5 -0.00249356 -0.005594432 4.02296e-5 -0.00249356 -0.005594432 4.02296e-5 -0.00249356 -0.002631843 -2.75406e-4 -0.002518177 -0.002631843 -2.75406e-4 -0.002518177 -0.002631843 -2.75406e-4 -0.002518177 -0.005534648 3.70766e-4 -0.002490639 -0.005534648 3.70766e-4 -0.002490639 -0.005534648 3.70766e-4 -0.002490639 -0.002641201 1.77688e-4 -0.002513527 -0.002641201 1.77688e-4 -0.002513527 -0.002641201 1.77688e-4 -0.002513527 -0.006471991 -9.21105e-4 -0.002496957 -0.006471991 -9.21105e-4 -0.002496957 -0.006471991 -9.21105e-4 -0.002496957 -0.006176352 -7.61734e-4 -0.002497494 -0.006176352 -7.61734e-4 -0.002497494 -0.006176352 -7.61734e-4 -0.002497494 -0.002380311 -0.001142501 -0.002528786 -0.002380311 -0.001142501 -0.002528786 -0.002380311 -0.001142501 -0.002528786 -0.002380311 -0.001142501 -0.002528786 -0.006795763 -0.001010656 -0.002495527 -0.006795763 -0.001010656 -0.002495527 -0.006795763 -0.001010656 -0.002495527 -0.001621365 -0.005968332 -0.002583026 -0.001621365 -0.005968332 -0.002583026 -0.001621365 -0.005968332 -0.002583026 -0.001818597 -0.006240189 -0.002584338 -0.001818597 -0.006240189 -0.002584338 -0.001818597 -0.006240189 -0.002584338 -6.68202e-4 -0.002520024 -0.002555072 -6.68202e-4 -0.002520024 -0.002555072 -6.68202e-4 -0.002520024 -0.002555072 0.005988776 -0.03456604 0.00682348 0.005988776 -0.03456604 0.00682348 0.005988776 -0.03456604 0.00682348 0.006487667 -0.0345993 0.006819546 0.006487667 -0.0345993 0.006819546 0.006487667 -0.0345993 0.006819546 0.006487667 -0.0345993 0.006819546 0.003559112 -0.04843437 0.006700813 0.003559112 -0.04843437 0.006700813 0.003559112 -0.04843437 0.006700813 0.003559112 -0.04843437 0.006700813 0.003559112 -0.04843437 0.006700813 0.003559112 -0.04843437 0.006700813 0.003516316 -0.04837453 7.79739e-4 0.003516316 -0.04837453 7.79739e-4 0.003516316 -0.04837453 7.79739e-4 0.003516018 -0.04833221 3.89957e-4 0.003516018 -0.04833221 3.89957e-4 0.003516018 -0.04833221 3.89957e-4 0.003516018 -0.04833221 3.89957e-4 0.003520905 -0.04821491 1.58923e-5 0.003520905 -0.04821491 1.58923e-5 0.003520905 -0.04821491 1.58923e-5 0.003520905 -0.04821491 1.58923e-5 0.003520905 -0.04821491 1.58923e-5 0.00353074 -0.04802703 -3.28075e-4 0.00353074 -0.04802703 -3.28075e-4 0.00353074 -0.04802703 -3.28075e-4 0.00353074 -0.04802703 -3.28075e-4 0.003545105 -0.04777574 -6.28744e-4 0.003545105 -0.04777574 -6.28744e-4 0.003545105 -0.04777574 -6.28744e-4 0.003545105 -0.04777574 -6.28744e-4 0.003653764 -0.045933 -0.002439439 0.003653764 -0.045933 -0.002439439 0.003653764 -0.045933 -0.002439439 0.003672182 -0.04562813 -0.002685248 0.003672182 -0.04562813 -0.002685248 0.003672182 -0.04562813 -0.002685248 0.003672182 -0.04562813 -0.002685248 0.003672182 -0.04562813 -0.002685248 0.003693878 -0.04528123 -0.002866685 0.003693878 -0.04528123 -0.002866685 0.003693878 -0.04528123 -0.002866685 0.003693878 -0.04528123 -0.002866685 0.003718078 -0.04490572 -0.002976894 0.003718078 -0.04490572 -0.002976894 0.003718078 -0.04490572 -0.002976894 0.003718078 -0.04490572 -0.002976894 0.004392206 -0.03596276 0.006820917 0.004392206 -0.03596276 0.006820917 0.004392206 -0.03596276 0.006820917 -0.01609396 -0.02758061 0.007053732 -0.01609396 -0.02758061 0.007053732 -0.01609396 -0.02758061 0.007053732 -0.01609396 -0.02758061 0.007053732 -0.01739358 -0.04703634 0.006866395 -0.01739358 -0.04703634 0.006866395 -0.01739358 -0.04703634 0.006866395 -0.01739358 -0.04703634 0.006866395 -0.01739358 -0.04703634 0.006866395 0.00445199 -0.03563225 0.006823837 0.00445199 -0.03563225 0.006823837 0.00445199 -0.03563225 0.006823837 0.004583775 -0.03532332 0.006825983 0.004583775 -0.03532332 0.006825983 0.004583775 -0.03532332 0.006825983 0.004781007 -0.03505146 0.006827294 0.004781007 -0.03505146 0.006827294 0.004781007 -0.03505146 0.006827294 0.00503385 -0.03483027 0.006827712 0.00503385 -0.03483027 0.006827712 0.00503385 -0.03483027 0.006827712 0.00503385 -0.03483027 0.006827712 0.005329549 -0.03467094 0.006827175 0.005329549 -0.03467094 0.006827175 0.005329549 -0.03467094 0.006827175 0.005329549 -0.03467094 0.006827175 0.005653262 -0.0345813 0.006825745 0.005653262 -0.0345813 0.006825745 0.005653262 -0.0345813 0.006825745 0.01184302 -0.02944469 0.006832957 0.01184302 -0.02944469 0.006832957 0.01184302 -0.02944469 0.006832957 0.01184302 -0.02944469 0.006832957 0.006818175 -0.03465902 0.006816565 0.006818175 -0.03465902 0.006816565 0.006818175 -0.03465902 0.006816565 0.006818175 -0.03465902 0.006816565 0.007127165 -0.03479087 0.006812989 0.007127165 -0.03479087 0.006812989 0.007127165 -0.03479087 0.006812989 0.007398962 -0.0349881 0.006808996 0.007398962 -0.0349881 0.006808996 0.007398962 -0.0349881 0.006808996 0.007398962 -0.0349881 0.006808996 0.007620155 -0.03524082 0.006804883 0.007620155 -0.03524082 0.006804883 0.007620155 -0.03524082 0.006804883 0.007620155 -0.03524082 0.006804883 0.007779479 -0.03553652 0.006800711 0.007779479 -0.03553652 0.006800711 0.007779479 -0.03553652 0.006800711 0.007869064 -0.03586024 0.006796836 0.007869064 -0.03586024 0.006796836 0.007869064 -0.03586024 0.006796836 0.007884323 -0.03619575 0.00679332 0.007884323 -0.03619575 0.00679332 0.007884323 -0.03619575 0.00679332 0.007051229 -0.04866743 0.006673216 0.007051229 -0.04866743 0.006673216 0.007051229 -0.04866743 0.006673216 0.007051229 -0.04866743 0.006673216 0.007051229 -0.04866743 0.006673216 0.007051229 -0.04866743 0.006673216 0.01054334 -0.04890042 0.006645619 0.01054334 -0.04890042 0.006645619 0.01054334 -0.04890042 0.006645619 0.007210195 -0.04513877 -0.003004491 0.007210195 -0.04513877 -0.003004491 0.007210195 -0.04513877 -0.003004491 0.007185995 -0.04551428 -0.002894282 0.007185995 -0.04551428 -0.002894282 0.007185995 -0.04551428 -0.002894282 0.007185995 -0.04551428 -0.002894282 0.007164299 -0.04586112 -0.002712845 0.007164299 -0.04586112 -0.002712845 0.007164299 -0.04586112 -0.002712845 0.007145881 -0.046166 -0.002467036 0.007145881 -0.046166 -0.002467036 0.007145881 -0.046166 -0.002467036 0.007145881 -0.046166 -0.002467036 0.007145881 -0.046166 -0.002467036 0.007037281 -0.04800879 -6.56341e-4 0.007037281 -0.04800879 -6.56341e-4 0.007037281 -0.04800879 -6.56341e-4 0.007037281 -0.04800879 -6.56341e-4 0.007037281 -0.04800879 -6.56341e-4 0.007022857 -0.04826003 -3.55674e-4 0.007022857 -0.04826003 -3.55674e-4 0.007022857 -0.04826003 -3.55674e-4 0.007022857 -0.04826003 -3.55674e-4 0.007022857 -0.04826003 -3.55674e-4 0.007013022 -0.0484479 -1.17051e-5 0.007013022 -0.0484479 -1.17051e-5 0.007013022 -0.0484479 -1.17051e-5 0.007013022 -0.0484479 -1.17051e-5 0.007013022 -0.0484479 -1.17051e-5 0.007008194 -0.04856526 3.62359e-4 0.007008194 -0.04856526 3.62359e-4 0.007008194 -0.04856526 3.62359e-4 0.007008194 -0.04856526 3.62359e-4 0.007008433 -0.04860752 7.52141e-4 0.007008433 -0.04860752 7.52141e-4 0.007008433 -0.04860752 7.52141e-4 0.01099944 -0.04887384 7.20601e-4 0.01099944 -0.04887384 7.20601e-4 0.01099944 -0.04887384 7.20601e-4 0.01099914 -0.04883152 3.30819e-4 0.01099914 -0.04883152 3.30819e-4 0.01099914 -0.04883152 3.30819e-4 0.01099914 -0.04883152 3.30819e-4 0.01100403 -0.04871416 -4.32469e-5 0.01100403 -0.04871416 -4.32469e-5 0.01100403 -0.04871416 -4.32469e-5 0.01100403 -0.04871416 -4.32469e-5 0.01101386 -0.04852634 -3.87214e-4 0.01101386 -0.04852634 -3.87214e-4 0.01101386 -0.04852634 -3.87214e-4 0.01101386 -0.04852634 -3.87214e-4 0.01102823 -0.04827505 -6.87883e-4 0.01102823 -0.04827505 -6.87883e-4 0.01102823 -0.04827505 -6.87883e-4 0.01102823 -0.04827505 -6.87883e-4 -0.01743638 -0.0469765 9.45329e-4 -0.01743638 -0.0469765 9.45329e-4 -0.01743638 -0.0469765 9.45329e-4 -0.01743638 -0.0469765 9.45329e-4 -0.01743638 -0.0469765 9.45329e-4 -0.01743638 -0.0469765 9.45329e-4 -0.01743638 -0.0469765 9.45329e-4 -0.01743638 -0.0469765 9.45329e-4 -0.01743668 -0.04693418 5.55549e-4 -0.01743668 -0.04693418 5.55549e-4 -0.01743668 -0.04693418 5.55549e-4 -0.01743668 -0.04693418 5.55549e-4 -0.01743179 -0.04681688 1.81483e-4 -0.01743179 -0.04681688 1.81483e-4 -0.01743179 -0.04681688 1.81483e-4 -0.01742196 -0.04662895 -1.62485e-4 -0.01742196 -0.04662895 -1.62485e-4 -0.01742196 -0.04662895 -1.62485e-4 -0.01742196 -0.04662895 -1.62485e-4 -0.01740759 -0.04637771 -4.63154e-4 -0.01740759 -0.04637771 -4.63154e-4 -0.01740759 -0.04637771 -4.63154e-4 -0.01740759 -0.04637771 -4.63154e-4 -0.01729893 -0.04453498 -0.002273857 -0.01729893 -0.04453498 -0.002273857 -0.01729893 -0.04453498 -0.002273857 -0.01729893 -0.04453498 -0.002273857 0.01113688 -0.04643231 -0.002498567 0.01113688 -0.04643231 -0.002498567 0.01113688 -0.04643231 -0.002498567 0.01113688 -0.04643231 -0.002498567 0.0111553 -0.04612743 -0.002744376 0.0111553 -0.04612743 -0.002744376 0.0111553 -0.04612743 -0.002744376 0.0111553 -0.04612743 -0.002744376 0.0111553 -0.04612743 -0.002744376 0.011177 -0.04578053 -0.002925872 0.011177 -0.04578053 -0.002925872 0.011177 -0.04578053 -0.002925872 0.0112012 -0.04540503 -0.003036022 0.0112012 -0.04540503 -0.003036022 0.0112012 -0.04540503 -0.003036022 0.0112012 -0.04540503 -0.003036022 -0.01728057 -0.04423004 -0.002519607 -0.01728057 -0.04423004 -0.002519607 -0.01728057 -0.04423004 -0.002519607 -0.01728057 -0.04423004 -0.002519607 -0.01725882 -0.0438832 -0.002701103 -0.01725882 -0.0438832 -0.002701103 -0.01725882 -0.0438832 -0.002701103 -0.01725882 -0.0438832 -0.002701103 -0.01723468 -0.04350769 -0.002811312 -0.01723468 -0.04350769 -0.002811312 -0.01723468 -0.04350769 -0.002811312 -0.01723468 -0.04350769 -0.002811312 0.01135486 -0.04937094 0.04988831 0.01135486 -0.04937094 0.04988831 0.01135486 -0.04937094 0.04988831 0.01137775 -0.04940301 0.05305963 0.01137775 -0.04940301 0.05305963 0.01137775 -0.04940301 0.05305963 0.01137775 -0.04940301 0.05305963 -0.01705807 -0.04750573 0.0532844 -0.01705807 -0.04750573 0.0532844 -0.01705807 -0.04750573 0.0532844 -0.01705807 -0.04750573 0.0532844 -0.01705807 -0.04750573 0.0532844 -0.01710087 -0.04744583 0.04736328 -0.01710087 -0.04744583 0.04736328 -0.01710087 -0.04744583 0.04736328 -0.01710087 -0.04744583 0.04736328 -0.01710087 -0.04744583 0.04736328 -0.01710087 -0.04744583 0.04736328 -0.01710087 -0.04744583 0.04736328 0.01083612 -0.0493099 0.0471425 0.01083612 -0.0493099 0.0471425 0.01083612 -0.0493099 0.0471425 0.01102674 -0.04932224 0.04710292 0.01102674 -0.04932224 0.04710292 0.01102674 -0.04932224 0.04710292 0.01102674 -0.04932224 0.04710292 0.01102674 -0.04932224 0.04710292 0.01630747 -0.04965329 0.04484927 0.01630747 -0.04965329 0.04484927 0.01630747 -0.04965329 0.04484927 0.01630747 -0.04965329 0.04484927 0.01630747 -0.04965329 0.04484927 0.01630747 -0.04965329 0.04484927 0.01630747 -0.04965329 0.04484927 0.01630747 -0.04965329 0.04484927 0.01118779 -0.04933196 0.04699325 0.01118779 -0.04933196 0.04699325 0.01118779 -0.04933196 0.04699325 0.01118779 -0.04933196 0.04699325 0.01129478 -0.0493375 0.04683023 0.01129478 -0.0493375 0.04683023 0.01129478 -0.0493375 0.04683023 0.01129478 -0.0493375 0.04683023 0.01129478 -0.0493375 0.04683023 0.01133137 -0.0493381 0.0466386 0.01133137 -0.0493381 0.0466386 0.01133137 -0.0493381 0.0466386 0.01133137 -0.0493381 0.0466386 0.01133137 -0.0493381 0.0466386 0.01104587 -0.04893875 0.007141649 0.01104587 -0.04893875 0.007141649 0.01104587 -0.04893875 0.007141649 0.01104587 -0.04893875 0.007141649 0.01104587 -0.04893875 0.007141649 0.01104587 -0.04893875 0.007141649 0.01104587 -0.04893875 0.007141649 0.01104587 -0.04893875 0.007141649 0.01604723 -0.04928928 0.008852064 0.01604723 -0.04928928 0.008852064 0.01604723 -0.04928928 0.008852064 0.01604723 -0.04928928 0.008852064 0.01604723 -0.04928928 0.008852064 0.01604723 -0.04928928 0.008852064 0.01604723 -0.04928928 0.008852064 0.01604723 -0.04928928 0.008852064 0.01102238 -0.0489059 0.003891885 0.01102238 -0.0489059 0.003891885 0.01102238 -0.0489059 0.003891885 0.01102238 -0.0489059 0.003891885 0.01102238 -0.0489059 0.003891885 0.01102238 -0.0489059 0.003891885 0.01100647 -0.04893428 0.006950616 0.01100647 -0.04893428 0.006950616 0.01100647 -0.04893428 0.006950616 0.01100647 -0.04893428 0.006950616 0.01100647 -0.04893428 0.006950616 0.01089715 -0.04892545 0.006789267 0.01089715 -0.04892545 0.006789267 0.01089715 -0.04892545 0.006789267 0.01089715 -0.04892545 0.006789267 0.01073455 -0.04891353 0.006682157 0.01073455 -0.04891353 0.006682157 0.01073455 -0.04891353 0.006682157 0.01073455 -0.04891353 0.006682157 -0.01580125 -0.0279901 0.04755061 -0.01580125 -0.0279901 0.04755061 -0.01580125 -0.0279901 0.04755061 -0.01608133 -0.03250765 0.05025714 -0.01608133 -0.03250765 0.05025714 -0.01608133 -0.03250765 0.05025714 -0.01608133 -0.03250765 0.05025714 -0.01608133 -0.03250765 0.05025714 -0.01578879 -0.02779877 0.04751437 -0.01578879 -0.02779877 0.04751437 -0.01578879 -0.02779877 0.04751437 -0.01633924 -0.03067249 0.002123057 -0.01633924 -0.03067249 0.002123057 -0.01633924 -0.03067249 0.002123057 -0.01633924 -0.03067249 0.002123057 -0.01633924 -0.03067249 0.002123057 -0.01632958 -0.03056496 0.002441108 -0.01632958 -0.03056496 0.002441108 -0.01632958 -0.03056496 0.002441108 -0.01632463 -0.03053086 0.002775251 -0.01632463 -0.03053086 0.002775251 -0.01632463 -0.03053086 0.002775251 -0.01632475 -0.03057175 0.00310862 -0.01632475 -0.03057175 0.00310862 -0.01632475 -0.03057175 0.00310862 -0.01632475 -0.03057175 0.00310862 -0.01632982 -0.0306856 0.003424584 -0.01632982 -0.0306856 0.003424584 -0.01632982 -0.0306856 0.003424584 -0.01632982 -0.0306856 0.003424584 -0.01632982 -0.0306856 0.003424584 -0.01633971 -0.0308668 0.003707289 -0.01633971 -0.0308668 0.003707289 -0.01633971 -0.0308668 0.003707289 -0.01633971 -0.0308668 0.003707289 -0.01635378 -0.03110617 0.003942489 -0.01635378 -0.03110617 0.003942489 -0.01635378 -0.03110617 0.003942489 -0.01635378 -0.03110617 0.003942489 -0.01637148 -0.03139173 0.004118442 -0.01637148 -0.03139173 0.004118442 -0.01637148 -0.03139173 0.004118442 -0.01637148 -0.03139173 0.004118442 -0.01639181 -0.03170919 0.004226326 -0.01639181 -0.03170919 0.004226326 -0.01639181 -0.03170919 0.004226326 -0.01639181 -0.03170919 0.004226326 -0.01639181 -0.03170919 0.004226326 -0.0157473 -0.02206528 0.004356801 -0.0157473 -0.02206528 0.004356801 -0.0157473 -0.02206528 0.004356801 -0.0157473 -0.02206528 0.004356801 -0.0157473 -0.02206528 0.004356801 -0.0164138 -0.03204262 0.004260718 -0.0164138 -0.03204262 0.004260718 -0.0164138 -0.03204262 0.004260718 -0.0164138 -0.03204262 0.004260718 -0.0164138 -0.03204262 0.004260718 -0.0164138 -0.03204262 0.004260718 -0.01608097 -0.02739012 0.007093608 -0.01608097 -0.02739012 0.007093608 -0.01608097 -0.02739012 0.007093608 -0.01608097 -0.02739012 0.007093608 -0.01608097 -0.02739012 0.007093608 -0.01606935 -0.02722936 0.007203578 -0.01606935 -0.02722936 0.007203578 -0.01606935 -0.02722936 0.007203578 -0.01606935 -0.02722936 0.007203578 -0.01606094 -0.02712285 0.007366836 -0.01606094 -0.02712285 0.007366836 -0.01606094 -0.02712285 0.007366836 -0.01606094 -0.02712285 0.007366836 -0.01605707 -0.02708679 0.007558524 -0.01605707 -0.02708679 0.007558524 -0.01605707 -0.02708679 0.007558524 -0.01577156 -0.02748614 0.04705542 -0.01577156 -0.02748614 0.04705542 -0.01577156 -0.02748614 0.04705542 -0.01577156 -0.02748614 0.04705542 -0.01710194 -0.04198956 0.001164913 -0.01710194 -0.04198956 0.001164913 -0.01710194 -0.04198956 0.001164913 -0.01710194 -0.04198956 0.001164913 -0.01710194 -0.04198956 0.001164913 -0.01710194 -0.04198956 0.001164913 -0.01710194 -0.04198956 0.001164913 -0.01707941 -0.04165691 0.001205682 -0.01707941 -0.04165691 0.001205682 -0.01707941 -0.04165691 0.001205682 -0.01707941 -0.04165691 0.001205682 -0.01707941 -0.04165691 0.001205682 -0.01645743 -0.03234565 0.001295328 -0.01645743 -0.03234565 0.001295328 -0.01645743 -0.03234565 0.001295328 -0.01645743 -0.03234565 0.001295328 -0.01645743 -0.03234565 0.001295328 -0.01643544 -0.03201228 0.001260936 -0.01643544 -0.03201228 0.001260936 -0.01643544 -0.03201228 0.001260936 -0.01643544 -0.03201228 0.001260936 -0.01643544 -0.03201228 0.001260936 -0.01714491 -0.04294967 0.003828465 -0.01714491 -0.04294967 0.003828465 -0.01714491 -0.04294967 0.003828465 -0.01714491 -0.04294967 0.003828465 -0.01714491 -0.04294967 0.003828465 -0.0171625 -0.04318428 0.003588676 -0.0171625 -0.04318428 0.003588676 -0.0171625 -0.04318428 0.003588676 -0.0171625 -0.04318428 0.003588676 -0.01717644 -0.04335969 0.003302574 -0.01717644 -0.04335969 0.003302574 -0.01717644 -0.04335969 0.003302574 -0.01717644 -0.04335969 0.003302574 -0.01718616 -0.04346716 0.002984464 -0.01718616 -0.04346716 0.002984464 -0.01718616 -0.04346716 0.002984464 -0.01718616 -0.04346716 0.002984464 -0.01718616 -0.04346716 0.002984464 -0.01719105 -0.04350131 0.00265038 -0.01719105 -0.04350131 0.00265038 -0.01719105 -0.04350131 0.00265038 -0.01719105 -0.04350131 0.00265038 -0.01719099 -0.04346042 0.002316951 -0.01719099 -0.04346042 0.002316951 -0.01719099 -0.04346042 0.002316951 -0.01719099 -0.04346042 0.002316951 -0.01718586 -0.04334652 0.002000987 -0.01718586 -0.04334652 0.002000987 -0.01718586 -0.04334652 0.002000987 -0.01718586 -0.04334652 0.002000987 -0.01718586 -0.04334652 0.002000987 -0.01717603 -0.04316538 0.001718342 -0.01717603 -0.04316538 0.001718342 -0.01717603 -0.04316538 0.001718342 -0.0171619 -0.04292601 0.001483142 -0.0171619 -0.04292601 0.001483142 -0.0171619 -0.04292601 0.001483142 -0.0171619 -0.04292601 0.001483142 -0.01714426 -0.04264044 0.001307189 -0.01714426 -0.04264044 0.001307189 -0.01714426 -0.04264044 0.001307189 -0.01714426 -0.04264044 0.001307189 -0.01712393 -0.04232299 0.001199305 -0.01712393 -0.04232299 0.001199305 -0.01712393 -0.04232299 0.001199305 -0.01712393 -0.04232299 0.001199305 -0.01708024 -0.0420199 0.004164636 -0.01708024 -0.0420199 0.004164636 -0.01708024 -0.0420199 0.004164636 -0.01708024 -0.0420199 0.004164636 -0.01708024 -0.0420199 0.004164636 -0.01710277 -0.04235255 0.004123866 -0.01710277 -0.04235255 0.004123866 -0.01710277 -0.04235255 0.004123866 -0.01710277 -0.04235255 0.004123866 -0.01712471 -0.04266774 0.004009842 -0.01712471 -0.04266774 0.004009842 -0.01712471 -0.04266774 0.004009842 -0.01712471 -0.04266774 0.004009842 -0.01360088 0.004388093 0.05261242 -0.01360088 0.004388093 0.05261242 -0.01360088 0.004388093 0.05261242 -0.01360088 0.004388093 0.05261242 -0.01360088 0.004388093 0.05261242 -0.01360088 0.004388093 0.05261242 -0.01360088 0.004388093 0.05261242 -0.01360088 0.004388093 0.05261242 -0.01526707 -0.02055513 0.05237227 -0.01526707 -0.02055513 0.05237227 -0.01526707 -0.02055513 0.05237227 -0.01526707 -0.02055513 0.05237227 -0.01526707 -0.02055513 0.05237227 -0.01597565 -0.03118103 0.05242079 -0.01597565 -0.03118103 0.05242079 -0.01597565 -0.03118103 0.05242079 -0.01597565 -0.03118103 0.05242079 -0.01597565 -0.03118103 0.05242079 -0.01598554 -0.03136223 0.05270349 -0.01598554 -0.03136223 0.05270349 -0.01598554 -0.03136223 0.05270349 -0.01598554 -0.03136223 0.05270349 -0.01599967 -0.0316016 0.05293869 -0.01599967 -0.0316016 0.05293869 -0.01599967 -0.0316016 0.05293869 -0.01599967 -0.0316016 0.05293869 -0.01601731 -0.03188717 0.05311465 -0.01601731 -0.03188717 0.05311465 -0.01601731 -0.03188717 0.05311465 -0.01601731 -0.03188717 0.05311465 -0.01603764 -0.03220462 0.05322253 -0.01603764 -0.03220462 0.05322253 -0.01603764 -0.03220462 0.05322253 -0.01603764 -0.03220462 0.05322253 -0.01605963 -0.03253799 0.05325692 -0.01605963 -0.03253799 0.05325692 -0.01605963 -0.03253799 0.05325692 -0.01605963 -0.03253799 0.05325692 -0.01605963 -0.03253799 0.05325692 -0.01605963 -0.03253799 0.05325692 -0.0135647 0.004337549 0.05761206 -0.0135647 0.004337549 0.05761206 -0.0135647 0.004337549 0.05761206 -0.0135647 0.004337549 0.05761206 -0.0135647 0.004337549 0.05761206 -0.01541483 -0.02253037 0.05035322 -0.01541483 -0.02253037 0.05035322 -0.01541483 -0.02253037 0.05035322 -0.01541483 -0.02253037 0.05035322 -0.01541483 -0.02253037 0.05035322 -0.01541483 -0.02253037 0.05035322 -0.01541483 -0.02253037 0.05035322 -0.0157727 -0.02752608 0.04724639 -0.0157727 -0.02752608 0.04724639 -0.0157727 -0.02752608 0.04724639 -0.0157727 -0.02752608 0.04724639 -0.0157727 -0.02752608 0.04724639 -0.01577877 -0.02763587 0.04740756 -0.01577877 -0.02763587 0.04740756 -0.01577877 -0.02763587 0.04740756 -0.01577877 -0.02763587 0.04740756 -0.0160588 -0.03217506 0.05029797 -0.0160588 -0.03217506 0.05029797 -0.0160588 -0.03217506 0.05029797 -0.0160588 -0.03217506 0.05029797 -0.01603686 -0.03185981 0.05041193 -0.01603686 -0.03185981 0.05041193 -0.01603686 -0.03185981 0.05041193 -0.01603686 -0.03185981 0.05041193 -0.01603686 -0.03185981 0.05041193 -0.0160166 -0.03157788 0.05059337 -0.0160166 -0.03157788 0.05059337 -0.0160166 -0.03157788 0.05059337 -0.0160166 -0.03157788 0.05059337 -0.0160166 -0.03157788 0.05059337 -0.01599907 -0.03134328 0.05083316 -0.01599907 -0.03134328 0.05083316 -0.01599907 -0.03134328 0.05083316 -0.01599907 -0.03134328 0.05083316 -0.01598507 -0.03116786 0.05111926 -0.01598507 -0.03116786 0.05111926 -0.01598507 -0.03116786 0.05111926 -0.01598507 -0.03116786 0.05111926 -0.01597541 -0.03106039 0.05143731 -0.01597541 -0.03106039 0.05143731 -0.01597541 -0.03106039 0.05143731 -0.01597046 -0.03102624 0.05177146 -0.01597046 -0.03102624 0.05177146 -0.01597046 -0.03102624 0.05177146 -0.01597058 -0.03106713 0.05210483 -0.01597058 -0.03106713 0.05210483 -0.01597058 -0.03106713 0.05210483 -0.01597058 -0.03106713 0.05210483 -0.01641291 -0.03167963 0.001301765 -0.01641291 -0.03167963 0.001301765 -0.01641291 -0.03167963 0.001301765 -0.01641291 -0.03167963 0.001301765 -0.01639103 -0.03136444 0.001415729 -0.01639103 -0.03136444 0.001415729 -0.01639103 -0.03136444 0.001415729 -0.01639103 -0.03136444 0.001415729 -0.01639103 -0.03136444 0.001415729 -0.01637077 -0.03108245 0.001597166 -0.01637077 -0.03108245 0.001597166 -0.01637077 -0.03108245 0.001597166 -0.01635318 -0.0308479 0.001836955 -0.01635318 -0.0308479 0.001836955 -0.01635318 -0.0308479 0.001836955 -0.01672607 -0.04251527 0.05316084 -0.01672607 -0.04251527 0.05316084 -0.01672607 -0.04251527 0.05316084 -0.01672607 -0.04251527 0.05316084 -0.01672607 -0.04251527 0.05316084 -0.01672607 -0.04251527 0.05316084 -0.01672607 -0.04251527 0.05316084 -0.0167486 -0.04284793 0.05312007 -0.0167486 -0.04284793 0.05312007 -0.0167486 -0.04284793 0.05312007 -0.0167486 -0.04284793 0.05312007 -0.01705271 -0.04747128 0.05367487 -0.01705271 -0.04747128 0.05367487 -0.01705271 -0.04747128 0.05367487 -0.01705271 -0.04747128 0.05367487 -0.01705271 -0.04747128 0.05367487 -0.01704239 -0.04736155 0.05405116 -0.01704239 -0.04736155 0.05405116 -0.01704239 -0.04736155 0.05405116 -0.01704239 -0.04736155 0.05405116 -0.01702761 -0.04718065 0.05439871 -0.01702761 -0.04718065 0.05439871 -0.01702761 -0.04718065 0.05439871 -0.01702761 -0.04718065 0.05439871 -0.01700884 -0.04693555 0.05470412 -0.01700884 -0.04693555 0.05470412 -0.01700884 -0.04693555 0.05470412 -0.01687371 -0.04512971 0.05654996 -0.01687371 -0.04512971 0.05654996 -0.01687371 -0.04512971 0.05654996 -0.01687371 -0.04512971 0.05654996 -0.01685178 -0.0448299 0.05680161 -0.01685178 -0.0448299 0.05680161 -0.01685178 -0.0448299 0.05680161 -0.01685178 -0.0448299 0.05680161 -0.0168274 -0.04448676 0.05698972 -0.0168274 -0.04448676 0.05698972 -0.0168274 -0.04448676 0.05698972 -0.0168274 -0.04448676 0.05698972 -0.01680153 -0.04411357 0.05710715 -0.01680153 -0.04411357 0.05710715 -0.01680153 -0.04411357 0.05710715 -0.01680153 -0.04411357 0.05710715 -0.01677525 -0.04372465 0.05714929 -0.01677525 -0.04372465 0.05714929 -0.01677525 -0.04372465 0.05714929 -0.01677525 -0.04372465 0.05714929 -0.0160821 -0.03287065 0.05321609 -0.0160821 -0.03287065 0.05321609 -0.0160821 -0.03287065 0.05321609 -0.0160821 -0.03287065 0.05321609 -0.0160821 -0.03287065 0.05321609 -0.01670414 -0.0421819 0.05312645 -0.01670414 -0.0421819 0.05312645 -0.01670414 -0.0421819 0.05312645 -0.01670414 -0.0421819 0.05312645 -0.01680833 -0.04367971 0.05258488 -0.01680833 -0.04367971 0.05258488 -0.01680833 -0.04367971 0.05258488 -0.01680833 -0.04367971 0.05258488 -0.01680833 -0.04367971 0.05258488 -0.01682227 -0.04385513 0.05229878 -0.01682227 -0.04385513 0.05229878 -0.01682227 -0.04385513 0.05229878 -0.01682227 -0.04385513 0.05229878 -0.01682227 -0.04385513 0.05229878 -0.01683199 -0.04396259 0.05198067 -0.01683199 -0.04396259 0.05198067 -0.01683199 -0.04396259 0.05198067 -0.01683199 -0.04396259 0.05198067 -0.01683199 -0.04396259 0.05198067 -0.01683688 -0.04399675 0.05164659 -0.01683688 -0.04399675 0.05164659 -0.01683688 -0.04399675 0.05164659 -0.01683688 -0.04399675 0.05164659 -0.01683688 -0.04399675 0.05164659 -0.01683682 -0.04395586 0.05131316 -0.01683682 -0.04395586 0.05131316 -0.01683682 -0.04395586 0.05131316 -0.01683682 -0.04395586 0.05131316 -0.01683169 -0.04384195 0.05099719 -0.01683169 -0.04384195 0.05099719 -0.01683169 -0.04384195 0.05099719 -0.01683169 -0.04384195 0.05099719 -0.01682186 -0.04366075 0.05071455 -0.01682186 -0.04366075 0.05071455 -0.01682186 -0.04366075 0.05071455 -0.01680773 -0.04342138 0.05047935 -0.01680773 -0.04342138 0.05047935 -0.01680773 -0.04342138 0.05047935 -0.01680773 -0.04342138 0.05047935 -0.01680773 -0.04342138 0.05047935 -0.01679009 -0.04313582 0.05030339 -0.01679009 -0.04313582 0.05030339 -0.01679009 -0.04313582 0.05030339 -0.01679009 -0.04313582 0.05030339 -0.01679009 -0.04313582 0.05030339 -0.01676976 -0.04281836 0.05019551 -0.01676976 -0.04281836 0.05019551 -0.01676976 -0.04281836 0.05019551 -0.01676976 -0.04281836 0.05019551 -0.01674777 -0.04248499 0.05016112 -0.01674777 -0.04248499 0.05016112 -0.01674777 -0.04248499 0.05016112 -0.01674777 -0.04248499 0.05016112 -0.01674777 -0.04248499 0.05016112 -0.01674777 -0.04248499 0.05016112 -0.01677054 -0.04316318 0.05300605 -0.01677054 -0.04316318 0.05300605 -0.01677054 -0.04316318 0.05300605 -0.01677054 -0.04316318 0.05300605 -0.0167908 -0.04344511 0.05282467 -0.0167908 -0.04344511 0.05282467 -0.0167908 -0.04344511 0.05282467 -0.0167908 -0.04344511 0.05282467 -0.0167908 -0.04344511 0.05282467 -0.01705831 -0.04168647 0.004130244 -0.01705831 -0.04168647 0.004130244 -0.01705831 -0.04168647 0.004130244 -0.01705831 -0.04168647 0.004130244 -0.01705831 -0.04168647 0.004130244 -0.01643627 -0.03237521 0.004219889 -0.01643627 -0.03237521 0.004219889 -0.01643627 -0.03237521 0.004219889 -0.01643627 -0.03237521 0.004219889 -0.01643627 -0.03237521 0.004219889 -0.01703792 -0.04136902 0.004022359 -0.01703792 -0.04136902 0.004022359 -0.01703792 -0.04136902 0.004022359 -0.01703792 -0.04136902 0.004022359 -0.01703792 -0.04136902 0.004022359 -0.01645821 -0.03269046 0.004105925 -0.01645821 -0.03269046 0.004105925 -0.01645821 -0.03269046 0.004105925 -0.01645821 -0.03269046 0.004105925 -0.01645821 -0.03269046 0.004105925 -0.01702028 -0.04108351 0.003846406 -0.01702028 -0.04108351 0.003846406 -0.01702028 -0.04108351 0.003846406 -0.01702028 -0.04108351 0.003846406 -0.01702028 -0.04108351 0.003846406 -0.01647847 -0.03297239 0.003924489 -0.01647847 -0.03297239 0.003924489 -0.01647847 -0.03297239 0.003924489 -0.01647847 -0.03297239 0.003924489 -0.01647847 -0.03297239 0.003924489 -0.01700615 -0.04084408 0.003611207 -0.01700615 -0.04084408 0.003611207 -0.01700615 -0.04084408 0.003611207 -0.01700615 -0.04084408 0.003611207 -0.01700615 -0.04084408 0.003611207 -0.016496 -0.03320693 0.003684759 -0.016496 -0.03320693 0.003684759 -0.016496 -0.03320693 0.003684759 -0.016496 -0.03320693 0.003684759 -0.016496 -0.03320693 0.003684759 -0.016496 -0.03320693 0.003684759 -0.01699632 -0.04066294 0.003328561 -0.01699632 -0.04066294 0.003328561 -0.01699632 -0.04066294 0.003328561 -0.01699632 -0.04066294 0.003328561 -0.01651 -0.03338241 0.003398656 -0.01651 -0.03338241 0.003398656 -0.01651 -0.03338241 0.003398656 -0.01651 -0.03338241 0.003398656 -0.01651 -0.03338241 0.003398656 -0.01699119 -0.04054903 0.003012597 -0.01699119 -0.04054903 0.003012597 -0.01699119 -0.04054903 0.003012597 -0.01699119 -0.04054903 0.003012597 -0.01651966 -0.03348988 0.003080546 -0.01651966 -0.03348988 0.003080546 -0.01651966 -0.03348988 0.003080546 -0.01651966 -0.03348988 0.003080546 -0.01699113 -0.04050815 0.002679169 -0.01699113 -0.04050815 0.002679169 -0.01699113 -0.04050815 0.002679169 -0.01699113 -0.04050815 0.002679169 -0.01652455 -0.03352403 0.002746403 -0.01652455 -0.03352403 0.002746403 -0.01652455 -0.03352403 0.002746403 -0.01699602 -0.0405423 0.002345085 -0.01699602 -0.0405423 0.002345085 -0.01699602 -0.0405423 0.002345085 -0.01652449 -0.03348314 0.002413034 -0.01652449 -0.03348314 0.002413034 -0.01652449 -0.03348314 0.002413034 -0.01652449 -0.03348314 0.002413034 -0.01700574 -0.04064977 0.002026975 -0.01700574 -0.04064977 0.002026975 -0.01700574 -0.04064977 0.002026975 -0.01651942 -0.03336924 0.00209707 -0.01651942 -0.03336924 0.00209707 -0.01651942 -0.03336924 0.00209707 -0.01651942 -0.03336924 0.00209707 -0.01701968 -0.04082518 0.001740872 -0.01701968 -0.04082518 0.001740872 -0.01701968 -0.04082518 0.001740872 -0.01701968 -0.04082518 0.001740872 -0.01650953 -0.0331881 0.001814424 -0.01650953 -0.0331881 0.001814424 -0.01650953 -0.0331881 0.001814424 -0.01703727 -0.04105979 0.001501083 -0.01703727 -0.04105979 0.001501083 -0.01703727 -0.04105979 0.001501083 -0.01703727 -0.04105979 0.001501083 -0.01703727 -0.04105979 0.001501083 -0.0164954 -0.03294867 0.001579165 -0.0164954 -0.03294867 0.001579165 -0.0164954 -0.03294867 0.001579165 -0.0164954 -0.03294867 0.001579165 -0.0164954 -0.03294867 0.001579165 -0.01705747 -0.04134172 0.001319706 -0.01705747 -0.04134172 0.001319706 -0.01705747 -0.04134172 0.001319706 -0.01705747 -0.04134172 0.001319706 -0.01647776 -0.0326631 0.001403212 -0.01647776 -0.0326631 0.001403212 -0.01647776 -0.0326631 0.001403212 -0.01647776 -0.0326631 0.001403212 -0.01668381 -0.04186445 0.05301856 -0.01668381 -0.04186445 0.05301856 -0.01668381 -0.04186445 0.05301856 -0.01610404 -0.03318583 0.05310213 -0.01610404 -0.03318583 0.05310213 -0.01610404 -0.03318583 0.05310213 -0.01610404 -0.03318583 0.05310213 -0.01610404 -0.03318583 0.05310213 -0.01666611 -0.04157888 0.05284261 -0.01666611 -0.04157888 0.05284261 -0.01666611 -0.04157888 0.05284261 -0.01666611 -0.04157888 0.05284261 -0.0161243 -0.03346782 0.05292069 -0.0161243 -0.03346782 0.05292069 -0.0161243 -0.03346782 0.05292069 -0.0161243 -0.03346782 0.05292069 -0.01665198 -0.04133951 0.05260741 -0.01665198 -0.04133951 0.05260741 -0.01665198 -0.04133951 0.05260741 -0.01614183 -0.03370237 0.0526809 -0.01614183 -0.03370237 0.0526809 -0.01614183 -0.03370237 0.0526809 -0.01614183 -0.03370237 0.0526809 -0.01664215 -0.04115831 0.05232477 -0.01664215 -0.04115831 0.05232477 -0.01664215 -0.04115831 0.05232477 -0.01615583 -0.03387778 0.05239486 -0.01615583 -0.03387778 0.05239486 -0.01615583 -0.03387778 0.05239486 -0.01663708 -0.04104447 0.0520088 -0.01663708 -0.04104447 0.0520088 -0.01663708 -0.04104447 0.0520088 -0.01616549 -0.03398525 0.05207675 -0.01616549 -0.03398525 0.05207675 -0.01616549 -0.03398525 0.05207675 -0.01663696 -0.04100352 0.05167537 -0.01663696 -0.04100352 0.05167537 -0.01663696 -0.04100352 0.05167537 -0.01617044 -0.03401941 0.05174261 -0.01617044 -0.03401941 0.05174261 -0.01617044 -0.03401941 0.05174261 -0.01617044 -0.03401941 0.05174261 -0.01664191 -0.04103767 0.05134129 -0.01664191 -0.04103767 0.05134129 -0.01664191 -0.04103767 0.05134129 -0.01664191 -0.04103767 0.05134129 -0.01664191 -0.04103767 0.05134129 -0.01617032 -0.03397852 0.05140924 -0.01617032 -0.03397852 0.05140924 -0.01617032 -0.03397852 0.05140924 -0.01617032 -0.03397852 0.05140924 -0.01617032 -0.03397852 0.05140924 -0.01665157 -0.0411452 0.05102318 -0.01665157 -0.0411452 0.05102318 -0.01665157 -0.0411452 0.05102318 -0.01665157 -0.0411452 0.05102318 -0.01616519 -0.03386461 0.05109328 -0.01616519 -0.03386461 0.05109328 -0.01616519 -0.03386461 0.05109328 -0.01616519 -0.03386461 0.05109328 -0.01616519 -0.03386461 0.05109328 -0.01666551 -0.04132062 0.05073708 -0.01666551 -0.04132062 0.05073708 -0.01666551 -0.04132062 0.05073708 -0.01666551 -0.04132062 0.05073708 -0.01666551 -0.04132062 0.05073708 -0.01615536 -0.03368347 0.05081063 -0.01615536 -0.03368347 0.05081063 -0.01615536 -0.03368347 0.05081063 -0.01615536 -0.03368347 0.05081063 -0.01615536 -0.03368347 0.05081063 -0.0166831 -0.04155516 0.05049729 -0.0166831 -0.04155516 0.05049729 -0.0166831 -0.04155516 0.05049729 -0.0166831 -0.04155516 0.05049729 -0.0166831 -0.04155516 0.05049729 -0.01614123 -0.0334441 0.05057537 -0.01614123 -0.0334441 0.05057537 -0.01614123 -0.0334441 0.05057537 -0.01614123 -0.0334441 0.05057537 -0.01614123 -0.0334441 0.05057537 -0.0167033 -0.04183709 0.05031591 -0.0167033 -0.04183709 0.05031591 -0.0167033 -0.04183709 0.05031591 -0.0167033 -0.04183709 0.05031591 -0.01612359 -0.03315854 0.05039948 -0.01612359 -0.03315854 0.05039948 -0.01612359 -0.03315854 0.05039948 -0.01612359 -0.03315854 0.05039948 -0.01612359 -0.03315854 0.05039948 -0.01672524 -0.04215234 0.05020189 -0.01672524 -0.04215234 0.05020189 -0.01672524 -0.04215234 0.05020189 -0.01672524 -0.04215234 0.05020189 -0.01672524 -0.04215234 0.05020189 -0.01672524 -0.04215234 0.05020189 -0.01610326 -0.03284108 0.05029153 -0.01610326 -0.03284108 0.05029153 -0.01610326 -0.03284108 0.05029153 -0.01610326 -0.03284108 0.05029153 -0.01610326 -0.03284108 0.05029153 0.01142704 -0.04883289 0.05447942 0.01142704 -0.04883289 0.05447942 0.01142704 -0.04883289 0.05447942 0.01142704 -0.04883289 0.05447942 0.0115621 -0.04702711 0.05632525 0.0115621 -0.04702711 0.05632525 0.0115621 -0.04702711 0.05632525 0.0115621 -0.04702711 0.05632525 0.014835 0.002490758 0.05238771 0.014835 0.002490758 0.05238771 0.014835 0.002490758 0.05238771 0.014835 0.002490758 0.05238771 0.014835 0.002490758 0.05238771 0.014835 0.002490758 0.05238771 0.014835 0.002490758 0.05238771 0.014835 0.002490758 0.05238771 0.014835 0.002490758 0.05238771 0.01487112 0.002440214 0.05738735 0.01487112 0.002440214 0.05738735 0.01487112 0.002440214 0.05738735 0.01487112 0.002440214 0.05738735 0.01166057 -0.04562199 0.05692458 0.01166057 -0.04562199 0.05692458 0.01166057 -0.04562199 0.05692458 0.01166057 -0.04562199 0.05692458 0.01166057 -0.04562199 0.05692458 0.01166057 -0.04562199 0.05692458 0.01163429 -0.04601091 0.05688238 0.01163429 -0.04601091 0.05688238 0.01163429 -0.04601091 0.05688238 0.01160848 -0.04638409 0.05676501 0.01160848 -0.04638409 0.05676501 0.01160848 -0.04638409 0.05676501 0.01160848 -0.04638409 0.05676501 0.0115841 -0.04672724 0.05657684 0.0115841 -0.04672724 0.05657684 0.0115841 -0.04672724 0.05657684 0.0115841 -0.04672724 0.05657684 0.01140826 -0.04907798 0.05417394 0.01140826 -0.04907798 0.05417394 0.01140826 -0.04907798 0.05417394 0.01140826 -0.04907798 0.05417394 0.01139342 -0.04925888 0.05382645 0.01139342 -0.04925888 0.05382645 0.01139342 -0.04925888 0.05382645 0.01139342 -0.04925888 0.05382645 0.01138317 -0.04936867 0.05345016 0.01138317 -0.04936867 0.05345016 0.01138317 -0.04936867 0.05345016 0.01316875 -0.02245247 0.05214756 0.01316875 -0.02245247 0.05214756 0.01316875 -0.02245247 0.05214756 0.01316875 -0.02245247 0.05214756 0.01316875 -0.02245247 0.05214756 0.01316875 -0.02245247 0.05214756 0.01302105 -0.02442771 0.05012851 0.01302105 -0.02442771 0.05012851 0.01302105 -0.02442771 0.05012851 0.01302105 -0.02442771 0.05012851 0.01302105 -0.02442771 0.05012851 0.01302105 -0.02442771 0.05012851 0.009109497 -0.006445467 0.05733913 0.009109497 -0.006445467 0.05733913 0.009109497 -0.006445467 0.05733913 0.009109497 -0.006445467 0.05733913 0.008566915 -0.007183492 0.05733561 0.008566915 -0.007183492 0.05733561 0.008566915 -0.007183492 0.05733561 0.007962107 -0.007871448 0.05733299 0.007962107 -0.007871448 0.05733299 0.007962107 -0.007871448 0.05733299 0.007299661 -0.008504033 0.05733138 0.007299661 -0.008504033 0.05733138 0.007299661 -0.008504033 0.05733138 0.006584584 -0.009076535 0.05733078 0.006584584 -0.009076535 0.05733078 0.006584584 -0.009076535 0.05733078 0.0058223 -0.009584546 0.05733114 0.0058223 -0.009584546 0.05733114 0.0058223 -0.009584546 0.05733114 0.0058223 -0.009584546 0.05733114 0.005018711 -0.01002413 0.05733251 0.005018711 -0.01002413 0.05733251 0.005018711 -0.01002413 0.05733251 0.004179835 -0.01039206 0.05733484 0.004179835 -0.01039206 0.05733484 0.004179835 -0.01039206 0.05733484 0.00331211 -0.01068544 0.05733817 0.00331211 -0.01068544 0.05733817 0.00331211 -0.01068544 0.05733817 0.002422094 -0.0109021 0.05734241 0.002422094 -0.0109021 0.05734241 0.002422094 -0.0109021 0.05734241 0.00151664 -0.01104038 0.05734753 0.00151664 -0.01104038 0.05734753 0.00151664 -0.01104038 0.05734753 6.02544e-4 -0.01109921 0.05735355 6.02544e-4 -0.01109921 0.05735355 6.02544e-4 -0.01109921 0.05735355 -3.13202e-4 -0.01107817 0.05736041 -3.13202e-4 -0.01107817 0.05736041 -3.13202e-4 -0.01107817 0.05736041 -0.001223623 -0.01097738 0.05736798 -0.001223623 -0.01097738 0.05736798 -0.001223623 -0.01097738 0.05736798 -0.002121746 -0.01079761 0.05737632 -0.002121746 -0.01079761 0.05737632 -0.002121746 -0.01079761 0.05737632 -0.003000855 -0.0105403 0.05738526 -0.003000855 -0.0105403 0.05738526 -0.003000855 -0.0105403 0.05738526 -0.003854095 -0.01020729 0.0573948 -0.003854095 -0.01020729 0.0573948 -0.003854095 -0.01020729 0.0573948 -0.004675149 -0.009801208 0.05740487 -0.004675149 -0.009801208 0.05740487 -0.004675149 -0.009801208 0.05740487 -0.005457639 -0.009325146 0.0574153 -0.005457639 -0.009325146 0.0574153 -0.005457639 -0.009325146 0.0574153 -0.006195604 -0.008782625 0.05742615 -0.006195604 -0.008782625 0.05742615 -0.006195604 -0.008782625 0.05742615 -0.006883561 -0.008177876 0.05743724 -0.006883561 -0.008177876 0.05743724 -0.006883561 -0.008177876 0.05743724 -0.007516145 -0.00751549 0.0574485 -0.007516145 -0.00751549 0.0574485 -0.007516145 -0.00751549 0.0574485 -0.007516145 -0.00751549 0.0574485 -0.008088588 -0.006800472 0.05745983 -0.008088588 -0.006800472 0.05745983 -0.008088588 -0.006800472 0.05745983 -0.008088588 -0.006800472 0.05745983 -0.008596479 -0.006038308 0.05747121 -0.008596479 -0.006038308 0.05747121 -0.008596479 -0.006038308 0.05747121 -0.008596479 -0.006038308 0.05747121 -0.009036064 -0.005234718 0.05748254 -0.009036064 -0.005234718 0.05748254 -0.009036064 -0.005234718 0.05748254 -0.009036064 -0.005234718 0.05748254 -0.009036064 -0.005234718 0.05748254 0.008785843 0.009395956 0.05750167 0.008785843 0.009395956 0.05750167 0.008785843 0.009395956 0.05750167 0.008785843 0.009395956 0.05750167 0.008785843 0.009395956 0.05750167 0.008785843 0.009395956 0.05750167 0.008785843 0.009395956 0.05750167 0.008393645 0.009796619 0.05750852 0.008393645 0.009796619 0.05750852 0.008393645 0.009796619 0.05750852 0.007959008 0.01015079 0.05751526 0.007959008 0.01015079 0.05751526 0.007959008 0.01015079 0.05751526 0.007959008 0.01015079 0.05751526 0.007487416 0.01045405 0.05752176 0.007487416 0.01045405 0.05752176 0.007487416 0.01045405 0.05752176 0.007487416 0.01045405 0.05752176 0.006984829 0.01070261 0.05752789 0.006984829 0.01070261 0.05752789 0.006984829 0.01070261 0.05752789 0.006984829 0.01070261 0.05752789 0.006457626 0.01089334 0.05753362 0.006457626 0.01089334 0.05753362 0.006457626 0.01089334 0.05753362 0.006457626 0.01089334 0.05753362 0.005912363 0.01102387 0.05753886 0.005912363 0.01102387 0.05753886 0.005912363 0.01102387 0.05753886 0.005912363 0.01102387 0.05753886 0.005355894 0.01109248 0.05754357 0.005355894 0.01109248 0.05754357 0.005355894 0.01109248 0.05754357 0.005355894 0.01109248 0.05754357 -0.002983152 0.01164889 0.05760949 -0.002983152 0.01164889 0.05760949 -0.002983152 0.01164889 0.05760949 0.001086354 0.009874105 0.05756211 0.001086354 0.009874105 0.05756211 0.001086354 0.009874105 0.05756211 0.001086354 0.009874105 0.05756211 0.001086354 0.009874105 0.05756211 0.001996755 0.009773313 0.05755454 0.001996755 0.009773313 0.05755454 0.001996755 0.009773313 0.05755454 0.001996755 0.009773313 0.05755454 0.002894937 0.009593605 0.05754619 0.002894937 0.009593605 0.05754619 0.002894937 0.009593605 0.05754619 0.003773987 0.009336233 0.05753725 0.003773987 0.009336233 0.05753725 0.003773987 0.009336233 0.05753725 0.004627287 0.009003221 0.05752772 0.004627287 0.009003221 0.05752772 0.004627287 0.009003221 0.05752772 0.005448281 0.008597135 0.0575177 0.005448281 0.008597135 0.0575177 0.005448281 0.008597135 0.0575177 0.006230771 0.008121073 0.05750721 0.006230771 0.008121073 0.05750721 0.006230771 0.008121073 0.05750721 0.006968796 0.007578611 0.05749642 0.006968796 0.007578611 0.05749642 0.006968796 0.007578611 0.05749642 0.007656753 0.006973862 0.05748534 0.007656753 0.006973862 0.05748534 0.007656753 0.006973862 0.05748534 0.008289337 0.006311416 0.05747407 0.008289337 0.006311416 0.05747407 0.008289337 0.006311416 0.05747407 0.00886178 0.005596399 0.05746269 0.00886178 0.005596399 0.05746269 0.00886178 0.005596399 0.05746269 0.00936973 0.004834234 0.0574513 0.00936973 0.004834234 0.0574513 0.00936973 0.004834234 0.0574513 0.009809315 0.004030644 0.05743998 0.009809315 0.004030644 0.05743998 0.009809315 0.004030644 0.05743998 0.01017713 0.003191828 0.05742883 0.01017713 0.003191828 0.05742883 0.01017713 0.003191828 0.05742883 0.01017713 0.003191828 0.05742883 0.0104705 0.002324163 0.05741798 0.0104705 0.002324163 0.05741798 0.0104705 0.002324163 0.05741798 0.0104705 0.002324163 0.05741798 -0.003543794 0.01165479 0.05761361 -0.003543794 0.01165479 0.05761361 -0.003543794 0.01165479 0.05761361 -0.004101574 0.01159793 0.05761706 -0.004101574 0.01159793 0.05761706 -0.004101574 0.01159793 0.05761706 -0.004649519 0.0114789 0.05761981 -0.004649519 0.0114789 0.05761981 -0.004649519 0.0114789 0.05761981 -0.005180656 0.01129931 0.05762183 -0.005180656 0.01129931 0.05762183 -0.005180656 0.01129931 0.05762183 -0.005688369 0.01106137 0.05762308 -0.005688369 0.01106137 0.05762308 -0.005688369 0.01106137 0.05762308 -0.006166279 0.01076811 0.05762362 -0.006166279 0.01076811 0.05762362 -0.006166279 0.01076811 0.05762362 -0.006608307 0.01042312 0.05762332 -0.006608307 0.01042312 0.05762332 -0.006608307 0.01042312 0.05762332 -0.006608307 0.01042312 0.05762332 0.01068711 0.001434147 0.05740737 0.01068711 0.001434147 0.05740737 0.01068711 0.001434147 0.05740737 0.01082533 5.28747e-4 0.05739724 0.01082533 5.28747e-4 0.05739724 0.01082533 5.28747e-4 0.05739724 0.01088404 -3.85338e-4 0.05738759 0.01088404 -3.85338e-4 0.05738759 0.01088404 -3.85338e-4 0.05738759 0.01086294 -0.00130099 0.05737847 0.01086294 -0.00130099 0.05737847 0.01086294 -0.00130099 0.05737847 0.01076209 -0.002211391 0.05737 0.01076209 -0.002211391 0.05737 0.01076209 -0.002211391 0.05737 0.01058226 -0.003109574 0.05736219 0.01058226 -0.003109574 0.05736219 0.01058226 -0.003109574 0.05736219 0.01032483 -0.003988623 0.05735516 0.01032483 -0.003988623 0.05735516 0.01032483 -0.003988623 0.05735516 0.009991824 -0.004841923 0.05734896 0.009991824 -0.004841923 0.05734896 0.009991824 -0.004841923 0.05734896 0.009585618 -0.005662918 0.0573436 0.009585618 -0.005662918 0.0573436 0.009585618 -0.005662918 0.0573436 0.009585618 -0.005662918 0.0573436 -0.009403944 -0.004395902 0.05749368 -0.009403944 -0.004395902 0.05749368 -0.009403944 -0.004395902 0.05749368 -0.009403944 -0.004395902 0.05749368 -0.009697318 -0.003528237 0.05750459 -0.009697318 -0.003528237 0.05750459 -0.009697318 -0.003528237 0.05750459 -0.009697318 -0.003528237 0.05750459 -0.009913921 -0.00263822 0.05751514 -0.009913921 -0.00263822 0.05751514 -0.009913921 -0.00263822 0.05751514 -0.01005214 -0.001732766 0.05752527 -0.01005214 -0.001732766 0.05752527 -0.01005214 -0.001732766 0.05752527 -0.01005214 -0.001732766 0.05752527 -0.01011091 -8.18726e-4 0.05753493 -0.01011091 -8.18726e-4 0.05753493 -0.01011091 -8.18726e-4 0.05753493 -0.01011091 -8.18726e-4 0.05753493 -0.01008975 9.69846e-5 0.05754405 -0.01008975 9.69846e-5 0.05754405 -0.01008975 9.69846e-5 0.05754405 -0.009988903 0.001007378 0.05755251 -0.009988903 0.001007378 0.05755251 -0.009988903 0.001007378 0.05755251 -0.009809076 0.0019055 0.05756032 -0.009809076 0.0019055 0.05756032 -0.009809076 0.0019055 0.05756032 -0.009551644 0.00278455 0.05756735 -0.009551644 0.00278455 0.05756735 -0.009551644 0.00278455 0.05756735 -0.009218633 0.00363785 0.05757355 -0.009218633 0.00363785 0.05757355 -0.009218633 0.00363785 0.05757355 -0.008812487 0.004458904 0.05757892 -0.008812487 0.004458904 0.05757892 -0.008812487 0.004458904 0.05757892 -0.008336305 0.005241394 0.05758339 -0.008336305 0.005241394 0.05758339 -0.008336305 0.005241394 0.05758339 -0.007793724 0.005979418 0.05758696 -0.007793724 0.005979418 0.05758696 -0.007793724 0.005979418 0.05758696 -0.007188916 0.006667375 0.05758953 -0.007188916 0.006667375 0.05758953 -0.007188916 0.006667375 0.05758953 -0.007188916 0.006667375 0.05758953 -0.00652647 0.007300019 0.05759114 -0.00652647 0.007300019 0.05759114 -0.00652647 0.007300019 0.05759114 -0.00652647 0.007300019 0.05759114 -0.005811393 0.007872462 0.05759173 -0.005811393 0.007872462 0.05759173 -0.005811393 0.007872462 0.05759173 -0.005049169 0.008380472 0.05759137 -0.005049169 0.008380472 0.05759137 -0.005049169 0.008380472 0.05759137 -0.004245519 0.008820116 0.05759 -0.004245519 0.008820116 0.05759 -0.004245519 0.008820116 0.05759 -0.003406643 0.009187996 0.05758768 -0.003406643 0.009187996 0.05758768 -0.003406643 0.009187996 0.05758768 -0.003406643 0.009187996 0.05758768 -0.002538919 0.00948143 0.05758434 -0.002538919 0.00948143 0.05758434 -0.002538919 0.00948143 0.05758434 -0.001648902 0.009698092 0.05758011 -0.001648902 0.009698092 0.05758011 -0.001648902 0.009698092 0.05758011 -7.43439e-4 0.009836316 0.05757498 -7.43439e-4 0.009836316 0.05757498 -7.43439e-4 0.009836316 0.05757498 -7.43439e-4 0.009836316 0.05757498 1.70657e-4 0.009895145 0.05756896 1.70657e-4 0.009895145 0.05756896 1.70657e-4 0.009895145 0.05756896 1.70657e-4 0.009895145 0.05756896 0.01268851 -0.02396261 0.004132032 0.01268851 -0.02396261 0.004132032 0.01268851 -0.02396261 0.004132032 0.01268851 -0.02396261 0.004132032 0.01268851 -0.02396261 0.004132032 -0.003019273 0.01169949 0.05260986 -0.003019273 0.01169949 0.05260986 -0.003019273 0.01169949 0.05260986 0.005319714 0.01114302 0.05254399 0.005319714 0.01114302 0.05254399 0.005319714 0.01114302 0.05254399 0.005319714 0.01114302 0.05254399 0.005319714 0.01114302 0.05254399 0.005319714 0.01114302 0.05254399 7.50336e-4 0.00543487 0.05251932 7.50336e-4 0.00543487 0.05251932 7.50336e-4 0.00543487 0.05251932 6.50371e-4 0.003938257 0.05250489 6.50371e-4 0.003938257 0.05250489 6.50371e-4 0.003938257 0.05250489 6.50371e-4 0.003938257 0.05250489 6.50371e-4 0.003938257 0.05250489 4.94371e-4 0.00548613 0.05252164 4.94371e-4 0.00548613 0.05252164 4.94371e-4 0.00548613 0.05252164 0.001010835 0.005451619 0.05251759 0.001010835 0.005451619 0.05251759 0.001010835 0.005451619 0.05251759 0.001010835 0.005451619 0.05251759 -0.001634716 0.003486514 0.05251681 -0.001634716 0.003486514 0.05251681 -0.001634716 0.003486514 0.05251681 -0.002144813 0.003192842 0.05251753 -0.002144813 0.003192842 0.05251753 -0.002144813 0.003192842 0.05251753 -0.002144813 0.003192842 0.05251753 -0.002144813 0.003192842 0.05251753 -1.29525e-4 0.006755173 0.05253899 -1.29525e-4 0.006755173 0.05253899 -1.29525e-4 0.006755173 0.05253899 -1.29525e-4 0.006755173 0.05253899 -1.29525e-4 0.006755173 0.05253899 0.001233816 0.003860771 0.05249989 0.001233816 0.003860771 0.05249989 0.001233816 0.003860771 0.05249989 0.001475334 0.005680024 0.05251652 0.001475334 0.005680024 0.05251652 0.001475334 0.005680024 0.05251652 0.004841029 -2.62451e-4 0.05243211 0.004841029 -2.62451e-4 0.05243211 0.004841029 -2.62451e-4 0.05243211 0.004841029 -2.62451e-4 0.05243211 0.006503939 -4.60968e-4 0.05241811 0.006503939 -4.60968e-4 0.05241811 0.006503939 -4.60968e-4 0.05241811 0.006503939 -4.60968e-4 0.05241811 0.006388187 -6.94962e-4 0.05241656 0.006388187 -6.94962e-4 0.05241656 0.006388187 -6.94962e-4 0.05241656 0.006388187 -6.94962e-4 0.05241656 0.001258134 0.005535244 0.05251663 0.001258134 0.005535244 0.05251663 0.001258134 0.005535244 0.05251663 -0.005975365 -8.38036e-4 0.05250447 -0.005975365 -8.38036e-4 0.05250447 -0.005975365 -8.38036e-4 0.05250447 -0.005802989 -6.41983e-4 0.05250519 -0.005802989 -6.41983e-4 0.05250519 -0.005802989 -6.41983e-4 0.05250519 -0.004140138 -8.40493e-4 0.05249118 -0.004140138 -8.40493e-4 0.05249118 -0.004140138 -8.40493e-4 0.05249118 2.60392e-4 0.005601823 0.0525245 2.60392e-4 0.005601823 0.0525245 2.60392e-4 0.005601823 0.0525245 -4.94211e-5 -0.006537854 0.05240404 -4.94211e-5 -0.006537854 0.05240404 -4.94211e-5 -0.006537854 0.05240404 -4.94211e-5 -0.006537854 0.05240404 -4.94211e-5 -0.006537854 0.05240404 -0.002154171 -0.004289925 0.05244195 -0.002154171 -0.004289925 0.05244195 -0.002154171 -0.004289925 0.05244195 -0.002154171 -0.004289925 0.05244195 -0.00164479 -0.004584848 0.05243527 -0.00164479 -0.004584848 0.05243527 -0.00164479 -0.004584848 0.05243527 -0.00164479 -0.004584848 0.05243527 -0.001101255 -0.00481069 0.05242908 -0.001101255 -0.00481069 0.05242908 -0.001101255 -0.00481069 0.05242908 -0.001101255 -0.00481069 0.05242908 -5.3293e-4 -0.004963696 0.05242341 -5.3293e-4 -0.004963696 0.05242341 -5.3293e-4 -0.004963696 0.05242341 5.05433e-5 -0.005041241 0.05241841 5.05433e-5 -0.005041241 0.05241841 5.05433e-5 -0.005041241 0.05241841 6.39152e-4 -0.005041897 0.05241417 6.39152e-4 -0.005041897 0.05241417 6.39152e-4 -0.005041897 0.05241417 0.001222789 -0.004965782 0.05241072 0.001222789 -0.004965782 0.05241072 0.001222789 -0.004965782 0.05241072 0.001791536 -0.004814088 0.05240815 0.001791536 -0.004814088 0.05240815 0.001791536 -0.004814088 0.05240815 0.002335608 -0.004589498 0.05240648 0.002335608 -0.004589498 0.05240648 0.002335608 -0.004589498 0.05240648 0.002335608 -0.004589498 0.05240648 0.007922828 0.01020133 0.05251562 0.007922828 0.01020133 0.05251562 0.007922828 0.01020133 0.05251562 0.007922828 0.01020133 0.05251562 0.007922828 0.01020133 0.05251562 0.004764974 3.21197e-4 0.05243855 0.004764974 3.21197e-4 0.05243855 0.004764974 3.21197e-4 0.05243855 0.004764974 3.21197e-4 0.05243855 0.004764974 3.21197e-4 0.05243855 0.00461328 8.89915e-4 0.05244541 0.00461328 8.89915e-4 0.05244541 0.00461328 8.89915e-4 0.05244541 0.00461328 8.89915e-4 0.05244541 0.004388749 0.001433968 0.05245256 0.004388749 0.001433968 0.05245256 0.004388749 0.001433968 0.05245256 0.004388749 0.001433968 0.05245256 0.004095077 0.001944065 0.05245983 0.004095077 0.001944065 0.05245983 0.004095077 0.001944065 0.05245983 0.00373733 0.002411425 0.05246716 0.00373733 0.002411425 0.05246716 0.00373733 0.002411425 0.05246716 0.003321647 0.002828121 0.05247437 0.003321647 0.002828121 0.05247437 0.003321647 0.002828121 0.05247437 0.003321647 0.002828121 0.05247437 0.002855122 0.003187 0.05248135 0.002855122 0.003187 0.05248135 0.002855122 0.003187 0.05248135 0.00234574 0.003481864 0.05248802 0.00234574 0.003481864 0.05248802 0.00234574 0.003481864 0.05248802 0.001802206 0.003707766 0.05249422 0.001802206 0.003707766 0.05249422 0.001802206 0.003707766 0.05249422 0.001802206 0.003707766 0.05249422 0.001814723 0.006366014 0.05252099 0.001814723 0.006366014 0.05252099 0.001814723 0.006366014 0.05252099 0.001814723 0.006366014 0.05252099 0.001797974 0.006626546 0.05252379 0.001797974 0.006626546 0.05252379 0.001797974 0.006626546 0.05252379 0.001714348 0.006873846 0.05252689 0.001714348 0.006873846 0.05252689 0.001714348 0.006873846 0.05252689 0.001714348 0.006873846 0.05252689 0.001569628 0.007091045 0.0525301 0.001569628 0.007091045 0.0525301 0.001569628 0.007091045 0.0525301 0.001569628 0.007091045 0.0525301 0.001373589 0.007263362 0.05253326 0.001373589 0.007263362 0.05253326 0.001373589 0.007263362 0.05253326 0.001139581 0.007379114 0.05253612 0.001139581 0.007379114 0.05253612 0.001139581 0.007379114 0.05253612 8.83628e-4 0.007430374 0.05253851 8.83628e-4 0.007430374 0.05253851 8.83628e-4 0.007430374 0.05253851 8.83628e-4 0.007430374 0.05253851 0.005876183 0.01107442 0.05253928 0.005876183 0.01107442 0.05253928 0.005876183 0.01107442 0.05253928 0.005876183 0.01107442 0.05253928 0.005876183 0.01107442 0.05253928 0.006421506 0.01094388 0.05253398 0.006421506 0.01094388 0.05253398 0.006421506 0.01094388 0.05253398 0.006421506 0.01094388 0.05253398 0.006421506 0.01094388 0.05253398 0.006948709 0.01075315 0.05252826 0.006948709 0.01075315 0.05252826 0.006948709 0.01075315 0.05252826 0.006948709 0.01075315 0.05252826 0.006948709 0.01075315 0.05252826 0.007451295 0.0105046 0.05252212 0.007451295 0.0105046 0.05252212 0.007451295 0.0105046 0.05252212 6.23127e-4 0.007413566 0.05254024 6.23127e-4 0.007413566 0.05254024 6.23127e-4 0.007413566 0.05254024 6.23127e-4 0.007413566 0.05254024 3.75825e-4 0.00732994 0.05254113 3.75825e-4 0.00732994 0.05254113 3.75825e-4 0.00732994 0.05254113 3.75825e-4 0.00732994 0.05254113 1.58592e-4 0.007185161 0.05254125 1.58592e-4 0.007185161 0.05254125 1.58592e-4 0.007185161 0.05254125 1.58592e-4 0.007185161 0.05254125 -1.37623e-5 0.006989121 0.05254054 -1.37623e-5 0.006989121 0.05254054 -1.37623e-5 0.006989121 0.05254054 -1.37623e-5 0.006989121 0.05254054 -1.37623e-5 0.006989121 0.05254054 -1.37623e-5 0.006989121 0.05254054 -1.37623e-5 0.006989121 0.05254054 -0.002612292 0.002835094 0.05251729 -0.002612292 0.002835094 0.05251729 -0.002612292 0.002835094 0.05251729 -0.002612292 0.002835094 0.05251729 -0.003028988 0.002419352 0.0525161 -0.003028988 0.002419352 0.0525161 -0.003028988 0.002419352 0.0525161 -0.003028988 0.002419352 0.0525161 -0.003387928 0.001952826 0.05251401 -0.003387928 0.001952826 0.05251401 -0.003387928 0.001952826 0.05251401 -0.003387928 0.001952826 0.05251401 -0.003682851 0.001443445 0.05251097 -0.003682851 0.001443445 0.05251097 -0.003682851 0.001443445 0.05251097 -0.003682851 0.001443445 0.05251097 -0.003682851 0.001443445 0.05251097 -0.003908753 8.99933e-4 0.0525071 -0.003908753 8.99933e-4 0.0525071 -0.003908753 8.99933e-4 0.0525071 -0.003908753 8.99933e-4 0.0525071 -0.003908753 8.99933e-4 0.0525071 -0.005724549 0.01111191 0.05262351 -0.005724549 0.01111191 0.05262351 -0.005724549 0.01111191 0.05262351 -0.005724549 0.01111191 0.05262351 -0.005216836 0.01134985 0.05262225 -0.005216836 0.01134985 0.05262225 -0.005216836 0.01134985 0.05262225 -0.00468564 0.01152944 0.05262023 -0.00468564 0.01152944 0.05262023 -0.00468564 0.01152944 0.05262023 -0.004137754 0.01164847 0.05261743 -0.004137754 0.01164847 0.05261743 -0.004137754 0.01164847 0.05261743 -0.003579914 0.01170539 0.05261397 -0.003579914 0.01170539 0.05261397 -0.003579914 0.01170539 0.05261397 -8.68729e-4 -0.008193969 0.05239319 -8.68729e-4 -0.008193969 0.05239319 -8.68729e-4 -0.008193969 0.05239319 -8.68729e-4 -0.008193969 0.05239319 -8.68729e-4 -0.008193969 0.05239319 -8.68729e-4 -0.008193969 0.05239319 -8.68729e-4 -0.008193969 0.05239319 -6.72678e-4 -0.008366346 0.05239003 -6.72678e-4 -0.008366346 0.05239003 -6.72678e-4 -0.008366346 0.05239003 -6.72678e-4 -0.008366346 0.05239003 -4.38699e-4 -0.008482098 0.05238717 -4.38699e-4 -0.008482098 0.05238717 -4.38699e-4 -0.008482098 0.05238717 -4.38699e-4 -0.008482098 0.05238717 -1.82714e-4 -0.008533298 0.05238479 -1.82714e-4 -0.008533298 0.05238479 -1.82714e-4 -0.008533298 0.05238479 -1.82714e-4 -0.008533298 0.05238479 7.77876e-5 -0.00851655 0.05238312 7.77876e-5 -0.00851655 0.05238312 7.77876e-5 -0.00851655 0.05238312 7.77876e-5 -0.00851655 0.05238312 3.2509e-4 -0.008432924 0.05238217 3.2509e-4 -0.008432924 0.05238217 3.2509e-4 -0.008432924 0.05238217 3.2509e-4 -0.008432924 0.05238217 5.42322e-4 -0.008288145 0.05238205 5.42322e-4 -0.008288145 0.05238205 5.42322e-4 -0.008288145 0.05238205 5.42322e-4 -0.008288145 0.05238205 0.007268071 -0.002015173 0.05239683 0.007268071 -0.002015173 0.05239683 0.007268071 -0.002015173 0.05239683 0.007268071 -0.002015173 0.05239683 0.007268071 -0.002015173 0.05239683 0.007268071 -0.002015173 0.05239683 0.007268071 -0.002015173 0.05239683 0.007528543 -0.001998424 0.05239516 0.007528543 -0.001998424 0.05239516 0.007528543 -0.001998424 0.05239516 0.007775843 -0.001914799 0.05239421 0.007775843 -0.001914799 0.05239421 0.007775843 -0.001914799 0.05239421 0.007775843 -0.001914799 0.05239421 0.007993102 -0.001770019 0.05239409 0.007993102 -0.001770019 0.05239409 0.007993102 -0.001770019 0.05239409 0.007993102 -0.001770019 0.05239409 0.007993102 -0.001770019 0.05239409 -0.007386386 -7.43889e-4 0.05251562 -0.007386386 -7.43889e-4 0.05251562 -0.007386386 -7.43889e-4 0.05251562 -0.007386386 -7.43889e-4 0.05251562 -0.007190346 -9.16237e-4 0.05251246 -0.007190346 -9.16237e-4 0.05251246 -0.007190346 -9.16237e-4 0.05251246 -0.007190346 -9.16237e-4 0.05251246 -0.006956398 -0.001031935 0.0525096 -0.006956398 -0.001031935 0.0525096 -0.006956398 -0.001031935 0.0525096 -0.006956398 -0.001031935 0.0525096 -0.006700396 -0.001083135 0.05250722 -0.006700396 -0.001083135 0.05250722 -0.006700396 -0.001083135 0.05250722 -0.006700396 -0.001083135 0.05250722 -0.006700396 -0.001083135 0.05250722 -0.006700396 -0.001083135 0.05250722 -0.006700396 -0.001083135 0.05250722 0.00164771 0.005876064 0.05251729 0.00164771 0.005876064 0.05251729 0.00164771 0.005876064 0.05251729 0.001763463 0.006110072 0.05251878 0.001763463 0.006110072 0.05251878 0.001763463 0.006110072 0.05251878 0.001763463 0.006110072 0.05251878 0.001763463 0.006110072 0.05251878 0.008165419 -0.001573979 0.0523948 0.008165419 -0.001573979 0.0523948 0.008165419 -0.001573979 0.0523948 0.008165419 -0.001573979 0.0523948 0.008281171 -0.001339972 0.05239635 0.008281171 -0.001339972 0.05239635 0.008281171 -0.001339972 0.05239635 0.008281171 -0.001339972 0.05239635 0.008332431 -0.001084029 0.05239856 0.008332431 -0.001084029 0.05239856 0.008332431 -0.001084029 0.05239856 0.008332431 -0.001084029 0.05239856 0.008315682 -8.23563e-4 0.05240136 0.008315682 -8.23563e-4 0.05240136 0.008315682 -8.23563e-4 0.05240136 0.008232116 -5.76271e-4 0.05240446 0.008232116 -5.76271e-4 0.05240446 0.008232116 -5.76271e-4 0.05240446 0.008087337 -3.59055e-4 0.05240768 0.008087337 -3.59055e-4 0.05240768 0.008087337 -3.59055e-4 0.05240768 0.008087337 -3.59055e-4 0.05240768 0.007891297 -1.86722e-4 0.05241084 0.007891297 -1.86722e-4 0.05241084 0.007891297 -1.86722e-4 0.05241084 0.007891297 -1.86722e-4 0.05241084 0.007657289 -7.09841e-5 0.0524137 0.007657289 -7.09841e-5 0.0524137 0.007657289 -7.09841e-5 0.0524137 0.007657289 -7.09841e-5 0.0524137 0.007401347 -1.97527e-5 0.05241608 0.007401347 -1.97527e-5 0.05241608 0.007401347 -1.97527e-5 0.05241608 0.007401347 -1.97527e-5 0.05241608 0.007401347 -1.97527e-5 0.05241608 7.14677e-4 -0.008092045 0.05238276 7.14677e-4 -0.008092045 0.05238276 7.14677e-4 -0.008092045 0.05238276 7.14677e-4 -0.008092045 0.05238276 7.14677e-4 -0.008092045 0.05238276 8.30419e-4 -0.007858097 0.05238431 8.30419e-4 -0.007858097 0.05238431 8.30419e-4 -0.007858097 0.05238431 8.30419e-4 -0.007858097 0.05238431 8.81669e-4 -0.007602155 0.05238652 8.81669e-4 -0.007602155 0.05238652 8.81669e-4 -0.007602155 0.05238652 8.81669e-4 -0.007602155 0.05238652 8.64923e-4 -0.007341623 0.05238926 8.64923e-4 -0.007341623 0.05238926 8.64923e-4 -0.007341623 0.05238926 8.64923e-4 -0.007341623 0.05238926 7.81334e-4 -0.007094383 0.05239236 7.81334e-4 -0.007094383 0.05239236 7.81334e-4 -0.007094383 0.05239236 6.36574e-4 -0.006877124 0.05239564 6.36574e-4 -0.006877124 0.05239564 6.36574e-4 -0.006877124 0.05239564 4.40522e-4 -0.006704807 0.0523988 4.40522e-4 -0.006704807 0.0523988 4.40522e-4 -0.006704807 0.0523988 2.06543e-4 -0.006589055 0.05240166 2.06543e-4 -0.006589055 0.05240166 2.06543e-4 -0.006589055 0.05240166 2.06543e-4 -0.006589055 0.05240166 0.002845764 -0.004295825 0.05240577 0.002845764 -0.004295825 0.05240577 0.002845764 -0.004295825 0.05240577 0.002845764 -0.004295825 0.05240577 0.002845764 -0.004295825 0.05240577 0.003313183 -0.003938019 0.05240601 0.003313183 -0.003938019 0.05240601 0.003313183 -0.003938019 0.05240601 0.003313183 -0.003938019 0.05240601 0.003729939 -0.003522336 0.0524072 0.003729939 -0.003522336 0.0524072 0.003729939 -0.003522336 0.0524072 0.003729939 -0.003522336 0.0524072 0.003729939 -0.003522336 0.0524072 0.004088819 -0.003055751 0.05240929 0.004088819 -0.003055751 0.05240929 0.004088819 -0.003055751 0.05240929 0.004383742 -0.00254637 0.05241233 0.004383742 -0.00254637 0.05241233 0.004383742 -0.00254637 0.05241233 0.004609704 -0.002002835 0.0524162 0.004609704 -0.002002835 0.0524162 0.004609704 -0.002002835 0.0524162 0.004609704 -0.002002835 0.0524162 0.004609704 -0.002002835 0.0524162 0.007012069 -0.001963973 0.05239921 0.007012069 -0.001963973 0.05239921 0.007012069 -0.001963973 0.05239921 0.007140815 -3.65298e-5 0.05241775 0.007140815 -3.65298e-5 0.05241775 0.007140815 -3.65298e-5 0.05241775 0.007140815 -3.65298e-5 0.05241775 0.006893515 -1.2014e-4 0.0524187 0.006893515 -1.2014e-4 0.0524187 0.006893515 -1.2014e-4 0.0524187 0.006893515 -1.2014e-4 0.0524187 0.006676316 -2.64916e-4 0.05241882 0.006676316 -2.64916e-4 0.05241882 0.006676316 -2.64916e-4 0.05241882 0.006676316 -2.64916e-4 0.05241882 -0.006439924 -0.001066386 0.05250555 -0.006439924 -0.001066386 0.05250555 -0.006439924 -0.001066386 0.05250555 -0.006439924 -0.001066386 0.05250555 -0.004064023 -0.001424133 0.05248475 -0.004064023 -0.001424133 0.05248475 -0.004064023 -0.001424133 0.05248475 -0.004064023 -0.001424133 0.05248475 -0.003912389 -0.001992821 0.05247789 -0.003912389 -0.001992821 0.05247789 -0.003912389 -0.001992821 0.05247789 -0.003687798 -0.002536892 0.05247074 -0.003687798 -0.002536892 0.05247074 -0.003687798 -0.002536892 0.05247074 -0.003394126 -0.003046989 0.05246347 -0.003394126 -0.003046989 0.05246347 -0.003394126 -0.003046989 0.05246347 -0.003036379 -0.003514349 0.0524562 -0.003036379 -0.003514349 0.0524562 -0.003036379 -0.003514349 0.0524562 -0.002620697 -0.003931045 0.05244898 -0.002620697 -0.003931045 0.05244898 -0.002620697 -0.003931045 0.05244898 -0.002620697 -0.003931045 0.05244898 -3.09943e-4 -0.006554603 0.05240571 -3.09943e-4 -0.006554603 0.05240571 -3.09943e-4 -0.006554603 0.05240571 -3.09943e-4 -0.006554603 0.05240571 -3.09943e-4 -0.006554603 0.05240571 -5.57225e-4 -0.006638228 0.05240666 -5.57225e-4 -0.006638228 0.05240666 -5.57225e-4 -0.006638228 0.05240666 -5.57225e-4 -0.006638228 0.05240666 -7.74457e-4 -0.006783008 0.05240678 -7.74457e-4 -0.006783008 0.05240678 -7.74457e-4 -0.006783008 0.05240678 -9.46833e-4 -0.006979048 0.05240607 -9.46833e-4 -0.006979048 0.05240607 -9.46833e-4 -0.006979048 0.05240607 -0.001062572 -0.007212996 0.05240452 -0.001062572 -0.007212996 0.05240452 -0.001062572 -0.007212996 0.05240452 -0.001062572 -0.007212996 0.05240452 -0.001113772 -0.007468998 0.05240231 -0.001113772 -0.007468998 0.05240231 -0.001113772 -0.007468998 0.05240231 -0.001097023 -0.00772947 0.05239951 -0.001097023 -0.00772947 0.05239951 -0.001097023 -0.00772947 0.05239951 -0.001097023 -0.00772947 0.05239951 -0.001097023 -0.00772947 0.05239951 -0.001013457 -0.00797677 0.05239641 -0.001013457 -0.00797677 0.05239641 -0.001013457 -0.00797677 0.05239641 -0.001013457 -0.00797677 0.05239641 -0.004061818 3.31589e-4 0.05250245 -0.004061818 3.31589e-4 0.05250245 -0.004061818 3.31589e-4 0.05250245 -0.005736351 3.55751e-4 0.05251485 -0.005736351 3.55751e-4 0.05251485 -0.005736351 3.55751e-4 0.05251485 -0.00588113 5.72967e-4 0.05251806 -0.00588113 5.72967e-4 0.05251806 -0.00588113 5.72967e-4 0.05251806 -0.00607717 7.45308e-4 0.05252122 -0.00607717 7.45308e-4 0.05252122 -0.00607717 7.45308e-4 0.05252122 -0.006311118 8.61038e-4 0.05252408 -0.006311118 8.61038e-4 0.05252408 -0.006311118 8.61038e-4 0.05252408 -0.006311118 8.61038e-4 0.05252408 -0.006311118 8.61038e-4 0.05252408 -0.00656712 9.12269e-4 0.05252647 -0.00656712 9.12269e-4 0.05252647 -0.00656712 9.12269e-4 0.05252647 -0.00656712 9.12269e-4 0.05252647 -0.006827652 8.955e-4 0.05252814 -0.006827652 8.955e-4 0.05252814 -0.006827652 8.955e-4 0.05252814 -0.006827652 8.955e-4 0.05252814 -0.007074952 8.1189e-4 0.05252909 -0.007074952 8.1189e-4 0.05252909 -0.007074952 8.1189e-4 0.05252909 -0.007292151 6.67106e-4 0.05252921 -0.007292151 6.67106e-4 0.05252921 -0.007292151 6.67106e-4 0.05252921 -0.007464528 4.71054e-4 0.0525285 -0.007464528 4.71054e-4 0.0525285 -0.007464528 4.71054e-4 0.0525285 -0.00758028 2.37068e-4 0.05252695 -0.00758028 2.37068e-4 0.05252695 -0.00758028 2.37068e-4 0.05252695 -0.00763154 -1.88906e-5 0.05252474 -0.00763154 -1.88906e-5 0.05252474 -0.00763154 -1.88906e-5 0.05252474 -0.007614791 -2.79389e-4 0.052522 -0.007614791 -2.79389e-4 0.052522 -0.007614791 -2.79389e-4 0.052522 -0.007614791 -2.79389e-4 0.052522 -0.007531166 -5.26673e-4 0.0525189 -0.007531166 -5.26673e-4 0.0525189 -0.007531166 -5.26673e-4 0.0525189 -0.007531166 -5.26673e-4 0.0525189 -0.006644487 0.01047372 0.05262368 -0.006644487 0.01047372 0.05262368 -0.006644487 0.01047372 0.05262368 -0.006202399 0.01081866 0.05262398 -0.006202399 0.01081866 0.05262398 -0.006202399 0.01081866 0.05262398 -0.001090645 0.003711163 0.05251514 -0.001090645 0.003711163 0.05251514 -0.001090645 0.003711163 0.05251514 -0.001090645 0.003711163 0.05251514 -1.80755e-4 0.006499171 0.05253678 -1.80755e-4 0.006499171 0.05253678 -1.80755e-4 0.006499171 0.05253678 -1.80755e-4 0.006499171 0.05253678 -5.21917e-4 0.003862857 0.05251258 -5.21917e-4 0.003862857 0.05251258 -5.21917e-4 0.003862857 0.05251258 -1.64008e-4 0.006238698 0.05253404 -1.64008e-4 0.006238698 0.05253404 -1.64008e-4 0.006238698 0.05253404 6.17628e-5 0.003938972 0.05250912 6.17628e-5 0.003938972 0.05250912 6.17628e-5 0.003938972 0.05250912 -8.0419e-5 0.005991399 0.05253094 -8.0419e-5 0.005991399 0.05253094 -8.0419e-5 0.005991399 0.05253094 -8.0419e-5 0.005991399 0.05253094 6.43408e-5 0.005774199 0.05252766 6.43408e-5 0.005774199 0.05252766 6.43408e-5 0.005774199 0.05252766 6.43408e-5 0.005774199 0.05252766 6.43408e-5 0.005774199 0.05252766 0.008357465 0.009847164 0.05250895 0.008357465 0.009847164 0.05250895 0.008357465 0.009847164 0.05250895 0.008357465 0.009847164 0.05250895 0.008749723 0.009446561 0.05250203 0.008749723 0.009446561 0.05250203 0.008749723 0.009446561 0.05250203 0.00677812 -0.00184822 0.05240207 0.00677812 -0.00184822 0.05240207 0.00677812 -0.00184822 0.05240207 0.00677812 -0.00184822 0.05240207 0.004762768 -0.001434504 0.05242085 0.004762768 -0.001434504 0.05242085 0.004762768 -0.001434504 0.05242085 0.006582021 -0.001675903 0.05240523 0.006582021 -0.001675903 0.05240523 0.006582021 -0.001675903 0.05240523 0.006582021 -0.001675903 0.05240523 0.004840314 -8.51059e-4 0.05242615 0.004840314 -8.51059e-4 0.05242615 0.004840314 -8.51059e-4 0.05242615 0.006353676 -0.001211404 0.05241161 0.006353676 -0.001211404 0.05241161 0.006353676 -0.001211404 0.05241161 0.006437301 -0.001458644 0.05240845 0.006437301 -0.001458644 0.05240845 0.006437301 -0.001458644 0.05240845 0.006336927 -9.50913e-4 0.05241435 0.006336927 -9.50913e-4 0.05241435 0.006336927 -9.50913e-4 0.05241435 0.006336927 -9.50913e-4 0.05241435 -0.006192624 -9.82811e-4 0.05250459 -0.006192624 -9.82811e-4 0.05250459 -0.006192624 -9.82811e-4 0.05250459 -0.004139423 -2.51892e-4 0.05249714 -0.004139423 -2.51892e-4 0.05249714 -0.004139423 -2.51892e-4 0.05249714 -0.005687296 -4.07997e-4 0.05250674 -0.005687296 -4.07997e-4 0.05250674 -0.005687296 -4.07997e-4 0.05250674 -0.005687296 -4.07997e-4 0.05250674 -0.005636036 -1.52039e-4 0.05250895 -0.005636036 -1.52039e-4 0.05250895 -0.005636036 -1.52039e-4 0.05250895 -0.005652785 1.08459e-4 0.05251175 -0.005652785 1.08459e-4 0.05251175 -0.005652785 1.08459e-4 0.05251175 0.01186758 -0.02909338 0.006982803 0.01186758 -0.02909338 0.006982803 0.01186758 -0.02909338 0.006982803 0.01186758 -0.02909338 0.006982803 0.01186758 -0.02909338 0.006982803 0.01186758 -0.02909338 0.006982803 0.01185601 -0.02925413 0.006872832 0.01185601 -0.02925413 0.006872832 0.01185601 -0.02925413 0.006872832 0.01185601 -0.02925413 0.006872832 0.01185601 -0.02925413 0.006872832 0.01187598 -0.02898687 0.007146 0.01187598 -0.02898687 0.007146 0.01187598 -0.02898687 0.007146 0.01187598 -0.02898687 0.007146 0.01187598 -0.02898687 0.007146 0.01187992 -0.02895087 0.007337689 0.01187992 -0.02895087 0.007337689 0.01187992 -0.02895087 0.007337689 0.01187992 -0.02895087 0.007337689 0.01187992 -0.02895087 0.007337689 0.01187992 -0.02895087 0.007337689 0.01263099 -0.02988237 0.04682594 0.01263099 -0.02988237 0.04682594 0.01263099 -0.02988237 0.04682594 0.01263099 -0.02988237 0.04682594 0.01263099 -0.02988237 0.04682594 0.01263099 -0.02988237 0.04682594 0.01263099 -0.02988237 0.04682594 0.01234549 -0.02948302 0.007328987 0.01234549 -0.02948302 0.007328987 0.01234549 -0.02948302 0.007328987 0.01234549 -0.02948302 0.007328987 0.01234549 -0.02948302 0.007328987 0.01234549 -0.02948302 0.007328987 0.01234549 -0.02948302 0.007328987 0.01234549 -0.02948302 0.007328987 0.01234549 -0.02948302 0.007328987 0.01200395 -0.03592914 0.01853573 0.01200395 -0.03592914 0.01853573 0.01200395 -0.03592914 0.01853573 0.01200395 -0.03592914 0.01853573 0.01198977 -0.03619468 0.01898622 0.01198977 -0.03619468 0.01898622 0.01198977 -0.03619468 0.01898622 0.01198977 -0.03619468 0.01898622 0.01197099 -0.03652423 0.01939201 0.01197099 -0.03652423 0.01939201 0.01197099 -0.03652423 0.01939201 0.01197099 -0.03652423 0.01939201 0.01194804 -0.03691041 0.01974409 0.01194804 -0.03691041 0.01974409 0.01194804 -0.03691041 0.01974409 0.01194804 -0.03691041 0.01974409 0.01192134 -0.03734463 0.02003461 0.01192134 -0.03734463 0.02003461 0.01192134 -0.03734463 0.02003461 0.01192134 -0.03734463 0.02003461 0.01189154 -0.03781718 0.02025705 0.01189154 -0.03781718 0.02025705 0.01189154 -0.03781718 0.02025705 0.01189154 -0.03781718 0.02025705 0.01185935 -0.03831744 0.02040642 0.01185935 -0.03831744 0.02040642 0.01185935 -0.03831744 0.02040642 0.01185935 -0.03831744 0.02040642 0.01182544 -0.03883433 0.02047944 0.01182544 -0.03883433 0.02047944 0.01182544 -0.03883433 0.02047944 0.01182544 -0.03883433 0.02047944 0.01179057 -0.03935629 0.02047437 0.01179057 -0.03935629 0.02047437 0.01179057 -0.03935629 0.02047437 0.01174014 -0.03928571 0.01349449 0.01174014 -0.03928571 0.01349449 0.01174014 -0.03928571 0.01349449 0.01174014 -0.03928571 0.01349449 0.01177501 -0.03876376 0.01349955 0.01177501 -0.03876376 0.01349955 0.01177501 -0.03876376 0.01349955 0.01181006 -0.03824847 0.01358246 0.01181006 -0.03824847 0.01358246 0.01181006 -0.03824847 0.01358246 0.01181006 -0.03824847 0.01358246 0.01184445 -0.03775131 0.01374143 0.01184445 -0.03775131 0.01374143 0.01184445 -0.03775131 0.01374143 0.01184445 -0.03775131 0.01374143 0.01187753 -0.03728336 0.01397293 0.01187753 -0.03728336 0.01397293 0.01187753 -0.03728336 0.01397293 0.01187753 -0.03728336 0.01397293 0.01190847 -0.0368551 0.01427173 0.01190847 -0.0368551 0.01427173 0.01190847 -0.0368551 0.01427173 0.01190847 -0.0368551 0.01427173 0.0119366 -0.03647607 0.01463121 0.0119366 -0.03647607 0.01463121 0.0119366 -0.03647607 0.01463121 0.0119366 -0.03647607 0.01463121 0.01196128 -0.0361548 0.01504325 0.01196128 -0.0361548 0.01504325 0.01196128 -0.0361548 0.01504325 0.01198196 -0.03589844 0.01549875 0.01198196 -0.03589844 0.01549875 0.01198196 -0.03589844 0.01549875 0.01198196 -0.03589844 0.01549875 0.01199823 -0.03571265 0.01598751 0.01199823 -0.03571265 0.01598751 0.01199823 -0.03571265 0.01598751 0.01199823 -0.03571265 0.01598751 0.01200968 -0.03560167 0.01649862 0.01200968 -0.03560167 0.01649862 0.01200968 -0.03560167 0.01649862 0.01200968 -0.03560167 0.01649862 0.01201605 -0.03556799 0.01702058 0.01201605 -0.03556799 0.01702058 0.01201605 -0.03556799 0.01702058 0.01201605 -0.03556799 0.01702058 0.01201605 -0.03556799 0.01702058 0.01201725 -0.03561222 0.01754182 0.01201725 -0.03561222 0.01754182 0.01201725 -0.03561222 0.01754182 0.01201319 -0.03573352 0.01805067 0.01201319 -0.03573352 0.01805067 0.01201319 -0.03573352 0.01805067 0.01201319 -0.03573352 0.01805067 0.01201319 -0.03573352 0.01805067 0.0116043 -0.04196524 0.01893067 0.0116043 -0.04196524 0.01893067 0.0116043 -0.04196524 0.01893067 0.0116043 -0.04196524 0.01893067 0.0116043 -0.04196524 0.01893067 0.01158362 -0.0422216 0.01847511 0.01158362 -0.0422216 0.01847511 0.01158362 -0.0422216 0.01847511 0.01158362 -0.0422216 0.01847511 0.01156735 -0.04240733 0.01798641 0.01156735 -0.04240733 0.01798641 0.01156735 -0.04240733 0.01798641 0.01156735 -0.04240733 0.01798641 0.01156735 -0.04240733 0.01798641 0.01155591 -0.04251837 0.0174753 0.01155591 -0.04251837 0.0174753 0.01155591 -0.04251837 0.0174753 0.01155591 -0.04251837 0.0174753 0.01155591 -0.04251837 0.0174753 0.01154953 -0.04255211 0.01695334 0.01154953 -0.04255211 0.01695334 0.01154953 -0.04255211 0.01695334 0.01154953 -0.04255211 0.01695334 0.01154834 -0.04250776 0.0164321 0.01154834 -0.04250776 0.0164321 0.01154834 -0.04250776 0.0164321 0.01154834 -0.04250776 0.0164321 0.01155245 -0.04238653 0.01592326 0.01155245 -0.04238653 0.01592326 0.01155245 -0.04238653 0.01592326 0.01156163 -0.0421909 0.01543819 0.01156163 -0.0421909 0.01543819 0.01156163 -0.0421909 0.01543819 0.01156163 -0.0421909 0.01543819 0.01157581 -0.04192537 0.0149877 0.01157581 -0.04192537 0.0149877 0.01157581 -0.04192537 0.0149877 0.01159459 -0.04159581 0.01458191 0.01159459 -0.04159581 0.01458191 0.01159459 -0.04159581 0.01458191 0.01159459 -0.04159581 0.01458191 0.0116176 -0.04120957 0.01422977 0.0116176 -0.04120957 0.01422977 0.0116176 -0.04120957 0.01422977 0.0116176 -0.04120957 0.01422977 0.01164424 -0.04077541 0.01393932 0.01164424 -0.04077541 0.01393932 0.01164424 -0.04077541 0.01393932 0.01164424 -0.04077541 0.01393932 0.01167404 -0.04030287 0.01371687 0.01167404 -0.04030287 0.01371687 0.01167404 -0.04030287 0.01371687 0.01170623 -0.03980255 0.0135675 0.01170623 -0.03980255 0.0135675 0.01170623 -0.03980255 0.0135675 0.01170623 -0.03980255 0.0135675 0.01175558 -0.03987157 0.02039146 0.01175558 -0.03987157 0.02039146 0.01175558 -0.03987157 0.02039146 0.01175558 -0.03987157 0.02039146 0.01172113 -0.04036873 0.02023249 0.01172113 -0.04036873 0.02023249 0.01172113 -0.04036873 0.02023249 0.01172113 -0.04036873 0.02023249 0.01168805 -0.04083669 0.02000099 0.01168805 -0.04083669 0.02000099 0.01168805 -0.04083669 0.02000099 0.01168805 -0.04083669 0.02000099 0.01165711 -0.04126495 0.01970219 0.01165711 -0.04126495 0.01970219 0.01165711 -0.04126495 0.01970219 0.01165711 -0.04126495 0.01970219 0.01165711 -0.04126495 0.01970219 0.01162898 -0.04164397 0.01934272 0.01162898 -0.04164397 0.01934272 0.01162898 -0.04164397 0.01934272 0.01162898 -0.04164397 0.01934272 0.01216542 -0.02935022 0.04683464 0.01216542 -0.02935022 0.04683464 0.01216542 -0.02935022 0.04683464 0.01216542 -0.02935022 0.04683464 0.01216542 -0.02935022 0.04683464 0.01216542 -0.02935022 0.04683464 0.01216542 -0.02935022 0.04683464 0.01216542 -0.02935022 0.04683464 0.01248741 -0.02987617 0.04718059 0.01248741 -0.02987617 0.04718059 0.01248741 -0.02987617 0.04718059 0.01248741 -0.02987617 0.04718059 0.01248741 -0.02987617 0.04718059 0.01248741 -0.02987617 0.04718059 0.01232635 -0.02986645 0.04729026 0.01232635 -0.02986645 0.04729026 0.01232635 -0.02986645 0.04729026 0.01232635 -0.02986645 0.04729026 0.01213574 -0.02985411 0.04732984 0.01213574 -0.02985411 0.04732984 0.01213574 -0.02985411 0.04732984 0.01213574 -0.02985411 0.04732984 0.0125944 -0.02988177 0.04701751 0.0125944 -0.02988177 0.04701751 0.0125944 -0.02988177 0.04701751 0.0125944 -0.02988177 0.04701751 0.01219677 -0.02946966 0.006976604 0.01219677 -0.02946966 0.006976604 0.01219677 -0.02946966 0.006976604 0.01219677 -0.02946966 0.006976604 0.01219677 -0.02946966 0.006976604 0.01219677 -0.02946966 0.006976604 0.01230609 -0.02947854 0.007137954 0.01230609 -0.02947854 0.007137954 0.01230609 -0.02947854 0.007137954 0.01230609 -0.02947854 0.007137954 0.01230609 -0.02947854 0.007137954 0.01203417 -0.0294578 0.006869494 0.01203417 -0.0294578 0.006869494 0.01203417 -0.0294578 0.006869494 0.01203417 -0.0294578 0.006869494 0.01203417 -0.0294578 0.006869494 0.0121482 -0.02966284 0.0472936 0.0121482 -0.02966284 0.0472936 0.0121482 -0.02966284 0.0472936 0.0121482 -0.02966284 0.0472936 0.01215821 -0.02949988 0.04718679 0.01215821 -0.02949988 0.04718679 0.01215821 -0.02949988 0.04718679 0.01215821 -0.02949988 0.04718679 0.01215821 -0.02949988 0.04718679 0.01215821 -0.02949988 0.04718679 0.01216423 -0.02939009 0.04702562 0.01216423 -0.02939009 0.04702562 0.01216423 -0.02939009 0.04702562 0.01216423 -0.02939009 0.04702562 0.01216423 -0.02939009 0.04702562 0.01235377 -0.02940094 0.04683279 0.01235377 -0.02940094 0.04683279 0.01235377 -0.02940094 0.04683279 0.01235377 -0.02940094 0.04683279 0.01233983 -0.0294007 0.04690611 0.01233983 -0.0294007 0.04690611 0.01233983 -0.0294007 0.04690611 0.01233983 -0.0294007 0.04690611 0.01233983 -0.0294007 0.04690611 0.01229888 -0.02939856 0.04696851 0.01229888 -0.02939856 0.04696851 0.01229888 -0.02939856 0.04696851 0.01229888 -0.02939856 0.04696851 0.01229888 -0.02939856 0.04696851 0.01223725 -0.02939486 0.04701048 0.01223725 -0.02939486 0.04701048 0.01223725 -0.02939486 0.04701048 0.01223725 -0.02939486 0.04701048 0.01223725 -0.02939486 0.04701048 0.01250839 -0.02951985 0.04683047 0.01250839 -0.02951985 0.04683047 0.01250839 -0.02951985 0.04683047 0.01250839 -0.02951985 0.04683047 0.01250839 -0.02951985 0.04683047 0.01248252 -0.02951943 0.04696595 0.01248252 -0.02951943 0.04696595 0.01248252 -0.02951943 0.04696595 0.01248252 -0.02951943 0.04696595 0.01248252 -0.02951943 0.04696595 0.01260578 -0.02968895 0.04682803 0.01260578 -0.02968895 0.04682803 0.01260578 -0.02968895 0.04682803 0.01260578 -0.02968895 0.04682803 0.01257193 -0.02968835 0.04700511 0.01257193 -0.02968835 0.04700511 0.01257193 -0.02968835 0.04700511 0.01257193 -0.02968835 0.04700511 0.01257193 -0.02968835 0.04700511 0.01229304 -0.02950865 0.04715883 0.01229304 -0.02950865 0.04715883 0.01229304 -0.02950865 0.04715883 0.01229304 -0.02950865 0.04715883 0.01229304 -0.02950865 0.04715883 0.01229304 -0.02950865 0.04715883 0.01232433 -0.02967423 0.04725706 0.01232433 -0.02967423 0.04725706 0.01232433 -0.02967423 0.04725706 0.01232433 -0.02967423 0.04725706 0.01232433 -0.02967423 0.04725706 0.01232433 -0.02967423 0.04725706 0.01240694 -0.0295155 0.04708129 0.01240694 -0.0295155 0.04708129 0.01240694 -0.0295155 0.04708129 0.01240694 -0.0295155 0.04708129 0.01240694 -0.0295155 0.04708129 0.01240694 -0.0295155 0.04708129 0.0124731 -0.02968323 0.04715573 0.0124731 -0.02968323 0.04715573 0.0124731 -0.02968323 0.04715573 0.0124731 -0.02968323 0.04715573 0.0124731 -0.02968323 0.04715573 0.01232028 -0.02928954 0.007331132 0.01232028 -0.02928954 0.007331132 0.01232028 -0.02928954 0.007331132 0.01232028 -0.02928954 0.007331132 0.01222294 -0.0291205 0.007333517 0.01222294 -0.0291205 0.007333517 0.01222294 -0.0291205 0.007333517 0.01222294 -0.0291205 0.007333517 0.01222294 -0.0291205 0.007333517 0.01206827 -0.02900159 0.007335841 0.01206827 -0.02900159 0.007335841 0.01206827 -0.02900159 0.007335841 0.01206827 -0.02900159 0.007335841 0.01206827 -0.02900159 0.007335841 0.01206827 -0.02900159 0.007335841 0.01231873 -0.02930337 0.007257759 0.01231873 -0.02930337 0.007257759 0.01231873 -0.02930337 0.007257759 0.01231873 -0.02930337 0.007257759 0.01231873 -0.02930337 0.007257759 0.01231551 -0.02934408 0.007195293 0.01231551 -0.02934408 0.007195293 0.01231551 -0.02934408 0.007195293 0.01231551 -0.02934408 0.007195293 0.01231551 -0.02934408 0.007195293 0.0123111 -0.02940565 0.007153213 0.0123111 -0.02940565 0.007153213 0.0123111 -0.02940565 0.007153213 0.0123111 -0.02940565 0.007153213 0.01222014 -0.02914601 0.007197976 0.01222014 -0.02914601 0.007197976 0.01222014 -0.02914601 0.007197976 0.01222014 -0.02914601 0.007197976 0.01222014 -0.02914601 0.007197976 0.01222014 -0.02914601 0.007197976 0.01206469 -0.02903485 0.007158756 0.01206469 -0.02903485 0.007158756 0.01206469 -0.02903485 0.007158756 0.01206469 -0.02903485 0.007158756 0.01206469 -0.02903485 0.007158756 0.01206469 -0.02903485 0.007158756 0.01220601 -0.02933496 0.007004797 0.01220601 -0.02933496 0.007004797 0.01220601 -0.02933496 0.007004797 0.01220601 -0.02933496 0.007004797 0.01220601 -0.02933496 0.007004797 0.01220601 -0.02933496 0.007004797 0.01204621 -0.02928179 0.00690633 0.01204621 -0.02928179 0.00690633 0.01204621 -0.02928179 0.00690633 0.01204621 -0.02928179 0.00690633 0.01204621 -0.02928179 0.00690633 0.01204621 -0.02928179 0.00690633 0.01221424 -0.02922129 0.007082521 0.01221424 -0.02922129 0.007082521 0.01221424 -0.02922129 0.007082521 0.01221424 -0.02922129 0.007082521 0.01221424 -0.02922129 0.007082521 0.01205688 -0.02913326 0.007007956 0.01205688 -0.02913326 0.007007956 0.01205688 -0.02913326 0.007007956 0.01205688 -0.02913326 0.007007956 0.01205688 -0.02913326 0.007007956 0.01298755 -0.03626126 0.01897829 0.01298755 -0.03626126 0.01897829 0.01298755 -0.03626126 0.01897829 0.01320934 -0.03295469 0.01912999 0.01320934 -0.03295469 0.01912999 0.01320934 -0.03295469 0.01912999 0.01320934 -0.03295469 0.01912999 0.01296877 -0.03659081 0.01938414 0.01296877 -0.03659081 0.01938414 0.01296877 -0.03659081 0.01938414 0.01280778 -0.03831505 0.0135746 0.01280778 -0.03831505 0.0135746 0.01280778 -0.03831505 0.0135746 0.01280778 -0.03831505 0.0135746 0.01313018 -0.0334928 0.01365637 0.01313018 -0.0334928 0.01365637 0.01313018 -0.0334928 0.01365637 0.01313018 -0.0334928 0.01365637 0.01313018 -0.0334928 0.01365637 0.01284223 -0.03781783 0.01373356 0.01284223 -0.03781783 0.01373356 0.01284223 -0.03781783 0.01373356 0.01284223 -0.03781783 0.01373356 0.01284223 -0.03781783 0.01373356 0.01238197 -0.04534077 0.01901072 0.01238197 -0.04534077 0.01901072 0.01238197 -0.04534077 0.01901072 0.01238197 -0.04534077 0.01901072 0.01260209 -0.04203182 0.01892274 0.01260209 -0.04203182 0.01892274 0.01260209 -0.04203182 0.01892274 0.01262676 -0.04171049 0.01933485 0.01262676 -0.04171049 0.01933485 0.01262676 -0.04171049 0.01933485 0.01262676 -0.04171049 0.01933485 0.01238209 -0.04469215 0.01354855 0.01238209 -0.04469215 0.01354855 0.01238209 -0.04469215 0.01354855 0.01238209 -0.04469215 0.01354855 0.01238209 -0.04469215 0.01354855 0.01270401 -0.03986912 0.01355957 0.01270401 -0.03986912 0.01355957 0.01270401 -0.03986912 0.01355957 0.01270401 -0.03986912 0.01355957 0.01267176 -0.04036945 0.013709 0.01267176 -0.04036945 0.013709 0.01267176 -0.04036945 0.013709 0.01309943 -0.03388392 0.01306557 0.01309943 -0.03388392 0.01306557 0.01309943 -0.03388392 0.01306557 0.01309943 -0.03388392 0.01306557 0.01309943 -0.03388392 0.01306557 0.01309943 -0.03388392 0.01306557 0.01277273 -0.03883033 0.01349163 0.01277273 -0.03883033 0.01349163 0.01277273 -0.03883033 0.01349163 0.01277273 -0.03883033 0.01349163 0.01275688 -0.03870666 0.01044261 0.01275688 -0.03870666 0.01044261 0.01275688 -0.03870666 0.01044261 0.01275688 -0.03870666 0.01044261 0.01275688 -0.03870666 0.01044261 0.01280444 -0.03800398 0.01052606 0.01280444 -0.03800398 0.01052606 0.01280444 -0.03800398 0.01052606 0.01280444 -0.03800398 0.01052606 0.01285171 -0.03731447 0.01068514 0.01285171 -0.03731447 0.01068514 0.01285171 -0.03731447 0.01068514 0.01285171 -0.03731447 0.01068514 0.01289814 -0.03664618 0.01091802 0.01289814 -0.03664618 0.01091802 0.01289814 -0.03664618 0.01091802 0.01289814 -0.03664618 0.01091802 0.0129432 -0.03600698 0.011222 0.0129432 -0.03600698 0.011222 0.0129432 -0.03600698 0.011222 0.0129432 -0.03600698 0.011222 0.0129432 -0.03600698 0.011222 0.01298636 -0.03540432 0.01159346 0.01298636 -0.03540432 0.01159346 0.01298636 -0.03540432 0.01159346 0.01298636 -0.03540432 0.01159346 0.01298636 -0.03540432 0.01159346 0.01302707 -0.03484535 0.01202803 0.01302707 -0.03484535 0.01202803 0.01302707 -0.03484535 0.01202803 0.01302707 -0.03484535 0.01202803 0.01306492 -0.03433656 0.01252067 0.01306492 -0.03433656 0.01252067 0.01306492 -0.03433656 0.01252067 0.01273787 -0.03935223 0.01348662 0.01273787 -0.03935223 0.01348662 0.01273787 -0.03935223 0.01348662 0.01273787 -0.03935223 0.01348662 0.01273787 -0.03935223 0.01348662 0.01273787 -0.03935223 0.01348662 0.01240438 -0.04428911 0.01296538 0.01240438 -0.04428911 0.01296538 0.01240438 -0.04428911 0.01296538 0.01243108 -0.0438255 0.01242929 0.01243108 -0.0438255 0.01242929 0.01243108 -0.0438255 0.01242929 0.01243108 -0.0438255 0.01242929 0.01246184 -0.04330688 0.01194655 0.01246184 -0.04330688 0.01194655 0.01246184 -0.04330688 0.01194655 0.01249641 -0.04273921 0.01152282 0.01249641 -0.04273921 0.01152282 0.01249641 -0.04273921 0.01152282 0.01253426 -0.04212921 0.01116305 0.01253426 -0.04212921 0.01116305 0.01253426 -0.04212921 0.01116305 0.01257497 -0.04148399 0.01087146 0.01257497 -0.04148399 0.01087146 0.01257497 -0.04148399 0.01087146 0.01257497 -0.04148399 0.01087146 0.01261812 -0.04081112 0.01065146 0.01261812 -0.04081112 0.01065146 0.01261812 -0.04081112 0.01065146 0.01266318 -0.04011851 0.01050567 0.01266318 -0.04011851 0.01050567 0.01266318 -0.04011851 0.01050567 0.01266318 -0.04011851 0.01050567 0.01270961 -0.03941428 0.01043576 0.01270961 -0.03941428 0.01043576 0.01270961 -0.03941428 0.01043576 0.01315671 -0.03396409 0.02099275 0.01315671 -0.03396409 0.02099275 0.01315671 -0.03396409 0.02099275 0.01315671 -0.03396409 0.02099275 0.01315671 -0.03396409 0.02099275 0.01315671 -0.03396409 0.02099275 0.01315671 -0.03396409 0.02099275 0.01315671 -0.03396409 0.02099275 0.01313006 -0.03442764 0.02152884 0.01313006 -0.03442764 0.02152884 0.01313006 -0.03442764 0.02152884 0.01309925 -0.03494632 0.02201157 0.01309925 -0.03494632 0.02201157 0.01309925 -0.03494632 0.02201157 0.01309925 -0.03494632 0.02201157 0.01306468 -0.03551393 0.0224353 0.01306468 -0.03551393 0.0224353 0.01306468 -0.03551393 0.0224353 0.01306468 -0.03551393 0.0224353 0.01302683 -0.03612399 0.02279508 0.01302683 -0.03612399 0.02279508 0.01302683 -0.03612399 0.02279508 0.01302683 -0.03612399 0.02279508 0.01298612 -0.03676921 0.02308666 0.01298612 -0.03676921 0.02308666 0.01298612 -0.03676921 0.02308666 0.01298612 -0.03676921 0.02308666 0.01294296 -0.03744208 0.02330666 0.01294296 -0.03744208 0.02330666 0.01294296 -0.03744208 0.02330666 0.01294296 -0.03744208 0.02330666 0.0128979 -0.03813469 0.02345246 0.0128979 -0.03813469 0.02345246 0.0128979 -0.03813469 0.02345246 0.01285147 -0.03883892 0.02352237 0.01285147 -0.03883892 0.02352237 0.01285147 -0.03883892 0.02352237 0.01285147 -0.03883892 0.02352237 0.01282322 -0.03890091 0.02047151 0.01282322 -0.03890091 0.02047151 0.01282322 -0.03890091 0.02047151 0.01282322 -0.03890091 0.02047151 0.01285713 -0.03838402 0.02039855 0.01285713 -0.03838402 0.02039855 0.01285713 -0.03838402 0.02039855 0.01285713 -0.03838402 0.02039855 0.013179 -0.03356105 0.02040958 0.013179 -0.03356105 0.02040958 0.013179 -0.03356105 0.02040958 0.01278835 -0.03942281 0.0204665 0.01278835 -0.03942281 0.0204665 0.01278835 -0.03942281 0.0204665 0.01278835 -0.03942281 0.0204665 0.01280421 -0.03954648 0.02351558 0.01280421 -0.03954648 0.02351558 0.01280421 -0.03954648 0.02351558 0.01280421 -0.03954648 0.02351558 0.01275664 -0.04024922 0.02343213 0.01275664 -0.04024922 0.02343213 0.01275664 -0.04024922 0.02343213 0.01275664 -0.04024922 0.02343213 0.01270937 -0.04093873 0.02327299 0.01270937 -0.04093873 0.02327299 0.01270937 -0.04093873 0.02327299 0.01266294 -0.04160702 0.02304011 0.01266294 -0.04160702 0.02304011 0.01266294 -0.04160702 0.02304011 0.01261788 -0.04224622 0.02273613 0.01261788 -0.04224622 0.02273613 0.01261788 -0.04224622 0.02273613 0.01257479 -0.04284888 0.02236473 0.01257479 -0.04284888 0.02236473 0.01257479 -0.04284888 0.02236473 0.01253402 -0.04340785 0.02193009 0.01253402 -0.04340785 0.02193009 0.01253402 -0.04340785 0.02193009 0.01249617 -0.04391658 0.02143746 0.01249617 -0.04391658 0.02143746 0.01249617 -0.04391658 0.02143746 0.01249617 -0.04391658 0.02143746 0.01246166 -0.04436922 0.02089256 0.01246166 -0.04436922 0.02089256 0.01246166 -0.04436922 0.02089256 0.01246166 -0.04436922 0.02089256 0.0124309 -0.0447604 0.02030175 0.0124309 -0.0447604 0.02030175 0.0124309 -0.0447604 0.02030175 0.0127533 -0.03993815 0.02038359 0.0127533 -0.03993815 0.02038359 0.0127533 -0.03993815 0.02038359 0.0127533 -0.03993815 0.02038359 0.01291912 -0.03741121 0.02002674 0.01291912 -0.03741121 0.02002674 0.01291912 -0.03741121 0.02002674 0.01291912 -0.03741121 0.02002674 0.01319658 -0.03322327 0.01978623 0.01319658 -0.03322327 0.01978623 0.01319658 -0.03322327 0.01978623 0.01319658 -0.03322327 0.01978623 0.01319658 -0.03322327 0.01978623 0.01288932 -0.03788375 0.02024918 0.01288932 -0.03788375 0.02024918 0.01288932 -0.03788375 0.02024918 0.01288932 -0.03788375 0.02024918 0.01294577 -0.03697699 0.01973623 0.01294577 -0.03697699 0.01973623 0.01294577 -0.03697699 0.01973623 0.01301497 -0.0356788 0.01753395 0.01301497 -0.0356788 0.01753395 0.01301497 -0.0356788 0.01753395 0.01301497 -0.0356788 0.01753395 0.01321965 -0.03263694 0.01774972 0.01321965 -0.03263694 0.01774972 0.01321965 -0.03263694 0.01774972 0.01301091 -0.03580009 0.01804274 0.01301091 -0.03580009 0.01804274 0.01301091 -0.03580009 0.01804274 0.01321703 -0.03275847 0.01844847 0.01321703 -0.03275847 0.01844847 0.01321703 -0.03275847 0.01844847 0.01321703 -0.03275847 0.01844847 0.01300168 -0.03599572 0.01852786 0.01300168 -0.03599572 0.01852786 0.01300168 -0.03599572 0.01852786 0.01300168 -0.03599572 0.01852786 0.01297974 -0.03596502 0.01549088 0.01297974 -0.03596502 0.01549088 0.01297974 -0.03596502 0.01549088 0.0131967 -0.03273004 0.01563256 0.0131967 -0.03273004 0.01563256 0.0131967 -0.03273004 0.01563256 0.01299595 -0.03577923 0.01597964 0.01299595 -0.03577923 0.01597964 0.01299595 -0.03577923 0.01597964 0.01299595 -0.03577923 0.01597964 0.0132094 -0.03262257 0.01633352 0.0132094 -0.03262257 0.01633352 0.0132094 -0.03262257 0.01633352 0.0132094 -0.03262257 0.01633352 0.01300746 -0.03566825 0.01649069 0.01300746 -0.03566825 0.01649069 0.01300746 -0.03566825 0.01649069 0.01321709 -0.03259146 0.01704198 0.01321709 -0.03259146 0.01704198 0.01321709 -0.03259146 0.01704198 0.01321709 -0.03259146 0.01704198 0.01301378 -0.03563457 0.01701271 0.01301378 -0.03563457 0.01701271 0.01301378 -0.03563457 0.01701271 0.01290619 -0.03692167 0.01426386 0.01290619 -0.03692167 0.01426386 0.01290619 -0.03692167 0.01426386 0.01315683 -0.03316766 0.0142861 0.01315683 -0.03316766 0.0142861 0.01315683 -0.03316766 0.0142861 0.01315683 -0.03316766 0.0142861 0.01293432 -0.03654265 0.01462328 0.01293432 -0.03654265 0.01462328 0.01293432 -0.03654265 0.01462328 0.01317912 -0.03291237 0.01494747 0.01317912 -0.03291237 0.01494747 0.01317912 -0.03291237 0.01494747 0.01317912 -0.03291237 0.01494747 0.012959 -0.03622138 0.01503539 0.012959 -0.03622138 0.01503539 0.012959 -0.03622138 0.01503539 0.01287525 -0.03734993 0.01396501 0.01287525 -0.03734993 0.01396501 0.01287525 -0.03734993 0.01396501 0.01287525 -0.03734993 0.01396501 0.01287525 -0.03734993 0.01396501 0.01268583 -0.04090327 0.01999312 0.01268583 -0.04090327 0.01999312 0.01268583 -0.04090327 0.01999312 0.01271885 -0.04043531 0.02022457 0.01271885 -0.04043531 0.02022457 0.01271885 -0.04043531 0.02022457 0.01271885 -0.04043531 0.02022457 0.01271885 -0.04043531 0.02022457 0.01240426 -0.04508554 0.01967203 0.01240426 -0.04508554 0.01967203 0.01240426 -0.04508554 0.01967203 0.01240426 -0.04508554 0.01967203 0.0126549 -0.04133152 0.01969432 0.0126549 -0.04133152 0.01969432 0.0126549 -0.04133152 0.01969432 0.01255369 -0.04258495 0.01746743 0.01255369 -0.04258495 0.01746743 0.01255369 -0.04258495 0.01746743 0.01255369 -0.04258495 0.01746743 0.01256513 -0.04247391 0.01797848 0.01256513 -0.04247391 0.01797848 0.01256513 -0.04247391 0.01797848 0.01235169 -0.04563057 0.01762467 0.01235169 -0.04563057 0.01762467 0.01235169 -0.04563057 0.01762467 0.01235169 -0.04563057 0.01762467 0.01258134 -0.04228818 0.01846724 0.01258134 -0.04228818 0.01846724 0.01258134 -0.04228818 0.01846724 0.01258134 -0.04228818 0.01846724 0.01236438 -0.04552316 0.01832556 0.01236438 -0.04552316 0.01832556 0.01236438 -0.04552316 0.01832556 0.01236438 -0.04552316 0.01832556 0.01255941 -0.04225748 0.01543033 0.01255941 -0.04225748 0.01543033 0.01255941 -0.04225748 0.01543033 0.01255941 -0.04225748 0.01543033 0.01255017 -0.04245305 0.01591539 0.01255017 -0.04245305 0.01591539 0.01255017 -0.04245305 0.01591539 0.01255017 -0.04245305 0.01591539 0.01234406 -0.04549473 0.01550966 0.01234406 -0.04549473 0.01550966 0.01234406 -0.04549473 0.01550966 0.01234406 -0.04549473 0.01550966 0.01234406 -0.04549473 0.01550966 0.01254612 -0.04257434 0.01642423 0.01254612 -0.04257434 0.01642423 0.01254612 -0.04257434 0.01642423 0.01234143 -0.04561626 0.01620841 0.01234143 -0.04561626 0.01620841 0.01234143 -0.04561626 0.01620841 0.01254731 -0.04261869 0.01694542 0.01254731 -0.04261869 0.01694542 0.01254731 -0.04261869 0.01694542 0.01254731 -0.04261869 0.01694542 0.012344 -0.04566174 0.01691615 0.012344 -0.04566174 0.01691615 0.012344 -0.04566174 0.01691615 0.012344 -0.04566174 0.01691615 0.01261532 -0.04127615 0.0142219 0.01261532 -0.04127615 0.0142219 0.01261532 -0.04127615 0.0142219 0.01259237 -0.04166239 0.01457399 0.01259237 -0.04166239 0.01457399 0.01259237 -0.04166239 0.01457399 0.0123645 -0.04502993 0.01417189 0.0123645 -0.04502993 0.01417189 0.0123645 -0.04502993 0.01417189 0.01257354 -0.04199194 0.01497983 0.01257354 -0.04199194 0.01497983 0.01257354 -0.04199194 0.01497983 0.01235175 -0.04529851 0.0148282 0.01235175 -0.04529851 0.0148282 0.01235175 -0.04529851 0.0148282 0.01264202 -0.04084199 0.01393139 0.01264202 -0.04084199 0.01393139 0.01264202 -0.04084199 0.01393139 0.01264202 -0.04084199 0.01393139 0.01679545 -0.03827023 0.01049453 0.01679545 -0.03827023 0.01049453 0.01679545 -0.03827023 0.01049453 0.01679545 -0.03827023 0.01049453 0.01684272 -0.03758072 0.01065361 0.01684272 -0.03758072 0.01065361 0.01684272 -0.03758072 0.01065361 0.01684272 -0.03758072 0.01065361 0.01688915 -0.03691244 0.01088649 0.01688915 -0.03691244 0.01088649 0.01688915 -0.03691244 0.01088649 0.01688915 -0.03691244 0.01088649 0.01693421 -0.03627324 0.01119047 0.01693421 -0.03627324 0.01119047 0.01693421 -0.03627324 0.01119047 0.01693421 -0.03627324 0.01119047 0.01697736 -0.03567063 0.01156193 0.01697736 -0.03567063 0.01156193 0.01697736 -0.03567063 0.01156193 0.01697736 -0.03567063 0.01156193 0.01697736 -0.03567063 0.01156193 0.01701807 -0.03511166 0.0119965 0.01701807 -0.03511166 0.0119965 0.01701807 -0.03511166 0.0119965 0.01701807 -0.03511166 0.0119965 0.01701807 -0.03511166 0.0119965 0.01705592 -0.03460288 0.01248914 0.01705592 -0.03460288 0.01248914 0.01705592 -0.03460288 0.01248914 0.01709043 -0.03415024 0.01303404 0.01709043 -0.03415024 0.01303404 0.01709043 -0.03415024 0.01303404 0.01712119 -0.03375905 0.01362484 0.01712119 -0.03375905 0.01362484 0.01712119 -0.03375905 0.01362484 0.01712119 -0.03375905 0.01362484 0.01714789 -0.03343397 0.01425457 0.01714789 -0.03343397 0.01425457 0.01714789 -0.03343397 0.01425457 0.01714789 -0.03343397 0.01425457 0.01717013 -0.03317868 0.01491588 0.01717013 -0.03317868 0.01491588 0.01717013 -0.03317868 0.01491588 0.01718771 -0.03299629 0.01560103 0.01718771 -0.03299629 0.01560103 0.01718771 -0.03299629 0.01560103 0.01718771 -0.03299629 0.01560103 0.01720041 -0.03288888 0.01630198 0.01720041 -0.03288888 0.01630198 0.01720041 -0.03288888 0.01630198 0.01720041 -0.03288888 0.01630198 0.01720809 -0.03285777 0.01701045 0.01720809 -0.03285777 0.01701045 0.01720809 -0.03285777 0.01701045 0.01720809 -0.03285777 0.01701045 0.01720809 -0.03285777 0.01701045 0.01674795 -0.03897297 0.01041108 0.01674795 -0.03897297 0.01041108 0.01674795 -0.03897297 0.01041108 0.01674795 -0.03897297 0.01041108 0.01670062 -0.03968054 0.01040422 0.01670062 -0.03968054 0.01040422 0.01670062 -0.03968054 0.01040422 0.01670062 -0.03968054 0.01040422 0.01665419 -0.04038476 0.01047414 0.01665419 -0.04038476 0.01047414 0.01665419 -0.04038476 0.01047414 0.01665419 -0.04038476 0.01047414 0.01660913 -0.04107737 0.01061993 0.01660913 -0.04107737 0.01061993 0.01660913 -0.04107737 0.01061993 0.01660913 -0.04107737 0.01061993 0.01656597 -0.04175025 0.01083993 0.01656597 -0.04175025 0.01083993 0.01656597 -0.04175025 0.01083993 0.01652526 -0.04239547 0.01113152 0.01652526 -0.04239547 0.01113152 0.01652526 -0.04239547 0.01113152 0.01648741 -0.04300552 0.01149129 0.01648741 -0.04300552 0.01149129 0.01648741 -0.04300552 0.01149129 0.01648741 -0.04300552 0.01149129 0.01645284 -0.04357314 0.01191502 0.01645284 -0.04357314 0.01191502 0.01645284 -0.04357314 0.01191502 0.01645284 -0.04357314 0.01191502 0.01645284 -0.04357314 0.01191502 0.01642209 -0.04409182 0.01239776 0.01642209 -0.04409182 0.01239776 0.01642209 -0.04409182 0.01239776 0.01639539 -0.04455536 0.01293385 0.01639539 -0.04455536 0.01293385 0.01639539 -0.04455536 0.01293385 0.01637309 -0.04495841 0.01351702 0.01637309 -0.04495841 0.01351702 0.01637309 -0.04495841 0.01351702 0.01635551 -0.04529619 0.01414036 0.01635551 -0.04529619 0.01414036 0.01635551 -0.04529619 0.01414036 0.01635551 -0.04529619 0.01414036 0.01634275 -0.04556477 0.01479667 0.01634275 -0.04556477 0.01479667 0.01634275 -0.04556477 0.01479667 0.01634275 -0.04556477 0.01479667 0.01634275 -0.04556477 0.01479667 0.01633507 -0.04576098 0.01547813 0.01633507 -0.04576098 0.01547813 0.01633507 -0.04576098 0.01547813 0.01633507 -0.04576098 0.01547813 0.01633244 -0.04588252 0.01617687 0.01633244 -0.04588252 0.01617687 0.01633244 -0.04588252 0.01617687 0.01633244 -0.04588252 0.01617687 0.01633244 -0.04588252 0.01617687 0.01633501 -0.045928 0.01688462 0.01633501 -0.045928 0.01688462 0.01633501 -0.045928 0.01688462 0.01633501 -0.045928 0.01688462 0.01633501 -0.045928 0.01688462 0.01674765 -0.04051548 0.02340054 0.01674765 -0.04051548 0.02340054 0.01674765 -0.04051548 0.02340054 0.01670038 -0.04120504 0.02324146 0.01670038 -0.04120504 0.02324146 0.01670038 -0.04120504 0.02324146 0.01670038 -0.04120504 0.02324146 0.01665395 -0.04187327 0.02300858 0.01665395 -0.04187327 0.02300858 0.01665395 -0.04187327 0.02300858 0.01665395 -0.04187327 0.02300858 0.01660889 -0.04251253 0.0227046 0.01660889 -0.04251253 0.0227046 0.01660889 -0.04251253 0.0227046 0.01660889 -0.04251253 0.0227046 0.01656574 -0.04311513 0.02233314 0.01656574 -0.04311513 0.02233314 0.01656574 -0.04311513 0.02233314 0.01656574 -0.04311513 0.02233314 0.01652503 -0.04367411 0.02189856 0.01652503 -0.04367411 0.02189856 0.01652503 -0.04367411 0.02189856 0.01652503 -0.04367411 0.02189856 0.01648718 -0.04418289 0.02140593 0.01648718 -0.04418289 0.02140593 0.01648718 -0.04418289 0.02140593 0.01648718 -0.04418289 0.02140593 0.01645267 -0.04463553 0.02086102 0.01645267 -0.04463553 0.02086102 0.01645267 -0.04463553 0.02086102 0.01645267 -0.04463553 0.02086102 0.01642191 -0.04502671 0.02027022 0.01642191 -0.04502671 0.02027022 0.01642191 -0.04502671 0.02027022 0.01639521 -0.04535186 0.0196405 0.01639521 -0.04535186 0.0196405 0.01639521 -0.04535186 0.0196405 0.01639521 -0.04535186 0.0196405 0.01637297 -0.04560708 0.01897919 0.01637297 -0.04560708 0.01897919 0.01637297 -0.04560708 0.01897919 0.01637297 -0.04560708 0.01897919 0.01635539 -0.04578948 0.01829403 0.01635539 -0.04578948 0.01829403 0.01635539 -0.04578948 0.01829403 0.01635539 -0.04578948 0.01829403 0.01635539 -0.04578948 0.01829403 0.01634269 -0.04589688 0.01759308 0.01634269 -0.04589688 0.01759308 0.01634269 -0.04589688 0.01759308 0.01634269 -0.04589688 0.01759308 0.01634269 -0.04589688 0.01759308 0.01679521 -0.0398128 0.02348399 0.01679521 -0.0398128 0.02348399 0.01679521 -0.0398128 0.02348399 0.01684248 -0.03910517 0.02349084 0.01684248 -0.03910517 0.02349084 0.01684248 -0.03910517 0.02349084 0.01684248 -0.03910517 0.02349084 0.01688891 -0.038401 0.02342092 0.01688891 -0.038401 0.02342092 0.01688891 -0.038401 0.02342092 0.01688891 -0.038401 0.02342092 0.01693397 -0.03770834 0.02327513 0.01693397 -0.03770834 0.02327513 0.01693397 -0.03770834 0.02327513 0.01697713 -0.03703552 0.02305513 0.01697713 -0.03703552 0.02305513 0.01697713 -0.03703552 0.02305513 0.01697713 -0.03703552 0.02305513 0.01701784 -0.0363903 0.02276355 0.01701784 -0.0363903 0.02276355 0.01701784 -0.0363903 0.02276355 0.01701784 -0.0363903 0.02276355 0.01705569 -0.03578025 0.02240377 0.01705569 -0.03578025 0.02240377 0.01705569 -0.03578025 0.02240377 0.01705569 -0.03578025 0.02240377 0.01709026 -0.03521263 0.02198004 0.01709026 -0.03521263 0.02198004 0.01709026 -0.03521263 0.02198004 0.01709026 -0.03521263 0.02198004 0.01712101 -0.03469395 0.0214973 0.01712101 -0.03469395 0.0214973 0.01712101 -0.03469395 0.0214973 0.01712101 -0.03469395 0.0214973 0.01714771 -0.03423041 0.02096122 0.01714771 -0.03423041 0.02096122 0.01714771 -0.03423041 0.02096122 0.01714771 -0.03423041 0.02096122 0.01717001 -0.03382736 0.02037805 0.01717001 -0.03382736 0.02037805 0.01717001 -0.03382736 0.02037805 0.01717001 -0.03382736 0.02037805 0.01717001 -0.03382736 0.02037805 0.01718765 -0.03348958 0.0197547 0.01718765 -0.03348958 0.0197547 0.01718765 -0.03348958 0.0197547 0.01718765 -0.03348958 0.0197547 0.01720035 -0.033221 0.0190984 0.01720035 -0.033221 0.0190984 0.01720035 -0.033221 0.0190984 0.01720035 -0.033221 0.0190984 0.01720035 -0.033221 0.0190984 0.01720035 -0.033221 0.0190984 0.01720803 -0.03302478 0.01841694 0.01720803 -0.03302478 0.01841694 0.01720803 -0.03302478 0.01841694 0.01720803 -0.03302478 0.01841694 0.01721066 -0.03290325 0.01771819 0.01721066 -0.03290325 0.01771819 0.01721066 -0.03290325 0.01771819 0.01721066 -0.03290325 0.01771819 0.01721066 -0.03290325 0.01771819 0.01764041 -0.02969866 0.04504144 0.01764041 -0.02969866 0.04504144 0.01764041 -0.02969866 0.04504144 0.01764041 -0.02969866 0.04504144 0.01764041 -0.02969866 0.04504144 0.01738023 -0.02933472 0.009044229 0.01738023 -0.02933472 0.009044229 0.01738023 -0.02933472 0.009044229 0.01738023 -0.02933472 0.009044229 0.01738023 -0.02933472 0.009044229 0.01738023 -0.02933472 0.009044229 0.01738023 -0.02933472 0.009044229 7.68423e-4 0.005409598 0.05501908 7.68423e-4 0.005409598 0.05501908 7.68423e-4 0.005409598 0.05501908 5.12438e-4 0.005460858 0.05502146 5.12438e-4 0.005460858 0.05502146 5.12438e-4 0.005460858 0.05502146 6.68438e-4 0.003912985 0.05500471 6.68438e-4 0.003912985 0.05500471 6.68438e-4 0.003912985 0.05500471 2.78459e-4 0.00557655 0.05502432 2.78459e-4 0.00557655 0.05502432 2.78459e-4 0.00557655 0.05502432 2.78459e-4 0.00557655 0.05502432 -1.62688e-4 0.006473898 0.0550366 -1.62688e-4 0.006473898 0.0550366 -1.62688e-4 0.006473898 0.0550366 -1.62688e-4 0.006473898 0.0550366 -1.62688e-4 0.006473898 0.0550366 -0.001072525 0.003685891 0.05501496 -0.001072525 0.003685891 0.05501496 -0.001072525 0.003685891 0.05501496 -0.001072525 0.003685891 0.05501496 -5.0385e-4 0.003837585 0.0550124 -5.0385e-4 0.003837585 0.0550124 -5.0385e-4 0.003837585 0.0550124 -5.0385e-4 0.003837585 0.0550124 -5.0385e-4 0.003837585 0.0550124 0.007546603 -0.002023696 0.05489492 0.007546603 -0.002023696 0.05489492 0.007546603 -0.002023696 0.05489492 0.007546603 -0.002023696 0.05489492 0.01074403 -0.002186119 0.05487018 0.01074403 -0.002186119 0.05487018 0.01074403 -0.002186119 0.05487018 0.01074403 -0.002186119 0.05487018 0.007793903 -0.001940071 0.05489403 0.007793903 -0.001940071 0.05489403 0.007793903 -0.001940071 0.05489403 0.006600141 -0.001701176 0.05490505 0.006600141 -0.001701176 0.05490505 0.006600141 -0.001701176 0.05490505 0.006455361 -0.001483917 0.05490827 0.006455361 -0.001483917 0.05490827 0.006455361 -0.001483917 0.05490827 0.004780828 -0.001459777 0.05492061 0.004780828 -0.001459777 0.05492061 0.004780828 -0.001459777 0.05492061 0.004780828 -0.001459777 0.05492061 -0.004043757 3.06305e-4 0.05500227 -0.004043757 3.06305e-4 0.05500227 -0.004043757 3.06305e-4 0.05500227 -0.00571829 3.30467e-4 0.05501461 -0.00571829 3.30467e-4 0.05501461 -0.00571829 3.30467e-4 0.05501461 -0.005634725 8.31831e-5 0.05501151 -0.005634725 8.31831e-5 0.05501151 -0.005634725 8.31831e-5 0.05501151 -0.006938338 -0.001057207 0.05500942 -0.006938338 -0.001057207 0.05500942 -0.006938338 -0.001057207 0.05500942 -0.006938338 -0.001057207 0.05500942 -0.007172286 -9.41513e-4 0.05501228 -0.007172286 -9.41513e-4 0.05501228 -0.007172286 -9.41513e-4 0.05501228 -0.01012897 -7.9345e-4 0.05503517 -0.01012897 -7.9345e-4 0.05503517 -0.01012897 -7.9345e-4 0.05503517 -0.01012897 -7.9345e-4 0.05503517 -3.13545e-5 -0.006563127 0.0549038 -3.13545e-5 -0.006563127 0.0549038 -3.13545e-5 -0.006563127 0.0549038 -3.13545e-5 -0.006563127 0.0549038 0.002353668 -0.00461477 0.0549063 0.002353668 -0.00461477 0.0549063 0.002353668 -0.00461477 0.0549063 0.002353668 -0.00461477 0.0549063 0.002353668 -0.00461477 0.0549063 0.001809597 -0.00483942 0.05490797 0.001809597 -0.00483942 0.05490797 0.001809597 -0.00483942 0.05490797 0.001809597 -0.00483942 0.05490797 0.001240849 -0.004991054 0.05491054 0.001240849 -0.004991054 0.05491054 0.001240849 -0.004991054 0.05491054 6.57239e-4 -0.005067229 0.05491399 6.57239e-4 -0.005067229 0.05491399 6.57239e-4 -0.005067229 0.05491399 6.86099e-5 -0.005066514 0.05491822 6.86099e-5 -0.005066514 0.05491822 6.86099e-5 -0.005066514 0.05491822 -5.14863e-4 -0.004988968 0.05492323 -5.14863e-4 -0.004988968 0.05492323 -5.14863e-4 -0.004988968 0.05492323 -0.001083195 -0.004835963 0.05492889 -0.001083195 -0.004835963 0.05492889 -0.001083195 -0.004835963 0.05492889 -0.001626729 -0.004610121 0.05493509 -0.001626729 -0.004610121 0.05493509 -0.001626729 -0.004610121 0.05493509 -0.002136111 -0.004315197 0.05494177 -0.002136111 -0.004315197 0.05494177 -0.002136111 -0.004315197 0.05494177 -0.002136111 -0.004315197 0.05494177 -1.11437e-4 0.006729841 0.0550388 -1.11437e-4 0.006729841 0.0550388 -1.11437e-4 0.006729841 0.0550388 -1.11437e-4 0.006729841 0.0550388 -1.11437e-4 0.006729841 0.0550388 -1.11437e-4 0.006729841 0.0550388 -0.002126753 0.003167569 0.05501735 -0.002126753 0.003167569 0.05501735 -0.002126753 0.003167569 0.05501735 -0.002126753 0.003167569 0.05501735 -0.001616656 0.003461301 0.05501663 -0.001616656 0.003461301 0.05501663 -0.001616656 0.003461301 0.05501663 4.30435e-6 0.006963849 0.05504035 4.30435e-6 0.006963849 0.05504035 4.30435e-6 0.006963849 0.05504035 4.30435e-6 0.006963849 0.05504035 4.30435e-6 0.006963849 0.05504035 4.30435e-6 0.006963849 0.05504035 -0.003369808 0.001927554 0.05501383 -0.003369808 0.001927554 0.05501383 -0.003369808 0.001927554 0.05501383 -0.003369808 0.001927554 0.05501383 -0.003010928 0.00239408 0.05501592 -0.003010928 0.00239408 0.05501592 -0.003010928 0.00239408 0.05501592 -0.003010928 0.00239408 0.05501592 -0.002594232 0.002809822 0.05501711 -0.002594232 0.002809822 0.05501711 -0.002594232 0.002809822 0.05501711 -0.002594232 0.002809822 0.05501711 -0.002594232 0.002809822 0.05501711 -0.005829453 0.007897734 0.05509197 -0.005829453 0.007897734 0.05509197 -0.005829453 0.007897734 0.05509197 -0.005829453 0.007897734 0.05509197 -0.005829453 0.007897734 0.05509197 -0.00654453 0.007325291 0.05509132 -0.00654453 0.007325291 0.05509132 -0.00654453 0.007325291 0.05509132 -0.00654453 0.007325291 0.05509132 -0.00654906 8.86993e-4 0.05502629 -0.00654906 8.86993e-4 0.05502629 -0.00654906 8.86993e-4 0.05502629 -0.00654906 8.86993e-4 0.05502629 -0.00654906 8.86993e-4 0.05502629 -0.003890693 8.74657e-4 0.05500692 -0.003890693 8.74657e-4 0.05500692 -0.003890693 8.74657e-4 0.05500692 -0.003890693 8.74657e-4 0.05500692 -0.003890693 8.74657e-4 0.05500692 -0.003664791 0.001418173 0.05501079 -0.003664791 0.001418173 0.05501079 -0.003664791 0.001418173 0.05501079 1.7668e-4 0.007159888 0.05504107 1.7668e-4 0.007159888 0.05504107 1.7668e-4 0.007159888 0.05504107 3.93891e-4 0.007304668 0.05504095 3.93891e-4 0.007304668 0.05504095 3.93891e-4 0.007304668 0.05504095 6.41194e-4 0.007388293 0.05504006 6.41194e-4 0.007388293 0.05504006 6.41194e-4 0.007388293 0.05504006 6.41194e-4 0.007388293 0.05504006 9.01695e-4 0.007405042 0.05503833 9.01695e-4 0.007405042 0.05503833 9.01695e-4 0.007405042 0.05503833 9.01695e-4 0.007405042 0.05503833 -0.007207036 0.006692647 0.05508971 -0.007207036 0.006692647 0.05508971 -0.007207036 0.006692647 0.05508971 -0.007811784 0.006004691 0.05508714 -0.007811784 0.006004691 0.05508714 -0.007811784 0.006004691 0.05508714 -0.008354365 0.005266666 0.05508363 -0.008354365 0.005266666 0.05508363 -0.008354365 0.005266666 0.05508363 -0.008830547 0.004484176 0.05507916 -0.008830547 0.004484176 0.05507916 -0.008830547 0.004484176 0.05507916 -0.009236693 0.003663122 0.05507379 -0.009236693 0.003663122 0.05507379 -0.009236693 0.003663122 0.05507379 -0.009569704 0.002809882 0.05506753 -0.009569704 0.002809882 0.05506753 -0.009569704 0.002809882 0.05506753 -0.009827136 0.001930773 0.0550605 -0.009827136 0.001930773 0.0550605 -0.009827136 0.001930773 0.0550605 -0.009827136 0.001930773 0.0550605 -0.006809592 8.70224e-4 0.05502796 -0.006809592 8.70224e-4 0.05502796 -0.006809592 8.70224e-4 0.05502796 -0.006809592 8.70224e-4 0.05502796 -0.006901621 -0.008152604 0.05493742 -0.006901621 -0.008152604 0.05493742 -0.006901621 -0.008152604 0.05493742 -0.006901621 -0.008152604 0.05493742 -0.006901621 -0.008152604 0.05493742 -1.64647e-4 -0.008558571 0.05488461 -1.64647e-4 -0.008558571 0.05488461 -1.64647e-4 -0.008558571 0.05488461 -1.64647e-4 -0.008558571 0.05488461 -4.20632e-4 -0.00850737 0.05488699 -4.20632e-4 -0.00850737 0.05488699 -4.20632e-4 -0.00850737 0.05488699 -4.20632e-4 -0.00850737 0.05488699 -6.54611e-4 -0.008391618 0.05488985 -6.54611e-4 -0.008391618 0.05488985 -6.54611e-4 -0.008391618 0.05488985 -6.54611e-4 -0.008391618 0.05488985 -8.50663e-4 -0.008219242 0.05489301 -8.50663e-4 -0.008219242 0.05489301 -8.50663e-4 -0.008219242 0.05489301 -8.50663e-4 -0.008219242 0.05489301 -8.50663e-4 -0.008219242 0.05489301 -0.006682336 -0.001108467 0.05500704 -0.006682336 -0.001108467 0.05500704 -0.006682336 -0.001108467 0.05500704 -0.006682336 -0.001108467 0.05500704 -0.006682336 -0.001108467 0.05500704 -0.006682336 -0.001108467 0.05500704 -0.006682336 -0.001108467 0.05500704 -0.007534205 -0.007490217 0.05494868 -0.007534205 -0.007490217 0.05494868 -0.007534205 -0.007490217 0.05494868 0.01080721 5.54024e-4 0.05489742 0.01080721 5.54024e-4 0.05489742 0.01080721 5.54024e-4 0.05489742 0.01080721 5.54024e-4 0.05489742 0.01080721 5.54024e-4 0.05489742 0.01080721 5.54024e-4 0.05489742 0.01066905 0.001459479 0.05490761 0.01066905 0.001459479 0.05490761 0.01066905 0.001459479 0.05490761 0.01045244 0.002349436 0.05491816 0.01045244 0.002349436 0.05491816 0.01045244 0.002349436 0.05491816 0.01045244 0.002349436 0.05491816 0.01015907 0.003217101 0.05492907 0.01015907 0.003217101 0.05492907 0.01015907 0.003217101 0.05492907 0.01015907 0.003217101 0.05492907 0.009791195 0.004055917 0.05494016 0.009791195 0.004055917 0.05494016 0.009791195 0.004055917 0.05494016 0.00935167 0.004859507 0.05495148 0.00935167 0.004859507 0.05495148 0.00935167 0.004859507 0.05495148 0.00935167 0.004859507 0.05495148 0.008843719 0.005621671 0.05496287 0.008843719 0.005621671 0.05496287 0.008843719 0.005621671 0.05496287 0.008843719 0.005621671 0.05496287 0.008271276 0.006336688 0.05497425 0.008271276 0.006336688 0.05497425 0.008271276 0.006336688 0.05497425 0.007419407 -4.50366e-5 0.05491584 0.007419407 -4.50366e-5 0.05491584 0.007419407 -4.50366e-5 0.05491584 0.007419407 -4.50366e-5 0.05491584 0.007675349 -9.62679e-5 0.05491352 0.007675349 -9.62679e-5 0.05491352 0.007675349 -9.62679e-5 0.05491352 0.007675349 -9.62679e-5 0.05491352 0.007909357 -2.11991e-4 0.05491065 0.007909357 -2.11991e-4 0.05491065 0.007909357 -2.11991e-4 0.05491065 0.007909357 -2.11991e-4 0.05491065 0.01086598 -3.60054e-4 0.05488777 0.01086598 -3.60054e-4 0.05488777 0.01086598 -3.60054e-4 0.05488777 0.007638692 0.006999135 0.05498552 0.007638692 0.006999135 0.05498552 0.007638692 0.006999135 0.05498552 0.007638692 0.006999135 0.05498552 0.007638692 0.006999135 0.05498552 0.001068294 0.009899377 0.05506235 0.001068294 0.009899377 0.05506235 0.001068294 0.009899377 0.05506235 0.001068294 0.009899377 0.05506235 0.001157641 0.007353842 0.05503594 0.001157641 0.007353842 0.05503594 0.001157641 0.007353842 0.05503594 0.001157641 0.007353842 0.05503594 0.001391649 0.00723809 0.05503308 0.001391649 0.00723809 0.05503308 0.001391649 0.00723809 0.05503308 0.001391649 0.00723809 0.05503308 0.001587688 0.007065773 0.05502992 0.001587688 0.007065773 0.05502992 0.001587688 0.007065773 0.05502992 0.001587688 0.007065773 0.05502992 0.001732468 0.006848514 0.05502671 0.001732468 0.006848514 0.05502671 0.001732468 0.006848514 0.05502671 0.001816034 0.006601274 0.05502355 0.001816034 0.006601274 0.05502355 0.001816034 0.006601274 0.05502355 0.001832783 0.006340742 0.0550208 0.001832783 0.006340742 0.0550208 0.001832783 0.006340742 0.0550208 0.001832783 0.006340742 0.0550208 0.001832783 0.006340742 0.0550208 0.001820266 0.003682494 0.05499404 0.001820266 0.003682494 0.05499404 0.001820266 0.003682494 0.05499404 0.001820266 0.003682494 0.05499404 0.001820266 0.003682494 0.05499404 0.002363801 0.003456592 0.05498784 0.002363801 0.003456592 0.05498784 0.002363801 0.003456592 0.05498784 0.002873182 0.003161728 0.05498117 0.002873182 0.003161728 0.05498117 0.002873182 0.003161728 0.05498117 0.002873182 0.003161728 0.05498117 0.003339707 0.002802848 0.05497413 0.003339707 0.002802848 0.05497413 0.003339707 0.002802848 0.05497413 0.00375539 0.002386152 0.05496692 0.00375539 0.002386152 0.05496692 0.00375539 0.002386152 0.05496692 0.004113137 0.001918792 0.05495965 0.004113137 0.001918792 0.05495965 0.004113137 0.001918792 0.05495965 0.004113137 0.001918792 0.05495965 0.004406809 0.001408696 0.05495232 0.004406809 0.001408696 0.05495232 0.004406809 0.001408696 0.05495232 0.004406809 0.001408696 0.05495232 0.00463134 8.64639e-4 0.05494523 0.00463134 8.64639e-4 0.05494523 0.00463134 8.64639e-4 0.05494523 0.004783034 2.95929e-4 0.05493837 0.004783034 2.95929e-4 0.05493837 0.004783034 2.95929e-4 0.05493837 0.004783034 2.95929e-4 0.05493837 0.001781523 0.006084799 0.0550186 0.001781523 0.006084799 0.0550186 0.001781523 0.006084799 0.0550186 0.001781523 0.006084799 0.0550186 0.001665771 0.005850791 0.05501705 0.001665771 0.005850791 0.05501705 0.001665771 0.005850791 0.05501705 0.001665771 0.005850791 0.05501705 0.001493394 0.005654752 0.05501633 0.001493394 0.005654752 0.05501633 0.001493394 0.005654752 0.05501633 0.001493394 0.005654752 0.05501633 0.006566524 -0.009051263 0.05483096 0.006566524 -0.009051263 0.05483096 0.006566524 -0.009051263 0.05483096 0.006566524 -0.009051263 0.05483096 0.007281601 -0.00847876 0.05483162 0.007281601 -0.00847876 0.05483162 0.007281601 -0.00847876 0.05483162 0.007286131 -0.002040445 0.05489665 0.007286131 -0.002040445 0.05489665 0.007286131 -0.002040445 0.05489665 0.007286131 -0.002040445 0.05489665 0.007286131 -0.002040445 0.05489665 0.007286131 -0.002040445 0.05489665 0.007286131 -0.002040445 0.05489665 5.60389e-4 -0.008313417 0.05488187 5.60389e-4 -0.008313417 0.05488187 5.60389e-4 -0.008313417 0.05488187 5.60389e-4 -0.008313417 0.05488187 3.43156e-4 -0.008458197 0.05488193 3.43156e-4 -0.008458197 0.05488193 3.43156e-4 -0.008458197 0.05488193 9.58542e-5 -0.008541822 0.05488288 9.58542e-5 -0.008541822 0.05488288 9.58542e-5 -0.008541822 0.05488288 9.58542e-5 -0.008541822 0.05488288 0.007944047 -0.007846176 0.05483317 0.007944047 -0.007846176 0.05483317 0.007944047 -0.007846176 0.05483317 0.008548855 -0.007158219 0.05483579 0.008548855 -0.007158219 0.05483579 0.008548855 -0.007158219 0.05483579 0.009091436 -0.006420195 0.05483931 0.009091436 -0.006420195 0.05483931 0.009091436 -0.006420195 0.05483931 0.009567558 -0.005637645 0.05484378 0.009567558 -0.005637645 0.05484378 0.009567558 -0.005637645 0.05484378 0.009973764 -0.004816651 0.05484914 0.009973764 -0.004816651 0.05484914 0.009973764 -0.004816651 0.05484914 0.01030677 -0.003963351 0.0548554 0.01030677 -0.003963351 0.0548554 0.01030677 -0.003963351 0.0548554 0.0105642 -0.003084301 0.05486243 0.0105642 -0.003084301 0.05486243 0.0105642 -0.003084301 0.05486243 0.01084488 -0.001275718 0.05487865 0.01084488 -0.001275718 0.05487865 0.01084488 -0.001275718 0.05487865 0.008350491 -0.001109302 0.05489838 0.008350491 -0.001109302 0.05489838 0.008350491 -0.001109302 0.05489838 0.008299291 -0.001365244 0.05489617 0.008299291 -0.001365244 0.05489617 0.008299291 -0.001365244 0.05489617 0.008183479 -0.001599252 0.05489462 0.008183479 -0.001599252 0.05489462 0.008183479 -0.001599252 0.05489462 0.008011162 -0.001795291 0.05489391 0.008011162 -0.001795291 0.05489391 0.008011162 -0.001795291 0.05489391 0.008105397 -3.84331e-4 0.0549075 0.008105397 -3.84331e-4 0.0549075 0.008105397 -3.84331e-4 0.0549075 0.008250176 -6.01555e-4 0.05490422 0.008250176 -6.01555e-4 0.05490422 0.008250176 -6.01555e-4 0.05490422 0.008333742 -8.48847e-4 0.05490112 0.008333742 -8.48847e-4 0.05490112 0.008333742 -8.48847e-4 0.05490112 0.008333742 -8.48847e-4 0.05490112 -0.006213665 -0.008757352 0.05492633 -0.006213665 -0.008757352 0.05492633 -0.006213665 -0.008757352 0.05492633 -0.005475699 -0.009299874 0.05491548 -0.005475699 -0.009299874 0.05491548 -0.005475699 -0.009299874 0.05491548 -0.00469321 -0.009775936 0.05490505 -0.00469321 -0.009775936 0.05490505 -0.00469321 -0.009775936 0.05490505 -0.003872156 -0.01018202 0.05489498 -0.003872156 -0.01018202 0.05489498 -0.003872156 -0.01018202 0.05489498 -0.003018915 -0.01051503 0.05488544 -0.003018915 -0.01051503 0.05488544 -0.003018915 -0.01051503 0.05488544 -0.002139806 -0.01077234 0.0548765 -0.002139806 -0.01077234 0.0548765 -0.002139806 -0.01077234 0.0548765 -0.001241683 -0.01095211 0.05486822 -0.001241683 -0.01095211 0.05486822 -0.001241683 -0.01095211 0.05486822 -3.31268e-4 -0.0110529 0.05486059 -3.31268e-4 -0.0110529 0.05486059 -3.31268e-4 -0.0110529 0.05486059 5.84478e-4 -0.01107394 0.05485373 5.84478e-4 -0.01107394 0.05485373 5.84478e-4 -0.01107394 0.05485373 0.00149852 -0.01101511 0.05484777 0.00149852 -0.01101511 0.05484777 0.00149852 -0.01101511 0.05484777 0.002404034 -0.01087689 0.05484259 0.002404034 -0.01087689 0.05484259 0.002404034 -0.01087689 0.05484259 0.00329405 -0.01066017 0.05483835 0.00329405 -0.01066017 0.05483835 0.00329405 -0.01066017 0.05483835 0.004161775 -0.01036679 0.05483508 0.004161775 -0.01036679 0.05483508 0.004161775 -0.01036679 0.05483508 0.00500065 -0.009998857 0.05483269 0.00500065 -0.009998857 0.05483269 0.00500065 -0.009998857 0.05483269 0.00500065 -0.009998857 0.05483269 0.00580424 -0.009559273 0.05483132 0.00580424 -0.009559273 0.05483132 0.00580424 -0.009559273 0.05483132 0.007030129 -0.001989245 0.05489903 0.007030129 -0.001989245 0.05489903 0.007030129 -0.001989245 0.05489903 0.007030129 -0.001989245 0.05489903 0.004627764 -0.002028107 0.05491602 0.004627764 -0.002028107 0.05491602 0.004627764 -0.002028107 0.05491602 0.004627764 -0.002028107 0.05491602 0.004401803 -0.002571642 0.05491214 0.004401803 -0.002571642 0.05491214 0.004401803 -0.002571642 0.05491214 0.004106879 -0.003081083 0.05490911 0.004106879 -0.003081083 0.05490911 0.004106879 -0.003081083 0.05490911 0.004106879 -0.003081083 0.05490911 0.003747999 -0.003547608 0.05490702 0.003747999 -0.003547608 0.05490702 0.003747999 -0.003547608 0.05490702 0.003331243 -0.003963291 0.05490583 0.003331243 -0.003963291 0.05490583 0.003331243 -0.003963291 0.05490583 0.003331243 -0.003963291 0.05490583 0.002863824 -0.004321098 0.05490559 0.002863824 -0.004321098 0.05490559 0.002863824 -0.004321098 0.05490559 0.002863824 -0.004321098 0.05490559 2.2461e-4 -0.006614327 0.05490148 2.2461e-4 -0.006614327 0.05490148 2.2461e-4 -0.006614327 0.05490148 4.58589e-4 -0.006730079 0.05489861 4.58589e-4 -0.006730079 0.05489861 4.58589e-4 -0.006730079 0.05489861 4.58589e-4 -0.006730079 0.05489861 6.5464e-4 -0.006902396 0.05489546 6.5464e-4 -0.006902396 0.05489546 6.5464e-4 -0.006902396 0.05489546 6.5464e-4 -0.006902396 0.05489546 7.994e-4 -0.007119655 0.05489218 7.994e-4 -0.007119655 0.05489218 7.994e-4 -0.007119655 0.05489218 8.82989e-4 -0.007366895 0.05488908 8.82989e-4 -0.007366895 0.05488908 8.82989e-4 -0.007366895 0.05488908 8.82989e-4 -0.007366895 0.05488908 8.99736e-4 -0.007627427 0.05488634 8.99736e-4 -0.007627427 0.05488634 8.99736e-4 -0.007627427 0.05488634 8.99736e-4 -0.007627427 0.05488634 8.48506e-4 -0.007883369 0.05488413 8.48506e-4 -0.007883369 0.05488413 8.48506e-4 -0.007883369 0.05488413 8.48506e-4 -0.007883369 0.05488413 7.32743e-4 -0.008117377 0.05488258 7.32743e-4 -0.008117377 0.05488258 7.32743e-4 -0.008117377 0.05488258 7.32743e-4 -0.008117377 0.05488258 0.004859089 -2.87735e-4 0.05493193 0.004859089 -2.87735e-4 0.05493193 0.004859089 -2.87735e-4 0.05493193 0.006521999 -4.86245e-4 0.05491787 0.006521999 -4.86245e-4 0.05491787 0.006521999 -4.86245e-4 0.05491787 0.006694376 -2.90184e-4 0.05491864 0.006694376 -2.90184e-4 0.05491864 0.006694376 -2.90184e-4 0.05491864 0.006911575 -1.45417e-4 0.05491852 0.006911575 -1.45417e-4 0.05491852 0.006911575 -1.45417e-4 0.05491852 0.007158875 -6.17983e-5 0.05491757 0.007158875 -6.17983e-5 0.05491757 0.007158875 -6.17983e-5 0.05491757 0.007158875 -6.17983e-5 0.05491757 0.007158875 -6.17983e-5 0.05491757 0.006950736 0.007603883 0.0549966 0.006950736 0.007603883 0.0549966 0.006950736 0.007603883 0.0549966 0.006212711 0.008146345 0.05500739 0.006212711 0.008146345 0.05500739 0.006212711 0.008146345 0.05500739 0.005430221 0.008622407 0.05501788 0.005430221 0.008622407 0.05501788 0.005430221 0.008622407 0.05501788 0.004609227 0.009028553 0.0550279 0.004609227 0.009028553 0.0550279 0.004609227 0.009028553 0.0550279 0.003755927 0.009361505 0.05503743 0.003755927 0.009361505 0.05503743 0.003755927 0.009361505 0.05503743 0.002876877 0.009618878 0.05504643 0.002876877 0.009618878 0.05504643 0.002876877 0.009618878 0.05504643 0.001978695 0.009798586 0.05505472 0.001978695 0.009798586 0.05505472 0.001978695 0.009798586 0.05505472 0.001978695 0.009798586 0.05505472 -9.95402e-4 -0.008002042 0.05489623 -9.95402e-4 -0.008002042 0.05489623 -9.95402e-4 -0.008002042 0.05489623 -9.95402e-4 -0.008002042 0.05489623 -9.95402e-4 -0.008002042 0.05489623 -0.001078963 -0.007754743 0.05489933 -0.001078963 -0.007754743 0.05489933 -0.001078963 -0.007754743 0.05489933 -0.001078963 -0.007754743 0.05489933 -0.001095712 -0.00749427 0.05490213 -0.001095712 -0.00749427 0.05490213 -0.001095712 -0.00749427 0.05490213 -0.001044452 -0.007238328 0.05490434 -0.001044452 -0.007238328 0.05490434 -0.001044452 -0.007238328 0.05490434 -9.28766e-4 -0.00700432 0.05490583 -9.28766e-4 -0.00700432 0.05490583 -9.28766e-4 -0.00700432 0.05490583 -7.56391e-4 -0.00680828 0.0549066 -7.56391e-4 -0.00680828 0.0549066 -7.56391e-4 -0.00680828 0.0549066 -5.39158e-4 -0.006663501 0.05490648 -5.39158e-4 -0.006663501 0.05490648 -5.39158e-4 -0.006663501 0.05490648 -5.39158e-4 -0.006663501 0.05490648 -2.91877e-4 -0.006579875 0.05490553 -2.91877e-4 -0.006579875 0.05490553 -2.91877e-4 -0.006579875 0.05490553 -0.002602636 -0.003956317 0.05494874 -0.002602636 -0.003956317 0.05494874 -0.002602636 -0.003956317 0.05494874 -0.002602636 -0.003956317 0.05494874 -0.003018319 -0.003539621 0.05495595 -0.003018319 -0.003539621 0.05495595 -0.003018319 -0.003539621 0.05495595 -0.003376066 -0.003072261 0.05496329 -0.003376066 -0.003072261 0.05496329 -0.003376066 -0.003072261 0.05496329 -0.003669738 -0.002562165 0.05497056 -0.003669738 -0.002562165 0.05497056 -0.003669738 -0.002562165 0.05497056 -0.003894329 -0.002018094 0.05497771 -0.003894329 -0.002018094 0.05497771 -0.003894329 -0.002018094 0.05497771 -0.004045963 -0.001449406 0.05498456 -0.004045963 -0.001449406 0.05498456 -0.004045963 -0.001449406 0.05498456 -0.004045963 -0.001449406 0.05498456 -0.006421804 -0.001091659 0.05500531 -0.006421804 -0.001091659 0.05500531 -0.006421804 -0.001091659 0.05500531 -0.006421804 -0.001091659 0.05500531 -0.006293058 8.35754e-4 0.0550239 -0.006293058 8.35754e-4 0.0550239 -0.006293058 8.35754e-4 0.0550239 -0.006293058 8.35754e-4 0.0550239 -0.00605911 7.20024e-4 0.05502104 -0.00605911 7.20024e-4 0.05502104 -0.00605911 7.20024e-4 0.05502104 -0.00605911 7.20024e-4 0.05502104 -0.00586307 5.47691e-4 0.05501788 -0.00586307 5.47691e-4 0.05501788 -0.00586307 5.47691e-4 0.05501788 1.52591e-4 0.009920418 0.05506914 1.52591e-4 0.009920418 0.05506914 1.52591e-4 0.009920418 0.05506914 1.52591e-4 0.009920418 0.05506914 -7.61505e-4 0.009861588 0.05507516 -7.61505e-4 0.009861588 0.05507516 -7.61505e-4 0.009861588 0.05507516 -0.001666963 0.009723365 0.05508029 -0.001666963 0.009723365 0.05508029 -0.001666963 0.009723365 0.05508029 -0.001666963 0.009723365 0.05508029 -0.002556979 0.009506702 0.05508458 -0.002556979 0.009506702 0.05508458 -0.002556979 0.009506702 0.05508458 -0.002556979 0.009506702 0.05508458 -0.002556979 0.009506702 0.05508458 -0.003424704 0.009213268 0.05508786 -0.003424704 0.009213268 0.05508786 -0.003424704 0.009213268 0.05508786 -0.003424704 0.009213268 0.05508786 -0.004263579 0.008845388 0.05509018 -0.004263579 0.008845388 0.05509018 -0.004263579 0.008845388 0.05509018 -0.005067229 0.008405745 0.05509155 -0.005067229 0.008405745 0.05509155 -0.005067229 0.008405745 0.05509155 -0.0100702 -0.001707494 0.05502545 -0.0100702 -0.001707494 0.05502545 -0.0100702 -0.001707494 0.05502545 -0.009931981 -0.002612948 0.05501532 -0.009931981 -0.002612948 0.05501532 -0.009931981 -0.002612948 0.05501532 -0.009715378 -0.003502905 0.05500477 -0.009715378 -0.003502905 0.05500477 -0.009715378 -0.003502905 0.05500477 -0.009422004 -0.004370629 0.05499386 -0.009422004 -0.004370629 0.05499386 -0.009422004 -0.004370629 0.05499386 -0.009054124 -0.005209445 0.05498272 -0.009054124 -0.005209445 0.05498272 -0.009054124 -0.005209445 0.05498272 -0.008614599 -0.006013035 0.05497145 -0.008614599 -0.006013035 0.05497145 -0.008614599 -0.006013035 0.05497145 -0.008106648 -0.0067752 0.05496007 -0.008106648 -0.0067752 0.05496007 -0.008106648 -0.0067752 0.05496007 -0.01010781 1.22268e-4 0.05504423 -0.01010781 1.22268e-4 0.05504423 -0.01010781 1.22268e-4 0.05504423 -0.007368326 -7.69173e-4 0.05501544 -0.007368326 -7.69173e-4 0.05501544 -0.007368326 -7.69173e-4 0.05501544 -0.007513105 -5.51956e-4 0.05501866 -0.007513105 -5.51956e-4 0.05501866 -0.007513105 -5.51956e-4 0.05501866 -0.007596671 -3.04673e-4 0.05502176 -0.007596671 -3.04673e-4 0.05502176 -0.007596671 -3.04673e-4 0.05502176 -0.00761348 -4.41668e-5 0.05502456 -0.00761348 -4.41668e-5 0.05502456 -0.00761348 -4.41668e-5 0.05502456 -0.00756222 2.11799e-4 0.05502676 -0.00756222 2.11799e-4 0.05502676 -0.00756222 2.11799e-4 0.05502676 -0.01000696 0.00103265 0.05505269 -0.01000696 0.00103265 0.05505269 -0.01000696 0.00103265 0.05505269 -0.01000696 0.00103265 0.05505269 -0.007446467 4.45778e-4 0.05502831 -0.007446467 4.45778e-4 0.05502831 -0.007446467 4.45778e-4 0.05502831 -0.007274091 6.41838e-4 0.05502903 -0.007274091 6.41838e-4 0.05502903 -0.007274091 6.41838e-4 0.05502903 -0.007274091 6.41838e-4 0.05502903 -0.007056891 7.86606e-4 0.05502891 -0.007056891 7.86606e-4 0.05502891 -0.007056891 7.86606e-4 0.05502891 -0.007056891 7.86606e-4 0.05502891 7.98294e-5 0.0039137 0.05500894 7.98294e-5 0.0039137 0.05500894 7.98294e-5 0.0039137 0.05500894 7.98294e-5 0.0039137 0.05500894 7.98294e-5 0.0039137 0.05500894 8.2428e-5 0.005748927 0.05502748 8.2428e-5 0.005748927 0.05502748 8.2428e-5 0.005748927 0.05502748 8.2428e-5 0.005748927 0.05502748 -6.23524e-5 0.005966126 0.0550307 -6.23524e-5 0.005966126 0.0550307 -6.23524e-5 0.005966126 0.0550307 -6.23524e-5 0.005966126 0.0550307 -1.45941e-4 0.006213426 0.05503386 -1.45941e-4 0.006213426 0.05503386 -1.45941e-4 0.006213426 0.05503386 -1.45941e-4 0.006213426 0.05503386 0.001251876 0.003835499 0.0549997 0.001251876 0.003835499 0.0549997 0.001251876 0.003835499 0.0549997 0.001276195 0.005509972 0.05501645 0.001276195 0.005509972 0.05501645 0.001276195 0.005509972 0.05501645 0.001276195 0.005509972 0.05501645 0.001028895 0.005426347 0.05501741 0.001028895 0.005426347 0.05501741 0.001028895 0.005426347 0.05501741 0.006796181 -0.001873493 0.05490189 0.006796181 -0.001873493 0.05490189 0.006796181 -0.001873493 0.05490189 0.006796181 -0.001873493 0.05490189 0.004858374 -8.76328e-4 0.05492597 0.004858374 -8.76328e-4 0.05492597 0.004858374 -8.76328e-4 0.05492597 0.006371736 -0.001236677 0.05491137 0.006371736 -0.001236677 0.05491137 0.006371736 -0.001236677 0.05491137 0.006371736 -0.001236677 0.05491137 0.006354987 -9.76189e-4 0.05491417 0.006354987 -9.76189e-4 0.05491417 0.006354987 -9.76189e-4 0.05491417 0.006406247 -7.20238e-4 0.05491638 0.006406247 -7.20238e-4 0.05491638 0.006406247 -7.20238e-4 0.05491638 -0.006174564 -0.001008033 0.05500441 -0.006174564 -0.001008033 0.05500441 -0.006174564 -0.001008033 0.05500441 -0.006174564 -0.001008033 0.05500441 -0.004122078 -8.65769e-4 0.054991 -0.004122078 -8.65769e-4 0.054991 -0.004122078 -8.65769e-4 0.054991 -0.004122078 -8.65769e-4 0.054991 -0.005957305 -8.63312e-4 0.05500429 -0.005957305 -8.63312e-4 0.05500429 -0.005957305 -8.63312e-4 0.05500429 -0.005957305 -8.63312e-4 0.05500429 -0.004121303 -2.77169e-4 0.05499696 -0.004121303 -2.77169e-4 0.05499696 -0.004121303 -2.77169e-4 0.05499696 -0.005669176 -4.33274e-4 0.05500656 -0.005669176 -4.33274e-4 0.05500656 -0.005669176 -4.33274e-4 0.05500656 -0.005784928 -6.6726e-4 0.05500501 -0.005784928 -6.6726e-4 0.05500501 -0.005784928 -6.6726e-4 0.05500501 -0.005617976 -1.77315e-4 0.05500876 -0.005617976 -1.77315e-4 0.05500876 -0.005617976 -1.77315e-4 0.05500876 -0.005617976 -1.77315e-4 0.05500876 -0.006457924 -0.032678 0.001182079 -0.006457924 -0.032678 0.001182079 -0.006457924 -0.032678 0.001182079 -0.006479918 -0.03301137 0.00121653 -0.006479918 -0.03301137 0.00121653 -0.006479918 -0.03301137 0.00121653 -0.006479918 -0.03301137 0.00121653 -0.006479918 -0.03301137 0.00121653 -0.006500244 -0.03332889 0.001324415 -0.006500244 -0.03332889 0.001324415 -0.006500244 -0.03332889 0.001324415 -0.006500244 -0.03332889 0.001324415 -0.006500244 -0.03332889 0.001324415 -0.006500244 -0.03332889 0.001324415 -0.006517946 -0.03361439 0.001500368 -0.006517946 -0.03361439 0.001500368 -0.006517946 -0.03361439 0.001500368 -0.006517946 -0.03361439 0.001500368 -0.006532013 -0.03385382 0.001735568 -0.006532013 -0.03385382 0.001735568 -0.006532013 -0.03385382 0.001735568 -0.006532013 -0.03385382 0.001735568 -0.006532013 -0.03385382 0.001735568 -0.006541907 -0.03403496 0.002018213 -0.006541907 -0.03403496 0.002018213 -0.006541907 -0.03403496 0.002018213 -0.006541907 -0.03403496 0.002018213 -0.006541907 -0.03403496 0.002018213 -0.006546974 -0.03414887 0.002334177 -0.006546974 -0.03414887 0.002334177 -0.006546974 -0.03414887 0.002334177 -0.006547093 -0.03418976 0.002667605 -0.006547093 -0.03418976 0.002667605 -0.006547093 -0.03418976 0.002667605 -0.006435394 -0.03234535 0.001222908 -0.006435394 -0.03234535 0.001222908 -0.006435394 -0.03234535 0.001222908 -0.006435394 -0.03234535 0.001222908 -0.006413519 -0.03203016 0.001336872 -0.006413519 -0.03203016 0.001336872 -0.006413519 -0.03203016 0.001336872 -0.006413519 -0.03203016 0.001336872 -0.006413519 -0.03203016 0.001336872 -0.006393253 -0.03174817 0.001518309 -0.006393253 -0.03174817 0.001518309 -0.006393253 -0.03174817 0.001518309 -0.006393253 -0.03174817 0.001518309 -0.006393253 -0.03174817 0.001518309 -0.006393253 -0.03174817 0.001518309 -0.00637567 -0.03151363 0.001758098 -0.00637567 -0.03151363 0.001758098 -0.00637567 -0.03151363 0.001758098 -0.00637567 -0.03151363 0.001758098 -0.006361722 -0.03133821 0.0020442 -0.006361722 -0.03133821 0.0020442 -0.006361722 -0.03133821 0.0020442 -0.006361722 -0.03133821 0.0020442 -0.006352066 -0.03123074 0.002362251 -0.006352066 -0.03123074 0.002362251 -0.006352066 -0.03123074 0.002362251 -0.006352066 -0.03123074 0.002362251 -0.006352066 -0.03123074 0.002362251 -0.006347119 -0.03119653 0.002696394 -0.006347119 -0.03119653 0.002696394 -0.006347119 -0.03119653 0.002696394 -0.006436288 -0.03270828 0.004181861 -0.006436288 -0.03270828 0.004181861 -0.006436288 -0.03270828 0.004181861 -0.006414294 -0.03237491 0.004147469 -0.006414294 -0.03237491 0.004147469 -0.006414294 -0.03237491 0.004147469 -0.006414294 -0.03237491 0.004147469 -0.006414294 -0.03237491 0.004147469 -0.006393969 -0.03205746 0.004039585 -0.006393969 -0.03205746 0.004039585 -0.006393969 -0.03205746 0.004039585 -0.006393969 -0.03205746 0.004039585 -0.006393969 -0.03205746 0.004039585 -0.006376266 -0.03177189 0.003863632 -0.006376266 -0.03177189 0.003863632 -0.006376266 -0.03177189 0.003863632 -0.006376266 -0.03177189 0.003863632 -0.006362199 -0.03153252 0.003628432 -0.006362199 -0.03153252 0.003628432 -0.006362199 -0.03153252 0.003628432 -0.006362199 -0.03153252 0.003628432 -0.006362199 -0.03153252 0.003628432 -0.006352305 -0.03135138 0.003345727 -0.006352305 -0.03135138 0.003345727 -0.006352305 -0.03135138 0.003345727 -0.006352305 -0.03135138 0.003345727 -0.006347239 -0.03123748 0.003029763 -0.006347239 -0.03123748 0.003029763 -0.006347239 -0.03123748 0.003029763 -0.006458818 -0.03304094 0.004141032 -0.006458818 -0.03304094 0.004141032 -0.006458818 -0.03304094 0.004141032 -0.006458818 -0.03304094 0.004141032 -0.006480693 -0.03335618 0.004027068 -0.006480693 -0.03335618 0.004027068 -0.006480693 -0.03335618 0.004027068 -0.006480693 -0.03335618 0.004027068 -0.006480693 -0.03335618 0.004027068 -0.006500959 -0.03363811 0.003845691 -0.006500959 -0.03363811 0.003845691 -0.006500959 -0.03363811 0.003845691 -0.006500959 -0.03363811 0.003845691 -0.006500959 -0.03363811 0.003845691 -0.006518483 -0.03387272 0.003605902 -0.006518483 -0.03387272 0.003605902 -0.006518483 -0.03387272 0.003605902 -0.006518483 -0.03387272 0.003605902 -0.006518483 -0.03387272 0.003605902 -0.006518483 -0.03387272 0.003605902 -0.00653249 -0.03404808 0.003319799 -0.00653249 -0.03404808 0.003319799 -0.00653249 -0.03404808 0.003319799 -0.00653249 -0.03404808 0.003319799 -0.00653249 -0.03404808 0.003319799 -0.00653249 -0.03404808 0.003319799 -0.006542146 -0.0341556 0.003001689 -0.006542146 -0.0341556 0.003001689 -0.006542146 -0.0341556 0.003001689 -0.006542146 -0.0341556 0.003001689 -0.007102727 -0.04268562 0.004085779 -0.007102727 -0.04268562 0.004085779 -0.007102727 -0.04268562 0.004085779 -0.007080793 -0.04235225 0.004051387 -0.007080793 -0.04235225 0.004051387 -0.007080793 -0.04235225 0.004051387 -0.007080793 -0.04235225 0.004051387 -0.007080793 -0.04235225 0.004051387 -0.007060408 -0.0420348 0.003943502 -0.007060408 -0.0420348 0.003943502 -0.007060408 -0.0420348 0.003943502 -0.007060408 -0.0420348 0.003943502 -0.007060408 -0.0420348 0.003943502 -0.007042765 -0.04174923 0.003767549 -0.007042765 -0.04174923 0.003767549 -0.007042765 -0.04174923 0.003767549 -0.007042765 -0.04174923 0.003767549 -0.007042765 -0.04174923 0.003767549 -0.007028639 -0.04150986 0.00353235 -0.007028639 -0.04150986 0.00353235 -0.007028639 -0.04150986 0.00353235 -0.007028639 -0.04150986 0.00353235 -0.007018804 -0.04132866 0.003249704 -0.007018804 -0.04132866 0.003249704 -0.007018804 -0.04132866 0.003249704 -0.007013678 -0.04121476 0.00293374 -0.007013678 -0.04121476 0.00293374 -0.007013678 -0.04121476 0.00293374 -0.007013678 -0.04121476 0.00293374 -0.007013618 -0.04117387 0.002600312 -0.007013618 -0.04117387 0.002600312 -0.007013618 -0.04117387 0.002600312 -0.007125258 -0.04301828 0.004045009 -0.007125258 -0.04301828 0.004045009 -0.007125258 -0.04301828 0.004045009 -0.007125258 -0.04301828 0.004045009 -0.007147192 -0.04333347 0.003930985 -0.007147192 -0.04333347 0.003930985 -0.007147192 -0.04333347 0.003930985 -0.007147192 -0.04333347 0.003930985 -0.007167458 -0.0436154 0.003749608 -0.007167458 -0.0436154 0.003749608 -0.007167458 -0.0436154 0.003749608 -0.007167458 -0.0436154 0.003749608 -0.007184982 -0.04385 0.003509819 -0.007184982 -0.04385 0.003509819 -0.007184982 -0.04385 0.003509819 -0.007184982 -0.04385 0.003509819 -0.007198929 -0.04402542 0.003223717 -0.007198929 -0.04402542 0.003223717 -0.007198929 -0.04402542 0.003223717 -0.007208645 -0.04413288 0.002905607 -0.007208645 -0.04413288 0.002905607 -0.007208645 -0.04413288 0.002905607 -0.007213532 -0.04416704 0.002571523 -0.007213532 -0.04416704 0.002571523 -0.007213532 -0.04416704 0.002571523 -0.007213532 -0.04416704 0.002571523 -0.007124423 -0.04265528 0.001086056 -0.007124423 -0.04265528 0.001086056 -0.007124423 -0.04265528 0.001086056 -0.007146418 -0.04298871 0.001120448 -0.007146418 -0.04298871 0.001120448 -0.007146418 -0.04298871 0.001120448 -0.007146418 -0.04298871 0.001120448 -0.007166743 -0.04330617 0.001228332 -0.007166743 -0.04330617 0.001228332 -0.007166743 -0.04330617 0.001228332 -0.007166743 -0.04330617 0.001228332 -0.007166743 -0.04330617 0.001228332 -0.007184386 -0.04359173 0.001404285 -0.007184386 -0.04359173 0.001404285 -0.007184386 -0.04359173 0.001404285 -0.007184386 -0.04359173 0.001404285 -0.007198512 -0.04383111 0.001639485 -0.007198512 -0.04383111 0.001639485 -0.007198512 -0.04383111 0.001639485 -0.007198512 -0.04383111 0.001639485 -0.007198512 -0.04383111 0.001639485 -0.007208347 -0.0440123 0.00192213 -0.007208347 -0.0440123 0.00192213 -0.007208347 -0.0440123 0.00192213 -0.007208347 -0.0440123 0.00192213 -0.007213473 -0.04412615 0.002238094 -0.007213473 -0.04412615 0.002238094 -0.007213473 -0.04412615 0.002238094 -0.007213473 -0.04412615 0.002238094 -0.007101893 -0.04232263 0.001126825 -0.007101893 -0.04232263 0.001126825 -0.007101893 -0.04232263 0.001126825 -0.007079958 -0.04200744 0.001240849 -0.007079958 -0.04200744 0.001240849 -0.007079958 -0.04200744 0.001240849 -0.007079958 -0.04200744 0.001240849 -0.007079958 -0.04200744 0.001240849 -0.007059752 -0.04172551 0.001422226 -0.007059752 -0.04172551 0.001422226 -0.007059752 -0.04172551 0.001422226 -0.007059752 -0.04172551 0.001422226 -0.007042169 -0.04149091 0.001662015 -0.007042169 -0.04149091 0.001662015 -0.007042169 -0.04149091 0.001662015 -0.007042169 -0.04149091 0.001662015 -0.007042169 -0.04149091 0.001662015 -0.007028222 -0.04131549 0.001948118 -0.007028222 -0.04131549 0.001948118 -0.007028222 -0.04131549 0.001948118 -0.007028222 -0.04131549 0.001948118 -0.007018506 -0.04120802 0.002266228 -0.007018506 -0.04120802 0.002266228 -0.007018506 -0.04120802 0.002266228 -0.007018506 -0.04120802 0.002266228 -0.006748557 -0.04318106 0.05308198 -0.006748557 -0.04318106 0.05308198 -0.006748557 -0.04318106 0.05308198 -0.006726562 -0.04284763 0.05304759 -0.006726562 -0.04284763 0.05304759 -0.006726562 -0.04284763 0.05304759 -0.006726562 -0.04284763 0.05304759 -0.006726562 -0.04284763 0.05304759 -0.006706297 -0.04253017 0.05293971 -0.006706297 -0.04253017 0.05293971 -0.006706297 -0.04253017 0.05293971 -0.006706297 -0.04253017 0.05293971 -0.006706297 -0.04253017 0.05293971 -0.006688594 -0.04224461 0.05276376 -0.006688594 -0.04224461 0.05276376 -0.006688594 -0.04224461 0.05276376 -0.006688594 -0.04224461 0.05276376 -0.006688594 -0.04224461 0.05276376 -0.006674468 -0.04200524 0.05252856 -0.006674468 -0.04200524 0.05252856 -0.006674468 -0.04200524 0.05252856 -0.006674468 -0.04200524 0.05252856 -0.006664633 -0.0418241 0.05224591 -0.006664633 -0.0418241 0.05224591 -0.006664633 -0.0418241 0.05224591 -0.006664633 -0.0418241 0.05224591 -0.006659567 -0.04171019 0.05192995 -0.006659567 -0.04171019 0.05192995 -0.006659567 -0.04171019 0.05192995 -0.006659448 -0.04166924 0.05159652 -0.006659448 -0.04166924 0.05159652 -0.006659448 -0.04166924 0.05159652 -0.006659448 -0.04166924 0.05159652 -0.006771087 -0.04351371 0.05304121 -0.006771087 -0.04351371 0.05304121 -0.006771087 -0.04351371 0.05304121 -0.006771087 -0.04351371 0.05304121 -0.006793022 -0.0438289 0.05292725 -0.006793022 -0.0438289 0.05292725 -0.006793022 -0.0438289 0.05292725 -0.006793022 -0.0438289 0.05292725 -0.006793022 -0.0438289 0.05292725 -0.006813287 -0.04411083 0.05274581 -0.006813287 -0.04411083 0.05274581 -0.006813287 -0.04411083 0.05274581 -0.006813287 -0.04411083 0.05274581 -0.006830811 -0.04434543 0.05250602 -0.006830811 -0.04434543 0.05250602 -0.006830811 -0.04434543 0.05250602 -0.006830811 -0.04434543 0.05250602 -0.006830811 -0.04434543 0.05250602 -0.006844758 -0.04452085 0.05221992 -0.006844758 -0.04452085 0.05221992 -0.006844758 -0.04452085 0.05221992 -0.006844758 -0.04452085 0.05221992 -0.006854474 -0.04462832 0.05190181 -0.006854474 -0.04462832 0.05190181 -0.006854474 -0.04462832 0.05190181 -0.006854474 -0.04462832 0.05190181 -0.006854474 -0.04462832 0.05190181 -0.006859362 -0.04466247 0.05156773 -0.006859362 -0.04466247 0.05156773 -0.006859362 -0.04466247 0.05156773 -0.006859362 -0.04466247 0.05156773 -0.006770253 -0.04315072 0.05008226 -0.006770253 -0.04315072 0.05008226 -0.006770253 -0.04315072 0.05008226 -0.006792247 -0.04348409 0.05011665 -0.006792247 -0.04348409 0.05011665 -0.006792247 -0.04348409 0.05011665 -0.006792247 -0.04348409 0.05011665 -0.006792247 -0.04348409 0.05011665 -0.006812572 -0.04380154 0.05022454 -0.006812572 -0.04380154 0.05022454 -0.006812572 -0.04380154 0.05022454 -0.006812572 -0.04380154 0.05022454 -0.006812572 -0.04380154 0.05022454 -0.006812572 -0.04380154 0.05022454 -0.006830215 -0.04408711 0.05040049 -0.006830215 -0.04408711 0.05040049 -0.006830215 -0.04408711 0.05040049 -0.006830215 -0.04408711 0.05040049 -0.006844341 -0.04432648 0.05063569 -0.006844341 -0.04432648 0.05063569 -0.006844341 -0.04432648 0.05063569 -0.006844341 -0.04432648 0.05063569 -0.006844341 -0.04432648 0.05063569 -0.006854176 -0.04450768 0.0509184 -0.006854176 -0.04450768 0.0509184 -0.006854176 -0.04450768 0.0509184 -0.006854176 -0.04450768 0.0509184 -0.006859302 -0.04462158 0.0512343 -0.006859302 -0.04462158 0.0512343 -0.006859302 -0.04462158 0.0512343 -0.006859302 -0.04462158 0.0512343 -0.006747782 -0.04281806 0.05012303 -0.006747782 -0.04281806 0.05012303 -0.006747782 -0.04281806 0.05012303 -0.006747782 -0.04281806 0.05012303 -0.006725788 -0.04250288 0.05023705 -0.006725788 -0.04250288 0.05023705 -0.006725788 -0.04250288 0.05023705 -0.006725788 -0.04250288 0.05023705 -0.006725788 -0.04250288 0.05023705 -0.006705582 -0.04222089 0.05041843 -0.006705582 -0.04222089 0.05041843 -0.006705582 -0.04222089 0.05041843 -0.006705582 -0.04222089 0.05041843 -0.006687998 -0.04198634 0.05065822 -0.006687998 -0.04198634 0.05065822 -0.006687998 -0.04198634 0.05065822 -0.006687998 -0.04198634 0.05065822 -0.006687998 -0.04198634 0.05065822 -0.006687998 -0.04198634 0.05065822 -0.006674051 -0.04181092 0.05094432 -0.006674051 -0.04181092 0.05094432 -0.006674051 -0.04181092 0.05094432 -0.006674051 -0.04181092 0.05094432 -0.006674051 -0.04181092 0.05094432 -0.006664395 -0.04170346 0.05126243 -0.006664395 -0.04170346 0.05126243 -0.006664395 -0.04170346 0.05126243 -0.006664395 -0.04170346 0.05126243 -0.006103813 -0.03317338 0.05017828 -0.006103813 -0.03317338 0.05017828 -0.006103813 -0.03317338 0.05017828 -0.006125748 -0.03350681 0.05021274 -0.006125748 -0.03350681 0.05021274 -0.006125748 -0.03350681 0.05021274 -0.006125748 -0.03350681 0.05021274 -0.006146073 -0.03382426 0.05032062 -0.006146073 -0.03382426 0.05032062 -0.006146073 -0.03382426 0.05032062 -0.006146073 -0.03382426 0.05032062 -0.006146073 -0.03382426 0.05032062 -0.006146073 -0.03382426 0.05032062 -0.006163716 -0.03410983 0.05049657 -0.006163716 -0.03410983 0.05049657 -0.006163716 -0.03410983 0.05049657 -0.006163716 -0.03410983 0.05049657 -0.006163716 -0.03410983 0.05049657 -0.006177842 -0.0343492 0.05073177 -0.006177842 -0.0343492 0.05073177 -0.006177842 -0.0343492 0.05073177 -0.006177842 -0.0343492 0.05073177 -0.006187736 -0.0345304 0.05101442 -0.006187736 -0.0345304 0.05101442 -0.006187736 -0.0345304 0.05101442 -0.006187736 -0.0345304 0.05101442 -0.006187736 -0.0345304 0.05101442 -0.006192803 -0.0346443 0.05133038 -0.006192803 -0.0346443 0.05133038 -0.006192803 -0.0346443 0.05133038 -0.006192803 -0.0346443 0.05133038 -0.006192803 -0.0346443 0.05133038 -0.006192922 -0.03468513 0.05166375 -0.006192922 -0.03468513 0.05166375 -0.006192922 -0.03468513 0.05166375 -0.006081283 -0.03284072 0.05021911 -0.006081283 -0.03284072 0.05021911 -0.006081283 -0.03284072 0.05021911 -0.006059348 -0.03252553 0.05033308 -0.006059348 -0.03252553 0.05033308 -0.006059348 -0.03252553 0.05033308 -0.006059348 -0.03252553 0.05033308 -0.006059348 -0.03252553 0.05033308 -0.006059348 -0.03252553 0.05033308 -0.006039083 -0.0322436 0.05051451 -0.006039083 -0.0322436 0.05051451 -0.006039083 -0.0322436 0.05051451 -0.006039083 -0.0322436 0.05051451 -0.006039083 -0.0322436 0.05051451 -0.006021559 -0.032009 0.0507543 -0.006021559 -0.032009 0.0507543 -0.006021559 -0.032009 0.0507543 -0.006021559 -0.032009 0.0507543 -0.006021559 -0.032009 0.0507543 -0.006007552 -0.03183358 0.05104041 -0.006007552 -0.03183358 0.05104041 -0.006007552 -0.03183358 0.05104041 -0.006007552 -0.03183358 0.05104041 -0.005997896 -0.03172612 0.05135846 -0.005997896 -0.03172612 0.05135846 -0.005997896 -0.03172612 0.05135846 -0.005997896 -0.03172612 0.05135846 -0.005997896 -0.03172612 0.05135846 -0.005992949 -0.03169196 0.0516926 -0.005992949 -0.03169196 0.0516926 -0.005992949 -0.03169196 0.0516926 -0.006082117 -0.03320372 0.05317807 -0.006082117 -0.03320372 0.05317807 -0.006082117 -0.03320372 0.05317807 -0.006060123 -0.03287035 0.05314368 -0.006060123 -0.03287035 0.05314368 -0.006060123 -0.03287035 0.05314368 -0.006060123 -0.03287035 0.05314368 -0.006060123 -0.03287035 0.05314368 -0.006039798 -0.03255289 0.05303579 -0.006039798 -0.03255289 0.05303579 -0.006039798 -0.03255289 0.05303579 -0.006039798 -0.03255289 0.05303579 -0.006039798 -0.03255289 0.05303579 -0.006022155 -0.03226733 0.05285984 -0.006022155 -0.03226733 0.05285984 -0.006022155 -0.03226733 0.05285984 -0.006022155 -0.03226733 0.05285984 -0.006008028 -0.03202795 0.05262464 -0.006008028 -0.03202795 0.05262464 -0.006008028 -0.03202795 0.05262464 -0.006008028 -0.03202795 0.05262464 -0.005998194 -0.03184676 0.05234193 -0.005998194 -0.03184676 0.05234193 -0.005998194 -0.03184676 0.05234193 -0.005998194 -0.03184676 0.05234193 -0.005993068 -0.03173285 0.05202597 -0.005993068 -0.03173285 0.05202597 -0.005993068 -0.03173285 0.05202597 -0.005993068 -0.03173285 0.05202597 -0.006104588 -0.03353637 0.05313724 -0.006104588 -0.03353637 0.05313724 -0.006104588 -0.03353637 0.05313724 -0.006104588 -0.03353637 0.05313724 -0.006104588 -0.03353637 0.05313724 -0.006126582 -0.03385156 0.05302327 -0.006126582 -0.03385156 0.05302327 -0.006126582 -0.03385156 0.05302327 -0.006126582 -0.03385156 0.05302327 -0.006126582 -0.03385156 0.05302327 -0.006146788 -0.03413355 0.0528419 -0.006146788 -0.03413355 0.0528419 -0.006146788 -0.03413355 0.0528419 -0.006146788 -0.03413355 0.0528419 -0.006146788 -0.03413355 0.0528419 -0.006164312 -0.03436809 0.05260205 -0.006164312 -0.03436809 0.05260205 -0.006164312 -0.03436809 0.05260205 -0.006164312 -0.03436809 0.05260205 -0.006164312 -0.03436809 0.05260205 -0.006178319 -0.03454351 0.052316 -0.006178319 -0.03454351 0.052316 -0.006178319 -0.03454351 0.052316 -0.006178319 -0.03454351 0.052316 -0.006187975 -0.03465104 0.0519979 -0.006187975 -0.03465104 0.0519979 -0.006187975 -0.03465104 0.0519979 -0.006187975 -0.03465104 0.0519979</float_array>
          <technique_common>
            <accessor source="#Leg_A_005-mesh-positions-array" count="5325" stride="3">
              <param name="X" type="float"/>
              <param name="Y" type="float"/>
              <param name="Z" type="float"/>
            </accessor>
          </technique_common>
        </source>
        <source id="Leg_A_005-mesh-normals">
          <float_array id="Leg_A_005-mesh-normals-array" count="8502">0.00723052 -0.01011019 0.9999228 0.007226765 -0.01011055 0.9999228 0.007228076 -0.01011079 0.9999228 0.007227361 -0.0101096 0.9999228 0.007231056 -0.0101099 0.9999228 0.007225751 -0.01011049 0.9999229 0.007228374 -0.01011031 0.9999228 0.007229268 -0.01011079 0.9999228 0.007227599 -0.01011145 0.9999228 0.00722742 -0.01011198 0.9999228 0.007227361 -0.01010954 0.9999228 0.007225751 -0.01010942 0.9999228 0.007229804 -0.01011049 0.9999228 0.007231235 -0.01010453 0.9999228 0.007221579 -0.01011621 0.9999228 0.007232904 -0.01010626 0.9999229 0.007227778 -0.01011055 0.9999228 0.007227599 -0.01011151 0.9999228 0.00722754 -0.01010781 0.9999228 0.007228732 -0.01011306 0.9999228 0.007227659 -0.01011097 0.9999228 0.00722742 -0.01010781 0.9999228 0.00722891 -0.01011282 0.9999228 0.007227838 -0.01011043 0.9999229 0.007227122 -0.01011037 0.9999229 0.007227957 -0.01011049 0.9999228 0.007227897 -0.01011043 0.9999228 0.007226526 -0.01011133 0.9999228 0.007227599 -0.0101118 0.9999228 0.007227361 -0.01011019 0.9999228 0.007227838 -0.01011115 0.9999228 0.007228076 -0.01011031 0.9999228 0.007227778 -0.01011025 0.9999229 0.00722754 -0.01011031 0.9999229 0.007227957 -0.01011037 0.9999228 0.007227361 -0.01011037 0.9999229 0.007228672 -0.01011174 0.9999228 0.007220387 -0.01011294 0.9999229 0.007231235 -0.01011008 0.9999228 0.007228732 -0.01011019 0.9999228 0.007226943 -0.01011085 0.9999228 0.00722593 -0.01011061 0.9999228 0.007231712 -0.01010924 0.9999228 0.007226169 -0.01011121 0.9999229 0.007226943 -0.01011019 0.9999229 0.007227897 -0.01011037 0.9999229 0.007226586 -0.01011097 0.9999228 0.007227778 -0.01011037 0.9999229 0.0072245 -0.01011186 0.9999228 0.007229208 -0.01011013 0.9999228 0.00722742 -0.01010966 0.9999228 0.007227301 -0.01011097 0.9999228 0.007228672 -0.01010918 0.9999228 0.007228076 -0.01011055 0.9999228 0.007229626 -0.01010948 0.9999228 0.007224678 -0.01011312 0.9999228 0.00722903 -0.01011002 0.9999228 0.007226645 -0.01010525 0.9999229 0.007227778 -0.01011037 0.9999229 0.007227301 -0.01010972 0.9999229 0.007227897 -0.01011043 0.9999228 0.007228255 -0.01011067 0.9999228 0.007226049 -0.0101096 0.9999228 0.007227003 -0.01011049 0.9999228 0.007229685 -0.01011145 0.9999228 0.007223427 -0.01010835 0.9999229 0.007233619 -0.01011222 0.9999227 0.007224023 -0.01011002 0.9999229 0.007240474 -0.01011526 0.9999227 0.007233142 -0.01011073 0.9999228 0.007228553 -0.01011049 0.9999228 0.007228195 -0.01011013 0.9999229 0.007227122 -0.01011031 0.9999229 0.007222652 -0.01010984 0.9999228 0.007225215 -0.01009583 0.9999229 0.007227838 -0.01011043 0.9999228 0.007224977 -0.01010656 0.9999229 0.007228612 -0.01011055 0.9999228 0.007227838 -0.01011198 0.9999228 0.007227718 -0.0101096 0.9999228 0.007227957 -0.01011168 0.9999228 0.00722742 -0.01010775 0.9999228 0.007227838 -0.01011037 0.9999229 0.007223188 -0.01011425 0.9999228 0.007233977 -0.01010596 0.9999229 0.007224619 -0.0101127 0.9999228 0.007227361 -0.01011031 0.9999229 0.007229924 -0.01010924 0.9999228 0.007226228 -0.01011174 0.9999228 0.007227301 -0.01011133 0.9999228 0.007228016 -0.01010924 0.9999228 0.007228314 -0.01010978 0.9999229 0.007227897 -0.01011031 0.9999228 0.007227778 -0.01011043 0.9999228 0.007229387 -0.0101028 0.9999229 0.007226943 -0.01011514 0.9999228 0.007229208 -0.01010519 0.9999229 0.00722748 -0.01011353 0.9999228 0.007227957 -0.01011097 0.9999228 0.00722754 -0.01010918 0.9999228 0.007228136 -0.01011174 0.9999228 0.007228136 -0.01011079 0.9999228 0.00722742 -0.01010924 0.9999229 0.007227838 -0.01011019 0.9999228 0.007226109 -0.01011037 0.9999229 0.007228791 -0.01010924 0.9999228 0.007226943 -0.01011264 0.9999228 0.007228434 -0.01010829 0.9999228 0.007227659 -0.01011049 0.9999228 0.007228016 -0.01010781 0.9999228 0.007227838 -0.01010817 0.9999229 0.007227361 -0.01011943 0.9999228 0.007229328 -0.01006877 0.9999232 0.007227778 -0.01011055 0.9999229 0.007227778 -0.0101161 0.9999228 0.007227778 -0.01011157 0.9999228 0.007227718 -0.01010936 0.9999228 0.007231771 -0.01009005 0.999923 0.00722742 -0.0101121 0.9999228 0.007227659 -0.01010638 0.9999229 0.007227957 -0.01011449 0.9999228 0.007227361 -0.01010823 0.9999228 0.007228493 -0.01011186 0.9999228 0.007227778 -0.01011037 0.9999228 0.007224977 -0.01010823 0.9999229 0.007230281 -0.01011377 0.9999228 0.00722754 -0.01011073 0.9999228 0.007226586 -0.01010775 0.9999228 0.00722754 -0.01011139 0.9999228 0.007228612 -0.01011067 0.9999228 0.007226884 -0.01011031 0.9999229 0.007226288 -0.01010841 0.9999229 0.007231652 -0.01011347 0.9999228 0.007225751 -0.01010727 0.9999229 0.007227599 -0.01011037 0.9999228 0.007226943 -0.01010888 0.9999229 0.007228136 -0.01011008 0.9999229 0.007229924 -0.01010811 0.9999228 0.007226884 -0.01011204 0.9999228 0.007226884 -0.01010984 0.9999228 0.007229268 -0.01011067 0.9999228 0.007227718 -0.01011043 0.9999228 0.007223486 -0.01010459 0.9999229 0.007216513 -0.01011019 0.9999229 0.007227957 -0.01011043 0.9999228 0.007227838 -0.01011401 0.9999228 0.007228136 -0.01011109 0.9999228 0.007228195 -0.01010912 0.9999229 0.007228374 -0.01010942 0.9999229 0.007227659 -0.01011139 0.9999228 0.007228136 -0.01011013 0.9999228 0.007227659 -0.01011008 0.9999229 0.007227778 -0.01011002 0.9999228 0.007227778 -0.01011055 0.9999228 0.007227718 -0.01011228 0.9999228 0.007228434 -0.0101087 0.9999228 0.007227718 -0.01011103 0.9999228 0.007227838 -0.01010721 0.9999229 0.007226884 -0.01011145 0.9999228 0.007228016 -0.01011031 0.9999228 0.007227718 -0.01011067 0.9999228 0.007227957 -0.0101087 0.9999229 0.00722742 -0.01011085 0.9999228 0.007227599 -0.01011294 0.9999228 0.007227659 -0.01010972 0.9999229 0.007227718 -0.01011008 0.9999228 0.007227778 -0.01011139 0.9999228 0.007227838 -0.01010876 0.9999229 0.007228314 -0.01010954 0.9999229 0.007227301 -0.01011234 0.9999228 0.007227659 -0.01010948 0.9999228 0.007227659 -0.01010972 0.9999228 0.007228553 -0.01010727 0.9999228 0.00722754 -0.01011353 0.9999228 0.007227778 -0.0101099 0.9999228 0.007227838 -0.01011031 0.9999228 -0.00724107 0.01010829 -0.9999228 -0.0072214 0.01011115 -0.9999229 -0.007224023 0.010113 -0.9999229 -0.007231295 0.01011055 -0.9999228 -0.007227659 0.01010763 -0.9999229 -0.007222652 0.01011228 -0.9999228 -0.007230877 0.01011067 -0.9999228 -0.007231652 0.01011061 -0.9999228 -0.007225692 0.01011025 -0.9999228 -0.007227599 0.01011413 -0.9999228 -0.007223904 0.01010894 -0.9999229 -0.00721997 0.01010894 -0.9999229 -0.007231235 0.01011049 -0.9999228 -0.007229924 0.01011037 -0.9999228 -0.007227778 0.01011031 -0.9999228 -0.00722742 0.01010978 -0.9999229 -0.007228434 0.01011192 -0.9999228 -0.007226407 0.01010626 -0.9999228 -0.00723046 0.01011806 -0.9999228 -0.007224917 0.01011091 -0.9999229 -0.007226765 0.01011055 -0.9999228 -0.00722897 0.01011013 -0.9999228 -0.00723195 0.01011013 -0.9999228 -0.007226526 0.01011079 -0.9999228 -0.007227599 0.01011025 -0.9999229 -0.007224023 0.01011139 -0.9999228 -0.007228493 0.01011031 -0.9999228 -0.007229447 0.01011031 -0.9999228 -0.007227718 0.01011043 -0.9999228 -0.007218897 0.01011013 -0.9999229 -0.007224261 0.0101158 -0.9999228 -0.007228255 0.0101093 -0.9999229 -0.007228255 0.01010966 -0.9999228 -0.007228672 0.01010847 -0.9999229 -0.007227778 0.01011043 -0.9999229 -0.007225811 0.01011025 -0.9999228 -0.007227897 0.01011043 -0.9999229 -0.007228255 0.01011031 -0.9999228 -0.007225036 0.01011377 -0.9999228 -0.007223665 0.01011103 -0.9999229 -0.007226169 0.01011055 -0.9999229 -0.007233083 0.01010936 -0.9999228 -0.007219254 0.01011168 -0.9999228 -0.007232904 0.01010996 -0.9999228 -0.007226645 0.01011055 -0.9999229 -0.007211446 0.01011079 -0.9999229 -0.007234156 0.01011025 -0.9999228 -0.007229804 0.01011043 -0.9999228 -0.007225811 0.01011037 -0.9999228 -0.007225096 0.01011037 -0.9999228 -0.007231235 0.01011049 -0.9999228 -0.007225036 0.01011025 -0.9999229 -0.007229268 0.01011043 -0.9999228 -0.007227897 0.01011043 -0.9999228 -0.007225096 0.01011013 -0.9999228 -0.007243514 0.0101099 -0.9999228 -0.0072245 0.01011049 -0.9999229 -0.007234275 0.01011031 -0.9999228 -0.007121384 0.01011043 -0.9999235 -0.007222771 0.01011037 -0.9999229 -0.007224023 0.01011031 -0.9999228 -0.007236003 0.01011049 -0.9999228 -0.007224917 0.01011043 -0.9999228 -0.007219314 0.01011037 -0.9999229 -0.007227897 0.01011043 -0.9999228 -0.007229864 0.01011079 -0.9999228 -0.007227718 0.01011037 -0.9999228 -0.007229566 0.01011282 -0.9999228 -0.007227122 0.01010799 -0.9999228 -0.007229864 0.01011437 -0.9999228 -0.007224619 0.01010406 -0.9999229 -0.007228672 0.01011103 -0.9999228 -0.007228434 0.01011508 -0.9999228 -0.007227301 0.01010751 -0.9999228 -0.007227659 0.01011025 -0.9999228 -0.007174313 0.01016098 -0.9999226 -0.007227241 0.01011157 -0.9999228 -0.007228255 0.01011043 -0.9999228 -0.007226288 0.01011443 -0.9999228 -0.007235288 0.01008582 -0.999923 -0.007227361 0.01011079 -0.9999229 -0.007231533 0.01010614 -0.9999228 -0.007223665 0.01011514 -0.9999228 -0.007228076 0.01010942 -0.9999229 -0.007229149 0.01010912 -0.9999229 -0.007226228 0.01011133 -0.9999229 -0.007229089 0.01010972 -0.9999228 -0.007225394 0.0101121 -0.9999229 -0.007223665 0.01011323 -0.9999228 -0.007236719 0.01010555 -0.9999228 -0.007230997 0.01010489 -0.9999228 -0.007228553 0.01010972 -0.9999229 -0.007228672 0.01010936 -0.9999229 -0.007227778 0.01010906 -0.9999228 -0.007223665 0.01011562 -0.9999228 -0.007231652 0.01010692 -0.9999228 -0.007227659 0.01011043 -0.9999229 -0.00722897 0.01011162 -0.9999228 -0.007229268 0.01011341 -0.9999228 -0.007225096 0.01010483 -0.9999229 -0.007228612 0.01011312 -0.9999228 -0.007228314 0.01011139 -0.9999228 -0.007227897 0.01010751 -0.9999228 -0.007228553 0.01007902 -0.9999232 -0.007227122 0.01012736 -0.9999226 -0.007228136 0.01010817 -0.9999229 -0.007227718 0.01011264 -0.9999228 -0.00722754 0.01011496 -0.9999228 -0.007227599 0.01011848 -0.9999228 -0.007227957 0.01010143 -0.9999229 -0.007230877 0.01011955 -0.9999228 -0.007227599 0.01010805 -0.9999228 -0.007231175 0.01011312 -0.9999228 -0.007230103 0.010113 -0.9999228 -0.007221519 0.0101028 -0.999923 -0.007229447 0.01011383 -0.9999228 -0.007228314 0.01010972 -0.9999228 -0.007225513 0.01010638 -0.9999228 -0.00722891 0.01011437 -0.9999228 -0.007230699 0.01011508 -0.9999227 -0.007228016 0.01011079 -0.9999228 -0.007224261 0.01007097 -0.9999233 -0.007228434 0.01011663 -0.9999227 -0.007228016 0.0101155 -0.9999228 -0.007227897 0.0101031 -0.9999229 -0.00722748 0.01011431 -0.9999228 -0.007232069 0.01008439 -0.999923 -0.007210433 0.01010715 -0.9999229 -0.007236838 0.01011174 -0.9999228 -0.007232844 0.01011162 -0.9999228 -0.007221758 0.0101087 -0.9999229 -0.007228434 0.01011079 -0.9999228 -0.007230281 0.01011103 -0.9999228 -0.007220983 0.0101087 -0.9999229 -0.007253587 0.01013362 -0.9999224 -0.007227778 0.01011031 -0.9999228 -0.00722593 0.01011615 -0.9999228 -0.007227241 0.01011061 -0.9999228 -0.007229268 0.01010876 -0.9999228 -0.00722593 0.01011341 -0.9999228 -0.007229924 0.01010745 -0.9999229 -0.007228553 0.01010996 -0.9999228 -0.007225394 0.01011258 -0.9999228 -0.007227897 0.01011043 -0.9999229 -0.007226228 0.01011055 -0.9999229 -0.00723052 0.01011067 -0.9999228 -0.007203459 0.01010775 -0.999923 -0.007228195 0.01011049 -0.9999228 -0.007189989 0.01010745 -0.9999231 -0.007229745 0.01011055 -0.9999228 -0.007227838 0.01011055 -0.9999228 -0.007228016 0.01011037 -0.9999229 -0.007228195 0.01011586 -0.9999228 -0.007228076 0.01010692 -0.9999228 -0.00722754 0.01011204 -0.9999228 -0.007228136 0.01010841 -0.9999228 -0.007227957 0.01010632 -0.9999229 -0.007227241 0.01011431 -0.9999228 -0.007227003 0.01011168 -0.9999228 -0.007228076 0.01010733 -0.9999228 -0.007227659 0.01011377 -0.9999228 -0.00722903 0.01010632 -0.9999229 -0.007227778 0.01011067 -0.9999228 -0.007227897 0.01011049 -0.9999228 -0.007227957 0.01010936 -0.9999229 -0.007223784 0.01011091 -0.9999229 -0.007225811 0.01011103 -0.9999229 -0.007222771 0.01011121 -0.9999229 -0.007231891 0.01010996 -0.9999228 -0.00724852 0.01010936 -0.9999227 -0.007226765 0.01011931 -0.9999227 -0.007227838 0.01011121 -0.9999228 -0.007227599 0.01011389 -0.9999228 -0.007227778 0.01010805 -0.9999229 -0.007228016 0.01011079 -0.9999228 -0.007228434 0.01010853 -0.9999229 -0.007227182 0.01011198 -0.9999228 -0.007227301 0.01011556 -0.9999228 -0.007228791 0.01010656 -0.9999228 -0.007229208 0.01010656 -0.9999229 -0.00722742 0.01011347 -0.9999228 -0.007228136 0.01010686 -0.9999228 -0.007227838 0.01010745 -0.9999228 -0.007227361 0.0101177 -0.9999227 -0.007227778 0.01010787 -0.9999228 -0.00722742 0.01011341 -0.9999228 -0.007234752 0.01005244 -0.9999234 -0.007227361 0.01010948 -0.9999228 -0.00722754 0.01010757 -0.9999229 -0.00724399 0.01011669 -0.9999226 -0.007224321 0.0101068 -0.9999229 -0.007229566 0.01011145 -0.9999228 -0.007243692 0.01011621 -0.9999226 -0.007226884 0.01010984 -0.9999228 -0.9840151 0.1778624 0.008910059 -0.9197342 0.3923982 0.01061469 -0.9197419 0.3923801 0.01061528 -0.8093549 0.5872018 0.01178759 -0.8093754 0.5871733 0.01178985 -0.6584081 0.7525596 0.01237058 -0.6583833 0.7525813 0.01236879 -0.4744032 0.8802214 0.01232999 -0.4743704 0.8802391 0.01232731 -0.2666533 0.9637219 0.01167005 -0.2666322 0.9637278 0.0116685 -0.0454694 0.9989113 0.0104258 -0.045515 0.9989092 0.01042914 -0.9840143 0.1778666 0.00890994 -0.998938 -0.04557657 0.00675863 -0.9989385 -0.04556739 0.006758809 -0.9637606 -0.2667347 0.004268765 -0.9637657 -0.2667165 0.00426805 -0.8802967 -0.4744213 0.001564323 -0.8802859 -0.4744412 0.001564919 -0.7526286 -0.6584444 -0.001218199 -0.7526282 -0.6584448 -0.001218199 -0.5872901 -0.8093671 -0.003939211 -0.5872462 -0.809399 -0.003936231 -0.392423 -0.9197622 -0.006460726 -0.3924677 -0.9197431 -0.006463289 -0.177927 -0.9840056 -0.008663535 -0.1779493 -0.9840016 -0.008664906 0.9840154 -0.1778605 -0.008909702 0.9197412 -0.392382 -0.01061397 0.9197404 -0.3923837 -0.01061409 0.8093774 -0.5871708 -0.01178568 0.8093367 -0.5872267 -0.01179021 0.6583743 -0.7525892 -0.01237058 0.6584295 -0.752541 -0.01236546 0.4743862 -0.8802306 -0.01232606 0.4743686 -0.8802401 -0.01232731 0.2666498 -0.963723 -0.01167011 0.2666309 -0.9637281 -0.01167106 0.04548978 -0.9989105 -0.01042765 0.04544734 -0.9989123 -0.01043027 0.9840151 -0.1778624 -0.008910119 0.9989384 0.04556846 -0.006758809 0.9989383 0.04556953 -0.006758689 0.9637622 0.2667287 -0.004268288 0.9637797 0.2666659 -0.004273056 0.880289 0.4744352 -0.001568496 0.8802624 0.4744849 -0.001564145 0.7526397 0.6584315 0.00121808 0.7526672 0.6584002 0.001214444 0.5872614 0.8093878 0.003937244 0.5872589 0.8093895 0.003937304 0.3924654 0.9197441 0.006461739 0.3924266 0.9197607 0.006465256 0.1779484 0.9840018 0.008664906 0.1779718 0.9839975 0.008663177 -0.1779709 -0.9839976 -0.008666098 -0.3924854 -0.9197356 -0.006465911 -0.3924466 -0.9197521 -0.006463527 -0.587275 -0.8093779 -0.00393927 -0.5872457 -0.8093992 -0.003937482 -0.7526291 -0.6584436 -0.001216292 -0.7526488 -0.6584212 -0.00121802 -0.880284 -0.4744446 0.001564502 -0.880289 -0.4744355 0.001564085 -0.9637632 -0.2667251 0.00426805 -0.9637616 -0.2667313 0.004268288 -0.9989413 -0.04550647 0.006759405 -0.9989383 -0.04556953 0.006762981 -0.1778944 -0.9840115 -0.008661568 0.04551148 -0.9989095 -0.01042777 0.04549211 -0.9989103 -0.0104289 0.2666484 -0.9637233 -0.01167154 0.2666122 -0.9637333 -0.01167398 0.4743692 -0.8802397 -0.01233184 0.4744121 -0.8802166 -0.01232868 0.6584005 -0.7525662 -0.01236778 0.6583869 -0.7525782 -0.01236903 0.8093398 -0.5872226 -0.01178771 0.8093469 -0.5872128 -0.01178675 0.9197594 -0.3923394 -0.01061433 0.9197583 -0.3923417 -0.01061427 0.9840156 -0.1778592 -0.008910059 0.9840143 -0.1778665 -0.008910417 0.1779694 0.983998 0.008661806 0.3924443 0.9197531 0.006462216 0.3924259 0.919761 0.006463706 0.587275 0.809378 0.003939509 0.5872604 0.8093886 0.003940999 0.7526384 0.6584331 0.001218974 0.752678 0.6583877 0.001214325 0.8802791 0.4744539 -0.001568078 0.880263 0.4744835 -0.001565814 0.9637651 0.2667184 -0.004269242 0.9637768 0.2666759 -0.004272937 0.9989413 0.04550588 -0.006763458 0.9989385 0.04556745 -0.006758749 0.1779052 0.9840095 0.008666813 -0.04551428 0.9989093 0.01043206 -0.04547005 0.9989113 0.0104289 -0.2666313 0.963728 0.01167136 -0.2666108 0.9637337 0.01166969 -0.4743961 0.8802253 0.01232737 -0.4744303 0.8802067 0.01233029 -0.6583856 0.7525793 0.01236897 -0.6583745 0.752589 0.01236808 -0.8093554 0.587201 0.01178693 -0.8093547 0.5872021 0.01178658 -0.9197368 0.3923922 0.01061475 -0.9197589 0.3923404 0.01061803 -0.9840158 0.177858 0.008914053 -0.9840146 0.1778652 0.008913576 -0.9840157 0.1778585 0.008910059 -0.9197366 0.3923928 0.01061469 -0.9197587 0.3923406 0.01061815 -0.8093771 0.587171 0.01178991 -0.8093466 0.5872132 0.01178675 -0.658386 0.7525789 0.01236778 -0.6584124 0.7525559 0.01237004 -0.474404 0.8802209 0.01233142 -0.4743687 0.88024 0.01232862 -0.2666319 0.9637279 0.01167148 -0.2666277 0.9637289 0.01167112 -0.04547017 0.9989113 0.01042753 -0.04551231 0.9989094 0.01043063 -0.9840161 0.1778566 0.008910238 -0.9989382 -0.04557251 0.00675863 -0.9989383 -0.04557055 0.006758749 -0.9637774 -0.2666738 0.004269003 -0.9637791 -0.266668 0.004268586 -0.880294 -0.474426 0.001564204 -0.8802573 -0.4744943 0.001568436 -0.7526407 -0.6584305 -0.001213967 -0.7526547 -0.6584144 -0.001215577 -0.5872475 -0.8093978 -0.003938734 -0.5872142 -0.809422 -0.003936648 -0.3924251 -0.9197613 -0.006460785 -0.3924854 -0.9197356 -0.006464481 -0.1779717 -0.9839975 -0.008664786 -0.1779263 -0.9840057 -0.008661985 0.9840052 -0.177917 -0.008914649 0.9197395 -0.3923858 -0.01061838 0.9197623 -0.3923324 -0.01061427 0.8093447 -0.5872159 -0.01178669 0.8093351 -0.587229 -0.01178878 0.6584156 -0.7525531 -0.01236999 0.6584155 -0.7525529 -0.01237052 0.4744042 -0.8802208 -0.01233071 0.474429 -0.8802074 -0.0123288 0.2666333 -0.9637274 -0.01167142 0.2666098 -0.9637339 -0.01167285 0.04544734 -0.9989123 -0.01043033 0.04549288 -0.9989103 -0.01042747 0.9840129 -0.1778746 -0.008910715 0.9989386 0.04556524 -0.006758689 0.9989382 0.04557394 -0.006758511 0.963764 0.2667222 -0.004267811 0.963779 0.2666682 -0.004272937 0.8802863 0.4744404 -0.001568198 0.8802626 0.4744846 -0.0015648 0.7526389 0.6584324 0.001217186 0.7526401 0.6584311 0.001217186 0.5872594 0.8093892 0.003938496 0.587275 0.809378 0.003937005 0.3924467 0.9197521 0.006461918 0.3924251 0.9197614 0.006463825 0.1779709 0.9839977 0.008663117 0.1779503 0.9840013 0.008664906 -0.1779507 -0.9840013 -0.008664429 -0.3924633 -0.919745 -0.006463527 -0.3924667 -0.9197435 -0.006463408 -0.5872316 -0.8094094 -0.003940522 -0.5872434 -0.8094009 -0.003941178 -0.7526692 -0.6583979 -0.001218497 -0.7526283 -0.6584447 -0.001215279 -0.880263 -0.4744836 0.00156784 -0.8802844 -0.4744441 0.001565396 -0.9637823 -0.266656 0.004269599 -0.9637663 -0.2667139 0.004272937 -0.9989382 -0.04557234 0.006762921 -0.9989385 -0.04556745 0.006762802 -0.1779266 -0.9840057 -0.008662998 0.04548937 -0.9989104 -0.01042896 0.04549217 -0.9989103 -0.0104289 0.266629 -0.9637286 -0.0116716 0.2666496 -0.9637229 -0.01167011 0.4743855 -0.8802309 -0.01232743 0.4743599 -0.8802448 -0.01232933 0.6583747 -0.7525888 -0.01236939 0.6584051 -0.7525621 -0.01236665 0.8093468 -0.5872128 -0.01178598 0.8093392 -0.5872233 -0.01178663 0.9197623 -0.3923323 -0.01061421 0.9197661 -0.3923234 -0.01061362 0.984016 -0.1778576 -0.008909761 0.9840143 -0.1778665 -0.008910357 0.1779708 0.9839977 0.008662641 0.3924467 0.9197521 0.006461799 0.3924245 0.9197616 0.006463766 0.5872459 0.8093991 0.003940045 0.5872604 0.8093886 0.003938317 0.7526283 0.6584445 0.001217246 0.7526596 0.6584089 0.00121361 0.8802943 0.4744256 -0.00156933 0.8802631 0.4744833 -0.001564264 0.9637649 0.2667193 -0.004268467 0.9637821 0.2666571 -0.004273533 0.9989413 0.04550677 -0.006763577 0.9989383 0.04557168 -0.006758689 0.17794 0.9840033 0.008664786 -0.04551428 0.9989092 0.01043057 -0.04544788 0.9989123 0.01042568 -0.2666326 0.9637277 0.0116685 -0.266691 0.9637114 0.01167303 -0.4743777 0.8802351 0.01233047 -0.4743683 0.8802402 0.01232999 -0.6583995 0.752567 0.01236891 -0.6583616 0.7526004 0.01236557 -0.8093685 0.5871829 0.01178473 -0.8093844 0.5871611 0.01178646 -0.9197444 0.3923742 0.01061469 -0.919744 0.3923756 0.01061445 -0.9840035 0.1779263 0.008910536 -0.9840155 0.1778603 0.008914411 -0.06666791 -0.9977291 -0.009605705 -0.06669777 -0.997727 -0.009607076 0.997768 -0.06630885 -0.007884621 0.9977536 -0.06652683 -0.007884442 0.9977506 -0.06656926 -0.007887065 0.997748 -0.06660819 -0.007888793 0.9977504 -0.06657522 -0.007885873 0.9977517 -0.06655442 -0.007881641 0.9977485 -0.06660115 -0.007893264 0.9977532 -0.06653445 -0.00787276 0.9977478 -0.06660962 -0.007899403 0.9977505 -0.06657135 -0.007884323 0.9977505 -0.06657212 -0.007885098 0.007227778 -0.01011049 0.9999229 0.007227838 -0.01011049 0.9999229 0.007228374 -0.01011073 0.9999228 0.007228076 -0.01010918 0.9999228 0.007228136 -0.01010894 0.9999229 0.007226943 -0.01011162 0.9999228 0.007226407 -0.01011359 0.9999228 0.007229685 -0.01010769 0.9999229 0.007225394 -0.01011788 0.9999228 0.007230579 -0.01010769 0.9999229 0.007227778 -0.01011037 0.9999228 0.007232964 -0.01011484 0.9999227 0.007223486 -0.01010894 0.9999228 0.007228136 -0.01011121 0.9999228 0.007230401 -0.01011002 0.9999228 0.007224798 -0.01010876 0.9999228 0.00722903 -0.01011109 0.9999228 0.007225632 -0.0101099 0.9999228 0.007228016 -0.01011049 0.9999228 0.007227897 -0.01011049 0.9999229 0.8093733 -0.5871764 -0.01178759 0.919739 -0.392387 -0.01061558 0.9197342 -0.392398 -0.0106163 0.984014 -0.1778684 -0.008911669 0.9840172 -0.1778509 -0.008910715 0.8093637 -0.5871894 -0.01178848 0.6584154 -0.7525531 -0.01236939 0.6584104 -0.7525576 -0.01236909 0.4743451 -0.8802527 -0.01233047 0.4743559 -0.8802469 -0.01232993 0.2666364 -0.9637265 -0.01167291 0.2666676 -0.9637179 -0.0116713 0.04548937 -0.9989104 -0.01042872 0.04550057 -0.9989099 -0.01042866 -0.9977504 0.06657379 0.007885277 -0.9977504 0.06657373 0.007885336 -0.9977523 0.06654679 0.007874965 -0.9977528 0.06653869 0.007871627 -0.9977486 0.06660109 0.007891893 -0.9977461 0.06663745 0.007903873 -0.9977514 0.06655991 0.007881522 -0.997748 0.06661021 0.007886171 -0.9977515 0.06655603 0.007883667 -0.9977539 0.06652164 0.007881224 -0.9977325 0.06684088 0.007889628 -0.8802686 -0.4744732 0.001565933 -0.9637807 -0.2666619 0.004270434 -0.9637849 -0.2666469 0.004270374 -0.9989382 -0.04557162 0.006759822 -0.9989382 -0.04557359 0.00676006 -0.880291 -0.4744318 0.001564443 -0.7526307 -0.6584419 -0.001219153 -0.7526185 -0.6584557 -0.001218736 -0.5872617 -0.8093875 -0.003939807 -0.5872513 -0.8093951 -0.003940105 -0.3924624 -0.9197453 -0.006463766 -0.3923944 -0.9197744 -0.006461381 -0.1778866 -0.9840129 -0.008661985 -0.1779604 -0.9839996 -0.008663773 -0.06703579 -0.991934 -0.1075795 -0.06703597 -0.9919307 -0.107609 -0.06587696 -0.9518352 -0.2994495 -0.06587278 -0.951834 -0.2994542 -0.06218451 -0.8751909 -0.4797648 -0.06218802 -0.875143 -0.4798516 -0.0561068 -0.7648249 -0.6417905 -0.05610346 -0.7648567 -0.6417528 -0.06703543 -0.9919318 -0.1075997 -0.06703537 -0.9919312 -0.1076053 -0.06587636 -0.9518373 -0.2994433 -0.0658766 -0.951852 -0.2993962 -0.06218534 -0.8751633 -0.4798146 -0.06218516 -0.8751476 -0.4798434 -0.05610454 -0.7648302 -0.6417843 -0.05610448 -0.7648413 -0.6417712 -0.05223739 -0.6983487 -0.7138491 -0.05223751 -0.6983535 -0.7138443 -0.05223596 -0.6983512 -0.7138467 -0.05223876 -0.6983495 -0.7138482 -0.04787009 -0.625155 -0.7790314 -0.04787063 -0.6251323 -0.7790495 -0.03779351 -0.461399 -0.8863875 -0.03779113 -0.4614188 -0.8863772 -0.02626264 -0.2799488 -0.9596557 -0.02626258 -0.2799454 -0.9596567 -0.01372581 -0.08773726 -0.9960491 -0.01372569 -0.08773362 -0.9960494 -0.04786866 -0.625158 -0.779029 -0.04786902 -0.6251492 -0.779036 -0.03779119 -0.4614 -0.886387 -0.0377916 -0.4614059 -0.886384 -0.02626281 -0.2799378 -0.9596589 -0.02626216 -0.2799351 -0.9596596 -0.01372593 -0.08773994 -0.9960489 -0.01372551 -0.0877304 -0.9960497 -0.06664705 -0.9977304 -0.009605348 -0.06664735 -0.9977304 -0.009606361 -0.06664758 -0.9977304 -0.00960344 -0.06659263 -0.997734 -0.009618937 -0.06664836 -0.9977303 -0.009608805 -0.06660604 -0.9977372 -0.009185254 -0.06661736 -0.9977324 -0.009613871 -0.06669777 -0.9977257 -0.009750545 -0.06665039 -0.9977303 -0.009606182 -0.06664663 -0.9977305 -0.00960654 -0.06664562 -0.9977304 -0.009610474 -0.06705194 -0.9977033 -0.009606182 -0.06634891 -0.9977504 -0.009602487 -0.06677007 -0.997722 -0.009623885 -0.06663525 -0.9977313 -0.009605169 -0.06664216 -0.9977307 -0.00960648 -0.0666418 -0.9977308 -0.009607017 -0.06664812 -0.9977304 -0.009603142 -0.06664794 -0.9977304 -0.009606897 -0.06664866 -0.9977304 -0.009605646 -0.9977477 0.06661355 0.007888436 -0.9977508 0.06657338 0.007839858 -0.9977503 0.06657159 0.007909834 -0.9977508 0.06657159 0.007855832 -0.9977501 0.06657373 0.007920563 -0.9977511 0.06656897 0.007840514 -0.9977508 0.06657016 0.007870376 -0.9977498 0.06657767 0.007921159 -0.9977518 0.06656318 0.007801115 -0.9977467 0.06660372 0.008102059 -0.9977505 0.0665723 0.007886946 -0.9977524 0.06657642 0.007602214 -0.9977505 0.06657361 0.007885992 -0.9977493 0.06658267 0.007938385 -0.9977508 0.06657052 0.007868885 -0.9977512 0.0665639 0.007864594 -0.9977505 0.06657308 0.007886528 -0.9977505 0.06657296 0.007885158 -0.9977537 0.0665785 0.007400691 -0.9977489 0.06656944 0.008110702 -0.9977506 0.06657177 0.00787276 -0.9977504 0.0665729 0.00788635 -0.9977488 0.06659901 0.007877707 -0.997752 0.06654733 0.007900297 -0.9977493 0.06659191 0.007878065 -0.9977513 0.06655895 0.007892727 -0.9977503 0.06657558 0.007886111 -0.9977499 0.06658327 0.007864236 -0.9977503 0.06657344 0.00789237 -0.9977502 0.06657481 0.007899701 -0.9977503 0.06657207 0.00791037 -0.9977496 0.06657719 0.007966399 -0.99775 0.06658273 0.007865428 -0.997752 0.0665462 0.007920682 -0.9977497 0.06658822 0.007849574 -0.9977515 0.06655275 0.007919728 -0.9977502 0.06658041 0.007848799 -0.9977505 0.06657409 0.007872641 -0.9977504 0.06657004 0.007908105 -0.9977507 0.06656378 0.007927298 -0.9977508 0.06657719 0.007812201 -0.9977517 0.06658023 0.00766766 -0.9977504 0.0665726 0.007887721 -0.9977505 0.06657212 0.007883548 -0.9977498 0.06658041 0.007901072 -0.9977513 0.0665633 0.00785923 -0.9977499 0.0665791 0.007897853 -0.9977505 0.06657189 0.007884144 -0.9977499 0.06657004 0.007975816 -0.9977506 0.06657129 0.007867872 -0.9977508 0.0665735 0.007826387 -0.9977501 0.0665723 0.007931411 -0.9977508 0.06657451 0.007824063 -0.9977477 0.06657654 0.008196771 -0.9977504 0.0665729 0.007887959 -0.9977504 0.06657451 0.007885277 -0.9977506 0.06657117 0.007880449 -0.9977517 0.06654918 0.007927894 -0.9977508 0.06656491 0.007904589 -0.9977504 0.06657338 0.007881224 -0.9977494 0.06657552 0.007995307 -0.9977499 0.06656998 0.007972896 -0.9977511 0.06657159 0.007813513 -0.9977502 0.06657457 0.00789833 -0.9977504 0.06657505 0.007872819 -0.9977502 0.06657361 0.00791651 -0.9977499 0.06657868 0.007910192 -0.9977511 0.06656605 0.007855713 -0.9977499 0.06657719 0.007918357 -0.9977505 0.06657195 0.007885575 -0.9977505 0.06657296 0.007884263 -0.9977498 0.06656527 0.008023202 -0.9977509 0.06657618 0.007799506 -0.9977503 0.06657165 0.007920324 -0.9977504 0.0665723 0.007908344 -0.9977505 0.06657308 0.007871508 -0.9977489 0.06658864 0.007943212 -0.9977504 0.06657332 0.007890343 -0.9977498 0.06657797 0.007919311 -0.9977509 0.06656736 0.007865726 -0.9977504 0.06657373 0.007884919 -0.9977504 0.06657397 0.007889449 -0.9977519 0.06655263 0.007868409 -0.9977511 0.06656396 0.007881045 -0.9977484 0.06660115 0.007901728 -0.9977512 0.06656104 0.007880747 -0.9977504 0.0665732 0.00788623 -0.9977505 0.06657397 0.007880747 -0.9977498 0.06657552 0.007947742 -0.9977474 0.06658327 0.008170723 -0.9977861 0.06599158 0.008259475 -0.9977429 0.06669408 0.007810711 -0.9977536 0.06652343 0.00791651 -0.9977488 0.06660085 0.007866084 -0.9977512 0.06655913 0.007900416 -0.9977499 0.06658035 0.007881999 -0.9977516 0.06655395 0.007897496 -0.9977487 0.06660252 0.007854521 -0.9977525 0.06653553 0.007937908 -0.9977483 0.0666117 0.007826387 -0.9977505 0.06657117 0.007890522 -0.9977504 0.06657379 0.007880806 -0.9977509 0.06657481 0.007805824 -0.99775 0.06657648 0.007914721 -0.9977514 0.06656676 0.00782746 -0.9977501 0.0665794 0.007884144 -0.9977485 0.0665695 0.008154451 -0.9977537 0.06657671 0.007421016 -0.9977508 0.06657642 0.007818162 -0.9977498 0.06657046 0.007995367 -0.9977502 0.06657159 0.007924795 -0.9977502 0.06657302 0.007916629 -0.9977508 0.06657308 0.007835686 -0.997751 0.06657385 0.007811784 -0.9977506 0.0665735 0.007869362 -0.9977501 0.0665695 0.007951378 -0.9977505 0.06657063 0.007907927 -0.9977507 0.0665735 0.007845818 -0.9977506 0.06657284 0.007861137 -0.9977506 0.06657373 0.007857024 -0.9977503 0.06657224 0.007911324 -0.9977502 0.06657338 0.007911741 -0.9977503 0.0665729 0.007909476 -0.9977502 0.0665726 0.007921338 -0.9977506 0.06657278 0.007874369 -0.9977506 0.06657361 0.007861793 -0.9977503 0.06657296 0.007903873 -0.9977502 0.06657266 0.007913231 -0.997751 0.06657415 0.007803082 -0.9977509 0.06657278 0.007829666 -0.9977498 0.06657093 0.007988452 -0.9977507 0.06657546 0.00783199 -0.9977509 0.06657266 0.007831811 -0.9977512 0.06657207 0.007797598 -0.9977508 0.06657445 0.007826209 -0.9977501 0.06657451 0.007919371 -0.9977503 0.06657218 0.007909357 -0.9977504 0.06657207 0.007903814 -0.9977505 0.0665726 0.007872402 -0.9977505 0.06657361 0.00788033 -0.9977502 0.0665729 0.007912814 -0.9977502 0.06657302 0.007908463 -0.9977506 0.06657332 0.007853269 -0.9977507 0.06657284 0.007849335 -0.9977501 0.0665735 0.007923722 -0.9977502 0.06657224 0.007922649 -0.9977509 0.06657201 0.007842957 -0.9977507 0.06657427 0.00784415 -0.9977502 0.06656897 0.007945835 -0.9977499 0.06657314 0.007941544 -0.997751 0.06657338 0.007809638 -0.9977507 0.06657522 0.007828533 -0.9977504 0.06656998 0.00792545 -0.99775 0.06657391 0.007934808 -0.9977495 0.06657445 0.007989048 -0.9977509 0.06657332 0.007817983 -0.9977542 0.06657052 0.007419288 -0.9977475 0.06658738 0.008132874 -0.04201573 -0.7126507 0.7002598 -0.04201668 -0.7126489 0.7002616 0.9977504 -0.06657338 -0.007883906 0.9977522 -0.06655728 -0.007790148 0.9977509 -0.06657159 -0.007838785 0.9977494 -0.06657916 -0.007965266 0.9977509 -0.06657016 -0.007841169 0.9977504 -0.06657373 -0.007890522 0.9977512 -0.06657028 -0.007817387 0.9977502 -0.06657272 -0.007922291 0.9977504 -0.06657499 -0.007868587 0.9977503 -0.06657403 -0.007891654 0.9977504 -0.06657183 -0.00791049 0.9977505 -0.0665723 -0.007886528 0.9977505 -0.06657278 -0.007881939 -0.06561815 -0.9939167 0.08845281 -0.0656194 -0.9939193 0.08842223 -0.06167978 -0.9577036 0.2810688 -0.06167846 -0.9576903 0.2811139 -0.05537384 -0.8847171 0.4628276 -0.05537235 -0.8846939 0.4628722 -0.0469349 -0.7776734 0.6269141 -0.04693204 -0.7776487 0.6269449 0.007226467 -0.01011055 0.9999229 0.007238209 -0.01011025 0.9999228 0.007231533 -0.01011061 0.9999228 0.007219791 -0.01011067 0.9999228 0.007222592 -0.01011025 0.9999229 0.00722295 -0.01011061 0.9999228 0.00723195 -0.01010984 0.9999228 0.00722295 -0.01011139 0.9999229 0.007221996 -0.01011079 0.9999229 0.007238984 -0.01010835 0.9999228 0.00722301 -0.0101124 0.9999228 0.007227778 -0.01011043 0.9999229 0.00722289 -0.01010918 0.9999228 0.007236599 -0.01011073 0.9999227 0.007229328 -0.01011162 0.9999228 0.007242143 -0.010109 0.9999228 0.007231652 -0.01010936 0.9999228 0.007200777 -0.01011133 0.9999231 0.007234573 -0.01011228 0.9999227 0.007218837 -0.0101121 0.9999229 0.00725454 -0.0101161 0.9999226 0.007177829 -0.0101121 0.9999231 0.007246017 -0.01010572 0.9999228 0.007314562 -0.01009935 0.9999223 0.007282257 -0.009978413 0.9999237 0.007227957 -0.01011061 0.9999228 0.007232129 -0.01024484 0.9999214 0.007298827 -0.009993672 0.9999235 0.007275998 -0.01009112 0.9999227 0.007198989 -0.01013565 0.9999228 0.007200241 -0.01013588 0.9999228 0.007220089 -0.01011151 0.9999228 0.007228434 -0.01011121 0.9999228 0.00722742 -0.01011329 0.9999228 0.007223188 -0.01003599 0.9999237 0.007230579 -0.01012283 0.9999227 0.00722742 -0.01010847 0.9999229 0.00722748 -0.01009589 0.9999229 0.007229447 -0.01012223 0.9999226 0.007219374 -0.01009732 0.999923 0.00724107 -0.0101149 0.9999226 0.007222414 -0.0101096 0.9999229 0.007223904 -0.01010942 0.9999228 0.007241964 -0.01010936 0.9999227 0.007236063 -0.01010906 0.9999228 0.007194459 -0.01011234 0.9999231 0.00722897 -0.0101118 0.9999228 0.00739634 -0.01010292 0.9999216 0.007221877 -0.01011061 0.9999229 0.007223427 -0.01010984 0.9999229 0.007232964 -0.01010942 0.9999228 0.007211446 -0.01012581 0.9999228 0.007238984 -0.01008886 0.999923 0.007230162 -0.01010423 0.9999228 0.00722748 -0.01011449 0.9999228 0.00722897 -0.0101248 0.9999227 0.007224559 -0.01011157 0.9999228 0.007229983 -0.01011145 0.9999228 0.007222831 -0.01011043 0.9999229 0.007236361 -0.01011282 0.9999227 0.007213592 -0.01009929 0.999923 0.007206439 -0.01011115 0.9999229 0.007267594 -0.01012748 0.9999223 0.007211625 -0.01010048 0.9999231 0.007211387 -0.01010173 0.999923 0.007027328 -0.01010096 0.9999243 0.007226467 -0.01011025 0.9999229 0.007555603 -0.009970545 0.9999217 0.007196128 -0.0101062 0.9999231 0.007195472 -0.01011949 0.999923 0.007221102 -0.01012319 0.9999227 0.007236957 -0.0100969 0.9999229 0.007229506 -0.01011657 0.9999227 0.007230043 -0.01010912 0.9999228 0.007236361 -0.01010382 0.9999229 0.007218837 -0.0101158 0.9999228 0.007230103 -0.01010733 0.9999228 0.007227361 -0.01010888 0.9999228 0.007228672 -0.01011025 0.9999228 0.007254421 -0.01010954 0.9999226 0.007199227 -0.01010322 0.9999231 0.007216632 -0.01010489 0.999923 0.007241964 -0.01010823 0.9999227 0.007230281 -0.01010841 0.9999228 0.00723344 -0.01010787 0.9999228 0.007219195 -0.01011478 0.9999228 0.00722754 -0.01009923 0.9999229 0.007220506 -0.01011121 0.9999229 0.00723046 -0.01011568 0.9999227 0.007227659 -0.01008719 0.9999231 0.007227897 -0.01010817 0.9999229 0.007233798 -0.01003164 0.9999236 -0.03669226 -0.6407864 0.766842 -0.03669363 -0.6407591 0.7668648 -0.02504307 -0.4792377 0.8773278 -0.02504235 -0.4792281 0.8773331 -0.01242917 -0.2992905 0.9540811 -0.0124287 -0.2992863 0.9540824 6.61597e-4 -0.1078584 0.9941661 6.60598e-4 -0.1078549 0.9941665 0.9977504 -0.06657308 -0.007888197 0.9977502 -0.06657415 -0.007910788 0.9977509 -0.06657105 -0.007848024 0.9977505 -0.0665726 -0.007884025 0.99775 -0.0665751 -0.007930159 0.9977505 -0.06657296 -0.007883787 0.9977503 -0.06657284 -0.007901668 0.9977508 -0.06657326 -0.007847249 0.9977511 -0.06657344 -0.007801115 0.9977487 -0.06657171 -0.008121788 0.9977506 -0.06657421 -0.007853448 0.9977504 -0.06657236 -0.007886946 0.9977505 -0.06657224 -0.007887959 0.06664717 0.9977304 0.009608089 0.06664717 0.9977304 0.009608089 -0.6583878 0.7525773 0.01236826 -0.6583881 0.7525771 0.01236885 -0.6151667 0.7882995 0.01241672 -0.6151688 0.7882978 0.01241666 -0.5230063 0.8522388 0.01239693 -0.5229906 0.8522484 0.01239949 -0.4242953 0.9054414 0.01222294 -0.4243218 0.905429 0.01222008 -0.3202723 0.947251 0.01189106 -0.3202493 0.9472587 0.01189357 -0.2121531 0.9771698 0.01141476 -0.2121488 0.9771708 0.01141494 -0.1014098 0.9947862 0.01079314 -0.1014233 0.9947849 0.01079159 0.01059061 0.9998936 0.0100333 0.01060551 0.9998934 0.01003491 0.7526431 0.6584276 0.001219034 0.7526415 0.6584295 0.001214802 0.1225125 0.9924248 0.00915116 0.1224932 0.9924273 0.009148895 0.2328224 0.9724852 0.008149266 0.232836 0.9724819 0.008151113 0.3402374 0.9403131 0.007048904 0.3402376 0.9403132 0.007048845 0.4434058 0.8963019 0.005858421 0.4433935 0.896308 0.005856812 0.5409698 0.8410296 0.004592776 0.5409927 0.8410148 0.004595637 0.6317293 0.7751822 0.003273606 0.6316962 0.7752092 0.003268718 0.7145431 0.6995888 0.00190556 0.7145743 0.699557 0.00191009 0.06664812 0.9977303 0.009607017 0.06664812 0.9977304 0.009606361 -0.007159233 0.010109 -0.9999233 -0.00727123 0.01011359 -0.9999225 -0.007220089 0.01011186 -0.9999228 -0.007246971 0.01011115 -0.9999226 -0.007216632 0.0101611 -0.9999224 -0.007193803 0.01011037 -0.9999231 -0.007273077 0.01011461 -0.9999225 -0.007230281 0.01010012 -0.9999229 -0.007230877 0.01010012 -0.9999229 -0.007235527 0.01009124 -0.9999229 -0.007250726 0.01009523 -0.9999228 -0.007218182 0.010104 -0.9999229 -0.007215738 0.01010704 -0.9999229 -0.00722146 0.01010721 -0.9999229 -0.007239222 0.01011043 -0.9999227 -0.007235109 0.01011037 -0.9999228 -0.00720483 0.01010817 -0.9999231 -0.007204115 0.01009958 -0.9999231 -0.007217049 0.01010888 -0.9999229 -0.007227301 0.01011538 -0.9999228 -0.00725311 0.01011383 -0.9999226 -0.007212877 0.01010453 -0.999923 -0.007239699 0.0101124 -0.9999228 -0.007232308 0.01011407 -0.9999227 -0.007230579 0.01010584 -0.9999228 -0.007226407 0.0101093 -0.9999228 -0.007224917 0.0101161 -0.9999228 -0.007216811 0.0101056 -0.9999229 -0.007238328 0.01011645 -0.9999227 -0.007237613 0.01009356 -0.9999229 -0.007216095 0.01010626 -0.9999229 -0.007255196 0.01013976 -0.9999223 -0.007227957 0.01011258 -0.9999228 -0.007213532 0.01012265 -0.9999228 -0.007189333 0.01017868 -0.9999224 -0.007281243 0.01010292 -0.9999225 -0.007181763 0.01009875 -0.9999232 -0.007269561 0.01012903 -0.9999223 -0.007129669 0.01001417 -0.9999246 -0.007756531 0.01051062 -0.9999147 -0.006886065 0.009900093 -0.9999274 -0.007271289 0.01013851 -0.9999222 -0.007260084 0.01011914 -0.9999225 -0.007031023 0.01009631 -0.9999243 -0.007226586 0.01010906 -0.9999228 -0.007231891 0.01012021 -0.9999227 -0.007225155 0.0101096 -0.9999229 -0.007238507 0.01010817 -0.9999228 -0.007279872 0.01010376 -0.9999225 -0.007226586 0.01011234 -0.9999228 -0.007223069 0.010109 -0.9999229 -0.007223546 0.01011109 -0.9999229 -0.007234215 0.01011067 -0.9999228 -0.00722301 0.01011067 -0.9999229 -0.007227659 0.01010996 -0.9999229 -0.007512807 0.009859502 -0.9999232 -0.007135272 0.01017314 -0.9999228 -0.007284283 0.0100876 -0.9999226 -0.007193624 0.01013529 -0.9999228 -0.007236003 0.01009869 -0.9999229 -0.007249832 0.01010584 -0.9999227 -0.007227718 0.01010996 -0.9999228 -0.007235705 0.01011371 -0.9999228 -0.007213652 0.01011359 -0.9999228 -0.007193028 0.01010483 -0.9999232 -0.007228732 0.01011019 -0.9999228 -0.00722754 0.01011025 -0.9999228 -0.007229149 0.01010984 -0.9999228 -0.007112622 0.01019716 -0.9999228 -0.007234275 0.01006597 -0.9999232 -0.007239103 0.01012045 -0.9999226 -0.007227957 0.010109 -0.9999228 -0.007184445 0.01010626 -0.9999232 -0.007272541 0.01010835 -0.9999225 -0.007123172 0.010109 -0.9999235 -0.007186114 0.01003897 -0.9999239 -0.0072878 0.01018893 -0.9999216 -0.007212758 0.0100888 -0.9999231 -0.007239997 0.01013058 -0.9999225 -0.007225453 0.01009231 -0.999923 -0.007218241 0.01010453 -0.9999229 -0.007221221 0.01010847 -0.9999229 -0.007255017 0.01014459 -0.9999223 -0.007212221 0.01009088 -0.9999231 -0.007021725 0.01003444 -0.9999251 -0.007270932 0.01012551 -0.9999223 -0.007199466 0.01012331 -0.9999229 -0.007233083 0.01014363 -0.9999224 -0.00718975 0.01005846 -0.9999237 -0.007275223 0.01012796 -0.9999223 -0.007224619 0.01010775 -0.9999229 -0.007205784 0.01010853 -0.9999231 -0.007290661 0.01013207 -0.9999222 -0.007220864 0.01011312 -0.9999228 -0.007119059 0.01008868 -0.9999238 -0.007231235 0.01011192 -0.9999228 -0.007238507 0.01013487 -0.9999225 -0.00722742 0.01009047 -0.999923 -0.007228076 0.01011735 -0.9999228 -0.007229268 0.01011967 -0.9999228 -0.007227957 0.01018738 -0.999922 -0.007218003 0.01018661 -0.9999221 -0.007218599 0.01014518 -0.9999226 -0.007245421 0.01008796 -0.9999229 -0.007252335 0.01008754 -0.9999228 -0.007224559 0.01011854 -0.9999228 -0.007193803 0.01019108 -0.9999222 -0.007226765 0.01010435 -0.9999229 -0.007233321 0.01011455 -0.9999227 -0.007234513 0.01010715 -0.9999228 -0.007199525 0.01009875 -0.9999232 -0.007237911 0.0101478 -0.9999223 -0.007438063 0.009958028 -0.9999228 -0.007217049 0.01010918 -0.9999229 -0.00720489 0.01015841 -0.9999225 -0.007230639 0.0100972 -0.9999229 -0.007256686 0.01008427 -0.9999228 -0.007221579 0.01012367 -0.9999227 -0.007200658 0.0101267 -0.9999228 -0.007209062 0.01011896 -0.9999229 -0.007286667 0.0100708 -0.9999228 -0.00731182 0.01010102 -0.9999223 -0.007012724 0.01016128 -0.9999239 -0.00722438 0.0101183 -0.9999228 -0.007217884 0.01012176 -0.9999228 -0.007225513 0.01014828 -0.9999224 -0.007224678 0.01011055 -0.9999229 -0.007229089 0.01020056 -0.9999219 -0.007175207 0.01021027 -0.9999222 -0.007235109 0.01009315 -0.999923 -0.007251203 0.01010471 -0.9999228 -0.007203996 0.01010203 -0.9999231 -0.007236123 0.01011657 -0.9999227 -0.007226169 0.01012027 -0.9999227 -0.007242858 0.01011657 -0.9999226 -0.007262885 0.01006114 -0.9999231 -0.007203698 0.0101307 -0.9999228 -0.007229328 0.0101093 -0.9999229 -0.007210612 0.01010942 -0.9999229 -0.007225871 0.0101099 -0.9999229 -0.007235527 0.01010727 -0.9999228 -0.007213354 0.01010674 -0.9999229 -0.007288873 0.01013374 -0.9999221 -0.007236838 0.01011341 -0.9999228 -0.007287979 0.01011562 -0.9999223 -0.007203221 0.01011097 -0.9999229 -0.007160604 0.01011276 -0.9999232 -0.007239341 0.01011157 -0.9999228 -0.007277309 0.01009792 -0.9999226 -0.007234871 0.01010841 -0.9999228 -0.007231235 0.01010966 -0.9999228 -0.00719738 0.01010853 -0.9999231 -0.00722748 0.01011055 -0.9999228 -0.007326245 0.01007026 -0.9999225 -0.007234454 0.01016628 -0.9999222 -0.007222473 0.01009202 -0.999923 -0.007235348 0.01005858 -0.9999232 -0.007227838 0.01011556 -0.9999228 -0.007225871 0.01012027 -0.9999227 -0.007224798 0.01010328 -0.9999229 -0.007225692 0.01011568 -0.9999228 -0.007229864 0.01009231 -0.9999229 -0.007229328 0.01010233 -0.9999229 -0.007231295 0.01010459 -0.9999228 -0.007231593 0.01005882 -0.9999233 -0.007227957 0.01010292 -0.9999229 -0.007223904 0.01011562 -0.9999228 -0.007230699 0.01013702 -0.9999225 -0.007238984 0.0101217 -0.9999226 -0.007234096 0.01011627 -0.9999227 -0.007224559 0.01010268 -0.9999229 -0.007229804 0.01007491 -0.9999232 -0.6583898 0.7525755 0.01237171 -0.6583883 0.7525769 0.0123682 -0.6151513 0.7883114 0.01242047 -0.6151694 0.7882972 0.01241791 -0.5230072 0.8522382 0.01239824 -0.5229982 0.8522436 0.01239937 -0.4242954 0.9054414 0.01222366 -0.4243084 0.9054353 0.01222145 -0.3202594 0.9472553 0.01189273 -0.3202608 0.9472548 0.01189225 -0.2121682 0.9771665 0.01141315 -0.2121631 0.9771677 0.01141357 -0.1014251 0.9947847 0.01079154 -0.1014229 0.994785 0.01079189 0.01060396 0.9998934 0.0100333 0.01060378 0.9998935 0.01003396 0.7526422 0.6584286 0.001217961 0.7526425 0.6584283 0.00121808 0.1224846 0.9924283 0.009149551 0.1224935 0.9924272 0.009150207 0.2328406 0.9724808 0.008150517 0.2328099 0.9724882 0.008147001 0.3402366 0.9403135 0.007045924 0.3402625 0.9403041 0.007048487 0.4433947 0.8963074 0.005858421 0.4434039 0.8963028 0.005859673 0.5409722 0.8410279 0.004595398 0.5409566 0.841038 0.00459361 0.6317242 0.7751863 0.003271043 0.6317223 0.775188 0.0032714 0.7145537 0.699578 0.001907467 0.7145653 0.6995662 0.001908957 -0.03102117 -0.5627586 0.8260391 -0.005912899 -0.2045604 0.9788361 -0.005912601 -0.2045534 0.9788376 -0.03101861 -0.5627322 0.8260571 -0.05139595 -0.8351408 0.5476298 -0.05139631 -0.8351517 0.5476132 -0.06395739 -0.9805263 0.1856817 -0.06395787 -0.9805482 0.1855661 -0.9977503 0.06657493 0.007885217 -0.997752 0.06654787 0.00789088 -0.9977526 0.0665397 0.007892429 -0.9977493 0.06659173 0.007879912 -0.9977515 0.06655675 0.007889986 -0.9977492 0.06659227 0.007879495 -0.9977514 0.06655937 0.007888376 -0.9977488 0.06659877 0.00787729 -0.9977513 0.06655943 0.007891058 -0.9977505 0.06657254 0.007885336 -0.9977505 0.06657248 0.007885456 -0.9977518 0.06655508 0.007857799 -0.9977503 0.06657499 0.007889151 -0.9977511 0.06656438 0.00786966 -0.9977499 0.06657987 0.007896423 -0.9977505 0.0665723 0.007885158 -0.9977499 0.06658083 0.007890284 -0.9977512 0.06656175 0.007874965 -0.9977504 0.06657475 0.00788635 -0.9977512 0.06656378 0.007877051 -0.9977501 0.06657826 0.007888257 -0.9977505 0.06657361 0.007881283 -0.9977485 0.06659942 0.007904171 -0.9977471 0.06661945 0.007912755 -0.9977669 0.0663411 0.007755637 -0.9977547 0.06650477 0.007916927 -0.997747 0.06662976 0.007854342 -0.9977511 0.06656306 0.007889986 -0.9977501 0.06657946 0.007877469 -0.9977521 0.066545 0.007906436 -0.9977518 0.06655168 0.007897019 -0.9977504 0.06657463 0.007881879 -0.9977498 0.06658428 0.007871866 -0.9977495 0.06658798 0.007872819 -0.9977515 0.06655538 0.007902264 -0.9977495 0.06658869 0.007866442 -0.9977512 0.06656044 0.007901966 -0.9977511 0.06656241 0.007894277 -0.997749 0.06659966 0.007847785 -0.9977502 0.06657534 0.007886707 -0.9977515 0.06655883 0.007880389 -0.9977496 0.06658554 0.007890343 -0.9977501 0.06657946 0.00788635 -0.9977504 0.06657409 0.007886528 -0.9977515 0.06655639 0.007881939 -0.9977506 0.06657183 0.007885158 -0.06664806 -0.9977303 -0.009606122 -0.06664752 -0.9977304 -0.009606659 -0.5602921 0.04539126 -0.8270505 -0.201721 0.02290076 -0.9791753 -0.2016745 0.02290225 -0.9791848 -0.5603828 0.04539614 -0.8269888 -0.8336049 0.06097048 -0.548986 -0.8335971 0.06096851 -0.5489979 -0.9799947 0.06726521 -0.1873123 -0.9799749 0.06726521 -0.1874154 -0.007227957 0.01011055 -0.9999228 -0.007228195 0.01011037 -0.9999228 -0.8256048 0.04973751 0.5620524 -0.9771534 0.0633192 0.2028843 -0.9771548 0.0633198 0.2028774 -0.8256093 0.04973763 0.5620459 -0.5482941 0.02857834 0.8357973 -0.5482947 0.02857822 0.8357968 -0.1875853 0.003072619 0.9822435 -0.1875654 0.003071725 0.9822474 -0.04304313 -0.5459589 -0.8367056 -0.02008754 -0.1846901 -0.9825916 -0.02009487 -0.184728 -0.9825842 -0.04303508 -0.5458908 -0.8367505 -0.05943173 -0.8239606 -0.5635219 -0.05942469 -0.8239178 -0.5635853 -0.06677919 -0.9765838 -0.2045106 -0.06677466 -0.9765912 -0.204477 -0.2600601 -0.9644597 -0.04675996 -0.2310167 -0.9656985 -0.1185655 -0.1768473 -0.9687803 -0.1737517 -0.1054619 -0.9732716 -0.2040109 -0.6068543 -0.7866701 -0.1134817 -0.6068476 -0.786686 -0.1134069 -0.8561486 -0.4906977 -0.1619428 -0.8561643 -0.4906882 -0.1618888 -0.9746196 -0.125045 -0.185689 -0.9746214 -0.1250349 -0.185687 -0.1687496 -0.8116422 -0.5592501 -0.1687078 -0.8116372 -0.55927 -0.2052076 -0.5277569 -0.8242345 -0.2052135 -0.5277315 -0.8242493 -0.2107477 -0.1685389 -0.962902 -0.2107329 -0.1685302 -0.9629067 -0.3706068 -0.7990583 -0.4734516 -0.3705867 -0.7989767 -0.4736052 -0.505195 -0.5089172 -0.6969801 -0.5052476 -0.5089422 -0.6969238 -0.5627725 -0.1465073 -0.813525 -0.5627155 -0.1464446 -0.8135757 -0.5244281 -0.7901658 -0.3171958 -0.5244158 -0.7902592 -0.3169838 -0.7337453 -0.4959377 -0.4643959 -0.7337179 -0.4959066 -0.4644725 -0.8309392 -0.1312012 -0.5406722 -0.8309315 -0.1311928 -0.540686 -0.8666049 -0.4989937 0.001218855 -0.99158 -0.1293635 0.005859315 -0.9915805 -0.1293594 0.005859494 -0.8665858 -0.4990267 0.001218438 -0.6097615 -0.7925769 -0.0036062 -0.609763 -0.7925757 -0.003606081 -0.2599796 -0.965582 -0.007883608 -0.260075 -0.9655563 -0.00788325 -0.9905512 -0.1296472 0.04472178 -0.9880517 -0.1007887 0.1166002 -0.9840016 -0.04665958 0.1719411 -0.9790018 0.02468168 0.2023525 -0.8605399 -0.4971179 0.1111075 -0.860578 -0.4970758 0.111001 -0.6004158 -0.783612 0.1595408 -0.6004674 -0.7835838 0.1594848 -0.2538845 -0.9496436 0.183629 -0.2537479 -0.9496563 0.1837528 -0.8278625 -0.0600959 0.5577028 -0.8279231 -0.06021422 0.5576 -0.5518912 -0.1346303 0.8229768 -0.5518264 -0.1345694 0.8230304 -0.1968486 -0.1880168 0.9622372 -0.1968699 -0.18803 0.9622302 -0.8420301 -0.2617344 0.4716785 -0.8420268 -0.2617423 0.4716797 -0.5727851 -0.434113 0.6953151 -0.5728414 -0.4341515 0.6952447 -0.2214304 -0.5395637 0.8123051 -0.2215044 -0.539598 0.8122622 -0.8535249 -0.4152448 0.3147491 -0.853523 -0.4152487 0.3147493 -0.5899739 -0.6620569 0.4621813 -0.5898429 -0.6620345 0.4623806 -0.2414078 -0.8069605 0.5390149 -0.2414099 -0.8069736 0.5389943 0.9977501 -0.06657373 -0.007921457 0.9977508 -0.06657522 -0.007812261 0.9977505 -0.06657451 -0.007866144 0.997751 -0.06657451 -0.007803618 0.9977502 -0.06657552 -0.007886648 0.9977502 -0.06657582 -0.00789678 0.9977503 -0.06657546 -0.007883369 0.9977512 -0.06655722 -0.00791496 0.9977496 -0.06658834 -0.007873296 0.9977515 -0.06655222 -0.007915437 0.9977487 -0.06660562 -0.00783801 0.9977501 -0.06657874 -0.007890641 0.9977498 -0.06658339 -0.007878661 0.9977485 -0.06660461 -0.007857441 0.9977498 -0.0665735 -0.007965147 0.9977502 -0.06657367 -0.007902622 0.9977504 -0.06657713 -0.007863879 0.9977504 -0.0665732 -0.007882773 0.9977507 -0.06656944 -0.007887959 0.9977501 -0.06657963 -0.007876396 0.9977514 -0.06655663 -0.007900118 0.9977511 -0.06656175 -0.007897138 0.9977504 -0.06657439 -0.007889389 0.9977492 -0.0665903 -0.007887542 0.9977502 -0.06657522 -0.007887363 0.9977518 -0.06655371 -0.007882535 0.9977465 -0.06662344 -0.007960021 0.997741 -0.06669813 -0.008020997 0.9977563 -0.06649756 -0.007787942 0.9977489 -0.06659299 -0.007908284 0.9977526 -0.066545 -0.007845222 0.9977496 -0.06658393 -0.00790286 0.9977495 -0.06658345 -0.007910609 0.9977504 -0.06657487 -0.007886826 0.9977504 -0.06658506 -0.007789194 0.9977505 -0.0665701 -0.007900714 0.9977512 -0.06656193 -0.007887244 0.9977502 -0.06657695 -0.007883369 0.9977509 -0.06656539 -0.007883071 0.9977502 -0.06657707 -0.007887125 0.9977509 -0.06656533 -0.007880806 0.9977511 -0.06656396 -0.007877171 0.9977506 -0.06657046 -0.007888257 0.9977505 -0.06657212 -0.007889986 0.9977504 -0.06657379 -0.007893562 0.99775 -0.06657713 -0.007911443 0.9977507 -0.06657296 -0.007854819 0.9977502 -0.06657135 -0.007929325 0.9977513 -0.06656682 -0.007826685 0.9977505 -0.06657153 -0.00788027 0.9977504 -0.06656956 -0.007917225 0.9977504 -0.06657111 -0.007914304 0.9977508 -0.06657212 -0.007853448 0.9977507 -0.06657046 -0.007867813 0.9977503 -0.0665732 -0.007906436 0.9977508 -0.06656932 -0.007868289 0.9977507 -0.06656837 -0.007880985 0.9977506 -0.06656837 -0.007901847 0.9977504 -0.06657749 -0.007859647 0.9977505 -0.06657278 -0.007873475 0.9977504 -0.06657367 -0.007881462 0.9977505 -0.06657207 -0.007889747 0.9977503 -0.06657308 -0.007906794 0.9977501 -0.06657791 -0.007881164 0.9977501 -0.0665788 -0.007884025 0.9977504 -0.06657212 -0.007902681 0.9977506 -0.06656879 -0.007895708 0.9977504 -0.06657159 -0.007909059 0.9977505 -0.06657409 -0.007866144 0.9977504 -0.06657546 -0.007868528 0.9977506 -0.06657129 -0.007888436 0.9977498 -0.0665791 -0.007917225 0.9977508 -0.0665723 -0.007846593 0.9977506 -0.06657087 -0.007886648 0.9977504 -0.06656903 -0.007928848 0.9977505 -0.06658047 -0.007810771 0.9977506 -0.06657165 -0.007879495 0.9977506 -0.06656968 -0.007891595 0.9977505 -0.06656932 -0.007911562 0.9977504 -0.06657302 -0.007896006 0.9977504 -0.0665735 -0.007888019 0.9977506 -0.0665723 -0.007875621 0.9977506 -0.06657129 -0.007885515 0.9977505 -0.06657212 -0.007887423 0.9977505 -0.06657427 -0.007863938 0.9977508 -0.06657302 -0.007843017 0.9977507 -0.06656658 -0.007898986 0.9977508 -0.06656605 -0.007896661 0.9977508 -0.06656438 -0.007906556 0.9977505 -0.06657207 -0.007884979 0.9977506 -0.06657165 -0.007879614 0.9977506 -0.06657183 -0.007874786 0.9977504 -0.06657081 -0.007915973 0.9977505 -0.06657582 -0.007867276 0.9977506 -0.06656938 -0.007896602 0.9977506 -0.06656777 -0.007903218 0.9977505 -0.06657433 -0.007874965 0.9977508 -0.06657385 -0.007836639 0.9977507 -0.06656581 -0.007906317 0.9977506 -0.06657099 -0.007882952 -2.00366e-5 -0.1179165 0.9930235 -0.007268548 -0.2243549 0.9744804 -0.007268726 -0.2243636 0.9744785 -0.01443058 -0.3281493 0.9445157 -0.0144307 -0.3281496 0.9445156 -0.02142411 -0.4281145 0.9034706 -0.02142363 -0.4281198 0.9034681 -0.02816712 -0.5230605 0.85183 -0.02816927 -0.5230431 0.8518406 -0.03458124 -0.611834 0.79023 -0.03457766 -0.611853 0.7902155 -0.04058492 -0.6934915 0.7193209 -0.04058849 -0.6934651 0.7193461 -0.04612016 -0.7669739 0.6400188 -0.04611575 -0.7669909 0.6399989 -0.05110549 -0.8314918 0.5531814 -0.05110746 -0.8314782 0.5532016 -0.05549913 -0.8862413 0.4598872 -0.05549949 -0.8862413 0.4598872 -0.05924004 -0.9306141 0.3611762 -0.05924296 -0.9306014 0.3612082 -0.06228953 -0.9640643 0.2582636 -0.06228226 -0.9640748 0.2582265 -0.06459778 -0.986227 0.1522611 -0.06460493 -0.9862167 0.1523252 -0.06616359 -0.9968135 0.04455709 -0.06616014 -0.9968147 0.04453462 -1.95563e-5 -0.1179228 0.9930227 0.007227957 -0.01011252 0.9999228 0.007227957 -0.0101099 0.9999228 0.01439023 0.09782117 0.9951 0.01439106 0.0978204 0.9951001 0.02138572 0.2046092 0.9786102 0.02138513 0.2046114 0.9786098 0.02812772 0.308987 0.9506503 0.02812916 0.3089787 0.9506529 0.0345453 0.4097715 0.9115338 0.03454536 0.4097672 0.9115359 0.04055452 0.5057252 0.861741 0.04055404 0.5057198 0.8617441 0.0460872 0.5957434 0.8018515 0.04608613 0.5957555 0.8018426 0.05107939 0.6788024 0.7325423 0.05108124 0.67879 0.7325536 0.05547654 0.7538859 0.6546592 0.05547606 0.7538886 0.654656 0.05921924 0.8201191 0.5691202 0.05921745 0.8201269 0.5691092 0.06226843 0.8767822 0.4768393 0.06226682 0.8767809 0.4768419 0.06458669 0.9231266 0.3790328 0.06458729 0.9231185 0.3790524 0.06615012 0.9586595 0.2767602 0.06614857 0.9586563 0.276772 0.06693607 0.9829562 0.1712213 0.06694066 0.9829518 0.171245 0.06694316 0.9957176 0.06375807 0.06693834 0.9957211 0.06370931 1.92353e-5 0.1179205 -0.993023 0.007267117 0.2243477 -0.9744821 0.007270693 0.2243595 -0.9744793 0.01443362 0.3281661 -0.9445099 0.01443177 0.3281566 -0.9445132 0.02142542 0.4281169 -0.9034695 0.02142196 0.4280967 -0.903479 0.02816611 0.5230437 -0.8518403 0.02816432 0.5230413 -0.8518419 0.03457838 0.6118544 -0.7902142 0.03457844 0.6118589 -0.7902108 0.04058569 0.6934838 -0.7193282 0.04058754 0.6934886 -0.7193235 0.04611796 0.7669765 -0.6400159 0.0461167 0.7669752 -0.6400176 0.05110687 0.8314758 -0.5532053 0.05111056 0.8314846 -0.553192 0.05550193 0.8862404 -0.4598888 0.05549883 0.8862332 -0.4599029 0.05924069 0.9306123 -0.3611807 0.05923986 0.9306087 -0.36119 0.06228637 0.964075 -0.2582245 0.06228131 0.9640656 -0.2582609 0.06459659 0.9862189 -0.1523144 0.06461012 0.9862269 -0.1522566 0.0661683 0.9968153 -0.04450958 0.06615525 0.9968132 -0.04457581 2.05183e-5 0.1179239 -0.9930226 -0.00722891 0.01010608 -0.9999229 -0.007226169 0.0101161 -0.9999228 -0.014391 -0.09782344 -0.9950997 -0.01439166 -0.09782373 -0.9950997 -0.02138686 -0.2046101 -0.97861 -0.02138435 -0.204598 -0.9786126 -0.02812826 -0.3090023 -0.9506453 -0.02812933 -0.3090003 -0.9506459 -0.03454238 -0.4097516 -0.9115429 -0.03454631 -0.4097665 -0.9115361 -0.04055553 -0.5057174 -0.8617454 -0.04055583 -0.5057196 -0.8617442 -0.04609131 -0.595766 -0.8018346 -0.04608809 -0.5957497 -0.8018469 -0.05108213 -0.6787979 -0.7325463 -0.05108362 -0.6788097 -0.7325352 -0.05547791 -0.7538781 -0.6546679 -0.05547636 -0.7538793 -0.6546666 -0.05922079 -0.8201329 -0.5691002 -0.05922335 -0.8201367 -0.5690943 -0.06227409 -0.8767772 -0.4768478 -0.06227058 -0.876774 -0.4768542 -0.06459033 -0.9231152 -0.3790602 -0.06459295 -0.92312 -0.3790479 -0.06615686 -0.9586651 -0.276739 -0.06614869 -0.9586539 -0.2767801 -0.06693619 -0.9829549 -0.1712293 -0.06693702 -0.9829557 -0.1712242 -0.06693881 -0.9957186 -0.06374728 -0.06694304 -0.9957194 -0.0637294 -0.01708287 -0.1386901 -0.9901885 -0.02655261 -0.2844363 -0.9583272 -0.02655053 -0.2844256 -0.9583305 -0.03543031 -0.4237923 -0.9050663 -0.0354321 -0.4237874 -0.9050684 -0.0435152 -0.5536915 -0.8315843 -0.04351407 -0.5536866 -0.8315875 -0.05062568 -0.6712225 -0.7395251 -0.05062276 -0.6712274 -0.7395209 -0.05660361 -0.7737417 -0.6309674 -0.05660104 -0.7737444 -0.6309643 -0.06132078 -0.8590131 -0.5082679 -0.06133407 -0.8590286 -0.5082402 -0.06468027 -0.9250446 -0.3743115 -0.06471478 -0.925067 -0.3742503 -0.06661951 -0.9704642 -0.2318644 -0.06658798 -0.9704538 -0.2319171 -0.0670033 -0.9941883 -0.08426332 -0.06700336 -0.9941908 -0.08423376 -0.01708567 -0.1386984 -0.9901874 -0.007232964 0.01010411 -0.9999228 -0.007224202 0.01011776 -0.9999228 0.002781867 0.1587046 -0.9873223 0.002786993 0.1586995 -0.9873231 0.01274067 0.3037493 -0.9526668 0.01273661 0.3037486 -0.9526671 0.02240347 0.4419962 -0.8967372 0.02240657 0.4419955 -0.8967374 0.03157788 0.5704059 -0.8207558 0.03157848 0.5703913 -0.820766 0.04003965 0.6860574 -0.7264449 0.04002499 0.6860445 -0.7264578 0.04758703 0.7863467 -0.6159502 0.04760253 0.7863672 -0.6159227 0.05410635 0.8691217 -0.49163 0.05410647 0.8691208 -0.4916317 0.05940014 0.9324493 -0.3563848 0.05940139 0.9324471 -0.3563901 0.06336879 0.9749644 -0.2131407 0.06336987 0.9749583 -0.213168 0.06592309 0.9956954 -0.06515234 0.0659222 0.9956948 -0.06516373 0.01707947 0.1386989 0.9901874 0.02655065 0.2844275 0.9583299 0.026551 0.2844224 0.9583314 0.03542762 0.4237903 0.9050673 0.03543245 0.4237866 0.9050688 0.04351747 0.5536924 0.8315834 0.04351842 0.5536973 0.8315802 0.05063295 0.6712076 0.7395382 0.05062955 0.6711937 0.739551 0.05661678 0.7737738 0.6309269 0.05661755 0.7737762 0.6309239 0.06133282 0.858999 0.5082904 0.06133252 0.8589995 0.5082895 0.06468147 0.9250693 0.3742501 0.06467831 0.9250694 0.3742505 0.06658214 0.9704647 0.2318732 0.06658411 0.970466 0.2318675 0.06699955 0.9941827 0.08433222 0.06700372 0.9941814 0.08434444 0.01707881 0.1386963 0.9901878 0.007229089 -0.01011049 0.9999228 0.007226705 -0.01010495 0.9999229 -0.002785325 -0.1586962 0.9873235 -0.002786397 -0.158697 0.9873235 -0.01273679 -0.3037353 0.9526714 -0.01273536 -0.3037474 0.9526675 -0.02240282 -0.4420207 0.896725 -0.02241098 -0.442 0.8967351 -0.03158116 -0.570373 0.8207785 -0.03157395 -0.5704047 0.8207567 -0.04003399 -0.6860567 0.7264458 -0.04003536 -0.6860538 0.7264485 -0.04759943 -0.7863406 0.6159569 -0.04759091 -0.7863561 0.6159377 -0.05409634 -0.8691287 0.4916188 -0.05410635 -0.8691155 0.4916409 -0.05940198 -0.9324514 0.3563786 -0.05940294 -0.932456 0.3563666 -0.06337004 -0.9749584 0.2131677 -0.06335669 -0.9749702 0.2131177 -0.06590896 -0.9956998 0.06509923 -0.06592273 -0.9956965 0.06513559 0.06664735 0.9977304 0.009606659 0.06664788 0.9977304 0.009606361 0.9977505 -0.06657159 -0.007884979 0.9977509 -0.06656664 -0.00788325 0.9977477 -0.06661224 -0.007892549 0.99775 -0.06657916 -0.007885396 0.9977538 -0.06652396 -0.00787574 0.9977474 -0.06661671 -0.007894635 0.9977523 -0.06654542 -0.007877111 0.9977505 -0.06657141 -0.007885217 0.9977494 -0.06658887 -0.007891058 0.9977509 -0.06656736 -0.007882952 0.99775 -0.06658023 -0.007887065 0.9977511 -0.06656384 -0.007880568 0.9977505 -0.06657177 -0.007886648 0.9977505 -0.06657296 -0.007885098 0.9977504 -0.06657278 -0.007885158 0.9977502 -0.0665782 -0.007870554 0.9977503 -0.06658172 -0.007827281 0.9977505 -0.06657463 -0.007871687 0.9977508 -0.06656312 -0.00791943 0.9977504 -0.06657558 -0.00787121 0.9977506 -0.0665661 -0.007907509 0.9977499 -0.0665844 -0.007856488 0.9977507 -0.06656962 -0.007884383 0.9977508 -0.06656664 -0.007892429 0.9977508 -0.06656748 -0.0078938 0.9977506 -0.06657046 -0.007883965 0.9977498 -0.0665853 -0.00787425 0.9977515 -0.06655603 -0.007897198 0.9977493 -0.06659191 -0.007875025 0.9977504 -0.06657451 -0.007882416 0.9977496 -0.06658619 -0.007879316 0.9977559 -0.06648677 -0.007926046 0.9977432 -0.06668859 -0.007822573 0.997736 -0.06678026 -0.007968604 0.9977552 -0.06650525 -0.007856965 0.9977507 -0.06656897 -0.007881999 0.9977477 -0.06661337 -0.007903814 0.9977509 -0.0665673 -0.007882952 0.9977518 -0.06655412 -0.007871925 0.9977508 -0.06656813 -0.007881343 0.997749 -0.06659197 -0.007903158 0.9977502 -0.06657719 -0.007886886 0.9977505 -0.06657165 -0.007879197 0.9977515 -0.06655895 -0.007865726 0.9977495 -0.06658548 -0.007912874 0.9977515 -0.06656199 -0.007852852 0.9977495 -0.06658309 -0.007911384 0.9977507 -0.0665701 -0.007869064 0.9977502 -0.06657421 -0.007905602 0.997751 -0.06656986 -0.007845103 0.9977496 -0.06658667 -0.007878303 0.9977501 -0.06657838 -0.007884025 0.9977518 -0.06655234 -0.007890343 0.99775 -0.06658041 -0.007882058 0.9977514 -0.06655806 -0.007890522 0.9977489 -0.06659859 -0.007877528 0.9977524 -0.06654298 -0.007892072 0.997749 -0.0665943 -0.007881045 0.9977512 -0.06656235 -0.007887542 0.9977508 -0.06656759 -0.007885098 0.9977488 -0.06659835 -0.00788033 0.9977506 -0.06657081 -0.007884919 0.05223751 0.6983515 0.7138463 0.0522381 0.6983547 0.7138431 0.04201692 0.7126553 -0.700255 0.04201555 0.7126482 -0.7002623 0.7106286 -0.05422317 0.7014748 0.7106264 -0.05422276 0.7014772 0.7526438 0.6584268 0.001217365 0.7526422 0.6584287 0.001217007 0.7004044 -0.03992491 -0.7126287 0.7004055 -0.0399245 -0.7126277 0.007233619 -0.01011198 0.9999228 0.007241427 -0.01011103 0.9999228 0.007224559 -0.01010936 0.9999229 0.007227241 -0.01014202 0.9999225 0.007223665 -0.01008445 0.9999231 0.007225632 -0.01011836 0.9999228 0.007227301 -0.01010292 0.9999229 0.00723946 -0.01015508 0.9999223 0.007214188 -0.0100966 0.9999231 0.007224082 -0.01011079 0.9999229 0.007224857 -0.01011008 0.9999228 0.007241487 -0.01011067 0.9999227 0.007218062 -0.01012074 0.9999228 0.00721693 -0.01009804 0.999923 0.007201492 -0.01011723 0.999923 0.00724399 -0.01012271 0.9999226 0.007240772 -0.01011151 0.9999228 0.006789386 -0.01005673 0.9999265 0.007234334 -0.01015114 0.9999224 0.007237732 -0.01012152 0.9999226 0.007195651 -0.01009219 0.9999233 0.00736612 -0.01005536 0.9999224 0.00722295 -0.01010978 0.9999228 0.007225573 -0.01011073 0.9999229 0.007196664 -0.01011651 0.9999229 0.007245659 -0.01010638 0.9999227 0.007229745 -0.01011002 0.9999228 0.007229328 -0.01011651 0.9999227 0.007226109 -0.01012349 0.9999226 0.007221877 -0.01014107 0.9999226 0.00723505 -0.01000893 0.9999238 0.007249057 -0.01010978 0.9999226 0.007203936 -0.01011204 0.9999229 0.007244706 -0.01010632 0.9999228 0.007235527 -0.01011079 0.9999228 0.007227063 -0.01010984 0.9999228 0.007221162 -0.01011461 0.9999228 0.007219135 -0.01011204 0.9999228 0.007232844 -0.01007038 0.9999232 0.007213473 -0.01003402 0.9999237 0.007232487 -0.01010507 0.9999228 0.007227182 -0.01015037 0.9999224 0.007227778 -0.01010936 0.9999228 0.007235229 -0.01010936 0.9999228 0.00726509 -0.01010382 0.9999226 0.007181525 -0.01011949 0.9999231 0.007293283 -0.01011651 0.9999223 0.007205426 -0.01010102 0.9999231 0.007177472 -0.01012206 0.9999231 0.007231652 -0.01010936 0.9999228 0.007229149 -0.01011133 0.9999228 0.007203817 -0.01004326 0.9999237 0.00724411 -0.01010459 0.9999228 0.007227003 -0.01009815 0.999923 0.007230579 -0.01011073 0.9999228 0.007238328 -0.01003676 0.9999235 0.007227778 -0.0101028 0.9999229 0.007226467 -0.01015192 0.9999224 0.007227897 -0.01006805 0.9999232 0.007231593 -0.0101493 0.9999224 0.007226884 -0.01010304 0.9999229 0.007225632 -0.01011061 0.9999229 0.007227659 -0.01010584 0.9999228 0.00722748 -0.01010555 0.9999228 0.007229685 -0.01010346 0.9999228 0.00723195 -0.01011621 0.9999227 0.007223427 -0.01010715 0.9999229 0.007245838 -0.01011663 0.9999226 0.007220566 -0.01011276 0.9999228 0.00720489 -0.01010704 0.999923 0.007232069 -0.01011103 0.9999228 0.007222771 -0.01011091 0.9999228 0.007492244 -0.01011109 0.9999209 0.007139563 -0.0101124 0.9999234 0.007278919 -0.01011401 0.9999225 0.007222712 -0.01011031 0.9999228 0.007229149 -0.01011127 0.9999228 0.007230699 -0.01010179 0.9999229 0.007218778 -0.01014387 0.9999225 0.007250189 -0.01001054 0.9999237 0.007237315 -0.01011037 0.9999228 0.007227778 -0.01011204 0.9999228 0.007217288 -0.01010996 0.9999229 0.007227301 -0.01011085 0.9999228 0.007226884 -0.01010984 0.9999228 0.007228076 -0.01011443 0.9999228 0.007230639 -0.01010864 0.9999228 0.00722438 -0.01011097 0.9999228 0.007223486 -0.009969294 0.9999243 0.007227778 -0.01009148 0.9999231 0.007221996 -0.01008605 0.9999231 0.007232248 -0.01013958 0.9999225 0.007223606 -0.01009482 0.999923 0.007225513 -0.01010912 0.9999228 0.007229626 -0.01010763 0.9999229 0.007227897 -0.01011991 0.9999228 0.007228314 -0.01010519 0.9999228 0.007233679 -0.01014494 0.9999225 0.007225573 -0.01011657 0.9999228 0.007227599 -0.01010906 0.9999228 0.007229268 -0.01012074 0.9999227 0.007224738 -0.01010823 0.9999229 0.00723052 -0.0101096 0.9999228 0.007228791 -0.01011419 0.9999228 0.007229685 -0.01011091 0.9999228 0.007210612 -0.01010978 0.999923 0.007237374 -0.01011061 0.9999227 0.007232666 -0.01011091 0.9999228 0.007219016 -0.01011437 0.9999229 0.007223069 -0.01010876 0.9999228 0.007244527 -0.01010155 0.9999228 0.007217705 -0.01012313 0.9999228 0.007230699 -0.01009982 0.9999229 0.007228195 -0.01011186 0.9999228 0.007228553 -0.01010698 0.9999229 0.007224559 -0.01020902 0.9999218 0.007229208 -0.01010411 0.9999228 0.007227718 -0.01011586 0.9999228 0.007231056 -0.01010066 0.9999229 0.007229924 -0.01011562 0.9999228 0.007231712 -0.01013779 0.9999225 0.007144212 -0.01017987 0.9999227 0.00723344 -0.01010018 0.9999229 0.007233142 -0.01013374 0.9999225 0.007218301 -0.01008152 0.9999232 0.007205545 -0.01010775 0.999923 0.007234513 -0.01010495 0.9999228 0.007240831 -0.0101177 0.9999227 0.007233917 -0.01012986 0.9999225 0.00719881 -0.01008695 0.9999232 0.007276535 -0.01009792 0.9999226 0.007193148 -0.01024693 0.9999216 0.007233858 -0.01011824 0.9999226 0.007221519 -0.01010084 0.9999229 0.007220923 -0.01013916 0.9999225 0.007230818 -0.01007634 0.9999231 0.007230222 -0.01004189 0.9999235 0.007226765 -0.01009482 0.9999229 0.007216989 -0.01013112 0.9999226 0.007231712 -0.01010161 0.9999229 0.007220268 -0.01010203 0.999923 0.007226586 -0.01012402 0.9999226 0.007229506 -0.01014256 0.9999225 0.007239103 -0.01008838 0.9999229 0.007502555 -0.009893834 0.9999229 0.007129549 -0.01017719 0.9999228 0.007216751 -0.01010221 0.999923 0.007250666 -0.010095 0.9999228 0.007220208 -0.01009476 0.9999231 0.007217884 -0.01012325 0.9999228 0.007196307 -0.01012682 0.9999229 0.007283866 -0.01009559 0.9999225 0.007228791 -0.0101093 0.9999229 0.007229208 -0.01010429 0.9999229 0.007147371 -0.01020586 0.9999225 0.007146298 -0.01012444 0.9999232 0.007273197 -0.01010066 0.9999226 0.007201433 -0.01010769 0.999923 0.00723344 -0.01012384 0.9999226 0.007216691 -0.01011234 0.9999229 0.007219672 -0.01017063 0.9999222 0.007228076 -0.01005268 0.9999234 0.007230937 -0.01016557 0.9999222 0.007225871 -0.01010936 0.9999228 0.00722146 -0.0101037 0.9999229 0.007235944 -0.01011991 0.9999226 0.007237851 -0.01015645 0.9999222 0.007227659 -0.01017981 0.9999222 0.007221639 -0.01005417 0.9999235 0.007240176 -0.01015985 0.9999223 0.007228553 -0.01012593 0.9999227 0.007212102 -0.01006746 0.9999233 0.007232308 -0.01011508 0.9999228 0.007227361 -0.01011073 0.9999228 0.007206022 -0.01026177 0.9999214 0.007231414 -0.01011848 0.9999227 0.007228314 -0.0101031 0.9999229 0.007232546 -0.01011049 0.9999228 0.007237851 -0.01011204 0.9999227 0.007235527 -0.01011413 0.9999227 0.007217407 -0.01010823 0.9999229 0.007223963 -0.01010942 0.9999229 0.00721687 -0.01010924 0.9999229 0.007230162 -0.01010447 0.9999229 0.007223844 -0.01010453 0.9999229 0.007243871 -0.01010054 0.9999228 0.007215976 -0.01012063 0.9999228 0.007230341 -0.01010173 0.9999229 0.00722748 -0.0101211 0.9999227 0.007226467 -0.0101009 0.9999229 0.007236838 -0.01010209 0.9999228 0.007231116 -0.01008081 0.9999231 0.007218122 -0.01016414 0.9999224 0.007221341 -0.01013314 0.9999226 0.007227838 -0.0101183 0.9999227 0.007223963 -0.01010906 0.9999229 0.007220745 -0.01010817 0.9999229 0.007254421 -0.01010817 0.9999226 0.007222533 -0.01010751 0.9999229 0.007304549 -0.01011216 0.9999222 0.007219493 -0.0101245 0.9999228 0.007214665 -0.01011383 0.9999229 0.007190465 -0.01010799 0.9999231 0.007223784 -0.01010864 0.9999229 0.007225453 -0.01011455 0.9999228 0.007252454 -0.01011371 0.9999226 0.007219374 -0.01010543 0.9999229 0.007233202 -0.01012045 0.9999226 0.007235467 -0.01008385 0.9999231 0.007231414 -0.0101028 0.9999228 0.007209777 -0.01013976 0.9999226 0.007215321 -0.01011657 0.9999229 0.007217764 -0.01011598 0.9999228 0.007237851 -0.01009261 0.9999229 0.007216632 -0.0101161 0.9999229 0.007234215 -0.01007199 0.9999232 0.007228493 -0.01009893 0.9999229 0.007232666 -0.01018291 0.9999221 0.007223725 -0.01012188 0.9999228 0.007225573 -0.0101335 0.9999226 0.007230281 -0.01008296 0.9999231 0.007227778 -0.01009654 0.9999229 0.007224857 -0.0101028 0.9999229 0.007234334 -0.01009154 0.9999229 0.001252472 0.9999483 0.01010471 -0.1293001 0.9915449 0.01096433 -0.1292831 0.9915471 0.01096004 -0.2575947 0.9661831 0.01163125 -0.2576054 0.9661803 0.01163381 -0.3815272 0.9242783 0.0121057 -0.3815271 0.9242784 0.01210576 -0.4989049 0.8665685 0.01237046 -0.4988989 0.866572 0.01236766 -0.6077479 0.7940329 0.01242095 -0.6077549 0.7940275 0.01242351 -0.7062061 0.7079002 0.01226371 -0.7062062 0.7079 0.01226377 -0.792563 0.6096742 0.01189458 -0.7925838 0.6096468 0.01190251 -0.8653936 0.5009648 0.01133006 -0.8653736 0.5009995 0.01131999 -0.9233747 0.3837548 0.01055371 -0.9233742 0.3837561 0.01055252 -0.965569 0.2599697 0.009606301 -0.9655787 0.2599335 0.009614586 -0.991258 0.1316637 0.008503437 -0.991253 0.131702 0.00849533 0.001265227 0.9999483 0.01010149 0.1317514 0.9912413 0.009070217 0.1317641 0.9912397 0.009067595 0.260023 0.9655703 0.007880747 0.2600126 0.965573 0.007884144 0.3838245 0.9233828 0.006562352 0.383825 0.9233826 0.00656259 0.5010544 0.8654008 0.0051288 0.50108 0.8653858 0.005122065 0.6097491 0.7925864 0.003599822 0.6097222 0.7926071 0.003607392 0.7079765 0.7062332 0.002024173 0.7079766 0.706233 0.002024114 0.7940933 0.6077958 4.06361e-4 0.7940884 0.6078023 4.08345e-4 0.8666243 0.4989598 -0.001216709 0.8666297 0.4989506 -0.001219809 0.9243331 0.3815764 -0.002823412 0.9243324 0.3815779 -0.00282222 0.9662256 0.2576607 -0.00437802 0.9662256 0.2576603 -0.004377841 0.991581 0.1293556 -0.005858421 0.9915809 0.1293563 -0.005858421 0.9999732 -0.001153707 -0.007238686 0.9999732 -0.001151978 -0.007238686 -0.001239597 -0.9999483 -0.01009857 0.12927 -0.991549 -0.01095688 0.129271 -0.9915488 -0.01095694 0.2576155 -0.9661776 -0.01162821 0.2575936 -0.9661833 -0.01163327 0.3815259 -0.924279 -0.01210623 0.3815479 -0.9242699 -0.01210021 0.4988935 -0.8665753 -0.01236498 0.4988828 -0.8665813 -0.0123676 0.6077483 -0.7940328 -0.01242101 0.6077544 -0.7940281 -0.0124185 0.7062053 -0.7079011 -0.01225942 0.706205 -0.7079014 -0.01225954 0.7925797 -0.6096525 -0.01189064 0.792575 -0.6096585 -0.01189249 0.8653793 -0.5009896 -0.01131981 0.8653641 -0.5010157 -0.01132708 0.9233752 -0.3837535 -0.01056122 0.9233879 -0.3837232 -0.01055324 0.9655769 -0.2599405 -0.009606599 0.9655755 -0.2599458 -0.009607434 0.9912535 -0.1316983 -0.008495926 0.9912536 -0.1316971 -0.008495569 -0.00125277 -0.9999483 -0.01010173 -0.1317633 -0.9912397 -0.009070217 -0.1317597 -0.9912403 -0.009069502 -0.259999 -0.9655768 -0.00788176 -0.2600082 -0.9655743 -0.007884204 -0.3838352 -0.9233784 -0.00656265 -0.3838246 -0.9233828 -0.006559669 -0.5010551 -0.8654003 -0.005126476 -0.5010731 -0.8653898 -0.005131542 -0.609758 -0.7925795 -0.003609538 -0.6097385 -0.7925945 -0.003604769 -0.7079623 -0.7062473 -0.002020835 -0.7079749 -0.7062348 -0.002024233 -0.7940829 -0.6078093 -4.06678e-4 -0.79409 -0.6078002 -4.08459e-4 -0.8666369 -0.498938 0.001216948 -0.8666139 -0.4989779 0.001226544 -0.9243322 -0.3815785 0.002830803 -0.9243468 -0.3815431 0.002822399 -0.9662163 -0.2576956 0.004377305 -0.9662161 -0.2576962 0.00437802 -0.9915807 -0.1293578 0.005858659 -0.991581 -0.1293551 0.005858063 -0.9999731 0.001187324 0.007238984 -0.9999731 0.00118786 0.007239043 0.06419706 -0.9978815 -0.01055067 0.3202445 -0.9472604 -0.01188945 0.3202185 -0.9472692 -0.01189237 0.5545129 -0.8320825 -0.01242095 0.55453 -0.8320712 -0.01241844 0.7509819 -0.6602119 -0.01210111 0.7509652 -0.660231 -0.01210314 0.8963172 -0.443278 -0.01096004 0.8963179 -0.4432767 -0.0109598 0.9805116 -0.196252 -0.009070575 0.9805104 -0.196258 -0.009070754 0.06413877 -0.9978852 -0.01055651 -0.1963266 -0.9805018 -0.008498191 -0.1963257 -0.980502 -0.008498132 -0.4434232 -0.8962932 -0.005860626 -0.4433795 -0.8963149 -0.005855798 -0.6602339 -0.7510548 -0.002820074 -0.6602548 -0.7510364 -0.002822339 -0.8321396 -0.5545663 4.06401e-4 -0.8321434 -0.5545606 4.05187e-4 -0.9473259 -0.3202511 0.003607332 -0.9473233 -0.3202587 0.003607332 -0.9979134 -0.06423151 0.00656259 -0.9979089 -0.06430184 0.0065701 -0.06416827 0.9978833 0.01055365 -0.320245 0.9472601 0.01189261 -0.3202158 0.94727 0.01188915 -0.5545086 0.8320854 0.01241838 -0.5545291 0.8320717 0.01242095 -0.7510083 0.6601818 0.01210302 -0.7509937 0.6601986 0.01210087 -0.8962855 0.4433421 0.01095896 -0.8962939 0.4433252 0.0109604 -0.9805108 0.1962562 0.009070694 -0.9805273 0.196173 0.009078145 -0.06416755 0.9978834 0.01055365 0.1963523 0.9804967 0.008495032 0.1963569 0.9804957 0.008494973 0.4433763 0.8963164 0.00585848 0.4433786 0.8963153 0.005858361 0.6602532 0.7510377 0.002822101 0.6602495 0.7510412 0.00282222 0.832149 0.554552 -4.06739e-4 0.8321457 0.5545571 -4.06914e-4 0.9472934 0.3203471 -0.003607213 0.9473176 0.3202755 -0.003615856 0.9979143 0.06421792 -0.006570994 0.9979088 0.06430339 -0.006561934 0.06416749 -0.9978833 -0.01055347 0.3202444 -0.9472604 -0.01189249 0.3202177 -0.9472694 -0.01189517 0.5545128 -0.8320825 -0.01242351 0.5545496 -0.8320581 -0.01241844 0.7510178 -0.6601712 -0.01210087 0.751008 -0.6601822 -0.01210302 0.896305 -0.4433027 -0.01096016 0.8963116 -0.4432894 -0.01095873 0.9804979 -0.1963203 -0.009070694 0.9804974 -0.1963227 -0.00907123 0.06416255 -0.9978837 -0.01055413 -0.1963114 -0.9805049 -0.008493661 -0.1963535 -0.9804964 -0.008497834 -0.4434309 -0.8962895 -0.005860567 -0.4434002 -0.8963046 -0.005857229 -0.6602489 -0.7510417 -0.002819001 -0.6602742 -0.7510193 -0.002821743 -0.8321363 -0.5545712 4.06684e-4 -0.8321483 -0.5545532 4.05207e-4 -0.9472994 -0.3203293 0.003606438 -0.9472963 -0.3203388 0.003607332 -0.997914 -0.06422317 0.006562769 -0.9979143 -0.06421959 0.006562769 -0.06410962 0.9978871 0.01055067 -0.320269 0.947252 0.01189231 -0.320268 0.9472524 0.01189249 -0.5545313 0.8320702 0.01242101 -0.5545309 0.8320705 0.01242095 -0.750966 0.6602299 0.01210314 -0.7509675 0.6602284 0.01210314 -0.8963114 0.44329 0.0109601 -0.8963091 0.4432944 0.0109598 -0.9805122 0.1962491 0.009070456 -0.9805123 0.1962485 0.009070754 -0.06413376 0.9978855 0.01055341 0.1962984 0.9805074 0.00849533 0.1962993 0.9805073 0.008495569 0.4433991 0.8963052 0.005858182 0.4434021 0.8963037 0.005858182 0.660268 0.7510248 0.002821862 0.6602509 0.7510399 0.002824485 0.8321392 0.5545668 -4.05031e-4 0.8321365 0.5545709 -4.04992e-4 0.9473214 0.3202643 -0.003607213 0.9473206 0.320267 -0.003607213 0.9979091 0.06430017 -0.006561756 0.9979093 0.06429803 -0.006561756 0.9979142 0.06421995 -0.006562888 0.9472935 0.3203467 -0.003608167 0.9472907 0.3203551 -0.003607094 0.8321846 0.5544988 -4.07977e-4 0.832183 0.5545011 -4.07411e-4 0.6602674 0.7510253 0.002821564 0.6602828 0.7510119 0.002819538 0.4434019 0.8963039 0.005855798 0.4434018 0.896304 0.005855083 0.1962825 0.9805106 0.008492588 0.1962547 0.9805161 0.008495807 0.997914 0.06422269 -0.006562709 0.9805132 -0.1962437 -0.009070456 0.9805118 -0.1962508 -0.00907135 0.896299 -0.4433149 -0.01096147 0.8963057 -0.4433013 -0.01096022 0.7509825 -0.6602113 -0.01210314 0.7510069 -0.6601836 -0.01209896 0.5545316 -0.83207 -0.0124163 0.5544908 -0.8320973 -0.01242077 0.3202681 -0.9472524 -0.01189237 0.3202396 -0.9472619 -0.01189541 0.06416332 -0.9978836 -0.0105561 0.0641629 -0.9978836 -0.01055699 -0.997914 -0.06422251 0.006562709 -0.9473208 -0.3202663 0.003608167 -0.9473209 -0.3202658 0.003608107 -0.8321365 -0.5545707 4.06575e-4 -0.8321386 -0.5545676 4.06531e-4 -0.660269 -0.7510239 -0.002821922 -0.6602672 -0.7510254 -0.002821922 -0.4433998 -0.8963049 -0.005857884 -0.4434012 -0.8963042 -0.005858063 -0.1962983 -0.9805074 -0.00849533 -0.1963272 -0.9805017 -0.008498251 -0.9979142 -0.0642212 0.00656259 -0.980512 0.1962495 0.00907123 -0.9805273 0.196173 0.009078681 -0.8963055 0.4433016 0.0109688 -0.8962731 0.4433674 0.01096177 -0.7510312 0.6601558 0.01210486 -0.751007 0.6601835 0.01210105 -0.5545327 0.8320693 0.01241874 -0.5545324 0.8320695 0.01241856 -0.3202175 0.9472694 0.01188987 -0.3202428 0.947261 0.01189243 -0.0641393 0.9978852 0.01055383 -0.0641393 0.9978852 0.0105527 -0.9979143 -0.06421852 0.00656259 -0.9473205 -0.3202671 0.003607153 -0.947318 -0.3202745 0.003607988 -0.8321465 -0.5545558 4.06915e-4 -0.8321478 -0.5545539 4.06783e-4 -0.6602201 -0.7510669 -0.002822816 -0.660216 -0.7510705 -0.002822875 -0.4433922 -0.8963086 -0.005858123 -0.4434151 -0.8962972 -0.005860865 -0.1963267 -0.9805018 -0.008498072 -0.1963258 -0.9805019 -0.008497953 -0.997914 -0.06422436 0.006563127 -0.980511 0.196255 0.009069502 -0.9805147 0.1962365 0.009071171 -0.8963167 0.443279 0.01096141 -0.8963044 0.443304 0.01095873 -0.7509697 0.6602258 0.01210087 -0.7509949 0.6601973 0.0121051 -0.5545276 0.8320727 0.01242375 -0.5545261 0.8320736 0.01242321 -0.320297 0.9472425 0.01189583 -0.3202697 0.9472518 0.01189261 -0.06413233 0.9978856 0.01055335 -0.06413716 0.9978853 0.01055401 0.9979139 0.06422424 -0.006562709 0.9473207 0.3202666 -0.003607988 0.9473208 0.3202662 -0.003608047 0.8321022 0.5546221 -4.05862e-4 0.8321473 0.5545547 -4.15537e-4 0.6602903 0.7510052 0.002813816 0.6602194 0.7510676 0.002825021 0.4434005 0.8963044 0.005861043 0.4434238 0.8962929 0.005857944 0.1963101 0.9805051 0.008495271 0.1963249 0.9805021 0.008493721 0.9979141 0.06422275 -0.006562948 0.9805296 -0.1961625 -0.009069323 0.9805132 -0.1962433 -0.009078681 0.8962736 -0.443366 -0.01096814 0.8963111 -0.4432904 -0.01095855 0.751033 -0.6601538 -0.01210105 0.7509804 -0.6602135 -0.01210945 0.5544689 -0.8321118 -0.01242566 0.5545277 -0.8320727 -0.01241827 0.3203236 -0.9472336 -0.01188975 0.3202959 -0.947243 -0.01189285 0.06413704 -0.9978854 -0.01055383 0.06411111 -0.997887 -0.0105561 -0.02307021 -0.9996845 -0.009941101 0.06414508 -0.9978848 -0.01055324 0.06415247 -0.9978843 -0.01055109 0.1508855 -0.9884891 -0.01108306 0.1508746 -0.9884908 -0.0110864 0.2364686 -0.9715707 -0.01153492 0.2364655 -0.9715715 -0.01153546 0.3202488 -0.9472588 -0.01189649 0.3202634 -0.947254 -0.01188933 0.4015862 -0.9157406 -0.01215881 0.4015802 -0.9157432 -0.01216167 0.479883 -0.8772458 -0.01233839 0.4798822 -0.8772463 -0.0123381 0.5545165 -0.8320801 -0.01242113 0.554506 -0.832087 -0.01242619 0.6249322 -0.7805803 -0.01241433 0.624956 -0.7805615 -0.01240426 0.6905928 -0.7231392 -0.01229828 0.6905736 -0.7231574 -0.01230865 0.7509993 -0.6601921 -0.01210898 0.7510076 -0.6601827 -0.01210314 0.8056821 -0.5922307 -0.01181119 0.8056805 -0.5922328 -0.01181089 0.8542407 -0.5197521 -0.01142913 0.8542408 -0.519752 -0.01142913 0.8962988 -0.4433152 -0.01096016 0.8962983 -0.4433164 -0.01096159 0.931528 -0.3635206 -0.01040905 0.9315289 -0.3635185 -0.01040804 0.9596787 -0.2809296 -0.009776353 0.9596776 -0.2809329 -0.009777247 0.980515 -0.1962353 -0.009071171 0.9805151 -0.1962346 -0.009070515 0.9938924 -0.110041 -0.008295714 0.9938917 -0.1100487 -0.008296132 -0.02306163 -0.9996846 -0.009937763 -0.1100994 -0.9938775 -0.009250462 -0.1101018 -0.9938773 -0.009250283 -0.1962925 -0.9805086 -0.008492052 -0.1963094 -0.9805052 -0.00849843 -0.2810415 -0.959665 -0.007674515 -0.2810258 -0.9596697 -0.007669508 -0.3635789 -0.9315388 -0.006788313 -0.3635923 -0.9315335 -0.006794095 -0.4434069 -0.8963013 -0.005860686 -0.4433987 -0.8963055 -0.005858004 -0.5198205 -0.8542616 -0.004881024 -0.5198187 -0.8542627 -0.004881024 -0.5922998 -0.8057084 -0.003865897 -0.5923015 -0.8057072 -0.003866314 -0.6602563 -0.751035 -0.002822101 -0.660259 -0.7510328 -0.002821743 -0.7232162 -0.6906195 -0.001756191 -0.7232175 -0.6906181 -0.00175625 -0.7806445 -0.624975 -6.77353e-4 -0.7806441 -0.6249755 -6.77305e-4 -0.8321442 -0.5545593 4.06877e-4 -0.8321372 -0.5545698 4.09932e-4 -0.8773006 -0.4799392 0.001490533 -0.8773003 -0.4799396 0.001490771 -0.9157947 -0.4016389 0.002560138 -0.9157982 -0.4016307 0.002556443 -0.9473047 -0.3203138 0.003606617 -0.947304 -0.3203161 0.003607571 -0.9716156 -0.2365202 0.004630565 -0.9716159 -0.2365192 0.004630506 -0.988523 -0.1509664 0.005617797 -0.9885231 -0.1509659 0.005617797 -0.9979145 -0.06421548 0.006562829 -0.9979146 -0.06421571 0.006562292 -0.9997081 0.02298176 0.007457196 -0.9997081 0.02298158 0.007457315 0.02306145 0.9996846 0.00994414 -0.06416189 0.9978837 0.01055717 -0.06416344 0.9978836 0.01055681 -0.1508857 0.9884891 0.01108938 -0.1508576 0.9884935 0.01107883 -0.236474 0.9715695 0.01152646 -0.2364887 0.9715659 0.01153302 -0.3202413 0.9472613 0.01189225 -0.3202409 0.9472615 0.01189285 -0.4015967 0.9157359 0.01216185 -0.4015946 0.9157367 0.01216113 -0.4798744 0.8772504 0.0123381 -0.4798817 0.8772464 0.0123403 -0.5545181 0.8320789 0.01242315 -0.5545104 0.8320842 0.01242083 -0.6249388 0.7805752 0.01240903 -0.6249372 0.7805765 0.01240915 -0.6905865 0.7231453 0.01230281 -0.6905872 0.7231445 0.01230251 -0.7510036 0.6601874 0.0121029 -0.7510043 0.6601864 0.01210278 -0.8056839 0.5922281 0.01181077 -0.8056836 0.5922285 0.01181066 -0.8542418 0.5197504 0.01142883 -0.8542389 0.5197554 0.01142758 -0.8962908 0.4433315 0.01095902 -0.8962897 0.4433336 0.01095896 -0.9315356 0.3635014 0.01040667 -0.9315377 0.363496 0.01040786 -0.9596709 0.280956 0.009776651 -0.9596715 0.280954 0.009776592 -0.9805153 0.1962332 0.009070515 -0.9805155 0.1962326 0.009071171 -0.9938945 0.110022 0.008295893 -0.9938944 0.1100244 0.008294939 0.02306973 0.9996845 0.009941756 0.1101085 0.9938766 0.009254395 0.1101084 0.9938765 0.009252905 0.1963075 0.9805056 0.008495986 0.1963152 0.9805041 0.008491873 0.2810261 0.9596695 0.007669746 0.2810212 0.959671 0.007671892 0.3635849 0.9315364 0.006790637 0.3635915 0.9315339 0.006788849 0.4433979 0.8963059 0.00585556 0.4433935 0.8963079 0.005857646 0.5198255 0.8542586 0.004880607 0.5198265 0.854258 0.004880666 0.5923004 0.805708 0.003865897 0.5922996 0.8057087 0.003865897 0.6602704 0.7510227 0.002821803 0.6602741 0.7510196 0.002819716 0.7232003 0.6906361 0.001754224 0.7232081 0.6906281 0.001750469 0.7806478 0.6249709 6.71197e-4 0.7806379 0.6249833 6.77268e-4 0.8321372 0.5545698 -4.06686e-4 0.8321486 0.5545528 -4.1381e-4 0.8773097 0.4799223 -0.001495063 0.8773048 0.4799315 -0.001489102 0.9157865 0.4016574 -0.002558648 0.9157847 0.4016613 -0.002557218 0.9473048 0.3203136 -0.00360763 0.9473109 0.3202953 -0.003614664 0.9716159 0.2365189 -0.004637837 0.9716114 0.2365372 -0.004630386 0.988523 0.1509662 -0.005617856 0.9885233 0.1509644 -0.005617797 0.9979144 0.06421709 -0.006562829 0.9979146 0.06421548 -0.006562829 0.9997082 -0.02298092 -0.007457554 0.9997081 -0.02298277 -0.007457554 0.01464444 0.1016649 0.994711 0.02883523 0.3199941 0.9469807 0.02883589 0.3199823 0.9469847 0.04157847 0.5222268 0.8517925 0.04158043 0.5223124 0.8517398 0.05223518 0.6983352 0.7138625 0.05223435 0.6983054 0.7138915 0.06027901 0.8394622 0.5400646 0.06028026 0.8394361 0.5401049 0.06529599 0.9383792 0.3393832 0.06529456 0.9384029 0.339318 0.06703758 0.990333 0.1214359 0.0670405 0.9903212 0.1215298 0.01464527 0.1016715 0.9947103 -2.80506e-4 -0.1217654 0.992559 -2.80317e-4 -0.1217613 0.9925594 -0.01519024 -0.3390721 0.9406378 -0.0151903 -0.3390768 0.9406361 -0.0293374 -0.5393679 0.8415591 -0.02933853 -0.5393918 0.8415437 -0.0420165 -0.7126621 0.7002481 -0.04201596 -0.7126553 0.7002551 -0.05258512 -0.8501704 0.5238752 -0.05258488 -0.8501644 0.523885 -0.06052118 -0.9450973 0.3211358 -0.06052136 -0.9450784 0.3211915 -0.06541973 -0.9925841 0.1024565 -0.06541806 -0.9925937 0.1023643 -0.01464498 -0.1016693 -0.9947106 -0.02883499 -0.3199942 -0.9469806 -0.02883386 -0.3199851 -0.9469837 -0.04157698 -0.5222554 -0.8517751 -0.04157859 -0.5222674 -0.8517676 -0.05223733 -0.6983513 -0.7138466 -0.05224025 -0.6983832 -0.713815 -0.0602777 -0.8394087 -0.540148 -0.0602771 -0.8394047 -0.5401542 -0.06529635 -0.9384183 -0.339275 -0.06529432 -0.9384025 -0.3393194 -0.0670374 -0.9903278 -0.121478 -0.06703567 -0.9903195 -0.1215465 -0.01464456 -0.1016682 -0.9947106 2.79286e-4 0.1217542 -0.9925603 2.79974e-4 0.1217555 -0.9925601 0.0151894 0.3390663 -0.9406399 0.01519137 0.3390856 -0.9406329 0.02933961 0.5393877 -0.8415463 0.02933734 0.539372 -0.8415564 0.04201567 0.7126543 -0.7002561 0.04201728 0.7126565 -0.7002537 0.05258911 0.8502027 -0.5238224 0.05258446 0.8501721 -0.5238724 0.06051754 0.9450688 -0.3212203 0.06051987 0.9450839 -0.3211756 0.06541758 0.9925804 -0.1024927 0.0654233 0.9925986 -0.1023127 -0.0146445 -0.1016617 -0.9947113 -0.02883595 -0.3199957 -0.9469801 -0.0288366 -0.3200029 -0.9469777 -0.04158186 -0.5222935 -0.8517514 -0.04157757 -0.5222508 -0.8517779 -0.05223596 -0.6983313 -0.7138661 -0.05223935 -0.6983656 -0.7138323 -0.06027805 -0.8394232 -0.5401252 -0.06027859 -0.8394277 -0.5401183 -0.06529557 -0.9384009 -0.3393235 -0.06529396 -0.9383919 -0.3393486 -0.06703752 -0.9903229 -0.1215184 -0.06704032 -0.9903318 -0.1214445 -0.01464504 -0.1016662 -0.9947109 2.79773e-4 0.1217571 -0.99256 2.80515e-4 0.1217629 -0.9925591 0.01519119 0.3390834 -0.9406338 0.01519083 0.3390808 -0.9406346 0.02933871 0.5393745 -0.8415548 0.02933645 0.5393589 -0.8415648 0.04201662 0.712664 -0.7002463 0.04201626 0.7126616 -0.7002485 0.04201626 0.7126616 -0.7002485 0.04201662 0.712664 -0.7002463 0.05258482 0.8501661 -0.5238823 0.05258536 0.8501659 -0.5238823 0.06052005 0.9450795 -0.3211885 0.06052237 0.9450944 -0.3211443 0.0654205 0.9925896 -0.1024013 0.06541717 0.9925884 -0.1024161 0.01464468 0.1016694 0.9947105 0.02883404 0.3199912 0.9469817 0.02883487 0.3199927 0.9469812 0.04157751 0.5222527 0.8517767 0.04157686 0.5222452 0.8517814 0.05223917 0.6983835 0.7138149 0.05223798 0.6983477 0.71385 0.06027728 0.8394047 0.5401542 0.06027776 0.8394117 0.5401431 0.06529545 0.9384022 0.3393196 0.06529504 0.938414 0.3392872 0.06703746 0.9903224 0.121522 0.06703609 0.9903278 0.1214784 0.01464486 0.1016652 0.9947109 -2.79754e-4 -0.1217558 0.9925601 -2.79654e-4 -0.1217525 0.9925605 -0.01519131 -0.3390894 0.9406316 -0.01519095 -0.33908 0.940635 -0.02933669 -0.5393451 0.8415737 -0.0293383 -0.5393838 0.8415489 -0.04201847 -0.7126863 0.7002234 -0.04201632 -0.7126293 0.7002815 -0.05258738 -0.8501651 0.5238834 -0.0525884 -0.8501952 0.5238347 -0.06052124 -0.9450813 0.321183 -0.06052112 -0.9450787 0.3211909 -0.06542068 -0.9925933 0.102366 -0.06542176 -0.9925898 0.1023988 -0.0146439 -0.1016374 -0.9947138 -0.02883553 -0.3199961 -0.9469801 -0.02883613 -0.3199895 -0.9469822 -0.04157876 -0.5222617 -0.8517711 -0.04157793 -0.5222425 -0.851783 -0.0522378 -0.6983389 -0.7138586 -0.05224198 -0.6983953 -0.7138031 -0.06028109 -0.8394321 -0.5401111 -0.06027537 -0.839406 -0.5401522 -0.06529611 -0.938403 -0.3393175 -0.06529551 -0.938409 -0.3393011 -0.06704068 -0.9903258 -0.121493 -0.06703674 -0.9903196 -0.1215448 -0.01464313 -0.1016433 -0.9947131 2.76174e-4 0.1217277 -0.9925636 2.81593e-4 0.1217513 -0.9925606 0.01519161 0.3390811 -0.9406345 0.01518863 0.3390629 -0.9406411 0.02933979 0.5393953 -0.8415414 0.02933746 0.5393909 -0.8415443 0.04201436 0.7126451 -0.7002655 0.04201602 0.7126667 -0.7002435 0.05258589 0.8501698 -0.5238761 0.05258762 0.8501783 -0.5238622 0.0605213 0.945096 -0.3211397 0.0605179 0.9450768 -0.3211969 0.0654186 0.9925852 -0.102446 0.06541895 0.9925884 -0.1024141 0.01464551 0.1016665 0.9947108 0.02883291 0.3199563 0.9469935 0.02883505 0.3199902 0.946982 0.04157704 0.5222737 0.8517638 0.04157793 0.5222425 0.851783 0.0522384 0.698369 0.7138291 0.05223923 0.6983808 0.7138175 0.06027495 0.8393969 0.5401664 0.06027489 0.8394186 0.5401328 0.06529319 0.9384218 0.3392659 0.06529426 0.9383886 0.3393577 0.0670405 0.9903207 0.1215338 0.06703722 0.9903259 0.1214936 0.01464521 0.1016866 0.9947087 -2.827e-4 -0.1217828 0.9925568 -2.81602e-4 -0.1217768 0.9925575 -0.01518976 -0.3390395 0.9406495 -0.01518839 -0.3390578 0.940643 -0.02933979 -0.5394133 0.8415299 -0.02933919 -0.539383 0.8415493 -0.04201734 -0.7126626 0.7002476 -0.04201662 -0.7126414 0.7002692 -0.0525875 -0.8501754 0.5238668 -0.05258744 -0.8501877 0.5238469 -0.060521 -0.9450873 0.3211657 -0.06052339 -0.9450607 0.3212436 -0.06541967 -0.9925834 0.1024622 -0.06541931 -0.9925938 0.1023627 0.01464575 0.1016796 0.9947094 0.02883523 0.3200036 0.9469774 0.02883416 0.3199692 0.9469891 0.04157698 0.5222377 0.8517859 0.04157763 0.5222659 0.8517685 0.05223768 0.6983554 0.7138424 0.05223613 0.6983232 0.7138741 0.06027936 0.8394315 0.5401121 0.06027966 0.8394283 0.5401173 0.06529575 0.9384049 0.3393121 0.06529724 0.9383909 0.3393508 0.06703919 0.9903185 0.1215531 0.06703764 0.9903317 0.1214463 0.01464474 0.1016727 0.9947102 -2.79438e-4 -0.1217561 0.99256 -2.81617e-4 -0.1217836 0.9925567 -0.01518887 -0.3390908 0.940631 -0.01518982 -0.3390413 0.9406489 -0.02933847 -0.5393767 0.8415534 -0.02933728 -0.5393984 0.8415395 -0.04201716 -0.7126504 0.70026 -0.04201537 -0.71266 0.7002504 -0.05258578 -0.8501871 0.5238481 -0.05258601 -0.8501644 0.5238848 -0.06051981 -0.9450689 0.3212198 -0.06051981 -0.9450949 0.3211435 -0.06541907 -0.9925956 0.1023443 -0.06542009 -0.992581 0.1024852 -0.01464366 -0.1016467 -0.9947128 -0.0288375 -0.3200152 -0.9469735 -0.02883189 -0.3199791 -0.9469858 -0.04157972 -0.5222653 -0.8517689 -0.0415771 -0.5222821 -0.8517587 -0.05223679 -0.6983396 -0.713858 -0.05223399 -0.6983234 -0.7138739 -0.06027835 -0.839429 -0.5401163 -0.06027817 -0.8394246 -0.5401233 -0.06529605 -0.9384098 -0.3392986 -0.06529366 -0.9384022 -0.3393201 -0.0670371 -0.9903203 -0.1215401 -0.06703943 -0.9903258 -0.1214937 -0.01464343 -0.1016232 -0.9947153 2.80532e-4 0.1217607 -0.9925595 2.79423e-4 0.1217383 -0.9925622 0.01518899 0.3390705 -0.9406383 0.01518946 0.3390692 -0.9406388 0.02933472 0.5393381 -0.8415782 0.02933841 0.5393908 -0.8415444 0.04202055 0.712694 -0.7002154 0.04201394 0.7126331 -0.7002778 0.05258625 0.8501816 -0.5238569 0.0525915 0.8502184 -0.5237966 0.06051927 0.9450693 -0.3212187 0.06052219 0.9450766 -0.3211967 0.06542241 0.9925936 -0.1023624 0.06541711 0.9925817 -0.1024805 -0.9977499 0.06659603 0.007752239 -0.9977501 0.06659537 0.007730543 -0.9977501 0.06656569 0.007993757 -0.9977506 0.06656455 0.007941126 -0.9977504 0.06657952 0.007826268 -0.9977506 0.06657963 0.007805824 -0.9977506 0.06656754 0.007905066 -0.9977503 0.06656712 0.007952928 -0.9977502 0.06657725 0.007876098 -0.9977505 0.06657683 0.00784105 -0.9977506 0.06656819 0.00790894 -0.9977505 0.06656873 0.007911443 -0.9977505 0.06657522 0.0078606 -0.9977506 0.06657493 0.00785923 -0.9977505 0.06656849 0.007913172 -0.9977505 0.06656837 0.007908165 -0.9977505 0.06657624 0.007847845 -0.9977503 0.06657594 0.007872581 -0.9977503 0.06657683 0.007868766 -0.9977499 0.06657576 0.007927596 -0.99775 0.06657928 0.007897198 -0.9977505 0.06657987 0.007816195 -0.9977505 0.0665664 0.007925033 -0.99775 0.06656515 0.008011043 -0.9977499 0.0665993 0.007726192 -0.9977496 0.06659722 0.007797658 -0.9977495 0.06656444 0.008078575 -0.99775 0.06656461 0.008006811 -0.9977501 0.06658256 0.007852196 -0.9977504 0.06658446 0.007788836 -0.9977504 0.06656759 0.007928013 -0.9977506 0.06656706 0.007910192 -0.9977505 0.06657755 0.007831931 -0.9977503 0.06657731 0.00786972 -0.9977504 0.06656759 0.007941603 -0.9977506 0.06656867 0.007910966 -0.9977505 0.06657588 0.007848978 -0.9977506 0.06657534 0.007855474 -0.9977504 0.06656873 0.007915139 -0.9977505 0.06656861 0.007918417 -0.9977504 0.06657606 0.007856726 -0.9977505 0.06657624 0.007842421 -0.9977506 0.06656789 0.00791198 -0.9977503 0.06656783 0.00794363 -0.9977504 0.06657677 0.007869422 -0.9977505 0.06657755 0.007829725 -0.9977506 0.06656646 0.007912933 -0.9977505 0.0665667 0.007928907 -0.9977505 0.06658446 0.007785379 -0.99775 0.06658244 0.007863223 -0.99775 0.06656491 0.00800395 -0.9977498 0.06656551 0.008042454 -0.9977493 0.06660389 0.007764339 -0.9977499 0.06659454 0.00776112 -0.9977499 0.06656807 0.007998585 -0.9977504 0.06656843 0.007925391 -0.9977504 0.06657981 0.007834017 -0.99775 0.06657809 0.007898032 -0.9977499 0.06657749 0.007911443 -0.9977504 0.06657505 0.007869541 -0.9977503 0.06657719 0.007875025 -0.9977504 0.06657814 0.007847428 -0.9977505 0.06656908 0.007909536 -0.9977506 0.06656652 0.007914841 -0.9977504 0.06657636 0.007859408 -0.9977505 0.06657552 0.007858276 -0.9977504 0.06656944 0.007914304 -0.9977505 0.06656914 0.007913351 -0.9977505 0.06657636 0.007841885 -0.9977504 0.06657612 0.0078727 -0.9977502 0.06656873 0.007951974 -0.9977506 0.06656754 0.007904469 -0.9977505 0.06658041 0.007812261 -0.9977505 0.06657689 0.007833659 -0.9977506 0.0665645 0.007936656 -0.9977496 0.06657153 0.007992923 -0.9977502 0.06656253 0.00799638 -0.9977527 0.06658023 0.007526576 -0.9977498 0.06655967 0.008069992 -0.9977498 0.06656575 0.008019804 -0.99775 0.06658202 0.007861196 -0.9977506 0.06658214 0.007776796 -0.9977505 0.06656813 0.007923185 -0.9977506 0.06656712 0.007915914 -0.9977506 0.06657648 0.007829129 -0.9977502 0.06657844 0.007872939 -0.9977504 0.06656616 0.007940888 -0.9977505 0.06656968 0.007907927 -0.9977507 0.06657445 0.007846236 -0.9977504 0.06657683 0.007857322 -0.9977505 0.06656867 0.007918059 -0.9977505 0.06656748 0.007914781 -0.9977504 0.06657725 0.007857084 -0.9977507 0.06657379 0.007851064 -0.9977505 0.06656903 0.007908165 -0.9977503 0.06656801 0.007941007 -0.9977502 0.06657737 0.007872879 -0.9977506 0.06657713 0.007829785 -0.9977507 0.0665667 0.007910251 -0.9977504 0.06657046 0.007924139 -0.9977506 0.06658285 0.007789433 -0.99775 0.06658315 0.007860243 -0.9977502 0.06656032 0.008018195 -0.9977501 0.06655907 0.008055269 -0.02058243 0.9997355 0.01025736 -0.1938499 0.9809659 0.01131981 -0.1938337 0.9809692 0.01131814 -0.3612564 0.9323889 0.01203709 -0.3612705 0.9323834 0.01203846 -0.5176723 0.8554893 0.01239132 -0.5176974 0.855474 0.01239401 -0.6584078 0.7525599 0.01236999 -0.6583791 0.7525851 0.01236671 -0.7790705 0.6268221 0.01196748 -0.7790775 0.6268134 0.01196837 -0.8761115 0.4819784 0.01120525 -0.8761111 0.4819793 0.01120519 -0.9465087 0.3225206 0.01010167 -0.9465078 0.3225229 0.01010167 -0.9881378 0.1533243 0.008691728 -0.9881443 0.1532816 0.008695423 -0.02058243 0.9997357 0.01025718 0.1533463 0.9881326 0.008882939 0.1533371 0.988134 0.008883953 0.3226381 0.9464948 0.007238507 0.322638 0.9464948 0.007238566 0.4820762 0.8761129 0.005373954 0.4820568 0.8761235 0.005375981 0.6268719 0.7791153 0.003348469 0.6268822 0.7791069 0.003347098 0.7526487 0.6584213 0.001217901 0.7526403 0.6584309 0.001219034 0.8555216 0.5177664 -9.46986e-4 0.8555411 0.5177342 -9.50996e-4 0.9324437 0.3613019 -0.00308901 0.9324322 0.3613317 -0.003085911 0.9810036 0.1939224 -0.005129396 0.9810028 0.1939263 -0.005129039 0.9997623 0.02064257 -0.007016718 0.9997624 0.02063995 -0.007016718 0.02059942 -0.9997352 -0.01025605 0.1938571 -0.9809646 -0.01131904 0.1938658 -0.9809629 -0.01131838 0.3612709 -0.9323832 -0.01203703 0.3612418 -0.9323945 -0.01204001 0.5177173 -0.855462 -0.01239264 0.5176973 -0.8554742 -0.01239484 0.6583564 -0.7526047 -0.01237177 0.658398 -0.7525684 -0.01236659 0.7790935 -0.6267936 -0.01196736 0.7790867 -0.626802 -0.01196843 0.8761155 -0.481971 -0.01120519 0.8760954 -0.4820078 -0.01120901 0.9464948 -0.3225612 -0.0101059 0.9465065 -0.3225266 -0.01010221 0.9881446 -0.1532802 -0.008691608 0.9881449 -0.1532782 -0.00869131 0.02054995 -0.9997362 -0.01026022 -0.1533863 -0.9881264 -0.008885502 -0.1533302 -0.9881351 -0.008880972 -0.3226242 -0.9464995 -0.007235884 -0.322623 -0.9465 -0.007235586 -0.4820629 -0.8761202 -0.005371928 -0.4820755 -0.8761132 -0.00537312 -0.6268824 -0.7791067 -0.003345906 -0.62686 -0.7791247 -0.003343641 -0.7526483 -0.6584218 -0.001213788 -0.7526488 -0.658421 -0.001213788 -0.8555206 -0.517768 9.52052e-4 -0.8555372 -0.5177405 9.49703e-4 -0.9324433 -0.3613032 0.003086805 -0.9324346 -0.3613259 0.003088712 -0.9810028 -0.1939254 0.005132794 -0.9810029 -0.1939256 0.005132794 -0.9997623 -0.02064156 0.00702089 -0.9997623 -0.02064156 0.007020831</float_array>
          <technique_common>
            <accessor source="#Leg_A_005-mesh-normals-array" count="2834" stride="3">
              <param name="X" type="float"/>
              <param name="Y" type="float"/>
              <param name="Z" type="float"/>
            </accessor>
          </technique_common>
        </source>
        <vertices id="Leg_A_005-mesh-vertices">
          <input semantic="POSITION" source="#Leg_A_005-mesh-positions"/>
        </vertices>
        <triangles count="2832">
          <input semantic="VERTEX" source="#Leg_A_005-mesh-vertices" offset="0"/>
          <input semantic="NORMAL" source="#Leg_A_005-mesh-normals" offset="1"/>
          <p>0 0 3 0 6 0 10 1 13 1 17 1 21 2 24 2 28 2 31 3 34 3 37 3 37 4 34 4 40 4 40 5 34 5 44 5 44 6 34 6 48 6 52 7 17 7 13 7 56 8 59 8 62 8 66 9 69 9 34 9 69 10 72 10 34 10 72 11 75 11 34 11 75 12 48 12 34 12 78 13 81 13 84 13 78 14 84 14 87 14 78 15 87 15 91 15 78 16 91 16 94 16 78 17 94 17 97 17 78 18 97 18 101 18 104 19 107 19 111 19 104 20 111 20 114 20 104 21 114 21 117 21 104 22 117 22 121 22 104 23 121 23 125 23 104 24 125 24 129 24 133 25 136 25 139 25 133 26 139 26 143 26 133 27 143 27 146 27 133 28 146 28 149 28 133 29 149 29 152 29 133 30 152 30 107 30 155 31 6 31 3 31 155 32 3 32 158 32 155 33 158 33 161 33 155 34 161 34 165 34 155 35 165 35 34 35 155 36 34 36 31 36 168 37 171 37 174 37 168 38 174 38 177 38 168 39 177 39 180 39 168 40 180 40 183 40 168 41 183 41 186 41 168 42 186 42 189 42 168 43 189 43 193 43 168 44 193 44 196 44 168 45 196 45 200 45 168 46 200 46 3 46 168 47 3 47 0 47 168 48 0 48 203 48 168 49 203 49 207 49 168 50 207 50 210 50 168 51 210 51 213 51 168 52 213 52 216 52 168 53 216 53 219 53 168 54 219 54 222 54 168 55 222 55 226 55 168 56 226 56 229 56 168 57 229 57 232 57 236 58 168 58 232 58 236 59 232 59 81 59 236 60 81 60 78 60 236 61 78 61 242 61 236 62 242 62 245 62 236 63 245 63 248 63 236 64 248 64 251 64 236 65 251 65 255 65 236 66 255 66 258 66 236 67 258 67 261 67 236 68 261 68 264 68 268 69 66 69 34 69 268 70 34 70 271 70 268 71 271 71 274 71 268 72 274 72 277 72 268 73 277 73 280 73 283 74 286 74 129 74 283 75 129 75 125 75 283 76 125 76 289 76 283 77 289 77 293 77 283 78 293 78 297 78 283 79 297 79 300 79 283 80 300 80 303 80 283 81 303 81 171 81 283 82 171 82 168 82 125 83 121 83 306 83 125 84 306 84 309 84 125 85 309 85 312 85 125 86 312 86 315 86 125 87 315 87 318 87 125 88 318 88 321 88 125 89 321 89 324 89 125 90 324 90 327 90 125 91 327 91 331 91 125 92 331 92 13 92 125 93 13 93 10 93 125 94 10 94 335 94 125 95 335 95 338 95 125 96 338 96 341 96 125 97 341 97 344 97 107 98 104 98 348 98 107 99 348 99 351 99 107 100 351 100 354 100 107 101 354 101 357 101 107 102 357 102 361 102 107 103 361 103 365 103 107 104 365 104 368 104 107 105 368 105 371 105 107 106 371 106 374 106 107 107 374 107 378 107 107 108 378 108 133 108 382 109 21 109 28 109 382 110 28 110 385 110 382 111 385 111 388 111 382 112 388 112 125 112 382 113 125 113 344 113 200 114 196 114 392 114 200 115 392 115 396 115 200 116 396 116 399 116 139 117 402 117 406 117 139 118 406 118 409 118 139 119 409 119 412 119 139 120 412 120 415 120 139 121 415 121 419 121 139 122 419 122 52 122 139 123 52 123 13 123 139 124 13 124 422 124 139 125 422 125 425 125 139 126 425 126 429 126 139 127 429 127 433 127 139 128 433 128 437 128 139 129 437 129 440 129 139 130 440 130 444 130 139 131 444 131 447 131 139 132 447 132 450 132 139 133 450 133 143 133 453 134 236 134 264 134 453 135 264 135 458 135 453 136 458 136 461 136 453 137 461 137 464 137 453 138 464 138 467 138 453 139 467 139 470 139 453 140 470 140 139 140 453 141 139 141 136 141 453 142 136 142 474 142 91 143 280 143 94 143 94 144 280 144 277 144 24 145 21 145 477 145 477 146 21 146 481 146 477 147 481 147 484 147 484 148 481 148 487 148 487 149 481 149 490 149 487 150 490 150 493 150 493 151 490 151 496 151 493 152 496 152 499 152 499 153 496 153 502 153 499 154 502 154 505 154 505 155 502 155 509 155 509 156 502 156 399 156 509 157 399 157 396 157 513 158 517 158 520 158 520 159 517 159 406 159 520 160 406 160 402 160 56 161 62 161 523 161 523 162 62 162 517 162 523 163 517 163 513 163 62 164 59 164 527 164 527 165 59 165 530 165 527 166 530 166 533 166 533 167 530 167 536 167 533 168 536 168 540 168 540 169 536 169 543 169 540 170 543 170 547 170 540 171 547 171 550 171 550 172 547 172 553 172 550 173 553 173 556 173 556 174 101 174 550 174 550 175 101 175 97 175 561 176 564 176 566 176 564 177 570 177 566 177 573 178 575 178 580 178 583 179 586 179 589 179 596 180 600 180 601 180 604 181 609 181 611 181 615 182 609 182 604 182 620 183 609 183 615 183 586 184 583 184 624 184 627 185 628 185 631 185 609 186 637 186 640 186 609 187 643 187 637 187 609 188 620 188 643 188 646 189 650 189 653 189 646 190 653 190 655 190 646 191 655 191 659 191 646 192 659 192 662 192 646 193 662 193 665 193 646 194 665 194 670 194 561 195 566 195 672 195 561 196 672 196 675 196 561 197 675 197 678 197 561 198 678 198 681 198 561 199 681 199 684 199 561 200 684 200 688 200 561 201 688 201 691 201 561 202 691 202 695 202 561 203 695 203 698 203 561 204 698 204 702 204 561 205 702 205 706 205 707 206 670 206 712 206 707 207 712 207 715 207 707 208 715 208 718 208 707 209 718 209 721 209 707 210 721 210 724 210 707 211 724 211 726 211 732 212 734 212 575 212 732 213 575 213 573 213 732 214 573 214 740 214 732 215 740 215 744 215 732 216 744 216 747 216 732 217 747 217 750 217 732 218 750 218 754 218 732 219 754 219 566 219 732 220 566 220 570 220 702 221 755 221 759 221 702 222 759 222 763 222 702 223 763 223 766 223 702 224 766 224 770 224 702 225 770 225 774 225 702 226 774 226 778 226 702 227 778 227 783 227 702 228 783 228 787 228 702 229 787 229 790 229 702 230 790 230 706 230 792 231 755 231 702 231 792 232 702 232 795 232 792 233 795 233 800 233 803 234 791 234 799 234 804 235 800 235 807 235 804 236 807 236 810 236 804 237 810 237 813 237 804 238 813 238 816 238 804 239 816 239 819 239 827 240 829 240 831 240 827 241 831 241 804 241 827 242 804 242 819 242 827 243 819 243 835 243 827 244 835 244 838 244 827 245 838 245 841 245 827 246 841 246 844 246 827 247 844 247 848 247 827 248 848 248 852 248 827 249 852 249 653 249 827 250 653 250 650 250 826 251 649 251 859 251 653 252 860 252 863 252 653 253 863 253 866 253 653 254 866 254 869 254 653 255 869 255 589 255 653 256 589 256 586 256 653 257 586 257 872 257 653 258 872 258 876 258 653 259 876 259 879 259 653 260 879 260 882 260 653 261 882 261 885 261 653 262 885 262 888 262 653 263 888 263 891 263 653 264 891 264 894 264 653 265 894 265 897 265 653 266 897 266 655 266 670 267 707 267 901 267 670 268 901 268 904 268 670 269 904 269 908 269 670 270 908 270 913 270 670 271 913 271 917 271 670 272 917 272 920 272 670 273 920 273 924 273 670 274 924 274 928 274 670 275 928 275 931 275 670 276 931 276 934 276 670 277 934 277 646 277 935 278 860 278 653 278 935 279 653 279 941 279 935 280 941 280 944 280 935 281 944 281 596 281 935 282 596 282 601 282 698 283 945 283 951 283 698 284 951 284 955 284 698 285 955 285 702 285 724 286 721 286 958 286 724 287 958 287 961 287 724 288 961 288 965 288 724 289 965 289 968 289 724 290 968 290 972 290 724 291 972 291 976 291 724 292 976 292 980 292 724 293 980 293 983 293 724 294 983 294 987 294 724 295 987 295 586 295 724 296 586 296 624 296 724 297 624 297 991 297 724 298 991 298 994 298 724 299 994 299 997 299 724 300 997 300 1000 300 724 301 1000 301 1003 301 724 302 1003 302 1004 302 734 303 1010 303 1013 303 734 304 1013 304 1017 304 734 305 1017 305 1020 305 734 306 1020 306 1023 306 734 307 1023 307 1026 307 734 308 1026 308 1029 308 734 309 1029 309 575 309 1031 310 1034 310 727 310 1030 311 726 311 724 311 1030 312 724 312 1039 312 1030 313 1039 313 1042 313 1030 314 1042 314 1045 314 1030 315 1045 315 1048 315 1030 316 1048 316 1052 316 1030 317 1052 317 1055 317 1030 318 1055 318 1010 318 1030 319 1010 319 734 319 1056 320 1059 320 1062 320 1062 321 1059 321 695 321 1062 322 695 322 691 322 1067 323 1070 323 1073 323 1073 324 1070 324 580 324 1073 325 580 325 1076 325 1076 326 580 326 575 326 1076 327 575 327 1079 327 1082 328 1083 328 1088 328 1088 329 1083 329 601 329 1088 330 601 330 600 330 1092 331 1093 331 1099 331 1099 332 1093 332 1100 332 1099 333 1100 333 1105 333 1105 334 1100 334 1106 334 1105 335 1106 335 1111 335 1111 336 1106 336 1083 336 1111 337 1083 337 1082 337 951 338 945 338 1114 338 1114 339 945 339 1093 339 1114 340 1093 340 1092 340 611 341 609 341 1115 341 1115 342 609 342 1118 342 1115 343 1118 343 1122 343 1122 344 1118 344 1056 344 1122 345 1056 345 1062 345 1004 346 1003 346 1125 346 1125 347 1003 347 1132 347 1125 348 1132 348 1133 348 1133 349 1132 349 1136 349 1136 350 1132 350 627 350 1136 351 627 351 631 351 1140 352 1144 352 1150 352 1150 353 1144 353 1151 353 1150 354 1151 354 1156 354 1156 355 1151 355 1157 355 1156 356 1157 356 1162 356 1162 357 1157 357 628 357 1162 358 628 358 627 358 1163 359 1166 359 1172 359 1172 360 1166 360 1140 360 1172 361 1140 361 1150 361 575 362 1173 362 1079 362 1079 363 1173 363 1163 363 1079 364 1163 364 1172 364 640 365 1178 365 609 365 609 366 1178 366 1181 366 609 367 1181 367 1184 367 1184 368 1181 368 1070 368 1184 369 1070 369 1067 369 175 370 818 370 179 370 178 371 817 371 815 371 178 372 815 372 182 372 181 373 814 373 812 373 181 374 812 374 185 374 184 375 811 375 809 375 184 376 809 376 188 376 187 377 808 377 802 377 187 378 802 378 192 378 191 379 801 379 798 379 190 380 797 380 195 380 194 381 796 381 703 381 194 382 703 382 199 382 818 383 175 383 820 383 821 384 176 384 173 384 821 385 173 385 837 385 836 386 172 386 305 386 836 387 305 387 840 387 839 388 304 388 302 388 839 389 302 389 843 389 842 390 301 390 299 390 842 391 299 391 847 391 846 392 298 392 296 392 845 393 295 393 851 393 849 394 294 394 291 394 850 395 292 395 855 395 853 396 290 396 127 396 854 397 128 397 654 397 488 398 1081 398 486 398 485 399 1080 399 1087 399 485 400 1087 400 480 400 479 401 1086 401 599 401 478 402 598 402 27 402 25 403 597 403 594 403 26 404 595 404 30 404 29 405 593 405 943 405 29 406 943 406 387 406 386 407 942 407 940 407 386 408 940 408 391 408 390 409 939 409 652 409 389 410 651 410 126 410 1081 411 488 411 1109 411 1110 412 489 412 495 412 1110 413 495 413 1104 413 1103 414 494 414 501 414 1103 415 501 415 1098 415 1097 416 500 416 508 416 1096 417 507 417 1091 417 1089 418 506 418 511 418 1090 419 512 419 1113 419 1112 420 510 420 398 420 1112 421 398 421 950 421 949 422 397 422 395 422 948 423 394 423 954 423 952 424 393 424 197 424 953 425 198 425 701 425 51 426 617 426 45 426 47 427 618 427 606 427 46 428 605 428 41 428 43 429 607 429 613 429 42 430 612 430 38 430 39 431 614 431 1116 431 39 432 1116 432 32 432 33 433 1117 433 1123 433 33 434 1123 434 156 434 157 435 1124 435 1063 435 157 436 1063 436 7 436 9 437 1064 437 694 437 8 438 693 438 2 438 616 439 50 439 621 439 619 440 49 440 76 440 619 441 76 441 641 441 642 442 77 442 73 442 642 443 73 443 635 443 636 444 74 444 70 444 636 445 70 445 638 445 639 446 71 446 67 446 639 447 67 447 1176 447 1177 448 68 448 269 448 1177 449 269 449 1179 449 1180 450 270 450 281 450 1180 451 281 451 1068 451 1069 452 282 452 92 452 1069 453 92 453 577 453 224 454 752 454 227 454 228 455 753 455 748 455 228 456 748 456 230 456 231 457 749 457 745 457 231 458 745 458 233 458 234 459 746 459 741 459 235 460 742 460 82 460 83 461 743 461 738 461 83 462 738 462 85 462 86 463 739 463 571 463 86 464 571 464 88 464 90 465 572 465 579 465 89 466 578 466 93 466 751 467 223 467 565 467 567 468 225 468 220 468 567 469 220 469 673 469 674 470 221 470 217 470 674 471 217 471 676 471 677 472 218 472 214 472 677 473 214 473 679 473 680 474 215 474 211 474 680 475 211 475 682 475 683 476 212 476 208 476 683 477 208 477 685 477 686 478 209 478 204 478 687 479 205 479 689 479 690 480 206 480 1 480 690 481 1 481 692 481 531 482 1153 482 539 482 537 483 1152 483 1146 483 538 484 1147 484 546 484 545 485 1145 485 1143 485 544 486 1142 486 549 486 548 487 1141 487 1168 487 548 488 1168 488 555 488 554 489 1167 489 1165 489 554 490 1165 490 558 490 557 491 1164 491 1175 491 557 492 1175 492 103 492 102 493 1174 493 576 493 102 494 576 494 80 494 1153 495 531 495 1158 495 1159 496 532 496 61 496 1159 497 61 497 630 497 629 498 60 498 58 498 629 499 58 499 634 499 633 500 57 500 526 500 632 501 525 501 1139 501 1137 502 524 502 515 502 1138 503 516 503 1135 503 1134 504 514 504 522 504 1134 505 522 505 1128 505 1126 506 521 506 404 506 1127 507 405 507 1007 507 1006 508 403 508 142 508 1005 509 141 509 725 509 262 510 1054 510 267 510 265 511 1053 511 1050 511 266 512 1051 512 460 512 459 513 1049 513 1047 513 459 514 1047 514 463 514 462 515 1046 515 1044 515 462 516 1044 516 466 516 465 517 1043 517 1041 517 465 518 1041 518 469 518 468 519 1040 519 1038 519 468 520 1038 520 473 520 471 521 1037 521 722 521 472 522 723 522 140 522 1054 523 262 523 1008 523 1009 524 263 524 260 524 1009 525 260 525 1012 525 1011 526 259 526 257 526 1011 527 257 527 1016 527 1015 528 256 528 254 528 1014 529 253 529 1019 529 1018 530 252 530 250 530 1018 531 250 531 1022 531 1021 532 249 532 247 532 1021 533 247 533 1025 533 1024 534 246 534 244 534 1024 535 244 535 1028 535 1027 536 243 536 79 536 1027 537 79 537 574 537 110 538 667 538 112 538 113 539 668 539 663 539 113 540 663 540 115 540 116 541 664 541 660 541 116 542 660 542 118 542 120 543 661 543 657 543 119 544 656 544 122 544 123 545 658 545 898 545 124 546 899 546 307 546 308 547 900 547 895 547 308 548 895 548 310 548 311 549 896 549 893 549 311 550 893 550 314 550 666 551 109 551 671 551 669 552 108 552 153 552 669 553 153 553 710 553 711 554 154 554 150 554 711 555 150 555 713 555 714 556 151 556 147 556 714 557 147 557 716 557 717 558 148 558 144 558 717 559 144 559 719 559 720 560 145 560 451 560 720 561 451 561 956 561 957 562 452 562 448 562 957 563 448 563 959 563 960 564 449 564 445 564 960 565 445 565 962 565 15 566 985 566 423 566 424 567 986 567 981 567 424 568 981 568 426 568 427 569 982 569 977 569 428 570 978 570 430 570 431 571 979 571 973 571 432 572 974 572 434 572 436 573 975 573 970 573 435 574 969 574 438 574 439 575 971 575 966 575 439 576 966 576 441 576 443 577 967 577 964 577 442 578 963 578 446 578 984 579 14 579 585 579 588 580 16 580 333 580 587 581 332 581 873 581 874 582 334 582 328 582 875 583 329 583 877 583 878 584 330 584 325 584 878 585 325 585 880 585 881 586 326 586 322 586 881 587 322 587 883 587 884 588 323 588 319 588 884 589 319 589 886 589 887 590 320 590 316 590 887 591 316 591 889 591 890 592 317 592 313 592 890 593 313 593 892 593 779 594 775 594 1187 594 1187 595 775 595 1189 595 1196 596 1198 596 1202 596 1195 597 1201 597 1206 597 1194 598 1205 598 1211 598 1193 599 1210 599 1214 599 1194 600 1215 600 1218 600 1194 601 1218 601 1222 601 1193 602 1221 602 1226 602 1195 603 1227 603 1231 603 1193 604 1230 604 730 604 1194 605 731 605 569 605 1194 606 569 606 1236 606 1237 607 1241 607 1192 607 1237 608 1192 608 1234 608 1237 609 1234 609 1246 609 1237 610 1246 610 1249 610 1237 611 1249 611 1252 611 1237 612 1252 612 1255 612 1237 613 1255 613 1259 613 1237 614 1259 614 1263 614 1237 615 1263 615 1185 615 1237 616 1185 616 1188 616 1237 617 1188 617 1266 617 1266 618 1188 618 1270 618 1266 619 1270 619 1274 619 1266 620 1274 620 1277 620 1266 621 1277 621 1281 621 1266 622 1281 622 1285 622 1266 623 1285 623 1288 623 1266 624 1288 624 1291 624 1266 625 1291 625 1294 625 1266 626 1294 626 1300 626 705 627 1250 627 559 627 560 628 1251 628 1247 628 560 629 1247 629 562 629 563 630 1248 630 1235 630 563 631 1235 631 568 631 1250 632 705 632 1254 632 1253 633 704 633 789 633 1253 634 789 634 1258 634 1256 635 788 635 785 635 1257 636 786 636 1262 636 1260 637 784 637 781 637 1261 638 782 638 1265 638 1264 639 780 639 777 639 1264 640 777 640 1186 640 1298 641 1292 641 805 641 1298 642 805 642 833 642 1299 643 834 643 1305 643 1299 644 1305 644 1309 644 1297 645 1308 645 1312 645 1297 646 1312 646 1316 646 1298 647 1317 647 1322 647 1297 648 1321 648 1326 648 1298 649 1327 649 1331 649 1299 650 1332 650 1336 650 1296 651 1335 651 1339 651 1283 652 756 652 1286 652 1287 653 758 653 793 653 1287 654 793 654 1289 654 1290 655 794 655 806 655 1290 656 806 656 1293 656 757 657 1284 657 762 657 761 658 1282 658 1280 658 760 659 1279 659 765 659 764 660 1278 660 1276 660 764 661 1276 661 769 661 768 662 1275 662 1273 662 767 663 1272 663 773 663 771 664 1271 664 1190 664 772 665 1191 665 776 665 1342 666 1338 666 1346 666 1346 667 1338 667 1334 667 1345 668 1333 668 1350 668 1350 669 1333 669 1330 669 1349 670 1328 670 1353 670 1354 671 1329 671 1325 671 1352 672 1324 672 1358 672 1357 673 1323 673 1320 673 1200 674 1360 674 1204 674 1204 675 1360 675 1369 675 1203 676 1368 676 1209 676 1208 677 1367 677 1372 677 1207 678 1371 678 1213 678 1213 679 1371 679 1375 679 1212 680 1374 680 1217 680 1217 681 1374 681 1379 681 1216 682 1378 682 1220 682 1220 683 1378 683 1384 683 1356 684 1318 684 1388 684 1389 685 1319 685 1315 685 1387 686 1313 686 1393 686 1394 687 1314 687 1311 687 1392 688 1310 688 1397 688 1397 689 1310 689 1307 689 1396 690 1306 690 1401 690 1401 691 1306 691 1304 691 1400 692 1303 692 830 692 830 693 1303 693 832 693 1219 694 1382 694 1224 694 1225 695 1383 695 1403 695 1223 696 1402 696 1229 696 1229 697 1402 697 1407 697 1228 698 1406 698 1233 698 1233 699 1406 699 1411 699 1232 700 1410 700 733 700 733 701 1410 701 735 701 1416 702 1420 702 1422 702 1416 703 1422 703 1427 703 1416 704 1427 704 1434 704 1416 705 1434 705 1436 705 1416 706 1436 706 1445 706 1446 707 1437 707 1450 707 1445 708 1449 708 1453 708 1447 709 1454 709 1458 709 1448 710 1459 710 1464 710 1445 711 1463 711 1478 711 1482 712 1478 712 1463 712 1484 713 1465 713 1486 713 1481 714 1485 714 1490 714 1483 715 1491 715 1495 715 1482 716 1494 716 1301 716 1482 717 1301 717 1295 717 1482 718 1295 718 1337 718 1482 719 1337 719 1341 719 1359 720 1199 720 1242 720 1242 721 1199 721 1197 721 1500 722 1505 722 1508 722 241 723 457 723 1513 723 240 724 1512 724 1516 724 240 725 1516 725 1519 725 240 726 1519 726 1522 726 241 727 1523 727 1528 727 240 728 1527 728 1532 728 239 729 1531 729 1535 729 241 730 1536 730 1540 730 238 731 1539 731 1543 731 1549 732 240 732 1544 732 1550 733 1545 733 1555 733 1549 734 1554 734 1240 734 1548 735 1239 735 1560 735 1549 736 1561 736 1565 736 1549 737 1565 737 1569 737 1549 738 1569 738 1572 738 1549 739 1572 739 1576 739 1583 740 1588 740 1593 740 1579 741 1591 741 1596 741 1581 742 1598 742 1033 742 1581 743 1033 743 737 743 1580 744 736 744 1412 744 1581 745 1413 745 1409 745 1580 746 1408 746 1404 746 1581 747 1405 747 1385 747 1581 748 1385 748 1381 748 1580 749 1380 749 1376 749 1581 750 1377 750 1373 750 1581 751 1373 751 1370 751 1581 752 1370 752 1361 752 1365 753 1603 753 1607 753 1361 754 1606 754 1610 754 1366 755 1611 755 1616 755 1363 756 1615 756 1620 756 1361 757 1619 757 1623 757 1362 758 1624 758 1629 758 1361 759 1628 759 1632 759 1361 760 1632 760 1636 760 1361 761 1636 761 1639 761 1363 762 1640 762 1643 762 1364 763 1644 763 1582 763 1244 764 1240 764 1554 764 1244 765 1554 765 1649 765 1243 766 1648 766 1652 766 1245 767 1653 767 1657 767 1243 768 1656 768 1601 768 1244 769 1602 769 1361 769 1663 770 1669 770 1673 770 1664 771 1675 771 1678 771 1665 772 1679 772 1683 772 1664 773 1682 773 1686 773 1665 774 1687 774 1691 774 1662 775 1690 775 1695 775 1664 776 1697 776 1702 776 1707 777 1549 777 1576 777 1706 778 1575 778 1713 778 1709 779 1714 779 1718 779 1707 780 1717 780 1508 780 1707 781 1508 781 1505 781 1705 782 1504 782 1722 782 1705 783 1722 783 1726 783 1708 784 1727 784 1732 784 1707 785 1731 785 1736 785 1707 786 1736 786 1740 786 1707 787 1740 787 1743 787 1707 788 1743 788 1746 788 1707 789 1746 789 1750 789 1706 790 1749 790 1674 790 1707 791 1675 791 1670 791 456 792 1033 792 1598 792 455 793 1597 793 1753 793 457 794 1754 794 1759 794 456 795 1758 795 1762 795 456 796 1762 796 1765 796 456 797 1765 797 1512 797 1771 798 1775 798 1424 798 1771 799 1424 799 1781 799 1770 800 1780 800 1784 800 1771 801 1785 801 1789 801 1771 802 1789 802 1792 802 1771 803 1792 803 1795 803 1772 804 1796 804 1800 804 1771 805 1799 805 1804 805 1770 806 1803 806 1807 806 1772 807 1808 807 1812 807 1771 808 1811 808 1702 808 1771 809 1702 809 1697 809 1769 810 1696 810 1816 810 1768 811 1815 811 1820 811 1432 812 1826 812 1831 812 1430 813 1830 813 1836 813 1429 814 1835 814 1841 814 1428 815 1840 815 1844 815 1429 816 1845 816 1849 816 1429 817 1849 817 1852 817 1429 818 1852 818 1857 818 1428 819 1856 819 1861 819 1431 820 1862 820 1866 820 1430 821 1865 821 1871 821 1429 822 1870 822 1505 822 1429 823 1505 823 1500 823 1425 824 1776 824 1876 824 1423 825 1875 825 1880 825 1425 826 1881 826 1825 826 1424 827 1824 827 1429 827 1647 828 1553 828 1884 828 1886 829 1556 829 1891 829 1885 830 1890 830 1896 830 1894 831 1889 831 1900 831 1895 832 1901 832 1905 832 1905 833 1901 833 1910 833 1906 834 1911 834 1916 834 1916 835 1911 835 1922 835 1915 836 1921 836 1926 836 1925 837 1920 837 1929 837 1926 838 1930 838 1934 838 1935 839 1931 839 1939 839 1934 840 1938 840 1943 840 1943 841 1938 841 1946 841 1943 842 1946 842 1949 842 1949 843 1946 843 1953 843 1949 844 1953 844 1956 844 1956 845 1953 845 1960 845 1956 846 1960 846 1964 846 1964 847 1960 847 1967 847 1964 848 1967 848 1971 848 1971 849 1967 849 1976 849 1972 850 1977 850 1981 850 1981 851 1977 851 1985 851 1980 852 1984 852 1586 852 1587 853 1985 853 1592 853 1821 854 1817 854 1988 854 1988 855 1817 855 1993 855 1988 856 1993 856 1997 856 1996 857 1992 857 2001 857 1996 858 2001 858 2004 858 2004 859 2001 859 2008 859 2004 860 2008 860 2011 860 2011 861 2008 861 2014 861 2011 862 2014 862 2017 862 2017 863 2014 863 2020 863 2017 864 2020 864 2023 864 2023 865 2020 865 2027 865 2023 866 2027 866 2031 866 2031 867 2027 867 2036 867 2032 868 2037 868 2041 868 2041 869 2037 869 2046 869 2040 870 2045 870 2050 870 2049 871 2044 871 2055 871 2051 872 2056 872 2061 872 2061 873 2056 873 2066 873 2060 874 2065 874 2070 874 2070 875 2065 875 2074 875 2069 876 2073 876 2079 876 2080 877 2075 877 2085 877 2081 878 2086 878 1872 878 1869 879 2084 879 1503 879 1790 880 2089 880 1794 880 1794 881 2089 881 2094 881 2097 882 2107 882 2112 882 2098 883 2113 883 2115 883 2098 884 2115 884 2118 884 2096 885 2117 885 2121 885 2098 886 2122 886 2092 886 2097 887 2091 887 2087 887 2098 888 2088 888 2126 888 2097 889 2125 889 2129 889 2097 890 2129 890 2133 890 2097 891 2133 891 1417 891 2097 892 1417 892 2137 892 2147 893 2137 893 1415 893 1415 894 2137 894 1417 894 1421 895 1418 895 1778 895 1779 896 1419 896 2135 896 1777 897 2134 897 1783 897 1783 898 2134 898 2132 898 1782 899 2131 899 1788 899 1787 900 2130 900 2128 900 1786 901 2127 901 1791 901 1791 902 2127 902 2090 902 2109 903 2104 903 2148 903 2109 904 2148 904 2152 904 2109 905 2152 905 2155 905 2109 906 2155 906 2158 906 2109 907 2158 907 2161 907 2109 908 2161 908 2164 908 2109 909 2164 909 2168 909 2109 910 2168 910 2171 910 2109 911 2171 911 2174 911 2109 912 2174 912 2177 912 2109 913 2177 913 2180 913 2109 914 2180 914 2183 914 2109 915 2183 915 2186 915 2109 916 2186 916 2189 916 2109 917 2189 917 2192 917 2109 918 2192 918 2195 918 2109 919 2195 919 2198 919 2109 920 2198 920 2201 920 2109 921 2201 921 2204 921 2109 922 2204 922 2207 922 2109 923 2207 923 2210 923 2109 924 2210 924 2213 924 2110 925 2214 925 2218 925 2109 926 2217 926 2221 926 2111 927 2222 927 2227 927 2109 928 2225 928 1810 928 2230 929 2237 929 2240 929 2234 930 2241 930 2245 930 2233 931 2244 931 2249 931 2231 932 2248 932 2252 932 2231 933 2252 933 2256 933 2231 934 2256 934 2260 934 2231 935 2260 935 2264 935 2231 936 2264 936 2267 936 2232 937 2268 937 2273 937 2231 938 2272 938 2276 938 2231 939 2276 939 2279 939 2231 940 2279 940 2282 940 2231 941 2282 941 2285 941 2231 942 2285 942 2288 942 2231 943 2288 943 2291 943 2231 944 2291 944 2294 944 2231 945 2294 945 2297 945 2231 946 2297 946 2300 946 2231 947 2300 947 2303 947 2231 948 2303 948 2306 948 2231 949 2306 949 2309 949 2233 950 2310 950 2314 950 2231 951 2313 951 2104 951 2267 952 2264 952 2317 952 2267 953 2317 953 2320 953 2267 954 2320 954 2323 954 2267 955 2323 955 2326 955 2267 956 2326 956 2329 956 2267 957 2329 957 2332 957 2267 958 2332 958 2335 958 2104 959 2313 959 2339 959 2104 960 2339 960 2342 960 2104 961 2342 961 2345 961 2104 962 2345 962 2348 962 2104 963 2348 963 2351 963 2104 964 2351 964 2354 964 2104 965 2354 965 2357 965 2104 966 2357 966 2360 966 2104 967 2360 967 2363 967 2105 968 2364 968 2149 968 1698 969 1810 969 2225 969 1700 970 2226 970 2368 970 1699 971 2367 971 2372 971 1698 972 2371 972 2375 972 1698 973 2375 973 2378 973 1699 974 2379 974 2383 974 1698 975 2382 975 2386 975 1698 976 2386 976 2389 976 1698 977 2389 977 2392 977 1698 978 2392 978 2395 978 1698 979 2395 979 2398 979 1698 980 2398 980 2401 980 1698 981 2401 981 2335 981 2335 982 2401 982 2404 982 2335 983 2404 983 2407 983 2335 984 2407 984 2410 984 2335 985 2410 985 2414 985 2335 986 2414 986 2418 986 2335 987 2418 987 2421 987 2335 988 2421 988 2424 988 2335 989 2424 989 2427 989 2335 990 2427 990 2431 990 2335 991 2431 991 2434 991 2335 992 2434 992 2437 992 2335 993 2437 993 2441 993 2336 994 2442 994 2268 994 1793 995 2093 995 1798 995 1798 996 2093 996 2124 996 1797 997 2123 997 1802 997 1802 998 2123 998 2120 998 1801 999 2119 999 1806 999 1806 1000 2119 1000 2116 1000 1805 1001 2114 1001 1809 1001 1809 1002 2114 1002 2108 1002 824 1003 285 1003 1340 1003 824 1004 1340 1004 1343 1004 825 1005 1344 1005 1348 1005 824 1006 1347 1006 1351 1006 824 1007 1351 1007 1355 1007 824 1008 1355 1008 1386 1008 824 1009 1386 1009 1390 1009 825 1010 1391 1010 1395 1010 825 1011 1395 1011 1399 1011 823 1012 1398 1012 828 1012 285 1013 170 1013 1340 1013 1340 1014 170 1014 2449 1014 1340 1015 2449 1015 1480 1015 916 1016 367 1016 918 1016 918 1017 367 1017 362 1017 1036 1018 1032 1018 476 1018 476 1019 1032 1019 454 1019 1035 1020 475 1020 729 1020 729 1021 475 1021 138 1021 728 1022 137 1022 709 1022 709 1023 137 1023 135 1023 708 1024 134 1024 903 1024 903 1025 134 1025 381 1025 902 1026 380 1026 907 1026 906 1027 379 1027 377 1027 905 1028 376 1028 911 1028 910 1029 375 1029 373 1029 909 1030 372 1030 914 1030 914 1031 372 1031 370 1031 912 1032 369 1032 915 1032 915 1033 369 1033 366 1033 858 1034 288 1034 822 1034 822 1035 288 1035 284 1035 919 1036 363 1036 921 1036 922 1037 364 1037 358 1037 923 1038 360 1038 926 1038 925 1039 359 1039 355 1039 927 1040 356 1040 929 1040 929 1041 356 1041 352 1041 930 1042 353 1042 932 1042 932 1043 353 1043 349 1043 933 1044 350 1044 644 1044 644 1045 350 1045 105 1045 645 1046 106 1046 647 1046 647 1047 106 1047 130 1047 648 1048 131 1048 856 1048 857 1049 132 1049 287 1049 2451 1050 2266 1050 2453 1050 2453 1051 2266 1051 2261 1051 2460 1052 2464 1052 2469 1052 2460 1053 2470 1053 2464 1053 2476 1054 2480 1054 2484 1054 2487 1055 2464 1055 2490 1055 2493 1056 2499 1056 2503 1056 2490 1057 2464 1057 2505 1057 2505 1058 2464 1058 2470 1058 2508 1059 2511 1059 2516 1059 2519 1060 2469 1060 2464 1060 2522 1061 2527 1061 2531 1061 2523 1062 2532 1062 2536 1062 2522 1063 2535 1063 2539 1063 2522 1064 2539 1064 2542 1064 2522 1065 2542 1065 2544 1065 2522 1066 2544 1066 2546 1066 2522 1067 2546 1067 2549 1067 2522 1068 2549 1068 2553 1068 2559 1069 2562 1069 2566 1069 2559 1070 2566 1070 2570 1070 2559 1071 2570 1071 2574 1071 2559 1072 2574 1072 2577 1072 2559 1073 2577 1073 2580 1073 2559 1074 2580 1074 2584 1074 2559 1075 2584 1075 2587 1075 2559 1076 2587 1076 2590 1076 2559 1077 2590 1077 2594 1077 2559 1078 2594 1078 2598 1078 2559 1079 2598 1079 2601 1079 2560 1080 2602 1080 2606 1080 2559 1081 2605 1081 2609 1081 2559 1082 2609 1082 2612 1082 2559 1083 2612 1083 2616 1083 2559 1084 2616 1084 2455 1084 2559 1085 2455 1085 2623 1085 2558 1086 2622 1086 2627 1086 2559 1087 2628 1087 2632 1087 2560 1088 2633 1088 2636 1088 2457 1089 2617 1089 2640 1089 2456 1090 2639 1090 2643 1090 2458 1091 2644 1091 2648 1091 2655 1092 2486 1092 2481 1092 2653 1093 2480 1093 2658 1093 2654 1094 2659 1094 2663 1094 2652 1095 2662 1095 2666 1095 2452 1096 2455 1096 2647 1096 2452 1097 2647 1097 2653 1097 2452 1098 2653 1098 2667 1098 2452 1099 2667 1099 2671 1099 2672 1100 2677 1100 2679 1100 2671 1101 2678 1101 2682 1101 2671 1102 2682 1102 2685 1102 2671 1103 2685 1103 2688 1103 2671 1104 2688 1104 2692 1104 2671 1105 2692 1105 2452 1105 2139 1106 1668 1106 2698 1106 2141 1107 2700 1107 2704 1107 2138 1108 2703 1108 2707 1108 2140 1109 2708 1109 2711 1109 2139 1110 2710 1110 2713 1110 2140 1111 2714 1111 2718 1111 2139 1112 2717 1112 2722 1112 2139 1113 2722 1113 2729 1113 2139 1114 2729 1114 2732 1114 2139 1115 2732 1115 2735 1115 2140 1116 2736 1116 2741 1116 2139 1117 2740 1117 2101 1117 2698 1118 1668 1118 1659 1118 2698 1119 1659 1119 2747 1119 2697 1120 2746 1120 2750 1120 2698 1121 2751 1121 2754 1121 2699 1122 2755 1122 2760 1122 2590 1123 2487 1123 2490 1123 2590 1124 2490 1124 2763 1124 2590 1125 2763 1125 2766 1125 2591 1126 2767 1126 2595 1126 2100 1127 2739 1127 2771 1127 2102 1128 2772 1128 2776 1128 2101 1129 2775 1129 2779 1129 2101 1130 2779 1130 2783 1130 2101 1131 2783 1131 2786 1131 2101 1132 2786 1132 2789 1132 2101 1133 2789 1133 2793 1133 2103 1134 2794 1134 2798 1134 2101 1135 2797 1135 2804 1135 2726 1136 2721 1136 2806 1136 2730 1137 2807 1137 2812 1137 2729 1138 2811 1138 2815 1138 2730 1139 2816 1139 2820 1139 2729 1140 2819 1140 2823 1140 2729 1141 2823 1141 2826 1141 2729 1142 2826 1142 2829 1142 2729 1143 2829 1143 2832 1143 2730 1144 2833 1144 2523 1144 2729 1145 2522 1145 2553 1145 2727 1146 2552 1146 2836 1146 2729 1147 2837 1147 2841 1147 2730 1148 2842 1148 2846 1148 2729 1149 2845 1149 2850 1149 2729 1150 2850 1150 2853 1150 2729 1151 2853 1151 2857 1151 2728 1152 2856 1152 2863 1152 2561 1153 2803 1153 2866 1153 2562 1154 2867 1154 2870 1154 2563 1155 2871 1155 2875 1155 2562 1156 2874 1156 2500 1156 2562 1157 2500 1157 2494 1157 2758 1158 2876 1158 2882 1158 2759 1159 2883 1159 2886 1159 2759 1160 2886 1160 2889 1160 2759 1161 2889 1161 2892 1161 2759 1162 2892 1162 2895 1162 2759 1163 2895 1163 2898 1163 2761 1164 2899 1164 2528 1164 2759 1165 2527 1165 2522 1165 2758 1166 2521 1166 2903 1166 2760 1167 2904 1167 2908 1167 2759 1168 2907 1168 2911 1168 2759 1169 2911 1169 2914 1169 2759 1170 2914 1170 2917 1170 2760 1171 2918 1171 2921 1171 2760 1172 2921 1172 2926 1172 2759 1173 2925 1173 2930 1173 2757 1174 2929 1174 2696 1174 2676 1175 2933 1175 2934 1175 2676 1176 2934 1176 2937 1176 2676 1177 2937 1177 2940 1177 2676 1178 2940 1178 2944 1178 2675 1179 2943 1179 2949 1179 1658 1180 2949 1180 2954 1180 1659 1181 2955 1181 2958 1181 1659 1182 2958 1182 2961 1182 1659 1183 2961 1183 2964 1183 1659 1184 2964 1184 2967 1184 1659 1185 2967 1185 2970 1185 1659 1186 2970 1186 2973 1186 1660 1187 2974 1187 2978 1187 1659 1188 2977 1188 2747 1188 1659 1189 2979 1189 2950 1189 2950 1190 2979 1190 2982 1190 2950 1191 2982 1191 2676 1191 2676 1192 2982 1192 2678 1192 2476 1193 2484 1193 2987 1193 2988 1194 2485 1194 2992 1194 2987 1195 2991 1195 2995 1195 2995 1196 2991 1196 2998 1196 2995 1197 2998 1197 3001 1197 3001 1198 2998 1198 3004 1198 3001 1199 3004 1199 2464 1199 2465 1200 3005 1200 3010 1200 2464 1201 3009 1201 2519 1201 2562 1202 2559 1202 2804 1202 2804 1203 2559 1203 3014 1203 2804 1204 3014 1204 2101 1204 2099 1205 3013 1205 3017 1205 2863 1206 2856 1206 3020 1206 3021 1207 2857 1207 3022 1207 3021 1208 3022 1208 3028 1208 3029 1209 3034 1209 3022 1209 3022 1210 3034 1210 3037 1210 3022 1211 3037 1211 3028 1211 2494 1212 2504 1212 3029 1212 3029 1213 2504 1213 3041 1213 3029 1214 3041 1214 3034 1214 2883 1215 2877 1215 2516 1215 2516 1216 2877 1216 3042 1216 2516 1217 3042 1217 2508 1217 2516 1218 2511 1218 3047 1218 3047 1219 2511 1219 3048 1219 3047 1220 3048 1220 3052 1220 3047 1221 3052 1221 2933 1221 2933 1222 3052 1222 3055 1222 2933 1223 3055 1223 2934 1223 2981 1224 1661 1224 2338 1224 2338 1225 1661 1225 1701 1225 2980 1226 2337 1226 2984 1226 2984 1227 2337 1227 2334 1227 2983 1228 2333 1228 2681 1228 2681 1229 2333 1229 2331 1229 2680 1230 2330 1230 2684 1230 2684 1231 2330 1231 2328 1231 2683 1232 2327 1232 2687 1232 2687 1233 2327 1233 2325 1233 2686 1234 2324 1234 2690 1234 2690 1235 2324 1235 2322 1235 2689 1236 2321 1236 2693 1236 2693 1237 2321 1237 2319 1237 2691 1238 2318 1238 2450 1238 2450 1239 2318 1239 2265 1239 3016 1240 2236 1240 2095 1240 2095 1241 2236 1241 2106 1241 2454 1242 2263 1242 2620 1242 2619 1243 2262 1243 2257 1243 2621 1244 2258 1244 2624 1244 2625 1245 2259 1245 2253 1245 2626 1246 2254 1246 2629 1246 2630 1247 2255 1247 2250 1247 2631 1248 2251 1248 2634 1248 2634 1249 2251 1249 2246 1249 2635 1250 2247 1250 2556 1250 2556 1251 2247 1251 2242 1251 2557 1252 2243 1252 3011 1252 3011 1253 2243 1253 2238 1253 3012 1254 2239 1254 3015 1254 3015 1255 2239 1255 2235 1255 3059 1256 1559 1256 3065 1256 3064 1257 1557 1257 1238 1257 3064 1258 1238 1258 1267 1258 1558 1259 3058 1259 1562 1259 1564 1260 3060 1260 3070 1260 1563 1261 3069 1261 1566 1261 1567 1262 3071 1262 3074 1262 1568 1263 3075 1263 1570 1263 3085 1264 3094 1264 3098 1264 3085 1265 3098 1265 3102 1265 3086 1266 3103 1266 3107 1266 3084 1267 3106 1267 3110 1267 3085 1268 3111 1268 3115 1268 3084 1269 3114 1269 3118 1269 3085 1270 3119 1270 3123 1270 3084 1271 3122 1271 3126 1271 3085 1272 3127 1272 3130 1272 3085 1273 3130 1273 1462 1273 3094 1274 1468 1274 3133 1274 3094 1275 3133 1275 3137 1275 3094 1276 3137 1276 3141 1276 3094 1277 3141 1277 3145 1277 3093 1278 3144 1278 3148 1278 3094 1279 3149 1279 3153 1279 3093 1280 3152 1280 3156 1280 3094 1281 3157 1281 3160 1281 3094 1282 3160 1282 3164 1282 3094 1283 3164 1283 3168 1283 3093 1284 3167 1284 3171 1284 3094 1285 3172 1285 3177 1285 3093 1286 3176 1286 3180 1286 3093 1287 3180 1287 3184 1287 3095 1288 3185 1288 3099 1288 1470 1289 3190 1289 3194 1289 1467 1290 3193 1290 3198 1290 1468 1291 3199 1291 3204 1291 1467 1292 3203 1292 3207 1292 1470 1293 3208 1293 3212 1293 1468 1294 3211 1294 3215 1294 1468 1295 3215 1295 3219 1295 1467 1296 3218 1296 3222 1296 1467 1297 3222 1297 3225 1297 1468 1298 3226 1298 3230 1298 1467 1299 3229 1299 3233 1299 1468 1300 3234 1300 3237 1300 1468 1301 3237 1301 3240 1301 1469 1302 3241 1302 3134 1302 1462 1303 3130 1303 3245 1303 1462 1304 3245 1304 3249 1304 1461 1305 3248 1305 3252 1305 1462 1306 3253 1306 3258 1306 1461 1307 3257 1307 3261 1307 1462 1308 3262 1308 3189 1308 1462 1309 3189 1309 1468 1309 1573 1310 1571 1310 3263 1310 3263 1311 1571 1311 3076 1311 3271 1312 1439 1312 3279 1312 3277 1313 1438 1313 1435 1313 3277 1314 1435 1314 3283 1314 1440 1315 3272 1315 1451 1315 1452 1316 3276 1316 3286 1316 1452 1317 3286 1317 1455 1317 1457 1318 3288 1318 3082 1318 1456 1319 3081 1319 1460 1319 1426 1320 1498 1320 1433 1320 1433 1321 1498 1321 3281 1321 3292 1322 1487 1322 3295 1322 3298 1323 1489 1323 1466 1323 3298 1324 1466 1324 3087 1324 1488 1325 3293 1325 1493 1325 1492 1326 3289 1326 3303 1326 1492 1327 3303 1327 1497 1327 1496 1328 3300 1328 1268 1328 1496 1329 1268 1329 1302 1329 1715 1330 3306 1330 1507 1330 1506 1331 3305 1331 3282 1331 1506 1332 3282 1332 1499 1332 3306 1333 1715 1333 3309 1333 3310 1334 1716 1334 1710 1334 3311 1335 1711 1335 3315 1335 3316 1336 1712 1336 1574 1336 3316 1337 1574 1337 3264 1337 3269 1338 3321 1338 3325 1338 3267 1339 3324 1339 3330 1339 3266 1340 3329 1340 3336 1340 3265 1341 3334 1341 3317 1341 3340 1342 3328 1342 3322 1342 3327 1343 3339 1343 3346 1343 3348 1344 3342 1344 3349 1344 3348 1345 3349 1345 3356 1345 3357 1346 3351 1346 3080 1346 3357 1347 3080 1347 3287 1347 3359 1348 3319 1348 3335 1348 3318 1349 3358 1349 3312 1349 3314 1350 3360 1350 3365 1350 3313 1351 3364 1351 3307 1351 3308 1352 3366 1352 3278 1352 3308 1353 3278 1353 3284 1353 3371 1354 3338 1354 3331 1354 3337 1355 3370 1355 3361 1355 3362 1356 3372 1356 3376 1356 3363 1357 3377 1357 3367 1357 3369 1358 3378 1358 3274 1358 3368 1359 3273 1359 3280 1359 3345 1360 3333 1360 3326 1360 3332 1361 3344 1361 3373 1361 3375 1362 3347 1362 3354 1362 3374 1363 3353 1363 3379 1363 3380 1364 3355 1364 3285 1364 3380 1365 3285 1365 3275 1365 3343 1366 3382 1366 3350 1366 3352 1367 3384 1367 3092 1367 3352 1368 3092 1368 3083 1368 3382 1369 3343 1369 3389 1369 3386 1370 3341 1370 3323 1370 3386 1371 3323 1371 3395 1371 3391 1372 3320 1372 3268 1372 3392 1373 3270 1373 3079 1373 3091 1374 3383 1374 3400 1374 3090 1375 3399 1375 3405 1375 3089 1376 3404 1376 3409 1376 3088 1377 3408 1377 3299 1377 3387 1378 3397 1378 3381 1378 3398 1379 3388 1379 3415 1379 3411 1380 3385 1380 3393 1380 3412 1381 3394 1381 3421 1381 3418 1382 3390 1382 3078 1382 3417 1383 3077 1383 3073 1383 3425 1384 3296 1384 3406 1384 3297 1385 3426 1385 3294 1385 3291 1386 3422 1386 3432 1386 3290 1387 3431 1387 3304 1387 3301 1388 3428 1388 3066 1388 3302 1389 3067 1389 1269 1389 3437 1390 3407 1390 3401 1390 3407 1391 3437 1391 3427 1391 3423 1392 3434 1392 3441 1392 3424 1393 3442 1393 3433 1393 3429 1394 3439 1394 3061 1394 3430 1395 3062 1395 3068 1395 3413 1396 3402 1396 3396 1396 3403 1397 3414 1397 3438 1397 3436 1398 3410 1398 3420 1398 3435 1399 3419 1399 3443 1399 3440 1400 3416 1400 3072 1400 3440 1401 3072 1401 3063 1401 3444 1402 3447 1402 3451 1402 3455 1403 3460 1403 3464 1403 3471 1404 3474 1404 3478 1404 3483 1405 3487 1405 3490 1405 3492 1406 3459 1406 3454 1406 3492 1407 3454 1407 3498 1407 3492 1408 3498 1408 3504 1408 3492 1409 3504 1409 3508 1409 3491 1410 3507 1410 3510 1410 3494 1411 3511 1411 3515 1411 3493 1412 3514 1412 3519 1412 3491 1413 3518 1413 3523 1413 3492 1414 3524 1414 3529 1414 3491 1415 3528 1415 3532 1415 3537 1416 3486 1416 3481 1416 3539 1417 3482 1417 3543 1417 3539 1418 3543 1418 3547 1418 3539 1419 3547 1419 3550 1419 3539 1420 3550 1420 3553 1420 3539 1421 3553 1421 3556 1421 3539 1422 3556 1422 3560 1422 3539 1423 3560 1423 3563 1423 3539 1424 3563 1424 3567 1424 3538 1425 3566 1425 3570 1425 3538 1426 3570 1426 3503 1426 3540 1427 3505 1427 3499 1427 3572 1428 3579 1428 3583 1428 3571 1429 3582 1429 3586 1429 3576 1430 3587 1430 3591 1430 3573 1431 3590 1431 3594 1431 3576 1432 3595 1432 3599 1432 3573 1433 3598 1433 3602 1433 3573 1434 3602 1434 3605 1434 3574 1435 3606 1435 3609 1435 3575 1436 3610 1436 3614 1436 3574 1437 3613 1437 3617 1437 3622 1438 3609 1438 3606 1438 3621 1439 3605 1439 3625 1439 3622 1440 3626 1440 3631 1440 3622 1441 3631 1441 3634 1441 3622 1442 3634 1442 3637 1442 3622 1443 3637 1443 3640 1443 3622 1444 3640 1444 3643 1444 3622 1445 3643 1445 3646 1445 3622 1446 3646 1446 3650 1446 3621 1447 3649 1447 3653 1447 3622 1448 3654 1448 3657 1448 3622 1449 3657 1449 3660 1449 3663 1450 3667 1450 3672 1450 3671 1451 3666 1451 3617 1451 3671 1452 3617 1452 3613 1452 3662 1453 3675 1453 3666 1453 3666 1454 3675 1454 3451 1454 3666 1455 3451 1455 3447 1455 3678 1456 3682 1456 3685 1456 3685 1457 3682 1457 3688 1457 3685 1458 3688 1458 3692 1458 3692 1459 3688 1459 3447 1459 3692 1460 3447 1460 3444 1460 3696 1461 3699 1461 3702 1461 3702 1462 3699 1462 3706 1462 3702 1463 3706 1463 3710 1463 3710 1464 3706 1464 3713 1464 3710 1465 3713 1465 3717 1465 3717 1466 3713 1466 3682 1466 3717 1467 3682 1467 3678 1467 3720 1468 3723 1468 3727 1468 3727 1469 3723 1469 3730 1469 3727 1470 3730 1470 3734 1470 3734 1471 3730 1471 3699 1471 3734 1472 3699 1472 3696 1472 3463 1473 3458 1473 3737 1473 3739 1474 3460 1474 3724 1474 3738 1475 3723 1475 3720 1475 3744 1476 3748 1476 3752 1476 3753 1477 3749 1477 3661 1477 3752 1478 3660 1478 3657 1478 3744 1479 3752 1479 3756 1479 3756 1480 3752 1480 3471 1480 3756 1481 3471 1481 3478 1481 3760 1482 3763 1482 3767 1482 3767 1483 3763 1483 3771 1483 3767 1484 3771 1484 3775 1484 3775 1485 3771 1485 3474 1485 3775 1486 3474 1486 3471 1486 3779 1487 3783 1487 3788 1487 3787 1488 3782 1488 3791 1488 3787 1489 3791 1489 3794 1489 3794 1490 3791 1490 3798 1490 3794 1491 3798 1491 3802 1491 3802 1492 3798 1492 3760 1492 3802 1493 3760 1493 3767 1493 3805 1494 3808 1494 3811 1494 3811 1495 3808 1495 3814 1495 3811 1496 3814 1496 3817 1496 3817 1497 3814 1497 3778 1497 3817 1498 3778 1498 3787 1498 3490 1499 3821 1499 3483 1499 3482 1500 3820 1500 3805 1500 3482 1501 3805 1501 3811 1501 3501 1502 3822 1502 3506 1502 3509 1503 3825 1503 3828 1503 3509 1504 3828 1504 3512 1504 3513 1505 3829 1505 3832 1505 3513 1506 3832 1506 3516 1506 3517 1507 3833 1507 3836 1507 3517 1508 3836 1508 3520 1508 3521 1509 3837 1509 3840 1509 3522 1510 3841 1510 3525 1510 3527 1511 3842 1511 3846 1511 3526 1512 3845 1512 3530 1512 3531 1513 3847 1513 3849 1513 3531 1514 3849 1514 3533 1514 3534 1515 3850 1515 3852 1515 3534 1516 3852 1516 3495 1516 3496 1517 3853 1517 3856 1517 3496 1518 3856 1518 3461 1518 3462 1519 3857 1519 3860 1519 3462 1520 3860 1520 3725 1520 3726 1521 3861 1521 3863 1521 3726 1522 3863 1522 3731 1522 3732 1523 3864 1523 3866 1523 3733 1524 3867 1524 3700 1524 3701 1525 3868 1525 3871 1525 3701 1526 3871 1526 3707 1526 3708 1527 3872 1527 3875 1527 3709 1528 3876 1528 3714 1528 3822 1529 3501 1529 3878 1529 3879 1530 3502 1530 3568 1530 3879 1531 3568 1531 3882 1531 3883 1532 3569 1532 3564 1532 3883 1533 3564 1533 3886 1533 3887 1534 3565 1534 3561 1534 3887 1535 3561 1535 3890 1535 3892 1536 3562 1536 3558 1536 3891 1537 3557 1537 3894 1537 3895 1538 3559 1538 3554 1538 3895 1539 3554 1539 3897 1539 3898 1540 3555 1540 3551 1540 3898 1541 3551 1541 3900 1541 3901 1542 3552 1542 3548 1542 3901 1543 3548 1543 3904 1543 3906 1544 3549 1544 3545 1544 3905 1545 3544 1545 3909 1545 3910 1546 3546 1546 3541 1546 3910 1547 3541 1547 3912 1547 3913 1548 3542 1548 3479 1548 3913 1549 3479 1549 3915 1549 3916 1550 3480 1550 3809 1550 3916 1551 3809 1551 3918 1551 3919 1552 3810 1552 3815 1552 3919 1553 3815 1553 3922 1553 3924 1554 3816 1554 3785 1554 3923 1555 3784 1555 3927 1555 3928 1556 3786 1556 3792 1556 3928 1557 3792 1557 3931 1557 3932 1558 3793 1558 3800 1558 3933 1559 3801 1559 3938 1559 3624 1560 3941 1560 3628 1560 3630 1561 3942 1561 3945 1561 3629 1562 3944 1562 3632 1562 3633 1563 3946 1563 3948 1563 3633 1564 3948 1564 3635 1564 3636 1565 3949 1565 3952 1565 3636 1566 3952 1566 3638 1566 3639 1567 3953 1567 3956 1567 3639 1568 3956 1568 3641 1568 3642 1569 3957 1569 3960 1569 3642 1570 3960 1570 3644 1570 3645 1571 3961 1571 3964 1571 3645 1572 3964 1572 3647 1572 3648 1573 3965 1573 3968 1573 3648 1574 3968 1574 3651 1574 3652 1575 3969 1575 3972 1575 3652 1576 3972 1576 3655 1576 3656 1577 3973 1577 3975 1577 3656 1578 3975 1578 3750 1578 3751 1579 3976 1579 3979 1579 3751 1580 3979 1580 3468 1580 3470 1581 3980 1581 3984 1581 3469 1582 3983 1582 3772 1582 3773 1583 3985 1583 3988 1583 3774 1584 3989 1584 3764 1584 3766 1585 3990 1585 3937 1585 3765 1586 3936 1586 3799 1586 3941 1587 3624 1587 3993 1587 3995 1588 3627 1588 3607 1588 3995 1589 3607 1589 3998 1589 3999 1590 3608 1590 3603 1590 3999 1591 3603 1591 4002 1591 4003 1592 3604 1592 3600 1592 4003 1593 3600 1593 4005 1593 4006 1594 3601 1594 3596 1594 4006 1595 3596 1595 4009 1595 4010 1596 3597 1596 3592 1596 4010 1597 3592 1597 4013 1597 4014 1598 3593 1598 3588 1598 4014 1599 3588 1599 4017 1599 4018 1600 3589 1600 3584 1600 4018 1601 3584 1601 4021 1601 4022 1602 3585 1602 3580 1602 4022 1603 3580 1603 4025 1603 4026 1604 3581 1604 3577 1604 4026 1605 3577 1605 4029 1605 4030 1606 3578 1606 3618 1606 4030 1607 3618 1607 4033 1607 4035 1608 3619 1608 3669 1608 4034 1609 3668 1609 4037 1609 4038 1610 3670 1610 3448 1610 4039 1611 3449 1611 4043 1611 4045 1612 3450 1612 3690 1612 4044 1613 3689 1613 4048 1613 4049 1614 3691 1614 3683 1614 4049 1615 3683 1615 4052 1615 4053 1616 3684 1616 3715 1616 4054 1617 3716 1617 3877 1617 3612 1618 3120 1618 3615 1618 3616 1619 3121 1619 3116 1619 3616 1620 3116 1620 3673 1620 3674 1621 3117 1621 3112 1621 3674 1622 3112 1622 3664 1622 3665 1623 3113 1623 3108 1623 3665 1624 3108 1624 3676 1624 3677 1625 3109 1625 3104 1625 3677 1626 3104 1626 3452 1626 3453 1627 3105 1627 3100 1627 3453 1628 3100 1628 3445 1628 3446 1629 3101 1629 3096 1629 3446 1630 3096 1630 3693 1630 3695 1631 3097 1631 3182 1631 3694 1632 3181 1632 3686 1632 3687 1633 3183 1633 3178 1633 3687 1634 3178 1634 3679 1634 3681 1635 3179 1635 3175 1635 3680 1636 3174 1636 3719 1636 3120 1637 3612 1637 3125 1637 3124 1638 3611 1638 3623 1638 3124 1639 3623 1639 3129 1639 3128 1640 3620 1640 3658 1640 3128 1641 3658 1641 3242 1641 3244 1642 3659 1642 3746 1642 3243 1643 3745 1643 3246 1643 3247 1644 3747 1644 3742 1644 3247 1645 3742 1645 3250 1645 3251 1646 3743 1646 3754 1646 3251 1647 3754 1647 3254 1647 3256 1648 3755 1648 3476 1648 3255 1649 3475 1649 3259 1649 3260 1650 3477 1650 3472 1650 3260 1651 3472 1651 3186 1651 3188 1652 3473 1652 3769 1652 3187 1653 3768 1653 3191 1653 3192 1654 3770 1654 3761 1654 3192 1655 3761 1655 3195 1655 3196 1656 3762 1656 3757 1656 3197 1657 3758 1657 3200 1657 3202 1658 3759 1658 3796 1658 3201 1659 3795 1659 3205 1659 3536 1660 3238 1660 3484 1660 3485 1661 3239 1661 3235 1661 3485 1662 3235 1662 3488 1662 3489 1663 3236 1663 3231 1663 3489 1664 3231 1664 3818 1664 3819 1665 3232 1665 3227 1665 3819 1666 3227 1666 3803 1666 3804 1667 3228 1667 3223 1667 3804 1668 3223 1668 3806 1668 3807 1669 3224 1669 3220 1669 3807 1670 3220 1670 3812 1670 3813 1671 3221 1671 3216 1671 3813 1672 3216 1672 3776 1672 3777 1673 3217 1673 3213 1673 3777 1674 3213 1674 3780 1674 3781 1675 3214 1675 3209 1675 3781 1676 3209 1676 3789 1676 3790 1677 3210 1677 3206 1677 3790 1678 3206 1678 3797 1678 3238 1679 3536 1679 3132 1679 3131 1680 3535 1680 3497 1680 3131 1681 3497 1681 3135 1681 3136 1682 3500 1682 3456 1682 3136 1683 3456 1683 3138 1683 3140 1684 3457 1684 3466 1684 3139 1685 3465 1685 3142 1685 3143 1686 3467 1686 3740 1686 3143 1687 3740 1687 3146 1687 3147 1688 3741 1688 3721 1688 3147 1689 3721 1689 3150 1689 3151 1690 3722 1690 3728 1690 3151 1691 3728 1691 3154 1691 3155 1692 3729 1692 3735 1692 3155 1693 3735 1693 3158 1693 3159 1694 3736 1694 3697 1694 3159 1695 3697 1695 3161 1695 3162 1696 3698 1696 3703 1696 3163 1697 3704 1697 3165 1697 3166 1698 3705 1698 3711 1698 3166 1699 3711 1699 3169 1699 3170 1700 3712 1700 3718 1700 3170 1701 3718 1701 3173 1701 1704 1702 2144 1702 1547 1702 1547 1703 2144 1703 2446 1703 1443 1704 1474 1704 3982 1704 1443 1705 3982 1705 3978 1705 1442 1706 3977 1706 3974 1706 1442 1707 3974 1707 3970 1707 1444 1708 3971 1708 3967 1708 1442 1709 3966 1709 3962 1709 1444 1710 3963 1710 3959 1710 1443 1711 3958 1711 3955 1711 1442 1712 3954 1712 3950 1712 1443 1713 3951 1713 3947 1713 1443 1714 3947 1714 3943 1714 1443 1715 3943 1715 3994 1715 1443 1716 3994 1716 3997 1716 1443 1717 3997 1717 4058 1717 1474 1718 4064 1718 3880 1718 1474 1719 3880 1719 3884 1719 1475 1720 3885 1720 3889 1720 1474 1721 3888 1721 3893 1721 1474 1722 3893 1722 3896 1722 1474 1723 3896 1723 3899 1723 1474 1724 3899 1724 3903 1724 1473 1725 3902 1725 3907 1725 1474 1726 3908 1726 3911 1726 1474 1727 3911 1727 3914 1727 1474 1728 3914 1728 3917 1728 1474 1729 3917 1729 3921 1729 1473 1730 3920 1730 3925 1730 1476 1731 3926 1731 3930 1731 1473 1732 3929 1732 3934 1732 1474 1733 3935 1733 3940 1733 1473 1734 3939 1734 3991 1734 1477 1735 3992 1735 3987 1735 1472 1736 3986 1736 3981 1736 4062 1737 4040 1737 4046 1737 4066 1738 4047 1738 4051 1738 4064 1739 4050 1739 3874 1739 4063 1740 3873 1740 3869 1740 4064 1741 3870 1741 3865 1741 4064 1742 3865 1742 3862 1742 4064 1743 3862 1743 3859 1743 4063 1744 3858 1744 3854 1744 4064 1745 3855 1745 3851 1745 4064 1746 3851 1746 3848 1746 4064 1747 3848 1747 3844 1747 4063 1748 3843 1748 3838 1748 4064 1749 3839 1749 3835 1749 4063 1750 3834 1750 3830 1750 4064 1751 3831 1751 3827 1751 4063 1752 3826 1752 3823 1752 4065 1753 3824 1753 3881 1753 4057 1754 3996 1754 4000 1754 4058 1755 4001 1755 4004 1755 4058 1756 4004 1756 4008 1756 4057 1757 4007 1757 4011 1757 4059 1758 4012 1758 4016 1758 4057 1759 4015 1759 4019 1759 4059 1760 4020 1760 4024 1760 4057 1761 4023 1761 4027 1761 4058 1762 4028 1762 4032 1762 4057 1763 4031 1763 4036 1763 4057 1764 4036 1764 4041 1764 4058 1765 4042 1765 4064 1765 169 1766 237 1766 2445 1766 2445 1767 237 1767 1546 1767 2136 1768 2142 1768 1666 1768 1667 1769 2143 1769 1703 1769 1441 1770 4055 1770 1414 1770 1414 1771 4055 1771 2145 1771 4056 1772 4061 1772 2146 1772 2146 1773 4061 1773 2448 1773 4060 1774 1471 1774 2447 1774 2447 1775 1471 1775 1479 1775 4067 1776 4070 1776 4073 1776 4073 1777 4070 1777 4076 1777 4081 1778 4086 1778 4089 1778 4094 1779 4098 1779 4102 1779 4105 1780 4108 1780 4111 1780 4115 1781 4118 1781 4121 1781 4125 1782 4128 1782 4132 1782 4136 1783 4140 1783 4145 1783 4135 1784 4144 1784 4148 1784 4135 1785 4148 1785 4152 1785 4135 1786 4152 1786 4155 1786 4135 1787 4155 1787 4157 1787 4135 1788 4157 1788 4160 1788 4135 1789 4160 1789 4163 1789 4135 1790 4163 1790 4167 1790 4171 1791 4176 1791 4180 1791 4171 1792 4180 1792 4086 1792 4170 1793 4085 1793 4080 1793 4183 1794 4189 1794 4193 1794 4185 1795 4194 1795 4198 1795 4184 1796 4197 1796 4176 1796 4186 1797 4177 1797 4172 1797 4202 1798 4207 1798 4211 1798 4202 1799 4211 1799 4217 1799 4202 1800 4217 1800 4221 1800 4202 1801 4221 1801 4190 1801 4202 1802 4190 1802 4184 1802 4202 1803 4184 1803 4224 1803 4202 1804 4224 1804 4227 1804 4202 1805 4227 1805 4230 1805 4203 1806 4231 1806 4235 1806 4211 1807 4207 1807 4238 1807 4211 1808 4238 1808 4241 1808 4211 1809 4241 1809 4244 1809 4211 1810 4244 1810 4247 1810 4211 1811 4247 1811 4250 1811 4211 1812 4250 1812 4253 1812 4211 1813 4253 1813 4256 1813 4212 1814 4257 1814 4261 1814 4266 1815 4270 1815 4274 1815 4265 1816 4273 1816 4278 1816 4264 1817 4277 1817 4281 1817 4265 1818 4282 1818 4289 1818 4265 1819 4289 1819 4293 1819 4297 1820 4302 1820 4306 1820 4296 1821 4305 1821 4309 1821 4299 1822 4310 1822 4313 1822 4299 1823 4313 1823 4317 1823 4296 1824 4316 1824 4320 1824 4297 1825 4321 1825 4324 1825 4297 1826 4324 1826 4327 1826 4298 1827 4328 1827 4332 1827 4297 1828 4331 1828 4335 1828 4297 1829 4335 1829 4339 1829 4343 1830 4348 1830 4234 1830 4344 1831 4235 1831 4352 1831 4343 1832 4351 1832 4356 1832 4342 1833 4355 1833 4359 1833 4343 1834 4360 1834 4363 1834 4343 1835 4363 1835 4366 1835 4343 1836 4366 1836 4369 1836 4343 1837 4369 1837 4374 1837 4343 1838 4374 1838 4379 1838 4343 1839 4379 1839 4382 1839 4343 1840 4382 1840 4386 1840 4343 1841 4386 1841 4389 1841 4343 1842 4389 1842 4392 1842 4343 1843 4392 1843 4396 1843 4343 1844 4396 1844 4400 1844 4343 1845 4400 1845 4403 1845 4343 1846 4403 1846 4327 1846 4343 1847 4327 1847 4324 1847 4376 1848 4370 1848 4408 1848 4374 1849 4407 1849 4411 1849 4375 1850 4412 1850 4416 1850 4419 1851 4423 1851 4427 1851 4419 1852 4427 1852 4434 1852 4419 1853 4434 1853 4437 1853 4419 1854 4437 1854 4440 1854 4420 1855 4441 1855 4270 1855 4427 1856 4423 1856 4444 1856 4427 1857 4444 1857 4447 1857 4427 1858 4447 1858 4450 1858 4427 1859 4450 1859 4453 1859 4427 1860 4453 1860 4456 1860 4427 1861 4456 1861 4459 1861 4427 1862 4459 1862 4462 1862 4427 1863 4462 1863 4098 1863 4428 1864 4099 1864 4095 1864 4465 1865 4468 1865 4471 1865 4465 1866 4471 1866 4474 1866 4465 1867 4474 1867 4477 1867 4465 1868 4477 1868 4102 1868 4465 1869 4102 1869 4098 1869 4339 1870 4335 1870 4480 1870 4339 1871 4480 1871 4483 1871 4339 1872 4483 1872 4486 1872 4339 1873 4486 1873 4468 1873 4339 1874 4468 1874 4465 1874 4269 1875 4265 1875 4490 1875 4269 1876 4490 1876 4493 1876 4269 1877 4493 1877 4496 1877 4269 1878 4496 1878 4499 1878 4269 1879 4499 1879 4502 1879 4269 1880 4502 1880 4505 1880 4269 1881 4505 1881 4508 1881 4269 1882 4508 1882 4511 1882 4269 1883 4511 1883 4514 1883 4269 1884 4514 1884 4517 1884 4269 1885 4517 1885 4520 1885 4269 1886 4520 1886 4523 1886 4269 1887 4523 1887 4526 1887 4269 1888 4526 1888 4529 1888 4269 1889 4529 1889 4533 1889 4269 1890 4533 1890 4419 1890 4426 1891 4536 1891 4540 1891 4427 1892 4541 1892 4544 1892 4427 1893 4544 1893 4547 1893 4427 1894 4547 1894 4551 1894 4427 1895 4551 1895 4554 1895 4427 1896 4554 1896 4558 1896 4430 1897 4559 1897 4141 1897 4427 1898 4139 1898 4135 1898 4427 1899 4135 1899 4562 1899 4427 1900 4562 1900 4565 1900 4429 1901 4566 1901 4570 1901 4427 1902 4569 1902 4573 1902 4427 1903 4573 1903 4576 1903 4429 1904 4577 1904 4581 1904 4427 1905 4580 1905 4584 1905 4427 1906 4584 1906 4589 1906 4426 1907 4588 1907 4433 1907 4403 1908 4592 1908 4595 1908 4403 1909 4595 1909 4598 1909 4403 1910 4598 1910 4601 1910 4403 1911 4601 1911 4604 1911 4404 1912 4605 1912 4328 1912 4348 1913 4343 1913 4609 1913 4348 1914 4609 1914 4612 1914 4348 1915 4612 1915 4615 1915 4348 1916 4615 1916 4618 1916 4348 1917 4618 1917 4621 1917 4348 1918 4621 1918 4624 1918 4348 1919 4624 1919 4627 1919 4290 1920 4283 1920 4632 1920 4286 1921 4631 1921 4636 1921 4289 1922 4637 1922 4640 1922 4289 1923 4640 1923 4643 1923 4289 1924 4643 1924 4646 1924 4289 1925 4646 1925 4649 1925 4289 1926 4649 1926 4652 1926 4289 1927 4652 1927 4656 1927 4289 1928 4656 1928 4135 1928 4289 1929 4135 1929 4167 1929 4286 1930 4166 1930 4659 1930 4289 1931 4660 1931 4663 1931 4289 1932 4663 1932 4666 1932 4289 1933 4666 1933 4669 1933 4289 1934 4669 1934 4672 1934 4289 1935 4672 1935 4676 1935 4288 1936 4675 1936 4679 1936 4217 1937 4211 1937 4684 1937 4216 1938 4683 1938 4687 1938 4217 1939 4688 1939 4691 1939 4217 1940 4691 1940 4118 1940 4217 1941 4118 1941 4115 1941 4347 1942 4694 1942 4698 1942 4347 1943 4698 1943 4701 1943 4348 1944 4702 1944 4706 1944 4347 1945 4705 1945 4710 1945 4348 1946 4711 1946 4714 1946 4348 1947 4714 1947 4717 1947 4348 1948 4717 1948 4202 1948 4348 1949 4202 1949 4234 1949 4287 1950 4124 1950 4131 1950 4289 1951 4132 1951 4720 1951 4289 1952 4720 1952 4723 1952 4289 1953 4723 1953 4726 1953 4289 1954 4726 1954 4729 1954 4289 1955 4729 1955 4732 1955 4289 1956 4732 1956 4735 1956 4289 1957 4735 1957 4738 1957 4289 1958 4738 1958 4293 1958 4741 1959 4132 1959 4128 1959 4741 1960 4128 1960 4744 1960 4741 1961 4744 1961 4747 1961 4741 1962 4747 1962 4750 1962 4741 1963 4750 1963 4753 1963 4741 1964 4753 1964 4756 1964 4741 1965 4756 1965 4760 1965 4760 1966 4756 1966 4763 1966 4760 1967 4763 1967 4767 1967 4759 1968 4766 1968 4770 1968 4760 1969 4771 1969 4260 1969 4760 1970 4260 1970 4256 1970 4073 1971 4076 1971 4774 1971 4774 1972 4076 1972 4779 1972 4775 1973 4780 1973 4784 1973 4774 1974 4783 1974 4089 1974 4090 1975 4784 1975 4787 1975 4091 1976 4788 1976 4082 1976 4374 1977 4415 1977 4791 1977 4791 1978 4415 1978 4794 1978 4791 1979 4794 1979 4073 1979 4073 1980 4794 1980 4798 1980 4073 1981 4798 1981 4067 1981 4541 1982 4537 1982 4111 1982 4111 1983 4537 1983 4801 1983 4111 1984 4801 1984 4105 1984 4111 1985 4108 1985 4805 1985 4805 1986 4108 1986 4808 1986 4805 1987 4808 1987 4812 1987 4805 1988 4812 1988 4592 1988 4592 1989 4812 1989 4815 1989 4592 1990 4815 1990 4595 1990 4680 1991 4676 1991 4819 1991 4819 1992 4676 1992 4823 1992 4818 1993 4822 1993 4826 1993 4830 1994 4833 1994 4823 1994 4823 1995 4833 1995 4836 1995 4823 1996 4836 1996 4827 1996 4115 1997 4121 1997 4830 1997 4830 1998 4121 1998 4839 1998 4830 1999 4839 1999 4833 1999 2540 2000 4151 2000 2543 2000 2545 2001 4153 2001 4149 2001 2545 2002 4149 2002 2547 2002 2548 2003 4150 2003 4146 2003 2548 2004 4146 2004 2550 2004 2551 2005 4147 2005 4142 2005 2551 2006 4142 2006 2554 2006 2555 2007 4143 2007 4560 2007 2555 2008 4560 2008 2838 2008 2839 2009 4561 2009 4555 2009 2840 2010 4556 2010 2843 2010 2844 2011 4557 2011 4552 2011 2844 2012 4552 2012 2847 2012 2848 2013 4553 2013 4548 2013 2849 2014 4549 2014 2851 2014 2852 2015 4550 2015 4545 2015 2852 2016 4545 2016 2854 2016 2855 2017 4546 2017 4542 2017 2855 2018 4542 2018 2858 2018 2859 2019 4543 2019 4112 2019 2860 2020 4113 2020 3023 2020 3024 2021 4114 2021 4806 2021 3024 2022 4806 2022 3030 2022 4151 2023 2540 2023 4154 2023 4156 2024 2541 2024 2537 2024 4156 2025 2537 2025 4158 2025 4159 2026 2538 2026 2533 2026 4159 2027 2533 2027 4161 2027 4162 2028 2534 2028 2529 2028 4162 2029 2529 2029 4164 2029 4165 2030 2530 2030 2525 2030 4165 2031 2525 2031 4168 2031 4169 2032 2526 2032 2896 2032 4169 2033 2896 2033 4661 2033 4662 2034 2897 2034 2893 2034 4662 2035 2893 2035 4664 2035 4665 2036 2894 2036 2890 2036 4665 2037 2890 2037 4667 2037 4668 2038 2891 2038 2887 2038 4668 2039 2887 2039 4670 2039 4671 2040 2888 2040 2884 2040 4671 2041 2884 2041 4673 2041 4674 2042 2885 2042 2880 2042 4674 2043 2880 2043 4677 2043 4678 2044 2881 2044 2514 2044 4678 2045 2514 2045 4824 2045 4825 2046 2515 2046 3046 2046 4825 2047 3046 2047 4832 2047 2462 2048 4777 2048 3000 2048 2999 2049 4776 2049 4092 2049 2999 2050 4092 2050 2993 2050 2994 2051 4093 2051 4087 2051 2994 2052 4087 2052 2985 2052 2986 2053 4088 2053 4181 2053 2986 2054 4181 2054 2474 2054 2475 2055 4182 2055 4178 2055 2475 2056 4178 2056 2477 2056 2478 2057 4179 2057 4199 2057 2479 2058 4200 2058 2656 2058 2657 2059 4201 2059 4195 2059 2657 2060 4195 2060 2660 2060 2661 2061 4196 2061 4191 2061 2661 2062 4191 2062 2664 2062 2665 2063 4192 2063 4222 2063 2665 2064 4222 2064 2668 2064 2669 2065 4223 2065 4218 2065 2670 2066 4219 2066 2673 2066 2674 2067 4220 2067 4116 2067 2674 2068 4116 2068 2931 2068 2932 2069 4117 2069 4831 2069 2932 2070 4831 2070 3045 2070 4778 2071 2463 2071 4074 2071 4075 2072 2466 2072 2488 2072 4075 2073 2488 2073 4792 2073 4793 2074 2489 2074 2592 2074 4793 2075 2592 2075 4377 2075 4378 2076 2593 2076 2588 2076 4378 2077 2588 2077 4380 2077 4381 2078 2589 2078 2585 2078 4381 2079 2585 2079 4383 2079 4385 2080 2586 2080 2582 2080 4384 2081 2581 2081 4387 2081 4388 2082 2583 2082 2578 2082 4388 2083 2578 2083 4390 2083 4391 2084 2579 2084 2575 2084 4391 2085 2575 2085 4393 2085 4395 2086 2576 2086 2572 2086 4394 2087 2571 2087 4397 2087 4398 2088 2573 2088 2567 2088 4399 2089 2568 2089 4401 2089 4402 2090 2569 2090 2564 2090 4402 2091 2564 2091 4405 2091 4406 2092 2565 2092 2495 2092 4406 2093 2495 2093 4593 2093 4594 2094 2496 2094 3031 2094 4594 2095 3031 2095 4807 2095 2802 2096 4607 2096 2864 2096 2865 2097 4608 2097 4602 2097 2865 2098 4602 2098 2868 2098 2869 2099 4603 2099 4599 2099 2869 2100 4599 2100 2872 2100 2873 2101 4600 2101 4596 2101 2873 2102 4596 2102 2497 2102 2498 2103 4597 2103 4816 2103 2498 2104 4816 2104 2501 2104 2502 2105 4817 2105 4813 2105 2502 2106 4813 2106 3038 2106 4606 2107 2801 2107 4329 2107 4330 2108 2805 2108 2799 2108 4330 2109 2799 2109 4333 2109 4334 2110 2800 2110 2795 2110 4334 2111 2795 2111 4336 2111 4337 2112 2796 2112 2790 2112 4338 2113 2791 2113 4481 2113 4482 2114 2792 2114 2787 2114 4482 2115 2787 2115 4484 2115 4485 2116 2788 2116 2784 2116 4485 2117 2784 2117 4487 2117 4489 2118 2785 2118 2782 2118 4488 2119 2781 2119 4470 2119 2731 2120 4096 2120 2733 2120 2734 2121 4097 2121 4103 2121 2734 2122 4103 2122 2737 2122 2738 2123 4104 2123 4478 2123 2738 2124 4478 2124 2742 2124 2743 2125 4479 2125 4475 2125 2743 2126 4475 2126 2773 2126 2774 2127 4476 2127 4472 2127 2774 2128 4472 2128 2777 2128 2778 2129 4473 2129 4469 2129 2778 2130 4469 2130 2780 2130 4096 2131 2731 2131 4432 2131 4431 2132 2725 2132 2861 2132 4431 2133 2861 2133 4538 2133 4539 2134 2862 2134 3018 2134 4539 2135 3018 2135 4802 2135 4804 2136 3019 2136 3026 2136 4803 2137 3025 2137 4106 2137 4107 2138 3027 2138 3035 2138 4107 2139 3035 2139 4109 2139 4110 2140 3036 2140 3032 2140 4110 2141 3032 2141 4809 2141 4811 2142 3033 2142 3040 2142 4810 2143 3039 2143 4814 2143 2948 2144 4262 2144 2952 2144 2953 2145 4263 2145 4772 2145 2953 2146 4772 2146 2956 2146 2957 2147 4773 2147 4768 2147 2957 2148 4768 2148 2959 2148 2960 2149 4769 2149 4764 2149 2960 2150 4764 2150 2962 2150 2963 2151 4765 2151 4757 2151 2963 2152 4757 2152 2965 2152 2966 2153 4758 2153 4754 2153 2966 2154 4754 2154 2968 2154 4262 2155 2948 2155 4213 2155 4214 2156 2951 2156 2945 2156 4215 2157 2946 2157 4685 2157 4686 2158 2947 2158 2941 2158 4686 2159 2941 2159 4689 2159 4690 2160 2942 2160 2938 2160 4690 2161 2938 2161 4692 2161 4693 2162 2939 2162 2935 2162 4693 2163 2935 2163 4119 2163 4120 2164 2936 2164 3056 2164 4120 2165 3056 2165 4122 2165 4123 2166 3057 2166 3054 2166 4123 2167 3054 2167 4842 2167 2762 2168 4681 2168 2878 2168 2879 2169 4682 2169 4820 2169 2879 2170 4820 2170 3043 2170 3044 2171 4821 2171 4828 2171 3044 2172 4828 2172 2509 2172 2510 2173 4829 2173 4837 2173 2510 2174 4837 2174 2512 2174 2513 2175 4838 2175 4834 2175 2513 2176 4834 2176 3049 2176 3051 2177 4835 2177 4841 2177 3050 2178 4840 2178 3053 2178 4681 2179 2762 2179 4292 2179 4291 2180 2756 2180 2752 2180 4291 2181 2752 2181 4126 2181 4127 2182 2753 2182 2748 2182 4127 2183 2748 2183 4129 2183 4130 2184 2749 2184 2744 2184 4130 2185 2744 2185 4745 2185 4746 2186 2745 2186 2975 2186 4746 2187 2975 2187 4748 2187 4749 2188 2976 2188 2971 2188 4749 2189 2971 2189 4751 2189 4752 2190 2972 2190 2969 2190 4752 2191 2969 2191 4755 2191 2920 2192 4639 2192 2924 2192 2923 2193 4638 2193 4635 2193 2922 2194 4634 2194 2928 2194 2927 2195 4633 2195 4285 2195 2927 2196 4285 2196 2695 2196 2694 2197 4284 2197 4280 2197 2694 2198 4280 2198 2702 2198 2701 2199 4279 2199 4276 2199 2701 2200 4276 2200 2706 2200 2705 2201 4275 2201 4271 2201 2705 2202 4271 2202 2709 2202 4639 2203 2920 2203 4642 2203 4641 2204 2919 2204 2916 2204 4641 2205 2916 2205 4645 2205 4644 2206 2915 2206 2913 2206 4644 2207 2913 2207 4648 2207 4647 2208 2912 2208 2910 2208 4647 2209 2910 2209 4651 2209 4650 2210 2909 2210 2906 2210 4650 2211 2906 2211 4655 2211 4654 2212 2905 2212 2902 2212 4653 2213 2901 2213 4658 2213 4657 2214 2900 2214 2520 2214 4657 2215 2520 2215 4137 2215 2818 2216 4579 2216 2822 2216 2821 2217 4578 2217 4575 2217 2821 2218 4575 2218 2825 2218 2824 2219 4574 2219 4572 2219 2824 2220 4572 2220 2828 2220 2827 2221 4571 2221 4568 2221 2827 2222 4568 2222 2831 2222 2830 2223 4567 2223 4564 2223 2830 2224 4564 2224 2835 2224 2834 2225 4563 2225 4138 2225 2834 2226 4138 2226 2524 2226 4579 2227 2818 2227 4583 2227 4582 2228 2817 2228 2814 2228 4582 2229 2814 2229 4587 2229 4586 2230 2813 2230 2810 2230 4585 2231 2809 2231 4591 2231 4590 2232 2808 2232 2724 2232 4590 2233 2724 2233 4436 2233 4435 2234 2723 2234 2720 2234 4435 2235 2720 2235 4439 2235 4438 2236 2719 2236 2716 2236 4438 2237 2716 2237 4443 2237 4442 2238 2715 2238 2712 2238 4442 2239 2712 2239 4272 2239 2597 2240 4368 2240 2600 2240 2599 2241 4367 2241 4365 2241 2599 2242 4365 2242 2604 2242 2603 2243 4364 2243 4362 2243 2603 2244 4362 2244 2608 2244 2607 2245 4361 2245 4358 2245 2607 2246 4358 2246 2611 2246 2610 2247 4357 2247 4354 2247 2610 2248 4354 2248 2614 2248 2613 2249 4353 2249 4237 2249 2613 2250 4237 2250 2618 2250 4368 2251 2597 2251 4373 2251 4371 2252 2596 2252 2769 2252 4372 2253 2770 2253 4410 2253 4409 2254 2768 2254 2765 2254 4409 2255 2765 2255 4414 2255 4413 2256 2764 2256 2492 2256 4413 2257 2492 2257 4418 2257 4417 2258 2491 2258 2507 2258 4417 2259 2507 2259 4797 2259 4796 2260 2506 2260 2473 2260 4795 2261 2472 2261 4800 2261 4799 2262 2471 2262 2461 2262 4799 2263 2461 2263 4069 2263 2990 2264 4790 2264 2997 2264 2996 2265 4789 2265 4786 2265 2996 2266 4786 2266 3003 2266 3002 2267 4785 2267 4782 2267 3002 2268 4782 2268 3008 2268 3007 2269 4781 2269 4079 2269 3006 2270 4078 2270 2518 2270 2517 2271 4077 2271 4072 2271 2517 2272 4072 2272 2468 2272 2467 2273 4071 2273 4068 2273 2467 2274 4068 2274 2459 2274 4790 2275 2990 2275 4084 2275 4083 2276 2989 2276 2483 2276 4083 2277 2483 2277 4175 2277 4173 2278 2482 2278 2650 2278 4174 2279 2651 2279 4188 2279 4187 2280 2649 2280 2646 2280 4187 2281 2646 2281 4226 2281 4225 2282 2645 2282 2642 2282 4225 2283 2642 2283 4229 2283 4228 2284 2641 2284 2638 2284 4228 2285 2638 2285 4233 2285 4232 2286 2637 2286 2615 2286 4232 2287 2615 2287 4236 2287 4349 2288 2444 2288 4697 2288 4695 2289 2443 2289 2438 2289 4696 2290 2439 2290 4699 2290 4700 2291 2440 2291 2435 2291 4700 2292 2435 2292 4703 2292 4704 2293 2436 2293 2432 2293 4704 2294 2432 2294 4707 2294 4708 2295 2433 2295 2428 2295 4709 2296 2429 2296 4712 2296 4713 2297 2430 2297 2425 2297 4713 2298 2425 2298 4715 2298 4716 2299 2426 2299 2422 2299 4716 2300 2422 2300 4718 2300 4719 2301 2423 2301 2419 2301 4719 2302 2419 2302 4204 2302 4205 2303 2420 2303 2415 2303 4206 2304 2416 2304 4208 2304 4210 2305 2417 2305 2412 2305 4209 2306 2411 2306 4239 2306 4240 2307 2413 2307 2408 2307 4240 2308 2408 2308 4242 2308 4243 2309 2409 2309 2405 2309 4243 2310 2405 2310 4245 2310 4246 2311 2406 2311 2402 2311 4246 2312 2402 2312 4248 2312 4249 2313 2403 2313 2399 2313 4249 2314 2399 2314 4251 2314 4252 2315 2400 2315 2396 2315 4252 2316 2396 2316 4254 2316 4255 2317 2397 2317 2393 2317 4255 2318 2393 2318 4258 2318 4259 2319 2394 2319 2390 2319 4259 2320 2390 2320 4761 2320 4762 2321 2391 2321 2387 2321 4762 2322 2387 2322 4742 2322 2444 2323 4349 2323 2269 2323 2271 2324 4350 2324 4629 2324 2270 2325 4628 2325 2274 2325 2275 2326 4630 2326 4625 2326 2275 2327 4625 2327 2277 2327 2278 2328 4626 2328 4622 2328 2278 2329 4622 2329 2280 2329 2281 2330 4623 2330 4619 2330 2281 2331 4619 2331 2283 2331 2284 2332 4620 2332 4616 2332 2284 2333 4616 2333 2286 2333 2287 2334 4617 2334 4613 2334 2287 2335 4613 2335 2289 2335 2290 2336 4614 2336 4610 2336 2290 2337 4610 2337 2292 2337 2293 2338 4611 2338 4345 2338 2293 2339 4345 2339 2295 2339 2296 2340 4346 2340 4325 2340 2296 2341 4325 2341 2298 2341 2299 2342 4326 2342 4322 2342 2299 2343 4322 2343 2301 2343 2302 2344 4323 2344 4318 2344 2302 2345 4318 2345 2304 2345 2305 2346 4319 2346 4314 2346 2305 2347 4314 2347 2307 2347 2308 2348 4315 2348 4311 2348 2308 2349 4311 2349 2311 2349 2312 2350 4312 2350 4307 2350 2312 2351 4307 2351 2315 2351 2316 2352 4308 2352 4303 2352 2316 2353 4303 2353 2340 2353 2341 2354 4304 2354 4300 2354 2341 2355 4300 2355 2343 2355 2344 2356 4301 2356 4340 2356 2344 2357 4340 2357 2346 2357 2347 2358 4341 2358 4467 2358 2347 2359 4467 2359 2350 2359 4512 2360 2184 2360 4515 2360 4516 2361 2185 2361 2181 2361 4516 2362 2181 2362 4518 2362 4519 2363 2182 2363 2178 2363 4519 2364 2178 2364 4521 2364 4522 2365 2179 2365 2175 2365 4522 2366 2175 2366 4524 2366 4525 2367 2176 2367 2172 2367 4525 2368 2172 2368 4527 2368 4528 2369 2173 2369 2169 2369 4528 2370 2169 2370 4530 2370 4531 2371 2170 2371 2165 2371 4532 2372 2166 2372 4534 2372 4535 2373 2167 2373 2162 2373 4535 2374 2162 2374 4421 2374 4422 2375 2163 2375 2159 2375 4422 2376 2159 2376 4424 2376 4425 2377 2160 2377 2156 2377 4425 2378 2156 2378 4445 2378 4446 2379 2157 2379 2153 2379 4446 2380 2153 2380 4448 2380 4449 2381 2154 2381 2150 2381 4449 2382 2150 2382 4451 2382 4452 2383 2151 2383 2365 2383 4452 2384 2365 2384 4454 2384 4455 2385 2366 2385 2361 2385 4455 2386 2361 2386 4457 2386 4458 2387 2362 2387 2358 2387 4458 2388 2358 2388 4460 2388 4461 2389 2359 2389 2355 2389 4461 2390 2355 2390 4463 2390 4464 2391 2356 2391 2352 2391 4464 2392 2352 2392 4100 2392 4101 2393 2353 2393 2349 2393 4101 2394 2349 2394 4466 2394 2184 2395 4512 2395 2187 2395 2188 2396 4513 2396 4509 2396 2188 2397 4509 2397 2190 2397 2191 2398 4510 2398 4506 2398 2191 2399 4506 2399 2193 2399 2194 2400 4507 2400 4503 2400 2194 2401 4503 2401 2196 2401 2197 2402 4504 2402 4500 2402 2197 2403 4500 2403 2199 2403 2200 2404 4501 2404 4497 2404 2200 2405 4497 2405 2202 2405 2203 2406 4498 2406 4494 2406 2203 2407 4494 2407 2205 2407 2206 2408 4495 2408 4491 2408 2206 2409 4491 2409 2208 2409 2209 2410 4492 2410 4267 2410 2209 2411 4267 2411 2211 2411 2212 2412 4268 2412 4294 2412 2212 2413 4294 2413 2215 2413 2216 2414 4295 2414 4739 2414 2216 2415 4739 2415 2219 2415 2220 2416 4740 2416 4736 2416 2220 2417 4736 2417 2223 2417 2224 2418 4737 2418 4733 2418 2224 2419 4733 2419 2228 2419 2229 2420 4734 2420 4730 2420 2229 2421 4730 2421 2369 2421 2370 2422 4731 2422 4727 2422 2370 2423 4727 2423 2373 2423 2374 2424 4728 2424 4724 2424 2374 2425 4724 2425 2376 2425 2377 2426 4725 2426 4721 2426 2377 2427 4721 2427 2380 2427 2381 2428 4722 2428 4133 2428 2381 2429 4133 2429 2384 2429 2385 2430 4134 2430 4743 2430 2385 2431 4743 2431 2388 2431 4843 2432 1589 2432 4846 2432 4847 2433 1590 2433 1982 2433 4847 2434 1982 2434 4851 2434 4852 2435 1983 2435 1973 2435 4853 2436 1974 2436 4857 2436 4858 2437 1975 2437 1965 2437 4858 2438 1965 2438 4861 2438 4862 2439 1966 2439 1957 2439 4863 2440 1958 2440 4866 2440 4867 2441 1959 2441 1950 2441 4868 2442 1951 2442 4871 2442 4872 2443 1952 2443 1945 2443 4872 2444 1945 2444 4875 2444 1589 2445 4843 2445 1594 2445 1595 2446 4844 2446 4877 2446 1595 2447 4877 2447 1751 2447 1752 2448 4878 2448 4881 2448 1752 2449 4881 2449 1755 2449 1757 2450 4882 2450 4887 2450 1756 2451 4886 2451 1760 2451 1761 2452 4888 2452 4892 2452 1761 2453 4892 2453 1763 2453 1764 2454 4893 2454 4896 2454 1764 2455 4896 2455 1509 2455 1511 2456 4897 2456 4901 2456 1510 2457 4900 2457 1514 2457 1515 2458 4902 2458 4905 2458 1515 2459 4905 2459 1517 2459 4909 2460 1541 2460 4911 2460 4912 2461 1542 2461 1537 2461 4912 2462 1537 2462 4916 2462 4917 2463 1538 2463 1533 2463 4917 2464 1533 2464 4921 2464 4922 2465 1534 2465 1529 2465 4922 2466 1529 2466 4925 2466 4927 2467 1530 2467 1525 2467 4926 2468 1524 2468 4930 2468 4931 2469 1526 2469 1520 2469 4931 2470 1520 2470 4934 2470 4935 2471 1521 2471 1518 2471 4935 2472 1518 2472 4906 2472 1541 2473 4909 2473 1552 2473 1551 2474 4908 2474 4937 2474 1551 2475 4937 2475 1887 2475 1888 2476 4938 2476 4941 2476 1888 2477 4941 2477 1897 2477 1899 2478 4942 2478 4947 2478 1898 2479 4946 2479 1907 2479 1909 2480 4948 2480 4952 2480 1908 2481 4951 2481 1917 2481 1919 2482 4953 2482 4958 2482 1918 2483 4957 2483 1927 2483 1928 2484 4959 2484 4963 2484 1928 2485 4963 2485 1936 2485 1937 2486 4964 2486 4874 2486 1937 2487 4874 2487 1944 2487 4968 2488 1882 2488 4970 2488 4971 2489 1883 2489 1892 2489 4971 2490 1892 2490 4975 2490 4977 2491 1893 2491 1903 2491 4976 2492 1902 2492 4980 2492 4981 2493 1904 2493 1912 2493 4982 2494 1913 2494 4985 2494 4986 2495 1914 2495 1923 2495 4986 2496 1923 2496 4989 2496 4990 2497 1924 2497 1932 2497 4990 2498 1932 2498 4992 2498 4993 2499 1933 2499 1941 2499 4994 2500 1942 2500 4997 2500 1882 2501 4968 2501 1646 2501 1645 2502 4967 2502 4999 2502 1645 2503 4999 2503 1650 2503 1651 2504 5000 2504 5003 2504 1651 2505 5003 2505 1654 2505 1655 2506 5004 2506 5007 2506 1655 2507 5007 2507 1599 2507 1600 2508 5008 2509 5011 2510 1600 2508 5011 2510 1604 2511 1605 2512 5012 2512 5015 2512 1605 2513 5015 2513 1608 2513 1609 2514 5016 2514 5018 2514 1609 2515 5018 2515 1612 2515 1614 2516 5019 2516 5022 2516 1613 2517 5021 2517 1617 2517 5025 2518 1641 2518 5028 2518 5029 2519 1642 2519 1637 2519 5029 2520 1637 2520 5032 2520 5034 2521 1638 2521 1634 2521 5033 2522 1633 2522 5037 2522 5038 2523 1635 2523 1630 2523 5038 2524 1630 2524 5041 2524 5042 2525 1631 2525 1625 2525 5043 2526 1626 2526 5046 2526 5047 2527 1627 2527 1621 2527 5047 2528 1621 2528 5050 2528 5051 2529 1622 2529 1618 2529 5051 2530 1618 2530 5023 2530 1641 2531 5025 2531 1577 2531 1578 2532 5026 2532 5054 2532 1578 2533 5054 2533 1584 2533 1585 2534 5055 2534 5057 2534 1585 2535 5057 2535 1978 2535 1979 2536 5058 2536 5062 2536 1979 2537 5062 2537 1968 2537 1969 2538 5063 2538 5066 2538 1970 2539 5067 2539 1961 2539 1962 2540 5068 2540 5071 2540 1963 2541 5072 2541 1954 2541 1955 2542 5073 2542 5075 2542 1955 2543 5075 2543 1947 2543 1948 2544 5076 2544 4996 2544 1948 2545 4996 2545 1940 2545 5080 2546 1818 2546 5082 2546 5083 2547 1819 2547 1986 2547 5083 2548 1986 2548 5087 2548 5088 2549 1987 2549 1994 2549 5088 2550 1994 2550 5092 2550 5093 2551 1995 2551 2002 2551 5093 2552 2002 2552 5097 2552 5098 2553 2003 2553 2009 2553 5098 2554 2009 2554 5101 2554 5102 2555 2010 2555 2015 2555 5102 2556 2015 2556 5105 2556 5106 2557 2016 2557 2022 2557 5106 2558 2022 2558 5110 2558 1818 2559 5080 2559 1767 2559 1766 2560 5079 2560 5112 2560 1766 2561 5112 2561 1773 2561 1774 2562 5113 2562 5116 2562 1774 2563 5116 2563 1873 2563 1874 2564 5117 2564 5121 2564 1874 2565 5121 2565 1877 2565 1879 2566 5122 2566 5126 2566 1878 2567 5125 2567 1822 2567 1823 2568 5127 2568 5130 2568 1823 2569 5130 2569 1827 2569 1829 2570 5131 2570 5135 2570 1828 2571 5134 2571 1832 2571 1833 2572 5136 2572 5139 2572 1834 2573 5140 2573 1837 2573 5143 2574 1863 2574 5146 2574 5148 2575 1864 2575 1859 2575 5147 2576 1858 2576 5151 2576 5152 2577 1860 2577 1853 2577 5153 2578 1854 2578 5157 2578 5158 2579 1855 2579 1850 2579 5158 2580 1850 2580 5161 2580 5162 2581 1851 2581 1846 2581 5163 2582 1847 2582 5166 2582 5167 2583 1848 2583 1842 2583 5167 2584 1842 2584 5170 2584 5171 2585 1843 2585 1838 2585 5172 2586 1839 2586 5141 2586 1863 2587 5143 2587 1867 2587 1868 2588 5144 2588 5174 2588 1868 2589 5174 2589 2076 2589 2078 2590 5175 2590 5179 2590 2077 2591 5178 2591 2067 2591 2068 2592 5180 2592 5183 2592 2068 2593 5183 2593 2057 2593 2058 2594 5184 2594 5187 2594 2059 2595 5188 2595 2047 2595 2048 2596 5189 2596 5193 2596 2048 2597 5193 2597 2038 2597 2039 2598 5194 2598 5198 2598 2039 2599 5198 2599 2028 2599 2029 2600 5199 2600 5108 2600 2030 2601 5109 2601 2021 2601 5202 2602 2082 2602 5205 2602 5206 2603 2083 2603 2071 2603 5206 2604 2071 2604 5209 2604 5211 2605 2072 2605 2063 2605 5210 2606 2062 2606 5215 2606 5217 2607 2064 2607 2053 2607 5216 2608 2052 2608 5220 2608 5221 2609 2054 2609 2042 2609 5221 2610 2042 2610 5224 2610 5226 2611 2043 2611 2034 2611 5225 2612 2033 2612 5229 2612 5230 2613 2035 2613 2025 2613 5231 2614 2026 2614 5235 2614 2082 2615 5202 2615 1501 2615 1502 2616 5203 2616 5237 2616 1502 2617 5237 2617 1719 2617 1720 2618 5238 2618 5240 2618 1721 2619 5241 2619 1723 2619 1724 2620 5242 2620 5246 2620 1725 2621 5247 2621 1728 2621 1729 2622 5248 2622 5251 2622 1730 2623 5252 2623 1733 2623 1735 2624 5253 2624 5257 2624 1734 2625 5256 2625 1737 2625 1738 2626 5258 2626 5260 2626 1739 2627 5261 2627 1741 2627 1742 2628 5262 2628 5265 2628 1742 2629 5265 2629 1744 2629 5269 2630 1688 2630 5271 2630 5272 2631 1689 2631 1684 2631 5272 2632 1684 2632 5276 2632 5277 2633 1685 2633 1680 2633 5277 2634 1680 2634 5281 2634 5282 2635 1681 2635 1676 2635 5282 2636 1676 2636 5285 2636 5286 2637 1677 2637 1671 2637 5286 2638 1671 2638 5289 2638 5290 2639 1672 2639 1747 2639 5290 2640 1747 2640 5293 2640 5294 2641 1748 2641 1745 2641 5294 2642 1745 2642 5266 2642 1688 2643 5269 2643 1694 2643 1692 2644 5268 2644 5297 2644 1693 2645 5298 2645 1813 2645 1814 2646 5299 2646 5302 2646 1814 2647 5302 2647 1989 2647 1990 2648 5303 2648 5307 2648 1991 2649 5308 2649 1998 2649 1999 2650 5309 2650 5312 2650 2000 2651 5313 2651 2005 2651 2006 2652 5314 2652 5317 2652 2007 2653 5318 2653 2012 2653 2013 2654 5319 2654 5321 2654 2013 2655 5321 2655 2018 2655 2019 2656 5322 2656 5234 2656 2019 2657 5234 2657 2024 2657 4914 2658 4939 2658 4910 2658 4940 2659 4915 2659 4945 2659 4943 2660 4913 2660 4918 2660 4944 2661 4919 2661 4949 2661 4950 2662 4920 2662 4924 2662 4950 2663 4924 2663 4956 2663 4955 2664 4923 2664 4929 2664 4954 2665 4928 2665 4960 2665 4961 2666 4929 2666 4932 2666 4962 2667 4933 2667 4966 2667 4965 2668 4932 2668 4936 2668 4965 2669 4936 2669 4876 2669 4876 2670 4936 2670 4907 2670 4876 2671 4907 2671 4873 2671 4873 2672 4907 2672 4903 2672 4873 2673 4903 2673 4869 2673 4870 2674 4904 2674 4899 2674 4869 2675 4898 2675 4865 2675 4865 2676 4898 2676 4895 2676 4864 2677 4894 2677 4859 2677 4859 2678 4894 2678 4889 2678 4860 2679 4891 2679 4856 2679 4855 2680 4890 2680 4884 2680 4854 2681 4883 2681 4848 2681 4850 2682 4885 2682 4880 2682 4849 2683 4879 2683 4845 2683 4972 2684 5001 2684 4969 2684 5002 2685 4973 2685 5005 2685 5006 2686 4974 2686 4979 2686 5006 2687 4979 2687 5010 2687 5009 2688 4978 2688 4983 2688 5009 2689 4983 2689 5013 2689 5014 2690 4984 2690 4988 2690 5013 2691 4987 2691 5017 2691 5017 2692 4987 2692 4991 2692 5017 2693 4991 2693 5020 2693 5020 2694 4991 2694 4995 2694 5020 2695 4995 2695 5024 2695 5024 2696 4995 2696 4998 2696 5024 2697 4998 2697 5052 2697 5052 2698 4998 2698 5077 2698 5053 2699 5078 2699 5049 2699 5048 2700 5077 2700 5074 2700 5048 2701 5074 2701 5044 2701 5044 2702 5074 2702 5069 2702 5045 2703 5070 2703 5040 2703 5039 2704 5069 2704 5064 2704 5039 2705 5064 2705 5035 2705 5036 2706 5065 2706 5061 2706 5035 2707 5060 2707 5031 2707 5030 2708 5059 2708 5056 2708 5030 2709 5056 2709 5027 2709 5085 2710 5114 2710 5081 2710 5115 2711 5086 2711 5120 2711 5118 2712 5084 2712 5089 2712 5119 2713 5090 2713 5123 2713 5124 2714 5091 2714 5096 2714 5123 2715 5095 2715 5129 2715 5128 2716 5094 2716 5099 2716 5129 2717 5100 2717 5132 2717 5132 2718 5100 2718 5103 2718 5133 2719 5104 2719 5138 2719 5137 2720 5103 2720 5107 2720 5137 2721 5107 2721 5142 2721 5142 2722 5107 2722 5111 2722 5142 2723 5111 2723 5173 2723 5173 2724 5111 2724 5200 2724 5173 2725 5200 2725 5168 2725 5169 2726 5201 2726 5197 2726 5168 2727 5196 2727 5165 2727 5164 2728 5195 2728 5190 2728 5165 2729 5191 2729 5159 2729 5160 2730 5192 2730 5186 2730 5160 2731 5186 2731 5156 2731 5155 2732 5185 2732 5182 2732 5154 2733 5181 2733 5149 2733 5149 2734 5181 2734 5176 2734 5150 2735 5177 2735 5145 2735 5273 2736 5300 2736 5270 2736 5301 2737 5274 2737 5304 2737 5305 2738 5275 2738 5278 2738 5306 2739 5280 2739 5311 2739 5310 2740 5279 2740 5283 2740 5310 2741 5283 2741 5315 2741 5316 2742 5284 2742 5288 2742 5315 2743 5287 2743 5320 2743 5320 2744 5287 2744 5291 2744 5320 2745 5291 2745 5323 2745 5324 2746 5292 2746 5296 2746 5323 2747 5295 2747 5236 2747 5236 2748 5295 2748 5267 2748 5236 2749 5267 2749 5232 2749 5232 2750 5267 2750 5263 2750 5233 2751 5264 2751 5228 2751 5227 2752 5263 2752 5259 2752 5227 2753 5259 2753 5222 2753 5222 2754 5259 2754 5254 2754 5223 2755 5255 2755 5219 2755 5218 2756 5254 2756 5249 2756 5218 2757 5249 2757 5213 2757 5214 2758 5250 2758 5245 2758 5212 2759 5244 2759 5208 2759 5207 2760 5243 2760 5239 2760 5207 2761 5239 2761 5204 2761 610 2762 166 2762 1119 2762 1121 2763 167 2763 163 2763 1120 2764 162 2764 1057 2764 1058 2765 164 2765 159 2765 1058 2766 159 2766 1060 2766 1061 2767 160 2767 4 2767 1061 2768 4 2768 696 2768 697 2769 5 2769 201 2769 697 2770 201 2770 699 2770 700 2771 202 2771 400 2771 700 2772 400 2772 946 2772 947 2773 401 2773 503 2773 947 2774 503 2774 1094 2774 1095 2775 504 2775 497 2775 1095 2776 497 2776 1101 2776 1102 2777 498 2777 491 2777 1102 2778 491 2778 1107 2778 166 2779 610 2779 36 2779 35 2780 608 2780 1182 2780 35 2781 1182 2781 272 2781 273 2782 1183 2782 1065 2782 273 2783 1065 2783 275 2783 276 2784 1066 2784 1071 2784 276 2785 1071 2785 278 2785 279 2786 1072 2786 1074 2786 279 2787 1074 2787 95 2787 96 2788 1075 2788 1077 2788 96 2789 1077 2789 98 2789 99 2790 1078 2790 1169 2790 100 2791 1170 2791 551 2791 552 2792 1171 2792 1148 2792 552 2793 1148 2793 541 2793 542 2794 1149 2794 1154 2794 542 2795 1154 2795 534 2795 535 2796 1155 2796 1161 2796 535 2797 1161 2797 529 2797 582 2798 54 2798 622 2798 623 2799 55 2799 420 2799 623 2800 420 2800 988 2800 990 2801 421 2801 417 2801 989 2802 416 2802 992 2802 993 2803 418 2803 413 2803 993 2804 413 2804 995 2804 996 2805 414 2805 410 2805 996 2806 410 2806 998 2806 999 2807 411 2807 407 2807 999 2808 407 2808 1001 2808 1002 2809 408 2809 518 2809 1002 2810 518 2810 1129 2810 1130 2811 519 2811 63 2811 1131 2812 64 2812 625 2812 626 2813 65 2813 528 2813 626 2814 528 2814 1160 2814 53 2815 581 2815 18 2815 20 2816 584 2816 591 2816 19 2817 590 2817 11 2817 12 2818 592 2818 870 2818 12 2819 870 2819 336 2819 337 2820 871 2820 867 2820 337 2821 867 2821 339 2821 340 2822 868 2822 864 2822 340 2823 864 2823 342 2823 343 2824 865 2824 861 2824 343 2825 861 2825 345 2825 346 2826 862 2826 936 2826 347 2827 937 2827 383 2827 384 2828 938 2828 602 2828 384 2829 602 2829 22 2829 23 2830 603 2830 1084 2830 23 2831 1084 2831 482 2831 483 2832 1085 2832 1108 2832 483 2833 1108 2833 492 2833</p>
        </triangles>
      </mesh>
    </geometry>
  </library_geometries>
  <library_visual_scenes>
    <visual_scene id="Scene" name="Scene">
      <node id="leg_a_003" name="leg_a.003" type="NODE">
        <matrix sid="transform">1 0 0 -7.45058e-9 0 1 0 0 0 0 1 0 0 0 0 1</matrix>
        <instance_geometry url="#Leg_A_005-mesh" name="leg_a.003"/>
      </node>
    </visual_scene>
  </library_visual_scenes>
  <scene>
    <instance_visual_scene url="#Scene"/>
  </scene>
</COLLADA>