<?xml version="1.0" encoding="utf-8"?>
<COLLADA xmlns="http://www.collada.org/2005/11/COLLADASchema" version="1.4.1" xmlns:xsi="http://www.w3.org/2001/XMLSchema-instance">
  <asset>
    <contributor>
      <author>Blender User</author>
      <authoring_tool>Blender 4.2.22 LTS commit date:2026-06-22, commit time:11:10, hash:88937221abfc</authoring_tool>
    </contributor>
    <created>2026-08-07T15:00:10</created>
    <modified>2026-08-07T15:00:10</modified>
    <unit name="meter" meter="1"/>
    <up_axis>Z_UP</up_axis>
  </asset>
  <library_images/>
  <library_geometries>
    <geometry id="Leg_B-mesh" name="Leg_B">
      <mesh>
        <source id="Leg_B-mesh-positions">
          <float_array id="Leg_B-mesh-positions-array" count="15198">0.0175572 -0.05706858 -0.01024997 0.0175572 -0.05706858 -0.01024997 0.0175572 -0.05706858 -0.01024997 0.01529735 -0.09750545 -0.01024997 0.01529735 -0.09750545 -0.01024997 0.01529735 -0.09750545 -0.01024997 0.01794779 -0.05007946 -0.01424998 0.01794779 -0.05007946 -0.01424998 0.01794779 -0.05007946 -0.01424998 0.01794779 -0.05007946 -0.01424998 0.01794779 -0.05007946 -0.01424998 0.01529544 -0.09753948 0.005155384 0.01529544 -0.09753948 0.005155384 0.01529544 -0.09753948 0.005155384 0.01529544 -0.09753948 0.005155384 0.01529544 -0.09753948 0.005155384 0.01529735 -0.09750545 0.005414187 0.01529735 -0.09750545 0.005414187 0.01529735 -0.09750545 0.005414187 0.01529735 -0.09750545 0.005414187 0.01529735 -0.09750545 0.01024997 0.01529735 -0.09750545 0.01024997 0.01529735 -0.09750545 0.01024997 0.01529735 -0.09750545 0.01024997 0.0175572 -0.05706858 0.01024997 0.0175572 -0.05706858 0.01024997 0.0175572 -0.05706858 0.01024997 0.01794779 -0.05007946 0.01424998 0.01794779 -0.05007946 0.01424998 0.01794779 -0.05007946 0.01424998 0.01794779 -0.05007946 0.01424998 0.01794779 -0.05007946 0.01424998 0.01487886 -0.1049938 -0.002999961 0.01487886 -0.1049938 -0.002999961 0.01487886 -0.1049938 -0.002999961 0.01487886 -0.1049938 -0.009421527 0.01487886 -0.1049938 -0.009421527 0.01487886 -0.1049938 -0.009421527 0.0149765 -0.1032465 -0.004999995 0.0149765 -0.1032465 -0.004999995 0.0149765 -0.1032465 -0.004999995 0.0149765 -0.1032465 -0.004999995 0.01497858 -0.1032089 -0.004666209 0.01497858 -0.1032089 -0.004666209 0.01497858 -0.1032089 -0.004666209 0.01498478 -0.1030982 -0.004349172 0.01498478 -0.1030982 -0.004349172 0.01498478 -0.1030982 -0.004349172 0.01498478 -0.1030982 -0.004349172 0.01499474 -0.1029198 -0.004064738 0.01499474 -0.1029198 -0.004064738 0.01499474 -0.1029198 -0.004064738 0.01499474 -0.1029198 -0.004064738 0.01500803 -0.1026826 -0.003827214 0.01500803 -0.1026826 -0.003827214 0.01500803 -0.1026826 -0.003827214 0.01500803 -0.1026826 -0.003827214 0.01502388 -0.1023986 -0.003648519 0.01502388 -0.1023986 -0.003648519 0.01502388 -0.1023986 -0.003648519 0.01504158 -0.1020821 -0.003537595 0.01504158 -0.1020821 -0.003537595 0.01504158 -0.1020821 -0.003537595 0.01516264 -0.09991592 -0.002999961 0.01516264 -0.09991592 -0.002999961 0.01516264 -0.09991592 -0.002999961 0.01516264 -0.09991592 -0.002999961 0.01516264 -0.09991592 -0.002999961 0.01516264 -0.09991592 -0.002999961 0.01506018 -0.1017488 -0.003499984 0.01506018 -0.1017488 -0.003499984 0.01506018 -0.1017488 -0.003499984 0.01507884 -0.1014156 -0.003537595 0.01507884 -0.1014156 -0.003537595 0.01507884 -0.1014156 -0.003537595 0.01509648 -0.101099 -0.003648519 0.01509648 -0.101099 -0.003648519 0.01509648 -0.101099 -0.003648519 0.01509648 -0.101099 -0.003648519 0.0151124 -0.1008151 -0.003827214 0.0151124 -0.1008151 -0.003827214 0.0151124 -0.1008151 -0.003827214 0.0151124 -0.1008151 -0.003827214 0.01512563 -0.1005779 -0.004064738 0.01512563 -0.1005779 -0.004064738 0.01512563 -0.1005779 -0.004064738 0.01513558 -0.1003994 -0.004349172 0.01513558 -0.1003994 -0.004349172 0.01513558 -0.1003994 -0.004349172 0.01513558 -0.1003994 -0.004349172 0.01514178 -0.1002887 -0.004666209 0.01514178 -0.1002887 -0.004666209 0.01514178 -0.1002887 -0.004666209 0.01514178 -0.1002887 -0.004666209 0.01514178 -0.1002887 -0.004666209 0.01514387 -0.1002511 -0.004999995 0.01514387 -0.1002511 -0.004999995 0.01514387 -0.1002511 -0.004999995 0.01514387 -0.1002511 -0.004999995 0.01514387 -0.1002511 -0.004999995 0.01528984 -0.0976392 -0.004914164 0.01528984 -0.0976392 -0.004914164 0.01528984 -0.0976392 -0.004914164 0.01528984 -0.0976392 -0.004914164 0.01528984 -0.0976392 -0.004914164 0.01528102 -0.09779787 -0.004707098 0.01528102 -0.09779787 -0.004707098 0.01528102 -0.09779787 -0.004707098 0.01528102 -0.09779787 -0.004707098 0.01528102 -0.09779787 -0.004707098 0.0152021 -0.0992099 -0.003292858 0.0152021 -0.0992099 -0.003292858 0.0152021 -0.0992099 -0.003292858 0.0152021 -0.0992099 -0.003292858 0.01519054 -0.09941673 -0.003133952 0.01519054 -0.09941673 -0.003133952 0.01519054 -0.09941673 -0.003133952 0.01519054 -0.09941673 -0.003133952 0.01519054 -0.09941673 -0.003133952 0.01517707 -0.09965753 -0.003034055 0.01517707 -0.09965753 -0.003034055 0.01517707 -0.09965753 -0.003034055 0.01517707 -0.09965753 -0.003034055 0.01529735 -0.09750545 -0.005414187 0.01529735 -0.09750545 -0.005414187 0.01529735 -0.09750545 -0.005414187 0.01529544 -0.09753948 -0.005155384 0.01529544 -0.09753948 -0.005155384 0.01529544 -0.09753948 -0.005155384 0.01529544 -0.09753948 -0.005155384 0.01514178 -0.1002887 -0.005333721 0.01514178 -0.1002887 -0.005333721 0.01514178 -0.1002887 -0.005333721 0.01514178 -0.1002887 -0.005333721 0.01513558 -0.1003994 -0.005650818 0.01513558 -0.1003994 -0.005650818 0.01513558 -0.1003994 -0.005650818 0.01513558 -0.1003994 -0.005650818 0.01512563 -0.1005779 -0.005935192 0.01512563 -0.1005779 -0.005935192 0.01512563 -0.1005779 -0.005935192 0.01512563 -0.1005779 -0.005935192 0.0151124 -0.1008151 -0.006172716 0.0151124 -0.1008151 -0.006172716 0.0151124 -0.1008151 -0.006172716 0.0151124 -0.1008151 -0.006172716 0.01509648 -0.101099 -0.006351411 0.01509648 -0.101099 -0.006351411 0.01509648 -0.101099 -0.006351411 0.01510202 -0.101 -0.01424998 0.01510202 -0.101 -0.01424998 0.01510202 -0.101 -0.01424998 0.01510202 -0.101 -0.01424998 0.01510202 -0.101 -0.01424998 0.01771277 -0.05428528 -0.005333721 0.01771277 -0.05428528 -0.005333721 0.01771277 -0.05428528 -0.005333721 0.01771068 -0.05432283 -0.004999995 0.01771068 -0.05432283 -0.004999995 0.01771068 -0.05432283 -0.004999995 0.01771068 -0.05432283 -0.004999995 0.01771068 -0.05432283 -0.004999995 0.01771068 -0.05432283 0.004999995 0.01771068 -0.05432283 0.004999995 0.01771068 -0.05432283 0.004999995 0.01771068 -0.05432283 0.004999995 0.01771068 -0.05432283 0.004999995 0.01771277 -0.05428528 0.005333721 0.01771277 -0.05428528 0.005333721 0.01771277 -0.05428528 0.005333721 0.01771277 -0.05428528 0.005333721 0.01771897 -0.05417454 0.005650818 0.01771897 -0.05417454 0.005650818 0.01771897 -0.05417454 0.005650818 0.01771897 -0.05417454 0.005650818 0.01771897 -0.05417454 -0.005650818 0.01771897 -0.05417454 -0.005650818 0.01771897 -0.05417454 -0.005650818 0.01771897 -0.05417454 -0.005650818 0.01514387 -0.1002511 0.004999995 0.01514387 -0.1002511 0.004999995 0.01514387 -0.1002511 0.004999995 0.01514387 -0.1002511 0.004999995 0.01514387 -0.1002511 0.004999995 0.01516264 -0.09991592 0.002999961 0.01516264 -0.09991592 0.002999961 0.01516264 -0.09991592 0.002999961 0.01516264 -0.09991592 0.002999961 0.01517707 -0.09965753 0.003034055 0.01517707 -0.09965753 0.003034055 0.01517707 -0.09965753 0.003034055 0.01519054 -0.09941673 0.003133952 0.01519054 -0.09941673 0.003133952 0.01519054 -0.09941673 0.003133952 0.0152021 -0.0992099 0.003292858 0.0152021 -0.0992099 0.003292858 0.0152021 -0.0992099 0.003292858 0.0152021 -0.0992099 0.003292858 0.01528102 -0.09779787 0.004707098 0.01528102 -0.09779787 0.004707098 0.01528102 -0.09779787 0.004707098 0.01528984 -0.0976392 0.004914164 0.01528984 -0.0976392 0.004914164 0.01528984 -0.0976392 0.004914164 0.01528984 -0.0976392 0.004914164 0.0151124 -0.1008151 0.006172716 0.0151124 -0.1008151 0.006172716 0.0151124 -0.1008151 0.006172716 0.0151124 -0.1008151 0.006172716 0.01512563 -0.1005779 0.005935192 0.01512563 -0.1005779 0.005935192 0.01512563 -0.1005779 0.005935192 0.01513558 -0.1003994 0.005650818 0.01513558 -0.1003994 0.005650818 0.01513558 -0.1003994 0.005650818 0.01513558 -0.1003994 0.005650818 0.01514178 -0.1002887 0.005333721 0.01514178 -0.1002887 0.005333721 0.01514178 -0.1002887 0.005333721 0.01514178 -0.1002887 0.005333721 0.01510202 -0.101 0.01424998 0.01510202 -0.101 0.01424998 0.01510202 -0.101 0.01424998 0.01510202 -0.101 0.01424998 0.01510202 -0.101 0.01424998 0.01491153 -0.1044089 0.01083576 0.01491153 -0.1044089 0.01083576 0.01491153 -0.1044089 0.01083576 0.01497858 -0.1032089 0.005333721 0.01497858 -0.1032089 0.005333721 0.01497858 -0.1032089 0.005333721 0.01497858 -0.1032089 0.005333721 0.01498478 -0.1030982 0.005650818 0.01498478 -0.1030982 0.005650818 0.01498478 -0.1030982 0.005650818 0.01498478 -0.1030982 0.005650818 0.01498478 -0.1030982 0.005650818 0.01499474 -0.1029198 0.005935192 0.01499474 -0.1029198 0.005935192 0.01499474 -0.1029198 0.005935192 0.01499474 -0.1029198 0.005935192 0.01499474 -0.1029198 0.005935192 0.01500803 -0.1026826 0.006172716 0.01500803 -0.1026826 0.006172716 0.01500803 -0.1026826 0.006172716 0.01500803 -0.1026826 0.006172716 0.01502388 -0.1023986 0.006351411 0.01502388 -0.1023986 0.006351411 0.01502388 -0.1023986 0.006351411 0.01504158 -0.1020821 0.006462335 0.01504158 -0.1020821 0.006462335 0.01504158 -0.1020821 0.006462335 0.01506018 -0.1017488 0.006499946 0.01506018 -0.1017488 0.006499946 0.01506018 -0.1017488 0.006499946 0.01507884 -0.1014156 0.006462335 0.01507884 -0.1014156 0.006462335 0.01507884 -0.1014156 0.006462335 0.01509648 -0.101099 0.006351411 0.01509648 -0.101099 0.006351411 0.01509648 -0.101099 0.006351411 0.01509648 -0.101099 0.006351411 0.0149765 -0.1032465 0.004999995 0.0149765 -0.1032465 0.004999995 0.0149765 -0.1032465 0.004999995 0.0149765 -0.1032465 0.004999995 0.01489764 -0.1046572 0.01053267 0.01489764 -0.1046572 0.01053267 0.01489764 -0.1046572 0.01053267 0.01488733 -0.1048418 0.01018691 0.01488733 -0.1048418 0.01018691 0.01488733 -0.1048418 0.01018691 0.01488733 -0.1048418 0.01018691 0.01488101 -0.1049554 0.009811699 0.01488101 -0.1049554 0.009811699 0.01488101 -0.1049554 0.009811699 0.01488101 -0.1049554 0.009811699 0.01487886 -0.1049938 0.009421527 0.01487886 -0.1049938 0.009421527 0.01487886 -0.1049938 0.009421527 0.01487886 -0.1049938 0.009421527 0.01487886 -0.1049938 0.002999961 0.01487886 -0.1049938 0.002999961 0.01487886 -0.1049938 0.002999961 0.01772892 -0.05399608 0.005935192 0.01772892 -0.05399608 0.005935192 0.01772892 -0.05399608 0.005935192 0.01772892 -0.05399608 0.005935192 0.01772892 -0.05399608 0.005935192 0.01774215 -0.05375897 0.006172716 0.01774215 -0.05375897 0.006172716 0.01774215 -0.05375897 0.006172716 0.01774215 -0.05375897 0.006172716 0.01775807 -0.05347502 0.006351411 0.01775807 -0.05347502 0.006351411 0.01775807 -0.05347502 0.006351411 0.01775807 -0.05347502 0.006351411 0.01777571 -0.05315846 0.006462335 0.01777571 -0.05315846 0.006462335 0.01777571 -0.05315846 0.006462335 0.01779437 -0.05282521 0.006499946 0.01779437 -0.05282521 0.006499946 0.01779437 -0.05282521 0.006499946 0.01781296 -0.0524919 0.006462335 0.01781296 -0.0524919 0.006462335 0.01781296 -0.0524919 0.006462335 0.01781296 -0.0524919 0.006462335 0.01783066 -0.05217534 0.006351411 0.01783066 -0.05217534 0.006351411 0.01783066 -0.05217534 0.006351411 0.01784652 -0.05189144 0.006172716 0.01784652 -0.05189144 0.006172716 0.01784652 -0.05189144 0.006172716 0.01785981 -0.05165427 0.005935192 0.01785981 -0.05165427 0.005935192 0.01785981 -0.05165427 0.005935192 0.01785981 -0.05165427 0.005935192 0.01786977 -0.05147582 0.005650818 0.01786977 -0.05147582 0.005650818 0.01786977 -0.05147582 0.005650818 0.01786977 -0.05147582 0.005650818 0.01787596 -0.05136507 0.005333721 0.01787596 -0.05136507 0.005333721 0.01787596 -0.05136507 0.005333721 0.01787596 -0.05136507 0.005333721 0.01787596 -0.05136507 0.005333721 0.01787805 -0.05132752 0.004999995 0.01787805 -0.05132752 0.004999995 0.01787805 -0.05132752 0.004999995 0.01787805 -0.05132752 0.004999995 0.01787805 -0.05132752 0.004999995 0.01787805 -0.05132752 -0.004999995 0.01787805 -0.05132752 -0.004999995 0.01787805 -0.05132752 -0.004999995 0.01787805 -0.05132752 -0.004999995 0.01787805 -0.05132752 -0.004999995 0.01514178 -0.1002887 0.004666209 0.01514178 -0.1002887 0.004666209 0.01514178 -0.1002887 0.004666209 0.01514178 -0.1002887 0.004666209 0.01514178 -0.1002887 0.004666209 0.01513558 -0.1003994 0.004349172 0.01513558 -0.1003994 0.004349172 0.01513558 -0.1003994 0.004349172 0.01513558 -0.1003994 0.004349172 0.01512563 -0.1005779 0.004064738 0.01512563 -0.1005779 0.004064738 0.01512563 -0.1005779 0.004064738 0.01512563 -0.1005779 0.004064738 0.0151124 -0.1008151 0.003827214 0.0151124 -0.1008151 0.003827214 0.0151124 -0.1008151 0.003827214 0.0151124 -0.1008151 0.003827214 0.01509648 -0.101099 0.003648519 0.01509648 -0.101099 0.003648519 0.01509648 -0.101099 0.003648519 0.01507884 -0.1014156 0.003537595 0.01507884 -0.1014156 0.003537595 0.01507884 -0.1014156 0.003537595 0.01506018 -0.1017488 0.003499984 0.01506018 -0.1017488 0.003499984 0.01506018 -0.1017488 0.003499984 0.01504158 -0.1020821 0.003537595 0.01504158 -0.1020821 0.003537595 0.01504158 -0.1020821 0.003537595 0.01502388 -0.1023986 0.003648519 0.01502388 -0.1023986 0.003648519 0.01502388 -0.1023986 0.003648519 0.01502388 -0.1023986 0.003648519 0.01500803 -0.1026826 0.003827214 0.01500803 -0.1026826 0.003827214 0.01500803 -0.1026826 0.003827214 0.01500803 -0.1026826 0.003827214 0.01499474 -0.1029198 0.004064738 0.01499474 -0.1029198 0.004064738 0.01499474 -0.1029198 0.004064738 0.01499474 -0.1029198 0.004064738 0.01498478 -0.1030982 0.004349172 0.01498478 -0.1030982 0.004349172 0.01498478 -0.1030982 0.004349172 0.01497858 -0.1032089 0.004666209 0.01497858 -0.1032089 0.004666209 0.01497858 -0.1032089 0.004666209 0.01497858 -0.1032089 0.004666209 0.01507884 -0.1014156 -0.006462335 0.01507884 -0.1014156 -0.006462335 0.01507884 -0.1014156 -0.006462335 0.01506018 -0.1017488 -0.006499946 0.01506018 -0.1017488 -0.006499946 0.01506018 -0.1017488 -0.006499946 0.01504158 -0.1020821 -0.006462335 0.01504158 -0.1020821 -0.006462335 0.01504158 -0.1020821 -0.006462335 0.01502388 -0.1023986 -0.006351411 0.01502388 -0.1023986 -0.006351411 0.01502388 -0.1023986 -0.006351411 0.01502388 -0.1023986 -0.006351411 0.01500803 -0.1026826 -0.006172716 0.01500803 -0.1026826 -0.006172716 0.01500803 -0.1026826 -0.006172716 0.01500803 -0.1026826 -0.006172716 0.01499474 -0.1029198 -0.005935192 0.01499474 -0.1029198 -0.005935192 0.01499474 -0.1029198 -0.005935192 0.01499474 -0.1029198 -0.005935192 0.01499474 -0.1029198 -0.005935192 0.01498478 -0.1030982 -0.005650818 0.01498478 -0.1030982 -0.005650818 0.01498478 -0.1030982 -0.005650818 0.01498478 -0.1030982 -0.005650818 0.01497858 -0.1032089 -0.005333721 0.01497858 -0.1032089 -0.005333721 0.01497858 -0.1032089 -0.005333721 0.01497858 -0.1032089 -0.005333721 0.01497858 -0.1032089 -0.005333721 0.01491153 -0.1044089 -0.01083576 0.01491153 -0.1044089 -0.01083576 0.01491153 -0.1044089 -0.01083576 0.01488101 -0.1049554 -0.009811699 0.01488101 -0.1049554 -0.009811699 0.01488101 -0.1049554 -0.009811699 0.01488101 -0.1049554 -0.009811699 0.01488733 -0.1048418 -0.01018691 0.01488733 -0.1048418 -0.01018691 0.01488733 -0.1048418 -0.01018691 0.01488733 -0.1048418 -0.01018691 0.01489764 -0.1046572 -0.01053267 0.01489764 -0.1046572 -0.01053267 0.01489764 -0.1046572 -0.01053267 0.01787596 -0.05136507 -0.005333721 0.01787596 -0.05136507 -0.005333721 0.01787596 -0.05136507 -0.005333721 0.01787596 -0.05136507 -0.005333721 0.01787596 -0.05136507 -0.005333721 0.01786977 -0.05147582 -0.005650818 0.01786977 -0.05147582 -0.005650818 0.01786977 -0.05147582 -0.005650818 0.01786977 -0.05147582 -0.005650818 0.01785981 -0.05165427 -0.005935192 0.01785981 -0.05165427 -0.005935192 0.01785981 -0.05165427 -0.005935192 0.01784652 -0.05189144 -0.006172716 0.01784652 -0.05189144 -0.006172716 0.01784652 -0.05189144 -0.006172716 0.01784652 -0.05189144 -0.006172716 0.01783066 -0.05217534 -0.006351411 0.01783066 -0.05217534 -0.006351411 0.01783066 -0.05217534 -0.006351411 0.01783066 -0.05217534 -0.006351411 0.01781296 -0.0524919 -0.006462335 0.01781296 -0.0524919 -0.006462335 0.01781296 -0.0524919 -0.006462335 0.01779437 -0.05282521 -0.006499946 0.01779437 -0.05282521 -0.006499946 0.01779437 -0.05282521 -0.006499946 0.01777571 -0.05315846 -0.006462335 0.01777571 -0.05315846 -0.006462335 0.01777571 -0.05315846 -0.006462335 0.01775807 -0.05347502 -0.006351411 0.01775807 -0.05347502 -0.006351411 0.01775807 -0.05347502 -0.006351411 0.01774215 -0.05375897 -0.006172716 0.01774215 -0.05375897 -0.006172716 0.01774215 -0.05375897 -0.006172716 0.01774215 -0.05375897 -0.006172716 0.01772892 -0.05399608 -0.005935192 0.01772892 -0.05399608 -0.005935192 0.01772892 -0.05399608 -0.005935192 0.01772892 -0.05399608 -0.005935192 0.01779437 -0.05282521 -0.003499984 0.01779437 -0.05282521 -0.003499984 0.01779437 -0.05282521 -0.003499984 0.01777571 -0.05315846 0.003537595 0.01777571 -0.05315846 0.003537595 0.01777571 -0.05315846 0.003537595 0.01777571 -0.05315846 -0.003537595 0.01777571 -0.05315846 -0.003537595 0.01777571 -0.05315846 -0.003537595 0.01775807 -0.05347502 0.003648519 0.01775807 -0.05347502 0.003648519 0.01775807 -0.05347502 0.003648519 0.01775807 -0.05347502 -0.003648519 0.01775807 -0.05347502 -0.003648519 0.01775807 -0.05347502 -0.003648519 0.01775807 -0.05347502 -0.003648519 0.01774215 -0.05375897 0.003827214 0.01774215 -0.05375897 0.003827214 0.01774215 -0.05375897 0.003827214 0.01774215 -0.05375897 0.003827214 0.01774215 -0.05375897 -0.003827214 0.01774215 -0.05375897 -0.003827214 0.01774215 -0.05375897 -0.003827214 0.01774215 -0.05375897 -0.003827214 0.01772892 -0.05399608 0.004064738 0.01772892 -0.05399608 0.004064738 0.01772892 -0.05399608 0.004064738 0.01772892 -0.05399608 -0.004064738 0.01772892 -0.05399608 -0.004064738 0.01772892 -0.05399608 -0.004064738 0.01772892 -0.05399608 -0.004064738 0.01771897 -0.05417454 0.004349172 0.01771897 -0.05417454 0.004349172 0.01771897 -0.05417454 0.004349172 0.01771897 -0.05417454 -0.004349172 0.01771897 -0.05417454 -0.004349172 0.01771897 -0.05417454 -0.004349172 0.01771277 -0.05428528 0.004666209 0.01771277 -0.05428528 0.004666209 0.01771277 -0.05428528 0.004666209 0.01771277 -0.05428528 -0.004666209 0.01771277 -0.05428528 -0.004666209 0.01771277 -0.05428528 -0.004666209 0.01771277 -0.05428528 -0.004666209 0.01771277 -0.05428528 -0.004666209 0.01779437 -0.05282521 0.003499984 0.01779437 -0.05282521 0.003499984 0.01779437 -0.05282521 0.003499984 0.01781296 -0.0524919 -0.003537595 0.01781296 -0.0524919 -0.003537595 0.01781296 -0.0524919 -0.003537595 0.01781296 -0.0524919 -0.003537595 0.01781296 -0.0524919 0.003537595 0.01781296 -0.0524919 0.003537595 0.01781296 -0.0524919 0.003537595 0.01783066 -0.05217534 -0.003648519 0.01783066 -0.05217534 -0.003648519 0.01783066 -0.05217534 -0.003648519 0.01783066 -0.05217534 0.003648519 0.01783066 -0.05217534 0.003648519 0.01783066 -0.05217534 0.003648519 0.01783066 -0.05217534 0.003648519 0.01784652 -0.05189144 -0.003827214 0.01784652 -0.05189144 -0.003827214 0.01784652 -0.05189144 -0.003827214 0.01784652 -0.05189144 0.003827214 0.01784652 -0.05189144 0.003827214 0.01784652 -0.05189144 0.003827214 0.01784652 -0.05189144 0.003827214 0.01785981 -0.05165427 -0.004064738 0.01785981 -0.05165427 -0.004064738 0.01785981 -0.05165427 -0.004064738 0.01785981 -0.05165427 -0.004064738 0.01785981 -0.05165427 0.004064738 0.01785981 -0.05165427 0.004064738 0.01785981 -0.05165427 0.004064738 0.01786977 -0.05147582 -0.004349172 0.01786977 -0.05147582 -0.004349172 0.01786977 -0.05147582 -0.004349172 0.01786977 -0.05147582 -0.004349172 0.01786977 -0.05147582 0.004349172 0.01786977 -0.05147582 0.004349172 0.01786977 -0.05147582 0.004349172 0.01786977 -0.05147582 0.004349172 0.01787596 -0.05136507 -0.004666209 0.01787596 -0.05136507 -0.004666209 0.01787596 -0.05136507 -0.004666209 0.01787596 -0.05136507 -0.004666209 0.01787596 -0.05136507 -0.004666209 0.01787596 -0.05136507 0.004666209 0.01787596 -0.05136507 0.004666209 0.01787596 -0.05136507 0.004666209 0.01787596 -0.05136507 0.004666209 0.01787596 -0.05136507 0.004666209 -0.01325345 -0.09761965 0.003292858 -0.01325345 -0.09761965 0.003292858 -0.01325345 -0.09761965 0.003292858 -0.01317453 -0.09620761 0.004707098 -0.01317453 -0.09620761 0.004707098 -0.01317453 -0.09620761 0.004707098 -0.01317453 -0.09620761 0.004707098 -0.0132929 -0.09832561 0.002999961 -0.0132929 -0.09832561 0.002999961 -0.0132929 -0.09832561 0.002999961 -0.01357668 -0.1034035 0.002999961 -0.01357668 -0.1034035 0.002999961 -0.01357668 -0.1034035 0.002999961 -0.01278156 -0.0891757 0 -0.01278156 -0.0891757 0 -0.01278156 -0.0891757 0 -0.01278156 -0.0891757 0 -0.01277935 -0.08913666 5.21648e-4 -0.01277935 -0.08913666 5.21648e-4 -0.01277935 -0.08913666 5.21648e-4 -0.01277935 -0.08913666 5.21648e-4 -0.0131582 -0.09591519 0.01024997 -0.0131582 -0.09591519 0.01024997 -0.0131582 -0.09591519 0.01024997 -0.0131582 -0.09591519 0.005414187 -0.0131582 -0.09591519 0.005414187 -0.0131582 -0.09591519 0.005414187 -0.0131601 -0.09594917 0.005155384 -0.0131601 -0.09594917 0.005155384 -0.0131601 -0.09594917 0.005155384 -0.0131601 -0.09594917 0.005155384 -0.01316565 -0.09604895 0.004914164 -0.01316565 -0.09604895 0.004914164 -0.01316565 -0.09604895 0.004914164 -0.01316565 -0.09604895 0.004914164 -0.01326501 -0.09782642 0.003133952 -0.01326501 -0.09782642 0.003133952 -0.01326501 -0.09782642 0.003133952 -0.01326501 -0.09782642 0.003133952 -0.01327848 -0.09806722 0.003034055 -0.01327848 -0.09806722 0.003034055 -0.01327848 -0.09806722 0.003034055 -0.01357668 -0.1034035 -0.002999961 -0.01357668 -0.1034035 -0.002999961 -0.01357668 -0.1034035 -0.002999961 -0.0132929 -0.09832561 -0.002999961 -0.0132929 -0.09832561 -0.002999961 -0.0132929 -0.09832561 -0.002999961 -0.01327848 -0.09806722 -0.003034055 -0.01327848 -0.09806722 -0.003034055 -0.01327848 -0.09806722 -0.003034055 -0.01326501 -0.09782642 -0.003133952 -0.01326501 -0.09782642 -0.003133952 -0.01326501 -0.09782642 -0.003133952 -0.01326501 -0.09782642 -0.003133952 -0.01325345 -0.09761965 -0.003292858 -0.01325345 -0.09761965 -0.003292858 -0.01325345 -0.09761965 -0.003292858 -0.01325345 -0.09761965 -0.003292858 -0.01317453 -0.09620761 -0.004707098 -0.01317453 -0.09620761 -0.004707098 -0.01317453 -0.09620761 -0.004707098 -0.01316565 -0.09604895 -0.004914164 -0.01316565 -0.09604895 -0.004914164 -0.01316565 -0.09604895 -0.004914164 -0.01316565 -0.09604895 -0.004914164 -0.0131601 -0.09594917 -0.005155384 -0.0131601 -0.09594917 -0.005155384 -0.0131601 -0.09594917 -0.005155384 -0.0131601 -0.09594917 -0.005155384 -0.0131582 -0.09591519 -0.005414187 -0.0131582 -0.09591519 -0.005414187 -0.0131582 -0.09591519 -0.005414187 -0.0131582 -0.09591519 -0.005414187 -0.0131582 -0.09591519 -0.01024997 -0.0131582 -0.09591519 -0.01024997 -0.0131582 -0.09591519 -0.01024997 -0.01089835 -0.05547827 -0.01024997 -0.01089835 -0.05547827 -0.01024997 -0.01089835 -0.05547827 -0.01024997 -0.01089835 -0.05547827 -0.01024997 -0.01089835 -0.05547827 -0.01024997 -0.01089835 -0.05547827 0.01024997 -0.01089835 -0.05547827 0.01024997 -0.01089835 -0.05547827 0.01024997 -0.01089835 -0.05547827 0.01024997 -0.01089835 -0.05547827 0.01024997 -0.01239097 -0.08218657 0 -0.01239097 -0.08218657 0 -0.01239097 -0.08218657 0 -0.01239097 -0.08218657 0 -0.01239311 -0.08222562 -5.21648e-4 -0.01239311 -0.08222562 -5.21648e-4 -0.01239311 -0.08222562 -5.21648e-4 -0.01239311 -0.08222562 -5.21648e-4 -0.01239961 -0.08234184 -0.001031637 -0.01239961 -0.08234184 -0.001031637 -0.01239961 -0.08234184 -0.001031637 -0.01239961 -0.08234184 -0.001031637 -0.01241028 -0.0825327 -0.001518547 -0.01241028 -0.0825327 -0.001518547 -0.01241028 -0.0825327 -0.001518547 -0.01242488 -0.08279383 -0.001971602 -0.01242488 -0.08279383 -0.001971602 -0.01242488 -0.08279383 -0.001971602 -0.01242488 -0.08279383 -0.001971602 -0.01244306 -0.08311945 -0.002380549 -0.01244306 -0.08311945 -0.002380549 -0.01244306 -0.08311945 -0.002380549 -0.01244306 -0.08311945 -0.002380549 -0.01246446 -0.08350235 -0.002736389 -0.01246446 -0.08350235 -0.002736389 -0.01246446 -0.08350235 -0.002736389 -0.01246446 -0.08350235 -0.002736389 -0.0124886 -0.08393388 -0.003031075 -0.0124886 -0.08393388 -0.003031075 -0.0124886 -0.08393388 -0.003031075 -0.01251488 -0.08440446 -0.003258049 -0.01251488 -0.08440446 -0.003258049 -0.01251488 -0.08440446 -0.003258049 -0.01254278 -0.08490353 -0.003412246 -0.01254278 -0.08490353 -0.003412246 -0.01254278 -0.08490353 -0.003412246 -0.01257163 -0.08542001 -0.003490209 -0.01257163 -0.08542001 -0.003490209 -0.01257163 -0.08542001 -0.003490209 -0.01257163 -0.08542001 -0.003490209 -0.01260083 -0.08594226 -0.003490209 -0.01260083 -0.08594226 -0.003490209 -0.01260083 -0.08594226 -0.003490209 -0.01260083 -0.08594226 -0.003490209 -0.01262968 -0.08645874 -0.003412246 -0.01262968 -0.08645874 -0.003412246 -0.01262968 -0.08645874 -0.003412246 -0.01262968 -0.08645874 -0.003412246 -0.01265758 -0.08695787 -0.003258049 -0.01265758 -0.08695787 -0.003258049 -0.01265758 -0.08695787 -0.003258049 -0.01268392 -0.08742839 -0.003031075 -0.01268392 -0.08742839 -0.003031075 -0.01268392 -0.08742839 -0.003031075 -0.01268392 -0.08742839 -0.003031075 -0.012708 -0.08785998 -0.002736389 -0.012708 -0.08785998 -0.002736389 -0.012708 -0.08785998 -0.002736389 -0.012708 -0.08785998 -0.002736389 -0.0127294 -0.08824282 -0.002380549 -0.0127294 -0.08824282 -0.002380549 -0.0127294 -0.08824282 -0.002380549 -0.01274764 -0.0885685 -0.001971602 -0.01274764 -0.0885685 -0.001971602 -0.01274764 -0.0885685 -0.001971602 -0.01274764 -0.0885685 -0.001971602 -0.01276218 -0.08882963 -0.001518547 -0.01276218 -0.08882963 -0.001518547 -0.01276218 -0.08882963 -0.001518547 -0.01276218 -0.08882963 -0.001518547 -0.01277285 -0.08902049 -0.001031637 -0.01277285 -0.08902049 -0.001031637 -0.01277285 -0.08902049 -0.001031637 -0.01277285 -0.08902049 -0.001031637 -0.01277935 -0.08913666 -5.21648e-4 -0.01277935 -0.08913666 -5.21648e-4 -0.01277935 -0.08913666 -5.21648e-4 -0.01277935 -0.08913666 -5.21648e-4 -0.01262968 -0.08645874 0.003412246 -0.01262968 -0.08645874 0.003412246 -0.01262968 -0.08645874 0.003412246 -0.01262968 -0.08645874 0.003412246 -0.01260083 -0.08594226 0.003490209 -0.01260083 -0.08594226 0.003490209 -0.01260083 -0.08594226 0.003490209 -0.01260083 -0.08594226 0.003490209 -0.01257163 -0.08542001 0.003490209 -0.01257163 -0.08542001 0.003490209 -0.01257163 -0.08542001 0.003490209 -0.01257163 -0.08542001 0.003490209 -0.01254278 -0.08490353 0.003412246 -0.01254278 -0.08490353 0.003412246 -0.01254278 -0.08490353 0.003412246 -0.01251488 -0.08440446 0.003258049 -0.01251488 -0.08440446 0.003258049 -0.01251488 -0.08440446 0.003258049 -0.0124886 -0.08393388 0.003031075 -0.0124886 -0.08393388 0.003031075 -0.0124886 -0.08393388 0.003031075 -0.01246446 -0.08350235 0.002736389 -0.01246446 -0.08350235 0.002736389 -0.01246446 -0.08350235 0.002736389 -0.01246446 -0.08350235 0.002736389 -0.01244306 -0.08311945 0.002380549 -0.01244306 -0.08311945 0.002380549 -0.01244306 -0.08311945 0.002380549 -0.01244306 -0.08311945 0.002380549 -0.01242488 -0.08279383 0.001971602 -0.01242488 -0.08279383 0.001971602 -0.01242488 -0.08279383 0.001971602 -0.01241028 -0.0825327 0.001518547 -0.01241028 -0.0825327 0.001518547 -0.01241028 -0.0825327 0.001518547 -0.01241028 -0.0825327 0.001518547 -0.01239961 -0.08234184 0.001031637 -0.01239961 -0.08234184 0.001031637 -0.01239961 -0.08234184 0.001031637 -0.01239311 -0.08222562 5.21648e-4 -0.01239311 -0.08222562 5.21648e-4 -0.01239311 -0.08222562 5.21648e-4 -0.01239311 -0.08222562 5.21648e-4 -0.01277285 -0.08902049 0.001031637 -0.01277285 -0.08902049 0.001031637 -0.01277285 -0.08902049 0.001031637 -0.01277285 -0.08902049 0.001031637 -0.01276218 -0.08882963 0.001518547 -0.01276218 -0.08882963 0.001518547 -0.01276218 -0.08882963 0.001518547 -0.01274764 -0.0885685 0.001971602 -0.01274764 -0.0885685 0.001971602 -0.01274764 -0.0885685 0.001971602 -0.01274764 -0.0885685 0.001971602 -0.0127294 -0.08824282 0.002380549 -0.0127294 -0.08824282 0.002380549 -0.0127294 -0.08824282 0.002380549 -0.0127294 -0.08824282 0.002380549 -0.012708 -0.08785998 0.002736389 -0.012708 -0.08785998 0.002736389 -0.012708 -0.08785998 0.002736389 -0.012708 -0.08785998 0.002736389 -0.01268392 -0.08742839 0.003031075 -0.01268392 -0.08742839 0.003031075 -0.01268392 -0.08742839 0.003031075 -0.01265758 -0.08695787 0.003258049 -0.01265758 -0.08695787 0.003258049 -0.01265758 -0.08695787 0.003258049 0.02879709 0.009641766 0.006839036 0.02879709 0.009641766 0.006839036 0.02879709 0.009641766 0.006839036 0.02857953 0.005747973 0.00146234 0.02857953 0.005747973 0.00146234 0.02857953 0.005747973 0.00146234 0.02856087 0.005414724 0.00149995 0.02856087 0.005414724 0.00149995 0.02856087 0.005414724 0.00149995 0.02856087 0.005414724 0.00149995 0.0280252 -0.004170298 0 0.0280252 -0.004170298 0 0.0280252 -0.004170298 0 0.0280252 -0.004170298 0 0.02786338 -0.007065773 0 0.02786338 -0.007065773 0 0.02786338 -0.007065773 0 0.02786338 -0.007065773 0 0.02802741 -0.00413084 4.51485e-4 0.02802741 -0.00413084 4.51485e-4 0.02802741 -0.00413084 4.51485e-4 0.02802741 -0.00413084 4.51485e-4 0.02802741 -0.00413084 4.51485e-4 0.02802741 -0.00413084 -4.51485e-4 0.02802741 -0.00413084 -4.51485e-4 0.02802741 -0.00413084 -4.51485e-4 0.02802741 -0.00413084 -4.51485e-4 0.0283066 8.65042e-4 8.89252e-4 0.0283066 8.65042e-4 8.89252e-4 0.0283066 8.65042e-4 8.89252e-4 0.02850872 0.004480957 0.001172721 0.02850872 0.004480957 0.001172721 0.02850872 0.004480957 0.001172721 0.02849543 0.004243791 9.35235e-4 0.02849543 0.004243791 9.35235e-4 0.02849543 0.004243791 9.35235e-4 0.02831315 9.8215e-4 4.51485e-4 0.02831315 9.8215e-4 4.51485e-4 0.02831315 9.8215e-4 4.51485e-4 0.0283066 8.65042e-4 -8.89252e-4 0.0283066 8.65042e-4 -8.89252e-4 0.0283066 8.65042e-4 -8.89252e-4 0.02831315 9.8215e-4 -4.51485e-4 0.02831315 9.8215e-4 -4.51485e-4 0.02831315 9.8215e-4 -4.51485e-4 0.02831315 9.8215e-4 -4.51485e-4 0.02849543 0.004243791 -9.35234e-4 0.02849543 0.004243791 -9.35234e-4 0.02849543 0.004243791 -9.35234e-4 0.02856087 0.005414724 -0.00149995 0.02856087 0.005414724 -0.00149995 0.02856087 0.005414724 -0.00149995 0.02856087 0.005414724 -0.00149995 0.02828145 4.14267e-4 -0.001671195 0.02828145 4.14267e-4 -0.001671195 0.02828145 4.14267e-4 -0.001671195 0.02828145 4.14267e-4 -0.001671195 0.02828145 4.14267e-4 -0.001671195 0.02828145 4.14267e-4 -0.001671195 0.02854228 0.005081474 -0.00146234 0.02854228 0.005081474 -0.00146234 0.02854228 0.005081474 -0.00146234 0.02854228 0.005081474 -0.00146234 0.02812069 -0.002462208 -0.002443194 0.02812069 -0.002462208 -0.002443194 0.02812069 -0.002462208 -0.002443194 0.02811813 -0.002508103 -0.005827248 0.02811813 -0.002508103 -0.005827248 0.02811813 -0.002508103 -0.005827248 0.02811813 -0.002508103 -0.005827248 0.02810484 -0.00274527 -0.006064713 0.02810484 -0.00274527 -0.006064713 0.02810484 -0.00274527 -0.006064713 0.02810484 -0.00274527 -0.006064713 0.02813398 -0.002224147 0.005648493 0.02813398 -0.002224147 0.005648493 0.02813398 -0.002224147 0.005648493 0.02815169 -0.001907587 0.005537569 0.02815169 -0.001907587 0.005537569 0.02815169 -0.001907587 0.005537569 0.02814507 -0.002025127 0.002560496 0.02814507 -0.002025127 0.002560496 0.02814507 -0.002025127 0.002560496 0.02831536 0.001021564 0 0.02831536 0.001021564 0 0.02831536 0.001021564 0 0.02848547 0.004065394 6.50825e-4 0.02848547 0.004065394 6.50825e-4 0.02848547 0.004065394 6.50825e-4 0.02848547 0.004065394 6.50825e-4 0.02847927 0.003954589 3.33781e-4 0.02847927 0.003954589 3.33781e-4 0.02847927 0.003954589 3.33781e-4 0.02847927 0.003954589 3.33781e-4 0.02847719 0.003917038 0 0.02847719 0.003917038 0 0.02847719 0.003917038 0 0.02847927 0.003954589 -3.33781e-4 0.02847927 0.003954589 -3.33781e-4 0.02847927 0.003954589 -3.33781e-4 0.02847927 0.003954589 -3.33781e-4 0.02848547 0.004065394 -6.50825e-4 0.02848547 0.004065394 -6.50825e-4 0.02848547 0.004065394 -6.50825e-4 0.02848547 0.004065394 -6.50825e-4 0.02879709 0.009641766 -0.006839036 0.02879709 0.009641766 -0.006839036 0.02879709 0.009641766 -0.006839036 0.02879709 0.009641766 -0.006839036 0.02879709 0.009641766 -0.006839036 0.02826356 9.42945e-5 -0.001991689 0.02826356 9.42945e-5 -0.001991689 0.02826356 9.42945e-5 -0.001991689 0.02857953 0.005747973 -0.00146234 0.02857953 0.005747973 -0.00146234 0.02857953 0.005747973 -0.00146234 0.02857953 0.005747973 -0.00146234 0.02859717 0.006064534 -0.001351416 0.02859717 0.006064534 -0.001351416 0.02859717 0.006064534 -0.001351416 0.02861309 0.00634849 -0.001172721 0.02861309 0.00634849 -0.001172721 0.02861309 0.00634849 -0.001172721 0.02862632 0.006585657 -9.35234e-4 0.02862632 0.006585657 -9.35234e-4 0.02862632 0.006585657 -9.35234e-4 0.02862632 0.006585657 -9.35234e-4 0.02863627 0.006764054 -6.50825e-4 0.02863627 0.006764054 -6.50825e-4 0.02863627 0.006764054 -6.50825e-4 0.02863627 0.006764054 -6.50825e-4 0.02864247 0.006874799 -3.33781e-4 0.02864247 0.006874799 -3.33781e-4 0.02864247 0.006874799 -3.33781e-4 0.02864247 0.006874799 -3.33781e-4 0.02864456 0.00691241 0 0.02864456 0.00691241 0 0.02864456 0.00691241 0 0.02864456 0.00691241 0 0.02883988 0.01040691 -0.004178881 0.02883988 0.01040691 -0.004178881 0.02883988 0.01040691 -0.004178881 0.02883988 0.01040691 -0.004178881 0.02883815 0.01037549 -0.004738748 0.02883815 0.01037549 -0.004738748 0.02883815 0.01037549 -0.004738748 0.02883291 0.01028174 -0.005291521 0.02883291 0.01028174 -0.005291521 0.02883291 0.01028174 -0.005291521 0.02883291 0.01028174 -0.005291521 0.02883291 0.01028174 -0.005291521 0.02882421 0.01012676 -0.005830287 0.02882421 0.01012676 -0.005830287 0.02882421 0.01012676 -0.005830287 0.02882421 0.01012676 -0.005830287 0.02881222 0.00991255 -0.006348311 0.02881222 0.00991255 -0.006348311 0.02881222 0.00991255 -0.006348311 0.02864247 0.006874799 3.33781e-4 0.02864247 0.006874799 3.33781e-4 0.02864247 0.006874799 3.33781e-4 0.02864247 0.006874799 3.33781e-4 0.02863627 0.006764054 6.50825e-4 0.02863627 0.006764054 6.50825e-4 0.02863627 0.006764054 6.50825e-4 0.02863627 0.006764054 6.50825e-4 0.02863627 0.006764054 6.50825e-4 0.02862632 0.006585657 9.35235e-4 0.02862632 0.006585657 9.35235e-4 0.02862632 0.006585657 9.35235e-4 0.02862632 0.006585657 9.35235e-4 0.02883988 0.01040691 0.004178881 0.02883988 0.01040691 0.004178881 0.02883988 0.01040691 0.004178881 0.02861309 0.00634849 0.001172721 0.02861309 0.00634849 0.001172721 0.02861309 0.00634849 0.001172721 0.02859717 0.006064534 0.001351416 0.02859717 0.006064534 0.001351416 0.02859717 0.006064534 0.001351416 0.02859717 0.006064534 0.001351416 0.02881222 0.00991255 0.006348311 0.02881222 0.00991255 0.006348311 0.02881222 0.00991255 0.006348311 0.02881222 0.00991255 0.006348311 0.02882421 0.01012676 0.005830287 0.02882421 0.01012676 0.005830287 0.02882421 0.01012676 0.005830287 0.02883291 0.01028174 0.005291521 0.02883291 0.01028174 0.005291521 0.02883291 0.01028174 0.005291521 0.02883815 0.01037549 0.004738748 0.02883815 0.01037549 0.004738748 0.02883815 0.01037549 0.004738748 0.02641659 -0.03295427 -0.01424998 0.02641659 -0.03295427 -0.01424998 0.02641659 -0.03295427 -0.01424998 0.02641659 -0.03295427 0.01424998 0.02641659 -0.03295427 0.01424998 0.02641659 -0.03295427 0.01424998 0.0283935 0.002419412 0.01424998 0.0283935 0.002419412 0.01424998 0.0283935 0.002419412 0.01424998 0.0283935 0.002419412 0.01424998 0.02810484 -0.00274527 0.007935225 0.02810484 -0.00274527 0.007935225 0.02810484 -0.00274527 0.007935225 0.02810484 -0.00274527 0.007935225 0.02810484 -0.00274527 0.007935225 0.02809488 -0.002923667 0.007650792 0.02809488 -0.002923667 0.007650792 0.02809488 -0.002923667 0.007650792 0.02808868 -0.003034412 0.007333755 0.02808868 -0.003034412 0.007333755 0.02808868 -0.003034412 0.007333755 0.02808868 -0.003034412 0.007333755 0.0280866 -0.003071963 0.006999969 0.0280866 -0.003071963 0.006999969 0.0280866 -0.003071963 0.006999969 0.0280866 -0.003071963 0.006999969 0.0280866 -0.003071963 0.006999969 0.02772748 -0.009497225 0.001172721 0.02772748 -0.009497225 0.001172721 0.02772748 -0.009497225 0.001172721 0.02772748 -0.009497225 0.001172721 0.02771425 -0.009734332 9.35235e-4 0.02771425 -0.009734332 9.35235e-4 0.02771425 -0.009734332 9.35235e-4 0.02771425 -0.009734332 9.35235e-4 0.02770429 -0.009912788 6.50825e-4 0.02770429 -0.009912788 6.50825e-4 0.02770429 -0.009912788 6.50825e-4 0.02770429 -0.009912788 6.50825e-4 0.02769809 -0.01002353 3.33781e-4 0.02769809 -0.01002353 3.33781e-4 0.02769809 -0.01002353 3.33781e-4 0.02769809 -0.01002353 3.33781e-4 0.02769601 -0.01006108 0 0.02769601 -0.01006108 0 0.02769601 -0.01006108 0 0.02769601 -0.01006108 0 0.02769809 -0.01002353 -3.33781e-4 0.02769809 -0.01002353 -3.33781e-4 0.02769809 -0.01002353 -3.33781e-4 0.02769809 -0.01002353 -3.33781e-4 0.02770429 -0.009912788 -6.50825e-4 0.02770429 -0.009912788 -6.50825e-4 0.02770429 -0.009912788 -6.50825e-4 0.02770429 -0.009912788 -6.50825e-4 0.02771425 -0.009734332 -9.35234e-4 0.02771425 -0.009734332 -9.35234e-4 0.02771425 -0.009734332 -9.35234e-4 0.02771425 -0.009734332 -9.35234e-4 0.02772748 -0.009497225 -0.001172721 0.02772748 -0.009497225 -0.001172721 0.02772748 -0.009497225 -0.001172721 0.02772748 -0.009497225 -0.001172721 0.0280866 -0.003071963 -0.006999969 0.0280866 -0.003071963 -0.006999969 0.0280866 -0.003071963 -0.006999969 0.0280866 -0.003071963 -0.006999969 0.02808868 -0.003034412 -0.007333755 0.02808868 -0.003034412 -0.007333755 0.02808868 -0.003034412 -0.007333755 0.02809488 -0.002923667 -0.007650792 0.02809488 -0.002923667 -0.007650792 0.02809488 -0.002923667 -0.007650792 0.02809488 -0.002923667 -0.007650792 0.02810484 -0.00274527 -0.007935225 0.02810484 -0.00274527 -0.007935225 0.02810484 -0.00274527 -0.007935225 0.02810484 -0.00274527 -0.007935225 0.02810484 -0.00274527 -0.007935225 0.0283935 0.002419412 -0.01424998 0.0283935 0.002419412 -0.01424998 0.0283935 0.002419412 -0.01424998 0.0283935 0.002419412 -0.01424998 0.02811813 -0.002508103 -0.00817269 0.02811813 -0.002508103 -0.00817269 0.02811813 -0.002508103 -0.00817269 0.02811813 -0.002508103 -0.00817269 0.02813398 -0.002224147 -0.008351445 0.02813398 -0.002224147 -0.008351445 0.02813398 -0.002224147 -0.008351445 0.02815169 -0.001907587 -0.008462369 0.02815169 -0.001907587 -0.008462369 0.02815169 -0.001907587 -0.008462369 0.02817028 -0.001574337 -0.008499979 0.02817028 -0.001574337 -0.008499979 0.02817028 -0.001574337 -0.008499979 0.02818894 -0.001241087 -0.008462369 0.02818894 -0.001241087 -0.008462369 0.02818894 -0.001241087 -0.008462369 0.02820658 -9.24542e-4 -0.008351445 0.02820658 -9.24542e-4 -0.008351445 0.02820658 -9.24542e-4 -0.008351445 0.0282225 -6.40586e-4 -0.00817269 0.0282225 -6.40586e-4 -0.00817269 0.0282225 -6.40586e-4 -0.00817269 0.02823573 -4.03434e-4 -0.007935225 0.02823573 -4.03434e-4 -0.007935225 0.02823573 -4.03434e-4 -0.007935225 0.02823573 -4.03434e-4 -0.007935225 0.02824568 -2.24993e-4 -0.007650792 0.02824568 -2.24993e-4 -0.007650792 0.02824568 -2.24993e-4 -0.007650792 0.02824568 -2.24993e-4 -0.007650792 0.02825188 -1.14247e-4 -0.007333755 0.02825188 -1.14247e-4 -0.007333755 0.02825188 -1.14247e-4 -0.007333755 0.02825188 -1.14247e-4 -0.007333755 0.02825397 -7.66814e-5 -0.006999969 0.02825397 -7.66814e-5 -0.006999969 0.02825397 -7.66814e-5 -0.006999969 0.02825397 -7.66814e-5 -0.006999969 0.02774339 -0.009213268 -0.001351416 0.02774339 -0.009213268 -0.001351416 0.02774339 -0.009213268 -0.001351416 0.02774339 -0.009213268 -0.001351416 0.0277611 -0.008896708 -0.00146234 0.0277611 -0.008896708 -0.00146234 0.0277611 -0.008896708 -0.00146234 0.02777969 -0.008563399 -0.00149995 0.02777969 -0.008563399 -0.00149995 0.02777969 -0.008563399 -0.00149995 0.02779829 -0.008230149 -0.00146234 0.02779829 -0.008230149 -0.00146234 0.02779829 -0.008230149 -0.00146234 0.02781599 -0.007913589 -0.001351416 0.02781599 -0.007913589 -0.001351416 0.02781599 -0.007913589 -0.001351416 0.02783191 -0.007629632 -0.001172721 0.02783191 -0.007629632 -0.001172721 0.02783191 -0.007629632 -0.001172721 0.02784514 -0.007392525 -9.35234e-4 0.02784514 -0.007392525 -9.35234e-4 0.02784514 -0.007392525 -9.35234e-4 0.02785509 -0.007214069 -6.50825e-4 0.02785509 -0.007214069 -6.50825e-4 0.02785509 -0.007214069 -6.50825e-4 0.02785509 -0.007214069 -6.50825e-4 0.02786129 -0.007103323 -3.33781e-4 0.02786129 -0.007103323 -3.33781e-4 0.02786129 -0.007103323 -3.33781e-4 0.02786129 -0.007103323 -3.33781e-4 0.02803397 -0.004013717 -8.89252e-4 0.02803397 -0.004013717 -8.89252e-4 0.02803397 -0.004013717 -8.89252e-4 0.02803397 -0.004013717 -8.89252e-4 0.02804464 -0.003822505 -0.001299977 0.02804464 -0.003822505 -0.001299977 0.02804464 -0.003822505 -0.001299977 0.02804464 -0.003822505 -0.001299977 0.02805918 -0.003562927 -0.001671195 0.02805918 -0.003562927 -0.001671195 0.02805918 -0.003562927 -0.001671195 0.02807706 -0.003242969 -0.001991689 0.02807706 -0.003242969 -0.001991689 0.02807706 -0.003242969 -0.001991689 0.02809774 -0.002872288 -0.002251625 0.02809774 -0.002872288 -0.002251625 0.02809774 -0.002872288 -0.002251625 0.02809774 -0.002872288 -0.002251625 0.02809488 -0.002923667 -0.006349146 0.02809488 -0.002923667 -0.006349146 0.02809488 -0.002923667 -0.006349146 0.02808868 -0.003034412 -0.006666183 0.02808868 -0.003034412 -0.006666183 0.02808868 -0.003034412 -0.006666183 0.02808868 -0.003034412 -0.006666183 0.02825188 -1.14247e-4 -0.006666183 0.02825188 -1.14247e-4 -0.006666183 0.02825188 -1.14247e-4 -0.006666183 0.02825188 -1.14247e-4 -0.006666183 0.02824568 -2.24993e-4 -0.006349146 0.02824568 -2.24993e-4 -0.006349146 0.02824568 -2.24993e-4 -0.006349146 0.02824568 -2.24993e-4 -0.006349146 0.02824282 -2.76387e-4 -0.002251625 0.02824282 -2.76387e-4 -0.002251625 0.02824282 -2.76387e-4 -0.002251625 0.02824282 -2.76387e-4 -0.002251625 0.02808868 -0.003034412 0.006666183 0.02808868 -0.003034412 0.006666183 0.02808868 -0.003034412 0.006666183 0.02809774 -0.002872288 0.002251625 0.02809774 -0.002872288 0.002251625 0.02809774 -0.002872288 0.002251625 0.02807706 -0.003242969 0.001991689 0.02807706 -0.003242969 0.001991689 0.02807706 -0.003242969 0.001991689 0.02805918 -0.003562927 0.001671195 0.02805918 -0.003562927 0.001671195 0.02805918 -0.003562927 0.001671195 0.02804464 -0.003822505 0.001299977 0.02804464 -0.003822505 0.001299977 0.02804464 -0.003822505 0.001299977 0.02803397 -0.004013717 8.89252e-4 0.02803397 -0.004013717 8.89252e-4 0.02803397 -0.004013717 8.89252e-4 0.02803397 -0.004013717 8.89252e-4 0.02803397 -0.004013717 8.89252e-4 0.02786129 -0.007103323 3.33781e-4 0.02786129 -0.007103323 3.33781e-4 0.02786129 -0.007103323 3.33781e-4 0.02786129 -0.007103323 3.33781e-4 0.02785509 -0.007214069 6.50825e-4 0.02785509 -0.007214069 6.50825e-4 0.02785509 -0.007214069 6.50825e-4 0.02784514 -0.007392525 9.35235e-4 0.02784514 -0.007392525 9.35235e-4 0.02784514 -0.007392525 9.35235e-4 0.02784514 -0.007392525 9.35235e-4 0.02783191 -0.007629632 0.001172721 0.02783191 -0.007629632 0.001172721 0.02783191 -0.007629632 0.001172721 0.02781599 -0.007913589 0.001351416 0.02781599 -0.007913589 0.001351416 0.02781599 -0.007913589 0.001351416 0.02779829 -0.008230149 0.00146234 0.02779829 -0.008230149 0.00146234 0.02779829 -0.008230149 0.00146234 0.02777969 -0.008563399 0.00149995 0.02777969 -0.008563399 0.00149995 0.02777969 -0.008563399 0.00149995 0.0277611 -0.008896708 0.00146234 0.0277611 -0.008896708 0.00146234 0.0277611 -0.008896708 0.00146234 0.0277611 -0.008896708 0.00146234 0.02774339 -0.009213268 0.001351416 0.02774339 -0.009213268 0.001351416 0.02774339 -0.009213268 0.001351416 0.02774339 -0.009213268 0.001351416 0.02825397 -7.66814e-5 0.006999969 0.02825397 -7.66814e-5 0.006999969 0.02825397 -7.66814e-5 0.006999969 0.02825397 -7.66814e-5 0.006999969 0.02825397 -7.66814e-5 0.006999969 0.02825188 -1.14247e-4 0.007333755 0.02825188 -1.14247e-4 0.007333755 0.02825188 -1.14247e-4 0.007333755 0.02825188 -1.14247e-4 0.007333755 0.02824568 -2.24993e-4 0.007650792 0.02824568 -2.24993e-4 0.007650792 0.02824568 -2.24993e-4 0.007650792 0.02824568 -2.24993e-4 0.007650792 0.02823573 -4.03434e-4 0.007935225 0.02823573 -4.03434e-4 0.007935225 0.02823573 -4.03434e-4 0.007935225 0.0282225 -6.40586e-4 0.00817269 0.0282225 -6.40586e-4 0.00817269 0.0282225 -6.40586e-4 0.00817269 0.02820658 -9.24542e-4 0.008351445 0.02820658 -9.24542e-4 0.008351445 0.02820658 -9.24542e-4 0.008351445 0.02818894 -0.001241087 0.008462369 0.02818894 -0.001241087 0.008462369 0.02818894 -0.001241087 0.008462369 0.02817028 -0.001574337 0.008499979 0.02817028 -0.001574337 0.008499979 0.02817028 -0.001574337 0.008499979 0.02815169 -0.001907587 0.008462369 0.02815169 -0.001907587 0.008462369 0.02815169 -0.001907587 0.008462369 0.02813398 -0.002224147 0.008351445 0.02813398 -0.002224147 0.008351445 0.02813398 -0.002224147 0.008351445 0.02811813 -0.002508103 0.00817269 0.02811813 -0.002508103 0.00817269 0.02811813 -0.002508103 0.00817269 0.02811813 -0.002508103 0.00817269 0.02811813 -0.002508103 0.00817269 0.02875816 0.008944749 0.00771445 0.02875816 0.008944749 0.00771445 0.02875816 0.008944749 0.00771445 0.02877902 0.009317755 0.007296323 0.02877902 0.009317755 0.007296323 0.02877902 0.009317755 0.007296323 0.02877902 0.009317755 0.007296323 0.02826356 9.42945e-5 0.001991689 0.02826356 9.42945e-5 0.001991689 0.02826356 9.42945e-5 0.001991689 0.02826356 9.42945e-5 0.001991689 0.02852457 0.004764914 0.001351416 0.02852457 0.004764914 0.001351416 0.02852457 0.004764914 0.001351416 0.02852457 0.004764914 0.001351416 0.02829593 6.73801e-4 0.001299977 0.02829593 6.73801e-4 0.001299977 0.02829593 6.73801e-4 0.001299977 0.02829593 6.73801e-4 0.001299977 0.02829593 6.73801e-4 0.001299977 0.02829593 6.73801e-4 0.001299977 0.02854228 0.005081474 0.00146234 0.02854228 0.005081474 0.00146234 0.02854228 0.005081474 0.00146234 0.02854228 0.005081474 0.00146234 0.02828145 4.14267e-4 0.001671195 0.02828145 4.14267e-4 0.001671195 0.02828145 4.14267e-4 0.001671195 0.02829593 6.73801e-4 -0.001299977 0.02829593 6.73801e-4 -0.001299977 0.02829593 6.73801e-4 -0.001299977 0.02829593 6.73801e-4 -0.001299977 0.02850872 0.004480957 -0.001172721 0.02850872 0.004480957 -0.001172721 0.02850872 0.004480957 -0.001172721 0.02852457 0.004764914 -0.001351416 0.02852457 0.004764914 -0.001351416 0.02852457 0.004764914 -0.001351416 0.02852457 0.004764914 -0.001351416 0.02877902 0.009317755 -0.007296323 0.02877902 0.009317755 -0.007296323 0.02877902 0.009317755 -0.007296323 0.02877902 0.009317755 -0.007296323 0.02875816 0.008944749 -0.00771445 0.02875816 0.008944749 -0.00771445 0.02875816 0.008944749 -0.00771445 0.02875816 0.008944749 -0.00771445 0.02813398 -0.002224147 -0.005648493 0.02813398 -0.002224147 -0.005648493 0.02813398 -0.002224147 -0.005648493 0.02814507 -0.002025127 -0.002560496 0.02814507 -0.002025127 -0.002560496 0.02814507 -0.002025127 -0.002560496 0.02815169 -0.001907587 -0.005537569 0.02815169 -0.001907587 -0.005537569 0.02815169 -0.001907587 -0.005537569 0.02817028 -0.001574337 -0.005499958 0.02817028 -0.001574337 -0.005499958 0.02817028 -0.001574337 -0.005499958 0.02817028 -0.001574337 -0.002599954 0.02817028 -0.001574337 -0.002599954 0.02817028 -0.001574337 -0.002599954 0.02818894 -0.001241087 -0.005537569 0.02818894 -0.001241087 -0.005537569 0.02818894 -0.001241087 -0.005537569 0.0281955 -0.001123547 -0.002560496 0.0281955 -0.001123547 -0.002560496 0.0281955 -0.001123547 -0.002560496 0.02820658 -9.24542e-4 -0.005648493 0.02820658 -9.24542e-4 -0.005648493 0.02820658 -9.24542e-4 -0.005648493 0.02821993 -6.86482e-4 -0.002443194 0.02821993 -6.86482e-4 -0.002443194 0.02821993 -6.86482e-4 -0.002443194 0.0282225 -6.40586e-4 -0.005827248 0.0282225 -6.40586e-4 -0.005827248 0.0282225 -6.40586e-4 -0.005827248 0.02823573 -4.03434e-4 -0.006064713 0.02823573 -4.03434e-4 -0.006064713 0.02823573 -4.03434e-4 -0.006064713 0.02810484 -0.00274527 0.006064713 0.02810484 -0.00274527 0.006064713 0.02810484 -0.00274527 0.006064713 0.02810484 -0.00274527 0.006064713 0.02812069 -0.002462208 0.002443194 0.02812069 -0.002462208 0.002443194 0.02812069 -0.002462208 0.002443194 0.02812069 -0.002462208 0.002443194 0.02809488 -0.002923667 0.006349146 0.02809488 -0.002923667 0.006349146 0.02809488 -0.002923667 0.006349146 0.02809488 -0.002923667 0.006349146 0.02811813 -0.002508103 0.005827248 0.02811813 -0.002508103 0.005827248 0.02811813 -0.002508103 0.005827248 0.02817028 -0.001574337 0.002599954 0.02817028 -0.001574337 0.002599954 0.02817028 -0.001574337 0.002599954 0.02817028 -0.001574337 0.005499958 0.02817028 -0.001574337 0.005499958 0.02817028 -0.001574337 0.005499958 0.0281955 -0.001123547 0.002560496 0.0281955 -0.001123547 0.002560496 0.0281955 -0.001123547 0.002560496 0.02818894 -0.001241087 0.005537569 0.02818894 -0.001241087 0.005537569 0.02818894 -0.001241087 0.005537569 0.02818894 -0.001241087 0.005537569 0.02821993 -6.86482e-4 0.002443194 0.02821993 -6.86482e-4 0.002443194 0.02821993 -6.86482e-4 0.002443194 0.02820658 -9.24542e-4 0.005648493 0.02820658 -9.24542e-4 0.005648493 0.02820658 -9.24542e-4 0.005648493 0.0282225 -6.40586e-4 0.005827248 0.0282225 -6.40586e-4 0.005827248 0.0282225 -6.40586e-4 0.005827248 0.02824282 -2.76387e-4 0.002251625 0.02824282 -2.76387e-4 0.002251625 0.02824282 -2.76387e-4 0.002251625 0.02823573 -4.03434e-4 0.006064713 0.02823573 -4.03434e-4 0.006064713 0.02823573 -4.03434e-4 0.006064713 0.02823573 -4.03434e-4 0.006064713 0.02824568 -2.24993e-4 0.006349146 0.02824568 -2.24993e-4 0.006349146 0.02824568 -2.24993e-4 0.006349146 0.02824568 -2.24993e-4 0.006349146 0.02825188 -1.14247e-4 0.006666183 0.02825188 -1.14247e-4 0.006666183 0.02825188 -1.14247e-4 0.006666183 0.02825188 -1.14247e-4 0.006666183 0.02825188 -1.14247e-4 0.006666183 0.03355312 0.005135715 0.00149995 0.03355312 0.005135715 0.00149995 0.03355312 0.005135715 0.00149995 0.03355312 0.005135715 0.00149995 0.03357172 0.005468964 0.00146234 0.03357172 0.005468964 0.00146234 0.03357172 0.005468964 0.00146234 0.03357172 0.005468964 0.00146234 0.03378933 0.009362757 0.006839036 0.03378933 0.009362757 0.006839036 0.03378933 0.009362757 0.006839036 0.03378933 0.009362757 0.006839036 0.0330196 -0.004409849 4.51485e-4 0.0330196 -0.004409849 4.51485e-4 0.0330196 -0.004409849 4.51485e-4 0.0330196 -0.004409849 4.51485e-4 0.0330196 -0.004409849 4.51485e-4 0.03285562 -0.007344782 0 0.03285562 -0.007344782 0 0.03285562 -0.007344782 0 0.03285562 -0.007344782 0 0.03301739 -0.004449307 0 0.03301739 -0.004449307 0 0.03301739 -0.004449307 0 0.03301739 -0.004449307 0 0.0330196 -0.004409849 -4.51485e-4 0.0330196 -0.004409849 -4.51485e-4 0.0330196 -0.004409849 -4.51485e-4 0.0330196 -0.004409849 -4.51485e-4 0.0330196 -0.004409849 -4.51485e-4 0.03348767 0.003964781 9.35235e-4 0.03348767 0.003964781 9.35235e-4 0.03348767 0.003964781 9.35235e-4 0.0335009 0.004201948 0.001172721 0.0335009 0.004201948 0.001172721 0.0335009 0.004201948 0.001172721 0.03329885 5.86048e-4 8.89252e-4 0.03329885 5.86048e-4 8.89252e-4 0.03329885 5.86048e-4 8.89252e-4 0.0333054 7.03156e-4 4.51485e-4 0.0333054 7.03156e-4 4.51485e-4 0.0333054 7.03156e-4 4.51485e-4 0.03348767 0.003964781 -9.35234e-4 0.03348767 0.003964781 -9.35234e-4 0.03348767 0.003964781 -9.35234e-4 0.03348767 0.003964781 -9.35234e-4 0.0333054 7.03156e-4 -4.51485e-4 0.0333054 7.03156e-4 -4.51485e-4 0.0333054 7.03156e-4 -4.51485e-4 0.03329885 5.86048e-4 -8.89252e-4 0.03329885 5.86048e-4 -8.89252e-4 0.03329885 5.86048e-4 -8.89252e-4 0.03329885 5.86048e-4 -8.89252e-4 0.03353446 0.004802465 -0.00146234 0.03353446 0.004802465 -0.00146234 0.03353446 0.004802465 -0.00146234 0.03353446 0.004802465 -0.00146234 0.03327363 1.35273e-4 -0.001671195 0.03327363 1.35273e-4 -0.001671195 0.03327363 1.35273e-4 -0.001671195 0.03327363 1.35273e-4 -0.001671195 0.03355312 0.005135715 -0.00149995 0.03355312 0.005135715 -0.00149995 0.03355312 0.005135715 -0.00149995 0.03355312 0.005135715 -0.00149995 0.03309708 -0.00302422 -0.006064713 0.03309708 -0.00302422 -0.006064713 0.03309708 -0.00302422 -0.006064713 0.03309708 -0.00302422 -0.006064713 0.03311032 -0.002787113 -0.005827248 0.03311032 -0.002787113 -0.005827248 0.03311032 -0.002787113 -0.005827248 0.03311288 -0.002741158 -0.002443194 0.03311288 -0.002741158 -0.002443194 0.03311288 -0.002741158 -0.002443194 0.03311288 -0.002741158 -0.002443194 0.03313732 -0.002304077 0.002560496 0.03313732 -0.002304077 0.002560496 0.03313732 -0.002304077 0.002560496 0.03314387 -0.002186596 0.005537569 0.03314387 -0.002186596 0.005537569 0.03314387 -0.002186596 0.005537569 0.03312617 -0.002503156 0.005648493 0.03312617 -0.002503156 0.005648493 0.03312617 -0.002503156 0.005648493 0.03330755 7.42599e-4 0 0.03330755 7.42599e-4 0 0.03330755 7.42599e-4 0 0.03330755 7.42599e-4 0 0.03347766 0.003786385 -6.50825e-4 0.03347766 0.003786385 -6.50825e-4 0.03347766 0.003786385 -6.50825e-4 0.03347766 0.003786385 -6.50825e-4 0.03347152 0.003675639 -3.33781e-4 0.03347152 0.003675639 -3.33781e-4 0.03347152 0.003675639 -3.33781e-4 0.03346937 0.003638088 0 0.03346937 0.003638088 0 0.03346937 0.003638088 0 0.03346937 0.003638088 0 0.03347152 0.003675639 3.33781e-4 0.03347152 0.003675639 3.33781e-4 0.03347152 0.003675639 3.33781e-4 0.03347152 0.003675639 3.33781e-4 0.03347766 0.003786385 6.50825e-4 0.03347766 0.003786385 6.50825e-4 0.03347766 0.003786385 6.50825e-4 0.03378933 0.009362757 -0.006839036 0.03378933 0.009362757 -0.006839036 0.03378933 0.009362757 -0.006839036 0.03378933 0.009362757 -0.006839036 0.03380447 0.009633541 -0.006348311 0.03380447 0.009633541 -0.006348311 0.03380447 0.009633541 -0.006348311 0.03381645 0.009847819 -0.005830287 0.03381645 0.009847819 -0.005830287 0.03381645 0.009847819 -0.005830287 0.03381645 0.009847819 -0.005830287 0.03382509 0.01000273 -0.005291521 0.03382509 0.01000273 -0.005291521 0.03382509 0.01000273 -0.005291521 0.03383034 0.01009654 -0.004738748 0.03383034 0.01009654 -0.004738748 0.03383034 0.01009654 -0.004738748 0.03383034 0.01009654 -0.004738748 0.03383207 0.01012796 -0.004178881 0.03383207 0.01012796 -0.004178881 0.03383207 0.01012796 -0.004178881 0.03383207 0.01012796 -0.004178881 0.0336368 0.0066334 0 0.0336368 0.0066334 0 0.0336368 0.0066334 0 0.0336368 0.0066334 0 0.03363472 0.006595849 -3.33781e-4 0.03363472 0.006595849 -3.33781e-4 0.03363472 0.006595849 -3.33781e-4 0.03363472 0.006595849 -3.33781e-4 0.03362852 0.006485104 -6.50825e-4 0.03362852 0.006485104 -6.50825e-4 0.03362852 0.006485104 -6.50825e-4 0.03362852 0.006485104 -6.50825e-4 0.0336185 0.006306648 -9.35234e-4 0.0336185 0.006306648 -9.35234e-4 0.0336185 0.006306648 -9.35234e-4 0.03360527 0.006069481 -0.001172721 0.03360527 0.006069481 -0.001172721 0.03360527 0.006069481 -0.001172721 0.03358942 0.005785524 -0.001351416 0.03358942 0.005785524 -0.001351416 0.03358942 0.005785524 -0.001351416 0.03358942 0.005785524 -0.001351416 0.03357172 0.005468964 -0.00146234 0.03357172 0.005468964 -0.00146234 0.03357172 0.005468964 -0.00146234 0.03325575 -1.847e-4 -0.001991689 0.03325575 -1.847e-4 -0.001991689 0.03325575 -1.847e-4 -0.001991689 0.03325575 -1.847e-4 -0.001991689 0.03325575 -1.847e-4 -0.001991689 0.0336185 0.006306648 9.35235e-4 0.0336185 0.006306648 9.35235e-4 0.0336185 0.006306648 9.35235e-4 0.0336185 0.006306648 9.35235e-4 0.0336185 0.006306648 9.35235e-4 0.03362852 0.006485104 6.50825e-4 0.03362852 0.006485104 6.50825e-4 0.03362852 0.006485104 6.50825e-4 0.03362852 0.006485104 6.50825e-4 0.03362852 0.006485104 6.50825e-4 0.03363472 0.006595849 3.33781e-4 0.03363472 0.006595849 3.33781e-4 0.03363472 0.006595849 3.33781e-4 0.03363472 0.006595849 3.33781e-4 0.03383207 0.01012796 0.004178881 0.03383207 0.01012796 0.004178881 0.03383207 0.01012796 0.004178881 0.03358942 0.005785524 0.001351416 0.03358942 0.005785524 0.001351416 0.03358942 0.005785524 0.001351416 0.03360527 0.006069481 0.001172721 0.03360527 0.006069481 0.001172721 0.03360527 0.006069481 0.001172721 0.03383034 0.01009654 0.004738748 0.03383034 0.01009654 0.004738748 0.03383034 0.01009654 0.004738748 0.03382509 0.01000273 0.005291521 0.03382509 0.01000273 0.005291521 0.03382509 0.01000273 0.005291521 0.03381645 0.009847819 0.005830287 0.03381645 0.009847819 0.005830287 0.03381645 0.009847819 0.005830287 0.03380447 0.009633541 0.006348311 0.03380447 0.009633541 0.006348311 0.03380447 0.009633541 0.006348311 0.03124141 -0.03622859 -0.01424998 0.03124141 -0.03622859 -0.01424998 0.03124141 -0.03622859 -0.01424998 0.03124141 -0.03622859 -0.01424998 0.03338569 0.002140402 -0.01424998 0.03338569 0.002140402 -0.01424998 0.03338569 0.002140402 -0.01424998 0.03338569 0.002140402 -0.01424998 0.03338569 0.002140402 -0.01424998 0.03309708 -0.00302422 -0.007935225 0.03309708 -0.00302422 -0.007935225 0.03309708 -0.00302422 -0.007935225 0.03309708 -0.00302422 -0.007935225 0.03309708 -0.00302422 -0.007935225 0.03308707 -0.003202676 -0.007650792 0.03308707 -0.003202676 -0.007650792 0.03308707 -0.003202676 -0.007650792 0.03308087 -0.003313422 -0.007333755 0.03308087 -0.003313422 -0.007333755 0.03308087 -0.003313422 -0.007333755 0.03308087 -0.003313422 -0.007333755 0.03307878 -0.003350973 -0.006999969 0.03307878 -0.003350973 -0.006999969 0.03307878 -0.003350973 -0.006999969 0.03307878 -0.003350973 -0.006999969 0.03307878 -0.003350973 -0.006999969 0.03271973 -0.009776175 -0.001172721 0.03271973 -0.009776175 -0.001172721 0.03271973 -0.009776175 -0.001172721 0.03271973 -0.009776175 -0.001172721 0.03270643 -0.01001334 -9.35234e-4 0.03270643 -0.01001334 -9.35234e-4 0.03270643 -0.01001334 -9.35234e-4 0.03270643 -0.01001334 -9.35234e-4 0.03269648 -0.01019173 -6.50825e-4 0.03269648 -0.01019173 -6.50825e-4 0.03269648 -0.01019173 -6.50825e-4 0.03269648 -0.01019173 -6.50825e-4 0.03269028 -0.01030254 -3.33781e-4 0.03269028 -0.01030254 -3.33781e-4 0.03269028 -0.01030254 -3.33781e-4 0.03269028 -0.01030254 -3.33781e-4 0.0326882 -0.01034009 0 0.0326882 -0.01034009 0 0.0326882 -0.01034009 0 0.0326882 -0.01034009 0 0.03269028 -0.01030254 3.33781e-4 0.03269028 -0.01030254 3.33781e-4 0.03269028 -0.01030254 3.33781e-4 0.03269028 -0.01030254 3.33781e-4 0.03269648 -0.01019173 6.50825e-4 0.03269648 -0.01019173 6.50825e-4 0.03269648 -0.01019173 6.50825e-4 0.03269648 -0.01019173 6.50825e-4 0.03270643 -0.01001334 9.35235e-4 0.03270643 -0.01001334 9.35235e-4 0.03270643 -0.01001334 9.35235e-4 0.03270643 -0.01001334 9.35235e-4 0.03271973 -0.009776175 0.001172721 0.03271973 -0.009776175 0.001172721 0.03271973 -0.009776175 0.001172721 0.03271973 -0.009776175 0.001172721 0.03307878 -0.003350973 0.006999969 0.03307878 -0.003350973 0.006999969 0.03307878 -0.003350973 0.006999969 0.03307878 -0.003350973 0.006999969 0.03307878 -0.003350973 0.006999969 0.03307878 -0.003350973 0.006999969 0.03308087 -0.003313422 0.007333755 0.03308087 -0.003313422 0.007333755 0.03308087 -0.003313422 0.007333755 0.03308707 -0.003202676 0.007650792 0.03308707 -0.003202676 0.007650792 0.03308707 -0.003202676 0.007650792 0.03308707 -0.003202676 0.007650792 0.03308707 -0.003202676 0.007650792 0.03309708 -0.00302422 0.007935225 0.03309708 -0.00302422 0.007935225 0.03309708 -0.00302422 0.007935225 0.03309708 -0.00302422 0.007935225 0.03309708 -0.00302422 0.007935225 0.03309708 -0.00302422 0.007935225 0.03338569 0.002140402 0.01424998 0.03338569 0.002140402 0.01424998 0.03338569 0.002140402 0.01424998 0.03338569 0.002140402 0.01424998 0.03124141 -0.03622859 0.01424998 0.03124141 -0.03622859 0.01424998 0.03124141 -0.03622859 0.01424998 0.03324621 -3.55691e-4 -0.006999969 0.03324621 -3.55691e-4 -0.006999969 0.03324621 -3.55691e-4 -0.006999969 0.03324621 -3.55691e-4 -0.006999969 0.03324407 -3.93242e-4 -0.007333755 0.03324407 -3.93242e-4 -0.007333755 0.03324407 -3.93242e-4 -0.007333755 0.03324407 -3.93242e-4 -0.007333755 0.03323793 -5.04002e-4 -0.007650792 0.03323793 -5.04002e-4 -0.007650792 0.03323793 -5.04002e-4 -0.007650792 0.03323793 -5.04002e-4 -0.007650792 0.03322792 -6.82428e-4 -0.007935225 0.03322792 -6.82428e-4 -0.007935225 0.03322792 -6.82428e-4 -0.007935225 0.03321468 -9.1958e-4 -0.00817269 0.03321468 -9.1958e-4 -0.00817269 0.03321468 -9.1958e-4 -0.00817269 0.03319883 -0.001203477 -0.008351445 0.03319883 -0.001203477 -0.008351445 0.03319883 -0.001203477 -0.008351445 0.03318113 -0.001520037 -0.008462369 0.03318113 -0.001520037 -0.008462369 0.03318113 -0.001520037 -0.008462369 0.03316247 -0.001853287 -0.008499979 0.03316247 -0.001853287 -0.008499979 0.03316247 -0.001853287 -0.008499979 0.03314387 -0.002186596 -0.008462369 0.03314387 -0.002186596 -0.008462369 0.03314387 -0.002186596 -0.008462369 0.03312617 -0.002503156 -0.008351445 0.03312617 -0.002503156 -0.008351445 0.03312617 -0.002503156 -0.008351445 0.03311032 -0.002787113 -0.00817269 0.03311032 -0.002787113 -0.00817269 0.03311032 -0.002787113 -0.00817269 0.03311032 -0.002787113 -0.00817269 0.03311032 -0.002787113 -0.00817269 0.03306925 -0.003521978 -0.001991689 0.03306925 -0.003521978 -0.001991689 0.03306925 -0.003521978 -0.001991689 0.03305137 -0.003841936 -0.001671195 0.03305137 -0.003841936 -0.001671195 0.03305137 -0.003841936 -0.001671195 0.03305137 -0.003841936 -0.001671195 0.03303688 -0.004101514 -0.001299977 0.03303688 -0.004101514 -0.001299977 0.03303688 -0.004101514 -0.001299977 0.03303688 -0.004101514 -0.001299977 0.03302615 -0.004292726 -8.89252e-4 0.03302615 -0.004292726 -8.89252e-4 0.03302615 -0.004292726 -8.89252e-4 0.03302615 -0.004292726 -8.89252e-4 0.03302615 -0.004292726 -8.89252e-4 0.03285348 -0.007382333 -3.33781e-4 0.03285348 -0.007382333 -3.33781e-4 0.03285348 -0.007382333 -3.33781e-4 0.03285348 -0.007382333 -3.33781e-4 0.03284734 -0.007493078 -6.50825e-4 0.03284734 -0.007493078 -6.50825e-4 0.03284734 -0.007493078 -6.50825e-4 0.03283733 -0.007671475 -9.35234e-4 0.03283733 -0.007671475 -9.35234e-4 0.03283733 -0.007671475 -9.35234e-4 0.03282409 -0.007908642 -0.001172721 0.03282409 -0.007908642 -0.001172721 0.03282409 -0.007908642 -0.001172721 0.03280824 -0.008192598 -0.001351416 0.03280824 -0.008192598 -0.001351416 0.03280824 -0.008192598 -0.001351416 0.03279054 -0.008509159 -0.00146234 0.03279054 -0.008509159 -0.00146234 0.03279054 -0.008509159 -0.00146234 0.03277188 -0.008842408 -0.00149995 0.03277188 -0.008842408 -0.00149995 0.03277188 -0.008842408 -0.00149995 0.03275328 -0.009175658 -0.00146234 0.03275328 -0.009175658 -0.00146234 0.03275328 -0.009175658 -0.00146234 0.03275328 -0.009175658 -0.00146234 0.03273558 -0.009492218 -0.001351416 0.03273558 -0.009492218 -0.001351416 0.03273558 -0.009492218 -0.001351416 0.03273558 -0.009492218 -0.001351416 0.03308993 -0.003151297 -0.002251625 0.03308993 -0.003151297 -0.002251625 0.03308993 -0.003151297 -0.002251625 0.03308993 -0.003151297 -0.002251625 0.03308087 -0.003313422 -0.006666183 0.03308087 -0.003313422 -0.006666183 0.03308087 -0.003313422 -0.006666183 0.03308087 -0.003313422 -0.006666183 0.03308707 -0.003202676 -0.006349146 0.03308707 -0.003202676 -0.006349146 0.03308707 -0.003202676 -0.006349146 0.03308707 -0.003202676 -0.006349146 0.03308707 -0.003202676 -0.006349146 0.03323501 -5.55381e-4 -0.002251625 0.03323501 -5.55381e-4 -0.002251625 0.03323501 -5.55381e-4 -0.002251625 0.03323793 -5.04002e-4 -0.006349146 0.03323793 -5.04002e-4 -0.006349146 0.03323793 -5.04002e-4 -0.006349146 0.03323793 -5.04002e-4 -0.006349146 0.03323793 -5.04002e-4 -0.006349146 0.03324407 -3.93242e-4 -0.006666183 0.03324407 -3.93242e-4 -0.006666183 0.03324407 -3.93242e-4 -0.006666183 0.03324407 -3.93242e-4 -0.006666183 0.03324407 -3.93242e-4 -0.006666183 0.03273558 -0.009492218 0.001351416 0.03273558 -0.009492218 0.001351416 0.03273558 -0.009492218 0.001351416 0.03273558 -0.009492218 0.001351416 0.03275328 -0.009175658 0.00146234 0.03275328 -0.009175658 0.00146234 0.03275328 -0.009175658 0.00146234 0.03277188 -0.008842408 0.00149995 0.03277188 -0.008842408 0.00149995 0.03277188 -0.008842408 0.00149995 0.03279054 -0.008509159 0.00146234 0.03279054 -0.008509159 0.00146234 0.03279054 -0.008509159 0.00146234 0.03280824 -0.008192598 0.001351416 0.03280824 -0.008192598 0.001351416 0.03280824 -0.008192598 0.001351416 0.03282409 -0.007908642 0.001172721 0.03282409 -0.007908642 0.001172721 0.03282409 -0.007908642 0.001172721 0.03282409 -0.007908642 0.001172721 0.03283733 -0.007671475 9.35235e-4 0.03283733 -0.007671475 9.35235e-4 0.03283733 -0.007671475 9.35235e-4 0.03284734 -0.007493078 6.50825e-4 0.03284734 -0.007493078 6.50825e-4 0.03284734 -0.007493078 6.50825e-4 0.03284734 -0.007493078 6.50825e-4 0.03285348 -0.007382333 3.33781e-4 0.03285348 -0.007382333 3.33781e-4 0.03285348 -0.007382333 3.33781e-4 0.03285348 -0.007382333 3.33781e-4 0.03302615 -0.004292726 8.89252e-4 0.03302615 -0.004292726 8.89252e-4 0.03302615 -0.004292726 8.89252e-4 0.03302615 -0.004292726 8.89252e-4 0.03303688 -0.004101514 0.001299977 0.03303688 -0.004101514 0.001299977 0.03303688 -0.004101514 0.001299977 0.03305137 -0.003841936 0.001671195 0.03305137 -0.003841936 0.001671195 0.03305137 -0.003841936 0.001671195 0.03306925 -0.003521978 0.001991689 0.03306925 -0.003521978 0.001991689 0.03306925 -0.003521978 0.001991689 0.03308993 -0.003151297 0.002251625 0.03308993 -0.003151297 0.002251625 0.03308993 -0.003151297 0.002251625 0.03308993 -0.003151297 0.002251625 0.03308993 -0.003151297 0.002251625 0.03308993 -0.003151297 0.002251625 0.03308087 -0.003313422 0.006666183 0.03308087 -0.003313422 0.006666183 0.03308087 -0.003313422 0.006666183 0.03308087 -0.003313422 0.006666183 0.03308087 -0.003313422 0.006666183 0.03311032 -0.002787113 0.00817269 0.03311032 -0.002787113 0.00817269 0.03311032 -0.002787113 0.00817269 0.03311032 -0.002787113 0.00817269 0.03312617 -0.002503156 0.008351445 0.03312617 -0.002503156 0.008351445 0.03312617 -0.002503156 0.008351445 0.03314387 -0.002186596 0.008462369 0.03314387 -0.002186596 0.008462369 0.03314387 -0.002186596 0.008462369 0.03316247 -0.001853287 0.008499979 0.03316247 -0.001853287 0.008499979 0.03316247 -0.001853287 0.008499979 0.03318113 -0.001520037 0.008462369 0.03318113 -0.001520037 0.008462369 0.03318113 -0.001520037 0.008462369 0.03319883 -0.001203477 0.008351445 0.03319883 -0.001203477 0.008351445 0.03319883 -0.001203477 0.008351445 0.03321468 -9.1958e-4 0.00817269 0.03321468 -9.1958e-4 0.00817269 0.03321468 -9.1958e-4 0.00817269 0.03322792 -6.82428e-4 0.007935225 0.03322792 -6.82428e-4 0.007935225 0.03322792 -6.82428e-4 0.007935225 0.03322792 -6.82428e-4 0.007935225 0.03323793 -5.04002e-4 0.007650792 0.03323793 -5.04002e-4 0.007650792 0.03323793 -5.04002e-4 0.007650792 0.03323793 -5.04002e-4 0.007650792 0.03324407 -3.93242e-4 0.007333755 0.03324407 -3.93242e-4 0.007333755 0.03324407 -3.93242e-4 0.007333755 0.03324407 -3.93242e-4 0.007333755 0.03324621 -3.55691e-4 0.006999969 0.03324621 -3.55691e-4 0.006999969 0.03324621 -3.55691e-4 0.006999969 0.03324621 -3.55691e-4 0.006999969 0.03325575 -1.847e-4 0.001991689 0.03325575 -1.847e-4 0.001991689 0.03325575 -1.847e-4 0.001991689 0.03377121 0.009038805 0.007296323 0.03377121 0.009038805 0.007296323 0.03377121 0.009038805 0.007296323 0.03375035 0.00866574 0.00771445 0.03375035 0.00866574 0.00771445 0.03375035 0.00866574 0.00771445 0.03375035 0.00866574 0.00771445 0.03353446 0.004802465 0.00146234 0.03353446 0.004802465 0.00146234 0.03353446 0.004802465 0.00146234 0.03353446 0.004802465 0.00146234 0.03328812 3.94791e-4 0.001299977 0.03328812 3.94791e-4 0.001299977 0.03328812 3.94791e-4 0.001299977 0.03328812 3.94791e-4 0.001299977 0.03351676 0.004485905 0.001351416 0.03351676 0.004485905 0.001351416 0.03351676 0.004485905 0.001351416 0.03327363 1.35273e-4 0.001671195 0.03327363 1.35273e-4 0.001671195 0.03327363 1.35273e-4 0.001671195 0.03327363 1.35273e-4 0.001671195 0.03351676 0.004485905 -0.001351416 0.03351676 0.004485905 -0.001351416 0.03351676 0.004485905 -0.001351416 0.0335009 0.004201948 -0.001172721 0.0335009 0.004201948 -0.001172721 0.0335009 0.004201948 -0.001172721 0.03328812 3.94791e-4 -0.001299977 0.03328812 3.94791e-4 -0.001299977 0.03328812 3.94791e-4 -0.001299977 0.03328812 3.94791e-4 -0.001299977 0.03377121 0.009038805 -0.007296323 0.03377121 0.009038805 -0.007296323 0.03377121 0.009038805 -0.007296323 0.03377121 0.009038805 -0.007296323 0.03377121 0.009038805 -0.007296323 0.03375035 0.00866574 -0.00771445 0.03375035 0.00866574 -0.00771445 0.03375035 0.00866574 -0.00771445 0.03314387 -0.002186596 -0.005537569 0.03314387 -0.002186596 -0.005537569 0.03314387 -0.002186596 -0.005537569 0.03313732 -0.002304077 -0.002560496 0.03313732 -0.002304077 -0.002560496 0.03313732 -0.002304077 -0.002560496 0.03312617 -0.002503156 -0.005648493 0.03312617 -0.002503156 -0.005648493 0.03312617 -0.002503156 -0.005648493 0.03321468 -9.1958e-4 -0.005827248 0.03321468 -9.1958e-4 -0.005827248 0.03321468 -9.1958e-4 -0.005827248 0.03321212 -9.65476e-4 -0.002443194 0.03321212 -9.65476e-4 -0.002443194 0.03321212 -9.65476e-4 -0.002443194 0.03319883 -0.001203477 -0.005648493 0.03319883 -0.001203477 -0.005648493 0.03319883 -0.001203477 -0.005648493 0.03318768 -0.001402556 -0.002560496 0.03318768 -0.001402556 -0.002560496 0.03318768 -0.001402556 -0.002560496 0.03318113 -0.001520037 -0.005537569 0.03318113 -0.001520037 -0.005537569 0.03318113 -0.001520037 -0.005537569 0.03316247 -0.001853287 -0.002599954 0.03316247 -0.001853287 -0.002599954 0.03316247 -0.001853287 -0.002599954 0.03316247 -0.001853287 -0.005499958 0.03316247 -0.001853287 -0.005499958 0.03316247 -0.001853287 -0.005499958 0.03322792 -6.82428e-4 -0.006064713 0.03322792 -6.82428e-4 -0.006064713 0.03322792 -6.82428e-4 -0.006064713 0.03322792 -6.82428e-4 -0.006064713 0.03308707 -0.003202676 0.006349146 0.03308707 -0.003202676 0.006349146 0.03308707 -0.003202676 0.006349146 0.03308707 -0.003202676 0.006349146 0.03311288 -0.002741158 0.002443194 0.03311288 -0.002741158 0.002443194 0.03311288 -0.002741158 0.002443194 0.03309708 -0.00302422 0.006064713 0.03309708 -0.00302422 0.006064713 0.03309708 -0.00302422 0.006064713 0.03309708 -0.00302422 0.006064713 0.03311032 -0.002787113 0.005827248 0.03311032 -0.002787113 0.005827248 0.03311032 -0.002787113 0.005827248 0.03311032 -0.002787113 0.005827248 0.03321468 -9.1958e-4 0.005827248 0.03321468 -9.1958e-4 0.005827248 0.03321468 -9.1958e-4 0.005827248 0.03319883 -0.001203477 0.005648493 0.03319883 -0.001203477 0.005648493 0.03319883 -0.001203477 0.005648493 0.03319883 -0.001203477 0.005648493 0.03321212 -9.65476e-4 0.002443194 0.03321212 -9.65476e-4 0.002443194 0.03321212 -9.65476e-4 0.002443194 0.03318113 -0.001520037 0.005537569 0.03318113 -0.001520037 0.005537569 0.03318113 -0.001520037 0.005537569 0.03318768 -0.001402556 0.002560496 0.03318768 -0.001402556 0.002560496 0.03318768 -0.001402556 0.002560496 0.03316247 -0.001853287 0.005499958 0.03316247 -0.001853287 0.005499958 0.03316247 -0.001853287 0.005499958 0.03316247 -0.001853287 0.002599954 0.03316247 -0.001853287 0.002599954 0.03316247 -0.001853287 0.002599954 0.03323793 -5.04002e-4 0.006349146 0.03323793 -5.04002e-4 0.006349146 0.03323793 -5.04002e-4 0.006349146 0.03323793 -5.04002e-4 0.006349146 0.03322792 -6.82428e-4 0.006064713 0.03322792 -6.82428e-4 0.006064713 0.03322792 -6.82428e-4 0.006064713 0.03323501 -5.55381e-4 0.002251625 0.03323501 -5.55381e-4 0.002251625 0.03323501 -5.55381e-4 0.002251625 0.03324407 -3.93242e-4 0.006666183 0.03324407 -3.93242e-4 0.006666183 0.03324407 -3.93242e-4 0.006666183 0.03324407 -3.93242e-4 0.006666183 -0.01549994 -0.0482102 -0.01424998 -0.01549994 -0.0482102 -0.01424998 -0.01549994 -0.0482102 -0.01424998 -0.01549994 -0.0482102 -0.01424998 -0.01763761 -0.08646017 -0.006463706 -0.01763761 -0.08646017 -0.006463706 -0.01763761 -0.08646017 -0.006463706 -0.01763761 -0.08646017 -0.006463706 -0.01759827 -0.08575618 -0.006540358 -0.01759827 -0.08575618 -0.006540358 -0.01759827 -0.08575618 -0.006540358 -0.01759827 -0.08575618 -0.006540358 -0.01755869 -0.08504807 -0.006540358 -0.01755869 -0.08504807 -0.006540358 -0.01755869 -0.08504807 -0.006540358 -0.01755869 -0.08504807 -0.006540358 -0.01751935 -0.08434414 -0.006463706 -0.01751935 -0.08434414 -0.006463706 -0.01751935 -0.08434414 -0.006463706 -0.01748067 -0.08365255 -0.006311237 -0.01748067 -0.08365255 -0.006311237 -0.01748067 -0.08365255 -0.006311237 -0.01744318 -0.08298152 -0.00608474 -0.01744318 -0.08298152 -0.00608474 -0.01744318 -0.08298152 -0.00608474 -0.01744318 -0.08298152 -0.00608474 -0.01740723 -0.08233886 -0.005786955 -0.01740723 -0.08233886 -0.005786955 -0.01740723 -0.08233886 -0.005786955 -0.01737338 -0.08173209 -0.00542134 -0.01737338 -0.08173209 -0.00542134 -0.01737338 -0.08173209 -0.00542134 -0.01734185 -0.08116835 -0.004992127 -0.01734185 -0.08116835 -0.004992127 -0.01734185 -0.08116835 -0.004992127 -0.01731312 -0.08065432 -0.004504382 -0.01731312 -0.08065432 -0.004504382 -0.01731312 -0.08065432 -0.004504382 -0.01728749 -0.08019584 -0.003963887 -0.01728749 -0.08019584 -0.003963887 -0.01728749 -0.08019584 -0.003963887 -0.01726531 -0.07979846 -0.003376841 -0.01726531 -0.07979846 -0.003376841 -0.01726531 -0.07979846 -0.003376841 -0.01726531 -0.07979846 -0.003376841 -0.01724678 -0.07946681 -0.002750217 -0.01724678 -0.07946681 -0.002750217 -0.01724678 -0.07946681 -0.002750217 -0.01723212 -0.07920467 -0.002091407 -0.01723212 -0.07920467 -0.002091407 -0.01723212 -0.07920467 -0.002091407 -0.01722151 -0.07901525 -0.00140804 -0.01722151 -0.07901525 -0.00140804 -0.01722151 -0.07901525 -0.00140804 -0.01721513 -0.07890069 -7.08179e-4 -0.01721513 -0.07890069 -7.08179e-4 -0.01721513 -0.07890069 -7.08179e-4 -0.01721298 -0.07886236 0 -0.01721298 -0.07886236 0 -0.01721298 -0.07886236 0 -0.01549994 -0.0482102 0.01424998 -0.01549994 -0.0482102 0.01424998 -0.01549994 -0.0482102 0.01424998 -0.01549994 -0.0482102 0.01424998 -0.01834571 -0.09913074 -0.01424998 -0.01834571 -0.09913074 -0.01424998 -0.01834571 -0.09913074 -0.01424998 -0.01794391 -0.09194195 0 -0.01794391 -0.09194195 0 -0.01794391 -0.09194195 0 -0.01794183 -0.09190362 -7.08179e-4 -0.01794183 -0.09190362 -7.08179e-4 -0.01794183 -0.09190362 -7.08179e-4 -0.01794183 -0.09190362 -7.08179e-4 -0.01793539 -0.09178906 -0.00140804 -0.01793539 -0.09178906 -0.00140804 -0.01793539 -0.09178906 -0.00140804 -0.01793539 -0.09178906 -0.00140804 -0.01792478 -0.09159958 -0.002091407 -0.01792478 -0.09159958 -0.002091407 -0.01792478 -0.09159958 -0.002091407 -0.01792478 -0.09159958 -0.002091407 -0.01791018 -0.0913375 -0.002750217 -0.01791018 -0.0913375 -0.002750217 -0.01791018 -0.0913375 -0.002750217 -0.01789164 -0.0910058 -0.003376841 -0.01789164 -0.0910058 -0.003376841 -0.01789164 -0.0910058 -0.003376841 -0.01786941 -0.09060841 -0.003963887 -0.01786941 -0.09060841 -0.003963887 -0.01786941 -0.09060841 -0.003963887 -0.01784378 -0.09014999 -0.004504382 -0.01784378 -0.09014999 -0.004504382 -0.01784378 -0.09014999 -0.004504382 -0.01781505 -0.0896359 -0.004992127 -0.01781505 -0.0896359 -0.004992127 -0.01781505 -0.0896359 -0.004992127 -0.01778358 -0.08907216 -0.00542134 -0.01778358 -0.08907216 -0.00542134 -0.01778358 -0.08907216 -0.00542134 -0.01774966 -0.08846545 -0.005786955 -0.01774966 -0.08846545 -0.005786955 -0.01774966 -0.08846545 -0.005786955 -0.01774966 -0.08846545 -0.005786955 -0.01771372 -0.08782279 -0.00608474 -0.01771372 -0.08782279 -0.00608474 -0.01771372 -0.08782279 -0.00608474 -0.01771372 -0.08782279 -0.00608474 -0.01767623 -0.08715176 -0.006311237 -0.01767623 -0.08715176 -0.006311237 -0.01767623 -0.08715176 -0.006311237 -0.01853621 -0.1025396 -0.01083576 -0.01853621 -0.1025396 -0.01083576 -0.01853621 -0.1025396 -0.01083576 -0.01855009 -0.1027879 -0.01053267 -0.01855009 -0.1027879 -0.01053267 -0.01855009 -0.1027879 -0.01053267 -0.0185604 -0.1029725 -0.01018691 -0.0185604 -0.1029725 -0.01018691 -0.0185604 -0.1029725 -0.01018691 -0.01856672 -0.1030861 -0.009811699 -0.01856672 -0.1030861 -0.009811699 -0.01856672 -0.1030861 -0.009811699 -0.01856672 -0.1030861 -0.009811699 -0.01856887 -0.1031244 -0.009421527 -0.01856887 -0.1031244 -0.009421527 -0.01856887 -0.1031244 -0.009421527 -0.01856887 -0.1031244 -0.009421527 -0.01856887 -0.1031244 0.009421527 -0.01856887 -0.1031244 0.009421527 -0.01856887 -0.1031244 0.009421527 -0.01856672 -0.1030861 0.009811699 -0.01856672 -0.1030861 0.009811699 -0.01856672 -0.1030861 0.009811699 -0.01856672 -0.1030861 0.009811699 -0.0185604 -0.1029725 0.01018691 -0.0185604 -0.1029725 0.01018691 -0.0185604 -0.1029725 0.01018691 -0.0185604 -0.1029725 0.01018691 -0.01855009 -0.1027879 0.01053267 -0.01855009 -0.1027879 0.01053267 -0.01855009 -0.1027879 0.01053267 -0.01855009 -0.1027879 0.01053267 -0.01853621 -0.1025396 0.01083576 -0.01853621 -0.1025396 0.01083576 -0.01853621 -0.1025396 0.01083576 -0.01834571 -0.09913074 0.01424998 -0.01834571 -0.09913074 0.01424998 -0.01834571 -0.09913074 0.01424998 -0.01721513 -0.07890069 7.08179e-4 -0.01721513 -0.07890069 7.08179e-4 -0.01721513 -0.07890069 7.08179e-4 -0.01721513 -0.07890069 7.08179e-4 -0.01722151 -0.07901525 0.00140804 -0.01722151 -0.07901525 0.00140804 -0.01722151 -0.07901525 0.00140804 -0.01723212 -0.07920467 0.002091407 -0.01723212 -0.07920467 0.002091407 -0.01723212 -0.07920467 0.002091407 -0.01724678 -0.07946681 0.002750217 -0.01724678 -0.07946681 0.002750217 -0.01724678 -0.07946681 0.002750217 -0.01724678 -0.07946681 0.002750217 -0.01726531 -0.07979846 0.003376841 -0.01726531 -0.07979846 0.003376841 -0.01726531 -0.07979846 0.003376841 -0.01728749 -0.08019584 0.003963887 -0.01728749 -0.08019584 0.003963887 -0.01728749 -0.08019584 0.003963887 -0.01731312 -0.08065432 0.004504382 -0.01731312 -0.08065432 0.004504382 -0.01731312 -0.08065432 0.004504382 -0.01734185 -0.08116835 0.004992127 -0.01734185 -0.08116835 0.004992127 -0.01734185 -0.08116835 0.004992127 -0.01737338 -0.08173209 0.00542134 -0.01737338 -0.08173209 0.00542134 -0.01737338 -0.08173209 0.00542134 -0.01740723 -0.08233886 0.005786955 -0.01740723 -0.08233886 0.005786955 -0.01740723 -0.08233886 0.005786955 -0.01740723 -0.08233886 0.005786955 -0.01744318 -0.08298152 0.00608474 -0.01744318 -0.08298152 0.00608474 -0.01744318 -0.08298152 0.00608474 -0.01744318 -0.08298152 0.00608474 -0.01748067 -0.08365255 0.006311237 -0.01748067 -0.08365255 0.006311237 -0.01748067 -0.08365255 0.006311237 -0.01751935 -0.08434414 0.006463706 -0.01751935 -0.08434414 0.006463706 -0.01751935 -0.08434414 0.006463706 -0.01751935 -0.08434414 0.006463706 -0.01755869 -0.08504807 0.006540358 -0.01755869 -0.08504807 0.006540358 -0.01755869 -0.08504807 0.006540358 -0.01759827 -0.08575618 0.006540358 -0.01759827 -0.08575618 0.006540358 -0.01759827 -0.08575618 0.006540358 -0.01759827 -0.08575618 0.006540358 -0.01759827 -0.08575618 0.006540358 -0.01763761 -0.08646017 0.006463706 -0.01763761 -0.08646017 0.006463706 -0.01763761 -0.08646017 0.006463706 -0.01763761 -0.08646017 0.006463706 -0.01767623 -0.08715176 0.006311237 -0.01767623 -0.08715176 0.006311237 -0.01767623 -0.08715176 0.006311237 -0.01767623 -0.08715176 0.006311237 -0.01771372 -0.08782279 0.00608474 -0.01771372 -0.08782279 0.00608474 -0.01771372 -0.08782279 0.00608474 -0.01774966 -0.08846545 0.005786955 -0.01774966 -0.08846545 0.005786955 -0.01774966 -0.08846545 0.005786955 -0.01774966 -0.08846545 0.005786955 -0.01778358 -0.08907216 0.00542134 -0.01778358 -0.08907216 0.00542134 -0.01778358 -0.08907216 0.00542134 -0.01781505 -0.0896359 0.004992127 -0.01781505 -0.0896359 0.004992127 -0.01781505 -0.0896359 0.004992127 -0.01784378 -0.09014999 0.004504382 -0.01784378 -0.09014999 0.004504382 -0.01784378 -0.09014999 0.004504382 -0.01786941 -0.09060841 0.003963887 -0.01786941 -0.09060841 0.003963887 -0.01786941 -0.09060841 0.003963887 -0.01789164 -0.0910058 0.003376841 -0.01789164 -0.0910058 0.003376841 -0.01789164 -0.0910058 0.003376841 -0.01791018 -0.0913375 0.002750217 -0.01791018 -0.0913375 0.002750217 -0.01791018 -0.0913375 0.002750217 -0.01791018 -0.0913375 0.002750217 -0.01792478 -0.09159958 0.002091407 -0.01792478 -0.09159958 0.002091407 -0.01792478 -0.09159958 0.002091407 -0.01792478 -0.09159958 0.002091407 -0.01793539 -0.09178906 0.00140804 -0.01793539 -0.09178906 0.00140804 -0.01793539 -0.09178906 0.00140804 -0.01794183 -0.09190362 7.08179e-4 -0.01794183 -0.09190362 7.08179e-4 -0.01794183 -0.09190362 7.08179e-4 -0.01794183 -0.09190362 7.08179e-4 0.009806811 -0.05237883 -0.003499984 0.009806811 -0.05237883 -0.003499984 0.009806811 -0.05237883 -0.003499984 0.009788215 -0.05271208 -0.003537595 0.009788215 -0.05271208 -0.003537595 0.009788215 -0.05271208 -0.003537595 0.009788215 -0.05271208 -0.003537595 0.009770512 -0.05302858 -0.003648519 0.009770512 -0.05302858 -0.003648519 0.009770512 -0.05302858 -0.003648519 0.009770512 -0.05302858 -0.003648519 0.009754657 -0.05331259 -0.003827214 0.009754657 -0.05331259 -0.003827214 0.009754657 -0.05331259 -0.003827214 0.009754657 -0.05331259 -0.003827214 0.009741365 -0.0535497 -0.004064738 0.009741365 -0.0535497 -0.004064738 0.009741365 -0.0535497 -0.004064738 0.009731411 -0.0537281 -0.004349172 0.009731411 -0.0537281 -0.004349172 0.009731411 -0.0537281 -0.004349172 0.009731411 -0.0537281 -0.004349172 0.009725213 -0.0538389 -0.004666209 0.009725213 -0.0538389 -0.004666209 0.009725213 -0.0538389 -0.004666209 0.009725213 -0.0538389 -0.004666209 0.009723126 -0.05387645 -0.004999995 0.009723126 -0.05387645 -0.004999995 0.009723126 -0.05387645 -0.004999995 0.009825468 -0.05204552 -0.003537595 0.009825468 -0.05204552 -0.003537595 0.009825468 -0.05204552 -0.003537595 0.00984317 -0.05172896 -0.003648519 0.00984317 -0.05172896 -0.003648519 0.00984317 -0.05172896 -0.003648519 0.00984317 -0.05172896 -0.003648519 0.009859025 -0.051445 -0.003827214 0.009859025 -0.051445 -0.003827214 0.009859025 -0.051445 -0.003827214 0.009872257 -0.0512079 -0.004064738 0.009872257 -0.0512079 -0.004064738 0.009872257 -0.0512079 -0.004064738 0.009882211 -0.05102944 -0.004349172 0.009882211 -0.05102944 -0.004349172 0.009882211 -0.05102944 -0.004349172 0.009882211 -0.05102944 -0.004349172 0.00988841 -0.05091869 -0.004666209 0.00988841 -0.05091869 -0.004666209 0.00988841 -0.05091869 -0.004666209 0.00988841 -0.05091869 -0.004666209 0.009890496 -0.05088114 -0.004999995 0.009890496 -0.05088114 -0.004999995 0.009890496 -0.05088114 -0.004999995 0.009890496 -0.05088114 -0.004999995 0.009806811 -0.05237883 -0.006499946 0.009806811 -0.05237883 -0.006499946 0.009806811 -0.05237883 -0.006499946 0.009825468 -0.05204552 -0.006462335 0.009825468 -0.05204552 -0.006462335 0.009825468 -0.05204552 -0.006462335 0.009825468 -0.05204552 -0.006462335 0.00984317 -0.05172896 -0.006351411 0.00984317 -0.05172896 -0.006351411 0.00984317 -0.05172896 -0.006351411 0.00984317 -0.05172896 -0.006351411 0.009859025 -0.051445 -0.006172716 0.009859025 -0.051445 -0.006172716 0.009859025 -0.051445 -0.006172716 0.009872257 -0.0512079 -0.005935192 0.009872257 -0.0512079 -0.005935192 0.009872257 -0.0512079 -0.005935192 0.009872257 -0.0512079 -0.005935192 0.009882211 -0.05102944 -0.005650818 0.009882211 -0.05102944 -0.005650818 0.009882211 -0.05102944 -0.005650818 0.009882211 -0.05102944 -0.005650818 0.00988841 -0.05091869 -0.005333721 0.00988841 -0.05091869 -0.005333721 0.00988841 -0.05091869 -0.005333721 0.00988841 -0.05091869 -0.005333721 0.009788215 -0.05271208 -0.006462335 0.009788215 -0.05271208 -0.006462335 0.009788215 -0.05271208 -0.006462335 0.009770512 -0.05302858 -0.006351411 0.009770512 -0.05302858 -0.006351411 0.009770512 -0.05302858 -0.006351411 0.009754657 -0.05331259 -0.006172716 0.009754657 -0.05331259 -0.006172716 0.009754657 -0.05331259 -0.006172716 0.009741365 -0.0535497 -0.005935192 0.009741365 -0.0535497 -0.005935192 0.009741365 -0.0535497 -0.005935192 0.009741365 -0.0535497 -0.005935192 0.009731411 -0.0537281 -0.005650818 0.009731411 -0.0537281 -0.005650818 0.009731411 -0.0537281 -0.005650818 0.009725213 -0.0538389 -0.005333721 0.009725213 -0.0538389 -0.005333721 0.009725213 -0.0538389 -0.005333721 0.009806811 -0.05237883 0.006499946 0.009806811 -0.05237883 0.006499946 0.009806811 -0.05237883 0.006499946 0.009788215 -0.05271208 0.006462335 0.009788215 -0.05271208 0.006462335 0.009788215 -0.05271208 0.006462335 0.009788215 -0.05271208 0.006462335 0.009770512 -0.05302858 0.006351411 0.009770512 -0.05302858 0.006351411 0.009770512 -0.05302858 0.006351411 0.009770512 -0.05302858 0.006351411 0.009754657 -0.05331259 0.006172716 0.009754657 -0.05331259 0.006172716 0.009754657 -0.05331259 0.006172716 0.009754657 -0.05331259 0.006172716 0.009741365 -0.0535497 0.005935192 0.009741365 -0.0535497 0.005935192 0.009741365 -0.0535497 0.005935192 0.009731411 -0.0537281 0.005650818 0.009731411 -0.0537281 0.005650818 0.009731411 -0.0537281 0.005650818 0.009731411 -0.0537281 0.005650818 0.009725213 -0.0538389 0.005333721 0.009725213 -0.0538389 0.005333721 0.009725213 -0.0538389 0.005333721 0.009725213 -0.0538389 0.005333721 0.009723126 -0.05387645 0.004999995 0.009723126 -0.05387645 0.004999995 0.009723126 -0.05387645 0.004999995 0.009825468 -0.05204552 0.006462335 0.009825468 -0.05204552 0.006462335 0.009825468 -0.05204552 0.006462335 0.00984317 -0.05172896 0.006351411 0.00984317 -0.05172896 0.006351411 0.00984317 -0.05172896 0.006351411 0.00984317 -0.05172896 0.006351411 0.009859025 -0.051445 0.006172716 0.009859025 -0.051445 0.006172716 0.009859025 -0.051445 0.006172716 0.009872257 -0.0512079 0.005935192 0.009872257 -0.0512079 0.005935192 0.009872257 -0.0512079 0.005935192 0.009882211 -0.05102944 0.005650818 0.009882211 -0.05102944 0.005650818 0.009882211 -0.05102944 0.005650818 0.009882211 -0.05102944 0.005650818 0.00988841 -0.05091869 0.005333721 0.00988841 -0.05091869 0.005333721 0.00988841 -0.05091869 0.005333721 0.00988841 -0.05091869 0.005333721 0.009890496 -0.05088114 0.004999995 0.009890496 -0.05088114 0.004999995 0.009890496 -0.05088114 0.004999995 0.009890496 -0.05088114 0.004999995 0.009806811 -0.05237883 0.003499984 0.009806811 -0.05237883 0.003499984 0.009806811 -0.05237883 0.003499984 0.009825468 -0.05204552 0.003537595 0.009825468 -0.05204552 0.003537595 0.009825468 -0.05204552 0.003537595 0.009825468 -0.05204552 0.003537595 0.00984317 -0.05172896 0.003648519 0.00984317 -0.05172896 0.003648519 0.00984317 -0.05172896 0.003648519 0.00984317 -0.05172896 0.003648519 0.009859025 -0.051445 0.003827214 0.009859025 -0.051445 0.003827214 0.009859025 -0.051445 0.003827214 0.009872257 -0.0512079 0.004064738 0.009872257 -0.0512079 0.004064738 0.009872257 -0.0512079 0.004064738 0.009872257 -0.0512079 0.004064738 0.009882211 -0.05102944 0.004349172 0.009882211 -0.05102944 0.004349172 0.009882211 -0.05102944 0.004349172 0.009882211 -0.05102944 0.004349172 0.00988841 -0.05091869 0.004666209 0.00988841 -0.05091869 0.004666209 0.00988841 -0.05091869 0.004666209 0.00988841 -0.05091869 0.004666209 0.009788215 -0.05271208 0.003537595 0.009788215 -0.05271208 0.003537595 0.009788215 -0.05271208 0.003537595 0.009770512 -0.05302858 0.003648519 0.009770512 -0.05302858 0.003648519 0.009770512 -0.05302858 0.003648519 0.009754657 -0.05331259 0.003827214 0.009754657 -0.05331259 0.003827214 0.009754657 -0.05331259 0.003827214 0.009741365 -0.0535497 0.004064738 0.009741365 -0.0535497 0.004064738 0.009741365 -0.0535497 0.004064738 0.009741365 -0.0535497 0.004064738 0.009731411 -0.0537281 0.004349172 0.009731411 -0.0537281 0.004349172 0.009731411 -0.0537281 0.004349172 0.009725213 -0.0538389 0.004666209 0.009725213 -0.0538389 0.004666209 0.009725213 -0.0538389 0.004666209 0.007072687 -0.1013024 -0.006499946 0.007072687 -0.1013024 -0.006499946 0.007072687 -0.1013024 -0.006499946 0.007091283 -0.1009691 -0.006462335 0.007091283 -0.1009691 -0.006462335 0.007091283 -0.1009691 -0.006462335 0.007091283 -0.1009691 -0.006462335 0.007108986 -0.1006526 -0.006351411 0.007108986 -0.1006526 -0.006351411 0.007108986 -0.1006526 -0.006351411 0.007108986 -0.1006526 -0.006351411 0.007124841 -0.1003687 -0.006172716 0.007124841 -0.1003687 -0.006172716 0.007124841 -0.1003687 -0.006172716 0.007124841 -0.1003687 -0.006172716 0.007138073 -0.1001315 -0.005935192 0.007138073 -0.1001315 -0.005935192 0.007138073 -0.1001315 -0.005935192 0.007138073 -0.1001315 -0.005935192 0.007148087 -0.09995305 -0.005650818 0.007148087 -0.09995305 -0.005650818 0.007148087 -0.09995305 -0.005650818 0.007148087 -0.09995305 -0.005650818 0.007154285 -0.09984236 -0.005333721 0.007154285 -0.09984236 -0.005333721 0.007154285 -0.09984236 -0.005333721 0.007154285 -0.09984236 -0.005333721 0.007156372 -0.09980475 -0.004999995 0.007156372 -0.09980475 -0.004999995 0.007156372 -0.09980475 -0.004999995 0.007156372 -0.09980475 -0.004999995 0.00705403 -0.1016357 -0.006462335 0.00705403 -0.1016357 -0.006462335 0.00705403 -0.1016357 -0.006462335 0.00705403 -0.1016357 -0.006462335 0.007036328 -0.1019523 -0.006351411 0.007036328 -0.1019523 -0.006351411 0.007036328 -0.1019523 -0.006351411 0.007020473 -0.1022362 -0.006172716 0.007020473 -0.1022362 -0.006172716 0.007020473 -0.1022362 -0.006172716 0.007020473 -0.1022362 -0.006172716 0.007007241 -0.1024733 -0.005935192 0.007007241 -0.1024733 -0.005935192 0.007007241 -0.1024733 -0.005935192 0.007007241 -0.1024733 -0.005935192 0.006997227 -0.1026518 -0.005650818 0.006997227 -0.1026518 -0.005650818 0.006997227 -0.1026518 -0.005650818 0.006997227 -0.1026518 -0.005650818 0.006991088 -0.1027625 -0.005333721 0.006991088 -0.1027625 -0.005333721 0.006991088 -0.1027625 -0.005333721 0.006988942 -0.1028001 -0.004999995 0.006988942 -0.1028001 -0.004999995 0.006988942 -0.1028001 -0.004999995 0.006988942 -0.1028001 -0.004999995 0.007072687 -0.1013024 -0.003499984 0.007072687 -0.1013024 -0.003499984 0.007072687 -0.1013024 -0.003499984 0.00705403 -0.1016357 -0.003537595 0.00705403 -0.1016357 -0.003537595 0.00705403 -0.1016357 -0.003537595 0.00705403 -0.1016357 -0.003537595 0.007036328 -0.1019523 -0.003648519 0.007036328 -0.1019523 -0.003648519 0.007036328 -0.1019523 -0.003648519 0.007036328 -0.1019523 -0.003648519 0.007020473 -0.1022362 -0.003827214 0.007020473 -0.1022362 -0.003827214 0.007020473 -0.1022362 -0.003827214 0.007020473 -0.1022362 -0.003827214 0.007007241 -0.1024733 -0.004064738 0.007007241 -0.1024733 -0.004064738 0.007007241 -0.1024733 -0.004064738 0.007007241 -0.1024733 -0.004064738 0.006997227 -0.1026518 -0.004349172 0.006997227 -0.1026518 -0.004349172 0.006997227 -0.1026518 -0.004349172 0.006991088 -0.1027625 -0.004666209 0.006991088 -0.1027625 -0.004666209 0.006991088 -0.1027625 -0.004666209 0.006991088 -0.1027625 -0.004666209 0.007091283 -0.1009691 -0.003537595 0.007091283 -0.1009691 -0.003537595 0.007091283 -0.1009691 -0.003537595 0.007091283 -0.1009691 -0.003537595 0.007108986 -0.1006526 -0.003648519 0.007108986 -0.1006526 -0.003648519 0.007108986 -0.1006526 -0.003648519 0.007124841 -0.1003687 -0.003827214 0.007124841 -0.1003687 -0.003827214 0.007124841 -0.1003687 -0.003827214 0.007124841 -0.1003687 -0.003827214 0.007138073 -0.1001315 -0.004064738 0.007138073 -0.1001315 -0.004064738 0.007138073 -0.1001315 -0.004064738 0.007138073 -0.1001315 -0.004064738 0.007148087 -0.09995305 -0.004349172 0.007148087 -0.09995305 -0.004349172 0.007148087 -0.09995305 -0.004349172 0.007154285 -0.09984236 -0.004666209 0.007154285 -0.09984236 -0.004666209 0.007154285 -0.09984236 -0.004666209 0.007154285 -0.09984236 -0.004666209 0.007072687 -0.1013024 0.003499984 0.007072687 -0.1013024 0.003499984 0.007072687 -0.1013024 0.003499984 0.007091283 -0.1009691 0.003537595 0.007091283 -0.1009691 0.003537595 0.007091283 -0.1009691 0.003537595 0.007091283 -0.1009691 0.003537595 0.007108986 -0.1006526 0.003648519 0.007108986 -0.1006526 0.003648519 0.007108986 -0.1006526 0.003648519 0.007108986 -0.1006526 0.003648519 0.007124841 -0.1003687 0.003827214 0.007124841 -0.1003687 0.003827214 0.007124841 -0.1003687 0.003827214 0.007124841 -0.1003687 0.003827214 0.007138073 -0.1001315 0.004064738 0.007138073 -0.1001315 0.004064738 0.007138073 -0.1001315 0.004064738 0.007138073 -0.1001315 0.004064738 0.007148087 -0.09995305 0.004349172 0.007148087 -0.09995305 0.004349172 0.007148087 -0.09995305 0.004349172 0.007148087 -0.09995305 0.004349172 0.007154285 -0.09984236 0.004666209 0.007154285 -0.09984236 0.004666209 0.007154285 -0.09984236 0.004666209 0.007154285 -0.09984236 0.004666209 0.007156372 -0.09980475 0.004999995 0.007156372 -0.09980475 0.004999995 0.007156372 -0.09980475 0.004999995 0.007156372 -0.09980475 0.004999995 0.00705403 -0.1016357 0.003537595 0.00705403 -0.1016357 0.003537595 0.00705403 -0.1016357 0.003537595 0.00705403 -0.1016357 0.003537595 0.007036328 -0.1019523 0.003648519 0.007036328 -0.1019523 0.003648519 0.007036328 -0.1019523 0.003648519 0.007020473 -0.1022362 0.003827214 0.007020473 -0.1022362 0.003827214 0.007020473 -0.1022362 0.003827214 0.007020473 -0.1022362 0.003827214 0.007007241 -0.1024733 0.004064738 0.007007241 -0.1024733 0.004064738 0.007007241 -0.1024733 0.004064738 0.007007241 -0.1024733 0.004064738 0.006997227 -0.1026518 0.004349172 0.006997227 -0.1026518 0.004349172 0.006997227 -0.1026518 0.004349172 0.006997227 -0.1026518 0.004349172 0.006991088 -0.1027625 0.004666209 0.006991088 -0.1027625 0.004666209 0.006991088 -0.1027625 0.004666209 0.006988942 -0.1028001 0.004999995 0.006988942 -0.1028001 0.004999995 0.006988942 -0.1028001 0.004999995 0.006988942 -0.1028001 0.004999995 0.007072687 -0.1013024 0.006499946 0.007072687 -0.1013024 0.006499946 0.007072687 -0.1013024 0.006499946 0.00705403 -0.1016357 0.006462335 0.00705403 -0.1016357 0.006462335 0.00705403 -0.1016357 0.006462335 0.00705403 -0.1016357 0.006462335 0.007036328 -0.1019523 0.006351411 0.007036328 -0.1019523 0.006351411 0.007036328 -0.1019523 0.006351411 0.007036328 -0.1019523 0.006351411 0.007020473 -0.1022362 0.006172716 0.007020473 -0.1022362 0.006172716 0.007020473 -0.1022362 0.006172716 0.007020473 -0.1022362 0.006172716 0.007007241 -0.1024733 0.005935192 0.007007241 -0.1024733 0.005935192 0.007007241 -0.1024733 0.005935192 0.007007241 -0.1024733 0.005935192 0.006997227 -0.1026518 0.005650818 0.006997227 -0.1026518 0.005650818 0.006997227 -0.1026518 0.005650818 0.006991088 -0.1027625 0.005333721 0.006991088 -0.1027625 0.005333721 0.006991088 -0.1027625 0.005333721 0.006991088 -0.1027625 0.005333721 0.007091283 -0.1009691 0.006462335 0.007091283 -0.1009691 0.006462335 0.007091283 -0.1009691 0.006462335 0.007091283 -0.1009691 0.006462335 0.007108986 -0.1006526 0.006351411 0.007108986 -0.1006526 0.006351411 0.007108986 -0.1006526 0.006351411 0.007124841 -0.1003687 0.006172716 0.007124841 -0.1003687 0.006172716 0.007124841 -0.1003687 0.006172716 0.007124841 -0.1003687 0.006172716 0.007138073 -0.1001315 0.005935192 0.007138073 -0.1001315 0.005935192 0.007138073 -0.1001315 0.005935192 0.007138073 -0.1001315 0.005935192 0.007148087 -0.09995305 0.005650818 0.007148087 -0.09995305 0.005650818 0.007148087 -0.09995305 0.005650818 0.007154285 -0.09984236 0.005333721 0.007154285 -0.09984236 0.005333721 0.007154285 -0.09984236 0.005333721 0.007154285 -0.09984236 0.005333721 0.02635395 -0.03351145 0.01424998 0.02635395 -0.03351145 0.01424998 0.02635395 -0.03351145 0.01424998 0.02622932 -0.03405815 0.01424998 0.02622932 -0.03405815 0.01424998 0.02622932 -0.03405815 0.01424998 0.0260443 -0.03458744 0.01424998 0.0260443 -0.03458744 0.01424998 0.0260443 -0.03458744 0.01424998 0.02580112 -0.03509271 0.01424998 0.02580112 -0.03509271 0.01424998 0.02580112 -0.03509271 0.01424998 0.02550297 -0.03556752 0.01424998 0.02550297 -0.03556752 0.01424998 0.02550297 -0.03556752 0.01424998 0.02515351 -0.03600597 0.01424998 0.02515351 -0.03600597 0.01424998 0.02515351 -0.03600597 0.01424998 0.02475714 -0.03640258 0.01424998 0.02475714 -0.03640258 0.01424998 0.02475714 -0.03640258 0.01424998 0.03117877 -0.03678578 0.01424998 0.03117877 -0.03678578 0.01424998 0.03117877 -0.03678578 0.01424998 0.0295819 -0.0396769 0.01424998 0.0295819 -0.0396769 0.01424998 0.0295819 -0.0396769 0.01424998 0.01677536 -0.0435394 0.01424998 0.01677536 -0.0435394 0.01424998 0.01677536 -0.0435394 0.01424998 0.01633709 -0.0438891 0.01424998 0.01633709 -0.0438891 0.01424998 0.01633709 -0.0438891 0.01424998 0.0158624 -0.04418754 0.01424998 0.0158624 -0.04418754 0.01424998 0.0158624 -0.04418754 0.01424998 0.01535731 -0.04443097 0.01424998 0.01535731 -0.04443097 0.01424998 0.01535731 -0.04443097 0.01424998 0.01482814 -0.04461628 0.01424998 0.01482814 -0.04461628 0.01424998 0.01482814 -0.04461628 0.01424998 0.01428151 -0.04474121 0.01424998 0.01428151 -0.04474121 0.01424998 0.01428151 -0.04474121 0.01424998 0.01372432 -0.04480415 0.01424998 0.01372432 -0.04480415 0.01424998 0.01372432 -0.04480415 0.01424998 0.01316362 -0.04480433 0.01424998 0.01316362 -0.04480433 0.01424998 0.01316362 -0.04480433 0.01424998 0.02997827 -0.03928029 0.01424998 0.02997827 -0.03928029 0.01424998 0.02997827 -0.03928029 0.01424998 0.03032779 -0.03884184 0.01424998 0.03032779 -0.03884184 0.01424998 0.03032779 -0.03884184 0.01424998 0.03062593 -0.03836703 0.01424998 0.03062593 -0.03836703 0.01424998 0.03062593 -0.03836703 0.01424998 0.03086912 -0.03786176 0.01424998 0.03086912 -0.03786176 0.01424998 0.03086912 -0.03786176 0.01424998 0.03086912 -0.03786176 0.01424998 0.03105413 -0.03733247 0.01424998 0.03105413 -0.03733247 0.01424998 0.03105413 -0.03733247 0.01424998 -0.02858138 -0.03138297 0.01424998 -0.02858138 -0.03138297 0.01424998 -0.02858138 -0.03138297 0.01424998 -0.02858138 -0.03138297 0.01424998 -0.02858138 -0.03138297 0.01424998 -0.0285812 -0.03194367 0.01424998 -0.0285812 -0.03194367 0.01424998 -0.0285812 -0.03194367 0.01424998 -0.02215683 -0.03227841 0.01424998 -0.02215683 -0.03227841 0.01424998 -0.02215683 -0.03227841 0.01424998 -0.02250659 -0.03184008 0.01424998 -0.02250659 -0.03184008 0.01424998 -0.02250659 -0.03184008 0.01424998 -0.02280497 -0.03136545 0.01424998 -0.02280497 -0.03136545 0.01424998 -0.02280497 -0.03136545 0.01424998 -0.0230484 -0.0308603 0.01424998 -0.0230484 -0.0308603 0.01424998 -0.0230484 -0.0308603 0.01424998 -0.02323377 -0.03033113 0.01424998 -0.02323377 -0.03033113 0.01424998 -0.02323377 -0.03033113 0.01424998 -0.0233587 -0.0297845 0.01424998 -0.0233587 -0.0297845 0.01424998 -0.0233587 -0.0297845 0.01424998 -0.02342158 -0.02922737 0.01424998 -0.02342158 -0.02922737 0.01424998 -0.02342158 -0.02922737 0.01424998 -0.02342176 -0.02866667 0.01424998 -0.02342176 -0.02866667 0.01424998 -0.02342176 -0.02866667 0.01424998 -0.02342176 -0.02866667 0.01424998 -0.02152854 0.005209326 0.01424998 -0.02152854 0.005209326 0.01424998 -0.02152854 0.005209326 0.01424998 -0.02152854 0.005209326 0.01424998 -0.02652072 0.005488336 0.01424998 -0.02652072 0.005488336 0.01424998 -0.02652072 0.005488336 0.01424998 -0.02652072 0.005488336 0.01424998 -0.01015776 -0.04350095 0.01424998 -0.01015776 -0.04350095 0.01424998 -0.01015776 -0.04350095 0.01424998 -0.01071494 -0.04343831 0.01424998 -0.01071494 -0.04343831 0.01424998 -0.01071494 -0.04343831 0.01424998 -0.01071494 -0.04343831 0.01424998 -0.01126164 -0.04331368 0.01424998 -0.01126164 -0.04331368 0.01424998 -0.01126164 -0.04331368 0.01424998 -0.01179093 -0.04312866 0.01424998 -0.01179093 -0.04312866 0.01424998 -0.01179093 -0.04312866 0.01424998 -0.01229619 -0.04288548 0.01424998 -0.01229619 -0.04288548 0.01424998 -0.01229619 -0.04288548 0.01424998 -0.01277101 -0.04258733 0.01424998 -0.01277101 -0.04258733 0.01424998 -0.01277101 -0.04258733 0.01424998 -0.01320946 -0.04223787 0.01424998 -0.01320946 -0.04223787 0.01424998 -0.01320946 -0.04223787 0.01424998 -0.01360607 -0.0418415 0.01424998 -0.01360607 -0.0418415 0.01424998 -0.01360607 -0.0418415 0.01424998 -0.02731645 -0.03499472 0.01424998 -0.02731645 -0.03499472 0.01424998 -0.02731645 -0.03499472 0.01424998 -0.02851825 -0.03250086 0.01424998 -0.02851825 -0.03250086 0.01424998 -0.02851825 -0.03250086 0.01424998 -0.02839338 -0.03304749 0.01424998 -0.02839338 -0.03304749 0.01424998 -0.02839338 -0.03304749 0.01424998 -0.02820801 -0.03357666 0.01424998 -0.02820801 -0.03357666 0.01424998 -0.02820801 -0.03357666 0.01424998 -0.02796459 -0.03408175 0.01424998 -0.02796459 -0.03408175 0.01424998 -0.02796459 -0.03408175 0.01424998 -0.02766615 -0.03455644 0.01424998 -0.02766615 -0.03455644 0.01424998 -0.02766615 -0.03455644 0.01424998 0.03117877 -0.03678578 -0.01424998 0.03117877 -0.03678578 -0.01424998 0.03117877 -0.03678578 -0.01424998 0.02475714 -0.03640258 -0.01424998 0.02475714 -0.03640258 -0.01424998 0.02475714 -0.03640258 -0.01424998 0.02515351 -0.03600597 -0.01424998 0.02515351 -0.03600597 -0.01424998 0.02515351 -0.03600597 -0.01424998 0.02550297 -0.03556752 -0.01424998 0.02550297 -0.03556752 -0.01424998 0.02550297 -0.03556752 -0.01424998 0.02580112 -0.03509271 -0.01424998 0.02580112 -0.03509271 -0.01424998 0.02580112 -0.03509271 -0.01424998 0.0260443 -0.03458744 -0.01424998 0.0260443 -0.03458744 -0.01424998 0.0260443 -0.03458744 -0.01424998 0.02622932 -0.03405815 -0.01424998 0.02622932 -0.03405815 -0.01424998 0.02622932 -0.03405815 -0.01424998 0.02635395 -0.03351145 -0.01424998 0.02635395 -0.03351145 -0.01424998 0.02635395 -0.03351145 -0.01424998 0.01316362 -0.04480433 -0.01424998 0.01316362 -0.04480433 -0.01424998 0.01316362 -0.04480433 -0.01424998 0.01372432 -0.04480415 -0.01424998 0.01372432 -0.04480415 -0.01424998 0.01372432 -0.04480415 -0.01424998 0.01428151 -0.04474121 -0.01424998 0.01428151 -0.04474121 -0.01424998 0.01428151 -0.04474121 -0.01424998 0.01482814 -0.04461628 -0.01424998 0.01482814 -0.04461628 -0.01424998 0.01482814 -0.04461628 -0.01424998 0.01535731 -0.04443097 -0.01424998 0.01535731 -0.04443097 -0.01424998 0.01535731 -0.04443097 -0.01424998 0.0158624 -0.04418754 -0.01424998 0.0158624 -0.04418754 -0.01424998 0.0158624 -0.04418754 -0.01424998 0.01633709 -0.0438891 -0.01424998 0.01633709 -0.0438891 -0.01424998 0.01633709 -0.0438891 -0.01424998 0.01677536 -0.0435394 -0.01424998 0.01677536 -0.0435394 -0.01424998 0.01677536 -0.0435394 -0.01424998 0.0295819 -0.0396769 -0.01424998 0.0295819 -0.0396769 -0.01424998 0.0295819 -0.0396769 -0.01424998 0.03105413 -0.03733247 -0.01424998 0.03105413 -0.03733247 -0.01424998 0.03105413 -0.03733247 -0.01424998 0.03086912 -0.03786176 -0.01424998 0.03086912 -0.03786176 -0.01424998 0.03086912 -0.03786176 -0.01424998 0.03062593 -0.03836703 -0.01424998 0.03062593 -0.03836703 -0.01424998 0.03062593 -0.03836703 -0.01424998 0.03062593 -0.03836703 -0.01424998 0.03032779 -0.03884184 -0.01424998 0.03032779 -0.03884184 -0.01424998 0.03032779 -0.03884184 -0.01424998 0.02997827 -0.03928029 -0.01424998 0.02997827 -0.03928029 -0.01424998 0.02997827 -0.03928029 -0.01424998 -0.02858138 -0.03138297 -0.01424998 -0.02858138 -0.03138297 -0.01424998 -0.02858138 -0.03138297 -0.01424998 -0.02858138 -0.03138297 -0.01424998 -0.02858138 -0.03138297 -0.01424998 -0.02652072 0.005488336 -0.01424998 -0.02652072 0.005488336 -0.01424998 -0.02652072 0.005488336 -0.01424998 -0.02652072 0.005488336 -0.01424998 -0.02152854 0.005209326 -0.01424998 -0.02152854 0.005209326 -0.01424998 -0.02152854 0.005209326 -0.01424998 -0.02152854 0.005209326 -0.01424998 -0.02342176 -0.02866667 -0.01424998 -0.02342176 -0.02866667 -0.01424998 -0.02342176 -0.02866667 -0.01424998 -0.02342176 -0.02866667 -0.01424998 -0.02342158 -0.02922737 -0.01424998 -0.02342158 -0.02922737 -0.01424998 -0.02342158 -0.02922737 -0.01424998 -0.0233587 -0.0297845 -0.01424998 -0.0233587 -0.0297845 -0.01424998 -0.0233587 -0.0297845 -0.01424998 -0.02323377 -0.03033113 -0.01424998 -0.02323377 -0.03033113 -0.01424998 -0.02323377 -0.03033113 -0.01424998 -0.0230484 -0.0308603 -0.01424998 -0.0230484 -0.0308603 -0.01424998 -0.0230484 -0.0308603 -0.01424998 -0.02280497 -0.03136545 -0.01424998 -0.02280497 -0.03136545 -0.01424998 -0.02280497 -0.03136545 -0.01424998 -0.02250659 -0.03184008 -0.01424998 -0.02250659 -0.03184008 -0.01424998 -0.02250659 -0.03184008 -0.01424998 -0.02215683 -0.03227841 -0.01424998 -0.02215683 -0.03227841 -0.01424998 -0.02215683 -0.03227841 -0.01424998 -0.0285812 -0.03194367 -0.01424998 -0.0285812 -0.03194367 -0.01424998 -0.0285812 -0.03194367 -0.01424998 -0.02731645 -0.03499472 -0.01424998 -0.02731645 -0.03499472 -0.01424998 -0.02731645 -0.03499472 -0.01424998 -0.01360607 -0.0418415 -0.01424998 -0.01360607 -0.0418415 -0.01424998 -0.01360607 -0.0418415 -0.01424998 -0.01320946 -0.04223787 -0.01424998 -0.01320946 -0.04223787 -0.01424998 -0.01320946 -0.04223787 -0.01424998 -0.01277101 -0.04258733 -0.01424998 -0.01277101 -0.04258733 -0.01424998 -0.01277101 -0.04258733 -0.01424998 -0.01229619 -0.04288548 -0.01424998 -0.01229619 -0.04288548 -0.01424998 -0.01229619 -0.04288548 -0.01424998 -0.01179093 -0.04312866 -0.01424998 -0.01179093 -0.04312866 -0.01424998 -0.01179093 -0.04312866 -0.01424998 -0.01126164 -0.04331368 -0.01424998 -0.01126164 -0.04331368 -0.01424998 -0.01126164 -0.04331368 -0.01424998 -0.01126164 -0.04331368 -0.01424998 -0.01071494 -0.04343831 -0.01424998 -0.01071494 -0.04343831 -0.01424998 -0.01071494 -0.04343831 -0.01424998 -0.01015776 -0.04350095 -0.01424998 -0.01015776 -0.04350095 -0.01424998 -0.01015776 -0.04350095 -0.01424998 -0.02766615 -0.03455644 -0.01424998 -0.02766615 -0.03455644 -0.01424998 -0.02766615 -0.03455644 -0.01424998 -0.02796459 -0.03408175 -0.01424998 -0.02796459 -0.03408175 -0.01424998 -0.02796459 -0.03408175 -0.01424998 -0.02820801 -0.03357666 -0.01424998 -0.02820801 -0.03357666 -0.01424998 -0.02820801 -0.03357666 -0.01424998 -0.02839338 -0.03304749 -0.01424998 -0.02839338 -0.03304749 -0.01424998 -0.02839338 -0.03304749 -0.01424998 -0.02851825 -0.03250086 -0.01424998 -0.02851825 -0.03250086 -0.01424998 -0.02851825 -0.03250086 -0.01424998 -0.01344156 -0.08306366 0.002380549 -0.01344156 -0.08306366 0.002380549 -0.01344156 -0.08306366 0.002380549 -0.01344156 -0.08306366 0.002380549 -0.01323831 -0.07942783 0.002091407 -0.01323831 -0.07942783 0.002091407 -0.01323831 -0.07942783 0.002091407 -0.01342332 -0.08273804 0.001971602 -0.01342332 -0.08273804 0.001971602 -0.01342332 -0.08273804 0.001971602 -0.01342332 -0.08273804 0.001971602 -0.01351332 -0.08434867 -0.003258049 -0.01351332 -0.08434867 -0.003258049 -0.01351332 -0.08434867 -0.003258049 -0.01327151 -0.08002167 -0.003376841 -0.01327151 -0.08002167 -0.003376841 -0.01327151 -0.08002167 -0.003376841 -0.01354122 -0.08484774 -0.003412246 -0.01354122 -0.08484774 -0.003412246 -0.01354122 -0.08484774 -0.003412246 -0.01372784 -0.08818703 0.002380549 -0.01372784 -0.08818703 0.002380549 -0.01372784 -0.08818703 0.002380549 -0.01372784 -0.08818703 0.002380549 -0.01374608 -0.08851265 0.001971602 -0.01374608 -0.08851265 0.001971602 -0.01374608 -0.08851265 0.001971602 -0.01393103 -0.0918228 0.002091407 -0.01393103 -0.0918228 0.002091407 -0.01393103 -0.0918228 0.002091407 -0.01393103 -0.0918228 0.002091407 -0.01365602 -0.08690202 -0.003258049 -0.01365602 -0.08690202 -0.003258049 -0.01365602 -0.08690202 -0.003258049 -0.01365602 -0.08690202 -0.003258049 -0.01362812 -0.08640295 -0.003412246 -0.01362812 -0.08640295 -0.003412246 -0.01362812 -0.08640295 -0.003412246 -0.01362812 -0.08640295 -0.003412246 -0.01389783 -0.09122902 -0.003376841 -0.01389783 -0.09122902 -0.003376841 -0.01389783 -0.09122902 -0.003376841 -0.01389783 -0.09122902 -0.003376841 -0.01329374 -0.08041906 -0.003963887 -0.01329374 -0.08041906 -0.003963887 -0.01329374 -0.08041906 -0.003963887 -0.01329374 -0.08041906 -0.003963887 -0.01331937 -0.08087748 -0.004504382 -0.01331937 -0.08087748 -0.004504382 -0.01331937 -0.08087748 -0.004504382 -0.0133481 -0.08139157 -0.004992127 -0.0133481 -0.08139157 -0.004992127 -0.0133481 -0.08139157 -0.004992127 -0.0133481 -0.08139157 -0.004992127 -0.01337957 -0.08195531 -0.00542134 -0.01337957 -0.08195531 -0.00542134 -0.01337957 -0.08195531 -0.00542134 -0.01341348 -0.08256208 -0.005786955 -0.01341348 -0.08256208 -0.005786955 -0.01341348 -0.08256208 -0.005786955 -0.01341348 -0.08256208 -0.005786955 -0.01344943 -0.08320468 -0.00608474 -0.01344943 -0.08320468 -0.00608474 -0.01344943 -0.08320468 -0.00608474 -0.01348692 -0.08387577 -0.006311237 -0.01348692 -0.08387577 -0.006311237 -0.01348692 -0.08387577 -0.006311237 -0.01352554 -0.0845673 -0.006463706 -0.01352554 -0.0845673 -0.006463706 -0.01352554 -0.0845673 -0.006463706 -0.01352554 -0.0845673 -0.006463706 -0.01356488 -0.08527129 -0.006540358 -0.01356488 -0.08527129 -0.006540358 -0.01356488 -0.08527129 -0.006540358 -0.01357007 -0.08536422 -0.003490209 -0.01357007 -0.08536422 -0.003490209 -0.01357007 -0.08536422 -0.003490209 -0.01359927 -0.08588653 -0.003490209 -0.01359927 -0.08588653 -0.003490209 -0.01359927 -0.08588653 -0.003490209 -0.01360446 -0.0859794 -0.006540358 -0.01360446 -0.0859794 -0.006540358 -0.01360446 -0.0859794 -0.006540358 -0.0136438 -0.08668339 -0.006463706 -0.0136438 -0.08668339 -0.006463706 -0.0136438 -0.08668339 -0.006463706 -0.01368248 -0.08737492 -0.006311237 -0.01368248 -0.08737492 -0.006311237 -0.01368248 -0.08737492 -0.006311237 -0.01368248 -0.08737492 -0.006311237 -0.01371997 -0.08804601 -0.00608474 -0.01371997 -0.08804601 -0.00608474 -0.01371997 -0.08804601 -0.00608474 -0.01371997 -0.08804601 -0.00608474 -0.01375585 -0.08868867 -0.005786955 -0.01375585 -0.08868867 -0.005786955 -0.01375585 -0.08868867 -0.005786955 -0.01378983 -0.08929538 -0.00542134 -0.01378983 -0.08929538 -0.00542134 -0.01378983 -0.08929538 -0.00542134 -0.0138213 -0.08985912 -0.004992127 -0.0138213 -0.08985912 -0.004992127 -0.0138213 -0.08985912 -0.004992127 -0.01385003 -0.09037321 -0.004504382 -0.01385003 -0.09037321 -0.004504382 -0.01385003 -0.09037321 -0.004504382 -0.01387566 -0.09083163 -0.003963887 -0.01387566 -0.09083163 -0.003963887 -0.01387566 -0.09083163 -0.003963887 -0.01329374 -0.08041906 0.003963887 -0.01329374 -0.08041906 0.003963887 -0.01329374 -0.08041906 0.003963887 -0.01329374 -0.08041906 0.003963887 -0.01327151 -0.08002167 0.003376841 -0.01327151 -0.08002167 0.003376841 -0.01327151 -0.08002167 0.003376841 -0.01327151 -0.08002167 0.003376841 -0.01354122 -0.08484774 0.003412246 -0.01354122 -0.08484774 0.003412246 -0.01354122 -0.08484774 0.003412246 -0.01357007 -0.08536422 0.003490209 -0.01357007 -0.08536422 0.003490209 -0.01357007 -0.08536422 0.003490209 -0.01356488 -0.08527129 0.006540358 -0.01356488 -0.08527129 0.006540358 -0.01356488 -0.08527129 0.006540358 -0.01356488 -0.08527129 0.006540358 -0.01352554 -0.0845673 0.006463706 -0.01352554 -0.0845673 0.006463706 -0.01352554 -0.0845673 0.006463706 -0.01348692 -0.08387577 0.006311237 -0.01348692 -0.08387577 0.006311237 -0.01348692 -0.08387577 0.006311237 -0.01348692 -0.08387577 0.006311237 -0.01344943 -0.08320468 0.00608474 -0.01344943 -0.08320468 0.00608474 -0.01344943 -0.08320468 0.00608474 -0.01344943 -0.08320468 0.00608474 -0.01341348 -0.08256208 0.005786955 -0.01341348 -0.08256208 0.005786955 -0.01341348 -0.08256208 0.005786955 -0.01337957 -0.08195531 0.00542134 -0.01337957 -0.08195531 0.00542134 -0.01337957 -0.08195531 0.00542134 -0.0133481 -0.08139157 0.004992127 -0.0133481 -0.08139157 0.004992127 -0.0133481 -0.08139157 0.004992127 -0.0133481 -0.08139157 0.004992127 -0.01331937 -0.08087748 0.004504382 -0.01331937 -0.08087748 0.004504382 -0.01331937 -0.08087748 0.004504382 -0.01359927 -0.08588653 0.003490209 -0.01359927 -0.08588653 0.003490209 -0.01359927 -0.08588653 0.003490209 -0.01362812 -0.08640295 0.003412246 -0.01362812 -0.08640295 0.003412246 -0.01362812 -0.08640295 0.003412246 -0.01362812 -0.08640295 0.003412246 -0.01389783 -0.09122902 0.003376841 -0.01389783 -0.09122902 0.003376841 -0.01389783 -0.09122902 0.003376841 -0.01387566 -0.09083163 0.003963887 -0.01387566 -0.09083163 0.003963887 -0.01387566 -0.09083163 0.003963887 -0.01385003 -0.09037321 0.004504382 -0.01385003 -0.09037321 0.004504382 -0.01385003 -0.09037321 0.004504382 -0.0138213 -0.08985912 0.004992127 -0.0138213 -0.08985912 0.004992127 -0.0138213 -0.08985912 0.004992127 -0.01378983 -0.08929538 0.00542134 -0.01378983 -0.08929538 0.00542134 -0.01378983 -0.08929538 0.00542134 -0.01378983 -0.08929538 0.00542134 -0.01375585 -0.08868867 0.005786955 -0.01375585 -0.08868867 0.005786955 -0.01375585 -0.08868867 0.005786955 -0.01371997 -0.08804601 0.00608474 -0.01371997 -0.08804601 0.00608474 -0.01371997 -0.08804601 0.00608474 -0.01371997 -0.08804601 0.00608474 -0.01368248 -0.08737492 0.006311237 -0.01368248 -0.08737492 0.006311237 -0.01368248 -0.08737492 0.006311237 -0.0136438 -0.08668339 0.006463706 -0.0136438 -0.08668339 0.006463706 -0.0136438 -0.08668339 0.006463706 -0.0136438 -0.08668339 0.006463706 -0.01360446 -0.0859794 0.006540358 -0.01360446 -0.0859794 0.006540358 -0.01360446 -0.0859794 0.006540358 -0.01351332 -0.08434867 0.003258049 -0.01351332 -0.08434867 0.003258049 -0.01351332 -0.08434867 0.003258049 -0.01325297 -0.07968997 0.002750217 -0.01325297 -0.07968997 0.002750217 -0.01325297 -0.07968997 0.002750217 -0.01348704 -0.08387809 0.003031075 -0.01348704 -0.08387809 0.003031075 -0.01348704 -0.08387809 0.003031075 -0.01346296 -0.08344656 0.002736389 -0.01346296 -0.08344656 0.002736389 -0.01346296 -0.08344656 0.002736389 -0.01340872 -0.08247685 0.001518547 -0.01340872 -0.08247685 0.001518547 -0.01340872 -0.08247685 0.001518547 -0.01322776 -0.07923841 0.00140804 -0.01322776 -0.07923841 0.00140804 -0.01322776 -0.07923841 0.00140804 -0.01322776 -0.07923841 0.00140804 -0.01339805 -0.08228605 0.001031637 -0.01339805 -0.08228605 0.001031637 -0.01339805 -0.08228605 0.001031637 -0.01339805 -0.08228605 0.001031637 -0.01322132 -0.07912391 7.08179e-4 -0.01322132 -0.07912391 7.08179e-4 -0.01322132 -0.07912391 7.08179e-4 -0.01339155 -0.08216983 5.21648e-4 -0.01339155 -0.08216983 5.21648e-4 -0.01339155 -0.08216983 5.21648e-4 -0.0133894 -0.08213078 0 -0.0133894 -0.08213078 0 -0.0133894 -0.08213078 0 -0.0133894 -0.08213078 0 -0.01321917 -0.07908558 0 -0.01321917 -0.07908558 0 -0.01321917 -0.07908558 0 -0.01339155 -0.08216983 -5.21648e-4 -0.01339155 -0.08216983 -5.21648e-4 -0.01339155 -0.08216983 -5.21648e-4 -0.01339155 -0.08216983 -5.21648e-4 -0.01322132 -0.07912391 -7.08179e-4 -0.01322132 -0.07912391 -7.08179e-4 -0.01322132 -0.07912391 -7.08179e-4 -0.01339805 -0.08228605 -0.001031637 -0.01339805 -0.08228605 -0.001031637 -0.01339805 -0.08228605 -0.001031637 -0.01339805 -0.08228605 -0.001031637 -0.01322776 -0.07923841 -0.00140804 -0.01322776 -0.07923841 -0.00140804 -0.01322776 -0.07923841 -0.00140804 -0.01340872 -0.08247685 -0.001518547 -0.01340872 -0.08247685 -0.001518547 -0.01340872 -0.08247685 -0.001518547 -0.01340872 -0.08247685 -0.001518547 -0.01342332 -0.08273804 -0.001971602 -0.01342332 -0.08273804 -0.001971602 -0.01342332 -0.08273804 -0.001971602 -0.01323831 -0.07942783 -0.002091407 -0.01323831 -0.07942783 -0.002091407 -0.01323831 -0.07942783 -0.002091407 -0.01344156 -0.08306366 -0.002380549 -0.01344156 -0.08306366 -0.002380549 -0.01344156 -0.08306366 -0.002380549 -0.01344156 -0.08306366 -0.002380549 -0.01325297 -0.07968997 -0.002750217 -0.01325297 -0.07968997 -0.002750217 -0.01325297 -0.07968997 -0.002750217 -0.01325297 -0.07968997 -0.002750217 -0.01346296 -0.08344656 -0.002736389 -0.01346296 -0.08344656 -0.002736389 -0.01346296 -0.08344656 -0.002736389 -0.01346296 -0.08344656 -0.002736389 -0.01348704 -0.08387809 -0.003031075 -0.01348704 -0.08387809 -0.003031075 -0.01348704 -0.08387809 -0.003031075 -0.01348704 -0.08387809 -0.003031075 -0.01391637 -0.09156072 0.002750217 -0.01391637 -0.09156072 0.002750217 -0.01391637 -0.09156072 0.002750217 -0.01391637 -0.09156072 0.002750217 -0.01365602 -0.08690202 0.003258049 -0.01365602 -0.08690202 0.003258049 -0.01365602 -0.08690202 0.003258049 -0.01365602 -0.08690202 0.003258049 -0.01368236 -0.0873726 0.003031075 -0.01368236 -0.0873726 0.003031075 -0.01368236 -0.0873726 0.003031075 -0.01368236 -0.0873726 0.003031075 -0.01370644 -0.08780413 0.002736389 -0.01370644 -0.08780413 0.002736389 -0.01370644 -0.08780413 0.002736389 -0.01370644 -0.08780413 0.002736389 -0.01394164 -0.09201222 0.00140804 -0.01394164 -0.09201222 0.00140804 -0.01394164 -0.09201222 0.00140804 -0.01394164 -0.09201222 0.00140804 -0.01376062 -0.08877384 0.001518547 -0.01376062 -0.08877384 0.001518547 -0.01376062 -0.08877384 0.001518547 -0.01376062 -0.08877384 0.001518547 -0.01394802 -0.09212678 7.08179e-4 -0.01394802 -0.09212678 7.08179e-4 -0.01394802 -0.09212678 7.08179e-4 -0.01377129 -0.08896464 0.001031637 -0.01377129 -0.08896464 0.001031637 -0.01377129 -0.08896464 0.001031637 -0.01377129 -0.08896464 0.001031637 -0.01377779 -0.08908087 5.21648e-4 -0.01377779 -0.08908087 5.21648e-4 -0.01377779 -0.08908087 5.21648e-4 -0.01377779 -0.08908087 5.21648e-4 -0.01395016 -0.09216511 0 -0.01395016 -0.09216511 0 -0.01395016 -0.09216511 0 -0.01395016 -0.09216511 0 -0.01377999 -0.08911991 0 -0.01377999 -0.08911991 0 -0.01377999 -0.08911991 0 -0.01377999 -0.08911991 0 -0.01394802 -0.09212678 -7.08179e-4 -0.01394802 -0.09212678 -7.08179e-4 -0.01394802 -0.09212678 -7.08179e-4 -0.01377779 -0.08908087 -5.21648e-4 -0.01377779 -0.08908087 -5.21648e-4 -0.01377779 -0.08908087 -5.21648e-4 -0.01377779 -0.08908087 -5.21648e-4 -0.01394164 -0.09201222 -0.00140804 -0.01394164 -0.09201222 -0.00140804 -0.01394164 -0.09201222 -0.00140804 -0.01394164 -0.09201222 -0.00140804 -0.01377129 -0.08896464 -0.001031637 -0.01377129 -0.08896464 -0.001031637 -0.01377129 -0.08896464 -0.001031637 -0.01377129 -0.08896464 -0.001031637 -0.01376062 -0.08877384 -0.001518547 -0.01376062 -0.08877384 -0.001518547 -0.01376062 -0.08877384 -0.001518547 -0.01376062 -0.08877384 -0.001518547 -0.01393103 -0.0918228 -0.002091407 -0.01393103 -0.0918228 -0.002091407 -0.01393103 -0.0918228 -0.002091407 -0.01393103 -0.0918228 -0.002091407 -0.01374608 -0.08851265 -0.001971602 -0.01374608 -0.08851265 -0.001971602 -0.01374608 -0.08851265 -0.001971602 -0.01391637 -0.09156072 -0.002750217 -0.01391637 -0.09156072 -0.002750217 -0.01391637 -0.09156072 -0.002750217 -0.01391637 -0.09156072 -0.002750217 -0.01372784 -0.08818703 -0.002380549 -0.01372784 -0.08818703 -0.002380549 -0.01372784 -0.08818703 -0.002380549 -0.01372784 -0.08818703 -0.002380549 -0.01370644 -0.08780413 -0.002736389 -0.01370644 -0.08780413 -0.002736389 -0.01370644 -0.08780413 -0.002736389 -0.01370644 -0.08780413 -0.002736389 -0.01368236 -0.0873726 -0.003031075 -0.01368236 -0.0873726 -0.003031075 -0.01368236 -0.0873726 -0.003031075 -0.02150064 0.005708575 0 -0.02150064 0.005708575 0 -0.02150064 0.005708575 0 -0.02150064 0.005708575 0 -0.02141696 0.007206261 0 -0.02141696 0.007206261 0 -0.02141696 0.007206261 0 -0.02141696 0.007206261 0 -0.02150279 0.00567013 5.87368e-4 -0.02150279 0.00567013 5.87368e-4 -0.02150279 0.00567013 5.87368e-4 -0.02150279 0.00567013 5.87368e-4 -0.02150279 0.00567013 -5.87368e-4 -0.02150279 0.00567013 -5.87368e-4 -0.02150279 0.00567013 -5.87368e-4 -0.02150279 0.00567013 -5.87368e-4 -0.02112489 0.01243168 -0.006839036 -0.02112489 0.01243168 -0.006839036 -0.02112489 0.01243168 -0.006839036 -0.02112489 0.01243168 -0.006839036 -0.02130722 0.009169101 -2.58819e-4 -0.02130722 0.009169101 -2.58819e-4 -0.02130722 0.009169101 -2.58819e-4 -0.02131283 0.009069383 -5e-4 -0.02131283 0.009069383 -5e-4 -0.02131283 0.009069383 -5e-4 -0.02132171 0.008910715 -7.07106e-4 -0.02132171 0.008910715 -7.07106e-4 -0.02132171 0.008910715 -7.07106e-4 -0.02132171 0.008910715 -7.07106e-4 -0.02199429 -0.003124237 -0.001164674 -0.02199429 -0.003124237 -0.001164674 -0.02199429 -0.003124237 -0.001164674 -0.02199429 -0.003124237 -0.001164674 -0.02199429 -0.003124237 -0.001164674 -0.02200067 -0.003238916 -5.87368e-4 -0.02200067 -0.003238916 -5.87368e-4 -0.02200067 -0.003238916 -5.87368e-4 -0.02212792 -0.005515038 -9.65925e-4 -0.02212792 -0.005515038 -9.65925e-4 -0.02212792 -0.005515038 -9.65925e-4 -0.02212792 -0.005515038 -9.65925e-4 -0.02214235 -0.005773425 -10e-4 -0.02214235 -0.005773425 -10e-4 -0.02214235 -0.005773425 -10e-4 -0.02214235 -0.005773425 -10e-4 -0.02153426 0.005106627 -0.002249956 -0.02153426 0.005106627 -0.002249956 -0.02153426 0.005106627 -0.002249956 -0.02153426 0.005106627 -0.002249956 -0.02151978 0.005366563 -0.001722037 -0.02151978 0.005366563 -0.001722037 -0.02151978 0.005366563 -0.001722037 -0.02151978 0.005366563 -0.001722037 -0.02150923 0.00555551 -0.001164674 -0.02150923 0.00555551 -0.001164674 -0.02150923 0.00555551 -0.001164674 -0.02150923 0.00555551 -0.001164674 -0.02178454 6.29157e-4 -0.004461467 -0.02178454 6.29157e-4 -0.004461467 -0.02178454 6.29157e-4 -0.004461467 -0.02177965 7.16388e-4 -0.006133973 -0.02177965 7.16388e-4 -0.006133973 -0.02177965 7.16388e-4 -0.006133973 -0.02176618 9.57191e-4 -0.006034016 -0.02176618 9.57191e-4 -0.006034016 -0.02176618 9.57191e-4 -0.006034016 -0.02211445 -0.005274236 -8.66025e-4 -0.02211445 -0.005274236 -8.66025e-4 -0.02211445 -0.005274236 -8.66025e-4 -0.02211445 -0.005274236 -8.66025e-4 -0.02153426 0.005106627 0.002249956 -0.02153426 0.005106627 0.002249956 -0.02153426 0.005106627 0.002249956 -0.02153426 0.005106627 0.002249956 -0.02153426 0.005106627 0.002249956 -0.02151978 0.005366563 0.001722037 -0.02151978 0.005366563 0.001722037 -0.02151978 0.005366563 0.001722037 -0.02151978 0.005366563 0.001722037 -0.02150923 0.00555551 0.001164674 -0.02150923 0.00555551 0.001164674 -0.02150923 0.00555551 0.001164674 -0.02150923 0.00555551 0.001164674 -0.0217123 0.001921594 0.006292879 -0.0217123 0.001921594 0.006292879 -0.0217123 0.001921594 0.006292879 -0.0217123 0.001921594 0.006292879 -0.0217123 0.001921594 0.006292879 -0.02172386 0.001714825 0.006133973 -0.02172386 0.001714825 0.006133973 -0.02172386 0.001714825 0.006133973 -0.02172386 0.001714825 0.006133973 -0.02171897 0.001802027 0.004461467 -0.02171897 0.001802027 0.004461467 -0.02171897 0.001802027 0.004461467 -0.02171897 0.001802027 0.004461467 -0.02171897 0.001802027 0.004461467 -0.02180755 2.1717e-4 0.006999969 -0.02180755 2.1717e-4 0.006999969 -0.02180755 2.1717e-4 0.006999969 -0.02180755 2.1717e-4 0.006999969 -0.02217024 -0.006272673 8.66025e-4 -0.02217024 -0.006272673 8.66025e-4 -0.02217024 -0.006272673 8.66025e-4 -0.02217024 -0.006272673 8.66025e-4 -0.02217024 -0.006272673 8.66025e-4 -0.02187728 -0.001030862 0.00389707 -0.02187728 -0.001030862 0.00389707 -0.02187728 -0.001030862 0.00389707 -0.02184784 -5.03778e-4 0.004157423 -0.02184784 -5.03778e-4 0.004157423 -0.02184784 -5.03778e-4 0.004157423 -0.02181673 5.27352e-5 0.004346609 -0.02181673 5.27352e-5 0.004346609 -0.02181673 5.27352e-5 0.004346609 -0.02200287 -0.003277361 0 -0.02200287 -0.003277361 0 -0.02200287 -0.003277361 0 -0.02200287 -0.003277361 0 -0.02200287 -0.003277361 0 -0.02200067 -0.003238916 5.87368e-4 -0.02200067 -0.003238916 5.87368e-4 -0.02200067 -0.003238916 5.87368e-4 -0.02200067 -0.003238916 5.87368e-4 -0.02211445 -0.005274236 8.66025e-4 -0.02211445 -0.005274236 8.66025e-4 -0.02211445 -0.005274236 8.66025e-4 -0.02211445 -0.005274236 8.66025e-4 -0.02211445 -0.005274236 8.66025e-4 -0.02210289 -0.005067467 7.07107e-4 -0.02210289 -0.005067467 7.07107e-4 -0.02210289 -0.005067467 7.07107e-4 -0.02210289 -0.005067467 7.07107e-4 -0.02210289 -0.005067467 7.07107e-4 -0.02209401 -0.0049088 5e-4 -0.02209401 -0.0049088 5e-4 -0.02209401 -0.0049088 5e-4 -0.02209401 -0.0049088 5e-4 -0.02208846 -0.004809021 2.58819e-4 -0.02208846 -0.004809021 2.58819e-4 -0.02208846 -0.004809021 2.58819e-4 -0.02208846 -0.004809021 2.58819e-4 -0.02208656 -0.004774987 0 -0.02208656 -0.004774987 0 -0.02208656 -0.004774987 0 -0.02208656 -0.004774987 0 -0.02208846 -0.004809021 -2.58819e-4 -0.02208846 -0.004809021 -2.58819e-4 -0.02208846 -0.004809021 -2.58819e-4 -0.02209401 -0.0049088 -5e-4 -0.02209401 -0.0049088 -5e-4 -0.02209401 -0.0049088 -5e-4 -0.02209401 -0.0049088 -5e-4 -0.02209401 -0.0049088 -5e-4 -0.02210289 -0.005067467 -7.07106e-4 -0.02210289 -0.005067467 -7.07106e-4 -0.02210289 -0.005067467 -7.07106e-4 -0.02210289 -0.005067467 -7.07106e-4 -0.02210289 -0.005067467 -7.07106e-4 -0.02112489 0.01243168 0.006839036 -0.02112489 0.01243168 0.006839036 -0.02112489 0.01243168 0.006839036 -0.02112489 0.01243168 0.006839036 -0.02114301 0.01210772 0.007296323 -0.02114301 0.01210772 0.007296323 -0.02114301 0.01210772 0.007296323 -0.02114301 0.01210772 0.007296323 -0.02169597 0.002214014 0.006999969 -0.02169597 0.002214014 0.006999969 -0.02169597 0.002214014 0.006999969 -0.02169597 0.002214014 0.006999969 -0.02169597 0.002214014 0.006999969 -0.02169597 0.002214014 0.006999969 -0.02169597 0.002214014 0.006999969 -0.02169597 0.002214014 0.006999969 -0.02132171 0.008910715 7.07107e-4 -0.02132171 0.008910715 7.07107e-4 -0.02132171 0.008910715 7.07107e-4 -0.02132171 0.008910715 7.07107e-4 -0.02131283 0.009069383 5e-4 -0.02131283 0.009069383 5e-4 -0.02131283 0.009069383 5e-4 -0.02131283 0.009069383 5e-4 -0.02130722 0.009169101 2.58819e-4 -0.02130722 0.009169101 2.58819e-4 -0.02130722 0.009169101 2.58819e-4 -0.02130722 0.009169101 2.58819e-4 -0.02130538 0.009203135 0 -0.02130538 0.009203135 0 -0.02130538 0.009203135 0 -0.02130538 0.009203135 0 -0.02173727 0.001474022 -0.007965922 -0.02173727 0.001474022 -0.007965922 -0.02173727 0.001474022 -0.007965922 -0.02173727 0.001474022 -0.007965922 -0.02175176 0.001215577 -0.007999956 -0.02175176 0.001215577 -0.007999956 -0.02175176 0.001215577 -0.007999956 -0.02175176 0.001215577 -0.007999956 -0.02176618 9.57191e-4 -0.007965922 -0.02176618 9.57191e-4 -0.007965922 -0.02176618 9.57191e-4 -0.007965922 -0.02177965 7.16388e-4 -0.007865965 -0.02177965 7.16388e-4 -0.007865965 -0.02177965 7.16388e-4 -0.007865965 -0.02177965 7.16388e-4 -0.007865965 -0.02179121 5.09605e-4 -0.007707059 -0.02179121 5.09605e-4 -0.007707059 -0.02179121 5.09605e-4 -0.007707059 -0.02179121 5.09605e-4 -0.007707059 -0.02180004 3.50922e-4 -0.007499992 -0.02180004 3.50922e-4 -0.007499992 -0.02180004 3.50922e-4 -0.007499992 -0.02180004 3.50922e-4 -0.007499992 -0.02180564 2.51204e-4 -0.007258772 -0.02180564 2.51204e-4 -0.007258772 -0.02180564 2.51204e-4 -0.007258772 -0.02180564 2.51204e-4 -0.007258772 -0.02180755 2.1717e-4 -0.006999969 -0.02180755 2.1717e-4 -0.006999969 -0.02180755 2.1717e-4 -0.006999969 -0.02180755 2.1717e-4 -0.006999969 -0.02180755 2.1717e-4 -0.006999969 -0.02181673 5.27352e-5 -0.004346609 -0.02181673 5.27352e-5 -0.004346609 -0.02181673 5.27352e-5 -0.004346609 -0.02181673 5.27352e-5 -0.004346609 -0.02184784 -5.03778e-4 -0.004157423 -0.02184784 -5.03778e-4 -0.004157423 -0.02184784 -5.03778e-4 -0.004157423 -0.02187728 -0.001030862 -0.00389707 -0.02187728 -0.001030862 -0.00389707 -0.02187728 -0.001030862 -0.00389707 -0.02190458 -0.001519501 -0.003570079 -0.02190458 -0.001519501 -0.003570079 -0.02190458 -0.001519501 -0.003570079 -0.02192932 -0.00196135 -0.003181934 -0.02192932 -0.00196135 -0.003181934 -0.02192932 -0.00196135 -0.003181934 -0.02192932 -0.00196135 -0.003181934 -0.02195096 -0.002348899 -0.002739369 -0.02195096 -0.002348899 -0.002739369 -0.02195096 -0.002348899 -0.002739369 -0.02196919 -0.002675414 -0.002249956 -0.02196919 -0.002675414 -0.002249956 -0.02196919 -0.002675414 -0.002249956 -0.02198374 -0.002935349 -0.001722037 -0.02198374 -0.002935349 -0.001722037 -0.02198374 -0.002935349 -0.001722037 -0.02198374 -0.002935349 -0.001722037 -0.02215677 -0.00603187 -9.65925e-4 -0.02215677 -0.00603187 -9.65925e-4 -0.02215677 -0.00603187 -9.65925e-4 -0.02215677 -0.00603187 -9.65925e-4 -0.02217024 -0.006272673 -8.66025e-4 -0.02217024 -0.006272673 -8.66025e-4 -0.02217024 -0.006272673 -8.66025e-4 -0.02217024 -0.006272673 -8.66025e-4 -0.0221818 -0.006479501 -7.07106e-4 -0.0221818 -0.006479501 -7.07106e-4 -0.0221818 -0.006479501 -7.07106e-4 -0.0221818 -0.006479501 -7.07106e-4 -0.02219069 -0.006638109 -5e-4 -0.02219069 -0.006638109 -5e-4 -0.02219069 -0.006638109 -5e-4 -0.02219623 -0.006737887 -2.58819e-4 -0.02219623 -0.006737887 -2.58819e-4 -0.02219623 -0.006737887 -2.58819e-4 -0.02219623 -0.006737887 -2.58819e-4 -0.02219814 -0.006771922 0 -0.02219814 -0.006771922 0 -0.02219814 -0.006771922 0 -0.02219814 -0.006771922 0 -0.02219623 -0.006737887 2.58819e-4 -0.02219623 -0.006737887 2.58819e-4 -0.02219623 -0.006737887 2.58819e-4 -0.02219623 -0.006737887 2.58819e-4 -0.02219069 -0.006638109 5e-4 -0.02219069 -0.006638109 5e-4 -0.02219069 -0.006638109 5e-4 -0.02219069 -0.006638109 5e-4 -0.0221818 -0.006479501 7.07107e-4 -0.0221818 -0.006479501 7.07107e-4 -0.0221818 -0.006479501 7.07107e-4 -0.0221818 -0.006479501 7.07107e-4 -0.02215677 -0.00603187 9.65926e-4 -0.02215677 -0.00603187 9.65926e-4 -0.02215677 -0.00603187 9.65926e-4 -0.02215677 -0.00603187 9.65926e-4 -0.02215677 -0.00603187 9.65926e-4 -0.02214235 -0.005773425 10e-4 -0.02214235 -0.005773425 10e-4 -0.02214235 -0.005773425 10e-4 -0.02214235 -0.005773425 10e-4 -0.02214235 -0.005773425 10e-4 -0.02198374 -0.002935349 0.001722037 -0.02198374 -0.002935349 0.001722037 -0.02198374 -0.002935349 0.001722037 -0.02198374 -0.002935349 0.001722037 -0.02196919 -0.002675414 0.002249956 -0.02196919 -0.002675414 0.002249956 -0.02196919 -0.002675414 0.002249956 -0.02195096 -0.002348899 0.002739369 -0.02195096 -0.002348899 0.002739369 -0.02195096 -0.002348899 0.002739369 -0.02195096 -0.002348899 0.002739369 -0.02195096 -0.002348899 0.002739369 -0.02192932 -0.00196135 0.003181934 -0.02192932 -0.00196135 0.003181934 -0.02192932 -0.00196135 0.003181934 -0.02190458 -0.001519501 0.003570079 -0.02190458 -0.001519501 0.003570079 -0.02190458 -0.001519501 0.003570079 -0.02116388 0.01173466 -0.00771445 -0.02116388 0.01173466 -0.00771445 -0.02116388 0.01173466 -0.00771445 -0.02114301 0.01210772 -0.007296323 -0.02114301 0.01210772 -0.007296323 -0.02114301 0.01210772 -0.007296323 -0.02114301 0.01210772 -0.007296323 -0.02114301 0.01210772 -0.007296323 -0.02169597 0.002214014 -0.006999969 -0.02169597 0.002214014 -0.006999969 -0.02169597 0.002214014 -0.006999969 -0.02169597 0.002214014 -0.006999969 -0.02169597 0.002214014 -0.006999969 -0.02169597 0.002214014 -0.006999969 -0.02169787 0.002180039 -0.007258772 -0.02169787 0.002180039 -0.007258772 -0.02169787 0.002180039 -0.007258772 -0.02169787 0.002180039 -0.007258772 -0.02169787 0.002180039 -0.007258772 -0.02170342 0.002080261 -0.007499992 -0.02170342 0.002080261 -0.007499992 -0.02170342 0.002080261 -0.007499992 -0.0217123 0.001921594 -0.007707059 -0.0217123 0.001921594 -0.007707059 -0.0217123 0.001921594 -0.007707059 -0.0217123 0.001921594 -0.007707059 -0.02172386 0.001714825 -0.007865965 -0.02172386 0.001714825 -0.007865965 -0.02172386 0.001714825 -0.007865965 -0.02172386 0.001714825 -0.007865965 -0.02133327 0.008703887 -8.66025e-4 -0.02133327 0.008703887 -8.66025e-4 -0.02133327 0.008703887 -8.66025e-4 -0.02133327 0.008703887 -8.66025e-4 -0.02133327 0.008703887 -8.66025e-4 -0.02134668 0.008463084 -9.65925e-4 -0.02134668 0.008463084 -9.65925e-4 -0.02134668 0.008463084 -9.65925e-4 -0.02136117 0.008204698 -10e-4 -0.02136117 0.008204698 -10e-4 -0.02136117 0.008204698 -10e-4 -0.02137559 0.007946252 -9.65925e-4 -0.02137559 0.007946252 -9.65925e-4 -0.02137559 0.007946252 -9.65925e-4 -0.02138906 0.00770545 -8.66025e-4 -0.02138906 0.00770545 -8.66025e-4 -0.02138906 0.00770545 -8.66025e-4 -0.02138906 0.00770545 -8.66025e-4 -0.02140063 0.007498681 -7.07106e-4 -0.02140063 0.007498681 -7.07106e-4 -0.02140063 0.007498681 -7.07106e-4 -0.02140063 0.007498681 -7.07106e-4 -0.02140951 0.007340013 -5e-4 -0.02140951 0.007340013 -5e-4 -0.02140951 0.007340013 -5e-4 -0.02140951 0.007340013 -5e-4 -0.02141505 0.007240235 -2.58819e-4 -0.02141505 0.007240235 -2.58819e-4 -0.02141505 0.007240235 -2.58819e-4 -0.02141505 0.007240235 -2.58819e-4 -0.02155256 0.004780113 -0.002739369 -0.02155256 0.004780113 -0.002739369 -0.02155256 0.004780113 -0.002739369 -0.02155256 0.004780113 -0.002739369 -0.02157419 0.004392623 -0.003181934 -0.02157419 0.004392623 -0.003181934 -0.02157419 0.004392623 -0.003181934 -0.02159887 0.003950774 -0.003570079 -0.02159887 0.003950774 -0.003570079 -0.02159887 0.003950774 -0.003570079 -0.02162617 0.003462076 -0.00389707 -0.02162617 0.003462076 -0.00389707 -0.02162617 0.003462076 -0.00389707 -0.02165567 0.002934992 -0.004157423 -0.02165567 0.002934992 -0.004157423 -0.02165567 0.002934992 -0.004157423 -0.02165567 0.002934992 -0.004157423 -0.02168673 0.002378463 -0.004346609 -0.02168673 0.002378463 -0.004346609 -0.02168673 0.002378463 -0.004346609 -0.02168673 0.002378463 -0.004346609 -0.02168673 0.002378463 -0.004346609 -0.02169787 0.002180039 -0.006741166 -0.02169787 0.002180039 -0.006741166 -0.02169787 0.002180039 -0.006741166 -0.02169787 0.002180039 -0.006741166 -0.02110975 0.01270252 -0.006348311 -0.02110975 0.01270252 -0.006348311 -0.02110975 0.01270252 -0.006348311 -0.02109783 0.01291674 -0.005830287 -0.02109783 0.01291674 -0.005830287 -0.02109783 0.01291674 -0.005830287 -0.02108913 0.01307171 -0.005291521 -0.02108913 0.01307171 -0.005291521 -0.02108913 0.01307171 -0.005291521 -0.02108389 0.01316553 -0.004738748 -0.02108389 0.01316553 -0.004738748 -0.02108389 0.01316553 -0.004738748 -0.02108389 0.01316553 -0.004738748 -0.02108216 0.01319688 -0.004178881 -0.02108216 0.01319688 -0.004178881 -0.02108216 0.01319688 -0.004178881 -0.02108216 0.01319688 -0.004178881 -0.02108216 0.01319688 0.004178881 -0.02108216 0.01319688 0.004178881 -0.02108216 0.01319688 0.004178881 -0.02108389 0.01316553 0.004738748 -0.02108389 0.01316553 0.004738748 -0.02108389 0.01316553 0.004738748 -0.02108389 0.01316553 0.004738748 -0.02108913 0.01307171 0.005291521 -0.02108913 0.01307171 0.005291521 -0.02108913 0.01307171 0.005291521 -0.02108913 0.01307171 0.005291521 -0.02109783 0.01291674 0.005830287 -0.02109783 0.01291674 0.005830287 -0.02109783 0.01291674 0.005830287 -0.02110975 0.01270252 0.006348311 -0.02110975 0.01270252 0.006348311 -0.02110975 0.01270252 0.006348311 -0.02180564 2.51204e-4 -0.006741166 -0.02180564 2.51204e-4 -0.006741166 -0.02180564 2.51204e-4 -0.006741166 -0.02180564 2.51204e-4 -0.006741166 -0.02180564 2.51204e-4 -0.006741166 -0.02180004 3.50922e-4 -0.006499946 -0.02180004 3.50922e-4 -0.006499946 -0.02180004 3.50922e-4 -0.006499946 -0.02180004 3.50922e-4 -0.006499946 -0.02179121 5.09605e-4 -0.006292879 -0.02179121 5.09605e-4 -0.006292879 -0.02179121 5.09605e-4 -0.006292879 -0.02179121 5.09605e-4 -0.006292879 -0.02169787 0.002180039 0.006741166 -0.02169787 0.002180039 0.006741166 -0.02169787 0.002180039 0.006741166 -0.02169787 0.002180039 0.006741166 -0.02169787 0.002180039 0.006741166 -0.02169787 0.002180039 0.006741166 -0.02168673 0.002378463 0.004346609 -0.02168673 0.002378463 0.004346609 -0.02168673 0.002378463 0.004346609 -0.02168673 0.002378463 0.004346609 -0.02165567 0.002934992 0.004157423 -0.02165567 0.002934992 0.004157423 -0.02165567 0.002934992 0.004157423 -0.02162617 0.003462076 0.00389707 -0.02162617 0.003462076 0.00389707 -0.02162617 0.003462076 0.00389707 -0.02159887 0.003950774 0.003570079 -0.02159887 0.003950774 0.003570079 -0.02159887 0.003950774 0.003570079 -0.02159887 0.003950774 0.003570079 -0.02157419 0.004392623 0.003181934 -0.02157419 0.004392623 0.003181934 -0.02157419 0.004392623 0.003181934 -0.02157419 0.004392623 0.003181934 -0.02155256 0.004780113 0.002739369 -0.02155256 0.004780113 0.002739369 -0.02155256 0.004780113 0.002739369 -0.02155256 0.004780113 0.002739369 -0.02141505 0.007240235 2.58819e-4 -0.02141505 0.007240235 2.58819e-4 -0.02141505 0.007240235 2.58819e-4 -0.02141505 0.007240235 2.58819e-4 -0.02140951 0.007340013 5e-4 -0.02140951 0.007340013 5e-4 -0.02140951 0.007340013 5e-4 -0.02140951 0.007340013 5e-4 -0.02140063 0.007498681 7.07107e-4 -0.02140063 0.007498681 7.07107e-4 -0.02140063 0.007498681 7.07107e-4 -0.02140063 0.007498681 7.07107e-4 -0.02138906 0.00770545 8.66025e-4 -0.02138906 0.00770545 8.66025e-4 -0.02138906 0.00770545 8.66025e-4 -0.02137559 0.007946252 9.65926e-4 -0.02137559 0.007946252 9.65926e-4 -0.02137559 0.007946252 9.65926e-4 -0.02136117 0.008204698 10e-4 -0.02136117 0.008204698 10e-4 -0.02136117 0.008204698 10e-4 -0.02134668 0.008463084 9.65926e-4 -0.02134668 0.008463084 9.65926e-4 -0.02134668 0.008463084 9.65926e-4 -0.02134668 0.008463084 9.65926e-4 -0.02133327 0.008703887 8.66025e-4 -0.02133327 0.008703887 8.66025e-4 -0.02133327 0.008703887 8.66025e-4 -0.02133327 0.008703887 8.66025e-4 -0.02178454 6.29157e-4 0.004461467 -0.02178454 6.29157e-4 0.004461467 -0.02178454 6.29157e-4 0.004461467 -0.02177965 7.16388e-4 0.006133973 -0.02177965 7.16388e-4 0.006133973 -0.02177965 7.16388e-4 0.006133973 -0.02177965 7.16388e-4 0.006133973 -0.02179121 5.09605e-4 0.006292879 -0.02179121 5.09605e-4 0.006292879 -0.02179121 5.09605e-4 0.006292879 -0.02179121 5.09605e-4 0.006292879 -0.02180004 3.50922e-4 0.006499946 -0.02180004 3.50922e-4 0.006499946 -0.02180004 3.50922e-4 0.006499946 -0.02180004 3.50922e-4 0.006499946 -0.02180564 2.51204e-4 0.006741166 -0.02180564 2.51204e-4 0.006741166 -0.02180564 2.51204e-4 0.006741166 -0.02180564 2.51204e-4 0.006741166 -0.02180564 2.51204e-4 0.007258772 -0.02180564 2.51204e-4 0.007258772 -0.02180564 2.51204e-4 0.007258772 -0.02180564 2.51204e-4 0.007258772 -0.02180004 3.50922e-4 0.007499992 -0.02180004 3.50922e-4 0.007499992 -0.02180004 3.50922e-4 0.007499992 -0.02180004 3.50922e-4 0.007499992 -0.02179121 5.09605e-4 0.007707059 -0.02179121 5.09605e-4 0.007707059 -0.02179121 5.09605e-4 0.007707059 -0.02179121 5.09605e-4 0.007707059 -0.02177965 7.16388e-4 0.007865965 -0.02177965 7.16388e-4 0.007865965 -0.02177965 7.16388e-4 0.007865965 -0.02176618 9.57191e-4 0.007965922 -0.02176618 9.57191e-4 0.007965922 -0.02176618 9.57191e-4 0.007965922 -0.02175176 0.001215577 0.007999956 -0.02175176 0.001215577 0.007999956 -0.02175176 0.001215577 0.007999956 -0.02175176 0.001215577 0.007999956 -0.02173727 0.001474022 0.007965922 -0.02173727 0.001474022 0.007965922 -0.02173727 0.001474022 0.007965922 -0.02173727 0.001474022 0.007965922 -0.02173727 0.001474022 0.007965922 -0.02172386 0.001714825 0.007865965 -0.02172386 0.001714825 0.007865965 -0.02172386 0.001714825 0.007865965 -0.02172386 0.001714825 0.007865965 -0.0217123 0.001921594 0.007707059 -0.0217123 0.001921594 0.007707059 -0.0217123 0.001921594 0.007707059 -0.0217123 0.001921594 0.007707059 -0.02170342 0.002080261 0.007499992 -0.02170342 0.002080261 0.007499992 -0.02170342 0.002080261 0.007499992 -0.02170342 0.002080261 0.007499992 -0.02169787 0.002180039 0.007258772 -0.02169787 0.002180039 0.007258772 -0.02169787 0.002180039 0.007258772 -0.02169787 0.002180039 0.007258772 -0.02116388 0.01173466 0.00771445 -0.02116388 0.01173466 0.00771445 -0.02116388 0.01173466 0.00771445 -0.02116388 0.01173466 0.00771445 -0.02199429 -0.003124237 0.001164674 -0.02199429 -0.003124237 0.001164674 -0.02199429 -0.003124237 0.001164674 -0.02199429 -0.003124237 0.001164674 -0.02199429 -0.003124237 0.001164674 -0.02212792 -0.005515038 9.65926e-4 -0.02212792 -0.005515038 9.65926e-4 -0.02212792 -0.005515038 9.65926e-4 -0.02212792 -0.005515038 9.65926e-4 -0.02170342 0.002080261 -0.006499946 -0.02170342 0.002080261 -0.006499946 -0.02170342 0.002080261 -0.006499946 -0.02170342 0.002080261 -0.006499946 -0.02170342 0.002080261 -0.006499946 -0.02171897 0.001802027 -0.004461467 -0.02171897 0.001802027 -0.004461467 -0.02171897 0.001802027 -0.004461467 -0.0217123 0.001921594 -0.006292879 -0.0217123 0.001921594 -0.006292879 -0.0217123 0.001921594 -0.006292879 -0.0217123 0.001921594 -0.006292879 -0.02175176 0.001215577 -0.004499971 -0.02175176 0.001215577 -0.004499971 -0.02175176 0.001215577 -0.004499971 -0.02173727 0.001474022 -0.006034016 -0.02173727 0.001474022 -0.006034016 -0.02173727 0.001474022 -0.006034016 -0.02173727 0.001474022 -0.006034016 -0.02172386 0.001714825 -0.006133973 -0.02172386 0.001714825 -0.006133973 -0.02172386 0.001714825 -0.006133973 -0.02172386 0.001714825 -0.006133973 -0.02175176 0.001215577 -0.005999982 -0.02175176 0.001215577 -0.005999982 -0.02175176 0.001215577 -0.005999982 -0.02170342 0.002080261 0.006499946 -0.02170342 0.002080261 0.006499946 -0.02170342 0.002080261 0.006499946 -0.02170342 0.002080261 0.006499946 -0.02175176 0.001215577 0.004499971 -0.02175176 0.001215577 0.004499971 -0.02175176 0.001215577 0.004499971 -0.02173727 0.001474022 0.006034016 -0.02173727 0.001474022 0.006034016 -0.02173727 0.001474022 0.006034016 -0.02175176 0.001215577 0.005999982 -0.02175176 0.001215577 0.005999982 -0.02175176 0.001215577 0.005999982 -0.02176618 9.57191e-4 0.006034016 -0.02176618 9.57191e-4 0.006034016 -0.02176618 9.57191e-4 0.006034016 -0.02669286 0.002408266 -0.01046001 -0.02669286 0.002408266 -0.01046001 -0.02669286 0.002408266 -0.01046001 -0.02669286 0.002408266 -0.01046001 -0.0266422 0.003315091 -0.01034045 -0.0266422 0.003315091 -0.01034045 -0.0266422 0.003315091 -0.01034045 -0.02659231 0.004207968 -0.0101422 -0.02659231 0.004207968 -0.0101422 -0.02659231 0.004207968 -0.0101422 -0.02654355 0.005080223 -0.009866714 -0.02654355 0.005080223 -0.009866714 -0.02654355 0.005080223 -0.009866714 -0.02649635 0.005925178 -0.009516179 -0.02649635 0.005925178 -0.009516179 -0.02649635 0.005925178 -0.009516179 -0.02645099 0.006736397 -0.009093225 -0.02645099 0.006736397 -0.009093225 -0.02645099 0.006736397 -0.009093225 -0.02640789 0.007507741 -0.008601069 -0.02640789 0.007507741 -0.008601069 -0.02640789 0.007507741 -0.008601069 -0.02640789 0.007507741 -0.008601069 -0.02636736 0.008233368 -0.008043408 -0.02636736 0.008233368 -0.008043408 -0.02636736 0.008233368 -0.008043408 -0.02632969 0.008907675 -0.007424592 -0.02632969 0.008907675 -0.007424592 -0.02632969 0.008907675 -0.007424592 -0.02629512 0.009525537 -0.006749212 -0.02629512 0.009525537 -0.006749212 -0.02629512 0.009525537 -0.006749212 -0.02626401 0.0100823 -0.006022512 -0.02626401 0.0100823 -0.006022512 -0.02626401 0.0100823 -0.006022512 -0.02626401 0.0100823 -0.006022512 -0.02623653 0.01057368 -0.005249977 -0.02623653 0.01057368 -0.005249977 -0.02623653 0.01057368 -0.005249977 -0.02623653 0.01057368 -0.005249977 -0.02623653 0.01057368 -0.005249977 -0.02615809 0.0119782 0 -0.02615809 0.0119782 0 -0.02615809 0.0119782 0 -0.02615809 0.0119782 0 -0.02615809 0.0119782 0 -0.02615606 0.01201367 0.00771445 -0.02615606 0.01201367 0.00771445 -0.02615606 0.01201367 0.00771445 -0.02615606 0.01201367 0.00771445 -0.02615606 0.01201367 0.00771445 -0.0261352 0.01238673 0.007296323 -0.0261352 0.01238673 0.007296323 -0.0261352 0.01238673 0.007296323 -0.0261352 0.01238673 0.007296323 -0.02611714 0.01271069 0.006839036 -0.02611714 0.01271069 0.006839036 -0.02611714 0.01271069 0.006839036 -0.02611714 0.01271069 0.006839036 -0.026102 0.01298147 0.006348311 -0.026102 0.01298147 0.006348311 -0.026102 0.01298147 0.006348311 -0.02609002 0.01319575 0.005830287 -0.02609002 0.01319575 0.005830287 -0.02609002 0.01319575 0.005830287 -0.02608138 0.01335072 0.005291521 -0.02608138 0.01335072 0.005291521 -0.02608138 0.01335072 0.005291521 -0.02607613 0.01344448 0.004738748 -0.02607613 0.01344448 0.004738748 -0.02607613 0.01344448 0.004738748 -0.02607613 0.01344448 0.004738748 -0.02607434 0.01347589 0.004178881 -0.02607434 0.01347589 0.004178881 -0.02607434 0.01347589 0.004178881 -0.02607434 0.01347589 0.004178881 -0.02607434 0.01347589 -0.004178881 -0.02607434 0.01347589 -0.004178881 -0.02607434 0.01347589 -0.004178881 -0.02607434 0.01347589 -0.004178881 -0.02607613 0.01344448 -0.004738748 -0.02607613 0.01344448 -0.004738748 -0.02607613 0.01344448 -0.004738748 -0.02607613 0.01344448 -0.004738748 -0.02607613 0.01344448 -0.004738748 -0.02608138 0.01335072 -0.005291521 -0.02608138 0.01335072 -0.005291521 -0.02608138 0.01335072 -0.005291521 -0.02608138 0.01335072 -0.005291521 -0.02609002 0.01319575 -0.005830287 -0.02609002 0.01319575 -0.005830287 -0.02609002 0.01319575 -0.005830287 -0.026102 0.01298147 -0.006348311 -0.026102 0.01298147 -0.006348311 -0.026102 0.01298147 -0.006348311 -0.02611714 0.01271069 -0.006839036 -0.02611714 0.01271069 -0.006839036 -0.02611714 0.01271069 -0.006839036 -0.0261352 0.01238673 -0.007296323 -0.0261352 0.01238673 -0.007296323 -0.0261352 0.01238673 -0.007296323 -0.0261352 0.01238673 -0.007296323 -0.02615606 0.01201367 -0.00771445 -0.02615606 0.01201367 -0.00771445 -0.02615606 0.01201367 -0.00771445 -0.02615606 0.01201367 -0.00771445 -0.02615606 0.01201367 -0.00771445 -0.02616029 0.01193833 -9.15135e-4 -0.02616029 0.01193833 -9.15135e-4 -0.02616029 0.01193833 -9.15135e-4 -0.02616029 0.01193833 -9.15135e-4 -0.02621293 0.01099598 -0.004437446 -0.02621293 0.01099598 -0.004437446 -0.02621293 0.01099598 -0.004437446 -0.02621293 0.01099598 -0.004437446 -0.02619338 0.01134598 -0.003591179 -0.02619338 0.01134598 -0.003591179 -0.02619338 0.01134598 -0.003591179 -0.026178 0.01162099 -0.002717554 -0.026178 0.01162099 -0.002717554 -0.026178 0.01162099 -0.002717554 -0.026178 0.01162099 -0.002717554 -0.02616697 0.01181894 -0.001823246 -0.02616697 0.01181894 -0.001823246 -0.02616697 0.01181894 -0.001823246 -0.02732986 -0.008989036 0 -0.02732986 -0.008989036 0 -0.02732986 -0.008989036 0 -0.02732986 -0.008989036 0 -0.02732759 -0.0089491 -9.15135e-4 -0.02732759 -0.0089491 -9.15135e-4 -0.02732759 -0.0089491 -9.15135e-4 -0.02732092 -0.008829712 -0.001823246 -0.02732092 -0.008829712 -0.001823246 -0.02732092 -0.008829712 -0.001823246 -0.02732092 -0.008829712 -0.001823246 -0.02730989 -0.008631765 -0.002717554 -0.02730989 -0.008631765 -0.002717554 -0.02730989 -0.008631765 -0.002717554 -0.02729451 -0.00835675 -0.003591179 -0.02729451 -0.00835675 -0.003591179 -0.02729451 -0.00835675 -0.003591179 -0.02729451 -0.00835675 -0.003591179 -0.02727496 -0.008006751 -0.004437446 -0.02727496 -0.008006751 -0.004437446 -0.02727496 -0.008006751 -0.004437446 -0.02727496 -0.008006751 -0.004437446 -0.02725136 -0.007584452 -0.005249977 -0.02725136 -0.007584452 -0.005249977 -0.02725136 -0.007584452 -0.005249977 -0.02722388 -0.007093071 -0.006022512 -0.02722388 -0.007093071 -0.006022512 -0.02722388 -0.007093071 -0.006022512 -0.02722388 -0.007093071 -0.006022512 -0.02719277 -0.006536304 -0.006749212 -0.02719277 -0.006536304 -0.006749212 -0.02719277 -0.006536304 -0.006749212 -0.02719277 -0.006536304 -0.006749212 -0.02715826 -0.005918383 -0.007424592 -0.02715826 -0.005918383 -0.007424592 -0.02715826 -0.005918383 -0.007424592 -0.02715826 -0.005918383 -0.007424592 -0.02712053 -0.005244135 -0.008043408 -0.02712053 -0.005244135 -0.008043408 -0.02712053 -0.005244135 -0.008043408 -0.02707999 -0.004518508 -0.008601069 -0.02707999 -0.004518508 -0.008601069 -0.02707999 -0.004518508 -0.008601069 -0.0270369 -0.003747165 -0.009093225 -0.0270369 -0.003747165 -0.009093225 -0.0270369 -0.003747165 -0.009093225 -0.02699154 -0.002935945 -0.009516179 -0.02699154 -0.002935945 -0.009516179 -0.02699154 -0.002935945 -0.009516179 -0.02694433 -0.00209099 -0.009866714 -0.02694433 -0.00209099 -0.009866714 -0.02694433 -0.00209099 -0.009866714 -0.02689558 -0.001218736 -0.0101422 -0.02689558 -0.001218736 -0.0101422 -0.02689558 -0.001218736 -0.0101422 -0.02684569 -3.25859e-4 -0.01034045 -0.02684569 -3.25859e-4 -0.01034045 -0.02684569 -3.25859e-4 -0.01034045 -0.02679502 5.80907e-4 -0.01046001 -0.02679502 5.80907e-4 -0.01046001 -0.02679502 5.80907e-4 -0.01046001 -0.02679502 5.80907e-4 -0.01046001 -0.02674394 0.001494586 -0.01049995 -0.02674394 0.001494586 -0.01049995 -0.02674394 0.001494586 -0.01049995 -0.02674394 0.001494586 -0.01049995 -0.02623653 0.01057368 0.005249977 -0.02623653 0.01057368 0.005249977 -0.02623653 0.01057368 0.005249977 -0.02623653 0.01057368 0.005249977 -0.02626401 0.0100823 0.006022512 -0.02626401 0.0100823 0.006022512 -0.02626401 0.0100823 0.006022512 -0.02626401 0.0100823 0.006022512 -0.02629512 0.009525537 0.006749212 -0.02629512 0.009525537 0.006749212 -0.02629512 0.009525537 0.006749212 -0.02632969 0.008907675 0.007424592 -0.02632969 0.008907675 0.007424592 -0.02632969 0.008907675 0.007424592 -0.02636736 0.008233368 0.008043408 -0.02636736 0.008233368 0.008043408 -0.02636736 0.008233368 0.008043408 -0.02640789 0.007507741 0.008601069 -0.02640789 0.007507741 0.008601069 -0.02640789 0.007507741 0.008601069 -0.02640789 0.007507741 0.008601069 -0.02645099 0.006736397 0.009093225 -0.02645099 0.006736397 0.009093225 -0.02645099 0.006736397 0.009093225 -0.02649635 0.005925178 0.009516179 -0.02649635 0.005925178 0.009516179 -0.02649635 0.005925178 0.009516179 -0.02654355 0.005080223 0.009866714 -0.02654355 0.005080223 0.009866714 -0.02654355 0.005080223 0.009866714 -0.02659231 0.004207968 0.0101422 -0.02659231 0.004207968 0.0101422 -0.02659231 0.004207968 0.0101422 -0.0266422 0.003315091 0.01034045 -0.0266422 0.003315091 0.01034045 -0.0266422 0.003315091 0.01034045 -0.02669286 0.002408266 0.01046001 -0.02669286 0.002408266 0.01046001 -0.02669286 0.002408266 0.01046001 -0.02669286 0.002408266 0.01046001 -0.02616029 0.01193833 9.15135e-4 -0.02616029 0.01193833 9.15135e-4 -0.02616029 0.01193833 9.15135e-4 -0.02616029 0.01193833 9.15135e-4 -0.02616697 0.01181894 0.001823306 -0.02616697 0.01181894 0.001823306 -0.02616697 0.01181894 0.001823306 -0.02616697 0.01181894 0.001823306 -0.02616697 0.01181894 0.001823306 -0.026178 0.01162099 0.002717554 -0.026178 0.01162099 0.002717554 -0.026178 0.01162099 0.002717554 -0.02619338 0.01134598 0.003591179 -0.02619338 0.01134598 0.003591179 -0.02619338 0.01134598 0.003591179 -0.02621293 0.01099598 0.004437446 -0.02621293 0.01099598 0.004437446 -0.02621293 0.01099598 0.004437446 -0.02621293 0.01099598 0.004437446 -0.02674394 0.001494586 0.01049995 -0.02674394 0.001494586 0.01049995 -0.02674394 0.001494586 0.01049995 -0.02674394 0.001494586 0.01049995 -0.02679502 5.80907e-4 0.01046001 -0.02679502 5.80907e-4 0.01046001 -0.02679502 5.80907e-4 0.01046001 -0.02679502 5.80907e-4 0.01046001 -0.02684569 -3.25859e-4 0.01034045 -0.02684569 -3.25859e-4 0.01034045 -0.02684569 -3.25859e-4 0.01034045 -0.02689558 -0.001218736 0.0101422 -0.02689558 -0.001218736 0.0101422 -0.02689558 -0.001218736 0.0101422 -0.02694433 -0.00209099 0.009866714 -0.02694433 -0.00209099 0.009866714 -0.02694433 -0.00209099 0.009866714 -0.02699154 -0.002935945 0.009516179 -0.02699154 -0.002935945 0.009516179 -0.02699154 -0.002935945 0.009516179 -0.0270369 -0.003747165 0.009093225 -0.0270369 -0.003747165 0.009093225 -0.0270369 -0.003747165 0.009093225 -0.02707999 -0.004518508 0.008601069 -0.02707999 -0.004518508 0.008601069 -0.02707999 -0.004518508 0.008601069 -0.02707999 -0.004518508 0.008601069 -0.02712053 -0.005244135 0.008043408 -0.02712053 -0.005244135 0.008043408 -0.02712053 -0.005244135 0.008043408 -0.02712053 -0.005244135 0.008043408 -0.02715826 -0.005918383 0.007424592 -0.02715826 -0.005918383 0.007424592 -0.02715826 -0.005918383 0.007424592 -0.02715826 -0.005918383 0.007424592 -0.02719277 -0.006536304 0.006749212 -0.02719277 -0.006536304 0.006749212 -0.02719277 -0.006536304 0.006749212 -0.02719277 -0.006536304 0.006749212 -0.02722388 -0.007093071 0.006022512 -0.02722388 -0.007093071 0.006022512 -0.02722388 -0.007093071 0.006022512 -0.02725136 -0.007584452 0.005249977 -0.02725136 -0.007584452 0.005249977 -0.02725136 -0.007584452 0.005249977 -0.02725136 -0.007584452 0.005249977 -0.02727496 -0.008006751 0.004437446 -0.02727496 -0.008006751 0.004437446 -0.02727496 -0.008006751 0.004437446 -0.02727496 -0.008006751 0.004437446 -0.02729451 -0.00835675 0.003591179 -0.02729451 -0.00835675 0.003591179 -0.02729451 -0.00835675 0.003591179 -0.02729451 -0.00835675 0.003591179 -0.02730989 -0.008631765 0.002717554 -0.02730989 -0.008631765 0.002717554 -0.02730989 -0.008631765 0.002717554 -0.02732092 -0.008829712 0.001823306 -0.02732092 -0.008829712 0.001823306 -0.02732092 -0.008829712 0.001823306 -0.02732759 -0.0089491 9.15135e-4 -0.02732759 -0.0089491 9.15135e-4 -0.02732759 -0.0089491 9.15135e-4 -0.02384281 0.008602559 9.65926e-4 -0.02384281 0.008602559 9.65926e-4 -0.02384281 0.008602559 9.65926e-4 -0.02384281 0.008602559 9.65926e-4 -0.02366417 0.01179879 9.15135e-4 -0.02366417 0.01179879 9.15135e-4 -0.02366417 0.01179879 9.15135e-4 -0.02366417 0.01179879 9.15135e-4 -0.02382934 0.008843421 8.66025e-4 -0.02382934 0.008843421 8.66025e-4 -0.02382934 0.008843421 8.66025e-4 -0.02382934 0.008843421 8.66025e-4 -0.02382934 0.008843421 8.66025e-4 -0.02412229 0.003601551 0.00389707 -0.02412229 0.003601551 0.00389707 -0.02412229 0.003601551 0.00389707 -0.02412229 0.003601551 0.00389707 -0.02415174 0.003074467 0.004157423 -0.02415174 0.003074467 0.004157423 -0.02415174 0.003074467 0.004157423 -0.02424782 0.001355111 0.005999982 -0.02424782 0.001355111 0.005999982 -0.02424782 0.001355111 0.005999982 -0.02418285 0.002517938 0.004346609 -0.02418285 0.002517938 0.004346609 -0.02418285 0.002517938 0.004346609 -0.0242151 0.001941561 0.004461467 -0.0242151 0.001941561 0.004461467 -0.0242151 0.001941561 0.004461467 -0.02424782 0.001355111 0.004499971 -0.02424782 0.001355111 0.004499971 -0.02424782 0.001355111 0.004499971 -0.02389669 0.007638156 7.07107e-4 -0.02389669 0.007638156 7.07107e-4 -0.02389669 0.007638156 7.07107e-4 -0.02389669 0.007638156 7.07107e-4 -0.02390557 0.007479488 5e-4 -0.02390557 0.007479488 5e-4 -0.02390557 0.007479488 5e-4 -0.02390557 0.007479488 5e-4 -0.02399891 0.005809605 5.87368e-4 -0.02399891 0.005809605 5.87368e-4 -0.02399891 0.005809605 5.87368e-4 -0.02399891 0.005809605 5.87368e-4 -0.02437341 -8.91358e-4 0.00389707 -0.02437341 -8.91358e-4 0.00389707 -0.02437341 -8.91358e-4 0.00389707 -0.02437341 -8.91358e-4 0.00389707 -0.02434396 -3.64274e-4 0.004157423 -0.02434396 -3.64274e-4 0.004157423 -0.02434396 -3.64274e-4 0.004157423 -0.02431285 1.92225e-4 0.004346609 -0.02431285 1.92225e-4 0.004346609 -0.02431285 1.92225e-4 0.004346609 -0.0242806 7.68647e-4 0.004461467 -0.0242806 7.68647e-4 0.004461467 -0.0242806 7.68647e-4 0.004461467 -0.02449893 -0.003137886 0 -0.02449893 -0.003137886 0 -0.02449893 -0.003137886 0 -0.02458262 -0.004635512 0 -0.02458262 -0.004635512 0 -0.02458262 -0.004635512 0 -0.02458262 -0.004635512 0 -0.02458453 -0.004669547 2.58819e-4 -0.02458453 -0.004669547 2.58819e-4 -0.02458453 -0.004669547 2.58819e-4 -0.0242623 0.001096665 -0.006034016 -0.0242623 0.001096665 -0.006034016 -0.0242623 0.001096665 -0.006034016 -0.02424782 0.001355111 -0.004499971 -0.02424782 0.001355111 -0.004499971 -0.02424782 0.001355111 -0.004499971 -0.02424782 0.001355111 -0.004499971 -0.02424782 0.001355111 -0.005999982 -0.02424782 0.001355111 -0.005999982 -0.02424782 0.001355111 -0.005999982 -0.02465289 -0.005892336 9.65926e-4 -0.02465289 -0.005892336 9.65926e-4 -0.02465289 -0.005892336 9.65926e-4 -0.02465289 -0.005892336 9.65926e-4 -0.02466636 -0.006133198 8.66025e-4 -0.02466636 -0.006133198 8.66025e-4 -0.02466636 -0.006133198 8.66025e-4 -0.02466636 -0.006133198 8.66025e-4 -0.02466636 -0.006133198 8.66025e-4 -0.02483153 -0.009088575 9.15135e-4 -0.02483153 -0.009088575 9.15135e-4 -0.02483153 -0.009088575 9.15135e-4 -0.02385723 0.008344173 -10e-4 -0.02385723 0.008344173 -10e-4 -0.02385723 0.008344173 -10e-4 -0.02385723 0.008344173 -10e-4 -0.02384281 0.008602559 -9.65925e-4 -0.02384281 0.008602559 -9.65925e-4 -0.02384281 0.008602559 -9.65925e-4 -0.02384281 0.008602559 -9.65925e-4 -0.02367085 0.01167947 -0.001823246 -0.02367085 0.01167947 -0.001823246 -0.02367085 0.01167947 -0.001823246 -0.02367085 0.01167947 -0.001823246 -0.02367085 0.01167947 -0.001823246 -0.02383357 0.008768141 -0.007424592 -0.02383357 0.008768141 -0.007424592 -0.02383357 0.008768141 -0.007424592 -0.02387124 0.008093833 -0.008043408 -0.02387124 0.008093833 -0.008043408 -0.02387124 0.008093833 -0.008043408 -0.02387124 0.008093833 -0.008043408 -0.02387124 0.008093833 -0.008043408 -0.02387124 0.008093833 -0.008043408 -0.02400529 0.005694985 -0.001164674 -0.02400529 0.005694985 -0.001164674 -0.02400529 0.005694985 -0.001164674 -0.02400529 0.005694985 -0.001164674 -0.02400529 0.005694985 -0.001164674 -0.02430176 3.90679e-4 -0.007258772 -0.02430176 3.90679e-4 -0.007258772 -0.02430176 3.90679e-4 -0.007258772 -0.02430176 3.90679e-4 -0.007258772 -0.02430176 3.90679e-4 -0.007258772 -0.02430176 3.90679e-4 -0.007258772 -0.02440071 -0.001380026 -0.003570079 -0.02440071 -0.001380026 -0.003570079 -0.02440071 -0.001380026 -0.003570079 -0.02440071 -0.001380026 -0.003570079 -0.02437341 -8.91358e-4 -0.00389707 -0.02437341 -8.91358e-4 -0.00389707 -0.02437341 -8.91358e-4 -0.00389707 -0.02434396 -3.64274e-4 -0.004157423 -0.02434396 -3.64274e-4 -0.004157423 -0.02434396 -3.64274e-4 -0.004157423 -0.02434396 -3.64274e-4 -0.004157423 -0.02430367 3.56689e-4 -0.006999969 -0.02430367 3.56689e-4 -0.006999969 -0.02430367 3.56689e-4 -0.006999969 -0.02430367 3.56689e-4 -0.006999969 -0.02430367 3.56689e-4 -0.006999969 -0.02429616 4.90442e-4 -0.007499992 -0.02429616 4.90442e-4 -0.007499992 -0.02429616 4.90442e-4 -0.007499992 -0.02429616 4.90442e-4 -0.007499992 -0.02429616 4.90442e-4 -0.007499992 -0.02446532 -0.002535879 -0.002249956 -0.02446532 -0.002535879 -0.002249956 -0.02446532 -0.002535879 -0.002249956 -0.02444708 -0.002209424 -0.002739369 -0.02444708 -0.002209424 -0.002739369 -0.02444708 -0.002209424 -0.002739369 -0.02444708 -0.002209424 -0.002739369 -0.02442538 -0.001821875 -0.003181934 -0.02442538 -0.001821875 -0.003181934 -0.02442538 -0.001821875 -0.003181934 -0.02462446 -0.00538361 -0.008043408 -0.02462446 -0.00538361 -0.008043408 -0.02462446 -0.00538361 -0.008043408 -0.02462446 -0.00538361 -0.008043408 -0.02466213 -0.006057918 -0.007424592 -0.02466213 -0.006057918 -0.007424592 -0.02466213 -0.006057918 -0.007424592 -0.02466213 -0.006057918 -0.007424592 -0.02463847 -0.00563395 -10e-4 -0.02463847 -0.00563395 -10e-4 -0.02463847 -0.00563395 -10e-4 -0.02449041 -0.002984762 -0.001164674 -0.02449041 -0.002984762 -0.001164674 -0.02449041 -0.002984762 -0.001164674 -0.02449041 -0.002984762 -0.001164674 -0.0244798 -0.002795875 -0.001722037 -0.0244798 -0.002795875 -0.001722037 -0.0244798 -0.002795875 -0.001722037 -0.02428728 6.49095e-4 -0.007707059 -0.02428728 6.49095e-4 -0.007707059 -0.02428728 6.49095e-4 -0.007707059 -0.02428728 6.49095e-4 -0.007707059 -0.02427572 8.55878e-4 -0.007865965 -0.02427572 8.55878e-4 -0.007865965 -0.02427572 8.55878e-4 -0.007865965 -0.0242623 0.001096665 -0.007965922 -0.0242623 0.001096665 -0.007965922 -0.0242623 0.001096665 -0.007965922 -0.02424782 0.001355111 -0.007999956 -0.02424782 0.001355111 -0.007999956 -0.02424782 0.001355111 -0.007999956 -0.02424782 0.001355111 -0.007999956 -0.0246967 -0.006675839 -0.006749212 -0.0246967 -0.006675839 -0.006749212 -0.0246967 -0.006675839 -0.006749212 -0.0246967 -0.006675839 -0.006749212 -0.02472776 -0.007232546 -0.006022512 -0.02472776 -0.007232546 -0.006022512 -0.02472776 -0.007232546 -0.006022512 -0.02475523 -0.007723987 -0.005249977 -0.02475523 -0.007723987 -0.005249977 -0.02475523 -0.007723987 -0.005249977 -0.02475523 -0.007723987 -0.005249977 -0.02477884 -0.008146286 -0.004437446 -0.02477884 -0.008146286 -0.004437446 -0.02477884 -0.008146286 -0.004437446 -0.02477884 -0.008146286 -0.004437446 -0.02479839 -0.008496284 -0.003591179 -0.02479839 -0.008496284 -0.003591179 -0.02479839 -0.008496284 -0.003591179 -0.02481377 -0.0087713 -0.002717554 -0.02481377 -0.0087713 -0.002717554 -0.02481377 -0.0087713 -0.002717554 -0.02481377 -0.0087713 -0.002717554 -0.02482485 -0.008969247 -0.001823246 -0.02482485 -0.008969247 -0.001823246 -0.02482485 -0.008969247 -0.001823246 -0.02465289 -0.005892336 -9.65925e-4 -0.02465289 -0.005892336 -9.65925e-4 -0.02465289 -0.005892336 -9.65925e-4 -0.02462446 -0.00538361 0.008043408 -0.02462446 -0.00538361 0.008043408 -0.02462446 -0.00538361 0.008043408 -0.02462446 -0.00538361 0.008043408 -0.02424782 0.001355111 0.007999956 -0.02424782 0.001355111 0.007999956 -0.02424782 0.001355111 0.007999956 -0.02424782 0.001355111 0.007999956 -0.0242623 0.001096665 0.007965922 -0.0242623 0.001096665 0.007965922 -0.0242623 0.001096665 0.007965922 -0.02427572 8.55878e-4 0.007865965 -0.02427572 8.55878e-4 0.007865965 -0.02427572 8.55878e-4 0.007865965 -0.02427572 8.55878e-4 0.007865965 -0.02428728 6.49095e-4 0.007707059 -0.02428728 6.49095e-4 0.007707059 -0.02428728 6.49095e-4 0.007707059 -0.02428728 6.49095e-4 0.007707059 -0.02428728 6.49095e-4 0.007707059 -0.02463847 -0.00563395 10e-4 -0.02463847 -0.00563395 10e-4 -0.02463847 -0.00563395 10e-4 -0.02463847 -0.00563395 10e-4 -0.02463847 -0.00563395 10e-4 -0.02466213 -0.006057918 0.007424592 -0.02466213 -0.006057918 0.007424592 -0.02466213 -0.006057918 0.007424592 -0.02466213 -0.006057918 0.007424592 -0.02368193 0.01148152 -0.002717554 -0.02368193 0.01148152 -0.002717554 -0.02368193 0.01148152 -0.002717554 -0.02369731 0.0112065 -0.003591179 -0.02369731 0.0112065 -0.003591179 -0.02369731 0.0112065 -0.003591179 -0.02369731 0.0112065 -0.003591179 -0.02369731 0.0112065 -0.003591179 -0.02371686 0.0108565 -0.004437446 -0.02371686 0.0108565 -0.004437446 -0.02371686 0.0108565 -0.004437446 -0.02371686 0.0108565 -0.004437446 -0.02374047 0.01043421 -0.005249977 -0.02374047 0.01043421 -0.005249977 -0.02374047 0.01043421 -0.005249977 -0.02376788 0.00994277 -0.006022512 -0.02376788 0.00994277 -0.006022512 -0.02376788 0.00994277 -0.006022512 -0.023799 0.009386003 -0.006749212 -0.023799 0.009386003 -0.006749212 -0.023799 0.009386003 -0.006749212 -0.02424782 0.001355111 -0.01049995 -0.02424782 0.001355111 -0.01049995 -0.02424782 0.001355111 -0.01049995 -0.02424782 0.001355111 -0.01049995 -0.02424782 0.001355111 -0.01049995 -0.02424782 0.001355111 -0.01049995 -0.0242334 0.001613497 -0.007965922 -0.0242334 0.001613497 -0.007965922 -0.0242334 0.001613497 -0.007965922 -0.0242334 0.001613497 -0.007965922 -0.0242334 0.001613497 -0.007965922 -0.02421993 0.0018543 -0.007865965 -0.02421993 0.0018543 -0.007865965 -0.02421993 0.0018543 -0.007865965 -0.02421993 0.0018543 -0.007865965 -0.02421993 0.0018543 -0.007865965 -0.02420842 0.002061069 -0.007707059 -0.02420842 0.002061069 -0.007707059 -0.02420842 0.002061069 -0.007707059 -0.02419954 0.002219796 -0.007499992 -0.02419954 0.002219796 -0.007499992 -0.02419954 0.002219796 -0.007499992 -0.02419954 0.002219796 -0.007499992 -0.02419394 0.002319514 -0.007258772 -0.02419394 0.002319514 -0.007258772 -0.02419394 0.002319514 -0.007258772 -0.02419394 0.002319514 -0.007258772 -0.02419203 0.002353549 -0.006999969 -0.02419203 0.002353549 -0.006999969 -0.02419203 0.002353549 -0.006999969 -0.02418285 0.002517938 -0.004346609 -0.02418285 0.002517938 -0.004346609 -0.02418285 0.002517938 -0.004346609 -0.02418285 0.002517938 -0.004346609 -0.02418285 0.002517938 -0.004346609 -0.02415174 0.003074467 -0.004157423 -0.02415174 0.003074467 -0.004157423 -0.02415174 0.003074467 -0.004157423 -0.02412229 0.003601551 -0.00389707 -0.02412229 0.003601551 -0.00389707 -0.02412229 0.003601551 -0.00389707 -0.02409499 0.004090249 -0.003570079 -0.02409499 0.004090249 -0.003570079 -0.02409499 0.004090249 -0.003570079 -0.02407032 0.004532098 -0.003181934 -0.02407032 0.004532098 -0.003181934 -0.02407032 0.004532098 -0.003181934 -0.02404862 0.004919588 -0.002739369 -0.02404862 0.004919588 -0.002739369 -0.02404862 0.004919588 -0.002739369 -0.02403038 0.005246162 -0.002249956 -0.02403038 0.005246162 -0.002249956 -0.02403038 0.005246162 -0.002249956 -0.02403038 0.005246162 -0.002249956 -0.02401584 0.005506098 -0.001722037 -0.02401584 0.005506098 -0.001722037 -0.02401584 0.005506098 -0.001722037 -0.02401584 0.005506098 -0.001722037 -0.02419394 0.002319514 -0.006741166 -0.02419394 0.002319514 -0.006741166 -0.02419394 0.002319514 -0.006741166 -0.02419394 0.002319514 -0.006741166 -0.02419394 0.002319514 -0.006741166 -0.02419954 0.002219796 -0.006499946 -0.02419954 0.002219796 -0.006499946 -0.02419954 0.002219796 -0.006499946 -0.02419954 0.002219796 -0.006499946 -0.02419954 0.002219796 -0.006499946 -0.02420842 0.002061069 -0.006292879 -0.02420842 0.002061069 -0.006292879 -0.02420842 0.002061069 -0.006292879 -0.02420842 0.002061069 -0.006292879 -0.02387124 0.008093833 0.008043408 -0.02387124 0.008093833 0.008043408 -0.02387124 0.008093833 0.008043408 -0.02387124 0.008093833 0.008043408 -0.02387124 0.008093833 0.008043408 -0.02383357 0.008768141 0.007424592 -0.02383357 0.008768141 0.007424592 -0.02383357 0.008768141 0.007424592 -0.02385723 0.008344173 10e-4 -0.02385723 0.008344173 10e-4 -0.02385723 0.008344173 10e-4 -0.02385723 0.008344173 10e-4 -0.02385723 0.008344173 10e-4 -0.02385723 0.008344173 10e-4 -0.02385723 0.008344173 10e-4 -0.02420842 0.002061069 0.007707059 -0.02420842 0.002061069 0.007707059 -0.02420842 0.002061069 0.007707059 -0.02420842 0.002061069 0.007707059 -0.02420842 0.002061069 0.007707059 -0.02421993 0.0018543 0.007865965 -0.02421993 0.0018543 0.007865965 -0.02421993 0.0018543 0.007865965 -0.02421993 0.0018543 0.007865965 -0.02421993 0.0018543 0.007865965 -0.0242334 0.001613497 0.007965922 -0.0242334 0.001613497 0.007965922 -0.0242334 0.001613497 0.007965922 -0.0242334 0.001613497 0.007965922 -0.023799 0.009386003 0.006749212 -0.023799 0.009386003 0.006749212 -0.023799 0.009386003 0.006749212 -0.02376788 0.00994277 0.006022512 -0.02376788 0.00994277 0.006022512 -0.02376788 0.00994277 0.006022512 -0.02374047 0.01043421 0.005249977 -0.02374047 0.01043421 0.005249977 -0.02374047 0.01043421 0.005249977 -0.02374047 0.01043421 0.005249977 -0.02371686 0.0108565 0.004437446 -0.02371686 0.0108565 0.004437446 -0.02371686 0.0108565 0.004437446 -0.02369731 0.0112065 0.003591179 -0.02369731 0.0112065 0.003591179 -0.02369731 0.0112065 0.003591179 -0.02368193 0.01148152 0.002717554 -0.02368193 0.01148152 0.002717554 -0.02368193 0.01148152 0.002717554 -0.02368193 0.01148152 0.002717554 -0.02367085 0.01167947 0.001823306 -0.02367085 0.01167947 0.001823306 -0.02367085 0.01167947 0.001823306 -0.02366197 0.01183873 0 -0.02366197 0.01183873 0 -0.02366197 0.01183873 0 -0.02366197 0.01183873 0 -0.02380144 0.00934261 0 -0.02380144 0.00934261 0 -0.02380144 0.00934261 0 -0.02380335 0.009308636 2.58819e-4 -0.02380335 0.009308636 2.58819e-4 -0.02380335 0.009308636 2.58819e-4 -0.02380895 0.009208858 5e-4 -0.02380895 0.009208858 5e-4 -0.02380895 0.009208858 5e-4 -0.02381777 0.00905019 7.07107e-4 -0.02381777 0.00905019 7.07107e-4 -0.02381777 0.00905019 7.07107e-4 -0.02381777 0.00905019 7.07107e-4 -0.02366417 0.01179879 -9.15135e-4 -0.02366417 0.01179879 -9.15135e-4 -0.02366417 0.01179879 -9.15135e-4 -0.02382934 0.008843421 -8.66025e-4 -0.02382934 0.008843421 -8.66025e-4 -0.02382934 0.008843421 -8.66025e-4 -0.02381777 0.00905019 -7.07106e-4 -0.02381777 0.00905019 -7.07106e-4 -0.02381777 0.00905019 -7.07106e-4 -0.02380895 0.009208858 -5e-4 -0.02380895 0.009208858 -5e-4 -0.02380895 0.009208858 -5e-4 -0.02380335 0.009308636 -2.58819e-4 -0.02380335 0.009308636 -2.58819e-4 -0.02380335 0.009308636 -2.58819e-4 -0.02380335 0.009308636 -2.58819e-4 -0.02458387 -0.004658043 0.008601069 -0.02458387 -0.004658043 0.008601069 -0.02458387 -0.004658043 0.008601069 -0.02454078 -0.003886699 0.009093225 -0.02454078 -0.003886699 0.009093225 -0.02454078 -0.003886699 0.009093225 -0.02449548 -0.00307542 0.009516179 -0.02449548 -0.00307542 0.009516179 -0.02449548 -0.00307542 0.009516179 -0.02444821 -0.002230465 0.009866714 -0.02444821 -0.002230465 0.009866714 -0.02444821 -0.002230465 0.009866714 -0.02439951 -0.00135827 0.0101422 -0.02439951 -0.00135827 0.0101422 -0.02439951 -0.00135827 0.0101422 -0.02434957 -4.65348e-4 0.01034045 -0.02434957 -4.65348e-4 0.01034045 -0.02434957 -4.65348e-4 0.01034045 -0.0242989 4.41402e-4 0.01046001 -0.0242989 4.41402e-4 0.01046001 -0.0242989 4.41402e-4 0.01046001 -0.02424782 0.001355111 0.01049995 -0.02424782 0.001355111 0.01049995 -0.02424782 0.001355111 0.01049995 -0.0241968 0.002268791 0.01046001 -0.0241968 0.002268791 0.01046001 -0.0241968 0.002268791 0.01046001 -0.02414613 0.003175556 0.01034045 -0.02414613 0.003175556 0.01034045 -0.02414613 0.003175556 0.01034045 -0.02409619 0.004068434 0.0101422 -0.02409619 0.004068434 0.0101422 -0.02409619 0.004068434 0.0101422 -0.02404743 0.004940688 0.009866714 -0.02404743 0.004940688 0.009866714 -0.02404743 0.004940688 0.009866714 -0.02400022 0.005785703 0.009516179 -0.02400022 0.005785703 0.009516179 -0.02400022 0.005785703 0.009516179 -0.02395492 0.006596922 0.009093225 -0.02395492 0.006596922 0.009093225 -0.02395492 0.006596922 0.009093225 -0.02395492 0.006596922 0.009093225 -0.02391177 0.007368266 0.008601069 -0.02391177 0.007368266 0.008601069 -0.02391177 0.007368266 0.008601069 -0.02387171 0.008085787 9.65926e-4 -0.02387171 0.008085787 9.65926e-4 -0.02387171 0.008085787 9.65926e-4 -0.02387171 0.008085787 9.65926e-4 -0.02400529 0.005694985 0.001164674 -0.02400529 0.005694985 0.001164674 -0.02400529 0.005694985 0.001164674 -0.02400529 0.005694985 0.001164674 -0.02400529 0.005694985 0.001164674 -0.02401584 0.005506098 0.001722037 -0.02401584 0.005506098 0.001722037 -0.02401584 0.005506098 0.001722037 -0.02401584 0.005506098 0.001722037 -0.02403038 0.005246162 0.002249956 -0.02403038 0.005246162 0.002249956 -0.02403038 0.005246162 0.002249956 -0.02403038 0.005246162 0.002249956 -0.02404862 0.004919588 0.002739369 -0.02404862 0.004919588 0.002739369 -0.02404862 0.004919588 0.002739369 -0.02407032 0.004532098 0.003181934 -0.02407032 0.004532098 0.003181934 -0.02407032 0.004532098 0.003181934 -0.02407032 0.004532098 0.003181934 -0.02409499 0.004090249 0.003570079 -0.02409499 0.004090249 0.003570079 -0.02409499 0.004090249 0.003570079 -0.02409499 0.004090249 0.003570079 -0.0242334 0.001613497 0.006034016 -0.0242334 0.001613497 0.006034016 -0.0242334 0.001613497 0.006034016 -0.0242334 0.001613497 0.006034016 -0.02421993 0.0018543 0.006133973 -0.02421993 0.0018543 0.006133973 -0.02421993 0.0018543 0.006133973 -0.02421993 0.0018543 0.006133973 -0.02420842 0.002061069 0.006292879 -0.02420842 0.002061069 0.006292879 -0.02420842 0.002061069 0.006292879 -0.02419954 0.002219796 0.006499946 -0.02419954 0.002219796 0.006499946 -0.02419954 0.002219796 0.006499946 -0.02419954 0.002219796 0.006499946 -0.02419394 0.002319514 0.006741166 -0.02419394 0.002319514 0.006741166 -0.02419394 0.002319514 0.006741166 -0.02419394 0.002319514 0.006741166 -0.02419203 0.002353549 0.006999969 -0.02419203 0.002353549 0.006999969 -0.02419203 0.002353549 0.006999969 -0.02419394 0.002319514 0.007258772 -0.02419394 0.002319514 0.007258772 -0.02419394 0.002319514 0.007258772 -0.02419394 0.002319514 0.007258772 -0.02419954 0.002219796 0.007499992 -0.02419954 0.002219796 0.007499992 -0.02419954 0.002219796 0.007499992 -0.02419954 0.002219796 0.007499992 -0.02419954 0.002219796 0.007499992 -0.02399891 0.005809605 -5.87368e-4 -0.02399891 0.005809605 -5.87368e-4 -0.02399891 0.005809605 -5.87368e-4 -0.02399891 0.005809605 -5.87368e-4 -0.02390557 0.007479488 -5e-4 -0.02390557 0.007479488 -5e-4 -0.02390557 0.007479488 -5e-4 -0.02390557 0.007479488 -5e-4 -0.02389669 0.007638156 -7.07106e-4 -0.02389669 0.007638156 -7.07106e-4 -0.02389669 0.007638156 -7.07106e-4 -0.02389669 0.007638156 -7.07106e-4 -0.02388513 0.007844984 -8.66025e-4 -0.02388513 0.007844984 -8.66025e-4 -0.02388513 0.007844984 -8.66025e-4 -0.02387171 0.008085787 -9.65925e-4 -0.02387171 0.008085787 -9.65925e-4 -0.02387171 0.008085787 -9.65925e-4 -0.02387171 0.008085787 -9.65925e-4 -0.02391177 0.007368266 -0.008601069 -0.02391177 0.007368266 -0.008601069 -0.02391177 0.007368266 -0.008601069 -0.02395492 0.006596922 -0.009093225 -0.02395492 0.006596922 -0.009093225 -0.02395492 0.006596922 -0.009093225 -0.02400022 0.005785703 -0.009516179 -0.02400022 0.005785703 -0.009516179 -0.02400022 0.005785703 -0.009516179 -0.02404743 0.004940688 -0.009866714 -0.02404743 0.004940688 -0.009866714 -0.02404743 0.004940688 -0.009866714 -0.02409619 0.004068434 -0.0101422 -0.02409619 0.004068434 -0.0101422 -0.02409619 0.004068434 -0.0101422 -0.02414613 0.003175556 -0.01034045 -0.02414613 0.003175556 -0.01034045 -0.02414613 0.003175556 -0.01034045 -0.02414613 0.003175556 -0.01034045 -0.0241968 0.002268791 -0.01046001 -0.0241968 0.002268791 -0.01046001 -0.0241968 0.002268791 -0.01046001 -0.02429616 4.90442e-4 0.007499992 -0.02429616 4.90442e-4 0.007499992 -0.02429616 4.90442e-4 0.007499992 -0.02429616 4.90442e-4 0.007499992 -0.02429616 4.90442e-4 0.007499992 -0.02430176 3.90679e-4 0.007258772 -0.02430176 3.90679e-4 0.007258772 -0.02430176 3.90679e-4 0.007258772 -0.02430176 3.90679e-4 0.007258772 -0.02430367 3.56689e-4 0.006999969 -0.02430367 3.56689e-4 0.006999969 -0.02430367 3.56689e-4 0.006999969 -0.02430367 3.56689e-4 0.006999969 -0.02430176 3.90679e-4 0.006741166 -0.02430176 3.90679e-4 0.006741166 -0.02430176 3.90679e-4 0.006741166 -0.02430176 3.90679e-4 0.006741166 -0.02429616 4.90442e-4 0.006499946 -0.02429616 4.90442e-4 0.006499946 -0.02429616 4.90442e-4 0.006499946 -0.02429616 4.90442e-4 0.006499946 -0.02428728 6.49095e-4 0.006292879 -0.02428728 6.49095e-4 0.006292879 -0.02428728 6.49095e-4 0.006292879 -0.02428728 6.49095e-4 0.006292879 -0.02427572 8.55878e-4 0.006133973 -0.02427572 8.55878e-4 0.006133973 -0.02427572 8.55878e-4 0.006133973 -0.0242623 0.001096665 0.006034016 -0.0242623 0.001096665 0.006034016 -0.0242623 0.001096665 0.006034016 -0.02440071 -0.001380026 0.003570079 -0.02440071 -0.001380026 0.003570079 -0.02440071 -0.001380026 0.003570079 -0.02440071 -0.001380026 0.003570079 -0.02442538 -0.001821875 0.003181934 -0.02442538 -0.001821875 0.003181934 -0.02442538 -0.001821875 0.003181934 -0.02442538 -0.001821875 0.003181934 -0.02444708 -0.002209424 0.002739369 -0.02444708 -0.002209424 0.002739369 -0.02444708 -0.002209424 0.002739369 -0.02446532 -0.002535879 0.002249956 -0.02446532 -0.002535879 0.002249956 -0.02446532 -0.002535879 0.002249956 -0.0244798 -0.002795875 0.001722037 -0.0244798 -0.002795875 0.001722037 -0.0244798 -0.002795875 0.001722037 -0.0244798 -0.002795875 0.001722037 -0.02449041 -0.002984762 0.001164674 -0.02449041 -0.002984762 0.001164674 -0.02449041 -0.002984762 0.001164674 -0.02449041 -0.002984762 0.001164674 -0.02449041 -0.002984762 0.001164674 -0.02462399 -0.005375564 9.65926e-4 -0.02462399 -0.005375564 9.65926e-4 -0.02462399 -0.005375564 9.65926e-4 -0.02462399 -0.005375564 9.65926e-4 -0.02449679 -0.003099381 -5.87368e-4 -0.02449679 -0.003099381 -5.87368e-4 -0.02449679 -0.003099381 -5.87368e-4 -0.02449679 -0.003099381 -5.87368e-4 -0.02459895 -0.004927933 -7.07106e-4 -0.02459895 -0.004927933 -7.07106e-4 -0.02459895 -0.004927933 -7.07106e-4 -0.02459895 -0.004927933 -7.07106e-4 -0.02459013 -0.004769265 -5e-4 -0.02459013 -0.004769265 -5e-4 -0.02459013 -0.004769265 -5e-4 -0.02458453 -0.004669547 -2.58819e-4 -0.02458453 -0.004669547 -2.58819e-4 -0.02458453 -0.004669547 -2.58819e-4 -0.02458453 -0.004669547 -2.58819e-4 -0.02462399 -0.005375564 -9.65925e-4 -0.02462399 -0.005375564 -9.65925e-4 -0.02462399 -0.005375564 -9.65925e-4 -0.02461051 -0.005134761 -8.66025e-4 -0.02461051 -0.005134761 -8.66025e-4 -0.02461051 -0.005134761 -8.66025e-4 -0.02461051 -0.005134761 -8.66025e-4 -0.0242989 4.41402e-4 -0.01046001 -0.0242989 4.41402e-4 -0.01046001 -0.0242989 4.41402e-4 -0.01046001 -0.02434957 -4.65348e-4 -0.01034045 -0.02434957 -4.65348e-4 -0.01034045 -0.02434957 -4.65348e-4 -0.01034045 -0.02434957 -4.65348e-4 -0.01034045 -0.02439951 -0.00135827 -0.0101422 -0.02439951 -0.00135827 -0.0101422 -0.02439951 -0.00135827 -0.0101422 -0.02444821 -0.002230465 -0.009866714 -0.02444821 -0.002230465 -0.009866714 -0.02444821 -0.002230465 -0.009866714 -0.02444821 -0.002230465 -0.009866714 -0.02449548 -0.00307542 -0.009516179 -0.02449548 -0.00307542 -0.009516179 -0.02449548 -0.00307542 -0.009516179 -0.02449548 -0.00307542 -0.009516179 -0.02454078 -0.003886699 -0.009093225 -0.02454078 -0.003886699 -0.009093225 -0.02454078 -0.003886699 -0.009093225 -0.02458387 -0.004658043 -0.008601069 -0.02458387 -0.004658043 -0.008601069 -0.02458387 -0.004658043 -0.008601069 -0.02482485 -0.008969247 0.001823306 -0.02482485 -0.008969247 0.001823306 -0.02482485 -0.008969247 0.001823306 -0.02481377 -0.0087713 0.002717554 -0.02481377 -0.0087713 0.002717554 -0.02481377 -0.0087713 0.002717554 -0.02481377 -0.0087713 0.002717554 -0.02479839 -0.008496284 0.003591179 -0.02479839 -0.008496284 0.003591179 -0.02479839 -0.008496284 0.003591179 -0.02479839 -0.008496284 0.003591179 -0.02477884 -0.008146286 0.004437446 -0.02477884 -0.008146286 0.004437446 -0.02477884 -0.008146286 0.004437446 -0.02477884 -0.008146286 0.004437446 -0.02475523 -0.007723987 0.005249977 -0.02475523 -0.007723987 0.005249977 -0.02475523 -0.007723987 0.005249977 -0.02472776 -0.007232546 0.006022512 -0.02472776 -0.007232546 0.006022512 -0.02472776 -0.007232546 0.006022512 -0.02472776 -0.007232546 0.006022512 -0.0246967 -0.006675839 0.006749212 -0.0246967 -0.006675839 0.006749212 -0.0246967 -0.006675839 0.006749212 -0.0246967 -0.006675839 0.006749212 -0.02483373 -0.00912851 0 -0.02483373 -0.00912851 0 -0.02483373 -0.00912851 0 -0.02483373 -0.00912851 0 -0.02483373 -0.00912851 0 -0.02467793 -0.006339967 7.07107e-4 -0.02467793 -0.006339967 7.07107e-4 -0.02467793 -0.006339967 7.07107e-4 -0.02467793 -0.006339967 7.07107e-4 -0.02467793 -0.006339967 7.07107e-4 -0.02468675 -0.006498634 5e-4 -0.02468675 -0.006498634 5e-4 -0.02468675 -0.006498634 5e-4 -0.02468675 -0.006498634 5e-4 -0.02468675 -0.006498634 5e-4 -0.02469235 -0.006598412 2.58819e-4 -0.02469235 -0.006598412 2.58819e-4 -0.02469235 -0.006598412 2.58819e-4 -0.02469235 -0.006598412 2.58819e-4 -0.02469426 -0.006632387 0 -0.02469426 -0.006632387 0 -0.02469426 -0.006632387 0 -0.02469426 -0.006632387 0 -0.02469235 -0.006598412 -2.58819e-4 -0.02469235 -0.006598412 -2.58819e-4 -0.02469235 -0.006598412 -2.58819e-4 -0.02483153 -0.009088575 -9.15135e-4 -0.02483153 -0.009088575 -9.15135e-4 -0.02483153 -0.009088575 -9.15135e-4 -0.02483153 -0.009088575 -9.15135e-4 -0.02468675 -0.006498634 -5e-4 -0.02468675 -0.006498634 -5e-4 -0.02468675 -0.006498634 -5e-4 -0.02468675 -0.006498634 -5e-4 -0.02467793 -0.006339967 -7.07106e-4 -0.02467793 -0.006339967 -7.07106e-4 -0.02467793 -0.006339967 -7.07106e-4 -0.02467793 -0.006339967 -7.07106e-4 -0.02466636 -0.006133198 -8.66025e-4 -0.02466636 -0.006133198 -8.66025e-4 -0.02466636 -0.006133198 -8.66025e-4 -0.02466636 -0.006133198 -8.66025e-4 -0.02430176 3.90679e-4 -0.006741166 -0.02430176 3.90679e-4 -0.006741166 -0.02430176 3.90679e-4 -0.006741166 -0.02430176 3.90679e-4 -0.006741166 -0.02431285 1.92225e-4 -0.004346609 -0.02431285 1.92225e-4 -0.004346609 -0.02431285 1.92225e-4 -0.004346609 -0.02429616 4.90442e-4 -0.006499946 -0.02429616 4.90442e-4 -0.006499946 -0.02429616 4.90442e-4 -0.006499946 -0.02429616 4.90442e-4 -0.006499946 -0.02429616 4.90442e-4 -0.006499946 -0.0242806 7.68647e-4 -0.004461467 -0.0242806 7.68647e-4 -0.004461467 -0.0242806 7.68647e-4 -0.004461467 -0.0242806 7.68647e-4 -0.004461467 -0.02428728 6.49095e-4 -0.006292879 -0.02428728 6.49095e-4 -0.006292879 -0.02428728 6.49095e-4 -0.006292879 -0.02428728 6.49095e-4 -0.006292879 -0.02428728 6.49095e-4 -0.006292879 -0.02427572 8.55878e-4 -0.006133973 -0.02427572 8.55878e-4 -0.006133973 -0.02427572 8.55878e-4 -0.006133973 -0.02427572 8.55878e-4 -0.006133973 -0.0242151 0.001941561 -0.004461467 -0.0242151 0.001941561 -0.004461467 -0.0242151 0.001941561 -0.004461467 -0.02421993 0.0018543 -0.006133973 -0.02421993 0.0018543 -0.006133973 -0.02421993 0.0018543 -0.006133973 -0.02421993 0.0018543 -0.006133973 -0.02421993 0.0018543 -0.006133973 -0.0242334 0.001613497 -0.006034016 -0.0242334 0.001613497 -0.006034016 -0.0242334 0.001613497 -0.006034016 -0.0242334 0.001613497 -0.006034016 -0.02388513 0.007844984 8.66025e-4 -0.02388513 0.007844984 8.66025e-4 -0.02388513 0.007844984 8.66025e-4 -0.02388513 0.007844984 8.66025e-4 -0.02399677 0.005848109 0 -0.02399677 0.005848109 0 -0.02399677 0.005848109 0 -0.02399677 0.005848109 0 -0.02391117 0.00737977 2.58819e-4 -0.02391117 0.00737977 2.58819e-4 -0.02391117 0.00737977 2.58819e-4 -0.02391117 0.00737977 2.58819e-4 -0.02391302 0.007345736 0 -0.02391302 0.007345736 0 -0.02391302 0.007345736 0 -0.02391302 0.007345736 0 -0.02391117 0.00737977 -2.58819e-4 -0.02391117 0.00737977 -2.58819e-4 -0.02391117 0.00737977 -2.58819e-4 -0.02391117 0.00737977 -2.58819e-4 -0.02461051 -0.005134761 8.66025e-4 -0.02461051 -0.005134761 8.66025e-4 -0.02461051 -0.005134761 8.66025e-4 -0.02461051 -0.005134761 8.66025e-4 -0.02449679 -0.003099381 5.87368e-4 -0.02449679 -0.003099381 5.87368e-4 -0.02449679 -0.003099381 5.87368e-4 -0.02459895 -0.004927933 7.07107e-4 -0.02459895 -0.004927933 7.07107e-4 -0.02459895 -0.004927933 7.07107e-4 -0.02459895 -0.004927933 7.07107e-4 -0.02459013 -0.004769265 5e-4 -0.02459013 -0.004769265 5e-4 -0.02459013 -0.004769265 5e-4 -0.02459013 -0.004769265 5e-4</float_array>
          <technique_common>
            <accessor source="#Leg_B-mesh-positions-array" count="5066" stride="3">
              <param name="X" type="float"/>
              <param name="Y" type="float"/>
              <param name="Z" type="float"/>
            </accessor>
          </technique_common>
        </source>
        <source id="Leg_B-mesh-normals">
          <float_array id="Leg_B-mesh-normals-array" count="8217">0.9984421 -0.05579936 5.3896e-7 0.9984411 -0.055817 0 0.9984421 -0.05579936 -5.16504e-7 0.998442 -0.05579936 0 0.9984422 -0.05579626 -1.29315e-6 0.9984418 -0.05580377 3.02532e-7 0.9984425 -0.05578988 1.36817e-5 0.9984419 -0.05580216 -1.2492e-5 0.9984421 -0.05579733 -3.15342e-6 0.9984419 -0.05580133 -1.84122e-6 0.998442 -0.05580008 -1.99586e-6 0.998443 -0.05578106 -5.57671e-5 0.9984419 -0.0558027 0 0.9984418 -0.05580449 1.07929e-5 0.9984424 -0.05579245 -1.60686e-5 0.9984413 -0.05581295 6.09457e-6 0.9984422 -0.05579626 0 0.9984423 -0.05579411 -4.12457e-6 0.9984394 -0.0558474 1.00152e-5 0.9984422 -0.05579692 3.49588e-7 0.9984385 -0.05586379 -5.81774e-5 0.998442 -0.05580109 -3.10524e-6 0.9984428 -0.05578428 6.15624e-5 0.9984422 -0.05579632 0 0.9984422 -0.05579501 0 0.9984421 -0.05579853 -4.53994e-7 0.9984422 -0.05579763 1.30206e-7 0.9984409 -0.05581879 -1.4321e-5 0.9984426 -0.05579042 5.96636e-6 0.9984421 -0.05579704 0 0.9984411 -0.05581653 -1.02307e-5 0.9984428 -0.0557866 1.09019e-5 0.9984421 -0.05579775 2.43252e-7 0.998442 -0.05579924 1.42666e-6 0.9984502 -0.05565512 -9.73939e-6 0.9984421 -0.05579888 0 0.9984411 -0.05581635 3.00691e-6 0.9984421 -0.05579876 -8.63136e-6 0.998442 -0.05579996 0 0.998442 -0.05579996 0 0.9984421 -0.05579876 8.63136e-6 0.9984421 -0.05579864 0 0.9984425 -0.05579155 0 0.9984425 -0.05579227 8.52324e-7 0.9984416 -0.05580759 -9.63242e-6 0.998442 -0.05579936 -4.67715e-7 0.9984422 -0.05579757 2.08777e-5 0.9984422 -0.0557971 -6.04427e-6 0.9984421 -0.05579787 2.03432e-7 0.9984411 -0.05581676 1.02307e-5 0.9984426 -0.05579042 -5.96636e-6 0.9984409 -0.05581945 1.4321e-5 0.9984419 -0.05580037 0 0.9984371 -0.05588865 7.90729e-7 0.998447 -0.05571275 -1.37999e-5 0.9984408 -0.05582296 3.44474e-6 0.9984413 -0.05581307 0 0.9984422 -0.05579644 0 0.9984425 -0.05579143 -1.42185e-6 0.998442 -0.05580085 -3.47779e-7 0.9984414 -0.05581182 -1.80803e-7 0.9984434 -0.05577486 -5.02136e-7 0.9984421 -0.0557987 -9.25036e-7 0.998442 -0.05579924 -1.42666e-6 0.998442 -0.05579984 0 0.9984418 -0.05580466 5.04071e-7 0.9984424 -0.05579423 -1.20373e-6 0.9984416 -0.05580729 2.38878e-6 0.9984427 -0.05578762 -3.66631e-7 0.998442 -0.05580067 0 0.9984499 -0.05565869 -2.63908e-5 0.9984415 -0.05580782 -7.95611e-6 0.9984412 -0.05581599 9.57517e-6 0.9984419 -0.05580109 -5.87916e-7 0.9984425 -0.05579191 1.83123e-7 0.9984423 -0.055794 -7.60658e-7 0.9984409 -0.05582088 3.19818e-6 0.9984438 -0.0557689 -5.68168e-6 0.9984412 -0.05581474 3.29028e-6 0.9984424 -0.05579292 -2.76196e-6 0.9984429 -0.05578368 -8.54281e-7 0.9984389 -0.05585485 7.31797e-6 0.9984418 -0.05580508 0 0.9984421 -0.0557987 0 0.9984383 -0.05586677 -1.00152e-5 0.9984423 -0.05579411 4.12457e-6 0.9984422 -0.05579626 0 0.9984414 -0.0558108 -6.09458e-6 0.9984424 -0.05579131 1.60686e-5 0.9984418 -0.05580514 -1.07929e-5 0.9984417 -0.05580508 0 0.9984434 -0.05577564 5.57675e-5 0.998442 -0.05580008 1.99585e-6 0.998442 -0.05580085 1.84122e-6 0.9984421 -0.05579835 3.15344e-6 0.9984418 -0.05580341 1.2492e-5 0.9984425 -0.05578988 -1.36817e-5 0.9984421 -0.05579894 -3.02532e-7 0.9984419 -0.0558018 1.29315e-6 0.9984414 -0.05581182 1.80803e-7 0.998442 -0.05580085 3.47779e-7 0.9984425 -0.05579143 1.42185e-6 0.9984418 -0.05580544 0 0.9984402 -0.05583298 -3.44473e-6 0.998447 -0.05571275 1.37999e-5 0.9984371 -0.05588865 -7.90729e-7 0.9984419 -0.05580037 0 0.9984418 -0.05580466 3.66631e-7 0.9984422 -0.05579513 -2.38879e-6 0.9984424 -0.05579417 1.20373e-6 0.9984418 -0.05580472 -5.04072e-7 0.9984399 -0.05583828 -7.31797e-6 0.9984429 -0.05578368 8.54281e-7 0.9984424 -0.05579292 2.76196e-6 0.9984414 -0.05580979 -3.29029e-6 0.9984435 -0.05577361 5.68167e-6 0.9984409 -0.05582088 -3.19818e-6 0.9984423 -0.055794 7.60658e-7 0.9984425 -0.05579191 -1.83123e-7 0.9984419 -0.05580109 5.87916e-7 0.9984415 -0.05580878 -9.57522e-6 0.9984409 -0.05581957 7.95604e-6 0.9984499 -0.05565869 2.63908e-5 0.9984425 -0.05579233 0 0.9984419 -0.055803 0 0.998442 -0.05580043 0 0.9984411 -0.055817 0 0.9984424 -0.05579245 0 0.9984424 -0.05579185 0 0.9984428 -0.05578631 0 0.9984418 -0.05580413 0 0.9984439 -0.05576676 0 0.9984402 -0.05583339 0 0.9984367 -0.05589413 0 0.9984468 -0.05571448 0 0.9984424 -0.055794 0 0.9984416 -0.05580627 0 0.9984422 -0.05579626 0 0.9984419 -0.0558021 0 0.9984418 -0.05580294 0 0.9984411 -0.05581557 0 0.9984434 -0.05577468 0 0.998443 -0.05578202 0 0.9984407 -0.05582278 0 0.9984413 -0.05581283 0 0.9984437 -0.05576944 0 0.9984425 -0.05579006 0 0.9984433 -0.05577701 0 0.9984434 -0.0557745 0 0.9984348 -0.05592888 0 0.9984381 -0.05587118 0 0.03945618 0.7060072 -0.7071048 0.03945559 0.7060031 -0.7071089 0 0 -1 0.9984421 -0.05579715 1.85521e-6 0.998442 -0.05580061 0 0.9984422 -0.05579704 1.35382e-6 0.9984422 -0.05579733 -1.84966e-6 0.9984422 -0.05579525 1.31887e-5 0.998442 -0.05579924 -4.37863e-7 0.9984419 -0.05580151 -7.8563e-6 0.9984425 -0.05579006 2.41193e-5 0.9984416 -0.05580681 -1.06511e-5 0.998442 -0.05579954 -4.76883e-7 0.998442 -0.0557996 0 0.998442 -0.05579954 4.76883e-7 0.9984418 -0.05580246 1.06511e-5 0.9984424 -0.05579221 -2.41192e-5 0.9984418 -0.05580437 7.85629e-6 0.9984421 -0.05579948 4.37863e-7 0.9984422 -0.05579513 -1.31886e-5 0.9984422 -0.05579745 1.84966e-6 0.9984421 -0.05579823 -1.35382e-6 0.998442 -0.05579906 0 0.9984423 -0.05579441 1.18658e-5 0.998442 -0.05580002 -2.37448e-6 0.9984422 -0.05579721 5.89714e-6 0.9984418 -0.05580312 -1.45082e-5 0.998442 -0.05580008 -6.22094e-7 0.9984421 -0.0557987 -2.72116e-6 0.9984422 -0.05579495 1.49233e-5 0.9984419 -0.05580234 -1.12409e-5 0.9984421 -0.05579906 -3.08416e-6 0.9984421 -0.05579876 4.98812e-6 0.9984414 -0.05581134 -5.54276e-5 0.9984464 -0.05571943 3.23816e-4 0.9984421 -0.05579918 -1.26114e-6 0.9984412 -0.05581337 1.92962e-5 0.9984424 -0.055794 -5.11768e-6 0.9984425 -0.05579227 -8.81203e-6 0.998442 -0.05579996 -2.1742e-6 0.9984415 -0.05580955 1.05136e-5 0.9984422 -0.05579763 -1.52994e-6 0.9984424 -0.05579298 -3.77148e-6 0.9984421 -0.05579841 -4.28064e-6 0.9984424 -0.05579346 -1.45663e-6 0.9984451 -0.05574297 -3.23815e-4 0.9984414 -0.0558114 5.54276e-5 0.9984422 -0.05579674 -4.98812e-6 0.9984421 -0.05579936 3.08416e-6 0.9984419 -0.0558021 1.12409e-5 0.9984424 -0.05579423 -1.49233e-5 0.998442 -0.05580115 2.72117e-6 0.9984421 -0.05579829 6.22093e-7 0.9984418 -0.05580294 1.45082e-5 0.9984422 -0.05579704 -5.89714e-6 0.998442 -0.05580067 2.37448e-6 0.9984423 -0.05579406 -1.18658e-5 0.9984422 -0.05579644 4.28064e-6 0.9984424 -0.05579352 3.77148e-6 0.9984421 -0.05579811 1.52994e-6 0.9984413 -0.05581092 -1.05136e-5 0.9984422 -0.05579751 2.17421e-6 0.9984425 -0.05579119 8.81203e-6 0.9984422 -0.05579727 5.11767e-6 0.9984413 -0.05581271 -1.92962e-5 0.9984421 -0.05579912 1.26114e-6 0.03396928 0.6078285 -0.7933415 0.03396743 0.6077831 -0.7933764 0.02135401 0.3820893 -0.9238787 0.02135318 0.3820793 -0.9238829 0.00728321 0.1303198 -0.9914453 0.007283866 0.130333 -0.9914436 0.03945583 0.7060073 0.7071046 0.039456 0.7060032 0.7071087 0 0 1 0.007282972 0.1303181 0.9914456 0.007283687 0.1303312 0.9914438 0.02135276 0.3820694 0.9238869 0.02135473 0.3821038 0.9238728 0.03396999 0.607829 0.7933411 0.03396677 0.6077837 0.793376 0.05579829 0.9984421 0 0.05579829 0.9984421 0 0.04426705 0.7920978 0.608787 0.04427009 0.7921411 0.6087303 0.05155116 0.9224228 0.3827252 0.05155086 0.9224349 0.3826964 0.05532169 0.9899039 0.1304984 0.05532115 0.9899057 0.130485 0.05532133 0.989912 -0.1304366 0.05532157 0.9898977 -0.1305463 0.05155175 0.922445 -0.3826718 0.0515502 0.9224128 -0.3827498 0.04426914 0.7921279 -0.6087477 0.04426789 0.7921111 -0.6087697 -0.9984413 0.05581241 -3.22847e-6 -0.9984421 0.05579876 0 -0.9984421 0.05580013 0 -0.9984422 0.05579632 -2.78722e-6 -0.9984421 0.05579876 6.95818e-6 -0.9984421 0.05579876 -6.91995e-6 -0.9984422 0.0557962 6.34385e-5 -0.9984437 0.05576968 1.00371e-6 -0.9984414 0.05580991 1.21033e-6 -0.9984419 0.05580067 -2.24482e-6 -0.9984424 0.05579417 3.66272e-6 -0.9984419 0.05580085 -1.0412e-5 -0.9984421 0.05579888 4.94756e-6 -0.9984419 0.05580067 -4.94756e-6 -0.9984421 0.05579882 1.0412e-5 -0.9984422 0.05579662 -3.66272e-6 -0.9984419 0.05580067 2.24482e-6 -0.9984423 0.05579459 -5.05937e-6 -0.998442 0.0557993 6.04349e-7 -0.9984412 0.05581355 3.22846e-6 -0.9984428 0.05578517 -6.26319e-6 -0.998441 0.05581754 6.82472e-6 -0.9984416 0.05580723 -8.20899e-7 -0.998443 0.05578196 -1.16604e-6 -0.9984433 0.05577826 -3.89404e-6 -0.9984421 0.055799 -4.91413e-6 -0.998442 0.05579936 0 -0.9984391 0.05585223 -1.02153e-5 -0.9984449 0.05574816 1.65211e-5 -0.9984436 0.05577194 -2.29752e-6 -0.9984374 0.0558837 -8.07755e-6 -0.9984417 0.05580544 7.26001e-6 -0.9984382 0.05586946 1.33304e-5 -0.9984458 0.05573213 1.5466e-5 -0.998442 0.05579978 0 -0.9984421 0.05579715 1.5823e-6 -0.9984415 0.05580878 -1.12241e-5 -0.9984427 0.05578911 1.18513e-5 -0.9984419 0.05580031 -1.30645e-6 -0.9984422 0.05579596 4.5168e-7 -0.9984428 0.05578565 4.34601e-7 -0.9984415 0.05581039 -8.80971e-6 -0.9984423 0.05579423 7.98717e-6 -0.9984421 0.05579924 0 -0.9984421 0.05579942 4.07691e-7 -0.9984416 0.05580699 6.23498e-6 -0.9984412 0.05581331 -1.73852e-5 -0.998443 0.05578094 1.43174e-5 -0.998442 0.05579996 -9.29916e-7 -0.9984424 0.05579257 -6.96826e-7 -0.9984419 0.05580288 -5.2754e-6 -0.9984416 0.05580562 2.92832e-6 -0.9984422 0.05579537 4.42995e-6 -0.9984422 0.05579644 -3.85034e-6 -0.9984418 0.05580228 -1.87913e-6 -0.9984418 0.05580425 2.28798e-6 -0.9984425 0.05579131 1.5379e-7 -0.998442 0.05579924 1.58399e-7 -0.9984416 0.05580657 -1.28221e-5 -0.9984422 0.05579537 1.20321e-5 -0.998442 0.0557993 -2.97252e-6 -0.998442 0.05579936 -1.39044e-7 -0.998452 0.05562168 -5.2511e-5 -0.9984408 0.05582141 1.25081e-6 -0.9984409 0.05581837 2.12253e-5 -0.9984425 0.05579221 -9.4119e-6 -0.9984412 0.05581414 1.15322e-5 -0.9984427 0.05578863 -8.42017e-6 -0.9984421 0.05579829 3.31225e-6 -0.9984416 0.05580633 -3.63508e-6 -0.9984428 0.05578452 1.49816e-7 -0.9984411 0.05581563 3.75363e-6 -0.9984423 0.05579406 -4.41317e-7 -0.998442 0.05579918 -1.73134e-5 -0.9984413 0.05581265 3.10234e-5 -0.9984421 0.05579906 -9.8574e-6 -0.9984425 0.05579155 1.65585e-6 -0.9984418 0.05580317 -3.68565e-6 -0.9984418 0.05580353 2.52848e-6 -0.998442 0.05579936 2.15901e-6 -0.9984426 0.0557897 2.08765e-7 -0.9984424 0.05579245 -6.23046e-6 -0.9984415 0.055808 1.5392e-6 -0.9984421 0.05579823 2.84663e-7 -0.9984344 0.05593585 3.34212e-6 -0.9984446 0.05575376 -5.89892e-7 -0.9984407 0.05582433 9.57095e-7 -0.998443 0.05578231 0 -0.9984416 0.05580633 0 -0.9984418 0.05580335 1.2872e-7 -0.9984465 0.05571949 6.89088e-7 -0.9984233 0.05613398 -7.41819e-6 -0.9984416 0.05580681 1.68351e-7 -0.9984424 0.05579364 1.73139e-7 -0.9984416 0.05580705 -8.23684e-7 -0.9984412 0.05581349 4.67856e-7 -0.9984187 0.05621492 7.40226e-6 -0.9984422 0.05579578 -1.72267e-7 -0.9984415 0.05580919 0 -0.9984418 0.05580323 -9.57096e-7 -0.9984437 0.05576997 5.89892e-7 -0.9984394 0.05584657 -3.34214e-6 -0.9984421 0.05579787 -2.84663e-7 -0.9984422 0.05579662 -1.5392e-6 -0.9984415 0.05580866 6.23046e-6 -0.9984421 0.05579823 -2.08764e-7 -0.9984421 0.05579829 -2.15901e-6 -0.9984416 0.0558061 -2.52848e-6 -0.9984428 0.05578523 3.68565e-6 -0.9984417 0.05580419 -1.65584e-6 -0.998442 0.05580103 9.8574e-6 -0.9984406 0.05582451 -3.10234e-5 -0.9984428 0.05578666 1.73134e-5 -0.9984421 0.05579841 4.41313e-7 -0.9984413 0.05581349 -3.75364e-6 -0.9984424 0.05579316 -1.49817e-7 -0.9984421 0.05579781 3.63507e-6 -0.998442 0.05580049 -3.31224e-6 -0.9984427 0.05578863 8.42017e-6 -0.9984414 0.05581158 -1.15322e-5 -0.9984432 0.0557788 9.41187e-6 -0.9984398 0.05583983 -2.12253e-5 -0.9984412 0.05581545 -1.25082e-6 -0.9984543 0.05557972 5.25125e-5 -0.9984421 0.05579888 -1.4273e-7 -0.998442 0.0557993 6.00118e-6 -0.998442 0.05579924 0 -0.9984419 0.05580115 4.20666e-7 -0.9984421 0.05579894 -2.08514e-7 -0.9984421 0.05579966 -4.01321e-7 -0.9984421 0.05579888 -6.87291e-7 -0.9984422 0.05579662 6.32945e-5 -0.9984416 0.05580651 -1.27092e-4 -0.9984421 0.05579948 -5.0781e-6 -0.9984422 0.05579763 8.54477e-6 -0.9984421 0.05579757 5.68925e-7 -0.9984421 0.05579811 2.48266e-6 -0.9984422 0.05579614 5.92064e-6 -0.998442 0.05579912 1.17654e-6 -0.9984418 0.05580383 -4.88925e-5 -0.9984421 0.05579888 0 -0.9984421 0.055799 -5.68584e-7 -0.9984421 0.05579882 0 -0.9984409 0.05582028 -6.31797e-5 -0.9984419 0.05580079 8.11661e-7 -0.9984416 0.05580705 4.13342e-7 -0.9984414 0.05580991 -1.21033e-6 -0.9984424 0.05579406 -2.49154e-6 -0.998442 0.0557999 0 -0.9984408 0.05582123 0 -0.9984418 0.05580377 -1.76111e-6 -0.9984433 0.05577683 -9.50396e-7 -0.9984422 0.05579525 0 -0.9984412 0.05581587 -9.74316e-7 -0.9984433 0.05577629 -1.24791e-6 -0.9984411 0.05581724 2.99554e-7 -0.9984431 0.0557813 4.82507e-7 -0.9984399 0.0558384 4.51488e-7 -0.9984425 0.05579066 -1.84676e-7 -0.9984465 0.05571949 -6.89088e-7 -0.9984421 0.05579918 0 -0.9984422 0.05579656 -8.93671e-7 -0.9984433 0.05577653 -1.00371e-6 -0.9984415 0.05580878 1.85665e-6 -0.998443 0.0557813 0 -0.9984412 0.0558145 0 -0.9984412 0.05581414 2.3635e-6 -0.9984423 0.05579447 1.49332e-6 -0.9984431 0.05578064 -8.62012e-7 -0.9984413 0.05581206 9.73618e-7 -0.9984418 0.05580437 9.71518e-7 -0.9984423 0.05579501 -8.87308e-7 -0.9984425 0.05579143 -4.82662e-7 -0.9984422 0.05579459 -4.67784e-7 -0.9984389 0.0558567 8.23682e-7 -0.9984498 0.05566078 -1.73141e-7 0.9984411 -0.05581653 4.68511e-6 0.9984421 -0.05579876 -4.16782e-6 0.9984421 -0.05580013 4.13933e-6 0.9984419 -0.05580174 1.26186e-5 0.9984421 -0.05579847 9.51548e-6 0.9984421 -0.05579727 -9.51548e-6 0.9984422 -0.05579704 -4.26017e-5 0.9984433 -0.05577659 -1.76994e-6 0.9984432 -0.05577969 4.60372e-7 0.9984421 -0.05579918 5.89739e-6 0.9984417 -0.05580461 7.40125e-6 0.9984423 -0.05579477 2.04585e-6 0.9984419 -0.05580043 7.53141e-6 0.9984421 -0.05579859 -7.53142e-6 0.9984423 -0.05579477 -2.04585e-6 0.9984421 -0.05579972 -7.40125e-6 0.9984419 -0.05580163 -5.89739e-6 0.9984294 -0.05602604 7.18738e-5 0.9984486 -0.05568313 -4.91767e-5 0.9984412 -0.05581432 1.2513e-5 0.9984395 -0.05584591 0 0.9984421 -0.05579918 2.9073e-7 0.9984412 -0.05581468 -7.57445e-6 0.9984419 -0.05580109 -2.19789e-6 0.9984429 -0.05578404 4.56086e-6 0.9984411 -0.05581623 4.27802e-6 0.9984419 -0.05580115 -5.81103e-7 0.9984437 -0.05577015 1.46934e-6 0.9984405 -0.05582702 -4.65582e-6 0.9984421 -0.05579876 7.11975e-7 0.9984421 -0.05579894 -6.00302e-6 0.9984353 -0.05592054 -6.20276e-5 0.9984453 -0.05574136 7.49486e-6 0.9984424 -0.05579292 1.14596e-5 0.9984427 -0.05578684 -2.44233e-6 0.9984422 -0.05579626 1.09635e-6 0.9984425 -0.05579131 -6.37152e-6 0.9984419 -0.0558018 0 0.9984417 -0.0558058 0 0.9984424 -0.0557931 -5.98187e-6 0.9984417 -0.05580461 1.28797e-5 0.9984427 -0.05578792 -1.04063e-5 0.9984421 -0.055799 2.17455e-6 0.9984421 -0.0557993 -6.16643e-7 0.9984418 -0.05580312 2.59833e-5 0.9984421 -0.05579972 -6.18509e-6 0.9984422 -0.05579638 -6.50701e-6 0.9984421 -0.05579948 3.98432e-7 0.9984419 -0.05580204 4.95947e-6 0.9984425 -0.05579173 -7.61421e-6 0.9984425 -0.05579084 -8.21996e-6 0.9984416 -0.05580776 7.17114e-6 0.9984425 -0.0557897 -8.1179e-6 0.9984408 -0.05582302 1.21495e-5 0.9984419 -0.0558027 1.57718e-5 0.9984428 -0.05578595 -1.7726e-5 0.9984422 -0.05579704 -1.72377e-6 0.9984416 -0.05580699 7.19158e-6 0.9984425 -0.05579149 8.61206e-6 0.9984424 -0.0557937 -5.00718e-5 0.9984421 -0.05579864 1.57109e-6 0.9984421 -0.05579936 0 0.9984412 -0.05581414 -5.63576e-6 0.9984415 -0.05580878 3.77134e-6 0.998443 -0.05578351 3.64862e-6 0.9984418 -0.05580359 -6.5781e-6 0.9984426 -0.05578905 3.4279e-6 0.9984405 -0.05582726 -5.76716e-6 0.9984434 -0.05577504 2.81181e-6 0.9984419 -0.05580246 -1.36573e-6 0.9984422 -0.05579668 9.60775e-6 0.998439 -0.05585461 -2.32785e-5 0.9984506 -0.05564695 1.19292e-4 0.9984425 -0.0557903 4.30893e-7 0.9984406 -0.05582493 -8.38875e-7 0.9984428 -0.05578386 -5.22734e-6 0.9984437 -0.05576884 3.92644e-6 0.998442 -0.05580049 0 0.9984411 -0.0558173 -8.27556e-6 0.9984423 -0.05579537 6.34306e-6 0.998444 -0.05576473 1.01006e-5 0.9984416 -0.0558077 -1.03521e-5 0.9984421 -0.05579715 5.74616e-7 0.9984409 -0.05581861 -1.80628e-6 0.9984425 -0.05579006 -3.90986e-6 0.9984418 -0.05580365 4.92048e-6 0.9984397 -0.05584108 -2.38717e-5 0.9984425 -0.0557906 1.70834e-5 0.9984416 -0.05580669 0 0.9984433 -0.05577683 -3.77048e-6 0.998446 -0.05572777 -1.4106e-6 0.9984374 -0.05588173 -5.14877e-7 0.9984427 -0.0557875 8.66372e-7 0.9984422 -0.05579471 3.07323e-7 0.9984452 -0.05574148 -4.48816e-7 0.9984398 -0.055839 2.40022e-6 0.9984433 -0.05577629 -1.70834e-5 0.9984389 -0.05585461 2.38717e-5 0.9984429 -0.05578488 -4.92049e-6 0.9984418 -0.05580496 3.90986e-6 0.9984413 -0.05581223 1.80628e-6 0.998442 -0.05580008 -5.74616e-7 0.9984417 -0.05580627 1.03521e-5 0.9984436 -0.0557726 -1.01005e-5 0.9984422 -0.0557971 -6.34305e-6 0.9984406 -0.0558241 8.27555e-6 0.998442 -0.05579996 0 0.9984488 -0.05567955 -3.92647e-6 0.9984418 -0.0558024 5.22734e-6 0.998442 -0.0557993 8.38877e-7 0.998442 -0.05580085 -4.30893e-7 0.9984422 -0.05579668 0 0.9984352 -0.05592268 3.77839e-6 0.9984493 -0.05566847 -1.19295e-4 0.9984387 -0.05585938 2.32787e-5 0.9984421 -0.05579698 -9.60781e-6 0.998442 -0.05580008 1.36571e-6 0.9984433 -0.05577695 -2.81182e-6 0.9984405 -0.05582726 5.76716e-6 0.9984427 -0.05578726 -3.42789e-6 0.998442 -0.05580008 6.57808e-6 0.9984427 -0.05578744 -3.64863e-6 0.9984415 -0.05581003 -3.77135e-6 0.9984415 -0.05581033 5.63571e-6 0.9984421 -0.05579906 -2.38303e-7 0.9984419 -0.0558021 5.21059e-7 0.998442 -0.05579966 -8.67571e-7 0.9984421 -0.05579853 2.79678e-6 0.9984421 -0.05579894 0 0.9984419 -0.05580168 -1.01167e-5 0.9984421 -0.05579972 -1.04704e-5 0.998442 -0.055799 -2.20724e-6 0.9984422 -0.05579781 1.01211e-5 0.9984421 -0.05579859 7.74049e-6 0.9984421 -0.05579704 8.03201e-5 0.9984419 -0.05580151 6.41531e-6 0.998442 -0.05579942 2.40211e-6 0.9984421 -0.05579757 -8.22304e-6 0.9984424 -0.05579477 -1.01052e-5 0.9984419 -0.05580055 1.13378e-5 0.9984421 -0.05579942 8.77364e-7 0.998442 -0.05579918 -1.13716e-6 0.9984421 -0.0557987 -1.2131e-7 0.9984409 -0.05581969 -2.81854e-5 0.9984432 -0.05577969 -4.56659e-7 0.9984413 -0.05581235 0 0.998442 -0.05580079 -1.19515e-6 0.9984418 -0.05580359 6.49734e-7 0.9984427 -0.05578929 1.32528e-6 0.9984399 -0.05583757 5.84716e-7 0.9984434 -0.05577462 0 0.9984416 -0.05580627 0 0.9984427 -0.05578762 0 0.9984417 -0.05580615 -8.96914e-7 0.998444 -0.0557655 3.94824e-7 0.9984405 -0.0558272 1.18669e-6 0.9984424 -0.05579465 2.60449e-7 0.9984465 -0.05571949 1.41466e-6 0.9984418 -0.05580508 1.03251e-6 0.9984385 -0.05586397 -4.77824e-6 0.9984433 -0.05577653 1.76994e-6 0.9984424 -0.05579346 1.40498e-6 0.9984401 -0.05583375 -1.13418e-6 0.9984418 -0.05580359 -6.49734e-7 0.9984413 -0.05581289 -2.1397e-6 0.9984417 -0.05580568 0 0.9984427 -0.05578672 0 0.9984424 -0.05579417 0 0.9984425 -0.05579221 0 0.9984421 -0.05579793 6.68396e-7 0.9984439 -0.0557655 -3.94824e-7 0.9984395 -0.05584543 -1.53926e-6 0.9984423 -0.055794 -4.25754e-7 0.9984468 -0.05571347 -2.40023e-6 0.9984425 -0.05579113 4.48815e-7 0.9984434 -0.05577582 -3.07323e-7 0.05544829 0.9921685 0.1119256 0.05266726 0.9424052 0.3303011 0.05266714 0.9424039 0.3303048 0.04724633 0.8454059 0.5320307 0.04724651 0.8454082 0.5320271 0.03945624 0.7060126 0.7070993 0.03945612 0.7060117 0.7071002 0.02968519 0.5311747 0.8467422 0.02968442 0.5312172 0.8467155 0.01842743 0.3297691 0.9438818 0.01842772 0.3297562 0.9438863 0.006247401 0.1117943 0.9937118 0.00624746 0.1117843 0.993713 0.05545091 0.9921635 0.1119682 0.05545121 0.9921686 -0.1119226 0.05544799 0.9921632 -0.1119726 0.05266714 0.942405 -0.3303017 0.0526672 0.9424037 -0.3303051 0.04724639 0.8454062 -0.5320303 0.04724645 0.8454084 -0.5320266 0.03945624 0.7060118 -0.7071001 0.03945606 0.706012 -0.7071 0.02968746 0.5312149 -0.8467169 0.02968209 0.5311763 -0.8467413 0.01842671 0.3297554 -0.9438866 0.01842862 0.3297715 -0.9438809 0.006246745 0.111783 -0.9937131 0.006247997 0.1117929 -0.9937119 -0.05544793 -0.9921637 -0.1119682 -0.05266714 -0.9424046 -0.3303027 -0.05266714 -0.9424039 -0.3303048 -0.04724746 -0.8454276 -0.5319961 -0.0472474 -0.8454264 -0.5319982 -0.03945612 -0.7060115 -0.7071004 -0.03945279 -0.7059907 -0.7071214 -0.02968478 -0.5311961 -0.8467288 -0.02969014 -0.5312347 -0.8467044 -0.01843047 -0.3297698 -0.9438815 -0.01842874 -0.3297567 -0.9438862 -0.006247282 -0.1117877 -0.9937126 -0.006247997 -0.1117927 -0.993712 -0.05545121 -0.9921678 -0.1119298 -0.05545097 -0.992163 0.1119728 -0.05544823 -0.9921685 0.1119255 -0.05266714 -0.9424039 0.3303047 -0.05266708 -0.942404 0.3303045 -0.04724746 -0.845427 0.5319973 -0.04724746 -0.8454286 0.5319946 -0.03945493 -0.7059901 0.7071219 -0.03945398 -0.7060123 0.7070997 -0.02968704 -0.5312367 0.8467033 -0.02968782 -0.5311937 0.8467302 -0.01842975 -0.3297566 0.9438861 -0.01842945 -0.3297694 0.9438817 -0.006247639 -0.1117942 0.9937118 -0.006247699 -0.1117891 0.9937123 0.006247222 0.111788 -0.9937126 0.01842945 0.3297706 -0.9438813 0.01842951 0.32977 -0.9438814 0.02968734 0.5312145 -0.8467171 0.0296874 0.5312148 -0.8467169 0.03945511 0.7059912 -0.7071208 0.03945481 0.7059909 -0.7071211 0.04724633 0.8454059 -0.5320307 0.04724627 0.8454065 -0.5320298 0.05266779 0.9424183 -0.3302634 0.05266809 0.9424184 -0.3302633 0.05544757 0.9921588 -0.1120113 0.05545079 0.9921633 -0.1119704 0.006246924 0.1117828 -0.993713 -0.006247222 -0.1117927 -0.993712 -0.006247401 -0.1117929 -0.993712 -0.01842772 -0.3297575 -0.9438859 -0.01842784 -0.3297566 -0.9438862 -0.02968573 -0.5312147 -0.8467171 -0.02968853 -0.5312348 -0.8467044 -0.03945511 -0.7059912 -0.7071208 -0.03945475 -0.7059904 -0.7071216 -0.04724538 -0.8453865 -0.5320618 -0.04724872 -0.8454064 -0.5320298 -0.05267131 -0.9424318 -0.3302244 -0.05266809 -0.9424183 -0.3302635 -0.05544757 -0.9921587 -0.1120123 -0.05545079 -0.9921634 -0.111969 -0.006247401 -0.1117926 0.993712 -0.01842772 -0.3297567 0.9438862 -0.01842772 -0.3297573 0.9438859 -0.0296868 -0.5312339 0.8467051 -0.02968758 -0.5312135 0.8467178 -0.03945487 -0.7059889 0.7071231 -0.03945457 -0.70599 0.707122 -0.04724621 -0.8454076 0.5320281 -0.04724776 -0.8453868 0.532061 -0.05267077 -0.9424181 0.3302634 -0.05266869 -0.9424319 0.3302245 -0.05544775 -0.9921635 0.1119691 -0.05545085 -0.9921585 0.1120127 -0.006247103 -0.1117929 0.993712 0.006246805 0.111788 0.9937125 0.006247103 0.1117828 0.9937131 0.01842957 0.32977 0.9438814 0.01842951 0.3297706 0.9438813 0.02968728 0.5312135 0.8467178 0.02968752 0.5312135 0.8467177 0.03945487 0.7059895 0.7071224 0.03945457 0.7059904 0.7071216 0.04724627 0.8454071 0.532029 0.04724645 0.8454066 0.5320295 0.05266785 0.9424184 0.3302633 0.05266791 0.9424184 0.3302633 0.05544793 0.9921636 0.1119692 0.05545073 0.9921585 0.1120133 0.05544775 0.9921588 0.1120111 0.05266714 0.9424036 0.3303056 0.05266708 0.942404 0.3303045 0.04724735 0.8454267 0.5319976 0.04724603 0.8454469 0.5319656 0.03945285 0.7059907 0.7071214 0.03945279 0.705991 0.7071211 0.02968591 0.5312163 0.846716 0.02968627 0.5311951 0.8467292 0.01842945 0.3297701 0.9438813 0.01842945 0.3297697 0.9438816 0.00624746 0.1117892 0.9937123 0.00624746 0.1117844 0.9937129 0.05544501 0.9921636 0.1119704 0.05544477 0.9921587 -0.1120137 0.05544799 0.9921637 -0.1119683 0.05266714 0.9424039 -0.3303048 0.05266708 0.942404 -0.3303045 0.04724854 0.8454467 -0.5319656 0.0472449 0.8454268 -0.5319977 0.03945285 0.7059918 -0.7071204 0.03945279 0.7059907 -0.7071214 0.02968478 0.5311963 -0.8467286 0.0296874 0.5312152 -0.8467167 0.01842945 0.32977 -0.9438815 0.01842951 0.3297711 -0.9438811 0.006247043 0.1117831 -0.993713 0.006247699 0.111788 -0.9937126 -0.05544471 -0.992159 -0.112011 -0.05266511 -0.9424192 -0.3302614 -0.05266517 -0.9424173 -0.3302665 -0.04724389 -0.845407 -0.5320293 -0.04724389 -0.8454067 -0.5320298 -0.03945297 -0.7059903 -0.7071217 -0.03945279 -0.7059904 -0.7071217 -0.02968585 -0.531215 -0.8467168 -0.02968585 -0.5312153 -0.8467167 -0.01842701 -0.3297435 -0.9438908 -0.00624758 -0.1117929 -0.993712 -0.006248176 -0.1117974 -0.9937114 -0.05545067 -0.9921586 0.1120121 -0.05544525 -0.9921682 0.1119298 -0.05266517 -0.9424188 0.3302623 -0.05266511 -0.9424175 0.3302662 -0.04724383 -0.8454066 0.5320301 -0.04724383 -0.8454067 0.5320298 -0.03945285 -0.7059906 0.7071215 -0.03945285 -0.7059899 0.7071222 -0.02968579 -0.5312151 0.8467167 -0.02968585 -0.5312156 0.8467165 -0.01842772 -0.3297571 0.943886 -0.01842796 -0.329742 0.9438912 -0.006247997 -0.1117991 0.9937112 -0.006248056 -0.1117941 0.9937118 0.006247401 0.1117853 -0.9937127 0.01842987 0.3297706 -0.9438813 0.01842927 0.32977 -0.9438815 0.02968746 0.5312156 -0.8467164 0.02968752 0.5312156 -0.8467165 0.03945535 0.7059926 -0.7071194 0.03945469 0.7059925 -0.7071194 0.04724586 0.8454054 -0.5320316 0.04724675 0.8454052 -0.5320317 0.05266773 0.9424182 -0.3302637 0.05266803 0.9424181 -0.3302639 0.05545097 0.9921633 -0.1119704 0.006246268 0.1117802 -0.9937133 -0.006246805 -0.1117899 -0.9937123 -0.006247401 -0.1117902 -0.9937122 -0.01842802 -0.3297575 -0.9438859 -0.01842743 -0.3297566 -0.9438862 -0.02968615 -0.5312158 -0.8467164 -0.02968841 -0.5312355 -0.846704 -0.03945529 -0.7059925 -0.7071195 -0.03945469 -0.7059918 -0.7071202 -0.04724484 -0.8453855 -0.5320633 -0.04724884 -0.8454055 -0.5320312 -0.05267143 -0.9424316 -0.3302251 -0.05266797 -0.9424181 -0.3302638 -0.05545097 -0.9921634 -0.111969 -0.006247341 -0.1117939 0.9937118 -0.01842784 -0.3297555 0.9438865 -0.01842761 -0.3297559 0.9438865 -0.02968698 -0.5312358 0.8467038 -0.02968752 -0.5312154 0.8467165 -0.03945481 -0.7059897 0.7071223 -0.03945481 -0.7059905 0.7071214 -0.04724651 -0.8454066 0.5320295 -0.04724758 -0.8453862 0.532062 -0.05267071 -0.9424182 0.3302634 -0.05544781 -0.9921635 0.111969 -0.05545079 -0.9921585 0.1120126 -0.006247341 -0.1117943 0.9937118 0.006247103 0.1117893 0.9937123 0.006247222 0.1117843 0.993713 0.01842957 0.3297691 0.9438818 0.01842927 0.3297691 0.9438817 0.02968752 0.5312154 0.8467165 0.02968746 0.5312155 0.8467165 0.03945487 0.7059901 0.7071219 0.03945481 0.7059912 0.7071208 0.04724651 0.8454064 0.5320299 0.04724627 0.8454061 0.5320305 0.05266791 0.9424183 0.3302633 0.05544793 0.9921636 0.1119689 0.05545067 0.9921584 0.1120132 -0.998441 0.0558179 1.32727e-4 -0.9984425 0.05579012 -4.54948e-5 -0.998442 0.05580013 0 -0.9984418 0.05580323 1.86303e-5 -0.9984421 0.05579823 -9.89454e-6 -0.9984419 0.05580151 1.43468e-5 -0.9984421 0.05579882 -5.05232e-6 -0.9984422 0.05579674 -2.6495e-6 -0.9984418 0.05580359 4.533e-6 -0.9984423 0.05579417 -1.53307e-5 -0.998442 0.05580031 3.44545e-6 -0.998442 0.05579996 2.54191e-6 -0.998442 0.05579966 -9.13555e-7 -0.9984419 0.05580246 6.82485e-6 -0.9984418 0.05580413 5.27363e-6 -0.9984423 0.05579429 -7.73663e-6 -0.9984421 0.05579954 0 -0.9984425 0.05579185 3.97157e-6 -0.9984418 0.05580407 -4.25924e-6 -0.9984422 0.05579596 2.62062e-6 -0.9984424 0.05579322 1.00293e-6 -0.9984416 0.05580747 -2.47964e-6 -0.9984421 0.05579948 -1.1488e-6 -0.9984421 0.05579721 2.82491e-6 -0.9984425 0.05579227 4.4001e-6 -0.9984421 0.05579853 1.31902e-6 -0.9984419 0.05580079 -5.82976e-6 -0.9984418 0.055803 0 -0.9984419 0.05580163 -7.51099e-6 -0.9984424 0.05579316 2.15339e-5 -0.998442 0.05579936 -1.17265e-6 -0.998442 0.05580103 -2.48379e-7 -0.9984428 0.05578464 3.92281e-6 -0.9984412 0.05581361 -9.88767e-6 -0.9984431 0.05578029 2.37052e-5 -0.9984428 0.0557872 8.26478e-6 -0.9984421 0.05579912 0 -0.9984428 0.0557872 -8.26478e-6 -0.9984431 0.05578029 -2.37052e-5 -0.9984412 0.05581361 9.88767e-6 -0.9984428 0.05578464 -3.92281e-6 -0.998442 0.05580103 2.48379e-7 -0.9984423 0.055794 7.73663e-6 -0.9984418 0.05580437 -5.27363e-6 -0.9984418 0.05580234 -6.82485e-6 -0.9984421 0.05579876 9.13555e-7 -0.9984419 0.05580121 -2.54191e-6 -0.998442 0.05579972 -3.44545e-6 -0.9984424 0.0557934 1.53307e-5 -0.9984418 0.05580359 -4.533e-6 -0.9984421 0.05579757 2.6495e-6 -0.9984421 0.05579882 5.05232e-6 -0.9984419 0.05580151 -1.43468e-5 -0.9984421 0.05579823 9.89454e-6 -0.9984418 0.05580323 -1.86303e-5 -0.9984421 0.05579864 0 -0.9984425 0.05579012 4.54948e-5 -0.9984407 0.05582284 -1.32727e-4 -0.998442 0.05579936 1.17265e-6 -0.9984424 0.05579316 -2.15339e-5 -0.9984419 0.05580163 7.51099e-6 -0.9984418 0.055803 0 -0.9984419 0.05580079 5.82976e-6 -0.9984421 0.05579674 -1.31902e-6 -0.9984425 0.05579227 -4.4001e-6 -0.9984421 0.055799 -2.82491e-6 -0.9984419 0.05580127 1.1488e-6 -0.9984418 0.05580419 2.47964e-6 -0.9984422 0.0557959 -1.00293e-6 -0.9984422 0.05579644 -2.62062e-6 -0.9984418 0.05580323 4.25924e-6 -0.9984424 0.0557931 -3.97157e-6 -0.05579972 -0.9984421 0 -0.05579936 -0.9984421 -5.08878e-6 -0.05580192 -0.9984419 0 -0.05580192 -0.9984419 0 -0.05579972 -0.9984421 4.32927e-6 -0.05579936 -0.998442 0 -0.03945618 -0.7060016 -0.7071102 -0.03945595 -0.7060092 -0.7071028 -0.05553126 -0.9936364 -0.09799498 -0.05553108 -0.9936425 -0.0979337 -0.05339598 -0.9554366 -0.2903271 -0.05339586 -0.9554452 -0.2902988 -0.0492109 -0.8805611 -0.4713708 -0.04920923 -0.8805266 -0.4714356 -0.04313337 -0.7718028 -0.6343973 -0.04313522 -0.7718334 -0.63436 -0.03945636 -0.706006 0.7071059 -0.03945577 -0.7060052 0.7071067 -0.05553138 -0.9936434 0.0979247 -0.05553096 -0.9936378 0.09798115 -0.05339622 -0.9554464 0.2902946 -0.05339574 -0.9554386 0.2903203 -0.04920923 -0.8805317 0.471426 -0.0492112 -0.8805614 0.4713705 -0.04313337 -0.7718028 0.6343973 -0.04313552 -0.7718374 0.6343551 0.00624758 0.1117926 -0.993712 0.01842743 0.3297414 -0.9438915 0.01843041 0.3297736 -0.9438802 0.02969008 0.5312401 -0.846701 0.02968537 0.5311927 -0.8467309 0.03945475 0.7060071 -0.707105 0.03945249 0.7059879 -0.7071242 0.04724174 0.8453755 -0.5320796 0.04725211 0.8454455 -0.5319674 0.05267268 0.942434 -0.3302177 0.05266487 0.9423881 -0.3303503 0.05544656 0.9921652 -0.1119552 0.05544435 0.992159 -0.1120114 0.006247341 0.1117926 -0.993712 -0.006246984 -0.1117833 -0.993713 -0.006247341 -0.1117878 -0.9937125 -0.01842892 -0.3297564 -0.9438862 -0.01842904 -0.3297601 -0.943885 -0.02968865 -0.5312325 -0.8467059 -0.0296911 -0.5312606 -0.8466881 -0.03945648 -0.7059894 -0.7071225 -0.03945636 -0.7059881 -0.7071239 -0.04724818 -0.8454063 -0.5320301 -0.04724615 -0.8453968 -0.5320453 -0.05266809 -0.9424164 -0.3302686 -0.05266821 -0.9424149 -0.330273 -0.05544853 -0.9921646 -0.1119596 -0.05544829 -0.9921635 -0.1119685 -0.006246984 -0.1117805 0.9937133 -0.01842927 -0.3297616 0.9438843 -0.01842868 -0.3297539 0.9438871 -0.02968949 -0.5312489 0.8466956 -0.0296902 -0.5312402 0.846701 -0.03945624 -0.7059845 0.7071273 -0.03945636 -0.7059878 0.7071241 -0.04724746 -0.8453919 0.5320529 -0.04724645 -0.8454061 0.5320304 -0.05266839 -0.9424169 0.3302673 -0.05266809 -0.9424149 0.3302731 -0.05544835 -0.9921634 0.1119702 -0.05544823 -0.9921637 0.1119684 -0.006247162 -0.1117902 0.9937122 0.006247341 0.1117928 0.993712 0.006247341 0.1117926 0.993712 0.01842904 0.3297722 0.9438807 0.01842862 0.3297405 0.9438918 0.02968728 0.5311915 0.8467316 0.029688 0.5312405 0.8467008 0.03945392 0.7059907 0.7071213 0.03945356 0.7060092 0.7071029 0.04724603 0.8454508 0.5319594 0.04724764 0.8453671 0.5320923 0.05267041 0.9423917 0.3303391 0.05266696 0.9424285 0.3302345 0.05544638 0.9921605 0.1119974 0.05544471 0.9921638 0.1119685 0.00624752 0.1117926 -0.993712 0.01842731 0.3297421 -0.9438912 0.01843047 0.3297742 -0.94388 0.0296899 0.5312381 -0.8467022 0.02968531 0.5311906 -0.8467323 0.03945469 0.7060074 -0.7071046 0.03945261 0.7059882 -0.7071239 0.04724174 0.845375 -0.5320802 0.04725199 0.8454452 -0.531968 0.05266475 0.9423881 -0.3303503 0.05544668 0.9921653 -0.1119549 0.05544435 0.992159 -0.1120111 -0.006246805 -0.1117833 -0.993713 -0.006247401 -0.1117878 -0.9937125 -0.01842886 -0.329757 -0.943886 -0.01842921 -0.3297607 -0.9438847 -0.02968847 -0.5312305 -0.8467072 -0.02969115 -0.5312587 -0.8466894 -0.03945648 -0.7059898 -0.7071222 -0.03945648 -0.7059885 -0.7071235 -0.04724824 -0.8454058 -0.5320308 -0.04724591 -0.8453965 -0.5320459 -0.05266839 -0.9424164 -0.3302686 -0.05266803 -0.9424149 -0.330273 -0.05544853 -0.9921647 -0.1119593 -0.05544829 -0.9921636 -0.1119682 -0.006246984 -0.1117819 0.9937132 -0.0184291 -0.3297616 0.9438844 -0.01842874 -0.3297539 0.9438871 -0.02968961 -0.5312489 0.8466956 -0.02969002 -0.5312402 0.846701 -0.03945618 -0.7059839 0.707128 -0.0394563 -0.7059871 0.7071248 -0.0472474 -0.8453923 0.5320523 -0.04724669 -0.8454067 0.5320296 -0.05266827 -0.9424169 0.3302673 -0.05544835 -0.9921634 0.1119704 -0.05544847 -0.9921637 0.1119686 -0.006247341 -0.1117916 0.9937121 0.00624752 0.1117941 0.9937118 0.00624752 0.1117939 0.9937118 0.0184291 0.3297722 0.9438807 0.01842868 0.3297405 0.9438918 0.02968811 0.5312405 0.8467008 0.03945386 0.7059901 0.707122 0.0394535 0.7060085 0.7071036 0.04724609 0.8454512 0.5319588 0.04724758 0.8453674 0.5320917 0.05266714 0.9424285 0.3302345 0.05544632 0.9921605 0.1119976 0.05544483 0.9921638 0.1119686 -0.00624746 -0.1117853 0.9937128 -0.01843088 -0.3297809 0.9438776 -0.01843029 -0.3297675 0.9438823 -0.02968811 -0.5312067 0.846722 -0.02968758 -0.5312111 0.8467192 -0.03945535 -0.7059929 0.7071191 -0.03945565 -0.7059985 0.7071135 -0.04724556 -0.8453863 0.5320621 -0.04724586 -0.8453966 0.5320456 -0.05266952 -0.9424383 0.3302063 -0.05266809 -0.9424486 0.3301766 -0.05544644 -0.9921624 0.1119797 -0.05545002 -0.9921563 0.1120326 -0.00624758 -0.1117854 0.9937128 0.006247162 0.1117778 0.9937137 0.00624752 0.1117902 0.9937123 0.01842868 0.3297536 0.9438872 0.01842957 0.3297673 0.9438824 0.02968925 0.531244 0.8466986 0.02968841 0.5312113 0.8467191 0.03945702 0.7059994 0.7071125 0.03945684 0.7060198 0.7070922 0.04724293 0.8453388 0.5321376 0.04724431 0.8453968 0.5320454 0.05266779 0.9424402 0.3302009 0.05266731 0.9424352 0.3302152 0.05544698 0.9921706 0.1119074 0.05544984 0.9921563 0.1120325 0.006246924 0.1117805 -0.9937133 0.01842975 0.329773 -0.9438804 0.01842874 0.3297532 -0.9438873 0.02968788 0.5312183 -0.8467147 0.02969056 0.5312511 -0.8466941 0.03945767 0.7060126 -0.7070993 0.03945583 0.7059985 -0.7071135 0.04724562 0.8453882 -0.5320589 0.04724133 0.8453387 -0.532138 0.05266737 0.942436 -0.3302127 0.05266767 0.9424353 -0.3302152 0.05544608 0.9921574 -0.1120244 0.05545055 0.9921708 -0.1119044 0.006247699 0.1117854 -0.9937128 -0.006248056 -0.1117917 -0.9937121 -0.006247162 -0.1117805 -0.9937133 -0.01843088 -0.3297801 -0.9438779 -0.01842999 -0.3297669 -0.9438825 -0.02968901 -0.5312206 -0.8467133 -0.0296874 -0.5312122 -0.8467187 -0.03945606 -0.7060063 -0.7071056 -0.03945577 -0.7059988 -0.7071132 -0.04724568 -0.8453903 -0.5320557 -0.04724508 -0.8453775 -0.5320761 -0.05266946 -0.9424423 -0.3301947 -0.05266767 -0.9424353 -0.3302152 -0.05544602 -0.9921547 -0.1120485 -0.0554499 -0.992161 -0.1119899 -0.00624752 -0.1117867 0.9937127 -0.01843076 -0.3297809 0.9438776 -0.01843017 -0.3297675 0.9438823 -0.0296874 -0.5312111 0.8467192 -0.03945535 -0.7059922 0.7071197 -0.03945559 -0.7059978 0.7071141 -0.0472455 -0.8453866 0.5320616 -0.04724615 -0.845397 0.5320449 -0.05266946 -0.9424383 0.3302063 -0.05266827 -0.9424487 0.3301766 -0.0554465 -0.9921625 0.1119799 -0.05544978 -0.9921562 0.1120327 -0.006247758 -0.1117867 0.9937127 0.006247341 0.1117791 0.9937135 0.00624752 0.1117915 0.9937121 0.01842951 0.3297673 0.9438824 0.03945702 0.7059987 0.7071132 0.03945684 0.7060191 0.7070929 0.04724293 0.8453394 0.5321369 0.04724454 0.8453971 0.5320449 0.05266749 0.9424353 0.3302152 0.0554468 0.9921706 0.1119075 0.0554499 0.9921563 0.1120327 0.006246805 0.1117805 -0.9937133 0.01842993 0.3297736 -0.9438802 0.01842868 0.3297538 -0.9438872 0.02968776 0.5312163 -0.8467159 0.02969062 0.5312492 -0.8466953 0.03945791 0.7060129 -0.707099 0.03945559 0.7059989 -0.7071131 0.04724568 0.8453879 -0.5320595 0.04724109 0.8453384 -0.5321387 0.05266755 0.942436 -0.3302127 0.05266731 0.9424352 -0.3302152 0.05544632 0.9921574 -0.1120241 0.05545043 0.9921708 -0.1119041 0.006247758 0.1117854 -0.9937128 -0.006248116 -0.1117917 -0.9937121 -0.006246984 -0.1117805 -0.9937133 -0.01843082 -0.3297807 -0.9438776 -0.01843011 -0.3297675 -0.9438823 -0.02968883 -0.5312187 -0.8467145 -0.0296874 -0.5312101 -0.8467199 -0.03945618 -0.7060067 -0.7071053 -0.03945559 -0.7059991 -0.7071128 -0.04724574 -0.8453898 -0.5320563 -0.04724478 -0.8453771 -0.5320767 -0.05266976 -0.9424423 -0.3301947 -0.05266737 -0.9424352 -0.3302152 -0.05544614 -0.9921547 -0.1120482 -0.05545008 -0.9921611 -0.1119896 0.9984419 -0.05580031 0 0.9984421 -0.05579715 4.29823e-5 0.9984419 -0.05580222 7.0855e-6 0.9984419 -0.05580151 -7.81972e-6 0.9984419 -0.05580139 -9.52313e-6 0.9984419 -0.0558021 -2.86611e-5 0.9984421 -0.0557971 1.20404e-5 0.9984422 -0.05579614 2.45411e-5 0.998442 -0.05580061 2.9578e-7 0.9984421 -0.05579954 -1.2736e-5 0.9984421 -0.0557993 -1.09115e-5 0.9984421 -0.05579942 -7.45309e-6 0.998442 -0.05579912 3.83177e-7 0.9984421 -0.05579847 7.26614e-6 0.9984421 -0.0557999 -3.93034e-7 0.998442 -0.05579942 1.37314e-5 0.998442 -0.05579942 9.68464e-6 0.998442 -0.05579972 -2.24794e-5 0.9984422 -0.05579745 1.02254e-6 0.9984421 -0.05579715 2.44889e-5 0.998442 -0.05580109 -1.71455e-5 0.9984419 -0.05580139 8.16267e-6 0.998442 -0.05580115 1.17297e-5 0.9984419 -0.05580174 -2.83417e-5 0.9984422 -0.0557968 -1.53507e-6 0.9984419 -0.05580157 7.08541e-6 0.9984419 -0.05580121 -7.81982e-6 0.9984419 -0.05580163 -9.52316e-6 0.9984421 -0.05579698 1.20403e-5 0.998442 -0.05580091 2.95781e-7 0.998442 -0.05579942 -1.09115e-5 0.9984421 -0.05579966 -7.45306e-6 0.9984421 -0.05579906 3.83176e-7 0.9984421 -0.05579876 7.26618e-6 0.998442 -0.05579978 -3.93033e-7 0.998442 -0.05579954 9.68466e-6 0.998442 -0.0557993 -2.24792e-5 0.9984422 -0.05579745 1.02254e-6 0.9984422 -0.05579733 2.4489e-5 0.9984419 -0.05580127 -1.71455e-5 0.9984419 -0.05580151 8.16269e-6 0.998442 -0.05580067 1.17296e-5 0.9984419 -0.05580204 -2.83419e-5 0.9984422 -0.05579662 -1.53507e-6 0.9984422 -0.05579751 0 0.998442 -0.05579954 1.08674e-4 0.9984421 -0.055799 -3.68402e-5 0.9984422 -0.05579602 4.72361e-6 0.9984422 -0.05579602 7.81963e-6 0.998442 -0.05579912 -2.44882e-5 0.998442 -0.05579918 0 0.9984421 -0.05579853 1.30608e-5 0.9984421 -0.05579847 2.7268e-6 0.998442 -0.05580055 -1.24225e-5 0.998442 -0.05580055 -4.24525e-6 0.9984421 -0.05579906 5.14928e-6 0.998442 -0.05579948 3.72655e-6 0.9984419 -0.05580133 -2.08052e-5 0.998442 -0.05580103 0 0.998442 -0.05579978 1.76139e-5 0.998442 -0.05579912 3.92327e-6 0.9984419 -0.05580031 -5.57186e-6 0.9984419 -0.05580019 -2.36619e-6 0.9984421 -0.05579847 1.43157e-5 0.9984421 -0.05579829 -3.26521e-6 0.998442 -0.05579954 -1.22834e-5 0.9984421 -0.05579924 -5.44184e-6 0.9984422 -0.05579501 3.12785e-5 0.9984423 -0.05579507 2.51925e-5 0.9984419 -0.05580085 -2.14902e-5 0.998442 -0.05579954 -1.08674e-4 0.9984423 -0.05579549 7.8197e-6 0.9984421 -0.05579924 -2.44883e-5 0.9984421 -0.05579948 0 0.9984421 -0.05579811 1.30608e-5 0.9984419 -0.05580019 -1.24225e-5 0.9984419 -0.05580019 -4.24522e-6 0.998442 -0.05579912 5.14929e-6 0.9984421 -0.0557996 3.72656e-6 0.9984419 -0.05580145 -2.08051e-5 0.9984419 -0.0558018 0 0.998442 -0.05579912 1.76138e-5 0.998442 -0.05579924 3.92327e-6 0.998442 -0.05580037 -5.57187e-6 0.998442 -0.05580049 -2.36618e-6 0.9984421 -0.05579853 1.43157e-5 0.9984422 -0.05579793 -3.26521e-6 0.998442 -0.05579978 -1.22835e-5 0.9984423 -0.05579537 3.12787e-5 0.9984419 -0.05580037 -2.149e-5 0 0 -1 0 0 1 5.25406e-7 0 1 2.9776e-7 0 1 3.00671e-7 0 1 -3.11262e-7 0 1 3.31083e-7 0 1 -3.634e-7 0 1 -2.52489e-7 0 1 0 0 1 2.77584e-7 0 1 5.31998e-7 0 1 -1.43589e-6 0 1 3.9325e-7 0 1 1.68379e-6 0 1 0 0 1 0 0 1 0 0 1 -2.56326e-7 0 1 -2.11501e-7 0 1 -7.22584e-7 0 1 1.58442e-6 0 1 -7.09543e-7 0 1 -5.17293e-7 0 1 2.04639e-7 0 1 2.52491e-7 0 1 3.63416e-7 0 1 -3.11266e-7 0 1 -5.95514e-7 0 1 6.04211e-7 0 1 3.25093e-7 0 1 -1.53707e-6 0 1 1.27696e-6 0 1 9.42924e-7 0 1 -1.44186e-6 0 1 1.56645e-6 0 1 -5.32003e-7 0 1 -5.55169e-7 0 1 1.45107e-7 0 1 -2.01852e-7 0 1 -1.17802e-6 0 1 3.12506e-6 0 1 -2.64258e-6 0 1 -1.69557e-7 0 1 -6.06374e-7 0 1 2.51584e-7 0 1 -2.52489e-7 0 -1 -3.634e-7 0 -1 3.31083e-7 0 -1 -3.11262e-7 0 -1 3.00671e-7 0 -1 2.9776e-7 0 -1 5.25406e-7 0 -1 0 0 -1 0 0 -1 0 0 -1 1.68379e-6 0 -1 3.9325e-7 0 -1 -1.43589e-6 0 -1 5.31998e-7 0 -1 2.77584e-7 0 -1 0 0 -1 2.04639e-7 0 -1 -5.17293e-7 0 -1 -7.09543e-7 0 -1 1.58442e-6 0 -1 -7.22584e-7 0 -1 -2.11501e-7 0 -1 -2.56326e-7 0 -1 3.25093e-7 0 -1 6.04211e-7 0 -1 -5.95514e-7 0 -1 -3.11266e-7 0 -1 3.63416e-7 0 -1 2.52491e-7 0 -1 1.45107e-7 0 -1 -5.55169e-7 0 -1 -5.32003e-7 0 -1 1.56645e-6 0 -1 -1.44186e-6 0 -1 9.42924e-7 0 -1 1.27696e-6 0 -1 -1.53707e-6 0 -1 2.51584e-7 0 -1 -6.06374e-7 0 -1 -1.69557e-7 0 -1 -2.64258e-6 0 -1 3.12506e-6 0 -1 -1.17802e-6 0 -1 -2.01852e-7 0 -1 -0.05579882 -0.9984421 0 0.6665498 -0.7454606 0 0.6665496 -0.7454608 0 -0.9984421 0.05579924 -1.82551e-5 -0.998442 0.05579966 1.49997e-5 -0.9984421 0.05579894 2.08631e-5 -0.998442 0.0557993 -5.99989e-5 -0.9984366 0.05589646 -9.19625e-5 -0.9984439 0.05576461 2.23887e-5 -0.9984417 0.05580502 -7.03615e-6 -0.9984423 0.05579525 1.02139e-5 -0.9984413 0.05581146 -2.17729e-5 -0.9984424 0.05579453 1.1596e-5 -0.9984421 0.055799 -3.14928e-6 -0.9984421 0.05579859 7.20777e-7 -0.9984422 0.05579715 -1.441e-5 -0.998442 0.05579936 2.57709e-6 -0.9984415 0.05580848 8.90604e-7 -0.9984419 0.05580157 -4.20446e-7 -0.9984421 0.055799 -6.32256e-7 -0.9984422 0.05579608 1.25086e-6 -0.9984418 0.05580294 -4.47909e-6 -0.9984424 0.05579257 5.89533e-6 -0.9984414 0.05581074 -1.55844e-5 -0.9984424 0.05579179 1.38786e-5 -0.9984422 0.05579698 4.18901e-6 -0.9984418 0.05580228 -2.02655e-5 -0.9984421 0.05579918 9.54762e-6 -0.998442 0.05579942 2.02921e-5 -0.998442 0.05579942 -2.5771e-6 -0.9984422 0.05579692 1.44099e-5 -0.9984421 0.05579811 -7.20777e-7 -0.998442 0.05580025 3.14928e-6 -0.9984424 0.05579453 -1.1596e-5 -0.9984413 0.05581146 2.17729e-5 -0.9984423 0.05579525 -1.02139e-5 -0.9984417 0.05580502 7.03615e-6 -0.9984436 0.05577051 -2.23888e-5 -0.9984366 0.05589693 9.19633e-5 -0.9984419 0.05579996 -2.02923e-5 -0.998442 0.05579924 -9.54763e-6 -0.9984418 0.0558024 2.02655e-5 -0.9984422 0.05579632 -4.18901e-6 -0.9984425 0.05579245 -1.38786e-5 -0.9984414 0.05581074 1.55844e-5 -0.9984425 0.05579251 -5.89532e-6 -0.9984418 0.055803 4.47909e-6 -0.9984424 0.05579274 -1.25086e-6 -0.9984419 0.05580157 6.32256e-7 -0.9984419 0.05580157 4.20446e-7 -0.9984415 0.05580848 -8.90604e-7 -0.9984421 0.05579918 -1.49996e-5 -0.9984421 0.05579894 -1.48556e-6 -0.9984419 0.05580085 1.77526e-5 -0.998442 0.05580061 3.13177e-6 -0.9984419 0.05580168 -1.35341e-6 -0.9984419 0.05580079 2.20295e-5 -0.9984421 0.0557987 5.93174e-6 -0.998442 0.05579948 1.34631e-6 -0.9984421 0.05579936 2.33461e-6 -0.9984421 0.05579847 4.27736e-6 -0.9984422 0.05579793 -5.76523e-6 -0.9984421 0.05579793 5.68902e-6 -0.998442 0.05579918 -5.44766e-6 -0.998442 0.05579984 -5.71644e-6 -0.9984421 0.05579817 5.42839e-6 -0.9984421 0.05579823 5.76523e-6 -0.998442 0.0557993 -4.27736e-6 -0.9984421 0.05579906 -2.3346e-6 -0.9984421 0.05579948 -7.57665e-6 -0.9984421 0.05579894 -4.96814e-7 -0.998442 0.05579942 1.82551e-5 -0.9984419 0.05580103 -3.42537e-6 -0.9984419 0.0558018 2.70682e-6 -0.9984419 0.05580079 -2.28454e-5 -0.9984421 0.05579978 1.79381e-7 -0.9984421 0.05579894 -1.04979e-5 -0.998442 0.05579942 3.61747e-6 -0.9984427 0.05578696 9.27813e-5 -0.9984421 0.05579948 -1.33147e-5 -0.9984418 0.05580282 -2.45652e-5 -0.9984421 0.05579984 -4.57952e-6 -0.998442 0.05579942 -1.63183e-5 -0.9984421 0.05579823 -1.58981e-6 -0.9984422 0.05579692 7.89243e-6 -0.9984422 0.05579704 6.44652e-6 -0.9984418 0.05580437 -2.26546e-5 -0.9984419 0.05580109 5.18871e-6 -0.998442 0.05580109 5.03503e-6 -0.9984417 0.05580443 -1.53093e-5 -0.9984418 0.05580419 -5.0529e-6 -0.9984421 0.0557996 1.52359e-5 -0.998442 0.05580073 -5.90439e-6 -0.998442 0.05580067 -5.11438e-6 -0.9984421 0.05579757 1.91877e-5 -0.9984422 0.05579668 3.31403e-6 -0.9984421 0.05579859 -9.78736e-6 -0.998442 0.055799 3.28375e-6 -0.9984419 0.05580312 -1.72516e-5 -0.998442 0.05580055 2.08087e-5 -0.998442 0.05579984 -3.08023e-6 -0.9984422 0.05579686 1.13014e-5 -0.9984421 0.0557971 1.04979e-5 -0.008314967 -0.1488094 -0.988831 -0.01644444 -0.2942979 -0.9555723 -0.01644861 -0.2942953 -0.955573 -0.02421301 -0.4332127 -0.9009665 -0.02420586 -0.4331955 -0.9009749 -0.03142845 -0.5624549 -0.8262306 -0.03141796 -0.5624251 -0.8262512 -0.03793638 -0.6791151 -0.7330508 -0.0379371 -0.6791229 -0.7330437 -0.04360532 -0.7805926 -0.6235174 -0.04364353 -0.7806409 -0.6234542 -0.04834121 -0.8646684 -0.5000119 -0.0483396 -0.8646518 -0.5000406 -0.05196058 -0.9294186 -0.3653509 -0.05194616 -0.9294068 -0.3653828 -0.05440604 -0.9734198 -0.2224723 -0.0544064 -0.9734217 -0.2224638 -0.05564856 -0.9956479 -0.07475596 -0.05564886 -0.9956486 -0.07474726 -0.008317708 -0.1488135 -0.9888303 1.62991e-7 0 -1 0.008312821 0.1488089 -0.9888311 0.008319735 0.1488144 -0.9888302 0.01645338 0.2943044 -0.9555701 0.01645338 0.294296 -0.9555727 0.02421969 0.4332184 -0.9009634 0.02420485 0.4331846 -0.9009801 0.03142678 0.5624268 -0.8262497 0.0314362 0.5624507 -0.826233 0.03795748 0.6791173 -0.7330477 0.03795635 0.6791066 -0.7330577 0.04362982 0.7806098 -0.623494 0.04364246 0.780628 -0.6234704 0.04834133 0.8646733 -0.5000035 0.0483269 0.8646515 -0.5000424 0.05194681 0.9294179 -0.3653545 0.05194705 0.9294153 -0.365361 0.0544064 0.9734194 -0.2224738 0.0544061 0.9734157 -0.2224902 0.05564862 0.9956489 -0.07474392 0.0556491 0.9956485 -0.0747475 0.008319437 0.1488071 0.9888314 0.01645332 0.2943013 0.9555711 0.01645296 0.2942952 0.955573 0.02421808 0.4331907 0.9009769 0.02420681 0.4332187 0.9009638 0.0314278 0.5624508 0.8262333 0.03143483 0.5624248 0.8262507 0.03795707 0.6791178 0.7330473 0.03795647 0.6791066 0.7330577 0.04363083 0.7806246 0.6234754 0.0436418 0.7806146 0.6234874 0.04834008 0.8646527 0.5000391 0.04832822 0.8646759 0.5 0.05194675 0.9294168 0.3653573 0.05194699 0.9294157 0.3653604 0.05440628 0.9734151 0.222493 0.05440628 0.9734219 0.2224634 0.05564862 0.9956485 0.07474899 0.0556491 0.9956485 0.0747475 0.008313119 0.1488185 0.9888296 -4.34662e-7 0 1 2.17322e-7 0 1 -0.008316814 -0.1488099 0.9888309 -0.008315324 -0.1488148 0.9888302 -0.01644486 -0.2943039 0.9555704 -0.01644819 -0.2942858 0.955576 -0.02421319 -0.4332097 0.900968 -0.02420616 -0.4332078 0.900969 -0.0314269 -0.5624349 0.8262441 -0.03141874 -0.562438 0.8262423 -0.03793704 -0.6791172 0.7330489 -0.03793615 -0.6791099 0.7330557 -0.04360783 -0.7806361 0.6234627 -0.04364109 -0.7806003 0.6235052 -0.04834103 -0.864667 0.5000141 -0.04834038 -0.8646638 0.5000197 -0.05195999 -0.9294066 0.3653814 -0.05194675 -0.9294163 0.3653587 -0.05440616 -0.9734193 0.2224743 -0.05440628 -0.9734219 0.2224634 -0.05564856 -0.995648 0.07475501 -0.0556488 -0.9956486 0.07474714 0.006032586 0.1079488 0.9941382 0.01199454 0.2146363 0.9766204 0.01199519 0.2146294 0.9766219 0.01781755 0.3188129 0.9476502 0.0178188 0.3188051 0.9476529 0.02343112 0.4192214 0.9075816 0.02342903 0.4192396 0.9075733 0.02876675 0.5147565 0.8568538 0.02876901 0.514758 0.8568527 0.03376942 0.6042326 0.7960922 0.03377127 0.6042257 0.7960972 0.03837686 0.6866295 0.7259939 0.03837949 0.6866279 0.7259953 0.04253506 0.7609735 0.6473872 0.0425322 0.7609711 0.6473901 0.04618906 0.8263974 0.5611897 0.04618942 0.8264055 0.5611778 0.04930442 0.8821398 0.4684002 0.04930424 0.8821343 0.4684103 0.05184113 0.927524 0.3701511 0.05184119 0.9275256 0.3701469 0.05377042 0.9620429 0.2675489 0.05376046 0.9620575 0.2674983 0.05505889 0.985292 0.1617659 0.05506592 0.9852883 0.161786 0.05571919 0.9969757 0.05417543 0.05571198 0.9969787 0.05412715 0.006032884 0.1079441 0.9941387 0 0 1 -0.006033122 -0.1079474 0.9941384 -0.006032407 -0.1079531 0.9941377 -0.01199364 -0.2146321 0.9766214 -0.01199436 -0.2146295 0.9766219 -0.01781618 -0.3188053 0.9476529 -0.01781523 -0.3188061 0.9476525 -0.02342766 -0.4192438 0.9075714 -0.02342945 -0.4192469 0.9075699 -0.02876567 -0.514735 0.8568668 -0.02876597 -0.5147401 0.8568636 -0.03376734 -0.6042377 0.7960883 -0.03376907 -0.6042252 0.7960978 -0.03837394 -0.6866215 0.7260017 -0.03836983 -0.6866384 0.7259858 -0.04252398 -0.7609745 0.6473868 -0.04252642 -0.7609735 0.6473878 -0.04618257 -0.8263965 0.5611918 -0.04618525 -0.826387 0.5612054 -0.04930102 -0.8821398 0.4684004 -0.04929524 -0.882152 0.4683779 -0.05183011 -0.9275144 0.3701766 -0.05182731 -0.9275267 0.3701463 -0.05375665 -0.9620556 0.267506 -0.0537635 -0.9620466 0.2675366 -0.05506247 -0.9852911 0.1617699 -0.05506253 -0.9852917 0.1617663 -0.05571568 -0.9969783 0.05413198 -0.05571568 -0.9969797 0.05410665 -0.006032407 -0.1079472 -0.9941384 -0.01199352 -0.21463 -0.9766219 -0.0119946 -0.2146337 -0.976621 -0.01781642 -0.3188099 -0.9476512 -0.01781469 -0.3187999 -0.9476547 -0.02342736 -0.4192388 -0.9075738 -0.02342933 -0.4192469 -0.90757 -0.02876538 -0.5147303 -0.8568695 -0.02876597 -0.5147401 -0.8568636 -0.03376716 -0.6042292 -0.7960948 -0.03376948 -0.6042354 -0.79609 -0.03837496 -0.6866367 -0.7259873 -0.0383687 -0.686618 -0.7260053 -0.04252302 -0.7609621 -0.6474013 -0.04252713 -0.7609829 -0.6473766 -0.04618197 -0.826386 -0.5612072 -0.04618579 -0.8263965 -0.5611914 -0.04930192 -0.8821541 -0.4683734 -0.04929476 -0.8821437 -0.4683937 -0.05183047 -0.9275221 -0.3701573 -0.05182695 -0.9275195 -0.3701643 -0.05375611 -0.9620445 -0.2675457 -0.05376404 -0.9620573 -0.2674984 -0.05506253 -0.9852929 -0.1617592 -0.05506265 -0.9852917 -0.1617664 -0.05571579 -0.9969791 -0.05411624 -0.05571562 -0.9969785 -0.05412709 -0.006033122 -0.1079537 -0.9941377 0.006032824 0.1079481 -0.9941383 0.006032645 0.107945 -0.9941387 0.0119946 0.2146317 -0.9766215 0.01199531 0.2146337 -0.976621 0.01781749 0.318806 -0.9476526 0.01781886 0.3188116 -0.9476507 0.02343183 0.4192346 -0.9075756 0.02342861 0.4192318 -0.9075769 0.02876663 0.5147534 -0.8568556 0.02876949 0.5147673 -0.8568472 0.03376883 0.6042217 -0.7961005 0.03377187 0.6042364 -0.7960891 0.03837674 0.6866265 -0.7259968 0.03837943 0.6866283 -0.725995 0.04253548 0.7609829 -0.647376 0.0425316 0.7609611 -0.6474021 0.04618936 0.8264026 -0.5611821 0.04618883 0.8263958 -0.5611922 0.0493043 0.8821359 -0.4684073 0.04930466 0.8821428 -0.4683942 0.05184108 0.927524 -0.370151 0.05184125 0.9275256 -0.3701469 0.05377131 0.9620588 -0.2674913 0.05375951 0.9620416 -0.2675552 0.05505841 0.9852854 -0.1618067 0.0550664 0.9852948 -0.1617462 0.05571925 0.9969775 -0.05414223 0.05571198 0.9969776 -0.05414766 0.0557996 0.9984421 0 -0.6665481 0.7454621 0 -0.6665483 0.7454619 0 -0.4341418 0.9008446 0 -0.5322799 0.8465685 0 -0.5322831 0.8465664 0 -0.6236999 0.7816639 0 -0.6236963 0.7816668 0 -0.4341403 0.9008453 0 -0.3305029 0.943805 0 -0.3305017 0.9438055 0 -0.2227863 0.9748674 0 -0.2227854 0.9748676 0 -0.1122279 0.9936825 0 -0.1122283 0.9936825 0 -2.92336e-4 1 0 0.7454612 0.666549 0 0.7454609 0.6665494 0 0.3300199 0.943974 0 0.2222502 0.9749897 0 0.1116991 0.9937422 0 0.1116995 0.9937421 0 0.3300188 0.9439744 0 0.4336609 0.9010762 0 0.5317882 0.8468774 0 0.5317898 0.8468765 0 0.6232838 0.7819958 0 0.623282 0.7819973 0 0.7069092 0.7073044 0 -0.943974 0.33002 0 -0.9749892 0.2222525 0 -0.9749876 0.2222594 0 -0.9937435 0.1116862 0 -0.9937428 0.1116935 0 -0.9010864 0.4336398 0 -0.8468684 0.5318027 0 -0.7819905 0.6232904 0 -0.7073185 0.706895 0 0.998442 -0.0557993 7.8712e-6 0.9984419 -0.05580133 -7.87119e-6 0.9984444 -0.0557571 2.0262e-5 0.9984405 -0.05582767 -1.6938e-5 0.9984419 -0.05580168 -4.59908e-6 0.9984416 -0.05580681 -8.28933e-5 0.9984424 -0.05579394 -4.11933e-6 0.9984419 -0.05580139 5.51269e-6 0.9984417 -0.05580478 7.20277e-6 0.9984414 -0.05580985 1.87941e-6 0.9984421 -0.05579775 2.24964e-5 0.9984415 -0.05580776 4.11933e-6 0.9984416 -0.05580651 -5.51269e-6 0.9984419 -0.05580258 -7.20277e-6 0.9984441 -0.05576181 0 0.9984421 -0.0557993 0 0.9984421 -0.0557999 -2.4053e-6 0.9984421 -0.05579835 -2.03708e-6 0.9984422 -0.05579769 -7.63214e-7 0.998441 -0.05581742 1.91959e-6 0.9984418 -0.05580443 -1.22337e-5 0.9984443 -0.05575799 1.1946e-4 0.9984412 -0.05581611 -6.57169e-5 0.9984427 -0.05578792 3.70722e-5 0.9984424 -0.05579298 2.83225e-6 0.9984424 -0.05579292 -2.83225e-6 0.9984428 -0.05578529 -3.70722e-5 0.9984409 -0.05581957 6.57168e-5 0.9984454 -0.05573838 -1.19461e-4 0.9984416 -0.05580592 1.22337e-5 0.9984421 -0.05579841 -3.93083e-7 0.9984421 -0.05579847 -1.79544e-7 0.9984405 -0.05582606 1.6938e-5 0.9984431 -0.05577903 -2.02619e-5 0.998444 -0.05576431 -4.22031e-6 0.9984406 -0.05582618 1.93312e-4 0.9984422 -0.05579602 -3.18821e-5 0.9984421 -0.05579853 0 0.9984416 -0.05580723 3.38474e-5 0.9984421 -0.05579894 -8.10091e-6 0.9984419 -0.05580157 7.43721e-6 0.9984421 -0.05579954 -8.18273e-6 0.9984421 -0.05579894 -1.14064e-6 0.9984418 -0.05580484 1.6981e-5 0.998442 -0.0557993 2.74366e-6 0.9984422 -0.05579572 -5.25262e-6 0.998442 -0.05580002 -5.18998e-7 0.9984422 -0.05579668 -6.30616e-6 0.9984419 -0.05580168 8.18638e-6 0.9984423 -0.05579417 -8.76903e-6 0.9984418 -0.05580359 5.14973e-6 0.998442 -0.05580073 3.51578e-6 0.9984435 -0.05577391 -4.45866e-5 0.9984413 -0.05581188 2.32967e-5 0.9984418 -0.05580383 -1.26261e-6 0.9984425 -0.05579078 -4.06607e-6 0.9984416 -0.05580562 7.39747e-7 0.9984427 -0.05578804 -7.2999e-6 0.9984412 -0.05581313 8.66634e-6 0.9984427 -0.05578666 -1.28717e-6 0.9984407 -0.05582398 1.23381e-5 0.9984455 -0.05573761 1.84642e-5 0.998444 -0.05576372 -2.86648e-4 0.9984419 -0.05580216 1.23124e-5 0.9984424 -0.05579417 -1.55862e-5 0.9984366 -0.05589693 3.47437e-4 0.9984415 -0.0558089 1.68354e-5 0.9984425 -0.05579125 3.09994e-6 0.9984411 -0.05581575 5.86021e-5 0.9984371 -0.05588871 3.32634e-5 0.9984421 -0.05579853 0 0.998441 -0.05581927 -1.79114e-5 0.9984436 -0.05577129 1.71897e-5 0.9984402 -0.05583202 -1.66138e-5 0.9984439 -0.05576658 1.78792e-5 0.9984416 -0.05580687 -5.0771e-7 0.9984421 -0.05579924 -6.48385e-7 0.9984421 -0.05579859 4.42219e-7 0.9984421 -0.05579841 1.79544e-7 0.9984428 -0.05578517 -3.30875e-5 0.9984418 -0.05580514 7.7909e-6 0.9984428 -0.05578565 -1.14448e-5 0.998442 -0.05579912 1.36251e-5 0.9984403 -0.05583024 6.07283e-6 0.9984437 -0.05577093 -3.2208e-6 0.9984405 -0.0558288 1.41951e-5 0.9984434 -0.0557745 -1.86934e-5 0.9984428 -0.05578577 1.83014e-6 0.9984415 -0.05580848 2.03113e-6 0.9984449 -0.05574852 1.78455e-6 0.998445 -0.05574727 -2.50783e-5 0.9984407 -0.05582255 8.09367e-6 0.998443 -0.05578237 1.12676e-6 0.9984413 -0.05581128 1.89449e-6 0.9984419 -0.05580121 1.58043e-6 0.9984367 -0.0558952 8.57233e-6 0.9984426 -0.05578982 4.2502e-6 0.998442 -0.05579978 2.59289e-6 0.9984417 -0.05580586 -5.63454e-6 0.9984422 -0.05579733 8.50055e-7 0.9984423 -0.05579429 5.5629e-6 0.9984418 -0.05580431 -2.81152e-6 0.9984421 -0.05579829 0 0.9984421 -0.05579817 2.81152e-6 0.9984423 -0.0557956 -5.56289e-6 0.9984421 -0.05579864 -8.50055e-7 0.9984417 -0.05580586 5.63454e-6 0.9984421 -0.05579715 -2.59289e-6 0.9984462 -0.05572354 1.87555e-6 0.9984393 -0.05584776 -3.18883e-6 0.9984434 -0.05577397 2.02217e-7 0.9984405 -0.0558263 -8.92671e-6 0.9984424 -0.05579251 2.08306e-6 0.9984367 -0.0558952 -8.57233e-6 0.9984416 -0.05580681 -1.58042e-6 0.9984418 -0.05580371 -1.8945e-6 0.9984428 -0.05578649 -1.12676e-6 0.9984407 -0.05582261 -8.09368e-6 0.998445 -0.05574733 2.50783e-5 0.9984449 -0.05574864 -1.78456e-6 0.9984422 -0.05579602 -2.03113e-6 0.9984415 -0.05580925 -1.83013e-6 0.9984436 -0.05577307 1.86934e-5 0.9984411 -0.05581635 -1.41951e-5 0.9984422 -0.05579662 3.22079e-6 0.9984419 -0.05580186 -6.07286e-6 0.9984411 -0.05581825 -1.3625e-5 0.998443 -0.05578231 1.14448e-5 0.9984417 -0.05580466 -7.79083e-6 0.9984422 -0.0557956 3.3088e-5 0.9984424 -0.05579251 -2.08306e-6 0.9984412 -0.05581378 8.9267e-6 0.9984425 -0.0557897 -2.02217e-7 0.9984408 -0.05582255 3.18884e-6 0.998444 -0.05576437 -1.87554e-6 0.9984422 -0.05579644 8.18267e-6 0.9984419 -0.05580157 -7.43721e-6 0.9984422 -0.05579566 8.10085e-6 0.9984413 -0.05581116 -3.38477e-5 0.9984421 -0.05579853 0 0.9984422 -0.05579602 3.18821e-5 0.9984406 -0.05582618 -1.93312e-4 0.9984421 -0.05579924 6.48385e-7 0.9984416 -0.05580687 5.0771e-7 0.9984436 -0.05577164 -1.78792e-5 0.9984405 -0.05582708 1.66137e-5 0.9984436 -0.05577129 -1.71897e-5 0.9984398 -0.05583924 1.79113e-5 0.9984421 -0.05579841 0 0.998439 -0.05585473 -3.32618e-5 0.998442 -0.05579954 -5.3397e-6 0.9984415 -0.0558083 8.31066e-5 0.9984419 -0.05580168 4.59908e-6 0.9984424 -0.05579441 -2.2913e-5 0.9984441 -0.05576068 -6.28409e-6 0.9984429 -0.0557838 2.15121e-6 0.9984368 -0.055893 -7.38005e-6 0.998442 -0.05580061 2.59713e-6 0.9984421 -0.05579775 2.47427e-6 0.9984452 -0.05574297 0 0.9984423 -0.05579411 1.89525e-6 0.9984422 -0.05579704 0 0.9984409 -0.05581861 0 0.9984423 -0.05579465 1.28561e-6 0.9984515 -0.05563014 -1.87292e-5 0.998438 -0.05587249 7.38005e-6 0.9984421 -0.05579882 -2.51118e-6 0.9984419 -0.05580216 -2.71517e-6 0.9984424 -0.0557931 0 0.9984421 -0.05579888 -4.12863e-6 0.9984414 -0.05580985 -1.87941e-6 0.9008485 0.434134 0 0.8465853 0.532253 0 0.8465822 0.5322583 0 0.7816674 0.6236957 0 0.9437879 0.3305517 0 0.9748686 0.222781 0 0.9748701 0.222774 0 0.9936838 0.1122173 0 0.9936822 0.1122317 0 1 2.7684e-4 0 1 2.84126e-4 0 -0.7454612 -0.6665492 0 -0.7454611 -0.6665492 0 -0.998442 0.05579918 -8.05788e-7 -0.998442 0.05580002 -2.0286e-6 -0.9984416 0.05580627 1.86691e-6 -0.998442 0.05580013 4.39832e-7 -0.9984427 0.05578774 -5.16387e-7 -0.9984421 0.05579876 -1.86314e-6 -0.9984416 0.05580723 -1.87307e-6 -0.9984419 0.0558021 9.35493e-7 -0.9984425 0.05579131 3.35548e-6 -0.9984417 0.0558055 -5.91937e-6 -0.9984437 0.05576872 1.21984e-5 -0.9984334 0.05595469 -6.263e-5 -0.9984411 0.05581533 1.37339e-7 -0.9984419 0.05580216 1.3351e-6 -0.9984424 0.05579358 1.5399e-6 -0.9984424 0.05579352 -4.37774e-7 -0.9984419 0.05580097 2.92959e-6 -0.9984416 0.05580586 -4.02495e-6 -0.9984419 0.05580157 7.31339e-6 -0.9984423 0.05579453 0 -0.9984419 0.05580157 -7.31339e-6 -0.9984421 0.05579721 4.02495e-6 -0.9984418 0.05580323 -2.92959e-6 -0.9984424 0.05579352 4.37774e-7 -0.9984422 0.05579602 -1.5399e-6 -0.9984418 0.05580431 -1.3351e-6 -0.9984413 0.05581223 -1.3734e-7 -0.998449 0.05567467 -1.04237e-6 -0.9984421 0.05579799 9.7958e-7 -0.9984424 0.05579429 -2.74688e-6 -0.9984417 0.05580496 4.76222e-6 -0.9984428 0.05578517 -1.1402e-6 -0.9984422 0.05579519 -8.46901e-7 -0.9984403 0.05583167 1.53155e-6 -0.998442 0.05579948 0 -0.9984424 0.05579304 1.04742e-5 -0.9984418 0.05580532 -1.21022e-5 -0.9984421 0.05579799 5.90019e-6 -0.998442 0.05579996 -2.90945e-6 -0.9984421 0.05579847 4.49796e-6 -0.9984421 0.05579978 -1.85076e-6 -0.9984422 0.05579692 3.32569e-6 -0.9984421 0.05579894 -8.79423e-7 -0.9984419 0.05580013 -3.00143e-6 -0.9984419 0.05580163 -7.28221e-6 -0.9984422 0.0557968 1.31912e-5 -0.9984419 0.05580043 -8.02454e-6 -0.9984421 0.05579787 8.23661e-6 -0.9984419 0.05580139 -1.58433e-5 -0.9984422 0.05579656 2.09485e-5 -0.998442 0.05579954 6.05157e-7 -0.9984419 0.05580312 -2.91305e-5 -0.9984425 0.05579155 6.70868e-5 -0.9984415 0.0558086 -6.90216e-5 -0.9984334 0.05595469 6.263e-5 -0.9984437 0.05576872 -1.21984e-5 -0.9984419 0.05580174 5.91937e-6 -0.9984424 0.05579274 -3.35548e-6 -0.9984419 0.0558021 -9.35493e-7 -0.9984416 0.05580723 1.87307e-6 -0.9984421 0.05579876 1.86314e-6 -0.9984426 0.05578863 5.16387e-7 -0.998442 0.05579912 -4.39832e-7 -0.9984416 0.05580627 -1.86691e-6 -0.998442 0.05580085 2.02861e-6 -0.9984421 0.0557993 8.05788e-7 -0.9984573 0.05552572 1.04237e-6 -0.9984395 0.055844 -1.53155e-6 -0.9984422 0.05579519 8.46901e-7 -0.9984428 0.05578523 1.1402e-6 -0.9984414 0.05581033 -4.76222e-6 -0.9984424 0.05579262 2.74688e-6 -0.9984421 0.05579799 -9.7958e-7 -0.9984419 0.05580204 6.90234e-5 -0.9984425 0.05579125 -6.7086e-5 -0.9984419 0.05580329 2.91308e-5 -0.998442 0.05579954 -6.05157e-7 -0.9984422 0.05579644 -2.09484e-5 -0.9984419 0.05580163 1.58434e-5 -0.9984421 0.05579787 -8.23661e-6 -0.9984419 0.05580043 8.02454e-6 -0.9984422 0.0557968 -1.31912e-5 -0.9984419 0.05580145 7.28221e-6 -0.9984419 0.05580031 3.00143e-6 -0.9984421 0.05579894 8.79423e-7 -0.9984422 0.05579692 -3.32569e-6 -0.9984419 0.05580121 1.85076e-6 -0.9984422 0.05579578 -4.49797e-6 -0.9984419 0.05580234 2.90944e-6 -0.9984423 0.05579543 -5.90019e-6 -0.9984416 0.05580729 1.21022e-5 -0.9984424 0.05579334 -1.04742e-5 -1 -2.69548e-4 0 -1 -2.76833e-4 0 -0.9936826 -0.1122274 0 -0.9936817 -0.1122347 0 -0.9748714 -0.2227683 0 -0.9437828 -0.3305665 0 -0.9008562 -0.4341176 0 -0.8465712 -0.5322754 0 -0.781681 -0.6236787 0 0.7073149 -0.7068987 0 0.7073112 -0.7069023 0 0.7819802 -0.6233034 0 0.7819837 -0.623299 0 0.8468725 -0.5317959 0 0.9010843 -0.4336442 0 0.9439717 -0.3300264 0 0.974992 -0.2222397 0 0.9749905 -0.2222467 0 0.9937428 -0.1116935 0 0.993742 -0.1117007 0 0.05579882 0.9984421 0 0.05579888 0.998442 0 0.03945779 0.7060059 0.7071059 0.03945785 0.7060056 0.7071062 0.04160869 0.7444875 0.6663387 0.04160261 0.7444598 0.66637 0.04550421 0.8142836 0.5786809 0.04550784 0.8142952 0.5786644 0.04883712 0.8738727 0.4836956 0.0488339 0.8738604 0.4837182 0.05154818 0.9224337 0.3826994 0.05154836 0.922434 0.382699 0.05361497 0.9594181 0.2768441 0.05362147 0.9594311 0.2767973 0.05501371 0.9843398 0.1674776 0.05500727 0.9843315 0.1675283 0.05570816 0.9968694 0.05610752 0.05571091 0.9968706 0.05608355 0.03945779 0.7060059 -0.7071059 0.03945797 0.7060056 -0.7071062 0.05571091 0.9968691 -0.0561099 0.05570816 0.9968709 -0.05608117 0.05500781 0.98434 -0.1674782 0.05501323 0.9843311 -0.1675284 0.05362075 0.9594178 -0.2768437 0.0536158 0.9594314 -0.2767974 0.05154842 0.9224336 -0.3826999 0.05154812 0.9224342 -0.3826985 0.0488345 0.873873 -0.4836955 0.04883652 0.8738606 -0.4837176 0.04550701 0.814285 -0.5786788 0.04550516 0.8142945 -0.5786656 0.04160398 0.7444876 -0.6663388 0.04160702 0.7444584 -0.6663712 0.0558018 0.9984419 0 0.05580186 0.9984419 0 0.03945589 0.7060047 -0.7071072 0.03945791 0.7060057 -0.7071061 0.05571401 0.9968721 -0.05605304 0.05571126 0.9968736 -0.0560289 0.05501031 0.9843309 -0.1675311 0.05501019 0.9843316 -0.167527 0.05361837 0.9594248 -0.2768199 0.05361574 0.9594319 -0.2767956 0.05154824 0.922432 -0.3827039 0.05154824 0.9224339 -0.3826991 0.04883462 0.8738724 -0.4836965 0.04883867 0.8738511 -0.4837345 0.04550957 0.8142842 -0.5786796 0.04550939 0.8142817 -0.5786833 0.04160779 0.7444724 -0.6663555 0.04160773 0.7444715 -0.6663565 0.03945589 0.7060047 0.7071072 0.03945779 0.7060057 0.7071061 0.04160779 0.7444723 0.6663557 0.04160773 0.7444733 0.6663544 0.04550921 0.8142838 0.5786803 0.04550939 0.8142817 0.5786833 0.04883998 0.873874 0.483693 0.04883325 0.8738492 0.4837386 0.05154818 0.9224336 0.3826996 0.05154824 0.9224321 0.3827033 0.05361539 0.9594247 0.2768205 0.05361872 0.9594317 0.2767957 0.05501013 0.9843318 0.1675255 0.05501031 0.9843307 0.1675322 0.05571132 0.9968724 0.05605316 0.05571407 0.9968735 0.05602878 -0.998442 0.0557993 -1.18288e-5 -0.9984392 0.05585062 3.02452e-5 -0.998444 0.05576342 -2.03883e-5 -0.9984408 0.05582243 6.47555e-6 -0.9984424 0.0557931 0 -0.9984422 0.05579638 3.94453e-5 -0.9984415 0.0558089 -9.21447e-6 -0.9984415 0.0558089 2.12815e-7 -0.9984422 0.05579602 -4.50174e-7 -0.998442 0.0557999 0 -0.998442 0.05580055 -5.31224e-6 -0.9984424 0.05579322 0 -0.998442 0.05579936 -1.62646e-5 -0.9984433 0.05577725 -3.26907e-5 -0.9984422 0.05579715 4.9542e-7 -0.9984414 0.05581045 8.02925e-7 -0.9984421 0.05579853 9.26698e-7 -0.9984416 0.0558077 -7.36366e-7 -0.9984418 0.05580508 2.42706e-6 -0.9984472 0.05570697 -3.88977e-6 -0.998445 0.05574649 -4.19073e-5 -0.9984405 0.05582761 1.74854e-5 -0.9984435 0.05577337 -7.65928e-6 -0.9984399 0.05583953 7.01454e-5 -0.998443 0.05578285 0 -0.9984421 0.05579829 0 -0.9984417 0.0558049 -4.91055e-6 -0.9984415 0.05580878 -2.15938e-6 -0.998442 0.05579978 1.19507e-6 -0.9984418 0.05580228 -4.08063e-5 -0.9984421 0.05579769 2.62019e-5 -0.9984421 0.0557996 8.22533e-6 -0.9984421 0.05579847 -2.65693e-5 -0.9984406 0.05582404 -1.41352e-6 -0.9984424 0.05579417 2.08643e-6 -0.9984431 0.05577969 6.8737e-6 -0.9984415 0.05580782 -6.02011e-6 -0.9984422 0.0557971 1.02283e-6 -0.9984419 0.05580061 -1.72218e-6 -0.998442 0.05580049 -2.571e-6 -0.9984419 0.05580174 1.18248e-5 -0.9984421 0.05579847 2.65693e-5 -0.9984421 0.0557996 -8.22533e-6 -0.9984421 0.055799 -2.62021e-5 -0.998442 0.05580037 -1.83959e-7 -0.9984427 0.05578917 0 -0.998435 0.05592465 -2.52662e-5 -0.9984434 0.05577504 5.71466e-6 -0.9984421 0.05579972 -7.56222e-6 -0.998443 0.05578237 6.28973e-6 -0.99844 0.05583542 -1.58786e-5 -0.998442 0.05580037 -4.74591e-6 -0.9984421 0.05579805 0 -0.998442 0.05579948 1.62201e-4 -0.9984422 0.05579686 -7.57614e-5 -0.9984421 0.0557968 -1.37296e-5 -0.9984421 0.05579966 -8.96604e-6 -0.9984419 0.05580192 2.3445e-5 -0.9984421 0.05579853 1.23588e-5 -0.9984421 0.05579829 1.72632e-6 -0.9984429 0.05578488 -1.41825e-5 -0.9984411 0.05581557 1.31441e-5 -0.9984431 0.05578011 -1.58801e-5 -0.9984421 0.05579984 2.76504e-6 -0.9984419 0.05580115 3.68248e-6 -0.9984415 0.05580854 5.64445e-6 -0.9984428 0.05578595 -4.54994e-6 -0.9984417 0.0558058 3.57328e-6 -0.9984395 0.0558452 -2.8851e-6 -0.9984387 0.05586063 -1.43516e-6 -0.9984424 0.05579191 6.77867e-6 -0.9984416 0.05580806 -8.09102e-7 -0.9984421 0.05579906 -9.11798e-7 -0.9984422 0.05579632 1.37297e-5 -0.9984422 0.05579686 7.57614e-5 -0.998442 0.05579948 -1.62201e-4 -0.998442 0.05580019 -7.86774e-7 -0.9984415 0.05580919 -1.96446e-6 -0.9984424 0.05579411 3.06524e-6 -0.9984423 0.05579411 -7.47434e-7 -0.9984425 0.05579233 3.08559e-6 -0.9984416 0.05580556 -2.93209e-6 -0.9984422 0.05579566 4.64582e-6 -0.9984422 0.05579704 -3.80662e-6 -0.9984419 0.05580157 1.23245e-4 -0.9984421 0.05579835 -3.40695e-5 -0.9984418 0.05580401 8.19422e-6 -0.9984418 0.05580443 -1.09771e-6 -0.9984412 0.0558142 3.59352e-5 -0.9984421 0.05579775 -7.54895e-6 -0.9984421 0.05579876 3.68351e-6 -0.9984421 0.05579924 1.15515e-5 -0.9984421 0.05579876 -1.93982e-5 -0.9984418 0.05580246 2.73283e-6 -0.9984419 0.05580109 -5.82625e-6 -0.9984418 0.05580443 3.26668e-5 -0.9984421 0.05579942 7.55315e-6 -0.998442 0.05579984 8.88184e-6 -0.9984421 0.0557987 -3.23305e-6 -0.9984422 0.05579781 -7.67941e-6 -0.9984417 0.05580627 1.38771e-5 -0.9984425 0.05579054 -9.43774e-6 -0.9984422 0.05579686 -5.07445e-6 -0.9984415 0.05581051 6.37032e-6 -0.9984424 0.05579447 0 -0.9984427 0.05578815 0 -0.9984417 0.05580508 -3.46853e-6 -0.9984419 0.0558021 -5.1411e-6 -0.9984421 0.05579859 1.62718e-6 -0.9984421 0.05579996 -2.30281e-6 -0.9984422 0.05579733 4.07745e-6 -0.9984421 0.05580013 -7.47745e-6 -0.9984421 0.05579805 1.11285e-5 -0.9984424 0.05579316 -5.04196e-5 -0.9984421 0.05579698 -6.36056e-6 -0.9984418 0.05580466 1.28721e-5 -0.9984424 0.05579257 -1.61209e-5 -0.9984428 0.05578494 -1.32521e-5 -0.9984428 0.05578637 -1.45369e-5 -0.9984232 0.05613327 4.57645e-4 -0.9984428 0.05578607 -1.14006e-5 -0.9984409 0.05581992 2.55302e-5 -0.9984434 0.05577462 -2.88225e-5 -0.9984423 0.05579376 -7.61304e-6 -0.9984422 0.05579662 -6.19758e-6 -0.9984412 0.05581444 1.74723e-5 -0.9984411 0.05581659 1.11033e-5 -0.9984437 0.05576938 -1.44683e-5 -0.9984449 0.05574864 -4.27087e-5 -0.9984362 0.05590426 5.59973e-5 -0.9984422 0.05579644 -4.40219e-6 -0.9984416 0.05580741 -3.27053e-5 -0.9984421 0.05579876 3.62255e-6 -0.9984419 0.0558021 1.38571e-6 -0.9984424 0.05579417 5.05266e-5 -0.9984416 0.05580729 -2.13476e-5 -0.9984422 0.05579495 1.71242e-5 -0.998442 0.05579918 -1.1763e-5 -0.9984421 0.05579924 9.04179e-6 -0.9984422 0.05579513 -9.77828e-6 -0.9984422 0.05579686 5.76672e-5 -0.998443 0.05578273 1.11161e-4 -0.9984527 0.05560868 2.34197e-4 -0.9984407 0.05582368 -1.70754e-5 -0.9984421 0.055799 1.58227e-6 -0.9984423 0.05579543 -1.21442e-6 -0.9984421 0.05579727 6.98455e-6 -0.9984411 0.05581545 -2.59436e-5 -0.9984421 0.0557968 1.31983e-5 -0.9984419 0.05580323 2.9069e-6 -0.9984427 0.05578833 -4.5527e-6 -0.9984422 0.05579686 4.92517e-6 -0.99844 0.05583488 -1.63211e-5 -0.9984415 0.05580979 -3.8654e-5 -0.9984418 0.05580335 1.47704e-5 -0.9984414 0.05581122 -1.27015e-5 -0.9984422 0.05579507 5.73779e-6 -0.9984421 0.05579793 9.97758e-6 -0.9984424 0.05579185 2.56365e-5 -0.9984422 0.05579543 7.48329e-6 -0.998442 0.05579936 -1.37665e-5 -0.9984421 0.0557993 -6.12095e-6 -0.9984418 0.05580484 5.20333e-6 -0.998442 0.05579924 3.03235e-6 -0.9984422 0.05579632 -2.57434e-5 -0.9984418 0.05580365 4.83514e-5 -0.9984423 0.05579477 6.73506e-6 -0.998443 0.05578273 -2.0416e-4 -0.9984417 0.0558061 5.69213e-5 -0.9984414 0.05581033 5.67126e-5 -0.9984426 0.05578851 -5.44859e-5 -0.9984418 0.05580437 2.21553e-5 -0.9984421 0.05580002 7.4039e-6 -0.9984423 0.05579435 -1.70381e-5 -0.9984421 0.05579972 0 -0.9984422 0.05579632 -3.31811e-5 -0.9984421 0.05579841 -4.41914e-6 -0.9984419 0.05580168 2.571e-6 -0.9984422 0.05579608 1.72219e-6 -0.9984419 0.05580037 -1.02283e-6 -0.9984416 0.05580675 6.02011e-6 -0.9984431 0.05577969 -6.8737e-6 -0.9984424 0.05579417 -2.08643e-6 -0.9984408 0.05582231 1.41352e-6 -0.9984421 0.05579859 8.38776e-6 -0.998443 0.05578285 7.18177e-5 -0.9984412 0.05581414 -5.2141e-5 -0.9984416 0.05580627 -1.2079e-5 -0.998442 0.05580008 4.1106e-5 -0.9984419 0.05580145 -4.1106e-5 -0.9984419 0.05580222 -8.27295e-6 -0.9984422 0.0557962 9.57536e-6 -0.9984423 0.05579465 3.727e-5 -0.998442 0.05580115 -4.68105e-5 -0.998442 0.0557993 1.64494e-5 -0.998442 0.05580002 4.54561e-6 -0.9984411 0.05581539 1.23603e-6 -0.9984422 0.05579686 1.06792e-6 -0.9984427 0.05578666 -7.60779e-7 -0.9984419 0.05580019 2.4187e-6 -0.9984384 0.05586576 -6.26905e-6 -0.9984408 0.05582225 -7.37141e-7 -0.9984421 0.055799 2.75794e-7 -0.9984436 0.05577182 1.342e-6 -0.9984413 0.05581361 2.88748e-6 -0.9984426 0.05578953 1.36088e-6 -0.9984424 0.05579292 9.29015e-7 -0.9984437 0.05576896 -1.01063e-5 -0.9984407 0.05582267 0 -0.998442 0.05579912 4.93357e-6 -0.9984413 0.05581271 -7.08241e-6 -0.9984419 0.05580204 -7.63262e-6 -0.9984422 0.05579775 1.55608e-5 -0.9984418 0.05580431 -9.0436e-6 -0.9984414 0.05580985 -2.78469e-5 -0.9984416 0.05580753 -1.62585e-5 -0.9984423 0.05579501 2.55786e-5 -0.9984422 0.05579662 5.62088e-6 -0.9984417 0.0558052 -4.83018e-5 -0.9984424 0.05579471 -7.46185e-6 -0.9984423 0.05579435 -6.4051e-6 -0.9984418 0.05580228 -3.05737e-6 -0.9984422 0.0557971 6.12095e-6 -0.9984419 0.05580192 1.37665e-5 -0.05532437 -0.9899009 0.13052 -0.0515539 -0.9224362 0.3826928 -0.05155408 -0.9224346 0.3826967 -0.04427099 -0.7921234 0.6087533 -0.04427105 -0.792125 0.6087512 -0.0339685 -0.6077862 0.7933739 -0.03396856 -0.6077848 0.793375 -0.02135461 -0.3820896 0.9238786 -0.02135348 -0.3821116 0.9238695 -0.007282376 -0.1303154 0.9914458 -0.007281959 -0.1303235 0.9914448 -0.05531901 -0.9899088 0.1304627 -0.05531853 -0.9899011 -0.1305207 -0.05532485 -0.9899084 -0.1304626 -0.0515539 -0.9224348 -0.3826961 -0.05155414 -0.9224358 -0.3826938 -0.04427111 -0.7921231 -0.6087538 -0.04427099 -0.7921261 -0.6087499 -0.0339685 -0.6077844 -0.7933753 -0.03396862 -0.607787 -0.7933733 -0.02135586 -0.3821107 -0.9238697 -0.02135229 -0.3820909 -0.9238781 -0.007282733 -0.1303224 -0.991445 -0.007281661 -0.1303158 -0.9914458 0.05531239 0.9898947 -0.1305726 0.05154198 0.9224156 -0.3827443 0.05154854 0.9224362 -0.3826934 0.04426634 0.7921251 -0.6087514 0.04427862 0.7921759 -0.6086845 0.03397518 0.6078416 -0.7933312 0.03395992 0.6077603 -0.7933942 0.02134782 0.3820496 -0.9238953 0.02135455 0.3820899 -0.9238784 0.007284462 0.1303375 -0.991443 0.007282078 0.1303231 -0.9914449 0.05532479 0.9899077 -0.1304681 0.05532401 0.9898939 0.130574 0.05531328 0.9899083 0.1304687 0.05154323 0.9224368 0.3826928 0.05154734 0.9224146 0.3827458 0.04426932 0.792177 0.6086838 0.0442757 0.7921254 0.6087505 0.03397053 0.6077568 0.7933963 0.03396457 0.6078432 0.7933304 0.02135002 0.3820888 0.923879 0.02135241 0.3820505 0.9238947 0.007283627 0.1303237 0.9914448 0.007282853 0.1303377 0.991443 -0.05532443 -0.9899013 0.1305173 -0.05155378 -0.9224343 0.3826974 -0.05155378 -0.9224368 0.3826913 -0.04427081 -0.792124 0.6087527 -0.04427081 -0.7921234 0.6087535 -0.03396856 -0.6077882 0.7933725 -0.03396844 -0.6077848 0.7933751 -0.02135342 -0.3820697 0.9238868 -0.02135121 -0.382111 0.9238697 -0.007282495 -0.1303308 0.9914438 -0.007282733 -0.1303228 0.991445 -0.0553193 -0.9899087 0.1304634 -0.05531877 -0.9899014 -0.1305194 -0.05532491 -0.9899084 -0.1304628 -0.05155384 -0.9224351 -0.3826957 -0.05155378 -0.9224368 -0.3826913 -0.04427069 -0.792123 -0.6087539 -0.04427081 -0.7921234 -0.6087535 -0.03396844 -0.6077851 -0.7933748 -0.03396856 -0.6077883 -0.7933723 -0.02135574 -0.3821091 -0.9238705 -0.02134895 -0.3820728 -0.9238856 -0.007282078 -0.130323 -0.9914449 -0.007283091 -0.1303293 -0.9914441 0.05532443 0.9899012 -0.1305174 0.05155384 0.9224341 -0.3826978 0.05155414 0.9224358 -0.3826938 0.04427099 0.7921238 -0.6087528 0.04426473 0.7920951 -0.6087907 0.03396642 0.6078125 -0.7933539 0.03397178 0.6078422 -0.793331 0.02135479 0.3820918 -0.9238776 0.02135455 0.3820887 -0.9238789 0.007283627 0.1303233 -0.9914449 0.007282316 0.1303157 -0.9914458 0.05532473 0.9899012 -0.1305181 0.05532467 0.9899012 0.130518 0.05532455 0.9899012 0.1305176 0.05155396 0.9224345 0.3826969 0.05155402 0.922436 0.3826934 0.0442695 0.7920954 0.6087899 0.04426634 0.7921252 0.6087514 0.03396809 0.6078414 0.7933317 0.03396999 0.6078103 0.7933554 0.02135467 0.3820907 0.9238781 0.02135473 0.3820901 0.9238783 0.00728327 0.1303163 0.9914457 0.007282793 0.1303233 0.9914448 -0.00728172 -0.130314 -0.991446 -0.02134907 -0.3820727 -0.9238857 -0.02135235 -0.382093 -0.9238772 -0.03396654 -0.6078114 -0.7933546 -0.03396612 -0.6078138 -0.7933529 -0.04426455 -0.7920966 -0.6087888 -0.04427683 -0.792151 -0.6087171 -0.05155926 -0.922434 -0.3826971 -0.05155283 -0.9224153 -0.3827432 -0.05532479 -0.9899083 -0.1304638 -0.05531889 -0.9899013 -0.13052 -0.007283926 -0.1303287 -0.9914442 0.007283151 0.1303215 -0.9914451 0.007283866 0.1303216 -0.9914451 0.02135503 0.3820926 -0.9238772 0.02135127 0.3820724 -0.9238858 0.03396654 0.6078114 -0.7933547 0.03396618 0.6078124 -0.793354 0.04426467 0.7920965 -0.6087889 0.04427707 0.7921505 -0.6087178 0.05156147 0.9224752 -0.3825979 0.0515418 0.9224157 -0.3827435 0.05531227 0.9898943 -0.1305753 0.05533146 0.9899154 -0.1304069 0.007283508 0.1303198 0.9914453 0.02135354 0.3820725 0.9238857 0.02135223 0.3820925 0.9238774 0.03396654 0.6078134 0.7933533 0.0339663 0.6078127 0.7933537 0.04426807 0.7921504 0.6087185 0.04427385 0.7920966 0.6087882 0.05155831 0.9224147 0.3827441 0.05154532 0.9224763 0.3825974 0.0553137 0.9899163 0.1304075 0.05532974 0.9898933 0.1305756 0.007283508 0.1303198 0.9914453 -0.007283091 -0.130312 0.9914463 -0.007282555 -0.1303271 0.9914444 -0.0213505 -0.3820934 0.9238771 -0.02135145 -0.3820722 0.9238858 -0.03396648 -0.6078146 0.7933523 -0.03396624 -0.6078131 0.7933534 -0.04426783 -0.7921519 0.6087165 -0.04427379 -0.7920961 0.6087886 -0.05155819 -0.9224148 0.3827435 -0.0515539 -0.9224345 0.3826969 -0.05532473 -0.9899009 0.1305204 -0.05531877 -0.9899085 0.1304642 -0.00728172 -0.1303121 -0.9914463 -0.02134943 -0.3820727 -0.9238857 -0.02135217 -0.382093 -0.9238772 -0.03396618 -0.6078114 -0.7933546 -0.0339663 -0.6078138 -0.7933529 -0.04426515 -0.7920976 -0.6087874 -0.04427665 -0.792151 -0.6087171 -0.05155909 -0.922434 -0.3826971 -0.05532491 -0.9899082 -0.1304642 -0.05531895 -0.9899013 -0.1305202 -0.007283926 -0.130327 -0.9914444 0.007283508 0.1303198 -0.9914453 0.007283508 0.1303198 -0.9914453 0.02135467 0.3820927 -0.9238774 0.02135109 0.3820724 -0.9238858 0.03396618 0.6078114 -0.7933547 0.03396636 0.6078124 -0.793354 0.04426527 0.7920975 -0.6087875 0.04427683 0.792151 -0.6087172 0.05156159 0.9224752 -0.3825979 0.05154198 0.9224157 -0.3827435 0.05531221 0.9898943 -0.1305755 0.05533158 0.9899154 -0.1304073 0.007283508 0.1303215 0.9914451 0.0213539 0.3820725 0.9238857 0.02135258 0.3820925 0.9238774 0.04426777 0.79215 0.6087191 0.04427391 0.792096 0.6087889 0.05154514 0.9224763 0.3825974 0.05531364 0.9899163 0.1304073 0.05533003 0.9898933 0.1305754 0.007283508 0.1303216 0.9914451 -0.007283091 -0.1303139 0.991446 -0.007282376 -0.1303288 0.9914442 -0.0213502 -0.3820934 0.9238771 -0.02135127 -0.3820722 0.9238858 -0.04426759 -0.7921509 0.6087179 -0.04427379 -0.7920957 0.6087893 -0.05532449 -0.9899009 0.1305202 -0.05531901 -0.9899086 0.130464 -0.003649353 -0.06529968 -0.9978591 -0.01088488 -0.1947854 -0.9807856 -0.0108838 -0.1947807 -0.9807865 -0.01793301 -0.3209343 -0.9469317 -0.01793986 -0.3209583 -0.9469235 -0.02468377 -0.4416115 -0.8968668 -0.02467763 -0.4415922 -0.8968765 -0.03099787 -0.5546892 -0.8314801 -0.03100126 -0.5546997 -0.8314729 -0.03679239 -0.6583176 -0.7518406 -0.03679722 -0.6583309 -0.7518288 -0.04195916 -0.7506812 -0.6593308 -0.04194891 -0.7506566 -0.6593595 -0.04639196 -0.8301627 -0.5555878 -0.04640316 -0.8301854 -0.5555529 -0.05005282 -0.8954772 -0.4422842 -0.05004662 -0.8954669 -0.4423059 -0.05284035 -0.9454525 -0.3214461 -0.05284047 -0.9454528 -0.3214451 -0.05473011 -0.9792645 -0.195053 -0.05472409 -0.9792597 -0.1950791 -0.05567651 -0.9963022 -0.06543886 -0.05568212 -0.9963034 -0.06541472 -0.003649592 -0.06530153 -0.997859 0.003649532 0.06530141 -0.997859 0.003649353 0.06529974 -0.997859 0.01088488 0.1947857 -0.9807855 0.01088535 0.1947855 -0.9807856 0.01793521 0.320942 -0.9469291 0.01793777 0.3209496 -0.9469265 0.02467989 0.4415925 -0.8968762 0.02468669 0.4416111 -0.8968669 0.03100895 0.5547119 -0.8314644 0.03100091 0.5546882 -0.8314806 0.03679352 0.6583308 -0.7518291 0.03678876 0.6583185 -0.7518401 0.04194909 0.7506565 -0.6593597 0.04194891 0.7506564 -0.6593599 0.04639333 0.8301855 -0.5555534 0.04639333 0.8301867 -0.555552 0.05004203 0.8954773 -0.4422854 0.05003595 0.8954674 -0.4423061 0.05282902 0.9454535 -0.3214448 0.05282902 0.9454534 -0.3214452 0.05471777 0.9792553 -0.1951031 0.05472993 0.9792645 -0.1950531 0.05568236 0.9963051 -0.06539058 0.05567061 0.9963025 -0.06543982 0.003649294 0.06530147 0.997859 0.01088523 0.1947853 0.9807855 0.01088517 0.1947858 0.9807855 0.01793563 0.3209505 0.9469262 0.01793718 0.3209428 0.9469287 0.02468132 0.441612 0.8968667 0.02468544 0.4415922 0.8968763 0.03100764 0.5546889 0.8314799 0.03100222 0.5547116 0.8314649 0.03679287 0.6583177 0.7518406 0.03678953 0.6583314 0.7518287 0.04194909 0.7506561 0.6593601 0.04194885 0.7506566 0.6593595 0.04639321 0.8301866 0.555552 0.04639345 0.8301856 0.5555535 0.05004137 0.8954672 0.4423058 0.0500366 0.8954771 0.4422861 0.05282896 0.9454534 0.3214454 0.05282908 0.9454534 0.3214451 0.05471825 0.979265 0.1950535 0.0547294 0.9792548 0.1951019 0.0556823 0.9963017 0.06544059 0.05567067 0.9963058 0.06538921 0.003649294 0.06529974 0.9978591 -0.003649413 -0.06529974 0.9978591 -0.003649294 -0.06530147 0.997859 -0.01088523 -0.1947811 0.9807864 -0.01088398 -0.1947852 0.9807856 -0.01793426 -0.3209588 0.9469233 -0.01793873 -0.3209348 0.9469314 -0.02468264 -0.4415919 0.8968765 -0.02467864 -0.4416123 0.8968665 -0.03099846 -0.5547 0.8314729 -0.03100079 -0.5546902 0.8314794 -0.03679299 -0.658331 0.7518288 -0.03679651 -0.6583172 0.7518407 -0.04195779 -0.7506563 0.6593593 -0.04195022 -0.7506818 0.6593309 -0.04639327 -0.8301861 0.5555526 -0.04640191 -0.8301621 0.555588 -0.0500521 -0.8954666 0.4423059 -0.05004721 -0.8954776 0.4422839 -0.05284041 -0.9454526 0.3214458 -0.05284041 -0.9454525 0.3214462 -0.05472993 -0.9792597 0.1950777 -0.05472433 -0.9792647 0.1950539 -0.05567646 -0.9963038 0.06541436 -0.05568218 -0.9963018 0.06543946 0.002434611 0.04355531 0.9990481 0.007282912 0.1303196 0.9914454 0.007282733 0.1303217 0.991445 0.0120781 0.2160983 0.976297 0.01207679 0.2161042 0.9762957 0.01207721 0.2161025 0.976296 0.01207852 0.2160966 0.9762973 0.01678162 0.3002384 0.9537166 0.01678198 0.3002381 0.9537168 0.02135753 0.3820912 0.9238779 0.02135664 0.3820908 0.923878 0.02576887 0.4610269 0.8870121 0.02576905 0.4610269 0.8870121 0.02998566 0.5364635 0.8433907 0.02998542 0.5364638 0.8433905 0.02998548 0.5364637 0.8433905 0.02998578 0.5364635 0.8433908 0.03397262 0.6077989 0.7933641 0.03396648 0.6078138 0.7933529 0.03769558 0.6745494 0.7372668 0.03770315 0.6745333 0.7372811 0.0411458 0.7361304 0.6755881 0.04114997 0.7361225 0.6755963 0.04427939 0.7921061 0.6087752 0.04426223 0.7921381 0.6087348 0.04706007 0.8420702 0.5373111 0.04705315 0.8420814 0.537294 0.04705512 0.8420782 0.5372989 0.04706203 0.842067 0.537316 0.04949641 0.8856252 0.4617556 0.04949152 0.885632 0.4617429 0.05154919 0.9224504 0.3826594 0.05156475 0.9224318 0.3827019 0.05323016 0.9522222 0.3007319 0.05321365 0.9522368 0.3006882 0.05447334 0.9747762 0.2164348 0.05447906 0.9747726 0.2164498 0.05532467 0.9899006 0.1305223 0.05531847 0.9899029 0.1305069 0.05574262 0.9974914 0.04363185 0.05573689 0.9974924 0.04361569 0.002433896 0.04355609 0.9990481 -0.002433717 -0.04355537 0.9990481 -0.002434134 -0.04355543 0.9990481 -0.007283091 -0.1303218 0.991445 -0.007284343 -0.1303176 0.9914456 -0.012079 -0.2161008 0.9762964 -0.01207739 -0.2161037 0.9762957 -0.01677978 -0.3002337 0.9537181 -0.01677823 -0.300238 0.9537168 -0.02135252 -0.3820851 0.9238805 -0.02135175 -0.382086 0.9238801 -0.0257644 -0.4610409 0.8870048 -0.02576667 -0.4610327 0.887009 -0.02998185 -0.5364567 0.8433952 -0.02997934 -0.5364632 0.8433911 -0.03396689 -0.6078227 0.793346 -0.03397345 -0.6078053 0.7933592 -0.03770303 -0.6745332 0.7372812 -0.03770309 -0.6745328 0.7372815 -0.0411458 -0.736123 0.6755961 -0.04114151 -0.7361314 0.6755871 -0.04427081 -0.7921223 0.608755 -0.0442751 -0.7921137 0.6087657 -0.04706388 -0.8420791 0.5372967 -0.04706728 -0.842073 0.5373061 -0.04706633 -0.8420747 0.5373034 -0.04706293 -0.8420809 0.5372941 -0.04949724 -0.8856316 0.4617433 -0.04950183 -0.8856251 0.4617552 -0.05155962 -0.9224385 0.3826867 -0.05155456 -0.9224444 0.3826727 -0.05321943 -0.952232 0.3007023 -0.05321919 -0.9522323 0.3007016 -0.054479 -0.9747724 0.2164505 -0.05447322 -0.974776 0.2164356 -0.05531883 -0.989903 0.1305063 -0.05532449 -0.9899005 0.1305232 -0.05574882 -0.9974911 0.04363155 -0.05574852 -0.9974911 0.04363298 -0.002434313 -0.04355734 -0.9990481 -0.007282018 -0.1303155 -0.9914458 -0.007284581 -0.13032 -0.9914453 -0.0120781 -0.2161015 -0.9762962 -0.0120784 -0.2161035 -0.9762958 -0.01207828 -0.216103 -0.976296 -0.01207798 -0.2161009 -0.9762963 -0.01678001 -0.3002393 -0.9537163 -0.01677781 -0.3002359 -0.9537175 -0.02135252 -0.3820846 -0.9238808 -0.02135175 -0.382083 -0.9238814 -0.02576363 -0.4610333 -0.8870089 -0.02576744 -0.4610404 -0.8870049 -0.02998226 -0.5364624 -0.8433915 -0.02997857 -0.5364571 -0.843395 -0.033966 -0.6078065 -0.7933584 -0.03397428 -0.6078218 -0.7933464 -0.03770303 -0.6745321 -0.7372822 -0.03770267 -0.6745337 -0.7372808 -0.04114627 -0.7361312 -0.6755871 -0.04114103 -0.7361227 -0.6755967 -0.04427063 -0.792114 -0.6087656 -0.04427528 -0.792122 -0.6087549 -0.04706758 -0.8420812 -0.5372933 -0.04706263 -0.8420728 -0.5373069 -0.04949665 -0.8856258 -0.4617543 -0.04950237 -0.8856316 -0.4617427 -0.05155974 -0.9224441 -0.3826729 -0.05155432 -0.9224381 -0.3826883 -0.05321937 -0.9522324 -0.3007014 -0.05321925 -0.9522318 -0.300703 -0.05447906 -0.9747759 -0.2164349 -0.05447322 -0.9747729 -0.2164499 -0.05531865 -0.989901 -0.130522 -0.05532473 -0.9899026 -0.1305078 -0.05574887 -0.9974911 -0.04363113 -0.05574852 -0.9974911 -0.04363298 -0.002433836 -0.0435574 -0.9990481 0.002433717 0.04355746 -0.9990481 0.002434849 0.04355812 -0.999048 0.007283866 0.1303195 -0.9914453 0.007281839 0.1303177 -0.9914456 0.01207566 0.2160969 -0.9762973 0.01207965 0.2161039 -0.9762957 0.01678162 0.3002399 -0.9537161 0.0167818 0.3002402 -0.953716 0.02135676 0.3820893 -0.9238787 0.02135705 0.3820886 -0.923879 0.02576887 0.4610267 -0.8870121 0.02576905 0.4610269 -0.8870121 0.02998542 0.5364635 -0.8433908 0.0299853 0.5364637 -0.8433905 0.03397351 0.6078133 -0.7933529 0.03396558 0.6077995 -0.7933638 0.03769516 0.6745328 -0.737282 0.03770351 0.6745486 -0.737267 0.04114574 0.736123 -0.675596 0.04115021 0.7361304 -0.6755877 0.04428112 0.7921375 -0.6087345 0.0442605 0.7921075 -0.6087748 0.04705214 0.842067 -0.5373169 0.04706287 0.8420814 -0.5372934 0.04949676 0.8856317 -0.4617431 0.04949122 0.8856256 -0.4617555 0.05154818 0.922433 -0.3827011 0.05156576 0.9224489 -0.3826603 0.05323088 0.9522361 -0.3006874 0.053213 0.952223 -0.300732 0.0544731 0.9747731 -0.2164494 0.0544793 0.9747759 -0.216435 0.05532473 0.9899027 -0.1305064 0.05531835 0.9899009 -0.1305226 0.05574256 0.9974921 -0.04361701 0.05573701 0.9974918 -0.04363012 0.004863023 0.08702099 -0.9961946 0.01444065 0.2584095 -0.9659276 0.0144419 0.2584181 -0.9659252 0.0235815 0.4219576 -0.9063088 0.0235815 0.4219585 -0.9063085 0.03200417 0.5726704 -0.8191608 0.03200417 0.5726694 -0.8191614 0.03945642 0.7060179 -0.707094 0.03945636 0.7060173 -0.7070946 0.04570668 0.817857 -0.5736035 0.04570996 0.8178721 -0.5735816 0.05057412 0.9049042 -0.4226 0.05057412 0.9049037 -0.422601 0.05389976 0.964409 -0.2588632 0.05389976 0.9644092 -0.2588626 0.05558961 0.9946444 -0.087134 0.05558961 0.9946444 -0.08713477 0.004862964 0.08702093 -0.9961947 -0.004862904 -0.08701813 -0.9961949 -0.004863262 -0.08702105 -0.9961947 -0.01444196 -0.2584177 -0.9659253 -0.01444196 -0.2584178 -0.9659254 -0.02358222 -0.4219706 -0.9063029 -0.02358222 -0.4219712 -0.9063025 -0.03200417 -0.5726696 -0.8191614 -0.03200423 -0.5726704 -0.8191608 -0.03945553 -0.7060008 -0.7071112 -0.03945559 -0.7060005 -0.7071115 -0.04570841 -0.817888 -0.5735591 -0.04571169 -0.8179033 -0.5735371 -0.0505734 -0.9048912 -0.4226278 -0.05057001 -0.9048792 -0.4226542 -0.05389791 -0.9644256 -0.2588015 -0.05389773 -0.9644255 -0.2588022 -0.05558645 -0.9946417 -0.08716726 -0.05558651 -0.9946418 -0.08716624 -0.004863142 -0.08701866 0.9961949 -0.01444184 -0.2584172 0.9659255 -0.0144419 -0.2584173 0.9659255 -0.02358227 -0.4219715 0.9063023 -0.02358222 -0.4219712 0.9063025 -0.03200411 -0.5726695 0.8191614 -0.03200417 -0.5726696 0.8191613 -0.03945553 -0.7060005 0.7071115 -0.03945547 -0.7060008 0.7071112 -0.04570931 -0.8179037 0.5735366 -0.04571086 -0.8178881 0.5735588 -0.05057269 -0.9048789 0.4226544 -0.05057072 -0.9048913 0.4226278 -0.05389779 -0.9644255 0.2588024 -0.05389779 -0.9644257 0.2588014 -0.05558645 -0.9946418 0.08716666 -0.05558645 -0.9946417 0.08716696 -0.004862964 -0.08702141 0.9961946 0.004862904 0.08702147 0.9961946 0.004863023 0.08702158 0.9961946 0.01444101 0.2584173 0.9659255 0.01444131 0.2584092 0.9659277 0.0235815 0.4219584 0.9063085 0.02358156 0.4219582 0.9063086 0.03200411 0.5726699 0.8191612 0.03200411 0.5726694 0.8191614 0.03945642 0.7060171 0.7070949 0.03945636 0.7060173 0.7070946 0.04570752 0.8178728 0.5735806 0.04570913 0.8178573 0.5736028 0.05057412 0.9049042 0.4226001 0.05057406 0.9049033 0.4226021 0.05389982 0.9644091 0.2588632 0.05389976 0.9644092 0.2588623 0.05558961 0.9946444 0.08713483 0.05558955 0.9946444 0.08713471</float_array>
          <technique_common>
            <accessor source="#Leg_B-mesh-normals-array" count="2739" stride="3">
              <param name="X" type="float"/>
              <param name="Y" type="float"/>
              <param name="Z" type="float"/>
            </accessor>
          </technique_common>
        </source>
        <vertices id="Leg_B-mesh-vertices">
          <input semantic="POSITION" source="#Leg_B-mesh-positions"/>
        </vertices>
        <triangles count="2824">
          <input semantic="VERTEX" source="#Leg_B-mesh-vertices" offset="0"/>
          <input semantic="NORMAL" source="#Leg_B-mesh-normals" offset="1"/>
          <p>1 0 5 0 9 0 15 1 19 1 23 1 22 2 25 2 30 2 33 3 35 3 41 3 33 4 41 4 44 4 33 5 44 5 48 5 33 6 48 6 52 6 33 7 52 7 56 7 33 8 56 8 59 8 33 9 59 9 62 9 33 10 62 10 66 10 66 11 62 11 70 11 66 12 70 12 72 12 66 13 72 13 75 13 66 14 75 14 79 14 66 15 79 15 83 15 66 16 83 16 86 16 66 17 86 17 91 17 65 18 90 18 95 18 66 19 96 19 103 19 68 20 104 20 109 20 66 21 108 21 112 21 67 22 113 22 118 22 66 23 117 23 122 23 5 24 125 24 129 24 5 25 129 25 103 25 5 26 103 26 96 26 5 27 96 27 130 27 5 28 130 28 134 28 5 29 134 29 138 29 5 30 138 30 142 30 5 31 142 31 146 31 5 32 146 32 151 32 5 33 151 33 9 33 25 34 156 34 160 34 25 35 160 35 165 35 25 36 165 36 170 36 25 37 170 37 173 37 25 38 173 38 30 38 1 39 9 39 177 39 1 40 177 40 156 40 1 41 156 41 25 41 180 42 187 42 190 42 180 43 190 43 193 43 180 44 193 44 197 44 180 45 197 45 200 45 180 46 200 46 204 46 180 47 204 47 14 47 180 48 14 48 22 48 22 49 205 49 209 49 22 29 209 29 212 29 22 50 212 50 216 50 22 51 216 51 180 51 222 52 225 52 231 52 221 53 230 53 235 53 223 54 236 54 241 54 222 55 240 55 245 55 222 56 245 56 248 56 222 57 248 57 251 57 222 58 251 58 253 58 222 59 253 59 255 59 222 60 255 60 258 60 222 61 258 61 205 61 222 62 205 62 22 62 222 63 22 63 30 63 265 64 231 64 225 64 265 65 225 65 266 65 265 66 266 66 269 66 265 67 269 67 273 67 265 68 273 68 277 68 265 69 277 69 282 69 31 70 174 70 288 70 30 71 287 71 292 71 30 72 292 72 296 72 30 73 296 73 299 73 30 74 299 74 301 74 30 75 301 75 303 75 30 76 303 76 307 76 30 77 307 77 310 77 30 78 310 78 313 78 30 79 313 79 317 79 30 80 317 80 322 80 29 81 321 81 326 81 30 82 327 82 332 82 30 83 332 83 9 83 186 84 179 84 336 84 187 85 337 85 341 85 187 86 341 86 345 86 187 87 345 87 349 87 187 88 349 88 353 88 187 89 353 89 356 89 187 90 356 90 360 90 187 91 360 91 364 91 282 92 187 92 364 92 282 93 364 93 368 93 282 94 368 94 372 94 282 95 372 95 376 95 282 96 376 96 379 96 282 97 379 97 383 97 282 98 383 98 265 98 151 99 146 99 384 99 151 100 384 100 388 100 151 101 388 101 392 101 151 57 392 57 396 57 151 102 396 102 400 102 151 103 400 103 404 103 152 104 405 104 409 104 150 105 408 105 413 105 151 106 414 106 415 106 41 107 35 107 418 107 41 108 418 108 422 108 41 109 422 109 426 109 41 110 426 110 415 110 41 64 415 64 414 64 8 111 331 111 429 111 9 112 430 112 434 112 9 113 434 113 438 113 9 114 438 114 441 114 9 115 441 115 445 115 9 116 445 116 449 116 9 117 449 117 453 117 9 118 453 118 457 118 9 119 457 119 460 119 9 120 460 120 464 120 9 121 464 121 467 121 10 122 468 122 178 122 470 123 474 123 477 123 477 124 474 124 480 124 477 125 480 125 484 125 484 126 480 126 488 126 484 127 488 127 492 127 492 128 488 128 495 128 492 129 495 129 499 129 499 130 495 130 502 130 499 131 502 131 505 131 505 132 502 132 508 132 505 133 508 133 512 133 512 134 508 134 165 134 513 135 166 135 161 135 474 136 470 136 515 136 515 137 470 137 517 137 515 138 517 138 521 138 521 139 517 139 524 139 521 140 524 140 527 140 527 141 524 141 531 141 527 142 531 142 534 142 534 143 531 143 538 143 534 144 538 144 542 144 542 145 538 145 545 145 542 146 545 146 549 146 549 147 545 147 554 147 549 148 554 148 559 148 558 149 553 149 331 149 558 150 331 150 326 150 564 151 566 151 196 151 196 152 566 152 198 152 570 153 184 153 573 153 573 153 184 153 281 153 579 154 583 154 586 154 579 155 586 155 589 155 579 156 589 156 593 156 579 157 593 157 597 157 579 158 597 158 569 158 579 159 569 159 565 159 579 160 565 160 601 160 579 161 601 161 604 161 579 162 604 162 572 162 579 163 572 163 574 163 579 164 574 164 606 164 579 165 606 165 610 165 579 166 610 166 613 166 579 167 613 167 617 167 579 168 617 168 621 168 579 169 621 169 624 169 579 170 624 170 628 170 579 171 628 171 632 171 579 172 632 172 636 172 579 155 636 155 639 155 642 173 646 173 650 173 642 174 650 174 654 174 642 175 654 175 658 175 642 176 658 176 662 176 642 177 662 177 665 177 642 178 665 178 669 178 642 179 669 179 673 179 642 180 673 180 677 180 642 181 677 181 680 181 642 182 680 182 683 182 642 183 683 183 687 183 643 184 688 184 693 184 641 185 692 185 696 185 639 186 642 186 697 186 639 187 697 187 700 187 639 188 700 188 704 188 639 189 704 189 708 189 639 190 708 190 711 190 639 191 711 191 715 191 639 192 715 192 719 192 639 193 719 193 723 193 639 194 723 194 727 194 639 195 727 195 579 195 648 196 731 196 735 196 647 197 734 197 738 197 646 198 737 198 740 198 646 199 740 199 743 199 646 200 743 200 746 200 646 201 746 201 749 201 646 202 749 202 753 202 646 203 753 203 757 203 646 204 757 204 760 204 646 205 760 205 764 205 646 206 764 206 767 206 646 207 767 207 650 207 586 208 583 208 774 208 586 209 774 209 777 209 586 210 777 210 781 210 586 211 781 211 785 211 586 212 785 212 789 212 586 213 789 213 792 213 586 214 792 214 795 214 586 215 795 215 730 215 586 216 730 216 646 216 563 217 195 217 600 217 599 218 194 218 192 218 598 219 191 219 603 219 603 220 191 220 189 220 602 221 188 221 571 221 571 222 188 222 185 222 622 223 620 223 105 223 105 224 620 224 111 224 608 225 605 225 63 225 63 225 605 225 32 225 609 226 64 226 611 226 611 227 64 227 119 227 612 228 120 228 614 228 615 229 121 229 114 229 616 230 115 230 618 230 619 231 116 231 110 231 635 232 124 232 638 232 638 233 124 233 4 233 623 234 107 234 626 234 625 235 106 235 100 235 627 236 101 236 629 236 630 237 102 237 126 237 631 238 127 238 633 238 634 239 128 239 123 239 585 233 21 233 588 233 588 232 21 232 18 232 587 240 17 240 592 240 591 241 16 241 13 241 590 242 12 242 596 242 595 243 11 243 203 243 594 244 201 244 567 244 568 245 202 245 199 245 798 246 801 246 804 246 809 247 813 247 817 247 809 248 822 248 813 248 825 249 828 249 831 249 834 250 825 250 831 250 837 251 841 251 844 251 848 252 853 252 857 252 861 253 865 253 869 253 872 254 875 254 878 254 881 255 834 255 831 255 881 256 831 256 885 256 881 257 885 257 889 257 881 258 889 258 892 258 881 259 892 259 896 259 881 260 896 260 900 260 881 261 900 261 844 261 881 262 844 262 841 262 904 263 908 263 852 263 904 264 852 264 847 264 904 265 847 265 912 265 904 266 912 266 915 266 904 267 915 267 918 267 904 268 918 268 922 268 904 269 922 269 926 269 904 270 926 270 930 270 904 271 930 271 934 271 904 272 934 272 938 272 904 273 938 273 941 273 904 274 941 274 946 274 903 275 945 275 949 275 905 276 950 276 953 276 938 277 934 277 957 277 938 278 957 278 962 278 937 279 961 279 965 279 969 280 938 280 966 280 969 281 966 281 972 281 969 282 972 282 976 282 969 283 976 283 801 283 801 284 798 284 980 284 801 285 980 285 983 285 801 286 983 286 986 286 801 287 986 287 989 287 801 288 989 288 969 288 992 289 995 289 998 289 992 290 998 290 1003 290 992 291 1003 291 1007 291 992 292 1007 292 1011 292 992 293 1011 293 1015 293 992 294 1015 294 1020 294 992 295 1020 295 1024 295 992 296 1024 296 1028 296 992 297 1028 297 1032 297 992 298 1032 298 1036 298 992 299 1036 299 1040 299 992 300 1040 300 1044 300 992 301 1044 301 1048 301 992 302 1048 302 1052 302 992 303 1052 303 1056 303 992 304 1056 304 1059 304 992 305 1059 305 1063 305 992 306 1063 306 1068 306 992 307 1068 307 1072 307 1071 308 1067 308 1075 308 1072 309 1076 309 1079 309 1072 310 1079 310 1082 310 1072 311 1082 311 1085 311 1072 312 1085 312 1088 312 1072 313 1088 313 1091 313 1072 314 1091 314 1094 314 1072 315 1094 315 1098 315 1072 316 1098 316 1102 316 1072 317 1102 317 1106 317 1072 318 1106 318 1110 318 1056 319 1052 319 1114 319 1056 320 1114 320 1117 320 1056 321 1117 321 1120 321 1056 322 1120 322 1123 322 1056 323 1123 323 1126 323 1056 324 1126 324 1129 324 1056 325 1129 325 1132 325 1056 326 1132 326 1136 326 1056 327 1136 327 1140 327 1056 328 1140 328 813 328 1056 329 813 329 822 329 1056 330 822 330 1144 330 1056 331 1144 331 1148 331 1056 332 1148 332 1151 332 1056 333 1151 333 1154 333 1158 334 861 334 869 334 1158 335 869 335 1161 335 1158 336 1161 336 1165 336 1158 337 1165 337 1056 337 1158 338 1056 338 1154 338 908 339 1110 339 1169 339 908 340 1169 340 1173 340 908 341 1173 341 1177 341 1015 342 1180 342 1183 342 1015 343 1183 343 1186 343 1015 344 1186 344 1189 344 1015 345 1189 345 1192 345 1015 346 1192 346 1196 346 1016 347 1197 347 818 347 1015 348 817 348 813 348 1015 349 813 349 1201 349 1015 350 1201 350 1204 350 1015 351 1204 351 1208 351 1015 352 1208 352 1211 352 1015 353 1211 353 1214 353 1015 354 1214 354 1217 354 1015 355 1217 355 1220 355 1015 356 1220 356 1224 356 1015 357 1224 357 1228 357 1015 358 1228 358 1020 358 998 359 1232 359 1237 359 998 360 1237 360 1241 360 998 361 1241 361 1244 361 998 362 1244 362 1247 362 998 363 1247 363 1250 363 998 364 1250 364 1253 364 998 365 1253 365 1256 365 998 366 1256 366 1259 366 998 367 1259 367 1262 367 998 368 1262 368 1266 368 999 369 1267 369 1004 369 998 370 1270 370 1232 370 1232 371 1270 371 1274 371 1232 372 1274 372 1277 372 1277 373 1274 373 798 373 1277 374 798 374 804 374 828 375 825 375 1281 375 1281 376 825 376 1286 376 1282 377 1287 377 1291 377 1292 378 1288 378 805 378 804 379 1286 379 1295 379 804 380 1295 380 1277 380 837 381 844 381 1299 381 1299 382 844 382 1302 382 1299 383 1302 383 852 383 852 384 1302 384 1305 384 854 385 1306 385 858 385 908 386 904 386 1110 386 1110 387 904 387 1310 387 1110 388 1310 388 1072 388 1071 389 1309 389 1314 389 865 390 861 390 1317 390 1317 391 861 391 1320 391 1317 392 1320 392 1323 392 1323 393 1320 393 1326 393 1326 394 1320 394 1329 394 1326 395 1329 395 1332 395 1332 396 1329 396 1335 396 1332 397 1335 397 1338 397 1338 398 1335 398 1341 398 1338 399 1341 399 1344 399 1344 400 1341 400 1347 400 1347 401 1341 401 1177 401 1347 402 1177 402 1173 402 1351 403 1355 403 1359 403 1359 404 1355 404 1183 404 1359 405 1183 405 1180 405 872 406 878 406 1362 406 1362 407 878 407 1355 407 1362 408 1355 408 1351 408 878 409 875 409 1365 409 1365 410 875 410 1368 410 1365 411 1368 411 1371 411 1371 412 1368 412 1375 412 1371 413 1375 413 1378 413 1378 414 1375 414 1381 414 1378 415 1381 415 1384 415 1378 416 1384 416 1387 416 1387 417 1384 417 1391 417 1387 418 1391 418 1395 418 1387 419 1395 419 1277 419 1277 420 1395 420 1399 420 1278 421 1400 421 1233 421 1402 422 1405 422 1412 422 1416 423 1418 423 1425 423 1418 424 1429 424 1425 424 1433 425 1436 425 1437 425 1433 426 1437 426 1440 426 1446 427 1447 427 1450 427 1457 428 1459 428 1464 428 1469 429 1472 429 1476 429 1479 430 1482 430 1485 430 1486 431 1447 431 1446 431 1486 432 1446 432 1493 432 1486 433 1493 433 1496 433 1486 434 1496 434 1500 434 1486 435 1500 435 1504 435 1486 436 1504 436 1507 436 1486 437 1507 437 1433 437 1486 438 1433 438 1440 438 1510 439 1514 439 1517 439 1511 440 1518 440 1521 440 1511 441 1521 441 1525 441 1511 442 1525 442 1529 442 1511 443 1529 443 1530 443 1511 444 1530 444 1534 444 1511 445 1534 445 1538 445 1511 446 1538 446 1542 446 1511 447 1542 447 1545 447 1511 448 1545 448 1548 448 1511 449 1548 449 1552 449 1511 450 1552 450 1463 450 1511 451 1463 451 1458 451 1511 452 1458 452 1555 452 1528 453 1560 453 1565 453 1529 454 1566 454 1570 454 1529 455 1570 455 1530 455 1576 456 1405 456 1577 456 1576 457 1577 457 1580 457 1576 458 1580 458 1561 458 1576 459 1561 459 1529 459 1405 460 1576 460 1585 460 1405 461 1585 461 1588 461 1405 462 1588 462 1591 462 1405 463 1591 463 1594 463 1405 464 1594 464 1412 464 1597 465 1601 465 1607 465 1597 466 1607 466 1611 466 1597 467 1611 467 1615 467 1597 468 1615 468 1619 468 1597 469 1619 469 1624 469 1597 470 1624 470 1628 470 1597 471 1628 471 1632 471 1597 472 1632 472 1636 472 1597 473 1636 473 1640 473 1597 474 1640 474 1644 474 1597 475 1644 475 1648 475 1597 476 1648 476 1652 476 1597 477 1652 477 1656 477 1597 478 1656 478 1661 478 1597 479 1661 479 1665 479 1597 480 1665 480 1669 480 1598 481 1670 481 1675 481 1597 482 1674 482 1679 482 1597 483 1679 483 1683 483 1601 484 1684 484 1688 484 1601 485 1688 485 1692 485 1601 486 1692 486 1696 486 1601 487 1696 487 1699 487 1601 488 1699 488 1702 488 1601 489 1702 489 1705 489 1601 490 1705 490 1709 490 1601 491 1709 491 1713 491 1601 492 1713 492 1716 492 1601 493 1716 493 1720 493 1602 494 1721 494 1608 494 1619 495 1724 495 1728 495 1619 496 1728 496 1732 496 1619 497 1732 497 1736 497 1620 498 1737 498 1430 498 1619 499 1429 499 1418 499 1619 500 1418 500 1738 500 1619 501 1738 501 1742 501 1619 502 1742 502 1745 502 1619 503 1745 503 1748 503 1619 504 1748 504 1751 504 1619 505 1751 505 1754 505 1619 506 1754 506 1758 506 1619 507 1758 507 1763 507 1619 508 1763 508 1767 508 1619 509 1767 509 1624 509 1770 510 1724 510 1619 510 1770 511 1619 511 1774 511 1771 512 1775 512 1780 512 1770 513 1779 513 1469 513 1770 514 1469 514 1476 514 1555 515 1781 515 1784 515 1556 516 1785 516 1790 516 1555 517 1789 517 1684 517 1661 518 1656 518 1797 518 1661 519 1797 519 1800 519 1661 520 1800 520 1802 520 1661 521 1802 521 1804 521 1661 522 1804 522 1807 522 1661 523 1807 523 1810 523 1661 524 1810 524 1814 524 1661 525 1814 525 1817 525 1661 526 1817 526 1821 526 1661 527 1821 527 1418 527 1661 528 1418 528 1416 528 1662 529 1417 529 1828 529 1661 530 1827 530 1831 530 1661 531 1831 531 1834 531 1661 532 1834 532 1837 532 1661 533 1837 533 1842 533 1660 534 1841 534 1847 534 1680 535 1676 535 1852 535 1679 536 1851 536 1855 536 1679 537 1855 537 1858 537 1679 538 1858 538 1860 538 1679 539 1860 539 1862 539 1679 540 1862 540 1865 540 1679 541 1865 541 1868 541 1679 542 1868 542 1871 542 1679 543 1871 543 1875 543 1679 544 1875 544 1879 544 1679 545 1879 545 1883 545 1402 546 1412 546 1887 546 1887 547 1412 547 1892 547 1887 548 1892 548 1883 548 1883 549 1892 549 1896 549 1883 550 1896 550 1679 550 1899 551 1901 551 1907 551 1907 552 1901 552 1437 552 1907 553 1437 553 1436 553 1887 554 1908 554 1402 554 1402 555 1908 555 1901 555 1403 556 1902 556 1900 556 1456 557 1914 557 1458 557 1458 558 1914 558 1917 558 1458 559 1917 559 1918 559 1918 560 1917 560 1446 560 1918 561 1446 561 1450 561 1555 562 1684 562 1511 562 1511 563 1684 563 1925 563 1684 564 1601 564 1925 564 1926 565 1603 565 1929 565 1932 566 1935 566 1938 566 1938 567 1935 567 1476 567 1938 568 1476 568 1472 568 1939 569 1942 569 1945 569 1945 570 1942 570 1948 570 1945 571 1948 571 1951 571 1951 572 1948 572 1955 572 1951 573 1955 573 1958 573 1958 574 1955 574 1935 574 1958 575 1935 575 1932 575 1784 576 1781 576 1960 576 1960 577 1781 577 1942 577 1960 578 1942 578 1939 578 1848 579 1843 579 1967 579 1966 580 1842 580 1970 580 1966 581 1970 581 1974 581 1974 582 1970 582 1978 582 1978 583 1970 583 1479 583 1978 584 1479 584 1485 584 1979 585 1982 585 1986 585 1986 586 1982 586 1989 586 1986 587 1989 587 1992 587 1992 588 1989 588 1996 588 1992 589 1996 589 1999 589 1999 590 1996 590 1482 590 1999 591 1482 591 1479 591 2001 592 2005 592 2008 592 2008 593 2005 593 1979 593 2008 594 1979 594 1986 594 1883 595 2011 595 1887 595 1887 596 2011 596 2001 596 1887 597 2001 597 2008 597 1033 598 1634 598 1039 598 1037 599 1633 599 1630 599 1038 600 1631 600 1043 600 1041 601 1629 601 1626 601 1042 602 1627 602 1047 602 1045 603 1625 603 1622 603 1046 604 1623 604 1051 604 1049 605 1621 605 1765 605 1050 606 1766 606 1113 606 1111 607 1764 607 1761 607 1112 608 1762 608 1116 608 1115 609 1760 609 1757 609 1115 610 1757 610 1118 610 1635 611 1034 611 1638 611 1639 612 1035 612 1031 612 1637 613 1030 613 1643 613 1641 614 1029 614 1026 614 1642 615 1027 615 1647 615 1645 616 1025 616 1022 616 1646 617 1023 617 1651 617 1649 618 1021 618 1018 618 1650 619 1019 619 1655 619 1654 620 1017 620 1227 620 1653 621 1226 621 1796 621 1795 622 1225 622 1223 622 1794 623 1222 623 1799 623 1798 624 1221 624 1218 624 1798 625 1218 625 1801 625 810 626 1823 626 1200 626 1198 627 1822 627 1819 627 1199 628 1820 628 1203 628 1202 629 1818 629 1816 629 1202 630 1816 630 1207 630 1205 631 1815 631 1812 631 1206 632 1813 632 1210 632 1209 633 1811 633 1809 633 1209 634 1809 634 1213 634 1212 635 1808 635 1806 635 1212 636 1806 636 1216 636 1215 637 1805 637 1803 637 1215 638 1803 638 1219 638 1824 639 812 639 1421 639 1420 640 811 640 1139 640 1419 641 1138 641 1741 641 1739 642 1137 642 1134 642 1740 643 1135 643 1744 643 1743 644 1133 644 1131 644 1743 645 1131 645 1747 645 1746 646 1130 646 1128 646 1746 647 1128 647 1750 647 1749 648 1127 648 1125 648 1749 649 1125 649 1753 649 1752 650 1124 650 1122 650 1752 651 1122 651 1756 651 1755 652 1121 652 1119 652 1755 653 1119 653 1759 653 1324 654 1930 654 1321 654 1322 655 1931 655 1936 655 1322 656 1936 656 1315 656 1316 657 1937 657 1470 657 1316 658 1470 658 862 658 863 659 1471 659 1466 659 864 660 1467 660 866 660 868 661 1468 661 1777 661 867 662 1776 662 1159 662 1160 663 1778 663 1772 663 1160 664 1772 664 1162 664 1163 665 1773 665 1616 665 1164 666 1618 666 1055 666 1930 667 1324 667 1957 667 1959 668 1325 668 1330 668 1959 669 1330 669 1952 669 1953 670 1331 670 1336 670 1953 671 1336 671 1946 671 1947 672 1337 672 1342 672 1947 673 1342 673 1940 673 1941 674 1343 674 1345 674 1941 675 1345 675 1961 675 1963 676 1346 676 1171 676 1962 677 1170 677 1786 677 1788 678 1172 678 1167 678 1787 679 1166 679 1791 679 1792 680 1168 680 1107 680 1793 681 1109 681 1687 681 1084 682 1706 682 1086 682 1087 683 1707 683 1703 683 1087 684 1703 684 1089 684 1090 685 1704 685 1700 685 1090 686 1700 686 1092 686 1093 687 1701 687 1697 687 1093 688 1697 688 1095 688 1096 689 1698 689 1693 689 1097 690 1694 690 1099 690 1101 691 1695 691 1690 691 1100 692 1689 692 1103 692 1104 693 1691 693 1685 693 1105 694 1686 694 1108 694 1706 695 1084 695 1710 695 1708 696 1083 696 1080 696 1708 697 1080 697 1711 697 1712 698 1081 698 1077 698 1712 699 1077 699 1714 699 1715 700 1078 700 1073 700 1715 701 1073 701 1717 701 1718 702 1074 702 1064 702 1719 703 1065 703 1604 703 1606 704 1066 704 1061 704 1605 705 1060 705 1609 705 1610 706 1062 706 1057 706 1610 707 1057 707 1612 707 1613 708 1058 708 1053 708 1614 709 1054 709 1617 709 891 710 1495 710 895 710 894 711 1494 711 1492 711 893 712 1491 712 899 712 897 713 1490 713 1444 713 898 714 1445 714 843 714 842 715 1443 715 1916 715 842 716 1916 716 1301 716 1300 717 1915 717 1913 717 1300 718 1913 718 1304 718 1303 719 1912 719 1455 719 1303 720 1455 720 856 720 855 721 1454 721 1462 721 855 722 1462 722 845 722 1495 723 891 723 1498 723 1497 724 890 724 887 724 1499 725 888 725 1503 725 1502 726 886 726 884 726 1501 727 883 727 1506 727 1505 728 882 728 830 728 1505 729 830 729 1432 729 1431 730 829 730 827 730 1431 731 827 731 1435 731 1434 732 826 732 1280 732 1434 733 1280 733 1906 733 1905 734 1279 734 1290 734 1905 735 1290 735 1898 735 1897 736 1289 736 802 736 1897 737 802 737 1401 737 931 738 1572 738 956 738 955 739 1571 739 1569 739 954 740 1568 740 960 740 958 741 1567 741 1563 741 959 742 1564 742 964 742 963 743 1562 743 1582 743 963 744 1582 744 971 744 970 745 1581 745 1579 745 970 746 1579 746 975 746 973 747 1578 747 1407 747 974 636 1408 636 800 636 799 748 1406 748 1404 748 799 749 1404 749 803 749 1573 639 933 639 1533 639 1532 750 932 750 929 750 1531 751 928 751 1537 751 1536 752 927 752 925 752 1535 753 924 753 1541 753 1540 754 923 754 921 754 1539 755 920 755 1544 755 1543 756 919 756 917 756 1543 757 917 757 1547 757 1546 758 916 758 914 758 1546 759 914 759 1551 759 1549 760 913 760 910 760 1550 761 911 761 1554 761 1553 762 909 762 846 762 1553 763 846 763 1465 763 1254 764 1856 764 1257 764 1258 765 1857 765 1853 765 1258 766 1853 766 1260 766 1261 767 1854 767 1849 767 1261 768 1849 768 1263 768 1264 769 1850 769 1671 769 1265 770 1672 770 1000 770 1002 771 1673 771 1667 771 1001 772 1666 772 1005 772 1006 773 1668 773 1663 773 1006 774 1663 774 1008 774 1009 665 1664 665 1657 665 1010 775 1659 775 1014 775 1856 776 1254 776 1859 776 1861 777 1255 777 1251 777 1861 778 1251 778 1863 778 1864 779 1252 779 1248 779 1864 780 1248 780 1866 780 1867 781 1249 781 1245 781 1867 782 1245 782 1869 782 1870 783 1246 783 1242 783 1870 784 1242 784 1872 784 1874 785 1243 785 1239 785 1873 786 1238 786 1876 786 1878 787 1240 787 1235 787 1877 788 1234 788 1880 788 1881 680 1236 680 1229 680 1882 789 1231 789 1886 789 1367 790 1990 790 1372 790 1374 791 1991 791 1984 791 1373 792 1983 792 1379 792 1380 793 1985 793 1980 793 1380 794 1980 794 1382 794 1383 795 1981 795 2006 795 1383 796 2006 796 1388 796 1389 797 2007 797 2002 797 1390 798 2003 798 1392 798 1394 799 2004 799 2013 799 1393 692 2012 692 1396 692 1397 800 2014 800 1884 800 1398 801 1885 801 1230 801 1990 802 1367 802 1997 802 1995 803 1366 803 873 803 1995 804 873 804 1480 804 1481 805 874 805 870 805 1481 806 870 806 1483 806 1484 807 871 807 1360 807 1484 808 1360 808 1975 808 1976 809 1361 809 1348 809 1977 810 1349 810 1971 810 1973 811 1350 811 1357 811 1972 812 1356 812 1964 812 1965 813 1358 813 1178 813 1965 707 1178 707 1844 707 1845 814 1179 814 1012 814 1846 815 1013 815 1658 815 2018 816 2022 816 2026 816 2017 817 2025 817 2030 817 2017 818 2030 818 2033 818 2017 819 2033 819 2036 819 2017 820 2036 820 2040 820 2017 821 2040 821 2043 821 2017 822 2043 822 2046 822 2017 823 2046 823 2049 823 2017 824 2049 824 2052 824 2017 825 2052 825 2055 825 2017 826 2055 826 2059 826 2017 827 2059 827 2062 827 2017 828 2062 828 2065 828 2017 829 2065 829 2068 829 2017 830 2068 830 2071 830 2017 831 2071 831 2074 831 2017 832 2074 832 2077 832 2081 833 2084 833 2088 833 2081 834 2088 834 2092 834 2081 835 2092 835 2096 835 2081 836 2096 836 2099 836 2081 837 2099 837 2102 837 2081 838 2102 838 2105 838 2081 839 2105 839 2108 839 2081 840 2108 840 2111 840 2081 841 2111 841 2114 841 2081 842 2114 842 2118 842 2081 843 2118 843 2122 843 2081 844 2122 844 2125 844 2081 845 2125 845 2021 845 2081 846 2021 846 2017 846 2084 847 2081 847 2128 847 2084 848 2128 848 2131 848 2084 849 2131 849 2134 849 2084 850 2134 850 2138 850 2084 851 2138 851 2142 851 2084 852 2142 852 2145 852 2084 853 2145 853 2149 853 2084 854 2149 854 2153 854 2084 855 2153 855 2157 855 2084 856 2157 856 2160 856 2084 857 2160 857 2163 857 2077 858 2074 858 2167 858 2077 859 2167 859 2170 859 2077 860 2170 860 2173 860 2077 861 2173 861 2177 861 2077 862 2177 862 2180 862 2077 863 2180 863 2183 863 2077 864 2183 864 2186 864 2077 865 2186 865 2189 865 2077 866 2189 866 2192 866 2077 867 2192 867 2196 867 2077 868 2196 868 2200 868 2077 869 2200 869 2203 869 2077 870 2203 870 2207 870 2077 871 2207 871 2210 871 2077 872 2210 872 2214 872 2078 873 2215 873 2219 873 2163 874 2077 874 2218 874 2163 875 2218 875 2223 875 2163 876 2223 876 2226 876 2163 877 2226 877 2230 877 2163 878 2230 878 2233 878 2163 879 2233 879 2236 879 2163 880 2236 880 2239 880 2163 881 2239 881 2242 881 2163 882 2242 882 2245 882 2163 883 2245 883 2249 883 2163 884 2249 884 2253 884 2163 885 2253 885 2256 885 2163 886 2256 886 2260 886 2163 887 2260 887 2084 887 37 888 34 888 2141 888 2141 889 34 889 607 889 2141 890 607 890 2144 890 2144 891 607 891 575 891 2144 892 575 892 280 892 280 893 575 893 283 893 416 894 2126 894 153 894 153 895 2126 895 2080 895 36 896 2139 896 420 896 421 897 2140 897 2137 897 419 898 2135 898 424 898 425 899 2136 899 2133 899 423 900 2132 900 428 900 428 901 2132 901 2130 901 427 902 2129 902 417 902 417 903 2129 903 2127 903 2158 904 226 904 2162 904 2162 905 226 905 224 905 2143 906 278 906 2147 906 2148 907 279 907 276 907 2146 908 274 908 2151 908 2152 909 275 909 272 909 2150 910 270 910 2155 910 2156 911 271 911 268 911 2154 912 267 912 2159 912 2159 913 267 913 227 913 2261 914 475 914 2264 914 2266 915 476 915 482 915 2265 916 481 916 2268 916 2269 917 483 917 489 917 2270 918 490 918 2272 918 2273 919 491 919 496 919 2274 920 497 920 2276 920 2277 921 498 921 503 921 2277 922 503 922 2279 922 2281 923 504 923 510 923 2280 924 509 924 2283 924 2284 925 511 925 157 925 2285 926 159 926 2288 926 475 927 2261 927 469 927 471 928 2263 928 2291 928 471 929 2291 929 518 929 519 930 2292 930 2294 930 520 931 2295 931 525 931 526 932 2296 932 2298 932 526 933 2298 933 532 933 533 934 2299 934 2301 934 533 935 2301 935 539 935 540 936 2302 936 2304 936 541 937 2305 937 546 937 547 938 2306 938 2308 938 548 939 2309 939 555 939 556 940 2310 940 2312 940 557 941 2314 941 335 941 2317 942 450 942 2319 942 2320 943 451 943 446 943 2321 944 447 944 2323 944 2324 945 448 945 442 945 2325 946 443 946 2327 946 2328 947 444 947 439 947 2328 948 439 948 2330 948 2331 949 440 949 435 949 2332 950 436 950 2334 950 2336 951 437 951 432 951 2335 952 431 952 2338 952 2339 953 433 953 333 953 2340 954 334 954 2313 954 450 955 2317 955 454 955 452 956 2315 956 2341 956 452 957 2341 957 455 957 456 958 2342 958 2344 958 456 959 2344 959 458 959 459 960 2345 960 2347 960 459 961 2347 961 461 961 462 962 2348 962 2350 962 463 963 2351 963 465 963 466 964 2352 964 2354 964 466 965 2354 965 175 965 176 966 2355 966 2357 966 176 967 2357 967 154 967 155 968 2358 968 2287 968 155 969 2287 969 158 969 2360 970 297 970 2363 970 2365 971 298 971 294 971 2364 972 293 972 2367 972 2368 973 295 973 289 973 2369 974 290 974 2371 974 2372 975 291 975 284 975 2373 976 285 976 2375 976 2376 977 286 977 171 977 2376 978 171 978 2378 978 2380 923 172 923 168 923 2379 979 167 979 2382 979 2383 980 169 980 162 980 2384 981 164 981 2387 981 297 927 2360 927 300 927 302 982 2362 982 2390 982 302 983 2390 983 304 983 305 984 2391 984 2393 984 306 985 2394 985 308 985 309 986 2395 986 2397 986 309 987 2397 987 311 987 312 988 2398 988 2400 988 312 989 2400 989 314 989 315 990 2401 990 2403 990 316 991 2404 991 318 991 319 992 2405 992 2407 992 320 993 2408 993 323 993 324 994 2409 994 2411 994 325 995 2413 995 330 995 2416 996 522 996 2418 996 2419 997 523 997 528 997 2420 998 529 998 2422 998 2423 999 530 999 535 999 2424 1000 536 1000 2426 1000 2427 1001 537 1001 543 1001 2427 1002 543 1002 2429 1002 2430 1003 544 1003 550 1003 2431 1004 551 1004 2433 1004 2435 1005 552 1005 561 1005 2434 952 560 952 2437 952 2438 1006 562 1006 328 1006 2439 1007 329 1007 2412 1007 522 1008 2416 1008 516 1008 514 1009 2414 1009 2440 1009 514 1010 2440 1010 472 1010 473 1011 2441 1011 2443 1011 473 1012 2443 1012 478 1012 479 960 2444 960 2446 960 479 1013 2446 1013 485 1013 486 1014 2447 1014 2449 1014 487 1015 2450 1015 493 1015 494 1016 2451 1016 2453 1016 494 1017 2453 1017 500 1017 501 966 2454 966 2456 966 501 1018 2456 1018 506 1018 507 1019 2457 1019 2386 1019 507 1020 2386 1020 163 1020 2461 1021 385 1021 2464 1021 2465 1022 386 1022 147 1022 2465 1023 147 1023 2467 1023 2469 1024 148 1024 144 1024 2468 1025 143 1025 2471 1025 2473 1026 145 1026 140 1026 2472 1027 139 1027 2475 1027 2477 1028 141 1028 136 1028 2476 1029 135 1029 2479 1029 2481 1030 137 1030 132 1030 2480 1031 131 1031 2483 1031 2484 1032 133 1032 97 1032 2485 1033 98 1033 2488 1033 385 1034 2461 1034 389 1034 387 1035 2459 1035 2490 1035 387 1036 2490 1036 390 1036 391 1037 2491 1037 2494 1037 391 1038 2494 1038 393 1038 395 1039 2495 1039 2498 1039 394 1040 2497 1040 397 1040 398 1041 2499 1041 2501 1041 399 1042 2502 1042 401 1042 403 1043 2503 1043 2506 1043 402 1044 2505 1044 406 1044 407 1045 2507 1045 2509 1045 407 1046 2509 1046 410 1046 411 1047 2510 1047 2512 1047 412 1048 2514 1048 40 1048 2516 1049 60 1049 2519 1049 2520 1050 61 1050 57 1050 2520 1051 57 1051 2523 1051 2525 1052 58 1052 54 1052 2524 1053 53 1053 2527 1053 2529 1054 55 1054 50 1054 2528 1055 49 1055 2531 1055 2532 1056 51 1056 45 1056 2533 1057 46 1057 2535 1057 2536 1058 47 1058 42 1058 2536 1059 42 1059 2538 1059 2539 1060 43 1060 38 1060 2540 1061 39 1061 2513 1061 60 1062 2516 1062 69 1062 71 1063 2518 1063 2544 1063 71 1064 2544 1064 73 1064 74 1065 2545 1065 2547 1065 74 1066 2547 1066 76 1066 77 1067 2548 1067 2550 1067 78 1068 2551 1068 80 1068 81 1069 2552 1069 2554 1069 82 1070 2555 1070 84 1070 85 1071 2556 1071 2558 1071 85 1072 2558 1072 87 1072 88 1073 2559 1073 2561 1073 89 1074 2562 1074 92 1074 93 1075 2563 1075 2487 1075 94 1076 2489 1076 99 1076 2566 1077 357 1077 2569 1077 2570 1078 358 1078 354 1078 2570 1079 354 1079 2572 1079 2574 1024 355 1024 351 1024 2573 1080 350 1080 2576 1080 2578 1081 352 1081 347 1081 2577 1082 346 1082 2580 1082 2582 1083 348 1083 343 1083 2581 1084 342 1084 2584 1084 2586 1085 344 1085 339 1085 2585 1086 338 1086 2588 1086 2589 1087 340 1087 181 1087 2590 1088 182 1088 2593 1088 357 1089 2566 1089 361 1089 359 1090 2564 1090 2595 1090 359 1091 2595 1091 362 1091 363 1037 2596 1037 2599 1037 363 1092 2599 1092 365 1092 367 1039 2600 1039 2603 1039 366 1040 2602 1040 369 1040 370 1093 2604 1093 2606 1093 371 1094 2607 1094 373 1094 375 1095 2608 1095 2611 1095 374 1096 2610 1096 377 1096 378 1045 2612 1045 2614 1045 378 1097 2614 1097 380 1097 381 1098 2615 1098 2617 1098 382 1099 2619 1099 264 1099 2621 1100 249 1100 2624 1100 2625 1101 250 1101 246 1101 2625 1102 246 1102 2628 1102 2630 1103 247 1103 243 1103 2629 1104 242 1104 2632 1104 2634 1105 244 1105 238 1105 2633 1106 237 1106 2636 1106 2637 1107 239 1107 232 1107 2638 1108 233 1108 2640 1108 2641 1109 234 1109 228 1109 2641 1110 228 1110 2643 1110 2644 1111 229 1111 262 1111 2645 1112 263 1112 2618 1112 249 1113 2621 1113 252 1113 254 1114 2623 1114 2649 1114 254 1115 2649 1115 256 1115 257 1116 2650 1116 2652 1116 257 1117 2652 1117 259 1117 260 1118 2653 1118 2655 1118 261 1119 2656 1119 206 1119 207 1120 2657 1120 2659 1120 208 1121 2660 1121 210 1121 211 1122 2661 1122 2663 1122 211 1123 2663 1123 213 1123 214 1124 2664 1124 2666 1124 215 1125 2667 1125 217 1125 218 1126 2668 1126 2592 1126 219 1127 2594 1127 183 1127 2267 1128 2290 1128 2262 1128 2290 1129 2267 1129 2293 1129 2293 1130 2267 1130 2271 1130 2293 1131 2271 1131 2297 1131 2297 1132 2271 1132 2275 1132 2297 1133 2275 1133 2300 1133 2300 1134 2275 1134 2278 1134 2300 1135 2278 1135 2303 1135 2303 1136 2278 1136 2282 1136 2303 1137 2282 1137 2307 1137 2307 1138 2282 1138 2286 1138 2307 1139 2286 1139 2311 1139 2311 1140 2286 1140 2289 1140 2311 1141 2289 1141 2337 1141 2337 1142 2289 1142 2359 1142 2337 1143 2359 1143 2333 1143 2333 1144 2359 1144 2356 1144 2333 1145 2356 1145 2329 1145 2329 1146 2356 1146 2353 1146 2329 1147 2353 1147 2326 1147 2326 1148 2353 1148 2349 1148 2326 1149 2349 1149 2322 1149 2322 1150 2349 1150 2346 1150 2322 1151 2346 1151 2318 1151 2318 1152 2346 1152 2343 1152 2318 1128 2343 1128 2316 1128 2366 1128 2389 1128 2361 1128 2389 1129 2366 1129 2392 1129 2392 1153 2366 1153 2370 1153 2392 1154 2370 1154 2396 1154 2396 1155 2370 1155 2374 1155 2396 1133 2374 1133 2399 1133 2399 1156 2374 1156 2377 1156 2399 1135 2377 1135 2402 1135 2402 1157 2377 1157 2381 1157 2402 1137 2381 1137 2406 1137 2406 1158 2381 1158 2385 1158 2406 1159 2385 1159 2410 1159 2410 1160 2385 1160 2388 1160 2410 1161 2388 1161 2436 1161 2436 1162 2388 1162 2458 1162 2436 1143 2458 1143 2432 1143 2432 1163 2458 1163 2455 1163 2432 1164 2455 1164 2428 1164 2428 1165 2455 1165 2452 1165 2428 1166 2452 1166 2425 1166 2425 1167 2452 1167 2448 1167 2425 1168 2448 1168 2421 1168 2421 1169 2448 1169 2445 1169 2421 1170 2445 1170 2417 1170 2417 1171 2445 1171 2442 1171 2417 1172 2442 1172 2415 1172 2522 1173 2543 1173 2517 1173 2542 1174 2521 1174 2546 1174 2546 1175 2521 1175 2526 1175 2546 1176 2526 1176 2549 1176 2549 1177 2526 1177 2530 1177 2549 1178 2530 1178 2553 1178 2553 1179 2530 1179 2534 1179 2553 1180 2534 1180 2557 1180 2557 1181 2534 1181 2537 1181 2557 1182 2537 1182 2560 1182 2560 1183 2537 1183 2541 1183 2560 1184 2541 1184 2486 1184 2486 1185 2541 1185 2515 1185 2486 1186 2515 1186 2482 1186 2482 1187 2515 1187 2511 1187 2482 1188 2511 1188 2478 1188 2478 1189 2511 1189 2508 1189 2478 1190 2508 1190 2474 1190 2474 1191 2508 1191 2504 1191 2474 1192 2504 1192 2470 1192 2470 1193 2504 1193 2500 1193 2470 1194 2500 1194 2466 1194 2466 1195 2500 1195 2496 1195 2466 1196 2496 1196 2462 1196 2462 1197 2496 1197 2492 1197 2463 1198 2493 1198 2460 1198 2627 1173 2648 1173 2622 1173 2647 1174 2626 1174 2651 1174 2651 1175 2626 1175 2631 1175 2651 1199 2631 1199 2654 1199 2654 1200 2631 1200 2635 1200 2654 1201 2635 1201 2658 1201 2658 1202 2635 1202 2639 1202 2658 1180 2639 1180 2662 1180 2662 1203 2639 1203 2642 1203 2662 1204 2642 1204 2665 1204 2665 1205 2642 1205 2646 1205 2665 1206 2646 1206 2591 1206 2591 1207 2646 1207 2620 1207 2591 1208 2620 1208 2587 1208 2587 1209 2620 1209 2616 1209 2587 1210 2616 1210 2583 1210 2583 1211 2616 1211 2613 1211 2583 1212 2613 1212 2579 1212 2579 1213 2613 1213 2609 1213 2579 1214 2609 1214 2575 1214 2575 1215 2609 1215 2605 1215 2575 1194 2605 1194 2571 1194 2571 1216 2605 1216 2601 1216 2571 1196 2601 1196 2567 1196 2567 1217 2601 1217 2597 1217 2568 1198 2598 1198 2565 1198 645 1218 24 1218 584 1218 584 153 24 153 20 153 0 225 640 225 3 225 3 1219 640 1219 637 1219 1681 1220 1677 1220 996 1220 1681 225 996 225 993 225 1681 225 993 225 2669 225 1681 225 2669 225 2672 225 1681 1221 2672 1221 2675 1221 1681 1222 2675 1222 2678 1222 1681 1223 2678 1223 2681 1223 1681 1224 2681 1224 2684 1224 1681 1225 2684 1225 2687 1225 1681 1226 2687 1226 2690 1226 27 1227 2693 1227 2696 1227 27 1228 2696 1228 2699 1228 27 1229 2699 1229 2702 1229 27 1230 2702 1230 2705 1230 27 1231 2705 1231 2708 1231 27 1232 2708 1232 2711 1232 27 1233 2711 1233 2714 1233 27 1234 2714 1234 2717 1234 27 225 2717 225 2075 225 27 225 2075 225 2161 225 27 1235 2161 1235 220 1235 2696 1236 2693 1236 2720 1236 2696 1237 2720 1237 2723 1237 2696 1238 2723 1238 2726 1238 2696 1239 2726 1239 2729 1239 2696 1240 2729 1240 2733 1240 2696 1241 2733 1241 2690 1241 2696 1242 2690 1242 2687 1242 2736 1243 2741 1243 2744 1243 2736 1244 2744 1244 2747 1244 2736 225 2747 225 2750 225 2736 1245 2750 1245 2753 1245 2736 225 2753 225 2756 225 2736 1246 2756 1246 2759 1246 2736 1247 2759 1247 2762 1247 2736 225 2762 225 2765 225 2736 225 2765 225 2769 225 2736 1248 2769 1248 2773 1248 2075 225 2717 225 2777 225 2075 1249 2777 1249 2780 1249 2075 1250 2780 1250 2784 1250 2075 1251 2784 1251 2787 1251 2075 1252 2787 1252 2790 1252 2075 1253 2790 1253 2793 1253 2075 1254 2793 1254 2796 1254 2075 1255 2796 1255 2799 1255 2075 1256 2799 1256 2802 1256 2799 1257 2744 1257 2741 1257 2799 1258 2741 1258 2805 1258 2799 1259 2805 1259 2808 1259 2799 1260 2808 1260 2811 1260 2799 1261 2811 1261 2814 1261 2799 1262 2814 1262 2817 1262 2799 1263 2817 1263 2802 1263 1595 1264 2820 1264 2823 1264 1595 1265 2823 1265 2826 1265 1595 1266 2826 1266 2829 1266 1595 1267 2829 1267 2832 1267 1595 1268 2832 1268 2835 1268 1595 1269 2835 1269 2838 1269 1595 153 2838 153 2841 153 1595 153 2841 153 990 153 1595 153 990 153 1069 153 1595 1270 1069 1270 1599 1270 6 1271 149 1271 2079 1271 6 153 2079 153 2015 153 6 153 2015 153 2844 153 6 1272 2844 1272 2847 1272 6 1273 2847 1273 2850 1273 6 1274 2850 1274 2853 1274 6 1275 2853 1275 2856 1275 6 1276 2856 1276 2859 1276 6 1277 2859 1277 2862 1277 6 1278 2862 1278 2865 1278 6 1279 2865 1279 2868 1279 2865 1280 2823 1280 2820 1280 2865 1281 2820 1281 2871 1281 2865 1282 2871 1282 2874 1282 2865 1283 2874 1283 2877 1283 2865 1284 2877 1284 2881 1284 2865 1285 2881 1285 2884 1285 2865 1286 2884 1286 2868 1286 2887 1287 2892 1287 2896 1287 2887 153 2896 153 2900 153 2887 153 2900 153 2904 153 2887 1288 2904 1288 2907 1288 2887 1289 2907 1289 2910 1289 2887 153 2910 153 2913 153 2887 1290 2913 1290 2916 1290 2887 153 2916 153 2919 153 2887 1291 2919 1291 2922 1291 2887 1292 2922 1292 2925 1292 2015 1293 2928 1293 2931 1293 2015 1294 2931 1294 2934 1294 2015 1295 2934 1295 2937 1295 2015 1296 2937 1296 2940 1296 2015 1297 2940 1297 2943 1297 2015 1298 2943 1298 2946 1298 2015 1299 2946 1299 2950 1299 2015 1300 2950 1300 2953 1300 2015 153 2953 153 2844 153 2931 1301 2928 1301 2956 1301 2931 1302 2956 1302 2959 1302 2931 1303 2959 1303 2962 1303 2931 1304 2962 1304 2965 1304 2931 1305 2965 1305 2968 1305 2931 1306 2968 1306 2925 1306 2931 1307 2925 1307 2922 1307 644 1308 2 1308 649 1308 649 1308 2 1308 26 1308 28 1309 7 1309 2694 1309 2694 1310 7 1310 2869 1310 2974 1311 2977 1311 2981 1311 2984 1312 2987 1312 2990 1312 2994 1313 2997 1313 3001 1313 3005 1314 3009 1314 3013 1314 3016 1315 3020 1315 3023 1315 3017 1316 3024 1316 3027 1316 3017 1317 3027 1317 3031 1317 3017 1318 3031 1318 3034 1318 3017 1319 3034 1319 3037 1319 3017 1320 3037 1320 3041 1320 3017 1321 3041 1321 3044 1321 3017 1322 3044 1322 3047 1322 3017 1323 3047 1323 2990 1323 3017 1324 2990 1324 2987 1324 3050 1325 3047 1325 3044 1325 3050 1326 3044 1326 3053 1326 3050 1327 3053 1327 3056 1327 3050 1328 3056 1328 3060 1328 3050 1329 3060 1329 3064 1329 3050 1330 3064 1330 3067 1330 3050 1331 3067 1331 3070 1331 3050 1332 3070 1332 3073 1332 3050 1333 3073 1333 3076 1333 3050 1334 3076 1334 3079 1334 3050 1335 3079 1335 3012 1335 3050 1336 3012 1336 3008 1336 3083 1337 3087 1337 3090 1337 3083 1338 3090 1338 3093 1338 3083 1339 3093 1339 3097 1339 3083 1340 3097 1340 3100 1340 3083 1341 3100 1341 3104 1341 3083 1342 3104 1342 3108 1342 3083 1343 3108 1343 3111 1343 3083 1344 3111 1344 3114 1344 3083 1345 3114 1345 3118 1345 3082 1346 3117 1346 3121 1346 3124 1347 3127 1347 3131 1347 3124 1348 3131 1348 3134 1348 3124 1349 3134 1349 3137 1349 3124 1350 3137 1350 3140 1350 3124 1351 3140 1351 3144 1351 3124 1352 3144 1352 3147 1352 3124 1353 3147 1353 3151 1353 3124 1354 3151 1354 3154 1354 3124 1355 3154 1355 3158 1355 3124 1356 3158 1356 3161 1356 3124 1357 3161 1357 3097 1357 3124 1358 3097 1358 3093 1358 3090 1359 3087 1359 3164 1359 3164 1360 3087 1360 3167 1360 3164 1361 3167 1361 3170 1361 2977 1362 2974 1362 3167 1362 3167 1363 2974 1363 3173 1363 3167 1364 3173 1364 3170 1364 2981 1365 2977 1365 3176 1365 3176 1366 2977 1366 3180 1366 3176 1367 3180 1367 3184 1367 3184 1368 3180 1368 3187 1368 3184 1369 3187 1369 3190 1369 3190 1370 3187 1370 3194 1370 3194 1371 3187 1371 3197 1371 3194 1372 3197 1372 3201 1372 3201 1373 3197 1373 3204 1373 3201 1374 3204 1374 3208 1374 3208 1375 3204 1375 3211 1375 3208 1376 3211 1376 3215 1376 3215 1377 3211 1377 3218 1377 3218 1378 3211 1378 3221 1378 3218 1379 3221 1379 3225 1379 3225 1380 3221 1380 3229 1380 3225 1381 3229 1381 3233 1381 3233 1382 3229 1382 3237 1382 3237 1383 3229 1383 2987 1383 3237 1384 2987 1384 2984 1384 3131 1385 3127 1385 3240 1385 3241 1386 3128 1386 3245 1386 3240 1387 3244 1387 3249 1387 2994 1388 3001 1388 3253 1388 3253 1389 3001 1389 3240 1389 3253 1390 3240 1390 3249 1390 3001 1391 2997 1391 3257 1391 3257 1392 2997 1392 3261 1392 3257 1393 3261 1393 3264 1393 3264 1394 3261 1394 3268 1394 3264 1395 3268 1395 3272 1395 3264 1396 3272 1396 3276 1396 3276 1397 3272 1397 3280 1397 3276 1398 3280 1398 3283 1398 3283 1399 3280 1399 3287 1399 3283 1400 3287 1400 3291 1400 3291 1401 3287 1401 3295 1401 3291 1402 3295 1402 3299 1402 3291 1403 3299 1403 3303 1403 3303 1404 3299 1404 3306 1404 3303 1405 3306 1405 3310 1405 3310 1406 3306 1406 3314 1406 3310 1407 3314 1407 3318 1407 3310 1408 3318 1408 3012 1408 3012 1409 3318 1409 3321 1409 3012 1410 3321 1410 3004 1410 739 1411 3088 1411 741 1411 742 1412 3089 1412 3162 1412 742 1413 3162 1413 744 1413 745 1414 3163 1414 3168 1414 745 1415 3168 1415 747 1415 748 1416 3169 1416 3171 1416 748 1417 3171 1417 750 1417 752 1418 3172 1418 2972 1418 751 1419 2971 1419 754 1419 756 1420 2973 1420 2979 1420 755 1421 2978 1421 758 1421 759 1422 2980 1422 3174 1422 759 1423 3174 1423 761 1423 763 1424 3175 1424 3182 1424 762 1425 3181 1425 765 1425 766 1426 3183 1426 3188 1426 766 1427 3188 1427 768 1427 770 1428 3189 1428 3193 1428 769 1429 3191 1429 651 1429 3088 1430 739 1430 3092 1430 3091 153 736 153 732 153 3091 1431 732 1431 3122 1431 3123 1432 733 1432 728 1432 3123 1433 728 1433 3125 1433 3126 1434 729 1434 793 1434 3126 1435 793 1435 3242 1435 3243 1436 794 1436 790 1436 3243 1437 790 1437 3246 1437 3247 1438 791 1438 786 1438 3248 1439 787 1439 3250 1439 3252 1440 788 1440 783 1440 3251 1441 782 1441 2991 1441 2992 1442 784 1442 778 1442 2993 1443 779 1443 2995 1443 2996 1444 780 1444 775 1444 2996 1445 775 1445 3258 1445 3260 1446 776 1446 772 1446 3259 1447 771 1447 3265 1447 3267 1448 773 1448 581 1448 3266 1449 580 1449 3269 1449 3271 1450 582 1450 578 1450 3270 1451 577 1451 3278 1451 691 1452 3006 1452 694 1452 695 1453 3007 1453 3002 1453 695 1454 3002 1454 698 1454 699 1455 3003 1455 3319 1455 699 1456 3319 1456 701 1456 702 1457 3320 1457 3315 1457 703 1458 3316 1458 705 1458 707 1459 3317 1459 3312 1459 706 1460 3311 1460 709 1460 710 1461 3313 1461 3304 1461 710 1462 3304 1462 712 1462 713 1463 3305 1463 3296 1463 714 1464 3297 1464 716 1464 718 1465 3298 1465 3293 1465 717 1466 3292 1466 720 1466 722 1467 3294 1467 3285 1467 721 1468 3284 1468 724 1468 726 1469 3286 1469 3279 1469 725 1470 3277 1470 576 1470 3006 1471 691 1471 3049 1471 3048 1472 690 1472 686 1472 3048 1473 686 1473 3045 1473 3046 1474 689 1474 684 1474 3046 1475 684 1475 2988 1475 2989 1476 685 1476 681 1476 2989 1477 681 1477 2982 1477 2983 1478 682 1478 678 1478 2983 1479 678 1479 3234 1479 3235 1480 679 1480 674 1480 3236 1481 675 1481 3230 1481 3232 1482 676 1482 671 1482 3231 1483 670 1483 3222 1483 3224 1484 672 1484 667 1484 3223 1485 666 1485 3216 1485 3217 1486 668 1486 663 1486 3217 1487 663 1487 3212 1487 3214 1488 664 1488 660 1488 3213 1489 659 1489 3205 1489 3207 1490 661 1490 656 1490 3206 1491 655 1491 3198 1491 3200 1492 657 1492 653 1492 3199 1493 652 1493 3192 1493 3052 1494 2019 1494 3054 1494 3055 1495 2020 1495 2123 1495 3055 1496 2123 1496 3057 1496 3058 1497 2124 1497 2119 1497 3059 1498 2120 1498 3061 1498 3063 1499 2121 1499 2116 1499 3062 1500 2115 1500 3065 1500 3066 1501 2117 1501 2112 1501 3066 1502 2112 1502 3068 1502 3069 1503 2113 1503 2109 1503 3069 1504 2109 1504 3071 1504 3072 1505 2110 1505 2106 1505 3072 1506 2106 1506 3074 1506 3075 1507 2107 1507 2103 1507 3075 1508 2103 1508 3077 1508 3078 1509 2104 1509 2100 1509 3078 1510 2100 1510 3010 1510 3011 1511 2101 1511 2097 1511 3011 1512 2097 1512 3307 1512 3308 1513 2098 1513 2093 1513 3309 1514 2094 1514 3300 1514 3302 1515 2095 1515 2090 1515 3301 1516 2089 1516 3288 1516 3290 1517 2091 1517 2086 1517 3289 1518 2085 1518 3281 1518 3282 1519 2087 1519 2083 1519 3282 1520 2083 1520 3274 1520 2019 1521 3052 1521 2024 1521 2023 225 3051 225 3042 225 2023 1522 3042 1522 2027 1522 2029 1523 3043 1523 3039 1523 2028 1524 3038 1524 2031 1524 2032 1525 3040 1525 3035 1525 2032 1526 3035 1526 2034 1526 2035 1527 3036 1527 3032 1527 2035 1528 3032 1528 2037 1528 2039 1529 3033 1529 3029 1529 2038 1530 3028 1530 2041 1530 2042 1531 3030 1531 3025 1531 2042 1532 3025 1532 2044 1532 2045 1533 3026 1533 3021 1533 2045 1534 3021 1534 2047 1534 2048 1535 3022 1535 3018 1535 2048 1536 3018 1536 2050 1536 2051 1537 3019 1537 3014 1537 2051 1538 3014 1538 2053 1538 2054 1539 3015 1539 2985 1539 2054 1540 2985 1540 2056 1540 2058 1541 2986 1541 3227 1541 2057 1542 3226 1542 2060 1542 2061 1543 3228 1543 3219 1543 2061 1544 3219 1544 2063 1544 2064 1545 3220 1545 3209 1545 2064 1546 3209 1546 2066 1546 2067 1547 3210 1547 3202 1547 2067 1548 3202 1548 2069 1548 2070 1549 3203 1549 3195 1549 2070 1550 3195 1550 2072 1550 3096 1551 2205 1551 3098 1551 3099 1552 2206 1552 2201 1552 3099 1553 2201 1553 3101 1553 3103 1554 2202 1554 2198 1554 3102 1555 2197 1555 3105 1555 3107 1556 2199 1556 2194 1556 3106 1557 2193 1557 3109 1557 3110 1558 2195 1558 2190 1558 3110 1559 2190 1559 3112 1559 3113 1560 2191 1560 2187 1560 3113 1561 2187 1561 3115 1561 3116 1562 2188 1562 2184 1562 3116 1563 2184 1563 3119 1563 3120 1564 2185 1564 2181 1564 3120 1565 2181 1565 3080 1565 3081 1566 2182 1566 2178 1566 3081 1567 2178 1567 3084 1567 3086 1568 2179 1568 2175 1568 3085 1569 2174 1569 3165 1569 3166 1570 2176 1570 2171 1570 3166 1571 2171 1571 2975 1571 2976 1572 2172 1572 2168 1572 2976 1573 2168 1573 3177 1573 3178 1574 2169 1574 2164 1574 3179 1575 2165 1575 3185 1575 3186 1576 2166 1576 2073 1576 3186 1577 2073 1577 3196 1577 2204 1578 3095 1578 2209 1578 2208 153 3094 153 3159 153 2208 153 3159 153 2211 153 2212 1579 3160 1579 3155 1579 2213 1580 3156 1580 2216 1580 2217 1581 3157 1581 3152 1581 2217 1582 3152 1582 2220 1582 2221 1583 3153 1583 3148 1583 2222 1584 3149 1584 2224 1584 2225 1585 3150 1585 3145 1585 2225 1586 3145 1586 2227 1586 2228 1587 3146 1587 3141 1587 2229 1588 3142 1588 2231 1588 2232 1589 3143 1589 3138 1589 2232 1590 3138 1590 2234 1590 2235 1591 3139 1591 3135 1591 2235 1592 3135 1592 2237 1592 2238 1593 3136 1593 3132 1593 2238 1594 3132 1594 2240 1594 2241 1595 3133 1595 3129 1595 2241 1596 3129 1596 2243 1596 2244 1597 3130 1597 3238 1597 2244 1598 3238 1598 2246 1598 2247 1599 3239 1599 2998 1599 2248 1600 2999 1600 2250 1600 2251 1601 3000 1601 3254 1601 2252 1602 3255 1602 2254 1602 2255 1603 3256 1603 3262 1603 2255 1604 3262 1604 2257 1604 2259 1605 3263 1605 3275 1605 2258 1606 3273 1606 2082 1606 2718 1607 2845 1607 2778 1607 2778 1607 2845 1607 2954 1607 2824 1608 2867 1608 2688 1608 2688 1609 2867 1609 2698 1609 2858 1610 2703 1610 2860 1610 2861 1611 2704 1611 2700 1611 2861 1612 2700 1612 2863 1612 2864 1613 2701 1613 2697 1613 2864 1614 2697 1614 2866 1614 2703 1615 2858 1615 2707 1615 2706 1616 2857 1616 2855 1616 2706 1617 2855 1617 2710 1617 2709 1618 2854 1618 2852 1618 2709 1619 2852 1619 2713 1619 2712 1620 2851 1620 2849 1620 2712 1621 2849 1621 2716 1621 2715 1622 2848 1622 2846 1622 2715 1622 2846 1622 2719 1622 2933 1623 2923 1623 2801 1623 2801 1624 2923 1624 2745 1624 2944 1625 2786 1625 2949 1625 2948 1626 2785 1626 2783 1626 2947 1626 2782 1626 2952 1626 2951 1627 2781 1627 2779 1627 2951 1628 2779 1628 2955 1628 2786 1629 2944 1629 2788 1629 2789 1630 2945 1630 2941 1630 2789 1630 2941 1630 2791 1630 2792 1631 2942 1631 2938 1631 2792 1632 2938 1632 2794 1632 2795 1633 2939 1633 2935 1633 2795 1634 2935 1634 2797 1634 2798 1635 2936 1635 2932 1635 2798 1635 2932 1635 2800 1635 2837 1636 2673 1636 2839 1636 2840 1637 2674 1637 2670 1637 2840 1638 2670 1638 2842 1638 2843 1639 2671 1639 994 1639 2843 1640 994 1640 991 1640 2673 1636 2837 1636 2677 1636 2676 1641 2836 1641 2834 1641 2676 1641 2834 1641 2680 1641 2679 1642 2833 1642 2831 1642 2679 1642 2831 1642 2683 1642 2682 1643 2830 1643 2828 1643 2682 1643 2828 1643 2686 1643 2685 1644 2827 1644 2825 1644 2685 1644 2825 1644 2689 1644 3322 1645 3329 1645 3330 1645 3322 1646 3334 1646 3329 1646 3341 1647 3342 1647 3345 1647 3341 1648 3345 1648 3348 1648 3355 1649 3359 1649 3360 1649 3366 1650 3356 1650 3361 1650 3369 1651 3329 1651 3372 1651 3372 1652 3329 1652 3376 1652 3376 1653 3329 1653 3334 1653 3382 1654 3385 1654 3388 1654 3360 1655 3359 1655 3389 1655 3393 1656 3398 1656 3329 1656 3398 1657 3402 1657 3329 1657 3402 1658 3330 1658 3329 1658 3407 1659 3411 1659 3416 1659 3423 1660 2767 1660 2902 1660 3423 1661 2902 1661 3428 1661 3423 1662 3428 1662 3431 1662 3423 1663 3431 1663 3434 1663 3423 1664 3434 1664 3437 1664 3440 1665 3446 1665 3447 1665 3441 1666 3448 1666 3452 1666 3442 1667 3453 1667 3458 1667 3440 1668 3457 1668 3461 1668 3440 1669 3461 1669 3465 1669 3440 1670 3465 1670 3469 1670 3440 1671 3469 1671 3472 1671 3441 1672 3473 1672 3477 1672 3442 1673 3478 1673 3390 1673 3440 1674 3389 1674 3359 1674 3484 1675 3489 1675 3492 1675 3484 1676 3492 1676 3498 1676 3484 1677 3498 1677 3502 1677 3485 1678 3503 1678 3507 1678 3484 1679 3506 1679 3510 1679 2901 1680 3514 1680 3519 1680 2902 1681 3520 1681 3524 1681 2902 1682 3524 1682 3528 1682 2902 1683 3528 1683 3532 1683 2902 1684 3532 1684 3536 1684 2902 1685 3536 1685 3540 1685 2902 1686 3540 1686 3544 1686 2902 1687 3544 1687 3548 1687 2902 1688 3548 1688 3552 1688 2902 1689 3552 1689 3555 1689 2902 1690 3555 1690 3558 1690 2902 1691 3558 1691 3562 1691 2902 1692 3562 1692 3565 1692 2902 1693 3565 1693 3568 1693 2902 1694 3568 1694 3572 1694 2902 1695 3572 1695 3355 1695 2902 1696 3355 1696 3365 1696 2902 1697 3365 1697 3576 1697 2902 1698 3576 1698 3580 1698 2902 1699 3580 1699 3584 1699 2902 1700 3584 1700 3587 1700 2902 1701 3587 1701 3591 1701 2902 1702 3591 1702 3595 1702 2902 1703 3595 1703 3599 1703 2902 1704 3599 1704 3603 1704 2902 1705 3603 1705 3607 1705 2902 1706 3607 1706 3428 1706 3612 1707 3616 1707 3621 1707 3611 1708 3620 1708 3624 1708 3611 1709 3624 1709 3629 1709 3427 1710 3610 1710 3628 1710 3428 1711 3629 1711 3632 1711 3428 1712 3632 1712 3635 1712 3428 1713 3635 1713 3431 1713 2898 1714 3638 1714 3642 1714 2899 1715 3643 1715 3645 1715 2898 1716 3644 1716 3650 1716 2899 1717 3651 1717 3655 1717 2899 1718 3655 1718 3658 1718 2899 1719 3658 1719 3662 1719 2899 1720 3662 1720 3515 1720 2899 1721 3515 1721 2902 1721 3645 1722 3643 1722 3341 1722 3645 1723 3341 1723 3348 1723 3646 1724 3349 1724 3667 1724 3645 1725 3666 1725 3671 1725 3645 1726 3671 1726 3675 1726 3645 1727 3675 1727 3679 1727 3645 1728 3679 1728 3683 1728 3645 1729 3683 1729 3687 1729 3645 1730 3687 1730 3691 1730 3645 1731 3691 1731 3695 1731 3645 1732 3695 1732 3329 1732 3645 1733 3329 1733 3369 1733 3644 1734 3368 1734 3696 1734 3645 1735 3697 1735 3700 1735 3645 1736 3700 1736 3703 1736 3645 1737 3703 1737 3706 1737 3645 1738 3706 1738 3709 1738 3645 1739 3709 1739 3714 1739 3644 1740 3713 1740 3718 1740 3510 1741 3342 1741 3341 1741 3510 1742 3341 1742 3724 1742 3510 1743 3724 1743 3727 1743 3510 1744 3727 1744 3730 1744 3510 1745 3730 1745 3734 1745 3510 1746 3734 1746 3738 1746 3510 1747 3738 1747 3741 1747 3510 1748 3741 1748 3745 1748 3510 1749 3745 1749 3749 1749 3510 1750 3749 1750 3752 1750 3510 1751 3752 1751 3755 1751 3510 1752 3755 1752 3484 1752 3549 1753 3545 1753 3760 1753 3548 1754 3759 1754 3764 1754 3548 1755 3764 1755 3768 1755 3548 1756 3768 1756 3385 1756 3548 1757 3385 1757 3382 1757 3490 1758 3769 1758 3775 1758 3492 1759 3776 1759 3779 1759 3492 1760 3779 1760 3782 1760 3492 1761 3782 1761 3785 1761 3492 1762 3785 1762 3789 1762 3493 1763 3790 1763 3793 1763 3493 1764 3793 1764 3394 1764 3492 1765 3393 1765 3329 1765 3492 1766 3329 1766 3800 1766 3492 1767 3800 1767 3804 1767 3492 1768 3804 1768 3808 1768 3492 1769 3808 1769 3811 1769 3492 1770 3811 1770 3814 1770 3492 1771 3814 1771 3816 1771 3492 1772 3816 1772 3818 1772 3492 1773 3818 1773 3822 1773 3494 1774 3823 1774 3499 1774 3437 1775 3828 1775 3832 1775 3437 1776 3832 1776 3836 1776 3437 1777 3836 1777 3840 1777 3437 1778 3840 1778 3844 1778 3437 1779 3844 1779 3423 1779 2767 1780 3423 1780 3848 1780 2767 1781 3848 1781 3852 1781 2767 1782 3852 1782 3856 1782 2767 1783 3856 1783 3859 1783 2767 1784 3859 1784 3862 1784 2767 1785 3862 1785 3865 1785 2766 1786 3864 1786 3867 1786 2772 1787 2767 1787 3868 1787 2772 1788 3868 1788 3872 1788 2772 1789 3872 1789 3876 1789 2772 1790 3876 1790 3880 1790 2772 1791 3880 1791 3885 1791 2771 1792 3884 1792 3491 1792 2772 1793 3492 1793 3489 1793 2772 1794 3489 1794 3891 1794 3620 1795 3614 1795 3895 1795 3896 1796 3615 1796 3898 1796 3895 1797 3897 1797 3446 1797 3446 1798 3897 1798 3447 1798 3719 1799 3715 1799 3902 1799 3901 1800 3714 1800 3906 1800 3901 1801 3906 1801 3909 1801 3914 1802 3916 1802 3906 1802 3906 1803 3916 1803 3920 1803 3906 1804 3920 1804 3909 1804 3382 1805 3388 1805 3914 1805 3914 1806 3388 1806 3925 1806 3914 1807 3925 1807 3916 1807 3776 1808 3770 1808 3416 1808 3417 1809 3771 1809 3928 1809 3415 1810 3927 1810 3406 1810 3416 1811 3411 1811 3932 1811 3932 1812 3411 1812 3934 1812 3932 1807 3934 1807 3938 1807 3932 1813 3938 1813 3828 1813 3828 1814 3938 1814 3942 1814 3828 1815 3942 1815 3832 1815 2914 1816 2752 1816 2918 1816 2917 1817 2751 1817 2749 1817 2917 1818 2749 1818 2921 1818 2920 1819 2748 1819 2746 1819 2920 1819 2746 1819 2924 1819 2752 1816 2914 1816 2754 1816 2755 1820 2915 1820 2911 1820 2755 1820 2911 1820 2757 1820 2758 1821 2912 1821 2908 1821 2758 1822 2908 1822 2760 1822 2761 1823 2909 1823 2905 1823 2761 1824 2905 1824 2763 1824 2764 1825 2906 1825 2903 1825 2764 1826 2903 1826 2768 1826 2803 1827 2929 1827 2076 1827 2076 1828 2929 1828 2016 1828 2894 1829 2888 1829 3945 1829 2894 1830 3945 1830 3949 1830 2894 1831 3949 1831 3952 1831 2894 1832 3952 1832 3955 1832 2894 1833 3955 1833 3958 1833 2894 1834 3958 1834 3961 1834 2894 1835 3961 1835 3965 1835 2894 1836 3965 1836 3968 1836 2894 1837 3968 1837 3971 1837 2894 1838 3971 1838 3974 1838 2894 1839 3974 1839 3977 1839 2895 1840 3978 1840 3983 1840 3986 1841 3992 1841 3997 1841 3986 1842 3997 1842 4001 1842 3986 1843 4001 1843 4004 1843 3986 1844 4004 1844 4007 1844 3986 1845 4007 1845 4010 1845 3986 1846 4010 1846 4014 1846 3986 1847 4014 1847 4018 1847 3986 1848 4018 1848 4021 1848 3987 1849 4022 1849 4027 1849 3986 1850 4026 1850 4031 1850 3986 1851 4031 1851 4034 1851 3986 1852 4034 1852 4037 1852 3986 1853 4037 1853 4040 1853 3986 1854 4040 1854 4044 1854 3986 1855 4044 1855 4048 1855 3987 1856 4049 1856 4053 1856 4048 1857 2894 1857 3982 1857 4048 1858 3982 1858 4057 1858 4048 1859 4057 1859 4060 1859 4048 1860 4060 1860 4064 1860 4048 1861 4064 1861 4067 1861 4048 1862 4067 1862 4052 1862 2888 1863 2737 1863 4071 1863 2888 1864 4071 1864 4074 1864 2888 1865 4074 1865 4078 1865 2888 1866 4078 1866 4081 1866 2888 1867 4081 1867 4085 1867 2888 1868 4085 1868 4089 1868 2888 1869 4089 1869 4092 1869 2888 1870 4092 1870 4096 1870 2888 1871 4096 1871 4100 1871 2888 1872 4100 1872 4104 1872 2888 1873 4104 1873 4107 1873 2888 1874 4107 1874 4110 1874 2888 1875 4110 1875 4113 1875 2888 1876 4113 1876 4116 1876 2888 1877 4116 1877 4119 1877 2888 1878 4119 1878 4122 1878 2888 1879 4122 1879 4125 1879 2888 1880 4125 1880 4128 1880 2889 1881 4129 1881 4132 1881 2890 1882 4133 1882 3946 1882 2776 1883 4137 1883 4141 1883 2775 1884 4140 1884 4144 1884 2775 1885 4144 1885 4147 1885 2775 1886 4147 1886 4150 1886 2775 1887 4150 1887 4154 1887 2775 1888 4154 1888 4157 1888 2775 1889 4157 1889 4160 1889 2775 1890 4160 1890 4163 1890 2775 1891 4163 1891 4166 1891 2775 1892 4166 1892 4169 1892 2775 1893 4169 1893 4172 1893 2775 1894 4172 1894 2737 1894 3993 1895 3988 1895 4177 1895 3991 1896 4176 1896 4181 1896 3992 1897 4182 1897 4185 1897 3992 1898 4185 1898 4188 1898 3992 1899 4188 1899 4192 1899 3992 1900 4192 1900 4136 1900 3992 1901 4136 1901 2775 1901 2738 1902 4173 1902 4195 1902 2739 1903 4196 1903 4200 1903 2737 1904 4199 1904 4203 1904 2737 1905 4203 1905 4206 1905 2737 1906 4206 1906 4209 1906 2737 1907 4209 1907 4212 1907 2737 1908 4212 1908 4215 1908 2737 1909 4215 1909 4219 1909 2737 1910 4219 1910 4223 1910 2737 1911 4223 1911 4227 1911 2737 1912 4227 1912 4231 1912 2737 1913 4231 1913 4234 1913 2737 1914 4234 1914 4238 1914 2737 1915 4238 1915 4242 1915 2737 1916 4242 1916 4246 1916 2737 1917 4246 1917 4249 1917 2737 1918 4249 1918 4252 1918 2737 1919 4252 1919 4255 1919 2737 1920 4255 1920 4071 1920 2740 1921 2891 1921 2743 1921 2743 1922 2891 1922 2927 1922 2742 1923 2926 1923 2807 1923 2807 1924 2926 1924 2970 1924 2806 1925 2969 1925 2810 1925 2810 1925 2969 1925 2967 1925 2809 1926 2966 1926 2813 1926 2813 1926 2966 1926 2964 1926 2812 1927 2963 1927 2816 1927 2816 1927 2963 1927 2961 1927 2815 1928 2960 1928 2819 1928 2819 1928 2960 1928 2958 1928 2818 1929 2957 1929 2804 1929 2804 1929 2957 1929 2930 1929 2695 1930 2870 1930 2721 1930 2721 1931 2870 1931 2885 1931 2722 1932 2886 1932 2724 1932 2724 1933 2886 1933 2882 1933 2725 1934 2883 1934 2727 1934 2727 1934 2883 1934 2878 1934 2728 1935 2880 1935 2731 1935 2730 1935 2879 1935 2875 1935 2732 1936 2876 1936 2734 1936 2734 1936 2876 1936 2872 1936 2735 1937 2873 1937 2691 1937 2691 1938 2873 1938 2821 1938 2692 1939 2822 1939 1682 1939 1682 1940 2822 1940 1596 1940 968 1941 1575 1941 936 1941 936 1942 1575 1942 1527 1942 997 1943 1678 1943 1268 1943 1268 1944 1678 1944 1893 1944 1269 1945 1895 1945 1272 1945 1271 1946 1894 1946 1890 1946 1273 1947 1891 1947 796 1947 796 1948 1891 1948 1409 1948 797 1949 1410 1949 977 1949 978 1950 1411 1950 1592 1950 979 1951 1593 1951 981 1951 981 1952 1593 1952 1589 1952 982 1953 1590 1953 984 1953 984 1954 1590 1954 1586 1954 985 1955 1587 1955 987 1955 987 1956 1587 1956 1583 1956 988 1957 1584 1957 967 1957 967 1958 1584 1958 1574 1958 1070 1959 1311 1959 1600 1959 1600 1960 1311 1960 1927 1960 935 1961 1526 1961 940 1961 940 1962 1526 1962 1524 1962 939 1963 1523 1963 944 1963 943 1964 1522 1964 1520 1964 942 1965 1519 1965 948 1965 948 1966 1519 1966 1516 1966 947 1967 1515 1967 952 1967 952 1968 1515 1968 1513 1968 951 1969 1512 1969 902 1969 902 1970 1512 1970 1509 1970 901 1971 1508 1971 1308 1971 1308 1972 1508 1972 1924 1972 1307 1973 1922 1973 1312 1973 1313 1974 1923 1974 1928 1974 4017 1975 3740 1975 4020 1975 4020 1976 3740 1976 3737 1976 2893 1977 4045 1977 2897 1977 2897 1978 4045 1978 3636 1978 4019 1979 3735 1979 4024 1979 4025 1980 3736 1980 3733 1980 4023 1981 3731 1981 4029 1981 4030 1982 3732 1982 3729 1982 4028 1983 3728 1983 4033 1983 4033 1984 3728 1984 3726 1984 4032 1985 3725 1985 4036 1985 4036 1986 3725 1986 3723 1986 4035 1987 3722 1987 4039 1987 4039 1988 3722 1988 3340 1988 4038 1989 3338 1989 4042 1989 4043 1990 3339 1990 3641 1990 4041 1991 3639 1991 4046 1991 4047 1992 3640 1992 3637 1992 2774 1993 2770 1993 3989 1993 3989 1994 2770 1994 3888 1994 3990 1995 3889 1995 3994 1995 3995 1996 3890 1996 3486 1996 3996 1997 3488 1997 3999 1997 3998 1998 3487 1998 3482 1998 4000 1999 3483 1999 4002 1999 4002 2000 3483 2000 3753 2000 4003 2001 3754 2001 4005 2001 4005 2002 3754 2002 3750 2002 4006 2003 3751 2003 4008 2003 4008 2004 3751 2004 3746 2004 4009 2005 3748 2005 4012 2005 4011 2006 3747 2006 3742 2006 4013 2007 3744 2007 4016 2007 4015 2008 3743 2008 3739 2008 4259 2009 4263 2009 4267 2009 4272 2010 4275 2010 4278 2010 4275 2011 4281 2011 4278 2011 4281 2012 4284 2012 4278 2012 4284 2013 4287 2013 4278 2013 4291 2014 4295 2014 4299 2014 4302 2015 4278 2015 4306 2015 4306 2016 4278 2016 4309 2016 4309 2017 4278 2017 4312 2017 4312 2018 4278 2018 4287 2018 4315 2019 4319 2019 4322 2019 4325 2020 4328 2020 4332 2020 4336 2021 4340 2021 4344 2021 4347 2022 4352 2022 4357 2022 4347 2023 4357 2023 4360 2023 4347 2024 4360 2024 4364 2024 4347 2025 4364 2025 4370 2025 4376 2026 4381 2026 4384 2026 4376 2027 4384 2027 4387 2027 4377 2028 4388 2028 4393 2028 4398 2029 4401 2029 4405 2029 4398 2030 4405 2030 4408 2030 4398 2031 4408 2031 4381 2031 4397 2032 4380 2032 4375 2032 4412 2033 4416 2033 4419 2033 4412 2034 4419 2034 4423 2034 4412 2035 4423 2035 4426 2035 4412 2036 4426 2036 4401 2036 4412 2037 4401 2037 4398 2037 4412 2038 4398 2038 4430 2038 4412 2039 4430 2039 4433 2039 4412 2040 4433 2040 4436 2040 4412 2041 4436 2041 4439 2041 4419 2042 4416 2042 4444 2042 4419 2043 4444 2043 4447 2043 4419 2044 4447 2044 4451 2044 4419 2045 4451 2045 4455 2045 4419 2046 4455 2046 4458 2046 4419 2047 4458 2047 4462 2047 4419 2048 4462 2048 4465 2048 4419 2049 4465 2049 4468 2049 4472 2050 4475 2050 4479 2050 4472 2051 4479 2051 4483 2051 4472 2052 4483 2052 4487 2052 4472 2053 4487 2053 4491 2053 4472 2054 4491 2054 4497 2054 4356 2055 4500 2055 4504 2055 4357 2056 4505 2056 4509 2056 4357 2057 4509 2057 4512 2057 4357 2058 4512 2058 4515 2058 4357 2059 4515 2059 4518 2059 4357 2060 4518 2060 4360 2060 4364 2061 4522 2061 4439 2061 4365 2062 4440 2062 4528 2062 4366 2063 4529 2063 4534 2063 4364 2064 4533 2064 4537 2064 4364 2065 4537 2065 4541 2065 4364 2066 4541 2066 4545 2066 4364 2067 4545 2067 4548 2067 4364 2068 4548 2068 4553 2068 4364 2069 4553 2069 4556 2069 4364 2070 4556 2070 4559 2070 4364 2071 4559 2071 4562 2071 4364 2072 4562 2072 4565 2072 4364 2073 4565 2073 4568 2073 4364 2074 4568 2074 4572 2074 4364 2075 4572 2075 4576 2075 4364 2076 4576 2076 4370 2076 4553 2077 4548 2077 4581 2077 4552 2078 4580 2078 4585 2078 4553 2079 4586 2079 4590 2079 4593 2080 4598 2080 4603 2080 4593 2081 4603 2081 4609 2081 4593 2082 4609 2082 4614 2082 4594 2083 4615 2083 4618 2083 4595 2084 4619 2084 4476 2084 4603 2085 4598 2085 4622 2085 4603 2086 4622 2086 4625 2086 4603 2087 4625 2087 4629 2087 4603 2088 4629 2088 4632 2088 4603 2089 4632 2089 4635 2089 4603 2090 4635 2090 4639 2090 4603 2091 4639 2091 4642 2091 4603 2092 4642 2092 4263 2092 4602 2093 4262 2093 4258 2093 4645 2094 4649 2094 4652 2094 4645 2095 4652 2095 4655 2095 4645 2096 4655 2096 4658 2096 4646 2097 4659 2097 4268 2097 4645 2098 4267 2098 4263 2098 4662 2099 4357 2099 4352 2099 4662 2100 4352 2100 4665 2100 4662 2101 4665 2101 4668 2101 4662 2102 4668 2102 4671 2102 4662 2103 4671 2103 4675 2103 4662 2104 4675 2104 4649 2104 4662 2105 4649 2105 4645 2105 4475 2106 4472 2106 4678 2106 4475 2107 4678 2107 4681 2107 4475 2108 4681 2108 4684 2108 4475 2109 4684 2109 4687 2109 4475 2110 4687 2110 4690 2110 4475 2111 4690 2111 4693 2111 4475 2112 4693 2112 4696 2112 4475 2113 4696 2113 4699 2113 4475 2114 4699 2114 4702 2114 4475 2115 4702 2115 4705 2115 4475 2116 4705 2116 4708 2116 4475 2117 4708 2117 4711 2117 4475 2118 4711 2118 4714 2118 4475 2119 4714 2119 4718 2119 4475 2120 4718 2120 4721 2120 4475 2121 4721 2121 4593 2121 4605 2122 4725 2122 4730 2122 4603 2123 4729 2123 4734 2123 4603 2124 4734 2124 4738 2124 4603 2125 4738 2125 4741 2125 4603 2126 4741 2126 4745 2126 4603 2127 4745 2127 4749 2127 4601 2128 4748 2128 4271 2128 4603 2129 4272 2129 4278 2129 4603 2130 4278 2130 4753 2130 4603 2131 4753 2131 4757 2131 4603 2132 4757 2132 4760 2132 4603 2133 4760 2133 4764 2133 4603 2134 4764 2134 4768 2134 4603 2135 4768 2135 4771 2135 4603 2136 4771 2136 4775 2136 4603 2137 4775 2137 4779 2137 4604 2138 4780 2138 4610 2138 4370 2139 4784 2139 4788 2139 4370 2140 4788 2140 4792 2140 4370 2141 4792 2141 4795 2141 4370 2142 4795 2142 4798 2142 4371 2143 4799 2143 4348 2143 4522 2144 4364 2144 4802 2144 4522 2145 4802 2145 4805 2145 4522 2146 4805 2146 4808 2146 4522 2147 4808 2147 4811 2147 4522 2148 4811 2148 4814 2148 4522 2149 4814 2149 4817 2149 4523 2150 4818 2150 4821 2150 4493 2151 4488 2151 4826 2151 4491 2152 4825 2152 4830 2152 4491 2153 4830 2153 4834 2153 4491 2154 4834 2154 4838 2154 4491 2155 4838 2155 4842 2155 4491 2156 4842 2156 4846 2156 4491 2157 4846 2157 4849 2157 4491 2158 4849 2158 4852 2158 4491 2159 4852 2159 4278 2159 4491 2160 4278 2160 4302 2160 4492 2161 4303 2161 4856 2161 4491 2162 4855 2162 4860 2162 4491 2163 4860 2163 4863 2163 4491 2164 4863 2164 4866 2164 4491 2165 4866 2165 4870 2165 4491 2166 4870 2166 4874 2166 4491 2167 4874 2167 4878 2167 4883 2168 4423 2168 4887 2168 4883 2169 4887 2169 4890 2169 4883 2170 4890 2170 4894 2170 4883 2171 4894 2171 4319 2171 4883 2172 4319 2172 4315 2172 4423 2173 4419 2173 4897 2173 4423 2174 4897 2174 4901 2174 4423 2175 4901 2175 4887 2175 4521 2176 4904 2176 4907 2176 4523 2177 4908 2177 4911 2177 4523 2178 4911 2178 4914 2178 4524 2179 4915 2179 4919 2179 4522 2180 4918 2180 4922 2180 4522 2181 4922 2181 4925 2181 4522 2182 4925 2182 4412 2182 4522 2183 4412 2183 4439 2183 4491 2184 4336 2184 4344 2184 4491 2185 4344 2185 4928 2185 4491 2186 4928 2186 4932 2186 4491 2187 4932 2187 4936 2187 4491 2188 4936 2188 4940 2188 4491 2189 4940 2189 4943 2189 4491 2190 4943 2190 4947 2190 4491 2191 4947 2191 4951 2191 4491 2192 4951 2192 4497 2192 4954 2193 4344 2193 4340 2193 4955 2194 4341 2194 4960 2194 4956 2195 4961 2195 4966 2195 4954 2196 4965 2196 4970 2196 4954 2197 4970 2197 4974 2197 4954 2198 4974 2198 4977 2198 4954 2199 4977 2199 4981 2199 4981 2200 4977 2200 4985 2200 4981 2201 4985 2201 4989 2201 4981 2202 4989 2202 4993 2202 4981 2203 4993 2203 4468 2203 4981 2204 4468 2204 4465 2204 4392 2205 4387 2205 4997 2205 4997 2206 4387 2206 5000 2206 4997 2207 5000 2207 5005 2207 5005 2208 5000 2208 5009 2208 5004 2209 5008 2209 5013 2209 5014 2210 5009 2210 5018 2210 5018 2211 5009 2211 4328 2211 5018 2212 4328 2212 4325 2212 4553 2213 4590 2213 5021 2213 5021 2214 4590 2214 5025 2214 5021 2215 5025 2215 4328 2215 4329 2216 5026 2216 5030 2216 4328 2217 5029 2217 4332 2217 4729 2218 4724 2218 4299 2218 4299 2219 4724 2219 5034 2219 4299 2220 5034 2220 4291 2220 4299 2221 4295 2221 5038 2221 5038 2222 4295 2222 5042 2222 5038 2223 5042 2223 5046 2223 5038 2224 5046 2224 4784 2224 4784 2225 5046 2225 5050 2225 4784 2226 5050 2226 4788 2226 4879 2227 4875 2227 5054 2227 5053 2228 4874 2228 5057 2228 5053 2229 5057 2229 5061 2229 4315 2230 4322 2230 5057 2230 5057 2231 4322 2231 5065 2231 5057 2232 5065 2232 5061 2232 3468 2233 4893 2233 3471 2233 3470 2234 4891 2234 4889 2234 3470 2235 4889 2235 3476 2235 3475 2236 4888 2236 4886 2236 3474 2237 4885 2237 3481 2237 3479 2238 4884 2238 4899 2238 3480 2239 4900 2239 3392 2239 3391 2240 4898 2240 4896 2240 3391 2241 4896 2241 3363 2241 3362 2242 4895 2242 4418 2242 3362 2243 4418 2243 3367 2243 4892 2244 3466 2244 4316 2244 4317 2245 3467 2245 3463 2245 4318 2246 3464 2246 4321 2246 4320 2247 3462 2247 3460 2247 4320 2248 3460 2248 5064 2248 5063 2249 3459 2249 3456 2249 5062 2250 3455 2250 5060 2250 5058 2251 3454 2251 3450 2251 5059 2252 3451 2252 5052 2252 5051 2253 3449 2253 3900 2253 5051 2254 3900 2254 4877 2254 4876 2255 3899 2255 3617 2255 4876 2256 3617 2256 4490 2256 3592 2257 4968 2257 3598 2257 3597 2258 4967 2258 4964 2258 3596 2259 4963 2259 3602 2259 3601 2260 4962 2260 4959 2260 3600 2261 4958 2261 3606 2261 3605 2262 4957 2262 4339 2262 3604 2263 4338 2263 3426 2263 3424 2264 4337 2264 4334 2264 3425 2265 4335 2265 3609 2265 3608 2266 4333 2266 4489 2266 3608 2267 4489 2267 3613 2267 4969 2268 3594 2268 4973 2268 4972 2269 3593 2269 3590 2269 4971 2270 3589 2270 4976 2270 4975 2271 3588 2271 3586 2271 4975 2272 3586 2272 4984 2272 4983 2273 3585 2273 3583 2273 4982 2274 3582 2274 4988 2274 4986 2275 3581 2275 3578 2275 4987 2276 3579 2276 4992 2276 4990 2277 3577 2277 3574 2277 4991 2278 3575 2278 4467 2278 4466 2279 3573 2279 3364 2279 4466 2280 3364 2280 4417 2280 3512 2281 4674 2281 3344 2281 3343 2282 4672 2282 4670 2282 3343 2283 4670 2283 3347 2283 3346 2284 4669 2284 4667 2284 3346 2285 4667 2285 3351 2285 3350 2286 4666 2286 4664 2286 3350 2287 4664 2287 3670 2287 3669 2288 4663 2288 4351 2288 3668 2289 4350 2289 3673 2289 3672 2290 4349 2290 4346 2290 3672 2291 4346 2291 3676 2291 4673 2292 3511 2292 4647 2292 4648 2293 3513 2293 3509 2293 4648 2294 3509 2294 4651 2294 4650 2295 3508 2295 3505 2295 4650 2296 3505 2296 4654 2296 4653 2297 3504 2297 3501 2297 4653 2298 3501 2298 4657 2298 4656 2299 3500 2299 3825 2299 4656 2300 3825 2300 4266 2300 4265 2301 3824 2301 3821 2301 4264 2302 3820 2302 4257 2302 4256 2303 3819 2303 3817 2303 4256 2304 3817 2304 4600 2304 3326 2305 5040 2305 3799 2305 3797 2306 5039 2306 4293 2306 3798 2307 4294 2307 3803 2307 3801 2308 4292 2308 4289 2308 3802 2309 4290 2309 3807 2309 3805 2310 4288 2310 5032 2310 3806 2311 5033 2311 3810 2311 3809 2312 5031 2312 4723 2312 3809 2313 4723 2313 3813 2313 3812 2314 4722 2314 4599 2314 3812 2315 4599 2315 3815 2315 5041 2316 3328 2316 5045 2316 5044 2317 3327 2317 3694 2317 5043 2318 3693 2318 5049 2318 5047 2319 3692 2319 3689 2319 5048 2320 3690 2320 4787 2320 4785 2321 3688 2321 3685 2321 4786 2322 3686 2322 4791 2322 4789 2323 3684 2323 3681 2323 4790 2324 3682 2324 4794 2324 4793 2325 3680 2325 3678 2325 4793 2326 3678 2326 4797 2326 4796 2327 3677 2327 3674 2327 4796 2328 3674 2328 4345 2328 3926 2329 5027 2329 3917 2329 3918 2330 5028 2330 5022 2330 3919 2331 5023 2331 3921 2331 3923 2332 5024 2332 4588 2332 3922 2333 4587 2333 3910 2333 3911 2334 4589 2334 4582 2334 3912 2335 4583 2335 3903 2335 3904 2336 4584 2336 4577 2336 3905 2337 4578 2337 3720 2337 3721 2338 4579 2338 4547 2338 3721 2339 4547 2339 3648 2339 5027 2340 3926 2340 4331 2340 4330 2341 3924 2341 3386 2341 4330 2342 3386 2342 4323 2342 4324 2343 3387 2343 3383 2343 4324 2344 3383 2344 5015 2344 5017 2345 3384 2345 3766 2345 5016 2346 3765 2346 5010 2346 5011 2347 3767 2347 3761 2347 5012 2348 3762 2348 5001 2348 5003 2349 3763 2349 3757 2349 5002 2350 3756 2350 4994 2350 4995 2351 3758 2351 3542 2351 4996 2352 3543 2352 4391 2352 3518 2353 4434 2353 3522 2353 3523 2354 4435 2354 4431 2354 3523 2355 4431 2355 3525 2355 3527 2356 4432 2356 4428 2356 3526 2357 4427 2357 3529 2357 3530 2358 4429 2358 4394 2358 3531 2359 4395 2359 3533 2359 3535 2360 4396 2360 4373 2360 3534 2361 4372 2361 3537 2361 3539 2362 4374 2362 4390 2362 3538 2363 4389 2363 3541 2363 4434 2364 3518 2364 4437 2364 4438 2365 3521 2365 3516 2365 4438 2366 3516 2366 4525 2366 4527 2367 3517 2367 3664 2367 4526 2368 3663 2368 4530 2368 4532 2369 3665 2369 3660 2369 4531 2370 3659 2370 4535 2370 4536 2371 3661 2371 3656 2371 4536 2372 3656 2372 4538 2372 4539 2373 3657 2373 3652 2373 4540 2374 3653 2374 4542 2374 4544 2375 3654 2375 3649 2375 4543 2376 3647 2376 4546 2376 3866 2377 4616 2377 3869 2377 3870 2378 4617 2378 4611 2378 3871 2379 4612 2379 3873 2379 3875 2380 4613 2380 4607 2380 3874 2381 4606 2381 3877 2381 3878 2382 4608 2382 4776 2382 3879 2383 4777 2383 3881 2383 3882 2384 4778 2384 4772 2384 3883 2337 4773 2337 3886 2337 3887 2385 4774 2385 4770 2385 3887 2386 4770 2386 3496 2386 4616 2387 3866 2387 4474 2387 4473 2388 3863 2388 3860 2388 4473 2389 3860 2389 4477 2389 4478 2390 3861 2390 3857 2390 4478 2391 3857 2391 4480 2391 4482 2392 3858 2392 3854 2392 4481 2393 3853 2393 4484 2393 4485 2394 3855 2394 3849 2394 4486 2395 3850 2395 4822 2395 4824 2396 3851 2396 3846 2396 4823 2397 3845 2397 4827 2397 4828 2398 3847 2398 3421 2398 4829 2399 3422 2399 4833 2399 3937 2400 4850 2400 3940 2400 3941 2401 4851 2401 4847 2401 3941 2402 4847 2402 3829 2402 3831 2356 4848 2356 4844 2356 3830 2357 4843 2357 3833 2357 3834 2403 4845 2403 4839 2403 3835 2404 4840 2404 3837 2404 3839 2360 4841 2360 4836 2360 3838 2405 4835 2405 3841 2405 3843 2406 4837 2406 4832 2406 3842 2407 4831 2407 3420 2407 4850 2408 3937 2408 4276 2408 4277 2409 3939 2409 3935 2409 4277 2410 3935 2410 4750 2410 4752 2411 3936 2411 3413 2411 4751 2412 3412 2412 4754 2412 4756 2369 3414 2369 3409 2369 4755 2370 3408 2370 4758 2370 4759 2413 3410 2413 3929 2413 4759 2414 3929 2414 4761 2414 4762 2373 3930 2373 3772 2373 4763 2374 3773 2374 4765 2374 4767 2415 3774 2415 3497 2415 4766 2416 3495 2416 4769 2416 3933 2417 4282 2417 3418 2417 3419 2418 4283 2418 4279 2418 3419 2419 4279 2419 3777 2419 3778 2420 4280 2420 4273 2420 3778 2421 4273 2421 3780 2421 3781 2422 4274 2422 4269 2422 3781 2423 4269 2423 3783 2423 3784 2424 4270 2424 4746 2424 3784 2425 4746 2425 3786 2425 3787 2426 4747 2426 4742 2426 3788 2427 4743 2427 3791 2427 3792 2428 4744 2428 4739 2428 3792 2429 4739 2429 3794 2429 3796 2430 4740 2430 4736 2430 3795 2431 4735 2431 3395 2431 3397 2432 4737 2432 4732 2432 3396 2433 4731 2433 3399 2433 3400 2434 4733 2434 4726 2434 3401 2435 4727 2435 3403 2435 3404 2436 4728 2436 4296 2436 3405 2437 4297 2437 3331 2437 3332 2438 4298 2438 5036 2438 3333 2439 5037 2439 3325 2439 4282 2440 3933 2440 4286 2440 4285 2441 3931 2441 3826 2441 4285 2442 3826 2442 4310 2442 4311 2443 3827 2443 3435 2443 4311 2444 3435 2444 4307 2444 4308 2445 3436 2445 3432 2445 4308 2446 3432 2446 4304 2446 4305 2447 3433 2447 3429 2447 4305 2448 3429 2448 4300 2448 4301 2449 3430 2449 3633 2449 4301 2450 3633 2450 4853 2450 4854 2451 3634 2451 3630 2451 4854 2452 3630 2452 4857 2452 4858 2453 3631 2453 3625 2453 4859 2454 3626 2454 4861 2454 4862 2455 3627 2455 3622 2455 4862 2456 3622 2456 4864 2456 4865 2457 3623 2457 3618 2457 4865 2458 3618 2458 4867 2458 4869 2459 3619 2459 3893 2459 4868 2460 3892 2460 4871 2460 4873 2461 3894 2461 3444 2461 4872 2462 3443 2462 5055 2462 5056 2463 3445 2463 3439 2463 5056 2464 3439 2464 4314 2464 3913 2465 5006 2465 3380 2465 3381 2466 5007 2466 4998 2466 3381 2467 4998 2467 3546 2467 3547 2468 4999 2468 4385 2468 3547 2469 4385 2469 3550 2469 3551 2470 4386 2470 4382 2470 3551 2471 4382 2471 3553 2471 3554 2472 4383 2472 4378 2472 3554 2473 4378 2473 3556 2473 3557 2474 4379 2474 4406 2474 3557 2475 4406 2475 3559 2475 3561 2476 4407 2476 4403 2476 3560 2477 4402 2477 3563 2477 3564 2478 4404 2478 4399 2478 3564 2479 4399 2479 3566 2479 3567 2480 4400 2480 4424 2480 3567 2481 4424 2481 3569 2481 3571 2482 4425 2482 4421 2482 3570 2483 4420 2483 3352 2483 3354 2484 4422 2484 4881 2484 3353 2485 4880 2485 3357 2485 3358 2486 4882 2486 4313 2486 3358 2487 4313 2487 3438 2487 5006 2488 3913 2488 4326 2488 4327 2489 3915 2489 3907 2489 4327 2490 3907 2490 5019 2490 5020 2491 3908 2491 3716 2491 5020 2492 3716 2492 4549 2492 4550 2493 3717 2493 3710 2493 4551 2494 3711 2494 4554 2494 4555 2495 3712 2495 3707 2495 4555 2496 3707 2496 4557 2496 4558 2497 3708 2497 3704 2497 4558 2498 3704 2498 4560 2498 4561 2499 3705 2499 3701 2499 4561 2500 3701 2500 4563 2500 4564 2501 3702 2501 3698 2501 4564 2502 3698 2502 4566 2502 4567 2503 3699 2503 3370 2503 4567 2504 3370 2504 4569 2504 4571 2505 3371 2505 3374 2505 4570 2506 3373 2506 4573 2506 4574 2507 3375 2507 3377 2507 4575 2508 3378 2508 4367 2508 4368 2509 3379 2509 3335 2509 4369 2510 3336 2510 4781 2510 4783 2511 3337 2511 3324 2511 4782 2512 3323 2512 5035 2512 4519 2513 4126 2513 4902 2513 4903 2514 4127 2514 4123 2514 4903 2515 4123 2515 4905 2515 4906 2516 4124 2517 4120 2518 4906 2516 4120 2518 4909 2519 4910 2520 4121 2520 4117 2520 4910 2521 4117 2521 4912 2521 4913 2522 4118 2522 4114 2522 4913 2523 4114 2523 4916 2523 4917 2524 4115 2524 4111 2524 4917 2525 4111 2525 4920 2525 4921 2526 4112 2527 4108 2528 4921 2526 4108 2528 4923 2529 4924 2530 4109 2530 4105 2530 4924 2531 4105 2531 4409 2531 4411 2532 4106 2532 4102 2532 4410 2533 4101 2533 4413 2533 4414 2534 4103 2534 4097 2534 4415 2535 4098 2535 4441 2535 4442 2536 4099 2536 4093 2536 4443 2537 4094 2537 4445 2537 4446 2538 4095 2539 4090 2540 4446 2538 4090 2540 4448 2541 4449 2542 4091 2542 4086 2542 4450 2543 4087 2543 4452 2543 4453 2544 4088 2544 4082 2544 4454 2545 4083 2545 4456 2545 4457 2546 4084 2546 4079 2546 4457 2547 4079 2547 4459 2547 4461 2548 4080 2548 4076 2548 4460 2549 4075 2549 4463 2549 4464 2550 4077 2550 4072 2550 4464 2551 4072 2551 4978 2551 4979 2552 4073 2552 4068 2552 4980 2553 4069 2553 4952 2553 4126 2554 4519 2554 4130 2554 4131 2555 4520 2555 4819 2555 4131 2556 4819 2556 3943 2556 3944 2557 4820 2557 4815 2557 3944 2558 4815 2558 3947 2558 3948 2559 4816 2559 4812 2559 3948 2560 4812 2560 3950 2560 3951 2561 4813 2561 4809 2561 3951 2562 4809 2562 3953 2562 3954 2563 4810 2563 4806 2563 3954 2564 4806 2564 3956 2564 3957 2565 4807 2565 4803 2565 3957 2566 4803 2566 3959 2566 3960 2567 4804 2567 4800 2567 3960 2568 4800 2568 3962 2568 3964 2569 4801 2569 4362 2569 3963 2570 4361 2570 3966 2570 3967 2571 4363 2571 4358 2571 3967 2572 4358 2572 3969 2572 3970 2573 4359 2573 4516 2573 3970 2574 4516 2574 3972 2574 3973 2575 4517 2575 4513 2575 3973 2576 4513 2576 3975 2576 3976 2577 4514 2578 4510 2579 3976 2577 4510 2579 3979 2580 3981 2581 4511 2581 4507 2581 3980 2582 4506 2582 4054 2582 4056 2583 4508 2583 4502 2583 4055 2584 4501 2584 4058 2584 4059 2585 4503 2585 4498 2585 4059 2586 4498 2586 4061 2586 4062 2587 4499 2587 4353 2587 4063 2588 4354 2588 4065 2588 4066 2589 4355 2589 4660 2589 4066 2590 4660 2590 4050 2590 4051 2591 4661 2591 4643 2591 4051 2592 4643 2592 3984 2592 4698 2593 4170 2593 4700 2593 4701 2594 4171 2594 4167 2594 4701 2595 4167 2595 4703 2595 4704 2596 4168 2597 4164 2598 4704 2596 4164 2598 4706 2599 4707 2600 4165 2600 4161 2600 4707 2601 4161 2601 4709 2601 4710 2602 4162 2602 4158 2602 4710 2603 4158 2603 4712 2603 4713 2604 4159 2604 4155 2604 4713 2605 4155 2605 4715 2605 4716 2606 4156 2606 4151 2606 4717 2607 4152 2607 4719 2607 4720 2608 4153 2608 4148 2608 4720 2609 4148 2609 4591 2609 4592 2610 4149 2610 4145 2610 4592 2611 4145 2611 4596 2611 4597 2612 4146 2612 4142 2612 4597 2613 4142 2613 4620 2613 4621 2614 4143 2614 4138 2614 4621 2615 4138 2615 4623 2615 4624 2616 4139 2616 4134 2616 4624 2617 4134 2617 4626 2617 4627 2618 4135 2618 4189 2618 4628 2619 4190 2619 4630 2619 4631 2620 4191 2620 4186 2620 4631 2621 4186 2621 4633 2621 4634 2622 4187 2622 4183 2622 4634 2623 4183 2623 4636 2623 4638 2624 4184 2624 4179 2624 4637 2625 4178 2625 4640 2625 4641 2626 4180 2626 4174 2626 4641 2627 4174 2627 4260 2627 4261 2628 4175 2628 3985 2628 4261 2629 3985 2629 4644 2629 4170 2630 4698 2630 4194 2630 4193 2631 4697 2631 4694 2631 4193 2632 4694 2632 4197 2632 4198 2633 4695 2633 4691 2633 4198 2634 4691 2634 4201 2634 4202 2635 4692 2635 4688 2635 4202 2636 4688 2636 4204 2636 4205 2637 4689 2637 4685 2637 4205 2638 4685 2638 4207 2638 4208 2639 4686 2639 4682 2639 4208 2640 4682 2640 4210 2640 4211 2641 4683 2641 4679 2641 4211 2642 4679 2642 4213 2642 4214 2643 4680 2643 4676 2643 4214 2644 4676 2644 4216 2644 4218 2645 4677 2645 4470 2645 4217 2646 4469 2646 4220 2646 4222 2647 4471 2647 4495 2647 4221 2648 4494 2648 4224 2648 4225 2649 4496 2649 4948 2649 4226 2650 4949 2650 4228 2650 4230 2651 4950 2651 4945 2651 4229 2652 4944 2652 4232 2652 4233 2653 4946 2653 4941 2653 4233 2654 4941 2654 4235 2654 4237 2655 4942 2655 4938 2655 4236 2656 4937 2656 4239 2656 4240 2657 4939 2657 4933 2657 4241 2658 4934 2658 4243 2658 4245 2659 4935 2659 4930 2659 4244 2660 4929 2660 4247 2660 4248 2661 4931 2661 4926 2661 4248 2662 4926 2662 4250 2662 4251 2663 4927 2663 4342 2663 4251 2664 4342 2664 4253 2664 4254 2665 4343 2665 4953 2665 4254 2666 4953 2666 4070 2666 1363 2667 1477 2667 876 2667 877 2668 1478 2668 1968 2668 877 2669 1968 2669 1352 2669 1353 2670 1969 2670 1838 2670 1354 2671 1839 2671 1181 2671 1182 2672 1840 2672 1835 2672 1182 2673 1835 2673 1184 2673 1185 2674 1836 2674 1832 2674 1185 2675 1832 2675 1187 2675 1188 2676 1833 2676 1829 2676 1188 2677 1829 2677 1190 2677 1191 2678 1830 2678 1825 2678 1191 2679 1825 2679 1193 2679 1194 2680 1826 2680 1413 2680 1195 2681 1414 2681 814 2681 816 2682 1415 2682 1424 2682 815 2683 1423 2683 807 2683 1477 2684 1363 2684 1998 2684 2000 2685 1364 2685 1369 2685 2000 2686 1369 2686 1993 2686 1994 2687 1370 2687 1376 2687 1994 2688 1376 2688 1987 2688 1988 2689 1377 2689 1385 2689 1988 2690 1385 2690 2009 2690 2010 2691 1386 2691 1275 2691 2010 2692 1275 2692 1888 2692 1889 2693 1276 2693 1293 2693 1889 2694 1293 2694 1909 2694 1910 2695 1294 2695 1283 2695 1911 2696 1284 2696 1903 2696 1904 2697 1285 2697 823 2697 1904 2698 823 2698 1438 2698 1439 2699 824 2699 832 2699 1439 2700 832 2700 1441 2700 1442 2701 833 2701 880 2701 1442 2702 880 2702 1489 2702 1328 2703 1949 2703 1333 2703 1334 2704 1950 2704 1943 2704 1334 2705 1943 2705 1339 2705 1340 2706 1944 2706 1782 2706 1340 2707 1782 2707 1174 2707 1176 2708 1783 2708 1558 2708 1175 2709 1557 2709 906 2709 907 2710 1559 2710 1460 2710 907 2711 1460 2711 849 2711 850 2712 1461 2712 1919 2712 851 2713 1920 2713 1296 2713 1297 2714 1921 2714 1451 2714 1298 2715 1452 2715 835 2715 836 2716 1453 2716 1448 2716 836 2717 1448 2717 838 2717 839 2718 1449 2718 1487 2718 840 2719 1488 2719 879 2719 1949 2720 1328 2720 1956 2720 1954 2721 1327 2721 1318 2721 1954 2722 1318 2722 1933 2722 1934 2723 1319 2723 859 2723 1934 2724 859 2724 1473 2724 1474 2725 860 2725 1155 2725 1475 2726 1156 2726 1768 2726 1769 2727 1157 2727 1152 2727 1769 2728 1152 2728 1722 2728 1723 2729 1153 2729 1149 2729 1723 2730 1149 2730 1725 2730 1727 2731 1150 2731 1146 2731 1726 2732 1145 2732 1729 2732 1731 2733 1147 2733 1142 2733 1730 2734 1141 2734 1733 2734 1734 2735 1143 2735 819 2735 1735 2736 820 2736 1426 2736 1428 2737 821 2737 808 2737 1427 2738 806 2738 1422 2738</p>
        </triangles>
      </mesh>
    </geometry>
  </library_geometries>
  <library_visual_scenes>
    <visual_scene id="Scene" name="Scene">
      <node id="leg_b" name="leg_b" type="NODE">
        <matrix sid="transform">1 3.72529e-9 0 4.65661e-10 -3.72529e-9 1 0 0 0 0 1 0 0 0 0 1</matrix>
        <instance_geometry url="#Leg_B-mesh" name="leg_b"/>
      </node>
    </visual_scene>
  </library_visual_scenes>
  <scene>
    <instance_visual_scene url="#Scene"/>
  </scene>
</COLLADA>