<?xml version="1.0" encoding="utf-8"?>
<COLLADA xmlns="http://www.collada.org/2005/11/COLLADASchema" version="1.4.1" xmlns:xsi="http://www.w3.org/2001/XMLSchema-instance">
  <asset>
    <contributor>
      <author>Blender User</author>
      <authoring_tool>Blender 4.2.22 LTS commit date:2026-06-22, commit time:11:10, hash:88937221abfc</authoring_tool>
    </contributor>
    <created>2026-08-07T15:00:10</created>
    <modified>2026-08-07T15:00:10</modified>
    <unit name="meter" meter="1"/>
    <up_axis>Z_UP</up_axis>
  </asset>
  <library_images/>
  <library_geometries>
    <geometry id="Leg_B_005-mesh" name="Leg_B.005">
      <mesh>
        <source id="Leg_B_005-mesh-positions">
          <float_array id="Leg_B_005-mesh-positions-array" count="14376">0.01755726 -0.05706858 -0.01024997 0.01755726 -0.05706858 -0.01024997 0.01755726 -0.05706858 -0.01024997 0.01529735 -0.09750545 -0.01024997 0.01529735 -0.09750545 -0.01024997 0.01529735 -0.09750545 -0.01024997 0.01529735 -0.09750545 -0.01024997 0.01794785 -0.05007952 -0.01424998 0.01794785 -0.05007952 -0.01424998 0.01794785 -0.05007952 -0.01424998 0.01794785 -0.05007952 -0.01424998 0.01794785 -0.05007952 -0.01424998 0.01529544 -0.09753948 0.005155384 0.01529544 -0.09753948 0.005155384 0.01529544 -0.09753948 0.005155384 0.01529544 -0.09753948 0.005155384 0.01529735 -0.09750545 0.005414187 0.01529735 -0.09750545 0.005414187 0.01529735 -0.09750545 0.005414187 0.01529735 -0.09750545 0.005414187 0.01529735 -0.09750545 0.01024997 0.01529735 -0.09750545 0.01024997 0.01529735 -0.09750545 0.01024997 0.01529735 -0.09750545 0.01024997 0.01755726 -0.05706858 0.01024997 0.01755726 -0.05706858 0.01024997 0.01755726 -0.05706858 0.01024997 0.01755726 -0.05706858 0.01024997 0.01794785 -0.05007952 0.01424998 0.01794785 -0.05007952 0.01424998 0.01794785 -0.05007952 0.01424998 0.01794785 -0.05007952 0.01424998 0.01487886 -0.1049938 -0.002999961 0.01487886 -0.1049938 -0.002999961 0.01487886 -0.1049938 -0.002999961 0.01487886 -0.1049938 -0.009421527 0.01487886 -0.1049938 -0.009421527 0.01487886 -0.1049938 -0.009421527 0.0149765 -0.1032465 -0.004999995 0.0149765 -0.1032465 -0.004999995 0.0149765 -0.1032465 -0.004999995 0.0149765 -0.1032465 -0.004999995 0.01497864 -0.103209 -0.004666209 0.01497864 -0.103209 -0.004666209 0.01497864 -0.103209 -0.004666209 0.01497864 -0.103209 -0.004666209 0.01498478 -0.1030982 -0.004349112 0.01498478 -0.1030982 -0.004349112 0.01498478 -0.1030982 -0.004349112 0.01498478 -0.1030982 -0.004349112 0.0149948 -0.1029198 -0.004064738 0.0149948 -0.1029198 -0.004064738 0.0149948 -0.1029198 -0.004064738 0.01500803 -0.1026827 -0.003827214 0.01500803 -0.1026827 -0.003827214 0.01500803 -0.1026827 -0.003827214 0.01502388 -0.1023987 -0.003648519 0.01502388 -0.1023987 -0.003648519 0.01502388 -0.1023987 -0.003648519 0.01502388 -0.1023987 -0.003648519 0.01504158 -0.1020821 -0.003537595 0.01504158 -0.1020821 -0.003537595 0.01504158 -0.1020821 -0.003537595 0.01504158 -0.1020821 -0.003537595 0.01516264 -0.09991592 -0.002999961 0.01516264 -0.09991592 -0.002999961 0.01516264 -0.09991592 -0.002999961 0.01516264 -0.09991592 -0.002999961 0.01516264 -0.09991592 -0.002999961 0.01506024 -0.1017488 -0.003499984 0.01506024 -0.1017488 -0.003499984 0.01506024 -0.1017488 -0.003499984 0.01506024 -0.1017488 -0.003499984 0.01507884 -0.1014156 -0.003537595 0.01507884 -0.1014156 -0.003537595 0.01507884 -0.1014156 -0.003537595 0.01507884 -0.1014156 -0.003537595 0.01509654 -0.101099 -0.003648519 0.01509654 -0.101099 -0.003648519 0.01509654 -0.101099 -0.003648519 0.0151124 -0.1008151 -0.003827214 0.0151124 -0.1008151 -0.003827214 0.0151124 -0.1008151 -0.003827214 0.01512563 -0.100578 -0.004064738 0.01512563 -0.100578 -0.004064738 0.01512563 -0.100578 -0.004064738 0.01513564 -0.1003995 -0.004349112 0.01513564 -0.1003995 -0.004349112 0.01513564 -0.1003995 -0.004349112 0.01513564 -0.1003995 -0.004349112 0.01514184 -0.1002888 -0.004666209 0.01514184 -0.1002888 -0.004666209 0.01514184 -0.1002888 -0.004666209 0.01514393 -0.1002512 -0.004999995 0.01514393 -0.1002512 -0.004999995 0.01514393 -0.1002512 -0.004999995 0.01514393 -0.1002512 -0.004999995 0.0152899 -0.09763926 -0.004914164 0.0152899 -0.09763926 -0.004914164 0.0152899 -0.09763926 -0.004914164 0.0152899 -0.09763926 -0.004914164 0.0152899 -0.09763926 -0.004914164 0.01528102 -0.09779793 -0.004707098 0.01528102 -0.09779793 -0.004707098 0.01528102 -0.09779793 -0.004707098 0.01528102 -0.09779793 -0.004707098 0.01528102 -0.09779793 -0.004707098 0.0152021 -0.09920996 -0.003292858 0.0152021 -0.09920996 -0.003292858 0.0152021 -0.09920996 -0.003292858 0.01519054 -0.09941673 -0.003133952 0.01519054 -0.09941673 -0.003133952 0.01519054 -0.09941673 -0.003133952 0.01519054 -0.09941673 -0.003133952 0.01517707 -0.09965753 -0.003034055 0.01517707 -0.09965753 -0.003034055 0.01517707 -0.09965753 -0.003034055 0.01529735 -0.09750545 -0.005414187 0.01529735 -0.09750545 -0.005414187 0.01529735 -0.09750545 -0.005414187 0.01529544 -0.09753948 -0.005155384 0.01529544 -0.09753948 -0.005155384 0.01529544 -0.09753948 -0.005155384 0.01529544 -0.09753948 -0.005155384 0.01529544 -0.09753948 -0.005155384 0.01514184 -0.1002888 -0.005333721 0.01514184 -0.1002888 -0.005333721 0.01514184 -0.1002888 -0.005333721 0.01514184 -0.1002888 -0.005333721 0.01513564 -0.1003995 -0.005650818 0.01513564 -0.1003995 -0.005650818 0.01513564 -0.1003995 -0.005650818 0.01512563 -0.100578 -0.005935192 0.01512563 -0.100578 -0.005935192 0.01512563 -0.100578 -0.005935192 0.01512563 -0.100578 -0.005935192 0.0151124 -0.1008151 -0.006172716 0.0151124 -0.1008151 -0.006172716 0.0151124 -0.1008151 -0.006172716 0.01509654 -0.101099 -0.006351411 0.01509654 -0.101099 -0.006351411 0.01509654 -0.101099 -0.006351411 0.01510208 -0.101 -0.01424998 0.01510208 -0.101 -0.01424998 0.01510208 -0.101 -0.01424998 0.01771277 -0.05428528 -0.005333721 0.01771277 -0.05428528 -0.005333721 0.01771277 -0.05428528 -0.005333721 0.01771277 -0.05428528 -0.005333721 0.01771068 -0.05432289 -0.004999995 0.01771068 -0.05432289 -0.004999995 0.01771068 -0.05432289 -0.004999995 0.01771068 -0.05432289 -0.004999995 0.01771068 -0.05432289 -0.004999995 0.01771068 -0.05432289 0.004999995 0.01771068 -0.05432289 0.004999995 0.01771068 -0.05432289 0.004999995 0.01771068 -0.05432289 0.004999995 0.01771068 -0.05432289 0.004999995 0.01771277 -0.05428528 0.005333721 0.01771277 -0.05428528 0.005333721 0.01771277 -0.05428528 0.005333721 0.01771277 -0.05428528 0.005333721 0.01771897 -0.05417454 0.005650818 0.01771897 -0.05417454 0.005650818 0.01771897 -0.05417454 0.005650818 0.01771897 -0.05417454 0.005650818 0.01771897 -0.05417454 0.005650818 0.01771897 -0.05417454 -0.005650818 0.01771897 -0.05417454 -0.005650818 0.01771897 -0.05417454 -0.005650818 0.01771897 -0.05417454 -0.005650818 0.01771897 -0.05417454 -0.005650818 0.01514393 -0.1002512 0.004999995 0.01514393 -0.1002512 0.004999995 0.01514393 -0.1002512 0.004999995 0.01514393 -0.1002512 0.004999995 0.01516264 -0.09991592 0.002999961 0.01516264 -0.09991592 0.002999961 0.01516264 -0.09991592 0.002999961 0.01516264 -0.09991592 0.002999961 0.01517707 -0.09965753 0.003034055 0.01517707 -0.09965753 0.003034055 0.01517707 -0.09965753 0.003034055 0.01519054 -0.09941673 0.003133952 0.01519054 -0.09941673 0.003133952 0.01519054 -0.09941673 0.003133952 0.0152021 -0.09920996 0.003292858 0.0152021 -0.09920996 0.003292858 0.0152021 -0.09920996 0.003292858 0.0152021 -0.09920996 0.003292858 0.01528102 -0.09779793 0.004707098 0.01528102 -0.09779793 0.004707098 0.01528102 -0.09779793 0.004707098 0.0152899 -0.09763926 0.004914164 0.0152899 -0.09763926 0.004914164 0.0152899 -0.09763926 0.004914164 0.0151124 -0.1008151 0.006172716 0.0151124 -0.1008151 0.006172716 0.0151124 -0.1008151 0.006172716 0.01512563 -0.100578 0.005935192 0.01512563 -0.100578 0.005935192 0.01512563 -0.100578 0.005935192 0.01513564 -0.1003995 0.005650818 0.01513564 -0.1003995 0.005650818 0.01513564 -0.1003995 0.005650818 0.01513564 -0.1003995 0.005650818 0.01514184 -0.1002888 0.005333721 0.01514184 -0.1002888 0.005333721 0.01514184 -0.1002888 0.005333721 0.01510208 -0.101 0.01424998 0.01510208 -0.101 0.01424998 0.01510208 -0.101 0.01424998 0.01510208 -0.101 0.01424998 0.01510208 -0.101 0.01424998 0.01491153 -0.1044089 0.01083576 0.01491153 -0.1044089 0.01083576 0.01491153 -0.1044089 0.01083576 0.01497864 -0.103209 0.005333721 0.01497864 -0.103209 0.005333721 0.01497864 -0.103209 0.005333721 0.01497864 -0.103209 0.005333721 0.01497864 -0.103209 0.005333721 0.01498478 -0.1030982 0.005650818 0.01498478 -0.1030982 0.005650818 0.01498478 -0.1030982 0.005650818 0.01498478 -0.1030982 0.005650818 0.01498478 -0.1030982 0.005650818 0.0149948 -0.1029198 0.005935192 0.0149948 -0.1029198 0.005935192 0.0149948 -0.1029198 0.005935192 0.0149948 -0.1029198 0.005935192 0.01500803 -0.1026827 0.006172716 0.01500803 -0.1026827 0.006172716 0.01500803 -0.1026827 0.006172716 0.01502388 -0.1023987 0.006351411 0.01502388 -0.1023987 0.006351411 0.01502388 -0.1023987 0.006351411 0.01502388 -0.1023987 0.006351411 0.01504158 -0.1020821 0.006462335 0.01504158 -0.1020821 0.006462335 0.01504158 -0.1020821 0.006462335 0.01506024 -0.1017488 0.006499946 0.01506024 -0.1017488 0.006499946 0.01506024 -0.1017488 0.006499946 0.01507884 -0.1014156 0.006462335 0.01507884 -0.1014156 0.006462335 0.01507884 -0.1014156 0.006462335 0.01507884 -0.1014156 0.006462335 0.01509654 -0.101099 0.006351411 0.01509654 -0.101099 0.006351411 0.01509654 -0.101099 0.006351411 0.0149765 -0.1032465 0.004999995 0.0149765 -0.1032465 0.004999995 0.0149765 -0.1032465 0.004999995 0.0149765 -0.1032465 0.004999995 0.0148977 -0.1046572 0.01053267 0.0148977 -0.1046572 0.01053267 0.0148977 -0.1046572 0.01053267 0.0148977 -0.1046572 0.01053267 0.01488739 -0.1048418 0.01018691 0.01488739 -0.1048418 0.01018691 0.01488739 -0.1048418 0.01018691 0.01488739 -0.1048418 0.01018691 0.01488101 -0.1049554 0.009811699 0.01488101 -0.1049554 0.009811699 0.01488101 -0.1049554 0.009811699 0.01488101 -0.1049554 0.009811699 0.01487886 -0.1049938 0.009421527 0.01487886 -0.1049938 0.009421527 0.01487886 -0.1049938 0.009421527 0.01487886 -0.1049938 0.009421527 0.01487886 -0.1049938 0.002999961 0.01487886 -0.1049938 0.002999961 0.01487886 -0.1049938 0.002999961 0.01772892 -0.05399614 0.005935192 0.01772892 -0.05399614 0.005935192 0.01772892 -0.05399614 0.005935192 0.01772892 -0.05399614 0.005935192 0.01774221 -0.05375897 0.006172716 0.01774221 -0.05375897 0.006172716 0.01774221 -0.05375897 0.006172716 0.01774221 -0.05375897 0.006172716 0.01775807 -0.05347502 0.006351411 0.01775807 -0.05347502 0.006351411 0.01775807 -0.05347502 0.006351411 0.01775807 -0.05347502 0.006351411 0.01777577 -0.05315846 0.006462335 0.01777577 -0.05315846 0.006462335 0.01777577 -0.05315846 0.006462335 0.01779437 -0.05282521 0.006499946 0.01779437 -0.05282521 0.006499946 0.01779437 -0.05282521 0.006499946 0.01781302 -0.05249196 0.006462335 0.01781302 -0.05249196 0.006462335 0.01781302 -0.05249196 0.006462335 0.01783072 -0.0521754 0.006351411 0.01783072 -0.0521754 0.006351411 0.01783072 -0.0521754 0.006351411 0.01784658 -0.05189144 0.006172716 0.01784658 -0.05189144 0.006172716 0.01784658 -0.05189144 0.006172716 0.01785981 -0.05165427 0.005935192 0.01785981 -0.05165427 0.005935192 0.01785981 -0.05165427 0.005935192 0.01785981 -0.05165427 0.005935192 0.01786977 -0.05147588 0.005650818 0.01786977 -0.05147588 0.005650818 0.01786977 -0.05147588 0.005650818 0.01787596 -0.05136507 0.005333721 0.01787596 -0.05136507 0.005333721 0.01787596 -0.05136507 0.005333721 0.01787811 -0.05132752 0.004999995 0.01787811 -0.05132752 0.004999995 0.01787811 -0.05132752 0.004999995 0.01787811 -0.05132752 -0.004999995 0.01787811 -0.05132752 -0.004999995 0.01787811 -0.05132752 -0.004999995 0.01787811 -0.05132752 -0.004999995 0.01787811 -0.05132752 -0.004999995 0.01514184 -0.1002888 0.004666209 0.01514184 -0.1002888 0.004666209 0.01514184 -0.1002888 0.004666209 0.01514184 -0.1002888 0.004666209 0.01513564 -0.1003995 0.004349172 0.01513564 -0.1003995 0.004349172 0.01513564 -0.1003995 0.004349172 0.01512563 -0.100578 0.004064738 0.01512563 -0.100578 0.004064738 0.01512563 -0.100578 0.004064738 0.01512563 -0.100578 0.004064738 0.0151124 -0.1008151 0.003827214 0.0151124 -0.1008151 0.003827214 0.0151124 -0.1008151 0.003827214 0.01509654 -0.101099 0.003648519 0.01509654 -0.101099 0.003648519 0.01509654 -0.101099 0.003648519 0.01507884 -0.1014156 0.003537595 0.01507884 -0.1014156 0.003537595 0.01507884 -0.1014156 0.003537595 0.01506024 -0.1017488 0.003499984 0.01506024 -0.1017488 0.003499984 0.01506024 -0.1017488 0.003499984 0.01506024 -0.1017488 0.003499984 0.01504158 -0.1020821 0.003537595 0.01504158 -0.1020821 0.003537595 0.01504158 -0.1020821 0.003537595 0.01504158 -0.1020821 0.003537595 0.01502388 -0.1023987 0.003648519 0.01502388 -0.1023987 0.003648519 0.01502388 -0.1023987 0.003648519 0.01500803 -0.1026827 0.003827214 0.01500803 -0.1026827 0.003827214 0.01500803 -0.1026827 0.003827214 0.0149948 -0.1029198 0.004064738 0.0149948 -0.1029198 0.004064738 0.0149948 -0.1029198 0.004064738 0.0149948 -0.1029198 0.004064738 0.01498478 -0.1030982 0.004349172 0.01498478 -0.1030982 0.004349172 0.01498478 -0.1030982 0.004349172 0.01497864 -0.103209 0.004666209 0.01497864 -0.103209 0.004666209 0.01497864 -0.103209 0.004666209 0.01497864 -0.103209 0.004666209 0.01507884 -0.1014156 -0.006462335 0.01507884 -0.1014156 -0.006462335 0.01507884 -0.1014156 -0.006462335 0.01506024 -0.1017488 -0.006499946 0.01506024 -0.1017488 -0.006499946 0.01506024 -0.1017488 -0.006499946 0.01504158 -0.1020821 -0.006462335 0.01504158 -0.1020821 -0.006462335 0.01504158 -0.1020821 -0.006462335 0.01502388 -0.1023987 -0.006351411 0.01502388 -0.1023987 -0.006351411 0.01502388 -0.1023987 -0.006351411 0.01500803 -0.1026827 -0.006172716 0.01500803 -0.1026827 -0.006172716 0.01500803 -0.1026827 -0.006172716 0.0149948 -0.1029198 -0.005935192 0.0149948 -0.1029198 -0.005935192 0.0149948 -0.1029198 -0.005935192 0.0149948 -0.1029198 -0.005935192 0.01498478 -0.1030982 -0.005650818 0.01498478 -0.1030982 -0.005650818 0.01498478 -0.1030982 -0.005650818 0.01497864 -0.103209 -0.005333721 0.01497864 -0.103209 -0.005333721 0.01497864 -0.103209 -0.005333721 0.01497864 -0.103209 -0.005333721 0.01491153 -0.1044089 -0.01083576 0.01491153 -0.1044089 -0.01083576 0.01491153 -0.1044089 -0.01083576 0.01488101 -0.1049554 -0.009811699 0.01488101 -0.1049554 -0.009811699 0.01488101 -0.1049554 -0.009811699 0.01488101 -0.1049554 -0.009811699 0.01488739 -0.1048418 -0.01018691 0.01488739 -0.1048418 -0.01018691 0.01488739 -0.1048418 -0.01018691 0.01488739 -0.1048418 -0.01018691 0.0148977 -0.1046572 -0.01053267 0.0148977 -0.1046572 -0.01053267 0.0148977 -0.1046572 -0.01053267 0.01787596 -0.05136507 -0.005333721 0.01787596 -0.05136507 -0.005333721 0.01787596 -0.05136507 -0.005333721 0.01787596 -0.05136507 -0.005333721 0.01786977 -0.05147588 -0.005650818 0.01786977 -0.05147588 -0.005650818 0.01786977 -0.05147588 -0.005650818 0.01786977 -0.05147588 -0.005650818 0.01785981 -0.05165427 -0.005935192 0.01785981 -0.05165427 -0.005935192 0.01785981 -0.05165427 -0.005935192 0.01784658 -0.05189144 -0.006172716 0.01784658 -0.05189144 -0.006172716 0.01784658 -0.05189144 -0.006172716 0.01783072 -0.0521754 -0.006351411 0.01783072 -0.0521754 -0.006351411 0.01783072 -0.0521754 -0.006351411 0.01781302 -0.05249196 -0.006462335 0.01781302 -0.05249196 -0.006462335 0.01781302 -0.05249196 -0.006462335 0.01779437 -0.05282521 -0.006499946 0.01779437 -0.05282521 -0.006499946 0.01779437 -0.05282521 -0.006499946 0.01777577 -0.05315846 -0.006462335 0.01777577 -0.05315846 -0.006462335 0.01777577 -0.05315846 -0.006462335 0.01777577 -0.05315846 -0.006462335 0.01775807 -0.05347502 -0.006351411 0.01775807 -0.05347502 -0.006351411 0.01775807 -0.05347502 -0.006351411 0.01774221 -0.05375897 -0.006172716 0.01774221 -0.05375897 -0.006172716 0.01774221 -0.05375897 -0.006172716 0.01772892 -0.05399614 -0.005935192 0.01772892 -0.05399614 -0.005935192 0.01772892 -0.05399614 -0.005935192 0.01772892 -0.05399614 -0.005935192 0.01772892 -0.05399614 -0.005935192 0.01779437 -0.05282521 -0.003499984 0.01779437 -0.05282521 -0.003499984 0.01779437 -0.05282521 -0.003499984 0.01777577 -0.05315846 0.003537595 0.01777577 -0.05315846 0.003537595 0.01777577 -0.05315846 0.003537595 0.01777577 -0.05315846 0.003537595 0.01777577 -0.05315846 -0.003537595 0.01777577 -0.05315846 -0.003537595 0.01777577 -0.05315846 -0.003537595 0.01775807 -0.05347502 0.003648519 0.01775807 -0.05347502 0.003648519 0.01775807 -0.05347502 0.003648519 0.01775807 -0.05347502 -0.003648519 0.01775807 -0.05347502 -0.003648519 0.01775807 -0.05347502 -0.003648519 0.01775807 -0.05347502 -0.003648519 0.01774221 -0.05375897 0.003827214 0.01774221 -0.05375897 0.003827214 0.01774221 -0.05375897 0.003827214 0.01774221 -0.05375897 -0.003827214 0.01774221 -0.05375897 -0.003827214 0.01774221 -0.05375897 -0.003827214 0.01774221 -0.05375897 -0.003827214 0.01772892 -0.05399614 0.004064738 0.01772892 -0.05399614 0.004064738 0.01772892 -0.05399614 0.004064738 0.01772892 -0.05399614 0.004064738 0.01772892 -0.05399614 -0.004064738 0.01772892 -0.05399614 -0.004064738 0.01772892 -0.05399614 -0.004064738 0.01771897 -0.05417454 0.004349172 0.01771897 -0.05417454 0.004349172 0.01771897 -0.05417454 0.004349172 0.01771897 -0.05417454 0.004349172 0.01771897 -0.05417454 -0.004349112 0.01771897 -0.05417454 -0.004349112 0.01771897 -0.05417454 -0.004349112 0.01771897 -0.05417454 -0.004349112 0.01771277 -0.05428528 0.004666209 0.01771277 -0.05428528 0.004666209 0.01771277 -0.05428528 0.004666209 0.01771277 -0.05428528 0.004666209 0.01771277 -0.05428528 -0.004666209 0.01771277 -0.05428528 -0.004666209 0.01771277 -0.05428528 -0.004666209 0.01771277 -0.05428528 -0.004666209 0.01771277 -0.05428528 -0.004666209 0.01771277 -0.05428528 -0.004666209 0.01779437 -0.05282521 0.003499984 0.01779437 -0.05282521 0.003499984 0.01779437 -0.05282521 0.003499984 0.01781302 -0.05249196 -0.003537595 0.01781302 -0.05249196 -0.003537595 0.01781302 -0.05249196 -0.003537595 0.01781302 -0.05249196 0.003537595 0.01781302 -0.05249196 0.003537595 0.01781302 -0.05249196 0.003537595 0.01783072 -0.0521754 -0.003648519 0.01783072 -0.0521754 -0.003648519 0.01783072 -0.0521754 -0.003648519 0.01783072 -0.0521754 0.003648519 0.01783072 -0.0521754 0.003648519 0.01783072 -0.0521754 0.003648519 0.01784658 -0.05189144 -0.003827214 0.01784658 -0.05189144 -0.003827214 0.01784658 -0.05189144 -0.003827214 0.01784658 -0.05189144 0.003827214 0.01784658 -0.05189144 0.003827214 0.01784658 -0.05189144 0.003827214 0.01785981 -0.05165427 -0.004064738 0.01785981 -0.05165427 -0.004064738 0.01785981 -0.05165427 -0.004064738 0.01785981 -0.05165427 -0.004064738 0.01785981 -0.05165427 0.004064738 0.01785981 -0.05165427 0.004064738 0.01785981 -0.05165427 0.004064738 0.01786977 -0.05147588 -0.004349112 0.01786977 -0.05147588 -0.004349112 0.01786977 -0.05147588 -0.004349112 0.01786977 -0.05147588 0.004349172 0.01786977 -0.05147588 0.004349172 0.01786977 -0.05147588 0.004349172 0.01786977 -0.05147588 0.004349172 0.01787596 -0.05136507 -0.004666209 0.01787596 -0.05136507 -0.004666209 0.01787596 -0.05136507 -0.004666209 0.01787596 -0.05136507 -0.004666209 0.01787596 -0.05136507 0.004666209 0.01787596 -0.05136507 0.004666209 0.01787596 -0.05136507 0.004666209 0.01787596 -0.05136507 0.004666209 -0.01325339 -0.09761965 0.003292858 -0.01325339 -0.09761965 0.003292858 -0.01325339 -0.09761965 0.003292858 -0.01317453 -0.09620767 0.004707098 -0.01317453 -0.09620767 0.004707098 -0.01317453 -0.09620767 0.004707098 -0.01329284 -0.09832566 0.002999961 -0.01329284 -0.09832566 0.002999961 -0.01329284 -0.09832566 0.002999961 -0.01357668 -0.1034035 0.002999961 -0.01357668 -0.1034035 0.002999961 -0.01357668 -0.1034035 0.002999961 -0.0127815 -0.08917576 0 -0.0127815 -0.08917576 0 -0.0127815 -0.08917576 0 -0.01277935 -0.08913666 5.2165e-4 -0.01277935 -0.08913666 5.2165e-4 -0.01277935 -0.08913666 5.2165e-4 -0.01315814 -0.09591519 0.01024997 -0.01315814 -0.09591519 0.01024997 -0.01315814 -0.09591519 0.01024997 -0.01315814 -0.09591519 0.005414187 -0.01315814 -0.09591519 0.005414187 -0.01315814 -0.09591519 0.005414187 -0.01316004 -0.09594923 0.005155384 -0.01316004 -0.09594923 0.005155384 -0.01316004 -0.09594923 0.005155384 -0.01316004 -0.09594923 0.005155384 -0.01316565 -0.09604895 0.004914164 -0.01316565 -0.09604895 0.004914164 -0.01316565 -0.09604895 0.004914164 -0.01326495 -0.09782642 0.003133952 -0.01326495 -0.09782642 0.003133952 -0.01326495 -0.09782642 0.003133952 -0.01326495 -0.09782642 0.003133952 -0.01327842 -0.09806722 0.003034055 -0.01327842 -0.09806722 0.003034055 -0.01327842 -0.09806722 0.003034055 -0.01357668 -0.1034035 -0.002999961 -0.01357668 -0.1034035 -0.002999961 -0.01357668 -0.1034035 -0.002999961 -0.01329284 -0.09832566 -0.002999961 -0.01329284 -0.09832566 -0.002999961 -0.01329284 -0.09832566 -0.002999961 -0.01327842 -0.09806722 -0.003034055 -0.01327842 -0.09806722 -0.003034055 -0.01327842 -0.09806722 -0.003034055 -0.01326495 -0.09782642 -0.003133952 -0.01326495 -0.09782642 -0.003133952 -0.01326495 -0.09782642 -0.003133952 -0.01325339 -0.09761965 -0.003292858 -0.01325339 -0.09761965 -0.003292858 -0.01325339 -0.09761965 -0.003292858 -0.01325339 -0.09761965 -0.003292858 -0.01317453 -0.09620767 -0.004707098 -0.01317453 -0.09620767 -0.004707098 -0.01317453 -0.09620767 -0.004707098 -0.01316565 -0.09604895 -0.004914164 -0.01316565 -0.09604895 -0.004914164 -0.01316565 -0.09604895 -0.004914164 -0.01316565 -0.09604895 -0.004914164 -0.01316004 -0.09594923 -0.005155384 -0.01316004 -0.09594923 -0.005155384 -0.01316004 -0.09594923 -0.005155384 -0.01316004 -0.09594923 -0.005155384 -0.01315814 -0.09591519 -0.005414187 -0.01315814 -0.09591519 -0.005414187 -0.01315814 -0.09591519 -0.005414187 -0.01315814 -0.09591519 -0.005414187 -0.01315814 -0.09591519 -0.01024997 -0.01315814 -0.09591519 -0.01024997 -0.01315814 -0.09591519 -0.01024997 -0.01089829 -0.05547833 -0.01024997 -0.01089829 -0.05547833 -0.01024997 -0.01089829 -0.05547833 -0.01024997 -0.01089829 -0.05547833 -0.01024997 -0.01089829 -0.05547833 0.01024997 -0.01089829 -0.05547833 0.01024997 -0.01089829 -0.05547833 0.01024997 -0.01089829 -0.05547833 0.01024997 -0.01239091 -0.08218663 0 -0.01239091 -0.08218663 0 -0.01239091 -0.08218663 0 -0.01239091 -0.08218663 0 -0.01239311 -0.08222568 -5.21645e-4 -0.01239311 -0.08222568 -5.21645e-4 -0.01239311 -0.08222568 -5.21645e-4 -0.01239961 -0.08234184 -0.001031637 -0.01239961 -0.08234184 -0.001031637 -0.01239961 -0.08234184 -0.001031637 -0.01241028 -0.0825327 -0.001518547 -0.01241028 -0.0825327 -0.001518547 -0.01241028 -0.0825327 -0.001518547 -0.01242488 -0.08279389 -0.001971602 -0.01242488 -0.08279389 -0.001971602 -0.01242488 -0.08279389 -0.001971602 -0.01244306 -0.08311951 -0.002380549 -0.01244306 -0.08311951 -0.002380549 -0.01244306 -0.08311951 -0.002380549 -0.01246446 -0.08350235 -0.002736389 -0.01246446 -0.08350235 -0.002736389 -0.01246446 -0.08350235 -0.002736389 -0.01246446 -0.08350235 -0.002736389 -0.01248854 -0.08393388 -0.003031075 -0.01248854 -0.08393388 -0.003031075 -0.01248854 -0.08393388 -0.003031075 -0.01251488 -0.08440446 -0.003258049 -0.01251488 -0.08440446 -0.003258049 -0.01251488 -0.08440446 -0.003258049 -0.01254278 -0.08490353 -0.003412187 -0.01254278 -0.08490353 -0.003412187 -0.01254278 -0.08490353 -0.003412187 -0.01257163 -0.08542001 -0.003490149 -0.01257163 -0.08542001 -0.003490149 -0.01257163 -0.08542001 -0.003490149 -0.01260083 -0.08594232 -0.003490149 -0.01260083 -0.08594232 -0.003490149 -0.01260083 -0.08594232 -0.003490149 -0.01260083 -0.08594232 -0.003490149 -0.01262968 -0.0864588 -0.003412187 -0.01262968 -0.0864588 -0.003412187 -0.01262968 -0.0864588 -0.003412187 -0.01262968 -0.0864588 -0.003412187 -0.01265758 -0.08695787 -0.003258049 -0.01265758 -0.08695787 -0.003258049 -0.01265758 -0.08695787 -0.003258049 -0.01268386 -0.08742845 -0.003031075 -0.01268386 -0.08742845 -0.003031075 -0.01268386 -0.08742845 -0.003031075 -0.01268386 -0.08742845 -0.003031075 -0.012708 -0.08785998 -0.002736389 -0.012708 -0.08785998 -0.002736389 -0.012708 -0.08785998 -0.002736389 -0.0127294 -0.08824282 -0.002380549 -0.0127294 -0.08824282 -0.002380549 -0.0127294 -0.08824282 -0.002380549 -0.01274758 -0.0885685 -0.001971602 -0.01274758 -0.0885685 -0.001971602 -0.01274758 -0.0885685 -0.001971602 -0.01276218 -0.08882963 -0.001518547 -0.01276218 -0.08882963 -0.001518547 -0.01276218 -0.08882963 -0.001518547 -0.01277285 -0.08902049 -0.001031637 -0.01277285 -0.08902049 -0.001031637 -0.01277285 -0.08902049 -0.001031637 -0.01277935 -0.08913666 -5.21645e-4 -0.01277935 -0.08913666 -5.21645e-4 -0.01277935 -0.08913666 -5.21645e-4 -0.01277935 -0.08913666 -5.21645e-4 -0.01262968 -0.0864588 0.003412246 -0.01262968 -0.0864588 0.003412246 -0.01262968 -0.0864588 0.003412246 -0.01262968 -0.0864588 0.003412246 -0.01260083 -0.08594232 0.003490209 -0.01260083 -0.08594232 0.003490209 -0.01260083 -0.08594232 0.003490209 -0.01260083 -0.08594232 0.003490209 -0.01257163 -0.08542001 0.003490209 -0.01257163 -0.08542001 0.003490209 -0.01257163 -0.08542001 0.003490209 -0.01254278 -0.08490353 0.003412246 -0.01254278 -0.08490353 0.003412246 -0.01254278 -0.08490353 0.003412246 -0.01251488 -0.08440446 0.003258049 -0.01251488 -0.08440446 0.003258049 -0.01251488 -0.08440446 0.003258049 -0.01248854 -0.08393388 0.003031075 -0.01248854 -0.08393388 0.003031075 -0.01248854 -0.08393388 0.003031075 -0.01248854 -0.08393388 0.003031075 -0.01246446 -0.08350235 0.002736389 -0.01246446 -0.08350235 0.002736389 -0.01246446 -0.08350235 0.002736389 -0.01244306 -0.08311951 0.002380549 -0.01244306 -0.08311951 0.002380549 -0.01244306 -0.08311951 0.002380549 -0.01242488 -0.08279389 0.001971602 -0.01242488 -0.08279389 0.001971602 -0.01242488 -0.08279389 0.001971602 -0.01241028 -0.0825327 0.001518547 -0.01241028 -0.0825327 0.001518547 -0.01241028 -0.0825327 0.001518547 -0.01239961 -0.08234184 0.001031637 -0.01239961 -0.08234184 0.001031637 -0.01239961 -0.08234184 0.001031637 -0.01239311 -0.08222568 5.2165e-4 -0.01239311 -0.08222568 5.2165e-4 -0.01239311 -0.08222568 5.2165e-4 -0.01239311 -0.08222568 5.2165e-4 -0.01277285 -0.08902049 0.001031637 -0.01277285 -0.08902049 0.001031637 -0.01277285 -0.08902049 0.001031637 -0.01276218 -0.08882963 0.001518547 -0.01276218 -0.08882963 0.001518547 -0.01276218 -0.08882963 0.001518547 -0.01274758 -0.0885685 0.001971602 -0.01274758 -0.0885685 0.001971602 -0.01274758 -0.0885685 0.001971602 -0.0127294 -0.08824282 0.002380549 -0.0127294 -0.08824282 0.002380549 -0.0127294 -0.08824282 0.002380549 -0.0127294 -0.08824282 0.002380549 -0.012708 -0.08785998 0.002736389 -0.012708 -0.08785998 0.002736389 -0.012708 -0.08785998 0.002736389 -0.012708 -0.08785998 0.002736389 -0.01268386 -0.08742845 0.003031075 -0.01268386 -0.08742845 0.003031075 -0.01268386 -0.08742845 0.003031075 -0.01265758 -0.08695787 0.003258049 -0.01265758 -0.08695787 0.003258049 -0.01265758 -0.08695787 0.003258049 0.02879714 0.009641706 0.006839036 0.02879714 0.009641706 0.006839036 0.02879714 0.009641706 0.006839036 0.02857953 0.005747914 0.00146234 0.02857953 0.005747914 0.00146234 0.02857953 0.005747914 0.00146234 0.02856093 0.005414724 0.00149995 0.02856093 0.005414724 0.00149995 0.02856093 0.005414724 0.00149995 0.02856093 0.005414724 0.00149995 0.0280252 -0.004170298 0 0.0280252 -0.004170298 0 0.0280252 -0.004170298 0 0.02786344 -0.007065773 0 0.02786344 -0.007065773 0 0.02786344 -0.007065773 0 0.02786344 -0.007065773 0 0.02802741 -0.00413084 4.51487e-4 0.02802741 -0.00413084 4.51487e-4 0.02802741 -0.00413084 4.51487e-4 0.02802741 -0.00413084 -4.51483e-4 0.02802741 -0.00413084 -4.51483e-4 0.02802741 -0.00413084 -4.51483e-4 0.02830666 8.65015e-4 8.89254e-4 0.02830666 8.65015e-4 8.89254e-4 0.02830666 8.65015e-4 8.89254e-4 0.02850872 0.004480898 0.001172721 0.02850872 0.004480898 0.001172721 0.02850872 0.004480898 0.001172721 0.02849549 0.004243731 9.35237e-4 0.02849549 0.004243731 9.35237e-4 0.02849549 0.004243731 9.35237e-4 0.02831315 9.82126e-4 4.51487e-4 0.02831315 9.82126e-4 4.51487e-4 0.02831315 9.82126e-4 4.51487e-4 0.02830666 8.65015e-4 -8.8925e-4 0.02830666 8.65015e-4 -8.8925e-4 0.02830666 8.65015e-4 -8.8925e-4 0.02831315 9.82126e-4 -4.51483e-4 0.02831315 9.82126e-4 -4.51483e-4 0.02831315 9.82126e-4 -4.51483e-4 0.02831315 9.82126e-4 -4.51483e-4 0.02849549 0.004243731 -9.35232e-4 0.02849549 0.004243731 -9.35232e-4 0.02849549 0.004243731 -9.35232e-4 0.02856093 0.005414724 -0.00149995 0.02856093 0.005414724 -0.00149995 0.02856093 0.005414724 -0.00149995 0.02856093 0.005414724 -0.00149995 0.02828145 4.1424e-4 -0.001671195 0.02828145 4.1424e-4 -0.001671195 0.02828145 4.1424e-4 -0.001671195 0.02828145 4.1424e-4 -0.001671195 0.02828145 4.1424e-4 -0.001671195 0.02854228 0.005081415 -0.00146234 0.02854228 0.005081415 -0.00146234 0.02854228 0.005081415 -0.00146234 0.02854228 0.005081415 -0.00146234 0.02812069 -0.002462208 -0.002443194 0.02812069 -0.002462208 -0.002443194 0.02812069 -0.002462208 -0.002443194 0.02811813 -0.002508103 -0.005827248 0.02811813 -0.002508103 -0.005827248 0.02811813 -0.002508103 -0.005827248 0.0281049 -0.00274527 -0.006064713 0.0281049 -0.00274527 -0.006064713 0.0281049 -0.00274527 -0.006064713 0.02813398 -0.002224147 0.005648493 0.02813398 -0.002224147 0.005648493 0.02813398 -0.002224147 0.005648493 0.02815169 -0.001907587 0.005537569 0.02815169 -0.001907587 0.005537569 0.02815169 -0.001907587 0.005537569 0.02814513 -0.002025127 0.002560496 0.02814513 -0.002025127 0.002560496 0.02814513 -0.002025127 0.002560496 0.02831536 0.001021564 0 0.02831536 0.001021564 0 0.02831536 0.001021564 0 0.02831536 0.001021564 0 0.02848547 0.004065334 6.50828e-4 0.02848547 0.004065334 6.50828e-4 0.02848547 0.004065334 6.50828e-4 0.02847933 0.003954589 3.33784e-4 0.02847933 0.003954589 3.33784e-4 0.02847933 0.003954589 3.33784e-4 0.02847719 0.003917038 0 0.02847719 0.003917038 0 0.02847719 0.003917038 0 0.02847933 0.003954589 -3.33779e-4 0.02847933 0.003954589 -3.33779e-4 0.02847933 0.003954589 -3.33779e-4 0.02848547 0.004065334 -6.50823e-4 0.02848547 0.004065334 -6.50823e-4 0.02848547 0.004065334 -6.50823e-4 0.02879714 0.009641706 -0.006839036 0.02879714 0.009641706 -0.006839036 0.02879714 0.009641706 -0.006839036 0.02879714 0.009641706 -0.006839036 0.02879714 0.009641706 -0.006839036 0.02826356 9.42631e-5 -0.001991689 0.02826356 9.42631e-5 -0.001991689 0.02826356 9.42631e-5 -0.001991689 0.02826356 9.42631e-5 -0.001991689 0.02857953 0.005747914 -0.00146234 0.02857953 0.005747914 -0.00146234 0.02857953 0.005747914 -0.00146234 0.02857953 0.005747914 -0.00146234 0.02859723 0.006064474 -0.001351416 0.02859723 0.006064474 -0.001351416 0.02859723 0.006064474 -0.001351416 0.02861309 0.006348431 -0.001172721 0.02861309 0.006348431 -0.001172721 0.02861309 0.006348431 -0.001172721 0.02862632 0.006585597 -9.35232e-4 0.02862632 0.006585597 -9.35232e-4 0.02862632 0.006585597 -9.35232e-4 0.02863633 0.006764054 -6.50823e-4 0.02863633 0.006764054 -6.50823e-4 0.02863633 0.006764054 -6.50823e-4 0.02863633 0.006764054 -6.50823e-4 0.02864253 0.006874799 -3.33779e-4 0.02864253 0.006874799 -3.33779e-4 0.02864253 0.006874799 -3.33779e-4 0.02864253 0.006874799 -3.33779e-4 0.02864462 0.00691235 0 0.02864462 0.00691235 0 0.02864462 0.00691235 0 0.02864462 0.00691235 0 0.02883988 0.01040691 -0.004178881 0.02883988 0.01040691 -0.004178881 0.02883988 0.01040691 -0.004178881 0.02883988 0.01040691 -0.004178881 0.02883815 0.01037549 -0.004738748 0.02883815 0.01037549 -0.004738748 0.02883815 0.01037549 -0.004738748 0.02883815 0.01037549 -0.004738748 0.02883291 0.01028174 -0.005291521 0.02883291 0.01028174 -0.005291521 0.02883291 0.01028174 -0.005291521 0.02883291 0.01028174 -0.005291521 0.02882426 0.01012676 -0.005830287 0.02882426 0.01012676 -0.005830287 0.02882426 0.01012676 -0.005830287 0.02882426 0.01012676 -0.005830287 0.02881228 0.00991249 -0.006348311 0.02881228 0.00991249 -0.006348311 0.02881228 0.00991249 -0.006348311 0.02864253 0.006874799 3.33784e-4 0.02864253 0.006874799 3.33784e-4 0.02864253 0.006874799 3.33784e-4 0.02864253 0.006874799 3.33784e-4 0.02863633 0.006764054 6.50828e-4 0.02863633 0.006764054 6.50828e-4 0.02863633 0.006764054 6.50828e-4 0.02863633 0.006764054 6.50828e-4 0.02862632 0.006585597 9.35237e-4 0.02862632 0.006585597 9.35237e-4 0.02862632 0.006585597 9.35237e-4 0.02862632 0.006585597 9.35237e-4 0.02883988 0.01040691 0.004178881 0.02883988 0.01040691 0.004178881 0.02883988 0.01040691 0.004178881 0.02861309 0.006348431 0.001172721 0.02861309 0.006348431 0.001172721 0.02861309 0.006348431 0.001172721 0.02859723 0.006064474 0.001351416 0.02859723 0.006064474 0.001351416 0.02859723 0.006064474 0.001351416 0.02859723 0.006064474 0.001351416 0.02881228 0.00991249 0.006348311 0.02881228 0.00991249 0.006348311 0.02881228 0.00991249 0.006348311 0.02882426 0.01012676 0.005830287 0.02882426 0.01012676 0.005830287 0.02882426 0.01012676 0.005830287 0.02883291 0.01028174 0.005291521 0.02883291 0.01028174 0.005291521 0.02883291 0.01028174 0.005291521 0.02883815 0.01037549 0.004738748 0.02883815 0.01037549 0.004738748 0.02883815 0.01037549 0.004738748 0.02641659 -0.03295433 -0.01424998 0.02641659 -0.03295433 -0.01424998 0.02641659 -0.03295433 -0.01424998 0.02641659 -0.03295433 0.01424998 0.02641659 -0.03295433 0.01424998 0.02641659 -0.03295433 0.01424998 0.0283935 0.002419352 0.01424998 0.0283935 0.002419352 0.01424998 0.0283935 0.002419352 0.01424998 0.0281049 -0.00274527 0.007935225 0.0281049 -0.00274527 0.007935225 0.0281049 -0.00274527 0.007935225 0.02809488 -0.002923667 0.007650792 0.02809488 -0.002923667 0.007650792 0.02809488 -0.002923667 0.007650792 0.02808868 -0.003034472 0.007333755 0.02808868 -0.003034472 0.007333755 0.02808868 -0.003034472 0.007333755 0.02808868 -0.003034472 0.007333755 0.0280866 -0.003072023 0.006999969 0.0280866 -0.003072023 0.006999969 0.0280866 -0.003072023 0.006999969 0.0280866 -0.003072023 0.006999969 0.0280866 -0.003072023 0.006999969 0.02772754 -0.009497225 0.001172721 0.02772754 -0.009497225 0.001172721 0.02772754 -0.009497225 0.001172721 0.02771425 -0.009734392 9.35237e-4 0.02771425 -0.009734392 9.35237e-4 0.02771425 -0.009734392 9.35237e-4 0.02770429 -0.009912788 6.50828e-4 0.02770429 -0.009912788 6.50828e-4 0.02770429 -0.009912788 6.50828e-4 0.02769809 -0.01002359 3.33784e-4 0.02769809 -0.01002359 3.33784e-4 0.02769809 -0.01002359 3.33784e-4 0.02769809 -0.01002359 3.33784e-4 0.02769601 -0.01006108 0 0.02769601 -0.01006108 0 0.02769601 -0.01006108 0 0.02769601 -0.01006108 0 0.02769809 -0.01002359 -3.33779e-4 0.02769809 -0.01002359 -3.33779e-4 0.02769809 -0.01002359 -3.33779e-4 0.02770429 -0.009912788 -6.50823e-4 0.02770429 -0.009912788 -6.50823e-4 0.02770429 -0.009912788 -6.50823e-4 0.02771425 -0.009734392 -9.35232e-4 0.02771425 -0.009734392 -9.35232e-4 0.02771425 -0.009734392 -9.35232e-4 0.02772754 -0.009497225 -0.001172721 0.02772754 -0.009497225 -0.001172721 0.02772754 -0.009497225 -0.001172721 0.0280866 -0.003072023 -0.006999969 0.0280866 -0.003072023 -0.006999969 0.0280866 -0.003072023 -0.006999969 0.0280866 -0.003072023 -0.006999969 0.0280866 -0.003072023 -0.006999969 0.02808868 -0.003034472 -0.007333755 0.02808868 -0.003034472 -0.007333755 0.02808868 -0.003034472 -0.007333755 0.02809488 -0.002923667 -0.007650792 0.02809488 -0.002923667 -0.007650792 0.02809488 -0.002923667 -0.007650792 0.0281049 -0.00274527 -0.007935225 0.0281049 -0.00274527 -0.007935225 0.0281049 -0.00274527 -0.007935225 0.0281049 -0.00274527 -0.007935225 0.0283935 0.002419352 -0.01424998 0.0283935 0.002419352 -0.01424998 0.0283935 0.002419352 -0.01424998 0.0283935 0.002419352 -0.01424998 0.0283935 0.002419352 -0.01424998 0.02811813 -0.002508103 -0.00817269 0.02811813 -0.002508103 -0.00817269 0.02811813 -0.002508103 -0.00817269 0.02811813 -0.002508103 -0.00817269 0.02813398 -0.002224147 -0.008351445 0.02813398 -0.002224147 -0.008351445 0.02813398 -0.002224147 -0.008351445 0.02815169 -0.001907587 -0.008462369 0.02815169 -0.001907587 -0.008462369 0.02815169 -0.001907587 -0.008462369 0.02817028 -0.001574337 -0.008499979 0.02817028 -0.001574337 -0.008499979 0.02817028 -0.001574337 -0.008499979 0.02818894 -0.001241087 -0.008462369 0.02818894 -0.001241087 -0.008462369 0.02818894 -0.001241087 -0.008462369 0.02820664 -9.24566e-4 -0.008351445 0.02820664 -9.24566e-4 -0.008351445 0.02820664 -9.24566e-4 -0.008351445 0.0282225 -6.40615e-4 -0.00817269 0.0282225 -6.40615e-4 -0.00817269 0.0282225 -6.40615e-4 -0.00817269 0.02823573 -4.03463e-4 -0.007935225 0.02823573 -4.03463e-4 -0.007935225 0.02823573 -4.03463e-4 -0.007935225 0.02823573 -4.03463e-4 -0.007935225 0.02824574 -2.25027e-4 -0.007650792 0.02824574 -2.25027e-4 -0.007650792 0.02824574 -2.25027e-4 -0.007650792 0.02824574 -2.25027e-4 -0.007650792 0.02825188 -1.14279e-4 -0.007333755 0.02825188 -1.14279e-4 -0.007333755 0.02825188 -1.14279e-4 -0.007333755 0.02825188 -1.14279e-4 -0.007333755 0.02825403 -7.67116e-5 -0.006999969 0.02825403 -7.67116e-5 -0.006999969 0.02825403 -7.67116e-5 -0.006999969 0.02825403 -7.67116e-5 -0.006999969 0.02825403 -7.67116e-5 -0.006999969 0.02774339 -0.009213268 -0.001351416 0.02774339 -0.009213268 -0.001351416 0.02774339 -0.009213268 -0.001351416 0.0277611 -0.008896708 -0.00146234 0.0277611 -0.008896708 -0.00146234 0.0277611 -0.008896708 -0.00146234 0.02777969 -0.008563458 -0.00149995 0.02777969 -0.008563458 -0.00149995 0.02777969 -0.008563458 -0.00149995 0.02779835 -0.008230209 -0.00146234 0.02779835 -0.008230209 -0.00146234 0.02779835 -0.008230209 -0.00146234 0.02781605 -0.007913649 -0.001351416 0.02781605 -0.007913649 -0.001351416 0.02781605 -0.007913649 -0.001351416 0.02783191 -0.007629692 -0.001172721 0.02783191 -0.007629692 -0.001172721 0.02783191 -0.007629692 -0.001172721 0.02784514 -0.007392525 -9.35232e-4 0.02784514 -0.007392525 -9.35232e-4 0.02784514 -0.007392525 -9.35232e-4 0.02785515 -0.007214128 -6.50823e-4 0.02785515 -0.007214128 -6.50823e-4 0.02785515 -0.007214128 -6.50823e-4 0.02786129 -0.007103323 -3.33779e-4 0.02786129 -0.007103323 -3.33779e-4 0.02786129 -0.007103323 -3.33779e-4 0.02786129 -0.007103323 -3.33779e-4 0.02803397 -0.004013717 -8.8925e-4 0.02803397 -0.004013717 -8.8925e-4 0.02803397 -0.004013717 -8.8925e-4 0.0280447 -0.003822505 -0.001299977 0.0280447 -0.003822505 -0.001299977 0.0280447 -0.003822505 -0.001299977 0.02805918 -0.003562986 -0.001671195 0.02805918 -0.003562986 -0.001671195 0.02805918 -0.003562986 -0.001671195 0.02807706 -0.003243029 -0.001991689 0.02807706 -0.003243029 -0.001991689 0.02807706 -0.003243029 -0.001991689 0.02809774 -0.002872347 -0.002251625 0.02809774 -0.002872347 -0.002251625 0.02809774 -0.002872347 -0.002251625 0.02809774 -0.002872347 -0.002251625 0.02809774 -0.002872347 -0.002251625 0.02809488 -0.002923667 -0.006349146 0.02809488 -0.002923667 -0.006349146 0.02809488 -0.002923667 -0.006349146 0.02809488 -0.002923667 -0.006349146 0.02808868 -0.003034472 -0.006666183 0.02808868 -0.003034472 -0.006666183 0.02808868 -0.003034472 -0.006666183 0.02808868 -0.003034472 -0.006666183 0.02808868 -0.003034472 -0.006666183 0.02825188 -1.14279e-4 -0.006666183 0.02825188 -1.14279e-4 -0.006666183 0.02825188 -1.14279e-4 -0.006666183 0.02825188 -1.14279e-4 -0.006666183 0.02825188 -1.14279e-4 -0.006666183 0.02824574 -2.25027e-4 -0.006349146 0.02824574 -2.25027e-4 -0.006349146 0.02824574 -2.25027e-4 -0.006349146 0.02824574 -2.25027e-4 -0.006349146 0.02824282 -2.76419e-4 -0.002251625 0.02824282 -2.76419e-4 -0.002251625 0.02824282 -2.76419e-4 -0.002251625 0.02808868 -0.003034472 0.006666183 0.02808868 -0.003034472 0.006666183 0.02808868 -0.003034472 0.006666183 0.02808868 -0.003034472 0.006666183 0.02809774 -0.002872347 0.002251625 0.02809774 -0.002872347 0.002251625 0.02809774 -0.002872347 0.002251625 0.02809774 -0.002872347 0.002251625 0.02809774 -0.002872347 0.002251625 0.02807706 -0.003243029 0.001991689 0.02807706 -0.003243029 0.001991689 0.02807706 -0.003243029 0.001991689 0.02805918 -0.003562986 0.001671195 0.02805918 -0.003562986 0.001671195 0.02805918 -0.003562986 0.001671195 0.0280447 -0.003822505 0.001299977 0.0280447 -0.003822505 0.001299977 0.0280447 -0.003822505 0.001299977 0.02803397 -0.004013717 8.89254e-4 0.02803397 -0.004013717 8.89254e-4 0.02803397 -0.004013717 8.89254e-4 0.02786129 -0.007103323 3.33784e-4 0.02786129 -0.007103323 3.33784e-4 0.02786129 -0.007103323 3.33784e-4 0.02785515 -0.007214128 6.50828e-4 0.02785515 -0.007214128 6.50828e-4 0.02785515 -0.007214128 6.50828e-4 0.02784514 -0.007392525 9.35237e-4 0.02784514 -0.007392525 9.35237e-4 0.02784514 -0.007392525 9.35237e-4 0.02783191 -0.007629692 0.001172721 0.02783191 -0.007629692 0.001172721 0.02783191 -0.007629692 0.001172721 0.02781605 -0.007913649 0.001351416 0.02781605 -0.007913649 0.001351416 0.02781605 -0.007913649 0.001351416 0.02779835 -0.008230209 0.00146234 0.02779835 -0.008230209 0.00146234 0.02779835 -0.008230209 0.00146234 0.02777969 -0.008563458 0.00149995 0.02777969 -0.008563458 0.00149995 0.02777969 -0.008563458 0.00149995 0.0277611 -0.008896708 0.00146234 0.0277611 -0.008896708 0.00146234 0.0277611 -0.008896708 0.00146234 0.02774339 -0.009213268 0.001351416 0.02774339 -0.009213268 0.001351416 0.02774339 -0.009213268 0.001351416 0.02825403 -7.67116e-5 0.006999969 0.02825403 -7.67116e-5 0.006999969 0.02825403 -7.67116e-5 0.006999969 0.02825403 -7.67116e-5 0.006999969 0.02825403 -7.67116e-5 0.006999969 0.02825188 -1.14279e-4 0.007333755 0.02825188 -1.14279e-4 0.007333755 0.02825188 -1.14279e-4 0.007333755 0.02825188 -1.14279e-4 0.007333755 0.02824574 -2.25027e-4 0.007650792 0.02824574 -2.25027e-4 0.007650792 0.02824574 -2.25027e-4 0.007650792 0.02824574 -2.25027e-4 0.007650792 0.02823573 -4.03463e-4 0.007935225 0.02823573 -4.03463e-4 0.007935225 0.02823573 -4.03463e-4 0.007935225 0.0282225 -6.40615e-4 0.00817269 0.0282225 -6.40615e-4 0.00817269 0.0282225 -6.40615e-4 0.00817269 0.02820664 -9.24566e-4 0.008351445 0.02820664 -9.24566e-4 0.008351445 0.02820664 -9.24566e-4 0.008351445 0.02818894 -0.001241087 0.008462369 0.02818894 -0.001241087 0.008462369 0.02818894 -0.001241087 0.008462369 0.02817028 -0.001574337 0.008499979 0.02817028 -0.001574337 0.008499979 0.02817028 -0.001574337 0.008499979 0.02815169 -0.001907587 0.008462369 0.02815169 -0.001907587 0.008462369 0.02815169 -0.001907587 0.008462369 0.02813398 -0.002224147 0.008351445 0.02813398 -0.002224147 0.008351445 0.02813398 -0.002224147 0.008351445 0.02811813 -0.002508103 0.00817269 0.02811813 -0.002508103 0.00817269 0.02811813 -0.002508103 0.00817269 0.02875816 0.00894469 0.00771445 0.02875816 0.00894469 0.00771445 0.02875816 0.00894469 0.00771445 0.02877902 0.009317755 0.007296323 0.02877902 0.009317755 0.007296323 0.02877902 0.009317755 0.007296323 0.02877902 0.009317755 0.007296323 0.02826356 9.42631e-5 0.001991689 0.02826356 9.42631e-5 0.001991689 0.02826356 9.42631e-5 0.001991689 0.02826356 9.42631e-5 0.001991689 0.02852457 0.004764854 0.001351416 0.02852457 0.004764854 0.001351416 0.02852457 0.004764854 0.001351416 0.02852457 0.004764854 0.001351416 0.02829593 6.73776e-4 0.001299977 0.02829593 6.73776e-4 0.001299977 0.02829593 6.73776e-4 0.001299977 0.02829593 6.73776e-4 0.001299977 0.02829593 6.73776e-4 0.001299977 0.02829593 6.73776e-4 0.001299977 0.02854228 0.005081415 0.00146234 0.02854228 0.005081415 0.00146234 0.02854228 0.005081415 0.00146234 0.02854228 0.005081415 0.00146234 0.02828145 4.1424e-4 0.001671195 0.02828145 4.1424e-4 0.001671195 0.02828145 4.1424e-4 0.001671195 0.02829593 6.73776e-4 -0.001299977 0.02829593 6.73776e-4 -0.001299977 0.02829593 6.73776e-4 -0.001299977 0.02850872 0.004480898 -0.001172721 0.02850872 0.004480898 -0.001172721 0.02850872 0.004480898 -0.001172721 0.02852457 0.004764854 -0.001351416 0.02852457 0.004764854 -0.001351416 0.02852457 0.004764854 -0.001351416 0.02877902 0.009317755 -0.007296323 0.02877902 0.009317755 -0.007296323 0.02877902 0.009317755 -0.007296323 0.02877902 0.009317755 -0.007296323 0.02875816 0.00894469 -0.00771445 0.02875816 0.00894469 -0.00771445 0.02875816 0.00894469 -0.00771445 0.02875816 0.00894469 -0.00771445 0.02813398 -0.002224147 -0.005648493 0.02813398 -0.002224147 -0.005648493 0.02813398 -0.002224147 -0.005648493 0.02814513 -0.002025127 -0.002560496 0.02814513 -0.002025127 -0.002560496 0.02814513 -0.002025127 -0.002560496 0.02815169 -0.001907587 -0.005537569 0.02815169 -0.001907587 -0.005537569 0.02815169 -0.001907587 -0.005537569 0.02817028 -0.001574337 -0.005499958 0.02817028 -0.001574337 -0.005499958 0.02817028 -0.001574337 -0.005499958 0.02817028 -0.001574337 -0.002599954 0.02817028 -0.001574337 -0.002599954 0.02817028 -0.001574337 -0.002599954 0.02818894 -0.001241087 -0.005537569 0.02818894 -0.001241087 -0.005537569 0.02818894 -0.001241087 -0.005537569 0.0281955 -0.001123547 -0.002560496 0.0281955 -0.001123547 -0.002560496 0.0281955 -0.001123547 -0.002560496 0.02820664 -9.24566e-4 -0.005648493 0.02820664 -9.24566e-4 -0.005648493 0.02820664 -9.24566e-4 -0.005648493 0.02821993 -6.86514e-4 -0.002443194 0.02821993 -6.86514e-4 -0.002443194 0.02821993 -6.86514e-4 -0.002443194 0.0282225 -6.40615e-4 -0.005827248 0.0282225 -6.40615e-4 -0.005827248 0.0282225 -6.40615e-4 -0.005827248 0.02823573 -4.03463e-4 -0.006064713 0.02823573 -4.03463e-4 -0.006064713 0.02823573 -4.03463e-4 -0.006064713 0.0281049 -0.00274527 0.006064713 0.0281049 -0.00274527 0.006064713 0.0281049 -0.00274527 0.006064713 0.02812069 -0.002462208 0.002443194 0.02812069 -0.002462208 0.002443194 0.02812069 -0.002462208 0.002443194 0.02809488 -0.002923667 0.006349146 0.02809488 -0.002923667 0.006349146 0.02809488 -0.002923667 0.006349146 0.02809488 -0.002923667 0.006349146 0.02811813 -0.002508103 0.005827248 0.02811813 -0.002508103 0.005827248 0.02811813 -0.002508103 0.005827248 0.02817028 -0.001574337 0.002599954 0.02817028 -0.001574337 0.002599954 0.02817028 -0.001574337 0.002599954 0.02817028 -0.001574337 0.005499958 0.02817028 -0.001574337 0.005499958 0.02817028 -0.001574337 0.005499958 0.0281955 -0.001123547 0.002560496 0.0281955 -0.001123547 0.002560496 0.0281955 -0.001123547 0.002560496 0.02818894 -0.001241087 0.005537569 0.02818894 -0.001241087 0.005537569 0.02818894 -0.001241087 0.005537569 0.02821993 -6.86514e-4 0.002443194 0.02821993 -6.86514e-4 0.002443194 0.02821993 -6.86514e-4 0.002443194 0.02820664 -9.24566e-4 0.005648493 0.02820664 -9.24566e-4 0.005648493 0.02820664 -9.24566e-4 0.005648493 0.0282225 -6.40615e-4 0.005827248 0.0282225 -6.40615e-4 0.005827248 0.0282225 -6.40615e-4 0.005827248 0.02824282 -2.76419e-4 0.002251625 0.02824282 -2.76419e-4 0.002251625 0.02824282 -2.76419e-4 0.002251625 0.02823573 -4.03463e-4 0.006064713 0.02823573 -4.03463e-4 0.006064713 0.02823573 -4.03463e-4 0.006064713 0.02823573 -4.03463e-4 0.006064713 0.02824574 -2.25027e-4 0.006349146 0.02824574 -2.25027e-4 0.006349146 0.02824574 -2.25027e-4 0.006349146 0.02824574 -2.25027e-4 0.006349146 0.02825188 -1.14279e-4 0.006666183 0.02825188 -1.14279e-4 0.006666183 0.02825188 -1.14279e-4 0.006666183 0.02825188 -1.14279e-4 0.006666183 0.02825188 -1.14279e-4 0.006666183 0.03355312 0.005135715 0.00149995 0.03355312 0.005135715 0.00149995 0.03355312 0.005135715 0.00149995 0.03355312 0.005135715 0.00149995 0.03357172 0.005468964 0.00146234 0.03357172 0.005468964 0.00146234 0.03357172 0.005468964 0.00146234 0.03357172 0.005468964 0.00146234 0.03378933 0.009362697 0.006839036 0.03378933 0.009362697 0.006839036 0.03378933 0.009362697 0.006839036 0.03301966 -0.004409849 4.51487e-4 0.03301966 -0.004409849 4.51487e-4 0.03301966 -0.004409849 4.51487e-4 0.03301966 -0.004409849 4.51487e-4 0.03285562 -0.007344782 0 0.03285562 -0.007344782 0 0.03285562 -0.007344782 0 0.03285562 -0.007344782 0 0.03301745 -0.004449307 0 0.03301745 -0.004449307 0 0.03301745 -0.004449307 0 0.03301966 -0.004409849 -4.51483e-4 0.03301966 -0.004409849 -4.51483e-4 0.03301966 -0.004409849 -4.51483e-4 0.03301966 -0.004409849 -4.51483e-4 0.03348767 0.003964781 9.35237e-4 0.03348767 0.003964781 9.35237e-4 0.03348767 0.003964781 9.35237e-4 0.0335009 0.004201889 0.001172721 0.0335009 0.004201889 0.001172721 0.0335009 0.004201889 0.001172721 0.03329885 5.86023e-4 8.89254e-4 0.03329885 5.86023e-4 8.89254e-4 0.03329885 5.86023e-4 8.89254e-4 0.0333054 7.03134e-4 4.51487e-4 0.0333054 7.03134e-4 4.51487e-4 0.0333054 7.03134e-4 4.51487e-4 0.0333054 7.03134e-4 4.51487e-4 0.03348767 0.003964781 -9.35232e-4 0.03348767 0.003964781 -9.35232e-4 0.03348767 0.003964781 -9.35232e-4 0.0333054 7.03134e-4 -4.51483e-4 0.0333054 7.03134e-4 -4.51483e-4 0.0333054 7.03134e-4 -4.51483e-4 0.03329885 5.86023e-4 -8.8925e-4 0.03329885 5.86023e-4 -8.8925e-4 0.03329885 5.86023e-4 -8.8925e-4 0.03353446 0.004802405 -0.00146234 0.03353446 0.004802405 -0.00146234 0.03353446 0.004802405 -0.00146234 0.03353446 0.004802405 -0.00146234 0.03327363 1.35248e-4 -0.001671195 0.03327363 1.35248e-4 -0.001671195 0.03327363 1.35248e-4 -0.001671195 0.03327363 1.35248e-4 -0.001671195 0.03355312 0.005135715 -0.00149995 0.03355312 0.005135715 -0.00149995 0.03355312 0.005135715 -0.00149995 0.03355312 0.005135715 -0.00149995 0.03309708 -0.00302428 -0.006064713 0.03309708 -0.00302428 -0.006064713 0.03309708 -0.00302428 -0.006064713 0.03309708 -0.00302428 -0.006064713 0.03311032 -0.002787113 -0.005827248 0.03311032 -0.002787113 -0.005827248 0.03311032 -0.002787113 -0.005827248 0.03311288 -0.002741217 -0.002443194 0.03311288 -0.002741217 -0.002443194 0.03311288 -0.002741217 -0.002443194 0.03313732 -0.002304136 0.002560496 0.03313732 -0.002304136 0.002560496 0.03313732 -0.002304136 0.002560496 0.03314387 -0.002186596 0.005537569 0.03314387 -0.002186596 0.005537569 0.03314387 -0.002186596 0.005537569 0.03312623 -0.002503156 0.005648493 0.03312623 -0.002503156 0.005648493 0.03312623 -0.002503156 0.005648493 0.03330761 7.42563e-4 0 0.03330761 7.42563e-4 0 0.03330761 7.42563e-4 0 0.03330761 7.42563e-4 0 0.03347772 0.003786385 -6.50823e-4 0.03347772 0.003786385 -6.50823e-4 0.03347772 0.003786385 -6.50823e-4 0.03347152 0.00367558 -3.33779e-4 0.03347152 0.00367558 -3.33779e-4 0.03347152 0.00367558 -3.33779e-4 0.03346943 0.003638029 0 0.03346943 0.003638029 0 0.03346943 0.003638029 0 0.03347152 0.00367558 3.33784e-4 0.03347152 0.00367558 3.33784e-4 0.03347152 0.00367558 3.33784e-4 0.03347772 0.003786385 6.50828e-4 0.03347772 0.003786385 6.50828e-4 0.03347772 0.003786385 6.50828e-4 0.03378933 0.009362697 -0.006839036 0.03378933 0.009362697 -0.006839036 0.03378933 0.009362697 -0.006839036 0.03378933 0.009362697 -0.006839036 0.03378933 0.009362697 -0.006839036 0.03378933 0.009362697 -0.006839036 0.03378933 0.009362697 -0.006839036 0.03380447 0.009633481 -0.006348311 0.03380447 0.009633481 -0.006348311 0.03380447 0.009633481 -0.006348311 0.03381645 0.00984776 -0.005830287 0.03381645 0.00984776 -0.005830287 0.03381645 0.00984776 -0.005830287 0.03381645 0.00984776 -0.005830287 0.03382509 0.01000273 -0.005291521 0.03382509 0.01000273 -0.005291521 0.03382509 0.01000273 -0.005291521 0.03382509 0.01000273 -0.005291521 0.03383034 0.01009649 -0.004738748 0.03383034 0.01009649 -0.004738748 0.03383034 0.01009649 -0.004738748 0.03383034 0.01009649 -0.004738748 0.03383213 0.0101279 -0.004178881 0.03383213 0.0101279 -0.004178881 0.03383213 0.0101279 -0.004178881 0.03383213 0.0101279 -0.004178881 0.03383213 0.0101279 -0.004178881 0.0336368 0.006633341 0 0.0336368 0.006633341 0 0.0336368 0.006633341 0 0.0336368 0.006633341 0 0.03363472 0.00659579 -3.33779e-4 0.03363472 0.00659579 -3.33779e-4 0.03363472 0.00659579 -3.33779e-4 0.03363472 0.00659579 -3.33779e-4 0.03362852 0.006485044 -6.50823e-4 0.03362852 0.006485044 -6.50823e-4 0.03362852 0.006485044 -6.50823e-4 0.03361856 0.006306648 -9.35232e-4 0.03361856 0.006306648 -9.35232e-4 0.03361856 0.006306648 -9.35232e-4 0.03360527 0.006069481 -0.001172721 0.03360527 0.006069481 -0.001172721 0.03360527 0.006069481 -0.001172721 0.03358942 0.005785524 -0.001351416 0.03358942 0.005785524 -0.001351416 0.03358942 0.005785524 -0.001351416 0.03358942 0.005785524 -0.001351416 0.03357172 0.005468964 -0.00146234 0.03357172 0.005468964 -0.00146234 0.03357172 0.005468964 -0.00146234 0.03325575 -1.84729e-4 -0.001991689 0.03325575 -1.84729e-4 -0.001991689 0.03325575 -1.84729e-4 -0.001991689 0.03361856 0.006306648 9.35237e-4 0.03361856 0.006306648 9.35237e-4 0.03361856 0.006306648 9.35237e-4 0.03361856 0.006306648 9.35237e-4 0.03362852 0.006485044 6.50828e-4 0.03362852 0.006485044 6.50828e-4 0.03362852 0.006485044 6.50828e-4 0.03362852 0.006485044 6.50828e-4 0.03362852 0.006485044 6.50828e-4 0.03363472 0.00659579 3.33784e-4 0.03363472 0.00659579 3.33784e-4 0.03363472 0.00659579 3.33784e-4 0.03363472 0.00659579 3.33784e-4 0.03383213 0.0101279 0.004178881 0.03383213 0.0101279 0.004178881 0.03383213 0.0101279 0.004178881 0.03358942 0.005785524 0.001351416 0.03358942 0.005785524 0.001351416 0.03358942 0.005785524 0.001351416 0.03360527 0.006069481 0.001172721 0.03360527 0.006069481 0.001172721 0.03360527 0.006069481 0.001172721 0.03383034 0.01009649 0.004738748 0.03383034 0.01009649 0.004738748 0.03383034 0.01009649 0.004738748 0.03382509 0.01000273 0.005291521 0.03382509 0.01000273 0.005291521 0.03382509 0.01000273 0.005291521 0.03381645 0.00984776 0.005830287 0.03381645 0.00984776 0.005830287 0.03381645 0.00984776 0.005830287 0.03380447 0.009633481 0.006348311 0.03380447 0.009633481 0.006348311 0.03380447 0.009633481 0.006348311 0.03124141 -0.03622859 -0.01424998 0.03124141 -0.03622859 -0.01424998 0.03124141 -0.03622859 -0.01424998 0.03124141 -0.03622859 -0.01424998 0.03338569 0.002140343 -0.01424998 0.03338569 0.002140343 -0.01424998 0.03338569 0.002140343 -0.01424998 0.03338569 0.002140343 -0.01424998 0.03338569 0.002140343 -0.01424998 0.03309708 -0.00302428 -0.007935225 0.03309708 -0.00302428 -0.007935225 0.03309708 -0.00302428 -0.007935225 0.03309708 -0.00302428 -0.007935225 0.03308713 -0.003202676 -0.007650792 0.03308713 -0.003202676 -0.007650792 0.03308713 -0.003202676 -0.007650792 0.03308093 -0.003313422 -0.007333755 0.03308093 -0.003313422 -0.007333755 0.03308093 -0.003313422 -0.007333755 0.03308093 -0.003313422 -0.007333755 0.03307884 -0.003351032 -0.006999969 0.03307884 -0.003351032 -0.006999969 0.03307884 -0.003351032 -0.006999969 0.03307884 -0.003351032 -0.006999969 0.03307884 -0.003351032 -0.006999969 0.03307884 -0.003351032 -0.006999969 0.03271973 -0.009776234 -0.001172721 0.03271973 -0.009776234 -0.001172721 0.03271973 -0.009776234 -0.001172721 0.03270649 -0.01001334 -9.35232e-4 0.03270649 -0.01001334 -9.35232e-4 0.03270649 -0.01001334 -9.35232e-4 0.03269648 -0.01019179 -6.50823e-4 0.03269648 -0.01019179 -6.50823e-4 0.03269648 -0.01019179 -6.50823e-4 0.03269034 -0.01030254 -3.33779e-4 0.03269034 -0.01030254 -3.33779e-4 0.03269034 -0.01030254 -3.33779e-4 0.03269034 -0.01030254 -3.33779e-4 0.0326882 -0.01034009 0 0.0326882 -0.01034009 0 0.0326882 -0.01034009 0 0.0326882 -0.01034009 0 0.03269034 -0.01030254 3.33784e-4 0.03269034 -0.01030254 3.33784e-4 0.03269034 -0.01030254 3.33784e-4 0.03269648 -0.01019179 6.50828e-4 0.03269648 -0.01019179 6.50828e-4 0.03269648 -0.01019179 6.50828e-4 0.03270649 -0.01001334 9.35237e-4 0.03270649 -0.01001334 9.35237e-4 0.03270649 -0.01001334 9.35237e-4 0.03270649 -0.01001334 9.35237e-4 0.03271973 -0.009776234 0.001172721 0.03271973 -0.009776234 0.001172721 0.03271973 -0.009776234 0.001172721 0.03271973 -0.009776234 0.001172721 0.03307884 -0.003351032 0.006999969 0.03307884 -0.003351032 0.006999969 0.03307884 -0.003351032 0.006999969 0.03307884 -0.003351032 0.006999969 0.03307884 -0.003351032 0.006999969 0.03307884 -0.003351032 0.006999969 0.03308093 -0.003313422 0.007333755 0.03308093 -0.003313422 0.007333755 0.03308093 -0.003313422 0.007333755 0.03308713 -0.003202676 0.007650792 0.03308713 -0.003202676 0.007650792 0.03308713 -0.003202676 0.007650792 0.03309708 -0.00302428 0.007935225 0.03309708 -0.00302428 0.007935225 0.03309708 -0.00302428 0.007935225 0.03309708 -0.00302428 0.007935225 0.03338569 0.002140343 0.01424998 0.03338569 0.002140343 0.01424998 0.03338569 0.002140343 0.01424998 0.03338569 0.002140343 0.01424998 0.03124141 -0.03622859 0.01424998 0.03124141 -0.03622859 0.01424998 0.03124141 -0.03622859 0.01424998 0.03324621 -3.55718e-4 -0.006999969 0.03324621 -3.55718e-4 -0.006999969 0.03324621 -3.55718e-4 -0.006999969 0.03324621 -3.55718e-4 -0.006999969 0.03324413 -3.9327e-4 -0.007333755 0.03324413 -3.9327e-4 -0.007333755 0.03324413 -3.9327e-4 -0.007333755 0.03324413 -3.9327e-4 -0.007333755 0.03323793 -5.04034e-4 -0.007650792 0.03323793 -5.04034e-4 -0.007650792 0.03323793 -5.04034e-4 -0.007650792 0.03323793 -5.04034e-4 -0.007650792 0.03322798 -6.82455e-4 -0.007935225 0.03322798 -6.82455e-4 -0.007935225 0.03322798 -6.82455e-4 -0.007935225 0.03321468 -9.19607e-4 -0.00817269 0.03321468 -9.19607e-4 -0.00817269 0.03321468 -9.19607e-4 -0.00817269 0.03319883 -0.001203536 -0.008351445 0.03319883 -0.001203536 -0.008351445 0.03319883 -0.001203536 -0.008351445 0.03318113 -0.001520097 -0.008462369 0.03318113 -0.001520097 -0.008462369 0.03318113 -0.001520097 -0.008462369 0.03316253 -0.001853346 -0.008499979 0.03316253 -0.001853346 -0.008499979 0.03316253 -0.001853346 -0.008499979 0.03314387 -0.002186596 -0.008462369 0.03314387 -0.002186596 -0.008462369 0.03314387 -0.002186596 -0.008462369 0.03312623 -0.002503156 -0.008351445 0.03312623 -0.002503156 -0.008351445 0.03312623 -0.002503156 -0.008351445 0.03311032 -0.002787113 -0.00817269 0.03311032 -0.002787113 -0.00817269 0.03311032 -0.002787113 -0.00817269 0.03311032 -0.002787113 -0.00817269 0.03306925 -0.003521978 -0.001991689 0.03306925 -0.003521978 -0.001991689 0.03306925 -0.003521978 -0.001991689 0.03305137 -0.003841936 -0.001671195 0.03305137 -0.003841936 -0.001671195 0.03305137 -0.003841936 -0.001671195 0.03303688 -0.004101514 -0.001299977 0.03303688 -0.004101514 -0.001299977 0.03303688 -0.004101514 -0.001299977 0.03302621 -0.004292726 -8.8925e-4 0.03302621 -0.004292726 -8.8925e-4 0.03302621 -0.004292726 -8.8925e-4 0.03302621 -0.004292726 -8.8925e-4 0.03285354 -0.007382333 -3.33779e-4 0.03285354 -0.007382333 -3.33779e-4 0.03285354 -0.007382333 -3.33779e-4 0.03284734 -0.007493078 -6.50823e-4 0.03284734 -0.007493078 -6.50823e-4 0.03284734 -0.007493078 -6.50823e-4 0.03283739 -0.007671535 -9.35232e-4 0.03283739 -0.007671535 -9.35232e-4 0.03283739 -0.007671535 -9.35232e-4 0.03282409 -0.007908642 -0.001172721 0.03282409 -0.007908642 -0.001172721 0.03282409 -0.007908642 -0.001172721 0.03280824 -0.008192658 -0.001351416 0.03280824 -0.008192658 -0.001351416 0.03280824 -0.008192658 -0.001351416 0.03279054 -0.008509159 -0.00146234 0.03279054 -0.008509159 -0.00146234 0.03279054 -0.008509159 -0.00146234 0.03277194 -0.008842468 -0.00149995 0.03277194 -0.008842468 -0.00149995 0.03277194 -0.008842468 -0.00149995 0.03275328 -0.009175717 -0.00146234 0.03275328 -0.009175717 -0.00146234 0.03275328 -0.009175717 -0.00146234 0.03273558 -0.009492218 -0.001351416 0.03273558 -0.009492218 -0.001351416 0.03273558 -0.009492218 -0.001351416 0.03308999 -0.003151297 -0.002251625 0.03308999 -0.003151297 -0.002251625 0.03308999 -0.003151297 -0.002251625 0.03308999 -0.003151297 -0.002251625 0.03308999 -0.003151297 -0.002251625 0.03308999 -0.003151297 -0.002251625 0.03308093 -0.003313422 -0.006666183 0.03308093 -0.003313422 -0.006666183 0.03308093 -0.003313422 -0.006666183 0.03308093 -0.003313422 -0.006666183 0.03308713 -0.003202676 -0.006349146 0.03308713 -0.003202676 -0.006349146 0.03308713 -0.003202676 -0.006349146 0.03308713 -0.003202676 -0.006349146 0.03323507 -5.5541e-4 -0.002251625 0.03323507 -5.5541e-4 -0.002251625 0.03323507 -5.5541e-4 -0.002251625 0.03323793 -5.04034e-4 -0.006349146 0.03323793 -5.04034e-4 -0.006349146 0.03323793 -5.04034e-4 -0.006349146 0.03323793 -5.04034e-4 -0.006349146 0.03324413 -3.9327e-4 -0.006666183 0.03324413 -3.9327e-4 -0.006666183 0.03324413 -3.9327e-4 -0.006666183 0.03324413 -3.9327e-4 -0.006666183 0.03273558 -0.009492218 0.001351416 0.03273558 -0.009492218 0.001351416 0.03273558 -0.009492218 0.001351416 0.03275328 -0.009175717 0.00146234 0.03275328 -0.009175717 0.00146234 0.03275328 -0.009175717 0.00146234 0.03277194 -0.008842468 0.00149995 0.03277194 -0.008842468 0.00149995 0.03277194 -0.008842468 0.00149995 0.03279054 -0.008509159 0.00146234 0.03279054 -0.008509159 0.00146234 0.03279054 -0.008509159 0.00146234 0.03280824 -0.008192658 0.001351416 0.03280824 -0.008192658 0.001351416 0.03280824 -0.008192658 0.001351416 0.03282409 -0.007908642 0.001172721 0.03282409 -0.007908642 0.001172721 0.03282409 -0.007908642 0.001172721 0.03283739 -0.007671535 9.35237e-4 0.03283739 -0.007671535 9.35237e-4 0.03283739 -0.007671535 9.35237e-4 0.03284734 -0.007493078 6.50828e-4 0.03284734 -0.007493078 6.50828e-4 0.03284734 -0.007493078 6.50828e-4 0.03285354 -0.007382333 3.33784e-4 0.03285354 -0.007382333 3.33784e-4 0.03285354 -0.007382333 3.33784e-4 0.03285354 -0.007382333 3.33784e-4 0.03302621 -0.004292726 8.89254e-4 0.03302621 -0.004292726 8.89254e-4 0.03302621 -0.004292726 8.89254e-4 0.03302621 -0.004292726 8.89254e-4 0.03303688 -0.004101514 0.001299977 0.03303688 -0.004101514 0.001299977 0.03303688 -0.004101514 0.001299977 0.03305137 -0.003841936 0.001671195 0.03305137 -0.003841936 0.001671195 0.03305137 -0.003841936 0.001671195 0.03306925 -0.003521978 0.001991689 0.03306925 -0.003521978 0.001991689 0.03306925 -0.003521978 0.001991689 0.03308999 -0.003151297 0.002251625 0.03308999 -0.003151297 0.002251625 0.03308999 -0.003151297 0.002251625 0.03308999 -0.003151297 0.002251625 0.03308999 -0.003151297 0.002251625 0.03308093 -0.003313422 0.006666183 0.03308093 -0.003313422 0.006666183 0.03308093 -0.003313422 0.006666183 0.03308093 -0.003313422 0.006666183 0.03308093 -0.003313422 0.006666183 0.03311032 -0.002787113 0.00817269 0.03311032 -0.002787113 0.00817269 0.03311032 -0.002787113 0.00817269 0.03311032 -0.002787113 0.00817269 0.03312623 -0.002503156 0.008351445 0.03312623 -0.002503156 0.008351445 0.03312623 -0.002503156 0.008351445 0.03314387 -0.002186596 0.008462369 0.03314387 -0.002186596 0.008462369 0.03314387 -0.002186596 0.008462369 0.03316253 -0.001853346 0.008499979 0.03316253 -0.001853346 0.008499979 0.03316253 -0.001853346 0.008499979 0.03318113 -0.001520097 0.008462369 0.03318113 -0.001520097 0.008462369 0.03318113 -0.001520097 0.008462369 0.03319883 -0.001203536 0.008351445 0.03319883 -0.001203536 0.008351445 0.03319883 -0.001203536 0.008351445 0.03321468 -9.19607e-4 0.00817269 0.03321468 -9.19607e-4 0.00817269 0.03321468 -9.19607e-4 0.00817269 0.03322798 -6.82455e-4 0.007935225 0.03322798 -6.82455e-4 0.007935225 0.03322798 -6.82455e-4 0.007935225 0.03322798 -6.82455e-4 0.007935225 0.03323793 -5.04034e-4 0.007650792 0.03323793 -5.04034e-4 0.007650792 0.03323793 -5.04034e-4 0.007650792 0.03323793 -5.04034e-4 0.007650792 0.03324413 -3.9327e-4 0.007333755 0.03324413 -3.9327e-4 0.007333755 0.03324413 -3.9327e-4 0.007333755 0.03324413 -3.9327e-4 0.007333755 0.03324621 -3.55718e-4 0.006999969 0.03324621 -3.55718e-4 0.006999969 0.03324621 -3.55718e-4 0.006999969 0.03324621 -3.55718e-4 0.006999969 0.03325575 -1.84729e-4 0.001991689 0.03325575 -1.84729e-4 0.001991689 0.03325575 -1.84729e-4 0.001991689 0.03325575 -1.84729e-4 0.001991689 0.03377121 0.009038746 0.007296323 0.03377121 0.009038746 0.007296323 0.03377121 0.009038746 0.007296323 0.03375041 0.00866568 0.00771445 0.03375041 0.00866568 0.00771445 0.03375041 0.00866568 0.00771445 0.03375041 0.00866568 0.00771445 0.03353446 0.004802405 0.00146234 0.03353446 0.004802405 0.00146234 0.03353446 0.004802405 0.00146234 0.03353446 0.004802405 0.00146234 0.03328818 3.9477e-4 0.001299977 0.03328818 3.9477e-4 0.001299977 0.03328818 3.9477e-4 0.001299977 0.03328818 3.9477e-4 0.001299977 0.03351682 0.004485905 0.001351416 0.03351682 0.004485905 0.001351416 0.03351682 0.004485905 0.001351416 0.03327363 1.35248e-4 0.001671195 0.03327363 1.35248e-4 0.001671195 0.03327363 1.35248e-4 0.001671195 0.03327363 1.35248e-4 0.001671195 0.03351682 0.004485905 -0.001351416 0.03351682 0.004485905 -0.001351416 0.03351682 0.004485905 -0.001351416 0.0335009 0.004201889 -0.001172721 0.0335009 0.004201889 -0.001172721 0.0335009 0.004201889 -0.001172721 0.03328818 3.9477e-4 -0.001299977 0.03328818 3.9477e-4 -0.001299977 0.03328818 3.9477e-4 -0.001299977 0.03328818 3.9477e-4 -0.001299977 0.03377121 0.009038746 -0.007296323 0.03377121 0.009038746 -0.007296323 0.03377121 0.009038746 -0.007296323 0.03377121 0.009038746 -0.007296323 0.03377121 0.009038746 -0.007296323 0.03375041 0.00866568 -0.00771445 0.03375041 0.00866568 -0.00771445 0.03375041 0.00866568 -0.00771445 0.03314387 -0.002186596 -0.005537569 0.03314387 -0.002186596 -0.005537569 0.03314387 -0.002186596 -0.005537569 0.03313732 -0.002304136 -0.002560496 0.03313732 -0.002304136 -0.002560496 0.03313732 -0.002304136 -0.002560496 0.03312623 -0.002503156 -0.005648493 0.03312623 -0.002503156 -0.005648493 0.03312623 -0.002503156 -0.005648493 0.03321468 -9.19607e-4 -0.005827248 0.03321468 -9.19607e-4 -0.005827248 0.03321468 -9.19607e-4 -0.005827248 0.03321212 -9.65505e-4 -0.002443194 0.03321212 -9.65505e-4 -0.002443194 0.03321212 -9.65505e-4 -0.002443194 0.03319883 -0.001203536 -0.005648493 0.03319883 -0.001203536 -0.005648493 0.03319883 -0.001203536 -0.005648493 0.03318768 -0.001402556 -0.002560496 0.03318768 -0.001402556 -0.002560496 0.03318768 -0.001402556 -0.002560496 0.03318113 -0.001520097 -0.005537569 0.03318113 -0.001520097 -0.005537569 0.03318113 -0.001520097 -0.005537569 0.03316253 -0.001853346 -0.002599954 0.03316253 -0.001853346 -0.002599954 0.03316253 -0.001853346 -0.002599954 0.03316253 -0.001853346 -0.005499958 0.03316253 -0.001853346 -0.005499958 0.03316253 -0.001853346 -0.005499958 0.03322798 -6.82455e-4 -0.006064713 0.03322798 -6.82455e-4 -0.006064713 0.03322798 -6.82455e-4 -0.006064713 0.03322798 -6.82455e-4 -0.006064713 0.03308713 -0.003202676 0.006349146 0.03308713 -0.003202676 0.006349146 0.03308713 -0.003202676 0.006349146 0.03308713 -0.003202676 0.006349146 0.03311288 -0.002741217 0.002443194 0.03311288 -0.002741217 0.002443194 0.03311288 -0.002741217 0.002443194 0.03309708 -0.00302428 0.006064713 0.03309708 -0.00302428 0.006064713 0.03309708 -0.00302428 0.006064713 0.03311032 -0.002787113 0.005827248 0.03311032 -0.002787113 0.005827248 0.03311032 -0.002787113 0.005827248 0.03321468 -9.19607e-4 0.005827248 0.03321468 -9.19607e-4 0.005827248 0.03321468 -9.19607e-4 0.005827248 0.03319883 -0.001203536 0.005648493 0.03319883 -0.001203536 0.005648493 0.03319883 -0.001203536 0.005648493 0.03321212 -9.65505e-4 0.002443194 0.03321212 -9.65505e-4 0.002443194 0.03321212 -9.65505e-4 0.002443194 0.03318113 -0.001520097 0.005537569 0.03318113 -0.001520097 0.005537569 0.03318113 -0.001520097 0.005537569 0.03318768 -0.001402556 0.002560496 0.03318768 -0.001402556 0.002560496 0.03318768 -0.001402556 0.002560496 0.03316253 -0.001853346 0.005499958 0.03316253 -0.001853346 0.005499958 0.03316253 -0.001853346 0.005499958 0.03316253 -0.001853346 0.002599954 0.03316253 -0.001853346 0.002599954 0.03316253 -0.001853346 0.002599954 0.03323793 -5.04034e-4 0.006349146 0.03323793 -5.04034e-4 0.006349146 0.03323793 -5.04034e-4 0.006349146 0.03323793 -5.04034e-4 0.006349146 0.03323793 -5.04034e-4 0.006349146 0.03322798 -6.82455e-4 0.006064713 0.03322798 -6.82455e-4 0.006064713 0.03322798 -6.82455e-4 0.006064713 0.03323507 -5.5541e-4 0.002251625 0.03323507 -5.5541e-4 0.002251625 0.03323507 -5.5541e-4 0.002251625 0.03324413 -3.9327e-4 0.006666183 0.03324413 -3.9327e-4 0.006666183 0.03324413 -3.9327e-4 0.006666183 0.03324413 -3.9327e-4 0.006666183 0.03324413 -3.9327e-4 0.006666183 -0.01549988 -0.0482102 -0.01424998 -0.01549988 -0.0482102 -0.01424998 -0.01549988 -0.0482102 -0.01424998 -0.01549988 -0.0482102 -0.01424998 -0.01763755 -0.08646017 -0.006463706 -0.01763755 -0.08646017 -0.006463706 -0.01763755 -0.08646017 -0.006463706 -0.01763755 -0.08646017 -0.006463706 -0.01759821 -0.08575618 -0.006540358 -0.01759821 -0.08575618 -0.006540358 -0.01759821 -0.08575618 -0.006540358 -0.01759821 -0.08575618 -0.006540358 -0.01755863 -0.08504813 -0.006540358 -0.01755863 -0.08504813 -0.006540358 -0.01755863 -0.08504813 -0.006540358 -0.01755863 -0.08504813 -0.006540358 -0.01751929 -0.08434414 -0.006463706 -0.01751929 -0.08434414 -0.006463706 -0.01751929 -0.08434414 -0.006463706 -0.01748067 -0.08365261 -0.006311237 -0.01748067 -0.08365261 -0.006311237 -0.01748067 -0.08365261 -0.006311237 -0.01744318 -0.08298152 -0.00608474 -0.01744318 -0.08298152 -0.00608474 -0.01744318 -0.08298152 -0.00608474 -0.01740723 -0.08233886 -0.005786955 -0.01740723 -0.08233886 -0.005786955 -0.01740723 -0.08233886 -0.005786955 -0.01737332 -0.08173215 -0.00542134 -0.01737332 -0.08173215 -0.00542134 -0.01737332 -0.08173215 -0.00542134 -0.01734179 -0.08116841 -0.004992127 -0.01734179 -0.08116841 -0.004992127 -0.01734179 -0.08116841 -0.004992127 -0.01731306 -0.08065432 -0.004504382 -0.01731306 -0.08065432 -0.004504382 -0.01731306 -0.08065432 -0.004504382 -0.01728749 -0.0801959 -0.003963828 -0.01728749 -0.0801959 -0.003963828 -0.01728749 -0.0801959 -0.003963828 -0.01726526 -0.07979851 -0.003376841 -0.01726526 -0.07979851 -0.003376841 -0.01726526 -0.07979851 -0.003376841 -0.01726526 -0.07979851 -0.003376841 -0.01724672 -0.07946681 -0.002750217 -0.01724672 -0.07946681 -0.002750217 -0.01724672 -0.07946681 -0.002750217 -0.01723206 -0.07920473 -0.002091407 -0.01723206 -0.07920473 -0.002091407 -0.01723206 -0.07920473 -0.002091407 -0.01723206 -0.07920473 -0.002091407 -0.01722151 -0.07901525 -0.00140804 -0.01722151 -0.07901525 -0.00140804 -0.01722151 -0.07901525 -0.00140804 -0.01721507 -0.07890075 -7.08177e-4 -0.01721507 -0.07890075 -7.08177e-4 -0.01721507 -0.07890075 -7.08177e-4 -0.01721292 -0.07886236 0 -0.01721292 -0.07886236 0 -0.01721292 -0.07886236 0 -0.01549988 -0.0482102 0.01424998 -0.01549988 -0.0482102 0.01424998 -0.01549988 -0.0482102 0.01424998 -0.01549988 -0.0482102 0.01424998 -0.01834565 -0.09913074 -0.01424998 -0.01834565 -0.09913074 -0.01424998 -0.01834565 -0.09913074 -0.01424998 -0.01794391 -0.09194195 0 -0.01794391 -0.09194195 0 -0.01794391 -0.09194195 0 -0.01794391 -0.09194195 0 -0.01794177 -0.09190362 -7.08177e-4 -0.01794177 -0.09190362 -7.08177e-4 -0.01794177 -0.09190362 -7.08177e-4 -0.01793539 -0.09178906 -0.00140804 -0.01793539 -0.09178906 -0.00140804 -0.01793539 -0.09178906 -0.00140804 -0.01793539 -0.09178906 -0.00140804 -0.01792478 -0.09159964 -0.002091407 -0.01792478 -0.09159964 -0.002091407 -0.01792478 -0.09159964 -0.002091407 -0.01792478 -0.09159964 -0.002091407 -0.01791012 -0.0913375 -0.002750217 -0.01791012 -0.0913375 -0.002750217 -0.01791012 -0.0913375 -0.002750217 -0.01789158 -0.09100586 -0.003376841 -0.01789158 -0.09100586 -0.003376841 -0.01789158 -0.09100586 -0.003376841 -0.01786941 -0.09060847 -0.003963828 -0.01786941 -0.09060847 -0.003963828 -0.01786941 -0.09060847 -0.003963828 -0.01784378 -0.09014999 -0.004504382 -0.01784378 -0.09014999 -0.004504382 -0.01784378 -0.09014999 -0.004504382 -0.01781505 -0.0896359 -0.004992127 -0.01781505 -0.0896359 -0.004992127 -0.01781505 -0.0896359 -0.004992127 -0.01778352 -0.08907222 -0.00542134 -0.01778352 -0.08907222 -0.00542134 -0.01778352 -0.08907222 -0.00542134 -0.01778352 -0.08907222 -0.00542134 -0.0177496 -0.08846545 -0.005786955 -0.0177496 -0.08846545 -0.005786955 -0.0177496 -0.08846545 -0.005786955 -0.01771372 -0.08782279 -0.00608474 -0.01771372 -0.08782279 -0.00608474 -0.01771372 -0.08782279 -0.00608474 -0.01771372 -0.08782279 -0.00608474 -0.01767617 -0.08715176 -0.006311237 -0.01767617 -0.08715176 -0.006311237 -0.01767617 -0.08715176 -0.006311237 -0.01853621 -0.1025396 -0.01083576 -0.01853621 -0.1025396 -0.01083576 -0.01853621 -0.1025396 -0.01083576 -0.01855003 -0.102788 -0.01053267 -0.01855003 -0.102788 -0.01053267 -0.01855003 -0.102788 -0.01053267 -0.0185604 -0.1029725 -0.01018691 -0.0185604 -0.1029725 -0.01018691 -0.0185604 -0.1029725 -0.01018691 -0.01856672 -0.1030861 -0.009811699 -0.01856672 -0.1030861 -0.009811699 -0.01856672 -0.1030861 -0.009811699 -0.01856672 -0.1030861 -0.009811699 -0.01856887 -0.1031245 -0.009421527 -0.01856887 -0.1031245 -0.009421527 -0.01856887 -0.1031245 -0.009421527 -0.01856887 -0.1031245 -0.009421527 -0.01856887 -0.1031245 0.009421527 -0.01856887 -0.1031245 0.009421527 -0.01856887 -0.1031245 0.009421527 -0.01856672 -0.1030861 0.009811699 -0.01856672 -0.1030861 0.009811699 -0.01856672 -0.1030861 0.009811699 -0.01856672 -0.1030861 0.009811699 -0.0185604 -0.1029725 0.01018691 -0.0185604 -0.1029725 0.01018691 -0.0185604 -0.1029725 0.01018691 -0.0185604 -0.1029725 0.01018691 -0.01855003 -0.102788 0.01053267 -0.01855003 -0.102788 0.01053267 -0.01855003 -0.102788 0.01053267 -0.01855003 -0.102788 0.01053267 -0.01853621 -0.1025396 0.01083576 -0.01853621 -0.1025396 0.01083576 -0.01853621 -0.1025396 0.01083576 -0.01853621 -0.1025396 0.01083576 -0.01834565 -0.09913074 0.01424998 -0.01834565 -0.09913074 0.01424998 -0.01834565 -0.09913074 0.01424998 -0.01721507 -0.07890075 7.08181e-4 -0.01721507 -0.07890075 7.08181e-4 -0.01721507 -0.07890075 7.08181e-4 -0.01722151 -0.07901525 0.00140804 -0.01722151 -0.07901525 0.00140804 -0.01722151 -0.07901525 0.00140804 -0.01722151 -0.07901525 0.00140804 -0.01723206 -0.07920473 0.002091407 -0.01723206 -0.07920473 0.002091407 -0.01723206 -0.07920473 0.002091407 -0.01724672 -0.07946681 0.002750217 -0.01724672 -0.07946681 0.002750217 -0.01724672 -0.07946681 0.002750217 -0.01724672 -0.07946681 0.002750217 -0.01726526 -0.07979851 0.003376841 -0.01726526 -0.07979851 0.003376841 -0.01726526 -0.07979851 0.003376841 -0.01728749 -0.0801959 0.003963887 -0.01728749 -0.0801959 0.003963887 -0.01728749 -0.0801959 0.003963887 -0.01731306 -0.08065432 0.004504382 -0.01731306 -0.08065432 0.004504382 -0.01731306 -0.08065432 0.004504382 -0.01731306 -0.08065432 0.004504382 -0.01734179 -0.08116841 0.004992127 -0.01734179 -0.08116841 0.004992127 -0.01734179 -0.08116841 0.004992127 -0.01737332 -0.08173215 0.00542134 -0.01737332 -0.08173215 0.00542134 -0.01737332 -0.08173215 0.00542134 -0.01740723 -0.08233886 0.005786955 -0.01740723 -0.08233886 0.005786955 -0.01740723 -0.08233886 0.005786955 -0.01744318 -0.08298152 0.00608474 -0.01744318 -0.08298152 0.00608474 -0.01744318 -0.08298152 0.00608474 -0.01748067 -0.08365261 0.006311237 -0.01748067 -0.08365261 0.006311237 -0.01748067 -0.08365261 0.006311237 -0.01751929 -0.08434414 0.006463706 -0.01751929 -0.08434414 0.006463706 -0.01751929 -0.08434414 0.006463706 -0.01751929 -0.08434414 0.006463706 -0.01755863 -0.08504813 0.006540358 -0.01755863 -0.08504813 0.006540358 -0.01755863 -0.08504813 0.006540358 -0.01759821 -0.08575618 0.006540358 -0.01759821 -0.08575618 0.006540358 -0.01759821 -0.08575618 0.006540358 -0.01759821 -0.08575618 0.006540358 -0.01763755 -0.08646017 0.006463706 -0.01763755 -0.08646017 0.006463706 -0.01763755 -0.08646017 0.006463706 -0.01763755 -0.08646017 0.006463706 -0.01767617 -0.08715176 0.006311237 -0.01767617 -0.08715176 0.006311237 -0.01767617 -0.08715176 0.006311237 -0.01767617 -0.08715176 0.006311237 -0.01771372 -0.08782279 0.00608474 -0.01771372 -0.08782279 0.00608474 -0.01771372 -0.08782279 0.00608474 -0.0177496 -0.08846545 0.005786955 -0.0177496 -0.08846545 0.005786955 -0.0177496 -0.08846545 0.005786955 -0.0177496 -0.08846545 0.005786955 -0.01778352 -0.08907222 0.00542134 -0.01778352 -0.08907222 0.00542134 -0.01778352 -0.08907222 0.00542134 -0.01781505 -0.0896359 0.004992127 -0.01781505 -0.0896359 0.004992127 -0.01781505 -0.0896359 0.004992127 -0.01784378 -0.09014999 0.004504382 -0.01784378 -0.09014999 0.004504382 -0.01784378 -0.09014999 0.004504382 -0.01786941 -0.09060847 0.003963887 -0.01786941 -0.09060847 0.003963887 -0.01786941 -0.09060847 0.003963887 -0.01789158 -0.09100586 0.003376841 -0.01789158 -0.09100586 0.003376841 -0.01789158 -0.09100586 0.003376841 -0.01791012 -0.0913375 0.002750217 -0.01791012 -0.0913375 0.002750217 -0.01791012 -0.0913375 0.002750217 -0.01792478 -0.09159964 0.002091407 -0.01792478 -0.09159964 0.002091407 -0.01792478 -0.09159964 0.002091407 -0.01792478 -0.09159964 0.002091407 -0.01793539 -0.09178906 0.00140804 -0.01793539 -0.09178906 0.00140804 -0.01793539 -0.09178906 0.00140804 -0.01793539 -0.09178906 0.00140804 -0.01794177 -0.09190362 7.08181e-4 -0.01794177 -0.09190362 7.08181e-4 -0.01794177 -0.09190362 7.08181e-4 -0.01794177 -0.09190362 7.08181e-4 0.009806871 -0.05237883 -0.003499984 0.009806871 -0.05237883 -0.003499984 0.009806871 -0.05237883 -0.003499984 0.009788215 -0.05271208 -0.003537595 0.009788215 -0.05271208 -0.003537595 0.009788215 -0.05271208 -0.003537595 0.009788215 -0.05271208 -0.003537595 0.009770512 -0.05302864 -0.003648519 0.009770512 -0.05302864 -0.003648519 0.009770512 -0.05302864 -0.003648519 0.009770512 -0.05302864 -0.003648519 0.009754657 -0.05331259 -0.003827214 0.009754657 -0.05331259 -0.003827214 0.009754657 -0.05331259 -0.003827214 0.009741425 -0.05354976 -0.004064738 0.009741425 -0.05354976 -0.004064738 0.009741425 -0.05354976 -0.004064738 0.009741425 -0.05354976 -0.004064738 0.009731471 -0.05372816 -0.004349112 0.009731471 -0.05372816 -0.004349112 0.009731471 -0.05372816 -0.004349112 0.009731471 -0.05372816 -0.004349112 0.009725272 -0.0538389 -0.004666209 0.009725272 -0.0538389 -0.004666209 0.009725272 -0.0538389 -0.004666209 0.009723126 -0.05387651 -0.004999995 0.009723126 -0.05387651 -0.004999995 0.009723126 -0.05387651 -0.004999995 0.009825468 -0.05204558 -0.003537595 0.009825468 -0.05204558 -0.003537595 0.009825468 -0.05204558 -0.003537595 0.00984317 -0.05172902 -0.003648519 0.00984317 -0.05172902 -0.003648519 0.00984317 -0.05172902 -0.003648519 0.009859025 -0.05144506 -0.003827214 0.009859025 -0.05144506 -0.003827214 0.009859025 -0.05144506 -0.003827214 0.009872257 -0.0512079 -0.004064738 0.009872257 -0.0512079 -0.004064738 0.009872257 -0.0512079 -0.004064738 0.009882271 -0.0510295 -0.004349112 0.009882271 -0.0510295 -0.004349112 0.009882271 -0.0510295 -0.004349112 0.009882271 -0.0510295 -0.004349112 0.00988847 -0.05091869 -0.004666209 0.00988847 -0.05091869 -0.004666209 0.00988847 -0.05091869 -0.004666209 0.009890556 -0.05088114 -0.004999995 0.009890556 -0.05088114 -0.004999995 0.009890556 -0.05088114 -0.004999995 0.009806871 -0.05237883 -0.006499946 0.009806871 -0.05237883 -0.006499946 0.009806871 -0.05237883 -0.006499946 0.009825468 -0.05204558 -0.006462335 0.009825468 -0.05204558 -0.006462335 0.009825468 -0.05204558 -0.006462335 0.00984317 -0.05172902 -0.006351411 0.00984317 -0.05172902 -0.006351411 0.00984317 -0.05172902 -0.006351411 0.009859025 -0.05144506 -0.006172716 0.009859025 -0.05144506 -0.006172716 0.009859025 -0.05144506 -0.006172716 0.009872257 -0.0512079 -0.005935192 0.009872257 -0.0512079 -0.005935192 0.009872257 -0.0512079 -0.005935192 0.009872257 -0.0512079 -0.005935192 0.009882271 -0.0510295 -0.005650818 0.009882271 -0.0510295 -0.005650818 0.009882271 -0.0510295 -0.005650818 0.00988847 -0.05091869 -0.005333721 0.00988847 -0.05091869 -0.005333721 0.00988847 -0.05091869 -0.005333721 0.009788215 -0.05271208 -0.006462335 0.009788215 -0.05271208 -0.006462335 0.009788215 -0.05271208 -0.006462335 0.009770512 -0.05302864 -0.006351411 0.009770512 -0.05302864 -0.006351411 0.009770512 -0.05302864 -0.006351411 0.009770512 -0.05302864 -0.006351411 0.009754657 -0.05331259 -0.006172716 0.009754657 -0.05331259 -0.006172716 0.009754657 -0.05331259 -0.006172716 0.009741425 -0.05354976 -0.005935192 0.009741425 -0.05354976 -0.005935192 0.009741425 -0.05354976 -0.005935192 0.009731471 -0.05372816 -0.005650818 0.009731471 -0.05372816 -0.005650818 0.009731471 -0.05372816 -0.005650818 0.009731471 -0.05372816 -0.005650818 0.009725272 -0.0538389 -0.005333721 0.009725272 -0.0538389 -0.005333721 0.009725272 -0.0538389 -0.005333721 0.009725272 -0.0538389 -0.005333721 0.009806871 -0.05237883 0.006499946 0.009806871 -0.05237883 0.006499946 0.009806871 -0.05237883 0.006499946 0.009788215 -0.05271208 0.006462335 0.009788215 -0.05271208 0.006462335 0.009788215 -0.05271208 0.006462335 0.009788215 -0.05271208 0.006462335 0.009770512 -0.05302864 0.006351411 0.009770512 -0.05302864 0.006351411 0.009770512 -0.05302864 0.006351411 0.009770512 -0.05302864 0.006351411 0.009754657 -0.05331259 0.006172716 0.009754657 -0.05331259 0.006172716 0.009754657 -0.05331259 0.006172716 0.009741425 -0.05354976 0.005935192 0.009741425 -0.05354976 0.005935192 0.009741425 -0.05354976 0.005935192 0.009741425 -0.05354976 0.005935192 0.009731471 -0.05372816 0.005650818 0.009731471 -0.05372816 0.005650818 0.009731471 -0.05372816 0.005650818 0.009731471 -0.05372816 0.005650818 0.009725272 -0.0538389 0.005333721 0.009725272 -0.0538389 0.005333721 0.009725272 -0.0538389 0.005333721 0.009723126 -0.05387651 0.004999995 0.009723126 -0.05387651 0.004999995 0.009723126 -0.05387651 0.004999995 0.009825468 -0.05204558 0.006462335 0.009825468 -0.05204558 0.006462335 0.009825468 -0.05204558 0.006462335 0.00984317 -0.05172902 0.006351411 0.00984317 -0.05172902 0.006351411 0.00984317 -0.05172902 0.006351411 0.009859025 -0.05144506 0.006172716 0.009859025 -0.05144506 0.006172716 0.009859025 -0.05144506 0.006172716 0.009872257 -0.0512079 0.005935192 0.009872257 -0.0512079 0.005935192 0.009872257 -0.0512079 0.005935192 0.009882271 -0.0510295 0.005650818 0.009882271 -0.0510295 0.005650818 0.009882271 -0.0510295 0.005650818 0.009882271 -0.0510295 0.005650818 0.00988847 -0.05091869 0.005333721 0.00988847 -0.05091869 0.005333721 0.00988847 -0.05091869 0.005333721 0.009890556 -0.05088114 0.004999995 0.009890556 -0.05088114 0.004999995 0.009890556 -0.05088114 0.004999995 0.009806871 -0.05237883 0.003499984 0.009806871 -0.05237883 0.003499984 0.009806871 -0.05237883 0.003499984 0.009825468 -0.05204558 0.003537595 0.009825468 -0.05204558 0.003537595 0.009825468 -0.05204558 0.003537595 0.00984317 -0.05172902 0.003648519 0.00984317 -0.05172902 0.003648519 0.00984317 -0.05172902 0.003648519 0.009859025 -0.05144506 0.003827214 0.009859025 -0.05144506 0.003827214 0.009859025 -0.05144506 0.003827214 0.009872257 -0.0512079 0.004064738 0.009872257 -0.0512079 0.004064738 0.009872257 -0.0512079 0.004064738 0.009872257 -0.0512079 0.004064738 0.009882271 -0.0510295 0.004349172 0.009882271 -0.0510295 0.004349172 0.009882271 -0.0510295 0.004349172 0.00988847 -0.05091869 0.004666209 0.00988847 -0.05091869 0.004666209 0.00988847 -0.05091869 0.004666209 0.009788215 -0.05271208 0.003537595 0.009788215 -0.05271208 0.003537595 0.009788215 -0.05271208 0.003537595 0.009770512 -0.05302864 0.003648519 0.009770512 -0.05302864 0.003648519 0.009770512 -0.05302864 0.003648519 0.009770512 -0.05302864 0.003648519 0.009754657 -0.05331259 0.003827214 0.009754657 -0.05331259 0.003827214 0.009754657 -0.05331259 0.003827214 0.009741425 -0.05354976 0.004064738 0.009741425 -0.05354976 0.004064738 0.009741425 -0.05354976 0.004064738 0.009731471 -0.05372816 0.004349172 0.009731471 -0.05372816 0.004349172 0.009731471 -0.05372816 0.004349172 0.009731471 -0.05372816 0.004349172 0.009725272 -0.0538389 0.004666209 0.009725272 -0.0538389 0.004666209 0.009725272 -0.0538389 0.004666209 0.009725272 -0.0538389 0.004666209 0.007072687 -0.1013025 -0.006499946 0.007072687 -0.1013025 -0.006499946 0.007072687 -0.1013025 -0.006499946 0.007091343 -0.1009692 -0.006462335 0.007091343 -0.1009692 -0.006462335 0.007091343 -0.1009692 -0.006462335 0.007091343 -0.1009692 -0.006462335 0.007108986 -0.1006526 -0.006351411 0.007108986 -0.1006526 -0.006351411 0.007108986 -0.1006526 -0.006351411 0.007124841 -0.1003687 -0.006172716 0.007124841 -0.1003687 -0.006172716 0.007124841 -0.1003687 -0.006172716 0.007124841 -0.1003687 -0.006172716 0.007138133 -0.1001315 -0.005935192 0.007138133 -0.1001315 -0.005935192 0.007138133 -0.1001315 -0.005935192 0.007148087 -0.09995311 -0.005650818 0.007148087 -0.09995311 -0.005650818 0.007148087 -0.09995311 -0.005650818 0.007148087 -0.09995311 -0.005650818 0.007154285 -0.09984236 -0.005333721 0.007154285 -0.09984236 -0.005333721 0.007154285 -0.09984236 -0.005333721 0.007154285 -0.09984236 -0.005333721 0.007156372 -0.09980481 -0.004999995 0.007156372 -0.09980481 -0.004999995 0.007156372 -0.09980481 -0.004999995 0.00705409 -0.1016358 -0.006462335 0.00705409 -0.1016358 -0.006462335 0.00705409 -0.1016358 -0.006462335 0.00705409 -0.1016358 -0.006462335 0.007036387 -0.1019523 -0.006351411 0.007036387 -0.1019523 -0.006351411 0.007036387 -0.1019523 -0.006351411 0.007020473 -0.1022362 -0.006172716 0.007020473 -0.1022362 -0.006172716 0.007020473 -0.1022362 -0.006172716 0.007007241 -0.1024734 -0.005935192 0.007007241 -0.1024734 -0.005935192 0.007007241 -0.1024734 -0.005935192 0.006997287 -0.1026518 -0.005650818 0.006997287 -0.1026518 -0.005650818 0.006997287 -0.1026518 -0.005650818 0.006997287 -0.1026518 -0.005650818 0.006991088 -0.1027626 -0.005333721 0.006991088 -0.1027626 -0.005333721 0.006991088 -0.1027626 -0.005333721 0.006989002 -0.1028001 -0.004999995 0.006989002 -0.1028001 -0.004999995 0.006989002 -0.1028001 -0.004999995 0.006989002 -0.1028001 -0.004999995 0.007072687 -0.1013025 -0.003499984 0.007072687 -0.1013025 -0.003499984 0.007072687 -0.1013025 -0.003499984 0.00705409 -0.1016358 -0.003537595 0.00705409 -0.1016358 -0.003537595 0.00705409 -0.1016358 -0.003537595 0.00705409 -0.1016358 -0.003537595 0.00705409 -0.1016358 -0.003537595 0.007036387 -0.1019523 -0.003648519 0.007036387 -0.1019523 -0.003648519 0.007036387 -0.1019523 -0.003648519 0.007020473 -0.1022362 -0.003827214 0.007020473 -0.1022362 -0.003827214 0.007020473 -0.1022362 -0.003827214 0.007007241 -0.1024734 -0.004064738 0.007007241 -0.1024734 -0.004064738 0.007007241 -0.1024734 -0.004064738 0.007007241 -0.1024734 -0.004064738 0.006997287 -0.1026518 -0.004349112 0.006997287 -0.1026518 -0.004349112 0.006997287 -0.1026518 -0.004349112 0.006997287 -0.1026518 -0.004349112 0.006991088 -0.1027626 -0.004666209 0.006991088 -0.1027626 -0.004666209 0.006991088 -0.1027626 -0.004666209 0.006991088 -0.1027626 -0.004666209 0.007091343 -0.1009692 -0.003537595 0.007091343 -0.1009692 -0.003537595 0.007091343 -0.1009692 -0.003537595 0.007091343 -0.1009692 -0.003537595 0.007108986 -0.1006526 -0.003648519 0.007108986 -0.1006526 -0.003648519 0.007108986 -0.1006526 -0.003648519 0.007108986 -0.1006526 -0.003648519 0.007124841 -0.1003687 -0.003827214 0.007124841 -0.1003687 -0.003827214 0.007124841 -0.1003687 -0.003827214 0.007138133 -0.1001315 -0.004064738 0.007138133 -0.1001315 -0.004064738 0.007138133 -0.1001315 -0.004064738 0.007148087 -0.09995311 -0.004349112 0.007148087 -0.09995311 -0.004349112 0.007148087 -0.09995311 -0.004349112 0.007154285 -0.09984236 -0.004666209 0.007154285 -0.09984236 -0.004666209 0.007154285 -0.09984236 -0.004666209 0.007154285 -0.09984236 -0.004666209 0.007072687 -0.1013025 0.003499984 0.007072687 -0.1013025 0.003499984 0.007072687 -0.1013025 0.003499984 0.007091343 -0.1009692 0.003537595 0.007091343 -0.1009692 0.003537595 0.007091343 -0.1009692 0.003537595 0.007091343 -0.1009692 0.003537595 0.007108986 -0.1006526 0.003648519 0.007108986 -0.1006526 0.003648519 0.007108986 -0.1006526 0.003648519 0.007124841 -0.1003687 0.003827214 0.007124841 -0.1003687 0.003827214 0.007124841 -0.1003687 0.003827214 0.007124841 -0.1003687 0.003827214 0.007138133 -0.1001315 0.004064738 0.007138133 -0.1001315 0.004064738 0.007138133 -0.1001315 0.004064738 0.007148087 -0.09995311 0.004349172 0.007148087 -0.09995311 0.004349172 0.007148087 -0.09995311 0.004349172 0.007148087 -0.09995311 0.004349172 0.007154285 -0.09984236 0.004666209 0.007154285 -0.09984236 0.004666209 0.007154285 -0.09984236 0.004666209 0.007154285 -0.09984236 0.004666209 0.007156372 -0.09980481 0.004999995 0.007156372 -0.09980481 0.004999995 0.007156372 -0.09980481 0.004999995 0.00705409 -0.1016358 0.003537595 0.00705409 -0.1016358 0.003537595 0.00705409 -0.1016358 0.003537595 0.00705409 -0.1016358 0.003537595 0.007036387 -0.1019523 0.003648519 0.007036387 -0.1019523 0.003648519 0.007036387 -0.1019523 0.003648519 0.007020473 -0.1022362 0.003827214 0.007020473 -0.1022362 0.003827214 0.007020473 -0.1022362 0.003827214 0.007007241 -0.1024734 0.004064738 0.007007241 -0.1024734 0.004064738 0.007007241 -0.1024734 0.004064738 0.006997287 -0.1026518 0.004349172 0.006997287 -0.1026518 0.004349172 0.006997287 -0.1026518 0.004349172 0.006997287 -0.1026518 0.004349172 0.006991088 -0.1027626 0.004666209 0.006991088 -0.1027626 0.004666209 0.006991088 -0.1027626 0.004666209 0.006989002 -0.1028001 0.004999995 0.006989002 -0.1028001 0.004999995 0.006989002 -0.1028001 0.004999995 0.006989002 -0.1028001 0.004999995 0.007072687 -0.1013025 0.006499946 0.007072687 -0.1013025 0.006499946 0.007072687 -0.1013025 0.006499946 0.00705409 -0.1016358 0.006462335 0.00705409 -0.1016358 0.006462335 0.00705409 -0.1016358 0.006462335 0.00705409 -0.1016358 0.006462335 0.00705409 -0.1016358 0.006462335 0.007036387 -0.1019523 0.006351411 0.007036387 -0.1019523 0.006351411 0.007036387 -0.1019523 0.006351411 0.007020473 -0.1022362 0.006172716 0.007020473 -0.1022362 0.006172716 0.007020473 -0.1022362 0.006172716 0.007007241 -0.1024734 0.005935192 0.007007241 -0.1024734 0.005935192 0.007007241 -0.1024734 0.005935192 0.007007241 -0.1024734 0.005935192 0.006997287 -0.1026518 0.005650818 0.006997287 -0.1026518 0.005650818 0.006997287 -0.1026518 0.005650818 0.006997287 -0.1026518 0.005650818 0.006991088 -0.1027626 0.005333721 0.006991088 -0.1027626 0.005333721 0.006991088 -0.1027626 0.005333721 0.006991088 -0.1027626 0.005333721 0.007091343 -0.1009692 0.006462335 0.007091343 -0.1009692 0.006462335 0.007091343 -0.1009692 0.006462335 0.007091343 -0.1009692 0.006462335 0.007108986 -0.1006526 0.006351411 0.007108986 -0.1006526 0.006351411 0.007108986 -0.1006526 0.006351411 0.007108986 -0.1006526 0.006351411 0.007124841 -0.1003687 0.006172716 0.007124841 -0.1003687 0.006172716 0.007124841 -0.1003687 0.006172716 0.007138133 -0.1001315 0.005935192 0.007138133 -0.1001315 0.005935192 0.007138133 -0.1001315 0.005935192 0.007148087 -0.09995311 0.005650818 0.007148087 -0.09995311 0.005650818 0.007148087 -0.09995311 0.005650818 0.007154285 -0.09984236 0.005333721 0.007154285 -0.09984236 0.005333721 0.007154285 -0.09984236 0.005333721 0.007154285 -0.09984236 0.005333721 0.02635395 -0.03351151 0.01424998 0.02635395 -0.03351151 0.01424998 0.02635395 -0.03351151 0.01424998 0.02622938 -0.03405815 0.01424998 0.02622938 -0.03405815 0.01424998 0.02622938 -0.03405815 0.01424998 0.0260443 -0.0345875 0.01424998 0.0260443 -0.0345875 0.01424998 0.0260443 -0.0345875 0.01424998 0.02580118 -0.03509271 0.01424998 0.02580118 -0.03509271 0.01424998 0.02580118 -0.03509271 0.01424998 0.02550297 -0.03556758 0.01424998 0.02550297 -0.03556758 0.01424998 0.02550297 -0.03556758 0.01424998 0.02515351 -0.03600603 0.01424998 0.02515351 -0.03600603 0.01424998 0.02515351 -0.03600603 0.01424998 0.02475714 -0.03640264 0.01424998 0.02475714 -0.03640264 0.01424998 0.02475714 -0.03640264 0.01424998 0.03117877 -0.03678578 0.01424998 0.03117877 -0.03678578 0.01424998 0.03117877 -0.03678578 0.01424998 0.02958196 -0.03967696 0.01424998 0.02958196 -0.03967696 0.01424998 0.02958196 -0.03967696 0.01424998 0.01677542 -0.0435394 0.01424998 0.01677542 -0.0435394 0.01424998 0.01677542 -0.0435394 0.01424998 0.01633709 -0.04388916 0.01424998 0.01633709 -0.04388916 0.01424998 0.01633709 -0.04388916 0.01424998 0.01586246 -0.0441876 0.01424998 0.01586246 -0.0441876 0.01424998 0.01586246 -0.0441876 0.01424998 0.01535731 -0.04443103 0.01424998 0.01535731 -0.04443103 0.01424998 0.01535731 -0.04443103 0.01424998 0.01482814 -0.04461634 0.01424998 0.01482814 -0.04461634 0.01424998 0.01482814 -0.04461634 0.01424998 0.01428151 -0.04474127 0.01424998 0.01428151 -0.04474127 0.01424998 0.01428151 -0.04474127 0.01424998 0.01372438 -0.04480415 0.01424998 0.01372438 -0.04480415 0.01424998 0.01372438 -0.04480415 0.01424998 0.01316368 -0.04480433 0.01424998 0.01316368 -0.04480433 0.01424998 0.01316368 -0.04480433 0.01424998 0.02997833 -0.03928035 0.01424998 0.02997833 -0.03928035 0.01424998 0.02997833 -0.03928035 0.01424998 0.03032779 -0.0388419 0.01424998 0.03032779 -0.0388419 0.01424998 0.03032779 -0.0388419 0.01424998 0.03062599 -0.03836703 0.01424998 0.03062599 -0.03836703 0.01424998 0.03062599 -0.03836703 0.01424998 0.03086912 -0.03786182 0.01424998 0.03086912 -0.03786182 0.01424998 0.03086912 -0.03786182 0.01424998 0.03105413 -0.03733247 0.01424998 0.03105413 -0.03733247 0.01424998 0.03105413 -0.03733247 0.01424998 -0.02858132 -0.03138303 0.01424998 -0.02858132 -0.03138303 0.01424998 -0.02858132 -0.03138303 0.01424998 -0.02858132 -0.03138303 0.01424998 -0.0285812 -0.03194373 0.01424998 -0.0285812 -0.03194373 0.01424998 -0.0285812 -0.03194373 0.01424998 -0.02215683 -0.03227841 0.01424998 -0.02215683 -0.03227841 0.01424998 -0.02215683 -0.03227841 0.01424998 -0.02250653 -0.03184014 0.01424998 -0.02250653 -0.03184014 0.01424998 -0.02250653 -0.03184014 0.01424998 -0.02280497 -0.03136545 0.01424998 -0.02280497 -0.03136545 0.01424998 -0.02280497 -0.03136545 0.01424998 -0.0230484 -0.03086036 0.01424998 -0.0230484 -0.03086036 0.01424998 -0.0230484 -0.03086036 0.01424998 -0.02323371 -0.03033113 0.01424998 -0.02323371 -0.03033113 0.01424998 -0.02323371 -0.03033113 0.01424998 -0.02335864 -0.02978456 0.01424998 -0.02335864 -0.02978456 0.01424998 -0.02335864 -0.02978456 0.01424998 -0.02342158 -0.02922737 0.01424998 -0.02342158 -0.02922737 0.01424998 -0.02342158 -0.02922737 0.01424998 -0.0234217 -0.02866667 0.01424998 -0.0234217 -0.02866667 0.01424998 -0.0234217 -0.02866667 0.01424998 -0.0234217 -0.02866667 0.01424998 -0.02152854 0.005209326 0.01424998 -0.02152854 0.005209326 0.01424998 -0.02152854 0.005209326 0.01424998 -0.02152854 0.005209326 0.01424998 -0.02652072 0.005488276 0.01424998 -0.02652072 0.005488276 0.01424998 -0.02652072 0.005488276 0.01424998 -0.02652072 0.005488276 0.01424998 -0.01015776 -0.04350095 0.01424998 -0.01015776 -0.04350095 0.01424998 -0.01015776 -0.04350095 0.01424998 -0.01071494 -0.04343837 0.01424998 -0.01071494 -0.04343837 0.01424998 -0.01071494 -0.04343837 0.01424998 -0.01071494 -0.04343837 0.01424998 -0.01126164 -0.04331374 0.01424998 -0.01126164 -0.04331374 0.01424998 -0.01126164 -0.04331374 0.01424998 -0.01179093 -0.04312866 0.01424998 -0.01179093 -0.04312866 0.01424998 -0.01179093 -0.04312866 0.01424998 -0.01229614 -0.04288554 0.01424998 -0.01229614 -0.04288554 0.01424998 -0.01229614 -0.04288554 0.01424998 -0.01277101 -0.04258733 0.01424998 -0.01277101 -0.04258733 0.01424998 -0.01277101 -0.04258733 0.01424998 -0.01320946 -0.04223787 0.01424998 -0.01320946 -0.04223787 0.01424998 -0.01320946 -0.04223787 0.01424998 -0.01360607 -0.0418415 0.01424998 -0.01360607 -0.0418415 0.01424998 -0.01360607 -0.0418415 0.01424998 -0.02731645 -0.03499478 0.01424998 -0.02731645 -0.03499478 0.01424998 -0.02731645 -0.03499478 0.01424998 -0.02851825 -0.03250086 0.01424998 -0.02851825 -0.03250086 0.01424998 -0.02851825 -0.03250086 0.01424998 -0.02839332 -0.03304749 0.01424998 -0.02839332 -0.03304749 0.01424998 -0.02839332 -0.03304749 0.01424998 -0.02820801 -0.03357666 0.01424998 -0.02820801 -0.03357666 0.01424998 -0.02820801 -0.03357666 0.01424998 -0.02796459 -0.03408175 0.01424998 -0.02796459 -0.03408175 0.01424998 -0.02796459 -0.03408175 0.01424998 -0.02766615 -0.03455644 0.01424998 -0.02766615 -0.03455644 0.01424998 -0.02766615 -0.03455644 0.01424998 0.03117877 -0.03678578 -0.01424998 0.03117877 -0.03678578 -0.01424998 0.03117877 -0.03678578 -0.01424998 0.02475714 -0.03640264 -0.01424998 0.02475714 -0.03640264 -0.01424998 0.02475714 -0.03640264 -0.01424998 0.02515351 -0.03600603 -0.01424998 0.02515351 -0.03600603 -0.01424998 0.02515351 -0.03600603 -0.01424998 0.02550297 -0.03556758 -0.01424998 0.02550297 -0.03556758 -0.01424998 0.02550297 -0.03556758 -0.01424998 0.02580118 -0.03509271 -0.01424998 0.02580118 -0.03509271 -0.01424998 0.02580118 -0.03509271 -0.01424998 0.0260443 -0.0345875 -0.01424998 0.0260443 -0.0345875 -0.01424998 0.0260443 -0.0345875 -0.01424998 0.02622938 -0.03405815 -0.01424998 0.02622938 -0.03405815 -0.01424998 0.02622938 -0.03405815 -0.01424998 0.02635395 -0.03351151 -0.01424998 0.02635395 -0.03351151 -0.01424998 0.02635395 -0.03351151 -0.01424998 0.01316368 -0.04480433 -0.01424998 0.01316368 -0.04480433 -0.01424998 0.01316368 -0.04480433 -0.01424998 0.01372438 -0.04480415 -0.01424998 0.01372438 -0.04480415 -0.01424998 0.01372438 -0.04480415 -0.01424998 0.01428151 -0.04474127 -0.01424998 0.01428151 -0.04474127 -0.01424998 0.01428151 -0.04474127 -0.01424998 0.01482814 -0.04461634 -0.01424998 0.01482814 -0.04461634 -0.01424998 0.01482814 -0.04461634 -0.01424998 0.01535731 -0.04443103 -0.01424998 0.01535731 -0.04443103 -0.01424998 0.01535731 -0.04443103 -0.01424998 0.01586246 -0.0441876 -0.01424998 0.01586246 -0.0441876 -0.01424998 0.01586246 -0.0441876 -0.01424998 0.01633709 -0.04388916 -0.01424998 0.01633709 -0.04388916 -0.01424998 0.01633709 -0.04388916 -0.01424998 0.01677542 -0.0435394 -0.01424998 0.01677542 -0.0435394 -0.01424998 0.01677542 -0.0435394 -0.01424998 0.02958196 -0.03967696 -0.01424998 0.02958196 -0.03967696 -0.01424998 0.02958196 -0.03967696 -0.01424998 0.03105413 -0.03733247 -0.01424998 0.03105413 -0.03733247 -0.01424998 0.03105413 -0.03733247 -0.01424998 0.03086912 -0.03786182 -0.01424998 0.03086912 -0.03786182 -0.01424998 0.03086912 -0.03786182 -0.01424998 0.03062599 -0.03836703 -0.01424998 0.03062599 -0.03836703 -0.01424998 0.03062599 -0.03836703 -0.01424998 0.03032779 -0.0388419 -0.01424998 0.03032779 -0.0388419 -0.01424998 0.03032779 -0.0388419 -0.01424998 0.02997833 -0.03928035 -0.01424998 0.02997833 -0.03928035 -0.01424998 0.02997833 -0.03928035 -0.01424998 -0.02858132 -0.03138303 -0.01424998 -0.02858132 -0.03138303 -0.01424998 -0.02858132 -0.03138303 -0.01424998 -0.02858132 -0.03138303 -0.01424998 -0.02652072 0.005488276 -0.01424998 -0.02652072 0.005488276 -0.01424998 -0.02652072 0.005488276 -0.01424998 -0.02152854 0.005209326 -0.01424998 -0.02152854 0.005209326 -0.01424998 -0.02152854 0.005209326 -0.01424998 -0.02152854 0.005209326 -0.01424998 -0.0234217 -0.02866667 -0.01424998 -0.0234217 -0.02866667 -0.01424998 -0.0234217 -0.02866667 -0.01424998 -0.0234217 -0.02866667 -0.01424998 -0.0234217 -0.02866667 -0.01424998 -0.02342158 -0.02922737 -0.01424998 -0.02342158 -0.02922737 -0.01424998 -0.02342158 -0.02922737 -0.01424998 -0.02335864 -0.02978456 -0.01424998 -0.02335864 -0.02978456 -0.01424998 -0.02335864 -0.02978456 -0.01424998 -0.02323371 -0.03033113 -0.01424998 -0.02323371 -0.03033113 -0.01424998 -0.02323371 -0.03033113 -0.01424998 -0.0230484 -0.03086036 -0.01424998 -0.0230484 -0.03086036 -0.01424998 -0.0230484 -0.03086036 -0.01424998 -0.02280497 -0.03136545 -0.01424998 -0.02280497 -0.03136545 -0.01424998 -0.02280497 -0.03136545 -0.01424998 -0.02250653 -0.03184014 -0.01424998 -0.02250653 -0.03184014 -0.01424998 -0.02250653 -0.03184014 -0.01424998 -0.02215683 -0.03227841 -0.01424998 -0.02215683 -0.03227841 -0.01424998 -0.02215683 -0.03227841 -0.01424998 -0.0285812 -0.03194373 -0.01424998 -0.0285812 -0.03194373 -0.01424998 -0.0285812 -0.03194373 -0.01424998 -0.02731645 -0.03499478 -0.01424998 -0.02731645 -0.03499478 -0.01424998 -0.02731645 -0.03499478 -0.01424998 -0.01360607 -0.0418415 -0.01424998 -0.01360607 -0.0418415 -0.01424998 -0.01360607 -0.0418415 -0.01424998 -0.01320946 -0.04223787 -0.01424998 -0.01320946 -0.04223787 -0.01424998 -0.01320946 -0.04223787 -0.01424998 -0.01277101 -0.04258733 -0.01424998 -0.01277101 -0.04258733 -0.01424998 -0.01277101 -0.04258733 -0.01424998 -0.01229614 -0.04288554 -0.01424998 -0.01229614 -0.04288554 -0.01424998 -0.01229614 -0.04288554 -0.01424998 -0.01179093 -0.04312866 -0.01424998 -0.01179093 -0.04312866 -0.01424998 -0.01179093 -0.04312866 -0.01424998 -0.01126164 -0.04331374 -0.01424998 -0.01126164 -0.04331374 -0.01424998 -0.01126164 -0.04331374 -0.01424998 -0.01126164 -0.04331374 -0.01424998 -0.01071494 -0.04343837 -0.01424998 -0.01071494 -0.04343837 -0.01424998 -0.01071494 -0.04343837 -0.01424998 -0.01015776 -0.04350095 -0.01424998 -0.01015776 -0.04350095 -0.01424998 -0.01015776 -0.04350095 -0.01424998 -0.02766615 -0.03455644 -0.01424998 -0.02766615 -0.03455644 -0.01424998 -0.02766615 -0.03455644 -0.01424998 -0.02796459 -0.03408175 -0.01424998 -0.02796459 -0.03408175 -0.01424998 -0.02796459 -0.03408175 -0.01424998 -0.02820801 -0.03357666 -0.01424998 -0.02820801 -0.03357666 -0.01424998 -0.02820801 -0.03357666 -0.01424998 -0.02839332 -0.03304749 -0.01424998 -0.02839332 -0.03304749 -0.01424998 -0.02839332 -0.03304749 -0.01424998 -0.02851825 -0.03250086 -0.01424998 -0.02851825 -0.03250086 -0.01424998 -0.02851825 -0.03250086 -0.01424998 -0.0134415 -0.08306372 0.002380549 -0.0134415 -0.08306372 0.002380549 -0.0134415 -0.08306372 0.002380549 -0.01323831 -0.07942789 0.002091407 -0.01323831 -0.07942789 0.002091407 -0.01323831 -0.07942789 0.002091407 -0.01323831 -0.07942789 0.002091407 -0.01342332 -0.08273804 0.001971602 -0.01342332 -0.08273804 0.001971602 -0.01342332 -0.08273804 0.001971602 -0.01351332 -0.08434867 -0.003258049 -0.01351332 -0.08434867 -0.003258049 -0.01351332 -0.08434867 -0.003258049 -0.01327151 -0.08002167 -0.003376841 -0.01327151 -0.08002167 -0.003376841 -0.01327151 -0.08002167 -0.003376841 -0.01354122 -0.08484774 -0.003412187 -0.01354122 -0.08484774 -0.003412187 -0.01354122 -0.08484774 -0.003412187 -0.01372784 -0.08818703 0.002380549 -0.01372784 -0.08818703 0.002380549 -0.01372784 -0.08818703 0.002380549 -0.01374602 -0.08851271 0.001971602 -0.01374602 -0.08851271 0.001971602 -0.01374602 -0.08851271 0.001971602 -0.01393103 -0.09182286 0.002091407 -0.01393103 -0.09182286 0.002091407 -0.01393103 -0.09182286 0.002091407 -0.01365602 -0.08690202 -0.003258049 -0.01365602 -0.08690202 -0.003258049 -0.01365602 -0.08690202 -0.003258049 -0.01365602 -0.08690202 -0.003258049 -0.01362812 -0.08640295 -0.003412187 -0.01362812 -0.08640295 -0.003412187 -0.01362812 -0.08640295 -0.003412187 -0.01362812 -0.08640295 -0.003412187 -0.01389783 -0.09122902 -0.003376841 -0.01389783 -0.09122902 -0.003376841 -0.01389783 -0.09122902 -0.003376841 -0.01389783 -0.09122902 -0.003376841 -0.01329368 -0.08041906 -0.003963828 -0.01329368 -0.08041906 -0.003963828 -0.01329368 -0.08041906 -0.003963828 -0.01329368 -0.08041906 -0.003963828 -0.01331931 -0.08087748 -0.004504382 -0.01331931 -0.08087748 -0.004504382 -0.01331931 -0.08087748 -0.004504382 -0.01334804 -0.08139157 -0.004992127 -0.01334804 -0.08139157 -0.004992127 -0.01334804 -0.08139157 -0.004992127 -0.01334804 -0.08139157 -0.004992127 -0.01337957 -0.08195531 -0.00542134 -0.01337957 -0.08195531 -0.00542134 -0.01337957 -0.08195531 -0.00542134 -0.01341348 -0.08256208 -0.005786955 -0.01341348 -0.08256208 -0.005786955 -0.01341348 -0.08256208 -0.005786955 -0.01344937 -0.08320474 -0.00608474 -0.01344937 -0.08320474 -0.00608474 -0.01344937 -0.08320474 -0.00608474 -0.01348686 -0.08387577 -0.006311237 -0.01348686 -0.08387577 -0.006311237 -0.01348686 -0.08387577 -0.006311237 -0.01352554 -0.08456736 -0.006463706 -0.01352554 -0.08456736 -0.006463706 -0.01352554 -0.08456736 -0.006463706 -0.01352554 -0.08456736 -0.006463706 -0.01356488 -0.08527135 -0.006540358 -0.01356488 -0.08527135 -0.006540358 -0.01356488 -0.08527135 -0.006540358 -0.01357007 -0.08536422 -0.003490149 -0.01357007 -0.08536422 -0.003490149 -0.01357007 -0.08536422 -0.003490149 -0.01359927 -0.08588653 -0.003490149 -0.01359927 -0.08588653 -0.003490149 -0.01359927 -0.08588653 -0.003490149 -0.01360446 -0.0859794 -0.006540358 -0.01360446 -0.0859794 -0.006540358 -0.01360446 -0.0859794 -0.006540358 -0.0136438 -0.08668339 -0.006463706 -0.0136438 -0.08668339 -0.006463706 -0.0136438 -0.08668339 -0.006463706 -0.01368242 -0.08737498 -0.006311237 -0.01368242 -0.08737498 -0.006311237 -0.01368242 -0.08737498 -0.006311237 -0.01368242 -0.08737498 -0.006311237 -0.01371991 -0.08804601 -0.00608474 -0.01371991 -0.08804601 -0.00608474 -0.01371991 -0.08804601 -0.00608474 -0.01375585 -0.08868867 -0.005786955 -0.01375585 -0.08868867 -0.005786955 -0.01375585 -0.08868867 -0.005786955 -0.01375585 -0.08868867 -0.005786955 -0.01378977 -0.08929544 -0.00542134 -0.01378977 -0.08929544 -0.00542134 -0.01378977 -0.08929544 -0.00542134 -0.01382124 -0.08985912 -0.004992127 -0.01382124 -0.08985912 -0.004992127 -0.01382124 -0.08985912 -0.004992127 -0.01384997 -0.09037321 -0.004504382 -0.01384997 -0.09037321 -0.004504382 -0.01384997 -0.09037321 -0.004504382 -0.0138756 -0.09083163 -0.003963828 -0.0138756 -0.09083163 -0.003963828 -0.0138756 -0.09083163 -0.003963828 -0.01329368 -0.08041906 0.003963887 -0.01329368 -0.08041906 0.003963887 -0.01329368 -0.08041906 0.003963887 -0.01329368 -0.08041906 0.003963887 -0.01327151 -0.08002167 0.003376841 -0.01327151 -0.08002167 0.003376841 -0.01327151 -0.08002167 0.003376841 -0.01327151 -0.08002167 0.003376841 -0.01354122 -0.08484774 0.003412246 -0.01354122 -0.08484774 0.003412246 -0.01354122 -0.08484774 0.003412246 -0.01357007 -0.08536422 0.003490209 -0.01357007 -0.08536422 0.003490209 -0.01357007 -0.08536422 0.003490209 -0.01356488 -0.08527135 0.006540358 -0.01356488 -0.08527135 0.006540358 -0.01356488 -0.08527135 0.006540358 -0.01356488 -0.08527135 0.006540358 -0.01352554 -0.08456736 0.006463706 -0.01352554 -0.08456736 0.006463706 -0.01352554 -0.08456736 0.006463706 -0.01348686 -0.08387577 0.006311237 -0.01348686 -0.08387577 0.006311237 -0.01348686 -0.08387577 0.006311237 -0.01344937 -0.08320474 0.00608474 -0.01344937 -0.08320474 0.00608474 -0.01344937 -0.08320474 0.00608474 -0.01341348 -0.08256208 0.005786955 -0.01341348 -0.08256208 0.005786955 -0.01341348 -0.08256208 0.005786955 -0.01337957 -0.08195531 0.00542134 -0.01337957 -0.08195531 0.00542134 -0.01337957 -0.08195531 0.00542134 -0.01334804 -0.08139157 0.004992127 -0.01334804 -0.08139157 0.004992127 -0.01334804 -0.08139157 0.004992127 -0.01334804 -0.08139157 0.004992127 -0.01334804 -0.08139157 0.004992127 -0.01331931 -0.08087748 0.004504382 -0.01331931 -0.08087748 0.004504382 -0.01331931 -0.08087748 0.004504382 -0.01359927 -0.08588653 0.003490209 -0.01359927 -0.08588653 0.003490209 -0.01359927 -0.08588653 0.003490209 -0.01362812 -0.08640295 0.003412246 -0.01362812 -0.08640295 0.003412246 -0.01362812 -0.08640295 0.003412246 -0.01362812 -0.08640295 0.003412246 -0.01389783 -0.09122902 0.003376841 -0.01389783 -0.09122902 0.003376841 -0.01389783 -0.09122902 0.003376841 -0.0138756 -0.09083163 0.003963887 -0.0138756 -0.09083163 0.003963887 -0.0138756 -0.09083163 0.003963887 -0.01384997 -0.09037321 0.004504382 -0.01384997 -0.09037321 0.004504382 -0.01384997 -0.09037321 0.004504382 -0.01382124 -0.08985912 0.004992127 -0.01382124 -0.08985912 0.004992127 -0.01382124 -0.08985912 0.004992127 -0.01378977 -0.08929544 0.00542134 -0.01378977 -0.08929544 0.00542134 -0.01378977 -0.08929544 0.00542134 -0.01378977 -0.08929544 0.00542134 -0.01375585 -0.08868867 0.005786955 -0.01375585 -0.08868867 0.005786955 -0.01375585 -0.08868867 0.005786955 -0.01371991 -0.08804601 0.00608474 -0.01371991 -0.08804601 0.00608474 -0.01371991 -0.08804601 0.00608474 -0.01371991 -0.08804601 0.00608474 -0.01368242 -0.08737498 0.006311237 -0.01368242 -0.08737498 0.006311237 -0.01368242 -0.08737498 0.006311237 -0.0136438 -0.08668339 0.006463706 -0.0136438 -0.08668339 0.006463706 -0.0136438 -0.08668339 0.006463706 -0.01360446 -0.0859794 0.006540358 -0.01360446 -0.0859794 0.006540358 -0.01360446 -0.0859794 0.006540358 -0.01351332 -0.08434867 0.003258049 -0.01351332 -0.08434867 0.003258049 -0.01351332 -0.08434867 0.003258049 -0.01325297 -0.07969003 0.002750217 -0.01325297 -0.07969003 0.002750217 -0.01325297 -0.07969003 0.002750217 -0.01348704 -0.08387809 0.003031075 -0.01348704 -0.08387809 0.003031075 -0.01348704 -0.08387809 0.003031075 -0.0134629 -0.08344656 0.002736389 -0.0134629 -0.08344656 0.002736389 -0.0134629 -0.08344656 0.002736389 -0.0134629 -0.08344656 0.002736389 -0.01340872 -0.08247685 0.001518547 -0.01340872 -0.08247685 0.001518547 -0.01340872 -0.08247685 0.001518547 -0.0132277 -0.07923847 0.00140804 -0.0132277 -0.07923847 0.00140804 -0.0132277 -0.07923847 0.00140804 -0.01339805 -0.08228605 0.001031637 -0.01339805 -0.08228605 0.001031637 -0.01339805 -0.08228605 0.001031637 -0.01322132 -0.07912391 7.08181e-4 -0.01322132 -0.07912391 7.08181e-4 -0.01322132 -0.07912391 7.08181e-4 -0.01339155 -0.08216983 5.2165e-4 -0.01339155 -0.08216983 5.2165e-4 -0.01339155 -0.08216983 5.2165e-4 -0.01338934 -0.08213084 0 -0.01338934 -0.08213084 0 -0.01338934 -0.08213084 0 -0.01338934 -0.08213084 0 -0.01321917 -0.07908558 0 -0.01321917 -0.07908558 0 -0.01321917 -0.07908558 0 -0.01339155 -0.08216983 -5.21645e-4 -0.01339155 -0.08216983 -5.21645e-4 -0.01339155 -0.08216983 -5.21645e-4 -0.01339155 -0.08216983 -5.21645e-4 -0.01322132 -0.07912391 -7.08177e-4 -0.01322132 -0.07912391 -7.08177e-4 -0.01322132 -0.07912391 -7.08177e-4 -0.01339805 -0.08228605 -0.001031637 -0.01339805 -0.08228605 -0.001031637 -0.01339805 -0.08228605 -0.001031637 -0.0132277 -0.07923847 -0.00140804 -0.0132277 -0.07923847 -0.00140804 -0.0132277 -0.07923847 -0.00140804 -0.0132277 -0.07923847 -0.00140804 -0.01340872 -0.08247685 -0.001518547 -0.01340872 -0.08247685 -0.001518547 -0.01340872 -0.08247685 -0.001518547 -0.01342332 -0.08273804 -0.001971602 -0.01342332 -0.08273804 -0.001971602 -0.01342332 -0.08273804 -0.001971602 -0.01323831 -0.07942789 -0.002091407 -0.01323831 -0.07942789 -0.002091407 -0.01323831 -0.07942789 -0.002091407 -0.0134415 -0.08306372 -0.002380549 -0.0134415 -0.08306372 -0.002380549 -0.0134415 -0.08306372 -0.002380549 -0.01325297 -0.07969003 -0.002750217 -0.01325297 -0.07969003 -0.002750217 -0.01325297 -0.07969003 -0.002750217 -0.01325297 -0.07969003 -0.002750217 -0.0134629 -0.08344656 -0.002736389 -0.0134629 -0.08344656 -0.002736389 -0.0134629 -0.08344656 -0.002736389 -0.01348704 -0.08387809 -0.003031075 -0.01348704 -0.08387809 -0.003031075 -0.01348704 -0.08387809 -0.003031075 -0.01348704 -0.08387809 -0.003031075 -0.01391637 -0.09156072 0.002750217 -0.01391637 -0.09156072 0.002750217 -0.01391637 -0.09156072 0.002750217 -0.01391637 -0.09156072 0.002750217 -0.01365602 -0.08690202 0.003258049 -0.01365602 -0.08690202 0.003258049 -0.01365602 -0.08690202 0.003258049 -0.01365602 -0.08690202 0.003258049 -0.0136823 -0.08737266 0.003031075 -0.0136823 -0.08737266 0.003031075 -0.0136823 -0.08737266 0.003031075 -0.0136823 -0.08737266 0.003031075 -0.01370644 -0.08780419 0.002736389 -0.01370644 -0.08780419 0.002736389 -0.01370644 -0.08780419 0.002736389 -0.01370644 -0.08780419 0.002736389 -0.01394158 -0.09201228 0.00140804 -0.01394158 -0.09201228 0.00140804 -0.01394158 -0.09201228 0.00140804 -0.01394158 -0.09201228 0.00140804 -0.01376062 -0.08877384 0.001518547 -0.01376062 -0.08877384 0.001518547 -0.01376062 -0.08877384 0.001518547 -0.01394802 -0.09212684 7.08181e-4 -0.01394802 -0.09212684 7.08181e-4 -0.01394802 -0.09212684 7.08181e-4 -0.01394802 -0.09212684 7.08181e-4 -0.01377129 -0.0889647 0.001031637 -0.01377129 -0.0889647 0.001031637 -0.01377129 -0.0889647 0.001031637 -0.01377779 -0.08908087 5.2165e-4 -0.01377779 -0.08908087 5.2165e-4 -0.01377779 -0.08908087 5.2165e-4 -0.01395016 -0.09216517 0 -0.01395016 -0.09216517 0 -0.01395016 -0.09216517 0 -0.01395016 -0.09216517 0 -0.01377993 -0.08911991 0 -0.01377993 -0.08911991 0 -0.01377993 -0.08911991 0 -0.01377993 -0.08911991 0 -0.01394802 -0.09212684 -7.08177e-4 -0.01394802 -0.09212684 -7.08177e-4 -0.01394802 -0.09212684 -7.08177e-4 -0.01394802 -0.09212684 -7.08177e-4 -0.01377779 -0.08908087 -5.21645e-4 -0.01377779 -0.08908087 -5.21645e-4 -0.01377779 -0.08908087 -5.21645e-4 -0.01394158 -0.09201228 -0.00140804 -0.01394158 -0.09201228 -0.00140804 -0.01394158 -0.09201228 -0.00140804 -0.01377129 -0.0889647 -0.001031637 -0.01377129 -0.0889647 -0.001031637 -0.01377129 -0.0889647 -0.001031637 -0.01376062 -0.08877384 -0.001518547 -0.01376062 -0.08877384 -0.001518547 -0.01376062 -0.08877384 -0.001518547 -0.01393103 -0.09182286 -0.002091407 -0.01393103 -0.09182286 -0.002091407 -0.01393103 -0.09182286 -0.002091407 -0.01393103 -0.09182286 -0.002091407 -0.01374602 -0.08851271 -0.001971602 -0.01374602 -0.08851271 -0.001971602 -0.01374602 -0.08851271 -0.001971602 -0.01391637 -0.09156072 -0.002750217 -0.01391637 -0.09156072 -0.002750217 -0.01391637 -0.09156072 -0.002750217 -0.01391637 -0.09156072 -0.002750217 -0.01372784 -0.08818703 -0.002380549 -0.01372784 -0.08818703 -0.002380549 -0.01372784 -0.08818703 -0.002380549 -0.01370644 -0.08780419 -0.002736389 -0.01370644 -0.08780419 -0.002736389 -0.01370644 -0.08780419 -0.002736389 -0.01370644 -0.08780419 -0.002736389 -0.0136823 -0.08737266 -0.003031075 -0.0136823 -0.08737266 -0.003031075 -0.0136823 -0.08737266 -0.003031075 -0.02150058 0.005708575 0 -0.02150058 0.005708575 0 -0.02150058 0.005708575 0 -0.0214169 0.007206201 0 -0.0214169 0.007206201 0 -0.0214169 0.007206201 0 -0.0214169 0.007206201 0 -0.02150279 0.00567007 5.8737e-4 -0.02150279 0.00567007 5.8737e-4 -0.02150279 0.00567007 5.8737e-4 -0.02150279 0.00567007 -5.87365e-4 -0.02150279 0.00567007 -5.87365e-4 -0.02150279 0.00567007 -5.87365e-4 -0.02112489 0.01243168 -0.006839036 -0.02112489 0.01243168 -0.006839036 -0.02112489 0.01243168 -0.006839036 -0.02130722 0.009169101 -2.58817e-4 -0.02130722 0.009169101 -2.58817e-4 -0.02130722 0.009169101 -2.58817e-4 -0.02131277 0.009069323 -4.99997e-4 -0.02131277 0.009069323 -4.99997e-4 -0.02131277 0.009069323 -4.99997e-4 -0.02131277 0.009069323 -4.99997e-4 -0.02132165 0.008910655 -7.07104e-4 -0.02132165 0.008910655 -7.07104e-4 -0.02132165 0.008910655 -7.07104e-4 -0.02132165 0.008910655 -7.07104e-4 -0.02199423 -0.003124296 -0.001164674 -0.02199423 -0.003124296 -0.001164674 -0.02199423 -0.003124296 -0.001164674 -0.02199423 -0.003124296 -0.001164674 -0.02200067 -0.003238916 -5.87365e-4 -0.02200067 -0.003238916 -5.87365e-4 -0.02200067 -0.003238916 -5.87365e-4 -0.02212786 -0.005515038 -9.65923e-4 -0.02212786 -0.005515038 -9.65923e-4 -0.02212786 -0.005515038 -9.65923e-4 -0.02212786 -0.005515038 -9.65923e-4 -0.02214229 -0.005773484 -9.99997e-4 -0.02214229 -0.005773484 -9.99997e-4 -0.02214229 -0.005773484 -9.99997e-4 -0.02214229 -0.005773484 -9.99997e-4 -0.02153426 0.005106568 -0.002249956 -0.02153426 0.005106568 -0.002249956 -0.02153426 0.005106568 -0.002249956 -0.02153426 0.005106568 -0.002249956 -0.02151972 0.005366563 -0.001722037 -0.02151972 0.005366563 -0.001722037 -0.02151972 0.005366563 -0.001722037 -0.02150917 0.00555545 -0.001164674 -0.02150917 0.00555545 -0.001164674 -0.02150917 0.00555545 -0.001164674 -0.02178448 6.29129e-4 -0.004461467 -0.02178448 6.29129e-4 -0.004461467 -0.02178448 6.29129e-4 -0.004461467 -0.02177959 7.16364e-4 -0.006133913 -0.02177959 7.16364e-4 -0.006133913 -0.02177959 7.16364e-4 -0.006133913 -0.02177959 7.16364e-4 -0.006133913 -0.02176612 9.57163e-4 -0.006034016 -0.02176612 9.57163e-4 -0.006034016 -0.02176612 9.57163e-4 -0.006034016 -0.02211439 -0.005274295 -8.66023e-4 -0.02211439 -0.005274295 -8.66023e-4 -0.02211439 -0.005274295 -8.66023e-4 -0.02211439 -0.005274295 -8.66023e-4 -0.02153426 0.005106568 0.002249956 -0.02153426 0.005106568 0.002249956 -0.02153426 0.005106568 0.002249956 -0.02153426 0.005106568 0.002249956 -0.02151972 0.005366563 0.001722037 -0.02151972 0.005366563 0.001722037 -0.02151972 0.005366563 0.001722037 -0.02150917 0.00555545 0.001164674 -0.02150917 0.00555545 0.001164674 -0.02150917 0.00555545 0.001164674 -0.02171224 0.001921594 0.006292879 -0.02171224 0.001921594 0.006292879 -0.02171224 0.001921594 0.006292879 -0.0217238 0.001714766 0.006133973 -0.0217238 0.001714766 0.006133973 -0.0217238 0.001714766 0.006133973 -0.02171891 0.001802027 0.004461467 -0.02171891 0.001802027 0.004461467 -0.02171891 0.001802027 0.004461467 -0.02171891 0.001802027 0.004461467 -0.02180749 2.17142e-4 0.006999969 -0.02180749 2.17142e-4 0.006999969 -0.02180749 2.17142e-4 0.006999969 -0.02180749 2.17142e-4 0.006999969 -0.02217018 -0.006272673 8.66027e-4 -0.02217018 -0.006272673 8.66027e-4 -0.02217018 -0.006272673 8.66027e-4 -0.02217018 -0.006272673 8.66027e-4 -0.02217018 -0.006272673 8.66027e-4 -0.02217018 -0.006272673 8.66027e-4 -0.02187728 -0.001030862 0.00389707 -0.02187728 -0.001030862 0.00389707 -0.02187728 -0.001030862 0.00389707 -0.02187728 -0.001030862 0.00389707 -0.02184778 -5.03805e-4 0.004157423 -0.02184778 -5.03805e-4 0.004157423 -0.02184778 -5.03805e-4 0.004157423 -0.02181667 5.27134e-5 0.004346609 -0.02181667 5.27134e-5 0.004346609 -0.02181667 5.27134e-5 0.004346609 -0.02200281 -0.003277361 0 -0.02200281 -0.003277361 0 -0.02200281 -0.003277361 0 -0.02200281 -0.003277361 0 -0.02200281 -0.003277361 0 -0.02200067 -0.003238916 5.8737e-4 -0.02200067 -0.003238916 5.8737e-4 -0.02200067 -0.003238916 5.8737e-4 -0.02211439 -0.005274295 8.66027e-4 -0.02211439 -0.005274295 8.66027e-4 -0.02211439 -0.005274295 8.66027e-4 -0.02211439 -0.005274295 8.66027e-4 -0.02210283 -0.005067467 7.07109e-4 -0.02210283 -0.005067467 7.07109e-4 -0.02210283 -0.005067467 7.07109e-4 -0.02210283 -0.005067467 7.07109e-4 -0.02210283 -0.005067467 7.07109e-4 -0.02209401 -0.0049088 5.00002e-4 -0.02209401 -0.0049088 5.00002e-4 -0.02209401 -0.0049088 5.00002e-4 -0.02209401 -0.0049088 5.00002e-4 -0.0220884 -0.004809081 2.58821e-4 -0.0220884 -0.004809081 2.58821e-4 -0.0220884 -0.004809081 2.58821e-4 -0.0220884 -0.004809081 2.58821e-4 -0.0220865 -0.004775047 0 -0.0220865 -0.004775047 0 -0.0220865 -0.004775047 0 -0.0220865 -0.004775047 0 -0.0220884 -0.004809081 -2.58817e-4 -0.0220884 -0.004809081 -2.58817e-4 -0.0220884 -0.004809081 -2.58817e-4 -0.02209401 -0.0049088 -4.99997e-4 -0.02209401 -0.0049088 -4.99997e-4 -0.02209401 -0.0049088 -4.99997e-4 -0.02209401 -0.0049088 -4.99997e-4 -0.02209401 -0.0049088 -4.99997e-4 -0.02210283 -0.005067467 -7.07104e-4 -0.02210283 -0.005067467 -7.07104e-4 -0.02210283 -0.005067467 -7.07104e-4 -0.02210283 -0.005067467 -7.07104e-4 -0.02112489 0.01243168 0.006839036 -0.02112489 0.01243168 0.006839036 -0.02112489 0.01243168 0.006839036 -0.02114301 0.01210772 0.007296323 -0.02114301 0.01210772 0.007296323 -0.02114301 0.01210772 0.007296323 -0.02114301 0.01210772 0.007296323 -0.02169591 0.002214014 0.006999969 -0.02169591 0.002214014 0.006999969 -0.02169591 0.002214014 0.006999969 -0.02169591 0.002214014 0.006999969 -0.02169591 0.002214014 0.006999969 -0.02169591 0.002214014 0.006999969 -0.02132165 0.008910655 7.07109e-4 -0.02132165 0.008910655 7.07109e-4 -0.02132165 0.008910655 7.07109e-4 -0.02132165 0.008910655 7.07109e-4 -0.02132165 0.008910655 7.07109e-4 -0.02131277 0.009069323 5.00002e-4 -0.02131277 0.009069323 5.00002e-4 -0.02131277 0.009069323 5.00002e-4 -0.02130722 0.009169101 2.58821e-4 -0.02130722 0.009169101 2.58821e-4 -0.02130722 0.009169101 2.58821e-4 -0.02130532 0.009203076 0 -0.02130532 0.009203076 0 -0.02130532 0.009203076 0 -0.02173727 0.001473963 -0.007965862 -0.02173727 0.001473963 -0.007965862 -0.02173727 0.001473963 -0.007965862 -0.02173727 0.001473963 -0.007965862 -0.0217517 0.001215577 -0.007999956 -0.0217517 0.001215577 -0.007999956 -0.0217517 0.001215577 -0.007999956 -0.0217517 0.001215577 -0.007999956 -0.02176612 9.57163e-4 -0.007965862 -0.02176612 9.57163e-4 -0.007965862 -0.02176612 9.57163e-4 -0.007965862 -0.02177959 7.16364e-4 -0.007865965 -0.02177959 7.16364e-4 -0.007865965 -0.02177959 7.16364e-4 -0.007865965 -0.02177959 7.16364e-4 -0.007865965 -0.02179116 5.09577e-4 -0.007707059 -0.02179116 5.09577e-4 -0.007707059 -0.02179116 5.09577e-4 -0.007707059 -0.02179116 5.09577e-4 -0.007707059 -0.02180004 3.50901e-4 -0.007499992 -0.02180004 3.50901e-4 -0.007499992 -0.02180004 3.50901e-4 -0.007499992 -0.02180004 3.50901e-4 -0.007499992 -0.02180558 2.51169e-4 -0.007258772 -0.02180558 2.51169e-4 -0.007258772 -0.02180558 2.51169e-4 -0.007258772 -0.02180558 2.51169e-4 -0.007258772 -0.02180749 2.17142e-4 -0.006999969 -0.02180749 2.17142e-4 -0.006999969 -0.02180749 2.17142e-4 -0.006999969 -0.02180749 2.17142e-4 -0.006999969 -0.02181667 5.27134e-5 -0.004346609 -0.02181667 5.27134e-5 -0.004346609 -0.02181667 5.27134e-5 -0.004346609 -0.02184778 -5.03805e-4 -0.004157423 -0.02184778 -5.03805e-4 -0.004157423 -0.02184778 -5.03805e-4 -0.004157423 -0.02187728 -0.001030862 -0.00389707 -0.02187728 -0.001030862 -0.00389707 -0.02187728 -0.001030862 -0.00389707 -0.02190458 -0.00151956 -0.003570079 -0.02190458 -0.00151956 -0.003570079 -0.02190458 -0.00151956 -0.003570079 -0.02192926 -0.00196141 -0.003181934 -0.02192926 -0.00196141 -0.003181934 -0.02192926 -0.00196141 -0.003181934 -0.0219509 -0.002348899 -0.002739369 -0.0219509 -0.002348899 -0.002739369 -0.0219509 -0.002348899 -0.002739369 -0.02196919 -0.002675414 -0.002249956 -0.02196919 -0.002675414 -0.002249956 -0.02196919 -0.002675414 -0.002249956 -0.02198368 -0.002935349 -0.001722037 -0.02198368 -0.002935349 -0.001722037 -0.02198368 -0.002935349 -0.001722037 -0.02215677 -0.00603187 -9.65923e-4 -0.02215677 -0.00603187 -9.65923e-4 -0.02215677 -0.00603187 -9.65923e-4 -0.02215677 -0.00603187 -9.65923e-4 -0.02217018 -0.006272673 -8.66023e-4 -0.02217018 -0.006272673 -8.66023e-4 -0.02217018 -0.006272673 -8.66023e-4 -0.02217018 -0.006272673 -8.66023e-4 -0.02218174 -0.006479501 -7.07104e-4 -0.02218174 -0.006479501 -7.07104e-4 -0.02218174 -0.006479501 -7.07104e-4 -0.02218174 -0.006479501 -7.07104e-4 -0.02219063 -0.006638169 -4.99997e-4 -0.02219063 -0.006638169 -4.99997e-4 -0.02219063 -0.006638169 -4.99997e-4 -0.02219623 -0.006737887 -2.58817e-4 -0.02219623 -0.006737887 -2.58817e-4 -0.02219623 -0.006737887 -2.58817e-4 -0.02219808 -0.006771922 0 -0.02219808 -0.006771922 0 -0.02219808 -0.006771922 0 -0.02219623 -0.006737887 2.58821e-4 -0.02219623 -0.006737887 2.58821e-4 -0.02219623 -0.006737887 2.58821e-4 -0.02219623 -0.006737887 2.58821e-4 -0.02219063 -0.006638169 5.00002e-4 -0.02219063 -0.006638169 5.00002e-4 -0.02219063 -0.006638169 5.00002e-4 -0.02219063 -0.006638169 5.00002e-4 -0.02218174 -0.006479501 7.07109e-4 -0.02218174 -0.006479501 7.07109e-4 -0.02218174 -0.006479501 7.07109e-4 -0.02218174 -0.006479501 7.07109e-4 -0.02215677 -0.00603187 9.65928e-4 -0.02215677 -0.00603187 9.65928e-4 -0.02215677 -0.00603187 9.65928e-4 -0.02215677 -0.00603187 9.65928e-4 -0.02215677 -0.00603187 9.65928e-4 -0.02214229 -0.005773484 0.000999987 -0.02214229 -0.005773484 0.000999987 -0.02214229 -0.005773484 0.000999987 -0.02214229 -0.005773484 0.000999987 -0.02214229 -0.005773484 0.000999987 -0.02198368 -0.002935349 0.001722037 -0.02198368 -0.002935349 0.001722037 -0.02198368 -0.002935349 0.001722037 -0.02198368 -0.002935349 0.001722037 -0.02196919 -0.002675414 0.002249956 -0.02196919 -0.002675414 0.002249956 -0.02196919 -0.002675414 0.002249956 -0.0219509 -0.002348899 0.002739369 -0.0219509 -0.002348899 0.002739369 -0.0219509 -0.002348899 0.002739369 -0.0219509 -0.002348899 0.002739369 -0.02192926 -0.00196141 0.003181934 -0.02192926 -0.00196141 0.003181934 -0.02192926 -0.00196141 0.003181934 -0.02190458 -0.00151956 0.003570079 -0.02190458 -0.00151956 0.003570079 -0.02190458 -0.00151956 0.003570079 -0.02190458 -0.00151956 0.003570079 -0.02116382 0.01173466 -0.00771445 -0.02116382 0.01173466 -0.00771445 -0.02116382 0.01173466 -0.00771445 -0.02114301 0.01210772 -0.007296323 -0.02114301 0.01210772 -0.007296323 -0.02114301 0.01210772 -0.007296323 -0.02114301 0.01210772 -0.007296323 -0.02169591 0.002214014 -0.006999969 -0.02169591 0.002214014 -0.006999969 -0.02169591 0.002214014 -0.006999969 -0.02169591 0.002214014 -0.006999969 -0.02169591 0.002214014 -0.006999969 -0.02169781 0.00217998 -0.007258772 -0.02169781 0.00217998 -0.007258772 -0.02169781 0.00217998 -0.007258772 -0.02170336 0.002080202 -0.007499992 -0.02170336 0.002080202 -0.007499992 -0.02170336 0.002080202 -0.007499992 -0.02170336 0.002080202 -0.007499992 -0.02171224 0.001921594 -0.007707059 -0.02171224 0.001921594 -0.007707059 -0.02171224 0.001921594 -0.007707059 -0.0217238 0.001714766 -0.007865965 -0.0217238 0.001714766 -0.007865965 -0.0217238 0.001714766 -0.007865965 -0.02133321 0.008703887 -8.66023e-4 -0.02133321 0.008703887 -8.66023e-4 -0.02133321 0.008703887 -8.66023e-4 -0.02133321 0.008703887 -8.66023e-4 -0.02134668 0.008463084 -9.65923e-4 -0.02134668 0.008463084 -9.65923e-4 -0.02134668 0.008463084 -9.65923e-4 -0.02136111 0.008204638 -9.99997e-4 -0.02136111 0.008204638 -9.99997e-4 -0.02136111 0.008204638 -9.99997e-4 -0.02137553 0.007946193 -9.65923e-4 -0.02137553 0.007946193 -9.65923e-4 -0.02137553 0.007946193 -9.65923e-4 -0.021389 0.00770545 -8.66023e-4 -0.021389 0.00770545 -8.66023e-4 -0.021389 0.00770545 -8.66023e-4 -0.021389 0.00770545 -8.66023e-4 -0.02140057 0.007498621 -7.07104e-4 -0.02140057 0.007498621 -7.07104e-4 -0.02140057 0.007498621 -7.07104e-4 -0.02140945 0.007339954 -4.99997e-4 -0.02140945 0.007339954 -4.99997e-4 -0.02140945 0.007339954 -4.99997e-4 -0.02141499 0.007240235 -2.58817e-4 -0.02141499 0.007240235 -2.58817e-4 -0.02141499 0.007240235 -2.58817e-4 -0.0215525 0.004780113 -0.002739369 -0.0215525 0.004780113 -0.002739369 -0.0215525 0.004780113 -0.002739369 -0.0215525 0.004780113 -0.002739369 -0.0215525 0.004780113 -0.002739369 -0.02157413 0.004392564 -0.003181934 -0.02157413 0.004392564 -0.003181934 -0.02157413 0.004392564 -0.003181934 -0.02159887 0.003950715 -0.003570079 -0.02159887 0.003950715 -0.003570079 -0.02159887 0.003950715 -0.003570079 -0.02162617 0.003462016 -0.00389707 -0.02162617 0.003462016 -0.00389707 -0.02162617 0.003462016 -0.00389707 -0.02165561 0.002934932 -0.004157423 -0.02165561 0.002934932 -0.004157423 -0.02165561 0.002934932 -0.004157423 -0.02165561 0.002934932 -0.004157423 -0.02168673 0.002378463 -0.004346609 -0.02168673 0.002378463 -0.004346609 -0.02168673 0.002378463 -0.004346609 -0.02168673 0.002378463 -0.004346609 -0.02168673 0.002378463 -0.004346609 -0.02169781 0.00217998 -0.006741166 -0.02169781 0.00217998 -0.006741166 -0.02169781 0.00217998 -0.006741166 -0.02169781 0.00217998 -0.006741166 -0.02110975 0.01270246 -0.006348311 -0.02110975 0.01270246 -0.006348311 -0.02110975 0.01270246 -0.006348311 -0.02109777 0.01291674 -0.005830287 -0.02109777 0.01291674 -0.005830287 -0.02109777 0.01291674 -0.005830287 -0.02108913 0.01307171 -0.005291521 -0.02108913 0.01307171 -0.005291521 -0.02108913 0.01307171 -0.005291521 -0.02108389 0.01316547 -0.004738748 -0.02108389 0.01316547 -0.004738748 -0.02108389 0.01316547 -0.004738748 -0.0210821 0.01319682 -0.004178881 -0.0210821 0.01319682 -0.004178881 -0.0210821 0.01319682 -0.004178881 -0.0210821 0.01319682 -0.004178881 -0.0210821 0.01319682 0.004178881 -0.0210821 0.01319682 0.004178881 -0.0210821 0.01319682 0.004178881 -0.02108389 0.01316547 0.004738748 -0.02108389 0.01316547 0.004738748 -0.02108389 0.01316547 0.004738748 -0.02108389 0.01316547 0.004738748 -0.02108913 0.01307171 0.005291521 -0.02108913 0.01307171 0.005291521 -0.02108913 0.01307171 0.005291521 -0.02109777 0.01291674 0.005830287 -0.02109777 0.01291674 0.005830287 -0.02109777 0.01291674 0.005830287 -0.02110975 0.01270246 0.006348311 -0.02110975 0.01270246 0.006348311 -0.02110975 0.01270246 0.006348311 -0.02180558 2.51169e-4 -0.006741166 -0.02180558 2.51169e-4 -0.006741166 -0.02180558 2.51169e-4 -0.006741166 -0.02180558 2.51169e-4 -0.006741166 -0.02180004 3.50901e-4 -0.006499946 -0.02180004 3.50901e-4 -0.006499946 -0.02180004 3.50901e-4 -0.006499946 -0.02180004 3.50901e-4 -0.006499946 -0.02179116 5.09577e-4 -0.006292879 -0.02179116 5.09577e-4 -0.006292879 -0.02179116 5.09577e-4 -0.006292879 -0.02179116 5.09577e-4 -0.006292879 -0.02169781 0.00217998 0.006741166 -0.02169781 0.00217998 0.006741166 -0.02169781 0.00217998 0.006741166 -0.02169781 0.00217998 0.006741166 -0.02169781 0.00217998 0.006741166 -0.02168673 0.002378463 0.004346609 -0.02168673 0.002378463 0.004346609 -0.02168673 0.002378463 0.004346609 -0.02168673 0.002378463 0.004346609 -0.02168673 0.002378463 0.004346609 -0.02165561 0.002934932 0.004157423 -0.02165561 0.002934932 0.004157423 -0.02165561 0.002934932 0.004157423 -0.02162617 0.003462016 0.00389707 -0.02162617 0.003462016 0.00389707 -0.02162617 0.003462016 0.00389707 -0.02159887 0.003950715 0.003570079 -0.02159887 0.003950715 0.003570079 -0.02159887 0.003950715 0.003570079 -0.02157413 0.004392564 0.003181934 -0.02157413 0.004392564 0.003181934 -0.02157413 0.004392564 0.003181934 -0.02157413 0.004392564 0.003181934 -0.0215525 0.004780113 0.002739369 -0.0215525 0.004780113 0.002739369 -0.0215525 0.004780113 0.002739369 -0.0215525 0.004780113 0.002739369 -0.02141499 0.007240235 2.58821e-4 -0.02141499 0.007240235 2.58821e-4 -0.02141499 0.007240235 2.58821e-4 -0.02140945 0.007339954 5.00002e-4 -0.02140945 0.007339954 5.00002e-4 -0.02140945 0.007339954 5.00002e-4 -0.02140057 0.007498621 7.07109e-4 -0.02140057 0.007498621 7.07109e-4 -0.02140057 0.007498621 7.07109e-4 -0.02140057 0.007498621 7.07109e-4 -0.021389 0.00770545 8.66027e-4 -0.021389 0.00770545 8.66027e-4 -0.021389 0.00770545 8.66027e-4 -0.02137553 0.007946193 9.65928e-4 -0.02137553 0.007946193 9.65928e-4 -0.02137553 0.007946193 9.65928e-4 -0.02136111 0.008204638 0.000999987 -0.02136111 0.008204638 0.000999987 -0.02136111 0.008204638 0.000999987 -0.02134668 0.008463084 9.65928e-4 -0.02134668 0.008463084 9.65928e-4 -0.02134668 0.008463084 9.65928e-4 -0.02133321 0.008703887 8.66027e-4 -0.02133321 0.008703887 8.66027e-4 -0.02133321 0.008703887 8.66027e-4 -0.02133321 0.008703887 8.66027e-4 -0.02178448 6.29129e-4 0.004461467 -0.02178448 6.29129e-4 0.004461467 -0.02178448 6.29129e-4 0.004461467 -0.02177959 7.16364e-4 0.006133973 -0.02177959 7.16364e-4 0.006133973 -0.02177959 7.16364e-4 0.006133973 -0.02177959 7.16364e-4 0.006133973 -0.02179116 5.09577e-4 0.006292879 -0.02179116 5.09577e-4 0.006292879 -0.02179116 5.09577e-4 0.006292879 -0.02179116 5.09577e-4 0.006292879 -0.02180004 3.50901e-4 0.006499946 -0.02180004 3.50901e-4 0.006499946 -0.02180004 3.50901e-4 0.006499946 -0.02180004 3.50901e-4 0.006499946 -0.02180558 2.51169e-4 0.006741166 -0.02180558 2.51169e-4 0.006741166 -0.02180558 2.51169e-4 0.006741166 -0.02180558 2.51169e-4 0.006741166 -0.02180558 2.51169e-4 0.007258772 -0.02180558 2.51169e-4 0.007258772 -0.02180558 2.51169e-4 0.007258772 -0.02180558 2.51169e-4 0.007258772 -0.02180004 3.50901e-4 0.007499992 -0.02180004 3.50901e-4 0.007499992 -0.02180004 3.50901e-4 0.007499992 -0.02180004 3.50901e-4 0.007499992 -0.02179116 5.09577e-4 0.007707059 -0.02179116 5.09577e-4 0.007707059 -0.02179116 5.09577e-4 0.007707059 -0.02179116 5.09577e-4 0.007707059 -0.02177959 7.16364e-4 0.007865965 -0.02177959 7.16364e-4 0.007865965 -0.02177959 7.16364e-4 0.007865965 -0.02177959 7.16364e-4 0.007865965 -0.02176612 9.57163e-4 0.007965922 -0.02176612 9.57163e-4 0.007965922 -0.02176612 9.57163e-4 0.007965922 -0.0217517 0.001215577 0.007999956 -0.0217517 0.001215577 0.007999956 -0.0217517 0.001215577 0.007999956 -0.0217517 0.001215577 0.007999956 -0.02173727 0.001473963 0.007965922 -0.02173727 0.001473963 0.007965922 -0.02173727 0.001473963 0.007965922 -0.02173727 0.001473963 0.007965922 -0.0217238 0.001714766 0.007865965 -0.0217238 0.001714766 0.007865965 -0.0217238 0.001714766 0.007865965 -0.02171224 0.001921594 0.007707059 -0.02171224 0.001921594 0.007707059 -0.02171224 0.001921594 0.007707059 -0.02171224 0.001921594 0.007707059 -0.02170336 0.002080202 0.007499992 -0.02170336 0.002080202 0.007499992 -0.02170336 0.002080202 0.007499992 -0.02170336 0.002080202 0.007499992 -0.02169781 0.00217998 0.007258772 -0.02169781 0.00217998 0.007258772 -0.02169781 0.00217998 0.007258772 -0.02169781 0.00217998 0.007258772 -0.02116382 0.01173466 0.00771445 -0.02116382 0.01173466 0.00771445 -0.02116382 0.01173466 0.00771445 -0.02199423 -0.003124296 0.001164674 -0.02199423 -0.003124296 0.001164674 -0.02199423 -0.003124296 0.001164674 -0.02199423 -0.003124296 0.001164674 -0.02212786 -0.005515038 9.65928e-4 -0.02212786 -0.005515038 9.65928e-4 -0.02212786 -0.005515038 9.65928e-4 -0.02212786 -0.005515038 9.65928e-4 -0.02170336 0.002080202 -0.006499946 -0.02170336 0.002080202 -0.006499946 -0.02170336 0.002080202 -0.006499946 -0.02170336 0.002080202 -0.006499946 -0.02170336 0.002080202 -0.006499946 -0.02170336 0.002080202 -0.006499946 -0.02171891 0.001802027 -0.004461467 -0.02171891 0.001802027 -0.004461467 -0.02171891 0.001802027 -0.004461467 -0.02171891 0.001802027 -0.004461467 -0.02171224 0.001921594 -0.006292879 -0.02171224 0.001921594 -0.006292879 -0.02171224 0.001921594 -0.006292879 -0.02171224 0.001921594 -0.006292879 -0.02171224 0.001921594 -0.006292879 -0.0217517 0.001215577 -0.004499971 -0.0217517 0.001215577 -0.004499971 -0.0217517 0.001215577 -0.004499971 -0.02173727 0.001473963 -0.006034016 -0.02173727 0.001473963 -0.006034016 -0.02173727 0.001473963 -0.006034016 -0.0217238 0.001714766 -0.006133913 -0.0217238 0.001714766 -0.006133913 -0.0217238 0.001714766 -0.006133913 -0.0217517 0.001215577 -0.005999982 -0.0217517 0.001215577 -0.005999982 -0.0217517 0.001215577 -0.005999982 -0.02170336 0.002080202 0.006499946 -0.02170336 0.002080202 0.006499946 -0.02170336 0.002080202 0.006499946 -0.02170336 0.002080202 0.006499946 -0.02170336 0.002080202 0.006499946 -0.0217517 0.001215577 0.004499971 -0.0217517 0.001215577 0.004499971 -0.0217517 0.001215577 0.004499971 -0.02173727 0.001473963 0.006034016 -0.02173727 0.001473963 0.006034016 -0.02173727 0.001473963 0.006034016 -0.0217517 0.001215577 0.005999982 -0.0217517 0.001215577 0.005999982 -0.0217517 0.001215577 0.005999982 -0.02176612 9.57163e-4 0.006034016 -0.02176612 9.57163e-4 0.006034016 -0.02176612 9.57163e-4 0.006034016 -0.02669286 0.002408266 -0.01046001 -0.02669286 0.002408266 -0.01046001 -0.02669286 0.002408266 -0.01046001 -0.0266422 0.003315031 -0.01034045 -0.0266422 0.003315031 -0.01034045 -0.0266422 0.003315031 -0.01034045 -0.02659225 0.004207909 -0.0101422 -0.02659225 0.004207909 -0.0101422 -0.02659225 0.004207909 -0.0101422 -0.02654355 0.005080163 -0.009866714 -0.02654355 0.005080163 -0.009866714 -0.02654355 0.005080163 -0.009866714 -0.02649629 0.005925118 -0.009516179 -0.02649629 0.005925118 -0.009516179 -0.02649629 0.005925118 -0.009516179 -0.02645099 0.006736338 -0.009093225 -0.02645099 0.006736338 -0.009093225 -0.02645099 0.006736338 -0.009093225 -0.02640789 0.007507741 -0.008601069 -0.02640789 0.007507741 -0.008601069 -0.02640789 0.007507741 -0.008601069 -0.02640789 0.007507741 -0.008601069 -0.0263673 0.008233308 -0.008043408 -0.0263673 0.008233308 -0.008043408 -0.0263673 0.008233308 -0.008043408 -0.02632963 0.008907616 -0.007424592 -0.02632963 0.008907616 -0.007424592 -0.02632963 0.008907616 -0.007424592 -0.02629512 0.009525477 -0.006749212 -0.02629512 0.009525477 -0.006749212 -0.02629512 0.009525477 -0.006749212 -0.02626401 0.01008224 -0.006022512 -0.02626401 0.01008224 -0.006022512 -0.02626401 0.01008224 -0.006022512 -0.02623653 0.01057368 -0.005249977 -0.02623653 0.01057368 -0.005249977 -0.02623653 0.01057368 -0.005249977 -0.02615803 0.0119782 0 -0.02615803 0.0119782 0 -0.02615803 0.0119782 0 -0.02615803 0.0119782 0 -0.02615803 0.0119782 0 -0.02615606 0.01201367 0.00771445 -0.02615606 0.01201367 0.00771445 -0.02615606 0.01201367 0.00771445 -0.02615606 0.01201367 0.00771445 -0.02615606 0.01201367 0.00771445 -0.0261352 0.01238673 0.007296323 -0.0261352 0.01238673 0.007296323 -0.0261352 0.01238673 0.007296323 -0.02611708 0.01271069 0.006839036 -0.02611708 0.01271069 0.006839036 -0.02611708 0.01271069 0.006839036 -0.02610194 0.01298147 0.006348311 -0.02610194 0.01298147 0.006348311 -0.02610194 0.01298147 0.006348311 -0.02608996 0.01319569 0.005830287 -0.02608996 0.01319569 0.005830287 -0.02608996 0.01319569 0.005830287 -0.02608132 0.01335066 0.005291521 -0.02608132 0.01335066 0.005291521 -0.02608132 0.01335066 0.005291521 -0.02607607 0.01344448 0.004738748 -0.02607607 0.01344448 0.004738748 -0.02607607 0.01344448 0.004738748 -0.02607434 0.01347583 0.004178881 -0.02607434 0.01347583 0.004178881 -0.02607434 0.01347583 0.004178881 -0.02607434 0.01347583 0.004178881 -0.02607434 0.01347583 -0.004178881 -0.02607434 0.01347583 -0.004178881 -0.02607434 0.01347583 -0.004178881 -0.02607607 0.01344448 -0.004738748 -0.02607607 0.01344448 -0.004738748 -0.02607607 0.01344448 -0.004738748 -0.02607607 0.01344448 -0.004738748 -0.02608132 0.01335066 -0.005291521 -0.02608132 0.01335066 -0.005291521 -0.02608132 0.01335066 -0.005291521 -0.02608996 0.01319569 -0.005830287 -0.02608996 0.01319569 -0.005830287 -0.02608996 0.01319569 -0.005830287 -0.02610194 0.01298147 -0.006348311 -0.02610194 0.01298147 -0.006348311 -0.02610194 0.01298147 -0.006348311 -0.02611708 0.01271069 -0.006839036 -0.02611708 0.01271069 -0.006839036 -0.02611708 0.01271069 -0.006839036 -0.0261352 0.01238673 -0.007296323 -0.0261352 0.01238673 -0.007296323 -0.0261352 0.01238673 -0.007296323 -0.02615606 0.01201367 -0.00771445 -0.02615606 0.01201367 -0.00771445 -0.02615606 0.01201367 -0.00771445 -0.02615606 0.01201367 -0.00771445 -0.02616024 0.01193827 -9.15132e-4 -0.02616024 0.01193827 -9.15132e-4 -0.02616024 0.01193827 -9.15132e-4 -0.02616024 0.01193827 -9.15132e-4 -0.02616024 0.01193827 -9.15132e-4 -0.02621293 0.01099598 -0.004437446 -0.02621293 0.01099598 -0.004437446 -0.02621293 0.01099598 -0.004437446 -0.02619338 0.01134598 -0.003591179 -0.02619338 0.01134598 -0.003591179 -0.02619338 0.01134598 -0.003591179 -0.026178 0.01162093 -0.002717554 -0.026178 0.01162093 -0.002717554 -0.026178 0.01162093 -0.002717554 -0.02616691 0.01181894 -0.001823246 -0.02616691 0.01181894 -0.001823246 -0.02616691 0.01181894 -0.001823246 -0.0273298 -0.008989036 0 -0.0273298 -0.008989036 0 -0.0273298 -0.008989036 0 -0.02732759 -0.00894916 -9.15132e-4 -0.02732759 -0.00894916 -9.15132e-4 -0.02732759 -0.00894916 -9.15132e-4 -0.02732092 -0.008829772 -0.001823246 -0.02732092 -0.008829772 -0.001823246 -0.02732092 -0.008829772 -0.001823246 -0.02730983 -0.008631825 -0.002717554 -0.02730983 -0.008631825 -0.002717554 -0.02730983 -0.008631825 -0.002717554 -0.02729445 -0.00835675 -0.003591179 -0.02729445 -0.00835675 -0.003591179 -0.02729445 -0.00835675 -0.003591179 -0.0272749 -0.008006811 -0.004437446 -0.0272749 -0.008006811 -0.004437446 -0.0272749 -0.008006811 -0.004437446 -0.0272749 -0.008006811 -0.004437446 -0.0272513 -0.007584452 -0.005249977 -0.0272513 -0.007584452 -0.005249977 -0.0272513 -0.007584452 -0.005249977 -0.02722388 -0.007093071 -0.006022512 -0.02722388 -0.007093071 -0.006022512 -0.02722388 -0.007093071 -0.006022512 -0.02722388 -0.007093071 -0.006022512 -0.02719271 -0.006536304 -0.006749212 -0.02719271 -0.006536304 -0.006749212 -0.02719271 -0.006536304 -0.006749212 -0.0271582 -0.005918443 -0.007424592 -0.0271582 -0.005918443 -0.007424592 -0.0271582 -0.005918443 -0.007424592 -0.02712053 -0.005244135 -0.008043408 -0.02712053 -0.005244135 -0.008043408 -0.02712053 -0.005244135 -0.008043408 -0.02707999 -0.004518568 -0.008601069 -0.02707999 -0.004518568 -0.008601069 -0.02707999 -0.004518568 -0.008601069 -0.02703684 -0.003747224 -0.009093225 -0.02703684 -0.003747224 -0.009093225 -0.02703684 -0.003747224 -0.009093225 -0.02699154 -0.002935945 -0.009516179 -0.02699154 -0.002935945 -0.009516179 -0.02699154 -0.002935945 -0.009516179 -0.02694427 -0.00209099 -0.009866714 -0.02694427 -0.00209099 -0.009866714 -0.02694427 -0.00209099 -0.009866714 -0.02689558 -0.001218736 -0.0101422 -0.02689558 -0.001218736 -0.0101422 -0.02689558 -0.001218736 -0.0101422 -0.02684569 -3.25887e-4 -0.01034045 -0.02684569 -3.25887e-4 -0.01034045 -0.02684569 -3.25887e-4 -0.01034045 -0.02679497 5.80881e-4 -0.01046001 -0.02679497 5.80881e-4 -0.01046001 -0.02679497 5.80881e-4 -0.01046001 -0.02679497 5.80881e-4 -0.01046001 -0.02674394 0.001494526 -0.01049995 -0.02674394 0.001494526 -0.01049995 -0.02674394 0.001494526 -0.01049995 -0.02674394 0.001494526 -0.01049995 -0.02623653 0.01057368 0.005249977 -0.02623653 0.01057368 0.005249977 -0.02623653 0.01057368 0.005249977 -0.02623653 0.01057368 0.005249977 -0.02626401 0.01008224 0.006022512 -0.02626401 0.01008224 0.006022512 -0.02626401 0.01008224 0.006022512 -0.02626401 0.01008224 0.006022512 -0.02629512 0.009525477 0.006749212 -0.02629512 0.009525477 0.006749212 -0.02629512 0.009525477 0.006749212 -0.02632963 0.008907616 0.007424592 -0.02632963 0.008907616 0.007424592 -0.02632963 0.008907616 0.007424592 -0.0263673 0.008233308 0.008043408 -0.0263673 0.008233308 0.008043408 -0.0263673 0.008233308 0.008043408 -0.0263673 0.008233308 0.008043408 -0.02640789 0.007507741 0.008601069 -0.02640789 0.007507741 0.008601069 -0.02640789 0.007507741 0.008601069 -0.02645099 0.006736338 0.009093225 -0.02645099 0.006736338 0.009093225 -0.02645099 0.006736338 0.009093225 -0.02649629 0.005925118 0.009516179 -0.02649629 0.005925118 0.009516179 -0.02649629 0.005925118 0.009516179 -0.02654355 0.005080163 0.009866714 -0.02654355 0.005080163 0.009866714 -0.02654355 0.005080163 0.009866714 -0.02659225 0.004207909 0.0101422 -0.02659225 0.004207909 0.0101422 -0.02659225 0.004207909 0.0101422 -0.0266422 0.003315031 0.01034045 -0.0266422 0.003315031 0.01034045 -0.0266422 0.003315031 0.01034045 -0.02669286 0.002408266 0.01046001 -0.02669286 0.002408266 0.01046001 -0.02669286 0.002408266 0.01046001 -0.02616024 0.01193827 9.15137e-4 -0.02616024 0.01193827 9.15137e-4 -0.02616024 0.01193827 9.15137e-4 -0.02616024 0.01193827 9.15137e-4 -0.02616691 0.01181894 0.001823306 -0.02616691 0.01181894 0.001823306 -0.02616691 0.01181894 0.001823306 -0.02616691 0.01181894 0.001823306 -0.026178 0.01162093 0.002717554 -0.026178 0.01162093 0.002717554 -0.026178 0.01162093 0.002717554 -0.02619338 0.01134598 0.003591179 -0.02619338 0.01134598 0.003591179 -0.02619338 0.01134598 0.003591179 -0.02621293 0.01099598 0.004437446 -0.02621293 0.01099598 0.004437446 -0.02621293 0.01099598 0.004437446 -0.02674394 0.001494526 0.01049995 -0.02674394 0.001494526 0.01049995 -0.02674394 0.001494526 0.01049995 -0.02674394 0.001494526 0.01049995 -0.02679497 5.80881e-4 0.01046001 -0.02679497 5.80881e-4 0.01046001 -0.02679497 5.80881e-4 0.01046001 -0.02679497 5.80881e-4 0.01046001 -0.02684569 -3.25887e-4 0.01034045 -0.02684569 -3.25887e-4 0.01034045 -0.02684569 -3.25887e-4 0.01034045 -0.02689558 -0.001218736 0.0101422 -0.02689558 -0.001218736 0.0101422 -0.02689558 -0.001218736 0.0101422 -0.02694427 -0.00209099 0.009866714 -0.02694427 -0.00209099 0.009866714 -0.02694427 -0.00209099 0.009866714 -0.02699154 -0.002935945 0.009516179 -0.02699154 -0.002935945 0.009516179 -0.02699154 -0.002935945 0.009516179 -0.02703684 -0.003747224 0.009093225 -0.02703684 -0.003747224 0.009093225 -0.02703684 -0.003747224 0.009093225 -0.02707999 -0.004518568 0.008601069 -0.02707999 -0.004518568 0.008601069 -0.02707999 -0.004518568 0.008601069 -0.02712053 -0.005244135 0.008043408 -0.02712053 -0.005244135 0.008043408 -0.02712053 -0.005244135 0.008043408 -0.0271582 -0.005918443 0.007424592 -0.0271582 -0.005918443 0.007424592 -0.0271582 -0.005918443 0.007424592 -0.02719271 -0.006536304 0.006749212 -0.02719271 -0.006536304 0.006749212 -0.02719271 -0.006536304 0.006749212 -0.02719271 -0.006536304 0.006749212 -0.02722388 -0.007093071 0.006022512 -0.02722388 -0.007093071 0.006022512 -0.02722388 -0.007093071 0.006022512 -0.0272513 -0.007584452 0.005249977 -0.0272513 -0.007584452 0.005249977 -0.0272513 -0.007584452 0.005249977 -0.0272513 -0.007584452 0.005249977 -0.0272749 -0.008006811 0.004437446 -0.0272749 -0.008006811 0.004437446 -0.0272749 -0.008006811 0.004437446 -0.02729445 -0.00835675 0.003591179 -0.02729445 -0.00835675 0.003591179 -0.02729445 -0.00835675 0.003591179 -0.02730983 -0.008631825 0.002717554 -0.02730983 -0.008631825 0.002717554 -0.02730983 -0.008631825 0.002717554 -0.02732092 -0.008829772 0.001823306 -0.02732092 -0.008829772 0.001823306 -0.02732092 -0.008829772 0.001823306 -0.02732759 -0.00894916 9.15137e-4 -0.02732759 -0.00894916 9.15137e-4 -0.02732759 -0.00894916 9.15137e-4 -0.02384281 0.008602559 9.65928e-4 -0.02384281 0.008602559 9.65928e-4 -0.02384281 0.008602559 9.65928e-4 -0.02384281 0.008602559 9.65928e-4 -0.02366417 0.01179879 9.15137e-4 -0.02366417 0.01179879 9.15137e-4 -0.02366417 0.01179879 9.15137e-4 -0.02366417 0.01179879 9.15137e-4 -0.02366417 0.01179879 9.15137e-4 -0.02382934 0.008843362 8.66027e-4 -0.02382934 0.008843362 8.66027e-4 -0.02382934 0.008843362 8.66027e-4 -0.02412223 0.003601551 0.00389707 -0.02412223 0.003601551 0.00389707 -0.02412223 0.003601551 0.00389707 -0.02412223 0.003601551 0.00389707 -0.02415174 0.003074467 0.004157423 -0.02415174 0.003074467 0.004157423 -0.02415174 0.003074467 0.004157423 -0.02415174 0.003074467 0.004157423 -0.02424782 0.001355051 0.005999982 -0.02424782 0.001355051 0.005999982 -0.02424782 0.001355051 0.005999982 -0.02418279 0.002517938 0.004346609 -0.02418279 0.002517938 0.004346609 -0.02418279 0.002517938 0.004346609 -0.02421504 0.001941502 0.004461467 -0.02421504 0.001941502 0.004461467 -0.02421504 0.001941502 0.004461467 -0.02424782 0.001355051 0.004499971 -0.02424782 0.001355051 0.004499971 -0.02424782 0.001355051 0.004499971 -0.02389669 0.007638156 7.07109e-4 -0.02389669 0.007638156 7.07109e-4 -0.02389669 0.007638156 7.07109e-4 -0.02390557 0.007479488 5.00002e-4 -0.02390557 0.007479488 5.00002e-4 -0.02390557 0.007479488 5.00002e-4 -0.02399885 0.005809605 5.8737e-4 -0.02399885 0.005809605 5.8737e-4 -0.02399885 0.005809605 5.8737e-4 -0.02437335 -8.91393e-4 0.00389707 -0.02437335 -8.91393e-4 0.00389707 -0.02437335 -8.91393e-4 0.00389707 -0.02437335 -8.91393e-4 0.00389707 -0.0243439 -3.64309e-4 0.004157423 -0.0243439 -3.64309e-4 0.004157423 -0.0243439 -3.64309e-4 0.004157423 -0.02431279 1.92194e-4 0.004346609 -0.02431279 1.92194e-4 0.004346609 -0.02431279 1.92194e-4 0.004346609 -0.0242806 7.68625e-4 0.004461467 -0.0242806 7.68625e-4 0.004461467 -0.0242806 7.68625e-4 0.004461467 -0.02449893 -0.003137886 0 -0.02449893 -0.003137886 0 -0.02449893 -0.003137886 0 -0.02458262 -0.004635572 0 -0.02458262 -0.004635572 0 -0.02458262 -0.004635572 0 -0.02458262 -0.004635572 0 -0.02458453 -0.004669547 2.58821e-4 -0.02458453 -0.004669547 2.58821e-4 -0.02458453 -0.004669547 2.58821e-4 -0.02426224 0.001096665 -0.006034016 -0.02426224 0.001096665 -0.006034016 -0.02426224 0.001096665 -0.006034016 -0.02426224 0.001096665 -0.006034016 -0.02424782 0.001355051 -0.004499971 -0.02424782 0.001355051 -0.004499971 -0.02424782 0.001355051 -0.004499971 -0.02424782 0.001355051 -0.005999982 -0.02424782 0.001355051 -0.005999982 -0.02424782 0.001355051 -0.005999982 -0.02465283 -0.005892395 9.65928e-4 -0.02465283 -0.005892395 9.65928e-4 -0.02465283 -0.005892395 9.65928e-4 -0.02465283 -0.005892395 9.65928e-4 -0.0246663 -0.006133198 8.66027e-4 -0.0246663 -0.006133198 8.66027e-4 -0.0246663 -0.006133198 8.66027e-4 -0.0246663 -0.006133198 8.66027e-4 -0.0246663 -0.006133198 8.66027e-4 -0.02483147 -0.009088635 9.15137e-4 -0.02483147 -0.009088635 9.15137e-4 -0.02483147 -0.009088635 9.15137e-4 -0.02385723 0.008344113 -9.99997e-4 -0.02385723 0.008344113 -9.99997e-4 -0.02385723 0.008344113 -9.99997e-4 -0.02385723 0.008344113 -9.99997e-4 -0.02384281 0.008602559 -9.65923e-4 -0.02384281 0.008602559 -9.65923e-4 -0.02384281 0.008602559 -9.65923e-4 -0.02367085 0.01167941 -0.001823246 -0.02367085 0.01167941 -0.001823246 -0.02367085 0.01167941 -0.001823246 -0.02383351 0.008768081 -0.007424592 -0.02383351 0.008768081 -0.007424592 -0.02383351 0.008768081 -0.007424592 -0.02387124 0.008093774 -0.008043408 -0.02387124 0.008093774 -0.008043408 -0.02387124 0.008093774 -0.008043408 -0.02387124 0.008093774 -0.008043408 -0.02387124 0.008093774 -0.008043408 -0.02387124 0.008093774 -0.008043408 -0.02400529 0.005694925 -0.001164674 -0.02400529 0.005694925 -0.001164674 -0.02400529 0.005694925 -0.001164674 -0.02400529 0.005694925 -0.001164674 -0.0243017 3.9065e-4 -0.007258772 -0.0243017 3.9065e-4 -0.007258772 -0.0243017 3.9065e-4 -0.007258772 -0.0243017 3.9065e-4 -0.007258772 -0.0243017 3.9065e-4 -0.007258772 -0.0243017 3.9065e-4 -0.007258772 -0.02440065 -0.001380026 -0.003570079 -0.02440065 -0.001380026 -0.003570079 -0.02440065 -0.001380026 -0.003570079 -0.02440065 -0.001380026 -0.003570079 -0.02437335 -8.91393e-4 -0.00389707 -0.02437335 -8.91393e-4 -0.00389707 -0.02437335 -8.91393e-4 -0.00389707 -0.0243439 -3.64309e-4 -0.004157423 -0.0243439 -3.64309e-4 -0.004157423 -0.0243439 -3.64309e-4 -0.004157423 -0.0243439 -3.64309e-4 -0.004157423 -0.02430361 3.56653e-4 -0.006999969 -0.02430361 3.56653e-4 -0.006999969 -0.02430361 3.56653e-4 -0.006999969 -0.02430361 3.56653e-4 -0.006999969 -0.02430361 3.56653e-4 -0.006999969 -0.02429616 4.90412e-4 -0.007499992 -0.02429616 4.90412e-4 -0.007499992 -0.02429616 4.90412e-4 -0.007499992 -0.02429616 4.90412e-4 -0.007499992 -0.02429616 4.90412e-4 -0.007499992 -0.02429616 4.90412e-4 -0.007499992 -0.02446526 -0.002535939 -0.002249956 -0.02446526 -0.002535939 -0.002249956 -0.02446526 -0.002535939 -0.002249956 -0.02446526 -0.002535939 -0.002249956 -0.02444702 -0.002209424 -0.002739369 -0.02444702 -0.002209424 -0.002739369 -0.02444702 -0.002209424 -0.002739369 -0.02444702 -0.002209424 -0.002739369 -0.02442538 -0.001821935 -0.003181934 -0.02442538 -0.001821935 -0.003181934 -0.02442538 -0.001821935 -0.003181934 -0.0246244 -0.00538367 -0.008043408 -0.0246244 -0.00538367 -0.008043408 -0.0246244 -0.00538367 -0.008043408 -0.02466207 -0.006057918 -0.007424592 -0.02466207 -0.006057918 -0.007424592 -0.02466207 -0.006057918 -0.007424592 -0.02463841 -0.005634009 -9.99997e-4 -0.02463841 -0.005634009 -9.99997e-4 -0.02463841 -0.005634009 -9.99997e-4 -0.02449035 -0.002984821 -0.001164674 -0.02449035 -0.002984821 -0.001164674 -0.02449035 -0.002984821 -0.001164674 -0.0244798 -0.002795875 -0.001722037 -0.0244798 -0.002795875 -0.001722037 -0.0244798 -0.002795875 -0.001722037 -0.02428728 6.49072e-4 -0.007707059 -0.02428728 6.49072e-4 -0.007707059 -0.02428728 6.49072e-4 -0.007707059 -0.02428728 6.49072e-4 -0.007707059 -0.02427572 8.55844e-4 -0.007865965 -0.02427572 8.55844e-4 -0.007865965 -0.02427572 8.55844e-4 -0.007865965 -0.02426224 0.001096665 -0.007965862 -0.02426224 0.001096665 -0.007965862 -0.02426224 0.001096665 -0.007965862 -0.02424782 0.001355051 -0.007999956 -0.02424782 0.001355051 -0.007999956 -0.02424782 0.001355051 -0.007999956 -0.02424782 0.001355051 -0.007999956 -0.02469664 -0.006675839 -0.006749212 -0.02469664 -0.006675839 -0.006749212 -0.02469664 -0.006675839 -0.006749212 -0.02469664 -0.006675839 -0.006749212 -0.02472776 -0.007232546 -0.006022512 -0.02472776 -0.007232546 -0.006022512 -0.02472776 -0.007232546 -0.006022512 -0.02475517 -0.007723987 -0.005249977 -0.02475517 -0.007723987 -0.005249977 -0.02475517 -0.007723987 -0.005249977 -0.02475517 -0.007723987 -0.005249977 -0.02477884 -0.008146286 -0.004437446 -0.02477884 -0.008146286 -0.004437446 -0.02477884 -0.008146286 -0.004437446 -0.02479839 -0.008496284 -0.003591179 -0.02479839 -0.008496284 -0.003591179 -0.02479839 -0.008496284 -0.003591179 -0.02481377 -0.0087713 -0.002717554 -0.02481377 -0.0087713 -0.002717554 -0.02481377 -0.0087713 -0.002717554 -0.02482479 -0.008969247 -0.001823246 -0.02482479 -0.008969247 -0.001823246 -0.02482479 -0.008969247 -0.001823246 -0.02465283 -0.005892395 -9.65923e-4 -0.02465283 -0.005892395 -9.65923e-4 -0.02465283 -0.005892395 -9.65923e-4 -0.0246244 -0.00538367 0.008043408 -0.0246244 -0.00538367 0.008043408 -0.0246244 -0.00538367 0.008043408 -0.02424782 0.001355051 0.007999956 -0.02424782 0.001355051 0.007999956 -0.02424782 0.001355051 0.007999956 -0.02424782 0.001355051 0.007999956 -0.02426224 0.001096665 0.007965922 -0.02426224 0.001096665 0.007965922 -0.02426224 0.001096665 0.007965922 -0.02426224 0.001096665 0.007965922 -0.02427572 8.55844e-4 0.007865965 -0.02427572 8.55844e-4 0.007865965 -0.02427572 8.55844e-4 0.007865965 -0.02427572 8.55844e-4 0.007865965 -0.02428728 6.49072e-4 0.007707059 -0.02428728 6.49072e-4 0.007707059 -0.02428728 6.49072e-4 0.007707059 -0.02428728 6.49072e-4 0.007707059 -0.02428728 6.49072e-4 0.007707059 -0.02463841 -0.005634009 0.000999987 -0.02463841 -0.005634009 0.000999987 -0.02463841 -0.005634009 0.000999987 -0.02463841 -0.005634009 0.000999987 -0.02463841 -0.005634009 0.000999987 -0.02463841 -0.005634009 0.000999987 -0.02466207 -0.006057918 0.007424592 -0.02466207 -0.006057918 0.007424592 -0.02466207 -0.006057918 0.007424592 -0.02368187 0.01148146 -0.002717554 -0.02368187 0.01148146 -0.002717554 -0.02368187 0.01148146 -0.002717554 -0.02369725 0.01120644 -0.003591179 -0.02369725 0.01120644 -0.003591179 -0.02369725 0.01120644 -0.003591179 -0.0237168 0.01085644 -0.004437446 -0.0237168 0.01085644 -0.004437446 -0.0237168 0.01085644 -0.004437446 -0.02374041 0.01043415 -0.005249977 -0.02374041 0.01043415 -0.005249977 -0.02374041 0.01043415 -0.005249977 -0.02376788 0.00994277 -0.006022512 -0.02376788 0.00994277 -0.006022512 -0.02376788 0.00994277 -0.006022512 -0.023799 0.009386003 -0.006749212 -0.023799 0.009386003 -0.006749212 -0.023799 0.009386003 -0.006749212 -0.02424782 0.001355051 -0.01049995 -0.02424782 0.001355051 -0.01049995 -0.02424782 0.001355051 -0.01049995 -0.02424782 0.001355051 -0.01049995 -0.02424782 0.001355051 -0.01049995 -0.02423334 0.001613438 -0.007965862 -0.02423334 0.001613438 -0.007965862 -0.02423334 0.001613438 -0.007965862 -0.02423334 0.001613438 -0.007965862 -0.02421993 0.0018543 -0.007865965 -0.02421993 0.0018543 -0.007865965 -0.02421993 0.0018543 -0.007865965 -0.02421993 0.0018543 -0.007865965 -0.02420836 0.002061069 -0.007707059 -0.02420836 0.002061069 -0.007707059 -0.02420836 0.002061069 -0.007707059 -0.02420836 0.002061069 -0.007707059 -0.02419948 0.002219736 -0.007499992 -0.02419948 0.002219736 -0.007499992 -0.02419948 0.002219736 -0.007499992 -0.02419394 0.002319455 -0.007258772 -0.02419394 0.002319455 -0.007258772 -0.02419394 0.002319455 -0.007258772 -0.02419203 0.002353489 -0.006999969 -0.02419203 0.002353489 -0.006999969 -0.02419203 0.002353489 -0.006999969 -0.02418279 0.002517938 -0.004346609 -0.02418279 0.002517938 -0.004346609 -0.02418279 0.002517938 -0.004346609 -0.02418279 0.002517938 -0.004346609 -0.02418279 0.002517938 -0.004346609 -0.02415174 0.003074467 -0.004157423 -0.02415174 0.003074467 -0.004157423 -0.02415174 0.003074467 -0.004157423 -0.02412223 0.003601551 -0.00389707 -0.02412223 0.003601551 -0.00389707 -0.02412223 0.003601551 -0.00389707 -0.02409493 0.004090189 -0.003570079 -0.02409493 0.004090189 -0.003570079 -0.02409493 0.004090189 -0.003570079 -0.02407026 0.004532098 -0.003181934 -0.02407026 0.004532098 -0.003181934 -0.02407026 0.004532098 -0.003181934 -0.02407026 0.004532098 -0.003181934 -0.02404862 0.004919588 -0.002739369 -0.02404862 0.004919588 -0.002739369 -0.02404862 0.004919588 -0.002739369 -0.02403032 0.005246102 -0.002249956 -0.02403032 0.005246102 -0.002249956 -0.02403032 0.005246102 -0.002249956 -0.02401584 0.005506038 -0.001722037 -0.02401584 0.005506038 -0.001722037 -0.02401584 0.005506038 -0.001722037 -0.02419394 0.002319455 -0.006741166 -0.02419394 0.002319455 -0.006741166 -0.02419394 0.002319455 -0.006741166 -0.02419394 0.002319455 -0.006741166 -0.02419394 0.002319455 -0.006741166 -0.02419948 0.002219736 -0.006499946 -0.02419948 0.002219736 -0.006499946 -0.02419948 0.002219736 -0.006499946 -0.02419948 0.002219736 -0.006499946 -0.02419948 0.002219736 -0.006499946 -0.02420836 0.002061069 -0.006292879 -0.02420836 0.002061069 -0.006292879 -0.02420836 0.002061069 -0.006292879 -0.02387124 0.008093774 0.008043408 -0.02387124 0.008093774 0.008043408 -0.02387124 0.008093774 0.008043408 -0.02387124 0.008093774 0.008043408 -0.02387124 0.008093774 0.008043408 -0.02383351 0.008768081 0.007424592 -0.02383351 0.008768081 0.007424592 -0.02383351 0.008768081 0.007424592 -0.02385723 0.008344113 0.000999987 -0.02385723 0.008344113 0.000999987 -0.02385723 0.008344113 0.000999987 -0.02385723 0.008344113 0.000999987 -0.02385723 0.008344113 0.000999987 -0.02385723 0.008344113 0.000999987 -0.02420836 0.002061069 0.007707059 -0.02420836 0.002061069 0.007707059 -0.02420836 0.002061069 0.007707059 -0.02421993 0.0018543 0.007865965 -0.02421993 0.0018543 0.007865965 -0.02421993 0.0018543 0.007865965 -0.02421993 0.0018543 0.007865965 -0.02423334 0.001613438 0.007965922 -0.02423334 0.001613438 0.007965922 -0.02423334 0.001613438 0.007965922 -0.02423334 0.001613438 0.007965922 -0.023799 0.009386003 0.006749212 -0.023799 0.009386003 0.006749212 -0.023799 0.009386003 0.006749212 -0.02376788 0.00994277 0.006022512 -0.02376788 0.00994277 0.006022512 -0.02376788 0.00994277 0.006022512 -0.02374041 0.01043415 0.005249977 -0.02374041 0.01043415 0.005249977 -0.02374041 0.01043415 0.005249977 -0.0237168 0.01085644 0.004437446 -0.0237168 0.01085644 0.004437446 -0.0237168 0.01085644 0.004437446 -0.02369725 0.01120644 0.003591179 -0.02369725 0.01120644 0.003591179 -0.02369725 0.01120644 0.003591179 -0.02368187 0.01148146 0.002717554 -0.02368187 0.01148146 0.002717554 -0.02368187 0.01148146 0.002717554 -0.02367085 0.01167941 0.001823306 -0.02367085 0.01167941 0.001823306 -0.02367085 0.01167941 0.001823306 -0.02366191 0.01183867 0 -0.02366191 0.01183867 0 -0.02366191 0.01183867 0 -0.02366191 0.01183867 0 -0.02380144 0.00934261 0 -0.02380144 0.00934261 0 -0.02380144 0.00934261 0 -0.02380335 0.009308576 2.58821e-4 -0.02380335 0.009308576 2.58821e-4 -0.02380335 0.009308576 2.58821e-4 -0.02380889 0.009208798 5.00002e-4 -0.02380889 0.009208798 5.00002e-4 -0.02380889 0.009208798 5.00002e-4 -0.02380889 0.009208798 5.00002e-4 -0.02381777 0.00905019 7.07109e-4 -0.02381777 0.00905019 7.07109e-4 -0.02381777 0.00905019 7.07109e-4 -0.02366417 0.01179879 -9.15132e-4 -0.02366417 0.01179879 -9.15132e-4 -0.02366417 0.01179879 -9.15132e-4 -0.02382934 0.008843362 -8.66023e-4 -0.02382934 0.008843362 -8.66023e-4 -0.02382934 0.008843362 -8.66023e-4 -0.02381777 0.00905019 -7.07104e-4 -0.02381777 0.00905019 -7.07104e-4 -0.02381777 0.00905019 -7.07104e-4 -0.02381777 0.00905019 -7.07104e-4 -0.02380889 0.009208798 -4.99997e-4 -0.02380889 0.009208798 -4.99997e-4 -0.02380889 0.009208798 -4.99997e-4 -0.02380335 0.009308576 -2.58817e-4 -0.02380335 0.009308576 -2.58817e-4 -0.02380335 0.009308576 -2.58817e-4 -0.02458387 -0.004658043 0.008601069 -0.02458387 -0.004658043 0.008601069 -0.02458387 -0.004658043 0.008601069 -0.02454078 -0.003886699 0.009093225 -0.02454078 -0.003886699 0.009093225 -0.02454078 -0.003886699 0.009093225 -0.02449542 -0.00307548 0.009516179 -0.02449542 -0.00307548 0.009516179 -0.02449542 -0.00307548 0.009516179 -0.02444821 -0.002230525 0.009866714 -0.02444821 -0.002230525 0.009866714 -0.02444821 -0.002230525 0.009866714 -0.02439945 -0.00135827 0.0101422 -0.02439945 -0.00135827 0.0101422 -0.02439945 -0.00135827 0.0101422 -0.02434957 -4.65383e-4 0.01034045 -0.02434957 -4.65383e-4 0.01034045 -0.02434957 -4.65383e-4 0.01034045 -0.02429884 4.4137e-4 0.01046001 -0.02429884 4.4137e-4 0.01046001 -0.02429884 4.4137e-4 0.01046001 -0.02424782 0.001355051 0.01049995 -0.02424782 0.001355051 0.01049995 -0.02424782 0.001355051 0.01049995 -0.02419674 0.002268791 0.01046001 -0.02419674 0.002268791 0.01046001 -0.02419674 0.002268791 0.01046001 -0.02414608 0.003175497 0.01034045 -0.02414608 0.003175497 0.01034045 -0.02414608 0.003175497 0.01034045 -0.02409619 0.004068434 0.0101422 -0.02409619 0.004068434 0.0101422 -0.02409619 0.004068434 0.0101422 -0.02404743 0.004940688 0.009866714 -0.02404743 0.004940688 0.009866714 -0.02404743 0.004940688 0.009866714 -0.02400022 0.005785644 0.009516179 -0.02400022 0.005785644 0.009516179 -0.02400022 0.005785644 0.009516179 -0.02395486 0.006596863 0.009093225 -0.02395486 0.006596863 0.009093225 -0.02395486 0.006596863 0.009093225 -0.02391177 0.007368206 0.008601069 -0.02391177 0.007368206 0.008601069 -0.02391177 0.007368206 0.008601069 -0.02391177 0.007368206 0.008601069 -0.02387166 0.008085727 9.65928e-4 -0.02387166 0.008085727 9.65928e-4 -0.02387166 0.008085727 9.65928e-4 -0.02387166 0.008085727 9.65928e-4 -0.02400529 0.005694925 0.001164674 -0.02400529 0.005694925 0.001164674 -0.02400529 0.005694925 0.001164674 -0.02400529 0.005694925 0.001164674 -0.02401584 0.005506038 0.001722037 -0.02401584 0.005506038 0.001722037 -0.02401584 0.005506038 0.001722037 -0.02403032 0.005246102 0.002249956 -0.02403032 0.005246102 0.002249956 -0.02403032 0.005246102 0.002249956 -0.02404862 0.004919588 0.002739369 -0.02404862 0.004919588 0.002739369 -0.02404862 0.004919588 0.002739369 -0.02404862 0.004919588 0.002739369 -0.02407026 0.004532098 0.003181934 -0.02407026 0.004532098 0.003181934 -0.02407026 0.004532098 0.003181934 -0.02409493 0.004090189 0.003570079 -0.02409493 0.004090189 0.003570079 -0.02409493 0.004090189 0.003570079 -0.02409493 0.004090189 0.003570079 -0.02423334 0.001613438 0.006034016 -0.02423334 0.001613438 0.006034016 -0.02423334 0.001613438 0.006034016 -0.02421993 0.0018543 0.006133973 -0.02421993 0.0018543 0.006133973 -0.02421993 0.0018543 0.006133973 -0.02420836 0.002061069 0.006292879 -0.02420836 0.002061069 0.006292879 -0.02420836 0.002061069 0.006292879 -0.02420836 0.002061069 0.006292879 -0.02419948 0.002219736 0.006499946 -0.02419948 0.002219736 0.006499946 -0.02419948 0.002219736 0.006499946 -0.02419394 0.002319455 0.006741166 -0.02419394 0.002319455 0.006741166 -0.02419394 0.002319455 0.006741166 -0.02419203 0.002353489 0.006999969 -0.02419203 0.002353489 0.006999969 -0.02419203 0.002353489 0.006999969 -0.02419394 0.002319455 0.007258772 -0.02419394 0.002319455 0.007258772 -0.02419394 0.002319455 0.007258772 -0.02419394 0.002319455 0.007258772 -0.02419948 0.002219736 0.007499992 -0.02419948 0.002219736 0.007499992 -0.02419948 0.002219736 0.007499992 -0.02419948 0.002219736 0.007499992 -0.02399885 0.005809605 -5.87365e-4 -0.02399885 0.005809605 -5.87365e-4 -0.02399885 0.005809605 -5.87365e-4 -0.02390557 0.007479488 -4.99997e-4 -0.02390557 0.007479488 -4.99997e-4 -0.02390557 0.007479488 -4.99997e-4 -0.02389669 0.007638156 -7.07104e-4 -0.02389669 0.007638156 -7.07104e-4 -0.02389669 0.007638156 -7.07104e-4 -0.02389669 0.007638156 -7.07104e-4 -0.02388513 0.007844924 -8.66023e-4 -0.02388513 0.007844924 -8.66023e-4 -0.02388513 0.007844924 -8.66023e-4 -0.02387166 0.008085727 -9.65923e-4 -0.02387166 0.008085727 -9.65923e-4 -0.02387166 0.008085727 -9.65923e-4 -0.02387166 0.008085727 -9.65923e-4 -0.02391177 0.007368206 -0.008601069 -0.02391177 0.007368206 -0.008601069 -0.02391177 0.007368206 -0.008601069 -0.02395486 0.006596863 -0.009093225 -0.02395486 0.006596863 -0.009093225 -0.02395486 0.006596863 -0.009093225 -0.02400022 0.005785644 -0.009516179 -0.02400022 0.005785644 -0.009516179 -0.02400022 0.005785644 -0.009516179 -0.02404743 0.004940688 -0.009866714 -0.02404743 0.004940688 -0.009866714 -0.02404743 0.004940688 -0.009866714 -0.02409619 0.004068434 -0.0101422 -0.02409619 0.004068434 -0.0101422 -0.02409619 0.004068434 -0.0101422 -0.02409619 0.004068434 -0.0101422 -0.02414608 0.003175497 -0.01034045 -0.02414608 0.003175497 -0.01034045 -0.02414608 0.003175497 -0.01034045 -0.02419674 0.002268791 -0.01046001 -0.02419674 0.002268791 -0.01046001 -0.02419674 0.002268791 -0.01046001 -0.02429616 4.90412e-4 0.007499992 -0.02429616 4.90412e-4 0.007499992 -0.02429616 4.90412e-4 0.007499992 -0.02429616 4.90412e-4 0.007499992 -0.02429616 4.90412e-4 0.007499992 -0.0243017 3.9065e-4 0.007258772 -0.0243017 3.9065e-4 0.007258772 -0.0243017 3.9065e-4 0.007258772 -0.0243017 3.9065e-4 0.007258772 -0.02430361 3.56653e-4 0.006999969 -0.02430361 3.56653e-4 0.006999969 -0.02430361 3.56653e-4 0.006999969 -0.02430361 3.56653e-4 0.006999969 -0.0243017 3.9065e-4 0.006741166 -0.0243017 3.9065e-4 0.006741166 -0.0243017 3.9065e-4 0.006741166 -0.0243017 3.9065e-4 0.006741166 -0.02429616 4.90412e-4 0.006499946 -0.02429616 4.90412e-4 0.006499946 -0.02429616 4.90412e-4 0.006499946 -0.02429616 4.90412e-4 0.006499946 -0.02428728 6.49072e-4 0.006292879 -0.02428728 6.49072e-4 0.006292879 -0.02428728 6.49072e-4 0.006292879 -0.02428728 6.49072e-4 0.006292879 -0.02427572 8.55844e-4 0.006133973 -0.02427572 8.55844e-4 0.006133973 -0.02427572 8.55844e-4 0.006133973 -0.02426224 0.001096665 0.006034016 -0.02426224 0.001096665 0.006034016 -0.02426224 0.001096665 0.006034016 -0.02440065 -0.001380026 0.003570079 -0.02440065 -0.001380026 0.003570079 -0.02440065 -0.001380026 0.003570079 -0.02440065 -0.001380026 0.003570079 -0.02442538 -0.001821935 0.003181934 -0.02442538 -0.001821935 0.003181934 -0.02442538 -0.001821935 0.003181934 -0.02442538 -0.001821935 0.003181934 -0.02444702 -0.002209424 0.002739369 -0.02444702 -0.002209424 0.002739369 -0.02444702 -0.002209424 0.002739369 -0.02446526 -0.002535939 0.002249956 -0.02446526 -0.002535939 0.002249956 -0.02446526 -0.002535939 0.002249956 -0.0244798 -0.002795875 0.001722037 -0.0244798 -0.002795875 0.001722037 -0.0244798 -0.002795875 0.001722037 -0.02449035 -0.002984821 0.001164674 -0.02449035 -0.002984821 0.001164674 -0.02449035 -0.002984821 0.001164674 -0.02462399 -0.005375564 9.65928e-4 -0.02462399 -0.005375564 9.65928e-4 -0.02462399 -0.005375564 9.65928e-4 -0.02449679 -0.003099441 -5.87365e-4 -0.02449679 -0.003099441 -5.87365e-4 -0.02449679 -0.003099441 -5.87365e-4 -0.02459895 -0.004927992 -7.07104e-4 -0.02459895 -0.004927992 -7.07104e-4 -0.02459895 -0.004927992 -7.07104e-4 -0.02459895 -0.004927992 -7.07104e-4 -0.02459007 -0.004769265 -4.99997e-4 -0.02459007 -0.004769265 -4.99997e-4 -0.02459007 -0.004769265 -4.99997e-4 -0.02458453 -0.004669547 -2.58817e-4 -0.02458453 -0.004669547 -2.58817e-4 -0.02458453 -0.004669547 -2.58817e-4 -0.02458453 -0.004669547 -2.58817e-4 -0.02462399 -0.005375564 -9.65923e-4 -0.02462399 -0.005375564 -9.65923e-4 -0.02462399 -0.005375564 -9.65923e-4 -0.02461051 -0.005134761 -8.66023e-4 -0.02461051 -0.005134761 -8.66023e-4 -0.02461051 -0.005134761 -8.66023e-4 -0.02429884 4.4137e-4 -0.01046001 -0.02429884 4.4137e-4 -0.01046001 -0.02429884 4.4137e-4 -0.01046001 -0.02434957 -4.65383e-4 -0.01034045 -0.02434957 -4.65383e-4 -0.01034045 -0.02434957 -4.65383e-4 -0.01034045 -0.02434957 -4.65383e-4 -0.01034045 -0.02439945 -0.00135827 -0.0101422 -0.02439945 -0.00135827 -0.0101422 -0.02439945 -0.00135827 -0.0101422 -0.02439945 -0.00135827 -0.0101422 -0.02444821 -0.002230525 -0.009866714 -0.02444821 -0.002230525 -0.009866714 -0.02444821 -0.002230525 -0.009866714 -0.02449542 -0.00307548 -0.009516179 -0.02449542 -0.00307548 -0.009516179 -0.02449542 -0.00307548 -0.009516179 -0.02454078 -0.003886699 -0.009093225 -0.02454078 -0.003886699 -0.009093225 -0.02454078 -0.003886699 -0.009093225 -0.02458387 -0.004658043 -0.008601069 -0.02458387 -0.004658043 -0.008601069 -0.02458387 -0.004658043 -0.008601069 -0.02482479 -0.008969247 0.001823306 -0.02482479 -0.008969247 0.001823306 -0.02482479 -0.008969247 0.001823306 -0.02481377 -0.0087713 0.002717554 -0.02481377 -0.0087713 0.002717554 -0.02481377 -0.0087713 0.002717554 -0.02479839 -0.008496284 0.003591179 -0.02479839 -0.008496284 0.003591179 -0.02479839 -0.008496284 0.003591179 -0.02477884 -0.008146286 0.004437446 -0.02477884 -0.008146286 0.004437446 -0.02477884 -0.008146286 0.004437446 -0.02477884 -0.008146286 0.004437446 -0.02475517 -0.007723987 0.005249977 -0.02475517 -0.007723987 0.005249977 -0.02475517 -0.007723987 0.005249977 -0.02472776 -0.007232546 0.006022512 -0.02472776 -0.007232546 0.006022512 -0.02472776 -0.007232546 0.006022512 -0.02472776 -0.007232546 0.006022512 -0.02469664 -0.006675839 0.006749212 -0.02469664 -0.006675839 0.006749212 -0.02469664 -0.006675839 0.006749212 -0.02483373 -0.00912851 0 -0.02483373 -0.00912851 0 -0.02483373 -0.00912851 0 -0.02483373 -0.00912851 0 -0.02483373 -0.00912851 0 -0.02467787 -0.006339967 7.07109e-4 -0.02467787 -0.006339967 7.07109e-4 -0.02467787 -0.006339967 7.07109e-4 -0.02467787 -0.006339967 7.07109e-4 -0.02467787 -0.006339967 7.07109e-4 -0.02468675 -0.006498634 5.00002e-4 -0.02468675 -0.006498634 5.00002e-4 -0.02468675 -0.006498634 5.00002e-4 -0.02468675 -0.006498634 5.00002e-4 -0.02468675 -0.006498634 5.00002e-4 -0.02469229 -0.006598412 2.58821e-4 -0.02469229 -0.006598412 2.58821e-4 -0.02469229 -0.006598412 2.58821e-4 -0.0246942 -0.006632447 0 -0.0246942 -0.006632447 0 -0.0246942 -0.006632447 0 -0.02469229 -0.006598412 -2.58817e-4 -0.02469229 -0.006598412 -2.58817e-4 -0.02469229 -0.006598412 -2.58817e-4 -0.02483147 -0.009088635 -9.15132e-4 -0.02483147 -0.009088635 -9.15132e-4 -0.02483147 -0.009088635 -9.15132e-4 -0.02483147 -0.009088635 -9.15132e-4 -0.02468675 -0.006498634 -4.99997e-4 -0.02468675 -0.006498634 -4.99997e-4 -0.02468675 -0.006498634 -4.99997e-4 -0.02468675 -0.006498634 -4.99997e-4 -0.02467787 -0.006339967 -7.07104e-4 -0.02467787 -0.006339967 -7.07104e-4 -0.02467787 -0.006339967 -7.07104e-4 -0.02467787 -0.006339967 -7.07104e-4 -0.02467787 -0.006339967 -7.07104e-4 -0.0246663 -0.006133198 -8.66023e-4 -0.0246663 -0.006133198 -8.66023e-4 -0.0246663 -0.006133198 -8.66023e-4 -0.0246663 -0.006133198 -8.66023e-4 -0.0243017 3.9065e-4 -0.006741166 -0.0243017 3.9065e-4 -0.006741166 -0.0243017 3.9065e-4 -0.006741166 -0.0243017 3.9065e-4 -0.006741166 -0.02431279 1.92194e-4 -0.004346609 -0.02431279 1.92194e-4 -0.004346609 -0.02431279 1.92194e-4 -0.004346609 -0.02429616 4.90412e-4 -0.006499946 -0.02429616 4.90412e-4 -0.006499946 -0.02429616 4.90412e-4 -0.006499946 -0.02429616 4.90412e-4 -0.006499946 -0.02429616 4.90412e-4 -0.006499946 -0.0242806 7.68625e-4 -0.004461467 -0.0242806 7.68625e-4 -0.004461467 -0.0242806 7.68625e-4 -0.004461467 -0.0242806 7.68625e-4 -0.004461467 -0.02428728 6.49072e-4 -0.006292879 -0.02428728 6.49072e-4 -0.006292879 -0.02428728 6.49072e-4 -0.006292879 -0.02428728 6.49072e-4 -0.006292879 -0.02428728 6.49072e-4 -0.006292879 -0.02427572 8.55844e-4 -0.006133913 -0.02427572 8.55844e-4 -0.006133913 -0.02427572 8.55844e-4 -0.006133913 -0.02427572 8.55844e-4 -0.006133913 -0.02421504 0.001941502 -0.004461467 -0.02421504 0.001941502 -0.004461467 -0.02421504 0.001941502 -0.004461467 -0.02421993 0.0018543 -0.006133913 -0.02421993 0.0018543 -0.006133913 -0.02421993 0.0018543 -0.006133913 -0.02423334 0.001613438 -0.006034016 -0.02423334 0.001613438 -0.006034016 -0.02423334 0.001613438 -0.006034016 -0.02388513 0.007844924 8.66027e-4 -0.02388513 0.007844924 8.66027e-4 -0.02388513 0.007844924 8.66027e-4 -0.02388513 0.007844924 8.66027e-4 -0.02399671 0.00584805 0 -0.02399671 0.00584805 0 -0.02399671 0.00584805 0 -0.02391111 0.00737971 2.58821e-4 -0.02391111 0.00737971 2.58821e-4 -0.02391111 0.00737971 2.58821e-4 -0.02391111 0.00737971 2.58821e-4 -0.02391302 0.007345736 0 -0.02391302 0.007345736 0 -0.02391302 0.007345736 0 -0.02391111 0.00737971 -2.58817e-4 -0.02391111 0.00737971 -2.58817e-4 -0.02391111 0.00737971 -2.58817e-4 -0.02461051 -0.005134761 8.66027e-4 -0.02461051 -0.005134761 8.66027e-4 -0.02461051 -0.005134761 8.66027e-4 -0.02449679 -0.003099441 5.8737e-4 -0.02449679 -0.003099441 5.8737e-4 -0.02449679 -0.003099441 5.8737e-4 -0.02459895 -0.004927992 7.07109e-4 -0.02459895 -0.004927992 7.07109e-4 -0.02459895 -0.004927992 7.07109e-4 -0.02459007 -0.004769265 5.00002e-4 -0.02459007 -0.004769265 5.00002e-4 -0.02459007 -0.004769265 5.00002e-4 -0.02459007 -0.004769265 5.00002e-4</float_array>
          <technique_common>
            <accessor source="#Leg_B_005-mesh-positions-array" count="4792" stride="3">
              <param name="X" type="float"/>
              <param name="Y" type="float"/>
              <param name="Z" type="float"/>
            </accessor>
          </technique_common>
        </source>
        <source id="Leg_B_005-mesh-normals">
          <float_array id="Leg_B_005-mesh-normals-array" count="8262">0.9984421 -0.05579936 5.3896e-7 0.9984452 -0.05574113 0 0.9984421 -0.05579936 -5.38961e-7 0.9984422 -0.0557968 0 0.9984422 -0.05579644 2.45692e-6 0.9984418 -0.05580496 -5.89937e-6 0.9984426 -0.05578923 1.54284e-5 0.9984419 -0.05580025 -9.74987e-6 0.998442 -0.05580109 -4.55491e-6 0.9984421 -0.05579721 -6.44427e-6 0.998442 -0.05580002 -1.33057e-6 0.9984432 -0.05577808 -6.50595e-5 0.9984418 -0.05580502 3.85491e-6 0.9984418 -0.05580359 8.76896e-6 0.9984425 -0.05579119 -1.72167e-5 0.9984415 -0.05580854 6.09457e-6 0.9984414 -0.05581182 6.00153e-7 0.9984431 -0.05577993 -4.49935e-6 0.9984397 -0.05584251 8.80127e-6 0.9984422 -0.05579763 0 0.9984385 -0.05586099 -6.22422e-5 0.9984426 -0.05578982 0 0.998443 -0.055781 4.83676e-5 0.998442 -0.0557999 1.28928e-5 0.9984471 -0.05570811 0 0.9984408 -0.055821 -4.53992e-7 0.9984421 -0.05579739 0 0.9984403 -0.05583101 -1.16709e-5 0.9984433 -0.05577874 8.27313e-6 0.9984415 -0.05580878 -3.4528e-6 0.9984414 -0.0558108 -7.3817e-6 0.998443 -0.05578237 8.56589e-6 0.9984421 -0.05579847 3.81097e-7 0.998442 -0.05579924 9.98662e-7 0.9984405 -0.05582737 -2.47236e-5 0.9984421 -0.05579769 0 0.9984419 -0.05580055 7.63179e-6 0.9984421 -0.05579853 -8.43243e-6 0.9984419 -0.05580049 0 0.998442 -0.05579918 0 0.9984421 -0.05579859 8.43245e-6 0.9984421 -0.05579847 0 0.9984422 -0.05579614 -4.2979e-7 0.9984429 -0.05578422 3.40912e-6 0.9984411 -0.05581736 -1.09465e-5 0.9984421 -0.05579859 0 0.9984422 -0.05579745 1.88309e-5 0.9984421 -0.05579769 -1.15552e-5 0.9984422 -0.05579787 4.91115e-7 0.9984414 -0.05581068 7.38169e-6 0.9984415 -0.05580812 3.45279e-6 0.9984433 -0.05577874 -8.27314e-6 0.9984402 -0.05583161 1.16708e-5 0.9984419 -0.05580019 0 0.9984341 -0.05594229 1.62099e-5 0.9984458 -0.05573093 -1.23481e-5 0.9984409 -0.05582118 2.39634e-6 0.9984419 -0.05580085 3.41733e-7 0.9984421 -0.05579894 -5.8084e-7 0.9984425 -0.05579066 -1.42182e-6 0.9984419 -0.05580288 -5.21692e-7 0.9984413 -0.05581271 -1.80795e-7 0.9984431 -0.05577915 -6.0258e-7 0.9984421 -0.05579829 -9.25039e-7 0.998442 -0.05579918 -1.14133e-6 0.9984436 -0.05577164 2.99076e-6 0.9984416 -0.05580705 6.30104e-7 0.9984419 -0.05580061 1.05324e-6 0.998443 -0.05578172 5.73328e-7 0.9984411 -0.05581635 1.63311e-6 0.9984422 -0.0557968 0 0.9984521 -0.05561912 -3.03826e-5 0.9984403 -0.05583 2.17974e-7 0.9984411 -0.05581551 8.1878e-6 0.998443 -0.0557819 -4.48954e-6 0.9984408 -0.05582219 4.3949e-6 0.9984434 -0.05577647 -2.28198e-6 0.9984406 -0.05582499 4.73496e-6 0.9984431 -0.05578035 -8.58736e-6 0.9984416 -0.05580556 4.3064e-6 0.9984427 -0.05578726 -2.52694e-6 0.9984436 -0.0557726 -9.76298e-7 0.9984388 -0.05585604 7.44798e-6 0.9984419 -0.05580276 0 0.9984422 -0.05579793 0 0.9984393 -0.05584734 -8.80126e-6 0.9984431 -0.05577993 4.49935e-6 0.9984419 -0.0557999 -6.00154e-7 0.9984411 -0.05581629 -6.09458e-6 0.9984424 -0.05579459 1.72167e-5 0.9984418 -0.05580371 -8.76897e-6 0.9984421 -0.05579966 -3.8549e-6 0.9984425 -0.05579066 6.50593e-5 0.998442 -0.05579936 1.33057e-6 0.9984421 -0.05579704 6.44425e-6 0.9984419 -0.05580186 4.55491e-6 0.9984419 -0.05580097 9.74988e-6 0.9984426 -0.05579048 -1.54285e-5 0.9984417 -0.0558049 5.89936e-6 0.9984422 -0.05579495 -2.45692e-6 0.9984419 -0.05580139 1.80795e-7 0.9984418 -0.0558027 5.21692e-7 0.9984425 -0.05579078 1.42182e-6 0.9984414 -0.05581098 5.80839e-7 0.9984423 -0.05579388 -3.41733e-7 0.9984408 -0.05582112 -2.39634e-6 0.998445 -0.05574536 1.2348e-5 0.9984396 -0.05584192 -1.62101e-5 0.9984411 -0.05581623 -1.63311e-6 0.9984431 -0.05578166 -5.73327e-7 0.998442 -0.05580061 -1.05324e-6 0.9984416 -0.05580705 -6.30104e-7 0.9984436 -0.05577176 -2.99077e-6 0.9984376 -0.05587863 -7.44799e-6 0.9984424 -0.05579328 9.76295e-7 0.9984432 -0.05577838 2.52694e-6 0.9984417 -0.05580544 -4.30639e-6 0.9984427 -0.05578678 8.58736e-6 0.9984416 -0.05580824 -4.73497e-6 0.998443 -0.05578267 2.28198e-6 0.9984411 -0.05581539 -4.39489e-6 0.9984418 -0.05580317 4.48953e-6 0.9984416 -0.05580574 -8.18783e-6 0.9984403 -0.05582994 -2.17973e-7 0.9984496 -0.05566293 3.03824e-5 0.9984411 -0.05581629 0 0.9984426 -0.05578845 0 0.998442 -0.05580049 0 0.9984413 -0.05581212 0 0.9984416 -0.05580723 0 0.9984422 -0.05579739 0 0.9984427 -0.05578631 0 0.9984418 -0.05580282 0 0.9984438 -0.05576795 0 0.9984409 -0.05581837 0 0.9984383 -0.05586612 0 0.998442 -0.05579936 0 0.9984512 -0.05563426 0 0.9984416 -0.05580568 0 0.9984422 -0.0557956 0 0.9984419 -0.0558021 0 0.9984413 -0.05581367 0 0.9984411 -0.05581563 0 0.9984445 -0.05575555 0 0.9984439 -0.05576723 0 0.9984408 -0.05582183 0 0.9984396 -0.05584293 0 0.998443 -0.05578184 0 0.9984435 -0.0557726 0 0.9984409 -0.05582123 0 0.9984435 -0.05577266 0 0.9984325 -0.05597019 0 0.9984423 -0.05579406 0 0.03945636 0.7060069 -0.707105 0.03945541 0.7059988 -0.7071132 0 0 -1 0 0 -1 0.9984422 -0.05579614 0 0.998442 -0.05580055 0 0.9984421 -0.05579864 1.29498e-6 0.9984414 -0.05581074 1.47975e-6 0.9984427 -0.05578762 1.0973e-5 0.9984421 -0.05579978 -7.66262e-7 0.9984418 -0.05580258 -8.97851e-7 0.9984427 -0.05578702 1.93518e-5 0.9984418 -0.05580377 -4.80333e-6 0.998442 -0.05580013 -2.14598e-6 0.998442 -0.05579942 0 0.998442 -0.05580013 2.14598e-6 0.9984416 -0.05580598 4.80335e-6 0.9984428 -0.05578547 -1.93517e-5 0.9984419 -0.05580186 8.97852e-7 0.9984421 -0.05579954 7.66261e-7 0.9984427 -0.05578875 -1.0973e-5 0.9984414 -0.05581068 -1.47975e-6 0.9984419 -0.0557999 -1.29498e-6 0.998442 -0.05579972 0 0.9984421 -0.055799 0 0.9984423 -0.05579537 8.29005e-6 0.9984421 -0.05579954 1.09118e-6 0.9984422 -0.05579733 3.36544e-6 0.9984418 -0.05580264 -1.29621e-5 0.998442 -0.05579906 3.43787e-7 0.998442 -0.0557999 -5.81344e-6 0.9984422 -0.05579519 1.61076e-5 0.9984419 -0.05580133 -1.27612e-5 0.9984419 -0.05580151 -3.14127e-6 0.9984422 -0.05579763 4.83221e-6 0.9984413 -0.05581122 -3.93522e-5 0.9984462 -0.05572533 2.97382e-4 0.998442 -0.05579906 -1.15604e-6 0.9984411 -0.05581539 1.91098e-5 0.9984424 -0.05579382 -5.28825e-6 0.9984423 -0.05579394 -6.95261e-6 0.9984421 -0.05579853 -2.29279e-6 0.9984414 -0.0558111 1.21464e-5 0.9984423 -0.05579531 -3.34933e-6 0.9984424 -0.05579352 -3.83803e-6 0.9984424 -0.05579274 -4.65179e-6 0.9984419 -0.05580198 7.10181e-7 0.9984462 -0.05572313 -2.97383e-4 0.9984413 -0.0558108 3.9352e-5 0.9984421 -0.05579847 -4.83224e-6 0.9984421 -0.05579912 3.14127e-6 0.9984419 -0.05580198 1.27612e-5 0.9984423 -0.05579501 -1.61076e-5 0.9984419 -0.05580061 5.81344e-6 0.9984421 -0.05579853 -3.43787e-7 0.9984419 -0.05580282 1.29621e-5 0.9984422 -0.05579715 -3.36544e-6 0.998442 -0.05580002 -1.09118e-6 0.9984422 -0.05579727 -8.29005e-6 0.9984425 -0.05579119 4.65179e-6 0.9984424 -0.05579406 3.83803e-6 0.9984422 -0.05579483 3.34933e-6 0.9984412 -0.05581498 -1.21463e-5 0.9984423 -0.05579471 2.2928e-6 0.9984425 -0.05579179 6.95261e-6 0.9984421 -0.05579829 5.28826e-6 0.9984413 -0.05581295 -1.91097e-5 0.9984421 -0.05579912 1.15605e-6 0.03397303 0.6078893 -0.7932947 0.03396779 0.6077955 -0.7933669 0.02135252 0.3820672 -0.923888 0.02135467 0.3821012 -0.9238737 0.007282733 0.1303117 -0.9914463 0.007283747 0.1303329 -0.9914436 0.03945606 0.7060112 0.7071008 0.03945571 0.7059949 0.7071171 0 0 1 0 0 1 0.007282853 0.130318 0.9914456 0.007283329 0.1303231 0.9914449 0.02135521 0.3821128 0.9238689 0.02135211 0.3820587 0.9238915 0.0339713 0.6078596 0.7933176 0.0339694 0.6078263 0.7933432 0.05579835 0.9984421 0 0.05579829 0.9984421 0 0.04426521 0.7920669 0.6088274 0.04426801 0.7920984 0.6087861 0.05155354 0.9224674 0.3826178 0.05154943 0.9224044 0.3827701 0.05532199 0.989912 0.1304371 0.05532157 0.9899088 0.1304613 0.05532121 0.9899039 -0.1304984 0.05532246 0.9899169 -0.1303995 0.05155056 0.9224231 -0.3827247 0.05155253 0.9224485 -0.3826633 0.04426598 0.7920674 -0.6088265 0.04426723 0.7920992 -0.6087852 -0.9984418 0.05580431 -2.92098e-6 -0.9984421 0.05580008 0 -0.9984421 0.0557987 0 -0.9984421 0.05579859 -2.71552e-6 -0.9984421 0.05579817 7.26402e-6 -0.9984421 0.0557987 -7.26402e-6 -0.9984423 0.05579578 6.66794e-5 -0.9984418 0.05580407 2.86775e-7 -0.9984414 0.05581033 1.24375e-6 -0.9984421 0.05579942 -2.13068e-6 -0.9984421 0.05579966 1.41021e-6 -0.9984419 0.05580121 -1.1143e-5 -0.9984421 0.05579882 7.22865e-6 -0.9984422 0.05579692 -7.22865e-6 -0.9984417 0.05580526 1.1143e-5 -0.998442 0.05579966 -1.41021e-6 -0.9984421 0.05579823 2.13068e-6 -0.9984419 0.05580055 -5.61941e-6 -0.9984422 0.05579775 5.25701e-7 -0.9984411 0.05581575 2.92097e-6 -0.9984429 0.05578339 -6.1369e-6 -0.9984411 0.0558151 7.15411e-6 -0.9984424 0.0557928 -8.34248e-7 -0.9984416 0.05580681 -1.93351e-6 -0.9984434 0.05577635 -2.81077e-6 -0.9984424 0.05579262 -5.17835e-6 -0.998442 0.05579918 0 -0.9984384 0.05586457 -1.0874e-5 -0.9984442 0.05576062 1.79133e-5 -0.9984419 0.05580121 -1.35136e-7 -0.9984409 0.05581957 -4.03788e-6 -0.99844 0.05583614 7.79065e-6 -0.9984444 0.0557565 9.43918e-6 -0.9984356 0.05591344 2.7846e-5 -0.998442 0.05579978 0 -0.9984421 0.05579876 1.46384e-6 -0.9984418 0.05580472 -1.19701e-5 -0.9984428 0.05578553 1.14907e-5 -0.9984422 0.0557965 -2.94998e-7 -0.9984418 0.05580335 3.54259e-7 -0.9984421 0.05579906 0 -0.9984415 0.05580848 -9.3273e-6 -0.9984424 0.05579257 8.53496e-6 -0.9984421 0.05579936 0 -0.998442 0.05579954 3.53587e-7 -0.9984441 0.055763 7.66871e-6 -0.9984409 0.05581945 -1.84622e-5 -0.9984425 0.05579233 1.43026e-5 -0.9984419 0.0557999 -7.48763e-7 -0.9984421 0.05579876 7.85783e-7 -0.9984411 0.05581676 -4.47745e-6 -0.9984428 0.05578678 2.87311e-6 -0.9984421 0.05579733 4.41352e-6 -0.9984418 0.05580401 -3.83601e-6 -0.9984422 0.05579656 -1.8437e-6 -0.9984421 0.05579888 1.94195e-6 -0.9984418 0.05580514 -1.73424e-7 -0.9984421 0.05579918 1.27542e-7 -0.9984419 0.05580145 -1.28087e-5 -0.9984424 0.05579423 1.27774e-5 -0.9984419 0.05580133 -3.65617e-6 -0.998442 0.05579924 -1.20591e-7 -0.9984378 0.0558753 -1.68922e-5 -0.9984424 0.05579328 -1.19365e-5 -0.9984408 0.05582171 2.1514e-5 -0.9984436 0.05577319 -9.8015e-6 -0.9984403 0.05582994 1.12231e-5 -0.9984435 0.05577343 -8.34252e-6 -0.9984416 0.05580824 3.7275e-6 -0.9984427 0.05578833 -3.63345e-6 -0.9984416 0.05580621 5.50792e-7 -0.9984407 0.05582427 3.50649e-6 -0.9984431 0.0557788 -5.8109e-7 -0.9984447 0.05575209 0 -0.998441 0.05581748 2.13832e-5 -0.9984421 0.05579859 -8.3748e-7 -0.9984424 0.0557934 -3.36732e-6 -0.9984419 0.05580145 -3.57583e-6 -0.998442 0.05579954 1.70095e-6 -0.9984421 0.05579841 2.05538e-6 -0.998442 0.05579996 7.42967e-7 -0.9984434 0.05577391 -6.50481e-6 -0.9984408 0.05582249 1.32582e-6 -0.9984419 0.05580043 2.05926e-7 -0.9984424 0.05579423 5.37677e-6 -0.9984418 0.05580431 -1.29764e-6 -0.9984428 0.0557866 1.25256e-6 -0.998442 0.05580031 0 -0.9984422 0.05579686 0 -0.9984408 0.05582278 1.48527e-7 -0.9984466 0.05571758 7.53917e-7 -0.9984316 0.05598604 -7.36239e-6 -0.9984416 0.05580669 1.60521e-7 -0.9984462 0.05572581 2.34615e-7 -0.9984403 0.05583059 -7.68221e-7 -0.9984423 0.05579459 4.32913e-7 -0.9984335 0.05595356 7.37034e-6 -0.9984424 0.05579423 -1.64436e-7 -0.9984424 0.05579334 0 -0.998441 0.05581831 -1.25256e-6 -0.9984431 0.05577886 1.29764e-6 -0.9984413 0.05581206 -5.37676e-6 -0.9984421 0.05580002 -2.05926e-7 -0.9984416 0.05580782 -1.32582e-6 -0.9984427 0.05578911 6.50479e-6 -0.9984421 0.05579841 -7.42967e-7 -0.9984418 0.05580508 -2.05538e-6 -0.9984419 0.0558021 -1.70095e-6 -0.9984427 0.05578899 3.57583e-6 -0.9984422 0.05579656 3.36732e-6 -0.9984424 0.05579441 8.37478e-7 -0.9984411 0.05581766 -2.13833e-5 -0.9984423 0.05579489 0 -0.998443 0.05578207 5.8109e-7 -0.9984406 0.05582433 -3.5065e-6 -0.9984417 0.05580526 -5.50791e-7 -0.9984433 0.05577749 3.63345e-6 -0.9984414 0.05581051 -3.72749e-6 -0.998443 0.05578386 8.34253e-6 -0.9984404 0.05582982 -1.12231e-5 -0.9984435 0.05577325 9.80152e-6 -0.9984405 0.05582618 -2.15141e-5 -0.9984428 0.05578601 1.19366e-5 -0.9984391 0.05585229 1.68923e-5 -0.9984421 0.05579942 -1.28457e-7 -0.9984421 0.05579811 9.64126e-6 -0.9984421 0.05579864 0 -0.998442 0.05579966 -3.17414e-6 -0.998442 0.05579888 0 -0.9984421 0.05579942 1.60528e-6 -0.9984422 0.05579793 -1.01362e-6 -0.9984422 0.05579686 6.38135e-5 -0.9984416 0.05580699 -1.3421e-4 -0.9984421 0.05579942 -4.61512e-6 -0.9984418 0.0558024 9.3332e-6 -0.9984421 0.05579751 1.05657e-6 -0.998442 0.05580002 2.42192e-6 -0.998442 0.05580008 5.50949e-6 -0.9984421 0.05579715 -3.26816e-7 -0.9984419 0.05580168 -4.97674e-5 -0.9984421 0.05579906 0 -0.9984421 0.05579888 4.3936e-6 -0.9984421 0.05579799 0 -0.9984273 0.05606138 -9.81763e-5 -0.9984429 0.0557838 3.35079e-7 -0.9984427 0.05578875 4.54669e-7 -0.9984414 0.05581033 -1.24375e-6 -0.9984415 0.05580812 -2.5627e-6 -0.9984419 0.05580133 0 -0.9984416 0.05580592 0 -0.9984419 0.05580252 -1.72398e-6 -0.9984424 0.05579233 -9.2627e-7 -0.9984424 0.05579304 2.58344e-7 -0.9984411 0.055817 -3.5697e-7 -0.9984424 0.05579465 -6.43e-7 -0.9984424 0.05579191 4.9196e-7 -0.9984407 0.05582332 4.67823e-7 -0.9984426 0.05578929 6.52175e-7 -0.9984413 0.05581206 -2.18253e-7 -0.9984466 0.05571758 -7.53917e-7 -0.9984422 0.05579727 -5.73397e-7 -0.9984426 0.05578958 -3.1063e-7 -0.9984412 0.05581325 -2.86775e-7 -0.9984409 0.05581963 1.9097e-6 -0.998443 0.05578255 0 -0.9984418 0.05580335 0 -0.9984413 0.05581247 2.31366e-6 -0.9984416 0.05580681 1.66968e-6 -0.9984433 0.05577665 -1.55708e-6 -0.9984411 0.05581706 3.57435e-7 -0.9984418 0.05580431 4.40675e-7 -0.9984438 0.05576896 -9.2527e-7 -0.9984408 0.05582082 -4.67823e-7 -0.9984422 0.05579453 -4.32913e-7 -0.9984375 0.05588024 7.6822e-7 -0.9984408 0.05582183 -2.34614e-7 0.9984403 -0.05583107 1.11271e-5 0.9984421 -0.0557987 -3.99416e-6 0.9984421 -0.05580008 4.06742e-6 0.9984419 -0.05580198 1.29054e-5 0.998442 -0.05580109 9.1075e-6 0.9984418 -0.05580234 -9.1075e-6 0.998442 -0.05580031 -1.16691e-4 0.9984413 -0.05581313 -1.50669e-6 0.998442 -0.0557999 6.90561e-7 0.9984422 -0.05579727 4.14724e-6 0.9984428 -0.05578482 8.81141e-6 0.9984419 -0.05580091 1.40707e-5 0.9984421 -0.05579853 -3.7914e-6 0.9984421 -0.05579853 3.7914e-6 0.9984422 -0.05579686 -1.40707e-5 0.9984427 -0.05578726 -8.8114e-6 0.998442 -0.05579972 -4.14724e-6 0.9984409 -0.05581957 5.04735e-5 0.998452 -0.05562072 -5.17499e-5 0.9984366 -0.05589669 9.31594e-6 0.9984429 -0.05578464 3.60027e-7 0.9984421 -0.055799 1.67169e-6 0.9984428 -0.05578655 1.30164e-6 0.9984401 -0.05583333 -1.61177e-6 0.9984431 -0.05578124 4.33953e-6 0.9984427 -0.05578738 4.75856e-6 0.9984421 -0.055799 -4.58432e-7 0.998443 -0.05578237 1.9148e-6 0.9984403 -0.05582994 -1.1127e-5 0.9984422 -0.05579721 2.72372e-6 0.9984421 -0.05579894 2.20142e-6 0.9984265 -0.05607742 -5.30642e-5 0.9984433 -0.05577737 6.71686e-6 0.9984414 -0.05581104 -1.73045e-6 0.9984422 -0.05579608 -2.47326e-6 0.9984419 -0.05580192 1.93212e-6 0.9984415 -0.0558086 -6.43921e-6 0.998442 -0.05579906 0 0.9984421 -0.05579745 -5.51798e-7 0.9984423 -0.05579495 -5.29361e-6 0.9984415 -0.05580985 1.19589e-5 0.9984424 -0.05579262 -1.03842e-5 0.998443 -0.05578094 -2.41056e-6 0.998442 -0.05579936 0 0.998442 -0.05580079 1.50628e-5 0.9984422 -0.0557956 -6.86405e-6 0.9984421 -0.0557996 -6.5181e-6 0.998442 -0.05579984 4.63249e-7 0.9984426 -0.05578988 5.65805e-6 0.9984417 -0.05580455 3.1649e-6 0.9984422 -0.05579698 -8.24756e-6 0.9984423 -0.05579501 -4.26454e-6 0.9984413 -0.05581247 4.82762e-6 0.9984427 -0.05578875 1.21903e-5 0.9984426 -0.0557897 -6.55557e-6 0.9984388 -0.05585759 -2.02229e-5 0.9984422 -0.0557959 -2.00418e-6 0.9984417 -0.05580508 7.20391e-6 0.9984414 -0.05581116 9.55744e-6 0.9984432 -0.05577832 -2.90266e-5 0.9984421 -0.05579876 0 0.9984421 -0.0557993 0 0.9984418 -0.05580395 -5.51158e-6 0.998443 -0.05578368 4.05778e-6 0.9984421 -0.05579692 3.20979e-6 0.9984412 -0.05581361 -6.56501e-6 0.9984415 -0.05580991 4.10994e-6 0.9984428 -0.05578666 -5.93834e-6 0.9984419 -0.05580049 2.97659e-6 0.9984416 -0.05580729 -3.00069e-6 0.9984432 -0.05577892 9.33502e-6 0.9984408 -0.05582326 -2.03223e-5 0.998443 -0.05578094 5.17499e-5 0.9984439 -0.05576741 4.6756e-7 0.9984429 -0.05578422 -1.14613e-6 0.9984381 -0.0558713 -4.44643e-6 0.9984419 -0.05580019 1.82343e-6 0.9984421 -0.05579769 0 0.9984411 -0.05581599 1.23366e-6 0.9984432 -0.05577856 6.63499e-6 0.9984426 -0.05578923 9.48669e-6 0.9984409 -0.05581891 -1.03061e-5 0.9984424 -0.05579346 1.71232e-6 0.9984418 -0.05580419 -2.16022e-6 0.9984416 -0.05580687 -3.56198e-6 0.998442 -0.05579936 5.68816e-6 0.9984438 -0.05576705 -2.53338e-5 0.9984416 -0.05580824 1.52359e-5 0.9984398 -0.05583858 0 0.9984678 -0.05533683 -3.88948e-6 0.998445 -0.05574667 -1.4673e-6 0.9984391 -0.05585312 -8.11948e-7 0.9984422 -0.0557968 0 0.9984413 -0.05581361 2.23836e-7 0.9984407 -0.05582386 -1.21731e-6 0.9984358 -0.05591177 1.78429e-6 0.9984425 -0.05579209 -1.52359e-5 0.9984424 -0.05579316 2.53337e-5 0.9984424 -0.05579477 -5.68816e-6 0.9984414 -0.05581063 3.56198e-6 0.9984432 -0.05577939 2.16022e-6 0.9984415 -0.05580806 -1.71232e-6 0.9984406 -0.0558241 1.03061e-5 0.9984427 -0.05578762 -9.48668e-6 0.9984431 -0.05577951 -6.635e-6 0.9984409 -0.05581939 -1.23366e-6 0.9984422 -0.05579578 0 0.9984353 -0.05591946 -1.82341e-6 0.9984414 -0.0558111 4.44645e-6 0.9984412 -0.05581438 1.14613e-6 0.998443 -0.05578261 -4.67559e-7 0.9984415 -0.05580866 0 0.9984498 -0.05566084 3.87352e-6 0.9984424 -0.05579322 -5.17489e-5 0.9984424 -0.05579298 2.03222e-5 0.9984421 -0.05579817 -9.33503e-6 0.9984415 -0.05580759 3.00071e-6 0.9984419 -0.05580037 -2.97658e-6 0.9984427 -0.05578833 5.93835e-6 0.9984416 -0.05580824 -4.10993e-6 0.9984413 -0.055812 6.56501e-6 0.9984421 -0.05579793 -3.20979e-6 0.998443 -0.05578362 -4.05777e-6 0.9984419 -0.05580228 5.51158e-6 0.9984421 -0.05579715 -2.68091e-6 0.9984412 -0.05581527 7.12277e-6 0.9984422 -0.05579763 -1.25316e-7 0.998442 -0.05579954 3.43626e-6 0.9984421 -0.05579894 0 0.9984422 -0.05579614 -1.06355e-5 0.9984422 -0.05579662 -1.01776e-5 0.9984419 -0.05580258 1.20396e-6 0.9984421 -0.05579859 -1.83353e-6 0.9984421 -0.05579853 7.8604e-6 0.9984412 -0.05581325 2.33843e-4 0.9984421 -0.05579859 7.19295e-6 0.998442 -0.05579924 -2.94134e-7 0.9984421 -0.05579847 -7.56523e-6 0.9984419 -0.05580073 -1.0333e-5 0.998442 -0.05579906 1.10534e-5 0.998442 -0.0557996 1.40005e-7 0.998442 -0.0557996 -9.82097e-6 0.9984421 -0.05579954 0 0.9984525 -0.05561149 -3.44441e-5 0.9984422 -0.05579513 -6.90561e-7 0.9984429 -0.05578446 -1.75668e-7 0.9984412 -0.0558142 -1.16067e-6 0.9984436 -0.05577147 6.25513e-7 0.9984428 -0.05578511 7.23338e-7 0.9984408 -0.05582267 -6.77531e-7 0.9984417 -0.05580592 -9.91985e-7 0.9984433 -0.05577594 0 0.9984419 -0.05579996 0 0.9984424 -0.05579364 -1.20127e-6 0.9984439 -0.05576717 4.10927e-7 0.9984417 -0.05580544 1.14752e-6 0.9984402 -0.05583125 2.13399e-7 0.9984466 -0.0557177 1.4673e-6 0.9984405 -0.05582749 1.07447e-6 0.9984441 -0.05576366 -1.94399e-6 0.9984412 -0.05581319 1.50669e-6 0.9984416 -0.05580663 1.3381e-6 0.9984431 -0.05578005 -7.58908e-7 0.9984436 -0.05577147 -6.25513e-7 0.9984415 -0.05580919 -2.25896e-6 0.9984424 -0.05579352 1.55942e-6 0.9984421 -0.05579978 1.33124e-6 0.9984424 -0.05579417 0 0.9984414 -0.05581068 0 0.9984428 -0.05578714 8.95175e-7 0.9984439 -0.05576717 -4.10927e-7 0.9984416 -0.05580669 -1.50131e-6 0.9984406 -0.05582505 -3.80034e-7 0.9984337 -0.05594879 -1.7852e-6 0.9984379 -0.05587345 1.21731e-6 0.9984424 -0.05579471 -2.23836e-7 0.05544775 0.992169 0.1119213 0.05266642 0.9423996 0.330317 0.0526666 0.942401 0.3303132 0.04724645 0.8454169 0.5320134 0.04724621 0.8454121 0.5320209 0.03945583 0.7060116 0.7071003 0.03945571 0.7060117 0.7071002 0.02968543 0.5311841 0.8467363 0.02968484 0.5312032 0.8467243 0.01842838 0.3297728 0.9438806 0.01842862 0.3297573 0.9438859 0.00624758 0.111793 0.993712 0.006247639 0.1117886 0.9937124 0.05545049 0.9921635 0.1119685 0.05545067 0.9921681 -0.1119269 0.05544751 0.9921641 -0.1119642 0.05266642 0.9423994 -0.3303176 0.0526666 0.942401 -0.3303132 0.04724651 0.845418 -0.5320114 0.04724609 0.8454105 -0.5320236 0.03945583 0.7060124 -0.7070996 0.03945577 0.706012 -0.7071 0.02968657 0.5312049 -0.8467231 0.02968358 0.5311818 -0.8467379 0.01842761 0.3297581 -0.9438856 0.01842939 0.3297708 -0.9438812 0.006247282 0.1117876 -0.9937126 0.006247878 0.1117933 -0.9937118 -0.05544739 -0.9921633 -0.1119726 -0.05266648 -0.9424002 -0.3303151 -0.05266654 -0.9424025 -0.3303086 -0.04724752 -0.8454344 -0.5319854 -0.0472474 -0.845436 -0.5319827 -0.03945559 -0.706012 -0.7071 -0.03945231 -0.7059907 -0.7071214 -0.02968376 -0.5311841 -0.8467363 -0.02968925 -0.5312245 -0.8467107 -0.01843017 -0.3297694 -0.9438816 -0.0184288 -0.32976 -0.943885 -0.006247222 -0.1117869 -0.9937127 -0.006247878 -0.1117922 -0.9937121 -0.05545073 -0.9921683 -0.1119257 -0.05545037 -0.9921631 0.1119727 -0.05544781 -0.9921684 0.1119257 -0.05266648 -0.9424013 0.3303123 -0.05266648 -0.942401 0.3303129 -0.04724735 -0.8454329 0.5319877 -0.0472474 -0.8454357 0.5319831 -0.03945434 -0.7059882 0.7071238 -0.03945362 -0.7060142 0.7070979 -0.02968591 -0.5312229 0.8467119 -0.0296871 -0.5311859 0.8467351 -0.01842945 -0.3297555 0.9438865 -0.01842963 -0.329775 0.9438797 -0.00624758 -0.1117923 0.993712 -0.006247639 -0.1117877 0.9937126 0.006247341 0.1117885 -0.9937125 0.01842939 0.3297722 -0.9438807 0.01842951 0.3297723 -0.9438806 0.02968627 0.5312017 -0.8467252 0.02968645 0.5312023 -0.8467249 0.03945475 0.7059902 -0.7071218 0.0394544 0.7059901 -0.7071219 0.04724633 0.8454134 -0.5320188 0.04724633 0.8454136 -0.5320186 0.05266731 0.9424148 -0.3302736 0.05266731 0.9424148 -0.3302736 0.05544716 0.9921583 -0.1120159 0.05545037 0.9921633 -0.1119704 0.006247282 0.1117881 -0.9937124 -0.00624758 -0.1117933 -0.9937118 -0.00624758 -0.1117933 -0.9937119 -0.0184288 -0.3297587 -0.9438854 -0.01842856 -0.3297577 -0.9438858 -0.0296877 -0.531222 -0.8467125 -0.02968734 -0.5312226 -0.8467121 -0.03945475 -0.7059904 -0.7071216 -0.0394544 -0.7059894 -0.7071226 -0.04724502 -0.8453932 -0.5320512 -0.04724878 -0.8454136 -0.5320183 -0.05267089 -0.9424289 -0.3302326 -0.05266743 -0.9424154 -0.3302718 -0.05544739 -0.9921583 -0.1120164 -0.05545043 -0.9921631 -0.111972 -0.00624758 -0.1117945 0.9937118 -0.01842886 -0.3297579 0.9438856 -0.01842862 -0.3297585 0.9438855 -0.0296877 -0.5312216 0.8467127 -0.02968746 -0.5312209 0.8467131 -0.0394544 -0.7059888 0.7071232 -0.03945457 -0.7059897 0.7071223 -0.04724615 -0.8454138 0.5320183 -0.04724746 -0.8453931 0.532051 -0.05267024 -0.9424151 0.3302722 -0.05266779 -0.9424293 0.3302323 -0.05544757 -0.9921633 0.1119723 -0.05545008 -0.9921581 0.1120167 -0.00624758 -0.1117949 0.9937117 0.006247341 0.1117897 0.9937124 0.006247341 0.1117897 0.9937123 0.01842939 0.3297722 0.9438807 0.01842939 0.3297724 0.9438806 0.02968686 0.5312011 0.8467255 0.02968609 0.5312007 0.8467259 0.0394544 0.705989 0.7071231 0.0394544 0.7059898 0.7071222 0.04724645 0.8454138 0.5320183 0.04724621 0.8454136 0.5320186 0.05266755 0.9424148 0.3302734 0.05266702 0.9424149 0.3302732 0.05544745 0.9921634 0.111971 0.05545037 0.9921581 0.1120158 0.05544739 0.9921633 0.1119726 0.05266648 0.9424003 0.3303149 0.0526663 0.9424006 0.3303141 0.0472474 0.8454347 0.5319849 0.0472474 0.8454338 0.5319862 0.03945451 0.7059909 0.7071211 0.03945457 0.7059912 0.7071208 0.02968645 0.5312024 0.8467247 0.02968645 0.531203 0.8467245 0.01842939 0.3297715 0.9438809 0.01842939 0.3297712 0.943881 0.006247282 0.111788 0.9937126 0.006247282 0.1117829 0.9937131 0.05544739 0.9921635 0.1119705 0.05544745 0.9921634 -0.111971 0.05544739 0.9921633 -0.1119726 0.05266648 0.9424011 -0.3303126 0.05266636 0.9423998 -0.3303164 0.04724735 0.8454337 -0.5319866 0.0472474 0.8454351 -0.5319842 0.03945457 0.7059916 -0.7071204 0.03945451 0.7059912 -0.7071208 0.02968639 0.5312024 -0.8467248 0.02968645 0.5312021 -0.8467249 0.01842933 0.3297712 -0.943881 0.01842951 0.3297716 -0.9438809 0.006246984 0.1117827 -0.9937131 0.00624758 0.1117876 -0.9937126 -0.05544418 -0.9921585 -0.1120154 -0.05266445 -0.9424163 -0.3302696 -0.05266791 -0.942428 -0.3302357 -0.04724627 -0.8454146 -0.5320171 -0.04724252 -0.8453931 -0.5320516 -0.03945237 -0.7059909 -0.7071211 -0.03945243 -0.7059904 -0.7071217 -0.02968603 -0.5312232 -0.8467118 -0.02968591 -0.5312231 -0.8467118 -0.01842689 -0.3297437 -0.9438907 -0.01842862 -0.3297573 -0.9438859 -0.00624758 -0.1117925 -0.993712 -0.006248176 -0.1117977 -0.9937114 -0.05545061 -0.9921678 -0.1119298 -0.05545014 -0.9921581 0.1120164 -0.05544477 -0.9921681 0.1119299 -0.05266523 -0.9424297 0.3302312 -0.0526672 -0.9424145 0.3302742 -0.04724502 -0.845393 0.5320515 -0.04724371 -0.8454145 0.5320174 -0.03945237 -0.7059909 0.7071213 -0.03945237 -0.7059904 0.7071217 -0.02968597 -0.5312242 0.846711 -0.02968603 -0.5312231 0.8467118 -0.01842761 -0.3297579 0.9438857 -0.01842778 -0.3297429 0.9438909 -0.006247878 -0.1117978 0.9937114 -0.006247937 -0.1117932 0.9937119 0.006247341 0.1117897 -0.9937123 0.01842916 0.3297699 -0.9438816 0.01842939 0.3297699 -0.9438815 0.02968597 0.5312029 -0.8467245 0.0296868 0.531203 -0.8467243 0.03945487 0.705991 -0.707121 0.03945428 0.7059906 -0.7071214 0.04724639 0.8454132 -0.5320194 0.04724621 0.8454133 -0.5320191 0.0526672 0.9424148 -0.3302736 0.05266755 0.9424148 -0.3302736 0.05544739 0.9921582 -0.112016 0.05545026 0.9921633 -0.1119706 0.00624758 0.1117896 -0.9937123 -0.00624758 -0.1117947 -0.9937118 -0.00624758 -0.1117947 -0.9937118 -0.01842868 -0.329756 -0.9438864 -0.01842856 -0.3297553 -0.9438866 -0.0296874 -0.5312228 -0.8467119 -0.029688 -0.5312237 -0.8467113 -0.03945434 -0.7059912 -0.7071208 -0.03945451 -0.70599 -0.707122 -0.04724502 -0.8453929 -0.5320517 -0.04724895 -0.8454134 -0.5320187 -0.05267083 -0.9424289 -0.3302326 -0.05266731 -0.9424154 -0.3302718 -0.05544722 -0.9921582 -0.1120166 -0.05545049 -0.9921631 -0.1119721 -0.006247758 -0.1117932 0.993712 -0.01842874 -0.3297565 0.9438861 -0.0184285 -0.3297576 0.9438859 -0.0296874 -0.5312228 0.846712 -0.0296877 -0.5312217 0.8467127 -0.03945451 -0.7059896 0.7071225 -0.03945457 -0.7059902 0.7071217 -0.04724621 -0.8454141 0.5320178 -0.04724782 -0.8453937 0.5320501 -0.05544751 -0.9921633 0.1119723 -0.0554502 -0.9921581 0.1120167 -0.00624758 -0.1117934 0.9937119 0.006247162 0.1117884 0.9937125 0.00624746 0.1117882 0.9937124 0.01842939 0.3297712 0.9438811 0.01842927 0.3297712 0.943881 0.02968627 0.5312027 0.8467246 0.02968657 0.5312015 0.8467253 0.03945434 0.7059901 0.7071219 0.03945457 0.7059904 0.7071216 0.04724627 0.8454144 0.5320173 0.04724645 0.8454139 0.5320181 0.05266737 0.9424148 0.3302734 0.05266726 0.9424149 0.3302732 0.05544739 0.9921634 0.111971 -0.9984401 0.05583357 1.33089e-4 -0.9984426 0.05579006 -4.00055e-5 -0.9984421 0.05579876 -3.30132e-6 -0.9984418 0.055803 1.40875e-5 -0.9984421 0.05579894 -6.1543e-6 -0.9984417 0.05580419 1.44051e-5 -0.9984421 0.05579775 -3.35105e-6 -0.9984421 0.05579835 -3.32945e-6 -0.998442 0.05580002 5.29578e-6 -0.9984423 0.05579555 -1.5929e-5 -0.9984419 0.05580025 1.28088e-6 -0.9984419 0.05580013 4.67634e-6 -0.998442 0.05579948 -8.75086e-7 -0.9984419 0.05580079 4.21478e-6 -0.9984418 0.05580323 7.94495e-6 -0.9984423 0.0557956 -8.38693e-6 -0.998442 0.05579948 0 -0.9984426 0.05579048 3.98164e-6 -0.9984413 0.05581223 -4.22495e-6 -0.9984419 0.05580204 1.70645e-6 -0.9984422 0.05579674 1.08651e-6 -0.9984419 0.05580157 -2.40134e-6 -0.9984419 0.05580037 -1.04891e-6 -0.9984424 0.05579316 5.06536e-6 -0.998442 0.05580002 1.45057e-6 -0.9984423 0.05579578 1.46559e-6 -0.9984416 0.05580639 -5.62869e-6 -0.9984422 0.05579543 0 -0.9984417 0.05580639 -7.39797e-6 -0.998443 0.05578261 2.1658e-5 -0.998442 0.05579936 -1.17265e-6 -0.9984421 0.05579936 -2.98054e-7 -0.9984416 0.05580753 3.80747e-6 -0.9984415 0.0558083 -1.21202e-5 -0.9984437 0.05577117 2.60632e-5 -0.9984421 0.05580002 9.77817e-6 -0.9984421 0.05579853 0 -0.9984424 0.055794 -9.77819e-6 -0.9984433 0.05577653 -2.60632e-5 -0.9984416 0.05580836 1.21202e-5 -0.9984418 0.05580264 -3.80748e-6 -0.9984421 0.05580013 2.98054e-7 -0.9984422 0.05579698 8.38695e-6 -0.9984419 0.05580228 -7.94493e-6 -0.9984419 0.05580186 -4.21479e-6 -0.9984419 0.05580019 8.75086e-7 -0.998442 0.05579984 -4.67634e-6 -0.998442 0.05580031 -1.28087e-6 -0.9984423 0.05579495 1.5929e-5 -0.998442 0.05580085 -5.29578e-6 -0.998442 0.05579912 3.32945e-6 -0.9984421 0.05579775 3.35105e-6 -0.9984419 0.05580216 -1.44051e-5 -0.998442 0.0557999 6.1543e-6 -0.9984419 0.05580157 -1.40874e-5 -0.998442 0.05579924 3.30135e-6 -0.9984425 0.05579012 4.00055e-5 -0.9984402 0.05583244 -1.33086e-4 -0.9984421 0.05579942 1.17265e-6 -0.9984429 0.05578416 -2.16579e-5 -0.9984417 0.05580496 7.39799e-6 -0.9984421 0.05579876 0 -0.9984416 0.05580633 5.62869e-6 -0.9984423 0.05579406 -1.46559e-6 -0.9984421 0.05579823 -1.45057e-6 -0.9984422 0.05579489 -5.06536e-6 -0.9984421 0.0557999 1.04891e-6 -0.9984419 0.05580252 2.40134e-6 -0.9984424 0.05579477 -1.08651e-6 -0.9984421 0.05579924 -1.70645e-6 -0.9984414 0.05581051 4.22495e-6 -0.9984431 0.05578058 -3.98165e-6 -0.05579972 -0.998442 0 -0.0557996 -0.9984421 -5.08879e-6 -0.05580043 -0.998442 0 -0.05580043 -0.9984419 0 -0.05579978 -0.9984421 4.32927e-6 -0.0557996 -0.9984421 0 -0.03945624 -0.706003 -0.707109 -0.03945595 -0.706009 -0.707103 -0.0555312 -0.993633 -0.09802985 -0.05553066 -0.9936391 -0.09796863 -0.05339652 -0.9554464 -0.2902947 -0.05339711 -0.9554666 -0.2902281 -0.04920935 -0.8805312 -0.4714271 -0.04920917 -0.8805233 -0.4714415 -0.04313427 -0.7718211 -0.6343751 -0.04313331 -0.7717996 -0.6344013 -0.03945642 -0.7060058 0.7071062 -0.03945577 -0.7060059 0.7071061 -0.05553179 -0.9936434 0.09792453 -0.0555303 -0.9936309 0.09805113 -0.05339682 -0.9554563 0.2902622 -0.05339688 -0.9554583 0.2902555 -0.04920685 -0.880487 0.4715097 -0.0492115 -0.8805668 0.47136 -0.04313355 -0.7718037 0.6343963 -0.04313468 -0.7718282 0.6343665 0.006247282 0.1117901 -0.9937123 0.01842749 0.3297441 -0.9438905 0.01843059 0.3297734 -0.9438802 0.02969002 0.5312343 -0.8467047 0.02968645 0.5312122 -0.8467186 0.03945499 0.7060125 -0.7070996 0.03945249 0.7059875 -0.7071245 0.04724174 0.8453752 -0.5320798 0.04724985 0.845426 -0.5319984 0.05267137 0.9424341 -0.3302178 0.05266588 0.9424082 -0.3302925 0.05544644 0.9921615 -0.1119879 0.05544519 0.9921613 -0.11199 0.006247639 0.111795 -0.9937117 -0.006246924 -0.1117826 -0.9937131 -0.006247401 -0.1117877 -0.9937125 -0.0184288 -0.329752 -0.9438877 -0.01842916 -0.3297601 -0.9438849 -0.02968776 -0.5312165 -0.8467159 -0.02969145 -0.5312604 -0.8466881 -0.03945654 -0.705985 -0.7071268 -0.03945672 -0.7059876 -0.7071242 -0.04724854 -0.8454061 -0.5320302 -0.04724681 -0.8454065 -0.5320297 -0.05266767 -0.9424073 -0.330295 -0.05266809 -0.9424149 -0.3302732 -0.05544853 -0.9921655 -0.1119516 -0.05544835 -0.9921637 -0.1119686 -0.006247282 -0.1117853 0.9937128 -0.01842874 -0.3297524 0.9438876 -0.01842904 -0.3297607 0.9438847 -0.02968931 -0.5312444 0.8466983 -0.02968913 -0.5312196 0.846714 -0.0394569 -0.7059918 0.7071201 -0.03945672 -0.7059875 0.7071244 -0.04724782 -0.8453922 0.5320524 -0.04724729 -0.8454162 0.5320143 -0.05266791 -0.9424101 0.3302869 -0.05266809 -0.9424149 0.3302732 -0.05544853 -0.9921658 0.111949 -0.05544853 -0.9921637 0.1119686 -0.006247103 -0.1117854 0.9937128 0.00624758 0.1117944 0.9937118 0.006247341 0.1117901 0.9937123 0.01842933 0.3297743 0.9438799 0.01842916 0.3297471 0.9438895 0.029688 0.5312002 0.846726 0.02968806 0.5312395 0.8467015 0.03945386 0.7059909 0.7071211 0.03945374 0.7060091 0.707103 0.04724496 0.8454318 0.5319898 0.04724639 0.8453674 0.5320919 0.05266994 0.9424071 0.3302951 0.05266749 0.9424353 0.3302152 0.05544614 0.9921581 0.112019 0.05544531 0.9921637 0.1119687 0.00624752 0.1117915 -0.9937121 0.01842749 0.3297435 -0.9438907 0.01843065 0.3297728 -0.9438804 0.02968984 0.5312331 -0.8467053 0.02968657 0.5312111 -0.8467192 0.03945535 0.7060125 -0.7070996 0.03945231 0.7059876 -0.7071246 0.04724186 0.845375 -0.5320804 0.04724955 0.8454257 -0.5319991 0.05267143 0.9424341 -0.3302178 0.05266606 0.9424082 -0.3302925 0.05544638 0.9921616 -0.1119878 0.05544507 0.9921613 -0.1119899 0.00624746 0.1117964 -0.9937115 -0.006246924 -0.1117839 -0.9937129 -0.00624758 -0.1117891 -0.9937124 -0.01842862 -0.3297513 -0.943888 -0.01842904 -0.3297595 -0.9438851 -0.02968764 -0.5312155 -0.8467165 -0.02969145 -0.5312595 -0.8466887 -0.03945666 -0.705985 -0.7071268 -0.0472486 -0.8454058 -0.5320308 -0.04724663 -0.8454061 -0.5320305 -0.05266773 -0.9424073 -0.330295 -0.05544853 -0.9921656 -0.1119515 -0.05544823 -0.9921637 -0.1119684 -0.006247401 -0.1117867 0.9937127 -0.01842874 -0.3297516 0.9438879 -0.01842898 -0.3297601 0.9438849 -0.02968937 -0.5312459 0.8466973 -0.02968919 -0.5312212 0.8467129 -0.0394569 -0.7059911 0.7071208 -0.0394566 -0.7059869 0.7071251 -0.04724794 -0.8453917 0.5320532 -0.04724717 -0.8454157 0.5320149 -0.05266791 -0.9424101 0.3302869 -0.05544847 -0.9921658 0.1119489 -0.05544859 -0.9921636 0.1119684 -0.006247162 -0.1117867 0.9937127 0.006247699 0.1117957 0.9937116 0.006247341 0.1117915 0.9937121 0.01842933 0.3297737 0.9438802 0.01842904 0.3297466 0.9438897 0.02968811 0.5312018 0.8467251 0.029688 0.5312408 0.8467006 0.03945392 0.7059902 0.7071219 0.03945368 0.7060083 0.7071039 0.04724496 0.8454315 0.5319904 0.04724639 0.845367 0.5320925 0.05267 0.9424071 0.3302951 0.05544614 0.9921581 0.1120188 0.05544507 0.9921638 0.1119685 -0.00624752 -0.1117901 0.9937123 -0.01842963 -0.329759 0.9438853 -0.01842939 -0.3297675 0.9438824 -0.02968817 -0.531225 0.8467105 -0.02968633 -0.5311906 0.8467321 -0.0394572 -0.7060276 0.7070844 -0.03945446 -0.7059767 0.7071353 -0.04724603 -0.8453941 0.5320497 -0.04724615 -0.8453969 0.532045 -0.05266875 -0.9424247 0.3302451 -0.05266755 -0.9424352 0.3302153 -0.05544686 -0.9921701 0.1119113 -0.05544924 -0.9921467 0.1121184 -0.00624758 -0.1117853 0.9937128 0.00624752 0.1117874 0.9937126 0.006247282 0.1117853 0.9937128 0.01842868 0.3297536 0.9438872 0.01843053 0.3297807 0.9438776 0.02968752 0.5312041 0.8467236 0.02968841 0.5312102 0.8467198 0.03945577 0.7059777 0.7071341 0.03945809 0.7060413 0.7070705 0.04724299 0.8453393 0.5321369 0.04724556 0.8454166 0.5320138 0.05266767 0.9424378 0.3302078 0.05544632 0.992161 0.1119931 0.05545103 0.992161 0.1119899 0.006247282 0.1117853 -0.9937128 0.01842808 0.329741 -0.9438917 0.01843124 0.3297935 -0.9438732 0.029688 0.5312125 -0.8467183 0.02968847 0.5312121 -0.8467186 0.0394572 0.7060044 -0.7071076 0.03945702 0.7060197 -0.7070922 0.04724305 0.8453424 -0.5321321 0.04724574 0.8454166 -0.532014 0.05266737 0.9424319 -0.3302244 0.05266737 0.9424352 -0.3302152 0.05544579 0.9921509 -0.1120822 0.05545157 0.9921706 -0.1119044 0.00624746 0.1117853 -0.9937128 -0.00624758 -0.1117869 -0.9937126 -0.006247699 -0.1117901 -0.9937123 -0.01843005 -0.3297666 -0.9438826 -0.01842874 -0.3297533 -0.9438874 -0.02968782 -0.5312206 -0.8467133 -0.02968764 -0.531212 -0.8467187 -0.03945589 -0.706006 -0.707106 -0.03945583 -0.7059983 -0.7071137 -0.04724568 -0.8453902 -0.5320557 -0.04724627 -0.8453968 -0.5320453 -0.05266904 -0.9424316 -0.3302256 -0.0526666 -0.9424217 -0.3302539 -0.05544638 -0.9921596 -0.1120057 -0.05544978 -0.9921562 -0.1120328 -0.006247758 -0.1117914 0.9937121 -0.01842963 -0.3297582 0.9438856 -0.01842939 -0.3297669 0.9438825 -0.02968829 -0.5312265 0.8467096 -0.02968633 -0.5311921 0.8467312 -0.03945726 -0.7060269 0.707085 -0.0394544 -0.705976 0.707136 -0.04724603 -0.8453937 0.5320502 -0.04724603 -0.8453966 0.5320456 -0.05266875 -0.9424247 0.3302451 -0.05544668 -0.9921702 0.1119111 -0.05544936 -0.9921467 0.1121182 -0.00624752 -0.1117867 0.9937127 0.006247639 0.1117888 0.9937124 0.006247401 0.1117867 0.9937127 0.01842868 0.329753 0.9438874 0.01843053 0.3297801 0.9438779 0.02968776 0.5312057 0.8467227 0.02968829 0.5312116 0.8467189 0.03945583 0.7059771 0.7071349 0.03945803 0.7060406 0.7070713 0.04724305 0.845339 0.5321374 0.04724562 0.8454163 0.5320144 0.05266761 0.9424378 0.3302078 0.0554462 0.9921609 0.1119929 0.05545097 0.9921611 0.1119898 0.00624758 0.1117867 -0.9937127 0.01842784 0.3297404 -0.9438919 0.0184313 0.329793 -0.9438734 0.029688 0.5312116 -0.8467189 0.02968823 0.5312111 -0.8467192 0.03945744 0.7060043 -0.7071075 0.03945684 0.7060197 -0.7070922 0.04724311 0.845342 -0.5321327 0.04724544 0.8454163 -0.5320144 0.05266737 0.9424319 -0.3302244 0.05544561 0.9921509 -0.1120821 0.05545169 0.9921707 -0.1119042 0.006247401 0.1117867 -0.9937127 -0.006247341 -0.1117882 -0.9937124 -0.006248056 -0.1117914 -0.9937121 -0.01842993 -0.329766 -0.9438828 -0.01842868 -0.3297527 -0.9438875 -0.02968806 -0.5312197 -0.8467138 -0.0296874 -0.531211 -0.8467193 -0.03945606 -0.706006 -0.707106 -0.03945565 -0.7059983 -0.7071137 -0.04724574 -0.8453898 -0.5320563 -0.04724603 -0.8453965 -0.5320458 -0.0526691 -0.9424315 -0.3302255 -0.0554462 -0.9921596 -0.1120055 -0.0554499 -0.9921563 -0.1120327 0.9984419 -0.05580157 -9.05649e-6 0.998442 -0.05579954 2.4561e-5 0.9984418 -0.05580216 1.4171e-5 0.9984419 -0.05580031 -1.95492e-5 0.998442 -0.05580049 -9.52309e-6 0.9984419 -0.0558021 -2.66139e-5 0.9984421 -0.05579698 1.40811e-5 0.9984422 -0.0557965 2.45409e-5 0.998442 -0.05580043 1.92256e-6 0.998442 -0.05579996 -1.06133e-5 0.9984421 -0.05579942 -9.19513e-6 0.998442 -0.05579978 -1.11796e-5 0.9984421 -0.05579829 2.83835e-7 0.9984421 -0.05579876 1.08993e-5 0.9984421 -0.05579924 -2.91136e-7 0.998442 -0.05579942 9.80813e-6 0.998442 -0.05579984 9.94995e-6 0.998442 -0.0557999 -2.36623e-5 0.9984421 -0.05579715 5.11269e-7 0.9984421 -0.05579775 2.12237e-5 0.998442 -0.05580103 -1.76573e-5 0.998442 -0.05580067 1.63253e-5 0.9984419 -0.05580097 9.77473e-6 0.998442 -0.05580049 -1.88946e-5 0.9984418 -0.05580258 -1.53506e-5 0.9984419 -0.05580157 9.05649e-6 0.998442 -0.05579954 -9.05616e-6 0.9984418 -0.05580276 1.41711e-5 0.998442 -0.05580079 -1.95494e-5 0.998442 -0.05580049 -9.52308e-6 0.9984419 -0.05580079 1.92258e-6 0.998442 -0.05579984 -1.06133e-5 0.9984421 -0.05579954 -9.19515e-6 0.9984419 -0.05579984 -1.11796e-5 0.9984421 -0.05579805 2.83834e-7 0.9984421 -0.05579811 1.08992e-5 0.998442 -0.05579978 -2.91136e-7 0.998442 -0.05579948 9.80815e-6 0.998442 -0.05579978 9.94994e-6 0.9984421 -0.05580008 -2.36624e-5 0.9984422 -0.05579721 5.1127e-7 0.9984419 -0.05580127 -1.76573e-5 0.9984419 -0.05580055 1.63253e-5 0.998442 -0.05580049 9.77465e-6 0.998442 -0.05580085 -1.88947e-5 0.9984419 -0.05580222 -1.53505e-5 0.9984419 -0.05580055 1.08676e-4 0.998442 -0.05579966 -4.91208e-5 0.9984421 -0.05579674 1.10219e-5 0.9984422 -0.05579668 7.81973e-6 0.9984421 -0.05579894 -2.1087e-5 0.9984421 -0.055799 0 0.9984421 -0.05579835 1.46933e-5 0.9984421 -0.05579829 5.45358e-6 0.9984421 -0.05580008 -1.5676e-5 0.9984419 -0.05580097 -4.24524e-6 0.998442 -0.05579924 3.67807e-6 0.9984421 -0.0557996 3.72656e-6 0.9984419 -0.05580127 -2.09187e-5 0.9984419 -0.05580133 0 0.9984421 -0.0557996 1.77303e-5 0.998442 -0.05580002 3.92326e-6 0.998442 -0.05579996 -3.97992e-6 0.9984419 -0.05580019 -4.73239e-6 0.9984421 -0.05579835 1.8065e-5 0.9984421 -0.05579751 -6.53037e-6 0.9984419 -0.05579996 -1.02362e-5 0.9984421 -0.05579996 0 0.9984423 -0.05579513 2.63918e-5 0.9984423 -0.05579578 1.88946e-5 0.9984419 -0.05580157 -9.21021e-6 0.9984419 -0.05580055 -1.08676e-4 0.998442 -0.05579954 1.08674e-4 0.998442 -0.05580037 -4.91214e-5 0.9984422 -0.0557971 1.1022e-5 0.9984422 -0.05579686 7.81976e-6 0.9984421 -0.055799 -2.1087e-5 0.9984421 -0.05579853 1.46934e-5 0.9984422 -0.05579751 5.45357e-6 0.9984419 -0.05580097 -1.56761e-5 0.998442 -0.05579936 3.67808e-6 0.9984419 -0.05580157 -2.09187e-5 0.9984419 -0.05580157 0 0.998442 -0.05579954 1.77303e-5 0.998442 -0.05580019 3.92327e-6 0.9984421 -0.05580002 -3.97992e-6 0.998442 -0.05580031 -4.7324e-6 0.9984421 -0.05579817 1.8065e-5 0.9984422 -0.05579793 -6.53042e-6 0.998442 -0.05579942 -1.02362e-5 0.9984421 -0.05579978 0 0.9984422 -0.05579566 2.63916e-5 0.9984422 -0.05579614 1.88947e-5 0.9984419 -0.05580121 -9.21015e-6 0.998442 -0.05580002 -1.08675e-4 0 0 -1 0 0 -1 0 0 1 3.02937e-7 0 1 -1.20845e-6 0 1 1.78652e-6 0 1 -3.00674e-7 0 1 -3.11267e-7 0 1 -3.31072e-7 0 1 2.52497e-7 0 1 -1.6483e-7 0 1 -2.12798e-6 0 1 2.61072e-6 0 1 -2.62166e-6 0 1 -1.34702e-7 0 1 0 0 1 6.68412e-7 0 1 0 0 1 0 0 1 1.02533e-6 0 1 -1.26893e-6 0 1 3.613e-7 0 1 2.83816e-7 0 1 2.58651e-7 0 1 2.52491e-7 0 1 -3.31076e-7 0 1 -3.00676e-7 0 1 5.95522e-7 0 1 -1.20841e-6 0 1 1.25736e-6 0 1 -5.02416e-7 0 1 -3.49683e-6 0 1 1.34792e-6 0 1 9.42926e-7 0 1 3.93234e-7 0 1 -2.61076e-6 0 1 2.128e-6 0 1 1.38793e-6 0 1 0 0 1 1.178e-6 0 1 2.60426e-7 0 1 -2.05534e-6 0 1 6.78226e-7 0 1 1.21275e-6 0 1 -2.26425e-6 0 1 3.63397e-7 0 -1 3.11267e-7 0 -1 -3.00674e-7 0 -1 5.95507e-7 0 -1 -6.04226e-7 0 -1 -1.25734e-6 0 -1 6.57177e-7 0 -1 3.17137e-7 0 -1 0 0 -1 0 0 -1 6.67962e-7 0 -1 -2.12829e-7 0 -1 -4.04106e-7 0 -1 1.17975e-6 0 -1 2.08857e-6 0 -1 -2.65998e-6 0 -1 -5.55171e-7 0 -1 0 0 -1 -1.29325e-6 0 -1 8.51447e-7 0 -1 6.33771e-7 0 -1 -1.8065e-6 0 -1 1.05744e-6 0 -1 -2.56333e-7 0 -1 1.42844e-7 0 -1 -3.43116e-7 0 -1 6.04206e-7 0 -1 -3.00676e-7 0 -1 1.45107e-7 0 -1 -2.22068e-6 0 -1 -1.33e-6 0 -1 2.34969e-6 0 -1 9.17545e-7 0 -1 -2.96348e-6 0 -1 1.70263e-6 0 -1 1.57549e-6 0 -1 0 0 -1 7.5475e-7 0 -1 4.04249e-7 0 -1 1.90853e-6 0 -1 -2.60426e-7 0 -1 -3.06279e-6 0 -1 0 0 -1 -0.05579894 -0.9984421 0 -0.05579894 -0.9984421 0 0.6665497 -0.7454606 0 0.6665495 -0.7454608 0 -0.9984421 0.05579918 -1.95591e-5 -0.998442 0.05579936 9.99977e-6 -0.9984419 0.05580061 1.82553e-5 -0.998442 0.055799 -6.49982e-5 -0.9984354 0.05591684 -7.5247e-5 -0.9984433 0.05577844 1.39922e-5 -0.9984416 0.05580687 -4.22182e-6 -0.9984428 0.05578643 1.1065e-5 -0.9984415 0.05580943 -1.6043e-5 -0.9984422 0.05579704 4.14149e-7 -0.9984422 0.05579626 3.14923e-6 -0.9984421 0.05579906 7.05682e-7 -0.9984422 0.0557959 -1.87327e-5 -0.998442 0.05579948 5.1542e-6 -0.9984415 0.05580925 1.03312e-6 -0.9984418 0.05580216 -4.2045e-7 -0.9984422 0.05579692 -2.10752e-7 -0.9984422 0.05579525 1.45933e-6 -0.9984418 0.05580282 -4.47905e-6 -0.9984425 0.05579143 5.50235e-6 -0.9984414 0.05580997 -1.42699e-5 -0.9984424 0.0557931 1.37008e-5 -0.9984422 0.05579614 5.36195e-6 -0.9984418 0.05580234 -2.23077e-5 -0.998442 0.05579978 1.13103e-5 -0.9984419 0.05579996 3.04384e-5 -0.9984421 0.05579924 -5.15421e-6 -0.9984422 0.05579674 1.87328e-5 -0.9984421 0.05579859 -7.05682e-7 -0.9984422 0.05579644 -3.14924e-6 -0.9984421 0.05579912 -4.14149e-7 -0.9984413 0.05581128 1.60428e-5 -0.9984427 0.0557866 -1.10651e-5 -0.9984416 0.05580687 4.22182e-6 -0.9984438 0.05576759 -1.39923e-5 -0.9984354 0.05591684 7.5247e-5 -0.9984419 0.05579996 -3.04384e-5 -0.9984421 0.05579924 -1.13103e-5 -0.9984419 0.05580204 2.23077e-5 -0.9984421 0.05579686 -5.36196e-6 -0.9984424 0.05579382 -1.37008e-5 -0.9984415 0.05580854 1.42699e-5 -0.9984425 0.05579131 -5.50234e-6 -0.9984418 0.05580365 4.47905e-6 -0.9984423 0.05579441 -1.45933e-6 -0.9984422 0.05579692 2.10752e-7 -0.9984418 0.05580216 4.2045e-7 -0.9984415 0.05580925 -1.03311e-6 -0.9984421 0.05579948 -9.99975e-6 -0.9984421 0.05579841 2.47594e-7 -0.9984419 0.05580133 1.77528e-5 -0.9984419 0.05580037 3.13178e-6 -0.9984419 0.05580121 -3.55271e-6 -0.9984419 0.05580174 2.12137e-5 -0.9984421 0.05579882 9.49081e-6 -0.998442 0.0557996 0 -0.9984421 0.05579954 0 -0.998442 0.05579942 6.88553e-6 -0.9984421 0.05579805 -4.6122e-6 -0.9984421 0.05579817 0 -0.9984421 0.05579888 -4.57917e-6 -0.998442 0.05579954 -1.14328e-6 -0.9984422 0.05579745 5.40218e-6 -0.9984421 0.05579841 4.6122e-6 -0.9984421 0.05579864 -6.88553e-6 -0.9984421 0.05579948 0 -0.9984421 0.05579966 -1.01022e-5 -0.9984421 0.05579906 0 -0.998442 0.05579966 1.82552e-5 -0.9984419 0.05580043 -3.71899e-6 -0.9984419 0.05580145 2.70682e-6 -0.9984419 0.05580115 -1.95819e-5 -0.998442 0.05579984 -2.69072e-7 -0.9984421 0.05579817 -1.39973e-5 -0.998442 0.05579936 3.61746e-6 -0.9984427 0.05578804 9.57115e-5 -0.998442 0.0557993 -2.10817e-5 -0.9984418 0.05580288 -2.14946e-5 -0.9984421 0.055799 -3.02248e-6 -0.998442 0.05580008 -9.79092e-6 -0.9984421 0.05579847 -4.76944e-6 -0.9984422 0.05579674 1.15229e-5 -0.9984422 0.05579608 6.4465e-6 -0.9984417 0.05580461 -2.28851e-5 -0.998442 0.05580115 5.04458e-6 -0.9984419 0.05580025 5.03503e-6 -0.9984417 0.05580455 -1.5363e-5 -0.9984418 0.05580431 -5.05291e-6 -0.9984421 0.055799 1.52892e-5 -0.998442 0.05580073 -5.9044e-6 -0.9984419 0.05580025 -4.97232e-6 -0.9984421 0.05579805 1.94065e-5 -0.9984421 0.05579739 3.31403e-6 -0.9984421 0.05579888 -8.45276e-6 -0.9984421 0.05579859 0 -0.9984418 0.05580419 -1.2409e-5 -0.998442 0.05579972 1.86094e-5 -0.998442 0.05580055 -3.08022e-6 -0.9984422 0.05579632 8.47604e-6 -0.9984422 0.05579674 1.66217e-5 -0.008315145 -0.1488094 -0.988831 -0.0164445 -0.2942981 -0.9555722 -0.01644879 -0.2942944 -0.9555733 -0.02421349 -0.4332134 -0.9009661 -0.02420872 -0.4331955 -0.9009749 -0.03143239 -0.5624556 -0.8262298 -0.03141802 -0.5624257 -0.8262507 -0.03793698 -0.6791239 -0.7330427 -0.03794717 -0.6791217 -0.7330443 -0.04361683 -0.7805927 -0.6235163 -0.0436486 -0.7806265 -0.6234719 -0.04834705 -0.864662 -0.5000224 -0.04834049 -0.8646634 -0.5000205 -0.05196106 -0.9294237 -0.3653379 -0.05195307 -0.9294065 -0.3653826 -0.05441355 -0.9734222 -0.2224598 -0.05440551 -0.9734098 -0.2225159 -0.05564874 -0.9956512 -0.07471388 -0.05564135 -0.995647 -0.07477492 -0.008316159 -0.1488094 -0.988831 0.008313953 0.1488129 -0.9888305 0.008319973 0.1488144 -0.9888302 0.01645338 0.2943031 -0.9555705 0.01645314 0.294296 -0.9555727 0.02421969 0.4332178 -0.9009638 0.02420216 0.4331853 -0.9009798 0.03142225 0.5624232 -0.8262524 0.03143632 0.5624507 -0.826233 0.03795659 0.6791167 -0.7330483 0.03795689 0.6791066 -0.7330577 0.04363036 0.7806178 -0.623484 0.04363608 0.7806141 -0.6234884 0.04833453 0.8646647 -0.5000188 0.0483275 0.8646639 -0.5000208 0.05194675 0.9294177 -0.3653551 0.05193966 0.9294062 -0.3653853 0.05439901 0.9734162 -0.2224903 0.05440664 0.9734279 -0.222437 0.05564832 0.9956459 -0.07478296 0.05564904 0.9956485 -0.0747475 0.008319199 0.1488071 0.9888314 0.01645338 0.2943025 0.9555708 0.0164532 0.2942952 0.955573 0.02421742 0.4331805 0.9009818 0.02420443 0.4332296 0.9009587 0.03142291 0.5624412 0.82624 0.03143572 0.5624372 0.8262423 0.03795713 0.6791184 0.7330467 0.03795665 0.6791066 0.7330577 0.04363071 0.7806205 0.6234805 0.04363602 0.7806141 0.6234884 0.048334 0.8646572 0.5000318 0.04832762 0.8646636 0.5000216 0.05194622 0.9294075 0.3653809 0.0519402 0.9294157 0.3653612 0.05439931 0.9734217 0.2224659 0.05440628 0.9734219 0.2224634 0.05564844 0.9956464 0.07477647 0.05564898 0.9956486 0.07474738 0.008314728 0.1488226 0.988829 -3.25992e-7 0 1 -0.008315682 -0.1488059 0.9888315 -0.008315563 -0.1488144 0.9888303 -0.01644438 -0.2943037 0.9555705 -0.01644843 -0.294285 0.9555762 -0.02421379 -0.4332202 0.9009628 -0.02420896 -0.4331969 0.9009742 -0.03143125 -0.562434 0.8262446 -0.03141891 -0.562438 0.8262423 -0.03793805 -0.6791347 0.7330326 -0.03794658 -0.6791087 0.7330563 -0.04361945 -0.7806352 0.6234629 -0.04364609 -0.780586 0.6235229 -0.04834729 -0.8646609 0.5000242 -0.04834038 -0.8646638 0.5000197 -0.0519607 -0.9294198 0.3653479 -0.05195367 -0.929416 0.3653585 -0.05441319 -0.9734161 0.2224869 -0.0544058 -0.9734159 0.2224895 -0.05564892 -0.995651 0.07471454 -0.05564117 -0.995647 0.07477468 0.006032526 0.1079465 0.9941384 0.0119946 0.2146317 0.9766214 0.01199513 0.2146294 0.9766219 0.01781719 0.3188067 0.9476523 0.01781874 0.3188053 0.9476528 0.02343195 0.4192369 0.9075745 0.02342867 0.4192321 0.9075769 0.02876693 0.5147562 0.8568539 0.02876824 0.5147489 0.8568583 0.03377002 0.6042421 0.796085 0.03377127 0.6042257 0.7960972 0.03837674 0.6866266 0.7259967 0.03837746 0.6866381 0.7259858 0.04253232 0.7609757 0.6473848 0.04253077 0.7609711 0.6473903 0.04618746 0.8263974 0.5611898 0.04618793 0.8264054 0.5611782 0.04930192 0.8821228 0.4684323 0.04930472 0.8821427 0.4683945 0.05184113 0.927524 0.3701511 0.05183774 0.9275258 0.3701472 0.05376714 0.9620483 0.2675299 0.05376023 0.9620521 0.2675177 0.05505901 0.9852954 0.1617458 0.05506581 0.9852851 0.1618061 0.05571919 0.9969767 0.05415499 0.05571198 0.9969787 0.05412721 0.006032884 0.1079463 0.9941384 -0.006033003 -0.107945 0.9941387 -0.006032764 -0.1079554 0.9941375 -0.0119943 -0.2146375 0.9766202 -0.01199442 -0.2146294 0.9766219 -0.01781547 -0.3187928 0.947657 -0.01781511 -0.3188059 0.9476527 -0.0234279 -0.4192485 0.9075693 -0.02342897 -0.4192389 0.9075737 -0.02876615 -0.5147439 0.8568614 -0.02876609 -0.5147397 0.8568639 -0.03376716 -0.6042315 0.7960931 -0.03376948 -0.6042352 0.7960901 -0.03837388 -0.6866167 0.7260062 -0.03837043 -0.6866481 0.7259767 -0.04252368 -0.7609739 0.6473875 -0.04252588 -0.7609626 0.6474006 -0.04618293 -0.8264 0.5611865 -0.04618567 -0.826397 0.5611908 -0.04930138 -0.8821443 0.4683917 -0.04929524 -0.8821521 0.4683777 -0.05183005 -0.9275141 0.3701772 -0.05182689 -0.9275195 0.3701645 -0.05375653 -0.9620526 0.2675166 -0.05376315 -0.9620414 0.2675554 -0.05506253 -0.9852929 0.1617594 -0.05506259 -0.9852917 0.1617665 -0.05571568 -0.9969772 0.05415248 -0.05571568 -0.9969797 0.05410665 -0.006032347 -0.1079488 -0.9941382 -0.01199376 -0.2146288 -0.9766222 -0.01199507 -0.2146387 -0.9766198 -0.01781654 -0.3188052 -0.9476529 -0.01781421 -0.318793 -0.9476569 -0.02342718 -0.4192388 -0.9075736 -0.02342933 -0.4192464 -0.9075703 -0.02876591 -0.5147393 -0.856864 -0.02876597 -0.5147399 -0.8568637 -0.03376787 -0.6042395 -0.7960869 -0.03376948 -0.6042352 -0.7960901 -0.03837502 -0.6866368 -0.7259872 -0.03836911 -0.6866281 -0.7259957 -0.04252326 -0.7609616 -0.647402 -0.04252636 -0.7609724 -0.647389 -0.04618257 -0.8263943 -0.5611949 -0.04618561 -0.8263962 -0.5611916 -0.04930239 -0.8821637 -0.4683554 -0.04929429 -0.8821351 -0.46841 -0.05183017 -0.9275151 -0.3701749 -0.05182695 -0.9275195 -0.3701645 -0.05375605 -0.9620442 -0.2675467 -0.05376374 -0.9620521 -0.2675173 -0.05506259 -0.9852931 -0.1617581 -0.05506259 -0.9852917 -0.1617664 -0.05571568 -0.996978 -0.05413663 -0.05571562 -0.9969785 -0.05412709 -0.00603342 -0.1079509 -0.994138 0.006032943 0.1079496 -0.9941381 0.006032526 0.1079444 -0.9941387 0.011994 0.2146276 -0.9766224 0.01199555 0.2146343 -0.9766209 0.01781749 0.3188053 -0.9476527 0.01781862 0.3188047 -0.9476529 0.02343237 0.41925 -0.9075684 0.02342832 0.419224 -0.9075805 0.02876716 0.514761 -0.8568511 0.02876836 0.5147487 -0.8568583 0.03376907 0.6042226 -0.7960997 0.03377246 0.6042459 -0.796082 0.0383768 0.686625 -0.7259982 0.0383774 0.6866385 -0.7259854 0.04253226 0.7609735 -0.6473873 0.04253071 0.760971 -0.6473905 0.04618775 0.8264014 -0.5611841 0.04618734 0.8263959 -0.5611922 0.04930222 0.8821272 -0.4684239 0.04930466 0.8821425 -0.4683948 0.05184119 0.9275244 -0.3701502 0.05183774 0.9275258 -0.370147 0.0537678 0.9620589 -0.2674916 0.05375957 0.9620416 -0.2675556 0.05505865 0.9852885 -0.1617881 0.05506616 0.9852917 -0.161766 0.05571931 0.9969786 -0.05412179 0.05571192 0.9969776 -0.05414766 0.0557996 0.998442 0 0.0557996 0.998442 0 -0.6665484 0.7454618 0 -0.6665483 0.7454619 0 -0.4341417 0.9008446 0 -0.5322703 0.8465746 0 -0.5322719 0.8465735 0 -0.6236981 0.7816654 0 -0.6236999 0.781664 0 -0.3305087 0.943803 0 -0.3305076 0.9438033 0 -0.2227988 0.9748645 0 -0.222798 0.9748646 0 -0.1122279 0.9936825 0 -2.72405e-4 1 0 -2.72404e-4 1 0 0.7454608 0.6665495 0 0.7454609 0.6665493 0 0.3300198 0.943974 0 0.2222502 0.9749897 0 0.2222502 0.9749897 0 0.1116863 0.9937435 0 0.1116859 0.9937435 0 0.3300187 0.9439744 0 0.4336717 0.9010711 0 0.5317897 0.8468765 0 0.5317898 0.8468765 0 0.6232737 0.7820038 0 0.6232756 0.7820023 0 0.7069159 0.7072978 0 0.7069158 0.7072978 0 -0.9439754 0.3300158 0 -0.9749889 0.2222539 0 -0.9749889 0.222254 0 -0.9937425 0.1116957 0 -0.9937433 0.1116885 0 -0.901085 0.4336424 0 -0.8468631 0.531811 0 -0.8468664 0.5318058 0 -0.7820016 0.6232764 0 -0.7820017 0.6232764 0 -0.7073115 0.706902 0 -0.7073115 0.706902 0 0.998442 -0.05579954 1.0581e-5 0.9984421 -0.05579745 -1.0581e-5 0.9984439 -0.0557658 1.97411e-5 0.9984409 -0.05581903 -1.59123e-5 0.9984419 -0.05580049 -6.85683e-6 0.9984413 -0.05581283 -7.69102e-5 0.9984424 -0.05579406 -3.46892e-6 0.9984419 -0.05580198 6.48559e-6 0.9984416 -0.05580657 6.51014e-6 0.9984424 -0.05579197 6.42286e-7 0.9984418 -0.05580383 2.24962e-5 0.9984416 -0.05580788 3.46891e-6 0.9984422 -0.0557968 -6.48559e-6 0.9984418 -0.05580437 -6.51014e-6 0.9984441 -0.0557608 5.32509e-7 0.998442 -0.05579918 0 0.9984421 -0.05579727 -2.22029e-6 0.9984422 -0.0557971 -2.09164e-6 0.9984418 -0.05580306 -8.11927e-7 0.9984416 -0.05580568 1.76866e-6 0.9984417 -0.05580496 -1.15749e-5 0.9984443 -0.05575942 1.12998e-4 0.9984413 -0.05581194 -6.41795e-5 0.9984431 -0.05577993 4.58059e-5 0.9984424 -0.05579322 1.07525e-6 0.9984424 -0.05579322 -1.07525e-6 0.9984425 -0.05579048 -4.58059e-5 0.9984412 -0.05581539 6.41794e-5 0.9984448 -0.05574971 -1.12998e-4 0.9984417 -0.05580496 1.15749e-5 0.998442 -0.05579918 5.89626e-7 0.9984421 -0.05579847 -1.79544e-7 0.99844 -0.05583453 1.59123e-5 0.9984451 -0.05574387 -1.97411e-5 0.9984416 -0.05580675 -2.83249e-6 0.9984378 -0.05587518 2.16429e-4 0.9984428 -0.05578565 -3.35348e-5 0.9984417 -0.05580645 1.38749e-6 0.9984421 -0.05579835 2.36623e-5 0.9984418 -0.05580395 7.83242e-7 0.9984421 -0.05579894 4.55541e-6 0.9984421 -0.05579799 -6.31655e-6 0.9984421 -0.05579847 -1.05311e-6 0.9984418 -0.05580508 1.65123e-5 0.9984419 -0.05580163 2.3315e-6 0.9984422 -0.05579632 -9.41915e-6 0.9984421 -0.05579853 2.75032e-6 0.998442 -0.05579894 -8.59957e-6 0.9984417 -0.05580472 1.01741e-5 0.9984424 -0.05579316 -8.39791e-6 0.9984419 -0.05580222 4.88818e-6 0.9984421 -0.0557996 3.72603e-6 0.9984434 -0.05577611 -5.07914e-5 0.9984413 -0.05581229 2.6942e-5 0.9984412 -0.05581593 2.07448e-6 0.9984429 -0.05578356 -6.29418e-6 0.9984415 -0.05580866 1.77455e-6 0.9984424 -0.05579203 -6.1358e-6 0.9984418 -0.05580407 7.28416e-6 0.9984424 -0.05579233 -3.08772e-6 0.9984402 -0.05583256 1.91002e-5 0.9984453 -0.05574083 -3.0325e-5 0.998446 -0.05572736 -3.30869e-4 0.9984419 -0.05580103 1.1755e-5 0.9984424 -0.05579191 -1.97961e-5 0.9984375 -0.0558781 4.25994e-4 0.9984411 -0.05581521 2.295e-5 0.9984425 -0.05579102 -9.71457e-6 0.9984356 -0.05591511 1.10945e-4 0.9984416 -0.05580836 2.73908e-5 0.9984421 -0.05579859 3.46098e-7 0.99844 -0.05583494 -1.92351e-5 0.9984441 -0.0557608 1.72519e-5 0.9984404 -0.05582791 -1.22282e-5 0.998443 -0.05578118 1.49815e-5 0.9984418 -0.05580431 -7.18323e-7 0.998442 -0.0557993 -3.75381e-7 0.998442 -0.05579906 -4.97497e-7 0.9984421 -0.05579894 1.79544e-7 0.9984381 -0.05587089 -1.67582e-5 0.9984446 -0.05575364 -1.14028e-5 0.9984415 -0.05580788 -1.20144e-6 0.9984411 -0.05581521 1.22258e-5 0.9984416 -0.05580681 1.59704e-6 0.9984426 -0.05579006 8.54894e-7 0.9984408 -0.05582255 1.05279e-5 0.9984437 -0.05576962 -1.84752e-5 0.9984433 -0.05577838 2.77003e-7 0.9984414 -0.05580955 4.25889e-6 0.9984487 -0.05568057 -4.55469e-5 0.998443 -0.05578255 -1.52241e-5 0.9984411 -0.05581647 3.72649e-6 0.9984422 -0.05579727 2.61196e-6 0.9984417 -0.05580639 1.84036e-6 0.9984421 -0.05579888 1.43317e-6 0.9984362 -0.05590397 9.00102e-6 0.9984424 -0.05579239 2.97528e-6 0.9984424 -0.05579245 7.92732e-7 0.9984413 -0.05581277 -3.51488e-6 0.9984422 -0.05579674 1.65122e-6 0.9984422 -0.05579495 4.98136e-6 0.9984419 -0.05580222 -2.38437e-6 0.9984421 -0.05579906 0 0.9984419 -0.05580222 2.38437e-6 0.9984424 -0.05579286 -4.98136e-6 0.9984423 -0.05579364 -1.65122e-6 0.9984413 -0.05581277 3.51488e-6 0.9984424 -0.05579251 -7.92733e-7 0.9984451 -0.0557456 1.46194e-6 0.9984424 -0.05579191 -2.44302e-6 0.9984416 -0.05580735 -1.43755e-6 0.9984409 -0.05581974 -5.97719e-6 0.9984419 -0.05580079 6.55321e-7 0.9984362 -0.05590397 -9.00102e-6 0.9984421 -0.05579888 -1.43317e-6 0.9984421 -0.05579805 -1.84036e-6 0.9984409 -0.05581855 -2.61196e-6 0.9984417 -0.05580574 -3.72649e-6 0.9984436 -0.055772 1.52242e-5 0.9984465 -0.0557205 4.55467e-5 0.9984417 -0.05580544 -4.2589e-6 0.998442 -0.05579906 -2.77003e-7 0.9984436 -0.05577045 1.84752e-5 0.9984414 -0.05580973 -1.05279e-5 0.9984419 -0.05580109 -8.54891e-7 0.9984424 -0.05579149 -1.59704e-6 0.9984409 -0.05581945 -1.22258e-5 0.9984419 -0.05580234 1.20143e-6 0.9984425 -0.05579203 1.14028e-5 0.9984437 -0.05577099 1.67587e-5 0.9984416 -0.05580836 -6.5532e-7 0.9984411 -0.05581694 5.97719e-6 0.9984413 -0.05581182 1.43755e-6 0.9984424 -0.05579185 2.44302e-6 0.9984462 -0.05572527 -1.46195e-6 0.9984421 -0.05579978 6.3165e-6 0.9984422 -0.05579698 -4.55544e-6 0.9984418 -0.05580228 -7.83242e-7 0.9984418 -0.05580323 -2.36623e-5 0.9984421 -0.05580002 -1.38749e-6 0.9984423 -0.05579549 3.35341e-5 0.9984402 -0.05583232 -2.16451e-4 0.9984421 -0.05579942 3.75381e-7 0.9984418 -0.05580455 7.18326e-7 0.9984439 -0.05576562 -1.49815e-5 0.9984401 -0.05583429 1.22283e-5 0.9984447 -0.05575287 -1.7252e-5 0.9984394 -0.05584609 1.9235e-5 0.9984421 -0.05579876 -3.46098e-7 0.9984434 -0.05577379 -2.73892e-5 0.9984418 -0.05580335 -5.18266e-6 0.9984417 -0.05580651 7.65904e-5 0.9984419 -0.05580049 6.85683e-6 0.9984416 -0.05580711 -2.26003e-5 0.998447 -0.05571144 -6.43269e-6 0.9984422 -0.05579632 1.38713e-6 0.99844 -0.05583542 -6.35212e-6 0.9984424 -0.05579352 2.2228e-6 0.9984419 -0.05580192 1.54321e-6 0.9984437 -0.05576968 -5.32509e-7 0.9984419 -0.05580151 1.50916e-6 0.998442 -0.05580115 0 0.9984412 -0.0558148 0 0.9984425 -0.05578982 1.81346e-6 0.9984458 -0.05573183 -1.67774e-5 0.9984396 -0.05584228 6.35212e-6 0.9984412 -0.0558145 -1.69833e-6 0.9984428 -0.05578577 -2.88039e-6 0.9984412 -0.0558148 0 0.998442 -0.05580073 0 0.9984428 -0.05578535 -3.28753e-6 0.9984424 -0.05579197 -6.42286e-7 0.900853 0.4341241 0 0.8465782 0.5322643 0 0.8465816 0.5322591 0 0.7816663 0.6236969 0 0.7816698 0.6236925 0 0.9008502 0.43413 0 0.9437867 0.3305552 0 0.9748713 0.2227687 0 0.9748699 0.2227756 0 0.9936831 0.1122234 0 0.9936831 0.1122234 0 1 2.84127e-4 0 1 2.76841e-4 0 -0.7454612 -0.6665491 0 -0.7454611 -0.6665492 0 -0.9984421 0.0557993 -1.01373e-6 -0.9984422 0.05579715 0 -0.9984416 0.05580621 2.14911e-6 -0.9984421 0.05579721 2.45153e-7 -0.9984426 0.05579006 -3.24586e-7 -0.9984416 0.05580735 -1.47499e-6 -0.9984418 0.05580371 -7.08725e-7 -0.9984418 0.055803 -2.67282e-7 -0.9984428 0.05578637 3.37836e-6 -0.9984422 0.0557968 -5.53276e-6 -0.9984424 0.05579364 1.51212e-5 -0.9984417 0.05580455 -4.47064e-5 -0.9984413 0.05581158 1.96201e-7 -0.9984418 0.05580401 7.56572e-7 -0.9984423 0.0557956 1.95047e-6 -0.9984423 0.05579453 -4.37774e-7 -0.9984416 0.05580639 2.83865e-6 -0.9984413 0.05581349 -4.48864e-6 -0.9984434 0.05577433 7.66081e-6 -0.9984422 0.0557971 0 -0.9984434 0.05577433 -7.66081e-6 -0.9984415 0.05580919 4.48865e-6 -0.9984425 0.05579012 -2.83865e-6 -0.9984415 0.05580991 4.37774e-7 -0.9984422 0.0557956 -1.95047e-6 -0.9984425 0.05579262 -7.56572e-7 -0.9984407 0.0558235 -1.96201e-7 -0.9984545 0.05557489 -1.12546e-6 -0.9984419 0.05580025 5.69937e-7 -0.9984421 0.05579674 -1.48898e-6 -0.9984421 0.05579864 4.62083e-6 -0.9984434 0.05577546 -9.41921e-7 -0.998441 0.05581796 -8.68049e-7 -0.9984408 0.0558204 1.64443e-6 -0.9984421 0.0557993 0 -0.9984424 0.055794 1.03074e-5 -0.9984416 0.05580592 -1.24146e-5 -0.9984421 0.05579894 8.18563e-6 -0.9984418 0.05580264 -7.06249e-6 -0.9984422 0.05579644 4.86096e-6 -0.9984421 0.05579733 -1.64226e-6 -0.9984421 0.05579888 7.04329e-6 -0.998442 0.05580008 -5.38249e-6 -0.9984421 0.05579984 -1.09854e-6 -0.9984418 0.05580222 -6.46548e-6 -0.9984422 0.0557956 1.23628e-5 -0.9984419 0.05580091 -8.06809e-6 -0.9984421 0.05579799 8.19373e-6 -0.9984419 0.05580145 -1.5882e-5 -0.9984422 0.05579733 2.06143e-5 -0.9984421 0.05579781 1.30958e-6 -0.9984417 0.05580544 -2.87482e-5 -0.9984427 0.0557866 6.76258e-5 -0.9984418 0.05580401 -3.86585e-5 -0.9984361 0.05590683 4.47058e-5 -0.9984437 0.05577057 -1.51213e-5 -0.9984413 0.05581367 5.53273e-6 -0.9984433 0.05577629 -3.37837e-6 -0.9984415 0.05580973 2.67282e-7 -0.9984422 0.05579781 7.08725e-7 -0.9984416 0.05580729 1.47499e-6 -0.9984424 0.05579197 3.24586e-7 -0.9984422 0.05579566 -2.45153e-7 -0.9984418 0.05580413 -2.14911e-6 -0.9984421 0.0557993 0 -0.998442 0.05579936 1.01373e-6 -0.9984551 0.05556422 1.12546e-6 -0.9984386 0.05586159 -1.64443e-6 -0.9984439 0.05576664 8.68051e-7 -0.9984423 0.05579441 9.4192e-7 -0.9984418 0.05580407 -4.62083e-6 -0.9984419 0.05580168 1.48898e-6 -0.9984421 0.05579799 -5.69937e-7 -0.9984419 0.05580264 3.86575e-5 -0.9984427 0.05578738 -6.76267e-5 -0.9984417 0.05580592 2.8748e-5 -0.9984422 0.05579721 -1.30958e-6 -0.9984421 0.05579829 -2.06145e-5 -0.9984419 0.05580073 1.5882e-5 -0.9984421 0.05579781 -8.1937e-6 -0.9984419 0.05580037 8.06809e-6 -0.9984422 0.05579602 -1.23628e-5 -0.9984418 0.05580204 6.46548e-6 -0.998442 0.05579984 1.09854e-6 -0.9984419 0.05580127 5.38248e-6 -0.9984422 0.05579668 -7.04331e-6 -0.9984421 0.05579864 1.64225e-6 -0.9984422 0.05579668 -4.86097e-6 -0.9984416 0.05580562 7.06249e-6 -0.9984423 0.05579549 -8.18562e-6 -0.9984416 0.0558055 1.24146e-5 -0.9984425 0.05579155 -1.03074e-5 -1 -2.69548e-4 0 -0.9936818 -0.1122339 0 -0.9936827 -0.1122267 0 -0.9748712 -0.2227698 0 -0.9748696 -0.2227767 0 -0.9437857 -0.330558 0 -0.9437834 -0.3305644 0 -0.9008537 -0.4341229 0 -0.9008508 -0.4341288 0 -0.846575 -0.5322695 0 -0.8465782 -0.5322643 0 -0.7816757 -0.6236853 0 -0.7816793 -0.6236808 0 0.7073079 -0.7069057 0 0.7073115 -0.706902 0 0.7819914 -0.6232893 0 0.7819879 -0.6232937 0 0.8468706 -0.531799 0 0.9010857 -0.4336409 0 0.9010801 -0.4336528 0 0.9439754 -0.3300158 0 0.9439709 -0.3300288 0 0.9749917 -0.2222413 0 0.9749902 -0.2222482 0 0.9937426 -0.1116949 0 0.9937418 -0.1117022 0 0.05579829 0.9984421 0 0.03945755 0.7060052 0.7071067 0.03945755 0.7060052 0.7071067 0.04160827 0.7444905 0.6663354 0.04160225 0.7444618 0.6663677 0.04550385 0.8142883 0.5786743 0.0455076 0.8143006 0.5786567 0.04883581 0.8738628 0.4837138 0.04883623 0.8738632 0.4837128 0.05155062 0.9224336 0.3826996 0.05155056 0.9224333 0.3827 0.05361759 0.9594191 0.27684 0.05362081 0.9594263 0.2768143 0.05501329 0.9843419 0.167465 0.05500692 0.9843336 0.1675159 0.05570757 0.9968691 0.05611532 0.05571037 0.9968701 0.05609399 0.03945785 0.7060052 -0.7071067 0.03945738 0.7060052 -0.7071067 0.05571037 0.9968685 -0.05612039 0.05570751 0.9968705 -0.05608886 0.05500739 0.9843422 -0.1674651 0.05501276 0.9843333 -0.1675159 0.05362027 0.9594191 -0.2768392 0.05361801 0.9594264 -0.2768147 0.05155062 0.9224336 -0.3826996 0.05155044 0.9224333 -0.3827 0.04883611 0.8738628 -0.4837138 0.04883611 0.8738633 -0.4837128 0.04550677 0.8142871 -0.578676 0.0455048 0.814302 -0.5786551 0.04160386 0.7444902 -0.6663359 0.04160684 0.744463 -0.6663661 0.05580145 0.9984419 0 0.03945523 0.7060046 -0.7071073 0.03945761 0.7060052 -0.7071067 0.05571371 0.9968714 -0.05606865 0.05571067 0.9968731 -0.05603939 0.05500996 0.9843335 -0.1675158 0.05500984 0.9843342 -0.167512 0.05361783 0.9594262 -0.2768153 0.05361795 0.9594261 -0.2768152 0.0515505 0.9224317 -0.382704 0.0515505 0.9224327 -0.3827015 0.04883635 0.8738658 -0.4837085 0.04883837 0.8738493 -0.483738 0.04550963 0.814291 -0.5786702 0.04550909 0.8142889 -0.5786732 0.04160761 0.7444753 -0.6663523 0.04160755 0.7444758 -0.6663518 0.03945523 0.7060046 0.7071073 0.0394572 0.7060052 0.7071067 0.04160743 0.7444753 0.6663523 0.04160743 0.7444752 0.6663525 0.04550951 0.8142885 0.5786737 0.04550939 0.8142914 0.5786697 0.04883885 0.8738633 0.4837126 0.04883563 0.8738518 0.4837338 0.05155056 0.9224316 0.3827042 0.0515505 0.9224328 0.3827013 0.05361789 0.959426 0.2768157 0.05361789 0.9594262 0.2768154 0.05500972 0.9843335 0.1675155 0.05500996 0.9843341 0.1675121 0.05571061 0.9968712 0.0560739 0.05571383 0.9968732 0.05603414 -0.9984421 0.05579835 5.91437e-6 -0.9984399 0.05583715 2.43373e-5 -0.9984441 0.05576258 -1.63347e-5 -0.9984407 0.0558232 5.6532e-6 -0.9984424 0.05579245 0 -0.998442 0.05580025 4.63877e-5 -0.9984423 0.05579489 -9.43126e-6 -0.9984421 0.05579799 5.97903e-7 -0.9984423 0.05579507 2.90877e-6 -0.998442 0.05580073 0 -0.998442 0.05580019 -7.08752e-6 -0.9984413 0.05581372 0 -0.9984421 0.05579864 -3.25292e-5 -0.9984427 0.05578744 -1.80839e-5 -0.9984421 0.05579727 6.46201e-7 -0.9984421 0.05579859 8.64677e-7 -0.998442 0.05580013 9.4499e-7 -0.9984417 0.0558058 2.44687e-6 -0.9984415 0.05580955 3.23115e-6 -0.9984466 0.05571877 -1.42902e-6 -0.998446 0.05572843 -2.36903e-5 -0.9984403 0.05583053 2.0106e-5 -0.9984431 0.05578052 -1.10852e-5 -0.9984263 0.05607962 6.76159e-5 -0.9984425 0.05578964 0 -0.9984422 0.05579739 0 -0.9984416 0.05580729 -4.80558e-6 -0.9984418 0.055803 -6.88364e-7 -0.9984421 0.05579888 1.02298e-6 -0.9984418 0.055803 -3.90556e-5 -0.9984422 0.05579715 1.10821e-5 -0.9984419 0.05580019 1.4294e-5 -0.9984422 0.0557956 -3.99108e-5 -0.9984409 0.05581998 -1.40019e-6 -0.9984422 0.0557962 2.29433e-6 -0.9984429 0.05578362 5.9848e-6 -0.9984418 0.05580449 -5.69512e-6 -0.9984421 0.05579853 2.20763e-6 -0.9984419 0.05580025 -1.29825e-6 -0.9984418 0.05580306 -5.02925e-6 -0.9984419 0.05580067 -6.95561e-7 -0.9984422 0.05579781 3.99123e-5 -0.9984421 0.055799 -1.4294e-5 -0.9984421 0.05579817 -1.10821e-5 -0.998442 0.05579966 -1.41302e-7 -0.9984426 0.05578964 0 -0.998444 0.05576419 -1.01045e-5 -0.9984405 0.05582815 4.6759e-6 -0.9984427 0.05578929 -6.64928e-6 -0.9984416 0.05580753 3.30211e-6 -0.9984405 0.05582612 -1.20806e-5 -0.9984414 0.05581027 -7.74536e-6 -0.9984421 0.05579805 0 -0.9984422 0.05579656 1.01647e-4 -0.9984422 0.05579608 -5.57692e-5 -0.9984421 0.0557987 -1.46958e-5 -0.9984422 0.05579698 -7.2017e-6 -0.998442 0.05580121 2.38356e-5 -0.9984419 0.05580139 1.09375e-5 -0.9984421 0.05579835 1.18282e-6 -0.9984427 0.0557875 -1.14243e-5 -0.9984417 0.05580544 1.05178e-5 -0.9984428 0.05578565 -1.30427e-5 -0.9984419 0.05580198 3.0102e-6 -0.998442 0.05580115 1.50086e-6 -0.9984415 0.05581033 7.79522e-6 -0.998443 0.05578202 -4.24349e-6 -0.9984418 0.05580276 1.74358e-6 -0.9984441 0.05576246 -2.76451e-6 -0.9984387 0.05585813 -2.16513e-6 -0.9984423 0.05579394 5.77658e-6 -0.9984423 0.05579465 -8.64677e-7 -0.998442 0.05579912 -9.54457e-7 -0.9984422 0.05579751 1.46957e-5 -0.9984422 0.05579626 5.57694e-5 -0.9984421 0.05579876 -1.01651e-4 -0.9984416 0.05580717 -1.05348e-6 -0.9984416 0.05580669 -1.36222e-6 -0.9984422 0.05579715 2.14567e-6 -0.9984424 0.0557928 -4.06212e-7 -0.998442 0.05579924 2.91513e-6 -0.9984422 0.0557962 -7.33019e-7 -0.9984421 0.05579817 2.30036e-6 -0.9984421 0.05579805 -3.01716e-6 -0.998442 0.05579948 6.87332e-5 -0.9984418 0.05580252 -3.28615e-5 -0.9984418 0.05580383 7.91499e-6 -0.9984417 0.05580574 7.68386e-6 -0.9984417 0.05580425 2.18386e-5 -0.9984421 0.05579817 -7.71668e-6 -0.9984421 0.05579876 2.97816e-6 -0.9984422 0.05579763 -5.77575e-6 -0.9984421 0.05579859 -1.02018e-5 -0.998442 0.05580109 -4.05214e-6 -0.998442 0.05580091 -5.92209e-6 -0.9984413 0.05581337 3.14962e-5 -0.9984421 0.05579942 7.75191e-6 -0.998442 0.05579882 5.21227e-6 -0.9984421 0.05579912 -7.29508e-7 -0.9984422 0.05579799 -7.72514e-6 -0.9984418 0.05580359 1.08734e-5 -0.9984423 0.05579394 -7.49057e-6 -0.9984425 0.05579245 -6.67528e-6 -0.9984413 0.05581325 5.62923e-6 -0.9984423 0.05579572 0 -0.9984425 0.05578988 0 -0.9984419 0.05580216 -3.43213e-6 -0.9984418 0.05580431 -5.63904e-6 -0.9984421 0.05579853 1.68143e-6 -0.9984421 0.05579996 1.60196e-7 -0.9984421 0.0557971 2.17585e-6 -0.998442 0.05580008 -8.5717e-6 -0.9984421 0.05579823 1.42589e-5 -0.9984424 0.05579411 -7.86218e-5 -0.9984421 0.05579841 -2.55208e-6 -0.9984419 0.05580043 1.19952e-5 -0.9984423 0.05579388 -2.27023e-5 -0.9984423 0.05579477 -3.47328e-6 -0.9984427 0.05578649 -1.66569e-5 -0.9984326 0.05596578 3.84232e-4 -0.9984421 0.05579918 -8.07553e-6 -0.9984421 0.05579859 1.55548e-5 -0.9984436 0.05577194 -2.13959e-5 -0.9984417 0.05580526 -8.08749e-6 -0.9984427 0.05578833 -5.12416e-6 -0.9984408 0.05582147 1.7756e-5 -0.9984415 0.05580908 9.74149e-6 -0.9984434 0.0557754 -1.26945e-5 -0.998445 0.055745 -4.34018e-5 -0.9984331 0.05595958 4.62896e-5 -0.9984421 0.05579769 -1.30877e-6 -0.9984419 0.05580306 -3.79616e-5 -0.9984421 0.05579841 1.42087e-5 -0.9984419 0.05580216 -1.45995e-5 -0.9984424 0.05579131 7.8942e-5 -0.9984415 0.0558089 -2.73528e-5 -0.9984423 0.05579489 1.96297e-5 -0.9984419 0.05580067 -6.2773e-6 -0.9984421 0.0557987 -6.28987e-7 -0.9984421 0.05579715 -1.01042e-5 -0.9984424 0.05579268 6.32521e-5 -0.9984423 0.05579513 1.09995e-4 -0.9984558 0.05555295 2.23197e-4 -0.9984405 0.05582654 -1.62405e-5 -0.9984411 0.05581772 0 -0.998443 0.05578333 0 -0.9984425 0.05579078 6.64313e-6 -0.9984407 0.0558232 -2.47187e-5 -0.9984421 0.05580008 5.39046e-6 -0.9984425 0.05578958 5.2923e-6 -0.9984414 0.05581051 -6.65307e-6 -0.9984422 0.05579525 4.13796e-6 -0.9984434 0.055776 5.92964e-5 -0.9984409 0.05582028 -5.24059e-5 -0.9984422 0.05579596 1.65575e-5 -0.9984419 0.05580198 -8.30984e-6 -0.9984421 0.05579787 2.10025e-6 -0.9984421 0.05579805 9.62914e-6 -0.998442 0.0557996 1.70913e-5 -0.9984423 0.05579543 4.61735e-6 -0.9984424 0.05579447 -6.66632e-6 -0.9984424 0.05579304 -5.39681e-6 -0.9984416 0.05580765 6.85148e-6 -0.9984421 0.05579894 2.1936e-6 -0.9984419 0.05580013 -1.73048e-5 -0.9984419 0.05580151 4.35009e-5 -0.9984422 0.05579537 0 -0.9984421 0.0557965 -1.80414e-4 -0.9984415 0.05580931 7.48764e-5 -0.9984415 0.05580896 4.50121e-5 -0.9984426 0.05579036 -4.26919e-5 -0.9984419 0.05580174 2.22875e-5 -0.9984421 0.05579882 1.67062e-6 -0.9984424 0.0557928 -9.9988e-6 -0.9984421 0.05580008 0 -0.9984422 0.05579656 2.13308e-5 -0.9984421 0.05579835 -7.19584e-6 -0.9984418 0.05580419 5.02925e-6 -0.9984419 0.05580139 1.29825e-6 -0.9984424 0.05579423 -2.20763e-6 -0.9984413 0.05581176 5.69511e-6 -0.998443 0.05578166 -5.9848e-6 -0.9984422 0.0557962 -2.29433e-6 -0.9984411 0.05581492 1.4002e-6 -0.998442 0.05579942 1.06524e-5 -0.998443 0.05578339 8.75868e-5 -0.9984413 0.05581361 -6.05104e-5 -0.9984416 0.05580615 -1.25525e-5 -0.9984419 0.05580151 3.95329e-5 -0.9984419 0.05580151 -3.95329e-5 -0.9984419 0.0558021 -1.05381e-5 -0.9984419 0.05580013 9.30906e-6 -0.9984424 0.05579334 4.41139e-5 -0.998442 0.05580097 -5.7988e-5 -0.998442 0.0557993 3.28988e-5 -0.9984421 0.05579751 7.13191e-6 -0.9984413 0.05581164 4.53988e-7 -0.9984422 0.05579566 1.88041e-6 -0.9984427 0.05578726 0 -0.9984424 0.05579328 2.73312e-6 -0.9984385 0.0558626 -6.0752e-6 -0.9984428 0.05578529 -1.59272e-6 -0.9984415 0.05580967 -1.03061e-6 -0.9984437 0.05576884 2.14709e-6 -0.9984408 0.05582094 2.73161e-6 -0.9984441 0.05576086 1.30169e-6 -0.9984421 0.05579978 8.49169e-7 -0.9984435 0.0557726 -6.99916e-6 -0.9984412 0.05581575 0 -0.9984422 0.05579769 2.09049e-6 -0.9984413 0.055812 2.90584e-5 -0.9984421 0.05579876 -2.15635e-5 -0.9984421 0.05579799 1.4748e-5 -0.9984415 0.05580949 -7.82538e-6 -0.9984417 0.05580484 -2.60806e-5 -0.9984418 0.05580508 -1.54842e-5 -0.9984425 0.05579119 2.39393e-5 -0.9984422 0.05579692 4.8795e-6 -0.9984419 0.05580151 -4.35504e-5 -0.9984422 0.05579644 -4.58175e-6 -0.9984422 0.05579751 2.13502e-6 -0.9984421 0.05579847 -2.24623e-6 -0.9984421 0.05579966 5.39681e-6 -0.9984421 0.05579704 6.66632e-6 -0.05532681 -0.9898972 0.1305475 -0.0515564 -0.9224382 0.3826876 -0.05155652 -0.9224354 0.3826943 -0.0442723 -0.7921065 0.6087753 -0.04426896 -0.7921391 0.6087331 -0.03396755 -0.6078069 0.793358 -0.03396958 -0.6077784 0.7933797 -0.02135473 -0.3820747 0.9238848 -0.02135235 -0.3821159 0.9238677 -0.007282137 -0.1303196 0.9914453 -0.007282197 -0.1303197 0.9914454 -0.05531543 -0.9899126 0.1304351 -0.05531466 -0.9898978 -0.1305484 -0.05532753 -0.9899119 -0.130435 -0.05155628 -0.9224367 -0.3826912 -0.05155664 -0.9224374 -0.3826895 -0.04427391 -0.792138 -0.6087343 -0.04426723 -0.7921076 -0.6087741 -0.03396588 -0.6077786 -0.7933799 -0.0339713 -0.607808 -0.793357 -0.02135705 -0.3821162 -0.9238675 -0.02135002 -0.3820746 -0.9238849 -0.007282197 -0.1303189 -0.9914454 -0.007282078 -0.1303192 -0.9914454 0.05531483 0.9898974 -0.1305509 0.05154418 0.9224173 -0.3827396 0.05155074 0.9224361 -0.3826934 0.04426914 0.792139 -0.6087332 0.04427516 0.7921658 -0.6086979 0.03397262 0.607832 -0.7933387 0.03396236 0.6077818 -0.7933776 0.02134901 0.3820556 -0.9238927 0.02135235 0.3820742 -0.923885 0.007283687 0.1303337 -0.9914435 0.007282555 0.1303269 -0.9914444 0.05532121 0.9899043 -0.1304957 0.05532079 0.9898968 0.1305527 0.05531531 0.9899045 0.1304961 0.05154532 0.9224387 0.382688 0.05154973 0.9224163 0.3827415 0.04427057 0.7921663 0.6086976 0.04427385 0.7921411 0.6087301 0.03396952 0.6077787 0.7933796 0.0339654 0.6078346 0.793337 0.02135002 0.3820734 0.9238854 0.02135133 0.3820555 0.9238928 0.007283389 0.1303274 0.9914444 0.007282972 0.1303346 0.9914434 -0.05532145 -0.989905 0.1304902 -0.0515508 -0.9224366 0.3826922 -0.0515505 -0.9224387 0.3826872 -0.04426848 -0.7921366 0.6087363 -0.04427212 -0.7921057 0.6087765 -0.03396964 -0.6077793 0.7933793 -0.03396755 -0.607809 0.7933565 -0.02135235 -0.3820748 0.9238848 -0.02135103 -0.3820945 0.9238766 -0.007282495 -0.1303269 0.9914444 -0.007282614 -0.1303279 0.9914442 -0.05532103 -0.989905 0.1304902 -0.05532121 -0.9899047 -0.1304922 -0.05532127 -0.989905 -0.1304898 -0.05155092 -0.9224367 -0.3826918 -0.05155038 -0.9224389 -0.3826866 -0.04426676 -0.7921034 -0.6087797 -0.04427385 -0.7921389 -0.6087329 -0.03397136 -0.6078088 -0.7933565 -0.03396588 -0.6077799 -0.793379 -0.02135342 -0.3820945 -0.9238765 -0.02135008 -0.3820756 -0.9238845 -0.007282555 -0.1303266 -0.9914444 -0.007282555 -0.1303271 -0.9914444 0.05532068 0.9898964 -0.1305558 0.0515508 0.9224384 -0.3826879 0.05155092 0.9224379 -0.3826891 0.04426741 0.7921084 -0.6087732 0.04426729 0.7921053 -0.6087773 0.03396767 0.6078069 -0.7933582 0.03397297 0.6078376 -0.7933343 0.02135604 0.3820964 -0.9238758 0.02135586 0.382094 -0.9238767 0.007284283 0.1303276 -0.9914443 0.00728172 0.130312 -0.9914464 0.05532741 0.9899047 -0.1304904 0.05532693 0.9898967 0.130551 0.05532115 0.9899043 0.1304955 0.05155086 0.9224386 0.3826874 0.05155086 0.9224382 0.3826887 0.04426741 0.7921102 0.6087709 0.04426729 0.7921053 0.6087773 0.03396922 0.6078344 0.7933369 0.03397154 0.6078112 0.7933546 0.02135592 0.382095 0.9238764 0.02135592 0.3820946 0.9238764 0.007283389 0.1303125 0.9914463 0.007282674 0.1303282 0.9914442 -0.007282137 -0.130318 -0.9914456 -0.02135038 -0.382078 -0.9238834 -0.02135354 -0.3820973 -0.9238755 -0.03396755 -0.6078065 -0.7933585 -0.03396749 -0.6078074 -0.7933577 -0.04426735 -0.7921084 -0.6087732 -0.04427337 -0.7921347 -0.6087384 -0.05155628 -0.9224369 -0.3826907 -0.05154949 -0.9224179 -0.3827373 -0.05532121 -0.9899047 -0.1304925 -0.05532121 -0.9899047 -0.1304928 -0.00728321 -0.1303256 -0.9914445 0.007282674 0.1303181 -0.9914456 0.007284462 0.1303256 -0.9914445 0.02135598 0.3820978 -0.9238751 0.02134901 0.3820577 -0.9238919 0.03396338 0.6078063 -0.7933587 0.0339694 0.6078351 -0.7933365 0.04426705 0.7921079 -0.6087739 0.04427367 0.7921348 -0.6087383 0.0515576 0.9224577 -0.3826403 0.05154383 0.9224175 -0.3827391 0.05531483 0.9898978 -0.1305481 0.05532741 0.9899122 -0.1304334 0.007283687 0.1303166 0.9914457 0.02135336 0.3820575 0.9238919 0.02135151 0.3820982 0.923875 0.03396499 0.6078343 0.7933373 0.03396767 0.6078048 0.7933597 0.0442686 0.7921353 0.6087381 0.04427212 0.7921075 0.608774 0.05155521 0.922417 0.3827389 0.05154657 0.9224582 0.3826406 0.05531579 0.9899128 0.1304337 0.05532681 0.989897 0.1305487 0.007282733 0.1303237 0.9914448 -0.007282614 -0.1303158 0.9914458 -0.007282733 -0.1303241 0.9914447 -0.02135115 -0.3820972 0.9238756 -0.02135241 -0.3820782 0.9238834 -0.03396725 -0.6078065 0.7933584 -0.03396767 -0.6078054 0.7933592 -0.04426848 -0.792135 0.6087384 -0.04427206 -0.7921078 0.6087735 -0.05155503 -0.9224178 0.3827369 -0.05155092 -0.9224371 0.382691 -0.05532133 -0.9899046 0.1304932 -0.05532103 -0.9899047 0.1304932 -0.007281959 -0.1303161 -0.9914458 -0.02135318 -0.3820973 -0.9238755 -0.03396755 -0.607806 -0.7933588 -0.03396737 -0.6078062 -0.7933588 -0.04426723 -0.79211 -0.6087712 -0.04427343 -0.7921363 -0.6087365 -0.05155611 -0.9224363 -0.3826922 -0.05154967 -0.9224175 -0.3827384 -0.05532127 -0.9899047 -0.1304925 -0.007283389 -0.1303239 -0.9914447 0.007282674 0.1303164 -0.9914457 0.007284104 0.1303239 -0.9914447 0.02135634 0.3820978 -0.9238751 0.02134883 0.3820577 -0.9238919 0.03396373 0.6078054 -0.7933594 0.03396928 0.6078338 -0.7933375 0.04426729 0.7921094 -0.6087718 0.04427355 0.7921358 -0.6087369 0.0515576 0.9224572 -0.3826418 0.05154371 0.922417 -0.3827406 0.05531483 0.9898978 -0.1305481 0.05532777 0.9899122 -0.1304334 0.007283866 0.1303185 0.9914455 0.02135372 0.3820575 0.9238919 0.02135115 0.3820982 0.923875 0.03396534 0.6078343 0.7933373 0.03396731 0.6078048 0.7933596 0.0442689 0.7921358 0.6087375 0.04427182 0.7921085 0.6087726 0.05155503 0.922417 0.3827389 0.05154639 0.9224582 0.3826406 0.05531555 0.9899128 0.1304337 0.007283031 0.1303253 0.9914445 -0.007282972 -0.1303178 0.9914456 -0.007282733 -0.1303258 0.9914445 -0.02135151 -0.3820971 0.9238755 -0.03396761 -0.6078065 0.7933584 -0.03396713 -0.6078055 0.7933593 -0.04426878 -0.7921361 0.6087371 -0.04427218 -0.7921084 0.6087729 -0.05155074 -0.9224371 0.382691 -0.05532133 -0.9899046 0.1304932 -0.05532139 -0.9899046 0.1304931 -0.003649473 -0.06529998 -0.9978591 -0.01088595 -0.1947882 -0.980785 -0.0108844 -0.1947835 -0.9807859 -0.01793348 -0.3209321 -0.9469324 -0.01794064 -0.3209547 -0.9469246 -0.02468532 -0.4416114 -0.8968669 -0.02467834 -0.4415903 -0.8968774 -0.03099954 -0.5546943 -0.8314767 -0.03099888 -0.5546925 -0.8314778 -0.03679043 -0.6583176 -0.7518407 -0.03679484 -0.6583322 -0.7518278 -0.04195624 -0.7506749 -0.6593382 -0.04195106 -0.7506622 -0.6593531 -0.04639416 -0.8301687 -0.5555785 -0.04640018 -0.8301794 -0.5555621 -0.05004984 -0.895479 -0.4422808 -0.0500437 -0.8954676 -0.4423049 -0.05283701 -0.9454519 -0.3214482 -0.05283701 -0.9454524 -0.321447 -0.0547266 -0.9792626 -0.1950635 -0.05472671 -0.9792633 -0.1950603 -0.05567896 -0.9963028 -0.06542646 -0.05567854 -0.9963027 -0.06542825 -0.003649115 -0.06529998 -0.997859 0.003649473 0.06529998 -0.9978591 0.003649115 0.06529998 -0.997859 0.01088559 0.1947882 -0.980785 0.01088452 0.1947832 -0.980786 0.01793354 0.3209399 -0.9469299 0.01793664 0.3209476 -0.9469271 0.0246787 0.4415908 -0.8968772 0.02468478 0.4416109 -0.8968671 0.03100693 0.5547051 -0.8314691 0.03100246 0.5546925 -0.8314777 0.03679519 0.6583317 -0.7518281 0.03679031 0.6583188 -0.7518398 0.04195117 0.750663 -0.6593522 0.04195117 0.7506622 -0.6593531 0.04639482 0.8301795 -0.5555625 0.04639506 0.8301796 -0.5555623 0.05004441 0.8954789 -0.4422819 0.05003821 0.8954687 -0.442303 0.05283117 0.9454522 -0.3214484 0.05283099 0.9454522 -0.3214486 0.05472022 0.9792585 -0.1950857 0.05472636 0.9792631 -0.1950615 0.05567872 0.9963046 -0.06540048 0.05567276 0.996303 -0.06542867 0.003649353 0.0653007 0.997859 0.01088565 0.1947824 0.9807862 0.01088488 0.1947879 0.9807851 0.01793426 0.3209474 0.9469273 0.01793581 0.3209401 0.9469297 0.02467948 0.4416126 0.8968664 0.02468389 0.4415915 0.8968766 0.03100609 0.5546922 0.8314777 0.03100329 0.5547064 0.8314684 0.03679436 0.6583184 0.7518398 0.03679114 0.6583306 0.7518293 0.041951 0.7506629 0.6593523 0.04195117 0.7506633 0.6593519 0.04639488 0.8301797 0.5555622 0.046395 0.8301787 0.5555635 0.05004376 0.8954683 0.4423032 0.05003869 0.8954793 0.4422817 0.05283117 0.9454521 0.3214488 0.05283111 0.9454523 0.3214484 0.05472034 0.9792634 0.1950618 0.05472624 0.9792582 0.1950857 0.05567872 0.9963029 0.06542682 0.05567282 0.9963048 0.06540149 0.003649294 0.06530082 0.997859 -0.003649175 -0.0653007 0.997859 -0.003649353 -0.06530088 0.997859 -0.01088565 -0.1947826 0.980786 -0.01088452 -0.1947875 0.9807851 -0.01793479 -0.320955 0.9469246 -0.01793926 -0.3209318 0.9469324 -0.02468383 -0.4415923 0.8968762 -0.02467989 -0.4416118 0.8968667 -0.03099942 -0.5546934 0.8314771 -0.03099906 -0.5546949 0.8314763 -0.03679096 -0.6583316 0.7518286 -0.03679442 -0.6583173 0.7518408 -0.04195553 -0.7506625 0.6593525 -0.04195165 -0.7506754 0.6593379 -0.04639494 -0.8301803 0.5555614 -0.04639941 -0.8301669 0.555581 -0.05004936 -0.8954675 0.4423043 -0.05004411 -0.8954793 0.442281 -0.05283695 -0.945452 0.321448 -0.05283713 -0.9454521 0.3214477 -0.05472654 -0.9792626 0.1950635 -0.05472677 -0.9792632 0.1950605 -0.05567884 -0.9963027 0.06542843 -0.0556786 -0.9963029 0.06542587 0.002434015 0.04355627 0.9990481 0.007284522 0.1303183 0.9914455 0.007282733 0.1303203 0.9914453 0.01207673 0.2161026 0.976296 0.01207822 0.2160996 0.9762967 0.01678085 0.3002401 0.9537161 0.01678067 0.3002392 0.9537164 0.02135521 0.3820888 0.9238789 0.02135521 0.3820896 0.9238786 0.02576732 0.4610271 0.887012 0.0257678 0.4610275 0.8870117 0.02998375 0.5364622 0.8433915 0.02998369 0.5364636 0.8433908 0.03397101 0.6078032 0.7933607 0.03396755 0.6078124 0.7933539 0.03769689 0.6745446 0.737271 0.03770077 0.6745361 0.7372787 0.04114359 0.736131 0.6755874 0.0411477 0.736125 0.6755938 0.04427677 0.7921075 0.6087737 0.04426383 0.7921336 0.6087408 0.04705476 0.8420828 0.5372918 0.04706448 0.8420667 0.5373162 0.04949873 0.885623 0.4617596 0.04949367 0.8856313 0.4617441 0.05155116 0.9224474 0.3826662 0.05156195 0.9224354 0.3826938 0.05322718 0.9522244 0.3007252 0.05321609 0.9522349 0.3006939 0.05447578 0.9747742 0.2164435 0.05447566 0.9747754 0.2164381 0.05532103 0.9899013 0.130519 0.05532062 0.9899014 0.1305178 0.05574482 0.9974914 0.04362863 0.05573928 0.9974926 0.0436111 0.002433955 0.0435571 0.9990481 -0.002433717 -0.04355639 0.9990481 -0.002434313 -0.04355633 0.9990481 -0.007283031 -0.1303206 0.9914453 -0.007283329 -0.1303181 0.9914456 -0.01207911 -0.2161027 0.976296 -0.0120781 -0.2161022 0.9762961 -0.01678055 -0.300235 0.9537177 -0.01677924 -0.3002396 0.9537163 -0.02135246 -0.3820832 0.9238812 -0.02135324 -0.3820842 0.9238808 -0.02576482 -0.4610341 0.8870084 -0.02576512 -0.4610347 0.8870081 -0.02998012 -0.5364619 0.8433918 -0.02998042 -0.5364634 0.8433909 -0.03396803 -0.6078204 0.7933477 -0.03397494 -0.6078042 0.7933599 -0.0377044 -0.6745279 0.737286 -0.03770071 -0.674536 0.7372787 -0.04114276 -0.7361238 0.6755954 -0.04113882 -0.7361338 0.6755846 -0.04426795 -0.7921243 0.6087524 -0.04427689 -0.792107 0.6087744 -0.04706972 -0.8420755 0.537302 -0.04706525 -0.8420804 0.5372948 -0.04949933 -0.8856299 0.4617462 -0.04949897 -0.8856311 0.461744 -0.05155622 -0.9224417 0.382679 -0.05155694 -0.9224416 0.3826795 -0.0532217 -0.9522289 0.3007122 -0.05321627 -0.952234 0.3006967 -0.05447596 -0.9747751 0.2164393 -0.05447566 -0.9747745 0.2164416 -0.05532133 -0.9899012 0.130519 -0.05532085 -0.9899013 0.1305185 -0.05574512 -0.9974915 0.04362845 -0.0557512 -0.9974904 0.04364418 -0.002433836 -0.04355633 -0.9990481 -0.007282912 -0.130317 -0.9914457 -0.007283627 -0.1303196 -0.9914453 -0.01207751 -0.2161034 -0.9762958 -0.01207852 -0.2161037 -0.9762957 -0.01678085 -0.3002386 -0.9537166 -0.01677882 -0.300234 -0.9537181 -0.02135246 -0.3820855 -0.9238803 -0.02135324 -0.382084 -0.923881 -0.02576488 -0.4610338 -0.8870084 -0.02576541 -0.4610347 -0.8870081 -0.02998018 -0.5364616 -0.8433921 -0.02998065 -0.5364629 -0.8433913 -0.03396749 -0.6078051 -0.7933595 -0.03397572 -0.6078208 -0.7933471 -0.0377053 -0.6745364 -0.7372781 -0.03770011 -0.6745269 -0.7372871 -0.04114365 -0.7361311 -0.6755872 -0.04113841 -0.7361252 -0.6755941 -0.04426717 -0.7921079 -0.608774 -0.04427748 -0.7921234 -0.6087529 -0.0470702 -0.8420823 -0.5372913 -0.0470649 -0.8420736 -0.5373053 -0.04949933 -0.8856312 -0.4617438 -0.04949891 -0.8856298 -0.4617465 -0.05155616 -0.9224409 -0.3826813 -0.05155682 -0.9224418 -0.3826787 -0.053222 -0.9522336 -0.3006971 -0.05321592 -0.9522291 -0.3007122 -0.05447584 -0.9747754 -0.2164381 -0.05447578 -0.9747742 -0.2164435 -0.05532121 -0.9899013 -0.1305186 -0.05532097 -0.9899013 -0.1305187 -0.05574512 -0.9974908 -0.04364377 -0.05575114 -0.9974911 -0.04362821 -0.002434432 -0.04355633 -0.9990481 0.002433717 0.04355633 -0.9990481 0.002434372 0.04355698 -0.9990481 0.007283806 0.1303194 -0.9914454 0.007282853 0.1303172 -0.9914457 0.01207655 0.2161003 -0.9762965 0.01207792 0.2161038 -0.9762957 0.01678007 0.3002386 -0.9537166 0.01678085 0.3002386 -0.9537166 0.02135598 0.3820904 -0.9238782 0.02135556 0.38209 -0.9238783 0.02576732 0.4610271 -0.887012 0.02576732 0.4610275 -0.8870117 0.02998334 0.5364627 -0.8433914 0.02998399 0.5364621 -0.8433917 0.03397142 0.6078118 -0.7933542 0.03396749 0.6078053 -0.7933593 0.03769689 0.6745354 -0.7372795 0.03770112 0.6745448 -0.7372707 0.04114305 0.7361233 -0.6755959 0.04114812 0.7361322 -0.6755859 0.04427832 0.7921319 -0.6087417 0.04426229 0.7921089 -0.6087728 0.04705405 0.8420673 -0.5373163 0.04706519 0.8420822 -0.5372917 0.04949909 0.8856307 -0.4617447 0.04949331 0.8856239 -0.4617586 0.05155044 0.9224361 -0.3826932 0.05156254 0.9224463 -0.3826672 0.05322766 0.9522337 -0.3006955 0.0532155 0.9522254 -0.3007243 0.05447578 0.9747744 -0.2164425 0.05447566 0.974775 -0.2164396 0.05532103 0.9899013 -0.1305189 0.05532062 0.9899014 -0.1305178 0.05574488 0.9974921 -0.04361289 0.05573922 0.9974918 -0.04362696 0.004863202 0.08702111 -0.9961946 0.01444149 0.2584134 -0.9659266 0.01444154 0.258414 -0.9659264 0.02358114 0.4219577 -0.9063088 0.02358126 0.4219579 -0.9063087 0.03200381 0.5726691 -0.8191617 0.03200387 0.5726699 -0.8191611 0.03945583 0.7060129 -0.7070991 0.03945571 0.7060133 -0.7070986 0.04570686 0.8178688 -0.5735865 0.04571026 0.8178849 -0.5735633 0.05057299 0.9048935 -0.422623 0.05057317 0.9048941 -0.4226219 0.05389976 0.9644157 -0.2588383 0.0538997 0.9644156 -0.2588385 0.05558919 0.9946444 -0.08713412 0.05558919 0.9946444 -0.08713489 0.004863262 0.08702093 -0.9961946 -0.004863023 -0.08701807 -0.9961949 -0.004863381 -0.08702087 -0.9961946 -0.0144428 -0.2584222 -0.9659241 -0.01444154 -0.258414 -0.9659264 -0.02358204 -0.4219709 -0.9063027 -0.02358198 -0.4219702 -0.9063031 -0.03200387 -0.5726692 -0.8191617 -0.03200387 -0.5726698 -0.8191613 -0.03945487 -0.705997 -0.7071149 -0.03945481 -0.7059963 -0.7071157 -0.04570782 -0.8178849 -0.5735637 -0.04571115 -0.8179002 -0.5735415 -0.05057305 -0.9048939 -0.4226223 -0.05056965 -0.9048817 -0.4226487 -0.05389726 -0.9644241 -0.2588076 -0.05389714 -0.964424 -0.2588081 -0.05558586 -0.9946416 -0.08716845 -0.05558907 -0.9946445 -0.08713436 -0.004863321 -0.0870186 0.9961949 -0.01444232 -0.2584134 0.9659265 -0.01444202 -0.2584219 0.9659243 -0.02358192 -0.4219704 0.9063029 -0.02358192 -0.4219706 0.9063028 -0.03200387 -0.5726698 0.8191613 -0.03200387 -0.5726694 0.8191615 -0.03945481 -0.705996 0.7071159 -0.03945487 -0.705996 0.707116 -0.04570865 -0.8179008 0.573541 -0.04571026 -0.8178852 0.5735629 -0.05057239 -0.9048811 0.4226496 -0.05057036 -0.9048941 0.422622 -0.05389726 -0.9644238 0.2588087 -0.05389714 -0.9644241 0.2588073 -0.05558598 -0.9946446 0.08713442 -0.0555889 -0.9946415 0.08716857 -0.004863202 -0.08702141 0.9961946 0.004863202 0.08702141 0.9961946 0.004863202 0.08702164 0.9961946 0.01444149 0.258413 0.9659266 0.01444154 0.2584134 0.9659266 0.02358126 0.4219577 0.9063088 0.02358132 0.4219579 0.9063088 0.03200387 0.5726696 0.8191613 0.03200381 0.5726696 0.8191613 0.03945577 0.7060129 0.707099 0.03945577 0.7060126 0.7070994 0.04570776 0.8178849 0.5735636 0.04570937 0.8178699 0.5735849 0.05057311 0.9048947 0.4226207 0.05057305 0.9048926 0.4226247 0.0538997 0.9644154 0.2588391 0.05389976 0.9644155 0.258839 0.05558913 0.9946444 0.08713477 0.05558919 0.9946444 0.08713483</float_array>
          <technique_common>
            <accessor source="#Leg_B_005-mesh-normals-array" count="2754" stride="3">
              <param name="X" type="float"/>
              <param name="Y" type="float"/>
              <param name="Z" type="float"/>
            </accessor>
          </technique_common>
        </source>
        <vertices id="Leg_B_005-mesh-vertices">
          <input semantic="POSITION" source="#Leg_B_005-mesh-positions"/>
        </vertices>
        <triangles count="2824">
          <input semantic="VERTEX" source="#Leg_B_005-mesh-vertices" offset="0"/>
          <input semantic="NORMAL" source="#Leg_B_005-mesh-normals" offset="1"/>
          <p>1 0 5 0 10 0 15 1 19 1 23 1 22 2 26 2 30 2 33 3 35 3 41 3 33 4 41 4 45 4 33 5 45 5 49 5 33 6 49 6 52 6 33 7 52 7 55 7 33 8 55 8 59 8 33 9 59 9 62 9 33 10 62 10 67 10 68 11 63 11 71 11 67 12 70 12 73 12 67 13 73 13 77 13 67 14 77 14 80 14 67 15 80 15 83 15 67 16 83 16 86 16 67 17 86 17 90 17 67 18 90 18 93 18 67 19 93 19 101 19 66 20 100 20 105 20 67 21 106 21 109 21 67 22 109 22 113 22 67 23 113 23 116 23 6 24 119 24 124 24 5 25 123 25 101 25 5 26 101 26 93 26 5 27 93 27 125 27 5 28 125 28 129 28 5 29 129 29 132 29 5 30 132 30 136 30 5 31 136 31 139 31 5 32 139 32 143 32 5 33 143 33 10 33 25 34 147 34 151 34 26 35 152 35 157 35 26 36 157 36 162 36 26 37 162 37 166 37 26 38 166 38 30 38 1 39 10 39 171 39 1 40 171 40 148 40 1 41 148 41 26 41 173 42 179 42 183 42 173 43 183 43 186 43 173 44 186 44 190 44 173 45 190 45 193 45 173 46 193 46 196 46 173 47 196 47 14 47 173 48 14 48 22 48 22 49 197 49 200 49 22 50 200 50 203 50 22 51 203 51 207 51 22 52 207 52 173 52 212 53 215 53 222 53 211 54 221 54 226 54 213 55 227 55 231 55 212 56 230 56 234 56 212 57 234 57 238 57 212 58 238 58 241 58 212 59 241 59 243 59 212 60 243 60 245 60 212 61 245 61 249 61 212 62 249 62 197 62 212 63 197 63 22 63 212 64 22 64 30 64 255 65 222 65 215 65 255 66 215 66 256 66 255 67 256 67 260 67 255 68 260 68 264 68 255 69 264 69 268 69 255 70 268 70 273 70 31 71 167 71 278 71 30 72 277 72 282 72 30 73 282 73 286 73 30 74 286 74 289 74 30 75 289 75 291 75 30 76 291 76 293 76 30 77 293 77 296 77 30 78 296 78 299 78 30 79 299 79 302 79 30 80 302 80 306 80 30 81 306 81 309 81 30 82 309 82 312 82 30 83 312 83 317 83 30 84 317 84 10 84 179 85 173 85 320 85 179 86 320 86 324 86 179 87 324 87 327 87 179 88 327 88 331 88 179 89 331 89 334 89 179 90 334 90 337 90 179 91 337 91 341 91 180 92 342 92 347 92 273 93 179 93 346 93 273 94 346 94 350 94 273 95 350 95 353 95 273 96 353 96 357 96 273 97 357 97 360 97 273 98 360 98 364 98 273 99 364 99 255 99 143 100 139 100 365 100 143 101 365 101 369 101 143 102 369 102 373 102 143 103 373 103 376 103 143 104 376 104 379 104 143 105 379 105 383 105 143 106 383 106 386 106 143 107 386 107 390 107 143 53 390 53 391 53 41 108 35 108 394 108 41 109 394 109 398 109 41 110 398 110 402 110 41 111 402 111 391 111 41 112 391 112 390 112 9 113 316 113 405 113 10 114 406 114 409 114 10 115 409 115 413 115 10 116 413 116 416 116 10 117 416 117 419 117 10 118 419 118 422 118 10 119 422 119 426 119 10 120 426 120 431 120 10 121 431 121 434 121 10 122 434 122 437 122 10 123 437 123 441 123 11 124 442 124 172 124 444 125 449 125 452 125 452 126 449 126 455 126 452 127 455 127 459 127 459 128 455 128 462 128 459 129 462 129 466 129 466 130 462 130 470 130 466 131 470 131 473 131 473 132 470 132 477 132 473 133 477 133 481 133 481 134 477 134 485 134 481 135 485 135 490 135 489 136 484 136 156 136 491 137 158 137 153 137 449 138 444 138 493 138 493 139 444 139 495 139 493 140 495 140 498 140 498 141 495 141 501 141 498 142 501 142 504 142 504 143 501 143 507 143 504 144 507 144 510 144 510 145 507 145 513 145 510 146 513 146 517 146 517 147 513 147 520 147 517 148 520 148 523 148 523 149 520 149 528 149 523 150 528 150 532 150 531 151 527 151 315 151 532 152 317 152 312 152 536 153 538 153 189 153 189 154 538 154 191 154 541 155 177 155 544 155 544 156 177 156 272 156 549 157 552 157 555 157 549 158 555 158 558 158 549 159 558 159 562 159 549 160 562 160 565 160 549 161 565 161 540 161 549 162 540 162 537 162 549 163 537 163 569 163 549 164 569 164 572 164 549 165 572 165 543 165 549 166 543 166 545 166 549 167 545 167 574 167 549 168 574 168 578 168 549 169 578 169 581 169 549 170 581 170 584 170 549 171 584 171 588 171 549 172 588 172 591 172 549 173 591 173 595 173 549 174 595 174 599 174 549 175 599 175 603 175 549 176 603 176 606 176 608 177 612 177 615 177 608 178 615 178 619 178 608 179 619 179 622 179 608 180 622 180 625 180 608 181 625 181 628 181 608 182 628 182 631 182 608 183 631 183 634 183 608 184 634 184 638 184 608 185 638 185 641 185 608 186 641 186 644 186 608 187 644 187 648 187 608 188 648 188 652 188 609 189 653 189 657 189 606 190 608 190 656 190 606 191 656 191 660 191 606 192 660 192 664 192 606 193 664 193 667 193 606 194 667 194 670 194 606 195 670 195 673 195 606 196 673 196 676 196 606 197 676 197 679 197 606 198 679 198 683 198 606 199 683 199 549 199 613 200 687 200 691 200 612 201 690 201 693 201 612 202 693 202 695 202 612 203 695 203 698 203 612 204 698 204 701 204 612 205 701 205 705 205 612 206 705 206 708 206 612 207 708 207 711 207 612 208 711 208 714 208 612 209 714 209 717 209 612 210 717 210 720 210 612 211 720 211 615 211 555 212 552 212 726 212 555 213 726 213 729 213 555 214 729 214 732 214 555 215 732 215 736 215 555 216 736 216 740 216 555 217 740 217 743 217 555 218 743 218 746 218 555 219 746 219 686 219 555 220 686 220 612 220 535 221 187 221 567 221 568 222 188 222 185 222 566 223 184 223 571 223 571 224 184 224 182 224 570 225 181 225 542 225 542 226 181 226 178 226 589 227 587 227 102 227 102 228 587 228 108 228 576 229 573 229 64 229 64 230 573 230 32 230 577 231 65 231 579 231 579 232 65 232 114 232 580 233 115 233 582 233 582 234 115 234 110 234 583 235 111 235 585 235 586 236 112 236 107 236 602 237 118 237 605 237 605 238 118 238 4 238 590 239 104 239 593 239 592 240 103 240 97 240 594 241 99 241 597 241 596 242 98 242 120 242 598 243 122 243 601 243 600 244 121 244 117 244 554 238 21 238 557 238 557 237 21 237 18 237 556 245 16 245 560 245 561 246 17 246 13 246 559 247 12 247 564 247 564 248 12 248 195 248 563 249 194 249 539 249 539 250 194 250 192 250 749 251 752 251 755 251 759 252 763 252 766 252 759 253 769 253 763 253 772 254 775 254 778 254 781 255 772 255 778 255 784 256 788 256 791 256 795 257 800 257 804 257 807 258 810 258 813 258 816 259 819 259 822 259 826 260 781 260 778 260 826 261 778 261 829 261 826 262 829 262 832 262 826 263 832 263 835 263 826 264 835 264 838 264 826 265 838 265 841 265 826 266 841 266 791 266 826 267 791 267 788 267 845 268 850 268 799 268 845 269 799 269 794 269 845 270 794 270 854 270 845 271 854 271 857 271 845 272 857 272 860 272 845 273 860 273 863 273 845 274 863 274 867 274 845 275 867 275 871 275 845 276 871 276 875 276 845 277 875 277 879 277 845 278 879 278 882 278 846 279 883 279 887 279 844 280 886 280 890 280 845 281 891 281 894 281 879 282 875 282 898 282 879 283 898 283 902 283 878 284 901 284 905 284 909 285 879 285 906 285 909 286 906 286 912 286 909 287 912 287 916 287 909 288 916 288 752 288 752 289 749 289 919 289 752 290 919 290 922 290 752 291 922 291 925 291 752 292 925 292 928 292 752 293 928 293 909 293 931 294 934 294 937 294 931 295 937 295 940 295 931 296 940 296 943 296 931 297 943 297 947 297 931 298 947 298 952 298 931 299 952 299 955 299 931 300 955 300 958 300 931 301 958 301 961 301 931 302 961 302 965 302 931 303 965 303 969 303 931 304 969 304 972 304 931 305 972 305 975 305 931 306 975 306 978 306 931 307 978 307 981 307 931 308 981 308 986 308 931 309 986 309 989 309 931 310 989 310 992 310 931 311 992 311 995 311 931 312 995 312 1000 312 1001 313 996 313 1005 313 1000 314 1004 314 1008 314 1000 315 1008 315 1011 315 1000 316 1011 316 1014 316 1000 317 1014 317 1017 317 1000 318 1017 318 1020 318 1000 319 1020 319 1023 319 1000 320 1023 320 1027 320 1000 321 1027 321 1031 321 1000 322 1031 322 1035 322 1000 323 1035 323 1040 323 986 324 981 324 1043 324 986 325 1043 325 1046 325 986 326 1046 326 1049 326 986 327 1049 327 1052 327 986 328 1052 328 1055 328 986 329 1055 329 1058 329 986 330 1058 330 1061 330 986 331 1061 331 1064 331 986 332 1064 332 1068 332 986 333 1068 333 763 333 986 334 763 334 769 334 986 335 769 335 1071 335 986 336 1071 336 1074 336 986 337 1074 337 1077 337 986 338 1077 338 1080 338 1084 339 807 339 813 339 1084 340 813 340 1088 340 1085 341 1089 341 1094 341 1083 342 1093 342 985 342 1084 343 986 343 1080 343 849 344 1039 344 1098 344 850 345 1099 345 1103 345 850 346 1103 346 1106 346 951 347 1109 347 1113 347 952 348 1114 348 1118 348 952 349 1118 349 1121 349 952 350 1121 350 1124 350 952 351 1124 351 1127 351 952 352 1127 352 766 352 952 353 766 353 763 353 952 354 763 354 1130 354 952 355 1130 355 1133 355 952 356 1133 356 1136 356 952 357 1136 357 1139 357 952 358 1139 358 1142 358 952 359 1142 359 1145 359 952 360 1145 360 1148 360 952 361 1148 361 1151 361 952 362 1151 362 1154 362 952 363 1154 363 955 363 937 364 1159 364 1163 364 937 365 1163 365 1167 365 937 366 1167 366 1170 366 937 367 1170 367 1173 367 937 368 1173 368 1176 368 937 369 1176 369 1179 369 937 370 1179 370 1182 370 937 371 1182 371 1185 371 937 372 1185 372 1188 372 937 373 1188 373 1191 373 937 374 1191 374 940 374 937 375 1194 375 1159 375 1159 376 1194 376 1198 376 1159 377 1198 377 1202 377 1202 378 1198 378 749 378 1202 379 749 379 755 379 775 380 772 380 1205 380 1205 381 772 381 1210 381 1206 382 1211 382 1215 382 1216 383 1212 383 756 383 755 384 1210 384 1219 384 755 385 1219 385 1202 385 784 386 791 386 1222 386 1222 387 791 387 1225 387 1222 388 1225 388 799 388 799 389 1225 389 1228 389 799 390 1228 390 803 390 850 391 845 391 1040 391 1040 392 845 392 1232 392 1040 393 1232 393 1000 393 999 394 1231 394 1236 394 810 395 807 395 1239 395 1239 396 807 396 1242 396 1239 397 1242 397 1245 397 1245 398 1242 398 1248 398 1248 399 1242 399 1251 399 1248 400 1251 400 1254 400 1254 401 1251 401 1257 401 1254 402 1257 402 1260 402 1260 403 1257 403 1263 403 1260 404 1263 404 1266 404 1266 405 1263 405 1269 405 1269 406 1263 406 1106 406 1269 407 1106 407 1103 407 1272 408 1275 408 1278 408 1278 409 1275 409 1114 409 1279 410 1115 410 1110 410 816 411 822 411 1282 411 1282 412 822 412 1275 412 1282 413 1275 413 1272 413 822 414 819 414 1285 414 1285 415 819 415 1288 415 1285 416 1288 416 1291 416 1291 417 1288 417 1294 417 1291 418 1294 418 1297 418 1297 419 1294 419 1300 419 1297 420 1300 420 1303 420 1297 421 1303 421 1306 421 1306 422 1303 422 1310 422 1306 423 1310 423 1314 423 1306 424 1314 424 1202 424 1202 425 1314 425 1319 425 1201 426 1318 426 1158 426 1322 427 1324 427 1330 427 1334 428 1335 428 1341 428 1335 429 1345 429 1341 429 1348 430 1351 430 1352 430 1348 431 1352 431 1355 431 1361 432 1362 432 1365 432 1371 433 1373 433 1378 433 1383 434 1386 434 1389 434 1392 435 1395 435 1398 435 1399 436 1362 436 1361 436 1399 437 1361 437 1405 437 1399 438 1405 438 1408 438 1399 439 1408 439 1411 439 1399 440 1411 440 1414 440 1399 441 1414 441 1417 441 1399 442 1417 442 1348 442 1399 443 1348 443 1355 443 1422 444 1427 444 1430 444 1424 445 1431 445 1435 445 1420 446 1434 446 1438 446 1423 447 1439 447 1444 447 1421 448 1443 448 1445 448 1421 449 1445 449 1449 449 1421 450 1449 450 1453 450 1421 451 1453 451 1456 451 1421 452 1456 452 1459 452 1421 453 1459 453 1462 453 1421 454 1462 454 1466 454 1421 455 1466 455 1377 455 1421 456 1377 456 1372 456 1421 457 1372 457 1469 457 1442 458 1472 458 1476 458 1443 459 1477 459 1481 459 1443 460 1481 460 1445 460 1487 461 1324 461 1488 461 1487 462 1488 462 1491 462 1487 463 1491 463 1473 463 1487 464 1473 464 1443 464 1324 465 1487 465 1496 465 1324 466 1496 466 1499 466 1324 467 1499 467 1502 467 1324 468 1502 468 1505 468 1324 469 1505 469 1330 469 1509 470 1512 470 1517 470 1509 471 1517 471 1521 471 1509 472 1521 472 1525 472 1509 473 1525 473 1530 473 1509 474 1530 474 1534 474 1509 475 1534 475 1537 475 1509 476 1537 476 1540 476 1509 477 1540 477 1544 477 1509 478 1544 478 1548 478 1509 479 1548 479 1551 479 1509 480 1551 480 1554 480 1509 481 1554 481 1558 481 1508 482 1557 482 1561 482 1509 483 1562 483 1567 483 1509 484 1567 484 1571 484 1509 485 1571 485 1574 485 1509 486 1574 486 1577 486 1509 487 1577 487 1581 487 1509 488 1581 488 1585 488 1512 489 1586 489 1590 489 1512 490 1590 490 1594 490 1512 491 1594 491 1598 491 1512 492 1598 492 1601 492 1512 493 1601 493 1604 493 1512 494 1604 494 1607 494 1512 495 1607 495 1611 495 1512 496 1611 496 1615 496 1512 497 1615 497 1618 497 1512 498 1618 498 1621 498 1514 499 1622 499 1518 499 1530 500 1625 500 1628 500 1530 501 1628 501 1631 501 1530 502 1631 502 1635 502 1529 503 1634 503 1344 503 1530 504 1345 504 1335 504 1530 505 1335 505 1636 505 1530 506 1636 506 1639 506 1530 507 1639 507 1642 507 1530 508 1642 508 1645 508 1530 509 1645 509 1648 509 1530 510 1648 510 1651 510 1530 511 1651 511 1655 511 1530 512 1655 512 1659 512 1530 513 1659 513 1662 513 1530 514 1662 514 1534 514 1666 515 1625 515 1530 515 1668 516 1531 516 1672 516 1667 517 1671 517 1676 517 1665 518 1675 518 1382 518 1666 519 1383 519 1389 519 1469 520 1677 520 1680 520 1469 521 1680 521 1684 521 1469 522 1684 522 1586 522 1567 523 1562 523 1690 523 1567 524 1690 524 1693 524 1567 525 1693 525 1695 525 1567 526 1695 526 1697 526 1567 527 1697 527 1700 527 1567 528 1700 528 1703 528 1567 529 1703 529 1706 529 1567 530 1706 530 1709 530 1567 531 1709 531 1712 531 1567 532 1712 532 1335 532 1567 533 1335 533 1334 533 1566 534 1333 534 1718 534 1567 535 1719 535 1722 535 1567 536 1722 536 1725 536 1567 537 1725 537 1728 537 1567 538 1728 538 1731 538 1568 539 1733 539 1738 539 1582 540 1578 540 1742 540 1581 541 1741 541 1745 541 1581 542 1745 542 1748 542 1581 543 1748 543 1750 543 1581 544 1750 544 1752 544 1581 545 1752 545 1755 545 1581 546 1755 546 1758 546 1581 547 1758 547 1761 547 1581 548 1761 548 1765 548 1581 549 1765 549 1769 549 1581 550 1769 550 1773 550 1322 551 1330 551 1778 551 1778 552 1330 552 1783 552 1778 553 1783 553 1773 553 1773 554 1783 554 1787 554 1773 555 1787 555 1581 555 1791 556 1793 556 1798 556 1798 557 1793 557 1352 557 1798 558 1352 558 1351 558 1778 559 1799 559 1322 559 1322 560 1799 560 1793 560 1321 561 1792 561 1790 561 1370 562 1805 562 1372 562 1372 563 1805 563 1808 563 1372 564 1808 564 1809 564 1809 565 1808 565 1361 565 1809 566 1361 566 1365 566 1469 567 1586 567 1421 567 1421 568 1586 568 1816 568 1586 569 1512 569 1816 569 1817 570 1513 570 1820 570 1823 571 1826 571 1829 571 1829 572 1826 572 1389 572 1829 573 1389 573 1386 573 1830 574 1833 574 1836 574 1836 575 1833 575 1839 575 1836 576 1839 576 1842 576 1842 577 1839 577 1846 577 1842 578 1846 578 1849 578 1849 579 1846 579 1826 579 1849 580 1826 580 1823 580 1680 581 1677 581 1851 581 1851 582 1677 582 1833 582 1851 583 1833 583 1830 583 1737 584 1732 584 1858 584 1857 585 1731 585 1861 585 1857 586 1861 586 1864 586 1864 587 1861 587 1867 587 1867 588 1861 588 1392 588 1867 589 1392 589 1398 589 1868 590 1871 590 1874 590 1874 591 1871 591 1877 591 1874 592 1877 592 1880 592 1880 593 1877 593 1884 593 1880 594 1884 594 1887 594 1887 595 1884 595 1395 595 1887 596 1395 596 1392 596 1890 597 1894 597 1897 597 1897 598 1894 598 1868 598 1897 599 1868 599 1874 599 1773 600 1901 600 1778 600 1777 601 1900 601 1889 601 1778 602 1890 602 1897 602 966 603 1542 603 971 603 970 604 1541 604 1539 604 970 605 1539 605 974 605 973 606 1538 606 1536 606 973 607 1536 607 977 607 976 608 1535 608 1533 608 976 609 1533 609 980 609 979 610 1532 610 1661 610 979 611 1661 611 1042 611 1041 612 1660 612 1658 612 1041 613 1658 613 1045 613 1044 614 1657 614 1654 614 1044 615 1654 615 1047 615 1543 616 967 616 1546 616 1547 617 968 617 964 617 1545 618 963 618 1550 618 1549 619 962 619 960 619 1549 620 960 620 1553 620 1552 621 959 621 957 621 1552 622 957 622 1556 622 1555 623 956 623 954 623 1555 624 954 624 1560 624 1559 625 953 625 1153 625 1559 626 1153 626 1689 626 1688 627 1152 627 1150 627 1688 628 1150 628 1692 628 1691 629 1149 629 1146 629 1691 630 1146 630 1694 630 760 631 1714 631 1129 631 1128 632 1713 632 1711 632 1128 633 1711 633 1132 633 1131 634 1710 634 1708 634 1131 635 1708 635 1135 635 1134 636 1707 636 1705 636 1134 637 1705 637 1138 637 1137 638 1704 638 1702 638 1137 639 1702 639 1141 639 1140 640 1701 640 1699 640 1140 641 1699 641 1144 641 1143 642 1698 642 1696 642 1143 643 1696 643 1147 643 1715 644 762 644 1338 644 1337 645 761 645 1067 645 1336 646 1066 646 1638 646 1637 647 1065 647 1063 647 1637 648 1063 648 1641 648 1640 649 1062 649 1060 649 1640 650 1060 650 1644 650 1643 651 1059 651 1057 651 1643 652 1057 652 1647 652 1646 653 1056 653 1054 653 1646 654 1054 654 1650 654 1649 655 1053 655 1051 655 1649 656 1051 656 1653 656 1652 657 1050 657 1048 657 1652 658 1048 658 1656 658 1246 659 1821 659 1243 659 1244 660 1822 660 1827 660 1244 661 1827 661 1237 661 1238 662 1828 662 1384 662 1238 663 1384 663 808 663 809 664 1385 664 1380 664 809 665 1380 665 811 665 812 666 1381 666 1673 666 812 667 1673 667 1086 667 1087 668 1674 668 1669 668 1087 669 1669 669 1090 669 1091 670 1670 670 1526 670 1092 671 1528 671 984 671 1821 672 1246 672 1848 672 1850 673 1247 673 1252 673 1850 674 1252 674 1843 674 1844 675 1253 675 1258 675 1844 676 1258 676 1837 676 1838 677 1259 677 1264 677 1838 678 1264 678 1831 678 1832 679 1265 679 1267 679 1832 680 1267 680 1852 680 1853 681 1268 681 1100 681 1854 682 1101 682 1681 682 1683 683 1102 683 1096 683 1682 684 1095 684 1685 684 1686 685 1097 685 1036 685 1687 686 1038 686 1589 686 1013 687 1608 687 1015 687 1016 688 1609 688 1605 688 1016 689 1605 689 1018 689 1019 690 1606 690 1602 690 1019 691 1602 691 1021 691 1022 692 1603 692 1599 692 1022 693 1599 693 1024 693 1026 694 1600 694 1596 694 1025 695 1595 695 1028 695 1029 696 1597 696 1591 696 1030 697 1592 697 1032 697 1033 698 1593 698 1587 698 1034 699 1588 699 1037 699 1608 700 1013 700 1612 700 1610 701 1012 701 1009 701 1610 702 1009 702 1613 702 1614 703 1010 703 1006 703 1614 704 1006 704 1616 704 1617 705 1007 705 1002 705 1617 706 1002 706 1619 706 1620 707 1003 707 993 707 1620 708 993 708 1515 708 1516 709 994 709 990 709 1516 710 990 710 1519 710 1520 711 991 711 987 711 1520 712 987 712 1522 712 1523 713 988 713 982 713 1524 714 983 714 1527 714 833 715 1407 715 837 715 836 716 1406 716 1404 716 836 717 1404 717 840 717 839 718 1403 718 1360 718 839 719 1360 719 790 719 789 720 1359 720 1807 720 789 721 1807 721 1224 721 1223 722 1806 722 1804 722 1223 723 1804 723 1227 723 1226 724 1803 724 1369 724 1226 725 1369 725 802 725 801 726 1368 726 1376 726 801 727 1376 727 792 727 1407 728 833 728 1409 728 1410 729 834 729 831 729 1410 730 831 730 1413 730 1412 731 830 731 828 731 1412 732 828 732 1416 732 1415 733 827 733 777 733 1415 734 777 734 1347 734 1346 735 776 735 774 735 1346 736 774 736 1350 736 1349 737 773 737 1204 737 1349 738 1204 738 1797 738 1796 739 1203 739 1214 739 1796 740 1214 740 1789 740 1788 741 1213 741 753 741 1788 742 753 742 1320 742 872 743 1483 743 897 743 895 744 1482 744 1479 744 896 745 1480 745 900 745 899 746 1478 746 1475 746 899 747 1475 747 904 747 903 748 1474 748 1493 748 903 749 1493 749 911 749 910 750 1492 750 1490 750 910 751 1490 751 915 751 914 752 1489 752 1327 752 913 753 1326 753 751 753 750 754 1325 754 1323 754 750 755 1323 755 754 755 1484 756 874 756 1448 756 1447 757 873 757 870 757 1446 758 869 758 1452 758 1451 759 868 759 866 759 1450 760 865 760 1455 760 1454 761 864 761 862 761 1454 762 862 762 1458 762 1457 763 861 763 859 763 1457 764 859 764 1461 764 1460 765 858 765 856 765 1460 766 856 766 1465 766 1463 767 855 767 852 767 1464 768 853 768 1468 768 1467 769 851 769 793 769 1467 770 793 770 1379 770 1180 771 1746 771 1183 771 1184 772 1747 772 1743 772 1184 773 1743 773 1186 773 1187 774 1744 774 1739 774 1187 775 1739 775 1189 775 1190 776 1740 776 1575 776 1190 777 1575 777 938 777 939 778 1576 778 1572 778 939 779 1572 779 941 779 942 780 1573 780 1569 780 942 781 1569 781 944 781 945 782 1570 782 1563 782 946 783 1565 783 950 783 1746 784 1180 784 1749 784 1751 785 1181 785 1177 785 1751 786 1177 786 1753 786 1754 787 1178 787 1174 787 1754 788 1174 788 1756 788 1757 789 1175 789 1171 789 1757 790 1171 790 1759 790 1760 791 1172 791 1168 791 1760 792 1168 792 1762 792 1763 793 1169 793 1164 793 1764 794 1165 794 1766 794 1768 795 1166 795 1161 795 1767 796 1160 796 1770 796 1771 797 1162 797 1155 797 1772 798 1157 798 1776 798 1287 799 1878 799 1292 799 1293 800 1879 800 1872 800 1293 801 1872 801 1298 801 1299 802 1873 802 1869 802 1299 803 1869 803 1301 803 1302 804 1870 804 1895 804 1302 805 1895 805 1307 805 1309 806 1896 806 1892 806 1308 807 1891 807 1311 807 1312 696 1893 696 1902 696 1313 697 1903 697 1315 697 1316 808 1904 808 1774 808 1317 809 1775 809 1156 809 1878 810 1287 810 1885 810 1883 811 1286 811 817 811 1883 812 817 812 1393 812 1394 813 818 813 814 813 1394 814 814 814 1396 814 1397 815 815 815 1280 815 1397 816 1280 816 1865 816 1866 817 1281 817 1270 817 1866 818 1270 818 1862 818 1863 819 1271 819 1276 819 1863 820 1276 820 1855 820 1856 821 1277 821 1107 821 1856 822 1107 822 1734 822 1735 823 1108 823 948 823 1736 714 949 714 1564 714 1908 824 1912 824 1916 824 1907 825 1915 825 1920 825 1907 826 1920 826 1923 826 1907 827 1923 827 1926 827 1907 828 1926 828 1929 828 1907 829 1929 829 1932 829 1907 830 1932 830 1935 830 1907 831 1935 831 1938 831 1907 832 1938 832 1941 832 1907 833 1941 833 1944 833 1907 834 1944 834 1948 834 1907 835 1948 835 1951 835 1907 836 1951 836 1955 836 1907 837 1955 837 1958 837 1907 838 1958 838 1961 838 1907 839 1961 839 1964 839 1907 840 1964 840 1967 840 1971 841 1975 841 1978 841 1971 842 1978 842 1982 842 1971 843 1982 843 1986 843 1971 844 1986 844 1989 844 1971 845 1989 845 1992 845 1971 846 1992 846 1995 846 1971 847 1995 847 1998 847 1971 848 1998 848 2001 848 1971 849 2001 849 2005 849 1971 850 2005 850 2008 850 1971 851 2008 851 2012 851 1971 852 2012 852 2015 852 1971 853 2015 853 1911 853 1971 854 1911 854 1907 854 1975 855 1971 855 2018 855 1975 856 2018 856 2021 856 1975 857 2021 857 2024 857 1975 858 2024 858 2028 858 1975 859 2028 859 2032 859 1975 860 2032 860 2035 860 1975 861 2035 861 2039 861 1975 862 2039 862 2043 862 1975 863 2043 863 2047 863 1975 864 2047 864 2051 864 1975 865 2051 865 2054 865 1967 866 1964 866 2057 866 1967 867 2057 867 2061 867 1967 868 2061 868 2064 868 1967 869 2064 869 2068 869 1967 870 2068 870 2071 870 1967 871 2071 871 2074 871 1967 872 2074 872 2078 872 1967 873 2078 873 2081 873 1967 874 2081 874 2084 874 1967 875 2084 875 2087 875 1967 876 2087 876 2090 876 1967 877 2090 877 2093 877 1967 878 2093 878 2097 878 1967 879 2097 879 2100 879 1967 880 2100 880 2103 880 1968 881 2104 881 2108 881 2054 882 1967 882 2107 882 2054 883 2107 883 2112 883 2054 884 2112 884 2115 884 2054 885 2115 885 2119 885 2054 886 2119 886 2122 886 2054 887 2122 887 2125 887 2054 888 2125 888 2128 888 2054 889 2128 889 2131 889 2054 890 2131 890 2134 890 2054 891 2134 891 2137 891 2054 892 2137 892 2141 892 2054 893 2141 893 2145 893 2054 894 2145 894 2149 894 2054 895 2149 895 1975 895 37 896 34 896 2031 896 2031 897 34 897 575 897 2031 898 575 898 2034 898 2034 899 575 899 546 899 2034 900 546 900 271 900 271 901 546 901 274 901 392 902 2016 902 144 902 144 903 2016 903 1970 903 36 904 2029 904 396 904 397 905 2030 905 2027 905 395 906 2026 906 401 906 400 907 2025 907 2023 907 399 908 2022 908 404 908 404 909 2022 909 2020 909 403 910 2019 910 393 910 393 911 2019 911 2017 911 2048 912 216 912 2053 912 2053 913 216 913 214 913 2033 914 270 914 2038 914 2037 915 269 915 267 915 2036 916 266 916 2042 916 2041 917 265 917 263 917 2040 918 262 918 2046 918 2045 919 261 919 259 919 2044 920 257 920 2049 920 2050 921 258 921 217 921 2150 922 450 922 2153 922 2155 923 451 923 457 923 2154 924 456 924 2157 924 2158 925 458 925 463 925 2159 926 464 926 2161 926 2162 927 465 927 471 927 2162 928 471 928 2164 928 2165 929 472 929 478 929 2166 930 479 930 2168 930 2170 931 480 931 487 931 2169 932 486 932 2172 932 2173 933 488 933 150 933 2173 934 150 934 2176 934 450 935 2150 935 443 935 445 936 2152 936 2179 936 445 937 2179 937 496 937 497 938 2180 938 2182 938 497 939 2182 939 502 939 503 940 2183 940 2185 940 503 941 2185 941 508 941 509 942 2186 942 2188 942 509 943 2188 943 514 943 516 944 2189 944 2192 944 515 945 2191 945 521 945 522 946 2193 946 2195 946 522 947 2195 947 529 947 530 948 2196 948 2199 948 530 949 2199 949 319 949 2202 950 423 950 2204 950 2205 951 424 951 420 951 2205 952 420 952 2207 952 2208 953 421 953 417 953 2208 954 417 954 2210 954 2211 955 418 955 414 955 2211 956 414 956 2213 956 2214 957 415 957 410 957 2215 958 411 958 2217 958 2218 959 412 959 407 959 2218 960 407 960 2220 960 2221 961 408 961 318 961 2221 962 318 962 2198 962 423 963 2202 963 427 963 425 964 2200 964 2222 964 425 965 2222 965 428 965 429 966 2223 966 2225 966 430 967 2226 967 432 967 433 968 2227 968 2229 968 433 969 2229 969 435 969 436 970 2230 970 2232 970 436 971 2232 971 438 971 440 972 2233 972 2236 972 439 973 2235 973 168 973 169 974 2237 974 2239 974 170 975 2240 975 145 975 146 976 2241 976 2175 976 146 977 2175 977 149 977 2243 978 287 978 2246 978 2248 979 288 979 284 979 2247 980 283 980 2250 980 2251 981 285 981 279 981 2252 982 280 982 2254 982 2255 983 281 983 275 983 2255 984 275 984 2257 984 2258 985 276 985 163 985 2259 986 164 986 2261 986 2263 987 165 987 160 987 2262 988 159 988 2265 988 2266 989 161 989 155 989 2266 990 155 990 2269 990 287 991 2243 991 290 991 292 992 2245 992 2272 992 292 993 2272 993 294 993 295 994 2273 994 2275 994 295 995 2275 995 297 995 298 996 2276 996 2278 996 298 997 2278 997 300 997 301 998 2279 998 2281 998 301 943 2281 943 303 943 305 999 2282 999 2285 999 304 1000 2284 1000 307 1000 308 1001 2286 1001 2288 1001 308 947 2288 947 310 947 311 1002 2289 1002 2292 1002 311 1003 2292 1003 314 1003 2295 1004 499 1004 2297 1004 2298 1005 500 1005 505 1005 2298 1006 505 1006 2300 1006 2301 1007 506 1007 511 1007 2301 1008 511 1008 2303 1008 2304 1009 512 1009 518 1009 2304 1010 518 1010 2306 1010 2307 1011 519 1011 524 1011 2308 1012 525 1012 2310 1012 2311 1013 526 1013 533 1013 2311 960 533 960 2313 960 2314 1014 534 1014 313 1014 2314 1015 313 1015 2291 1015 499 1016 2295 1016 494 1016 492 1017 2293 1017 2315 1017 492 1018 2315 1018 446 1018 447 1019 2316 1019 2318 1019 448 1020 2319 1020 453 1020 454 1021 2320 1021 2322 1021 454 1022 2322 1022 460 1022 461 1023 2323 1023 2325 1023 461 1024 2325 1024 467 1024 469 1025 2326 1025 2329 1025 468 1026 2328 1026 474 1026 475 1027 2330 1027 2332 1027 476 975 2333 975 482 975 483 1028 2334 1028 2268 1028 483 1029 2268 1029 154 1029 2338 1030 366 1030 2341 1030 2342 1031 367 1031 140 1031 2342 1032 140 1032 2344 1032 2345 1033 141 1033 137 1033 2345 1034 137 1034 2347 1034 2349 1035 138 1035 134 1035 2348 1036 133 1036 2351 1036 2352 1037 135 1037 130 1037 2352 1038 130 1038 2354 1038 2355 1039 131 1039 126 1039 2356 1040 127 1040 2358 1040 2359 1041 128 1041 95 1041 2360 1042 96 1042 2363 1042 366 1043 2338 1043 370 1043 368 1044 2336 1044 2364 1044 368 1045 2364 1045 371 1045 372 1046 2365 1046 2368 1046 372 1047 2368 1047 374 1047 375 1048 2369 1048 2371 1048 375 1049 2371 1049 377 1049 378 1050 2372 1050 2374 1050 378 1051 2374 1051 380 1051 381 1052 2375 1052 2377 1052 382 1053 2378 1053 384 1053 385 1054 2379 1054 2381 1054 385 975 2381 975 387 975 388 1055 2382 1055 2384 1055 389 1056 2385 1056 39 1056 2388 1057 60 1057 2391 1057 2393 1058 61 1058 57 1058 2392 1059 56 1059 2396 1059 2397 1060 58 1060 53 1060 2397 1061 53 1061 2399 1061 2400 1062 54 1062 50 1062 2400 1063 50 1063 2402 1063 2403 1064 51 1064 46 1064 2404 1065 47 1065 2406 1065 2408 1066 48 1066 43 1066 2407 1067 42 1067 2410 1067 2411 1068 44 1068 38 1068 2412 1069 40 1069 2386 1069 60 1070 2388 1070 69 1070 72 1071 2390 1071 2416 1071 72 1072 2416 1072 74 1072 75 1073 2417 1073 2419 1073 76 1074 2420 1074 78 1074 79 1075 2421 1075 2423 1075 79 1076 2423 1076 81 1076 82 1077 2424 1077 2426 1077 82 1078 2426 1078 84 1078 85 1079 2427 1079 2429 1079 85 1080 2429 1080 87 1080 89 1081 2430 1081 2433 1081 88 1082 2432 1082 91 1082 92 1083 2434 1083 2362 1083 92 1084 2362 1084 94 1084 2437 1085 338 1085 2440 1085 2441 1086 339 1086 335 1086 2441 1087 335 1087 2443 1087 2444 1088 336 1088 332 1088 2444 1089 332 1089 2446 1089 2448 1090 333 1090 329 1090 2447 1091 328 1091 2450 1091 2451 1092 330 1092 325 1092 2451 1093 325 1093 2453 1093 2454 1094 326 1094 321 1094 2455 1040 322 1040 2457 1040 2458 1095 323 1095 175 1095 2459 1096 176 1096 2462 1096 338 1097 2437 1097 343 1097 340 1098 2435 1098 2463 1098 340 1099 2463 1099 344 1099 345 1100 2464 1100 2467 1100 345 1101 2467 1101 348 1101 349 1102 2468 1102 2470 1102 349 1103 2470 1103 351 1103 352 1104 2471 1104 2473 1104 352 1105 2473 1105 354 1105 355 1106 2474 1106 2476 1106 356 1107 2477 1107 358 1107 359 1108 2478 1108 2480 1108 359 975 2480 975 361 975 362 1109 2481 1109 2483 1109 363 1110 2484 1110 253 1110 2487 1111 239 1111 2490 1111 2492 1112 240 1112 236 1112 2491 1113 235 1113 2495 1113 2496 1114 237 1114 232 1114 2496 1115 232 1115 2498 1115 2499 1116 233 1116 228 1116 2499 1117 228 1117 2501 1117 2502 1118 229 1118 223 1118 2503 1119 224 1119 2505 1119 2507 1120 225 1120 219 1120 2506 1067 218 1067 2509 1067 2510 1121 220 1121 252 1121 2511 1122 254 1122 2485 1122 239 1123 2487 1123 242 1123 244 1124 2489 1124 2515 1124 244 1125 2515 1125 246 1125 247 1126 2516 1126 2518 1126 248 1127 2519 1127 250 1127 251 1128 2520 1128 2522 1128 251 1129 2522 1129 198 1129 199 1130 2523 1130 2525 1130 199 1131 2525 1131 201 1131 202 1132 2526 1132 2528 1132 202 1133 2528 1133 204 1133 206 1134 2529 1134 2532 1134 205 1082 2531 1082 208 1082 209 1135 2533 1135 2461 1135 209 1136 2461 1136 174 1136 2156 1137 2178 1137 2151 1137 2178 1138 2156 1138 2181 1138 2181 1139 2156 1139 2160 1139 2181 1140 2160 1140 2184 1140 2184 1141 2160 1141 2163 1141 2184 1142 2163 1142 2187 1142 2187 1143 2163 1143 2167 1143 2187 1144 2167 1144 2190 1144 2190 1145 2167 1145 2171 1145 2190 1146 2171 1146 2194 1146 2194 1147 2171 1147 2174 1147 2194 1148 2174 1148 2197 1148 2197 1149 2174 1149 2177 1149 2197 1150 2177 1150 2219 1150 2219 1151 2177 1151 2242 1151 2219 1152 2242 1152 2216 1152 2216 1153 2242 1153 2238 1153 2216 1154 2238 1154 2212 1154 2212 1155 2238 1155 2234 1155 2212 1156 2234 1156 2209 1156 2209 1157 2234 1157 2231 1157 2209 1158 2231 1158 2206 1158 2206 1159 2231 1159 2228 1159 2206 1160 2228 1160 2203 1160 2203 1161 2228 1161 2224 1161 2203 1162 2224 1162 2201 1162 2249 1163 2271 1163 2244 1163 2271 1138 2249 1138 2274 1138 2274 1164 2249 1164 2253 1164 2274 1165 2253 1165 2277 1165 2277 1166 2253 1166 2256 1166 2277 1142 2256 1142 2280 1142 2280 1143 2256 1143 2260 1143 2280 1144 2260 1144 2283 1144 2283 1167 2260 1167 2264 1167 2283 1168 2264 1168 2287 1168 2287 1169 2264 1169 2267 1169 2287 1170 2267 1170 2290 1170 2290 1171 2267 1171 2270 1171 2290 1172 2270 1172 2312 1172 2312 1173 2270 1173 2335 1173 2312 1174 2335 1174 2309 1174 2309 1175 2335 1175 2331 1175 2309 1176 2331 1176 2305 1176 2305 1177 2331 1177 2327 1177 2305 1156 2327 1156 2302 1156 2302 1178 2327 1178 2324 1178 2302 1179 2324 1179 2299 1179 2299 1180 2324 1180 2321 1180 2299 1181 2321 1181 2296 1181 2296 1182 2321 1182 2317 1182 2296 1162 2317 1162 2294 1162 2395 1183 2415 1183 2389 1183 2414 1184 2394 1184 2418 1184 2418 1185 2394 1185 2398 1185 2418 1186 2398 1186 2422 1186 2422 1187 2398 1187 2401 1187 2422 1188 2401 1188 2425 1188 2425 1189 2401 1189 2405 1189 2425 1190 2405 1190 2428 1190 2428 1191 2405 1191 2409 1191 2428 1192 2409 1192 2431 1192 2431 1193 2409 1193 2413 1193 2431 1194 2413 1194 2361 1194 2361 1195 2413 1195 2387 1195 2361 1196 2387 1196 2357 1196 2357 1197 2387 1197 2383 1197 2357 1198 2383 1198 2353 1198 2353 1199 2383 1199 2380 1199 2353 1200 2380 1200 2350 1200 2350 1201 2380 1201 2376 1201 2350 1202 2376 1202 2346 1202 2346 1203 2376 1203 2373 1203 2346 1204 2373 1204 2343 1204 2343 1205 2373 1205 2370 1205 2343 1206 2370 1206 2339 1206 2339 1207 2370 1207 2366 1207 2340 1208 2367 1208 2337 1208 2494 1209 2514 1209 2488 1209 2513 1210 2493 1210 2517 1210 2517 1211 2493 1211 2497 1211 2517 1212 2497 1212 2521 1212 2521 1213 2497 1213 2500 1213 2521 1188 2500 1188 2524 1188 2524 1214 2500 1214 2504 1214 2524 1215 2504 1215 2527 1215 2527 1216 2504 1216 2508 1216 2527 1192 2508 1192 2530 1192 2530 1217 2508 1217 2512 1217 2530 1194 2512 1194 2460 1194 2460 1218 2512 1218 2486 1218 2460 1219 2486 1219 2456 1219 2456 1220 2486 1220 2482 1220 2456 1221 2482 1221 2452 1221 2452 1222 2482 1222 2479 1222 2452 1223 2479 1223 2449 1223 2449 1224 2479 1224 2475 1224 2449 1225 2475 1225 2445 1225 2445 1226 2475 1226 2472 1226 2445 1227 2472 1227 2442 1227 2442 1228 2472 1228 2469 1228 2442 1229 2469 1229 2438 1229 2438 1230 2469 1230 2465 1230 2439 1231 2466 1231 2436 1231 611 1232 24 1232 553 1232 553 1233 24 1233 20 1233 0 1234 607 1234 3 1234 3 1234 607 1234 604 1234 1583 1235 1579 1235 935 1235 1583 1234 935 1234 932 1234 1583 1234 932 1234 2534 1234 1583 1236 2534 1236 2537 1236 1583 1237 2537 1237 2540 1237 1583 1238 2540 1238 2543 1238 1583 1239 2543 1239 2546 1239 1583 1240 2546 1240 2549 1240 1583 1234 2549 1234 2552 1234 1583 1241 2552 1241 2555 1241 28 1242 2558 1242 2561 1242 28 1234 2561 1234 2564 1234 28 1243 2564 1243 2567 1243 28 1244 2567 1244 2570 1244 28 1245 2570 1245 2573 1245 28 1246 2573 1246 2576 1246 28 1247 2576 1247 2579 1247 28 1248 2579 1248 2582 1248 28 1249 2582 1249 1965 1249 28 1234 1965 1234 2052 1234 28 1250 2052 1250 210 1250 2561 1251 2558 1251 2585 1251 2561 1252 2585 1252 2588 1252 2561 1253 2588 1253 2591 1253 2561 1234 2591 1234 2594 1234 2561 1254 2594 1254 2597 1254 2561 1255 2597 1255 2555 1255 2561 1234 2555 1234 2552 1234 2600 1256 2604 1256 2607 1256 2600 1234 2607 1234 2610 1234 2600 1257 2610 1257 2613 1257 2600 1234 2613 1234 2616 1234 2600 1258 2616 1258 2619 1258 2600 1259 2619 1259 2622 1259 2600 1260 2622 1260 2625 1260 2600 1261 2625 1261 2628 1261 2600 1234 2628 1234 2632 1234 2600 1262 2632 1262 2636 1262 1965 1234 2582 1234 2640 1234 1965 1263 2640 1263 2643 1263 1965 1264 2643 1264 2647 1264 1965 1265 2647 1265 2650 1265 1965 1266 2650 1266 2653 1266 1965 1267 2653 1267 2656 1267 1965 1268 2656 1268 2659 1268 1965 1269 2659 1269 2662 1269 1965 1234 2662 1234 2665 1234 2662 1270 2607 1270 2604 1270 2662 1271 2604 1271 2668 1271 2662 1272 2668 1272 2671 1272 2662 1273 2671 1273 2674 1273 2662 1274 2674 1274 2677 1274 2662 1275 2677 1275 2680 1275 2662 1276 2680 1276 2665 1276 1506 1232 2683 1232 2686 1232 1506 1277 2686 1277 2689 1277 1506 1232 2689 1232 2692 1232 1506 1278 2692 1278 2695 1278 1506 1279 2695 1279 2698 1279 1506 1280 2698 1280 2701 1280 1506 1281 2701 1281 2704 1281 1506 1282 2704 1282 929 1282 1506 1283 929 1283 997 1283 1506 1284 997 1284 1510 1284 7 1285 142 1285 1969 1285 7 1232 1969 1232 1905 1232 7 1286 1905 1286 2707 1286 7 1287 2707 1287 2710 1287 7 1288 2710 1288 2713 1288 7 1289 2713 1289 2716 1289 7 1290 2716 1290 2719 1290 7 1291 2719 1291 2722 1291 7 1292 2722 1292 2725 1292 7 1293 2725 1293 2728 1293 7 1232 2728 1232 2731 1232 2728 1294 2686 1294 2683 1294 2728 1295 2683 1295 2734 1295 2728 1296 2734 1296 2737 1296 2728 1297 2737 1297 2740 1297 2728 1298 2740 1298 2743 1298 2728 1299 2743 1299 2746 1299 2728 1300 2746 1300 2731 1300 2749 1301 2753 1301 2756 1301 2749 1302 2756 1302 2760 1302 2749 1232 2760 1232 2765 1232 2749 1303 2765 1303 2768 1303 2749 1232 2768 1232 2771 1232 2749 1304 2771 1304 2774 1304 2749 1232 2774 1232 2777 1232 2749 1232 2777 1232 2780 1232 2749 1232 2780 1232 2783 1232 2749 1232 2783 1232 2786 1232 1905 1305 2789 1305 2792 1305 1905 1306 2792 1306 2795 1306 1905 1307 2795 1307 2798 1307 1905 1308 2798 1308 2801 1308 1905 1309 2801 1309 2804 1309 1905 1310 2804 1310 2807 1310 1905 1311 2807 1311 2811 1311 1905 1312 2811 1312 2814 1312 1905 1313 2814 1313 2707 1313 2792 1314 2789 1314 2817 1314 2792 1315 2817 1315 2820 1315 2792 1232 2820 1232 2823 1232 2792 1316 2823 1316 2826 1316 2792 1317 2826 1317 2829 1317 2792 1318 2829 1318 2786 1318 2792 1319 2786 1319 2783 1319 610 1320 2 1320 614 1320 614 1321 2 1321 27 1321 29 1322 8 1322 2559 1322 2559 1323 8 1323 2732 1323 2834 1324 2838 1324 2841 1324 2844 1325 2847 1325 2850 1325 2853 1326 2856 1326 2859 1326 2863 1327 2867 1327 2871 1327 2874 1328 2878 1328 2881 1328 2875 1329 2882 1329 2885 1329 2875 1330 2885 1330 2888 1330 2875 1331 2888 1331 2891 1331 2875 1332 2891 1332 2894 1332 2875 1333 2894 1333 2898 1333 2875 1334 2898 1334 2901 1334 2875 1335 2901 1335 2904 1335 2875 1336 2904 1336 2850 1336 2875 1337 2850 1337 2847 1337 2907 1338 2904 1338 2901 1338 2907 1339 2901 1339 2910 1339 2907 1340 2910 1340 2913 1340 2907 1341 2913 1341 2917 1341 2907 1342 2917 1342 2920 1342 2907 1343 2920 1343 2924 1343 2907 1344 2924 1344 2927 1344 2907 1345 2927 1345 2930 1345 2907 1346 2930 1346 2933 1346 2907 1347 2933 1347 2936 1347 2907 1348 2936 1348 2870 1348 2907 1349 2870 1349 2866 1349 2940 1350 2944 1350 2947 1350 2940 1351 2947 1351 2950 1351 2940 1352 2950 1352 2954 1352 2940 1353 2954 1353 2957 1353 2940 1354 2957 1354 2960 1354 2940 1355 2960 1355 2963 1355 2940 1356 2963 1356 2966 1356 2940 1357 2966 1357 2969 1357 2940 1358 2969 1358 2974 1358 2939 1359 2973 1359 2977 1359 2980 1360 2983 1360 2987 1360 2980 1361 2987 1361 2990 1361 2980 1362 2990 1362 2993 1362 2980 1363 2993 1363 2996 1363 2980 1364 2996 1364 3000 1364 2980 1365 3000 1365 3003 1365 2980 1366 3003 1366 3007 1366 2980 1367 3007 1367 3010 1367 2980 1368 3010 1368 3013 1368 2980 1369 3013 1369 3016 1369 2980 1370 3016 1370 2954 1370 2980 1371 2954 1371 2950 1371 2947 1372 2944 1372 3019 1372 3019 1373 2944 1373 3022 1373 3019 1374 3022 1374 3025 1374 2838 1375 2834 1375 3022 1375 3022 1376 2834 1376 3029 1376 3022 1377 3029 1377 3025 1377 2841 1378 2838 1378 3032 1378 3032 1379 2838 1379 3035 1379 3032 1380 3035 1380 3038 1380 3038 1381 3035 1381 3041 1381 3038 1382 3041 1382 3044 1382 3044 1383 3041 1383 3048 1383 3048 1384 3041 1384 3051 1384 3048 1385 3051 1385 3055 1385 3055 1386 3051 1386 3058 1386 3055 1387 3058 1387 3061 1387 3061 1388 3058 1388 3065 1388 3061 1389 3065 1389 3068 1389 3068 1390 3065 1390 3071 1390 3071 1391 3065 1391 3074 1391 3071 1392 3074 1392 3077 1392 3077 1393 3074 1393 3081 1393 3077 1394 3081 1394 3084 1394 3084 1395 3081 1395 3088 1395 3088 1396 3081 1396 2847 1396 3088 1397 2847 1397 2844 1397 2987 1398 2983 1398 3091 1398 3092 1399 2984 1399 3096 1399 3091 1400 3095 1400 3100 1400 2853 1401 2859 1401 3104 1401 3104 1402 2859 1402 3091 1402 3104 1403 3091 1403 3100 1403 2859 1404 2856 1404 3108 1404 3108 1405 2856 1405 3111 1405 3108 1406 3111 1406 3115 1406 3115 1407 3111 1407 3118 1407 3115 1408 3118 1408 3121 1408 3115 1409 3121 1409 3125 1409 3125 1410 3121 1410 3129 1410 3125 1411 3129 1411 3133 1411 3133 1412 3129 1412 3136 1412 3133 1413 3136 1413 3139 1413 3139 1414 3136 1414 3142 1414 3139 1415 3142 1415 3145 1415 3139 1416 3145 1416 3149 1416 3149 1417 3145 1417 3152 1417 3149 1418 3152 1418 3156 1418 3156 1419 3152 1419 3159 1419 3156 1420 3159 1420 3163 1420 3156 1421 3163 1421 2870 1421 2870 1422 3163 1422 3166 1422 2870 1423 3166 1423 2862 1423 694 1424 2945 1424 696 1424 697 1425 2946 1425 3017 1425 697 1426 3017 1426 699 1426 700 1427 3018 1427 3023 1427 700 1428 3023 1428 702 1428 704 1429 3024 1429 3027 1429 703 1430 3026 1430 706 1430 707 1431 3028 1431 2832 1431 707 1432 2832 1432 709 1432 710 1433 2833 1433 2839 1433 710 1434 2839 1434 712 1434 713 1435 2840 1435 3030 1435 713 1436 3030 1436 715 1436 716 1437 3031 1437 3036 1437 716 1438 3036 1438 718 1438 719 1439 3037 1439 3042 1439 719 1440 3042 1440 721 1440 723 1441 3043 1441 3047 1441 722 1442 3046 1442 617 1442 2945 1443 694 1443 2949 1443 2948 1232 692 1232 688 1232 2948 1232 688 1232 2978 1232 2979 1444 689 1444 684 1444 2979 1445 684 1445 2981 1445 2982 1446 685 1446 744 1446 2982 1447 744 1447 3093 1447 3094 1448 745 1448 741 1448 3094 1449 741 1449 3097 1449 3098 1450 742 1450 737 1450 3099 1451 738 1451 3101 1451 3103 1452 739 1452 734 1452 3102 1453 733 1453 2851 1453 2852 1454 735 1454 730 1454 2852 1455 730 1455 2854 1455 2855 1456 731 1456 727 1456 2855 1457 727 1457 3109 1457 3110 1458 728 1458 724 1458 3110 1459 724 1459 3116 1459 3117 1460 725 1460 550 1460 3117 1461 550 1461 3119 1461 3120 1462 551 1462 548 1462 3120 1463 548 1463 3127 1463 651 1464 2864 1464 654 1464 655 1465 2865 1465 2860 1465 655 1466 2860 1466 658 1466 659 1467 2861 1467 3164 1467 659 1468 3164 1468 661 1468 663 1469 3165 1469 3161 1469 662 1470 3160 1470 665 1470 666 1471 3162 1471 3157 1471 666 1472 3157 1472 668 1472 669 1473 3158 1473 3150 1473 669 1474 3150 1474 671 1474 672 1475 3151 1475 3143 1475 672 1476 3143 1476 674 1476 675 1477 3144 1477 3140 1477 675 1478 3140 1478 677 1478 678 1479 3141 1479 3134 1479 678 1480 3134 1480 680 1480 682 1481 3135 1481 3128 1481 681 1482 3126 1482 547 1482 2864 1483 651 1483 2906 1483 2905 1234 650 1234 647 1234 2905 1484 647 1484 2902 1484 2903 1485 649 1485 645 1485 2903 1486 645 1486 2848 1486 2849 1487 646 1487 642 1487 2849 1488 642 1488 2842 1488 2843 1489 643 1489 639 1489 2843 1490 639 1490 3085 1490 3086 1491 640 1491 635 1491 3087 1492 636 1492 3082 1492 3083 1493 637 1493 632 1493 3083 1494 632 1494 3075 1494 3076 1495 633 1495 629 1495 3076 1496 629 1496 3069 1496 3070 1497 630 1497 626 1497 3070 1498 626 1498 3066 1498 3067 1499 627 1499 623 1499 3067 1500 623 1500 3059 1500 3060 1501 624 1501 620 1501 3060 1502 620 1502 3052 1502 3054 1503 621 1503 618 1503 3053 1504 616 1504 3045 1504 2909 1505 1909 1505 2911 1505 2912 1506 1910 1506 2013 1506 2912 1507 2013 1507 2914 1507 2916 1508 2014 1508 2010 1508 2915 1509 2009 1509 2918 1509 2919 1510 2011 1510 2006 1510 2919 1511 2006 1511 2921 1511 2923 1512 2007 1512 2003 1512 2922 1513 2002 1513 2925 1513 2926 1514 2004 1514 1999 1514 2926 1515 1999 1515 2928 1515 2929 1516 2000 1516 1996 1516 2929 1517 1996 1517 2931 1517 2932 1518 1997 1518 1993 1518 2932 1519 1993 1519 2934 1519 2935 1520 1994 1520 1990 1520 2935 1521 1990 1521 2868 1521 2869 1522 1991 1522 1987 1522 2869 1523 1987 1523 3153 1523 3154 1524 1988 1524 1983 1524 3155 1525 1984 1525 3146 1525 3148 1526 1985 1526 1980 1526 3147 1527 1979 1527 3137 1527 3138 1528 1981 1528 1976 1528 3138 1529 1976 1529 3130 1529 3131 1530 1977 1530 1972 1530 3132 1531 1974 1531 3123 1531 1909 1532 2909 1532 1914 1532 1913 1234 2908 1234 2899 1234 1913 1234 2899 1234 1917 1234 1919 1533 2900 1533 2896 1533 1918 1534 2895 1534 1921 1534 1922 1535 2897 1535 2892 1535 1922 1536 2892 1536 1924 1536 1925 1537 2893 1537 2889 1537 1925 1538 2889 1538 1927 1538 1928 1539 2890 1539 2886 1539 1928 1540 2886 1540 1930 1540 1931 1541 2887 1541 2883 1541 1931 1542 2883 1542 1933 1542 1934 1543 2884 1543 2879 1543 1934 1544 2879 1544 1936 1544 1937 1545 2880 1545 2876 1545 1937 1546 2876 1546 1939 1546 1940 1547 2877 1547 2872 1547 1940 1548 2872 1548 1942 1548 1943 1549 2873 1549 2845 1549 1943 1550 2845 1550 1945 1550 1947 1551 2846 1551 3079 1551 1946 1552 3078 1552 1949 1552 1950 1553 3080 1553 3072 1553 1950 1554 3072 1554 1952 1554 1953 1555 3073 1555 3062 1555 1954 1556 3063 1556 1956 1556 1957 1557 3064 1557 3056 1557 1957 1558 3056 1558 1959 1558 1960 1559 3057 1559 3049 1559 1960 1560 3049 1560 1962 1560 2953 1561 2095 1561 2955 1561 2956 1562 2096 1562 2091 1562 2956 1563 2091 1563 2958 1563 2959 1564 2092 1564 2088 1564 2959 1565 2088 1565 2961 1565 2962 1566 2089 1566 2085 1566 2962 1567 2085 1567 2964 1567 2965 1568 2086 1568 2082 1568 2965 1569 2082 1569 2967 1569 2968 1570 2083 1570 2079 1570 2968 1571 2079 1571 2970 1571 2971 1572 2080 1572 2075 1572 2972 1573 2076 1573 2975 1573 2976 1574 2077 1574 2072 1574 2976 1575 2072 1575 2937 1575 2938 1576 2073 1576 2069 1576 2938 1577 2069 1577 2941 1577 2942 1578 2070 1578 2065 1578 2943 1579 2066 1579 3020 1579 3021 1580 2067 1580 2062 1580 3021 1581 2062 1581 2835 1581 2837 1582 2063 1582 2059 1582 2836 1583 2058 1583 3033 1583 3034 1584 2060 1584 2055 1584 3034 1585 2055 1585 3039 1585 3040 1586 2056 1586 1963 1586 3040 1587 1963 1587 3050 1587 2094 1588 2952 1588 2099 1588 2098 1232 2951 1232 3014 1232 2098 1232 3014 1232 2101 1232 2102 1589 3015 1589 3011 1589 2102 1590 3011 1590 2105 1590 2106 1591 3012 1591 3008 1591 2106 1592 3008 1592 2109 1592 2110 1593 3009 1593 3004 1593 2111 1594 3005 1594 2113 1594 2114 1595 3006 1595 3001 1595 2114 1596 3001 1596 2116 1596 2117 1597 3002 1597 2997 1597 2118 1598 2998 1598 2120 1598 2121 1599 2999 1599 2994 1599 2121 1600 2994 1600 2123 1600 2124 1601 2995 1601 2991 1601 2124 1602 2991 1602 2126 1602 2127 1603 2992 1603 2988 1603 2127 1604 2988 1604 2129 1604 2130 1605 2989 1605 2985 1605 2130 1606 2985 1606 2132 1606 2133 1607 2986 1607 3089 1607 2133 1608 3089 1608 2135 1608 2136 1609 3090 1609 2857 1609 2136 1610 2857 1610 2138 1610 2139 1611 2858 1611 3105 1611 2140 1612 3106 1612 2142 1612 2143 1613 3107 1613 3112 1613 2144 1614 3113 1614 2146 1614 2148 1615 3114 1615 3124 1615 2147 1616 3122 1616 1973 1616 2583 1617 2708 1617 2641 1617 2641 1618 2708 1618 2815 1618 2687 1619 2730 1619 2553 1619 2553 1620 2730 1620 2563 1620 2721 1621 2568 1621 2723 1621 2724 1622 2569 1622 2565 1622 2724 1623 2565 1623 2726 1623 2727 1624 2566 1624 2562 1624 2727 1625 2562 1625 2729 1625 2568 1621 2721 1621 2572 1621 2571 1626 2720 1626 2718 1626 2571 1627 2718 1627 2575 1627 2574 1628 2717 1628 2715 1628 2574 1629 2715 1629 2578 1629 2577 1630 2714 1630 2712 1630 2577 1630 2712 1630 2581 1630 2580 1631 2711 1631 2709 1631 2580 1632 2709 1632 2584 1632 2794 1633 2784 1633 2664 1633 2664 1634 2784 1634 2608 1634 2805 1635 2649 1635 2810 1635 2809 1636 2648 1636 2646 1636 2808 1637 2645 1637 2813 1637 2812 1638 2644 1638 2642 1638 2812 1639 2642 1639 2816 1639 2649 1640 2805 1640 2651 1640 2652 1641 2806 1641 2802 1641 2652 1641 2802 1641 2654 1641 2655 1642 2803 1642 2799 1642 2655 1643 2799 1643 2657 1643 2658 1644 2800 1644 2796 1644 2658 1645 2796 1645 2660 1645 2661 1646 2797 1646 2793 1646 2661 1647 2793 1647 2663 1647 2700 1648 2538 1648 2702 1648 2703 1649 2539 1649 2535 1649 2703 1650 2535 1650 2705 1650 2706 1651 2536 1651 933 1651 2706 1652 933 1652 930 1652 2538 1648 2700 1648 2542 1648 2541 1653 2699 1653 2697 1653 2541 1653 2697 1653 2545 1653 2544 1654 2696 1654 2694 1654 2544 1655 2694 1655 2548 1655 2547 1656 2693 1657 2691 1656 2547 1656 2691 1656 2551 1657 2550 1658 2690 1658 2688 1658 2550 1659 2688 1659 2554 1659 3167 1660 3173 1660 3174 1660 3167 1661 3177 1661 3173 1661 3182 1662 3183 1662 3186 1662 3182 1663 3186 1663 3191 1663 3196 1664 3200 1664 3201 1664 3207 1665 3197 1665 3202 1665 3209 1666 3173 1666 3213 1666 3213 1667 3173 1667 3216 1667 3216 1668 3173 1668 3177 1668 3221 1669 3225 1669 3228 1669 3201 1670 3200 1670 3229 1670 3233 1671 3237 1671 3173 1671 3237 1672 3240 1672 3173 1672 3240 1673 3174 1673 3173 1673 3243 1674 3246 1674 3249 1674 3256 1675 2630 1675 2762 1675 3256 1676 2762 1676 3262 1676 3256 1677 3262 1677 3266 1677 3256 1678 3266 1678 3269 1678 3256 1679 3269 1679 3272 1679 3275 1680 3280 1680 3281 1680 3276 1681 3282 1681 3285 1681 3277 1682 3286 1682 3291 1682 3275 1683 3290 1683 3294 1683 3275 1684 3294 1684 3298 1684 3275 1685 3298 1685 3302 1685 3275 1686 3302 1686 3305 1686 3276 1687 3306 1687 3310 1687 3277 1688 3311 1688 3230 1688 3275 1689 3229 1689 3200 1689 3316 1690 3320 1690 3323 1690 3316 1691 3323 1691 3327 1691 3316 1692 3327 1692 3332 1692 3316 1693 3332 1693 3335 1693 3316 1694 3335 1694 3338 1694 2761 1695 3341 1695 3346 1695 2762 1696 3347 1696 3351 1696 2762 1697 3351 1697 3355 1697 2762 1698 3355 1698 3359 1698 2762 1699 3359 1699 3363 1699 2762 1700 3363 1700 3367 1700 2762 1701 3367 1701 3371 1701 2762 1702 3371 1702 3374 1702 2762 1703 3374 1703 3377 1703 2762 1704 3377 1704 3380 1704 2762 1705 3380 1705 3383 1705 2762 1706 3383 1706 3386 1706 2762 1707 3386 1707 3389 1707 2762 1708 3389 1708 3392 1708 2762 1709 3392 1709 3395 1709 2762 1710 3395 1710 3196 1710 2762 1711 3196 1711 3206 1711 2763 1712 3207 1712 3399 1712 2762 1713 3398 1713 3403 1713 2762 1714 3403 1714 3407 1714 2762 1715 3407 1715 3410 1715 2762 1716 3410 1716 3413 1716 2762 1717 3413 1717 3416 1717 2762 1718 3416 1718 3420 1718 2762 1719 3420 1719 3424 1719 2762 1720 3424 1720 3428 1720 2762 1721 3428 1721 3262 1721 3433 1722 3437 1722 3442 1722 3432 1723 3441 1723 3445 1723 3432 1724 3445 1724 3449 1724 3260 1725 3431 1725 3448 1725 3262 1726 3449 1726 3452 1726 3262 1727 3452 1727 3456 1727 3261 1728 3455 1728 3265 1728 2758 1729 3459 1729 3462 1729 2759 1730 3463 1730 3465 1730 2759 1731 3465 1731 3469 1731 2759 1732 3469 1732 3472 1732 2759 1733 3472 1733 3476 1733 2759 1734 3476 1734 3479 1734 2759 1735 3479 1735 3342 1735 2759 1736 3342 1736 2762 1736 3465 1737 3463 1737 3182 1737 3465 1738 3182 1738 3191 1738 3464 1739 3190 1739 3482 1739 3465 1740 3483 1740 3486 1740 3465 1741 3486 1741 3490 1741 3465 1742 3490 1742 3494 1742 3465 1743 3494 1743 3498 1743 3465 1744 3498 1744 3501 1744 3465 1745 3501 1745 3504 1745 3465 1746 3504 1746 3507 1746 3465 1747 3507 1747 3173 1747 3465 1748 3173 1748 3209 1748 3466 1749 3210 1749 3509 1749 3465 1750 3508 1750 3513 1750 3465 1751 3513 1751 3516 1751 3465 1752 3516 1752 3519 1752 3465 1753 3519 1753 3522 1753 3465 1754 3522 1754 3527 1754 3464 1755 3526 1755 3531 1755 3338 1756 3183 1756 3182 1756 3338 1757 3182 1757 3537 1757 3338 1758 3537 1758 3540 1758 3338 1759 3540 1759 3543 1759 3338 1760 3543 1760 3546 1760 3338 1761 3546 1761 3550 1761 3338 1762 3550 1762 3553 1762 3338 1763 3553 1763 3557 1763 3338 1764 3557 1764 3560 1764 3338 1765 3560 1765 3563 1765 3338 1766 3563 1766 3566 1766 3338 1767 3566 1767 3316 1767 3374 1768 3371 1768 3570 1768 3374 1769 3570 1769 3574 1769 3374 1770 3574 1770 3578 1770 3374 1771 3578 1771 3225 1771 3374 1772 3225 1772 3221 1772 3321 1773 3579 1773 3584 1773 3323 1774 3585 1774 3589 1774 3323 1775 3589 1775 3592 1775 3323 1776 3592 1776 3595 1776 3323 1777 3595 1777 3598 1777 3323 1778 3598 1778 3602 1778 3324 1779 3603 1779 3234 1779 3323 1780 3233 1780 3173 1780 3323 1781 3173 1781 3608 1781 3323 1782 3608 1782 3611 1782 3323 1783 3611 1783 3615 1783 3323 1784 3615 1784 3618 1784 3323 1785 3618 1785 3621 1785 3323 1786 3621 1786 3623 1786 3323 1787 3623 1787 3625 1787 3323 1788 3625 1788 3628 1788 3324 1789 3629 1789 3328 1789 3272 1790 3634 1790 3638 1790 3272 1791 3638 1791 3642 1791 3272 1792 3642 1792 3646 1792 3272 1793 3646 1793 3650 1793 3272 1794 3650 1794 3256 1794 2630 1795 3256 1795 3654 1795 2630 1796 3654 1796 3658 1796 2630 1797 3658 1797 3662 1797 2630 1798 3662 1798 3666 1798 2630 1799 3666 1799 3669 1799 2630 1800 3669 1800 3672 1800 2629 1801 3671 1801 3674 1801 2635 1802 2630 1802 3675 1802 2635 1803 3675 1803 3678 1803 2635 1804 3678 1804 3681 1804 2635 1805 3681 1805 3685 1805 2635 1806 3685 1806 3690 1806 2634 1807 3689 1807 3322 1807 2635 1808 3323 1808 3320 1808 2634 1809 3319 1809 3695 1809 3441 1810 3435 1810 3698 1810 3699 1811 3436 1811 3701 1811 3698 1812 3700 1812 3280 1812 3280 1813 3700 1813 3281 1813 3532 1814 3528 1814 3706 1814 3705 1815 3527 1815 3711 1815 3704 1816 3710 1816 3714 1816 3720 1817 3722 1817 3711 1817 3711 1818 3722 1818 3725 1818 3711 1819 3725 1819 3715 1819 3221 1820 3228 1820 3720 1820 3720 1821 3228 1821 3729 1821 3720 1822 3729 1822 3722 1822 3585 1823 3580 1823 3249 1823 3250 1824 3581 1824 3732 1824 3249 1825 3731 1825 3243 1825 3249 1826 3246 1826 3737 1826 3737 1827 3246 1827 3739 1827 3737 1828 3739 1828 3743 1828 3737 1829 3743 1829 3634 1829 3634 1830 3743 1830 3747 1830 3634 1831 3747 1831 3638 1831 2775 1832 2615 1832 2779 1832 2778 1833 2614 1833 2612 1833 2778 1834 2612 1834 2782 1834 2781 1835 2611 1835 2609 1835 2781 1836 2609 1836 2785 1836 2615 1837 2775 1837 2617 1837 2618 1838 2776 1838 2772 1838 2618 1838 2772 1838 2620 1838 2621 1839 2773 1839 2769 1839 2621 1840 2769 1840 2623 1840 2624 1841 2770 1841 2766 1841 2624 1842 2766 1842 2626 1842 2627 1843 2767 1843 2764 1843 2627 1844 2764 1844 2631 1844 2666 1845 2790 1845 1966 1845 1966 1846 2790 1846 1906 1846 2755 1847 2750 1847 3750 1847 2755 1848 3750 1848 3753 1848 2755 1849 3753 1849 3756 1849 2755 1850 3756 1850 3759 1850 2755 1851 3759 1851 3762 1851 2755 1852 3762 1852 3765 1852 2755 1853 3765 1853 3769 1853 2755 1854 3769 1854 3772 1854 2755 1855 3772 1855 3775 1855 2755 1856 3775 1856 3778 1856 2755 1857 3778 1857 3781 1857 2755 1858 3781 1858 3784 1858 3788 1859 3793 1859 3797 1859 3788 1860 3797 1860 3800 1860 3788 1861 3800 1861 3803 1861 3788 1862 3803 1862 3806 1862 3788 1863 3806 1863 3809 1863 3788 1864 3809 1864 3812 1864 3788 1865 3812 1865 3816 1865 3788 1866 3816 1866 3819 1866 3788 1867 3819 1867 3823 1867 3788 1868 3823 1868 3826 1868 3788 1869 3826 1869 3829 1869 3788 1870 3829 1870 3832 1870 3788 1871 3832 1871 3835 1871 3788 1872 3835 1872 3838 1872 3788 1873 3838 1873 3841 1873 3789 1874 3842 1874 3847 1874 3841 1875 2755 1875 3784 1875 3841 1876 3784 1876 3850 1876 3841 1877 3850 1877 3853 1877 3841 1878 3853 1878 3856 1878 3841 1879 3856 1879 3859 1879 3841 1880 3859 1880 3846 1880 2750 1881 2601 1881 3862 1881 2750 1882 3862 1882 3865 1882 2750 1883 3865 1883 3868 1883 2750 1884 3868 1884 3871 1884 2750 1885 3871 1885 3874 1885 2750 1886 3874 1886 3878 1886 2750 1887 3878 1887 3881 1887 2750 1888 3881 1888 3885 1888 2750 1889 3885 1889 3888 1889 2750 1890 3888 1890 3891 1890 2750 1891 3891 1891 3894 1891 2750 1892 3894 1892 3897 1892 2750 1893 3897 1893 3900 1893 2750 1894 3900 1894 3903 1894 2750 1895 3903 1895 3906 1895 2750 1896 3906 1896 3909 1896 2750 1897 3909 1897 3912 1897 2750 1898 3912 1898 3915 1898 2751 1899 3916 1899 3920 1899 2750 1900 3919 1900 3750 1900 2638 1901 3923 1901 3927 1901 2639 1902 3928 1902 3931 1902 2639 1903 3931 1903 3934 1903 2639 1904 3934 1904 3938 1904 2639 1905 3938 1905 3941 1905 2639 1906 3941 1906 3944 1906 2639 1907 3944 1907 3947 1907 2639 1908 3947 1908 3950 1908 2639 1909 3950 1909 3953 1909 2639 1910 3953 1910 3956 1910 2639 1911 3956 1911 3959 1911 2639 1912 3959 1912 2601 1912 3794 1913 3789 1913 3963 1913 3792 1914 3962 1914 3966 1914 3793 1915 3967 1915 3970 1915 3793 1916 3970 1916 3973 1916 3793 1917 3973 1917 3976 1917 3793 1918 3976 1918 3924 1918 3793 1919 3924 1919 2639 1919 2601 1920 3959 1920 3979 1920 2602 1921 3980 1921 3984 1921 2601 1922 3983 1922 3987 1922 2601 1923 3987 1923 3990 1923 2601 1924 3990 1924 3993 1924 2601 1925 3993 1925 3996 1925 2601 1926 3996 1926 3999 1926 2601 1927 3999 1927 4002 1927 2601 1928 4002 1928 4005 1928 2601 1929 4005 1929 4008 1929 2601 1930 4008 1930 4012 1930 2601 1931 4012 1931 4015 1931 2601 1932 4015 1932 4019 1932 2601 1933 4019 1933 4022 1933 2601 1934 4022 1934 4025 1934 2601 1935 4025 1935 4028 1935 2601 1936 4028 1936 4031 1936 2601 1937 4031 1937 4034 1937 2601 1938 4034 1938 3862 1938 2603 1939 2752 1939 2606 1939 2606 1939 2752 1939 2788 1939 2605 1940 2787 1940 2670 1940 2670 1941 2787 1941 2831 1941 2669 1942 2830 1942 2673 1942 2673 1943 2830 1943 2828 1943 2672 1944 2827 1944 2676 1944 2676 1945 2827 1945 2825 1945 2675 1946 2824 1946 2679 1946 2679 1947 2824 1947 2822 1947 2678 1948 2821 1948 2682 1948 2682 1949 2821 1949 2819 1949 2681 1950 2818 1950 2667 1950 2667 1951 2818 1951 2791 1951 2560 1952 2733 1952 2586 1952 2586 1953 2733 1953 2747 1953 2587 1954 2748 1954 2589 1954 2589 1955 2748 1955 2744 1955 2590 1956 2745 1956 2592 1956 2592 1956 2745 1956 2741 1956 2593 1957 2742 1957 2595 1957 2595 1958 2742 1958 2738 1958 2596 1959 2739 1959 2598 1959 2598 1960 2739 1960 2735 1960 2599 1961 2736 1961 2556 1961 2556 1962 2736 1962 2684 1962 2557 1963 2685 1963 1584 1963 1584 1964 2685 1964 1507 1964 908 1965 1486 1965 877 1965 877 1965 1486 1965 1441 1965 936 1966 1580 1966 1192 1966 1192 1967 1580 1967 1784 1967 1193 1968 1786 1968 1196 1968 1195 1969 1785 1969 1781 1969 1197 1970 1782 1970 747 1970 747 1971 1782 1971 1328 1971 748 1972 1329 1972 917 1972 917 1973 1329 1973 1503 1973 918 1974 1504 1974 920 1974 920 1975 1504 1975 1500 1975 921 1976 1501 1976 923 1976 923 1977 1501 1977 1497 1977 924 1978 1498 1978 926 1978 926 1979 1498 1979 1494 1979 927 1980 1495 1980 907 1980 907 1981 1495 1981 1485 1981 998 1982 1233 1982 1511 1982 1511 1983 1233 1983 1818 1983 876 1984 1440 1984 881 1984 881 1985 1440 1985 1437 1985 880 1986 1436 1986 885 1986 885 1987 1436 1987 1433 1987 884 1988 1432 1988 889 1988 889 1989 1432 1989 1429 1989 888 1990 1428 1990 893 1990 893 1991 1428 1991 1426 1991 892 1992 1425 1992 843 1992 843 1993 1425 1993 1419 1993 842 1994 1418 1994 1230 1994 1230 1995 1418 1995 1815 1995 1229 1996 1814 1996 1235 1996 1234 1997 1813 1997 1819 1997 3815 1998 3552 1998 3818 1998 3818 1998 3552 1998 3549 1998 2754 1999 3839 1999 2757 1999 2757 2000 3839 2000 3457 2000 3817 2001 3547 2001 3821 2001 3822 2002 3548 2002 3545 2002 3820 2003 3544 2003 3825 2003 3825 2004 3544 2004 3542 2004 3824 2005 3541 2005 3828 2005 3828 2006 3541 2006 3539 2006 3827 2007 3538 2007 3831 2007 3831 2008 3538 2008 3536 2008 3830 2009 3535 2009 3834 2009 3834 2010 3535 2010 3181 2010 3833 2011 3180 2011 3837 2011 3837 2012 3180 2012 3461 2012 3836 2013 3460 2013 3840 2013 3840 2014 3460 2014 3458 2014 2637 2015 2633 2015 3790 2015 3790 2016 2633 2016 3693 2016 3791 2017 3694 2017 3795 2017 3795 2018 3694 2018 3317 2018 3796 2019 3318 2019 3798 2019 3798 2020 3318 2020 3314 2020 3799 2021 3315 2021 3801 2021 3801 2022 3315 2022 3564 2022 3802 2023 3565 2023 3804 2023 3804 2024 3565 2024 3561 2024 3805 2025 3562 2025 3807 2025 3807 2026 3562 2026 3558 2026 3808 2027 3559 2027 3810 2027 3810 2028 3559 2028 3554 2028 3811 2029 3555 2029 3813 2029 3814 2030 3556 2030 3551 2030 4037 2031 4042 2031 4046 2031 4050 2032 4054 2032 4057 2032 4054 2033 4060 2033 4057 2033 4060 2034 4063 2034 4057 2034 4063 2035 4066 2035 4057 2035 4069 2036 4072 2036 4075 2036 4078 2037 4057 2037 4082 2037 4082 2038 4057 2038 4085 2038 4085 2039 4057 2039 4088 2039 4088 2040 4057 2040 4066 2040 4091 2041 4095 2041 4098 2041 4102 2042 4105 2042 4108 2042 4112 2043 4116 2043 4120 2043 4123 2044 4127 2044 4130 2044 4123 2045 4130 2045 4133 2045 4123 2046 4133 2046 4137 2046 4123 2047 4137 2047 4142 2047 4147 2048 4152 2048 4156 2048 4147 2049 4156 2049 4159 2049 4149 2050 4160 2050 4165 2050 4171 2051 4175 2051 4179 2051 4169 2052 4178 2052 4182 2052 4169 2053 4182 2053 4152 2053 4170 2054 4153 2054 4148 2054 4185 2055 4188 2055 4191 2055 4185 2056 4191 2056 4194 2056 4185 2057 4194 2057 4197 2057 4185 2058 4197 2058 4174 2058 4185 2059 4174 2059 4169 2059 4185 2060 4169 2060 4201 2060 4185 2061 4201 2061 4204 2061 4185 2062 4204 2062 4207 2062 4185 2063 4207 2063 4210 2063 4191 2064 4188 2064 4215 2064 4191 2065 4215 2065 4218 2065 4191 2066 4218 2066 4222 2066 4191 2067 4222 2067 4225 2067 4191 2068 4225 2068 4228 2068 4191 2069 4228 2069 4231 2069 4191 2070 4231 2070 4234 2070 4191 2071 4234 2071 4237 2071 4240 2072 4243 2072 4248 2072 4240 2073 4248 2073 4252 2073 4240 2074 4252 2074 4256 2074 4240 2075 4256 2075 4260 2075 4240 2076 4260 2076 4266 2076 4130 2077 4269 2077 4272 2077 4130 2078 4272 2078 4275 2078 4130 2079 4275 2079 4278 2079 4130 2080 4278 2080 4281 2080 4130 2081 4281 2081 4284 2081 4130 2082 4284 2082 4133 2082 4137 2083 4288 2083 4210 2083 4138 2084 4211 2084 4292 2084 4139 2085 4293 2085 4297 2085 4137 2086 4296 2086 4301 2086 4137 2087 4301 2087 4304 2087 4137 2088 4304 2088 4307 2088 4137 2089 4307 2089 4310 2089 4137 2090 4310 2090 4315 2090 4137 2091 4315 2091 4318 2091 4137 2092 4318 2092 4321 2092 4137 2093 4321 2093 4324 2093 4137 2094 4324 2094 4328 2094 4137 2095 4328 2095 4331 2095 4137 2096 4331 2096 4334 2096 4137 2097 4334 2097 4337 2097 4137 2098 4337 2098 4142 2098 4315 2099 4310 2099 4342 2099 4314 2100 4341 2100 4346 2100 4315 2101 4347 2101 4350 2101 4353 2102 4358 2102 4362 2102 4353 2103 4362 2103 4367 2103 4353 2104 4367 2104 4370 2104 4354 2105 4371 2105 4374 2105 4355 2106 4375 2106 4244 2106 4362 2107 4358 2107 4378 2107 4362 2108 4378 2108 4381 2108 4362 2109 4381 2109 4384 2109 4362 2110 4384 2110 4387 2110 4362 2111 4387 2111 4390 2111 4362 2112 4390 2112 4393 2112 4362 2113 4393 2113 4396 2113 4362 2114 4396 2114 4042 2114 4363 2115 4043 2115 4038 2115 4400 2116 4403 2116 4406 2116 4400 2117 4406 2117 4410 2117 4400 2118 4410 2118 4413 2118 4400 2119 4413 2119 4046 2119 4400 2120 4046 2120 4042 2120 4416 2121 4130 2121 4127 2121 4416 2122 4127 2122 4419 2122 4416 2123 4419 2123 4423 2123 4416 2124 4423 2124 4426 2124 4416 2125 4426 2125 4429 2125 4416 2126 4429 2126 4403 2126 4416 2127 4403 2127 4400 2127 4243 2128 4240 2128 4432 2128 4243 2129 4432 2129 4435 2129 4243 2130 4435 2130 4438 2130 4243 2131 4438 2131 4441 2131 4243 2132 4441 2132 4444 2132 4243 2133 4444 2133 4447 2133 4243 2134 4447 2134 4450 2134 4243 2135 4450 2135 4453 2135 4243 2136 4453 2136 4456 2136 4243 2137 4456 2137 4459 2137 4243 2138 4459 2138 4462 2138 4243 2139 4462 2139 4465 2139 4243 2140 4465 2140 4468 2140 4243 2141 4468 2141 4471 2141 4243 2142 4471 2142 4475 2142 4243 2143 4475 2143 4353 2143 4364 2144 4479 2144 4483 2144 4362 2145 4482 2145 4486 2145 4362 2146 4486 2146 4489 2146 4362 2147 4489 2147 4493 2147 4362 2148 4493 2148 4496 2148 4362 2149 4496 2149 4500 2149 4361 2150 4499 2150 4049 2150 4362 2151 4050 2151 4057 2151 4362 2152 4057 2152 4503 2152 4362 2153 4503 2153 4506 2153 4362 2154 4506 2154 4510 2154 4362 2155 4510 2155 4513 2155 4362 2156 4513 2156 4516 2156 4362 2157 4516 2157 4519 2157 4362 2158 4519 2158 4523 2158 4362 2159 4523 2159 4527 2159 4362 2160 4527 2160 4367 2160 4142 2161 4530 2161 4533 2161 4142 2162 4533 2162 4537 2162 4142 2163 4537 2163 4540 2163 4142 2164 4540 2164 4543 2164 4143 2165 4544 2165 4124 2165 4288 2166 4137 2166 4547 2166 4288 2167 4547 2167 4550 2167 4288 2168 4550 2168 4553 2168 4288 2169 4553 2169 4556 2169 4288 2170 4556 2170 4559 2170 4289 2171 4560 2171 4563 2171 4289 2172 4563 2172 4566 2172 4263 2173 4257 2173 4571 2173 4260 2174 4570 2174 4575 2174 4260 2175 4575 2175 4579 2175 4260 2176 4579 2176 4583 2176 4260 2177 4583 2177 4587 2177 4260 2178 4587 2178 4591 2178 4260 2179 4591 2179 4594 2179 4260 2180 4594 2180 4597 2180 4260 2181 4597 2181 4057 2181 4260 2182 4057 2182 4078 2182 4262 2183 4079 2183 4601 2183 4261 2184 4600 2184 4605 2184 4260 2185 4604 2185 4608 2185 4260 2186 4608 2186 4611 2186 4260 2187 4611 2187 4614 2187 4260 2188 4614 2188 4617 2188 4260 2189 4617 2189 4620 2189 4623 2190 4194 2190 4627 2190 4623 2191 4627 2191 4630 2191 4623 2192 4630 2192 4634 2192 4623 2193 4634 2193 4095 2193 4623 2194 4095 2194 4091 2194 4194 2195 4191 2195 4637 2195 4194 2196 4637 2196 4640 2196 4194 2197 4640 2197 4627 2197 4287 2198 4643 2198 4646 2198 4289 2199 4647 2199 4651 2199 4288 2200 4650 2200 4654 2200 4288 2201 4654 2201 4657 2201 4288 2202 4657 2202 4660 2202 4288 2203 4660 2203 4663 2203 4288 2204 4663 2204 4185 2204 4288 2205 4185 2205 4210 2205 4260 2206 4112 2206 4120 2206 4260 2207 4120 2207 4666 2207 4260 2208 4666 2208 4669 2208 4260 2209 4669 2209 4672 2209 4260 2210 4672 2210 4676 2210 4260 2211 4676 2211 4679 2211 4260 2212 4679 2212 4683 2212 4260 2213 4683 2213 4686 2213 4260 2214 4686 2214 4266 2214 4689 2215 4120 2215 4116 2215 4690 2216 4117 2216 4695 2216 4691 2217 4696 2217 4701 2217 4689 2218 4700 2218 4704 2218 4689 2219 4704 2219 4707 2219 4689 2220 4707 2220 4710 2220 4689 2221 4710 2221 4713 2221 4713 2222 4710 2222 4718 2222 4713 2223 4718 2223 4722 2223 4714 2224 4723 2224 4727 2224 4713 2225 4726 2225 4237 2225 4713 2226 4237 2226 4234 2226 4164 2227 4159 2227 4731 2227 4731 2228 4159 2228 4734 2228 4731 2229 4734 2229 4739 2229 4739 2230 4734 2230 4743 2230 4738 2231 4742 2231 4747 2231 4748 2232 4743 2232 4752 2232 4752 2233 4743 2233 4105 2233 4752 2234 4105 2234 4102 2234 4315 2235 4350 2235 4755 2235 4755 2236 4350 2236 4758 2236 4755 2237 4758 2237 4105 2237 4105 2238 4758 2238 4761 2238 4105 2239 4761 2239 4108 2239 4482 2240 4478 2240 4075 2240 4075 2241 4478 2241 4765 2241 4075 2242 4765 2242 4069 2242 4075 2243 4072 2243 4768 2243 4768 2244 4072 2244 4772 2244 4768 2245 4772 2245 4775 2245 4768 2246 4775 2246 4530 2246 4530 2247 4775 2247 4778 2247 4530 2248 4778 2248 4533 2248 4620 2249 4617 2249 4781 2249 4781 2250 4617 2250 4784 2250 4781 2251 4784 2251 4787 2251 4091 2252 4098 2252 4784 2252 4784 2253 4098 2253 4791 2253 4784 2254 4791 2254 4787 2254 3299 2255 4632 2255 3304 2255 3303 2256 4631 2256 4629 2256 3303 2257 4629 2257 3309 2257 3307 2258 4628 2258 4625 2258 3308 2259 4626 2259 3313 2259 3312 2260 4624 2260 4639 2260 3312 2261 4639 2261 3232 2261 3231 2262 4638 2262 4636 2262 3231 2263 4636 2263 3204 2263 3203 2264 4635 2264 4190 2264 3203 2265 4190 2265 3208 2265 4633 2266 3301 2266 4093 2266 4092 2267 3300 2267 3296 2267 4094 2268 3297 2268 4097 2268 4096 2269 3295 2269 3293 2269 4096 2270 3293 2270 4790 2270 4789 2271 3292 2271 3289 2271 4788 2272 3288 2272 4786 2272 4785 2273 3287 2273 3284 2273 4785 2274 3284 2274 4780 2274 4779 2275 3283 2275 3703 2275 4779 2276 3703 2276 4619 2276 4618 2277 3702 2277 3438 2277 4618 2278 3438 2278 4259 2278 3415 2279 4703 2279 3419 2279 3417 2280 4702 2280 4698 2280 3418 2281 4699 2281 3423 2281 3422 2282 4697 2282 4694 2282 3421 2283 4693 2283 3427 2283 3426 2284 4692 2284 4115 2284 3425 2285 4114 2285 3259 2285 3257 2286 4113 2286 4110 2286 3258 2287 4111 2287 3430 2287 3429 2288 4109 2288 4258 2288 3429 2289 4258 2289 3434 2289 4703 2290 3415 2290 4706 2290 4705 2291 3414 2291 3412 2291 4705 2292 3412 2292 4709 2292 4708 2293 3411 2293 3409 2293 4708 2294 3409 2294 4717 2294 4715 2295 3408 2295 3405 2295 4716 2296 3406 2296 4721 2296 4719 2297 3404 2297 3401 2297 4720 2298 3402 2298 4725 2298 4724 2299 3400 2299 3397 2299 4724 2300 3397 2300 4236 2300 4235 2301 3396 2301 3205 2301 4235 2302 3205 2302 4189 2302 3339 2303 4428 2303 3185 2303 3184 2304 4427 2304 4425 2304 3184 2305 4425 2305 3189 2305 3188 2306 4424 2306 4422 2306 3187 2307 4421 2307 3193 2307 3192 2308 4420 2308 4418 2308 3192 2309 4418 2309 3485 2309 3484 2310 4417 2310 4126 2310 3484 2311 4126 2311 3488 2311 3487 2312 4125 2312 4122 2312 3487 2313 4122 2313 3491 2313 4428 2314 3339 2314 4401 2314 4402 2315 3340 2315 3337 2315 4402 2316 3337 2316 4405 2316 4404 2317 3336 2317 3334 2317 4404 2318 3334 2318 4409 2318 4407 2319 3333 2319 3330 2319 4408 2320 3331 2320 4412 2320 4411 2321 3329 2321 3631 2321 4411 2322 3631 2322 4045 2322 4044 2323 3630 2323 3627 2323 4044 2324 3627 2324 4036 2324 4035 2325 3626 2325 3624 2325 4035 2326 3624 2326 4360 2326 3170 2327 4770 2327 3607 2327 3606 2328 4769 2328 4071 2328 3606 2329 4071 2329 3610 2329 3609 2330 4070 2330 4068 2330 3609 2331 4068 2331 3614 2331 3612 2332 4067 2332 4763 2332 3613 2333 4764 2333 3617 2333 3616 2334 4762 2334 4477 2334 3616 2335 4477 2335 3620 2335 3619 2336 4476 2336 4359 2336 3619 2337 4359 2337 3622 2337 4771 2338 3172 2338 4774 2338 4773 2339 3171 2339 3506 2339 4773 2340 3506 2340 4777 2340 4776 2341 3505 2341 3503 2341 4776 2342 3503 2342 4532 2342 4531 2343 3502 2343 3500 2343 4531 2344 3500 2344 4536 2344 4535 2345 3499 2345 3497 2345 4534 2346 3496 2346 4539 2346 4538 2347 3495 2347 3493 2347 4538 2348 3493 2348 4542 2348 4541 2349 3492 2349 3489 2349 4541 2350 3489 2350 4121 2350 3730 2351 4759 2351 3723 2351 3724 2352 4760 2352 4756 2352 3724 2353 4756 2353 3726 2353 3727 2354 4757 2354 4348 2354 3727 2355 4348 2355 3716 2355 3717 2356 4349 2356 4343 2356 3718 2357 4344 2357 3707 2357 3709 2358 4345 2358 4339 2358 3708 2359 4338 2359 3533 2359 3534 2360 4340 2360 4309 2360 3534 2361 4309 2361 3468 2361 4759 2362 3730 2362 4107 2362 4106 2363 3728 2363 3226 2363 4106 2364 3226 2364 4099 2364 4101 2365 3227 2365 3223 2365 4100 2366 3222 2366 4749 2366 4750 2367 3224 2367 3575 2367 4751 2368 3576 2368 4744 2368 4745 2369 3577 2369 3571 2369 4746 2370 3572 2370 4735 2370 4737 2371 3573 2371 3568 2371 4736 2372 3567 2372 4728 2372 4729 2373 3569 2373 3369 2373 4730 2374 3370 2374 4163 2374 3345 2375 4205 2375 3349 2375 3350 2376 4206 2376 4202 2376 3350 2377 4202 2377 3352 2377 3354 2378 4203 2378 4199 2378 3353 2379 4198 2379 3356 2379 3358 2380 4200 2380 4167 2380 3357 2381 4166 2381 3360 2381 3362 2382 4168 2382 4145 2382 3361 2383 4144 2383 3364 2383 3366 2384 4146 2384 4162 2384 3365 2385 4161 2385 3368 2385 4205 2386 3345 2386 4208 2386 4209 2387 3348 2387 3343 2387 4209 2388 3343 2388 4290 2388 4291 2389 3344 2389 3480 2389 4291 2390 3480 2390 4294 2390 4295 2391 3481 2391 3477 2391 4295 2392 3477 2392 4298 2392 4300 2393 3478 2393 3474 2393 4299 2394 3473 2394 4302 2394 4303 2395 3475 2395 3470 2395 4303 2396 3470 2396 4305 2396 4306 2397 3471 2397 3467 2397 4306 2398 3467 2398 4308 2398 3673 2399 4372 2399 3676 2399 3677 2352 4373 2352 4368 2352 3677 2400 4368 2400 3679 2400 3680 2401 4369 2401 4365 2401 3680 2402 4365 2402 3682 2402 3683 2403 4366 2403 4524 2403 3684 2404 4525 2404 3686 2404 3688 2405 4526 2405 4521 2405 3687 2406 4520 2406 3691 2406 3692 2407 4522 2407 4518 2407 3692 2361 4518 2361 3326 2361 4372 2408 3673 2408 4242 2408 4241 2409 3670 2409 3667 2409 4241 2410 3667 2410 4245 2410 4247 2411 3668 2411 3664 2411 4246 2412 3663 2412 4249 2412 4250 2413 3665 2413 3659 2413 4251 2414 3660 2414 4253 2414 4254 2415 3661 2415 3655 2415 4255 2416 3656 2416 4567 2416 4569 2417 3657 2417 3652 2417 4568 2418 3651 2418 4572 2418 4573 2419 3653 2419 3254 2419 4574 2420 3255 2420 4578 2420 3742 2421 4595 2421 3745 2421 3746 2422 4596 2422 4592 2422 3746 2423 4592 2423 3635 2423 3637 2424 4593 2424 4589 2424 3636 2425 4588 2425 3639 2425 3641 2426 4590 2426 4585 2426 3640 2427 4584 2427 3643 2427 3645 2428 4586 2428 4581 2428 3644 2429 4580 2429 3647 2429 3649 2430 4582 2430 4577 2430 3648 2385 4576 2385 3253 2385 4595 2431 3742 2431 4055 2431 4056 2432 3744 2432 3740 2432 4056 2433 3740 2433 4501 2433 4502 2434 3741 2434 3247 2434 4502 2390 3247 2390 4504 2390 4505 2435 3248 2435 3244 2435 4505 2436 3244 2436 4507 2436 4509 2437 3245 2437 3734 2437 4508 2438 3733 2438 4511 2438 4512 2395 3735 2395 3582 2395 4512 2439 3582 2439 4514 2439 4515 2440 3583 2440 3325 2440 4515 2441 3325 2441 4517 2441 3738 2442 4061 2442 3251 2442 3252 2443 4062 2443 4058 2443 3252 2444 4058 2444 3586 2444 3588 2445 4059 2445 4052 2445 3587 2446 4051 2446 3590 2446 3591 2447 4053 2447 4047 2447 3591 2448 4047 2448 3593 2448 3594 2449 4048 2449 4497 2449 3594 2450 4497 2450 3596 2450 3597 2451 4498 2451 4494 2451 3597 2452 4494 2452 3599 2452 3601 2453 4495 2453 4491 2453 3600 2454 4490 2454 3604 2454 3605 2455 4492 2455 4487 2455 3605 2456 4487 2456 3235 2456 3236 2457 4488 2457 4484 2457 3236 2458 4484 2458 3238 2458 3239 2459 4485 2459 4480 2459 3239 2460 4480 2460 3241 2460 3242 2461 4481 2461 4073 2461 3242 2462 4073 2462 3175 2462 3176 2463 4074 2463 4767 2463 3176 2464 4767 2464 3169 2464 4061 2465 3738 2465 4065 2465 4064 2466 3736 2466 3632 2466 4064 2467 3632 2467 4086 2467 4087 2468 3633 2468 3270 2468 4087 2469 3270 2469 4083 2469 4084 2470 3271 2470 3267 2470 4084 2471 3267 2471 4080 2471 4081 2472 3268 2472 3263 2472 4081 2473 3263 2473 4076 2473 4077 2474 3264 2474 3453 2474 4077 2475 3453 2475 4598 2475 4599 2476 3454 2476 3450 2476 4599 2477 3450 2477 4602 2477 4603 2478 3451 2478 3446 2478 4603 2479 3446 2479 4606 2479 4607 2480 3447 2480 3443 2480 4607 2481 3443 2481 4609 2481 4610 2482 3444 2482 3439 2482 4610 2483 3439 2483 4612 2483 4613 2484 3440 2484 3696 2484 4613 2485 3696 2485 4615 2485 4616 2486 3697 2486 3278 2486 4616 2487 3278 2487 4782 2487 4783 2488 3279 2488 3274 2488 4783 2489 3274 2489 4090 2489 3719 2490 4740 2490 3219 2490 3220 2491 4741 2491 4732 2491 3220 2492 4732 2492 3372 2492 3373 2493 4733 2493 4157 2493 3373 2494 4157 2494 3375 2494 3376 2495 4158 2495 4154 2495 3376 2496 4154 2496 3378 2496 3379 2497 4155 2497 4150 2497 3379 2498 4150 2498 3381 2498 3382 2499 4151 2499 4180 2499 3382 2500 4180 2500 3384 2500 3385 2501 4181 2501 4176 2501 3385 2502 4176 2502 3387 2502 3388 2503 4177 2503 4172 2503 3388 2504 4172 2504 3390 2504 3391 2505 4173 2505 4195 2505 3391 2506 4195 2506 3393 2506 3394 2507 4196 2507 4192 2507 3394 2508 4192 2508 3194 2508 3195 2509 4193 2509 4621 2509 3195 2510 4621 2510 3198 2510 3199 2511 4622 2511 4089 2511 3199 2512 4089 2512 3273 2512 4740 2513 3719 2513 4103 2513 4104 2514 3721 2514 3712 2514 4104 2515 3712 2515 4753 2515 4754 2516 3713 2516 3529 2516 4754 2517 3529 2517 4311 2517 4312 2518 3530 2518 3523 2518 4313 2519 3524 2519 4316 2519 4317 2520 3525 2520 3520 2520 4317 2521 3520 2521 4319 2521 4320 2522 3521 2522 3517 2522 4320 2523 3517 2523 4322 2523 4323 2524 3518 2524 3514 2524 4323 2525 3514 2525 4325 2525 4326 2526 3515 2526 3510 2526 4327 2527 3511 2527 4329 2527 4330 2528 3512 2528 3211 2528 4330 2529 3211 2529 4332 2529 4333 2530 3212 2530 3214 2530 4333 2531 3214 2531 4335 2531 4336 2532 3215 2532 3217 2532 4336 2533 3217 2533 4140 2533 4141 2534 3218 2534 3178 2534 4141 2535 3178 2535 4528 2535 4529 2536 3179 2536 3168 2536 4529 2537 3168 2537 4766 2537 4285 2538 3913 2538 4641 2538 4642 2539 3914 2539 3910 2539 4642 2540 3910 2540 4644 2540 4645 2541 3911 2541 3907 2541 4645 2542 3907 2542 4648 2542 4649 2543 3908 2543 3904 2543 4649 2544 3904 2544 4652 2544 4653 2545 3905 2545 3901 2545 4653 2546 3901 2546 4655 2546 4656 2547 3902 2547 3898 2547 4656 2548 3898 2548 4658 2548 4659 2549 3899 2549 3895 2549 4659 2550 3895 2550 4661 2550 4662 2551 3896 2551 3892 2551 4662 2552 3892 2552 4183 2552 4184 2553 3893 2553 3889 2553 4184 2554 3889 2554 4186 2554 4187 2555 3890 2555 3886 2555 4187 2556 3886 2556 4212 2556 4213 2557 3887 2557 3882 2557 4214 2558 3883 2558 4216 2558 4217 2559 3884 2559 3879 2559 4217 2560 3879 2560 4219 2560 4220 2561 3880 2561 3875 2561 4221 2562 3876 2562 4223 2562 4224 2563 3877 2563 3872 2563 4224 2564 3872 2564 4226 2564 4227 2565 3873 2565 3869 2565 4227 2566 3869 2566 4229 2566 4230 2567 3870 2567 3866 2567 4230 2568 3866 2568 4232 2568 4233 2569 3867 2569 3863 2569 4233 2570 3863 2570 4711 2570 4712 2571 3864 2571 3860 2571 4712 2572 3860 2572 4687 2572 3913 2573 4285 2573 3917 2573 3918 2574 4286 2574 4564 2574 3918 2575 4564 2575 3748 2575 3749 2576 4565 2576 4561 2576 3749 2577 4561 2577 3751 2577 3752 2578 4562 2578 4557 2578 3752 2579 4557 2579 3754 2579 3755 2580 4558 2580 4554 2580 3755 2581 4554 2581 3757 2581 3758 2582 4555 2582 4551 2582 3758 2583 4551 2583 3760 2583 3761 2584 4552 2584 4548 2584 3761 2585 4548 2585 3763 2585 3764 2586 4549 2586 4545 2586 3764 2587 4545 2587 3766 2587 3768 2588 4546 2588 4135 2588 3767 2589 4134 2589 3770 2589 3771 2590 4136 2590 4131 2590 3771 2591 4131 2591 3773 2591 3774 2592 4132 2592 4282 2592 3774 2593 4282 2593 3776 2593 3777 2594 4283 2594 4279 2594 3777 2595 4279 2595 3779 2595 3780 2596 4280 2596 4276 2596 3780 2597 4276 2597 3782 2597 3783 2598 4277 2598 4273 2598 3783 2599 4273 2599 3848 2599 3849 2600 4274 2600 4270 2600 3849 2601 4270 2601 3851 2601 3852 2602 4271 2602 4267 2602 3852 2603 4267 2603 3854 2603 3855 2604 4268 2604 4128 2604 3855 2605 4128 2605 3857 2605 3858 2606 4129 2606 4414 2606 3858 2607 4414 2607 3843 2607 3844 2608 4415 2608 4397 2608 3845 2609 4398 2609 3786 2609 4452 2610 3957 2610 4454 2610 4455 2611 3958 2611 3954 2611 4455 2612 3954 2612 4457 2612 4458 2613 3955 2613 3951 2613 4458 2614 3951 2614 4460 2614 4461 2615 3952 2615 3948 2615 4461 2616 3948 2616 4463 2616 4464 2617 3949 2617 3945 2617 4464 2618 3945 2618 4466 2618 4467 2619 3946 2619 3942 2619 4467 2620 3942 2620 4469 2620 4470 2621 3943 2621 3939 2621 4470 2622 3939 2622 4472 2622 4473 2623 3940 2623 3935 2623 4474 2624 3936 2624 4351 2624 4352 2625 3937 2625 3932 2625 4352 2626 3932 2626 4356 2626 4357 2627 3933 2627 3929 2627 4357 2628 3929 2628 4376 2628 4377 2629 3930 2629 3925 2629 4377 2630 3925 2630 4379 2630 4380 2631 3926 2631 3921 2631 4380 2632 3921 2632 4382 2632 4383 2633 3922 2633 3974 2633 4383 2634 3974 2634 4385 2634 4386 2635 3975 2635 3971 2635 4386 2636 3971 2636 4388 2636 4389 2637 3972 2637 3968 2637 4389 2638 3968 2638 4391 2638 4392 2639 3969 2639 3964 2639 4392 2640 3964 2640 4394 2640 4395 2641 3965 2641 3960 2641 4395 2642 3960 2642 4039 2642 4040 2643 3961 2643 3785 2643 4041 2644 3787 2644 4399 2644 3957 2645 4452 2645 3978 2645 3977 2646 4451 2646 4448 2646 3977 2647 4448 2647 3981 2647 3982 2648 4449 2648 4445 2648 3982 2649 4445 2649 3985 2649 3986 2650 4446 2650 4442 2650 3986 2651 4442 2651 3988 2651 3989 2652 4443 2652 4439 2652 3989 2653 4439 2653 3991 2653 3992 2654 4440 2654 4436 2654 3992 2655 4436 2655 3994 2655 3995 2656 4437 2656 4433 2656 3995 2657 4433 2657 3997 2657 3998 2658 4434 2658 4430 2658 3998 2659 4430 2659 4000 2659 4001 2660 4431 2660 4238 2660 4001 2661 4238 2661 4003 2661 4004 2662 4239 2662 4264 2662 4004 2663 4264 2663 4006 2663 4007 2664 4265 2664 4684 2664 4007 2665 4684 2665 4009 2665 4011 2666 4685 2666 4681 2666 4010 2667 4680 2667 4013 2667 4014 2668 4682 2668 4677 2668 4014 2669 4677 2669 4016 2669 4018 2670 4678 2670 4674 2670 4017 2671 4673 2671 4020 2671 4021 2672 4675 2672 4670 2672 4021 2673 4670 2673 4023 2673 4024 2674 4671 2674 4667 2674 4024 2675 4667 2675 4026 2675 4027 2676 4668 2676 4664 2676 4027 2677 4664 2677 4029 2677 4030 2678 4665 2678 4118 2678 4030 2679 4118 2679 4032 2679 4033 2680 4119 2680 4688 2680 4033 2681 4688 2681 3861 2681 1283 2682 1390 2682 820 2682 821 2683 1391 2683 1859 2683 821 2684 1859 2684 1273 2684 1274 2685 1860 2685 1729 2685 1274 2686 1729 2686 1111 2686 1112 2687 1730 2687 1726 2687 1112 2688 1726 2688 1116 2688 1117 2689 1727 2689 1723 2689 1117 2690 1723 2690 1119 2690 1120 2691 1724 2691 1720 2691 1120 2692 1720 2692 1122 2692 1123 2693 1721 2693 1716 2693 1123 2694 1716 2694 1125 2694 1126 2695 1717 2695 1331 2695 1126 2696 1331 2696 764 2696 765 2697 1332 2697 1340 2697 765 2698 1340 2698 758 2698 1390 2699 1283 2699 1886 2699 1888 2700 1284 2700 1289 2700 1888 2701 1289 2701 1881 2701 1882 2702 1290 2702 1295 2702 1882 2703 1295 2703 1875 2703 1876 2704 1296 2704 1304 2704 1876 2705 1304 2705 1898 2705 1899 2706 1305 2706 1199 2706 1899 2707 1199 2707 1779 2707 1780 2708 1200 2708 1217 2708 1780 2709 1217 2709 1800 2709 1801 2710 1218 2710 1207 2710 1802 2711 1208 2711 1794 2711 1795 2712 1209 2712 770 2712 1795 2713 770 2713 1353 2713 1354 2714 771 2714 779 2714 1354 2715 779 2715 1356 2715 1357 2716 780 2716 824 2716 1358 2717 825 2717 1402 2717 1250 2718 1840 2718 1255 2718 1256 2719 1841 2719 1834 2719 1256 2720 1834 2720 1261 2720 1262 2721 1835 2721 1678 2721 1262 2722 1678 2722 1104 2722 1105 2723 1679 2723 1470 2723 1105 2724 1470 2724 847 2724 848 2725 1471 2725 1374 2725 848 2726 1374 2726 796 2726 798 2727 1375 2727 1811 2727 797 2728 1810 2728 1220 2728 1221 2729 1812 2729 1366 2729 1221 2730 1366 2730 782 2730 783 2731 1367 2731 1363 2731 783 2732 1363 2732 785 2732 787 2733 1364 2733 1401 2733 786 2734 1400 2734 823 2734 1840 2735 1250 2735 1847 2735 1845 2736 1249 2736 1240 2736 1845 2737 1240 2737 1824 2737 1825 2738 1241 2738 805 2738 1825 2739 805 2739 1387 2739 1388 2740 806 2740 1081 2740 1388 2741 1081 2741 1663 2741 1664 2742 1082 2742 1078 2742 1664 2743 1078 2743 1623 2743 1624 2744 1079 2744 1075 2744 1624 2745 1075 2745 1626 2745 1627 2746 1076 2746 1072 2746 1627 2747 1072 2747 1629 2747 1630 2748 1073 2748 1069 2748 1630 2749 1069 2749 1632 2749 1633 2750 1070 2750 767 2750 1633 2751 767 2751 1342 2751 1343 2752 768 2752 757 2752 1343 2753 757 2753 1339 2753</p>
        </triangles>
      </mesh>
    </geometry>
  </library_geometries>
  <library_visual_scenes>
    <visual_scene id="Scene" name="Scene">
      <node id="leg_b_003" name="leg_b.003" type="NODE">
        <matrix sid="transform">1 1.19209e-7 0 1.9984e-15 -1.19209e-7 1 0 1.67638e-8 0 0 1 -9.31323e-10 0 0 0 1</matrix>
        <instance_geometry url="#Leg_B_005-mesh" name="leg_b.003"/>
      </node>
    </visual_scene>
  </library_visual_scenes>
  <scene>
    <instance_visual_scene url="#Scene"/>
  </scene>
</COLLADA>